#x_m,y_m,w_tr
7.700000,2.750000,1.426155
7.749608,2.735546,1.392155
7.797288,2.716437,1.392155
7.846732,2.701586,1.426155
7.896410,2.687300,1.426155
7.946182,2.673242,1.392155
7.995954,2.659184,1.426155
8.045632,2.644899,1.426155
8.095380,2.630782,1.392155
8.145152,2.616724,1.426155
8.194830,2.602438,1.426155
8.244508,2.588152,1.392155
8.292188,2.569044,1.426155
8.341373,2.553568,1.443682
8.391051,2.539283,1.426155
8.438756,2.520233,1.392155
8.487777,2.504361,1.426155
8.537454,2.490076,1.443682
8.587132,2.475790,1.426155
8.636904,2.461732,1.392155
8.686582,2.447446,1.426155
8.736260,2.433161,1.426155
8.787911,2.423639,1.392155
8.838435,2.411395,1.426155
8.888113,2.397109,1.426155
8.937791,2.382823,1.392155
8.987563,2.368765,1.426155
9.037241,2.354480,1.426155
9.086919,2.340194,1.392155
9.134812,2.321600,1.392155
9.183644,2.305272,1.426155
9.233322,2.290987,1.426946
9.283000,2.276701,1.410209
9.332772,2.262643,1.392155
9.382450,2.248357,1.426155
9.432128,2.234072,1.426155
9.483590,2.224094,1.392155
9.534303,2.212306,1.426155
9.583980,2.198020,1.392155
9.633658,2.183734,1.375419
9.683430,2.169676,1.426155
9.733108,2.155391,1.426155
9.782786,2.141105,1.392155
9.830868,2.122966,1.392155
9.879512,2.106184,1.426155
9.929190,2.091898,1.426155
9.978868,2.077612,1.392155
10.028640,2.063554,1.426155
10.078318,2.049269,1.443682
10.127995,2.034983,1.426155
10.179269,2.024550,1.392155
10.230170,2.013217,1.426155
10.279848,1.998931,1.426155
10.329526,1.984645,1.392155
10.379298,1.970587,1.426155
10.428976,1.956302,1.426155
10.478654,1.942016,1.392155
10.526925,1.924333,1.426155
10.575379,1.907095,1.443682
10.625057,1.892809,1.426155
10.673492,1.875523,1.426155
10.721783,1.857888,1.392155
10.771461,1.843602,1.426155
10.821139,1.829316,1.426155
10.870911,1.815258,1.392155
10.920589,1.800973,1.426155
10.970267,1.786687,1.443682
11.020039,1.772629,1.375419
11.069717,1.758343,1.392155
11.119394,1.744058,1.426155
11.169072,1.729772,1.426155
11.218845,1.715714,1.392155
11.268522,1.701428,1.426155
11.318200,1.687142,1.426155
11.369027,1.675630,1.392155
11.420375,1.665376,1.426155
11.470053,1.651091,1.443682
11.519731,1.636805,1.426155
11.569503,1.622747,1.392155
11.619181,1.608461,1.426155
11.668859,1.594176,1.443682
11.717577,1.577573,1.426155
11.765584,1.559254,1.392155
11.815262,1.544969,1.426155
11.864940,1.530683,1.426155
11.914712,1.516625,1.392155
11.964390,1.502339,1.426155
12.014068,1.488054,1.426155
12.063840,1.473996,1.392155
12.113518,1.459710,1.426155
12.163196,1.445424,1.443682
12.212172,1.429445,1.426155
12.259921,1.410503,1.392155
12.309599,1.396217,1.426155
12.359277,1.381931,1.426155
12.409049,1.367874,1.375419
12.458727,1.353588,1.392155
12.508405,1.339302,1.426155
12.558784,1.326710,1.426155
12.610580,1.317536,1.392155
12.660258,1.303250,1.426155
12.709936,1.288965,1.426155
12.759708,1.274907,1.392155
12.809386,1.260621,1.426155
12.859064,1.246335,1.426155
12.908229,1.230812,1.392155
12.955909,1.211703,1.410209
13.005587,1.197418,1.426946
13.054916,1.182291,1.426155
13.102596,1.163182,1.375419
13.152274,1.148896,1.392155
13.201952,1.134611,1.426155
13.252143,1.121563,1.375419
13.304007,1.112555,1.392155
13.353685,1.098270,1.426155
13.403711,1.084825,1.426155
13.455575,1.075818,1.392155
13.505398,1.061880,1.426155
13.555075,1.047595,1.426155
13.604429,1.032527,1.392155
13.652110,1.013418,1.426155
13.701787,0.999133,1.426155
13.751465,0.984847,1.392155
13.801238,0.970789,1.392155
13.851010,0.956731,1.426155
13.900688,0.942445,1.426946
13.950460,0.928387,1.410209
14.000232,0.914329,1.392155
14.049910,0.900044,1.426155
14.099588,0.885758,1.426155
14.149360,0.871700,1.392155
14.199132,0.857642,1.426155
14.248810,0.843356,1.426155
14.298582,0.829298,1.392155
14.348355,0.815241,1.426155
14.398032,0.800955,1.426155
14.447710,0.786669,1.392155
14.495390,0.767560,1.392155
14.544735,0.752471,1.426155
14.594413,0.738185,1.426155
14.644185,0.724127,1.375419
14.693958,0.710069,1.392155
14.743635,0.695783,1.426155
14.793313,0.681498,1.426155
14.845178,0.672491,1.392155
14.895377,0.659464,1.426155
14.945055,0.645179,1.392155
14.994774,0.630992,1.375419
15.046638,0.621984,1.426946
15.096768,0.608790,1.426155
15.144571,0.589979,1.392155
15.191401,0.568817,1.392155
15.240558,0.553272,1.426155
15.290235,0.538987,1.426155
15.339913,0.524701,1.392155
15.387593,0.505592,1.426155
15.436819,0.490216,1.443682
15.488372,0.480455,1.426155
15.538994,0.468450,1.392155
15.588672,0.454164,1.426155
15.638350,0.439878,1.392155
15.688028,0.425593,1.375419
15.737800,0.411535,1.426155
15.787478,0.397249,1.392155
15.835470,0.378894,1.375419
15.884203,0.362328,1.426155
15.933881,0.348042,1.426155
15.983559,0.333756,1.392155
16.031481,0.315232,1.392155
16.080285,0.298835,1.426155
16.129963,0.284549,1.426155
16.181326,0.274333,1.392155
16.232137,0.262783,1.426155
16.281815,0.248497,1.392155
16.331493,0.234212,1.375419
16.381265,0.220154,1.426155
16.430943,0.205868,1.426155
16.480621,0.191582,1.392155
16.528802,0.173683,1.426155
16.577346,0.156661,1.443682
16.627024,0.142375,1.426155
16.675369,0.124872,1.392155
16.723750,0.107454,1.392155
16.773428,0.093168,1.426155
16.823106,0.078883,1.426155
16.872878,0.064825,1.392155
16.922556,0.050539,1.426155
16.972234,0.036253,1.392155
17.022006,0.022195,1.375419
17.071684,0.007910,1.392155
17.121362,-0.006376,1.426155
17.171039,-0.020662,1.392155
17.220812,-0.034720,1.426155
17.270490,-0.049006,1.443682
17.319257,-0.065488,1.426155
17.367215,-0.083927,1.392155
17.416893,-0.098213,1.426155
17.466571,-0.112498,1.426155
17.515269,-0.129150,1.392155
17.563296,-0.147420,1.426155
17.612974,-0.161705,1.426155
17.662746,-0.175763,1.375419
17.712424,-0.190049,1.392155
17.762102,-0.204335,1.426155
17.811780,-0.218620,1.392155
17.862438,-0.230541,1.392155
17.913955,-0.240386,1.426155
17.963633,-0.254672,1.426155
18.014126,-0.266989,1.392155
18.066763,-0.274132,1.375419
18.119399,-0.281274,1.443682
18.172036,-0.288417,1.426155
18.223015,-0.299562,1.392155
18.273812,-0.311145,1.375419
18.326449,-0.318288,1.341946
18.379085,-0.325431,1.410209
18.429994,-0.336744,1.392155
18.479672,-0.351030,1.375419
18.529350,-0.365316,1.358682
18.580685,-0.375599,1.426946
18.633322,-0.382742,1.410209
18.685958,-0.389885,1.393473
18.738595,-0.397028,1.376736
18.792959,-0.400000,1.360000
18.847912,-0.401550,1.360000
18.900549,-0.408692,1.360000
18.953186,-0.415835,1.358682
19.005822,-0.422978,1.341946
19.058459,-0.430121,1.410209
19.111095,-0.437264,1.393473
19.163732,-0.444407,1.376736
19.217010,-0.450000,1.360000
19.270957,-0.446021,1.360000
19.323594,-0.438878,1.360000
19.376230,-0.431735,1.360000
19.428867,-0.424592,1.275000
19.481503,-0.417449,1.291736
19.534140,-0.410307,1.308473
19.586682,-0.402936,1.325209
19.638547,-0.393929,1.341946
19.691183,-0.386786,1.358682
19.743820,-0.379643,1.375419
19.796456,-0.372501,1.307155
19.848694,-0.364396,1.325209
19.898607,-0.350676,1.341946
19.948379,-0.336618,1.358682
19.998151,-0.322560,1.290419
20.047829,-0.308274,1.307155
20.097507,-0.293989,1.358419
20.147115,-0.279534,1.375419
20.194795,-0.260426,1.307155
20.242475,-0.241317,1.358419
20.289194,-0.219888,1.341946
20.336874,-0.200780,1.392155
20.382861,-0.177582,1.392155
20.426621,-0.149011,1.409682
20.470117,-0.119801,1.341946
20.513613,-0.090590,1.393209
20.557109,-0.061380,1.376736
20.599474,-0.029439,1.393209
20.640878,0.004822,1.409682
20.682282,0.039082,1.426155
20.723585,0.073585,1.426155
20.762897,0.112897,1.428000
20.802209,0.152209,1.428000
20.840170,0.192080,1.426155
20.874431,0.233484,1.376736
20.908692,0.274888,1.409682
20.942953,0.316292,1.393209
20.972736,0.359551,1.376736
21.001946,0.403047,1.393209
21.031156,0.446542,1.409682
21.059727,0.490303,1.358419
21.088938,0.533799,1.392155
21.117120,0.577721,1.341946
21.141279,0.623309,1.409682
21.169917,0.667042,1.358419
21.199127,0.710538,1.392155
21.224182,0.755755,1.341946
21.245611,0.802474,1.358419
21.269770,0.848062,1.307155
21.291199,0.894781,1.375419
21.311034,0.942160,1.358419
21.325254,0.991866,1.392155
21.339312,1.041638,1.375419
21.353597,1.091316,1.358419
21.367883,1.140994,1.307155
21.376883,1.192861,1.375419
21.384598,1.245260,1.358682
21.397930,1.295334,1.341946
21.412215,1.345012,1.307155
21.421046,1.396949,1.290419
21.428189,1.449585,1.358682
21.435332,1.502222,1.341946
21.442475,1.554858,1.325209
21.451482,1.606723,1.308473
21.459580,1.658964,1.291736
21.466722,1.711600,1.275000
21.473865,1.764237,1.275000
21.481008,1.816873,1.360000
21.488151,1.869510,1.360000
21.495294,1.922147,1.360000
21.500000,1.975792,1.360000
21.500000,2.031388,1.360000
21.500000,2.086983,1.360000
21.500000,2.142578,1.360000
21.498489,2.197547,1.360000
21.491362,2.250190,1.360000
21.484219,2.302827,1.360000
21.477076,2.355464,1.360000
21.469933,2.408100,1.275000
21.462790,2.460737,1.291736
21.455648,2.513373,1.308473
21.450016,2.566636,1.325209
21.450000,2.622224,1.341946
21.445494,2.675953,1.375419
21.438351,2.728590,1.392155
21.431208,2.781226,1.410209
21.424066,2.833863,1.341946
21.416923,2.886499,1.358682
21.409591,2.939058,1.375419
21.396643,2.989290,1.392155
21.386863,3.040834,1.410209
21.379720,3.093470,1.426946
21.372220,3.145959,1.358682
21.359103,3.196121,1.375419
21.344818,3.245799,1.392155
21.330721,3.295555,1.426155
21.321714,3.347419,1.375419
21.308429,3.397512,1.392155
21.294143,3.447189,1.426155
21.280215,3.497016,1.392155
21.271208,3.548880,1.392155
21.257754,3.598902,1.426155
21.238684,3.646598,1.392155
21.217782,3.693536,1.392155
21.202495,3.742799,1.426155
21.188210,3.792477,1.426155
21.168971,3.840103,1.375419
21.148238,3.887110,1.392155
21.133120,3.936444,1.426155
21.119062,3.986216,1.375419
21.104776,4.035894,1.392155
21.090491,4.085572,1.392155
21.076205,4.135250,1.375419
21.062147,4.185022,1.392155
21.044663,4.233375,1.426155
21.023235,4.280094,1.392155
21.006362,4.328701,1.426155
20.992077,4.378379,1.426155
20.974424,4.426662,1.375419
20.952996,4.473381,1.375419
20.936292,4.522057,1.392155
20.922234,4.571830,1.358419
20.907948,4.621508,1.375419
20.893663,4.671185,1.392155
20.876803,4.719797,1.392155
20.858741,4.767911,1.375419
20.844456,4.817589,1.392155
20.827993,4.866365,1.426155
20.809534,4.914314,1.392155
20.795249,4.963992,1.426155
20.779182,5.012932,1.426155
20.760327,5.060718,1.392155
20.745222,5.110056,1.426155
20.724501,5.157069,1.358682
20.705250,5.204690,1.375419
20.690542,5.254193,1.392155
20.670217,5.301369,1.358419
20.650570,5.348826,1.392155
20.636284,5.398504,1.426155
20.622226,5.448276,1.375419
20.608168,5.498048,1.392155
20.593882,5.547726,1.426155
20.574774,5.595406,1.375419
20.559384,5.644627,1.392155
20.545098,5.694305,1.426155
20.525963,5.741974,1.392155
20.505126,5.788938,1.392155
20.486017,5.836618,1.426155
20.464589,5.883337,1.392155
20.448406,5.932230,1.426155
20.434120,5.981907,1.426155
20.415778,6.029905,1.392155
20.399199,6.078633,1.426155
20.381819,6.127029,1.392155
20.364278,6.175358,1.392155
20.349992,6.225036,1.426155
20.333008,6.273597,1.426155
20.311580,6.320316,1.375419
20.294207,6.368715,1.392155
20.277620,6.417440,1.426155
20.259286,6.465441,1.375419
20.243660,6.514564,1.392155
20.222419,6.561360,1.358419
20.203688,6.609197,1.375419
20.189403,6.658875,1.392155
20.173608,6.707928,1.358419
20.154500,6.755608,1.392155
20.140214,6.805286,1.426155
20.126156,6.855058,1.426155
20.112098,6.904830,1.375419
20.097662,6.954446,1.392155
20.077610,7.001735,1.392155
20.057690,7.049079,1.392155
20.043386,7.098750,1.426155
20.023730,7.146203,1.375419
20.003414,7.193383,1.392155
19.988713,7.242889,1.426155
19.969605,7.290569,1.375419
19.953942,7.339677,1.392155
19.939657,7.389355,1.426155
19.920794,7.437137,1.375419
19.904735,7.486080,1.392155
19.890450,7.535758,1.426155
19.871983,7.583705,1.392155
19.855528,7.632484,1.426155
19.841243,7.682162,1.426155
19.823173,7.730272,1.392155
19.806321,7.778887,1.426155
19.789213,7.827396,1.392155
19.767785,7.874115,1.375419
19.750537,7.922566,1.392155
19.733825,7.971239,1.426155
19.712397,8.017958,1.375419
19.693288,8.065639,1.392155
19.671922,8.112384,1.358419
19.653316,8.160272,1.392155
19.639030,8.209950,1.426155
19.623112,8.258951,1.375419
19.604109,8.306675,1.392155
19.589152,8.356075,1.426155
19.570043,8.403755,1.358682
19.555695,8.453407,1.375419
19.541134,8.502971,1.392155
19.520958,8.550209,1.358419
19.501162,8.597605,1.409682
19.486877,8.647283,1.426155
19.467768,8.694963,1.375419
19.452626,8.744286,1.392155
19.433808,8.792087,1.426155
19.412654,8.838920,1.375419
19.397116,8.888079,1.392155
19.382831,8.937757,1.426155
19.363844,8.985487,1.375419
19.347909,9.034482,1.392155
19.333624,9.084160,1.392155
19.319566,9.133932,1.392155
19.305280,9.183610,1.426155
19.287651,9.231903,1.392155
19.266223,9.278623,1.426155
19.247114,9.326303,1.426155
19.225685,9.373022,1.426155
19.204257,9.419741,1.375419
19.185148,9.467421,1.392155
19.163720,9.514141,1.358419
19.145634,9.562244,1.375419
19.131348,9.611922,1.392155
19.117290,9.661695,1.358419
19.103005,9.711372,1.392155
19.088719,9.761050,1.426155
19.074661,9.810823,1.375419
19.060375,9.860500,1.392155
19.045294,9.909849,1.426155
19.024597,9.956871,1.375419
19.005322,10.004482,1.392155
18.990638,10.053995,1.426155
18.970337,10.101181,1.375419
18.950666,10.148628,1.392155
18.936378,10.198305,1.426155
18.917269,10.245985,1.375419
18.902252,10.295360,1.392155
18.887966,10.345038,1.426155
18.868857,10.392718,1.375419
18.853443,10.441929,1.392155
18.839158,10.491607,1.426155
18.820049,10.539287,1.375419
18.804239,10.588333,1.392155
18.789953,10.638011,1.426155
18.771238,10.685855,1.375419
18.755032,10.734737,1.392155
18.737279,10.782978,1.426155
18.715850,10.829698,1.375419
18.699247,10.878416,1.392155
18.684961,10.928093,1.392155
18.667040,10.976265,1.392155
18.650040,11.024819,1.392155
18.633080,11.073389,1.426155
18.615119,11.121545,1.375419
18.600833,11.171222,1.392155
18.584270,11.219957,1.426155
18.562841,11.266676,1.375419
18.545048,11.314901,1.392155
18.528881,11.363800,1.426155
18.510127,11.411627,1.375419
18.495841,11.461305,1.392155
18.480071,11.510368,1.392155
18.460962,11.558048,1.375419
18.446676,11.607726,1.392155
18.431303,11.656953,1.426155
18.412194,11.704633,1.392155
18.397782,11.754258,1.426155
18.377753,11.801558,1.426155
18.357810,11.848892,1.392155
18.338701,11.896572,1.426155
18.317272,11.943291,1.375419
18.296932,11.990461,1.392155
18.277823,12.038141,1.426155
18.256521,12.084913,1.392155
18.237412,12.132593,1.426155
18.215984,12.179312,1.392155
18.199336,12.228012,1.426155
18.182024,12.276436,1.392155
18.159096,12.322534,1.375419
18.134937,12.368122,1.392155
18.112971,12.414619,1.358419
18.088811,12.460207,1.392155
18.067383,12.506926,1.358419
18.040763,12.551495,1.392155
18.015217,12.596509,1.358419
17.991058,12.642097,1.392155
17.966898,12.687685,1.358419
17.938864,12.731668,1.392155
17.916446,12.777977,1.358419
17.892711,12.823741,1.358419
17.868552,12.869329,1.341946
17.840727,12.913399,1.393209
17.811517,12.956895,1.376736
17.782307,13.000391,1.409682
17.751920,13.043400,1.426155
17.715918,13.084082,1.428000
17.676606,13.123394,1.428000
17.637294,13.162706,1.428000
17.597983,13.202017,1.428000
17.558671,13.241329,1.426155
17.519359,13.280641,1.409682
17.477805,13.314540,1.409682
17.434309,13.343750,1.392155
17.390813,13.372961,1.393209
17.347318,13.402171,1.409682
17.302376,13.427892,1.392155
17.255109,13.447997,1.392155
17.207429,13.467106,1.358419
17.160710,13.488534,1.392155
17.115122,13.512694,1.358419
17.068651,13.534722,1.392155
17.020971,13.553831,1.358419
16.974252,13.575259,1.392155
16.927532,13.596688,1.392155
16.879852,13.615797,1.375419
16.833133,13.637225,1.426155
16.784899,13.654996,1.392155
16.736009,13.671185,1.375419
16.688173,13.689917,1.426155
16.638495,13.704203,1.392155
16.588817,13.718489,1.375419
16.539045,13.732547,1.426155
16.489367,13.746832,1.426155
16.439689,13.761118,1.392155
16.389917,13.775176,1.426155
16.340239,13.789462,1.443682
16.290561,13.803747,1.426946
16.240884,13.818033,1.410209
16.190347,13.830247,1.426946
16.137711,13.837390,1.443682
16.086306,13.847507,1.443682
16.035935,13.860117,1.426946
15.983298,13.867260,1.410209
15.930661,13.874403,1.393473
15.878025,13.881546,1.443682
15.825388,13.888689,1.445000
15.774522,13.900105,1.426946
15.723612,13.911417,1.410209
15.670976,13.918559,1.393473
15.618339,13.925702,1.443682
15.565702,13.932845,1.445000
15.515140,13.944996,1.445000
15.465462,13.959281,1.443682
15.414014,13.969293,1.426946
15.361378,13.976436,1.393473
15.308741,13.983579,1.410209
15.256391,13.991413,1.426946
15.206366,14.004862,1.443682
15.154614,14.014140,1.445000
15.101978,14.021283,1.443682
15.049341,14.028426,1.360000
14.996705,14.035569,1.376736
14.944068,14.042712,1.393473
14.891146,14.049164,1.410209
14.837189,14.053120,1.426946
14.784553,14.060263,1.443682
14.731916,14.067406,1.445000
14.679280,14.074549,1.445000
14.626643,14.081692,1.360000
14.574006,14.088835,1.376736
14.521370,14.095977,1.393473
14.467441,14.100000,1.410209
14.414144,14.105550,1.426946
14.361508,14.112693,1.443682
14.308871,14.119835,1.445000
14.256235,14.126978,1.376736
14.203598,14.134121,1.393473
14.150962,14.141264,1.410209
14.098325,14.148407,1.426946
14.043390,14.150000,1.443682
13.989008,14.152929,1.445000
13.936371,14.160071,1.445000
13.883735,14.167214,1.445000
13.831098,14.174357,1.443682
13.778462,14.181500,1.410209
13.725825,14.188643,1.426946
13.674940,14.200013,1.445000
13.624049,14.211371,1.445000
13.571412,14.218513,1.445000
13.518776,14.225656,1.360000
13.466139,14.232799,1.360000
13.413503,14.239942,1.376736
13.361063,14.247561,1.393473
13.309199,14.256568,1.410209
13.256562,14.263711,1.426946
13.203926,14.270854,1.443682
13.151289,14.277997,1.360000
13.098653,14.285139,1.360000
13.046016,14.292282,1.360000
12.993182,14.298949,1.376736
12.938023,14.300000,1.393473
12.882427,14.300000,1.410209
12.828504,14.304036,1.426946
12.775867,14.311179,1.443682
12.723231,14.318322,1.443682
12.670594,14.325464,1.393473
12.617958,14.332607,1.410209
12.565321,14.339750,1.426946
12.512685,14.346893,1.443682
12.458728,14.350849,1.445000
12.405811,14.357315,1.445000
12.353174,14.364458,1.445000
12.300538,14.371601,1.445000
12.247901,14.378743,1.410209
12.195265,14.385886,1.426946
12.143518,14.395178,1.443682
12.093489,14.408614,1.445000
12.041133,14.416434,1.445000
11.988496,14.423577,1.445000
11.935860,14.430720,1.360000
11.883223,14.437863,1.360000
11.830586,14.445006,1.376736
11.778722,14.454013,1.393473
11.726086,14.461156,1.410209
11.673449,14.468299,1.443682
11.620812,14.475441,1.360000
11.568176,14.482584,1.360000
11.515539,14.489727,1.360000
11.462903,14.496870,1.360000
11.408604,14.500000,1.376736
11.353009,14.500000,1.393473
11.298224,14.501957,1.410209
11.245588,14.509100,1.426946
11.192951,14.516243,1.443682
11.140315,14.523385,1.443682
11.087678,14.530528,1.392155
11.035042,14.537671,1.410209
10.982405,14.544814,1.426946
10.928958,14.550000,1.443682
10.873363,14.550000,1.445000
10.819819,14.554952,1.445000
10.767182,14.562094,1.445000
10.714545,14.569237,1.445000
10.661909,14.576380,1.426946
10.609301,14.583593,1.443682
10.559020,14.596421,1.445000
10.509342,14.610707,1.445000
10.457613,14.620041,1.445000
10.404976,14.627184,1.360000
10.352340,14.634326,1.360000
10.299703,14.641469,1.376736
10.247839,14.650476,1.393473
10.195806,14.659077,1.410209
10.143169,14.666220,1.426946
10.090533,14.673362,1.443682
10.037896,14.680505,1.360000
9.985260,14.687648,1.360000
9.932623,14.694791,1.360000
9.879186,14.700000,1.376736
9.823591,14.700000,1.410209
9.767995,14.700000,1.426946
9.714676,14.705494,1.443682
9.662039,14.712637,1.445000
9.609403,14.719779,1.443682
9.556766,14.726922,1.376736
9.504130,14.734065,1.393473
9.451493,14.741208,1.410209
9.398856,14.748351,1.426946
9.344900,14.752307,1.443682
9.292264,14.759450,1.445000
9.239627,14.766593,1.445000
9.186990,14.773736,1.445000
9.134354,14.780879,1.410209
9.081717,14.788022,1.426946
9.029081,14.795164,1.443682
8.977216,14.804172,1.445000
8.924580,14.811314,1.445000
8.871943,14.818457,1.445000
8.819307,14.825600,1.360000
8.766670,14.832743,1.376736
8.714034,14.839886,1.393473
8.663663,14.852500,1.410209
8.612257,14.862614,1.426946
8.559621,14.869756,1.443682
8.506984,14.876899,1.360000
8.454348,14.884042,1.360000
8.401711,14.891185,1.360000
8.349075,14.898328,1.376736
8.294172,14.900000,1.393473
8.238577,14.900000,1.410209
8.184396,14.903415,1.426946
8.131760,14.910558,1.443682
8.079123,14.917700,1.443682
8.026487,14.924843,1.426946
7.973850,14.931986,1.393473
7.921213,14.939129,1.410209
7.868577,14.946272,1.426946
7.814620,14.950228,1.443682
7.761446,14.956072,1.445000
7.708810,14.963215,1.445000
7.656173,14.970358,1.445000
7.603536,14.977501,1.410209
7.550900,14.984644,1.426946
7.498263,14.991787,1.443682
7.446399,15.000794,1.445000
7.394300,15.009235,1.445000
7.341664,15.016378,1.445000
7.289027,15.023521,1.445000
7.236391,15.030664,1.360000
7.183754,15.037807,1.376736
7.132523,15.048341,1.393473
7.081978,15.060535,1.410209
7.029341,15.067677,1.426946
6.976705,15.074820,1.443682
6.924068,15.081963,1.360000
6.871432,15.089106,1.360000
6.818795,15.096249,1.376736
6.764754,15.100000,1.393473
6.709159,15.100000,1.410209
6.654117,15.101336,1.426946
6.601401,15.108287,1.443682
6.548764,15.115430,1.443682
6.496128,15.122573,1.426946
6.443491,15.129716,1.360000
6.390855,15.136859,1.376736
6.338218,15.144002,1.393473
6.285028,15.149809,1.410209
6.231072,15.153765,1.426946
6.178435,15.160908,1.443682
6.125799,15.168051,1.445000
6.073162,15.175194,1.376736
6.020526,15.182337,1.393473
5.967889,15.189479,1.410209
5.915253,15.196622,1.426946
5.861296,15.200579,1.443682
5.808267,15.206773,1.445000
5.755630,15.213916,1.445000
5.702994,15.221059,1.445000
5.650357,15.228202,1.360000
5.597721,15.235345,1.376736
5.545084,15.242488,1.393473
5.493220,15.251495,1.410209
5.440976,15.259586,1.426946
5.388340,15.266729,1.443682
5.335703,15.273872,1.445000
5.283067,15.281014,1.360000
5.230430,15.288157,1.360000
5.177793,15.295300,1.360000
5.124145,15.300000,1.393473
5.068550,15.300000,1.410209
5.015207,15.305438,1.426946
4.962570,15.312581,1.443682
4.909934,15.319723,1.445000
4.857297,15.326866,1.360000
4.804661,15.334009,1.360000
4.752024,15.341152,1.360000
4.699388,15.348295,1.376736
4.644499,15.350000,1.393473
4.590070,15.352817,1.410209
4.537434,15.359959,1.426946
4.484797,15.367102,1.443682
4.432161,15.374245,1.445000
4.379524,15.381388,1.360000
4.326887,15.388531,1.376736
4.274251,15.395674,1.410209
4.220448,15.400000,1.426946
4.164933,15.400195,1.443682
4.111745,15.406007,1.445000
4.059109,15.413149,1.445000
4.006472,15.420292,1.443682
3.953836,15.427435,1.376736
3.901199,15.434578,1.393473
3.848563,15.441721,1.410209
3.796698,15.450728,1.426946
3.744613,15.459202,1.443682
3.691977,15.466345,1.445000
3.639340,15.473488,1.443682
3.586704,15.480631,1.376736
3.534067,15.487774,1.393473
3.481431,15.494917,1.410209
3.427941,15.500000,1.426946
3.374205,15.504489,1.445000
3.321569,15.511632,1.443682
3.268932,15.518775,1.426946
3.216296,15.525918,1.376736
3.163659,15.533061,1.393473
3.111022,15.540203,1.410209
3.058691,15.548084,1.426946
3.006827,15.557091,1.443682
2.954191,15.564234,1.443682
2.901554,15.571377,1.426946
2.848917,15.578519,1.393473
2.796890,15.587134,1.410209
2.747190,15.601364,1.426946
2.697206,15.614912,1.443682
2.644897,15.622844,1.443682
2.592260,15.629987,1.392155
2.540537,15.639335,1.410209
2.490859,15.653621,1.426946
2.440572,15.666435,1.443682
2.387958,15.673634,1.445000
2.336305,15.683151,1.392155
2.286627,15.697436,1.410209
2.236949,15.711722,1.426946
2.186358,15.723803,1.443682
2.134775,15.733488,1.360000
2.085097,15.747774,1.376736
2.035419,15.762060,1.393473
1.984758,15.773971,1.410209
1.932121,15.781114,1.341946
1.880842,15.791534,1.358682
1.831164,15.805819,1.375419
1.781392,15.819877,1.392155
1.731714,15.834163,1.341946
1.682036,15.848449,1.358682
1.633153,15.864653,1.375419
1.586434,15.886081,1.307155
1.538357,15.904233,1.358419
1.489310,15.920041,1.392155
1.441630,15.939150,1.358419
1.392184,15.953996,1.375419
1.345064,15.974458,1.392155
1.299476,15.998617,1.358419
1.252757,16.020046,1.409682
1.207565,16.045162,1.392155
1.163174,16.072211,1.409682
1.117586,16.096371,1.409682
1.074090,16.125581,1.393209
1.030594,16.154791,1.393209
0.987098,16.184002,1.376736
0.944896,16.216334,1.426155
0.903492,16.250595,1.428000
0.862983,16.287017,1.428000
0.823671,16.326329,1.428000
0.784360,16.365640,1.428000
0.745048,16.404952,1.428000
0.705736,16.444264,1.426155
0.666640,16.483665,1.409682
0.632379,16.525069,1.376736
0.598118,16.566473,1.393209
0.563857,16.607877,1.376736
0.529596,16.649280,1.393209
0.497152,16.691437,1.409682
0.467941,16.734933,1.392155
0.439370,16.778693,1.392155
0.410160,16.822189,1.358419
0.380949,16.865685,1.409682
0.356790,16.911273,1.392155
0.332631,16.956861,1.392155
0.311202,17.003580,1.392155
0.287043,17.049168,1.392155
0.265614,17.095887,1.392155
0.241455,17.141476,1.358419
0.219919,17.188150,1.392155
0.195759,17.233738,1.375419
0.173262,17.280015,1.392155
0.151834,17.326734,1.392155
0.132725,17.374414,1.392155
0.111296,17.421133,1.392155
0.092188,17.468814,1.392155
0.070759,17.515533,1.392155
0.051650,17.563213,1.392155
0.030879,17.610205,1.358419
0.009451,17.656924,1.392155
-0.014709,17.702512,1.375419
-0.036137,17.749231,1.392155
-0.060297,17.794819,1.392155
-0.081725,17.841538,1.392155
-0.102285,17.888617,1.426155
-0.121393,17.936298,1.392155
-0.142822,17.983017,1.392155
-0.161931,18.030697,1.392155
-0.183359,18.077416,1.392155
-0.200226,18.126025,1.426155
-0.217319,18.174540,1.426155
-0.238747,18.221259,1.375419
-0.257856,18.268939,1.392155
-0.279285,18.315659,1.358419
-0.297510,18.363705,1.392155
-0.313244,18.412782,1.426155
-0.334595,18.459534,1.375419
-0.353703,18.507214,1.392155
-0.374092,18.554364,1.426155
-0.393676,18.601848,1.375419
-0.408052,18.651488,1.392155
-0.428044,18.698802,1.358419
-0.448024,18.746121,1.392155
-0.462388,18.795767,1.426155
-0.481496,18.843447,1.375419
-0.496822,18.892694,1.392155
-0.515456,18.940571,1.426155
-0.536794,18.987328,1.392155
-0.552516,19.036411,1.426155
-0.570754,19.084452,1.392155
-0.592182,19.131171,1.392155
-0.611291,19.178851,1.426155
-0.632719,19.225570,1.375419
-0.649799,19.274090,1.375419
-0.664085,19.323768,1.392155
-0.681530,19.372138,1.358419
-0.699006,19.420494,1.392155
-0.715490,19.469262,1.426155
-0.733928,19.517219,1.375419
-0.749449,19.566385,1.392155
-0.770586,19.613225,1.426155
-0.792015,19.659945,1.375419
-0.811124,19.707625,1.392155
-0.831865,19.754629,1.358419
-0.851096,19.802258,1.375419
-0.865824,19.851753,1.392155
-0.884933,19.899433,1.358419
-0.899510,19.948990,1.392155
-0.913842,19.998649,1.426155
-0.932950,20.046329,1.392155
-0.947924,20.095722,1.426155
-0.962210,20.145400,1.426155
-0.981318,20.193080,1.375419
-0.996688,20.242309,1.392155
-1.015278,20.290204,1.426155
-1.036660,20.336942,1.375419
-1.052427,20.386007,1.392155
-1.070620,20.434066,1.392155
-1.092049,20.480785,1.392155
-1.108211,20.529685,1.426155
-1.126008,20.577909,1.392155
-1.143133,20.626411,1.426155
-1.159968,20.675033,1.426155
-1.181396,20.721752,1.358682
-1.200505,20.769432,1.375419
-1.221934,20.816151,1.392155
-1.243362,20.862871,1.358419
-1.262471,20.910551,1.392155
-1.283564,20.957409,1.358419
-1.302672,21.005089,1.392155
-1.322803,21.052346,1.426155
-1.342644,21.099723,1.392155
-1.361814,21.147378,1.426155
-1.383242,21.194097,1.392155
-1.407402,21.239685,1.426155
-1.429166,21.286265,1.375419
-1.453326,21.331853,1.392155
-1.477485,21.377441,1.358419
-1.505963,21.421240,1.358419
-1.529651,21.467024,1.341946
-1.552116,21.513313,1.392155
-1.576276,21.558902,1.358419
-1.602830,21.603497,1.392155
-1.632041,21.646993,1.358419
-1.659179,21.691348,1.409682
-1.683338,21.736936,1.392155
-1.713020,21.780236,1.392155
-1.747281,21.821640,1.358419
-1.776491,21.865136,1.341946
-1.805701,21.908632,1.393209
-1.834912,21.952128,1.376736
-1.866194,21.994766,1.393209
-1.900455,22.036169,1.409682
-1.934716,22.077573,1.426155
-1.968977,22.118977,1.426155
-2.008289,22.158289,1.426155
-2.048520,22.195381,1.409682
-2.089924,22.229642,1.393209
-2.131849,22.262645,1.376736
-2.175344,22.291856,1.393209
-2.218963,22.320770,1.393209
-2.264908,22.344068,1.409682
-2.312588,22.363177,1.358419
-2.359349,22.384505,1.392155
-2.404937,22.408664,1.358419
-2.451656,22.430093,1.392155
-2.497244,22.454252,1.358419
-2.543963,22.475681,1.392155
-2.590682,22.497110,1.375419
-2.637992,22.517112,1.358682
-2.685673,22.536220,1.426155
-2.734676,22.552133,1.410209
-2.784354,22.566419,1.392155
-2.835918,22.576151,1.426155
-2.886529,22.588185,1.392155
-2.936207,22.602471,1.375419
-2.985885,22.616757,1.358682
-3.035657,22.630815,1.426946
-3.085335,22.645100,1.410209
-3.135013,22.659386,1.392155
-3.182993,22.677770,1.410209
-3.231738,22.694307,1.426946
-3.281416,22.708593,1.426946
-3.331094,22.722879,1.410209
-3.380866,22.736937,1.392155
-3.430544,22.751222,1.426155
-3.480222,22.765508,1.443682
-3.531597,22.775696,1.375419
-3.584234,22.782838,1.392155
-3.636870,22.789981,1.426155
-3.687201,22.802690,1.443682
-3.738647,22.812709,1.445000
-3.791283,22.819852,1.443682
-3.843871,22.827113,1.410209
-3.894132,22.839991,1.426946
-3.943810,22.854277,1.443682
-3.993487,22.868563,1.443682
-4.045471,22.877282,1.376736
-4.098107,22.884425,1.393473
-4.150157,22.892986,1.410209
-4.199929,22.907044,1.426946
-4.251982,22.915595,1.443682
-4.304619,22.922738,1.426946
-4.357255,22.929880,1.392155
-4.409000,22.939175,1.410209
-4.458678,22.953461,1.426946
-4.508943,22.966329,1.443682
-4.561535,22.973580,1.426946
-4.613210,22.983044,1.392155
-4.662888,22.997330,1.426155
-4.712566,23.011615,1.443682
-4.763135,23.023749,1.445000
-4.815772,23.030892,1.392155
-4.867143,23.041089,1.410209
-4.916821,23.055375,1.426946
-4.967460,23.067340,1.443682
-5.020097,23.074483,1.445000
-5.072733,23.081626,1.376736
-5.125370,23.088769,1.410209
-5.176203,23.100265,1.426946
-5.227146,23.111496,1.443682
-5.279782,23.118639,1.426946
-5.332419,23.125782,1.392155
-5.385056,23.132925,1.410209
-5.435585,23.145155,1.426946
-5.485263,23.159441,1.443682
-5.536744,23.169373,1.426946
-5.589380,23.176516,1.392155
-5.641932,23.183864,1.410209
-5.692157,23.196829,1.426946
-5.741835,23.211114,1.443682
-5.793620,23.220313,1.443682
-5.846102,23.227830,1.392155
-5.896257,23.240963,1.410209
-5.945935,23.255248,1.426946
-5.995698,23.269329,1.443682
-6.047787,23.277793,1.375419
-6.100424,23.284936,1.392155
-6.152367,23.293752,1.410209
-6.202200,23.307663,1.426946
-6.254359,23.315959,1.443682
-6.306996,23.323102,1.443682
-6.359632,23.330245,1.392155
-6.411272,23.339795,1.410209
-6.460949,23.354080,1.426946
-6.511320,23.366693,1.443682
-6.563957,23.373836,1.426946
-6.616593,23.380979,1.376736
-6.667929,23.391263,1.393473
-6.717607,23.405548,1.410209
-6.768282,23.417427,1.426946
-6.820918,23.424570,1.443682
-6.872184,23.435022,1.375419
-6.921862,23.449308,1.392155
-6.971540,23.463594,1.426155
-7.022519,23.474738,1.443682
-7.075155,23.481881,1.392155
-7.127792,23.489024,1.410209
-7.178519,23.500776,1.426946
-7.229568,23.511752,1.443682
-7.282204,23.518895,1.443682
-7.334841,23.526038,1.392155
-7.387478,23.533180,1.410209
-7.437901,23.545666,1.426946
-7.487579,23.559952,1.443682
-7.539166,23.569629,1.426946
-7.591802,23.576771,1.392155
-7.644248,23.584375,1.410209
-7.694368,23.597595,1.426946
-7.744045,23.611880,1.443682
-7.795936,23.620823,1.443682
-7.848312,23.628596,1.376736
-7.898362,23.641984,1.393473
-7.948040,23.656270,1.410209
-7.997908,23.670095,1.426946
-8.050103,23.678304,1.358682
-8.102175,23.686810,1.375419
-8.151921,23.700932,1.392155
-8.201859,23.714588,1.426155
-8.254124,23.722629,1.443682
-8.306761,23.729771,1.375419
-8.359397,23.736914,1.392155
-8.410931,23.746720,1.410209
-8.461174,23.759642,1.426946
-8.513742,23.766948,1.443682
-8.566379,23.774091,1.426946
-8.619015,23.781234,1.392155
-8.670245,23.791773,1.410209
-8.719923,23.806059,1.426946
-8.770704,23.817682,1.443682
-8.823340,23.824825,1.426946
-8.874500,23.835533,1.376736
-8.924178,23.849819,1.393473
-8.973856,23.864104,1.410209
-9.024941,23.874994,1.426946
-9.077577,23.882137,1.375419
-9.128433,23.893579,1.392155
-9.178111,23.907864,1.426155
-9.229265,23.918585,1.443682
-9.281902,23.925728,1.375419
-9.334538,23.932871,1.392155
-9.385090,23.945046,1.410209
-9.434768,23.959332,1.426946
-9.486227,23.969319,1.443682
-9.538863,23.976462,1.375419
-9.591500,23.983604,1.392155
-9.643840,23.991463,1.410209
-9.693853,24.004938,1.426946
-9.745616,24.014191,1.443682
-9.798253,24.021334,1.426946
-9.850889,24.028477,1.360000
-9.902925,24.037070,1.376736
-9.952635,24.051279,1.393473
-10.002609,24.064848,1.410209
-10.054910,24.072802,1.426946
-10.106876,24.081563,1.358682
-10.156554,24.095849,1.375419
-10.206232,24.110135,1.392155
-10.256510,24.122970,1.426155
-10.309115,24.130190,1.358682
-10.361752,24.137333,1.375419
-10.413179,24.147394,1.392155
-10.463528,24.160061,1.426155
-10.516164,24.167204,1.443682
-10.568801,24.174346,1.443682
-10.621437,24.181489,1.392155
-10.672561,24.192284,1.410209
-10.722239,24.206570,1.426946
-10.773126,24.217938,1.443682
-10.825762,24.225080,1.376736
-10.878399,24.232223,1.393473
-10.929219,24.243752,1.410209
-10.978897,24.258037,1.426946
-11.030087,24.268671,1.426946
-11.082724,24.275814,1.375419
-11.133474,24.287512,1.392155
-11.183152,24.301797,1.410209
-11.232829,24.316083,1.426946
-11.284324,24.325983,1.358682
-11.336960,24.333126,1.375419
-11.389499,24.340506,1.392155
-11.439711,24.353503,1.426155
-11.491275,24.363234,1.460419
-11.543911,24.370377,1.443682
-11.596548,24.377520,1.410209
-11.648782,24.385634,1.426946
-11.698690,24.399364,1.443682
-11.748466,24.413412,1.443682
-11.800569,24.421845,1.426946
-11.853205,24.428987,1.376736
-11.905136,24.437836,1.393473
-11.954813,24.452121,1.410209
-12.004894,24.465436,1.426946
-12.057300,24.473134,1.426946
-12.109160,24.482151,1.375419
-12.158838,24.496437,1.392155
-12.208516,24.510722,1.410209
-12.258900,24.523303,1.426946
-12.311537,24.530446,1.358682
-12.364174,24.537588,1.375419
-12.415496,24.547904,1.392155
-12.465950,24.560316,1.426155
-12.518586,24.567459,1.445000
-12.571223,24.574602,1.443682
-12.623859,24.581745,1.410209
-12.674878,24.592795,1.426946
-12.724555,24.607080,1.443682
-12.775548,24.618193,1.426946
-12.828184,24.625336,1.393473
-12.880821,24.632479,1.410209
-12.931535,24.644262,1.426946
-12.981213,24.658548,1.443682
-13.032509,24.668927,1.426946
-13.085146,24.676070,1.376736
-13.135790,24.688022,1.393473
-13.185468,24.702308,1.410209
-13.235146,24.716594,1.426946
-13.286746,24.726238,1.358682
-13.339382,24.733381,1.375419
-13.389723,24.746068,1.392155
-13.439401,24.760353,1.426155
-13.491071,24.769829,1.445000
-13.543707,24.776972,1.392155
-13.596344,24.784115,1.410209
-13.648472,24.792485,1.426946
-13.698274,24.806470,1.443682
-13.750249,24.815212,1.443682
-13.802885,24.822355,1.426946
-13.855522,24.829498,1.393473
-13.907346,24.838602,1.410209
-13.957024,24.852887,1.426946
-14.007210,24.865946,1.443682
-14.059722,24.873389,1.426946
-14.112359,24.880532,1.376736
-14.163879,24.890370,1.393473
-14.213557,24.904655,1.410209
-14.264047,24.916980,1.426946
-14.316684,24.924123,1.426946
-14.368134,24.934129,1.375419
-14.417812,24.948415,1.392155
-14.467490,24.962701,1.426155
-14.518284,24.974292,1.443682
-14.570920,24.981435,1.375419
-14.623557,24.988578,1.392155
-14.674469,24.999883,1.426155
-14.725333,25.011305,1.445000
-14.777970,25.018448,1.443682
-14.830606,25.025591,1.393473
-14.883243,25.032734,1.410209
-14.933851,25.044773,1.426946
-14.983529,25.059059,1.443682
-15.034931,25.069182,1.426946
-15.087568,25.076325,1.376736
-15.140204,25.083468,1.393473
-15.192601,25.091190,1.410209
-15.242671,25.104529,1.426946
-15.294377,25.113918,1.426946
-15.346938,25.121244,1.410209
-15.397172,25.134186,1.392155
-15.446850,25.148471,1.426155
-15.496528,25.162757,1.443682
-15.546446,25.176463,1.375419
-15.598690,25.184553,1.392155
-15.650713,25.193179,1.410209
-15.700485,25.207236,1.426946
-15.752565,25.215723,1.443682
-15.805201,25.222866,1.445000
-15.857838,25.230009,1.392155
-15.910474,25.237152,1.410209
-15.961959,25.247076,1.426946
-16.012251,25.259879,1.443682
-16.064869,25.267067,1.426946
-16.117505,25.274210,1.410209
-16.170142,25.281353,1.393473
-16.221322,25.292011,1.410209
-16.271000,25.306296,1.426946
-16.321830,25.317801,1.443682
-16.374467,25.324944,1.426946
-16.425577,25.335771,1.410209
-16.475255,25.350056,1.426946
-16.524933,25.364342,1.426946
-16.576067,25.375112,1.375419
-16.628703,25.382255,1.392155
-16.679510,25.393816,1.410209
-16.729188,25.408102,1.426946
-16.780392,25.418704,1.443682
-16.833028,25.425846,1.375419
-16.885665,25.432989,1.392155
-16.938260,25.440233,1.410209
-16.988528,25.453093,1.426946
-17.040036,25.462961,1.443682
-17.092672,25.470104,1.426946
-17.145309,25.477246,1.392155
-17.197945,25.484389,1.410209
-17.250002,25.492932,1.426946
-17.299774,25.506990,1.443682
-17.351820,25.515559,1.426946
-17.404457,25.522702,1.410209
-17.457093,25.529845,1.410209
-17.508846,25.539122,1.426946
-17.558524,25.553407,1.443682
-17.608782,25.566293,1.443682
-17.661366,25.573563,1.426946
-17.714002,25.580705,1.393473
-17.765451,25.590716,1.410209
-17.815129,25.605002,1.426946
-17.865690,25.617154,1.443682
-17.918327,25.624296,1.443682
-17.970964,25.631439,1.392155
-18.022108,25.642184,1.426155
-18.071786,25.656470,1.443682
-18.122652,25.667888,1.445000
-18.175288,25.675030,1.393473
-18.227925,25.682173,1.410209
-18.280561,25.689316,1.426946
-18.331168,25.701360,1.443682
-18.382338,25.712044,1.443682
-18.434974,25.719187,1.426946
-18.487611,25.726330,1.410209
-18.540240,25.733491,1.426946
-18.590542,25.746269,1.443682
-18.640220,25.760555,1.443682
-18.691928,25.769939,1.426946
-18.744564,25.777082,1.393473
-18.796889,25.784978,1.410209
-18.846888,25.798490,1.426946
-18.896573,25.812756,1.443682
-18.948585,25.821407,1.443682
-19.001222,25.828550,1.392155
-19.053242,25.837180,1.410209
-19.102937,25.851425,1.426946
-19.152927,25.864958,1.443682
-19.205243,25.872875,1.443682
-19.257879,25.880018,1.392155
-19.310516,25.887161,1.410209
-19.361998,25.897090,1.426946
-19.412292,25.909889,1.443682
-19.464912,25.917072,1.443682
-19.517548,25.924214,1.426946
-19.570185,25.931357,1.410209
-19.621364,25.942020,1.426946
-19.671041,25.956306,1.443682
-19.721873,25.967805,1.443682
-19.774510,25.974948,1.426946
-19.827146,25.982091,1.410209
-19.878021,25.993488,1.426946
-19.927699,26.007773,1.443682
-19.978835,26.018539,1.443682
-20.031471,26.025682,1.376736
-20.084108,26.032825,1.393473
-20.134678,26.044956,1.410209
-20.184356,26.059241,1.426946
-20.235796,26.069273,1.443682
-20.288433,26.076416,1.375419
-20.341025,26.083665,1.392155
-20.391292,26.096529,1.426155
-20.440970,26.110815,1.443682
-20.492714,26.120113,1.443682
-20.545350,26.127256,1.392155
-20.597987,26.134398,1.410209
-20.650041,26.142946,1.426946
-20.699814,26.157004,1.443682
-20.751861,26.165568,1.443682
-20.804498,26.172711,1.426946
-20.857135,26.179854,1.393473
-20.909771,26.186997,1.410209
-20.961288,26.196843,1.426946
-21.011547,26.209724,1.443682
-21.064133,26.216989,1.426946
-21.116770,26.224132,1.410209
-21.168217,26.234148,1.393473
-21.217894,26.248433,1.410209
-21.267572,26.262719,1.426946
-21.318370,26.274301,1.443682
-21.371007,26.281444,1.375419
-21.422149,26.292193,1.392155
-21.471827,26.306479,1.426155
-21.522695,26.317892,1.443682
-21.575332,26.325035,1.392155
-21.627968,26.332178,1.410209
-21.680605,26.339321,1.426946
-21.731209,26.351369,1.443682
-21.782381,26.362048,1.443682
-21.835017,26.369191,1.426946
-21.887654,26.376334,1.393473
-21.940291,26.383477,1.410209
-21.992683,26.391208,1.426946
-22.042750,26.404556,1.443682
-22.094460,26.413936,1.426946
-22.147096,26.421079,1.410209
-22.199733,26.428222,1.393473
-22.251821,26.436687,1.410209
-22.301584,26.450769,1.426946
-22.351506,26.464466,1.443682
-22.403753,26.472547,1.426946
-22.455772,26.481181,1.392155
-22.505465,26.495431,1.426155
-22.555143,26.509717,1.443682
-22.605369,26.522680,1.445000
-22.657920,26.530027,1.392155
-22.710557,26.537170,1.410209
-22.762038,26.547103,1.426946
-22.812333,26.559898,1.443682
-22.864955,26.567076,1.445000
-22.917592,26.574219,1.443682
-22.970228,26.581362,1.376736
-23.022865,26.588505,1.393473
-23.073807,26.599737,1.410209
-23.124641,26.611232,1.426946
-23.177278,26.618375,1.410209
-23.229914,26.625518,1.392155
-23.282551,26.632661,1.410209
-23.333189,26.644627,1.426946
-23.382867,26.658913,1.443682
-23.434239,26.669109,1.426946
-23.486875,26.676252,1.392155
-23.537444,26.688387,1.426155
-23.587122,26.702673,1.443682
-23.636800,26.716958,1.445000
-23.688476,26.726421,1.392155
-23.741112,26.733564,1.410209
-23.793469,26.741382,1.426946
-23.843500,26.754816,1.443682
-23.895245,26.764109,1.445000
-23.947882,26.771252,1.443682
-24.000518,26.778395,1.393473
-24.053155,26.785538,1.410209
-24.104974,26.794655,1.426946
-24.154931,26.808266,1.443682
-24.207215,26.816260,1.426946
-24.259852,26.823403,1.410209
-24.312488,26.830546,1.393473
-24.364003,26.840397,1.410209
-24.413681,26.854683,1.426946
-24.464176,26.866994,1.443682
-24.516813,26.874137,1.426946
-24.568258,26.884157,1.392155
-24.617936,26.898442,1.410209
-24.667614,26.912728,1.426946
-24.718413,26.924306,1.443682
-24.771050,26.931448,1.375419
-24.823686,26.938591,1.392155
-24.874593,26.949910,1.426155
-24.925463,26.961319,1.445000
-24.978099,26.968462,1.443682
-25.030736,26.975605,1.393473
-25.083372,26.982748,1.410209
-25.136009,26.989890,1.426946
-25.186377,27.002509,1.443682
-25.237785,27.012618,1.426946
-25.290422,27.019761,1.410209
-25.343058,27.026904,1.393473
-25.395449,27.034640,1.410209
-25.445514,27.047992,1.426946
-25.495192,27.062278,1.443682
-25.547137,27.071088,1.426946
-25.599458,27.078993,1.392155
-25.649453,27.092514,1.410209
-25.699131,27.106799,1.426946
-25.749055,27.120492,1.443682
-25.801304,27.128568,1.375419
-25.853941,27.135711,1.392155
-25.905724,27.144915,1.426155
-25.955717,27.158439,1.443682
-26.008037,27.166347,1.445000
-26.060673,27.173490,1.443682
-26.113310,27.180632,1.393473
-26.165946,27.187775,1.410209
-26.217191,27.198278,1.426946
-26.267723,27.210503,1.443682
-26.320359,27.217646,1.426946
-26.372996,27.224789,1.410209
-26.425632,27.231932,1.410209
-26.476573,27.243168,1.426946
-26.526251,27.257454,1.443682
-26.577321,27.268380,1.426946
-26.629957,27.275523,1.392155
-26.682594,27.282665,1.410209
-26.733231,27.294636,1.426946
-26.782908,27.308922,1.443682
-26.834282,27.319114,1.443682
-26.886919,27.326257,1.392155
-26.937485,27.338396,1.410209
-26.987163,27.352682,1.426946
-27.036841,27.366967,1.443682
-27.088519,27.376425,1.375419
-27.141155,27.383568,1.392155
-27.193792,27.390711,1.410209
-27.245913,27.399099,1.426946
-27.297777,27.408106,1.443682
-27.350414,27.415249,1.443682
-27.403050,27.422392,1.426155
-27.455687,27.429535,1.410209
-27.507504,27.438656,1.426946
-27.557181,27.452942,1.443682
-27.607375,27.465983,1.426946
-27.659895,27.473408,1.410209
-27.712531,27.480550,1.393473
-27.764044,27.490406,1.410209
-27.813722,27.504692,1.426946
-27.864220,27.516999,1.443682
-27.916856,27.524141,1.443682
-27.968299,27.534166,1.392155
-28.017977,27.548452,1.410209
-28.067655,27.562737,1.426946
-28.118456,27.574310,1.443682
-28.171093,27.581453,1.375419
-28.223730,27.588596,1.392155
-28.274634,27.599919,1.410209
-28.325506,27.611324,1.443682
-28.378142,27.618466,1.443682
-28.430779,27.625609,1.392155
-28.483415,27.632752,1.410209
-28.534016,27.644810,1.426946
-28.583694,27.659095,1.443682
-28.635104,27.669200,1.426946
-28.687740,27.676343,1.392155
-28.740363,27.683519,1.410209
-28.790660,27.696310,1.426946
-28.840338,27.710596,1.443682
-28.892052,27.719967,1.443682
-28.944688,27.727110,1.376736
-28.997007,27.735019,1.393473
-29.047000,27.748544,1.410209
-29.096691,27.762797,1.426946
-29.148709,27.771435,1.443682
-29.201346,27.778577,1.375419
-29.253982,27.785720,1.392155
-29.305763,27.794929,1.410209
-29.355758,27.808448,1.426946
-29.408080,27.816351,1.443682
-29.460717,27.823494,1.426946
-29.513353,27.830637,1.392155
-29.564830,27.840579,1.426155
-29.614508,27.854865,1.443682
-29.665041,27.867085,1.443682
-29.717678,27.874228,1.426946
-29.770314,27.881371,1.393473
-29.821487,27.892047,1.410209
-29.871165,27.906333,1.426946
-29.922003,27.917819,1.443682
-29.974639,27.924962,1.443682
-30.027276,27.932105,1.393473
-30.078145,27.943515,1.410209
-30.127823,27.957801,1.426946
-30.178964,27.968553,1.443682
-30.231601,27.975696,1.375419
-30.284237,27.982839,1.392155
-30.334802,27.994983,1.410209
-30.384480,28.009269,1.426946
-30.435926,28.019287,1.443682
-30.488562,28.026430,1.375419
-30.539057,28.038743,1.392155
-30.588735,28.053028,1.426155
-30.638413,28.067314,1.443682
-30.690162,28.076599,1.375419
-30.742799,28.083741,1.392155
-30.795082,28.091737,1.410209
-30.845039,28.105349,1.426946
-30.896858,28.114465,1.443682
-30.949495,28.121608,1.443682
-31.002131,28.128751,1.376736
-31.054111,28.137481,1.393473
-31.103788,28.151766,1.410209
-31.153820,28.165199,1.426946
-31.206177,28.173016,1.426946
-31.258814,28.180158,1.375419
-31.310489,28.189622,1.392155
-31.360167,28.203908,1.410209
-31.410502,28.216607,1.426946
-31.463139,28.223749,1.443682
-31.515775,28.230892,1.375419
-31.567146,28.241090,1.392155
-31.616824,28.255376,1.426155
-31.667463,28.267341,1.443682
-31.720100,28.274483,1.443682
-31.772736,28.281626,1.392155
-31.823804,28.292558,1.410209
-31.873482,28.306844,1.426946
-31.924425,28.318074,1.443682
-31.977061,28.325217,1.376736
-32.029698,28.332360,1.393473
-32.080461,28.344026,1.410209
-32.130139,28.358311,1.426946
-32.181386,28.368808,1.443682
-32.234023,28.375951,1.375419
-32.286659,28.383094,1.392155
-32.339211,28.390443,1.410209
-32.389436,28.403407,1.426946
-32.440987,28.413170,1.443682
-32.493623,28.420313,1.426946
-32.546105,28.427831,1.392155
-32.596260,28.440964,1.410209
-32.645938,28.455250,1.426946
-32.695701,28.469330,1.443682
-32.747790,28.477794,1.375419
-32.799968,28.486045,1.392155
-32.849819,28.499912,1.426155
-32.899652,28.513823,1.443682
-32.951811,28.522119,1.445000
-33.004448,28.529261,1.376736
-33.057084,28.536404,1.393473
-33.108724,28.545955,1.410209
-33.158861,28.559132,1.426946
-33.211324,28.566693,1.443682
-33.263960,28.573836,1.426946
-33.316597,28.580979,1.392155
-33.367932,28.591263,1.410209
-33.417610,28.605549,1.426946
-33.468285,28.617427,1.443682
-33.520922,28.624570,1.426946
-33.572187,28.635023,1.392155
-33.621865,28.649309,1.410209
-33.671543,28.663594,1.426946
-33.722522,28.674739,1.443682
-33.775158,28.681882,1.392155
-33.826120,28.693069,1.426155
-33.875798,28.707354,1.443682
-33.926847,28.718330,1.445000
-33.979483,28.725473,1.376736
-34.032120,28.732616,1.393473
-34.084756,28.739758,1.410209
-34.135180,28.752244,1.426946
-34.186533,28.762486,1.443682
-34.239169,28.769629,1.426946
-34.291806,28.776772,1.392155
-34.344442,28.783915,1.410209
-34.396654,28.792084,1.426946
-34.446539,28.805869,1.443682
-34.498430,28.814812,1.426946
-34.550806,28.822584,1.410209
-34.600855,28.835973,1.410209
-34.650533,28.850259,1.426946
-34.700211,28.864544,1.443682
-34.750314,28.877804,1.375419
-34.802178,28.886811,1.392155
-34.851924,28.900933,1.426155
-34.901862,28.914589,1.443682
-34.954127,28.922629,1.445000
-35.006764,28.929772,1.376736
-35.058532,28.939013,1.393473
-35.108209,28.953298,1.410209
-35.158452,28.966220,1.426946
-35.211021,28.973526,1.443682
-35.263658,28.980669,1.375419
-35.316294,28.987812,1.392155
-35.367524,28.998352,1.410209
-35.418071,29.010540,1.426946
-35.470707,29.017683,1.443682
-35.523344,29.024825,1.426946
-35.574503,29.035534,1.392155
-35.624181,29.049819,1.410209
-35.673859,29.064105,1.426946
-35.724944,29.074994,1.443682
-35.777580,29.082137,1.392155
-35.828436,29.093579,1.410209
-35.878114,29.107865,1.426946
-35.929269,29.118585,1.443682
-35.981905,29.125728,1.375419
-36.034542,29.132871,1.392155
-36.085094,29.145047,1.426155
-36.134771,29.159333,1.443682
-36.186230,29.169319,1.443682
-36.238867,29.176462,1.376736
-36.291503,29.183605,1.393473
-36.344140,29.190748,1.410209
-36.396245,29.199172,1.426946
-36.448110,29.208179,1.426946
-36.500746,29.215322,1.410209
-36.553383,29.222465,1.393473
-36.606019,29.229608,1.410209
-36.658656,29.236751,1.426946
-36.711292,29.243894,1.443682
-36.763157,29.252901,1.426946
-36.815692,29.260289,1.410209
-36.868328,29.267432,1.393473
-36.920965,29.274575,1.376736
-36.973601,29.281717,1.443682
-37.026238,29.288860,1.443682
-37.077033,29.300448,1.426946
-37.128014,29.311588,1.410209
-37.180651,29.318731,1.393473
-37.233287,29.325874,1.443682
-37.285924,29.333017,1.445000
-37.338560,29.340159,1.445000
-37.391197,29.347302,1.443682
-37.445675,29.350000,1.426946
-37.501270,29.350000,1.410209
-37.556865,29.350000,1.393473
-37.612460,29.350000,1.376736
-37.666598,29.353519,1.360000
-37.719234,29.360662,1.360000
-37.771871,29.367805,1.360000
-37.824507,29.374948,1.360000
-37.877144,29.382091,1.445000
-37.929780,29.389234,1.445000
-37.982417,29.396377,1.445000
-38.036373,29.399667,1.445000
-38.089504,29.393718,1.445000
-38.142141,29.386575,1.445000
-38.194778,29.379432,1.445000
-38.247414,29.372289,1.360000
-38.300051,29.365147,1.360000
-38.352687,29.358004,1.360000
-38.405462,29.351194,1.360000
-38.460562,29.350000,1.376736
-38.516158,29.350000,1.393473
-38.570140,29.346107,1.410209
-38.622777,29.338964,1.426946
-38.675413,29.331821,1.445000
-38.728050,29.324678,1.376736
-38.780686,29.317536,1.393473
-38.833323,29.310393,1.410209
-38.885959,29.303250,1.426946
-38.939916,29.299293,1.443682
-38.992892,29.292971,1.443682
-39.045529,29.285828,1.426946
-39.098165,29.278685,1.410209
-39.150439,29.270667,1.410209
-39.200387,29.257033,1.426946
-39.250065,29.242747,1.443682
-39.297745,29.223639,1.375419
-39.347083,29.208533,1.392155
-39.396761,29.194247,1.426155
-39.446439,29.179961,1.426155
-39.496211,29.165903,1.375419
-39.545983,29.151845,1.392155
-39.595661,29.137560,1.426155
-39.647526,29.128552,1.426155
-39.697732,29.115543,1.375419
-39.747410,29.101257,1.392155
-39.795056,29.082066,1.392155
-39.842043,29.061285,1.392155
-39.891357,29.046120,1.426155
-39.939167,29.027325,1.392155
-39.985990,29.006148,1.426155
-40.033670,28.987039,1.392155
-40.080390,28.965610,1.392155
-40.128070,28.946502,1.392155
-40.174789,28.925073,1.392155
-40.220836,28.902021,1.375419
-40.266464,28.877958,1.392155
-40.312909,28.855868,1.358419
-40.358497,28.831708,1.409682
-40.405216,28.810280,1.392155
-40.450804,28.786120,1.409682
-40.497523,28.764692,1.392155
-40.543111,28.740532,1.392155
-40.589830,28.719104,1.392155
-40.635419,28.694944,1.392155
-40.681779,28.672651,1.409682
-40.727492,28.648791,1.358419
-40.773080,28.624631,1.392155
-40.817098,28.596683,1.392155
-40.860594,28.567472,1.392155
-40.904355,28.538901,1.392155
-40.947851,28.509691,1.409682
-40.990574,28.478614,1.358419
-41.031977,28.444353,1.376736
-41.073381,28.410093,1.376736
-41.114785,28.375832,1.393209
-41.157655,28.345111,1.409682
-41.199715,28.312434,1.409682
-41.241119,28.278173,1.376736
-41.282523,28.243912,1.376736
-41.323927,28.209651,1.376736
-41.365331,28.175390,1.393209
-41.406735,28.141129,1.409682
-41.446672,28.103328,1.426155
-41.485984,28.064016,1.428000
-41.525296,28.024704,1.428000
-41.564607,27.985393,1.428000
-41.603919,27.946081,1.428000
-41.643231,27.906769,1.428000
-41.682543,27.867457,1.428000
-41.721854,27.828146,1.428000
-41.761166,27.788834,1.428000
-41.800478,27.749522,1.426155
-41.838686,27.709753,1.409682
-41.872947,27.668349,1.376736
-41.907208,27.626946,1.393209
-41.941469,27.585542,1.376736
-41.975730,27.544138,1.376736
-42.009991,27.502734,1.393209
-42.043075,27.460843,1.409682
-42.073389,27.417804,1.358419
-42.107434,27.376311,1.392155
-42.136644,27.332815,1.358419
-42.165855,27.289319,1.409682
-42.190195,27.243806,1.393209
-42.214355,27.198218,1.392155
-42.239691,27.153117,1.409682
-42.268901,27.109621,1.358419
-42.297473,27.065861,1.392155
-42.325264,27.021777,1.392155
-42.349423,26.976189,1.392155
-42.377994,26.932428,1.358419
-42.402154,26.886840,1.409682
-42.426313,26.841252,1.392155
-42.445422,26.793572,1.392155
-42.465385,26.746246,1.358419
-42.486814,26.699527,1.392155
-42.510973,26.653939,1.375419
-42.532402,26.607219,1.392155
-42.552807,26.560077,1.392155
-42.571916,26.512396,1.358419
-42.593283,26.465652,1.392155
-42.612392,26.417972,1.358419
-42.633821,26.371253,1.392155
-42.650534,26.322580,1.375419
-42.664819,26.272902,1.358682
-42.682631,26.224685,1.426155
-42.699741,26.176177,1.426155
-42.714026,26.126499,1.392155
-42.724955,26.075430,1.375419
-42.735792,26.024324,1.392155
-42.750078,25.974646,1.375419
-42.764364,25.924968,1.358682
-42.778422,25.875196,1.443682
-42.792707,25.825518,1.426946
-42.806993,25.775840,1.410209
-42.821279,25.726163,1.392155
-42.831870,25.674954,1.443682
-42.839013,25.622318,1.426946
-42.850753,25.571585,1.410209
-42.861740,25.520541,1.392155
-42.868883,25.467905,1.375419
-42.876026,25.415268,1.443682
-42.883169,25.362632,1.426946
-42.890312,25.309995,1.410209
-42.897455,25.257359,1.393473
-42.900000,25.202818,1.376736
-42.900000,25.147223,1.360000
-42.900000,25.091627,1.360000
-42.900000,25.036032,1.360000
-42.903672,24.981958,1.360000
-42.910815,24.929321,1.360000
-42.917957,24.876685,1.360000
-42.925100,24.824048,1.445000
-42.932243,24.771412,1.445000
-42.939386,24.718775,1.445000
-42.946529,24.666139,1.445000
-42.950000,24.611981,1.445000
-42.950000,24.556386,1.445000
-42.950000,24.500791,1.445000
-42.950000,24.445196,1.445000
-42.950000,24.389600,1.445000
-42.950000,24.334005,1.445000
-42.950000,24.278410,1.443682
-42.950000,24.222815,1.410209
-42.950000,24.167220,1.393473
-42.950000,24.111624,1.376736
-42.950000,24.056029,1.360000
-42.950000,24.000434,1.360000
-42.950000,23.944839,1.360000
-42.950000,23.889243,1.360000
-42.953347,23.835035,1.360000
-42.960490,23.782398,1.360000
-42.967633,23.729762,1.360000
-42.974776,23.677125,1.360000
-42.981919,23.624489,1.308473
-42.989062,23.571852,1.325209
-42.996205,23.519216,1.341946
-43.005212,23.467351,1.358682
-43.012355,23.414715,1.375419
-43.019497,23.362078,1.392155
-43.026640,23.309442,1.325209
-43.034113,23.256942,1.341946
-43.047201,23.206768,1.358682
-43.061487,23.157090,1.375419
-43.075545,23.107318,1.307155
-43.089831,23.057640,1.341946
-43.104116,23.007962,1.358682
-43.118402,22.958284,1.375419
-43.137511,22.910604,1.307155
-43.156619,22.862924,1.358419
-43.178048,22.816205,1.307155
-43.197157,22.768524,1.358419
-43.218585,22.721805,1.409682
-43.241716,22.675791,1.341946
-43.270463,22.632103,1.393209
-43.299673,22.588607,1.376736
-43.328884,22.545111,1.376736
-43.360193,22.502485,1.409682
-43.394454,22.461081,1.426155
-43.429852,22.420148,1.428000
-43.469163,22.380837,1.428000
-43.508475,22.341525,1.428000
-43.547787,22.302213,1.428000
-43.587397,22.263620,1.426155
-43.628800,22.229359,1.376736
-43.670204,22.195098,1.409682
-43.711608,22.160837,1.393209
-43.754605,22.130423,1.409682
-43.798101,22.101213,1.426155
-43.841597,22.072003,1.409682
-43.884795,22.042073,1.376736
-43.926199,22.007812,1.393209
-43.969695,21.978602,1.393209
-44.013191,21.949392,1.409682
-44.055094,21.916335,1.392155
-44.097723,21.885032,1.376736
-44.141219,21.855822,1.393209
-44.184715,21.826612,1.341946
-44.228211,21.797402,1.358419
-44.269615,21.763141,1.376736
-44.312907,21.733439,1.392155
-44.356403,21.704228,1.409682
-44.398673,21.672060,1.393209
-44.440077,21.637799,1.376736
-44.481481,21.603538,1.393209
-44.522885,21.569277,1.376736
-44.564289,21.535016,1.409682
-44.603804,21.496196,1.426155
-44.643116,21.456884,1.428000
-44.682428,21.417572,1.426155
-44.721739,21.378261,1.426155
-44.756910,21.337234,1.409682
-44.786465,21.293881,1.393209
-44.815675,21.250385,1.393209
-44.841141,21.205338,1.409682
-44.865301,21.159750,1.358419
-44.886677,21.113009,1.392155
-44.902438,21.063942,1.358419
-44.920637,21.015885,1.307155
-44.942065,20.969166,1.375419
-44.958223,20.920263,1.358419
-44.972508,20.870585,1.307155
-44.986566,20.820813,1.375419
-45.000852,20.771135,1.358682
-45.015138,20.721457,1.341946
-45.025510,20.670159,1.410209
-45.032653,20.617522,1.393473
-45.044612,20.566880,1.376736
-45.058898,20.517202,1.360000
-45.069101,20.465834,1.358682
-45.076244,20.413197,1.426946
-45.083387,20.360561,1.410209
-45.096080,20.310223,1.393473
-45.110365,20.260545,1.376736
-45.119835,20.208872,1.360000
-45.126978,20.156236,1.445000
-45.134121,20.103599,1.445000
-45.141264,20.050963,1.445000
-45.148407,19.998326,1.445000
-45.152363,19.944370,1.443682
-45.159506,19.891733,1.426946
-45.166649,19.839097,1.410209
-45.173792,19.786460,1.393473
-45.180935,19.733824,1.445000
-45.188078,19.681187,1.445000
-45.195220,19.628551,1.445000
-45.200000,19.574935,1.445000
-45.200000,19.519340,1.445000
-45.200000,19.463745,1.445000
-45.200000,19.408150,1.445000
-45.200000,19.352554,1.445000
-45.200000,19.296959,1.445000
-45.200000,19.241364,1.445000
-45.200000,19.185769,1.445000
-45.200000,19.130174,1.445000
-45.200000,19.074578,1.445000
-45.200000,19.018983,1.445000
-45.200000,18.963388,1.445000
-45.200000,18.907793,1.445000
-45.200000,18.852197,1.445000
-45.200000,18.796602,1.445000
-45.200000,18.741007,1.445000
-45.200000,18.685412,1.445000
-45.200000,18.629817,1.445000
-45.200000,18.574221,1.445000
-45.200000,18.518626,1.445000
-45.200000,18.463031,1.445000
-45.200000,18.407436,1.445000
-45.200000,18.351841,1.445000
-45.200000,18.296245,1.445000
-45.200000,18.240650,1.445000
-45.200000,18.185055,1.445000
-45.200000,18.129460,1.445000
-45.200000,18.073865,1.445000
-45.200000,18.018269,1.445000
-45.200000,17.962674,1.445000
-45.200000,17.907079,1.445000
-45.200000,17.851484,1.445000
-45.200000,17.795888,1.445000
-45.200000,17.740293,1.445000
-45.200000,17.684698,1.445000
-45.200000,17.629103,1.445000
-45.200000,17.573508,1.445000
-45.200000,17.517912,1.445000
-45.200000,17.462317,1.445000
-45.200000,17.406722,1.445000
-45.200000,17.351127,1.445000
-45.200000,17.295532,1.445000
-45.200000,17.239936,1.445000
-45.200000,17.184341,1.445000
-45.200000,17.128746,1.445000
-45.204408,17.074977,1.445000
-45.211551,17.022340,1.445000
-45.218694,16.969703,1.445000
-45.225836,16.917067,1.360000
-45.232979,16.864430,1.360000
-45.240122,16.811794,1.360000
-45.247265,16.759157,1.360000
-45.250000,16.704695,1.360000
-45.250000,16.649100,1.360000
-45.250000,16.593505,1.360000
-45.250000,16.537909,1.360000
-45.250000,16.482314,1.360000
-45.250000,16.426719,1.360000
-45.250000,16.371124,1.360000
-45.250000,16.315528,1.360000
-45.250000,16.259933,1.360000
-45.250000,16.204338,1.360000
-45.250000,16.148743,1.360000
-45.250000,16.093148,1.360000
-45.250000,16.037552,1.360000
-45.250000,15.981957,1.360000
-45.250000,15.926362,1.360000
-45.250000,15.870767,1.360000
-45.250000,15.815172,1.360000
-45.250000,15.759576,1.360000
-45.250000,15.703981,1.360000
-45.250000,15.648386,1.360000
-45.250000,15.592791,1.360000
-45.250000,15.537196,1.360000
-45.250000,15.481600,1.360000
-45.250000,15.426005,1.360000
-45.250000,15.370410,1.360000
-45.250000,15.314815,1.376736
-45.250000,15.259219,1.393473
-45.250000,15.203624,1.410209
-45.250000,15.148029,1.426946
-45.250000,15.092434,1.443682
-45.250000,15.036839,1.445000
-45.250000,14.981243,1.445000
-45.250000,14.925648,1.445000
-45.250000,14.870053,1.445000
-45.250000,14.814458,1.445000
-45.250000,14.758863,1.445000
-45.250000,14.703267,1.445000
-45.250000,14.647672,1.445000
-45.250000,14.592077,1.445000
-45.250000,14.536482,1.445000
-45.253626,14.482389,1.445000
-45.260769,14.429752,1.445000
-45.267912,14.377116,1.445000
-45.275055,14.324479,1.360000
-45.282198,14.271842,1.360000
-45.289341,14.219206,1.360000
-45.296483,14.166569,1.360000
-45.300000,14.112431,1.360000
-45.300000,14.056836,1.360000
-45.300000,14.001240,1.360000
-45.300000,13.945645,1.360000
-45.300000,13.890050,1.360000
-45.300000,13.834455,1.376736
-45.300000,13.778859,1.393473
-45.300000,13.723264,1.426946
-45.300000,13.667669,1.443682
-45.300000,13.612074,1.445000
-45.300000,13.556479,1.445000
-45.300000,13.500883,1.445000
-45.300000,13.445288,1.445000
-45.300000,13.389693,1.445000
-45.300000,13.334098,1.445000
-45.300000,13.278503,1.445000
-45.300000,13.222907,1.445000
-45.300000,13.167312,1.445000
-45.300000,13.111717,1.445000
-45.300000,13.056122,1.445000
-45.300000,13.000527,1.445000
-45.300000,12.944931,1.445000
-45.300000,12.889336,1.445000
-45.300000,12.833741,1.445000
-45.300000,12.778146,1.445000
-45.300000,12.722550,1.445000
-45.300000,12.666955,1.445000
-45.300000,12.611360,1.445000
-45.300000,12.555765,1.445000
-45.300000,12.500170,1.445000
-45.300000,12.444574,1.445000
-45.300000,12.388979,1.445000
-45.300000,12.333384,1.445000
-45.300000,12.277789,1.445000
-45.300000,12.222194,1.445000
-45.300000,12.166598,1.445000
-45.300000,12.111003,1.445000
-45.300000,12.055408,1.445000
-45.300000,11.999813,1.445000
-45.300000,11.944218,1.445000
-45.300000,11.888622,1.445000
-45.300000,11.833027,1.445000
-45.300000,11.777432,1.445000
-45.300000,11.721837,1.445000
-45.300000,11.666242,1.445000
-45.300000,11.610646,1.445000
-45.300000,11.555051,1.445000
-45.300000,11.499456,1.445000
-45.300000,11.443861,1.445000
-45.300000,11.388265,1.445000
-45.300000,11.332670,1.445000
-45.300000,11.277075,1.445000
-45.300000,11.221480,1.445000
-45.300000,11.165885,1.445000
-45.300000,11.110289,1.445000
-45.300000,11.054694,1.445000
-45.300000,10.999099,1.445000
-45.300000,10.943504,1.445000
-45.297083,10.889117,1.445000
-45.289940,10.836480,1.445000
-45.282797,10.783844,1.445000
-45.275654,10.731207,1.445000
-45.268512,10.678571,1.360000
-45.261369,10.625934,1.360000
-45.254226,10.573298,1.360000
-45.250000,10.519453,1.360000
-45.250000,10.463858,1.360000
-45.250000,10.408262,1.360000
-45.248574,10.353258,1.360000
-45.241532,10.300580,1.376736
-45.234389,10.247943,1.393473
-45.227246,10.195307,1.410210
-45.220103,10.142670,1.341946
-45.212960,10.090033,1.358682
-45.203092,10.038526,1.375419
-45.190233,9.988257,1.392155
-45.182989,9.935662,1.410210
-45.175846,9.883026,1.426946
-45.165809,9.831588,1.358682
-45.151524,9.781910,1.375419
-45.137238,9.732232,1.392155
-45.125677,9.681426,1.426155
-45.115472,9.630058,1.375419
-45.099650,9.581016,1.392155
-45.078222,9.534297,1.426155
-45.059113,9.486617,1.375419
-45.038637,9.439503,1.392155
-45.017209,9.392783,1.358419
-44.995602,9.346138,1.375419
-44.971443,9.300550,1.307155
-44.951550,9.253194,1.358419
-44.937265,9.203517,1.392155
-44.918156,9.155836,1.358419
-44.899047,9.108156,1.392155
-44.875275,9.062408,1.358419
-44.846881,9.018574,1.392155
-44.822722,8.972986,1.409682
-44.794296,8.929165,1.409682
-44.760254,8.887670,1.392155
-44.729936,8.844633,1.393209
-44.700726,8.801137,1.409682
-44.671516,8.757641,1.393209
-44.641489,8.714483,1.376736
-44.607228,8.673080,1.393209
-44.572967,8.631676,1.376736
-44.538706,8.590272,1.409682
-44.500502,8.550502,1.426155
-44.461190,8.511190,1.428000
-44.421878,8.471878,1.428000
-44.382566,8.432566,1.428000
-44.343255,8.393255,1.428000
-44.303943,8.353943,1.428000
-44.264631,8.314631,1.428000
-44.225319,8.275319,1.428000
-44.186008,8.236008,1.428000
-44.145439,8.199730,1.426155
-44.104035,8.165469,1.409682
-44.062631,8.131208,1.376736
-44.021001,8.097493,1.393209
-43.977506,8.068282,1.358419
-43.934010,8.039072,1.409682
-43.888422,8.014913,1.393209
-43.844090,7.987719,1.392155
-43.800594,7.958509,1.409682
-43.755975,7.932010,1.358419
-43.710613,7.907305,1.392155
-43.666393,7.879844,1.341946
-43.620805,7.855685,1.358419
-43.576982,7.827263,1.358419
-43.530834,7.804456,1.392155
-43.483154,7.785347,1.375419
-43.436435,7.763919,1.392155
-43.388358,7.745767,1.392155
-43.338680,7.731481,1.358419
-43.288908,7.717423,1.392155
-43.239230,7.703137,1.358419
-43.190018,7.687726,1.307155
-43.142338,7.668618,1.375419
-43.092660,7.654332,1.358682
-43.042983,7.640046,1.341946
-42.993305,7.625761,1.307155
-42.942762,7.613562,1.375419
-42.891130,7.603995,1.358682
-42.840986,7.590834,1.341946
-42.788516,7.583290,1.325209
-42.735879,7.576147,1.308473
-42.683243,7.569004,1.376736
-42.630606,7.561861,1.360000
-42.577970,7.554718,1.358682
-42.526105,7.545711,1.341946
-42.473469,7.538568,1.308473
-42.420832,7.531426,1.291736
-42.368196,7.524283,1.360000
-42.315559,7.517140,1.360000
-42.262923,7.509997,1.360000
-42.210286,7.502854,1.360000
-42.155873,7.500000,1.360000
-42.100278,7.500000,1.360000
-42.044683,7.500000,1.360000
-41.989087,7.500000,1.360000
-41.933492,7.500000,1.360000
-41.877897,7.500000,1.360000
-41.824163,7.504494,1.360000
-41.771527,7.511636,1.360000
-41.718890,7.518779,1.360000
-41.666253,7.525922,1.291736
-41.613617,7.533065,1.308473
-41.560980,7.540208,1.325209
-41.508651,7.548093,1.341946
-41.456787,7.557100,1.358682
-41.404150,7.564243,1.360000
-41.351514,7.571385,1.376736
-41.298877,7.578528,1.308473
-41.246241,7.585671,1.325209
-41.194450,7.594855,1.341946
-41.144464,7.608399,1.358682
-41.092600,7.617406,1.375419
-41.042737,7.631244,1.307155
-40.993059,7.645530,1.358419
-40.943381,7.659816,1.375419
-40.894220,7.675349,1.307155
-40.846540,7.694458,1.358419
-40.796862,7.708744,1.375419
-40.747090,7.722802,1.392155
-40.697318,7.736860,1.358419
-40.647640,7.751145,1.392155
-40.600242,7.770937,1.392155
-40.553006,7.791117,1.375419
-40.505326,7.810226,1.392155
-40.458607,7.831655,1.358419
-40.413019,7.855814,1.392155
-40.367431,7.879974,1.358419
-40.323670,7.908545,1.392155
-40.277629,7.931611,1.307155
-40.231597,7.954698,1.358419
-40.186009,7.978858,1.341946
-40.141671,8.006034,1.392155
-40.098175,8.035245,1.358419
-40.053563,8.061761,1.409682
-40.008194,8.086449,1.393209
-39.965151,8.116753,1.376736
-39.923747,8.151014,1.376736
-39.882343,8.185275,1.376736
-39.840940,8.219536,1.393209
-39.799536,8.253797,1.409682
-39.759248,8.290752,1.426155
-39.719936,8.330064,1.428000
-39.680624,8.369376,1.428000
-39.641313,8.408687,1.428000
-39.602001,8.447999,1.428000
-39.562689,8.487311,1.428000
-39.523377,8.526623,1.426155
-39.488904,8.567938,1.426155
-39.454643,8.609342,1.409682
-39.420382,8.650746,1.393209
-39.388471,8.693123,1.376736
-39.359261,8.736619,1.393209
-39.330051,8.780115,1.341946
-39.300841,8.823611,1.409682
-39.271843,8.867195,1.393209
-39.242632,8.910691,1.392155
-39.213422,8.954187,1.409682
-39.184851,8.997947,1.358419
-39.155640,9.041443,1.392155
-39.128457,9.085779,1.341946
-39.106890,9.132441,1.358419
-39.082731,9.178029,1.307155
-39.060202,9.224292,1.392155
-39.041093,9.271972,1.375419
-39.019664,9.318691,1.409682
-39.001790,9.366883,1.392155
-38.985705,9.415815,1.375419
-38.964276,9.462535,1.426155
-38.946005,9.510562,1.392155
-38.930317,9.559658,1.375419
-38.911208,9.607339,1.426155
-38.896922,9.657016,1.392155
-38.882636,9.706694,1.358419
-38.870150,9.757117,1.392155
-38.863007,9.809754,1.375419
-38.853162,9.861271,1.358682
-38.840279,9.911530,1.341946
-38.833012,9.964115,1.325209
-38.825870,10.016752,1.308473
-38.818727,10.069389,1.376736
-38.811584,10.122025,1.360000
-38.804441,10.174662,1.360000
-38.800000,10.228417,1.341946
-38.794869,10.281887,1.325209
-38.787726,10.334524,1.308473
-38.780583,10.387160,1.291736
-38.773440,10.439797,1.360000
-38.766297,10.492433,1.360000
-38.759154,10.545070,1.360000
-38.752011,10.597706,1.360000
-38.750000,10.652468,1.360000
-38.752510,10.707024,1.360000
-38.759653,10.759660,1.360000
-38.766796,10.812297,1.360000
-38.773939,10.864933,1.376736
-38.781082,10.917570,1.308473
-38.788224,10.970207,1.325209
-38.795367,11.022843,1.341946
-38.804374,11.074707,1.358682
-38.811517,11.127344,1.360000
-38.818660,11.179980,1.376736
-38.825803,11.232617,1.308473
-38.832946,11.285254,1.325209
-38.845197,11.335774,1.341946
-38.859483,11.385452,1.358682
-38.869394,11.436942,1.375419
-38.881249,11.487627,1.307155
-38.895535,11.537305,1.358419
-38.909820,11.586982,1.392155
-38.924106,11.636660,1.426155
-38.938164,11.686432,1.358682
-38.952450,11.736110,1.375419
-38.970654,11.784165,1.392155
-38.987371,11.832836,1.358419
-39.001657,11.882514,1.392155
-39.019465,11.930733,1.392155
-39.040893,11.977452,1.375419
-39.060002,12.025132,1.392155
-39.081431,12.071851,1.307155
-39.100539,12.119531,1.358419
-39.122040,12.166221,1.392155
-39.149157,12.210584,1.358419
-39.174206,12.255803,1.409682
-39.200361,12.300565,1.392155
-39.226371,12.345386,1.358419
-39.251565,12.390546,1.392155
-39.280775,12.434042,1.358419
-39.309274,12.477832,1.409682
-39.332158,12.523949,1.341946
-39.355427,12.569905,1.392155
-39.379587,12.615493,1.358419
-39.406946,12.659756,1.392155
-39.436156,12.703252,1.358419
-39.462490,12.747939,1.409682
-39.487360,12.793233,1.392155
-39.517846,12.836200,1.392155
-39.551719,12.877765,1.409682
-39.580930,12.921261,1.341946
-39.610140,12.964757,1.393209
-39.634308,13.010341,1.376736
-39.661344,13.054738,1.393209
-39.690554,13.098234,1.392155
-39.717211,13.142788,1.358419
-39.741758,13.188215,1.392155
-39.769376,13.232370,1.358419
-39.793536,13.277958,1.392155
-39.822107,13.321719,1.392155
-39.845071,13.367802,1.392155
-39.864180,13.415482,1.358419
-39.885608,13.462201,1.392155
-39.903918,13.510212,1.375419
-39.918204,13.559890,1.358419
-39.930332,13.610462,1.392155
-39.939970,13.662065,1.375419
-39.954255,13.711743,1.358419
-39.966780,13.762150,1.307155
-39.973923,13.814787,1.290419
-39.983729,13.866320,1.358682
-39.998015,13.915998,1.341946
-40.012301,13.965676,1.325210
-40.024092,14.016387,1.308473
-40.031235,14.069023,1.376736
-40.038378,14.121660,1.360000
-40.045521,14.174296,1.360000
-40.050000,14.228036,1.360000
-40.055093,14.281522,1.360000
-40.062236,14.334158,1.360000
-40.069379,14.386795,1.360000
-40.076521,14.439432,1.445000
-40.083664,14.492068,1.445000
-40.090807,14.544705,1.445000
-40.097950,14.597341,1.445000
-40.098094,14.651298,1.445000
-40.090951,14.703934,1.445000
-40.083808,14.756571,1.445000
-40.076665,14.809207,1.445000
-40.069522,14.861844,1.360000
-40.062379,14.914480,1.360000
-40.055236,14.967117,1.360000
-40.050000,15.020543,1.360000
-40.050000,15.076138,1.376736
-40.050000,15.131733,1.393473
-40.050000,15.187329,1.410209
-40.050000,15.242924,1.426946
-40.050000,15.298519,1.443682
-40.047889,15.353240,1.445000
-40.040746,15.405876,1.443682
-40.033603,15.458513,1.426946
-40.026460,15.511149,1.410209
-40.019317,15.563786,1.376736
-40.009329,15.615244,1.393473
-39.995044,15.664922,1.410209
-39.982869,15.715474,1.426946
-39.975726,15.768111,1.443682
-39.968583,15.820747,1.375419
-39.961441,15.873384,1.392155
-39.954298,15.926020,1.426946
-39.950000,15.979835,1.443682
-39.949776,16.035338,1.443682
-39.943936,16.088514,1.426946
-39.936793,16.141151,1.410209
-39.929651,16.193787,1.392155
-39.922508,16.246424,1.445000
-39.914407,16.298664,1.443682
-39.900690,16.348577,1.426946
-39.886629,16.398348,1.410209
-39.878183,16.450445,1.392155
-39.869913,16.502615,1.443682
-39.856028,16.552458,1.443682
-39.841742,16.602136,1.426946
-39.828414,16.652211,1.410209
-39.820702,16.704612,1.393473
-39.813560,16.757248,1.410209
-39.806417,16.809885,1.426946
-39.797410,16.861749,1.443682
-39.789866,16.914220,1.426946
-39.782723,16.966856,1.410209
-39.775581,17.019493,1.393473
-39.768438,17.072129,1.410209
-39.761295,17.124766,1.426946
-39.749862,17.175625,1.426946
-39.738567,17.226542,1.410209
-39.731424,17.279179,1.393473
-39.724281,17.331815,1.443682
-39.717139,17.384452,1.445000
-39.709996,17.437088,1.445000
-39.702315,17.489502,1.445000
-39.693307,17.541366,1.443682
-39.686165,17.594003,1.426946
-39.679022,17.646639,1.410209
-39.671879,17.699276,1.443682
-39.664736,17.751912,1.445000
-39.657593,17.804549,1.445000
-39.650989,17.857408,1.443682
-39.650000,17.912594,1.426946
-39.646467,17.966726,1.410209
-39.639324,18.019363,1.393473
-39.632181,18.071999,1.376736
-39.625038,18.124636,1.360000
-39.617896,18.177272,1.443682
-39.610753,18.229909,1.426946
-39.603610,18.282545,1.410209
-39.599653,18.336502,1.393473
-39.593691,18.389627,1.376736
-39.586548,18.442264,1.360000
-39.579405,18.494900,1.360000
-39.571747,18.547323,1.443682
-39.558473,18.597420,1.445000
-39.544187,18.647098,1.443682
-39.530248,18.696919,1.426946
-39.521925,18.749067,1.410209
-39.514782,18.801704,1.426946
-39.505825,18.853589,1.443682
-39.492054,18.903480,1.445000
-39.483900,18.955697,1.445000
-39.476757,19.008334,1.445000
-39.469614,19.060971,1.393473
-39.462471,19.113607,1.410209
-39.452215,19.164954,1.426946
-39.439744,19.215383,1.443682
-39.432601,19.268020,1.443682
-39.425458,19.320656,1.426155
-39.415033,19.371933,1.393473
-39.400747,19.421611,1.410209
-39.384141,19.470328,1.426946
-39.365826,19.518337,1.358682
-39.351540,19.568015,1.375419
-39.337254,19.617693,1.392155
-39.322969,19.667371,1.341946
-39.308911,19.717143,1.358682
-39.294625,19.766821,1.375419
-39.280567,19.816593,1.392155
-39.266281,19.866271,1.358419
-39.250865,19.915480,1.392155
-39.229832,19.962363,1.392155
-39.208234,20.009012,1.375419
-39.184074,20.054600,1.392155
-39.162646,20.101320,1.358419
-39.143310,20.148906,1.392155
-39.123636,20.196351,1.358419
-39.099476,20.241939,1.392155
-39.077652,20.288495,1.392155
-39.053492,20.334083,1.392155
-39.030706,20.380240,1.358419
-39.007339,20.426156,1.392155
-38.978356,20.469746,1.392155
-38.949146,20.513242,1.393209
-38.919935,20.556738,1.376736
-38.891364,20.600498,1.409682
-38.862154,20.643994,1.409682
-38.831570,20.686921,1.376736
-38.797309,20.728325,1.376736
-38.763048,20.769729,1.376736
-38.728787,20.811133,1.393209
-38.694526,20.852537,1.409682
-38.657291,20.892709,1.426155
-38.617980,20.932020,1.428000
-38.578668,20.971332,1.428000
-38.539356,21.010644,1.428000
-38.500044,21.049956,1.428000
-38.460733,21.089267,1.428000
-38.421421,21.128579,1.428000
-38.382109,21.167891,1.428000
-38.342797,21.207203,1.426155
-38.302631,21.244450,1.409682
-38.261227,21.278711,1.393209
-38.219823,21.312972,1.376736
-38.178419,21.347233,1.376736
-38.137015,21.381494,1.376736
-38.095611,21.415755,1.409682
-38.053322,21.447878,1.409682
-38.010681,21.479153,1.392155
-37.969277,21.513414,1.393209
-37.927873,21.547675,1.358419
-37.884377,21.576885,1.341946
-37.840882,21.606095,1.393209
-37.797386,21.635305,1.376736
-37.753625,21.663877,1.393209
-37.710129,21.693087,1.392155
-37.666633,21.722297,1.358419
-37.623018,21.751219,1.392155
-37.579522,21.780430,1.341946
-37.536026,21.809640,1.392155
-37.490483,21.833908,1.358419
-37.446045,21.860844,1.409682
-37.400900,21.886073,1.392155
-37.355312,21.910233,1.392155
-37.309844,21.934680,1.392155
-37.265730,21.962399,1.392155
-37.220142,21.986558,1.409682
-37.176381,22.015129,1.409682
-37.130793,22.039289,1.392155
-37.086854,22.067429,1.392155
-37.043358,22.096639,1.392155
-36.999862,22.125849,1.358419
-36.956101,22.154421,1.392155
-36.911489,22.180935,1.358419
-36.866120,22.205625,1.392155
-36.822624,22.234835,1.393209
-36.779042,22.263838,1.393209
-36.733454,22.287997,1.376736
-36.687866,22.312157,1.409682
-36.643161,22.338447,1.392155
-36.599400,22.367019,1.392155
-36.555905,22.396229,1.409682
-36.511426,22.423066,1.358419
-36.465924,22.447433,1.392155
-36.422428,22.476643,1.409682
-36.378932,22.505853,1.409682
-36.333344,22.530013,1.392155
-36.289137,22.557507,1.409682
-36.245641,22.586717,1.392155
-36.203128,22.618301,1.392155
-36.161109,22.651077,1.409682
-36.117613,22.680287,1.393209
-36.073900,22.708974,1.376736
-36.030404,22.738184,1.376736
-35.986908,22.767394,1.393209
-35.943413,22.796604,1.392155
-35.899917,22.825815,1.358419
-35.856156,22.854386,1.392155
-35.812660,22.883596,1.393209
-35.769381,22.913330,1.392155
-35.727977,22.947591,1.376736
-35.686573,22.981852,1.358419
-35.643627,23.012388,1.392155
-35.598354,23.037309,1.358419
-35.553646,23.063592,1.409682
-35.510150,23.092803,1.393209
-35.466654,23.122013,1.392155
-35.423044,23.150949,1.409682
-35.377456,23.175108,1.358419
-35.333411,23.202992,1.392155
-35.289650,23.231564,1.358419
-35.246155,23.260774,1.409682
-35.202659,23.289984,1.392155
-35.158152,23.316755,1.392155
-35.112678,23.341188,1.409682
-35.068569,23.368920,1.358419
-35.022981,23.393080,1.392155
-34.979435,23.422168,1.392155
-34.935939,23.451378,1.392155
-34.890535,23.475983,1.358419
-34.845958,23.502582,1.392155
-34.800953,23.528148,1.392155
-34.755977,23.553786,1.392155
-34.712481,23.582996,1.392155
-34.668506,23.611051,1.392155
-34.622918,23.635211,1.392155
-34.579158,23.663782,1.392155
-34.533570,23.687941,1.358419
-34.489491,23.715745,1.392155
-34.443987,23.740107,1.358419
-34.396307,23.759216,1.392155
-34.349105,23.779480,1.392155
-34.301673,23.799188,1.392155
-34.254074,23.818490,1.358419
-34.207040,23.839160,1.392155
-34.159360,23.858269,1.358419
-34.112641,23.879697,1.392155
-34.067053,23.903857,1.375419
-34.020816,23.926450,1.392155
-33.974097,23.947879,1.392155
-33.926417,23.966987,1.392155
-33.879697,23.988416,1.392155
-33.831299,24.005790,1.426155
-33.782573,24.022375,1.392155
-33.734573,24.040711,1.426155
-33.684895,24.054997,1.426155
-33.635217,24.069282,1.392155
-33.585445,24.083340,1.392155
-33.535767,24.097626,1.426155
-33.486089,24.111912,1.392155
-33.435459,24.123897,1.375419
-33.383915,24.133678,1.392155
-33.334237,24.147963,1.426155
-33.284559,24.162249,1.392155
-33.233859,24.174066,1.375419
-33.181222,24.181209,1.443682
-33.128585,24.188352,1.426946
-33.075949,24.195495,1.410209
-33.024085,24.204502,1.376736
-32.971448,24.211645,1.360000
-32.918811,24.218788,1.360000
-32.866175,24.225930,1.443682
-32.813538,24.233073,1.443682
-32.760902,24.240216,1.426946
-32.708265,24.247359,1.410209
-32.653764,24.250000,1.393473
-32.598169,24.250000,1.376736
-32.542574,24.250000,1.360000
-32.486978,24.250000,1.360000
-32.431383,24.250000,1.360000
-32.375788,24.250000,1.360000
-32.320193,24.250000,1.376736
-32.264598,24.250000,1.393473
-32.209002,24.250000,1.410209
-32.153407,24.250000,1.426946
-32.097812,24.250000,1.443682
-32.043245,24.247518,1.445000
-31.990608,24.240375,1.443682
-31.937972,24.233232,1.426946
-31.885335,24.226090,1.410209
-31.832699,24.218947,1.376736
-31.781394,24.208588,1.393473
-31.731716,24.194302,1.410209
-31.681010,24.182499,1.426946
-31.628374,24.175356,1.443682
-31.575737,24.168213,1.375419
-31.523101,24.161070,1.410209
-31.470464,24.153927,1.426946
-31.416496,24.150000,1.443682
-31.361147,24.149405,1.443682
-31.308124,24.143195,1.426155
-31.255487,24.136052,1.392155
-31.202851,24.128909,1.375419
-31.150214,24.121766,1.443682
-31.098128,24.113295,1.426946
-31.048368,24.099208,1.410209
-30.998444,24.085517,1.392155
-30.946193,24.077441,1.375419
-30.893557,24.070299,1.426946
-30.841775,24.061093,1.426946
-30.792097,24.046808,1.410209
-30.741869,24.033850,1.393473
-30.689314,24.026509,1.376736
-30.636678,24.019366,1.426946
-30.584041,24.012223,1.443682
-30.532797,24.001719,1.443682
-30.482265,23.989496,1.426946
-30.429628,23.982353,1.410209
-30.376992,23.975210,1.393473
-30.324355,23.968067,1.443682
-30.273415,23.956829,1.443682
-30.223737,23.942543,1.426155
-30.172667,23.931619,1.392155
-30.120030,23.924476,1.426946
-30.067394,23.917333,1.443682
-30.014757,23.910190,1.426155
-29.964355,23.897653,1.392155
-29.912981,23.887463,1.375419
-29.860344,23.880320,1.358682
-29.807708,23.873177,1.426946
-29.755284,23.865522,1.410209
-29.705186,23.852250,1.393473
-29.655508,23.837965,1.376736
-29.603595,23.829073,1.360000
-29.550959,23.821931,1.443682
-29.498839,23.813541,1.443682
-29.449044,23.799536,1.426946
-29.399154,23.785763,1.410209
-29.346938,23.777606,1.393473
-29.294301,23.770463,1.426946
-29.242485,23.761340,1.443682
-29.192807,23.747054,1.443682
-29.142613,23.734015,1.426946
-29.090093,23.726591,1.410209
-29.037456,23.719448,1.426946
-28.984820,23.712305,1.443682
-28.933542,23.701883,1.443682
-28.883043,23.689578,1.426155
-28.830407,23.682435,1.392155
-28.777770,23.675292,1.375419
-28.725134,23.668149,1.443682
-28.674160,23.656993,1.410209
-28.624482,23.642707,1.393473
-28.573445,23.631701,1.376736
-28.520809,23.624558,1.443682
-28.468172,23.617415,1.443682
-28.417502,23.605525,1.426946
-28.367824,23.591240,1.410209
-28.316484,23.580967,1.393473
-28.263848,23.573824,1.410209
-28.211211,23.566681,1.426946
-28.160845,23.554057,1.443682
-28.111167,23.539772,1.426946
-28.059523,23.530233,1.410209
-28.006886,23.523090,1.426155
-27.954250,23.515947,1.443682
-27.901613,23.508805,1.443682
-27.849693,23.499932,1.426946
-27.797745,23.491128,1.410209
-27.745108,23.483985,1.392155
-27.692472,23.476842,1.375419
-27.640621,23.467801,1.443682
-27.590943,23.453515,1.426946
-27.541266,23.439230,1.410209
-27.490871,23.426673,1.393473
-27.438235,23.419530,1.426946
-27.386689,23.409755,1.443682
-27.337011,23.395470,1.443682
-27.286547,23.383082,1.426946
-27.233910,23.375939,1.410209
-27.181273,23.368796,1.410209
-27.128637,23.361654,1.426946
-27.077629,23.350580,1.443682
-27.026861,23.338926,1.426946
-26.974224,23.331783,1.392155
-26.921588,23.324640,1.426946
-26.868951,23.317497,1.443682
-26.816314,23.310355,1.426946
-26.765844,23.297981,1.410209
-26.714538,23.287627,1.393473
-26.661902,23.280484,1.376736
-26.609265,23.273341,1.445000
-26.556773,23.265850,1.443682
-26.506607,23.252743,1.426946
-26.456929,23.238457,1.410209
-26.405084,23.229402,1.392155
-26.352662,23.221742,1.443682
-26.302566,23.208466,1.443682
-26.252888,23.194180,1.426946
-26.203066,23.180243,1.410209
-26.150918,23.171922,1.410209
-26.098281,23.164779,1.426946
-26.046397,23.155820,1.443682
-25.996505,23.142051,1.443682
-25.944286,23.133898,1.426946
-25.891650,23.126755,1.410209
-25.839013,23.119612,1.426946
-25.786377,23.112470,1.443682
-25.735031,23.102212,1.443682
-25.684601,23.089742,1.426946
-25.631964,23.082599,1.410209
-25.579327,23.075456,1.393473
-25.526691,23.068313,1.443682
-25.475649,23.057321,1.445000
-25.425971,23.043036,1.443682
-25.375003,23.031865,1.426946
-25.322366,23.024722,1.443682
-25.269730,23.017579,1.445000
-25.218991,23.005854,1.443682
-25.169313,22.991568,1.426946
-25.118041,22.981131,1.410209
-25.065405,22.973988,1.426946
-25.012768,22.966846,1.443682
-24.962334,22.954386,1.443682
-24.912656,22.940100,1.426946
-24.861080,22.930397,1.410209
-24.808443,22.923254,1.410209
-24.755807,22.916112,1.426946
-24.703584,22.907969,1.443682
-24.653688,22.894210,1.426946
-24.601808,22.885241,1.410209
-24.549172,22.878098,1.393473
-24.496535,22.870955,1.426946
-24.443899,22.863812,1.443682
-24.392214,22.854370,1.443682
-24.342122,22.841085,1.426946
-24.289704,22.833415,1.410209
-24.237067,22.826272,1.393473
-24.184431,22.819129,1.445000
-24.133051,22.808953,1.445000
-24.083373,22.794668,1.443682
-24.032743,22.782681,1.426155
-23.980106,22.775538,1.392155
-23.928796,22.765194,1.426946
-23.879118,22.750908,1.443682
-23.829440,22.736622,1.426946
-23.778506,22.725370,1.410209
-23.725869,22.718227,1.393473
-23.673233,22.711084,1.426946
-23.620596,22.703941,1.426946
-23.568732,22.694934,1.410209
-23.516095,22.687791,1.393473
-23.463459,22.680648,1.376736
-23.410822,22.673505,1.426946
-23.358186,22.666362,1.443682
-23.305859,22.658470,1.443682
-23.255859,22.644962,1.426946
-23.204083,22.635743,1.410209
-23.151447,22.628600,1.393473
-23.098810,22.621457,1.445000
-23.046788,22.612831,1.445000
-22.997092,22.598589,1.443682
-22.947104,22.585052,1.426155
-22.894789,22.577132,1.392155
-22.842837,22.568337,1.443682
-22.793159,22.554051,1.443682
-22.743481,22.539766,1.426946
-22.693189,22.526963,1.410209
-22.640570,22.519777,1.410209
-22.587934,22.512634,1.426946
-22.536520,22.502540,1.443682
-22.486158,22.489906,1.426946
-22.433521,22.482763,1.410209
-22.380885,22.475620,1.393473
-22.328248,22.468478,1.410209
-22.275611,22.461335,1.426946
-22.224735,22.449942,1.426946
-22.173835,22.438607,1.410209
-22.121199,22.431464,1.393473
-22.068562,22.424321,1.443682
-22.015926,22.417178,1.445000
-21.963289,22.410036,1.445000
-21.912951,22.397343,1.443682
-21.861513,22.387308,1.426155
-21.808876,22.380165,1.392155
-21.756282,22.372920,1.445000
-21.706014,22.360059,1.443682
-21.656336,22.345774,1.426155
-21.606658,22.331488,1.392155
-21.554682,22.322751,1.410209
-21.502391,22.314773,1.426946
-21.452427,22.301178,1.426946
-21.402707,22.286994,1.410209
-21.350661,22.278426,1.393473
-21.298024,22.271284,1.410209
-21.245388,22.264141,1.426946
-21.192751,22.256998,1.443682
-21.140887,22.247991,1.443682
-21.088536,22.240157,1.426946
-21.035900,22.233014,1.410209
-20.983263,22.225871,1.393473
-20.930627,22.218728,1.443682
-20.879413,22.208151,1.445000
-20.829735,22.193866,1.443682
-20.778939,22.182280,1.426946
-20.726302,22.175137,1.410209
-20.673665,22.167994,1.445000
-20.622755,22.156683,1.443682
-20.573078,22.142398,1.426155
-20.521977,22.131546,1.392155
-20.469341,22.124403,1.426946
-20.416704,22.117260,1.443682
-20.366098,22.105216,1.426946
-20.316420,22.090930,1.410209
-20.265016,22.080812,1.393473
-20.212379,22.073669,1.410209
-20.159743,22.066527,1.426946
-20.107349,22.058799,1.443682
-20.057281,22.045455,1.426946
-20.005572,22.036071,1.410209
-19.952936,22.028928,1.393473
-19.900299,22.021785,1.410209
-19.847663,22.014642,1.426946
-19.795807,22.005615,1.443682
-19.745886,21.991915,1.443682
-19.693640,21.983830,1.426155
-19.641003,21.976687,1.392155
-19.588367,21.969544,1.443682
-19.535730,21.962401,1.443682
-19.484412,21.952075,1.426946
-19.433954,21.939674,1.410209
-19.381317,21.932531,1.392155
-19.328681,21.925388,1.375419
-19.277433,21.914893,1.443682
-19.227755,21.900607,1.426946
-19.178077,21.886322,1.410209
-19.127081,21.875219,1.392155
-19.074444,21.868076,1.443682
-19.021807,21.860934,1.426946
-18.971098,21.849140,1.410209
-18.920031,21.838206,1.393473
-18.867395,21.831063,1.376736
-18.814758,21.823920,1.410209
-18.762122,21.816777,1.426946
-18.711716,21.804249,1.443682
-18.662038,21.789964,1.426946
-18.610433,21.780329,1.410209
-18.557797,21.773186,1.426155
-18.505160,21.766043,1.443682
-18.452524,21.758901,1.443682
-18.400564,21.750124,1.426155
-18.348655,21.741224,1.392155
-18.296019,21.734081,1.375419
-18.243382,21.726938,1.358682
-18.191492,21.717993,1.426946
-18.141814,21.703707,1.410209
-18.092136,21.689422,1.393473
-18.041782,21.676769,1.376736
-17.989145,21.669626,1.443682
-17.937559,21.659947,1.443682
-17.887881,21.645662,1.426946
-17.837457,21.633178,1.410209
-17.784821,21.626035,1.393473
-17.732184,21.618892,1.410209
-17.680902,21.608480,1.426946
-17.631224,21.594194,1.443682
-17.580496,21.582444,1.426946
-17.527859,21.575301,1.410209
-17.475223,21.568159,1.426155
-17.422586,21.561016,1.443682
-17.369950,21.553873,1.426946
-17.318085,21.544866,1.410209
-17.265449,21.537723,1.392155
-17.212812,21.530580,1.375419
-17.160176,21.523437,1.443682
-17.109736,21.510991,1.426155
-17.060058,21.496706,1.392155
-17.010380,21.482420,1.375419
-16.958575,21.473268,1.443682
-16.906113,21.465705,1.426946
-16.855977,21.452525,1.410209
-16.806299,21.438239,1.393473
-16.754425,21.429256,1.376736
-16.701788,21.422114,1.410209
-16.649630,21.413816,1.426946
-16.599798,21.399902,1.443682
-16.549946,21.386037,1.426155
-16.497767,21.377789,1.392155
-16.445131,21.370646,1.410209
-16.392494,21.363503,1.426946
-16.339858,21.356360,1.426946
-16.287993,21.347353,1.410209
-16.235511,21.339838,1.393473
-16.182875,21.332695,1.376736
-16.130238,21.325552,1.360000
-16.077601,21.318409,1.445000
-16.026519,21.307513,1.443682
-15.976842,21.293228,1.426155
-15.925913,21.281961,1.392155
-15.873277,21.274818,1.443682
-15.822265,21.263754,1.426946
-15.772587,21.249468,1.410209
-15.722909,21.235182,1.393473
-15.671676,21.224650,1.410209
-15.619040,21.217507,1.426946
-15.568332,21.205708,1.443682
-15.518654,21.191422,1.426155
-15.467351,21.181059,1.392155
-15.414715,21.173916,1.410209
-15.362078,21.166773,1.426946
-15.309442,21.159630,1.426946
-15.257180,21.151583,1.410209
-15.205315,21.142576,1.393473
-15.152679,21.135433,1.376736
-15.100042,21.128290,1.360000
-15.047406,21.121147,1.445000
-14.995448,21.112366,1.443682
-14.945770,21.098081,1.426155
-14.895718,21.084699,1.392155
-14.843339,21.076933,1.375419
-14.791451,21.067984,1.443682
-14.741773,21.053698,1.426946
-14.692095,21.039412,1.410209
-14.641739,21.026765,1.393473
-14.589920,21.017646,1.426946
-14.540243,21.003361,1.443682
-14.490565,20.989075,1.443682
-14.440138,20.976596,1.426155
-14.387502,20.969453,1.393473
-14.334865,20.962310,1.410209
-14.282229,20.955167,1.426946
-14.230364,20.946160,1.426946
-14.177728,20.939017,1.410209
-14.125091,20.931875,1.393473
-14.072455,20.924732,1.443682
-14.019818,20.917589,1.445000
-13.967182,20.910446,1.443682
-13.916674,20.898164,1.426946
-13.865405,20.887718,1.410209
-13.812769,20.880575,1.392155
-13.760132,20.873433,1.445000
-13.709694,20.860982,1.443682
-13.660016,20.846696,1.426946
-13.610339,20.832411,1.410209
-13.558532,20.823264,1.426946
-13.508164,20.810645,1.443682
-13.458486,20.796359,1.443682
-13.408808,20.782073,1.426155
-13.356932,20.773095,1.376736
-13.304295,20.765952,1.393473
-13.251659,20.758809,1.410209
-13.199737,20.749942,1.426946
-13.147790,20.741132,1.410209
-13.095154,20.733990,1.393473
-13.042517,20.726847,1.376736
-12.989881,20.719704,1.426155
-12.937244,20.712561,1.443682
-12.884608,20.705418,1.443682
-12.832743,20.696411,1.426946
-12.780107,20.689268,1.410209
-12.727470,20.682125,1.393473
-12.674834,20.674982,1.445000
-12.623754,20.664082,1.445000
-12.574076,20.649796,1.443682
-12.524398,20.635511,1.426946
-12.473233,20.624814,1.426946
-12.422223,20.613745,1.443682
-12.372545,20.599459,1.445000
-12.322867,20.585173,1.443682
-12.271633,20.574645,1.360000
-12.218997,20.567502,1.376736
-12.166360,20.560359,1.393473
-12.113796,20.553042,1.410209
-12.061932,20.544035,1.426946
-12.009295,20.536892,1.426946
-11.956658,20.529749,1.410209
-11.904022,20.522606,1.392155
-11.851762,20.514554,1.410209
-11.801828,20.500887,1.426946
-11.752078,20.486776,1.443682
-11.700001,20.478281,1.426946
-11.647811,20.470061,1.392155
-11.597947,20.456225,1.426155
-11.548269,20.441939,1.443682
-11.498497,20.427881,1.445000
-11.448724,20.413823,1.392155
-11.399047,20.399537,1.426155
-11.349486,20.384967,1.426155
-11.301806,20.365859,1.375419
-11.252315,20.351123,1.392155
-11.202637,20.336838,1.426155
-11.154957,20.317729,1.358682
-11.105629,20.302597,1.375419
-11.057833,20.283769,1.392155
-11.010996,20.262625,1.358419
-10.961833,20.247097,1.392155
-10.913872,20.228665,1.392155
-10.867153,20.207237,1.392155
-10.819473,20.188128,1.392155
-10.772753,20.166700,1.392155
-10.725073,20.147591,1.392155
-10.678354,20.126162,1.392155
-10.632157,20.103473,1.392155
-10.586569,20.079314,1.392155
-10.542066,20.052535,1.409682
-10.498570,20.023325,1.392155
-10.454809,19.994754,1.392155
-10.411313,19.965544,1.409682
-10.368105,19.935638,1.376736
-10.326702,19.901377,1.393209
-10.285298,19.867116,1.376736
-10.243894,19.832855,1.409682
-10.202490,19.798594,1.426155
-10.162037,19.762037,1.428000
-10.122725,19.722725,1.428000
-10.083414,19.683414,1.428000
-10.044102,19.644102,1.428000
-10.004790,19.604790,1.428000
-9.965478,19.565478,1.428000
-9.926167,19.526167,1.428000
-9.891295,19.485016,1.426155
-9.857034,19.443612,1.409682
-9.826251,19.400767,1.376736
-9.797041,19.357271,1.393209
-9.770348,19.312733,1.409682
-9.746188,19.267145,1.358419
-9.722029,19.221557,1.392155
-9.693429,19.177808,1.392155
-9.664219,19.134312,1.409682
-9.635647,19.090551,1.358419
-9.611120,19.045116,1.392155
-9.589494,18.998478,1.358419
-9.565335,18.952890,1.392155
-9.545461,18.905527,1.375419
-9.531204,18.855838,1.358419
-9.517146,18.806065,1.392155
-9.502860,18.756387,1.358419
-9.488574,18.706710,1.307155
-9.469465,18.659029,1.375419
-9.453850,18.609903,1.358682
-9.439564,18.560225,1.341946
-9.425278,18.510547,1.307155
-9.416271,18.458682,1.375419
-9.403374,18.408429,1.358682
-9.389089,18.358751,1.341946
-9.379823,18.306994,1.325209
-9.372680,18.254358,1.393473
-9.365537,18.201721,1.376736
-9.358394,18.149085,1.360000
-9.351389,18.096391,1.360000
-9.347433,18.042435,1.358682
-9.340290,17.989798,1.341946
-9.333147,17.937161,1.325209
-9.326004,17.884525,1.308473
-9.318861,17.831888,1.376736
-9.311718,17.779252,1.360000
-9.304576,17.726615,1.360000
-9.300000,17.672915,1.360000
-9.300000,17.617320,1.360000
-9.305562,17.564029,1.360000
-9.312705,17.511392,1.376736
-9.319848,17.458756,1.393473
-9.326991,17.406119,1.325209
-9.334133,17.353483,1.341946
-9.341276,17.300846,1.358682
-9.350229,17.248959,1.360000
-9.358953,17.196978,1.360000
-9.366096,17.144341,1.376736
-9.373239,17.091705,1.393473
-9.380382,17.039068,1.325209
-9.390069,16.987485,1.341946
-9.404355,16.937807,1.358682
-9.416830,16.887380,1.375419
-9.426121,16.835633,1.307155
-9.440406,16.785955,1.341946
-9.454692,16.736277,1.358682
-9.468978,16.686599,1.375419
-9.483036,16.636827,1.307155
-9.497321,16.587149,1.358419
-9.511607,16.537471,1.375419
-9.525665,16.487699,1.307155
-9.539951,16.438021,1.358419
-9.555195,16.388740,1.375419
-9.576055,16.341785,1.307155
-9.595167,16.294107,1.358419
-9.615065,16.246754,1.392155
-9.636494,16.200034,1.358419
-9.660653,16.154446,1.409682
-9.682082,16.107727,1.392155
-9.706241,16.062139,1.409682
-9.730401,16.016551,1.392155
-9.759607,15.973054,1.392155
-9.788818,15.929558,1.358419
-9.817389,15.885797,1.409682
-9.846599,15.842301,1.393209
-9.878933,15.800099,1.376736
-9.913194,15.758696,1.409682
-9.946746,15.716998,1.409682
-9.975957,15.673502,1.393209
-10.005167,15.630006,1.393209
-10.039102,15.588467,1.376736
-10.073363,15.547063,1.393209
-10.107624,15.505660,1.409682
-10.141885,15.464256,1.426155
-10.176855,15.423145,1.426155
-10.218184,15.388705,1.426155
-10.259588,15.354444,1.409682
-10.300992,15.320183,1.393209
-10.342396,15.285922,1.376736
-10.383800,15.251661,1.393209
-10.425203,15.217400,1.409682
-10.468656,15.188085,1.409682
-10.510134,15.154003,1.409682
-10.551537,15.119742,1.393209
-10.593959,15.087938,1.376736
-10.637455,15.058727,1.393209
-10.681570,15.031012,1.341946
-10.727158,15.006853,1.358419
-10.770919,14.978281,1.358419
-10.816507,14.954122,1.392155
-10.862095,14.929962,1.358419
-10.908814,14.908534,1.392155
-10.956494,14.889425,1.358419
-11.003555,14.868821,1.392155
-11.051127,14.849453,1.358419
-11.100679,14.834862,1.307155
-11.148359,14.815753,1.375419
-11.197859,14.801039,1.358419
-11.247537,14.786753,1.307155
-11.297506,14.773169,1.375419
-11.349801,14.765202,1.358682
-11.401773,14.756454,1.341946
-11.451577,14.742474,1.307155
-11.503708,14.734110,1.290419
-11.556344,14.726967,1.273682
-11.608981,14.719824,1.341946
-11.661617,14.712681,1.325209
-11.713051,14.702635,1.308473
-11.763394,14.689953,1.291736
-11.816030,14.682811,1.275000
-11.868667,14.675668,1.275000
-11.921303,14.668525,1.360000
-11.973940,14.661382,1.360000
-12.026576,14.654239,1.360000
-12.080416,14.650000,1.360000
-12.136011,14.650000,1.360000
-12.191606,14.650000,1.360000
-12.247201,14.650000,1.360000
-12.302796,14.650000,1.360000
-12.358392,14.650000,1.360000
-12.413987,14.650000,1.360000
-12.469582,14.650000,1.360000
-12.525177,14.650000,1.360000
-12.580772,14.650000,1.376736
-12.634144,14.655369,1.393473
-12.686780,14.662512,1.410209
-12.739417,14.669655,1.426946
-12.792053,14.676798,1.358682
-12.844690,14.683941,1.360000
-12.897326,14.691084,1.360000
-12.949963,14.698226,1.360000
-13.004823,14.700000,1.360000
-13.060419,14.700000,1.376736
-13.116014,14.700000,1.393473
-13.170003,14.703878,1.410209
-13.222639,14.711021,1.426946
-13.275276,14.718164,1.443682
-13.327912,14.725307,1.376736
-13.380549,14.732450,1.393473
-13.433185,14.739593,1.410209
-13.485822,14.746736,1.426946
-13.540065,14.750000,1.443682
-13.595139,14.751257,1.445000
-13.647888,14.758130,1.445000
-13.700524,14.765273,1.445000
-13.753161,14.772416,1.445000
-13.805797,14.779559,1.410209
-13.858434,14.786702,1.426946
-13.910011,14.796401,1.443682
-13.960210,14.809429,1.445000
-14.012735,14.816842,1.445000
-14.065371,14.823985,1.445000
-14.118008,14.831128,1.360000
-14.170645,14.838271,1.360000
-14.223281,14.845413,1.376736
-14.275145,14.854421,1.410209
-14.327782,14.861563,1.426946
-14.380418,14.868706,1.443682
-14.433055,14.875849,1.360000
-14.485692,14.882992,1.360000
-14.538328,14.890135,1.360000
-14.590965,14.897278,1.360000
-14.645432,14.900000,1.376736
-14.701027,14.900000,1.393473
-14.755643,14.902365,1.410209
-14.808280,14.909507,1.426946
-14.860916,14.916650,1.443682
-14.913553,14.923793,1.426946
-14.966189,14.930936,1.360000
-15.018826,14.938079,1.376736
-15.071462,14.945222,1.393473
-15.125078,14.950000,1.426946
-15.180674,14.950000,1.443682
-15.234049,14.955359,1.445000
-15.286686,14.962502,1.445000
-15.339322,14.969645,1.445000
-15.391959,14.976788,1.410209
-15.444595,14.983931,1.426946
-15.497232,14.991074,1.443682
-15.549202,14.999824,1.445000
-15.601100,15.008751,1.445000
-15.653737,15.015893,1.445000
-15.706373,15.023036,1.445000
-15.759010,15.030179,1.376736
-15.811646,15.037322,1.393473
-15.863079,15.047372,1.410209
-15.913423,15.060050,1.426946
-15.966059,15.067192,1.443682
-16.018696,15.074335,1.443682
-16.071332,15.081478,1.360000
-16.123969,15.088621,1.360000
-16.176605,15.095764,1.393473
-16.230446,15.100000,1.410209
-16.285923,15.100286,1.426946
-16.339074,15.106187,1.443682
-16.391710,15.113330,1.445000
-16.444347,15.120473,1.443682
-16.496983,15.127616,1.360000
-16.549620,15.134758,1.376736
-16.602256,15.141901,1.393473
-16.655011,15.148759,1.410209
-16.708967,15.152715,1.426946
-16.761604,15.159858,1.443682
-16.814241,15.167001,1.445000
-16.866877,15.174144,1.445000
-16.919514,15.181286,1.376736
-16.972150,15.188429,1.393473
-17.024787,15.195572,1.410209
-17.078548,15.200000,1.443682
-17.132012,15.205145,1.445000
-17.184649,15.212287,1.445000
-17.237285,15.219430,1.445000
-17.289922,15.226573,1.376736
-17.342558,15.233716,1.393473
-17.395195,15.240859,1.410209
-17.447254,15.249395,1.426946
-17.499119,15.258402,1.443682
-17.551755,15.265545,1.445000
-17.604392,15.272688,1.443682
-17.657028,15.279830,1.360000
-17.709665,15.286973,1.376736
-17.762301,15.294116,1.393473
-17.815515,15.299866,1.410209
-17.869471,15.303822,1.426946
-17.922108,15.310965,1.443682
-17.974744,15.318108,1.445000
-18.027381,15.325251,1.360000
-18.080018,15.332394,1.360000
-18.132654,15.339537,1.376736
-18.185291,15.346680,1.393473
-18.239247,15.350636,1.410209
-18.292253,15.356888,1.426946
-18.344889,15.364031,1.443682
-18.397526,15.371174,1.445000
-18.450162,15.378317,1.360000
-18.502799,15.385459,1.376736
-18.555435,15.392602,1.393473
-18.608335,15.399109,1.410209
-18.663561,15.400000,1.426946
-18.717653,15.403631,1.443682
-18.770289,15.410774,1.445000
-18.822926,15.417916,1.445000
-18.875562,15.425059,1.393473
-18.928199,15.432202,1.410209
-18.980835,15.439345,1.426946
-19.033472,15.446488,1.443682
-19.085336,15.455495,1.445000
-19.137973,15.462638,1.445000
-19.190609,15.469781,1.443682
-19.243246,15.476924,1.376736
-19.295883,15.484066,1.393473
-19.348519,15.491209,1.410209
-19.400433,15.500096,1.426946
-19.452387,15.508886,1.443682
-19.505024,15.516029,1.445000
-19.557661,15.523172,1.445000
-19.610297,15.530315,1.360000
-19.662934,15.537458,1.360000
-19.715570,15.544601,1.376736
-19.768929,15.550000,1.393473
-19.822796,15.554173,1.410209
-19.875432,15.561316,1.443682
-19.928069,15.568459,1.445000
-19.980705,15.575601,1.360000
-20.033342,15.582744,1.360000
-20.085978,15.589887,1.376736
-20.138615,15.597030,1.393473
-20.192980,15.600000,1.410209
-20.247932,15.601552,1.426946
-20.300569,15.608695,1.443682
-20.353205,15.615837,1.445000
-20.405842,15.622980,1.443682
-20.458478,15.630123,1.393473
-20.511115,15.637266,1.410209
-20.563752,15.644409,1.426946
-20.617031,15.650000,1.443682
-20.670977,15.653981,1.445000
-20.723614,15.661124,1.445000
-20.776250,15.668267,1.443682
-20.828887,15.675410,1.410209
-20.881523,15.682553,1.426946
-20.934160,15.689695,1.443682
-20.984609,15.702119,1.445000
-21.035936,15.712423,1.445000
-21.088573,15.719566,1.445000
-21.141209,15.726709,1.360000
-21.193846,15.733852,1.360000
-21.246482,15.740995,1.376736
-21.298486,15.749666,1.393473
-21.350351,15.758672,1.410209
-21.402987,15.765814,1.426946
-21.455624,15.772957,1.443682
-21.508260,15.780100,1.360000
-21.560897,15.787243,1.360000
-21.613533,15.794386,1.360000
-21.666803,15.800000,1.376736
-21.722398,15.800000,1.393473
-21.777993,15.800000,1.426946
-21.831481,15.805089,1.443682
-21.884117,15.812231,1.443682
-21.936754,15.819374,1.426946
-21.989391,15.826517,1.376736
-22.042027,15.833660,1.393473
-22.094664,15.840803,1.410209
-22.147300,15.847946,1.426946
-22.201257,15.851902,1.443682
-22.253893,15.859045,1.445000
-22.306530,15.866188,1.445000
-22.359166,15.873331,1.443682
-22.411803,15.880474,1.410209
-22.464439,15.887616,1.426946
-22.517076,15.894759,1.443682
-22.568940,15.903766,1.445000
-22.621577,15.910909,1.445000
-22.674213,15.918052,1.445000
-22.726850,15.925195,1.376736
-22.779486,15.932338,1.393473
-22.832123,15.939481,1.410209
-22.882661,15.951689,1.426946
-22.933899,15.962208,1.443682
-22.986536,15.969351,1.445000
-23.039172,15.976494,1.360000
-23.091809,15.983637,1.360000
-23.144445,15.990780,1.376736
-23.197082,15.997923,1.393473
-23.251817,16.000000,1.410209
-23.306399,16.002444,1.426946
-23.359036,16.009587,1.443682
-23.411672,16.016730,1.445000
-23.464309,16.023873,1.443682
-23.516946,16.031016,1.360000
-23.569582,16.038159,1.376736
-23.622219,16.045301,1.393473
-23.675868,16.050000,1.426946
-23.729444,16.054874,1.443682
-23.782081,16.062017,1.445000
-23.834717,16.069160,1.445000
-23.887354,16.076302,1.393473
-23.939990,16.083445,1.410209
-23.992627,16.090588,1.426946
-24.045263,16.097731,1.443682
-24.099220,16.101687,1.445000
-24.151856,16.108830,1.445000
-24.204493,16.115973,1.445000
-24.257129,16.123116,1.443682
-24.309766,16.130259,1.393473
-24.362402,16.137402,1.410209
-24.413802,16.147531,1.426946
-24.464179,16.160129,1.443682
-24.516815,16.167272,1.445000
-24.569452,16.174415,1.445000
-24.622088,16.181558,1.360000
-24.674725,16.188701,1.360000
-24.727361,16.195844,1.393473
-24.781235,16.200000,1.410209
-24.834587,16.205416,1.426946
-24.887223,16.212559,1.443682
-24.939860,16.219702,1.443682
-24.992496,16.226845,1.360000
-25.045133,16.233987,1.360000
-25.097770,16.241130,1.376736
-25.150406,16.248273,1.393473
-25.205286,16.250000,1.410209
-25.259724,16.252795,1.426946
-25.312360,16.259938,1.443682
-25.364997,16.267080,1.443682
-25.417633,16.274223,1.426946
-25.470270,16.281366,1.393473
-25.522906,16.288509,1.410209
-25.575543,16.295652,1.443682
-25.629337,16.300000,1.445000
-25.682768,16.305224,1.445000
-25.735405,16.312367,1.443682
-25.788041,16.319510,1.426946
-25.840678,16.326653,1.410209
-25.893314,16.333796,1.426946
-25.945575,16.341846,1.443682
-25.995510,16.355512,1.445000
-26.047351,16.364574,1.445000
-26.099988,16.371717,1.445000
-26.152624,16.378859,1.360000
-26.205261,16.386002,1.376736
-26.257898,16.393145,1.393473
-26.309762,16.402152,1.410209
-26.362142,16.409915,1.426946
-26.414778,16.417057,1.443682
-26.467415,16.424200,1.443682
-26.520051,16.431343,1.360000
-26.572688,16.438486,1.360000
-26.625325,16.445629,1.393473
-26.679109,16.450000,1.410209
-26.734642,16.450151,1.426946
-26.787849,16.455917,1.443682
-26.840485,16.463060,1.443682
-26.893122,16.470203,1.426946
-26.945758,16.477346,1.376736
-26.998395,16.484488,1.393473
-27.051031,16.491631,1.410209
-27.103730,16.498624,1.426946
-27.157687,16.502580,1.443682
-27.210323,16.509723,1.445000
-27.262960,16.516866,1.445000
-27.315596,16.524009,1.443682
-27.368233,16.531151,1.410209
-27.420869,16.538294,1.426946
-27.473506,16.545437,1.443682
-27.525370,16.554444,1.445000
-27.578007,16.561587,1.445000
-27.630643,16.568730,1.445000
-27.683280,16.575873,1.376736
-27.735916,16.583016,1.393473
-27.788500,16.590286,1.410209
-27.838758,16.603172,1.426946
-27.890276,16.613014,1.443682
-27.942913,16.620157,1.443682
-27.995550,16.627300,1.360000
-28.048186,16.634442,1.360000
-28.100823,16.641585,1.376736
-28.153512,16.648601,1.393473
-28.208528,16.650000,1.410209
-28.262829,16.653122,1.426946
-28.315466,16.660265,1.443682
-28.368103,16.667408,1.443682
-28.420739,16.674551,1.426946
-28.473376,16.681694,1.360000
-28.526012,16.688837,1.393473
-28.578649,16.695979,1.410209
-28.632579,16.700000,1.426946
-28.688174,16.700000,1.443682
-28.743769,16.700000,1.445000
-28.799364,16.700000,1.445000
-28.854959,16.700000,1.443682
-28.910555,16.700000,1.426946
-28.966150,16.700000,1.410209
-29.021745,16.700000,1.393473
-29.077340,16.700000,1.360000
-29.130855,16.705023,1.360000
-29.183492,16.712165,1.360000
-29.236128,16.719308,1.360000
-29.288765,16.726451,1.445000
-29.341401,16.733594,1.445000
-29.394038,16.740737,1.445000
-29.446674,16.747880,1.445000
-29.501391,16.750000,1.445000
-29.556986,16.750000,1.445000
-29.612582,16.750000,1.445000
-29.668177,16.750000,1.445000
-29.723772,16.750000,1.445000
-29.779367,16.750000,1.445000
-29.834962,16.750000,1.445000
-29.890558,16.750000,1.445000
-29.946153,16.750000,1.445000
-30.001748,16.750000,1.445000
-30.057343,16.750000,1.445000
-30.112939,16.750000,1.445000
-30.168534,16.750000,1.445000
-30.224129,16.750000,1.445000
-30.277778,16.745302,1.445000
-30.330415,16.738159,1.445000
-30.383051,16.731016,1.445000
-30.435688,16.723873,1.360000
-30.488324,16.716730,1.360000
-30.540961,16.709588,1.360000
-30.593597,16.702445,1.360000
-30.648180,16.700000,1.360000
-30.702915,16.697923,1.360000
-30.755551,16.690780,1.376736
-30.808188,16.683637,1.393473
-30.860824,16.676494,1.410209
-30.913461,16.669352,1.341946
-30.964933,16.659398,1.358682
-31.014611,16.645112,1.375419
-31.065149,16.632903,1.392155
-31.117786,16.625761,1.410209
-31.170422,16.618618,1.341946
-31.221591,16.607930,1.358682
-31.271269,16.593644,1.375419
-31.322111,16.582170,1.392155
-31.373443,16.571878,1.341946
-31.422449,16.555971,1.358682
-31.469169,16.534543,1.375419
-31.515888,16.513114,1.307155
-31.564075,16.495230,1.358419
-31.613012,16.479154,1.392155
-31.659731,16.457726,1.358419
-31.707411,16.438617,1.392155
-31.755091,16.419509,1.358419
-31.802732,16.400305,1.392155
-31.849451,16.378877,1.358419
-31.894532,16.353492,1.392155
-31.938028,16.324282,1.393209
-31.981789,16.295711,1.392155
-32.025284,16.266500,1.426155
-32.068780,16.237290,1.426155
-32.112276,16.208080,1.409682
-32.154368,16.175479,1.376736
-32.195772,16.141218,1.393209
-32.237176,16.106957,1.409682
-32.278206,16.071794,1.426155
-32.317518,16.032482,1.426155
-32.356829,15.993171,1.428000
-32.396141,15.953859,1.428000
-32.435453,15.914547,1.428000
-32.474765,15.875235,1.428000
-32.514076,15.835924,1.428000
-32.553388,15.796612,1.428000
-32.592700,15.757300,1.428000
-32.632012,15.717988,1.428000
-32.671323,15.678677,1.428000
-32.706554,15.637674,1.426155
-32.740815,15.596271,1.409682
-32.775076,15.554867,1.393209
-32.809336,15.513463,1.393209
-32.843597,15.472059,1.409682
-32.877858,15.430655,1.358419
-32.907964,15.387530,1.409682
-32.936536,15.343770,1.392155
-32.965746,15.300274,1.393209
-32.994956,15.256778,1.392155
-33.021935,15.212358,1.358419
-33.046094,15.166769,1.392155
-33.068984,15.120655,1.358419
-33.092248,15.074696,1.392155
-33.120819,15.030936,1.392155
-33.144105,14.984986,1.392155
-33.163214,14.937306,1.392155
-33.184554,14.890550,1.392155
-33.203663,14.842870,1.358419
-33.224041,14.795716,1.307155
-33.243635,14.748237,1.375419
-33.263052,14.700684,1.358419
-33.284480,14.653965,1.392155
-33.308640,14.608377,1.375419
-33.330157,14.561694,1.426155
-33.351108,14.514777,1.426155
-33.366444,14.465534,1.392155
-33.380729,14.415857,1.426155
-33.394787,14.366084,1.392155
-33.409073,14.316406,1.375419
-33.419189,14.265001,1.358682
-33.426332,14.212365,1.426155
-33.433475,14.159728,1.392155
-33.441204,14.107335,1.375419
-33.454550,14.057267,1.358682
-33.463932,14.005559,1.341946
-33.471075,13.952922,1.325209
-33.478218,13.900285,1.393473
-33.485361,13.847649,1.376736
-33.492504,13.795012,1.360000
-33.499060,13.742133,1.360000
-33.500000,13.686927,1.360000
-33.500000,13.631332,1.360000
-33.504147,13.577454,1.360000
-33.511289,13.524818,1.360000
-33.518432,13.472181,1.360000
-33.525575,13.419545,1.445000
-33.528403,13.368695,1.445000
-33.528403,13.319018,1.445000
-33.528403,13.269340,1.445000
-33.524256,13.217944,1.360000
-33.517113,13.165308,1.360000
-33.509970,13.112671,1.360000
-33.502828,13.060035,1.360000
-33.500000,13.005611,1.360000
-33.500000,12.950015,1.360000
-33.497741,12.895356,1.360000
-33.490598,12.842720,1.360000
-33.483455,12.790083,1.376736
-33.476312,12.737446,1.393473
-33.469169,12.684810,1.325210
-33.462026,12.632173,1.341946
-33.451325,12.581011,1.358682
-33.439299,12.530397,1.375419
-33.432156,12.477761,1.392155
-33.425013,12.425124,1.426155
-33.417870,12.372487,1.375419
-33.406435,12.321629,1.392155
-33.392149,12.271951,1.426155
-33.381422,12.220799,1.426155
-33.370383,12.169776,1.392155
-33.356098,12.120098,1.426155
-33.338878,12.071636,1.392155
-33.317449,12.024917,1.375419
-33.298341,11.977237,1.375419
-33.276912,11.930517,1.392155
-33.255483,11.883798,1.358419
-33.236375,11.836118,1.392155
-33.214946,11.789399,1.358419
-33.195837,11.741719,1.392155
-33.175322,11.694621,1.392155
-33.155865,11.647085,1.392155
-33.136311,11.599590,1.392155
-33.114883,11.552870,1.392155
-33.090723,11.507282,1.392155
-33.066515,11.461715,1.392155
-33.038557,11.417700,1.392155
-33.014398,11.372112,1.409682
-32.985535,11.328472,1.409682
-32.956325,11.284976,1.392155
-32.927754,11.241215,1.392155
-32.898543,11.197719,1.409682
-32.869333,11.154223,1.393209
-32.838870,11.111247,1.376736
-32.804609,11.069843,1.393209
-32.770348,11.028439,1.358419
-32.740541,10.985190,1.409682
-32.706950,10.943509,1.393209
-32.672689,10.902105,1.376736
-32.638428,10.860701,1.376736
-32.604167,10.819297,1.393209
-32.569906,10.777893,1.376736
-32.535645,10.736489,1.409682
-32.496930,10.696930,1.426155
-32.457008,10.659092,1.426155
-32.415604,10.624831,1.409682
-32.374201,10.590570,1.376736
-32.332797,10.556310,1.393209
-32.291393,10.522049,1.376736
-32.249989,10.487788,1.393209
-32.208585,10.453527,1.409682
-32.167783,10.417812,1.426155
-32.126379,10.383551,1.426155
-32.084976,10.349290,1.409682
-32.041635,10.319704,1.392155
-31.998139,10.290494,1.393209
-31.954644,10.261284,1.409682
-31.910242,10.234260,1.358419
-31.864662,10.210080,1.392155
-31.820659,10.182094,1.358419
-31.775071,10.157934,1.409682
-31.731311,10.129363,1.392155
-31.685723,10.105204,1.409682
-31.640135,10.081044,1.358419
-31.593415,10.059616,1.392155
-31.545735,10.040507,1.358419
-31.498562,10.020174,1.392155
-31.451102,10.000535,1.375419
-31.401424,9.986249,1.358419
-31.351652,9.972191,1.392155
-31.301880,9.958133,1.375419
-31.252202,9.943847,1.358419
-31.204522,9.924739,1.392155
-31.155297,9.909358,1.375419
-31.105620,9.895072,1.358419
-31.055942,9.880786,1.307155
-31.006169,9.866728,1.375419
-30.956397,9.852670,1.358682
-30.906719,9.838385,1.341946
-30.854865,9.829353,1.325209
-30.802228,9.822211,1.392155
-30.749592,9.815068,1.375419
-30.696955,9.807925,1.358682
-30.644165,9.801154,1.341946
-30.590208,9.797198,1.325209
-30.537572,9.790055,1.308473
-30.484935,9.782912,1.291736
-30.432299,9.775769,1.275000
-30.379662,9.768627,1.360000
-30.327025,9.761484,1.360000
-30.274389,9.754341,1.360000
-30.220592,9.750000,1.360000
-30.167164,9.755231,1.360000
-30.114527,9.762374,1.360000
-30.061890,9.769517,1.360000
-30.009254,9.776660,1.291736
-29.956617,9.783803,1.308473
-29.903981,9.790946,1.325209
-29.851344,9.798089,1.341946
-29.797388,9.802045,1.358682
-29.744751,9.809188,1.360000
-29.692115,9.816331,1.376736
-29.639478,9.823474,1.393473
-29.586842,9.830616,1.325209
-29.534205,9.837759,1.341946
-29.482954,9.848246,1.358682
-29.432429,9.860487,1.375419
-29.380779,9.870012,1.392155
-29.331101,9.884298,1.358419
-29.281423,9.898584,1.375419
-29.231746,9.912869,1.392155
-29.183124,9.929706,1.341946
-29.135020,9.947791,1.358682
-29.086000,9.963666,1.375419
-29.038294,9.982712,1.307155
-28.988617,9.996998,1.358419
-28.938939,10.011284,1.375419
-28.889989,10.027327,1.307155
-28.842213,10.046205,1.358419
-28.792865,10.061287,1.392155
-28.745185,10.080396,1.358419
-28.695507,10.094681,1.392155
-28.648087,10.114418,1.392155
-28.601368,10.135847,1.392155
-28.555780,10.160006,1.392155
-28.510288,10.184397,1.375419
-28.466197,10.212172,1.392155
-28.420609,10.236331,1.358419
-28.376849,10.264903,1.358419
-28.331261,10.289062,1.341946
-28.287298,10.317145,1.393209
-28.243802,10.346356,1.376736
-28.198814,10.371965,1.409682
-28.153821,10.397560,1.392155
-28.110325,10.426770,1.358419
-28.066564,10.455341,1.409682
-28.023068,10.484551,1.393209
-27.979573,10.513762,1.393209
-27.936077,10.542972,1.376736
-27.892316,10.571543,1.393209
-27.848820,10.600754,1.409682
-27.805324,10.629964,1.392155
-27.762289,10.660286,1.392155
-27.720792,10.694323,1.409682
-27.677296,10.723533,1.409682
-27.633800,10.752744,1.393209
-27.592061,10.786194,1.376736
-27.550657,10.820455,1.393209
-27.509253,10.854716,1.409682
-27.467726,10.888679,1.409682
-27.424323,10.918113,1.376736
-27.382919,10.952374,1.393209
-27.341515,10.986635,1.376736
-27.300111,11.020896,1.376736
-27.258707,11.055157,1.393209
-27.217303,11.089418,1.409682
-27.176023,11.123977,1.409682
-27.136711,11.163289,1.426155
-27.096184,11.199667,1.409682
-27.054780,11.233928,1.393209
-27.013377,11.268189,1.393209
-26.971973,11.302450,1.409682
-26.930569,11.336711,1.376736
-26.889165,11.370972,1.426155
-26.846516,11.402225,1.409682
-26.804235,11.434369,1.393209
-26.762831,11.468630,1.376736
-26.721427,11.502891,1.393209
-26.680023,11.537152,1.358419
-26.636711,11.566806,1.409682
-26.593215,11.596016,1.393209
-26.550965,11.628233,1.376736
-26.508683,11.660375,1.393209
-26.465187,11.689585,1.409682
-26.421212,11.717638,1.358419
-26.375624,11.741798,1.392155
-26.331944,11.770565,1.392155
-26.288448,11.799775,1.409682
-26.243177,11.824700,1.358419
-26.198467,11.850979,1.392155
-26.153595,11.876866,1.392155
-26.106876,11.898295,1.392155
-26.061288,11.922454,1.358419
-26.014487,11.943687,1.392155
-25.966807,11.962796,1.358419
-25.920088,11.984224,1.392155
-25.871360,12.000803,1.375419
-25.821682,12.015088,1.358419
-25.772004,12.029374,1.392155
-25.722232,12.043432,1.375419
-25.672554,12.057718,1.358682
-25.621430,12.068512,1.341946
-25.568793,12.075654,1.392155
-25.516157,12.082797,1.375419
-25.465574,12.094900,1.358682
-25.415897,12.109186,1.341946
-25.364468,12.119245,1.325209
-25.311832,12.126388,1.393473
-25.259195,12.133531,1.376736
-25.206559,12.140674,1.360000
-25.153922,12.147817,1.360000
-25.099231,12.150000,1.360000
-25.043636,12.150000,1.360000
-24.988041,12.150000,1.360000
-24.932446,12.150000,1.376736
-24.876850,12.150000,1.393473
-24.823160,12.145401,1.426946
-24.770524,12.138258,1.443682
-24.717887,12.131115,1.445000
-24.665251,12.123972,1.360000
-24.612614,12.116829,1.376736
-24.559978,12.109686,1.393473
-24.507692,12.101696,1.410209
-24.455828,12.092689,1.426946
-24.403191,12.085546,1.443682
-24.350555,12.078403,1.426946
-24.298339,12.070244,1.392155
-24.248450,12.056469,1.410209
-24.198772,12.042183,1.426946
-24.148743,12.028745,1.443682
-24.096879,12.019738,1.375419
-24.047059,12.005794,1.392155
-23.997381,11.991508,1.426155
-23.947282,11.978239,1.426155
-23.895418,11.969232,1.375419
-23.845668,11.955119,1.392155
-23.795991,11.940833,1.426155
-23.745822,11.927733,1.392155
-23.693958,11.918725,1.392155
-23.644278,11.904444,1.426155
-23.594600,11.890158,1.426155
-23.544828,11.876101,1.392155
-23.495056,11.862043,1.392155
-23.445378,11.847757,1.426155
-23.395700,11.833471,1.426155
-23.345928,11.819413,1.392155
-23.296155,11.805355,1.426155
-23.246477,11.791070,1.426155
-23.196705,11.777012,1.392155
-23.146933,11.762954,1.392155
-23.097255,11.748668,1.426155
-23.047577,11.734382,1.426155
-22.997805,11.720324,1.392155
-22.948033,11.706266,1.426155
-22.898355,11.691981,1.426155
-22.848583,11.677923,1.392155
-22.798811,11.663865,1.426155
-22.749133,11.649579,1.443682
-22.699568,11.635019,1.426155
-22.651888,11.615911,1.392155
-22.602401,11.601165,1.426155
-22.552723,11.586879,1.392155
-22.502951,11.572821,1.375419
-22.453178,11.558763,1.392155
-22.403501,11.544478,1.426155
-22.353709,11.530466,1.392155
-22.301845,11.521459,1.392155
-22.251788,11.508089,1.426155
-22.202110,11.493803,1.426155
-22.152338,11.479745,1.392155
-22.102566,11.465687,1.426155
-22.052888,11.451401,1.426155
-22.003210,11.437116,1.392155
-21.955530,11.418007,1.410209
-21.906231,11.402806,1.426946
-21.856553,11.388520,1.426155
-21.808873,11.369411,1.375419
-21.759739,11.353814,1.392155
-21.710061,11.339528,1.426155
-21.660383,11.325242,1.392155
-21.608519,11.316235,1.426155
-21.558273,11.303320,1.426155
-21.508595,11.289035,1.392155
-21.458823,11.274977,1.426155
-21.409145,11.260691,1.443682
-21.359467,11.246405,1.426155
-21.311617,11.227706,1.392155
-21.264833,11.206433,1.426155
-21.215723,11.190776,1.426155
-21.166046,11.176491,1.392155
-21.114375,11.167015,1.392155
-21.063871,11.154725,1.426155
-21.014193,11.140439,1.426155
-20.962687,11.130567,1.392155
-20.912018,11.118673,1.426155
-20.862341,11.104387,1.426155
-20.812663,11.090101,1.392155
-20.764789,11.071461,1.426155
-20.715937,11.055180,1.443682
-20.666259,11.040894,1.426155
-20.616581,11.026609,1.392155
-20.566809,11.012551,1.443682
-20.517131,10.998265,1.426155
-20.468929,10.980418,1.392155
-20.420406,10.963344,1.426155
-20.370728,10.949058,1.443682
-20.321050,10.934772,1.426155
-20.272917,10.916756,1.392155
-20.224324,10.899851,1.426155
-20.174647,10.885565,1.426155
-20.123493,10.874841,1.392155
-20.072472,10.863799,1.426155
-20.022794,10.849514,1.426155
-19.973116,10.835228,1.392155
-19.923344,10.821170,1.426155
-19.873666,10.806884,1.426155
-19.823988,10.792599,1.392155
-19.775597,10.775207,1.392155
-19.727263,10.757677,1.392155
-19.677585,10.743392,1.426155
-19.627907,10.729106,1.426155
-19.578135,10.715048,1.375419
-19.528457,10.700762,1.392155
-19.478779,10.686476,1.426155
-19.427815,10.675297,1.426155
-19.376604,10.664710,1.392155
-19.326926,10.650425,1.426155
-19.277249,10.636139,1.426155
-19.227476,10.622081,1.426155
-19.177798,10.607795,1.443682
-19.128984,10.591424,1.426155
-19.082265,10.569996,1.392155
-19.034120,10.552011,1.426155
-18.984442,10.537725,1.443682
-18.935697,10.521185,1.375419
-18.887716,10.502804,1.392155
-18.838038,10.488518,1.426155
-18.787497,10.476317,1.443682
-18.735864,10.466752,1.375419
-18.686186,10.452466,1.392155
-18.636508,10.438181,1.426155
-18.585896,10.426149,1.392155
-18.534333,10.416415,1.426155
-18.484655,10.402129,1.426155
-18.435653,10.386213,1.392155
-18.387930,10.367208,1.392155
-18.338252,10.352922,1.426155
-18.288574,10.338636,1.426155
-18.239641,10.322552,1.375419
-18.191849,10.303715,1.392155
-18.142171,10.289429,1.426155
-18.091818,10.276773,1.426155
-18.039996,10.267663,1.392155
-17.990318,10.253377,1.426155
-17.940640,10.239092,1.426155
-17.890868,10.225034,1.392155
-17.841190,10.210748,1.392155
-17.791512,10.196462,1.426155
-17.741834,10.182177,1.392155
-17.692062,10.168119,1.426155
-17.642384,10.153833,1.443682
-17.593029,10.138770,1.426155
-17.545348,10.119661,1.392155
-17.495671,10.105375,1.426155
-17.445993,10.091089,1.443682
-17.396707,10.075857,1.426155
-17.349027,10.056749,1.392155
-17.299349,10.042463,1.426155
-17.249349,10.028955,1.392155
-17.197485,10.019948,1.392155
-17.147636,10.006074,1.426155
-17.097958,9.991788,1.392155
-17.048186,9.977730,1.375419
-16.998414,9.963672,1.426155
-16.948736,9.949387,1.426155
-16.899191,9.934779,1.392155
-16.851511,9.915670,1.392155
-16.802004,9.900973,1.426155
-16.752326,9.886687,1.426155
-16.702554,9.872629,1.392155
-16.652782,9.858571,1.426155
-16.603104,9.844285,1.426155
-16.553332,9.830227,1.392155
-16.503559,9.816169,1.392155
-16.453881,9.801884,1.426155
-16.404204,9.787598,1.392155
-16.354431,9.773540,1.392155
-16.304659,9.759482,1.426155
-16.254981,9.745196,1.426155
-16.205264,9.731005,1.392155
-16.155492,9.716947,1.426155
-16.105814,9.702661,1.443682
-16.056136,9.688376,1.426155
-16.008456,9.669267,1.392155
-15.959302,9.653717,1.426155
-15.909624,9.639432,1.392155
-15.859946,9.625146,1.375419
-15.810174,9.611088,1.392155
-15.760496,9.596802,1.426155
-15.710818,9.582516,1.410209
-15.659034,9.573317,1.392155
-15.608644,9.560750,1.426155
-15.558966,9.546465,1.392155
-15.509288,9.532179,1.375419
-15.459516,9.518121,1.426155
-15.409838,9.503835,1.426155
-15.360160,9.489550,1.392155
-15.312400,9.470634,1.426155
-15.263434,9.454628,1.426155
-15.213756,9.440343,1.392155
-15.165832,9.421823,1.392155
-15.117031,9.405421,1.426155
-15.067353,9.391136,1.426946
-15.017675,9.376850,1.410209
-14.967903,9.362792,1.392155
-14.918225,9.348506,1.426155
-14.868547,9.334221,1.392155
-14.817116,9.324169,1.392155
-14.766373,9.312455,1.426155
-14.716695,9.298169,1.426155
-14.667017,9.283883,1.392155
-14.617245,9.269825,1.426155
-14.567567,9.255539,1.392155
-14.517889,9.241254,1.375419
-14.469776,9.223190,1.392155
-14.421163,9.206332,1.426155
-14.371485,9.192047,1.410209
-14.321808,9.177761,1.392155
-14.272035,9.163703,1.426155
-14.222357,9.149417,1.426155
-14.172680,9.135132,1.392155
-14.121437,9.124624,1.426155
-14.070505,9.113366,1.443682
-14.020827,9.099080,1.426155
-13.971149,9.084794,1.392155
-13.921377,9.070736,1.426155
-13.871699,9.056451,1.392155
-13.823163,9.039407,1.375419
-13.776444,9.017979,1.392155
-13.728020,9.000666,1.426155
-13.678342,8.986380,1.426946
-13.629877,8.969168,1.375419
-13.581617,8.951459,1.392155
-13.531939,8.937173,1.426155
-13.481119,8.925645,1.426155
-13.429764,8.915407,1.392155
-13.380086,8.901121,1.426155
-13.330409,8.886836,1.426155
-13.280636,8.872778,1.392155
-13.230958,8.858492,1.426155
-13.181281,8.844206,1.426155
-13.132556,8.827619,1.392155
-13.084555,8.809285,1.392155
-13.034877,8.794999,1.426155
-12.985199,8.780714,1.426155
-12.935427,8.766656,1.375419
-12.885749,8.752370,1.392155
-12.836071,8.738084,1.426155
-12.785440,8.726101,1.426155
-12.733897,8.716318,1.392155
-12.684219,8.702033,1.426155
-12.634541,8.687747,1.426155
-12.584769,8.673689,1.426155
-12.535091,8.659403,1.443682
-12.485944,8.643836,1.426155
-12.439123,8.622653,1.392155
-12.391310,8.603864,1.426155
-12.341632,8.589578,1.426155
-12.292555,8.573843,1.375419
-12.244875,8.554734,1.392155
-12.195197,8.540448,1.426155
-12.144988,8.527444,1.426946
-12.093124,8.518437,1.392155
-12.043446,8.504151,1.426155
-11.993768,8.489865,1.426155
-11.943996,8.475807,1.392155
-11.894224,8.461749,1.426155
-11.844546,8.447464,1.426155
-11.794868,8.433178,1.392155
-11.745096,8.419120,1.392155
-11.695362,8.404970,1.426155
-11.645684,8.390684,1.426155
-11.595912,8.376627,1.392155
-11.546139,8.362569,1.392155
-11.496462,8.348283,1.426155
-11.446784,8.333997,1.426155
-11.397012,8.319939,1.392155
-11.347239,8.305881,1.426155
-11.297561,8.291596,1.426155
-11.247789,8.277538,1.392155
-11.198017,8.263480,1.426155
-11.148339,8.249194,1.426155
-11.098815,8.234538,1.392155
-11.051134,8.215429,1.426155
-11.001607,8.200780,1.443682
-10.951929,8.186494,1.426155
-10.904249,8.167386,1.392155
-10.854886,8.152340,1.426155
-10.805208,8.138054,1.443682
-10.755436,8.123996,1.392155
-10.705664,8.109938,1.426155
-10.655986,8.095652,1.443682
-10.606308,8.081367,1.426155
-10.556536,8.067309,1.392155
-10.506858,8.053023,1.426155
-10.457180,8.038737,1.426155
-10.407443,8.024594,1.392155
-10.357671,8.010536,1.426155
-10.307993,7.996250,1.426155
-10.258315,7.981965,1.392155
-10.208543,7.967907,1.392155
-10.158865,7.953621,1.426155
-10.109187,7.939335,1.426155
-10.059510,7.925050,1.392155
-10.009737,7.910992,1.426155
-9.960059,7.896706,1.443682
-9.910382,7.882420,1.426155
-9.860609,7.868362,1.392155
-9.810931,7.854077,1.426155
-9.761254,7.839791,1.426155
-9.711576,7.825505,1.392155
-9.661803,7.811447,1.426155
-9.612126,7.797161,1.426155
-9.562448,7.782876,1.392155
-9.512676,7.768818,1.392155
-9.462998,7.754532,1.426155
-9.413320,7.740246,1.426155
-9.363642,7.725961,1.392155
-9.313870,7.711903,1.426155
-9.264192,7.697617,1.426155
-9.214514,7.683331,1.392155
-9.164742,7.669273,1.392155
-9.115064,7.654988,1.426155
-9.065386,7.640702,1.392155
-9.015708,7.626416,1.375419
-8.965936,7.612358,1.426155
-8.916258,7.598073,1.392155
-8.866580,7.583787,1.375419
-8.816808,7.569729,1.392155
-8.767130,7.555443,1.426155
-8.717452,7.541157,1.392155
-8.667774,7.526872,1.375419
-8.618002,7.512814,1.443682
-8.568324,7.498528,1.426155
-8.520067,7.480812,1.392155
-8.471599,7.463607,1.426155
-8.421921,7.449321,1.443682
-8.372243,7.435035,1.426155
-8.324056,7.417151,1.392155
-8.275517,7.400114,1.392155
-8.225839,7.385828,1.426155
-8.174741,7.374973,1.392155
-8.123665,7.364062,1.426155
-8.073987,7.349777,1.426155
-8.024309,7.335491,1.392155
-7.974537,7.321433,1.426155
-7.924859,7.307147,1.426155
-7.875181,7.292862,1.426155
-7.826735,7.275601,1.392155
-7.778456,7.257940,1.392155
-7.728778,7.243655,1.426155
-7.679100,7.229369,1.426155
-7.629328,7.215311,1.375419
-7.579650,7.201025,1.392155
-7.529972,7.186739,1.426155
-7.479062,7.175428,1.392155
-7.427797,7.164973,1.392155
-7.378119,7.150688,1.426155
-7.328441,7.136402,1.392155
-7.278669,7.122344,1.426155
-7.228991,7.108058,1.443682
-7.180123,7.091819,1.426155
-7.133404,7.070390,1.392155
-7.085312,7.052274,1.426155
-7.035635,7.037988,1.443682
-6.986836,7.021580,1.375419
-6.938909,7.003067,1.392155
-6.889231,6.988781,1.426155
-6.838744,6.976449,1.426155
-6.787057,6.967015,1.392155
-6.737379,6.952729,1.426155
-6.687701,6.938444,1.426155
-6.637929,6.924386,1.392155
-6.588251,6.910100,1.426155
-6.538573,6.895814,1.426155
-6.489516,6.880030,1.392155
-6.441835,6.860922,1.392155
-6.392158,6.846636,1.426155
-6.342480,6.832350,1.426155
-6.292707,6.818292,1.375419
-6.243030,6.804007,1.392155
-6.193352,6.789721,1.426155
-6.143053,6.776933,1.426155
-6.091189,6.767926,1.392155
-6.041511,6.753640,1.426155
-5.991833,6.739355,1.426155
-5.942061,6.725297,1.392155
-5.892347,6.711099,1.443682
-5.842669,6.696813,1.426155
-5.793423,6.681485,1.392155
-5.745743,6.662376,1.426155
-5.696065,6.648090,1.443682
-5.646655,6.633159,1.426155
-5.598974,6.614050,1.392155
-5.549333,6.599676,1.426155
-5.499655,6.585391,1.443682
-5.449883,6.571333,1.375419
-5.400111,6.557275,1.392155
-5.350433,6.542989,1.426155
-5.300487,6.529349,1.426155
-5.248216,6.521326,1.392155
-5.196221,6.512634,1.426155
-5.146543,6.498348,1.426155
-5.096770,6.484291,1.392155
-5.046998,6.470233,1.426155
-4.997320,6.455947,1.426155
-4.947721,6.441471,1.392155
-4.900449,6.421378,1.392155
-4.853088,6.401499,1.426155
-4.803410,6.387213,1.426946
-4.753638,6.373155,1.392155
-4.703866,6.359097,1.426155
-4.654188,6.344811,1.426155
-4.604431,6.330716,1.392155
-4.554659,6.316658,1.392155
-4.504981,6.302372,1.426155
-4.455303,6.288087,1.426155
-4.405531,6.274029,1.392155
-4.355759,6.259971,1.426155
-4.306081,6.245685,1.426155
-4.256403,6.231399,1.392155
-4.206631,6.217341,1.392155
-4.156953,6.203056,1.426155
-4.107275,6.188770,1.426155
-4.057542,6.174616,1.392155
-4.007770,6.160558,1.426155
-3.958092,6.146272,1.426155
-3.908415,6.131986,1.392155
-3.858642,6.117929,1.426155
-3.808964,6.103643,1.426155
-3.759287,6.089357,1.392155
-3.711567,6.070345,1.426155
-3.662561,6.054436,1.392155
-3.612883,6.040150,1.375419
-3.564999,6.021534,1.392155
-3.516158,6.005229,1.426155
-3.466480,5.990943,1.410209
-3.416802,5.976657,1.393473
-3.367030,5.962599,1.392155
-3.317352,5.948314,1.426155
-3.267674,5.934028,1.426155
-3.216202,5.924072,1.392155
-3.165499,5.912262,1.426155
-3.115821,5.897976,1.426155
-3.066143,5.883691,1.392155
-3.016371,5.869633,1.392155
-2.966693,5.855347,1.426155
-2.917015,5.841061,1.392155
-2.867338,5.826775,1.375419
-2.817565,5.812718,1.392155
-2.767888,5.798432,1.426155
-2.718210,5.784146,1.392155
-2.666763,5.774132,1.426155
-2.616035,5.762380,1.426155
-2.566357,5.748094,1.392155
-2.518190,5.730162,1.375419
-2.469632,5.713173,1.426155
-2.419954,5.698887,1.426155
-2.370276,5.684602,1.392155
-2.322178,5.666500,1.426155
-2.273550,5.649680,1.426155
-2.223872,5.635395,1.392155
-2.174100,5.621337,1.392155
-2.124422,5.607051,1.426155
-2.074744,5.592765,1.426155
-2.025067,5.578480,1.426155
-1.975294,5.564422,1.426155
-1.925616,5.550136,1.443682
-1.877026,5.533224,1.426155
-1.828891,5.515215,1.392155
-1.779213,5.500929,1.426155
-1.729535,5.486643,1.426155
-1.681015,5.469563,1.375419
-1.632810,5.451722,1.392155
-1.583132,5.437436,1.426155
-1.532366,5.425777,1.426155
-1.480957,5.415670,1.375419
-1.431279,5.401384,1.392155
-1.381601,5.387099,1.426155
-1.330766,5.375608,1.392155
-1.279427,5.365333,1.392155
-1.229749,5.351047,1.426155
-1.180071,5.336761,1.426155
-1.130299,5.322703,1.392155
-1.080621,5.308418,1.426155
-1.030943,5.294132,1.426155
-0.982234,5.277507,1.392155
-0.934217,5.259211,1.392155
-0.884540,5.244925,1.426155
-0.834862,5.230639,1.426155
-0.785090,5.216581,1.392155
-0.735412,5.202296,1.426155
-0.685734,5.188010,1.426155
-0.635087,5.176063,1.392155
-0.583559,5.166244,1.426155
-0.533881,5.151958,1.426155
-0.484914,5.135957,1.392155
-0.437156,5.117037,1.392155
-0.387478,5.102751,1.426155
-0.337800,5.088465,1.426155
-0.288902,5.072296,1.375419
-0.241074,5.053544,1.392155
-0.191397,5.039258,1.426155
-0.141008,5.026688,1.426155
-0.089222,5.017492,1.392155
-0.039544,5.003207,1.426155
0.010134,4.988921,1.392155
0.059906,4.974863,1.392155
0.109584,4.960577,1.426155
0.159262,4.946292,1.426155
0.208418,4.930746,1.392155
0.256098,4.911638,1.426155
0.305776,4.897352,1.443682
0.355096,4.882203,1.426155
0.402777,4.863095,1.392155
0.452454,4.848809,1.426155
0.502132,4.834523,1.443682
0.551905,4.820465,1.375419
0.601677,4.806407,1.392155
0.651355,4.792122,1.426155
0.701390,4.778699,1.392155
0.753254,4.769692,1.426155
0.803067,4.755732,1.426155
0.852646,4.741208,1.392155
0.900327,4.722099,1.392155
0.949799,4.707318,1.426155
0.999477,4.693033,1.426155
1.048986,4.678340,1.392155
1.096666,4.659231,1.392155
1.146209,4.644619,1.426155
1.195986,4.630572,1.426155
1.247850,4.621564,1.375419
1.297922,4.608230,1.392155
1.347600,4.593944,1.426155
1.397446,4.580066,1.392155
1.449311,4.571058,1.426155
1.499312,4.557555,1.426155
1.548990,4.543269,1.392155
1.596670,4.524160,1.426155
1.645954,4.508924,1.443682
1.695632,4.494638,1.426155
1.745310,4.480352,1.392155
1.792990,4.461244,1.426155
1.842344,4.446176,1.426155
1.892022,4.431890,1.392155
1.941794,4.417832,1.392155
1.991472,4.403547,1.426155
2.041150,4.389261,1.426155
2.090828,4.374975,1.392155
2.140600,4.360917,1.426155
2.190278,4.346631,1.426155
2.239956,4.332346,1.392155
2.289728,4.318288,1.426155
2.339406,4.304002,1.426155
2.389084,4.289716,1.392155
2.436878,4.270884,1.392155
2.485809,4.254795,1.426155
2.535487,4.240509,1.426946
2.585165,4.226224,1.410209
2.634937,4.212166,1.392155
2.684615,4.197880,1.426155
2.734293,4.183594,1.426155
2.785855,4.173856,1.392155
2.836468,4.161828,1.426155
2.886146,4.147543,1.426155
2.935824,4.133257,1.392155
2.985596,4.119199,1.426155
3.035274,4.104913,1.426155
3.084952,4.090628,1.392155
3.134629,4.076342,1.375419
3.184402,4.062284,1.443682
3.234080,4.047998,1.426155
3.282227,4.030017,1.392155
3.330805,4.013077,1.426155
3.380483,3.998791,1.443682
3.430161,3.984505,1.426155
3.478238,3.966356,1.392155
3.526886,3.949584,1.426155
3.576564,3.935298,1.426155
3.627773,3.924708,1.392155
3.678739,3.913532,1.426155
3.728417,3.899247,1.426155
3.778095,3.884961,1.392155
3.827867,3.870903,1.426155
3.877545,3.856617,1.443682
3.927223,3.842332,1.426155
3.975559,3.824806,1.392155
4.023948,3.807410,1.392155
4.073626,3.793125,1.426155
4.123304,3.778839,1.426155
4.173076,3.764781,1.392155
4.222754,3.750495,1.426155
4.272432,3.736209,1.443682
4.322204,3.722152,1.375419
4.371882,3.707866,1.392155
4.421560,3.693580,1.426155
4.471238,3.679294,1.426155
4.521010,3.665236,1.392155
4.570688,3.650951,1.426155
4.620366,3.636665,1.426155
4.670138,3.622607,1.392155
4.719816,3.608321,1.426155
4.769494,3.594036,1.443682
4.818183,3.577363,1.426155
4.866219,3.559114,1.392155
4.915897,3.544829,1.426155
4.965575,3.530543,1.426155
5.015347,3.516485,1.375419
5.065025,3.502199,1.392155
5.114703,3.487914,1.426155
5.165370,3.476015,1.426155
5.216878,3.466148,1.392155
5.266555,3.451862,1.426155
5.316233,3.437576,1.426155
5.366970,3.425847,1.392155
5.418408,3.415810,1.426155
5.468086,3.401524,1.426155
5.517764,3.387239,1.392155
5.567536,3.373181,1.426155
5.617214,3.358895,1.443682
5.666256,3.343074,1.426155
5.712975,3.321645,1.392155
5.760893,3.303110,1.426155
5.810571,3.288825,1.443682
5.860248,3.274539,1.375419
5.910021,3.260481,1.392155
5.959698,3.246195,1.426155
6.010012,3.233445,1.426155
6.061873,3.224429,1.392155
6.111551,3.210144,1.426155
6.161229,3.195858,1.426155
6.210295,3.180096,1.392155
6.257975,3.160987,1.426155
6.307653,3.146701,1.443682
6.357331,3.132416,1.426155
6.407103,3.118358,1.392155
6.456781,3.104072,1.426155
6.506459,3.089786,1.443682
6.556231,3.075728,1.426155
6.606004,3.061671,1.392155
6.655681,3.047385,1.426155
6.705359,3.033099,1.426155
6.755131,3.019041,1.426155
6.804855,3.004865,1.443682
6.854344,2.990124,1.426155
6.902024,2.971015,1.392155
6.951587,2.956451,1.426155
7.001265,2.942165,1.426155
7.050684,2.927255,1.392155
7.098364,2.908147,1.392155
7.147996,2.893751,1.426155
7.197863,2.879921,1.426155
7.249727,2.870914,1.375419
7.299709,2.857362,1.392155
7.349387,2.843076,1.426155
7.399324,2.829415,1.392155
7.451188,2.820408,1.426155
7.501100,2.806687,1.426155
7.550778,2.792402,1.392155
7.600550,2.778344,1.375419
7.650322,2.764286,1.426946
7.700000,2.750000,1.426155
