#x_m,y_m
-11.94966136508635,-14.63482098289893
-11.999711365086348,-14.684870982898929
-11.999711365086348,-14.734920982898927
-12.049761365086347,-14.784970982898926
-12.09981136508635,-14.835020982898925
-12.09981136508635,-14.885070982898924
-12.149861365086348,-14.935120982898923
-12.199911365086347,-14.985170982898936
-12.199911365086347,-15.035220982898934
-12.24996136508635,-15.085270982898933
-12.24996136508635,-15.135320982898932
-12.300011365086348,-15.185370982898931
-12.300011365086348,-15.23542098289893
-12.350061365086347,-15.285470982898929
-12.40011136508635,-15.335520982898927
-12.40011136508635,-15.385570982898926
-12.450161365086348,-15.435620982898925
-12.450161365086348,-15.485670982898924
-12.500211365086347,-15.535720982898923
-12.500211365086347,-15.585770982898936
-12.55026136508635,-15.635820982898935
-12.55026136508635,-15.685870982898933
-12.600311365086348,-15.735920982898932
-12.600311365086348,-15.785970982898931
-12.650361365086347,-15.83602098289893
-12.650361365086347,-15.886070982898929
-12.70041136508635,-15.936120982898927
-12.70041136508635,-15.986170982898926
-12.70041136508635,-16.036220982898925
-12.750461365086348,-16.086270982898924
-12.750461365086348,-16.136320982898923
-12.800511365086347,-16.186370982898936
-12.800511365086347,-16.236420982898935
-12.85056136508635,-16.286470982898933
-12.85056136508635,-16.336520982898932
-12.900611365086348,-16.38657098289893
-12.900611365086348,-16.43662098289893
-12.900611365086348,-16.48667098289893
-12.950661365086347,-16.536720982898927
-12.950661365086347,-16.586770982898926
-12.950661365086347,-16.636820982898925
-12.950661365086347,-16.686870982898924
-13.00071136508635,-16.736920982898923
-13.00071136508635,-16.786970982898936
-13.00071136508635,-16.837020982898935
-13.00071136508635,-16.887070982898933
-13.00071136508635,-16.937120982898932
-13.00071136508635,-16.98717098289893
-13.050761365086348,-17.03722098289893
-13.050761365086348,-17.08727098289893
-13.050761365086348,-17.137320982898927
-13.050761365086348,-17.187370982898926
-13.050761365086348,-17.237420982898925
-13.050761365086348,-17.287470982898924
-13.100811365086347,-17.337520982898923
-13.100811365086347,-17.387570982898936
-13.100811365086347,-17.437620982898935
-13.100811365086347,-17.487670982898933
-13.100811365086347,-17.537720982898932
-13.100811365086347,-17.58777098289893
-13.100811365086347,-17.63782098289893
-13.15086136508635,-17.68787098289893
-13.15086136508635,-17.737920982898927
-13.15086136508635,-17.787970982898926
-13.15086136508635,-17.838020982898925
-13.15086136508635,-17.888070982898924
-13.15086136508635,-17.938120982898923
-13.15086136508635,-17.988170982898936
-13.15086136508635,-18.038220982898935
-13.100811365086347,-18.088270982898933
-13.100811365086347,-18.138320982898932
-13.100811365086347,-18.18837098289893
-13.100811365086347,-18.23842098289893
-13.100811365086347,-18.28847098289893
-13.100811365086347,-18.338520982898928
-13.100811365086347,-18.388570982898926
-13.100811365086347,-18.438620982898925
-13.100811365086347,-18.488670982898924
-13.100811365086347,-18.538720982898923
-13.100811365086347,-18.588770982898936
-13.100811365086347,-18.638820982898935
-13.050761365086348,-18.688870982898933
-13.050761365086348,-18.738920982898932
-13.050761365086348,-18.78897098289893
-13.050761365086348,-18.83902098289893
-13.050761365086348,-18.88907098289893
-13.050761365086348,-18.939120982898928
-13.050761365086348,-18.989170982898926
-13.050761365086348,-19.039220982898925
-13.050761365086348,-19.089270982898924
-13.00071136508635,-19.139320982898923
-13.00071136508635,-19.189370982898936
-13.00071136508635,-19.239420982898935
-13.00071136508635,-19.289470982898933
-12.950661365086347,-19.339520982898932
-12.950661365086347,-19.38957098289893
-12.950661365086347,-19.43962098289893
-12.900611365086348,-19.48967098289893
-12.900611365086348,-19.539720982898928
-12.900611365086348,-19.589770982898926
-12.900611365086348,-19.639820982898925
-12.900611365086348,-19.689870982898924
-12.85056136508635,-19.739920982898923
-12.85056136508635,-19.789970982898936
-12.85056136508635,-19.840020982898935
-12.85056136508635,-19.890070982898933
-12.800511365086347,-19.940120982898932
-12.800511365086347,-19.99017098289893
-12.750461365086348,-20.04022098289893
-12.750461365086348,-20.09027098289893
-12.750461365086348,-20.140320982898928
-12.750461365086348,-20.190370982898926
-12.70041136508635,-20.240420982898925
-12.70041136508635,-20.290470982898924
-12.650361365086347,-20.340520982898923
-12.650361365086347,-20.390570982898936
-12.600311365086348,-20.440620982898935
-12.600311365086348,-20.490670982898934
-12.600311365086348,-20.540720982898932
-12.55026136508635,-20.59077098289893
-12.55026136508635,-20.64082098289893
-12.500211365086347,-20.69087098289893
-12.500211365086347,-20.740920982898928
-12.450161365086348,-20.790970982898926
-12.450161365086348,-20.841020982898925
-12.40011136508635,-20.891070982898924
-12.40011136508635,-20.941120982898923
-12.350061365086347,-20.991170982898936
-12.300011365086348,-21.041220982898935
-12.300011365086348,-21.091270982898934
-12.24996136508635,-21.141320982898932
-12.24996136508635,-21.19137098289893
-12.199911365086347,-21.24142098289893
-12.149861365086348,-21.29147098289893
-12.09981136508635,-21.341520982898928
-12.049761365086347,-21.391570982898926
-11.999711365086348,-21.441620982898925
-11.94966136508635,-21.491670982898924
-11.94966136508635,-21.541720982898923
-11.899611365086347,-21.591770982898936
-11.849561365086348,-21.641820982898935
-11.79951136508635,-21.691870982898934
-11.749461365086347,-21.741920982898932
-11.699411365086348,-21.79197098289893
-11.64936136508635,-21.84202098289893
-11.599311365086347,-21.89207098289893
-11.549261365086348,-21.942120982898928
-11.49921136508635,-21.942120982898928
-11.449161365086347,-21.992170982898926
-11.399111365086348,-22.042220982898925
-11.34906136508635,-22.092270982898924
-11.299011365086347,-22.142320982898923
-11.248961365086348,-22.192370982898936
-11.19891136508635,-22.242420982898935
-11.148861365086347,-22.242420982898935
-11.098811365086348,-22.292470982898934
-11.04876136508635,-22.292470982898934
-10.998711365086347,-22.342520982898932
-10.948661365086348,-22.39257098289893
-10.89861136508635,-22.44262098289893
-10.848561365086347,-22.44262098289893
-10.798511365086348,-22.49267098289893
-10.74846136508635,-22.49267098289893
-10.698411365086347,-22.542720982898928
-10.648361365086348,-22.542720982898928
-10.59831136508635,-22.592770982898926
-10.548261365086347,-22.642820982898925
-10.498211365086348,-22.642820982898925
-10.44816136508635,-22.642820982898925
-10.398111365086347,-22.692870982898924
-10.348061365086348,-22.742920982898923
-10.29801136508635,-22.742920982898923
-10.247961365086347,-22.792970982898936
-10.197911365086348,-22.792970982898936
-10.14786136508635,-22.843020982898935
-10.097811365086347,-22.843020982898935
-10.047761365086348,-22.893070982898934
-9.99771136508635,-22.893070982898934
-9.947661365086347,-22.943120982898932
-9.897611365086348,-22.943120982898932
-9.84756136508635,-22.99317098289893
-9.797511365086347,-22.99317098289893
-9.747461365086348,-22.99317098289893
-9.69741136508635,-23.04322098289893
-9.647361365086347,-23.04322098289893
-9.597311365086348,-23.04322098289893
-9.54726136508635,-23.09327098289893
-9.497211365086347,-23.09327098289893
-9.447161365086348,-23.09327098289893
-9.39711136508635,-23.143320982898928
-9.347061365086347,-23.143320982898928
-9.297011365086348,-23.193370982898927
-9.24696136508635,-23.193370982898927
-9.196911365086347,-23.243420982898925
-9.146861365086348,-23.243420982898925
-9.09681136508635,-23.243420982898925
-9.046761365086347,-23.293470982898924
-8.996711365086348,-23.293470982898924
-8.94666136508635,-23.343520982898923
-8.896611365086347,-23.343520982898923
-8.846561365086348,-23.343520982898923
-8.79651136508635,-23.343520982898923
-8.746461365086347,-23.393570982898936
-8.696411365086348,-23.393570982898936
-8.64636136508635,-23.393570982898936
-8.596311365086347,-23.393570982898936
-8.546261365086348,-23.443620982898935
-8.49621136508635,-23.443620982898935
-8.446161365086347,-23.443620982898935
-8.396111365086348,-23.493670982898934
-8.34606136508635,-23.493670982898934
-8.296011365086347,-23.493670982898934
-8.245961365086348,-23.493670982898934
-8.19591136508635,-23.543720982898932
-8.145861365086347,-23.543720982898932
-8.095811365086348,-23.543720982898932
-8.04576136508635,-23.59377098289893
-7.995711365086347,-23.59377098289893
-7.945661365086348,-23.59377098289893
-7.895611365086349,-23.59377098289893
-7.845561365086347,-23.64382098289893
-7.795511365086348,-23.64382098289893
-7.745461365086349,-23.64382098289893
-7.695411365086347,-23.69387098289893
-7.645361365086348,-23.69387098289893
-7.595311365086349,-23.69387098289893
-7.545261365086347,-23.69387098289893
-7.495211365086348,-23.69387098289893
-7.445161365086349,-23.743920982898928
-7.3951113650863505,-23.743920982898928
-7.345061365086352,-23.743920982898928
-7.295011365086346,-23.793970982898927
-7.244961365086347,-23.793970982898927
-7.194911365086348,-23.793970982898927
-7.144861365086349,-23.844020982898925
-7.0948113650863505,-23.844020982898925
-7.044761365086352,-23.844020982898925
-6.994711365086346,-23.844020982898925
-6.944661365086347,-23.894070982898924
-6.894611365086348,-23.894070982898924
-6.844561365086349,-23.894070982898924
-6.7945113650863505,-23.894070982898924
-6.744461365086352,-23.944120982898923
-6.694411365086346,-23.944120982898923
-6.644361365086347,-23.944120982898923
-6.594311365086348,-23.994170982898936
-6.544261365086349,-23.994170982898936
-6.49421136508635,-23.994170982898936
-6.444161365086352,-23.994170982898936
-6.394111365086346,-24.044220982898935
-6.344061365086347,-24.044220982898935
-6.294011365086348,-24.044220982898935
-6.243961365086349,-24.044220982898935
-6.19391136508635,-24.094270982898934
-6.143861365086352,-24.094270982898934
-6.093811365086346,-24.094270982898934
-6.043761365086347,-24.144320982898932
-5.993711365086348,-24.144320982898932
-5.943661365086349,-24.144320982898932
-5.89361136508635,-24.144320982898932
-5.843561365086352,-24.19437098289893
-5.793511365086346,-24.19437098289893
-5.743461365086347,-24.19437098289893
-5.693411365086348,-24.24442098289893
-5.643361365086349,-24.24442098289893
-5.59331136508635,-24.24442098289893
-5.543261365086352,-24.24442098289893
-5.493211365086346,-24.29447098289893
-5.443161365086347,-24.29447098289893
-5.393111365086348,-24.29447098289893
-5.343061365086349,-24.344520982898928
-5.29301136508635,-24.344520982898928
-5.242961365086352,-24.344520982898928
-5.192911365086346,-24.344520982898928
-5.142861365086347,-24.394570982898927
-5.092811365086348,-24.394570982898927
-5.042761365086349,-24.394570982898927
-4.99271136508635,-24.444620982898925
-4.942661365086352,-24.444620982898925
-4.892611365086346,-24.444620982898925
-4.842561365086347,-24.444620982898925
-4.792511365086348,-24.49467098289893
-4.742461365086349,-24.49467098289893
-4.69241136508635,-24.49467098289893
-4.6423613650863516,-24.54472098289893
-4.592311365086346,-24.54472098289893
-4.542261365086347,-24.54472098289893
-4.492211365086348,-24.54472098289893
-4.442161365086349,-24.59477098289893
-4.39211136508635,-24.59477098289893
-4.3420613650863515,-24.59477098289893
-4.292011365086346,-24.644820982898928
-4.241961365086347,-24.644820982898928
-4.191911365086348,-24.644820982898928
-4.141861365086349,-24.644820982898928
-4.09181136508635,-24.694870982898927
-4.0417613650863515,-24.694870982898927
-3.9917113650863456,-24.694870982898927
-3.941661365086347,-24.744920982898925
-3.891611365086348,-24.744920982898925
-3.841561365086349,-24.744920982898925
-3.7915113650863503,-24.79497098289893
-3.7414613650863515,-24.79497098289893
-3.6914113650863456,-24.79497098289893
-3.641361365086347,-24.79497098289893
-3.591311365086348,-24.84502098289893
-3.541261365086349,-24.84502098289893
-3.4912113650863503,-24.84502098289893
-3.4411613650863515,-24.89507098289893
-3.3911113650863456,-24.89507098289893
-3.3410613650863468,-24.89507098289893
-3.291011365086348,-24.89507098289893
-3.240961365086349,-24.945120982898928
-3.1909113650863503,-24.945120982898928
-3.1408613650863515,-24.945120982898928
-3.0908113650863456,-24.995170982898927
-3.0407613650863468,-24.995170982898927
-2.990711365086348,-24.995170982898927
-2.940661365086349,-24.995170982898927
-2.8906113650863503,-25.045220982898925
-2.8405613650863515,-25.045220982898925
-2.7905113650863456,-25.045220982898925
-2.7404613650863467,-25.045220982898925
-2.690411365086348,-25.09527098289893
-2.640361365086349,-25.09527098289893
-2.5903113650863503,-25.09527098289893
-2.5402613650863515,-25.14532098289893
-2.4902113650863456,-25.14532098289893
-2.4401613650863467,-25.14532098289893
-2.390111365086348,-25.14532098289893
-2.340061365086349,-25.19537098289893
-2.2900113650863503,-25.19537098289893
-2.2399613650863515,-25.19537098289893
-2.1899113650863455,-25.245420982898928
-2.1398613650863467,-25.245420982898928
-2.089811365086348,-25.245420982898928
-2.039761365086349,-25.245420982898928
-1.9897113650863503,-25.295470982898927
-1.9396613650863515,-25.295470982898927
-1.8896113650863455,-25.295470982898927
-1.8395613650863467,-25.345520982898925
-1.789511365086348,-25.345520982898925
-1.739461365086349,-25.345520982898925
-1.6894113650863503,-25.345520982898925
-1.6393613650863514,-25.39557098289893
-1.5893113650863455,-25.39557098289893
-1.5392613650863467,-25.39557098289893
-1.4892113650863479,-25.39557098289893
-1.439161365086349,-25.39557098289893
-1.3891113650863502,-25.44562098289893
-1.3390613650863514,-25.44562098289893
-1.2890113650863455,-25.49567098289893
-1.2389613650863467,-25.49567098289893
-1.1889113650863479,-25.49567098289893
-1.138861365086349,-25.49567098289893
-1.0888113650863502,-25.545720982898928
-1.0387613650863514,-25.545720982898928
-0.9887113650863455,-25.545720982898928
-0.9386613650863467,-25.545720982898928
-0.8886113650863479,-25.595770982898927
-0.838561365086349,-25.595770982898927
-0.7885113650863502,-25.595770982898927
-0.7384613650863514,-25.595770982898927
-0.6884113650863526,-25.645820982898925
-0.6383613650863467,-25.645820982898925
-0.5883113650863478,-25.645820982898925
-0.538261365086349,-25.645820982898925
-0.4882113650863502,-25.69587098289893
-0.4381613650863514,-25.69587098289893
-0.3881113650863526,-25.69587098289893
-0.33806136508634665,-25.69587098289893
-0.28801136508634784,-25.74592098289893
-0.23796136508634902,-25.74592098289893
-0.1879113650863502,-25.74592098289893
-0.13786136508635138,-25.74592098289893
-0.08781136508635257,-25.79597098289893
-0.03776136508634664,-25.79597098289893
0.012288634913652174,-25.79597098289893
0.06233863491365099,-25.846020982898928
0.11238863491364981,-25.846020982898928
0.16243863491364863,-25.846020982898928
0.21248863491364745,-25.846020982898928
0.26253863491365337,-25.896070982898927
0.3125886349136522,-25.896070982898927
0.362638634913651,-25.896070982898927
0.4126886349136498,-25.896070982898927
0.46273863491364864,-25.946120982898925
0.5127886349136475,-25.946120982898925
0.5628386349136534,-25.946120982898925
0.6128886349136522,-25.946120982898925
0.662938634913651,-25.99617098289893
0.7129886349136498,-25.99617098289893
0.7630386349136487,-25.99617098289893
0.8130886349136475,-25.99617098289893
0.8631386349136534,-26.04622098289893
0.9131886349136522,-26.04622098289893
0.963238634913651,-26.04622098289893
1.0132886349136498,-26.04622098289893
1.0633386349136487,-26.09627098289893
1.1133886349136475,-26.09627098289893
1.1634386349136534,-26.09627098289893
1.2134886349136522,-26.09627098289893
1.263538634913651,-26.146320982898928
1.3135886349136499,-26.146320982898928
1.3636386349136487,-26.146320982898928
1.4136886349136475,-26.196370982898927
1.4637386349136534,-26.196370982898927
1.5137886349136522,-26.196370982898927
1.563838634913651,-26.196370982898927
1.6138886349136499,-26.246420982898925
1.6639386349136487,-26.246420982898925
1.7139886349136475,-26.246420982898925
1.7640386349136534,-26.246420982898925
1.8140886349136522,-26.29647098289893
1.864138634913651,-26.29647098289893
1.9141886349136499,-26.29647098289893
1.9642386349136487,-26.29647098289893
2.0142886349136475,-26.34652098289893
2.0643386349136534,-26.34652098289893
2.1143886349136523,-26.34652098289893
2.164438634913651,-26.34652098289893
2.21448863491365,-26.39657098289893
2.2645386349136487,-26.39657098289893
2.3145886349136475,-26.39657098289893
2.3646386349136534,-26.39657098289893
2.4146886349136523,-26.446620982898928
2.464738634913651,-26.446620982898928
2.51478863491365,-26.446620982898928
2.5648386349136487,-26.446620982898928
2.6148886349136475,-26.496670982898927
2.6649386349136535,-26.496670982898927
2.7149886349136523,-26.496670982898927
2.765038634913651,-26.546720982898925
2.81508863491365,-26.546720982898925
2.8651386349136487,-26.546720982898925
2.9151886349136475,-26.546720982898925
2.9652386349136535,-26.59677098289893
3.0152886349136523,-26.59677098289893
3.065338634913651,-26.59677098289893
3.11538863491365,-26.64682098289893
3.1654386349136487,-26.64682098289893
3.2154886349136476,-26.64682098289893
3.2655386349136535,-26.64682098289893
3.3155886349136523,-26.69687098289893
3.365638634913651,-26.69687098289893
3.41568863491365,-26.69687098289893
3.4657386349136488,-26.69687098289893
3.5157886349136476,-26.746920982898928
3.5658386349136535,-26.746920982898928
3.6158886349136523,-26.746920982898928
3.665938634913651,-26.746920982898928
3.71598863491365,-26.796970982898927
3.7660386349136488,-26.796970982898927
3.8160886349136476,-26.796970982898927
3.8661386349136535,-26.847020982898925
3.9161886349136523,-26.847020982898925
3.966238634913651,-26.847020982898925
4.01628863491365,-26.847020982898925
4.066338634913649,-26.89707098289893
4.116388634913648,-26.89707098289893
4.1664386349136535,-26.89707098289893
4.216488634913652,-26.94712098289893
4.266538634913651,-26.94712098289893
4.31658863491365,-26.94712098289893
4.366638634913649,-26.94712098289893
4.416688634913648,-26.99717098289893
4.4667386349136535,-26.99717098289893
4.516788634913652,-26.99717098289893
4.566838634913651,-27.047220982898928
4.61688863491365,-27.047220982898928
4.666938634913649,-27.047220982898928
4.716988634913648,-27.097270982898927
4.7670386349136535,-27.097270982898927
4.817088634913652,-27.097270982898927
4.867138634913651,-27.097270982898927
4.91718863491365,-27.147320982898925
4.967238634913649,-27.147320982898925
5.017288634913648,-27.147320982898925
5.0673386349136536,-27.19737098289893
5.117388634913652,-27.19737098289893
5.167438634913651,-27.19737098289893
5.21748863491365,-27.19737098289893
5.267538634913649,-27.24742098289893
5.317588634913648,-27.24742098289893
5.367638634913654,-27.24742098289893
5.417688634913652,-27.29747098289893
5.467738634913651,-27.29747098289893
5.51778863491365,-27.29747098289893
5.567838634913649,-27.347520982898928
5.617888634913648,-27.347520982898928
5.667938634913654,-27.347520982898928
5.717988634913652,-27.347520982898928
5.768038634913651,-27.397570982898927
5.81808863491365,-27.397570982898927
5.868138634913649,-27.397570982898927
5.918188634913648,-27.447620982898925
5.968238634913654,-27.447620982898925
6.018288634913652,-27.447620982898925
6.068338634913651,-27.49767098289893
6.11838863491365,-27.49767098289893
6.168438634913649,-27.49767098289893
6.218488634913648,-27.49767098289893
6.268538634913654,-27.54772098289893
6.318588634913652,-27.54772098289893
6.368638634913651,-27.54772098289893
6.41868863491365,-27.59777098289893
6.468738634913649,-27.59777098289893
6.518788634913648,-27.59777098289893
6.568838634913654,-27.647820982898928
6.618888634913652,-27.647820982898928
6.668938634913651,-27.647820982898928
6.71898863491365,-27.697870982898927
6.769038634913649,-27.697870982898927
6.819088634913648,-27.697870982898927
6.869138634913654,-27.747920982898926
6.919188634913652,-27.747920982898926
6.969238634913651,-27.747920982898926
7.01928863491365,-27.79797098289893
7.069338634913649,-27.79797098289893
7.119388634913648,-27.79797098289893
7.169438634913654,-27.84802098289893
7.2194886349136524,-27.84802098289893
7.269538634913651,-27.84802098289893
7.31958863491365,-27.89807098289893
7.369638634913649,-27.89807098289893
7.419688634913648,-27.89807098289893
7.469738634913654,-27.948120982898928
7.5197886349136525,-27.948120982898928
7.569838634913651,-27.948120982898928
7.61988863491365,-27.998170982898927
7.669938634913649,-27.998170982898927
7.719988634913648,-27.998170982898927
7.770038634913654,-28.048220982898926
7.8200886349136525,-28.048220982898926
7.870138634913651,-28.09827098289893
7.92018863491365,-28.09827098289893
7.970238634913649,-28.09827098289893
8.020288634913648,-28.14832098289893
8.070338634913654,-28.14832098289893
8.120388634913652,-28.19837098289893
8.170438634913651,-28.19837098289893
8.22048863491365,-28.248420982898928
8.270538634913649,-28.248420982898928
8.320588634913648,-28.298470982898927
8.370638634913654,-28.298470982898927
8.420688634913652,-28.348520982898926
8.470738634913651,-28.348520982898926
8.52078863491365,-28.39857098289893
8.570838634913649,-28.39857098289893
8.620888634913648,-28.39857098289893
8.670938634913654,-28.44862098289893
8.720988634913653,-28.44862098289893
8.771038634913651,-28.49867098289893
8.82108863491365,-28.49867098289893
8.871138634913649,-28.548720982898928
8.921188634913648,-28.548720982898928
8.971238634913654,-28.598770982898927
9.021288634913653,-28.598770982898927
9.071338634913651,-28.648820982898926
9.12138863491365,-28.648820982898926
9.171438634913649,-28.69887098289893
9.221488634913648,-28.69887098289893
9.271538634913654,-28.74892098289893
9.321588634913653,-28.74892098289893
9.371638634913651,-28.79897098289893
9.42168863491365,-28.79897098289893
9.471738634913649,-28.849020982898928
9.521788634913648,-28.849020982898928
9.571838634913654,-28.849020982898928
9.621888634913653,-28.899070982898927
9.671938634913651,-28.899070982898927
9.72198863491365,-28.949120982898926
9.772038634913649,-28.949120982898926
9.822088634913648,-28.99917098289893
9.872138634913654,-28.99917098289893
9.922188634913653,-29.04922098289893
9.972238634913651,-29.04922098289893
10.02228863491365,-29.09927098289893
10.072338634913649,-29.09927098289893
10.122388634913648,-29.149320982898928
10.172438634913654,-29.149320982898928
10.222488634913653,-29.199370982898927
10.272538634913651,-29.199370982898927
10.32258863491365,-29.249420982898926
10.372638634913649,-29.249420982898926
10.422688634913648,-29.29947098289893
10.472738634913654,-29.29947098289893
10.522788634913653,-29.34952098289893
10.572838634913651,-29.34952098289893
10.62288863491365,-29.39957098289893
10.672938634913649,-29.39957098289893
10.722988634913648,-29.449620982898928
10.773038634913654,-29.449620982898928
10.823088634913653,-29.499670982898927
10.873138634913651,-29.499670982898927
10.92318863491365,-29.549720982898926
10.973238634913649,-29.59977098289893
11.023288634913648,-29.59977098289893
11.073338634913654,-29.64982098289893
11.123388634913653,-29.64982098289893
11.173438634913651,-29.69987098289893
11.22348863491365,-29.69987098289893
11.273538634913649,-29.749920982898928
11.323588634913648,-29.749920982898928
11.373638634913654,-29.749920982898928
11.423688634913653,-29.799970982898927
11.473738634913651,-29.850020982898926
11.52378863491365,-29.850020982898926
11.573838634913649,-29.90007098289893
11.623888634913648,-29.90007098289893
11.673938634913654,-29.95012098289893
11.723988634913653,-29.95012098289893
11.774038634913651,-30.00017098289893
11.82408863491365,-30.050220982898928
11.874138634913649,-30.050220982898928
11.924188634913648,-30.050220982898928
11.974238634913647,-30.100270982898927
12.024288634913653,-30.150320982898926
12.074338634913651,-30.150320982898926
12.12438863491365,-30.20037098289893
12.174438634913649,-30.20037098289893
12.224488634913648,-30.25042098289893
12.274538634913647,-30.25042098289893
12.324588634913653,-30.25042098289893
12.374638634913651,-30.30047098289893
12.42468863491365,-30.350520982898928
12.474738634913649,-30.350520982898928
12.524788634913648,-30.400570982898927
12.574838634913647,-30.450620982898926
12.624888634913653,-30.450620982898926
12.674938634913651,-30.50067098289893
12.72498863491365,-30.50067098289893
12.775038634913649,-30.55072098289893
12.825088634913648,-30.55072098289893
12.875138634913647,-30.60077098289893
12.925188634913653,-30.60077098289893
12.975238634913651,-30.60077098289893
13.02528863491365,-30.650820982898928
13.07533863491365,-30.700870982898927
13.125388634913648,-30.700870982898927
13.175438634913647,-30.750920982898926
13.225488634913653,-30.80097098289893
13.275538634913651,-30.80097098289893
13.32558863491365,-30.80097098289893
13.37563863491365,-30.85102098289893
13.425688634913648,-30.90107098289893
13.475738634913647,-30.90107098289893
13.525788634913653,-30.951120982898928
13.575838634913652,-30.951120982898928
13.62588863491365,-31.001170982898927
13.67593863491365,-31.051220982898926
13.725988634913648,-31.051220982898926
13.776038634913647,-31.10127098289893
13.826088634913653,-31.10127098289893
13.876138634913652,-31.15132098289893
13.92618863491365,-31.15132098289893
13.97623863491365,-31.20137098289893
14.026288634913648,-31.20137098289893
14.076338634913647,-31.251420982898928
14.126388634913653,-31.251420982898928
14.176438634913652,-31.301470982898927
14.22648863491365,-31.301470982898927
14.27653863491365,-31.351520982898926
14.326588634913648,-31.40157098289893
14.376638634913647,-31.40157098289893
14.426688634913653,-31.45162098289893
14.476738634913652,-31.45162098289893
14.52678863491365,-31.45162098289893
14.57683863491365,-31.50167098289893
14.626888634913648,-31.551720982898928
14.676938634913647,-31.551720982898928
14.726988634913653,-31.551720982898928
14.777038634913652,-31.601770982898927
14.82708863491365,-31.651820982898926
14.87713863491365,-31.651820982898926
14.927188634913648,-31.70187098289893
14.977238634913647,-31.75192098289893
15.027288634913653,-31.75192098289893
15.077338634913652,-31.75192098289893
15.12738863491365,-31.80197098289893
15.17743863491365,-31.852020982898928
15.227488634913648,-31.852020982898928
15.277538634913647,-31.902070982898927
15.327588634913653,-31.902070982898927
15.377638634913652,-31.952120982898926
15.42768863491365,-31.952120982898926
15.47773863491365,-32.00217098289893
15.527788634913648,-32.05222098289893
15.577838634913647,-32.05222098289893
15.627888634913653,-32.10227098289893
15.677938634913652,-32.10227098289893
15.72798863491365,-32.15232098289893
15.77803863491365,-32.15232098289893
15.828088634913648,-32.15232098289893
15.878138634913647,-32.20237098289893
15.928188634913653,-32.252420982898926
15.978238634913652,-32.252420982898926
16.02828863491365,-32.30247098289893
16.07833863491365,-32.30247098289893
16.128388634913648,-32.35252098289893
16.178438634913647,-32.40257098289893
16.228488634913653,-32.40257098289893
16.27853863491365,-32.40257098289893
16.32858863491365,-32.45262098289893
16.37863863491365,-32.50267098289893
16.428688634913648,-32.50267098289893
16.478738634913647,-32.50267098289893
16.528788634913653,-32.552720982898926
16.57883863491365,-32.60277098289893
16.62888863491365,-32.60277098289893
16.67893863491365,-32.60277098289893
16.728988634913648,-32.65282098289893
16.779038634913647,-32.70287098289893
16.829088634913653,-32.70287098289893
16.87913863491365,-32.75292098289893
16.92918863491365,-32.80297098289893
16.97923863491365,-32.80297098289893
17.029288634913648,-32.853020982898926
17.079338634913647,-32.853020982898926
17.129388634913653,-32.90307098289893
17.17943863491365,-32.90307098289893
17.22948863491365,-32.95312098289893
17.27953863491365,-32.95312098289893
17.329588634913648,-32.95312098289893
17.379638634913647,-33.00317098289893
17.429688634913653,-33.05322098289893
17.47973863491365,-33.10327098289893
17.52978863491365,-33.10327098289893
17.57983863491365,-33.153320982898926
17.629888634913648,-33.153320982898926
17.679938634913647,-33.20337098289893
17.729988634913653,-33.20337098289893
17.78003863491365,-33.25342098289893
17.83008863491365,-33.25342098289893
17.88013863491365,-33.30347098289893
17.930188634913648,-33.30347098289893
17.980238634913647,-33.30347098289893
18.030288634913653,-33.35352098289893
18.08033863491365,-33.40357098289893
18.13038863491365,-33.40357098289893
18.18043863491365,-33.453620982898926
18.230488634913648,-33.453620982898926
18.280538634913647,-33.50367098289893
18.330588634913653,-33.55372098289893
18.38063863491365,-33.55372098289893
18.43068863491365,-33.55372098289893
18.48073863491365,-33.60377098289893
18.530788634913648,-33.65382098289893
18.580838634913647,-33.65382098289893
18.630888634913653,-33.65382098289893
18.68093863491365,-33.70387098289893
18.73098863491365,-33.753920982898926
18.78103863491365,-33.753920982898926
18.831088634913648,-33.80397098289893
18.881138634913647,-33.85402098289893
18.931188634913653,-33.85402098289893
18.98123863491365,-33.90407098289893
19.03128863491365,-33.90407098289893
19.08133863491365,-33.90407098289893
19.131388634913648,-33.95412098289893
19.181438634913647,-34.00417098289893
19.231488634913653,-34.00417098289893
19.28153863491365,-34.00417098289893
19.33158863491365,-34.054220982898926
19.38163863491365,-34.10427098289893
19.431688634913648,-34.10427098289893
19.481738634913647,-34.10427098289893
19.531788634913653,-34.15432098289893
19.58183863491365,-34.20437098289893
19.63188863491365,-34.20437098289893
19.68193863491365,-34.25442098289893
19.731988634913648,-34.30447098289893
19.782038634913647,-34.30447098289893
19.832088634913653,-34.354520982898926
19.88213863491365,-34.354520982898926
19.93218863491365,-34.40457098289893
19.98223863491365,-34.40457098289893
20.032288634913648,-34.40457098289893
20.082338634913647,-34.45462098289893
20.132388634913653,-34.50467098289893
20.18243863491365,-34.50467098289893
20.23248863491365,-34.55472098289893
20.28253863491365,-34.55472098289893
20.332588634913648,-34.60477098289893
20.382638634913647,-34.60477098289893
20.432688634913653,-34.654820982898926
20.48273863491365,-34.654820982898926
20.53278863491365,-34.70487098289893
20.58283863491365,-34.75492098289893
20.632888634913648,-34.75492098289893
20.682938634913647,-34.75492098289893
20.732988634913653,-34.80497098289893
20.783038634913652,-34.85502098289893
20.83308863491365,-34.85502098289893
20.88313863491365,-34.85502098289893
20.93318863491365,-34.90507098289893
20.983238634913647,-34.955120982898926
21.033288634913653,-34.955120982898926
21.083338634913652,-35.00517098289893
21.13338863491365,-35.00517098289893
21.18343863491365,-35.05522098289893
21.23348863491365,-35.10527098289893
21.283538634913647,-35.10527098289893
21.333588634913653,-35.15532098289893
21.383638634913652,-35.15532098289893
21.43368863491365,-35.20537098289893
21.48373863491365,-35.20537098289893
21.53378863491365,-35.20537098289893
21.583838634913647,-35.255420982898926
21.633888634913653,-35.30547098289893
21.683938634913652,-35.30547098289893
21.73398863491365,-35.30547098289893
21.78403863491365,-35.35552098289893
21.83408863491365,-35.40557098289893
21.884138634913647,-35.40557098289893
21.934188634913653,-35.45562098289893
21.984238634913652,-35.45562098289893
22.03428863491365,-35.50567098289893
22.08433863491365,-35.555720982898926
22.13438863491365,-35.555720982898926
22.184438634913647,-35.60577098289893
22.234488634913653,-35.60577098289893
22.284538634913652,-35.65582098289893
22.33458863491365,-35.65582098289893
22.38463863491365,-35.70587098289893
22.43468863491365,-35.70587098289893
22.484738634913647,-35.70587098289893
22.534788634913653,-35.75592098289893
22.584838634913652,-35.80597098289893
22.63488863491365,-35.80597098289893
22.68493863491365,-35.856020982898926
22.73498863491365,-35.856020982898926
22.785038634913647,-35.90607098289893
22.835088634913653,-35.90607098289893
22.885138634913652,-35.95612098289893
22.93518863491365,-35.95612098289893
22.98523863491365,-36.00617098289893
23.03528863491365,-36.05622098289893
23.085338634913647,-36.05622098289893
23.135388634913653,-36.05622098289893
23.185438634913652,-36.10627098289893
23.23548863491365,-36.156320982898926
23.28553863491365,-36.156320982898926
23.33558863491365,-36.20637098289893
23.385638634913647,-36.20637098289893
23.435688634913653,-36.25642098289893
23.485738634913652,-36.25642098289893
23.53578863491365,-36.25642098289893
23.58583863491365,-36.30647098289893
23.63588863491365,-36.35652098289893
23.685938634913647,-36.35652098289893
23.735988634913653,-36.40657098289893
23.786038634913652,-36.40657098289893
23.83608863491365,-36.456620982898926
23.88613863491365,-36.50667098289893
23.93618863491365,-36.50667098289893
23.986238634913647,-36.55672098289893
24.036288634913653,-36.55672098289893
24.086338634913652,-36.60677098289893
24.13638863491365,-36.60677098289893
24.18643863491365,-36.65682098289893
24.23648863491365,-36.65682098289893
24.286538634913647,-36.65682098289893
24.336588634913653,-36.70687098289893
24.386638634913652,-36.756920982898926
24.43668863491365,-36.756920982898926
24.48673863491365,-36.80697098289893
24.53678863491365,-36.80697098289893
24.586838634913647,-36.85702098289893
24.636888634913646,-36.85702098289893
24.686938634913645,-36.90707098289893
24.736988634913644,-36.95712098289893
24.787038634913642,-36.95712098289893
24.837088634913655,-37.00717098289893
24.887138634913654,-37.00717098289893
24.937188634913653,-37.057220982898926
24.987238634913652,-37.057220982898926
25.03728863491365,-37.107270982898925
25.08733863491365,-37.107270982898925
25.13738863491365,-37.107270982898925
25.187438634913647,-37.15732098289893
25.237488634913646,-37.20737098289893
25.287538634913645,-37.20737098289893
25.337588634913644,-37.20737098289893
25.387638634913642,-37.25742098289893
25.437688634913656,-37.30747098289893
25.487738634913654,-37.30747098289893
25.537788634913653,-37.357520982898926
25.587838634913652,-37.357520982898926
25.63788863491365,-37.407570982898925
25.68793863491365,-37.45762098289893
25.73798863491365,-37.45762098289893
25.788038634913647,-37.50767098289893
25.838088634913646,-37.50767098289893
25.888138634913645,-37.55772098289893
25.938188634913644,-37.55772098289893
25.988238634913642,-37.55772098289893
26.038288634913656,-37.60777098289893
26.088338634913654,-37.657820982898926
26.138388634913653,-37.657820982898926
26.188438634913652,-37.707870982898925
26.23848863491365,-37.707870982898925
26.28853863491365,-37.75792098289893
26.33858863491365,-37.75792098289893
26.388638634913647,-37.80797098289893
26.438688634913646,-37.80797098289893
26.488738634913645,-37.85802098289893
26.538788634913644,-37.85802098289893
26.588838634913643,-37.90807098289893
26.638888634913656,-37.958120982898926
26.688938634913654,-37.958120982898926
26.738988634913653,-37.958120982898926
26.789038634913652,-38.008170982898925
26.83908863491365,-38.05822098289893
26.88913863491365,-38.05822098289893
26.93918863491365,-38.10827098289893
26.989238634913647,-38.10827098289893
27.039288634913646,-38.15832098289893
27.089338634913645,-38.15832098289893
27.139388634913644,-38.15832098289893
27.189438634913643,-38.20837098289893
27.239488634913656,-38.258420982898926
27.289538634913654,-38.258420982898926
27.339588634913653,-38.308470982898925
27.389638634913652,-38.308470982898925
27.43968863491365,-38.35852098289893
27.48973863491365,-38.35852098289893
27.53978863491365,-38.40857098289893
27.589838634913647,-38.40857098289893
27.639888634913646,-38.45862098289893
27.689938634913645,-38.50867098289893
27.739988634913644,-38.50867098289893
27.790038634913643,-38.558720982898926
27.840088634913656,-38.558720982898926
27.890138634913654,-38.608770982898925
27.940188634913653,-38.608770982898925
27.990238634913652,-38.65882098289893
28.04028863491365,-38.65882098289893
28.09033863491365,-38.70887098289893
28.14038863491365,-38.70887098289893
28.190438634913647,-38.70887098289893
28.240488634913646,-38.75892098289893
28.290538634913645,-38.80897098289893
28.340588634913644,-38.80897098289893
28.390638634913643,-38.859020982898926
28.440688634913656,-38.859020982898926
28.490738634913654,-38.909070982898925
28.540788634913653,-38.909070982898925
28.590838634913652,-38.95912098289893
28.64088863491365,-39.00917098289893
28.69093863491365,-39.00917098289893
28.74098863491365,-39.00917098289893
28.791038634913647,-39.05922098289893
28.841088634913646,-39.10927098289893
28.891138634913645,-39.10927098289893
28.941188634913644,-39.159320982898926
28.991238634913643,-39.159320982898926
29.041288634913656,-39.159320982898926
29.091338634913654,-39.209370982898925
29.141388634913653,-39.25942098289893
29.191438634913652,-39.25942098289893
29.24148863491365,-39.25942098289893
29.29153863491365,-39.30947098289893
29.34158863491365,-39.35952098289893
29.391638634913647,-39.35952098289893
29.441688634913646,-39.40957098289893
29.491738634913645,-39.459620982898926
29.541788634913644,-39.459620982898926
29.591838634913643,-39.459620982898926
29.641888634913656,-39.509670982898925
29.691938634913654,-39.55972098289893
29.741988634913653,-39.55972098289893
29.792038634913652,-39.60977098289893
29.84208863491365,-39.60977098289893
29.89213863491365,-39.60977098289893
29.94218863491365,-39.65982098289893
29.992238634913647,-39.70987098289893
30.042288634913646,-39.70987098289893
30.092338634913645,-39.759920982898926
30.142388634913644,-39.759920982898926
30.192438634913643,-39.809970982898925
30.242488634913656,-39.809970982898925
30.292538634913655,-39.809970982898925
30.342588634913653,-39.86002098289893
30.392638634913652,-39.91007098289893
30.44268863491365,-39.91007098289893
30.49273863491365,-39.96012098289893
30.54278863491365,-39.96012098289893
30.592838634913647,-40.01017098289893
30.642888634913646,-40.060220982898926
30.692938634913645,-40.060220982898926
30.742988634913644,-40.110270982898925
30.793038634913643,-40.110270982898925
30.843088634913656,-40.16032098289893
30.893138634913655,-40.16032098289893
30.943188634913653,-40.21037098289893
30.993238634913652,-40.21037098289893
31.04328863491365,-40.21037098289893
31.09333863491365,-40.26042098289893
31.14338863491365,-40.31047098289893
31.193438634913647,-40.31047098289893
31.243488634913646,-40.31047098289893
31.293538634913645,-40.360520982898926
31.343588634913644,-40.410570982898925
31.393638634913643,-40.410570982898925
31.443688634913656,-40.46062098289893
31.493738634913655,-40.51067098289893
31.543788634913653,-40.51067098289893
31.593838634913652,-40.56072098289893
31.64388863491365,-40.56072098289893
31.69393863491365,-40.56072098289893
31.74398863491365,-40.61077098289893
31.794038634913647,-40.660820982898926
31.844088634913646,-40.660820982898926
31.894138634913645,-40.660820982898926
31.944188634913644,-40.710870982898925
31.994238634913643,-40.76092098289893
32.044288634913656,-40.76092098289893
32.094338634913655,-40.76092098289893
32.14438863491365,-40.81097098289893
32.19443863491365,-40.86102098289893
32.24448863491365,-40.86102098289893
32.29453863491365,-40.91107098289893
32.34458863491365,-40.91107098289893
32.39463863491365,-40.961120982898926
32.444688634913646,-41.011170982898925
32.494738634913645,-41.011170982898925
32.544788634913644,-41.06122098289893
32.59483863491364,-41.06122098289893
32.644888634913656,-41.11127098289893
32.694938634913655,-41.11127098289893
32.74498863491365,-41.16132098289893
32.79503863491365,-41.16132098289893
32.84508863491365,-41.16132098289893
32.89513863491365,-41.21137098289893
32.94518863491365,-41.261420982898926
32.99523863491365,-41.261420982898926
33.045288634913646,-41.311470982898925
33.095338634913645,-41.311470982898925
33.145388634913644,-41.36152098289893
33.19543863491364,-41.36152098289893
33.245488634913656,-41.41157098289893
33.295538634913655,-41.41157098289893
33.34558863491365,-41.46162098289893
33.39563863491365,-41.51167098289893
33.44568863491365,-41.51167098289893
33.49573863491365,-41.51167098289893
33.54578863491365,-41.561720982898926
33.59583863491365,-41.611770982898925
33.645888634913646,-41.611770982898925
33.695938634913645,-41.611770982898925
33.745988634913644,-41.66182098289893
33.79603863491364,-41.71187098289893
33.846088634913656,-41.71187098289893
33.896138634913655,-41.71187098289893
33.94618863491365,-41.76192098289893
33.99623863491365,-41.81197098289893
34.04628863491365,-41.81197098289893
34.09633863491365,-41.862020982898926
34.14638863491365,-41.862020982898926
34.19643863491365,-41.912070982898925
34.246488634913646,-41.912070982898925
34.296538634913645,-41.96212098289893
34.346588634913644,-41.96212098289893
34.39663863491364,-42.01217098289893
34.446688634913656,-42.06222098289893
34.496738634913655,-42.06222098289893
34.54678863491365,-42.06222098289893
34.59683863491365,-42.11227098289893
34.64688863491365,-42.162320982898926
34.69693863491365,-42.162320982898926
34.74698863491365,-42.162320982898926
34.79703863491365,-42.212370982898925
34.847088634913646,-42.26242098289893
34.897138634913645,-42.26242098289893
34.947188634913644,-42.26242098289893
34.99723863491364,-42.31247098289893
35.047288634913656,-42.36252098289893
35.097338634913655,-42.36252098289893
35.14738863491365,-42.41257098289893
35.19743863491365,-42.41257098289893
35.24748863491365,-42.462620982898926
35.29753863491365,-42.512670982898925
35.34758863491365,-42.512670982898925
35.39763863491365,-42.56272098289893
35.447688634913646,-42.56272098289893
35.497738634913645,-42.56272098289893
35.547788634913644,-42.61277098289893
35.59783863491364,-42.66282098289893
35.647888634913656,-42.66282098289893
35.697938634913655,-42.71287098289893
35.74798863491365,-42.71287098289893
35.79803863491365,-42.762920982898926
35.84808863491365,-42.762920982898926
35.89813863491365,-42.812970982898925
35.94818863491365,-42.812970982898925
35.99823863491365,-42.86302098289893
36.048288634913646,-42.86302098289893
36.098338634913645,-42.91307098289893
36.148388634913644,-42.91307098289893
36.19843863491364,-42.96312098289893
36.248488634913656,-43.01317098289893
36.298538634913655,-43.01317098289893
36.34858863491365,-43.01317098289893
36.39863863491365,-43.063220982898926
36.44868863491365,-43.113270982898925
36.49873863491365,-43.113270982898925
36.54878863491365,-43.16332098289893
36.59883863491365,-43.16332098289893
36.64888863491365,-43.16332098289893
36.698938634913645,-43.21337098289893
36.748988634913644,-43.26342098289893
36.79903863491364,-43.26342098289893
36.849088634913656,-43.31347098289893
36.899138634913655,-43.363520982898926
36.949188634913654,-43.363520982898926
36.99923863491365,-43.413570982898925
37.04928863491365,-43.413570982898925
37.09933863491365,-43.413570982898925
37.14938863491365,-43.46362098289893
37.19943863491365,-43.51367098289893
37.24948863491365,-43.51367098289893
37.299538634913645,-43.56372098289893
37.349588634913644,-43.56372098289893
37.39963863491364,-43.61377098289893
37.449688634913656,-43.61377098289893
37.499738634913655,-43.663820982898926
37.549788634913654,-43.713870982898925
37.59983863491365,-43.713870982898925
37.64988863491365,-43.76392098289893
37.69993863491365,-43.76392098289893
37.74998863491365,-43.76392098289893
37.80003863491365,-43.81397098289893
37.85008863491365,-43.86402098289893
37.900138634913645,-43.86402098289893
37.950188634913644,-43.86402098289893
38.00023863491364,-43.91407098289893
38.05028863491364,-43.964120982898926
38.100338634913655,-43.964120982898926
38.150388634913654,-44.014170982898925
38.20043863491365,-44.06422098289893
38.25048863491365,-44.06422098289893
38.30053863491365,-44.11427098289893
38.35058863491365,-44.11427098289893
38.40063863491365,-44.16432098289893
38.45068863491365,-44.16432098289893
38.500738634913645,-44.21437098289893
38.550788634913644,-44.21437098289893
38.60083863491364,-44.21437098289893
38.65088863491364,-44.264420982898926
38.700938634913655,-44.314470982898925
38.750988634913654,-44.314470982898925
38.80103863491365,-44.36452098289893
38.85108863491365,-44.41457098289893
38.90113863491365,-44.41457098289893
38.95118863491365,-44.46462098289893
39.00123863491365,-44.46462098289893
39.05128863491365,-44.46462098289893
39.101338634913645,-44.51467098289893
39.151388634913644,-44.564720982898926
39.20143863491364,-44.564720982898926
39.25148863491364,-44.614770982898925
39.301538634913655,-44.614770982898925
39.351588634913654,-44.66482098289893
39.40163863491365,-44.71487098289893
39.45168863491365,-44.71487098289893
39.50173863491365,-44.71487098289893
39.55178863491365,-44.76492098289893
39.60183863491365,-44.81497098289893
39.65188863491365,-44.81497098289893
39.701938634913645,-44.81497098289893
39.751988634913644,-44.865020982898926
39.80203863491364,-44.915070982898925
39.85208863491364,-44.915070982898925
39.902138634913655,-44.96512098289893
39.952188634913654,-45.01517098289893
40.00223863491365,-45.01517098289893
40.05228863491365,-45.06522098289893
40.10233863491365,-45.06522098289893
40.15238863491365,-45.06522098289893
40.20243863491365,-45.11527098289893
40.25248863491365,-45.165320982898926
40.302538634913645,-45.165320982898926
40.352588634913644,-45.165320982898926
40.40263863491364,-45.215370982898925
40.45268863491364,-45.26542098289893
40.502738634913655,-45.26542098289893
40.552788634913654,-45.31547098289893
40.60283863491365,-45.36552098289893
40.65288863491365,-45.36552098289893
40.70293863491365,-45.41557098289893
40.75298863491365,-45.41557098289893
40.80303863491365,-45.465620982898926
40.85308863491365,-45.465620982898926
40.903138634913645,-45.515670982898925
40.953188634913644,-45.515670982898925
41.00323863491364,-45.56572098289893
41.05328863491364,-45.61577098289893
41.103338634913655,-45.61577098289893
41.153388634913654,-45.66582098289893
41.20343863491365,-45.66582098289893
41.25348863491365,-45.66582098289893
41.30353863491365,-45.71587098289893
41.35358863491365,-45.765920982898926
41.40363863491365,-45.765920982898926
41.45368863491365,-45.815970982898925
41.503738634913645,-45.86602098289893
41.553788634913644,-45.86602098289893
41.60383863491364,-45.86602098289893
41.65388863491364,-45.91607098289893
41.703938634913655,-45.96612098289893
41.753988634913654,-45.96612098289893
41.80403863491365,-46.01617098289893
41.85408863491365,-46.01617098289893
41.90413863491365,-46.066220982898926
41.95418863491365,-46.116270982898925
42.00423863491365,-46.116270982898925
42.05428863491365,-46.116270982898925
42.104338634913645,-46.16632098289893
42.154388634913644,-46.21637098289893
42.20443863491364,-46.21637098289893
42.25448863491364,-46.26642098289893
42.304538634913655,-46.31647098289893
42.354588634913654,-46.31647098289893
42.40463863491365,-46.366520982898926
42.45468863491365,-46.366520982898926
42.50473863491365,-46.416570982898925
42.55478863491365,-46.416570982898925
42.60483863491365,-46.46662098289893
42.65488863491365,-46.46662098289893
42.704938634913646,-46.51667098289893
42.754988634913644,-46.56672098289893
42.80503863491364,-46.56672098289893
42.85508863491364,-46.61677098289893
42.905138634913655,-46.61677098289893
42.955188634913654,-46.666820982898926
43.00523863491365,-46.666820982898926
43.05528863491365,-46.716870982898925
43.10533863491365,-46.716870982898925
43.15538863491365,-46.76692098289893
43.20543863491365,-46.81697098289893
43.25548863491365,-46.81697098289893
43.305538634913646,-46.86702098289893
43.355588634913644,-46.86702098289893
43.40563863491364,-46.91707098289893
43.45568863491364,-46.91707098289893
43.505738634913655,-46.967120982898926
43.555788634913654,-47.017170982898925
43.60583863491365,-47.017170982898925
43.65588863491365,-47.06722098289893
43.70593863491365,-47.06722098289893
43.75598863491365,-47.11727098289893
43.80603863491365,-47.16732098289893
43.85608863491365,-47.16732098289893
43.906138634913646,-47.21737098289893
43.956188634913644,-47.21737098289893
44.00623863491364,-47.267420982898926
44.05628863491364,-47.317470982898925
44.106338634913655,-47.317470982898925
44.156388634913654,-47.36752098289893
44.20643863491365,-47.41757098289893
44.25648863491365,-47.41757098289893
44.30653863491365,-47.46762098289893
44.35658863491365,-47.51767098289893
44.40663863491365,-47.51767098289893
44.45668863491365,-47.567720982898926
44.506738634913646,-47.617770982898925
44.556788634913644,-47.617770982898925
44.60683863491364,-47.66782098289893
44.65688863491364,-47.71787098289893
44.706938634913655,-47.71787098289893
44.756988634913654,-47.76792098289893
44.80703863491365,-47.81797098289893
44.85708863491365,-47.868020982898926
44.90713863491365,-47.868020982898926
44.95718863491365,-47.918070982898925
45.00723863491365,-47.918070982898925
45.05728863491365,-47.96812098289893
45.107338634913646,-48.01817098289893
45.157388634913644,-48.06822098289893
45.20743863491364,-48.11827098289893
45.25748863491364,-48.168320982898926
45.307538634913655,-48.168320982898926
45.357588634913654,-48.218370982898925
45.40763863491365,-48.26842098289893
45.45768863491365,-48.31847098289893
45.50773863491365,-48.36852098289893
45.55778863491365,-48.41857098289893
45.60783863491365,-48.41857098289893
45.65788863491365,-48.468620982898926
45.707938634913646,-48.518670982898925
45.757988634913644,-48.56872098289893
45.80803863491364,-48.61877098289893
45.85808863491364,-48.66882098289893
45.908138634913655,-48.71887098289893
45.958188634913654,-48.768920982898926
46.00823863491365,-48.818970982898925
46.05828863491365,-48.86902098289893
46.10833863491365,-48.91907098289893
46.15838863491365,-48.96912098289893
46.20843863491365,-49.01917098289893
46.25848863491365,-49.069220982898926
46.308538634913646,-49.119270982898925
46.358588634913644,-49.16932098289893
46.40863863491364,-49.21937098289893
46.40863863491364,-49.26942098289893
46.45868863491364,-49.31947098289893
46.508738634913655,-49.31947098289893
46.558788634913654,-49.369520982898926
46.558788634913654,-49.419570982898925
46.60883863491365,-49.46962098289893
46.65888863491365,-49.51967098289893
46.70893863491365,-49.56972098289893
46.75898863491365,-49.61977098289893
46.80903863491365,-49.669820982898926
46.85908863491365,-49.719870982898925
46.909138634913646,-49.769920982898924
46.959188634913644,-49.81997098289893
46.959188634913644,-49.87002098289893
47.00923863491364,-49.92007098289893
47.05928863491364,-49.970120982898926
47.05928863491364,-50.020170982898925
47.109338634913655,-50.070220982898924
47.159388634913654,-50.12027098289893
47.20943863491365,-50.17032098289893
47.25948863491365,-50.22037098289893
47.30953863491365,-50.270420982898926
47.35958863491365,-50.320470982898925
47.35958863491365,-50.370520982898924
47.40963863491365,-50.42057098289893
47.45968863491365,-50.47062098289893
47.45968863491365,-50.52067098289893
47.509738634913646,-50.570720982898926
47.559788634913645,-50.620770982898925
47.559788634913645,-50.670820982898924
47.60983863491364,-50.72087098289893
47.65988863491364,-50.77092098289893
47.65988863491364,-50.82097098289893
47.709938634913655,-50.871020982898926
47.709938634913655,-50.921070982898925
47.759988634913654,-50.971120982898924
47.759988634913654,-51.02117098289893
47.81003863491365,-51.07122098289893
47.81003863491365,-51.12127098289893
47.86008863491365,-51.171320982898926
47.91013863491365,-51.221370982898925
47.91013863491365,-51.271420982898924
47.96018863491365,-51.32147098289893
47.96018863491365,-51.37152098289893
48.01023863491365,-51.42157098289893
48.01023863491365,-51.471620982898926
48.06028863491365,-51.521670982898925
48.06028863491365,-51.571720982898924
48.110338634913646,-51.62177098289893
48.110338634913646,-51.67182098289893
48.160388634913645,-51.72187098289893
48.160388634913645,-51.771920982898926
48.21043863491364,-51.821970982898925
48.21043863491364,-51.872020982898924
48.21043863491364,-51.92207098289893
48.26048863491364,-51.97212098289893
48.26048863491364,-52.02217098289893
48.310538634913655,-52.072220982898926
48.310538634913655,-52.122270982898925
48.310538634913655,-52.172320982898924
48.360588634913654,-52.22237098289893
48.360588634913654,-52.27242098289893
48.360588634913654,-52.32247098289893
48.41063863491365,-52.372520982898926
48.41063863491365,-52.422570982898925
48.46068863491365,-52.472620982898924
48.46068863491365,-52.52267098289893
48.46068863491365,-52.57272098289893
48.51073863491365,-52.62277098289893
48.51073863491365,-52.672820982898926
48.51073863491365,-52.722870982898925
48.56078863491365,-52.772920982898924
48.56078863491365,-52.82297098289893
48.56078863491365,-52.87302098289893
48.56078863491365,-52.92307098289893
48.56078863491365,-52.97312098289893
48.61083863491365,-53.023170982898925
48.61083863491365,-53.073220982898924
48.61083863491365,-53.12327098289893
48.66088863491365,-53.17332098289893
48.66088863491365,-53.22337098289893
48.66088863491365,-53.27342098289893
48.710938634913646,-53.323470982898925
48.710938634913646,-53.373520982898924
48.710938634913646,-53.42357098289893
48.710938634913646,-53.47362098289893
48.710938634913646,-53.52367098289893
48.710938634913646,-53.57372098289893
48.710938634913646,-53.623770982898925
48.760988634913645,-53.673820982898924
48.760988634913645,-53.72387098289893
48.760988634913645,-53.77392098289893
48.760988634913645,-53.82397098289893
48.760988634913645,-53.87402098289893
48.81103863491364,-53.924070982898925
48.81103863491364,-53.974120982898924
48.81103863491364,-54.02417098289893
48.81103863491364,-54.07422098289893
48.81103863491364,-54.12427098289893
48.81103863491364,-54.17432098289893
48.81103863491364,-54.224370982898925
48.81103863491364,-54.274420982898924
48.81103863491364,-54.32447098289893
48.86108863491364,-54.37452098289893
48.86108863491364,-54.42457098289893
48.86108863491364,-54.47462098289893
48.86108863491364,-54.524670982898925
48.86108863491364,-54.574720982898924
48.86108863491364,-54.62477098289893
48.86108863491364,-54.67482098289893
48.86108863491364,-54.72487098289893
48.86108863491364,-54.77492098289893
48.86108863491364,-54.824970982898925
48.86108863491364,-54.875020982898924
48.86108863491364,-54.92507098289893
48.911138634913655,-54.97512098289893
48.911138634913655,-55.02517098289893
48.911138634913655,-55.07522098289893
48.911138634913655,-55.125270982898925
48.911138634913655,-55.175320982898924
48.911138634913655,-55.22537098289893
48.911138634913655,-55.27542098289893
48.911138634913655,-55.32547098289893
48.911138634913655,-55.37552098289893
48.911138634913655,-55.425570982898925
48.911138634913655,-55.475620982898924
48.911138634913655,-55.52567098289893
48.911138634913655,-55.57572098289893
48.911138634913655,-55.62577098289893
48.911138634913655,-55.67582098289893
48.911138634913655,-55.725870982898925
48.86108863491364,-55.775920982898924
48.86108863491364,-55.82597098289893
48.86108863491364,-55.87602098289893
48.86108863491364,-55.92607098289893
48.86108863491364,-55.97612098289893
48.86108863491364,-56.026170982898925
48.86108863491364,-56.076220982898924
48.86108863491364,-56.12627098289893
48.86108863491364,-56.17632098289893
48.86108863491364,-56.22637098289893
48.86108863491364,-56.27642098289893
48.86108863491364,-56.326470982898925
48.86108863491364,-56.376520982898924
48.81103863491364,-56.42657098289892
48.81103863491364,-56.47662098289892
48.81103863491364,-56.52667098289893
48.81103863491364,-56.57672098289893
48.81103863491364,-56.626770982898925
48.81103863491364,-56.67682098289893
48.81103863491364,-56.72687098289893
48.81103863491364,-56.77692098289893
48.81103863491364,-56.82697098289893
48.81103863491364,-56.87702098289893
48.760988634913645,-56.927070982898925
48.760988634913645,-56.977120982898924
48.760988634913645,-57.02717098289892
48.760988634913645,-57.07722098289892
48.710938634913646,-57.12727098289893
48.710938634913646,-57.17732098289893
48.710938634913646,-57.227370982898925
48.710938634913646,-57.27742098289893
48.710938634913646,-57.32747098289893
48.710938634913646,-57.37752098289893
48.710938634913646,-57.42757098289893
48.66088863491365,-57.47762098289893
48.66088863491365,-57.527670982898925
48.66088863491365,-57.577720982898924
48.66088863491365,-57.62777098289892
48.66088863491365,-57.67782098289892
48.61083863491365,-57.72787098289893
48.61083863491365,-57.77792098289893
48.61083863491365,-57.827970982898925
48.56078863491365,-57.87802098289893
48.56078863491365,-57.92807098289893
48.56078863491365,-57.97812098289893
48.56078863491365,-58.02817098289893
48.51073863491365,-58.07822098289893
48.51073863491365,-58.128270982898925
48.51073863491365,-58.178320982898924
48.51073863491365,-58.22837098289892
48.46068863491365,-58.27842098289892
48.46068863491365,-58.32847098289893
48.46068863491365,-58.37852098289893
48.46068863491365,-58.428570982898925
48.41063863491365,-58.47862098289893
48.41063863491365,-58.52867098289893
48.41063863491365,-58.57872098289893
48.41063863491365,-58.62877098289893
48.360588634913654,-58.67882098289893
48.360588634913654,-58.728870982898925
48.360588634913654,-58.778920982898924
48.310538634913655,-58.82897098289892
48.310538634913655,-58.87902098289892
48.310538634913655,-58.92907098289893
48.26048863491364,-58.97912098289893
48.26048863491364,-59.029170982898926
48.21043863491364,-59.07922098289893
48.21043863491364,-59.12927098289893
48.21043863491364,-59.17932098289893
48.160388634913645,-59.22937098289893
48.160388634913645,-59.27942098289893
48.160388634913645,-59.329470982898926
48.110338634913646,-59.379520982898924
48.110338634913646,-59.42957098289892
48.06028863491365,-59.47962098289892
48.06028863491365,-59.52967098289893
48.06028863491365,-59.57972098289893
48.01023863491365,-59.629770982898926
48.01023863491365,-59.67982098289893
47.96018863491365,-59.72987098289893
47.96018863491365,-59.77992098289893
47.96018863491365,-59.82997098289893
47.96018863491365,-59.88002098289893
47.91013863491365,-59.930070982898926
47.91013863491365,-59.980120982898924
47.86008863491365,-60.03017098289892
47.86008863491365,-60.08022098289892
47.86008863491365,-60.13027098289893
47.81003863491365,-60.18032098289893
47.81003863491365,-60.230370982898926
47.759988634913654,-60.28042098289893
47.759988634913654,-60.33047098289893
47.759988634913654,-60.38052098289893
47.709938634913655,-60.43057098289893
47.709938634913655,-60.48062098289893
47.65988863491364,-60.530670982898926
47.65988863491364,-60.580720982898924
47.65988863491364,-60.63077098289892
47.60983863491364,-60.68082098289892
47.60983863491364,-60.73087098289893
47.559788634913645,-60.78092098289893
47.559788634913645,-60.830970982898926
47.509738634913646,-60.88102098289893
47.509738634913646,-60.93107098289893
47.509738634913646,-60.98112098289893
47.45968863491365,-61.03117098289893
47.45968863491365,-61.08122098289893
47.40963863491365,-61.131270982898926
47.40963863491365,-61.181320982898924
47.40963863491365,-61.23137098289892
47.35958863491365,-61.28142098289892
47.35958863491365,-61.33147098289893
47.30953863491365,-61.38152098289893
47.30953863491365,-61.431570982898926
47.30953863491365,-61.48162098289893
47.25948863491365,-61.53167098289893
47.25948863491365,-61.58172098289893
47.20943863491365,-61.63177098289893
47.20943863491365,-61.68182098289893
47.20943863491365,-61.731870982898926
47.159388634913654,-61.781920982898924
47.159388634913654,-61.83197098289892
47.109338634913655,-61.88202098289892
47.109338634913655,-61.93207098289893
47.109338634913655,-61.98212098289893
47.05928863491364,-62.032170982898926
47.05928863491364,-62.08222098289893
47.00923863491364,-62.13227098289893
47.00923863491364,-62.18232098289893
47.00923863491364,-62.23237098289893
46.959188634913644,-62.28242098289893
46.959188634913644,-62.332470982898926
46.909138634913646,-62.382520982898924
46.909138634913646,-62.43257098289892
46.85908863491365,-62.48262098289892
46.85908863491365,-62.53267098289893
46.85908863491365,-62.58272098289893
46.80903863491365,-62.632770982898926
46.80903863491365,-62.68282098289893
46.75898863491365,-62.73287098289893
46.75898863491365,-62.78292098289893
46.75898863491365,-62.83297098289893
46.70893863491365,-62.88302098289893
46.70893863491365,-62.933070982898926
46.65888863491365,-62.983120982898924
46.65888863491365,-63.03317098289892
46.65888863491365,-63.08322098289892
46.60883863491365,-63.13327098289893
46.60883863491365,-63.18332098289893
46.558788634913654,-63.233370982898926
46.558788634913654,-63.28342098289893
46.558788634913654,-63.33347098289893
46.508738634913655,-63.38352098289893
46.508738634913655,-63.43357098289893
46.45868863491364,-63.48362098289893
46.45868863491364,-63.533670982898926
46.45868863491364,-63.583720982898924
46.40863863491364,-63.63377098289892
46.40863863491364,-63.68382098289892
46.358588634913644,-63.73387098289893
46.358588634913644,-63.78392098289893
46.308538634913646,-63.833970982898926
46.308538634913646,-63.88402098289893
46.308538634913646,-63.93407098289893
46.25848863491365,-63.98412098289893
46.25848863491365,-64.03417098289893
46.20843863491365,-64.08422098289893
46.20843863491365,-64.13427098289893
46.20843863491365,-64.18432098289892
46.15838863491365,-64.23437098289892
46.15838863491365,-64.28442098289892
46.10833863491365,-64.33447098289892
46.10833863491365,-64.38452098289892
46.10833863491365,-64.43457098289892
46.05828863491365,-64.48462098289893
46.05828863491365,-64.53467098289893
46.00823863491365,-64.58472098289893
46.00823863491365,-64.63477098289893
46.00823863491365,-64.68482098289893
45.958188634913654,-64.73487098289893
45.958188634913654,-64.78492098289892
45.908138634913655,-64.83497098289892
45.908138634913655,-64.88502098289892
45.908138634913655,-64.93507098289894
45.85808863491364,-64.98512098289893
45.85808863491364,-65.03517098289893
45.80803863491364,-65.08522098289893
45.80803863491364,-65.13527098289893
45.80803863491364,-65.18532098289893
45.757988634913644,-65.23537098289893
45.757988634913644,-65.28542098289893
45.707938634913646,-65.33547098289893
45.707938634913646,-65.38552098289892
45.65788863491365,-65.43557098289892
45.65788863491365,-65.48562098289892
45.65788863491365,-65.53567098289892
45.60783863491365,-65.58572098289892
45.60783863491365,-65.63577098289892
45.55778863491365,-65.68582098289893
45.55778863491365,-65.73587098289893
45.55778863491365,-65.78592098289893
45.50773863491365,-65.83597098289893
45.50773863491365,-65.88602098289893
45.45768863491365,-65.93607098289893
45.45768863491365,-65.98612098289892
45.45768863491365,-66.03617098289892
45.40763863491365,-66.08622098289892
45.40763863491365,-66.13627098289894
45.357588634913654,-66.18632098289893
45.357588634913654,-66.23637098289893
45.357588634913654,-66.28642098289893
45.307538634913655,-66.33647098289893
45.307538634913655,-66.38652098289893
45.25748863491364,-66.43657098289893
45.25748863491364,-66.48662098289893
45.25748863491364,-66.53667098289893
45.20743863491364,-66.58672098289892
45.20743863491364,-66.63677098289892
45.157388634913644,-66.68682098289892
45.157388634913644,-66.73687098289892
45.157388634913644,-66.78692098289892
45.107338634913646,-66.83697098289892
45.107338634913646,-66.88702098289893
45.05728863491365,-66.93707098289893
45.05728863491365,-66.98712098289893
45.00723863491365,-67.03717098289893
45.00723863491365,-67.08722098289893
45.00723863491365,-67.13727098289893
44.95718863491365,-67.18732098289892
44.95718863491365,-67.23737098289892
44.90713863491365,-67.28742098289892
44.90713863491365,-67.33747098289894
44.90713863491365,-67.38752098289893
44.85708863491365,-67.43757098289893
44.85708863491365,-67.48762098289893
44.80703863491365,-67.53767098289893
44.80703863491365,-67.58772098289893
44.80703863491365,-67.63777098289893
44.756988634913654,-67.68782098289893
44.756988634913654,-67.73787098289893
44.706938634913655,-67.78792098289892
44.706938634913655,-67.83797098289892
44.706938634913655,-67.88802098289892
44.65688863491364,-67.93807098289892
44.65688863491364,-67.98812098289892
44.60683863491364,-68.03817098289892
44.60683863491364,-68.08822098289893
44.556788634913644,-68.13827098289893
44.556788634913644,-68.18832098289893
44.556788634913644,-68.23837098289893
44.506738634913646,-68.28842098289893
44.506738634913646,-68.33847098289893
44.45668863491365,-68.38852098289892
44.45668863491365,-68.43857098289892
44.45668863491365,-68.48862098289892
44.40663863491365,-68.53867098289894
44.40663863491365,-68.58872098289893
44.35658863491365,-68.63877098289893
44.35658863491365,-68.68882098289893
44.35658863491365,-68.73887098289893
44.30653863491365,-68.78892098289893
44.30653863491365,-68.83897098289893
44.25648863491365,-68.88902098289893
44.25648863491365,-68.93907098289893
44.20643863491365,-68.98912098289892
44.20643863491365,-69.03917098289892
44.20643863491365,-69.08922098289892
44.156388634913654,-69.13927098289892
44.156388634913654,-69.18932098289892
44.106338634913655,-69.23937098289892
44.106338634913655,-69.28942098289892
44.106338634913655,-69.33947098289893
44.05628863491364,-69.38952098289893
44.05628863491364,-69.43957098289893
44.00623863491364,-69.48962098289893
44.00623863491364,-69.53967098289893
43.956188634913644,-69.58972098289892
43.956188634913644,-69.63977098289892
43.956188634913644,-69.68982098289892
43.906138634913646,-69.73987098289892
43.906138634913646,-69.78992098289893
43.85608863491365,-69.83997098289893
43.85608863491365,-69.89002098289893
43.80603863491365,-69.94007098289893
43.80603863491365,-69.99012098289893
43.80603863491365,-70.04017098289893
43.75598863491365,-70.09022098289893
43.75598863491365,-70.14027098289893
43.70593863491365,-70.19032098289892
43.70593863491365,-70.24037098289892
43.70593863491365,-70.29042098289892
43.65588863491365,-70.34047098289892
43.65588863491365,-70.39052098289892
43.60583863491365,-70.44057098289892
43.60583863491365,-70.49062098289892
43.555788634913654,-70.54067098289893
43.555788634913654,-70.59072098289893
43.555788634913654,-70.64077098289893
43.505738634913655,-70.69082098289893
43.505738634913655,-70.74087098289893
43.45568863491364,-70.79092098289892
43.45568863491364,-70.84097098289892
43.45568863491364,-70.89102098289892
43.40563863491364,-70.94107098289892
43.40563863491364,-70.99112098289893
43.355588634913644,-71.04117098289893
43.355588634913644,-71.09122098289893
43.305538634913646,-71.14127098289893
43.305538634913646,-71.19132098289893
43.305538634913646,-71.24137098289893
43.25548863491365,-71.29142098289893
43.25548863491365,-71.34147098289893
43.20543863491365,-71.39152098289892
43.20543863491365,-71.44157098289892
43.15538863491365,-71.49162098289892
43.15538863491365,-71.54167098289892
43.15538863491365,-71.59172098289892
43.10533863491365,-71.64177098289892
43.10533863491365,-71.69182098289892
43.05528863491365,-71.74187098289893
43.05528863491365,-71.79192098289893
43.00523863491365,-71.84197098289893
43.00523863491365,-71.89202098289893
43.00523863491365,-71.94207098289893
42.955188634913654,-71.99212098289892
42.955188634913654,-72.04217098289892
42.905138634913655,-72.09222098289892
42.905138634913655,-72.14227098289892
42.85508863491364,-72.19232098289893
42.85508863491364,-72.24237098289893
42.85508863491364,-72.29242098289893
42.80503863491364,-72.34247098289893
42.80503863491364,-72.39252098289893
42.754988634913644,-72.44257098289893
42.754988634913644,-72.49262098289893
42.704938634913646,-72.54267098289893
42.704938634913646,-72.59272098289892
42.704938634913646,-72.64277098289892
42.65488863491365,-72.69282098289892
42.65488863491365,-72.74287098289892
42.60483863491365,-72.79292098289892
42.60483863491365,-72.84297098289892
42.55478863491365,-72.89302098289893
42.55478863491365,-72.94307098289893
42.55478863491365,-72.99312098289893
42.50473863491365,-73.04317098289893
42.50473863491365,-73.09322098289893
42.45468863491365,-73.14327098289893
42.45468863491365,-73.19332098289892
42.40463863491365,-73.24337098289892
42.40463863491365,-73.29342098289892
42.40463863491365,-73.34347098289892
42.354588634913654,-73.39352098289892
42.354588634913654,-73.44357098289893
42.304538634913655,-73.49362098289893
42.304538634913655,-73.54367098289893
42.25448863491364,-73.59372098289893
42.25448863491364,-73.64377098289893
42.25448863491364,-73.69382098289893
42.20443863491364,-73.74387098289893
42.20443863491364,-73.79392098289892
42.154388634913644,-73.84397098289892
42.154388634913644,-73.89402098289892
42.104338634913645,-73.94407098289892
42.104338634913645,-73.99412098289892
42.05428863491365,-74.04417098289892
42.05428863491365,-74.09422098289893
42.05428863491365,-74.14427098289893
42.00423863491365,-74.19432098289893
42.00423863491365,-74.24437098289893
41.95418863491365,-74.29442098289893
41.95418863491365,-74.34447098289893
41.90413863491365,-74.39452098289892
41.90413863491365,-74.44457098289892
41.90413863491365,-74.49462098289892
41.85408863491365,-74.54467098289892
41.85408863491365,-74.59472098289892
41.80403863491365,-74.64477098289893
41.80403863491365,-74.69482098289893
41.753988634913654,-74.74487098289893
41.753988634913654,-74.79492098289893
41.753988634913654,-74.84497098289893
41.703938634913655,-74.89502098289893
41.703938634913655,-74.94507098289893
41.65388863491364,-74.99512098289892
41.65388863491364,-75.04517098289892
41.60383863491364,-75.09522098289892
41.60383863491364,-75.14527098289892
41.60383863491364,-75.19532098289892
41.553788634913644,-75.24537098289892
41.553788634913644,-75.29542098289893
41.503738634913645,-75.34547098289893
41.503738634913645,-75.39552098289893
41.45368863491365,-75.44557098289893
41.45368863491365,-75.49562098289893
41.45368863491365,-75.54567098289893
41.40363863491365,-75.59572098289892
41.40363863491365,-75.64577098289892
41.35358863491365,-75.69582098289892
41.35358863491365,-75.74587098289892
41.30353863491365,-75.79592098289892
41.30353863491365,-75.84597098289893
41.30353863491365,-75.89602098289893
41.25348863491365,-75.94607098289893
41.25348863491365,-75.99612098289893
41.20343863491365,-76.04617098289893
41.20343863491365,-76.09622098289893
41.153388634913654,-76.14627098289893
41.153388634913654,-76.19632098289892
41.153388634913654,-76.24637098289892
41.103338634913655,-76.29642098289892
41.103338634913655,-76.34647098289892
41.05328863491364,-76.39652098289892
41.05328863491364,-76.44657098289892
41.00323863491364,-76.49662098289893
41.00323863491364,-76.54667098289893
41.00323863491364,-76.59672098289893
40.953188634913644,-76.64677098289893
40.953188634913644,-76.69682098289893
40.903138634913645,-76.74687098289893
40.903138634913645,-76.79692098289892
40.903138634913645,-76.84697098289892
40.85308863491365,-76.89702098289892
40.85308863491365,-76.94707098289892
40.80303863491365,-76.99712098289892
40.80303863491365,-77.04717098289893
40.75298863491365,-77.09722098289893
40.75298863491365,-77.14727098289893
40.70293863491365,-77.19732098289893
40.70293863491365,-77.24737098289893
40.65288863491365,-77.29742098289893
40.65288863491365,-77.34747098289893
40.60283863491365,-77.39752098289893
40.60283863491365,-77.44757098289892
40.552788634913654,-77.49762098289892
40.552788634913654,-77.54767098289892
40.502738634913655,-77.59772098289892
40.502738634913655,-77.64777098289892
40.45268863491364,-77.69782098289893
40.45268863491364,-77.74787098289893
40.40263863491364,-77.79792098289893
40.40263863491364,-77.84797098289893
40.352588634913644,-77.89802098289893
40.302538634913645,-77.94807098289893
40.302538634913645,-77.99812098289893
40.25248863491365,-78.04817098289892
40.25248863491365,-78.09822098289892
40.20243863491365,-78.14827098289892
40.15238863491365,-78.19832098289892
40.15238863491365,-78.24837098289893
40.10233863491365,-78.29842098289893
40.10233863491365,-78.34847098289893
40.05228863491365,-78.39852098289893
40.00223863491365,-78.44857098289893
39.952188634913654,-78.49862098289893
39.902138634913655,-78.54867098289893
39.85208863491364,-78.59872098289893
39.80203863491364,-78.64877098289892
39.751988634913644,-78.69882098289892
39.701938634913645,-78.74887098289892
39.65188863491365,-78.79892098289892
39.60183863491365,-78.84897098289892
39.55178863491365,-78.89902098289892
39.50173863491365,-78.94907098289893
39.45168863491365,-78.99912098289893
39.40163863491365,-78.99912098289893
39.351588634913654,-79.04917098289893
39.301538634913655,-79.04917098289893
39.25148863491364,-79.09922098289893
39.20143863491364,-79.14927098289893
39.151388634913644,-79.14927098289893
39.101338634913645,-79.14927098289893
39.05128863491365,-79.19932098289893
39.00123863491365,-79.24937098289892
38.95118863491365,-79.24937098289892
38.90113863491365,-79.29942098289892
38.85108863491365,-79.29942098289892
38.80103863491365,-79.29942098289892
38.750988634913654,-79.34947098289892
38.700938634913655,-79.34947098289892
38.65088863491364,-79.34947098289892
38.60083863491364,-79.39952098289892
38.550788634913644,-79.39952098289892
38.500738634913645,-79.44957098289893
38.45068863491365,-79.44957098289893
38.40063863491365,-79.44957098289893
38.35058863491365,-79.44957098289893
38.30053863491365,-79.44957098289893
38.25048863491365,-79.49962098289893
38.20043863491365,-79.49962098289893
38.150388634913654,-79.49962098289893
38.100338634913655,-79.49962098289893
38.05028863491364,-79.54967098289893
38.00023863491364,-79.54967098289893
37.950188634913644,-79.54967098289893
37.900138634913645,-79.54967098289893
37.85008863491365,-79.54967098289893
37.80003863491365,-79.59972098289893
37.74998863491365,-79.59972098289893
37.69993863491365,-79.59972098289893
37.64988863491365,-79.59972098289893
37.59983863491365,-79.59972098289893
37.549788634913654,-79.64977098289893
37.499738634913655,-79.64977098289893
37.449688634913656,-79.64977098289893
37.39963863491364,-79.64977098289893
37.349588634913644,-79.64977098289893
37.299538634913645,-79.64977098289893
37.24948863491365,-79.64977098289893
37.19943863491365,-79.69982098289893
37.14938863491365,-79.69982098289893
37.09933863491365,-79.69982098289893
37.04928863491365,-79.69982098289893
36.99923863491365,-79.69982098289893
36.949188634913654,-79.74987098289893
36.899138634913655,-79.74987098289893
36.849088634913656,-79.74987098289893
36.79903863491364,-79.74987098289893
36.748988634913644,-79.74987098289893
36.698938634913645,-79.74987098289893
36.64888863491365,-79.74987098289893
36.59883863491365,-79.74987098289893
36.54878863491365,-79.74987098289893
36.49873863491365,-79.79992098289893
36.44868863491365,-79.79992098289893
36.39863863491365,-79.79992098289893
36.34858863491365,-79.79992098289893
36.298538634913655,-79.79992098289893
36.248488634913656,-79.79992098289893
36.19843863491364,-79.79992098289893
36.148388634913644,-79.79992098289893
36.098338634913645,-79.79992098289893
36.048288634913646,-79.79992098289893
35.99823863491365,-79.79992098289893
35.94818863491365,-79.84997098289892
35.89813863491365,-79.84997098289892
35.84808863491365,-79.84997098289892
35.79803863491365,-79.84997098289892
35.74798863491365,-79.84997098289892
35.697938634913655,-79.84997098289892
35.647888634913656,-79.84997098289892
35.59783863491364,-79.84997098289892
35.547788634913644,-79.84997098289892
35.497738634913645,-79.84997098289892
35.447688634913646,-79.84997098289892
35.39763863491365,-79.90002098289892
35.34758863491365,-79.90002098289892
35.29753863491365,-79.90002098289892
35.24748863491365,-79.90002098289892
35.19743863491365,-79.90002098289892
35.14738863491365,-79.90002098289892
35.097338634913655,-79.90002098289892
35.047288634913656,-79.90002098289892
34.99723863491364,-79.90002098289892
34.947188634913644,-79.90002098289892
34.897138634913645,-79.90002098289892
34.847088634913646,-79.95007098289892
34.79703863491365,-79.95007098289892
34.74698863491365,-79.95007098289892
34.69693863491365,-79.95007098289892
34.64688863491365,-79.95007098289892
34.59683863491365,-79.95007098289892
34.54678863491365,-79.95007098289892
34.496738634913655,-79.95007098289892
34.446688634913656,-79.95007098289892
34.39663863491364,-79.95007098289892
34.346588634913644,-80.00012098289892
34.296538634913645,-80.00012098289892
34.246488634913646,-80.00012098289892
34.19643863491365,-80.00012098289892
34.14638863491365,-80.00012098289892
34.09633863491365,-80.00012098289892
34.04628863491365,-80.00012098289892
33.99623863491365,-80.00012098289892
33.94618863491365,-80.00012098289892
33.896138634913655,-80.00012098289892
33.846088634913656,-80.05017098289892
33.79603863491364,-80.05017098289892
33.745988634913644,-80.05017098289892
33.695938634913645,-80.05017098289892
33.645888634913646,-80.05017098289892
33.59583863491365,-80.05017098289892
33.54578863491365,-80.05017098289892
33.49573863491365,-80.05017098289892
33.44568863491365,-80.05017098289892
33.39563863491365,-80.05017098289892
33.34558863491365,-80.10022098289892
33.295538634913655,-80.10022098289892
33.245488634913656,-80.10022098289892
33.19543863491364,-80.10022098289892
33.145388634913644,-80.10022098289892
33.095338634913645,-80.10022098289892
33.045288634913646,-80.10022098289892
32.99523863491365,-80.10022098289892
32.94518863491365,-80.10022098289892
32.89513863491365,-80.15027098289893
32.84508863491365,-80.15027098289893
32.79503863491365,-80.15027098289893
32.74498863491365,-80.15027098289893
32.694938634913655,-80.15027098289893
32.644888634913656,-80.15027098289893
32.59483863491364,-80.15027098289893
32.544788634913644,-80.15027098289893
32.494738634913645,-80.15027098289893
32.444688634913646,-80.20032098289893
32.39463863491365,-80.20032098289893
32.34458863491365,-80.20032098289893
32.29453863491365,-80.20032098289893
32.24448863491365,-80.20032098289893
32.19443863491365,-80.20032098289893
32.14438863491365,-80.20032098289893
32.094338634913655,-80.20032098289893
32.044288634913656,-80.20032098289893
31.994238634913643,-80.20032098289893
31.944188634913644,-80.25037098289893
31.894138634913645,-80.25037098289893
31.844088634913646,-80.25037098289893
31.794038634913647,-80.25037098289893
31.74398863491365,-80.25037098289893
31.69393863491365,-80.25037098289893
31.64388863491365,-80.25037098289893
31.593838634913652,-80.25037098289893
31.543788634913653,-80.25037098289893
31.493738634913655,-80.30042098289893
31.443688634913656,-80.30042098289893
31.393638634913643,-80.30042098289893
31.343588634913644,-80.30042098289893
31.293538634913645,-80.30042098289893
31.243488634913646,-80.30042098289893
31.193438634913647,-80.30042098289893
31.14338863491365,-80.30042098289893
31.09333863491365,-80.30042098289893
31.04328863491365,-80.35047098289893
30.993238634913652,-80.35047098289893
30.943188634913653,-80.35047098289893
30.893138634913655,-80.35047098289893
30.843088634913656,-80.35047098289893
30.793038634913643,-80.35047098289893
30.742988634913644,-80.35047098289893
30.692938634913645,-80.35047098289893
30.642888634913646,-80.35047098289893
30.592838634913647,-80.35047098289893
30.54278863491365,-80.35047098289893
30.49273863491365,-80.35047098289893
30.44268863491365,-80.35047098289893
30.392638634913652,-80.35047098289893
30.342588634913653,-80.35047098289893
30.292538634913655,-80.35047098289893
30.242488634913656,-80.35047098289893
30.192438634913643,-80.35047098289893
30.142388634913644,-80.35047098289893
30.092338634913645,-80.35047098289893
30.042288634913646,-80.40052098289893
29.992238634913647,-80.40052098289893
29.94218863491365,-80.40052098289893
29.89213863491365,-80.40052098289893
29.84208863491365,-80.40052098289893
29.792038634913652,-80.40052098289893
29.741988634913653,-80.40052098289893
29.691938634913654,-80.40052098289893
29.641888634913656,-80.40052098289893
29.591838634913643,-80.40052098289893
29.541788634913644,-80.40052098289893
29.491738634913645,-80.40052098289893
29.441688634913646,-80.40052098289893
29.391638634913647,-80.40052098289893
29.34158863491365,-80.40052098289893
29.29153863491365,-80.40052098289893
29.24148863491365,-80.40052098289893
29.191438634913652,-80.40052098289893
29.141388634913653,-80.40052098289893
29.091338634913654,-80.35047098289893
29.041288634913656,-80.35047098289893
28.991238634913643,-80.35047098289893
28.941188634913644,-80.35047098289893
28.891138634913645,-80.35047098289893
28.841088634913646,-80.35047098289893
28.791038634913647,-80.35047098289893
28.74098863491365,-80.35047098289893
28.69093863491365,-80.35047098289893
28.64088863491365,-80.35047098289893
28.590838634913652,-80.35047098289893
28.540788634913653,-80.30042098289893
28.490738634913654,-80.30042098289893
28.440688634913656,-80.30042098289893
28.390638634913643,-80.30042098289893
28.340588634913644,-80.30042098289893
28.290538634913645,-80.30042098289893
28.240488634913646,-80.30042098289893
28.190438634913647,-80.30042098289893
28.14038863491365,-80.30042098289893
28.09033863491365,-80.25037098289893
28.04028863491365,-80.25037098289893
27.990238634913652,-80.25037098289893
27.940188634913653,-80.25037098289893
27.890138634913654,-80.25037098289893
27.840088634913656,-80.25037098289893
27.790038634913643,-80.20032098289893
27.739988634913644,-80.20032098289893
27.689938634913645,-80.20032098289893
27.639888634913646,-80.20032098289893
27.589838634913647,-80.20032098289893
27.53978863491365,-80.15027098289893
27.48973863491365,-80.15027098289893
27.43968863491365,-80.15027098289893
27.389638634913652,-80.10022098289892
27.339588634913653,-80.10022098289892
27.289538634913654,-80.10022098289892
27.239488634913656,-80.10022098289892
27.189438634913643,-80.10022098289892
27.139388634913644,-80.05017098289892
27.089338634913645,-80.05017098289892
27.039288634913646,-80.05017098289892
26.989238634913647,-80.00012098289892
26.93918863491365,-80.00012098289892
26.88913863491365,-80.00012098289892
26.83908863491365,-79.95007098289892
26.789038634913652,-79.95007098289892
26.738988634913653,-79.90002098289892
26.688938634913654,-79.90002098289892
26.638888634913656,-79.90002098289892
26.588838634913643,-79.84997098289892
26.538788634913644,-79.84997098289892
26.488738634913645,-79.84997098289892
26.438688634913646,-79.79992098289893
26.388638634913647,-79.79992098289893
26.33858863491365,-79.79992098289893
26.28853863491365,-79.74987098289893
26.23848863491365,-79.74987098289893
26.188438634913652,-79.69982098289893
26.138388634913653,-79.69982098289893
26.088338634913654,-79.69982098289893
26.038288634913656,-79.64977098289893
25.988238634913642,-79.64977098289893
25.938188634913644,-79.59972098289893
25.888138634913645,-79.59972098289893
25.838088634913646,-79.59972098289893
25.788038634913647,-79.54967098289893
25.73798863491365,-79.54967098289893
25.68793863491365,-79.49962098289893
25.63788863491365,-79.49962098289893
25.587838634913652,-79.49962098289893
25.537788634913653,-79.44957098289893
25.487738634913654,-79.44957098289893
25.437688634913656,-79.39952098289892
25.387638634913642,-79.39952098289892
25.337588634913644,-79.39952098289892
25.287538634913645,-79.34947098289892
25.237488634913646,-79.34947098289892
25.187438634913647,-79.29942098289892
25.13738863491365,-79.29942098289892
25.08733863491365,-79.24937098289892
25.03728863491365,-79.24937098289892
24.987238634913652,-79.24937098289892
24.937188634913653,-79.19932098289893
24.887138634913654,-79.19932098289893
24.837088634913655,-79.14927098289893
24.787038634913642,-79.14927098289893
24.736988634913644,-79.14927098289893
24.686938634913645,-79.09922098289893
24.636888634913646,-79.09922098289893
24.586838634913647,-79.04917098289893
24.53678863491365,-79.04917098289893
24.48673863491365,-79.04917098289893
24.43668863491365,-78.99912098289893
24.386638634913652,-78.99912098289893
24.336588634913653,-78.94907098289893
24.286538634913647,-78.94907098289893
24.23648863491365,-78.89902098289892
24.18643863491365,-78.89902098289892
24.13638863491365,-78.89902098289892
24.086338634913652,-78.84897098289892
24.036288634913653,-78.84897098289892
23.986238634913647,-78.79892098289892
23.93618863491365,-78.79892098289892
23.88613863491365,-78.79892098289892
23.83608863491365,-78.74887098289892
23.786038634913652,-78.74887098289892
23.735988634913653,-78.69882098289892
23.685938634913647,-78.69882098289892
23.63588863491365,-78.64877098289892
23.58583863491365,-78.64877098289892
23.53578863491365,-78.64877098289892
23.485738634913652,-78.59872098289893
23.435688634913653,-78.59872098289893
23.385638634913647,-78.54867098289893
23.33558863491365,-78.54867098289893
23.28553863491365,-78.54867098289893
23.23548863491365,-78.49862098289893
23.185438634913652,-78.49862098289893
23.135388634913653,-78.44857098289893
23.085338634913647,-78.44857098289893
23.03528863491365,-78.44857098289893
22.98523863491365,-78.39852098289893
22.93518863491365,-78.39852098289893
22.885138634913652,-78.34847098289893
22.835088634913653,-78.34847098289893
22.785038634913647,-78.29842098289893
22.73498863491365,-78.29842098289893
22.68493863491365,-78.29842098289893
22.63488863491365,-78.24837098289893
22.584838634913652,-78.24837098289893
22.534788634913653,-78.19832098289892
22.484738634913647,-78.19832098289892
22.43468863491365,-78.19832098289892
22.38463863491365,-78.14827098289892
22.33458863491365,-78.14827098289892
22.284538634913652,-78.09822098289892
22.234488634913653,-78.09822098289892
22.184438634913647,-78.09822098289892
22.13438863491365,-78.04817098289892
22.08433863491365,-78.04817098289892
22.03428863491365,-77.99812098289893
21.984238634913652,-77.99812098289893
21.934188634913653,-77.99812098289893
21.884138634913647,-77.94807098289893
21.83408863491365,-77.94807098289893
21.78403863491365,-77.89802098289893
21.73398863491365,-77.89802098289893
21.683938634913652,-77.89802098289893
21.633888634913653,-77.84797098289893
21.583838634913647,-77.84797098289893
21.53378863491365,-77.79792098289893
21.48373863491365,-77.79792098289893
21.43368863491365,-77.79792098289893
21.383638634913652,-77.74787098289893
21.333588634913653,-77.74787098289893
21.283538634913647,-77.74787098289893
21.23348863491365,-77.69782098289893
21.18343863491365,-77.69782098289893
21.13338863491365,-77.64777098289892
21.083338634913652,-77.64777098289892
21.033288634913653,-77.64777098289892
20.983238634913647,-77.59772098289892
20.93318863491365,-77.59772098289892
20.88313863491365,-77.54767098289892
20.83308863491365,-77.54767098289892
20.783038634913652,-77.54767098289892
20.732988634913653,-77.49762098289892
20.682938634913647,-77.49762098289892
20.632888634913648,-77.44757098289892
20.58283863491365,-77.44757098289892
20.53278863491365,-77.39752098289893
20.48273863491365,-77.39752098289893
20.432688634913653,-77.39752098289893
20.382638634913647,-77.34747098289893
20.332588634913648,-77.34747098289893
20.28253863491365,-77.34747098289893
20.23248863491365,-77.29742098289893
20.18243863491365,-77.29742098289893
20.132388634913653,-77.29742098289893
20.082338634913647,-77.24737098289893
20.032288634913648,-77.24737098289893
19.98223863491365,-77.19732098289893
19.93218863491365,-77.19732098289893
19.88213863491365,-77.19732098289893
19.832088634913653,-77.14727098289893
19.782038634913647,-77.14727098289893
19.731988634913648,-77.09722098289893
19.68193863491365,-77.09722098289893
19.63188863491365,-77.09722098289893
19.58183863491365,-77.04717098289893
19.531788634913653,-77.04717098289893
19.481738634913647,-76.99712098289892
19.431688634913648,-76.99712098289892
19.38163863491365,-76.99712098289892
19.33158863491365,-76.94707098289892
19.28153863491365,-76.94707098289892
19.231488634913653,-76.89702098289892
19.181438634913647,-76.89702098289892
19.131388634913648,-76.89702098289892
19.08133863491365,-76.84697098289892
19.03128863491365,-76.84697098289892
18.98123863491365,-76.79692098289892
18.931188634913653,-76.79692098289892
18.881138634913647,-76.79692098289892
18.831088634913648,-76.74687098289893
18.78103863491365,-76.74687098289893
18.73098863491365,-76.69682098289893
18.68093863491365,-76.69682098289893
18.630888634913653,-76.64677098289893
18.580838634913647,-76.64677098289893
18.530788634913648,-76.64677098289893
18.48073863491365,-76.59672098289893
18.43068863491365,-76.59672098289893
18.38063863491365,-76.54667098289893
18.330588634913653,-76.54667098289893
18.280538634913647,-76.49662098289893
18.230488634913648,-76.49662098289893
18.18043863491365,-76.44657098289892
18.13038863491365,-76.44657098289892
18.08033863491365,-76.39652098289892
18.030288634913653,-76.39652098289892
17.980238634913647,-76.34647098289892
17.930188634913648,-76.34647098289892
17.88013863491365,-76.29642098289892
17.83008863491365,-76.29642098289892
17.78003863491365,-76.24637098289892
17.729988634913653,-76.24637098289892
17.679938634913647,-76.19632098289892
17.629888634913648,-76.19632098289892
17.57983863491365,-76.14627098289893
17.52978863491365,-76.14627098289893
17.47973863491365,-76.09622098289893
17.429688634913653,-76.09622098289893
17.379638634913647,-76.04617098289893
17.329588634913648,-75.99612098289893
17.27953863491365,-75.99612098289893
17.22948863491365,-75.99612098289893
17.17943863491365,-75.94607098289893
17.129388634913653,-75.94607098289893
17.079338634913647,-75.89602098289893
17.029288634913648,-75.89602098289893
16.97923863491365,-75.84597098289893
16.92918863491365,-75.79592098289892
16.87913863491365,-75.79592098289892
16.829088634913653,-75.74587098289892
16.779038634913647,-75.74587098289892
16.728988634913648,-75.69582098289892
16.67893863491365,-75.64577098289892
16.62888863491365,-75.64577098289892
16.57883863491365,-75.59572098289892
16.528788634913653,-75.59572098289892
16.478738634913647,-75.54567098289893
16.428688634913648,-75.49562098289893
16.37863863491365,-75.49562098289893
16.32858863491365,-75.44557098289893
16.27853863491365,-75.44557098289893
16.228488634913653,-75.39552098289893
16.178438634913647,-75.34547098289893
16.128388634913648,-75.34547098289893
16.07833863491365,-75.29542098289893
16.02828863491365,-75.24537098289892
15.978238634913652,-75.24537098289892
15.928188634913653,-75.19532098289892
15.928188634913653,-75.14527098289892
15.878138634913647,-75.09522098289892
15.828088634913648,-75.09522098289892
15.77803863491365,-75.04517098289892
15.72798863491365,-75.04517098289892
15.677938634913652,-74.99512098289892
15.627888634913653,-74.94507098289893
15.577838634913647,-74.94507098289893
15.527788634913648,-74.89502098289893
15.47773863491365,-74.84497098289893
15.42768863491365,-74.79492098289893
15.377638634913652,-74.74487098289893
15.327588634913653,-74.69482098289893
15.277538634913647,-74.69482098289893
15.227488634913648,-74.64477098289893
15.17743863491365,-74.59472098289892
15.12738863491365,-74.54467098289892
15.077338634913652,-74.49462098289892
15.027288634913653,-74.44457098289892
14.977238634913647,-74.44457098289892
14.927188634913648,-74.39452098289892
14.87713863491365,-74.34447098289893
14.82708863491365,-74.29442098289893
14.777038634913652,-74.24437098289893
14.726988634913653,-74.19432098289893
14.676938634913647,-74.14427098289893
14.626888634913648,-74.09422098289893
14.57683863491365,-74.04417098289892
14.52678863491365,-73.99412098289892
14.476738634913652,-73.94407098289892
14.426688634913653,-73.89402098289892
14.376638634913647,-73.84397098289892
14.326588634913648,-73.79392098289892
14.27653863491365,-73.74387098289893
14.22648863491365,-73.69382098289893
14.176438634913652,-73.64377098289893
14.126388634913653,-73.59372098289893
14.076338634913647,-73.54367098289893
14.026288634913648,-73.49362098289893
13.97623863491365,-73.44357098289893
13.92618863491365,-73.39352098289892
13.876138634913652,-73.34347098289892
13.826088634913653,-73.29342098289892
13.776038634913647,-73.24337098289892
13.725988634913648,-73.19332098289892
13.725988634913648,-73.14327098289893
13.67593863491365,-73.09322098289893
13.62588863491365,-73.09322098289893
13.575838634913652,-73.04317098289893
13.525788634913653,-72.99312098289893
13.525788634913653,-72.94307098289893
13.475738634913647,-72.89302098289893
13.425688634913648,-72.84297098289892
13.37563863491365,-72.79292098289892
13.32558863491365,-72.74287098289892
13.32558863491365,-72.69282098289892
13.275538634913651,-72.64277098289892
13.225488634913653,-72.59272098289892
13.175438634913647,-72.54267098289893
13.125388634913648,-72.49262098289893
13.07533863491365,-72.44257098289893
13.02528863491365,-72.39252098289893
13.02528863491365,-72.34247098289893
12.975238634913651,-72.29242098289893
12.925188634913653,-72.24237098289893
12.875138634913647,-72.19232098289893
12.825088634913648,-72.14227098289892
12.775038634913649,-72.09222098289892
12.775038634913649,-72.04217098289892
12.72498863491365,-71.99212098289892
12.674938634913651,-71.99212098289892
12.624888634913653,-71.94207098289893
12.624888634913653,-71.89202098289893
12.574838634913647,-71.84197098289893
12.524788634913648,-71.79192098289893
12.524788634913648,-71.74187098289893
12.474738634913649,-71.69182098289892
12.42468863491365,-71.64177098289892
12.374638634913651,-71.59172098289892
12.324588634913653,-71.54167098289892
12.324588634913653,-71.49162098289892
12.274538634913647,-71.44157098289892
12.224488634913648,-71.39152098289892
12.174438634913649,-71.34147098289893
12.12438863491365,-71.29142098289893
12.12438863491365,-71.24137098289893
12.074338634913651,-71.19132098289893
12.024288634913653,-71.14127098289893
11.974238634913647,-71.09122098289893
11.924188634913648,-71.04117098289893
11.924188634913648,-70.99112098289893
11.874138634913649,-70.94107098289892
11.82408863491365,-70.89102098289892
11.774038634913651,-70.84097098289892
11.774038634913651,-70.79092098289892
11.723988634913653,-70.74087098289893
11.673938634913654,-70.74087098289893
11.623888634913648,-70.69082098289893
11.623888634913648,-70.64077098289893
11.573838634913649,-70.59072098289893
11.573838634913649,-70.54067098289893
11.52378863491365,-70.49062098289892
11.473738634913651,-70.44057098289892
11.423688634913653,-70.39052098289892
11.373638634913654,-70.34047098289892
11.373638634913654,-70.29042098289892
11.323588634913648,-70.24037098289892
11.273538634913649,-70.24037098289892
11.22348863491365,-70.19032098289892
11.22348863491365,-70.14027098289893
11.173438634913651,-70.09022098289893
11.173438634913651,-70.04017098289893
11.123388634913653,-69.99012098289893
11.073338634913654,-69.99012098289893
11.023288634913648,-69.94007098289893
11.023288634913648,-69.89002098289893
10.973238634913649,-69.83997098289893
10.92318863491365,-69.78992098289893
10.92318863491365,-69.73987098289892
10.873138634913651,-69.68982098289892
10.823088634913653,-69.63977098289892
10.773038634913654,-69.58972098289892
10.722988634913648,-69.53967098289893
10.722988634913648,-69.48962098289893
10.672938634913649,-69.43957098289893
10.62288863491365,-69.38952098289893
10.572838634913651,-69.33947098289893
10.522788634913653,-69.28942098289892
10.472738634913654,-69.23937098289892
10.472738634913654,-69.18932098289892
10.422688634913648,-69.13927098289892
10.372638634913649,-69.08922098289892
10.32258863491365,-69.03917098289892
10.272538634913651,-68.98912098289892
10.222488634913653,-68.93907098289893
10.172438634913654,-68.88902098289893
10.122388634913648,-68.83897098289893
10.122388634913648,-68.78892098289893
10.072338634913649,-68.73887098289893
10.02228863491365,-68.68882098289893
9.972238634913651,-68.63877098289893
9.922188634913653,-68.58872098289893
9.872138634913654,-68.53867098289894
9.822088634913648,-68.48862098289892
9.822088634913648,-68.43857098289892
9.772038634913649,-68.38852098289892
9.72198863491365,-68.33847098289893
9.671938634913651,-68.28842098289893
9.621888634913653,-68.23837098289893
9.571838634913654,-68.18832098289893
9.571838634913654,-68.13827098289893
9.521788634913648,-68.08822098289893
9.521788634913648,-68.03817098289892
9.471738634913649,-67.98812098289892
9.42168863491365,-67.93807098289892
9.371638634913651,-67.88802098289892
9.371638634913651,-67.83797098289892
9.321588634913653,-67.78792098289892
9.271538634913654,-67.73787098289893
9.221488634913648,-67.68782098289893
9.221488634913648,-67.63777098289893
9.171438634913649,-67.58772098289893
9.12138863491365,-67.53767098289893
9.12138863491365,-67.48762098289893
9.12138863491365,-67.43757098289893
9.071338634913651,-67.38752098289893
9.021288634913653,-67.33747098289894
9.021288634913653,-67.28742098289892
9.021288634913653,-67.23737098289892
8.971238634913654,-67.18732098289892
8.971238634913654,-67.13727098289893
8.921188634913648,-67.08722098289893
8.921188634913648,-67.03717098289893
8.921188634913648,-66.98712098289893
8.871138634913649,-66.93707098289893
8.871138634913649,-66.88702098289893
8.871138634913649,-66.83697098289892
8.871138634913649,-66.78692098289892
8.82108863491365,-66.73687098289892
8.82108863491365,-66.68682098289892
8.82108863491365,-66.63677098289892
8.82108863491365,-66.58672098289892
8.82108863491365,-66.53667098289893
8.771038634913651,-66.48662098289893
8.771038634913651,-66.43657098289893
8.771038634913651,-66.38652098289893
8.771038634913651,-66.33647098289893
8.771038634913651,-66.28642098289893
8.771038634913651,-66.23637098289893
8.720988634913653,-66.18632098289893
8.720988634913653,-66.13627098289894
8.720988634913653,-66.08622098289892
8.720988634913653,-66.03617098289892
8.720988634913653,-65.98612098289892
8.720988634913653,-65.93607098289893
8.720988634913653,-65.88602098289893
8.720988634913653,-65.83597098289893
8.670938634913654,-65.78592098289893
8.670938634913654,-65.73587098289893
8.670938634913654,-65.68582098289893
8.670938634913654,-65.63577098289892
8.670938634913654,-65.58572098289892
8.670938634913654,-65.53567098289892
8.670938634913654,-65.48562098289892
8.670938634913654,-65.43557098289892
8.670938634913654,-65.38552098289892
8.670938634913654,-65.33547098289893
8.670938634913654,-65.28542098289893
8.670938634913654,-65.23537098289893
8.670938634913654,-65.18532098289893
8.670938634913654,-65.13527098289893
8.670938634913654,-65.08522098289893
8.670938634913654,-65.03517098289893
8.670938634913654,-64.98512098289893
8.670938634913654,-64.93507098289894
8.670938634913654,-64.88502098289892
8.670938634913654,-64.83497098289892
8.670938634913654,-64.78492098289892
8.670938634913654,-64.73487098289893
8.670938634913654,-64.68482098289893
8.670938634913654,-64.63477098289893
8.670938634913654,-64.58472098289893
8.670938634913654,-64.53467098289893
8.670938634913654,-64.48462098289893
8.670938634913654,-64.43457098289892
8.670938634913654,-64.38452098289892
8.670938634913654,-64.33447098289892
8.720988634913653,-64.28442098289892
8.720988634913653,-64.23437098289892
8.720988634913653,-64.18432098289892
8.720988634913653,-64.13427098289893
8.720988634913653,-64.08422098289893
8.720988634913653,-64.03417098289893
8.720988634913653,-63.98412098289893
8.720988634913653,-63.93407098289893
8.720988634913653,-63.88402098289893
8.720988634913653,-63.833970982898926
8.720988634913653,-63.78392098289893
8.720988634913653,-63.73387098289893
8.720988634913653,-63.68382098289892
8.771038634913651,-63.63377098289892
8.771038634913651,-63.583720982898924
8.771038634913651,-63.533670982898926
8.771038634913651,-63.48362098289893
8.771038634913651,-63.43357098289893
8.771038634913651,-63.38352098289893
8.771038634913651,-63.33347098289893
8.771038634913651,-63.28342098289893
8.771038634913651,-63.233370982898926
8.771038634913651,-63.18332098289893
8.771038634913651,-63.13327098289893
8.82108863491365,-63.08322098289892
8.82108863491365,-63.03317098289892
8.82108863491365,-62.983120982898924
8.82108863491365,-62.933070982898926
8.82108863491365,-62.88302098289893
8.82108863491365,-62.83297098289893
8.82108863491365,-62.78292098289893
8.82108863491365,-62.73287098289893
8.82108863491365,-62.68282098289893
8.82108863491365,-62.632770982898926
8.871138634913649,-62.58272098289893
8.871138634913649,-62.53267098289893
8.871138634913649,-62.48262098289892
8.871138634913649,-62.43257098289892
8.871138634913649,-62.382520982898924
8.871138634913649,-62.332470982898926
8.871138634913649,-62.28242098289893
8.871138634913649,-62.23237098289893
8.871138634913649,-62.18232098289893
8.871138634913649,-62.13227098289893
8.921188634913648,-62.08222098289893
8.921188634913648,-62.032170982898926
8.921188634913648,-61.98212098289893
8.921188634913648,-61.93207098289893
8.921188634913648,-61.88202098289892
8.921188634913648,-61.83197098289892
8.921188634913648,-61.781920982898924
8.921188634913648,-61.731870982898926
8.921188634913648,-61.68182098289893
8.921188634913648,-61.63177098289893
8.921188634913648,-61.58172098289893
8.971238634913654,-61.53167098289893
8.971238634913654,-61.48162098289893
8.971238634913654,-61.431570982898926
8.971238634913654,-61.38152098289893
8.971238634913654,-61.33147098289893
9.021288634913653,-61.28142098289892
9.021288634913653,-61.23137098289892
9.021288634913653,-61.181320982898924
9.021288634913653,-61.131270982898926
9.021288634913653,-61.08122098289893
9.021288634913653,-61.03117098289893
9.021288634913653,-60.98112098289893
9.071338634913651,-60.93107098289893
9.071338634913651,-60.88102098289893
9.071338634913651,-60.830970982898926
9.071338634913651,-60.78092098289893
9.071338634913651,-60.73087098289893
9.071338634913651,-60.68082098289892
9.071338634913651,-60.63077098289892
9.071338634913651,-60.580720982898924
9.12138863491365,-60.530670982898926
9.12138863491365,-60.48062098289893
9.12138863491365,-60.43057098289893
9.12138863491365,-60.38052098289893
9.12138863491365,-60.33047098289893
9.171438634913649,-60.28042098289893
9.171438634913649,-60.230370982898926
9.171438634913649,-60.18032098289893
9.171438634913649,-60.13027098289893
9.221488634913648,-60.08022098289892
9.221488634913648,-60.03017098289892
9.221488634913648,-59.980120982898924
9.221488634913648,-59.930070982898926
9.271538634913654,-59.88002098289893
9.271538634913654,-59.82997098289893
9.271538634913654,-59.77992098289893
9.271538634913654,-59.72987098289893
9.271538634913654,-59.67982098289893
9.321588634913653,-59.629770982898926
9.321588634913653,-59.57972098289893
9.321588634913653,-59.52967098289893
9.321588634913653,-59.47962098289892
9.321588634913653,-59.42957098289892
9.371638634913651,-59.379520982898924
9.371638634913651,-59.329470982898926
9.371638634913651,-59.27942098289893
9.371638634913651,-59.22937098289893
9.42168863491365,-59.17932098289893
9.42168863491365,-59.12927098289893
9.42168863491365,-59.07922098289893
9.42168863491365,-59.029170982898926
9.471738634913649,-58.97912098289893
9.471738634913649,-58.92907098289893
9.471738634913649,-58.87902098289892
9.471738634913649,-58.82897098289892
9.521788634913648,-58.778920982898924
9.521788634913648,-58.728870982898925
9.521788634913648,-58.67882098289893
9.521788634913648,-58.62877098289893
9.571838634913654,-58.57872098289893
9.571838634913654,-58.52867098289893
9.571838634913654,-58.47862098289893
9.571838634913654,-58.428570982898925
9.621888634913653,-58.37852098289893
9.621888634913653,-58.32847098289893
9.621888634913653,-58.27842098289892
9.671938634913651,-58.22837098289892
9.671938634913651,-58.178320982898924
9.671938634913651,-58.128270982898925
9.72198863491365,-58.07822098289893
9.72198863491365,-58.02817098289893
9.72198863491365,-57.97812098289893
9.72198863491365,-57.92807098289893
9.772038634913649,-57.87802098289893
9.772038634913649,-57.827970982898925
9.772038634913649,-57.77792098289893
9.822088634913648,-57.72787098289893
9.822088634913648,-57.67782098289892
9.822088634913648,-57.62777098289892
9.872138634913654,-57.577720982898924
9.872138634913654,-57.527670982898925
9.872138634913654,-57.47762098289893
9.872138634913654,-57.42757098289893
9.922188634913653,-57.37752098289893
9.922188634913653,-57.32747098289893
9.922188634913653,-57.27742098289893
9.972238634913651,-57.227370982898925
9.972238634913651,-57.17732098289893
9.972238634913651,-57.12727098289893
10.02228863491365,-57.07722098289892
10.02228863491365,-57.02717098289892
10.02228863491365,-56.977120982898924
10.02228863491365,-56.927070982898925
10.072338634913649,-56.87702098289893
10.072338634913649,-56.82697098289893
10.072338634913649,-56.77692098289893
10.122388634913648,-56.72687098289893
10.122388634913648,-56.67682098289893
10.122388634913648,-56.626770982898925
10.122388634913648,-56.57672098289893
10.172438634913654,-56.52667098289893
10.172438634913654,-56.47662098289892
10.172438634913654,-56.42657098289892
10.222488634913653,-56.376520982898924
10.222488634913653,-56.326470982898925
10.222488634913653,-56.27642098289893
10.272538634913651,-56.22637098289893
10.272538634913651,-56.17632098289893
10.272538634913651,-56.12627098289893
10.272538634913651,-56.076220982898924
10.32258863491365,-56.026170982898925
10.32258863491365,-55.97612098289893
10.32258863491365,-55.92607098289893
10.372638634913649,-55.87602098289893
10.372638634913649,-55.82597098289893
10.372638634913649,-55.775920982898924
10.372638634913649,-55.725870982898925
10.422688634913648,-55.67582098289893
10.422688634913648,-55.62577098289893
10.422688634913648,-55.57572098289893
10.472738634913654,-55.52567098289893
10.472738634913654,-55.475620982898924
10.472738634913654,-55.425570982898925
10.472738634913654,-55.37552098289893
10.522788634913653,-55.32547098289893
10.522788634913653,-55.27542098289893
10.522788634913653,-55.22537098289893
10.572838634913651,-55.175320982898924
10.572838634913651,-55.125270982898925
10.572838634913651,-55.07522098289893
10.572838634913651,-55.02517098289893
10.62288863491365,-54.97512098289893
10.62288863491365,-54.92507098289893
10.62288863491365,-54.875020982898924
10.62288863491365,-54.824970982898925
10.672938634913649,-54.77492098289893
10.672938634913649,-54.72487098289893
10.672938634913649,-54.67482098289893
10.722988634913648,-54.62477098289893
10.722988634913648,-54.574720982898924
10.722988634913648,-54.524670982898925
10.722988634913648,-54.47462098289893
10.773038634913654,-54.42457098289893
10.773038634913654,-54.37452098289893
10.773038634913654,-54.32447098289893
10.773038634913654,-54.274420982898924
10.823088634913653,-54.224370982898925
10.823088634913653,-54.17432098289893
10.823088634913653,-54.12427098289893
10.873138634913651,-54.07422098289893
10.873138634913651,-54.02417098289893
10.873138634913651,-53.974120982898924
10.92318863491365,-53.924070982898925
10.92318863491365,-53.87402098289893
10.92318863491365,-53.82397098289893
10.92318863491365,-53.77392098289893
10.973238634913649,-53.72387098289893
10.973238634913649,-53.673820982898924
10.973238634913649,-53.623770982898925
10.973238634913649,-53.57372098289893
11.023288634913648,-53.52367098289893
11.023288634913648,-53.47362098289893
11.023288634913648,-53.42357098289893
11.073338634913654,-53.373520982898924
11.073338634913654,-53.323470982898925
11.073338634913654,-53.27342098289893
11.073338634913654,-53.22337098289893
11.123388634913653,-53.17332098289893
11.123388634913653,-53.12327098289893
11.123388634913653,-53.073220982898924
11.123388634913653,-53.023170982898925
11.173438634913651,-52.97312098289893
11.173438634913651,-52.92307098289893
11.173438634913651,-52.87302098289893
11.173438634913651,-52.82297098289893
11.22348863491365,-52.772920982898924
11.22348863491365,-52.722870982898925
11.22348863491365,-52.672820982898926
11.273538634913649,-52.62277098289893
11.273538634913649,-52.57272098289893
11.273538634913649,-52.52267098289893
11.273538634913649,-52.472620982898924
11.273538634913649,-52.422570982898925
11.323588634913648,-52.372520982898926
11.323588634913648,-52.32247098289893
11.323588634913648,-52.27242098289893
11.323588634913648,-52.22237098289893
11.373638634913654,-52.172320982898924
11.373638634913654,-52.122270982898925
11.423688634913653,-52.072220982898926
11.423688634913653,-52.02217098289893
11.423688634913653,-51.97212098289893
11.423688634913653,-51.92207098289893
11.473738634913651,-51.872020982898924
11.473738634913651,-51.821970982898925
11.473738634913651,-51.771920982898926
11.473738634913651,-51.72187098289893
11.52378863491365,-51.67182098289893
11.52378863491365,-51.62177098289893
11.52378863491365,-51.571720982898924
11.52378863491365,-51.521670982898925
11.573838634913649,-51.471620982898926
11.573838634913649,-51.42157098289893
11.573838634913649,-51.37152098289893
11.623888634913648,-51.32147098289893
11.623888634913648,-51.271420982898924
11.623888634913648,-51.221370982898925
11.623888634913648,-51.171320982898926
11.623888634913648,-51.12127098289893
11.673938634913654,-51.07122098289893
11.673938634913654,-51.02117098289893
11.673938634913654,-50.971120982898924
11.723988634913653,-50.921070982898925
11.723988634913653,-50.871020982898926
11.723988634913653,-50.82097098289893
11.774038634913651,-50.77092098289893
11.774038634913651,-50.72087098289893
11.774038634913651,-50.670820982898924
11.774038634913651,-50.620770982898925
11.82408863491365,-50.570720982898926
11.82408863491365,-50.52067098289893
11.82408863491365,-50.47062098289893
11.82408863491365,-50.42057098289893
11.874138634913649,-50.370520982898924
11.874138634913649,-50.320470982898925
11.874138634913649,-50.270420982898926
11.874138634913649,-50.22037098289893
11.924188634913648,-50.17032098289893
11.924188634913648,-50.12027098289893
11.924188634913648,-50.070220982898924
11.924188634913648,-50.020170982898925
11.974238634913647,-49.970120982898926
11.974238634913647,-49.92007098289893
11.974238634913647,-49.87002098289893
12.024288634913653,-49.81997098289893
12.024288634913653,-49.769920982898924
12.024288634913653,-49.719870982898925
12.074338634913651,-49.669820982898926
12.074338634913651,-49.61977098289893
12.074338634913651,-49.56972098289893
12.074338634913651,-49.51967098289893
12.12438863491365,-49.46962098289893
12.12438863491365,-49.419570982898925
12.12438863491365,-49.369520982898926
12.12438863491365,-49.31947098289893
12.174438634913649,-49.26942098289893
12.174438634913649,-49.21937098289893
12.174438634913649,-49.16932098289893
12.174438634913649,-49.119270982898925
12.224488634913648,-49.069220982898926
12.224488634913648,-49.01917098289893
12.224488634913648,-48.96912098289893
12.224488634913648,-48.91907098289893
12.274538634913647,-48.86902098289893
12.274538634913647,-48.818970982898925
12.274538634913647,-48.768920982898926
12.274538634913647,-48.71887098289893
12.324588634913653,-48.66882098289893
12.324588634913653,-48.61877098289893
12.324588634913653,-48.56872098289893
12.374638634913651,-48.518670982898925
12.374638634913651,-48.468620982898926
12.374638634913651,-48.41857098289893
12.374638634913651,-48.36852098289893
12.42468863491365,-48.31847098289893
12.42468863491365,-48.26842098289893
12.42468863491365,-48.218370982898925
12.42468863491365,-48.168320982898926
12.42468863491365,-48.11827098289893
12.474738634913649,-48.06822098289893
12.474738634913649,-48.01817098289893
12.474738634913649,-47.96812098289893
12.474738634913649,-47.918070982898925
12.474738634913649,-47.868020982898926
12.474738634913649,-47.81797098289893
12.474738634913649,-47.76792098289893
12.524788634913648,-47.71787098289893
12.524788634913648,-47.66782098289893
12.524788634913648,-47.617770982898925
12.524788634913648,-47.567720982898926
12.524788634913648,-47.51767098289893
12.574838634913647,-47.46762098289893
12.574838634913647,-47.41757098289893
12.574838634913647,-47.36752098289893
12.574838634913647,-47.317470982898925
12.574838634913647,-47.267420982898926
12.574838634913647,-47.21737098289893
12.574838634913647,-47.16732098289893
12.574838634913647,-47.11727098289893
12.574838634913647,-47.06722098289893
12.574838634913647,-47.017170982898925
12.624888634913653,-46.967120982898926
12.624888634913653,-46.91707098289893
12.624888634913653,-46.86702098289893
12.624888634913653,-46.81697098289893
12.624888634913653,-46.76692098289893
12.624888634913653,-46.716870982898925
12.624888634913653,-46.666820982898926
12.624888634913653,-46.61677098289893
12.624888634913653,-46.56672098289893
12.624888634913653,-46.51667098289893
12.624888634913653,-46.46662098289893
12.624888634913653,-46.416570982898925
12.624888634913653,-46.366520982898926
12.624888634913653,-46.31647098289893
12.624888634913653,-46.26642098289893
12.624888634913653,-46.21637098289893
12.624888634913653,-46.16632098289893
12.624888634913653,-46.116270982898925
12.624888634913653,-46.066220982898926
12.574838634913647,-46.01617098289893
12.574838634913647,-45.96612098289893
12.574838634913647,-45.91607098289893
12.574838634913647,-45.86602098289893
12.574838634913647,-45.815970982898925
12.574838634913647,-45.765920982898926
12.524788634913648,-45.71587098289893
12.524788634913648,-45.66582098289893
12.524788634913648,-45.61577098289893
12.524788634913648,-45.56572098289893
12.524788634913648,-45.515670982898925
12.524788634913648,-45.465620982898926
12.474738634913649,-45.41557098289893
12.474738634913649,-45.36552098289893
12.474738634913649,-45.31547098289893
12.474738634913649,-45.26542098289893
12.42468863491365,-45.215370982898925
12.42468863491365,-45.165320982898926
12.42468863491365,-45.11527098289893
12.374638634913651,-45.06522098289893
12.374638634913651,-45.01517098289893
12.374638634913651,-44.96512098289893
12.374638634913651,-44.915070982898925
12.324588634913653,-44.865020982898926
12.274538634913647,-44.81497098289893
12.274538634913647,-44.76492098289893
12.224488634913648,-44.71487098289893
12.224488634913648,-44.66482098289893
12.174438634913649,-44.614770982898925
12.174438634913649,-44.564720982898926
12.12438863491365,-44.51467098289893
12.074338634913651,-44.46462098289893
12.074338634913651,-44.41457098289893
12.024288634913653,-44.36452098289893
11.974238634913647,-44.314470982898925
11.974238634913647,-44.264420982898926
11.924188634913648,-44.21437098289893
11.874138634913649,-44.21437098289893
11.82408863491365,-44.16432098289893
11.774038634913651,-44.11427098289893
11.723988634913653,-44.06422098289893
11.673938634913654,-44.014170982898925
11.623888634913648,-43.964120982898926
11.573838634913649,-43.91407098289893
11.52378863491365,-43.91407098289893
11.473738634913651,-43.86402098289893
11.423688634913653,-43.81397098289893
11.373638634913654,-43.76392098289893
11.323588634913648,-43.76392098289893
11.273538634913649,-43.713870982898925
11.22348863491365,-43.663820982898926
11.173438634913651,-43.663820982898926
11.123388634913653,-43.61377098289893
11.073338634913654,-43.61377098289893
11.023288634913648,-43.56372098289893
10.973238634913649,-43.56372098289893
10.92318863491365,-43.51367098289893
10.873138634913651,-43.46362098289893
10.823088634913653,-43.46362098289893
10.773038634913654,-43.46362098289893
10.722988634913648,-43.413570982898925
10.672938634913649,-43.413570982898925
10.62288863491365,-43.363520982898926
10.572838634913651,-43.363520982898926
10.522788634913653,-43.31347098289893
10.472738634913654,-43.31347098289893
10.422688634913648,-43.26342098289893
10.372638634913649,-43.26342098289893
10.32258863491365,-43.21337098289893
10.272538634913651,-43.21337098289893
10.222488634913653,-43.16332098289893
10.172438634913654,-43.16332098289893
10.122388634913648,-43.113270982898925
10.072338634913649,-43.113270982898925
10.02228863491365,-43.063220982898926
9.972238634913651,-43.063220982898926
9.922188634913653,-43.063220982898926
9.872138634913654,-43.01317098289893
9.822088634913648,-43.01317098289893
9.772038634913649,-42.96312098289893
9.72198863491365,-42.96312098289893
9.671938634913651,-42.91307098289893
9.621888634913653,-42.91307098289893
9.571838634913654,-42.86302098289893
9.521788634913648,-42.86302098289893
9.471738634913649,-42.86302098289893
9.42168863491365,-42.812970982898925
9.371638634913651,-42.812970982898925
9.321588634913653,-42.762920982898926
9.271538634913654,-42.762920982898926
9.221488634913648,-42.71287098289893
9.171438634913649,-42.71287098289893
9.12138863491365,-42.71287098289893
9.071338634913651,-42.66282098289893
9.021288634913653,-42.66282098289893
8.971238634913654,-42.61277098289893
8.921188634913648,-42.61277098289893
8.871138634913649,-42.56272098289893
8.82108863491365,-42.56272098289893
8.771038634913651,-42.56272098289893
8.720988634913653,-42.512670982898925
8.670938634913654,-42.512670982898925
8.620888634913648,-42.462620982898926
8.570838634913649,-42.462620982898926
8.52078863491365,-42.41257098289893
8.470738634913651,-42.41257098289893
8.420688634913652,-42.41257098289893
8.370638634913654,-42.36252098289893
8.320588634913648,-42.36252098289893
8.270538634913649,-42.31247098289893
8.22048863491365,-42.31247098289893
8.170438634913651,-42.31247098289893
8.120388634913652,-42.26242098289893
8.070338634913654,-42.26242098289893
8.020288634913648,-42.212370982898925
7.970238634913649,-42.212370982898925
7.92018863491365,-42.162320982898926
7.870138634913651,-42.162320982898926
7.8200886349136525,-42.162320982898926
7.770038634913654,-42.11227098289893
7.719988634913648,-42.11227098289893
7.669938634913649,-42.06222098289893
7.61988863491365,-42.06222098289893
7.569838634913651,-42.06222098289893
7.5197886349136525,-42.01217098289893
7.469738634913654,-42.01217098289893
7.419688634913648,-41.96212098289893
7.369638634913649,-41.96212098289893
7.31958863491365,-41.96212098289893
7.269538634913651,-41.912070982898925
7.2194886349136524,-41.912070982898925
7.169438634913654,-41.862020982898926
7.119388634913648,-41.862020982898926
7.069338634913649,-41.862020982898926
7.01928863491365,-41.81197098289893
6.969238634913651,-41.81197098289893
6.919188634913652,-41.76192098289893
6.869138634913654,-41.76192098289893
6.819088634913648,-41.71187098289893
6.769038634913649,-41.71187098289893
6.71898863491365,-41.71187098289893
6.668938634913651,-41.66182098289893
6.618888634913652,-41.66182098289893
6.568838634913654,-41.611770982898925
6.518788634913648,-41.611770982898925
6.468738634913649,-41.611770982898925
6.41868863491365,-41.561720982898926
6.368638634913651,-41.561720982898926
6.318588634913652,-41.51167098289893
6.268538634913654,-41.51167098289893
6.218488634913648,-41.51167098289893
6.168438634913649,-41.46162098289893
6.11838863491365,-41.46162098289893
6.068338634913651,-41.41157098289893
6.018288634913652,-41.41157098289893
5.968238634913654,-41.41157098289893
5.918188634913648,-41.36152098289893
5.868138634913649,-41.36152098289893
5.81808863491365,-41.311470982898925
5.768038634913651,-41.311470982898925
5.717988634913652,-41.311470982898925
5.667938634913654,-41.261420982898926
5.617888634913648,-41.261420982898926
5.567838634913649,-41.21137098289893
5.51778863491365,-41.21137098289893
5.467738634913651,-41.21137098289893
5.417688634913652,-41.16132098289893
5.367638634913654,-41.16132098289893
5.317588634913648,-41.11127098289893
5.267538634913649,-41.11127098289893
5.21748863491365,-41.11127098289893
5.167438634913651,-41.06122098289893
5.117388634913652,-41.06122098289893
5.0673386349136536,-41.011170982898925
5.017288634913648,-41.011170982898925
4.967238634913649,-41.011170982898925
4.91718863491365,-40.961120982898926
4.867138634913651,-40.961120982898926
4.817088634913652,-40.91107098289893
4.7670386349136535,-40.91107098289893
4.716988634913648,-40.91107098289893
4.666938634913649,-40.86102098289893
4.61688863491365,-40.86102098289893
4.566838634913651,-40.81097098289893
4.516788634913652,-40.81097098289893
4.4667386349136535,-40.81097098289893
4.416688634913648,-40.76092098289893
4.366638634913649,-40.76092098289893
4.31658863491365,-40.710870982898925
4.266538634913651,-40.710870982898925
4.216488634913652,-40.710870982898925
4.1664386349136535,-40.660820982898926
4.116388634913648,-40.660820982898926
4.066338634913649,-40.61077098289893
4.01628863491365,-40.61077098289893
3.966238634913651,-40.61077098289893
3.9161886349136523,-40.56072098289893
3.8661386349136535,-40.56072098289893
3.8160886349136476,-40.51067098289893
3.7660386349136488,-40.51067098289893
3.71598863491365,-40.51067098289893
3.665938634913651,-40.46062098289893
3.6158886349136523,-40.46062098289893
3.5658386349136535,-40.410570982898925
3.5157886349136476,-40.410570982898925
3.4657386349136488,-40.410570982898925
3.41568863491365,-40.360520982898926
3.365638634913651,-40.360520982898926
3.3155886349136523,-40.31047098289893
3.2655386349136535,-40.31047098289893
3.2154886349136476,-40.31047098289893
3.1654386349136487,-40.26042098289893
3.11538863491365,-40.26042098289893
3.065338634913651,-40.26042098289893
3.0152886349136523,-40.21037098289893
2.9652386349136535,-40.21037098289893
2.9151886349136475,-40.16032098289893
2.8651386349136487,-40.16032098289893
2.81508863491365,-40.16032098289893
2.765038634913651,-40.110270982898925
2.7149886349136523,-40.110270982898925
2.6649386349136535,-40.060220982898926
2.6148886349136475,-40.060220982898926
2.5648386349136487,-40.01017098289893
2.51478863491365,-40.01017098289893
2.464738634913651,-40.01017098289893
2.4146886349136523,-39.96012098289893
2.3646386349136534,-39.96012098289893
2.3145886349136475,-39.96012098289893
2.2645386349136487,-39.91007098289893
2.21448863491365,-39.91007098289893
2.164438634913651,-39.86002098289893
2.1143886349136523,-39.86002098289893
2.0643386349136534,-39.86002098289893
2.0142886349136475,-39.809970982898925
1.9642386349136487,-39.809970982898925
1.9141886349136499,-39.759920982898926
1.864138634913651,-39.759920982898926
1.8140886349136522,-39.759920982898926
1.7640386349136534,-39.70987098289893
1.7139886349136475,-39.70987098289893
1.6639386349136487,-39.65982098289893
1.6138886349136499,-39.65982098289893
1.563838634913651,-39.65982098289893
1.5137886349136522,-39.60977098289893
1.4637386349136534,-39.60977098289893
1.4136886349136475,-39.55972098289893
1.3636386349136487,-39.55972098289893
1.3135886349136499,-39.55972098289893
1.263538634913651,-39.509670982898925
1.2134886349136522,-39.509670982898925
1.1634386349136534,-39.459620982898926
1.1133886349136475,-39.459620982898926
1.0633386349136487,-39.459620982898926
1.0132886349136498,-39.40957098289893
0.963238634913651,-39.40957098289893
0.9131886349136522,-39.35952098289893
0.8631386349136534,-39.35952098289893
0.8130886349136475,-39.35952098289893
0.7630386349136487,-39.30947098289893
0.7129886349136498,-39.30947098289893
0.662938634913651,-39.25942098289893
0.6128886349136522,-39.25942098289893
0.5628386349136534,-39.25942098289893
0.5127886349136475,-39.209370982898925
0.46273863491364864,-39.209370982898925
0.4126886349136498,-39.159320982898926
0.362638634913651,-39.159320982898926
0.3125886349136522,-39.159320982898926
0.26253863491365337,-39.10927098289893
0.21248863491364745,-39.10927098289893
0.16243863491364863,-39.05922098289893
0.11238863491364981,-39.05922098289893
0.06233863491365099,-39.05922098289893
0.012288634913652174,-39.00917098289893
-0.03776136508634664,-39.00917098289893
-0.08781136508635257,-38.95912098289893
-0.13786136508635138,-38.95912098289893
-0.1879113650863502,-38.95912098289893
-0.23796136508634902,-38.909070982898925
-0.28801136508634784,-38.909070982898925
-0.33806136508634665,-38.859020982898926
-0.3881113650863526,-38.859020982898926
-0.4381613650863514,-38.859020982898926
-0.4882113650863502,-38.80897098289893
-0.538261365086349,-38.80897098289893
-0.5883113650863478,-38.75892098289893
-0.6383613650863467,-38.75892098289893
-0.6884113650863526,-38.75892098289893
-0.7384613650863514,-38.70887098289893
-0.7885113650863502,-38.70887098289893
-0.838561365086349,-38.65882098289893
-0.8886113650863479,-38.65882098289893
-0.9386613650863467,-38.65882098289893
-0.9887113650863455,-38.608770982898925
-1.0387613650863514,-38.608770982898925
-1.0888113650863502,-38.558720982898926
-1.138861365086349,-38.558720982898926
-1.1889113650863479,-38.558720982898926
-1.2389613650863467,-38.50867098289893
-1.2890113650863455,-38.50867098289893
-1.3390613650863514,-38.50867098289893
-1.3891113650863502,-38.45862098289893
-1.439161365086349,-38.45862098289893
-1.4892113650863479,-38.40857098289893
-1.5392613650863467,-38.40857098289893
-1.5893113650863455,-38.40857098289893
-1.6393613650863514,-38.35852098289893
-1.6894113650863503,-38.35852098289893
-1.739461365086349,-38.308470982898925
-1.789511365086348,-38.308470982898925
-1.8395613650863467,-38.308470982898925
-1.8896113650863455,-38.258420982898926
-1.9396613650863515,-38.258420982898926
-1.9897113650863503,-38.20837098289893
-2.039761365086349,-38.20837098289893
-2.089811365086348,-38.20837098289893
-2.1398613650863467,-38.15832098289893
-2.1899113650863455,-38.15832098289893
-2.2399613650863515,-38.10827098289893
-2.2900113650863503,-38.10827098289893
-2.340061365086349,-38.10827098289893
-2.390111365086348,-38.05822098289893
-2.4401613650863467,-38.05822098289893
-2.4902113650863456,-38.008170982898925
-2.5402613650863515,-38.008170982898925
-2.5903113650863503,-38.008170982898925
-2.640361365086349,-37.958120982898926
-2.690411365086348,-37.958120982898926
-2.7404613650863467,-37.90807098289893
-2.7905113650863456,-37.90807098289893
-2.8405613650863515,-37.90807098289893
-2.8906113650863503,-37.85802098289893
-2.940661365086349,-37.85802098289893
-2.990711365086348,-37.80797098289893
-3.0407613650863468,-37.80797098289893
-3.0908113650863456,-37.80797098289893
-3.1408613650863515,-37.75792098289893
-3.1909113650863503,-37.75792098289893
-3.240961365086349,-37.707870982898925
-3.291011365086348,-37.707870982898925
-3.3410613650863468,-37.707870982898925
-3.3911113650863456,-37.657820982898926
-3.4411613650863515,-37.657820982898926
-3.4912113650863503,-37.60777098289893
-3.541261365086349,-37.60777098289893
-3.591311365086348,-37.55772098289893
-3.641361365086347,-37.55772098289893
-3.6914113650863456,-37.55772098289893
-3.7414613650863515,-37.50767098289893
-3.7915113650863503,-37.50767098289893
-3.841561365086349,-37.45762098289893
-3.891611365086348,-37.45762098289893
-3.941661365086347,-37.45762098289893
-3.9917113650863456,-37.407570982898925
-4.0417613650863515,-37.407570982898925
-4.09181136508635,-37.407570982898925
-4.141861365086349,-37.357520982898926
-4.191911365086348,-37.357520982898926
-4.241961365086347,-37.30747098289893
-4.292011365086346,-37.30747098289893
-4.3420613650863515,-37.30747098289893
-4.39211136508635,-37.25742098289893
-4.442161365086349,-37.25742098289893
-4.492211365086348,-37.20737098289893
-4.542261365086347,-37.20737098289893
-4.592311365086346,-37.20737098289893
-4.6423613650863516,-37.15732098289893
-4.69241136508635,-37.15732098289893
-4.742461365086349,-37.107270982898925
-4.792511365086348,-37.107270982898925
-4.842561365086347,-37.107270982898925
-4.892611365086346,-37.057220982898926
-4.942661365086352,-37.057220982898926
-4.99271136508635,-37.00717098289893
-5.042761365086349,-37.00717098289893
-5.092811365086348,-37.00717098289893
-5.142861365086347,-36.95712098289893
-5.192911365086346,-36.95712098289893
-5.242961365086352,-36.90707098289893
-5.29301136508635,-36.90707098289893
-5.343061365086349,-36.85702098289893
-5.393111365086348,-36.85702098289893
-5.443161365086347,-36.85702098289893
-5.493211365086346,-36.80697098289893
-5.543261365086352,-36.80697098289893
-5.59331136508635,-36.756920982898926
-5.643361365086349,-36.756920982898926
-5.693411365086348,-36.756920982898926
-5.743461365086347,-36.70687098289893
-5.793511365086346,-36.70687098289893
-5.843561365086352,-36.65682098289893
-5.89361136508635,-36.65682098289893
-5.943661365086349,-36.65682098289893
-5.993711365086348,-36.60677098289893
-6.043761365086347,-36.60677098289893
-6.093811365086346,-36.55672098289893
-6.143861365086352,-36.55672098289893
-6.19391136508635,-36.55672098289893
-6.243961365086349,-36.50667098289893
-6.294011365086348,-36.50667098289893
-6.344061365086347,-36.456620982898926
-6.394111365086346,-36.456620982898926
-6.444161365086352,-36.456620982898926
-6.49421136508635,-36.40657098289893
-6.544261365086349,-36.40657098289893
-6.594311365086348,-36.35652098289893
-6.644361365086347,-36.35652098289893
-6.694411365086346,-36.35652098289893
-6.744461365086352,-36.30647098289893
-6.7945113650863505,-36.30647098289893
-6.844561365086349,-36.25642098289893
-6.894611365086348,-36.25642098289893
-6.944661365086347,-36.25642098289893
-6.994711365086346,-36.20637098289893
-7.044761365086352,-36.20637098289893
-7.0948113650863505,-36.156320982898926
-7.144861365086349,-36.156320982898926
-7.194911365086348,-36.156320982898926
-7.244961365086347,-36.10627098289893
-7.295011365086346,-36.10627098289893
-7.345061365086352,-36.05622098289893
-7.3951113650863505,-36.05622098289893
-7.445161365086349,-36.05622098289893
-7.495211365086348,-36.00617098289893
-7.545261365086347,-36.00617098289893
-7.595311365086349,-35.95612098289893
-7.645361365086348,-35.95612098289893
-7.695411365086347,-35.90607098289893
-7.745461365086349,-35.90607098289893
-7.795511365086348,-35.90607098289893
-7.845561365086347,-35.856020982898926
-7.895611365086349,-35.856020982898926
-7.945661365086348,-35.856020982898926
-7.995711365086347,-35.80597098289893
-8.04576136508635,-35.80597098289893
-8.095811365086348,-35.75592098289893
-8.145861365086347,-35.75592098289893
-8.19591136508635,-35.70587098289893
-8.245961365086348,-35.70587098289893
-8.296011365086347,-35.70587098289893
-8.34606136508635,-35.65582098289893
-8.396111365086348,-35.65582098289893
-8.446161365086347,-35.60577098289893
-8.49621136508635,-35.60577098289893
-8.546261365086348,-35.60577098289893
-8.596311365086347,-35.555720982898926
-8.64636136508635,-35.555720982898926
-8.696411365086348,-35.50567098289893
-8.746461365086347,-35.50567098289893
-8.79651136508635,-35.50567098289893
-8.846561365086348,-35.45562098289893
-8.896611365086347,-35.45562098289893
-8.94666136508635,-35.40557098289893
-8.996711365086348,-35.40557098289893
-9.046761365086347,-35.40557098289893
-9.09681136508635,-35.35552098289893
-9.146861365086348,-35.35552098289893
-9.196911365086347,-35.30547098289893
-9.24696136508635,-35.30547098289893
-9.297011365086348,-35.30547098289893
-9.347061365086347,-35.255420982898926
-9.39711136508635,-35.255420982898926
-9.447161365086348,-35.20537098289893
-9.497211365086347,-35.20537098289893
-9.54726136508635,-35.20537098289893
-9.597311365086348,-35.15532098289893
-9.647361365086347,-35.15532098289893
-9.69741136508635,-35.10527098289893
-9.747461365086348,-35.10527098289893
-9.797511365086347,-35.10527098289893
-9.84756136508635,-35.05522098289893
-9.897611365086348,-35.05522098289893
-9.947661365086347,-35.00517098289893
-9.99771136508635,-35.00517098289893
-10.047761365086348,-34.955120982898926
-10.097811365086347,-34.955120982898926
-10.14786136508635,-34.955120982898926
-10.197911365086348,-34.90507098289893
-10.247961365086347,-34.90507098289893
-10.29801136508635,-34.85502098289893
-10.348061365086348,-34.85502098289893
-10.398111365086347,-34.85502098289893
-10.44816136508635,-34.80497098289893
-10.498211365086348,-34.80497098289893
-10.548261365086347,-34.75492098289893
-10.59831136508635,-34.75492098289893
-10.648361365086348,-34.75492098289893
-10.698411365086347,-34.70487098289893
-10.74846136508635,-34.70487098289893
-10.798511365086348,-34.654820982898926
-10.848561365086347,-34.654820982898926
-10.89861136508635,-34.654820982898926
-10.948661365086348,-34.60477098289893
-10.998711365086347,-34.60477098289893
-11.04876136508635,-34.55472098289893
-11.098811365086348,-34.55472098289893
-11.148861365086347,-34.55472098289893
-11.19891136508635,-34.50467098289893
-11.248961365086348,-34.50467098289893
-11.299011365086347,-34.45462098289893
-11.34906136508635,-34.45462098289893
-11.399111365086348,-34.45462098289893
-11.449161365086347,-34.40457098289893
-11.49921136508635,-34.40457098289893
-11.549261365086348,-34.354520982898926
-11.599311365086347,-34.354520982898926
-11.64936136508635,-34.354520982898926
-11.699411365086348,-34.30447098289893
-11.749461365086347,-34.30447098289893
-11.79951136508635,-34.25442098289893
-11.849561365086348,-34.25442098289893
-11.899611365086347,-34.25442098289893
-11.94966136508635,-34.20437098289893
-11.999711365086348,-34.20437098289893
-12.049761365086347,-34.15432098289893
-12.09981136508635,-34.15432098289893
-12.149861365086348,-34.15432098289893
-12.199911365086347,-34.10427098289893
-12.24996136508635,-34.10427098289893
-12.300011365086348,-34.054220982898926
-12.350061365086347,-34.054220982898926
-12.40011136508635,-34.054220982898926
-12.450161365086348,-34.00417098289893
-12.500211365086347,-34.00417098289893
-12.55026136508635,-33.95412098289893
-12.600311365086348,-33.95412098289893
-12.650361365086347,-33.90407098289893
-12.70041136508635,-33.90407098289893
-12.750461365086348,-33.90407098289893
-12.800511365086347,-33.85402098289893
-12.85056136508635,-33.85402098289893
-12.900611365086348,-33.80397098289893
-12.950661365086347,-33.80397098289893
-13.00071136508635,-33.80397098289893
-13.050761365086348,-33.753920982898926
-13.100811365086347,-33.753920982898926
-13.15086136508635,-33.70387098289893
-13.200911365086348,-33.70387098289893
-13.250961365086347,-33.70387098289893
-13.30101136508635,-33.65382098289893
-13.351061365086348,-33.65382098289893
-13.401111365086347,-33.60377098289893
-13.45116136508635,-33.60377098289893
-13.501211365086348,-33.60377098289893
-13.551261365086347,-33.55372098289893
-13.60131136508635,-33.55372098289893
-13.651361365086348,-33.50367098289893
-13.701411365086347,-33.50367098289893
-13.75146136508635,-33.50367098289893
-13.801511365086348,-33.453620982898926
-13.851561365086347,-33.453620982898926
-13.90161136508635,-33.40357098289893
-13.951661365086348,-33.40357098289893
-14.001711365086347,-33.40357098289893
-14.05176136508635,-33.35352098289893
-14.101811365086348,-33.35352098289893
-14.151861365086347,-33.30347098289893
-14.20191136508635,-33.30347098289893
-14.251961365086348,-33.30347098289893
-14.302011365086347,-33.25342098289893
-14.35206136508635,-33.25342098289893
-14.402111365086348,-33.20337098289893
-14.452161365086347,-33.20337098289893
-14.50221136508635,-33.20337098289893
-14.552261365086348,-33.153320982898926
-14.602311365086347,-33.153320982898926
-14.65236136508635,-33.10327098289893
-14.702411365086348,-33.10327098289893
-14.752461365086347,-33.05322098289893
-14.80251136508635,-33.05322098289893
-14.852561365086348,-33.05322098289893
-14.902611365086347,-33.00317098289893
-14.95266136508635,-33.00317098289893
-15.002711365086348,-32.95312098289893
-15.052761365086347,-32.95312098289893
-15.10281136508635,-32.95312098289893
-15.152861365086348,-32.90307098289893
-15.202911365086347,-32.90307098289893
-15.25296136508635,-32.853020982898926
-15.303011365086348,-32.853020982898926
-15.353061365086347,-32.853020982898926
-15.40311136508635,-32.80297098289893
-15.453161365086348,-32.80297098289893
-15.503211365086347,-32.75292098289893
-15.55326136508635,-32.75292098289893
-15.603311365086348,-32.75292098289893
-15.653361365086347,-32.70287098289893
-15.70341136508635,-32.70287098289893
-15.753461365086348,-32.65282098289893
-15.803511365086347,-32.65282098289893
-15.85356136508635,-32.65282098289893
-15.903611365086348,-32.60277098289893
-15.953661365086347,-32.60277098289893
-16.00371136508635,-32.552720982898926
-16.05376136508635,-32.552720982898926
-16.103811365086347,-32.552720982898926
-16.15386136508635,-32.50267098289893
-16.20391136508635,-32.50267098289893
-16.253961365086347,-32.45262098289893
-16.30401136508635,-32.45262098289893
-16.35406136508635,-32.45262098289893
-16.404111365086347,-32.40257098289893
-16.45416136508635,-32.40257098289893
-16.50421136508635,-32.35252098289893
-16.554261365086347,-32.35252098289893
-16.60431136508635,-32.35252098289893
-16.65436136508635,-32.30247098289893
-16.704411365086347,-32.30247098289893
-16.75446136508635,-32.252420982898926
-16.80451136508635,-32.252420982898926
-16.854561365086347,-32.252420982898926
-16.90461136508635,-32.20237098289893
-16.95466136508635,-32.20237098289893
-17.004711365086347,-32.15232098289893
-17.05476136508635,-32.15232098289893
-17.10481136508635,-32.15232098289893
-17.154861365086347,-32.10227098289893
-17.20491136508635,-32.10227098289893
-17.25496136508635,-32.05222098289893
-17.305011365086347,-32.05222098289893
-17.35506136508635,-32.05222098289893
-17.40511136508635,-32.00217098289893
-17.455161365086347,-32.00217098289893
-17.50521136508635,-31.952120982898926
-17.55526136508635,-31.952120982898926
-17.605311365086347,-31.902070982898927
-17.65536136508635,-31.902070982898927
-17.70541136508635,-31.902070982898927
-17.755461365086347,-31.852020982898928
-17.80551136508635,-31.852020982898928
-17.85556136508635,-31.852020982898928
-17.905611365086347,-31.80197098289893
-17.95566136508635,-31.80197098289893
-18.00571136508635,-31.75192098289893
-18.055761365086347,-31.75192098289893
-18.10581136508635,-31.75192098289893
-18.15586136508635,-31.70187098289893
-18.205911365086347,-31.70187098289893
-18.25596136508635,-31.651820982898926
-18.30601136508635,-31.651820982898926
-18.356061365086347,-31.651820982898926
-18.40611136508635,-31.601770982898927
-18.45616136508635,-31.601770982898927
-18.506211365086347,-31.551720982898928
-18.55626136508635,-31.551720982898928
-18.60631136508635,-31.551720982898928
-18.656361365086347,-31.50167098289893
-18.70641136508635,-31.50167098289893
-18.75646136508635,-31.45162098289893
-18.806511365086347,-31.45162098289893
-18.85656136508635,-31.45162098289893
-18.90661136508635,-31.40157098289893
-18.956661365086347,-31.40157098289893
-19.00671136508635,-31.351520982898926
-19.05676136508635,-31.351520982898926
-19.106811365086347,-31.351520982898926
-19.15686136508635,-31.301470982898927
-19.20691136508635,-31.301470982898927
-19.256961365086347,-31.251420982898928
-19.30701136508635,-31.251420982898928
-19.35706136508635,-31.251420982898928
-19.407111365086347,-31.20137098289893
-19.45716136508635,-31.20137098289893
-19.50721136508635,-31.15132098289893
-19.557261365086347,-31.15132098289893
-19.60731136508635,-31.15132098289893
-19.65736136508635,-31.10127098289893
-19.707411365086347,-31.10127098289893
-19.75746136508635,-31.051220982898926
-19.80751136508635,-31.051220982898926
-19.857561365086347,-31.051220982898926
-19.90761136508635,-31.001170982898927
-19.95766136508635,-31.001170982898927
-20.007711365086347,-31.001170982898927
-20.05776136508635,-30.951120982898928
-20.10781136508635,-30.951120982898928
-20.157861365086347,-30.90107098289893
-20.207911365086346,-30.90107098289893
-20.25796136508635,-30.90107098289893
-20.308011365086347,-30.85102098289893
-20.358061365086346,-30.85102098289893
-20.40811136508635,-30.80097098289893
-20.458161365086347,-30.80097098289893
-20.508211365086346,-30.80097098289893
-20.55826136508635,-30.750920982898926
-20.608311365086347,-30.750920982898926
-20.658361365086346,-30.750920982898926
-20.70841136508635,-30.700870982898927
-20.758461365086347,-30.700870982898927
-20.808511365086346,-30.650820982898928
-20.85856136508635,-30.650820982898928
-20.908611365086347,-30.650820982898928
-20.958661365086346,-30.60077098289893
-21.00871136508635,-30.55072098289893
-21.058761365086347,-30.55072098289893
-21.108811365086346,-30.55072098289893
-21.15886136508635,-30.55072098289893
-21.208911365086347,-30.50067098289893
-21.258961365086346,-30.50067098289893
-21.30901136508635,-30.450620982898926
-21.359061365086347,-30.450620982898926
-21.409111365086346,-30.400570982898927
-21.45916136508635,-30.400570982898927
-21.509211365086347,-30.400570982898927
-21.559261365086346,-30.350520982898928
-21.60931136508635,-30.350520982898928
-21.659361365086347,-30.30047098289893
-21.709411365086346,-30.30047098289893
-21.75946136508635,-30.30047098289893
-21.809511365086347,-30.25042098289893
-21.859561365086346,-30.25042098289893
-21.90961136508635,-30.20037098289893
-21.959661365086347,-30.20037098289893
-22.009711365086346,-30.150320982898926
-22.05976136508635,-30.150320982898926
-22.109811365086347,-30.100270982898927
-22.159861365086346,-30.100270982898927
-22.20991136508635,-30.050220982898928
-22.259961365086347,-30.050220982898928
-22.310011365086346,-30.00017098289893
-22.36006136508635,-30.00017098289893
-22.410111365086347,-29.95012098289893
-22.460161365086346,-29.95012098289893
-22.51021136508635,-29.90007098289893
-22.560261365086347,-29.90007098289893
-22.610311365086346,-29.850020982898926
-22.66036136508635,-29.850020982898926
-22.710411365086348,-29.799970982898927
-22.760461365086346,-29.749920982898928
-22.81051136508635,-29.749920982898928
-22.860561365086348,-29.69987098289893
-22.910611365086346,-29.69987098289893
-22.96066136508635,-29.64982098289893
-23.010711365086348,-29.59977098289893
-23.060761365086346,-29.59977098289893
-23.11081136508635,-29.549720982898926
-23.160861365086348,-29.549720982898926
-23.210911365086346,-29.499670982898927
-23.26096136508635,-29.449620982898928
-23.311011365086348,-29.449620982898928
-23.361061365086346,-29.39957098289893
-23.41111136508635,-29.34952098289893
-23.461161365086348,-29.29947098289893
-23.511211365086346,-29.249420982898926
-23.561261365086345,-29.199370982898927
-23.611311365086348,-29.149320982898928
-23.66136136508635,-29.149320982898928
-23.71141136508635,-29.09927098289893
-23.71141136508635,-29.04922098289893
-23.761461365086348,-28.99917098289893
-23.811511365086346,-28.99917098289893
-23.861561365086345,-28.949120982898926
-23.861561365086345,-28.899070982898927
-23.911611365086348,-28.849020982898928
-23.96166136508635,-28.79897098289893
-24.01171136508635,-28.74892098289893
-24.061761365086348,-28.69887098289893
-24.111811365086346,-28.648820982898926
-24.161861365086345,-28.598770982898927
-24.161861365086345,-28.548720982898928
-24.211911365086348,-28.49867098289893
-24.26196136508635,-28.44862098289893
-24.31201136508635,-28.39857098289893
-24.31201136508635,-28.348520982898926
-24.362061365086348,-28.298470982898927
-24.412111365086346,-28.248420982898928
-24.412111365086346,-28.19837098289893
-24.462161365086345,-28.14832098289893
-24.512211365086348,-28.09827098289893
-24.512211365086348,-28.048220982898926
-24.56226136508635,-27.998170982898927
-24.61231136508635,-27.948120982898928
-24.61231136508635,-27.89807098289893
-24.662361365086348,-27.84802098289893
-24.662361365086348,-27.79797098289893
-24.712411365086346,-27.747920982898926
-24.762461365086345,-27.697870982898927
-24.762461365086345,-27.647820982898928
-24.762461365086345,-27.59777098289893
-24.812511365086348,-27.54772098289893
-24.812511365086348,-27.49767098289893
-24.86256136508635,-27.447620982898925
-24.86256136508635,-27.397570982898927
-24.91261136508635,-27.347520982898928
-24.91261136508635,-27.29747098289893
-24.91261136508635,-27.24742098289893
-24.962661365086348,-27.19737098289893
-24.962661365086348,-27.147320982898925
-25.012711365086346,-27.097270982898927
-25.012711365086346,-27.047220982898928
-25.062761365086345,-26.99717098289893
-25.062761365086345,-26.94712098289893
-25.112811365086348,-26.89707098289893
-25.112811365086348,-26.847020982898925
-25.16286136508635,-26.796970982898927
-25.16286136508635,-26.746920982898928
-25.21291136508635,-26.69687098289893
-25.21291136508635,-26.64682098289893
-25.21291136508635,-26.59677098289893
-25.262961365086348,-26.546720982898925
-25.262961365086348,-26.496670982898927
-25.262961365086348,-26.446620982898928
-25.313011365086346,-26.39657098289893
-25.313011365086346,-26.34652098289893
-25.313011365086346,-26.29647098289893
-25.363061365086345,-26.246420982898925
-25.363061365086345,-26.196370982898927
-25.363061365086345,-26.146320982898928
-25.363061365086345,-26.09627098289893
-25.413111365086348,-26.04622098289893
-25.413111365086348,-25.99617098289893
-25.46316136508635,-25.946120982898925
-25.46316136508635,-25.896070982898927
-25.46316136508635,-25.846020982898928
-25.51321136508635,-25.79597098289893
-25.51321136508635,-25.74592098289893
-25.51321136508635,-25.69587098289893
-25.51321136508635,-25.645820982898925
-25.563261365086348,-25.595770982898927
-25.563261365086348,-25.545720982898928
-25.563261365086348,-25.49567098289893
-25.563261365086348,-25.44562098289893
-25.563261365086348,-25.39557098289893
-25.563261365086348,-25.345520982898925
-25.613311365086346,-25.295470982898927
-25.613311365086346,-25.245420982898928
-25.613311365086346,-25.19537098289893
-25.663361365086345,-25.14532098289893
-25.663361365086345,-25.09527098289893
-25.663361365086345,-25.045220982898925
-25.663361365086345,-24.995170982898927
-25.663361365086345,-24.945120982898928
-25.663361365086345,-24.89507098289893
-25.663361365086345,-24.84502098289893
-25.663361365086345,-24.79497098289893
-25.663361365086345,-24.744920982898925
-25.713411365086348,-24.694870982898927
-25.713411365086348,-24.644820982898928
-25.713411365086348,-24.59477098289893
-25.713411365086348,-24.54472098289893
-25.713411365086348,-24.49467098289893
-25.713411365086348,-24.444620982898925
-25.713411365086348,-24.394570982898927
-25.713411365086348,-24.344520982898928
-25.713411365086348,-24.29447098289893
-25.713411365086348,-24.24442098289893
-25.76346136508635,-24.19437098289893
-25.76346136508635,-24.144320982898932
-25.76346136508635,-24.094270982898934
-25.76346136508635,-24.044220982898935
-25.76346136508635,-23.994170982898936
-25.76346136508635,-23.944120982898923
-25.76346136508635,-23.894070982898924
-25.76346136508635,-23.844020982898925
-25.76346136508635,-23.793970982898927
-25.76346136508635,-23.743920982898928
-25.76346136508635,-23.69387098289893
-25.76346136508635,-23.64382098289893
-25.76346136508635,-23.59377098289893
-25.81351136508635,-23.543720982898932
-25.81351136508635,-23.493670982898934
-25.76346136508635,-23.443620982898935
-25.76346136508635,-23.393570982898936
-25.76346136508635,-23.343520982898923
-25.76346136508635,-23.293470982898924
-25.76346136508635,-23.243420982898925
-25.76346136508635,-23.193370982898927
-25.76346136508635,-23.143320982898928
-25.76346136508635,-23.09327098289893
-25.76346136508635,-23.04322098289893
-25.76346136508635,-22.99317098289893
-25.76346136508635,-22.943120982898932
-25.76346136508635,-22.893070982898934
-25.76346136508635,-22.843020982898935
-25.76346136508635,-22.792970982898936
-25.76346136508635,-22.742920982898923
-25.76346136508635,-22.692870982898924
-25.713411365086348,-22.642820982898925
-25.713411365086348,-22.592770982898926
-25.713411365086348,-22.542720982898928
-25.713411365086348,-22.49267098289893
-25.713411365086348,-22.44262098289893
-25.713411365086348,-22.39257098289893
-25.713411365086348,-22.342520982898932
-25.713411365086348,-22.292470982898934
-25.713411365086348,-22.242420982898935
-25.713411365086348,-22.192370982898936
-25.713411365086348,-22.142320982898923
-25.713411365086348,-22.092270982898924
-25.663361365086345,-22.042220982898925
-25.663361365086345,-21.992170982898926
-25.663361365086345,-21.942120982898928
-25.663361365086345,-21.89207098289893
-25.663361365086345,-21.84202098289893
-25.663361365086345,-21.79197098289893
-25.613311365086346,-21.741920982898932
-25.613311365086346,-21.691870982898934
-25.613311365086346,-21.641820982898935
-25.613311365086346,-21.591770982898936
-25.613311365086346,-21.541720982898923
-25.613311365086346,-21.491670982898924
-25.613311365086346,-21.441620982898925
-25.613311365086346,-21.391570982898926
-25.563261365086348,-21.341520982898928
-25.563261365086348,-21.29147098289893
-25.563261365086348,-21.24142098289893
-25.563261365086348,-21.19137098289893
-25.563261365086348,-21.141320982898932
-25.563261365086348,-21.091270982898934
-25.51321136508635,-21.041220982898935
-25.51321136508635,-20.991170982898936
-25.51321136508635,-20.941120982898923
-25.51321136508635,-20.891070982898924
-25.46316136508635,-20.841020982898925
-25.46316136508635,-20.790970982898926
-25.46316136508635,-20.740920982898928
-25.46316136508635,-20.69087098289893
-25.413111365086348,-20.64082098289893
-25.413111365086348,-20.59077098289893
-25.413111365086348,-20.540720982898932
-25.413111365086348,-20.490670982898934
-25.363061365086345,-20.440620982898935
-25.363061365086345,-20.390570982898936
-25.363061365086345,-20.340520982898923
-25.363061365086345,-20.290470982898924
-25.363061365086345,-20.240420982898925
-25.313011365086346,-20.190370982898926
-25.313011365086346,-20.140320982898928
-25.313011365086346,-20.09027098289893
-25.313011365086346,-20.04022098289893
-25.313011365086346,-19.99017098289893
-25.262961365086348,-19.940120982898932
-25.262961365086348,-19.890070982898933
-25.262961365086348,-19.840020982898935
-25.262961365086348,-19.789970982898936
-25.21291136508635,-19.739920982898923
-25.21291136508635,-19.689870982898924
-25.21291136508635,-19.639820982898925
-25.21291136508635,-19.589770982898926
-25.21291136508635,-19.539720982898928
-25.16286136508635,-19.48967098289893
-25.16286136508635,-19.43962098289893
-25.16286136508635,-19.38957098289893
-25.16286136508635,-19.339520982898932
-25.112811365086348,-19.289470982898933
-25.112811365086348,-19.239420982898935
-25.112811365086348,-19.189370982898936
-25.112811365086348,-19.139320982898923
-25.062761365086345,-19.089270982898924
-25.062761365086345,-19.039220982898925
-25.062761365086345,-18.989170982898926
-25.062761365086345,-18.939120982898928
-25.012711365086346,-18.88907098289893
-25.012711365086346,-18.83902098289893
-25.012711365086346,-18.78897098289893
-24.962661365086348,-18.738920982898932
-24.962661365086348,-18.688870982898933
-24.962661365086348,-18.638820982898935
-24.91261136508635,-18.588770982898936
-24.91261136508635,-18.538720982898923
-24.91261136508635,-18.488670982898924
-24.86256136508635,-18.438620982898925
-24.86256136508635,-18.388570982898926
-24.812511365086348,-18.338520982898928
-24.812511365086348,-18.28847098289893
-24.812511365086348,-18.23842098289893
-24.812511365086348,-18.18837098289893
-24.762461365086345,-18.138320982898932
-24.762461365086345,-18.088270982898933
-24.762461365086345,-18.038220982898935
-24.762461365086345,-17.988170982898936
-24.712411365086346,-17.938120982898923
-24.712411365086346,-17.888070982898924
-24.712411365086346,-17.838020982898925
-24.662361365086348,-17.787970982898926
-24.662361365086348,-17.737920982898927
-24.61231136508635,-17.68787098289893
-24.61231136508635,-17.63782098289893
-24.56226136508635,-17.58777098289893
-24.56226136508635,-17.537720982898932
-24.56226136508635,-17.487670982898933
-24.512211365086348,-17.437620982898935
-24.462161365086345,-17.387570982898936
-24.462161365086345,-17.337520982898923
-24.412111365086346,-17.287470982898924
-24.412111365086346,-17.237420982898925
-24.412111365086346,-17.187370982898926
-24.362061365086348,-17.137320982898927
-24.362061365086348,-17.08727098289893
-24.31201136508635,-17.03722098289893
-24.31201136508635,-16.98717098289893
-24.26196136508635,-16.937120982898932
-24.26196136508635,-16.887070982898933
-24.211911365086348,-16.837020982898935
-24.211911365086348,-16.786970982898936
-24.211911365086348,-16.736920982898923
-24.161861365086345,-16.686870982898924
-24.161861365086345,-16.636820982898925
-24.111811365086346,-16.586770982898926
-24.111811365086346,-16.536720982898927
-24.061761365086348,-16.48667098289893
-24.061761365086348,-16.43662098289893
-24.01171136508635,-16.38657098289893
-24.01171136508635,-16.336520982898932
-23.96166136508635,-16.286470982898933
-23.96166136508635,-16.236420982898935
-23.911611365086348,-16.186370982898936
-23.911611365086348,-16.136320982898923
-23.861561365086345,-16.086270982898924
-23.811511365086346,-16.036220982898925
-23.811511365086346,-15.986170982898926
-23.811511365086346,-15.936120982898927
-23.761461365086348,-15.886070982898929
-23.71141136508635,-15.83602098289893
-23.71141136508635,-15.785970982898931
-23.66136136508635,-15.735920982898932
-23.66136136508635,-15.685870982898933
-23.66136136508635,-15.635820982898935
-23.611311365086348,-15.585770982898936
-23.561261365086345,-15.535720982898923
-23.561261365086345,-15.485670982898924
-23.511211365086346,-15.435620982898925
-23.511211365086346,-15.385570982898926
-23.461161365086348,-15.335520982898927
-23.41111136508635,-15.285470982898929
-23.41111136508635,-15.23542098289893
-23.361061365086346,-15.185370982898931
-23.361061365086346,-15.135320982898932
-23.311011365086348,-15.085270982898933
-23.311011365086348,-15.035220982898934
-23.26096136508635,-14.985170982898936
-23.210911365086346,-14.935120982898923
-23.210911365086346,-14.885070982898924
-23.210911365086346,-14.835020982898925
-23.160861365086348,-14.784970982898926
-23.11081136508635,-14.734920982898927
-23.11081136508635,-14.684870982898929
-23.060761365086346,-14.63482098289893
-23.060761365086346,-14.584770982898931
-23.010711365086348,-14.534720982898932
-22.96066136508635,-14.484670982898933
-22.96066136508635,-14.434620982898934
-22.910611365086346,-14.384570982898936
-22.910611365086346,-14.334520982898923
-22.860561365086348,-14.284470982898924
-22.860561365086348,-14.234420982898925
-22.81051136508635,-14.184370982898926
-22.760461365086346,-14.134320982898927
-22.760461365086346,-14.084270982898929
-22.710411365086348,-14.03422098289893
-22.66036136508635,-13.984170982898931
-22.66036136508635,-13.934120982898932
-22.610311365086346,-13.884070982898933
-22.610311365086346,-13.834020982898934
-22.560261365086347,-13.783970982898936
-22.51021136508635,-13.733920982898923
-22.51021136508635,-13.683870982898924
-22.460161365086346,-13.633820982898925
-22.410111365086347,-13.583770982898926
-22.410111365086347,-13.533720982898927
-22.36006136508635,-13.483670982898929
-22.310011365086346,-13.43362098289893
-22.310011365086346,-13.38357098289893
-22.259961365086347,-13.333520982898932
-22.20991136508635,-13.283470982898933
-22.20991136508635,-13.233420982898934
-22.159861365086346,-13.183370982898936
-22.159861365086346,-13.133320982898923
-22.109811365086347,-13.083270982898924
-22.05976136508635,-13.033220982898925
-22.05976136508635,-12.983170982898926
-22.009711365086346,-12.933120982898927
-21.959661365086347,-12.883070982898928
-21.90961136508635,-12.83302098289893
-21.859561365086346,-12.78297098289893
-21.859561365086346,-12.732920982898932
-21.809511365086347,-12.682870982898933
-21.75946136508635,-12.632820982898934
-21.709411365086346,-12.582770982898936
-21.709411365086346,-12.532720982898923
-21.659361365086347,-12.482670982898924
-21.60931136508635,-12.432620982898925
-21.559261365086346,-12.382570982898926
-21.559261365086346,-12.332520982898927
-21.509211365086347,-12.282470982898928
-21.45916136508635,-12.23242098289893
-21.45916136508635,-12.18237098289893
-21.409111365086346,-12.132320982898932
-21.359061365086347,-12.082270982898933
-21.30901136508635,-12.032220982898934
-21.258961365086346,-11.982170982898936
-21.208911365086347,-11.932120982898923
-21.208911365086347,-11.882070982898924
-21.15886136508635,-11.832020982898925
-21.108811365086346,-11.781970982898926
-21.058761365086347,-11.731920982898927
-21.00871136508635,-11.681870982898928
-20.958661365086346,-11.63182098289893
-20.908611365086347,-11.58177098289893
-20.85856136508635,-11.531720982898932
-20.85856136508635,-11.481670982898933
-20.808511365086346,-11.431620982898934
-20.758461365086347,-11.381570982898936
-20.70841136508635,-11.331520982898923
-20.658361365086346,-11.281470982898924
-20.608311365086347,-11.231420982898925
-20.55826136508635,-11.181370982898926
-20.508211365086346,-11.131320982898927
-20.458161365086347,-11.081270982898928
-20.40811136508635,-11.03122098289893
-20.358061365086346,-10.98117098289893
-20.308011365086347,-10.931120982898932
-20.25796136508635,-10.881070982898933
-20.207911365086346,-10.831020982898934
-20.157861365086347,-10.780970982898936
-20.10781136508635,-10.730920982898937
-20.05776136508635,-10.680870982898924
-20.007711365086347,-10.630820982898925
-19.95766136508635,-10.630820982898925
-19.90761136508635,-10.580770982898926
-19.90761136508635,-10.530720982898927
-19.857561365086347,-10.480670982898928
-19.80751136508635,-10.480670982898928
-19.75746136508635,-10.43062098289893
-19.707411365086347,-10.38057098289893
-19.65736136508635,-10.330520982898932
-19.60731136508635,-10.280470982898933
-19.557261365086347,-10.230420982898934
-19.50721136508635,-10.180370982898935
-19.45716136508635,-10.130320982898937
-19.407111365086347,-10.130320982898937
-19.35706136508635,-10.080270982898924
-19.30701136508635,-10.030220982898925
-19.256961365086347,-9.980170982898926
-19.20691136508635,-9.930120982898927
-19.15686136508635,-9.880070982898928
-19.106811365086347,-9.83002098289893
-19.05676136508635,-9.83002098289893
-19.00671136508635,-9.77997098289893
-18.956661365086347,-9.729920982898932
-18.90661136508635,-9.679870982898933
-18.85656136508635,-9.629820982898934
-18.806511365086347,-9.579770982898935
-18.75646136508635,-9.579770982898935
-18.70641136508635,-9.529720982898937
-18.656361365086347,-9.479670982898924
-18.60631136508635,-9.429620982898925
-18.55626136508635,-9.379570982898926
-18.506211365086347,-9.329520982898927
-18.45616136508635,-9.329520982898927
-18.40611136508635,-9.279470982898928
-18.356061365086347,-9.22942098289893
-18.30601136508635,-9.17937098289893
-18.25596136508635,-9.129320982898932
-18.205911365086347,-9.079270982898933
-18.15586136508635,-9.079270982898933
-18.10581136508635,-9.029220982898934
-18.055761365086347,-9.029220982898934
-18.00571136508635,-8.979170982898935
-17.95566136508635,-8.929120982898937
-17.905611365086347,-8.879070982898924
-17.85556136508635,-8.879070982898924
-17.80551136508635,-8.829020982898925
-17.755461365086347,-8.778970982898926
-17.70541136508635,-8.728920982898927
-17.65536136508635,-8.678870982898928
-17.605311365086347,-8.678870982898928
-17.55526136508635,-8.62882098289893
-17.50521136508635,-8.62882098289893
-17.455161365086347,-8.57877098289893
-17.40511136508635,-8.528720982898932
-17.35506136508635,-8.478670982898933
-17.305011365086347,-8.428620982898934
-17.25496136508635,-8.428620982898934
-17.20491136508635,-8.378570982898935
-17.154861365086347,-8.378570982898935
-17.10481136508635,-8.328520982898937
-17.05476136508635,-8.278470982898924
-17.004711365086347,-8.228420982898925
-16.95466136508635,-8.228420982898925
-16.90461136508635,-8.178370982898926
-16.854561365086347,-8.128320982898927
-16.80451136508635,-8.128320982898927
-16.75446136508635,-8.078270982898928
-16.704411365086347,-8.02822098289893
-16.65436136508635,-7.978170982898931
-16.60431136508635,-7.978170982898931
-16.554261365086347,-7.928120982898932
-16.50421136508635,-7.928120982898932
-16.45416136508635,-7.878070982898933
-16.404111365086347,-7.828020982898934
-16.35406136508635,-7.828020982898934
-16.30401136508635,-7.777970982898935
-16.253961365086347,-7.727920982898937
-16.20391136508635,-7.727920982898937
-16.15386136508635,-7.677870982898924
-16.103811365086347,-7.627820982898925
-16.05376136508635,-7.627820982898925
-16.00371136508635,-7.577770982898926
-15.953661365086347,-7.527720982898927
-15.903611365086348,-7.527720982898927
-15.85356136508635,-7.477670982898928
-15.803511365086347,-7.4276209828989295
-15.753461365086348,-7.4276209828989295
-15.70341136508635,-7.377570982898931
-15.653361365086347,-7.377570982898931
-15.603311365086348,-7.327520982898932
-15.55326136508635,-7.277470982898933
-15.503211365086347,-7.277470982898933
-15.453161365086348,-7.227420982898934
-15.40311136508635,-7.177370982898935
-15.353061365086347,-7.177370982898935
-15.303011365086348,-7.127320982898937
-15.25296136508635,-7.127320982898937
-15.202911365086347,-7.0772709828989235
-15.152861365086348,-7.027220982898925
-15.10281136508635,-7.027220982898925
-15.052761365086347,-6.977170982898926
-15.002711365086348,-6.977170982898926
-14.95266136508635,-6.927120982898927
-14.902611365086347,-6.877070982898928
-14.852561365086348,-6.877070982898928
-14.80251136508635,-6.8270209828989294
-14.752461365086347,-6.8270209828989294
-14.702411365086348,-6.776970982898931
-14.65236136508635,-6.776970982898931
-14.602311365086347,-6.726920982898932
-14.552261365086348,-6.726920982898932
-14.50221136508635,-6.676870982898933
-14.452161365086347,-6.626820982898934
-14.402111365086348,-6.626820982898934
-14.35206136508635,-6.576770982898935
-14.302011365086347,-6.576770982898935
-14.251961365086348,-6.5267209828989365
-14.20191136508635,-6.5267209828989365
-14.151861365086347,-6.4766709828989235
-14.101811365086348,-6.426620982898925
-14.05176136508635,-6.426620982898925
-14.001711365086347,-6.426620982898925
-13.951661365086348,-6.376570982898926
-13.90161136508635,-6.326520982898927
-13.851561365086347,-6.326520982898927
-13.801511365086348,-6.276470982898928
-13.75146136508635,-6.276470982898928
-13.701411365086347,-6.226420982898929
-13.651361365086348,-6.176370982898931
-13.60131136508635,-6.176370982898931
-13.551261365086347,-6.176370982898931
-13.501211365086348,-6.126320982898932
-13.45116136508635,-6.076270982898933
-13.401111365086347,-6.076270982898933
-13.351061365086348,-6.076270982898933
-13.30101136508635,-6.026220982898934
-13.250961365086347,-5.976170982898935
-13.200911365086348,-5.976170982898935
-13.15086136508635,-5.9261209828989365
-13.100811365086347,-5.9261209828989365
-13.050761365086348,-5.8760709828989235
-13.00071136508635,-5.8760709828989235
-12.950661365086347,-5.826020982898925
-12.900611365086348,-5.826020982898925
-12.85056136508635,-5.775970982898926
-12.800511365086347,-5.775970982898926
-12.750461365086348,-5.725920982898927
-12.70041136508635,-5.675870982898928
-12.650361365086347,-5.675870982898928
-12.600311365086348,-5.675870982898928
-12.55026136508635,-5.625820982898929
-12.500211365086347,-5.575770982898931
-12.450161365086348,-5.575770982898931
-12.40011136508635,-5.525720982898932
-12.350061365086347,-5.525720982898932
-12.300011365086348,-5.475670982898933
-12.24996136508635,-5.475670982898933
-12.199911365086347,-5.425620982898934
-12.149861365086348,-5.425620982898934
-12.09981136508635,-5.375570982898935
-12.049761365086347,-5.375570982898935
-11.999711365086348,-5.3255209828989365
-11.94966136508635,-5.3255209828989365
-11.899611365086347,-5.2754709828989235
-11.849561365086348,-5.2754709828989235
-11.79951136508635,-5.2754709828989235
-11.749461365086347,-5.225420982898925
-11.699411365086348,-5.225420982898925
-11.64936136508635,-5.175370982898926
-11.599311365086347,-5.175370982898926
-11.549261365086348,-5.125320982898927
-11.49921136508635,-5.125320982898927
-11.449161365086347,-5.075270982898928
-11.399111365086348,-5.075270982898928
-11.34906136508635,-5.025220982898929
-11.299011365086347,-5.025220982898929
-11.248961365086348,-4.975170982898931
-11.19891136508635,-4.975170982898931
-11.148861365086347,-4.925120982898932
-11.098811365086348,-4.925120982898932
-11.04876136508635,-4.925120982898932
-10.998711365086347,-4.875070982898933
-10.948661365086348,-4.875070982898933
-10.89861136508635,-4.825020982898934
-10.848561365086347,-4.825020982898934
-10.798511365086348,-4.774970982898935
-10.74846136508635,-4.7249209828989365
-10.698411365086347,-4.7249209828989365
-10.648361365086348,-4.7249209828989365
-10.59831136508635,-4.674870982898923
-10.548261365086347,-4.674870982898923
-10.498211365086348,-4.624820982898925
-10.44816136508635,-4.624820982898925
-10.398111365086347,-4.574770982898926
-10.348061365086348,-4.574770982898926
-10.29801136508635,-4.524720982898927
-10.247961365086347,-4.524720982898927
-10.197911365086348,-4.524720982898927
-10.14786136508635,-4.474670982898928
-10.097811365086347,-4.474670982898928
-10.047761365086348,-4.424620982898929
-9.99771136508635,-4.3745709828989305
-9.947661365086347,-4.3745709828989305
-9.897611365086348,-4.3745709828989305
-9.84756136508635,-4.324520982898932
-9.797511365086347,-4.324520982898932
-9.747461365086348,-4.274470982898933
-9.69741136508635,-4.274470982898933
-9.647361365086347,-4.224420982898934
-9.597311365086348,-4.224420982898934
-9.54726136508635,-4.174370982898935
-9.497211365086347,-4.174370982898935
-9.447161365086348,-4.174370982898935
-9.39711136508635,-4.1243209828989364
-9.347061365086347,-4.1243209828989364
-9.297011365086348,-4.074270982898923
-9.24696136508635,-4.024220982898925
-9.196911365086347,-4.024220982898925
-9.146861365086348,-4.024220982898925
-9.09681136508635,-3.974170982898926
-9.046761365086347,-3.974170982898926
-8.996711365086348,-3.924120982898927
-8.94666136508635,-3.924120982898927
-8.896611365086347,-3.924120982898927
-8.846561365086348,-3.874070982898928
-8.79651136508635,-3.874070982898928
-8.746461365086347,-3.8240209828989293
-8.696411365086348,-3.8240209828989293
-8.64636136508635,-3.7739709828989305
-8.596311365086347,-3.7739709828989305
-8.546261365086348,-3.7239209828989317
-8.49621136508635,-3.7239209828989317
-8.446161365086347,-3.673870982898933
-8.396111365086348,-3.673870982898933
-8.34606136508635,-3.623820982898934
-8.296011365086347,-3.623820982898934
-8.245961365086348,-3.623820982898934
-8.19591136508635,-3.5737709828989352
-8.145861365086347,-3.5737709828989352
-8.095811365086348,-3.5237209828989364
-8.04576136508635,-3.5237209828989364
-7.995711365086347,-3.4736709828989234
-7.945661365086348,-3.4736709828989234
-7.895611365086349,-3.4236209828989246
-7.845561365086347,-3.4236209828989246
-7.795511365086348,-3.4236209828989246
-7.745461365086349,-3.3735709828989258
-7.695411365086347,-3.3735709828989258
-7.645361365086348,-3.323520982898927
-7.595311365086349,-3.323520982898927
-7.545261365086347,-3.273470982898928
-7.495211365086348,-3.273470982898928
-7.445161365086349,-3.2234209828989293
-7.3951113650863505,-3.2234209828989293
-7.345061365086352,-3.2234209828989293
-7.295011365086346,-3.1733709828989305
-7.244961365086347,-3.1733709828989305
-7.194911365086348,-3.1233209828989317
-7.144861365086349,-3.1233209828989317
-7.0948113650863505,-3.073270982898933
-7.044761365086352,-3.073270982898933
-6.994711365086346,-3.023220982898934
-6.944661365086347,-3.023220982898934
-6.894611365086348,-3.023220982898934
-6.844561365086349,-2.973170982898935
-6.7945113650863505,-2.973170982898935
-6.744461365086352,-2.9231209828989364
-6.694411365086346,-2.9231209828989364
-6.644361365086347,-2.8730709828989234
-6.594311365086348,-2.8730709828989234
-6.544261365086349,-2.8230209828989246
-6.49421136508635,-2.8230209828989246
-6.444161365086352,-2.8230209828989246
-6.394111365086346,-2.7729709828989257
-6.344061365086347,-2.7729709828989257
-6.294011365086348,-2.722920982898927
-6.243961365086349,-2.722920982898927
-6.19391136508635,-2.672870982898928
-6.143861365086352,-2.672870982898928
-6.093811365086346,-2.672870982898928
-6.043761365086347,-2.6228209828989293
-5.993711365086348,-2.6228209828989293
-5.943661365086349,-2.5727709828989305
-5.89361136508635,-2.5727709828989305
-5.843561365086352,-2.5227209828989317
-5.793511365086346,-2.5227209828989317
-5.743461365086347,-2.472670982898933
-5.693411365086348,-2.472670982898933
-5.643361365086349,-2.472670982898933
-5.59331136508635,-2.422620982898934
-5.543261365086352,-2.422620982898934
-5.493211365086346,-2.372570982898935
-5.443161365086347,-2.372570982898935
-5.393111365086348,-2.3225209828989364
-5.343061365086349,-2.3225209828989364
-5.29301136508635,-2.3225209828989364
-5.242961365086352,-2.2724709828989234
-5.192911365086346,-2.2724709828989234
-5.142861365086347,-2.2224209828989245
-5.092811365086348,-2.2224209828989245
-5.042761365086349,-2.1723709828989257
-4.99271136508635,-2.1723709828989257
-4.942661365086352,-2.1723709828989257
-4.892611365086346,-2.122320982898927
-4.842561365086347,-2.122320982898927
-4.792511365086348,-2.072270982898928
-4.742461365086349,-2.072270982898928
-4.69241136508635,-2.0222209828989293
-4.6423613650863516,-2.0222209828989293
-4.592311365086346,-2.0222209828989293
-4.542261365086347,-1.9721709828989304
-4.492211365086348,-1.9721709828989304
-4.442161365086349,-1.9221209828989316
-4.39211136508635,-1.9221209828989316
-4.3420613650863515,-1.8720709828989328
-4.292011365086346,-1.8720709828989328
-4.241961365086347,-1.8720709828989328
-4.191911365086348,-1.822020982898934
-4.141861365086349,-1.822020982898934
-4.09181136508635,-1.7719709828989352
-4.0417613650863515,-1.7719709828989352
-3.9917113650863456,-1.7219209828989364
-3.941661365086347,-1.7219209828989364
-3.891611365086348,-1.7219209828989364
-3.841561365086349,-1.6718709828989233
-3.7915113650863503,-1.6718709828989233
-3.7414613650863515,-1.6218209828989245
-3.6914113650863456,-1.6218209828989245
-3.641361365086347,-1.5717709828989257
-3.591311365086348,-1.5717709828989257
-3.541261365086349,-1.5717709828989257
-3.4912113650863503,-1.5217209828989269
-3.4411613650863515,-1.5217209828989269
-3.3911113650863456,-1.471670982898928
-3.3410613650863468,-1.471670982898928
-3.291011365086348,-1.4216209828989292
-3.240961365086349,-1.4216209828989292
-3.1909113650863503,-1.4216209828989292
-3.1408613650863515,-1.3715709828989304
-3.0908113650863456,-1.3715709828989304
-3.0407613650863468,-1.3215209828989316
-2.990711365086348,-1.3215209828989316
-2.940661365086349,-1.2714709828989328
-2.8906113650863503,-1.2714709828989328
-2.8405613650863515,-1.2714709828989328
-2.7905113650863456,-1.221420982898934
-2.7404613650863467,-1.221420982898934
-2.690411365086348,-1.1713709828989352
-2.640361365086349,-1.1713709828989352
-2.5903113650863503,-1.1213209828989363
-2.5402613650863515,-1.1213209828989363
-2.4902113650863456,-1.1213209828989363
-2.4401613650863467,-1.0712709828989233
-2.390111365086348,-1.0712709828989233
-2.340061365086349,-1.0212209828989245
-2.2900113650863503,-1.0212209828989245
-2.2399613650863515,-0.9711709828989257
-2.1899113650863455,-0.9711709828989257
-2.1398613650863467,-0.9211209828989269
-2.089811365086348,-0.9211209828989269
-2.039761365086349,-0.871070982898928
-1.9897113650863503,-0.871070982898928
-1.9396613650863515,-0.871070982898928
-1.8896113650863455,-0.8210209828989292
-1.8395613650863467,-0.8210209828989292
-1.789511365086348,-0.7709709828989304
-1.739461365086349,-0.7709709828989304
-1.6894113650863503,-0.7209209828989316
-1.6393613650863514,-0.7209209828989316
-1.5893113650863455,-0.7209209828989316
-1.5392613650863467,-0.6708709828989328
-1.4892113650863479,-0.620820982898934
-1.439161365086349,-0.620820982898934
-1.3891113650863502,-0.620820982898934
-1.3390613650863514,-0.5707709828989351
-1.2890113650863455,-0.5707709828989351
-1.2389613650863467,-0.5207209828989363
-1.1889113650863479,-0.5207209828989363
-1.138861365086349,-0.4706709828989233
-1.0888113650863502,-0.4706709828989233
-1.0387613650863514,-0.42062098289892447
-0.9887113650863455,-0.42062098289892447
-0.9386613650863467,-0.42062098289892447
-0.8886113650863479,-0.37057098289892565
-0.838561365086349,-0.32052098289892683
-0.7885113650863502,-0.32052098289892683
-0.7384613650863514,-0.270470982898928
-0.6884113650863526,-0.270470982898928
-0.6383613650863467,-0.2204209828989292
-0.5883113650863478,-0.2204209828989292
-0.538261365086349,-0.2204209828989292
-0.4882113650863502,-0.17037098289893038
-0.4381613650863514,-0.17037098289893038
-0.3881113650863526,-0.17037098289893038
-0.33806136508634665,-0.12032098289893156
-0.28801136508634784,-0.12032098289893156
-0.23796136508634902,-0.07027098289893274
-0.1879113650863502,-0.020220982898933926
-0.13786136508635138,-0.020220982898933926
-0.08781136508635257,-0.020220982898933926
-0.03776136508634664,0.029829017101064892
0.012288634913652174,0.029829017101064892
0.06233863491365099,0.07987901710106371
0.11238863491364981,0.07987901710106371
0.16243863491364863,0.07987901710106371
0.21248863491364745,0.12992901710107674
0.26253863491365337,0.12992901710107674
0.3125886349136522,0.17997901710107556
0.362638634913651,0.17997901710107556
0.4126886349136498,0.23002901710107437
0.46273863491364864,0.23002901710107437
0.5127886349136475,0.23002901710107437
0.5628386349136534,0.2800790171010732
0.6128886349136522,0.2800790171010732
0.662938634913651,0.330129017101072
0.7129886349136498,0.330129017101072
0.7630386349136487,0.3801790171010708
0.8130886349136475,0.3801790171010708
0.8631386349136534,0.43022901710106964
0.9131886349136522,0.43022901710106964
0.963238634913651,0.48027901710106846
1.0132886349136498,0.48027901710106846
1.0633386349136487,0.5303290171010673
1.1133886349136475,0.5303290171010673
1.1634386349136534,0.5303290171010673
1.2134886349136522,0.5803790171010661
1.263538634913651,0.5803790171010661
1.3135886349136499,0.6304290171010649
1.3636386349136487,0.6304290171010649
1.4136886349136475,0.6804790171010637
1.4637386349136534,0.6804790171010637
1.5137886349136522,0.6804790171010637
1.563838634913651,0.7305290171010768
1.6138886349136499,0.7305290171010768
1.6639386349136487,0.7805790171010756
1.7139886349136475,0.7805790171010756
1.7640386349136534,0.8306290171010744
1.8140886349136522,0.8306290171010744
1.864138634913651,0.8806790171010732
1.9141886349136499,0.8806790171010732
1.9642386349136487,0.8806790171010732
2.0142886349136475,0.930729017101072
2.0643386349136534,0.930729017101072
2.1143886349136523,0.9807790171010708
2.164438634913651,0.9807790171010708
2.21448863491365,1.0308290171010697
2.2645386349136487,1.0308290171010697
2.3145886349136475,1.0308290171010697
2.3646386349136534,1.0808790171010685
2.4146886349136523,1.0808790171010685
2.464738634913651,1.1309290171010673
2.51478863491365,1.1309290171010673
2.5648386349136487,1.1309290171010673
2.6148886349136475,1.1809790171010661
2.6649386349136535,1.1809790171010661
2.7149886349136523,1.231029017101065
2.765038634913651,1.231029017101065
2.81508863491365,1.2810790171010638
2.8651386349136487,1.2810790171010638
2.9151886349136475,1.2810790171010638
2.9652386349136535,1.3311290171010768
3.0152886349136523,1.3311290171010768
3.065338634913651,1.3811790171010756
3.11538863491365,1.3811790171010756
3.1654386349136487,1.4312290171010744
3.2154886349136476,1.4312290171010744
3.2655386349136535,1.4312290171010744
3.3155886349136523,1.4812790171010732
3.365638634913651,1.4812790171010732
3.41568863491365,1.531329017101072
3.4657386349136488,1.531329017101072
3.5157886349136476,1.531329017101072
3.5658386349136535,1.5813790171010709
3.6158886349136523,1.5813790171010709
3.665938634913651,1.6314290171010697
3.71598863491365,1.6314290171010697
3.7660386349136488,1.6814790171010685
3.8160886349136476,1.6814790171010685
3.8661386349136535,1.6814790171010685
3.9161886349136523,1.7315290171010673
3.966238634913651,1.7315290171010673
4.01628863491365,1.7815790171010661
4.066338634913649,1.7815790171010661
4.116388634913648,1.831629017101065
4.1664386349136535,1.831629017101065
4.216488634913652,1.831629017101065
4.266538634913651,1.8816790171010638
4.31658863491365,1.8816790171010638
4.366638634913649,1.9317290171010626
4.416688634913648,1.9317290171010626
4.4667386349136535,1.9317290171010626
4.516788634913652,1.9817790171010756
4.566838634913651,1.9817790171010756
4.61688863491365,2.0318290171010744
4.666938634913649,2.0318290171010744
4.716988634913648,2.0818790171010733
4.7670386349136535,2.0818790171010733
4.817088634913652,2.0818790171010733
4.867138634913651,2.131929017101072
4.91718863491365,2.131929017101072
4.967238634913649,2.181979017101071
5.017288634913648,2.181979017101071
5.0673386349136536,2.181979017101071
5.117388634913652,2.2320290171010697
5.167438634913651,2.2320290171010697
5.21748863491365,2.2820790171010685
5.267538634913649,2.2820790171010685
5.317588634913648,2.3321290171010673
5.367638634913654,2.3321290171010673
5.417688634913652,2.3321290171010673
5.467738634913651,2.382179017101066
5.51778863491365,2.382179017101066
5.567838634913649,2.432229017101065
5.617888634913648,2.432229017101065
5.667938634913654,2.432229017101065
5.717988634913652,2.482279017101064
5.768038634913651,2.482279017101064
5.81808863491365,2.5323290171010626
5.868138634913649,2.5323290171010626
5.918188634913648,2.5823790171010756
5.968238634913654,2.5823790171010756
6.018288634913652,2.5823790171010756
6.068338634913651,2.6324290171010745
6.11838863491365,2.6324290171010745
6.168438634913649,2.6824790171010733
6.218488634913648,2.6824790171010733
6.268538634913654,2.732529017101072
6.318588634913652,2.732529017101072
6.368638634913651,2.732529017101072
6.41868863491365,2.782579017101071
6.468738634913649,2.782579017101071
6.518788634913648,2.8326290171010697
6.568838634913654,2.8326290171010697
6.618888634913652,2.8826790171010686
6.668938634913651,2.8826790171010686
6.71898863491365,2.8826790171010686
6.769038634913649,2.9327290171010674
6.819088634913648,2.9327290171010674
6.869138634913654,2.982779017101066
6.919188634913652,2.982779017101066
6.969238634913651,2.982779017101066
7.01928863491365,3.032829017101065
7.069338634913649,3.032829017101065
7.119388634913648,3.082879017101064
7.169438634913654,3.082879017101064
7.2194886349136524,3.1329290171010626
7.269538634913651,3.1329290171010626
7.31958863491365,3.1329290171010626
7.369638634913649,3.1829790171010757
7.419688634913648,3.1829790171010757
7.469738634913654,3.2330290171010745
7.5197886349136525,3.2330290171010745
7.569838634913651,3.2830790171010733
7.61988863491365,3.2830790171010733
7.669938634913649,3.2830790171010733
7.719988634913648,3.333129017101072
7.770038634913654,3.333129017101072
7.8200886349136525,3.383179017101071
7.870138634913651,3.383179017101071
7.92018863491365,3.4332290171010698
7.970238634913649,3.4332290171010698
8.020288634913648,3.4332290171010698
8.070338634913654,3.4832790171010686
8.120388634913652,3.4832790171010686
8.170438634913651,3.5333290171010674
8.22048863491365,3.5333290171010674
8.270538634913649,3.5333290171010674
8.320588634913648,3.583379017101066
8.370638634913654,3.583379017101066
8.420688634913652,3.583379017101066
8.470738634913651,3.633429017101065
8.52078863491365,3.633429017101065
8.570838634913649,3.683479017101064
8.620888634913648,3.683479017101064
8.670938634913654,3.7335290171010627
8.720988634913653,3.7335290171010627
8.771038634913651,3.7335290171010627
8.82108863491365,3.7835790171010757
8.871138634913649,3.7835790171010757
8.921188634913648,3.7835790171010757
8.971238634913654,3.8336290171010745
9.021288634913653,3.8336290171010745
9.071338634913651,3.8336290171010745
9.12138863491365,3.8836790171010733
9.171438634913649,3.8836790171010733
9.221488634913648,3.933729017101072
9.271538634913654,3.933729017101072
9.321588634913653,3.933729017101072
9.371638634913651,3.983779017101071
9.42168863491365,3.983779017101071
9.471738634913649,4.03382901710107
9.521788634913648,4.03382901710107
9.571838634913654,4.03382901710107
9.621888634913653,4.083879017101069
9.671938634913651,4.083879017101069
9.72198863491365,4.083879017101069
9.772038634913649,4.133929017101067
9.822088634913648,4.133929017101067
9.872138634913654,4.133929017101067
9.922188634913653,4.183979017101066
9.972238634913651,4.183979017101066
10.02228863491365,4.183979017101066
10.072338634913649,4.234029017101065
10.122388634913648,4.234029017101065
10.172438634913654,4.234029017101065
10.222488634913653,4.234029017101065
10.272538634913651,4.284079017101064
10.32258863491365,4.284079017101064
10.372638634913649,4.284079017101064
10.422688634913648,4.334129017101063
10.472738634913654,4.334129017101063
10.522788634913653,4.334129017101063
10.572838634913651,4.384179017101076
10.62288863491365,4.384179017101076
10.672938634913649,4.384179017101076
10.722988634913648,4.4342290171010745
10.773038634913654,4.4342290171010745
10.823088634913653,4.4342290171010745
10.873138634913651,4.484279017101073
10.92318863491365,4.484279017101073
10.973238634913649,4.484279017101073
11.023288634913648,4.534329017101072
11.073338634913654,4.534329017101072
11.123388634913653,4.534329017101072
11.173438634913651,4.584379017101071
11.22348863491365,4.584379017101071
11.273538634913649,4.584379017101071
11.323588634913648,4.63442901710107
11.373638634913654,4.63442901710107
11.423688634913653,4.63442901710107
11.473738634913651,4.63442901710107
11.52378863491365,4.684479017101069
11.573838634913649,4.684479017101069
11.623888634913648,4.684479017101069
11.673938634913654,4.734529017101067
11.723988634913653,4.734529017101067
11.774038634913651,4.734529017101067
11.82408863491365,4.734529017101067
11.874138634913649,4.784579017101066
11.924188634913648,4.784579017101066
11.974238634913647,4.784579017101066
12.024288634913653,4.784579017101066
12.074338634913651,4.834629017101065
12.12438863491365,4.834629017101065
12.174438634913649,4.834629017101065
12.224488634913648,4.834629017101065
12.274538634913647,4.884679017101064
12.324588634913653,4.884679017101064
12.374638634913651,4.884679017101064
12.42468863491365,4.884679017101064
12.474738634913649,4.884679017101064
12.524788634913648,4.934729017101063
12.574838634913647,4.934729017101063
12.624888634913653,4.934729017101063
12.674938634913651,4.934729017101063
12.72498863491365,4.984779017101076
12.775038634913649,4.984779017101076
12.825088634913648,4.984779017101076
12.875138634913647,4.984779017101076
12.925188634913653,4.984779017101076
12.975238634913651,5.0348290171010746
13.02528863491365,5.0348290171010746
13.07533863491365,5.0348290171010746
13.125388634913648,5.0348290171010746
13.175438634913647,5.084879017101073
13.225488634913653,5.084879017101073
13.275538634913651,5.084879017101073
13.32558863491365,5.084879017101073
13.37563863491365,5.084879017101073
13.425688634913648,5.134929017101072
13.475738634913647,5.134929017101072
13.525788634913653,5.134929017101072
13.575838634913652,5.134929017101072
13.62588863491365,5.184979017101071
13.67593863491365,5.184979017101071
13.725988634913648,5.184979017101071
13.776038634913647,5.184979017101071
13.826088634913653,5.184979017101071
13.876138634913652,5.184979017101071
13.92618863491365,5.184979017101071
13.97623863491365,5.184979017101071
14.026288634913648,5.184979017101071
14.076338634913647,5.184979017101071
14.126388634913653,5.23502901710107
14.176438634913652,5.23502901710107
14.22648863491365,5.23502901710107
14.27653863491365,5.23502901710107
14.326588634913648,5.23502901710107
14.376638634913647,5.23502901710107
14.426688634913653,5.23502901710107
14.476738634913652,5.23502901710107
14.52678863491365,5.23502901710107
14.57683863491365,5.23502901710107
14.626888634913648,5.23502901710107
14.676938634913647,5.285079017101069
14.726988634913653,5.285079017101069
14.777038634913652,5.285079017101069
14.82708863491365,5.285079017101069
14.87713863491365,5.285079017101069
14.927188634913648,5.285079017101069
14.977238634913647,5.285079017101069
15.027288634913653,5.285079017101069
15.077338634913652,5.285079017101069
15.12738863491365,5.285079017101069
15.17743863491365,5.285079017101069
15.227488634913648,5.285079017101069
15.277538634913647,5.285079017101069
15.327588634913653,5.3351290171010675
15.377638634913652,5.3351290171010675
15.42768863491365,5.3351290171010675
15.47773863491365,5.3351290171010675
15.527788634913648,5.3351290171010675
15.577838634913647,5.3351290171010675
15.627888634913653,5.3351290171010675
15.677938634913652,5.3351290171010675
15.72798863491365,5.3351290171010675
15.77803863491365,5.3351290171010675
15.828088634913648,5.3351290171010675
15.878138634913647,5.3351290171010675
15.928188634913653,5.3351290171010675
15.978238634913652,5.3351290171010675
16.02828863491365,5.3351290171010675
16.07833863491365,5.3351290171010675
16.128388634913648,5.3351290171010675
16.178438634913647,5.385179017101066
16.228488634913653,5.385179017101066
16.27853863491365,5.385179017101066
16.32858863491365,5.385179017101066
16.37863863491365,5.385179017101066
16.428688634913648,5.385179017101066
16.478738634913647,5.385179017101066
16.528788634913653,5.385179017101066
16.57883863491365,5.385179017101066
16.62888863491365,5.385179017101066
16.67893863491365,5.385179017101066
16.728988634913648,5.385179017101066
16.779038634913647,5.385179017101066
16.829088634913653,5.385179017101066
16.87913863491365,5.385179017101066
16.92918863491365,5.385179017101066
16.97923863491365,5.385179017101066
17.029288634913648,5.385179017101066
17.079338634913647,5.385179017101066
17.129388634913653,5.385179017101066
17.17943863491365,5.385179017101066
17.22948863491365,5.385179017101066
17.27953863491365,5.385179017101066
17.329588634913648,5.385179017101066
17.379638634913647,5.385179017101066
17.429688634913653,5.385179017101066
17.47973863491365,5.385179017101066
17.52978863491365,5.385179017101066
17.57983863491365,5.385179017101066
17.629888634913648,5.385179017101066
17.679938634913647,5.385179017101066
17.729988634913653,5.385179017101066
17.78003863491365,5.385179017101066
17.83008863491365,5.385179017101066
17.88013863491365,5.385179017101066
17.930188634913648,5.385179017101066
17.980238634913647,5.3351290171010675
18.030288634913653,5.3351290171010675
18.08033863491365,5.3351290171010675
18.13038863491365,5.3351290171010675
18.18043863491365,5.3351290171010675
18.230488634913648,5.3351290171010675
18.280538634913647,5.3351290171010675
18.330588634913653,5.3351290171010675
18.38063863491365,5.3351290171010675
18.43068863491365,5.3351290171010675
18.48073863491365,5.3351290171010675
18.530788634913648,5.3351290171010675
18.580838634913647,5.3351290171010675
18.630888634913653,5.3351290171010675
18.68093863491365,5.3351290171010675
18.73098863491365,5.3351290171010675
18.78103863491365,5.285079017101069
18.831088634913648,5.285079017101069
18.881138634913647,5.285079017101069
18.931188634913653,5.285079017101069
18.98123863491365,5.285079017101069
19.03128863491365,5.285079017101069
19.08133863491365,5.285079017101069
19.131388634913648,5.285079017101069
19.181438634913647,5.285079017101069
19.231488634913653,5.285079017101069
19.28153863491365,5.285079017101069
19.33158863491365,5.23502901710107
19.38163863491365,5.23502901710107
19.431688634913648,5.23502901710107
19.481738634913647,5.23502901710107
19.531788634913653,5.184979017101071
19.58183863491365,5.184979017101071
19.63188863491365,5.184979017101071
19.68193863491365,5.184979017101071
19.731988634913648,5.184979017101071
19.782038634913647,5.184979017101071
19.832088634913653,5.184979017101071
19.88213863491365,5.184979017101071
19.93218863491365,5.134929017101072
19.98223863491365,5.134929017101072
20.032288634913648,5.134929017101072
20.082338634913647,5.084879017101073
20.132388634913653,5.084879017101073
20.18243863491365,5.084879017101073
20.23248863491365,5.084879017101073
20.28253863491365,5.084879017101073
20.332588634913648,5.084879017101073
20.382638634913647,5.0348290171010746
20.432688634913653,5.0348290171010746
20.48273863491365,5.0348290171010746
20.53278863491365,5.0348290171010746
20.58283863491365,4.984779017101076
20.632888634913648,4.984779017101076
20.682938634913647,4.984779017101076
20.732988634913653,4.934729017101063
20.783038634913652,4.934729017101063
20.83308863491365,4.934729017101063
20.88313863491365,4.884679017101064
20.93318863491365,4.884679017101064
20.983238634913647,4.884679017101064
21.033288634913653,4.884679017101064
21.083338634913652,4.834629017101065
21.13338863491365,4.834629017101065
21.18343863491365,4.784579017101066
21.23348863491365,4.784579017101066
21.283538634913647,4.784579017101066
21.333588634913653,4.734529017101067
21.383638634913652,4.734529017101067
21.43368863491365,4.684479017101069
21.48373863491365,4.684479017101069
21.53378863491365,4.63442901710107
21.583838634913647,4.63442901710107
21.633888634913653,4.63442901710107
21.683938634913652,4.584379017101071
21.73398863491365,4.534329017101072
21.78403863491365,4.534329017101072
21.83408863491365,4.534329017101072
21.884138634913647,4.484279017101073
21.934188634913653,4.484279017101073
21.984238634913652,4.4342290171010745
22.03428863491365,4.4342290171010745
22.08433863491365,4.384179017101076
22.13438863491365,4.384179017101076
22.184438634913647,4.334129017101063
22.234488634913653,4.334129017101063
22.284538634913652,4.284079017101064
22.33458863491365,4.284079017101064
22.38463863491365,4.234029017101065
22.43468863491365,4.183979017101066
22.484738634913647,4.183979017101066
22.534788634913653,4.133929017101067
22.584838634913652,4.083879017101069
22.63488863491365,4.083879017101069
22.68493863491365,4.03382901710107
22.73498863491365,3.983779017101071
22.785038634913647,3.983779017101071
22.835088634913653,3.933729017101072
22.885138634913652,3.8836790171010733
22.93518863491365,3.8336290171010745
22.98523863491365,3.8336290171010745
23.03528863491365,3.7835790171010757
23.085338634913647,3.7335290171010627
23.135388634913653,3.683479017101064
23.185438634913652,3.683479017101064
23.23548863491365,3.633429017101065
23.28553863491365,3.583379017101066
23.33558863491365,3.5333290171010674
23.385638634913647,3.4832790171010686
23.435688634913653,3.4832790171010686
23.485738634913652,3.4332290171010698
23.53578863491365,3.383179017101071
23.58583863491365,3.333129017101072
23.63588863491365,3.2830790171010733
23.685938634913647,3.2330290171010745
23.735988634913653,3.1829790171010757
23.786038634913652,3.1329290171010626
23.83608863491365,3.082879017101064
23.88613863491365,3.032829017101065
23.93618863491365,2.982779017101066
23.986238634913647,2.9327290171010674
24.036288634913653,2.8826790171010686
24.086338634913652,2.8326290171010697
24.13638863491365,2.782579017101071
24.13638863491365,2.732529017101072
24.18643863491365,2.6824790171010733
24.23648863491365,2.6324290171010745
24.286538634913647,2.5823790171010756
24.336588634913653,2.5323290171010626
24.386638634913652,2.482279017101064
24.386638634913652,2.432229017101065
24.43668863491365,2.382179017101066
24.48673863491365,2.3321290171010673
24.53678863491365,2.2820790171010685
24.53678863491365,2.2320290171010697
24.586838634913647,2.181979017101071
24.636888634913646,2.131929017101072
24.686938634913645,2.0818790171010733
24.686938634913645,2.0318290171010744
24.736988634913644,1.9817790171010756
24.787038634913642,1.9317290171010626
24.837088634913655,1.8816790171010638
24.837088634913655,1.831629017101065
24.887138634913654,1.7815790171010661
24.887138634913654,1.7315290171010673
24.937188634913653,1.6814790171010685
24.937188634913653,1.6314290171010697
24.987238634913652,1.5813790171010709
25.03728863491365,1.531329017101072
25.03728863491365,1.4812790171010732
25.08733863491365,1.4312290171010744
25.08733863491365,1.3811790171010756
25.13738863491365,1.3311290171010768
25.13738863491365,1.2810790171010638
25.187438634913647,1.231029017101065
25.187438634913647,1.1809790171010661
25.237488634913646,1.1309290171010673
25.237488634913646,1.0808790171010685
25.287538634913645,1.0308290171010697
25.287538634913645,0.9807790171010708
25.287538634913645,0.930729017101072
25.337588634913644,0.8806790171010732
25.337588634913644,0.8306290171010744
25.387638634913642,0.7805790171010756
25.387638634913642,0.7305290171010768
25.387638634913642,0.6804790171010637
25.437688634913656,0.6304290171010649
25.437688634913656,0.5803790171010661
25.487738634913654,0.5303290171010673
25.487738634913654,0.48027901710106846
25.487738634913654,0.43022901710106964
25.537788634913653,0.3801790171010708
25.537788634913653,0.330129017101072
25.587838634913652,0.2800790171010732
25.587838634913652,0.23002901710107437
25.63788863491365,0.17997901710107556
25.63788863491365,0.12992901710107674
25.63788863491365,0.07987901710106371
25.68793863491365,0.029829017101064892
25.68793863491365,-0.020220982898933926
25.68793863491365,-0.07027098289893274
25.73798863491365,-0.12032098289893156
25.73798863491365,-0.17037098289893038
25.73798863491365,-0.2204209828989292
25.73798863491365,-0.270470982898928
25.788038634913647,-0.32052098289892683
25.788038634913647,-0.37057098289892565
25.788038634913647,-0.42062098289892447
25.838088634913646,-0.4706709828989233
25.838088634913646,-0.5207209828989363
25.838088634913646,-0.5707709828989351
25.888138634913645,-0.620820982898934
25.888138634913645,-0.6708709828989328
25.888138634913645,-0.7209209828989316
25.888138634913645,-0.7709709828989304
25.938188634913644,-0.8210209828989292
25.938188634913644,-0.871070982898928
25.938188634913644,-0.9211209828989269
25.938188634913644,-0.9711709828989257
25.988238634913642,-1.0212209828989245
25.988238634913642,-1.0712709828989233
25.988238634913642,-1.1213209828989363
25.988238634913642,-1.1713709828989352
26.038288634913656,-1.221420982898934
26.038288634913656,-1.2714709828989328
26.038288634913656,-1.3215209828989316
26.038288634913656,-1.3715709828989304
26.088338634913654,-1.4216209828989292
26.088338634913654,-1.471670982898928
26.088338634913654,-1.5217209828989269
26.088338634913654,-1.5717709828989257
26.138388634913653,-1.6218209828989245
26.138388634913653,-1.6718709828989233
26.138388634913653,-1.7219209828989364
26.188438634913652,-1.7719709828989352
26.188438634913652,-1.822020982898934
26.188438634913652,-1.8720709828989328
26.188438634913652,-1.9221209828989316
26.23848863491365,-1.9721709828989304
26.23848863491365,-2.0222209828989293
26.23848863491365,-2.072270982898928
26.23848863491365,-2.122320982898927
26.23848863491365,-2.1723709828989257
26.23848863491365,-2.2224209828989245
26.23848863491365,-2.2724709828989234
26.28853863491365,-2.3225209828989364
26.28853863491365,-2.372570982898935
26.28853863491365,-2.422620982898934
26.28853863491365,-2.472670982898933
26.28853863491365,-2.5227209828989317
26.33858863491365,-2.5727709828989305
26.33858863491365,-2.6228209828989293
26.33858863491365,-2.672870982898928
26.33858863491365,-2.722920982898927
26.388638634913647,-2.7729709828989257
26.388638634913647,-2.8230209828989246
26.388638634913647,-2.8730709828989234
26.388638634913647,-2.9231209828989364
26.388638634913647,-2.973170982898935
26.388638634913647,-3.023220982898934
26.388638634913647,-3.073270982898933
26.388638634913647,-3.1233209828989317
26.388638634913647,-3.1733709828989305
26.388638634913647,-3.2234209828989293
26.388638634913647,-3.273470982898928
26.438688634913646,-3.323520982898927
26.438688634913646,-3.3735709828989258
26.438688634913646,-3.4236209828989246
26.438688634913646,-3.4736709828989234
26.438688634913646,-3.5237209828989364
26.438688634913646,-3.5737709828989352
26.488738634913645,-3.623820982898934
26.488738634913645,-3.673870982898933
26.488738634913645,-3.7239209828989317
26.488738634913645,-3.7739709828989305
26.488738634913645,-3.8240209828989293
26.488738634913645,-3.874070982898928
26.488738634913645,-3.924120982898927
26.488738634913645,-3.974170982898926
26.488738634913645,-4.024220982898925
26.488738634913645,-4.074270982898923
26.488738634913645,-4.1243209828989364
26.488738634913645,-4.174370982898935
26.488738634913645,-4.224420982898934
26.488738634913645,-4.274470982898933
26.488738634913645,-4.324520982898932
26.538788634913644,-4.3745709828989305
26.538788634913644,-4.424620982898929
26.538788634913644,-4.474670982898928
26.538788634913644,-4.524720982898927
26.538788634913644,-4.574770982898926
26.538788634913644,-4.624820982898925
26.538788634913644,-4.674870982898923
26.538788634913644,-4.7249209828989365
26.538788634913644,-4.774970982898935
26.538788634913644,-4.825020982898934
26.538788634913644,-4.875070982898933
26.538788634913644,-4.925120982898932
26.588838634913643,-4.975170982898931
26.588838634913643,-5.025220982898929
26.588838634913643,-5.075270982898928
26.588838634913643,-5.125320982898927
26.588838634913643,-5.175370982898926
26.588838634913643,-5.225420982898925
26.588838634913643,-5.2754709828989235
26.588838634913643,-5.3255209828989365
26.588838634913643,-5.375570982898935
26.588838634913643,-5.425620982898934
26.588838634913643,-5.475670982898933
26.588838634913643,-5.525720982898932
26.588838634913643,-5.575770982898931
26.588838634913643,-5.625820982898929
26.588838634913643,-5.675870982898928
26.638888634913656,-5.725920982898927
26.638888634913656,-5.775970982898926
26.638888634913656,-5.826020982898925
26.638888634913656,-5.8760709828989235
26.638888634913656,-5.9261209828989365
26.638888634913656,-5.976170982898935
26.638888634913656,-6.026220982898934
26.638888634913656,-6.076270982898933
26.638888634913656,-6.126320982898932
26.638888634913656,-6.176370982898931
26.638888634913656,-6.226420982898929
26.638888634913656,-6.276470982898928
26.638888634913656,-6.326520982898927
26.638888634913656,-6.376570982898926
26.638888634913656,-6.426620982898925
26.638888634913656,-6.4766709828989235
26.638888634913656,-6.5267209828989365
26.638888634913656,-6.576770982898935
26.638888634913656,-6.626820982898934
26.638888634913656,-6.676870982898933
26.638888634913656,-6.726920982898932
26.638888634913656,-6.776970982898931
26.638888634913656,-6.8270209828989294
26.638888634913656,-6.877070982898928
26.688938634913654,-6.927120982898927
26.688938634913654,-6.977170982898926
26.688938634913654,-7.027220982898925
26.688938634913654,-7.0772709828989235
26.688938634913654,-7.127320982898937
26.688938634913654,-7.177370982898935
26.688938634913654,-7.227420982898934
26.688938634913654,-7.277470982898933
26.688938634913654,-7.327520982898932
26.688938634913654,-7.377570982898931
26.688938634913654,-7.4276209828989295
26.688938634913654,-7.477670982898928
26.688938634913654,-7.527720982898927
26.688938634913654,-7.577770982898926
26.688938634913654,-7.627820982898925
26.688938634913654,-7.677870982898924
26.688938634913654,-7.727920982898937
26.688938634913654,-7.777970982898935
26.688938634913654,-7.828020982898934
26.688938634913654,-7.878070982898933
26.688938634913654,-7.928120982898932
26.688938634913654,-7.978170982898931
26.688938634913654,-8.02822098289893
26.688938634913654,-8.078270982898928
26.688938634913654,-8.128320982898927
26.688938634913654,-8.178370982898926
26.688938634913654,-8.228420982898925
26.688938634913654,-8.278470982898924
26.738988634913653,-8.328520982898937
26.738988634913653,-8.378570982898935
26.738988634913653,-8.428620982898934
26.738988634913653,-8.478670982898933
26.738988634913653,-8.528720982898932
26.738988634913653,-8.57877098289893
26.738988634913653,-8.62882098289893
26.738988634913653,-8.678870982898928
26.738988634913653,-8.728920982898927
26.738988634913653,-8.778970982898926
26.738988634913653,-8.829020982898925
26.738988634913653,-8.879070982898924
26.738988634913653,-8.929120982898937
26.738988634913653,-8.979170982898935
26.738988634913653,-9.029220982898934
26.738988634913653,-9.079270982898933
26.738988634913653,-9.129320982898932
26.738988634913653,-9.17937098289893
26.738988634913653,-9.22942098289893
26.738988634913653,-9.279470982898928
26.738988634913653,-9.329520982898927
26.738988634913653,-9.379570982898926
26.738988634913653,-9.429620982898925
26.738988634913653,-9.479670982898924
26.738988634913653,-9.529720982898937
26.738988634913653,-9.579770982898935
26.738988634913653,-9.629820982898934
26.738988634913653,-9.679870982898933
26.738988634913653,-9.729920982898932
26.738988634913653,-9.77997098289893
26.738988634913653,-9.83002098289893
26.738988634913653,-9.880070982898928
26.738988634913653,-9.930120982898927
26.738988634913653,-9.980170982898926
26.738988634913653,-10.030220982898925
26.738988634913653,-10.080270982898924
26.738988634913653,-10.130320982898937
26.738988634913653,-10.180370982898935
26.738988634913653,-10.230420982898934
26.738988634913653,-10.280470982898933
26.738988634913653,-10.330520982898932
26.738988634913653,-10.38057098289893
26.738988634913653,-10.43062098289893
26.738988634913653,-10.480670982898928
26.738988634913653,-10.530720982898927
26.738988634913653,-10.580770982898926
26.738988634913653,-10.630820982898925
26.738988634913653,-10.680870982898924
26.738988634913653,-10.730920982898937
26.738988634913653,-10.780970982898936
26.738988634913653,-10.831020982898934
26.738988634913653,-10.881070982898933
26.738988634913653,-10.931120982898932
26.738988634913653,-10.98117098289893
26.738988634913653,-11.03122098289893
26.738988634913653,-11.081270982898928
26.738988634913653,-11.131320982898927
26.738988634913653,-11.181370982898926
26.738988634913653,-11.231420982898925
26.738988634913653,-11.281470982898924
26.738988634913653,-11.331520982898923
26.738988634913653,-11.381570982898936
26.738988634913653,-11.431620982898934
26.738988634913653,-11.481670982898933
26.738988634913653,-11.531720982898932
26.738988634913653,-11.58177098289893
26.688938634913654,-11.63182098289893
26.688938634913654,-11.681870982898928
26.688938634913654,-11.731920982898927
26.688938634913654,-11.781970982898926
26.688938634913654,-11.832020982898925
26.688938634913654,-11.882070982898924
26.688938634913654,-11.932120982898923
26.688938634913654,-11.982170982898936
26.688938634913654,-12.032220982898934
26.688938634913654,-12.082270982898933
26.688938634913654,-12.132320982898932
26.688938634913654,-12.18237098289893
26.688938634913654,-12.23242098289893
26.638888634913656,-12.282470982898928
26.638888634913656,-12.332520982898927
26.638888634913656,-12.382570982898926
26.638888634913656,-12.432620982898925
26.638888634913656,-12.482670982898924
26.638888634913656,-12.532720982898923
26.638888634913656,-12.582770982898936
26.638888634913656,-12.632820982898934
26.638888634913656,-12.682870982898933
26.638888634913656,-12.732920982898932
26.638888634913656,-12.78297098289893
26.638888634913656,-12.83302098289893
26.638888634913656,-12.883070982898928
26.638888634913656,-12.933120982898927
26.638888634913656,-12.983170982898926
26.638888634913656,-13.033220982898925
26.638888634913656,-13.083270982898924
26.588838634913643,-13.133320982898923
26.588838634913643,-13.183370982898936
26.588838634913643,-13.233420982898934
26.588838634913643,-13.283470982898933
26.588838634913643,-13.333520982898932
26.588838634913643,-13.38357098289893
26.588838634913643,-13.43362098289893
26.588838634913643,-13.483670982898929
26.588838634913643,-13.533720982898927
26.588838634913643,-13.583770982898926
26.588838634913643,-13.633820982898925
26.588838634913643,-13.683870982898924
26.588838634913643,-13.733920982898923
26.588838634913643,-13.783970982898936
26.588838634913643,-13.834020982898934
26.538788634913644,-13.884070982898933
26.538788634913644,-13.934120982898932
26.538788634913644,-13.984170982898931
26.538788634913644,-14.03422098289893
26.538788634913644,-14.084270982898929
26.538788634913644,-14.134320982898927
26.538788634913644,-14.184370982898926
26.538788634913644,-14.234420982898925
26.538788634913644,-14.284470982898924
26.538788634913644,-14.334520982898923
26.538788634913644,-14.384570982898936
26.538788634913644,-14.434620982898934
26.538788634913644,-14.484670982898933
26.488738634913645,-14.534720982898932
26.488738634913645,-14.584770982898931
26.488738634913645,-14.63482098289893
26.488738634913645,-14.684870982898929
26.488738634913645,-14.734920982898927
26.488738634913645,-14.784970982898926
26.488738634913645,-14.835020982898925
26.488738634913645,-14.885070982898924
26.488738634913645,-14.935120982898923
26.488738634913645,-14.985170982898936
26.488738634913645,-15.035220982898934
26.438688634913646,-15.085270982898933
26.438688634913646,-15.135320982898932
26.438688634913646,-15.185370982898931
26.438688634913646,-15.23542098289893
26.438688634913646,-15.285470982898929
26.438688634913646,-15.335520982898927
26.438688634913646,-15.385570982898926
26.438688634913646,-15.435620982898925
26.438688634913646,-15.485670982898924
26.438688634913646,-15.535720982898923
26.438688634913646,-15.585770982898936
26.388638634913647,-15.635820982898935
26.388638634913647,-15.685870982898933
26.388638634913647,-15.735920982898932
26.388638634913647,-15.785970982898931
26.388638634913647,-15.83602098289893
26.388638634913647,-15.886070982898929
26.388638634913647,-15.936120982898927
26.388638634913647,-15.986170982898926
26.388638634913647,-16.036220982898925
26.388638634913647,-16.086270982898924
26.388638634913647,-16.136320982898923
26.33858863491365,-16.186370982898936
26.33858863491365,-16.236420982898935
26.33858863491365,-16.286470982898933
26.33858863491365,-16.336520982898932
26.33858863491365,-16.38657098289893
26.33858863491365,-16.43662098289893
26.33858863491365,-16.48667098289893
26.33858863491365,-16.536720982898927
26.33858863491365,-16.586770982898926
26.33858863491365,-16.636820982898925
26.33858863491365,-16.686870982898924
26.33858863491365,-16.736920982898923
26.28853863491365,-16.786970982898936
26.28853863491365,-16.837020982898935
26.28853863491365,-16.887070982898933
26.28853863491365,-16.937120982898932
26.28853863491365,-16.98717098289893
26.28853863491365,-17.03722098289893
26.28853863491365,-17.08727098289893
26.28853863491365,-17.137320982898927
26.28853863491365,-17.187370982898926
26.28853863491365,-17.237420982898925
26.28853863491365,-17.287470982898924
26.23848863491365,-17.337520982898923
26.23848863491365,-17.387570982898936
26.23848863491365,-17.437620982898935
26.23848863491365,-17.487670982898933
26.23848863491365,-17.537720982898932
26.23848863491365,-17.58777098289893
26.23848863491365,-17.63782098289893
26.23848863491365,-17.68787098289893
26.23848863491365,-17.737920982898927
26.23848863491365,-17.787970982898926
26.23848863491365,-17.838020982898925
26.188438634913652,-17.888070982898924
26.188438634913652,-17.938120982898923
26.188438634913652,-17.988170982898936
26.188438634913652,-18.038220982898935
26.188438634913652,-18.088270982898933
26.188438634913652,-18.138320982898932
26.188438634913652,-18.18837098289893
26.188438634913652,-18.23842098289893
26.188438634913652,-18.28847098289893
26.188438634913652,-18.338520982898928
26.138388634913653,-18.388570982898926
26.138388634913653,-18.438620982898925
26.138388634913653,-18.488670982898924
26.138388634913653,-18.538720982898923
26.138388634913653,-18.588770982898936
26.138388634913653,-18.638820982898935
26.138388634913653,-18.688870982898933
26.138388634913653,-18.738920982898932
26.138388634913653,-18.78897098289893
26.138388634913653,-18.83902098289893
26.088338634913654,-18.88907098289893
26.088338634913654,-18.939120982898928
26.088338634913654,-18.989170982898926
26.088338634913654,-19.039220982898925
26.088338634913654,-19.089270982898924
26.088338634913654,-19.139320982898923
26.088338634913654,-19.189370982898936
26.088338634913654,-19.239420982898935
26.088338634913654,-19.289470982898933
26.088338634913654,-19.339520982898932
26.038288634913656,-19.38957098289893
26.038288634913656,-19.43962098289893
26.038288634913656,-19.48967098289893
26.038288634913656,-19.539720982898928
26.038288634913656,-19.589770982898926
26.038288634913656,-19.639820982898925
26.038288634913656,-19.689870982898924
26.038288634913656,-19.739920982898923
26.038288634913656,-19.789970982898936
25.988238634913642,-19.840020982898935
25.988238634913642,-19.890070982898933
25.988238634913642,-19.940120982898932
25.988238634913642,-19.99017098289893
25.988238634913642,-20.04022098289893
25.988238634913642,-20.09027098289893
25.988238634913642,-20.140320982898928
25.988238634913642,-20.190370982898926
25.988238634913642,-20.240420982898925
25.938188634913644,-20.290470982898924
25.938188634913644,-20.340520982898923
25.938188634913644,-20.390570982898936
25.938188634913644,-20.440620982898935
25.938188634913644,-20.490670982898934
25.938188634913644,-20.540720982898932
25.938188634913644,-20.59077098289893
25.938188634913644,-20.64082098289893
25.888138634913645,-20.69087098289893
25.888138634913645,-20.740920982898928
25.888138634913645,-20.790970982898926
25.888138634913645,-20.841020982898925
25.888138634913645,-20.891070982898924
25.888138634913645,-20.941120982898923
25.888138634913645,-20.991170982898936
25.838088634913646,-21.041220982898935
25.838088634913646,-21.091270982898934
25.838088634913646,-21.141320982898932
25.838088634913646,-21.19137098289893
25.838088634913646,-21.24142098289893
25.838088634913646,-21.29147098289893
25.838088634913646,-21.341520982898928
25.838088634913646,-21.391570982898926
25.838088634913646,-21.441620982898925
25.788038634913647,-21.491670982898924
25.788038634913647,-21.541720982898923
25.788038634913647,-21.591770982898936
25.788038634913647,-21.641820982898935
25.788038634913647,-21.691870982898934
25.73798863491365,-21.741920982898932
25.73798863491365,-21.79197098289893
25.73798863491365,-21.84202098289893
25.73798863491365,-21.89207098289893
25.68793863491365,-21.942120982898928
25.68793863491365,-21.992170982898926
25.68793863491365,-22.042220982898925
25.68793863491365,-22.092270982898924
25.68793863491365,-22.142320982898923
25.63788863491365,-22.192370982898936
25.63788863491365,-22.242420982898935
25.63788863491365,-22.292470982898934
25.587838634913652,-22.342520982898932
25.587838634913652,-22.39257098289893
25.587838634913652,-22.44262098289893
25.587838634913652,-22.49267098289893
25.537788634913653,-22.542720982898928
25.537788634913653,-22.592770982898926
25.487738634913654,-22.642820982898925
25.487738634913654,-22.692870982898924
25.487738634913654,-22.742920982898923
25.487738634913654,-22.792970982898936
25.437688634913656,-22.843020982898935
25.437688634913656,-22.893070982898934
25.387638634913642,-22.943120982898932
25.387638634913642,-22.99317098289893
25.337588634913644,-23.04322098289893
25.337588634913644,-23.09327098289893
25.287538634913645,-23.143320982898928
25.287538634913645,-23.193370982898927
25.237488634913646,-23.243420982898925
25.187438634913647,-23.293470982898924
25.187438634913647,-23.343520982898923
25.13738863491365,-23.393570982898936
25.13738863491365,-23.443620982898935
25.08733863491365,-23.493670982898934
25.03728863491365,-23.543720982898932
24.987238634913652,-23.59377098289893
24.937188634913653,-23.64382098289893
24.887138634913654,-23.69387098289893
24.837088634913655,-23.743920982898928
24.787038634913642,-23.793970982898927
24.736988634913644,-23.844020982898925
24.686938634913645,-23.844020982898925
24.636888634913646,-23.894070982898924
24.586838634913647,-23.944120982898923
24.53678863491365,-23.944120982898923
24.48673863491365,-23.994170982898936
24.43668863491365,-24.044220982898935
24.386638634913652,-24.094270982898934
24.336588634913653,-24.144320982898932
24.286538634913647,-24.144320982898932
24.23648863491365,-24.19437098289893
24.18643863491365,-24.19437098289893
24.13638863491365,-24.24442098289893
24.086338634913652,-24.24442098289893
24.036288634913653,-24.29447098289893
23.986238634913647,-24.29447098289893
23.93618863491365,-24.344520982898928
23.88613863491365,-24.344520982898928
23.83608863491365,-24.394570982898927
23.786038634913652,-24.394570982898927
23.735988634913653,-24.444620982898925
23.685938634913647,-24.49467098289893
23.63588863491365,-24.49467098289893
23.58583863491365,-24.49467098289893
23.53578863491365,-24.54472098289893
23.485738634913652,-24.54472098289893
23.435688634913653,-24.54472098289893
23.385638634913647,-24.54472098289893
23.33558863491365,-24.59477098289893
23.28553863491365,-24.59477098289893
23.23548863491365,-24.644820982898928
23.185438634913652,-24.644820982898928
23.135388634913653,-24.644820982898928
23.085338634913647,-24.644820982898928
23.03528863491365,-24.644820982898928
22.98523863491365,-24.694870982898927
22.93518863491365,-24.694870982898927
22.885138634913652,-24.694870982898927
22.835088634913653,-24.694870982898927
22.785038634913647,-24.694870982898927
22.73498863491365,-24.744920982898925
22.68493863491365,-24.744920982898925
22.63488863491365,-24.744920982898925
22.584838634913652,-24.744920982898925
22.534788634913653,-24.744920982898925
22.484738634913647,-24.744920982898925
22.43468863491365,-24.744920982898925
22.38463863491365,-24.79497098289893
22.33458863491365,-24.744920982898925
22.284538634913652,-24.744920982898925
22.234488634913653,-24.744920982898925
22.184438634913647,-24.744920982898925
22.13438863491365,-24.744920982898925
22.08433863491365,-24.744920982898925
22.03428863491365,-24.694870982898927
21.984238634913652,-24.694870982898927
21.934188634913653,-24.694870982898927
21.884138634913647,-24.694870982898927
21.83408863491365,-24.694870982898927
21.78403863491365,-24.644820982898928
21.73398863491365,-24.644820982898928
21.683938634913652,-24.644820982898928
21.633888634913653,-24.644820982898928
21.583838634913647,-24.59477098289893
21.53378863491365,-24.59477098289893
21.48373863491365,-24.59477098289893
21.43368863491365,-24.59477098289893
21.383638634913652,-24.54472098289893
21.333588634913653,-24.54472098289893
21.283538634913647,-24.49467098289893
21.23348863491365,-24.49467098289893
21.18343863491365,-24.444620982898925
21.13338863491365,-24.444620982898925
21.083338634913652,-24.444620982898925
21.033288634913653,-24.394570982898927
20.983238634913647,-24.344520982898928
20.93318863491365,-24.29447098289893
20.88313863491365,-24.29447098289893
20.83308863491365,-24.24442098289893
20.783038634913652,-24.19437098289893
20.732988634913653,-24.144320982898932
20.682938634913647,-24.094270982898934
20.632888634913648,-24.044220982898935
20.58283863491365,-23.994170982898936
20.53278863491365,-23.944120982898923
20.48273863491365,-23.894070982898924
20.48273863491365,-23.844020982898925
20.432688634913653,-23.793970982898927
20.382638634913647,-23.743920982898928
20.382638634913647,-23.69387098289893
20.332588634913648,-23.64382098289893
20.28253863491365,-23.59377098289893
20.28253863491365,-23.543720982898932
20.28253863491365,-23.493670982898934
20.23248863491365,-23.443620982898935
20.18243863491365,-23.393570982898936
20.18243863491365,-23.343520982898923
20.18243863491365,-23.293470982898924
20.18243863491365,-23.243420982898925
20.132388634913653,-23.193370982898927
20.082338634913647,-23.143320982898928
20.082338634913647,-23.09327098289893
20.032288634913648,-23.04322098289893
20.032288634913648,-22.99317098289893
20.032288634913648,-22.943120982898932
20.032288634913648,-22.893070982898934
19.98223863491365,-22.843020982898935
19.98223863491365,-22.792970982898936
19.98223863491365,-22.742920982898923
19.98223863491365,-22.692870982898924
19.93218863491365,-22.642820982898925
19.93218863491365,-22.592770982898926
19.93218863491365,-22.542720982898928
19.93218863491365,-22.49267098289893
19.88213863491365,-22.44262098289893
19.88213863491365,-22.39257098289893
19.88213863491365,-22.342520982898932
19.88213863491365,-22.292470982898934
19.88213863491365,-22.242420982898935
19.88213863491365,-22.192370982898936
19.88213863491365,-22.142320982898923
19.832088634913653,-22.092270982898924
19.832088634913653,-22.042220982898925
19.832088634913653,-21.992170982898926
19.832088634913653,-21.942120982898928
19.832088634913653,-21.89207098289893
19.832088634913653,-21.84202098289893
19.832088634913653,-21.79197098289893
19.832088634913653,-21.741920982898932
19.782038634913647,-21.691870982898934
19.782038634913647,-21.641820982898935
19.782038634913647,-21.591770982898936
19.782038634913647,-21.541720982898923
19.782038634913647,-21.491670982898924
19.782038634913647,-21.441620982898925
19.782038634913647,-21.391570982898926
19.782038634913647,-21.341520982898928
19.782038634913647,-21.29147098289893
19.782038634913647,-21.24142098289893
19.782038634913647,-21.19137098289893
19.782038634913647,-21.141320982898932
19.782038634913647,-21.091270982898934
19.731988634913648,-21.041220982898935
19.731988634913648,-20.991170982898936
19.731988634913648,-20.941120982898923
19.731988634913648,-20.891070982898924
19.731988634913648,-20.841020982898925
19.731988634913648,-20.790970982898926
19.731988634913648,-20.740920982898928
19.731988634913648,-20.69087098289893
19.731988634913648,-20.64082098289893
19.731988634913648,-20.59077098289893
19.731988634913648,-20.540720982898932
19.731988634913648,-20.490670982898934
19.731988634913648,-20.440620982898935
19.731988634913648,-20.390570982898936
19.731988634913648,-20.340520982898923
19.731988634913648,-20.290470982898924
19.731988634913648,-20.240420982898925
19.731988634913648,-20.190370982898926
19.731988634913648,-20.140320982898928
19.731988634913648,-20.09027098289893
19.731988634913648,-20.04022098289893
19.731988634913648,-19.99017098289893
19.731988634913648,-19.940120982898932
19.731988634913648,-19.890070982898933
19.731988634913648,-19.840020982898935
19.731988634913648,-19.789970982898936
19.731988634913648,-19.739920982898923
19.731988634913648,-19.689870982898924
19.731988634913648,-19.639820982898925
19.731988634913648,-19.589770982898926
19.731988634913648,-19.539720982898928
19.731988634913648,-19.48967098289893
19.731988634913648,-19.43962098289893
19.731988634913648,-19.38957098289893
19.731988634913648,-19.339520982898932
19.731988634913648,-19.289470982898933
19.731988634913648,-19.239420982898935
19.731988634913648,-19.189370982898936
19.731988634913648,-19.139320982898923
19.731988634913648,-19.089270982898924
19.731988634913648,-19.039220982898925
19.731988634913648,-18.989170982898926
19.731988634913648,-18.939120982898928
19.731988634913648,-18.88907098289893
19.731988634913648,-18.83902098289893
19.731988634913648,-18.78897098289893
19.731988634913648,-18.738920982898932
19.731988634913648,-18.688870982898933
19.731988634913648,-18.638820982898935
19.731988634913648,-18.588770982898936
19.731988634913648,-18.538720982898923
19.731988634913648,-18.488670982898924
19.731988634913648,-18.438620982898925
19.731988634913648,-18.388570982898926
19.731988634913648,-18.338520982898928
19.731988634913648,-18.28847098289893
19.731988634913648,-18.23842098289893
19.731988634913648,-18.18837098289893
19.731988634913648,-18.138320982898932
19.731988634913648,-18.088270982898933
19.731988634913648,-18.038220982898935
19.731988634913648,-17.988170982898936
19.731988634913648,-17.938120982898923
19.731988634913648,-17.888070982898924
19.731988634913648,-17.838020982898925
19.731988634913648,-17.787970982898926
19.731988634913648,-17.737920982898927
19.731988634913648,-17.68787098289893
19.731988634913648,-17.63782098289893
19.731988634913648,-17.58777098289893
19.731988634913648,-17.537720982898932
19.731988634913648,-17.487670982898933
19.731988634913648,-17.437620982898935
19.731988634913648,-17.387570982898936
19.731988634913648,-17.337520982898923
19.731988634913648,-17.287470982898924
19.731988634913648,-17.237420982898925
19.731988634913648,-17.187370982898926
19.731988634913648,-17.137320982898927
19.731988634913648,-17.08727098289893
19.731988634913648,-17.03722098289893
19.731988634913648,-16.98717098289893
19.731988634913648,-16.937120982898932
19.731988634913648,-16.887070982898933
19.731988634913648,-16.837020982898935
19.731988634913648,-16.786970982898936
19.731988634913648,-16.736920982898923
19.731988634913648,-16.686870982898924
19.731988634913648,-16.636820982898925
19.731988634913648,-16.586770982898926
19.731988634913648,-16.536720982898927
19.731988634913648,-16.48667098289893
19.731988634913648,-16.43662098289893
19.731988634913648,-16.38657098289893
19.731988634913648,-16.336520982898932
19.731988634913648,-16.286470982898933
19.731988634913648,-16.236420982898935
19.731988634913648,-16.186370982898936
19.731988634913648,-16.136320982898923
19.731988634913648,-16.086270982898924
19.731988634913648,-16.036220982898925
19.731988634913648,-15.986170982898926
19.731988634913648,-15.936120982898927
19.731988634913648,-15.886070982898929
19.731988634913648,-15.83602098289893
19.731988634913648,-15.785970982898931
19.731988634913648,-15.735920982898932
19.731988634913648,-15.685870982898933
19.731988634913648,-15.635820982898935
19.731988634913648,-15.585770982898936
19.731988634913648,-15.535720982898923
19.731988634913648,-15.485670982898924
19.731988634913648,-15.435620982898925
19.731988634913648,-15.385570982898926
19.731988634913648,-15.335520982898927
19.731988634913648,-15.285470982898929
19.731988634913648,-15.23542098289893
19.731988634913648,-15.185370982898931
19.731988634913648,-15.135320982898932
19.731988634913648,-15.085270982898933
19.731988634913648,-15.035220982898934
19.731988634913648,-14.985170982898936
19.731988634913648,-14.935120982898923
19.731988634913648,-14.885070982898924
19.731988634913648,-14.835020982898925
19.731988634913648,-14.784970982898926
19.731988634913648,-14.734920982898927
19.731988634913648,-14.684870982898929
19.731988634913648,-14.63482098289893
19.731988634913648,-14.584770982898931
19.731988634913648,-14.534720982898932
19.731988634913648,-14.484670982898933
19.731988634913648,-14.434620982898934
19.731988634913648,-14.384570982898936
19.68193863491365,-14.334520982898923
19.68193863491365,-14.284470982898924
19.68193863491365,-14.234420982898925
19.68193863491365,-14.184370982898926
19.68193863491365,-14.134320982898927
19.68193863491365,-14.084270982898929
19.68193863491365,-14.03422098289893
19.68193863491365,-13.984170982898931
19.68193863491365,-13.934120982898932
19.68193863491365,-13.884070982898933
19.68193863491365,-13.834020982898934
19.68193863491365,-13.783970982898936
19.68193863491365,-13.733920982898923
19.68193863491365,-13.683870982898924
19.68193863491365,-13.633820982898925
19.68193863491365,-13.583770982898926
19.68193863491365,-13.533720982898927
19.68193863491365,-13.483670982898929
19.68193863491365,-13.43362098289893
19.68193863491365,-13.38357098289893
19.68193863491365,-13.333520982898932
19.68193863491365,-13.283470982898933
19.68193863491365,-13.233420982898934
19.68193863491365,-13.183370982898936
19.68193863491365,-13.133320982898923
19.68193863491365,-13.083270982898924
19.68193863491365,-13.033220982898925
19.68193863491365,-12.983170982898926
19.68193863491365,-12.933120982898927
19.63188863491365,-12.883070982898928
19.63188863491365,-12.83302098289893
19.63188863491365,-12.78297098289893
19.63188863491365,-12.732920982898932
19.63188863491365,-12.682870982898933
19.63188863491365,-12.632820982898934
19.63188863491365,-12.582770982898936
19.63188863491365,-12.532720982898923
19.63188863491365,-12.482670982898924
19.63188863491365,-12.432620982898925
19.63188863491365,-12.382570982898926
19.63188863491365,-12.332520982898927
19.63188863491365,-12.282470982898928
19.63188863491365,-12.23242098289893
19.63188863491365,-12.18237098289893
19.58183863491365,-12.132320982898932
19.58183863491365,-12.082270982898933
19.58183863491365,-12.032220982898934
19.58183863491365,-11.982170982898936
19.58183863491365,-11.932120982898923
19.58183863491365,-11.882070982898924
19.531788634913653,-11.832020982898925
19.531788634913653,-11.781970982898926
19.531788634913653,-11.731920982898927
19.531788634913653,-11.681870982898928
19.531788634913653,-11.63182098289893
19.531788634913653,-11.58177098289893
19.531788634913653,-11.531720982898932
19.531788634913653,-11.481670982898933
19.531788634913653,-11.431620982898934
19.531788634913653,-11.381570982898936
19.481738634913647,-11.331520982898923
19.481738634913647,-11.281470982898924
19.481738634913647,-11.231420982898925
19.481738634913647,-11.181370982898926
19.431688634913648,-11.131320982898927
19.431688634913648,-11.081270982898928
19.431688634913648,-11.03122098289893
19.431688634913648,-10.98117098289893
19.431688634913648,-10.931120982898932
19.431688634913648,-10.881070982898933
19.431688634913648,-10.831020982898934
19.38163863491365,-10.780970982898936
19.38163863491365,-10.730920982898937
19.38163863491365,-10.680870982898924
19.38163863491365,-10.630820982898925
19.38163863491365,-10.580770982898926
19.33158863491365,-10.530720982898927
19.33158863491365,-10.480670982898928
19.33158863491365,-10.43062098289893
19.33158863491365,-10.38057098289893
19.28153863491365,-10.330520982898932
19.28153863491365,-10.280470982898933
19.28153863491365,-10.230420982898934
19.231488634913653,-10.180370982898935
19.231488634913653,-10.130320982898937
19.231488634913653,-10.080270982898924
19.231488634913653,-10.030220982898925
19.181438634913647,-9.980170982898926
19.181438634913647,-9.930120982898927
19.181438634913647,-9.880070982898928
19.181438634913647,-9.83002098289893
19.131388634913648,-9.77997098289893
19.131388634913648,-9.729920982898932
19.131388634913648,-9.679870982898933
19.131388634913648,-9.629820982898934
19.08133863491365,-9.579770982898935
19.08133863491365,-9.529720982898937
19.03128863491365,-9.479670982898924
19.03128863491365,-9.429620982898925
19.03128863491365,-9.379570982898926
18.98123863491365,-9.329520982898927
18.98123863491365,-9.279470982898928
18.931188634913653,-9.22942098289893
18.931188634913653,-9.17937098289893
18.931188634913653,-9.129320982898932
18.881138634913647,-9.079270982898933
18.881138634913647,-9.029220982898934
18.831088634913648,-8.979170982898935
18.831088634913648,-8.929120982898937
18.831088634913648,-8.879070982898924
18.78103863491365,-8.829020982898925
18.78103863491365,-8.778970982898926
18.78103863491365,-8.728920982898927
18.73098863491365,-8.678870982898928
18.73098863491365,-8.62882098289893
18.73098863491365,-8.57877098289893
18.68093863491365,-8.528720982898932
18.68093863491365,-8.478670982898933
18.630888634913653,-8.428620982898934
18.630888634913653,-8.378570982898935
18.580838634913647,-8.328520982898937
18.580838634913647,-8.278470982898924
18.580838634913647,-8.228420982898925
18.530788634913648,-8.178370982898926
18.530788634913648,-8.128320982898927
18.48073863491365,-8.078270982898928
18.48073863491365,-8.02822098289893
18.48073863491365,-7.978170982898931
18.43068863491365,-7.928120982898932
18.43068863491365,-7.878070982898933
18.38063863491365,-7.828020982898934
18.38063863491365,-7.777970982898935
18.330588634913653,-7.727920982898937
18.330588634913653,-7.677870982898924
18.330588634913653,-7.627820982898925
18.280538634913647,-7.577770982898926
18.280538634913647,-7.527720982898927
18.230488634913648,-7.477670982898928
18.230488634913648,-7.4276209828989295
18.230488634913648,-7.377570982898931
18.18043863491365,-7.327520982898932
18.18043863491365,-7.277470982898933
18.13038863491365,-7.227420982898934
18.13038863491365,-7.177370982898935
18.08033863491365,-7.127320982898937
18.08033863491365,-7.0772709828989235
18.08033863491365,-7.027220982898925
18.08033863491365,-6.977170982898926
18.030288634913653,-6.927120982898927
18.030288634913653,-6.877070982898928
17.980238634913647,-6.8270209828989294
17.980238634913647,-6.776970982898931
17.980238634913647,-6.726920982898932
17.930188634913648,-6.676870982898933
17.930188634913648,-6.626820982898934
17.930188634913648,-6.576770982898935
17.88013863491365,-6.5267209828989365
17.88013863491365,-6.4766709828989235
17.83008863491365,-6.426620982898925
17.83008863491365,-6.376570982898926
17.83008863491365,-6.326520982898927
17.78003863491365,-6.276470982898928
17.78003863491365,-6.226420982898929
17.729988634913653,-6.176370982898931
17.729988634913653,-6.126320982898932
17.679938634913647,-6.076270982898933
17.679938634913647,-6.026220982898934
17.679938634913647,-5.976170982898935
17.629888634913648,-5.9261209828989365
17.629888634913648,-5.8760709828989235
17.629888634913648,-5.826020982898925
17.57983863491365,-5.775970982898926
17.57983863491365,-5.725920982898927
17.52978863491365,-5.675870982898928
17.52978863491365,-5.625820982898929
17.47973863491365,-5.575770982898931
17.47973863491365,-5.525720982898932
17.429688634913653,-5.475670982898933
17.429688634913653,-5.425620982898934
17.379638634913647,-5.375570982898935
17.329588634913648,-5.3255209828989365
17.329588634913648,-5.2754709828989235
17.329588634913648,-5.225420982898925
17.27953863491365,-5.175370982898926
17.22948863491365,-5.125320982898927
17.22948863491365,-5.075270982898928
17.17943863491365,-5.025220982898929
17.17943863491365,-4.975170982898931
17.129388634913653,-4.925120982898932
17.129388634913653,-4.875070982898933
17.079338634913647,-4.825020982898934
17.029288634913648,-4.774970982898935
16.97923863491365,-4.7249209828989365
16.92918863491365,-4.674870982898923
16.87913863491365,-4.624820982898925
16.87913863491365,-4.574770982898926
16.829088634913653,-4.524720982898927
16.779038634913647,-4.474670982898928
16.728988634913648,-4.474670982898928
16.67893863491365,-4.424620982898929
16.62888863491365,-4.3745709828989305
16.57883863491365,-4.324520982898932
16.528788634913653,-4.274470982898933
16.478738634913647,-4.224420982898934
16.428688634913648,-4.174370982898935
16.37863863491365,-4.174370982898935
16.32858863491365,-4.1243209828989364
16.27853863491365,-4.1243209828989364
16.228488634913653,-4.074270982898923
16.178438634913647,-4.024220982898925
16.128388634913648,-3.974170982898926
16.07833863491365,-3.974170982898926
16.02828863491365,-3.974170982898926
15.978238634913652,-3.924120982898927
15.928188634913653,-3.924120982898927
15.878138634913647,-3.924120982898927
15.828088634913648,-3.874070982898928
15.77803863491365,-3.874070982898928
15.72798863491365,-3.8240209828989293
15.677938634913652,-3.8240209828989293
15.627888634913653,-3.8240209828989293
15.577838634913647,-3.8240209828989293
15.527788634913648,-3.7739709828989305
15.47773863491365,-3.7739709828989305
15.42768863491365,-3.7739709828989305
15.377638634913652,-3.7739709828989305
15.327588634913653,-3.7739709828989305
15.277538634913647,-3.7239209828989317
15.227488634913648,-3.7239209828989317
15.17743863491365,-3.7239209828989317
15.12738863491365,-3.7239209828989317
15.077338634913652,-3.7239209828989317
15.027288634913653,-3.7239209828989317
14.977238634913647,-3.673870982898933
14.927188634913648,-3.673870982898933
14.87713863491365,-3.673870982898933
14.82708863491365,-3.673870982898933
14.777038634913652,-3.673870982898933
14.726988634913653,-3.673870982898933
14.676938634913647,-3.673870982898933
14.626888634913648,-3.623820982898934
14.57683863491365,-3.623820982898934
14.52678863491365,-3.623820982898934
14.476738634913652,-3.623820982898934
14.426688634913653,-3.623820982898934
14.376638634913647,-3.623820982898934
14.326588634913648,-3.623820982898934
14.27653863491365,-3.623820982898934
14.22648863491365,-3.623820982898934
14.176438634913652,-3.673870982898933
14.126388634913653,-3.673870982898933
14.076338634913647,-3.673870982898933
14.026288634913648,-3.673870982898933
13.97623863491365,-3.673870982898933
13.92618863491365,-3.673870982898933
13.876138634913652,-3.673870982898933
13.826088634913653,-3.673870982898933
13.776038634913647,-3.673870982898933
13.725988634913648,-3.673870982898933
13.67593863491365,-3.7239209828989317
13.62588863491365,-3.7239209828989317
13.575838634913652,-3.7239209828989317
13.525788634913653,-3.7239209828989317
13.475738634913647,-3.7239209828989317
13.425688634913648,-3.7239209828989317
13.37563863491365,-3.7239209828989317
13.32558863491365,-3.7239209828989317
13.275538634913651,-3.7239209828989317
13.225488634913653,-3.7739709828989305
13.175438634913647,-3.7739709828989305
13.125388634913648,-3.7739709828989305
13.07533863491365,-3.7739709828989305
13.02528863491365,-3.7739709828989305
12.975238634913651,-3.8240209828989293
12.925188634913653,-3.8240209828989293
12.875138634913647,-3.8240209828989293
12.825088634913648,-3.8240209828989293
12.775038634913649,-3.874070982898928
12.72498863491365,-3.874070982898928
12.674938634913651,-3.874070982898928
12.624888634913653,-3.874070982898928
12.574838634913647,-3.874070982898928
12.524788634913648,-3.924120982898927
12.474738634913649,-3.924120982898927
12.42468863491365,-3.924120982898927
12.374638634913651,-3.924120982898927
12.324588634913653,-3.924120982898927
12.274538634913647,-3.974170982898926
12.224488634913648,-3.974170982898926
12.174438634913649,-3.974170982898926
12.12438863491365,-3.974170982898926
12.074338634913651,-4.024220982898925
12.024288634913653,-4.024220982898925
11.974238634913647,-4.024220982898925
11.924188634913648,-4.024220982898925
11.874138634913649,-4.024220982898925
11.82408863491365,-4.074270982898923
11.774038634913651,-4.074270982898923
11.723988634913653,-4.074270982898923
11.673938634913654,-4.1243209828989364
11.623888634913648,-4.1243209828989364
11.573838634913649,-4.1243209828989364
11.52378863491365,-4.1243209828989364
11.473738634913651,-4.1243209828989364
11.423688634913653,-4.174370982898935
11.373638634913654,-4.174370982898935
11.323588634913648,-4.174370982898935
11.273538634913649,-4.174370982898935
11.22348863491365,-4.224420982898934
11.173438634913651,-4.224420982898934
11.123388634913653,-4.224420982898934
11.073338634913654,-4.224420982898934
11.023288634913648,-4.224420982898934
10.973238634913649,-4.274470982898933
10.92318863491365,-4.274470982898933
10.873138634913651,-4.274470982898933
10.823088634913653,-4.274470982898933
10.773038634913654,-4.324520982898932
10.722988634913648,-4.324520982898932
10.672938634913649,-4.324520982898932
10.62288863491365,-4.324520982898932
10.572838634913651,-4.3745709828989305
10.522788634913653,-4.3745709828989305
10.472738634913654,-4.3745709828989305
10.422688634913648,-4.3745709828989305
10.372638634913649,-4.3745709828989305
10.32258863491365,-4.424620982898929
10.272538634913651,-4.424620982898929
10.222488634913653,-4.424620982898929
10.172438634913654,-4.424620982898929
10.122388634913648,-4.474670982898928
10.072338634913649,-4.474670982898928
10.02228863491365,-4.474670982898928
9.972238634913651,-4.474670982898928
9.922188634913653,-4.524720982898927
9.872138634913654,-4.524720982898927
9.822088634913648,-4.524720982898927
9.772038634913649,-4.524720982898927
9.72198863491365,-4.524720982898927
9.671938634913651,-4.574770982898926
9.621888634913653,-4.574770982898926
9.571838634913654,-4.574770982898926
9.521788634913648,-4.574770982898926
9.471738634913649,-4.624820982898925
9.42168863491365,-4.624820982898925
9.371638634913651,-4.624820982898925
9.321588634913653,-4.624820982898925
9.271538634913654,-4.674870982898923
9.221488634913648,-4.674870982898923
9.171438634913649,-4.674870982898923
9.12138863491365,-4.674870982898923
9.071338634913651,-4.674870982898923
9.021288634913653,-4.7249209828989365
8.971238634913654,-4.7249209828989365
8.921188634913648,-4.7249209828989365
8.871138634913649,-4.7249209828989365
8.82108863491365,-4.774970982898935
8.771038634913651,-4.774970982898935
8.720988634913653,-4.774970982898935
8.670938634913654,-4.774970982898935
8.620888634913648,-4.825020982898934
8.570838634913649,-4.825020982898934
8.52078863491365,-4.825020982898934
8.470738634913651,-4.825020982898934
8.420688634913652,-4.875070982898933
8.370638634913654,-4.875070982898933
8.320588634913648,-4.875070982898933
8.270538634913649,-4.875070982898933
8.22048863491365,-4.875070982898933
8.170438634913651,-4.925120982898932
8.120388634913652,-4.925120982898932
8.070338634913654,-4.925120982898932
8.020288634913648,-4.925120982898932
7.970238634913649,-4.975170982898931
7.92018863491365,-4.975170982898931
7.870138634913651,-4.975170982898931
7.8200886349136525,-4.975170982898931
7.770038634913654,-5.025220982898929
7.719988634913648,-5.025220982898929
7.669938634913649,-5.025220982898929
7.61988863491365,-5.025220982898929
7.569838634913651,-5.075270982898928
7.5197886349136525,-5.075270982898928
7.469738634913654,-5.075270982898928
7.419688634913648,-5.075270982898928
7.369638634913649,-5.075270982898928
7.31958863491365,-5.125320982898927
7.269538634913651,-5.125320982898927
7.2194886349136524,-5.125320982898927
7.169438634913654,-5.125320982898927
7.119388634913648,-5.175370982898926
7.069338634913649,-5.175370982898926
7.01928863491365,-5.175370982898926
6.969238634913651,-5.175370982898926
6.919188634913652,-5.225420982898925
6.869138634913654,-5.225420982898925
6.819088634913648,-5.225420982898925
6.769038634913649,-5.225420982898925
6.71898863491365,-5.225420982898925
6.668938634913651,-5.2754709828989235
6.618888634913652,-5.2754709828989235
6.568838634913654,-5.2754709828989235
6.518788634913648,-5.2754709828989235
6.468738634913649,-5.2754709828989235
6.41868863491365,-5.3255209828989365
6.368638634913651,-5.3255209828989365
6.318588634913652,-5.3255209828989365
6.268538634913654,-5.3255209828989365
6.218488634913648,-5.375570982898935
6.168438634913649,-5.375570982898935
6.11838863491365,-5.375570982898935
6.068338634913651,-5.375570982898935
6.018288634913652,-5.375570982898935
5.968238634913654,-5.425620982898934
5.918188634913648,-5.425620982898934
5.868138634913649,-5.425620982898934
5.81808863491365,-5.425620982898934
5.768038634913651,-5.475670982898933
5.717988634913652,-5.475670982898933
5.667938634913654,-5.475670982898933
5.617888634913648,-5.475670982898933
5.567838634913649,-5.475670982898933
5.51778863491365,-5.525720982898932
5.467738634913651,-5.525720982898932
5.417688634913652,-5.525720982898932
5.367638634913654,-5.525720982898932
5.317588634913648,-5.575770982898931
5.267538634913649,-5.575770982898931
5.21748863491365,-5.575770982898931
5.167438634913651,-5.575770982898931
5.117388634913652,-5.575770982898931
5.0673386349136536,-5.625820982898929
5.017288634913648,-5.625820982898929
4.967238634913649,-5.625820982898929
4.91718863491365,-5.625820982898929
4.867138634913651,-5.675870982898928
4.817088634913652,-5.675870982898928
4.7670386349136535,-5.675870982898928
4.716988634913648,-5.675870982898928
4.666938634913649,-5.725920982898927
4.61688863491365,-5.725920982898927
4.566838634913651,-5.725920982898927
4.516788634913652,-5.725920982898927
4.4667386349136535,-5.725920982898927
4.416688634913648,-5.775970982898926
4.366638634913649,-5.775970982898926
4.31658863491365,-5.775970982898926
4.266538634913651,-5.775970982898926
4.216488634913652,-5.826020982898925
4.1664386349136535,-5.826020982898925
4.116388634913648,-5.826020982898925
4.066338634913649,-5.826020982898925
4.01628863491365,-5.8760709828989235
3.966238634913651,-5.8760709828989235
3.9161886349136523,-5.8760709828989235
3.8661386349136535,-5.9261209828989365
3.8160886349136476,-5.9261209828989365
3.7660386349136488,-5.9261209828989365
3.71598863491365,-5.976170982898935
3.665938634913651,-5.976170982898935
3.6158886349136523,-5.976170982898935
3.5658386349136535,-6.026220982898934
3.5157886349136476,-6.026220982898934
3.4657386349136488,-6.026220982898934
3.41568863491365,-6.026220982898934
3.365638634913651,-6.076270982898933
3.3155886349136523,-6.076270982898933
3.2655386349136535,-6.126320982898932
3.2154886349136476,-6.126320982898932
3.1654386349136487,-6.126320982898932
3.11538863491365,-6.126320982898932
3.065338634913651,-6.176370982898931
3.0152886349136523,-6.176370982898931
2.9652386349136535,-6.176370982898931
2.9151886349136475,-6.226420982898929
2.8651386349136487,-6.226420982898929
2.81508863491365,-6.226420982898929
2.765038634913651,-6.276470982898928
2.7149886349136523,-6.276470982898928
2.6649386349136535,-6.276470982898928
2.6148886349136475,-6.326520982898927
2.5648386349136487,-6.326520982898927
2.51478863491365,-6.376570982898926
2.464738634913651,-6.376570982898926
2.4146886349136523,-6.376570982898926
2.3646386349136534,-6.426620982898925
2.3145886349136475,-6.426620982898925
2.2645386349136487,-6.426620982898925
2.21448863491365,-6.4766709828989235
2.164438634913651,-6.4766709828989235
2.1143886349136523,-6.5267209828989365
2.0643386349136534,-6.5267209828989365
2.0142886349136475,-6.5267209828989365
1.9642386349136487,-6.576770982898935
1.9141886349136499,-6.576770982898935
1.864138634913651,-6.626820982898934
1.8140886349136522,-6.626820982898934
1.7640386349136534,-6.626820982898934
1.7139886349136475,-6.676870982898933
1.6639386349136487,-6.676870982898933
1.6138886349136499,-6.726920982898932
1.563838634913651,-6.726920982898932
1.5137886349136522,-6.776970982898931
1.4637386349136534,-6.776970982898931
1.4136886349136475,-6.8270209828989294
1.3636386349136487,-6.8270209828989294
1.3135886349136499,-6.877070982898928
1.263538634913651,-6.877070982898928
1.2134886349136522,-6.877070982898928
1.1634386349136534,-6.927120982898927
1.1133886349136475,-6.927120982898927
1.0633386349136487,-6.977170982898926
1.0132886349136498,-6.977170982898926
0.963238634913651,-7.027220982898925
0.9131886349136522,-7.027220982898925
0.8631386349136534,-7.0772709828989235
0.8130886349136475,-7.0772709828989235
0.7630386349136487,-7.127320982898937
0.7129886349136498,-7.127320982898937
0.662938634913651,-7.127320982898937
0.6128886349136522,-7.177370982898935
0.5628386349136534,-7.177370982898935
0.5127886349136475,-7.227420982898934
0.46273863491364864,-7.227420982898934
0.4126886349136498,-7.277470982898933
0.362638634913651,-7.277470982898933
0.3125886349136522,-7.327520982898932
0.26253863491365337,-7.327520982898932
0.21248863491364745,-7.377570982898931
0.16243863491364863,-7.377570982898931
0.11238863491364981,-7.4276209828989295
0.06233863491365099,-7.4276209828989295
0.012288634913652174,-7.477670982898928
-0.03776136508634664,-7.477670982898928
-0.08781136508635257,-7.477670982898928
-0.13786136508635138,-7.527720982898927
-0.1879113650863502,-7.527720982898927
-0.23796136508634902,-7.577770982898926
-0.28801136508634784,-7.577770982898926
-0.33806136508634665,-7.627820982898925
-0.3881113650863526,-7.627820982898925
-0.4381613650863514,-7.677870982898924
-0.4882113650863502,-7.677870982898924
-0.538261365086349,-7.727920982898937
-0.5883113650863478,-7.727920982898937
-0.6383613650863467,-7.727920982898937
-0.6884113650863526,-7.777970982898935
-0.7384613650863514,-7.828020982898934
-0.7885113650863502,-7.828020982898934
-0.838561365086349,-7.828020982898934
-0.8886113650863479,-7.878070982898933
-0.9386613650863467,-7.878070982898933
-0.9887113650863455,-7.928120982898932
-1.0387613650863514,-7.928120982898932
-1.0888113650863502,-7.978170982898931
-1.138861365086349,-7.978170982898931
-1.1889113650863479,-8.02822098289893
-1.2389613650863467,-8.02822098289893
-1.2890113650863455,-8.078270982898928
-1.3390613650863514,-8.078270982898928
-1.3891113650863502,-8.078270982898928
-1.439161365086349,-8.128320982898927
-1.4892113650863479,-8.128320982898927
-1.5392613650863467,-8.178370982898926
-1.5893113650863455,-8.178370982898926
-1.6393613650863514,-8.228420982898925
-1.6894113650863503,-8.228420982898925
-1.739461365086349,-8.278470982898924
-1.789511365086348,-8.278470982898924
-1.8395613650863467,-8.328520982898937
-1.8896113650863455,-8.328520982898937
-1.9396613650863515,-8.378570982898935
-1.9897113650863503,-8.378570982898935
-2.039761365086349,-8.428620982898934
-2.089811365086348,-8.428620982898934
-2.1398613650863467,-8.478670982898933
-2.1899113650863455,-8.478670982898933
-2.2399613650863515,-8.528720982898932
-2.2900113650863503,-8.528720982898932
-2.340061365086349,-8.57877098289893
-2.390111365086348,-8.57877098289893
-2.4401613650863467,-8.62882098289893
-2.4902113650863456,-8.62882098289893
-2.5402613650863515,-8.678870982898928
-2.5903113650863503,-8.678870982898928
-2.640361365086349,-8.728920982898927
-2.690411365086348,-8.728920982898927
-2.7404613650863467,-8.778970982898926
-2.7905113650863456,-8.778970982898926
-2.8405613650863515,-8.829020982898925
-2.8906113650863503,-8.829020982898925
-2.940661365086349,-8.879070982898924
-2.990711365086348,-8.879070982898924
-3.0407613650863468,-8.929120982898937
-3.0908113650863456,-8.929120982898937
-3.1408613650863515,-8.979170982898935
-3.1909113650863503,-8.979170982898935
-3.240961365086349,-9.029220982898934
-3.291011365086348,-9.029220982898934
-3.3410613650863468,-9.029220982898934
-3.3911113650863456,-9.079270982898933
-3.4411613650863515,-9.079270982898933
-3.4912113650863503,-9.129320982898932
-3.541261365086349,-9.129320982898932
-3.591311365086348,-9.17937098289893
-3.641361365086347,-9.17937098289893
-3.6914113650863456,-9.22942098289893
-3.7414613650863515,-9.22942098289893
-3.7915113650863503,-9.279470982898928
-3.841561365086349,-9.279470982898928
-3.891611365086348,-9.329520982898927
-3.941661365086347,-9.329520982898927
-3.9917113650863456,-9.379570982898926
-4.0417613650863515,-9.379570982898926
-4.09181136508635,-9.429620982898925
-4.141861365086349,-9.429620982898925
-4.191911365086348,-9.479670982898924
-4.241961365086347,-9.479670982898924
-4.292011365086346,-9.529720982898937
-4.3420613650863515,-9.529720982898937
-4.39211136508635,-9.579770982898935
-4.442161365086349,-9.579770982898935
-4.492211365086348,-9.629820982898934
-4.542261365086347,-9.629820982898934
-4.592311365086346,-9.679870982898933
-4.6423613650863516,-9.679870982898933
-4.69241136508635,-9.729920982898932
-4.742461365086349,-9.729920982898932
-4.792511365086348,-9.77997098289893
-4.842561365086347,-9.77997098289893
-4.892611365086346,-9.83002098289893
-4.942661365086352,-9.83002098289893
-4.99271136508635,-9.880070982898928
-5.042761365086349,-9.880070982898928
-5.092811365086348,-9.930120982898927
-5.142861365086347,-9.930120982898927
-5.192911365086346,-9.980170982898926
-5.242961365086352,-9.980170982898926
-5.29301136508635,-10.030220982898925
-5.343061365086349,-10.030220982898925
-5.393111365086348,-10.080270982898924
-5.443161365086347,-10.080270982898924
-5.493211365086346,-10.130320982898937
-5.543261365086352,-10.130320982898937
-5.59331136508635,-10.180370982898935
-5.643361365086349,-10.180370982898935
-5.693411365086348,-10.230420982898934
-5.743461365086347,-10.230420982898934
-5.793511365086346,-10.280470982898933
-5.843561365086352,-10.280470982898933
-5.89361136508635,-10.330520982898932
-5.943661365086349,-10.330520982898932
-5.993711365086348,-10.330520982898932
-6.043761365086347,-10.38057098289893
-6.093811365086346,-10.38057098289893
-6.143861365086352,-10.43062098289893
-6.19391136508635,-10.43062098289893
-6.243961365086349,-10.480670982898928
-6.294011365086348,-10.480670982898928
-6.344061365086347,-10.530720982898927
-6.394111365086346,-10.530720982898927
-6.444161365086352,-10.580770982898926
-6.49421136508635,-10.580770982898926
-6.544261365086349,-10.630820982898925
-6.594311365086348,-10.630820982898925
-6.644361365086347,-10.680870982898924
-6.694411365086346,-10.680870982898924
-6.744461365086352,-10.730920982898937
-6.7945113650863505,-10.780970982898936
-6.844561365086349,-10.780970982898936
-6.894611365086348,-10.831020982898934
-6.944661365086347,-10.831020982898934
-6.994711365086346,-10.881070982898933
-7.044761365086352,-10.881070982898933
-7.0948113650863505,-10.881070982898933
-7.144861365086349,-10.931120982898932
-7.194911365086348,-10.931120982898932
-7.244961365086347,-10.98117098289893
-7.295011365086346,-11.03122098289893
-7.345061365086352,-11.03122098289893
-7.3951113650863505,-11.081270982898928
-7.445161365086349,-11.081270982898928
-7.495211365086348,-11.131320982898927
-7.545261365086347,-11.131320982898927
-7.595311365086349,-11.181370982898926
-7.645361365086348,-11.231420982898925
-7.695411365086347,-11.231420982898925
-7.745461365086349,-11.281470982898924
-7.795511365086348,-11.281470982898924
-7.845561365086347,-11.331520982898923
-7.895611365086349,-11.331520982898923
-7.945661365086348,-11.381570982898936
-7.995711365086347,-11.381570982898936
-8.04576136508635,-11.431620982898934
-8.095811365086348,-11.481670982898933
-8.145861365086347,-11.481670982898933
-8.19591136508635,-11.531720982898932
-8.245961365086348,-11.531720982898932
-8.296011365086347,-11.58177098289893
-8.34606136508635,-11.58177098289893
-8.396111365086348,-11.63182098289893
-8.446161365086347,-11.63182098289893
-8.49621136508635,-11.681870982898928
-8.546261365086348,-11.731920982898927
-8.596311365086347,-11.731920982898927
-8.64636136508635,-11.781970982898926
-8.696411365086348,-11.781970982898926
-8.746461365086347,-11.832020982898925
-8.79651136508635,-11.832020982898925
-8.846561365086348,-11.882070982898924
-8.896611365086347,-11.932120982898923
-8.94666136508635,-11.932120982898923
-8.996711365086348,-11.982170982898936
-9.046761365086347,-12.032220982898934
-9.09681136508635,-12.032220982898934
-9.146861365086348,-12.082270982898933
-9.196911365086347,-12.082270982898933
-9.24696136508635,-12.132320982898932
-9.297011365086348,-12.18237098289893
-9.347061365086347,-12.18237098289893
-9.39711136508635,-12.23242098289893
-9.447161365086348,-12.282470982898928
-9.497211365086347,-12.282470982898928
-9.54726136508635,-12.332520982898927
-9.597311365086348,-12.382570982898926
-9.647361365086347,-12.382570982898926
-9.69741136508635,-12.432620982898925
-9.747461365086348,-12.482670982898924
-9.797511365086347,-12.482670982898924
-9.84756136508635,-12.532720982898923
-9.897611365086348,-12.582770982898936
-9.947661365086347,-12.582770982898936
-9.99771136508635,-12.632820982898934
-10.047761365086348,-12.632820982898934
-10.097811365086347,-12.682870982898933
-10.097811365086347,-12.732920982898932
-10.14786136508635,-12.78297098289893
-10.197911365086348,-12.78297098289893
-10.247961365086347,-12.78297098289893
-10.29801136508635,-12.83302098289893
-10.348061365086348,-12.883070982898928
-10.398111365086347,-12.933120982898927
-10.44816136508635,-12.983170982898926
-10.498211365086348,-12.983170982898926
-10.548261365086347,-13.033220982898925
-10.59831136508635,-13.083270982898924
-10.648361365086348,-13.133320982898923
-10.698411365086347,-13.183370982898936
-10.74846136508635,-13.233420982898934
-10.798511365086348,-13.283470982898933
-10.848561365086347,-13.333520982898932
-10.89861136508635,-13.38357098289893
-10.948661365086348,-13.38357098289893
-10.998711365086347,-13.43362098289893
-10.998711365086347,-13.483670982898929
-11.04876136508635,-13.533720982898927
-11.098811365086348,-13.583770982898926
-11.148861365086347,-13.633820982898925
-11.19891136508635,-13.683870982898924
-11.248961365086348,-13.733920982898923
-11.299011365086347,-13.783970982898936
-11.34906136508635,-13.834020982898934
-11.399111365086348,-13.884070982898933
-11.449161365086347,-13.934120982898932
-11.449161365086347,-13.984170982898931
-11.49921136508635,-14.03422098289893
-11.549261365086348,-14.084270982898929
-11.599311365086347,-14.134320982898927
-11.64936136508635,-14.184370982898926
-11.64936136508635,-14.234420982898925
-11.699411365086348,-14.284470982898924
-11.749461365086347,-14.334520982898923
-11.749461365086347,-14.384570982898936
-11.79951136508635,-14.434620982898934
-11.849561365086348,-14.484670982898933
-11.899611365086347,-14.534720982898932
-11.94966136508635,-14.584770982898931
-11.94966136508635,-14.63482098289893
-11.94966136508635,-14.63482098289893
