#x_m,y_m
-0.873445672604479,0.7027721006547836
-0.9543356726044792,0.7836621006547801
-1.0352256726044793,0.7836621006547801
-1.1161156726044794,0.8645521006547909
-1.1970056726044795,0.9454421006547875
-1.2778956726044797,0.9454421006547875
-1.3587856726044798,1.026332100654784
-1.43967567260448,1.1072221006547807
-1.52056567260448,1.1881121006547914
-1.6014556726044802,1.269002100654788
-1.6823456726044803,1.3498921006547846
-1.763235672604477,1.4307821006547812
-1.844125672604477,1.4307821006547812
-1.9250156726044771,1.511672100654792
-2.0059056726044773,1.5925621006547885
-2.0867956726044774,1.5925621006547885
-2.1676856726044775,1.6734521006547851
-2.2485756726044777,1.7543421006547817
-2.329465672604478,1.8352321006547925
-2.410355672604478,1.8352321006547925
-2.491245672604478,1.916122100654789
-2.572135672604478,1.9970121006547856
-2.6530256726044783,1.9970121006547856
-2.7339156726044784,2.077902100654782
-2.8148056726044786,2.158792100654793
-2.8956956726044787,2.2396821006547896
-2.976585672604479,2.320572100654786
-3.057475672604479,2.4014621006547827
-3.138365672604479,2.4823521006547935
-3.219255672604479,2.4823521006547935
-3.3001456726044793,2.56324210065479
-3.3810356726044795,2.56324210065479
-3.4619256726044796,2.6441321006547867
-3.5428156726044797,2.7250221006547832
-3.62370567260448,2.805912100654794
-3.70459567260448,2.8868021006547906
-3.78548567260448,2.967692100654787
-3.8663756726044802,2.967692100654787
-3.9472656726044804,3.0485821006547837
-4.028155672604477,3.1294721006547803
-4.109045672604477,3.1294721006547803
-4.189935672604477,3.210362100654791
-4.270825672604477,3.2912521006547877
-4.3517156726044774,3.2912521006547877
-4.432605672604478,3.3721421006547843
-4.513495672604478,3.453032100654781
-4.594385672604478,3.5339221006547916
-4.675275672604478,3.5339221006547916
-4.756165672604478,3.614812100654788
-4.837055672604478,3.6957021006547848
-4.917945672604478,3.7765921006547813
-4.9988356726044785,3.857482100654792
-5.079725672604479,3.9383721006547887
-5.160615672604479,3.9383721006547887
-5.241505672604479,4.019262100654785
-5.322395672604479,4.100152100654782
-5.403285672604479,4.100152100654782
-5.484175672604479,4.181042100654793
-5.565065672604479,4.261932100654789
-5.6459556726044795,4.342822100654786
-5.72684567260448,4.342822100654786
-5.807735672604478,4.423712100654782
-5.888625672604478,4.504602100654793
-5.969515672604478,4.58549210065479
-6.050405672604478,4.666382100654786
-6.1312956726044785,4.747272100654783
-6.212185672604479,4.828162100654794
-6.293075672604479,4.828162100654794
-6.373965672604479,4.90905210065479
-6.454855672604479,4.90905210065479
-6.535745672604479,4.989942100654787
-6.616635672604479,5.070832100654783
-6.697525672604479,5.15172210065478
-6.7784156726044795,5.15172210065478
-6.85930567260448,5.232612100654791
-6.940195672604478,5.313502100654787
-7.021085672604478,5.394392100654784
-7.101975672604478,5.4752821006547805
-7.182865672604478,5.556172100654791
-7.2637556726044785,5.637062100654788
-7.344645672604479,5.637062100654788
-7.425535672604479,5.637062100654788
-7.506425672604479,5.717952100654784
-7.587315672604479,5.798842100654781
-7.668205672604479,5.879732100654792
-7.749095672604479,5.960622100654788
-7.829985672604479,5.960622100654788
-7.9108756726044795,6.041512100654785
-7.99176567260448,6.1224021006547815
-8.072655672604478,6.203292100654792
-8.153545672604478,6.203292100654792
-8.234435672604478,6.284182100654789
-8.315325672604478,6.3650721006547855
-8.396215672604479,6.445962100654782
-8.396215672604479,6.526852100654793
-8.396215672604479,6.607742100654789
-8.477105672604479,6.688632100654786
-8.477105672604479,6.7695221006547825
-8.477105672604479,6.850412100654793
-8.557995672604479,6.93130210065479
-8.557995672604479,7.0121921006547865
-8.557995672604479,7.093082100654783
-8.557995672604479,7.173972100654794
-8.557995672604479,7.25486210065479
-8.557995672604479,7.335752100654787
-8.477105672604479,7.416642100654784
-8.477105672604479,7.49753210065478
-8.477105672604479,7.578422100654791
-8.477105672604479,7.6593121006547875
-8.396215672604479,7.740202100654784
-8.396215672604479,7.821092100654781
-8.396215672604479,7.9019821006547915
-8.315325672604478,7.982872100654788
-8.315325672604478,8.063762100654785
-8.234435672604478,8.144652100654781
-8.153545672604478,8.144652100654781
-8.072655672604478,8.225542100654792
-8.072655672604478,8.306432100654789
-7.99176567260448,8.387322100654785
-7.9108756726044795,8.468212100654782
-7.829985672604479,8.549102100654792
-7.749095672604479,8.629992100654789
-7.668205672604479,8.710882100654786
-7.587315672604479,8.710882100654786
-7.506425672604479,8.791772100654782
-7.425535672604479,8.872662100654793
-7.344645672604479,8.872662100654793
-7.2637556726044785,8.95355210065479
-7.182865672604478,8.95355210065479
-7.101975672604478,8.95355210065479
-7.021085672604478,9.034442100654786
-6.940195672604478,9.115332100654783
-6.85930567260448,9.115332100654783
-6.7784156726044795,9.115332100654783
-6.697525672604479,9.196222100654794
-6.616635672604479,9.196222100654794
-6.535745672604479,9.27711210065479
-6.454855672604479,9.27711210065479
-6.373965672604479,9.358002100654787
-6.293075672604479,9.358002100654787
-6.212185672604479,9.438892100654783
-6.1312956726044785,9.438892100654783
-6.050405672604478,9.519782100654794
-5.969515672604478,9.519782100654794
-5.888625672604478,9.60067210065479
-5.807735672604478,9.60067210065479
-5.72684567260448,9.60067210065479
-5.6459556726044795,9.681562100654787
-5.565065672604479,9.681562100654787
-5.484175672604479,9.762452100654784
-5.403285672604479,9.762452100654784
-5.322395672604479,9.84334210065478
-5.241505672604479,9.84334210065478
-5.160615672604479,9.84334210065478
-5.079725672604479,9.924232100654791
-4.9988356726044785,9.924232100654791
-4.917945672604478,10.005122100654788
-4.837055672604478,10.005122100654788
-4.756165672604478,10.086012100654784
-4.675275672604478,10.086012100654784
-4.594385672604478,10.16690210065478
-4.513495672604478,10.16690210065478
-4.432605672604478,10.247792100654792
-4.3517156726044774,10.247792100654792
-4.270825672604477,10.247792100654792
-4.189935672604477,10.328682100654788
-4.109045672604477,10.328682100654788
-4.028155672604477,10.409572100654785
-3.9472656726044804,10.409572100654785
-3.8663756726044802,10.490462100654781
-3.78548567260448,10.490462100654781
-3.70459567260448,10.490462100654781
-3.62370567260448,10.571352100654792
-3.5428156726044797,10.571352100654792
-3.4619256726044796,10.652242100654789
-3.3810356726044795,10.652242100654789
-3.3001456726044793,10.733132100654785
-3.219255672604479,10.733132100654785
-3.138365672604479,10.814022100654782
-3.057475672604479,10.814022100654782
-2.976585672604479,10.894912100654793
-2.8956956726044787,10.894912100654793
-2.8148056726044786,10.97580210065479
-2.7339156726044784,10.97580210065479
-2.6530256726044783,10.97580210065479
-2.572135672604478,11.056692100654786
-2.491245672604478,11.056692100654786
-2.410355672604478,11.137582100654782
-2.329465672604478,11.137582100654782
-2.2485756726044777,11.218472100654793
-2.1676856726044775,11.218472100654793
-2.0867956726044774,11.29936210065479
-2.0059056726044773,11.29936210065479
-1.9250156726044771,11.29936210065479
-1.844125672604477,11.380252100654786
-1.763235672604477,11.380252100654786
-1.6823456726044803,11.461142100654783
-1.6014556726044802,11.461142100654783
-1.52056567260448,11.542032100654794
-1.43967567260448,11.542032100654794
-1.3587856726044798,11.62292210065479
-1.2778956726044797,11.62292210065479
-1.1970056726044795,11.703812100654787
-1.1161156726044794,11.703812100654787
-1.0352256726044793,11.703812100654787
-0.9543356726044792,11.784702100654783
-0.873445672604479,11.784702100654783
-0.7925556726044789,11.865592100654794
-0.7116656726044788,11.865592100654794
-0.6307756726044786,11.94648210065479
-0.5498856726044785,11.94648210065479
-0.4689956726044784,12.027372100654787
-0.38810567260447826,12.027372100654787
-0.30721567260447813,12.108262100654784
-0.226325672604478,12.108262100654784
-0.14543567260447787,12.108262100654784
-0.06454567260447774,12.18915210065478
0.016344327395522384,12.18915210065478
0.09723432739552251,12.270042100654791
0.17812432739552264,12.270042100654791
0.25901432739552277,12.350932100654788
0.3399043273955229,12.350932100654788
0.420794327395523,12.431822100654784
0.5016843273955232,12.431822100654784
0.5825743273955233,12.512712100654781
0.6634643273955199,12.512712100654781
0.74435432739552,12.512712100654781
0.8252443273955201,12.593602100654792
0.9061343273955202,12.593602100654792
0.9870243273955204,12.674492100654788
1.0679143273955205,12.674492100654788
1.1488043273955206,12.755382100654785
1.2296943273955208,12.755382100654785
1.3105843273955209,12.836272100654782
1.391474327395521,12.836272100654782
1.4723643273955211,12.836272100654782
1.5532543273955213,12.917162100654792
1.6341443273955214,12.917162100654792
1.7150343273955215,12.998052100654789
1.7959243273955217,12.998052100654789
1.8768143273955218,13.078942100654785
1.957704327395522,13.078942100654785
2.038594327395522,13.159832100654782
2.119484327395522,13.159832100654782
2.2003743273955223,13.240722100654793
2.2812643273955224,13.240722100654793
2.3621543273955226,13.240722100654793
2.4430443273955227,13.32161210065479
2.523934327395523,13.32161210065479
2.604824327395523,13.402502100654786
2.685714327395523,13.402502100654786
2.766604327395523,13.483392100654783
2.8474943273955233,13.483392100654783
2.92838432739552,13.564282100654793
3.00927432739552,13.564282100654793
3.09016432739552,13.64517210065479
3.1710543273955203,13.64517210065479
3.2519443273955204,13.64517210065479
3.3328343273955205,13.726062100654786
3.4137243273955207,13.726062100654786
3.494614327395521,13.806952100654783
3.575504327395521,13.806952100654783
3.656394327395521,13.887842100654794
3.737284327395521,13.887842100654794
3.8181743273955213,13.96873210065479
3.8990643273955214,13.96873210065479
3.9799543273955216,14.049622100654787
4.060844327395522,14.049622100654787
4.141734327395522,14.049622100654787
4.222624327395522,14.130512100654784
4.303514327395522,14.130512100654784
4.384404327395522,14.211402100654794
4.465294327395522,14.211402100654794
4.5461843273955225,14.292292100654791
4.627074327395523,14.292292100654791
4.707964327395523,14.292292100654791
4.788854327395523,14.373182100654788
4.869744327395523,14.373182100654788
4.950634327395523,14.454072100654784
5.031524327395523,14.454072100654784
5.112414327395523,14.53496210065478
5.1933043273955235,14.53496210065478
5.27419432739552,14.615852100654791
5.35508432739552,14.615852100654791
5.43597432739552,14.696742100654788
5.5168643273955205,14.696742100654788
5.597754327395521,14.777632100654785
5.678644327395521,14.777632100654785
5.759534327395521,14.777632100654785
5.840424327395521,14.858522100654781
5.921314327395521,14.858522100654781
6.002204327395521,14.939412100654792
6.083094327395521,14.939412100654792
6.1639843273955215,15.020302100654789
6.244874327395522,15.020302100654789
6.325764327395522,15.101192100654785
6.406654327395522,15.101192100654785
6.487544327395522,15.182082100654782
6.568434327395522,15.182082100654782
6.649324327395522,15.262972100654792
6.730214327395522,15.262972100654792
6.8111043273955225,15.262972100654792
6.891994327395523,15.343862100654789
6.972884327395523,15.343862100654789
7.053774327395523,15.424752100654786
7.134664327395523,15.424752100654786
7.215554327395523,15.505642100654782
7.296444327395523,15.505642100654782
7.377334327395523,15.586532100654793
7.4582243273955235,15.586532100654793
7.53911432739552,15.66742210065479
7.62000432739552,15.66742210065479
7.70089432739552,15.748312100654786
7.7817843273955205,15.748312100654786
7.862674327395521,15.748312100654786
7.943564327395521,15.829202100654783
8.024454327395521,15.829202100654783
8.105344327395521,15.910092100654794
8.186234327395521,15.910092100654794
8.267124327395521,15.99098210065479
8.348014327395521,15.99098210065479
8.428904327395522,16.071872100654787
8.509794327395522,16.071872100654787
8.590684327395522,16.071872100654787
8.671574327395522,16.152762100654783
8.752464327395522,16.152762100654783
8.833354327395522,16.233652100654794
8.914244327395522,16.233652100654794
8.995134327395522,16.31454210065479
9.076024327395523,16.31454210065479
9.156914327395523,16.31454210065479
9.237804327395523,16.395432100654787
9.318694327395523,16.395432100654787
9.399584327395523,16.395432100654787
9.480474327395523,16.476322100654784
9.561364327395523,16.476322100654784
9.642254327395523,16.476322100654784
9.723144327395524,16.557212100654795
9.80403432739552,16.557212100654795
9.88492432739552,16.557212100654795
9.96581432739552,16.557212100654795
10.04670432739552,16.557212100654795
10.12759432739552,16.557212100654795
10.20848432739552,16.63810210065479
10.289374327395521,16.63810210065479
10.370264327395521,16.63810210065479
10.451154327395521,16.63810210065479
10.532044327395521,16.63810210065479
10.612934327395521,16.63810210065479
10.693824327395522,16.63810210065479
10.774714327395522,16.63810210065479
10.855604327395525,16.63810210065479
10.936494327395522,16.718992100654788
11.017384327395519,16.718992100654788
11.098274327395522,16.718992100654788
11.179164327395519,16.718992100654788
11.260054327395522,16.63810210065479
11.340944327395519,16.63810210065479
11.421834327395523,16.63810210065479
11.50272432739552,16.63810210065479
11.583614327395523,16.63810210065479
11.66450432739552,16.63810210065479
11.745394327395523,16.63810210065479
11.82628432739552,16.63810210065479
11.907174327395524,16.557212100654795
11.98806432739552,16.557212100654795
12.068954327395524,16.557212100654795
12.14984432739552,16.557212100654795
12.230734327395524,16.557212100654795
12.31162432739552,16.476322100654784
12.392514327395524,16.476322100654784
12.47340432739552,16.395432100654787
12.554294327395525,16.395432100654787
12.635184327395521,16.31454210065479
12.716074327395525,16.31454210065479
12.796964327395521,16.233652100654794
12.877854327395525,16.152762100654783
12.958744327395522,16.152762100654783
13.039634327395525,16.071872100654787
13.120524327395522,15.99098210065479
13.201414327395526,15.99098210065479
13.282304327395522,15.910092100654794
13.363194327395519,15.829202100654783
13.363194327395519,15.748312100654786
13.444084327395522,15.66742210065479
13.524974327395519,15.66742210065479
13.605864327395523,15.586532100654793
13.605864327395523,15.505642100654782
13.68675432739552,15.424752100654786
13.767644327395523,15.343862100654789
13.84853432739552,15.262972100654792
13.84853432739552,15.182082100654782
13.929424327395523,15.101192100654785
14.01031432739552,15.020302100654789
14.091204327395523,15.020302100654789
14.17209432739552,14.939412100654792
14.252984327395524,14.858522100654781
14.252984327395524,14.777632100654785
14.33387432739552,14.696742100654788
14.33387432739552,14.615852100654791
14.414764327395524,14.53496210065478
14.49565432739552,14.53496210065478
14.576544327395524,14.454072100654784
14.576544327395524,14.373182100654788
14.65743432739552,14.292292100654791
14.738324327395524,14.211402100654794
14.738324327395524,14.130512100654784
14.819214327395521,14.049622100654787
14.900104327395525,14.049622100654787
14.980994327395521,13.96873210065479
15.061884327395525,13.887842100654794
15.061884327395525,13.806952100654783
15.142774327395522,13.726062100654786
15.142774327395522,13.64517210065479
15.223664327395525,13.564282100654793
15.304554327395522,13.564282100654793
15.385444327395525,13.483392100654783
15.385444327395525,13.402502100654786
15.466334327395522,13.32161210065479
15.547224327395526,13.240722100654793
15.628114327395522,13.159832100654782
15.709004327395519,13.078942100654785
15.709004327395519,12.998052100654789
15.789894327395523,12.917162100654792
15.87078432739552,12.836272100654782
15.951674327395523,12.755382100654785
15.951674327395523,12.674492100654788
16.03256432739552,12.593602100654792
16.03256432739552,12.512712100654781
16.113454327395523,12.431822100654784
16.19434432739552,12.350932100654788
16.275234327395523,12.270042100654791
16.35612432739552,12.18915210065478
16.437014327395524,12.108262100654784
16.437014327395524,12.027372100654787
16.51790432739552,11.94648210065479
16.598794327395524,11.865592100654794
16.67968432739552,11.784702100654783
16.67968432739552,11.703812100654787
16.760574327395524,11.62292210065479
16.84146432739552,11.542032100654794
16.922354327395524,11.461142100654783
17.00324432739552,11.380252100654786
17.00324432739552,11.29936210065479
17.084134327395525,11.218472100654793
17.16502432739552,11.137582100654782
17.245914327395525,11.056692100654786
17.245914327395525,10.97580210065479
17.32680432739552,10.894912100654793
17.407694327395525,10.814022100654782
17.48858432739552,10.733132100654785
17.569474327395525,10.652242100654789
17.569474327395525,10.571352100654792
17.650364327395522,10.490462100654781
17.731254327395526,10.409572100654785
17.812144327395522,10.328682100654788
17.89303432739552,10.247792100654792
17.89303432739552,10.16690210065478
17.973924327395522,10.086012100654784
17.973924327395522,10.005122100654788
18.05481432739552,9.924232100654791
18.135704327395523,9.84334210065478
18.21659432739552,9.762452100654784
18.297484327395523,9.681562100654787
18.297484327395523,9.60067210065479
18.37837432739552,9.519782100654794
18.459264327395523,9.438892100654783
18.54015432739552,9.358002100654787
18.621044327395524,9.27711210065479
18.621044327395524,9.196222100654794
18.70193432739552,9.115332100654783
18.782824327395524,9.034442100654786
18.782824327395524,8.95355210065479
18.86371432739552,8.872662100654793
18.944604327395524,8.791772100654782
19.02549432739552,8.710882100654786
19.106384327395524,8.629992100654789
19.106384327395524,8.549102100654792
19.18727432739552,8.468212100654782
19.268164327395525,8.387322100654785
19.34905432739552,8.306432100654789
19.34905432739552,8.225542100654792
19.429944327395525,8.144652100654781
19.51083432739552,8.063762100654785
19.51083432739552,7.982872100654788
19.591724327395525,7.9019821006547915
19.67261432739552,7.821092100654781
19.753504327395525,7.740202100654784
19.834394327395522,7.6593121006547875
19.915284327395526,7.578422100654791
19.915284327395526,7.49753210065478
19.996174327395522,7.416642100654784
19.996174327395522,7.335752100654787
20.077064327395526,7.25486210065479
20.157954327395522,7.25486210065479
20.23884432739552,7.173972100654794
20.23884432739552,7.093082100654783
20.319734327395523,7.0121921006547865
20.319734327395523,6.93130210065479
20.40062432739552,6.850412100654793
20.481514327395523,6.7695221006547825
20.481514327395523,6.688632100654786
20.56240432739552,6.607742100654789
20.643294327395523,6.526852100654793
20.72418432739552,6.445962100654782
20.805074327395523,6.3650721006547855
20.805074327395523,6.284182100654789
20.88596432739552,6.203292100654792
20.966854327395524,6.1224021006547815
20.966854327395524,6.041512100654785
21.04774432739552,5.960622100654788
21.128634327395524,5.879732100654792
21.128634327395524,5.798842100654781
21.20952432739552,5.717952100654784
21.290414327395524,5.637062100654788
21.290414327395524,5.556172100654791
21.37130432739552,5.4752821006547805
21.37130432739552,5.394392100654784
21.452194327395524,5.313502100654787
21.53308432739552,5.232612100654791
21.613974327395525,5.15172210065478
21.613974327395525,5.070832100654783
21.69486432739552,4.989942100654787
21.775754327395525,4.90905210065479
21.85664432739552,4.828162100654794
21.85664432739552,4.747272100654783
21.937534327395525,4.666382100654786
22.018424327395522,4.58549210065479
22.099314327395525,4.504602100654793
22.180204327395522,4.423712100654782
22.180204327395522,4.342822100654786
22.261094327395526,4.261932100654789
22.341984327395522,4.181042100654793
22.422874327395526,4.100152100654782
22.503764327395523,4.019262100654785
22.503764327395523,3.9383721006547887
22.58465432739552,3.857482100654792
22.665544327395523,3.857482100654792
22.74643432739552,3.7765921006547813
22.74643432739552,3.6957021006547848
22.827324327395523,3.614812100654788
22.90821432739552,3.614812100654788
22.989104327395523,3.5339221006547916
23.06999432739552,3.453032100654781
23.150884327395524,3.3721421006547843
23.23177432739552,3.2912521006547877
23.312664327395524,3.210362100654791
23.39355432739552,3.210362100654791
23.474444327395524,3.1294721006547803
23.55533432739552,3.1294721006547803
23.636224327395524,3.0485821006547837
23.71711432739552,2.967692100654787
23.798004327395525,2.8868021006547906
23.87889432739552,2.8868021006547906
23.959784327395525,2.805912100654794
24.04067432739552,2.7250221006547832
24.121564327395525,2.7250221006547832
24.20245432739552,2.6441321006547867
24.283344327395525,2.6441321006547867
24.364234327395522,2.56324210065479
24.445124327395526,2.4823521006547935
24.526014327395522,2.4823521006547935
24.606904327395526,2.4014621006547827
24.687794327395522,2.4014621006547827
24.76868432739552,2.320572100654786
24.849574327395523,2.320572100654786
24.93046432739552,2.320572100654786
25.011354327395523,2.2396821006547896
25.09224432739552,2.2396821006547896
25.173134327395523,2.2396821006547896
25.25402432739552,2.158792100654793
25.334914327395524,2.158792100654793
25.41580432739552,2.158792100654793
25.496694327395524,2.077902100654782
25.57758432739552,2.077902100654782
25.658474327395524,1.9970121006547856
25.73936432739552,1.9970121006547856
25.820254327395524,1.9970121006547856
25.90114432739552,1.916122100654789
25.982034327395525,1.916122100654789
26.06292432739552,1.916122100654789
26.143814327395525,1.8352321006547925
26.22470432739552,1.8352321006547925
26.305594327395525,1.8352321006547925
26.38648432739552,1.7543421006547817
26.467374327395525,1.7543421006547817
26.548264327395522,1.7543421006547817
26.629154327395526,1.6734521006547851
26.710044327395522,1.6734521006547851
26.790934327395526,1.6734521006547851
26.871824327395522,1.6734521006547851
26.952714327395526,1.5925621006547885
27.033604327395523,1.5925621006547885
27.11449432739552,1.5925621006547885
27.195384327395523,1.511672100654792
27.27627432739552,1.511672100654792
27.357164327395523,1.511672100654792
27.43805432739552,1.4307821006547812
27.518944327395523,1.4307821006547812
27.59983432739552,1.4307821006547812
27.680724327395524,1.4307821006547812
27.76161432739552,1.3498921006547846
27.842504327395524,1.3498921006547846
27.92339432739552,1.3498921006547846
28.004284327395524,1.269002100654788
28.08517432739552,1.269002100654788
28.166064327395524,1.269002100654788
28.24695432739552,1.269002100654788
28.327844327395525,1.269002100654788
28.40873432739552,1.269002100654788
28.489624327395525,1.269002100654788
28.57051432739552,1.269002100654788
28.651404327395525,1.1881121006547914
28.732294327395522,1.1881121006547914
28.813184327395525,1.1881121006547914
28.894074327395522,1.1881121006547914
28.974964327395526,1.1881121006547914
29.055854327395522,1.1072221006547807
29.136744327395526,1.1072221006547807
29.217634327395523,1.1072221006547807
29.298524327395526,1.1072221006547807
29.379414327395523,1.1072221006547807
29.46030432739552,1.1072221006547807
29.541194327395523,1.1072221006547807
29.62208432739552,1.1072221006547807
29.702974327395523,1.1072221006547807
29.78386432739552,1.1072221006547807
29.864754327395524,1.1072221006547807
29.94564432739552,1.1072221006547807
30.026534327395524,1.1072221006547807
30.10742432739552,1.1072221006547807
30.188314327395524,1.1072221006547807
30.26920432739552,1.1072221006547807
30.350094327395524,1.1072221006547807
30.43098432739552,1.1072221006547807
30.511874327395525,1.1072221006547807
30.59276432739552,1.1072221006547807
30.673654327395525,1.1072221006547807
30.75454432739552,1.1072221006547807
30.835434327395525,1.1072221006547807
30.91632432739552,1.1072221006547807
30.997214327395525,1.1072221006547807
31.078104327395522,1.1072221006547807
31.158994327395526,1.1072221006547807
31.239884327395522,1.1072221006547807
31.320774327395526,1.1072221006547807
31.401664327395522,1.1072221006547807
31.482554327395526,1.1881121006547914
31.563444327395523,1.1881121006547914
31.644334327395526,1.1881121006547914
31.725224327395523,1.1881121006547914
31.80611432739552,1.1881121006547914
31.887004327395523,1.1881121006547914
31.96789432739552,1.1881121006547914
32.04878432739552,1.269002100654788
32.12967432739552,1.269002100654788
32.210564327395524,1.269002100654788
32.29145432739552,1.3498921006547846
32.372344327395524,1.3498921006547846
32.45323432739552,1.3498921006547846
32.534124327395524,1.4307821006547812
32.61501432739552,1.4307821006547812
32.695904327395525,1.4307821006547812
32.77679432739552,1.511672100654792
32.857684327395525,1.511672100654792
32.93857432739552,1.511672100654792
33.019464327395525,1.5925621006547885
33.10035432739552,1.5925621006547885
33.181244327395525,1.6734521006547851
33.26213432739552,1.7543421006547817
33.343024327395526,1.7543421006547817
33.42391432739552,1.7543421006547817
33.504804327395526,1.8352321006547925
33.58569432739552,1.8352321006547925
33.666584327395526,1.916122100654789
33.74747432739552,1.916122100654789
33.828364327395526,1.9970121006547856
33.90925432739552,1.9970121006547856
33.99014432739552,2.077902100654782
34.07103432739552,2.077902100654782
34.15192432739552,2.158792100654793
34.23281432739552,2.158792100654793
34.31370432739552,2.2396821006547896
34.394594327395524,2.2396821006547896
34.47548432739552,2.2396821006547896
34.556374327395524,2.320572100654786
34.63726432739552,2.4014621006547827
34.718154327395524,2.4014621006547827
34.79904432739552,2.4014621006547827
34.879934327395524,2.4823521006547935
34.96082432739552,2.56324210065479
35.041714327395525,2.56324210065479
35.12260432739552,2.6441321006547867
35.203494327395525,2.6441321006547867
35.28438432739552,2.6441321006547867
35.365274327395525,2.7250221006547832
35.44616432739552,2.7250221006547832
35.527054327395525,2.805912100654794
35.60794432739552,2.805912100654794
35.688834327395526,2.8868021006547906
35.76972432739552,2.8868021006547906
35.850614327395526,2.8868021006547906
35.93150432739552,2.967692100654787
36.012394327395526,2.967692100654787
36.09328432739552,3.0485821006547837
36.17417432739553,3.0485821006547837
36.25506432739552,3.1294721006547803
36.33595432739552,3.1294721006547803
36.41684432739552,3.1294721006547803
36.49773432739552,3.210362100654791
36.578624327395524,3.210362100654791
36.65951432739552,3.2912521006547877
36.740404327395524,3.2912521006547877
36.82129432739552,3.3721421006547843
36.902184327395524,3.3721421006547843
36.98307432739552,3.453032100654781
37.063964327395524,3.453032100654781
37.14485432739552,3.5339221006547916
37.225744327395525,3.5339221006547916
37.30663432739552,3.614812100654788
37.387524327395525,3.6957021006547848
37.46841432739552,3.6957021006547848
37.549304327395525,3.7765921006547813
37.63019432739552,3.7765921006547813
37.711084327395525,3.857482100654792
37.79197432739552,3.9383721006547887
37.872864327395526,3.9383721006547887
37.95375432739552,4.019262100654785
38.034644327395526,4.100152100654782
38.11553432739552,4.181042100654793
38.11553432739552,4.261932100654789
38.196424327395526,4.342822100654786
38.27731432739552,4.342822100654786
38.358204327395526,4.423712100654782
38.43909432739552,4.504602100654793
38.51998432739553,4.58549210065479
38.51998432739553,4.666382100654786
38.60087432739552,4.747272100654783
38.68176432739552,4.828162100654794
38.68176432739552,4.90905210065479
38.76265432739552,4.989942100654787
38.76265432739552,5.070832100654783
38.84354432739552,5.15172210065478
38.924434327395524,5.232612100654791
38.924434327395524,5.313502100654787
39.00532432739552,5.394392100654784
39.00532432739552,5.4752821006547805
39.086214327395524,5.556172100654791
39.086214327395524,5.637062100654788
39.16710432739552,5.717952100654784
39.16710432739552,5.798842100654781
39.16710432739552,5.879732100654792
39.247994327395524,5.960622100654788
39.247994327395524,6.041512100654785
39.32888432739552,6.1224021006547815
39.32888432739552,6.203292100654792
39.409774327395525,6.284182100654789
39.409774327395525,6.3650721006547855
39.409774327395525,6.445962100654782
39.49066432739552,6.526852100654793
39.49066432739552,6.607742100654789
39.49066432739552,6.688632100654786
39.571554327395525,6.7695221006547825
39.571554327395525,6.850412100654793
39.65244432739552,6.93130210065479
39.65244432739552,7.0121921006547865
39.65244432739552,7.093082100654783
39.733334327395525,7.173972100654794
39.733334327395525,7.25486210065479
39.733334327395525,7.335752100654787
39.81422432739552,7.416642100654784
39.81422432739552,7.49753210065478
39.81422432739552,7.578422100654791
39.895114327395525,7.6593121006547875
39.895114327395525,7.740202100654784
39.895114327395525,7.821092100654781
39.97600432739552,7.9019821006547915
39.97600432739552,7.982872100654788
39.97600432739552,8.063762100654785
40.056894327395526,8.144652100654781
40.056894327395526,8.225542100654792
40.056894327395526,8.306432100654789
40.13778432739552,8.387322100654785
40.13778432739552,8.468212100654782
40.13778432739552,8.549102100654792
40.218674327395526,8.629992100654789
40.218674327395526,8.710882100654786
40.218674327395526,8.791772100654782
40.218674327395526,8.872662100654793
40.29956432739552,8.95355210065479
40.29956432739552,9.034442100654786
40.29956432739552,9.115332100654783
40.380454327395526,9.196222100654794
40.380454327395526,9.27711210065479
40.380454327395526,9.358002100654787
40.380454327395526,9.438892100654783
40.380454327395526,9.519782100654794
40.380454327395526,9.60067210065479
40.380454327395526,9.681562100654787
40.380454327395526,9.762452100654784
40.46134432739552,9.84334210065478
40.46134432739552,9.924232100654791
40.46134432739552,10.005122100654788
40.46134432739552,10.086012100654784
40.46134432739552,10.16690210065478
40.46134432739552,10.247792100654792
40.46134432739552,10.328682100654788
40.46134432739552,10.409572100654785
40.46134432739552,10.490462100654781
40.46134432739552,10.571352100654792
40.46134432739552,10.652242100654789
40.46134432739552,10.733132100654785
40.46134432739552,10.814022100654782
40.46134432739552,10.894912100654793
40.46134432739552,10.97580210065479
40.46134432739552,11.056692100654786
40.46134432739552,11.137582100654782
40.46134432739552,11.218472100654793
40.380454327395526,11.29936210065479
40.380454327395526,11.380252100654786
40.380454327395526,11.461142100654783
40.380454327395526,11.542032100654794
40.380454327395526,11.62292210065479
40.380454327395526,11.703812100654787
40.380454327395526,11.784702100654783
40.29956432739552,11.865592100654794
40.29956432739552,11.94648210065479
40.29956432739552,12.027372100654787
40.218674327395526,12.108262100654784
40.218674327395526,12.18915210065478
40.218674327395526,12.270042100654791
40.13778432739552,12.350932100654788
40.13778432739552,12.431822100654784
40.13778432739552,12.512712100654781
40.056894327395526,12.593602100654792
40.056894327395526,12.674492100654788
40.056894327395526,12.755382100654785
39.97600432739552,12.836272100654782
39.97600432739552,12.917162100654792
39.895114327395525,12.998052100654789
39.895114327395525,13.078942100654785
39.81422432739552,13.159832100654782
39.81422432739552,13.240722100654793
39.733334327395525,13.32161210065479
39.733334327395525,13.402502100654786
39.65244432739552,13.483392100654783
39.65244432739552,13.564282100654793
39.571554327395525,13.64517210065479
39.571554327395525,13.726062100654786
39.49066432739552,13.806952100654783
39.49066432739552,13.887842100654794
39.409774327395525,13.96873210065479
39.409774327395525,14.049622100654787
39.32888432739552,14.130512100654784
39.247994327395524,14.211402100654794
39.247994327395524,14.292292100654791
39.16710432739552,14.373182100654788
39.16710432739552,14.454072100654784
39.086214327395524,14.53496210065478
39.00532432739552,14.615852100654791
39.00532432739552,14.696742100654788
38.924434327395524,14.777632100654785
38.924434327395524,14.858522100654781
38.84354432739552,14.939412100654792
38.76265432739552,15.020302100654789
38.76265432739552,15.101192100654785
38.68176432739552,15.182082100654782
38.68176432739552,15.262972100654792
38.60087432739552,15.343862100654789
38.51998432739553,15.424752100654786
38.51998432739553,15.505642100654782
38.43909432739552,15.586532100654793
38.43909432739552,15.66742210065479
38.358204327395526,15.748312100654786
38.27731432739552,15.829202100654783
38.27731432739552,15.910092100654794
38.196424327395526,15.99098210065479
38.11553432739552,16.071872100654787
38.11553432739552,16.152762100654783
38.034644327395526,16.233652100654794
38.034644327395526,16.31454210065479
37.95375432739552,16.395432100654787
37.872864327395526,16.476322100654784
37.872864327395526,16.557212100654795
37.79197432739552,16.63810210065479
37.79197432739552,16.718992100654788
37.711084327395525,16.799882100654784
37.63019432739552,16.88077210065478
37.63019432739552,16.96166210065479
37.549304327395525,17.042552100654788
37.549304327395525,17.123442100654785
37.46841432739552,17.20433210065478
37.387524327395525,17.285222100654792
37.387524327395525,17.36611210065479
37.30663432739552,17.447002100654785
37.30663432739552,17.527892100654782
37.225744327395525,17.608782100654793
37.14485432739552,17.68967210065479
37.14485432739552,17.770562100654786
37.063964327395524,17.851452100654782
37.063964327395524,17.932342100654793
36.98307432739552,18.01323210065479
36.902184327395524,18.094122100654786
36.902184327395524,18.175012100654783
36.82129432739552,18.255902100654794
36.82129432739552,18.33679210065479
36.740404327395524,18.417682100654787
36.740404327395524,18.498572100654783
36.65951432739552,18.579462100654794
36.578624327395524,18.66035210065479
36.578624327395524,18.741242100654787
36.49773432739552,18.822132100654784
36.49773432739552,18.903022100654795
36.41684432739552,18.98391210065479
36.33595432739552,19.064802100654788
36.33595432739552,19.145692100654784
36.25506432739552,19.22658210065478
36.25506432739552,19.307472100654792
36.17417432739553,19.38836210065479
36.09328432739552,19.469252100654785
36.09328432739552,19.55014210065478
36.012394327395526,19.631032100654792
36.012394327395526,19.71192210065479
35.93150432739552,19.792812100654785
35.850614327395526,19.873702100654782
35.850614327395526,19.954592100654793
35.76972432739552,20.03548210065479
35.76972432739552,20.116372100654786
35.688834327395526,20.197262100654783
35.60794432739552,20.278152100654793
35.60794432739552,20.35904210065479
35.527054327395525,20.439932100654786
35.527054327395525,20.520822100654783
35.44616432739552,20.601712100654794
35.365274327395525,20.68260210065479
35.365274327395525,20.763492100654787
35.28438432739552,20.844382100654784
35.28438432739552,20.925272100654794
35.203494327395525,21.00616210065479
35.12260432739552,21.087052100654788
35.12260432739552,21.167942100654784
35.041714327395525,21.24883210065478
35.041714327395525,21.32972210065479
34.96082432739552,21.410612100654788
34.879934327395524,21.491502100654785
34.879934327395524,21.57239210065478
34.79904432739552,21.653282100654792
34.79904432739552,21.73417210065479
34.718154327395524,21.815062100654785
34.63726432739552,21.89595210065478
34.63726432739552,21.976842100654792
34.556374327395524,22.05773210065479
34.556374327395524,22.138622100654786
34.47548432739552,22.219512100654782
34.47548432739552,22.300402100654793
34.394594327395524,22.38129210065479
34.31370432739552,22.462182100654786
34.31370432739552,22.543072100654783
34.23281432739552,22.623962100654794
34.23281432739552,22.70485210065479
34.15192432739552,22.785742100654787
34.15192432739552,22.866632100654783
34.07103432739552,22.947522100654794
33.99014432739552,23.02841210065479
33.99014432739552,23.109302100654787
33.90925432739552,23.190192100654784
33.90925432739552,23.271082100654795
33.828364327395526,23.35197210065479
33.74747432739552,23.432862100654788
33.74747432739552,23.513752100654784
33.666584327395526,23.59464210065478
33.666584327395526,23.67553210065479
33.58569432739552,23.756422100654788
33.58569432739552,23.837312100654785
33.504804327395526,23.91820210065478
33.504804327395526,23.999092100654792
33.42391432739552,24.07998210065479
33.42391432739552,24.160872100654785
33.343024327395526,24.241762100654782
33.343024327395526,24.322652100654793
33.343024327395526,24.40354210065479
33.26213432739552,24.484432100654786
33.26213432739552,24.565322100654782
33.26213432739552,24.646212100654793
33.26213432739552,24.72710210065479
33.26213432739552,24.807992100654786
33.181244327395525,24.888882100654783
33.181244327395525,24.969772100654794
33.181244327395525,25.05066210065479
33.181244327395525,25.131552100654787
33.181244327395525,25.212442100654783
33.181244327395525,25.293332100654794
33.181244327395525,25.37422210065479
33.181244327395525,25.455112100654787
33.181244327395525,25.536002100654784
33.26213432739552,25.616892100654795
33.26213432739552,25.69778210065479
33.26213432739552,25.778672100654788
33.343024327395526,25.859562100654784
33.42391432739552,25.94045210065478
33.504804327395526,26.021342100654792
33.58569432739552,26.10223210065479
33.666584327395526,26.10223210065479
33.74747432739552,26.10223210065479
33.828364327395526,26.10223210065479
33.90925432739552,26.183122100654785
33.99014432739552,26.183122100654785
34.07103432739552,26.183122100654785
34.15192432739552,26.183122100654785
34.23281432739552,26.183122100654785
34.31370432739552,26.183122100654785
34.394594327395524,26.183122100654785
34.47548432739552,26.26401210065478
34.556374327395524,26.183122100654785
34.63726432739552,26.183122100654785
34.718154327395524,26.183122100654785
34.79904432739552,26.183122100654785
34.879934327395524,26.183122100654785
34.96082432739552,26.183122100654785
35.041714327395525,26.183122100654785
35.12260432739552,26.183122100654785
35.203494327395525,26.183122100654785
35.28438432739552,26.183122100654785
35.365274327395525,26.183122100654785
35.44616432739552,26.183122100654785
35.527054327395525,26.183122100654785
35.60794432739552,26.183122100654785
35.688834327395526,26.183122100654785
35.76972432739552,26.10223210065479
35.850614327395526,26.10223210065479
35.93150432739552,26.10223210065479
36.012394327395526,26.10223210065479
36.09328432739552,26.10223210065479
36.17417432739553,26.10223210065479
36.25506432739552,26.021342100654792
36.33595432739552,26.021342100654792
36.41684432739552,26.021342100654792
36.49773432739552,26.021342100654792
36.578624327395524,25.94045210065478
36.65951432739552,25.94045210065478
36.740404327395524,25.94045210065478
36.82129432739552,25.94045210065478
36.902184327395524,25.859562100654784
36.98307432739552,25.859562100654784
37.063964327395524,25.859562100654784
37.14485432739552,25.859562100654784
37.225744327395525,25.859562100654784
37.30663432739552,25.778672100654788
37.387524327395525,25.778672100654788
37.46841432739552,25.69778210065479
37.549304327395525,25.69778210065479
37.63019432739552,25.616892100654795
37.711084327395525,25.616892100654795
37.79197432739552,25.536002100654784
37.872864327395526,25.536002100654784
37.95375432739552,25.536002100654784
38.034644327395526,25.455112100654787
38.11553432739552,25.37422210065479
38.196424327395526,25.37422210065479
38.27731432739552,25.293332100654794
38.358204327395526,25.293332100654794
38.43909432739552,25.212442100654783
38.43909432739552,25.131552100654787
38.51998432739553,25.05066210065479
38.60087432739552,24.969772100654794
38.68176432739552,24.969772100654794
38.76265432739552,24.888882100654783
38.76265432739552,24.807992100654786
38.84354432739552,24.72710210065479
38.924434327395524,24.72710210065479
39.00532432739552,24.646212100654793
39.00532432739552,24.565322100654782
39.086214327395524,24.484432100654786
39.16710432739552,24.40354210065479
39.247994327395524,24.40354210065479
39.32888432739552,24.322652100654793
39.32888432739552,24.241762100654782
39.409774327395525,24.160872100654785
39.49066432739552,24.160872100654785
39.571554327395525,24.07998210065479
39.571554327395525,23.999092100654792
39.65244432739552,23.91820210065478
39.733334327395525,23.837312100654785
39.81422432739552,23.756422100654788
39.81422432739552,23.67553210065479
39.895114327395525,23.59464210065478
39.97600432739552,23.59464210065478
40.056894327395526,23.513752100654784
40.056894327395526,23.432862100654788
40.13778432739552,23.35197210065479
40.218674327395526,23.35197210065479
40.29956432739552,23.271082100654795
40.29956432739552,23.190192100654784
40.380454327395526,23.109302100654787
40.46134432739552,23.109302100654787
40.542234327395526,23.02841210065479
40.542234327395526,22.947522100654794
40.62312432739552,22.866632100654783
40.70401432739553,22.785742100654787
40.78490432739552,22.785742100654787
40.86579432739552,22.70485210065479
40.86579432739552,22.623962100654794
40.94668432739552,22.543072100654783
41.02757432739552,22.462182100654786
41.108464327395524,22.38129210065479
41.108464327395524,22.300402100654793
41.18935432739552,22.219512100654782
41.270244327395524,22.138622100654786
41.270244327395524,22.05773210065479
41.35113432739552,21.976842100654792
41.35113432739552,21.89595210065478
41.432024327395524,21.815062100654785
41.51291432739552,21.73417210065479
41.51291432739552,21.653282100654792
41.593804327395524,21.57239210065478
41.593804327395524,21.491502100654785
41.67469432739552,21.410612100654788
41.67469432739552,21.32972210065479
41.67469432739552,21.24883210065478
41.755584327395525,21.167942100654784
41.755584327395525,21.087052100654788
41.83647432739552,21.00616210065479
41.83647432739552,20.925272100654794
41.917364327395525,20.844382100654784
41.917364327395525,20.763492100654787
41.917364327395525,20.68260210065479
41.99825432739552,20.601712100654794
41.99825432739552,20.520822100654783
42.079144327395525,20.439932100654786
42.079144327395525,20.35904210065479
42.079144327395525,20.278152100654793
42.16003432739552,20.197262100654783
42.16003432739552,20.116372100654786
42.16003432739552,20.03548210065479
42.240924327395525,19.954592100654793
42.240924327395525,19.873702100654782
42.240924327395525,19.792812100654785
42.32181432739552,19.71192210065479
42.32181432739552,19.631032100654792
42.402704327395526,19.55014210065478
42.402704327395526,19.469252100654785
42.402704327395526,19.38836210065479
42.48359432739552,19.307472100654792
42.48359432739552,19.22658210065478
42.48359432739552,19.145692100654784
42.564484327395526,19.064802100654788
42.564484327395526,18.98391210065479
42.64537432739552,18.903022100654795
42.64537432739552,18.822132100654784
42.726264327395526,18.741242100654787
42.726264327395526,18.66035210065479
42.80715432739552,18.579462100654794
42.80715432739552,18.498572100654783
42.80715432739552,18.417682100654787
42.88804432739552,18.33679210065479
42.96893432739553,18.255902100654794
43.04982432739553,18.175012100654783
43.13071432739552,18.094122100654786
43.13071432739552,18.01323210065479
43.21160432739552,17.932342100654793
43.29249432739552,17.932342100654793
43.37338432739553,17.851452100654782
43.454274327395524,17.770562100654786
43.53516432739552,17.770562100654786
43.61605432739552,17.68967210065479
43.69694432739553,17.68967210065479
43.777834327395524,17.608782100654793
43.85872432739552,17.608782100654793
43.93961432739552,17.608782100654793
44.02050432739553,17.527892100654782
44.101394327395525,17.527892100654782
44.18228432739552,17.527892100654782
44.26317432739552,17.447002100654785
44.34406432739553,17.447002100654785
44.424954327395525,17.447002100654785
44.50584432739552,17.447002100654785
44.58673432739552,17.447002100654785
44.66762432739553,17.447002100654785
44.748514327395526,17.36611210065479
44.82940432739552,17.36611210065479
44.91029432739552,17.36611210065479
44.99118432739553,17.36611210065479
45.072074327395526,17.36611210065479
45.15296432739552,17.36611210065479
45.23385432739552,17.285222100654792
45.31474432739553,17.285222100654792
45.39563432739553,17.285222100654792
45.47652432739552,17.285222100654792
45.55741432739552,17.285222100654792
45.63830432739552,17.285222100654792
45.71919432739553,17.285222100654792
45.800084327395524,17.285222100654792
45.88097432739552,17.285222100654792
45.96186432739552,17.285222100654792
46.04275432739553,17.285222100654792
46.123644327395525,17.285222100654792
46.20453432739552,17.285222100654792
46.28542432739552,17.285222100654792
46.36631432739553,17.285222100654792
46.447204327395525,17.285222100654792
46.52809432739552,17.285222100654792
46.60898432739552,17.285222100654792
46.68987432739553,17.285222100654792
46.770764327395526,17.20433210065478
46.85165432739552,17.20433210065478
46.93254432739552,17.20433210065478
47.01343432739553,17.20433210065478
47.094324327395526,17.20433210065478
47.17521432739552,17.20433210065478
47.25610432739552,17.20433210065478
47.33699432739553,17.20433210065478
47.41788432739553,17.20433210065478
47.49877432739552,17.20433210065478
47.57966432739552,17.20433210065478
47.66055432739553,17.123442100654785
47.74144432739553,17.123442100654785
47.822334327395524,17.123442100654785
47.90322432739552,17.123442100654785
47.98411432739552,17.123442100654785
48.06500432739553,17.123442100654785
48.145894327395524,17.123442100654785
48.22678432739552,17.123442100654785
48.30767432739552,17.123442100654785
48.38856432739553,17.123442100654785
48.469454327395525,17.123442100654785
48.55034432739552,17.123442100654785
48.63123432739552,17.123442100654785
48.71212432739553,17.123442100654785
48.793014327395525,17.123442100654785
48.87390432739552,17.123442100654785
48.95479432739552,17.20433210065478
49.03568432739553,17.20433210065478
49.116574327395526,17.20433210065478
49.19746432739552,17.20433210065478
49.27835432739552,17.20433210065478
49.35924432739553,17.285222100654792
49.440134327395526,17.285222100654792
49.52102432739552,17.285222100654792
49.60191432739552,17.285222100654792
49.68280432739553,17.36611210065479
49.76369432739553,17.36611210065479
49.84458432739552,17.447002100654785
49.92547432739552,17.527892100654782
50.00636432739553,17.527892100654782
50.08725432739553,17.608782100654793
50.08725432739553,17.68967210065479
50.168144327395524,17.770562100654786
50.168144327395524,17.851452100654782
50.24903432739552,17.932342100654793
50.24903432739552,18.01323210065479
50.24903432739552,18.094122100654786
50.32992432739552,18.175012100654783
50.32992432739552,18.255902100654794
50.32992432739552,18.33679210065479
50.32992432739552,18.417682100654787
50.32992432739552,18.498572100654783
50.32992432739552,18.579462100654794
50.41081432739553,18.66035210065479
50.41081432739553,18.741242100654787
50.41081432739553,18.822132100654784
50.41081432739553,18.903022100654795
50.32992432739552,18.98391210065479
50.32992432739552,19.064802100654788
50.32992432739552,19.145692100654784
50.32992432739552,19.22658210065478
50.32992432739552,19.307472100654792
50.32992432739552,19.38836210065479
50.24903432739552,19.469252100654785
50.24903432739552,19.55014210065478
50.24903432739552,19.631032100654792
50.24903432739552,19.71192210065479
50.168144327395524,19.792812100654785
50.168144327395524,19.873702100654782
50.08725432739553,19.954592100654793
50.08725432739553,20.03548210065479
50.00636432739553,20.116372100654786
49.92547432739552,20.197262100654783
49.92547432739552,20.278152100654793
49.84458432739552,20.35904210065479
49.84458432739552,20.439932100654786
49.76369432739553,20.520822100654783
49.68280432739553,20.601712100654794
49.68280432739553,20.68260210065479
49.60191432739552,20.763492100654787
49.52102432739552,20.844382100654784
49.52102432739552,20.925272100654794
49.440134327395526,21.00616210065479
49.440134327395526,21.087052100654788
49.35924432739553,21.167942100654784
49.27835432739552,21.24883210065478
49.27835432739552,21.32972210065479
49.19746432739552,21.410612100654788
49.116574327395526,21.491502100654785
49.116574327395526,21.57239210065478
49.03568432739553,21.653282100654792
49.03568432739553,21.73417210065479
48.95479432739552,21.815062100654785
48.87390432739552,21.89595210065478
48.87390432739552,21.976842100654792
48.793014327395525,22.05773210065479
48.71212432739553,22.138622100654786
48.71212432739553,22.219512100654782
48.63123432739552,22.300402100654793
48.63123432739552,22.38129210065479
48.55034432739552,22.462182100654786
48.469454327395525,22.543072100654783
48.38856432739553,22.623962100654794
48.38856432739553,22.70485210065479
48.30767432739552,22.785742100654787
48.30767432739552,22.866632100654783
48.22678432739552,22.947522100654794
48.145894327395524,23.02841210065479
48.145894327395524,23.109302100654787
48.06500432739553,23.190192100654784
47.98411432739552,23.271082100654795
47.98411432739552,23.35197210065479
47.90322432739552,23.432862100654788
47.822334327395524,23.513752100654784
47.822334327395524,23.59464210065478
47.74144432739553,23.67553210065479
47.66055432739553,23.756422100654788
47.66055432739553,23.837312100654785
47.57966432739552,23.91820210065478
47.49877432739552,23.999092100654792
47.49877432739552,24.07998210065479
47.41788432739553,24.160872100654785
47.33699432739553,24.241762100654782
47.25610432739552,24.322652100654793
47.25610432739552,24.40354210065479
47.17521432739552,24.484432100654786
47.094324327395526,24.565322100654782
47.094324327395526,24.646212100654793
47.01343432739553,24.72710210065479
46.93254432739552,24.807992100654786
46.93254432739552,24.888882100654783
46.85165432739552,24.969772100654794
46.770764327395526,25.05066210065479
46.68987432739553,25.131552100654787
46.68987432739553,25.212442100654783
46.60898432739552,25.293332100654794
46.52809432739552,25.37422210065479
46.52809432739552,25.455112100654787
46.447204327395525,25.536002100654784
46.36631432739553,25.616892100654795
46.28542432739552,25.69778210065479
46.20453432739552,25.778672100654788
46.123644327395525,25.859562100654784
46.123644327395525,25.94045210065478
46.04275432739553,26.021342100654792
45.96186432739552,26.10223210065479
45.96186432739552,26.183122100654785
45.88097432739552,26.26401210065478
45.800084327395524,26.344902100654792
45.71919432739553,26.42579210065479
45.71919432739553,26.506682100654785
45.63830432739552,26.587572100654782
45.55741432739552,26.668462100654793
45.47652432739552,26.74935210065479
45.39563432739553,26.830242100654786
45.39563432739553,26.911132100654783
45.31474432739553,26.992022100654793
45.31474432739553,27.07291210065479
45.23385432739552,27.153802100654786
45.15296432739552,27.234692100654783
45.072074327395526,27.315582100654794
44.99118432739553,27.39647210065479
44.91029432739552,27.477362100654787
44.82940432739552,27.558252100654784
44.748514327395526,27.639142100654794
44.748514327395526,27.72003210065479
44.66762432739553,27.800922100654788
44.66762432739553,27.881812100654784
44.58673432739552,27.962702100654795
44.50584432739552,28.04359210065479
44.424954327395525,28.124482100654788
44.34406432739553,28.205372100654785
44.26317432739552,28.28626210065478
44.18228432739552,28.367152100654792
44.101394327395525,28.44804210065479
44.02050432739553,28.528932100654785
44.02050432739553,28.60982210065478
44.02050432739553,28.690712100654792
43.93961432739552,28.77160210065479
43.85872432739552,28.852492100654786
43.777834327395524,28.852492100654786
43.69694432739553,28.933382100654782
43.69694432739553,29.014272100654793
43.69694432739553,29.09516210065479
43.61605432739552,29.176052100654786
43.53516432739552,29.176052100654786
43.454274327395524,29.256942100654783
43.37338432739553,29.337832100654794
43.37338432739553,29.41872210065479
43.37338432739553,29.499612100654787
43.29249432739552,29.580502100654783
43.21160432739552,29.580502100654783
43.13071432739552,29.661392100654794
43.13071432739552,29.74228210065479
43.04982432739553,29.823172100654787
42.96893432739553,29.904062100654784
42.96893432739553,29.984952100654795
42.88804432739552,30.06584210065479
42.80715432739552,30.146732100654788
42.726264327395526,30.227622100654784
42.64537432739552,30.308512100654795
42.564484327395526,30.38940210065479
42.564484327395526,30.470292100654788
42.48359432739552,30.551182100654785
42.402704327395526,30.63207210065478
42.402704327395526,30.712962100654792
42.32181432739552,30.79385210065479
42.240924327395525,30.874742100654785
42.16003432739552,30.955632100654782
42.16003432739552,31.036522100654793
42.079144327395525,31.11741210065479
42.079144327395525,31.198302100654786
42.079144327395525,31.279192100654782
41.99825432739552,31.360082100654793
41.99825432739552,31.44097210065479
41.99825432739552,31.521862100654786
41.99825432739552,31.602752100654783
41.917364327395525,31.683642100654794
41.917364327395525,31.76453210065479
41.917364327395525,31.845422100654787
41.917364327395525,31.926312100654783
41.917364327395525,32.007202100654794
41.917364327395525,32.08809210065479
41.917364327395525,32.16898210065479
41.917364327395525,32.249872100654784
41.99825432739552,32.330762100654795
41.99825432739552,32.41165210065479
41.99825432739552,32.49254210065479
42.079144327395525,32.573432100654784
42.079144327395525,32.654322100654795
42.079144327395525,32.73521210065479
42.16003432739552,32.81610210065479
42.240924327395525,32.896992100654785
42.32181432739552,32.896992100654785
42.402704327395526,32.896992100654785
42.48359432739552,32.97788210065478
42.564484327395526,32.97788210065478
42.64537432739552,33.05877210065479
42.726264327395526,33.05877210065479
42.80715432739552,33.05877210065479
42.88804432739552,33.05877210065479
42.96893432739553,33.13966210065479
43.04982432739553,33.13966210065479
43.13071432739552,33.13966210065479
43.21160432739552,33.220552100654785
43.29249432739552,33.220552100654785
43.37338432739553,33.220552100654785
43.454274327395524,33.220552100654785
43.53516432739552,33.220552100654785
43.61605432739552,33.30144210065478
43.69694432739553,33.30144210065478
43.777834327395524,33.30144210065478
43.85872432739552,33.30144210065478
43.93961432739552,33.30144210065478
44.02050432739553,33.30144210065478
44.101394327395525,33.30144210065478
44.18228432739552,33.30144210065478
44.26317432739552,33.30144210065478
44.34406432739553,33.38233210065479
44.424954327395525,33.38233210065479
44.50584432739552,33.38233210065479
44.58673432739552,33.38233210065479
44.66762432739553,33.38233210065479
44.748514327395526,33.38233210065479
44.82940432739552,33.38233210065479
44.91029432739552,33.38233210065479
44.99118432739553,33.38233210065479
45.072074327395526,33.38233210065479
45.15296432739552,33.46322210065479
45.23385432739552,33.46322210065479
45.31474432739553,33.46322210065479
45.39563432739553,33.46322210065479
45.47652432739552,33.46322210065479
45.55741432739552,33.46322210065479
45.63830432739552,33.46322210065479
45.71919432739553,33.46322210065479
45.800084327395524,33.544112100654786
45.88097432739552,33.544112100654786
45.96186432739552,33.544112100654786
46.04275432739553,33.544112100654786
46.123644327395525,33.544112100654786
46.20453432739552,33.544112100654786
46.28542432739552,33.544112100654786
46.36631432739553,33.544112100654786
46.447204327395525,33.544112100654786
46.52809432739552,33.62500210065478
46.60898432739552,33.62500210065478
46.68987432739553,33.62500210065478
46.770764327395526,33.62500210065478
46.85165432739552,33.62500210065478
46.93254432739552,33.62500210065478
47.01343432739553,33.62500210065478
47.094324327395526,33.62500210065478
47.17521432739552,33.70589210065479
47.25610432739552,33.70589210065479
47.33699432739553,33.70589210065479
47.41788432739553,33.70589210065479
47.49877432739552,33.70589210065479
47.57966432739552,33.70589210065479
47.66055432739553,33.70589210065479
47.74144432739553,33.70589210065479
47.822334327395524,33.78678210065479
47.90322432739552,33.78678210065479
47.98411432739552,33.78678210065479
48.06500432739553,33.78678210065479
48.145894327395524,33.78678210065479
48.22678432739552,33.78678210065479
48.30767432739552,33.78678210065479
48.38856432739553,33.78678210065479
48.469454327395525,33.78678210065479
48.55034432739552,33.86767210065479
48.63123432739552,33.86767210065479
48.71212432739553,33.86767210065479
48.793014327395525,33.86767210065479
48.87390432739552,33.86767210065479
48.95479432739552,33.86767210065479
49.03568432739553,33.86767210065479
49.116574327395526,33.86767210065479
49.19746432739552,33.94856210065478
49.27835432739552,33.94856210065478
49.35924432739553,33.94856210065478
49.440134327395526,33.94856210065478
49.52102432739552,33.94856210065478
49.60191432739552,33.94856210065478
49.68280432739553,33.94856210065478
49.76369432739553,33.94856210065478
49.84458432739552,33.94856210065478
49.92547432739552,34.029452100654794
50.00636432739553,34.029452100654794
50.08725432739553,34.029452100654794
50.168144327395524,34.029452100654794
50.24903432739552,34.029452100654794
50.32992432739552,34.029452100654794
50.41081432739553,34.029452100654794
50.491704327395524,34.029452100654794
50.57259432739552,34.11034210065479
50.65348432739552,34.11034210065479
50.73437432739553,34.11034210065479
50.815264327395525,34.11034210065479
50.89615432739552,34.11034210065479
50.97704432739552,34.11034210065479
51.05793432739553,34.11034210065479
51.138824327395525,34.11034210065479
51.21971432739552,34.19123210065479
51.30060432739552,34.19123210065479
51.38149432739553,34.19123210065479
51.462384327395526,34.19123210065479
51.54327432739552,34.19123210065479
51.62416432739552,34.19123210065479
51.70505432739553,34.19123210065479
51.785944327395526,34.19123210065479
51.86683432739552,34.19123210065479
51.94772432739552,34.272122100654784
52.02861432739553,34.272122100654784
52.10950432739553,34.272122100654784
52.19039432739552,34.272122100654784
52.27128432739552,34.272122100654784
52.35217432739553,34.272122100654784
52.43306432739553,34.272122100654784
52.513954327395524,34.272122100654784
52.59484432739552,34.353012100654794
52.67573432739552,34.353012100654794
52.75662432739553,34.353012100654794
52.837514327395525,34.353012100654794
52.91840432739552,34.353012100654794
52.99929432739552,34.353012100654794
53.08018432739553,34.353012100654794
53.161074327395525,34.353012100654794
53.24196432739552,34.353012100654794
53.32285432739552,34.43390210065479
53.40374432739553,34.43390210065479
53.484634327395526,34.43390210065479
53.56552432739552,34.43390210065479
53.64641432739552,34.43390210065479
53.72730432739553,34.43390210065479
53.808194327395526,34.43390210065479
53.88908432739552,34.51479210065479
53.96997432739552,34.51479210065479
54.05086432739553,34.51479210065479
54.13175432739553,34.51479210065479
54.21264432739552,34.51479210065479
54.29353432739552,34.51479210065479
54.37442432739553,34.51479210065479
54.45531432739553,34.51479210065479
54.536204327395524,34.595682100654784
54.61709432739552,34.595682100654784
54.69798432739552,34.595682100654784
54.77887432739553,34.595682100654784
54.859764327395524,34.595682100654784
54.94065432739552,34.595682100654784
55.02154432739552,34.595682100654784
55.10243432739553,34.595682100654784
55.183324327395525,34.676572100654795
55.26421432739552,34.676572100654795
55.34510432739552,34.676572100654795
55.42599432739553,34.676572100654795
55.506884327395525,34.676572100654795
55.58777432739552,34.676572100654795
55.66866432739552,34.676572100654795
55.74955432739553,34.676572100654795
55.830444327395526,34.75746210065479
55.91133432739552,34.75746210065479
55.99222432739552,34.75746210065479
56.07311432739553,34.75746210065479
56.154004327395526,34.75746210065479
56.23489432739552,34.75746210065479
56.31578432739552,34.75746210065479
56.39667432739553,34.75746210065479
56.47756432739553,34.83835210065479
56.55845432739552,34.83835210065479
56.63934432739552,34.83835210065479
56.72023432739553,34.83835210065479
56.80112432739553,34.83835210065479
56.882014327395524,34.83835210065479
56.96290432739552,34.83835210065479
57.04379432739552,34.83835210065479
57.12468432739553,34.919242100654785
57.205574327395524,34.919242100654785
57.28646432739552,34.919242100654785
57.36735432739552,34.919242100654785
57.44824432739553,34.919242100654785
57.529134327395525,34.919242100654785
57.61002432739552,34.919242100654785
57.69091432739552,34.919242100654785
57.77180432739553,35.000132100654795
57.852694327395525,35.000132100654795
57.93358432739552,35.000132100654795
58.01447432739552,35.000132100654795
58.09536432739553,35.000132100654795
58.176254327395526,35.000132100654795
58.25714432739552,35.000132100654795
58.33803432739552,35.000132100654795
58.41892432739553,35.08102210065479
58.49981432739553,35.08102210065479
58.58070432739552,35.08102210065479
58.66159432739552,35.08102210065479
58.74248432739553,35.08102210065479
58.82337432739553,35.08102210065479
58.90426432739552,35.08102210065479
58.98515432739552,35.08102210065479
59.06604432739553,35.16191210065479
59.14693432739553,35.16191210065479
59.227824327395524,35.16191210065479
59.30871432739552,35.16191210065479
59.38960432739552,35.16191210065479
59.47049432739553,35.16191210065479
59.551384327395525,35.16191210065479
59.63227432739552,35.16191210065479
59.71316432739552,35.242802100654785
59.79405432739553,35.242802100654785
59.874944327395525,35.242802100654785
59.95583432739552,35.242802100654785
60.03672432739552,35.242802100654785
60.11761432739553,35.242802100654785
60.198504327395526,35.242802100654785
60.27939432739552,35.242802100654785
60.36028432739552,35.32369210065478
60.44117432739553,35.32369210065478
60.522064327395526,35.32369210065478
60.60295432739552,35.32369210065478
60.68384432739552,35.32369210065478
60.76473432739553,35.32369210065478
60.84562432739553,35.32369210065478
60.92651432739552,35.32369210065478
61.00740432739552,35.40458210065479
61.08829432739553,35.40458210065479
61.16918432739553,35.40458210065479
61.250074327395524,35.40458210065479
61.33096432739552,35.40458210065479
61.41185432739553,35.40458210065479
61.49274432739553,35.40458210065479
61.573634327395524,35.40458210065479
61.65452432739552,35.48547210065479
61.73541432739552,35.48547210065479
61.81630432739553,35.48547210065479
61.897194327395525,35.48547210065479
61.97808432739552,35.48547210065479
62.05897432739552,35.48547210065479
62.13986432739553,35.48547210065479
62.220754327395525,35.48547210065479
62.30164432739552,35.566362100654786
62.38253432739552,35.566362100654786
62.46342432739553,35.566362100654786
62.544314327395526,35.566362100654786
62.62520432739552,35.566362100654786
62.70609432739552,35.566362100654786
62.78698432739553,35.566362100654786
62.867874327395526,35.566362100654786
62.94876432739552,35.64725210065478
63.02965432739552,35.64725210065478
63.11054432739553,35.64725210065478
63.19143432739553,35.64725210065478
63.27232432739552,35.64725210065478
63.35321432739552,35.64725210065478
63.43410432739553,35.64725210065478
63.51499432739553,35.64725210065478
63.595884327395524,35.72814210065479
63.67677432739552,35.72814210065479
63.75766432739553,35.72814210065479
63.83855432739553,35.72814210065479
63.919444327395524,35.72814210065479
64.00033432739552,35.72814210065479
64.08122432739552,35.72814210065479
64.16211432739553,35.72814210065479
64.24300432739552,35.80903210065479
64.32389432739552,35.80903210065479
64.40478432739552,35.80903210065479
64.48567432739553,35.80903210065479
64.56656432739553,35.80903210065479
64.64745432739552,35.80903210065479
64.72834432739552,35.80903210065479
64.80923432739553,35.80903210065479
64.89012432739553,35.889922100654786
64.97101432739552,35.889922100654786
65.05190432739552,35.889922100654786
65.13279432739553,35.889922100654786
65.21368432739553,35.889922100654786
65.29457432739552,35.889922100654786
65.37546432739552,35.889922100654786
65.45635432739553,35.97081210065478
65.53724432739553,35.97081210065478
65.61813432739552,35.97081210065478
65.69902432739552,35.97081210065478
65.77991432739553,35.97081210065478
65.86080432739553,35.97081210065478
65.94169432739552,35.97081210065478
66.02258432739552,35.97081210065478
66.10347432739553,36.05170210065479
66.18436432739553,36.05170210065479
66.26525432739552,36.05170210065479
66.34614432739552,36.05170210065479
66.42703432739552,36.05170210065479
66.50792432739553,36.05170210065479
66.58881432739553,36.05170210065479
66.66970432739552,36.13259210065479
66.75059432739552,36.13259210065479
66.83148432739553,36.13259210065479
66.91237432739553,36.13259210065479
66.99326432739552,36.13259210065479
67.07415432739552,36.13259210065479
67.15504432739553,36.13259210065479
67.23593432739553,36.13259210065479
67.31682432739552,36.21348210065479
67.39771432739552,36.21348210065479
67.47860432739553,36.21348210065479
67.55949432739553,36.21348210065479
67.64038432739552,36.21348210065479
67.72127432739552,36.21348210065479
67.80216432739553,36.29437210065478
67.88305432739553,36.29437210065478
67.96394432739552,36.29437210065478
68.04483432739552,36.29437210065478
68.12572432739553,36.29437210065478
68.20661432739553,36.29437210065478
68.28750432739552,36.29437210065478
68.36839432739552,36.29437210065478
68.44928432739553,36.375262100654794
68.53017432739553,36.375262100654794
68.61106432739552,36.375262100654794
68.69195432739552,36.375262100654794
68.77284432739552,36.375262100654794
68.85373432739553,36.375262100654794
68.93462432739553,36.375262100654794
69.01551432739552,36.45615210065479
69.09640432739552,36.45615210065479
69.17729432739553,36.45615210065479
69.25818432739553,36.45615210065479
69.33907432739552,36.45615210065479
69.41996432739552,36.45615210065479
69.50085432739553,36.45615210065479
69.58174432739553,36.53704210065479
69.66263432739552,36.53704210065479
69.74352432739552,36.53704210065479
69.82441432739553,36.53704210065479
69.90530432739553,36.53704210065479
69.98619432739552,36.53704210065479
70.06708432739552,36.617932100654784
70.14797432739553,36.617932100654784
70.22886432739553,36.617932100654784
70.30975432739552,36.617932100654784
70.39064432739552,36.617932100654784
70.47153432739553,36.617932100654784
70.55242432739553,36.617932100654784
70.63331432739552,36.698822100654795
70.71420432739552,36.698822100654795
70.79509432739552,36.698822100654795
70.87598432739553,36.698822100654795
70.95687432739552,36.698822100654795
71.03776432739552,36.698822100654795
71.11865432739552,36.698822100654795
71.19954432739553,36.77971210065479
71.28043432739553,36.77971210065479
71.36132432739552,36.77971210065479
71.44221432739552,36.77971210065479
71.52310432739553,36.77971210065479
71.60399432739553,36.77971210065479
71.68488432739552,36.86060210065479
71.76577432739552,36.86060210065479
71.84666432739553,36.86060210065479
71.92755432739553,36.86060210065479
72.00844432739552,36.86060210065479
72.08933432739552,36.86060210065479
72.17022432739553,36.86060210065479
72.25111432739553,36.941492100654784
72.33200432739552,36.941492100654784
72.41289432739552,36.941492100654784
72.49378432739553,36.941492100654784
72.57467432739553,36.941492100654784
72.65556432739552,36.941492100654784
72.73645432739552,37.022382100654795
72.81734432739553,37.022382100654795
72.89823432739553,37.022382100654795
72.97912432739552,37.022382100654795
73.06001432739552,37.022382100654795
73.14090432739552,37.022382100654795
73.22179432739553,37.022382100654795
73.30268432739553,37.10327210065479
73.38357432739552,37.10327210065479
73.46446432739552,37.10327210065479
73.54535432739553,37.10327210065479
73.62624432739553,37.10327210065479
73.70713432739552,37.10327210065479
73.78802432739552,37.18416210065479
73.86891432739553,37.18416210065479
73.94980432739553,37.18416210065479
74.03069432739552,37.18416210065479
74.11158432739552,37.18416210065479
74.19247432739553,37.18416210065479
74.27336432739553,37.265052100654785
74.35425432739552,37.265052100654785
74.43514432739552,37.265052100654785
74.51603432739553,37.265052100654785
74.59692432739553,37.265052100654785
74.67781432739552,37.265052100654785
74.75870432739552,37.34594210065478
74.83959432739553,37.34594210065478
74.92048432739553,37.34594210065478
75.00137432739552,37.34594210065478
75.08226432739552,37.34594210065478
75.16315432739553,37.34594210065478
75.24404432739553,37.42683210065479
75.32493432739552,37.42683210065479
75.40582432739552,37.42683210065479
75.48671432739552,37.42683210065479
75.56760432739553,37.42683210065479
75.64849432739553,37.42683210065479
75.72938432739552,37.50772210065479
75.81027432739552,37.50772210065479
75.89116432739553,37.50772210065479
75.97205432739553,37.50772210065479
76.05294432739552,37.50772210065479
76.13383432739552,37.50772210065479
76.21472432739553,37.588612100654785
76.29561432739553,37.588612100654785
76.37650432739552,37.588612100654785
76.45739432739552,37.588612100654785
76.53828432739553,37.588612100654785
76.61917432739553,37.588612100654785
76.70006432739552,37.66950210065478
76.78095432739552,37.66950210065478
76.86184432739553,37.66950210065478
76.94273432739553,37.66950210065478
77.02362432739552,37.66950210065478
77.10451432739552,37.66950210065478
77.18540432739553,37.75039210065479
77.26629432739553,37.75039210065479
77.34718432739552,37.75039210065479
77.42807432739552,37.75039210065479
77.50896432739553,37.75039210065479
77.58985432739553,37.75039210065479
77.67074432739552,37.83128210065479
77.75163432739552,37.83128210065479
77.83252432739552,37.83128210065479
77.91341432739553,37.83128210065479
77.99430432739553,37.83128210065479
78.07519432739552,37.83128210065479
78.15608432739552,37.912172100654786
78.23697432739553,37.912172100654786
78.31786432739553,37.912172100654786
78.39875432739552,37.912172100654786
78.47964432739552,37.912172100654786
78.56053432739553,37.99306210065478
78.64142432739553,37.99306210065478
78.72231432739552,37.99306210065478
78.80320432739552,37.99306210065478
78.88409432739553,37.99306210065478
78.96498432739553,37.99306210065478
79.04587432739552,38.07395210065479
79.12676432739552,38.07395210065479
79.20765432739553,38.07395210065479
79.28854432739553,38.07395210065479
79.36943432739552,38.07395210065479
79.45032432739552,38.07395210065479
79.53121432739553,38.15484210065479
79.61210432739553,38.15484210065479
79.69299432739552,38.15484210065479
79.77388432739552,38.15484210065479
79.85477432739553,38.15484210065479
79.93566432739553,38.235732100654786
80.01655432739553,38.235732100654786
80.09744432739552,38.235732100654786
80.17833432739552,38.235732100654786
80.25922432739553,38.235732100654786
80.34011432739553,38.235732100654786
80.42100432739552,38.31662210065478
80.50189432739552,38.31662210065478
80.58278432739553,38.31662210065478
80.66367432739553,38.31662210065478
80.74456432739552,38.31662210065478
80.82545432739552,38.397512100654794
80.90634432739553,38.397512100654794
80.98723432739553,38.397512100654794
81.06812432739552,38.397512100654794
81.14901432739552,38.397512100654794
81.22990432739553,38.397512100654794
81.31079432739553,38.47840210065479
81.39168432739552,38.47840210065479
81.47257432739552,38.47840210065479
81.55346432739553,38.47840210065479
81.63435432739553,38.47840210065479
81.71524432739552,38.55929210065479
81.79613432739552,38.55929210065479
81.87702432739553,38.55929210065479
81.95791432739553,38.55929210065479
82.03880432739552,38.55929210065479
82.11969432739552,38.64018210065478
82.20058432739553,38.64018210065478
82.28147432739553,38.64018210065478
82.36236432739553,38.64018210065478
82.44325432739552,38.64018210065478
82.52414432739552,38.64018210065478
82.60503432739553,38.721072100654794
82.68592432739553,38.721072100654794
82.76681432739552,38.721072100654794
82.84770432739552,38.721072100654794
82.92859432739553,38.721072100654794
83.00948432739553,38.80196210065479
83.09037432739552,38.80196210065479
83.17126432739552,38.80196210065479
83.25215432739553,38.80196210065479
83.33304432739553,38.80196210065479
83.41393432739552,38.88285210065479
83.49482432739552,38.88285210065479
83.57571432739553,38.88285210065479
83.65660432739553,38.88285210065479
83.73749432739552,38.88285210065479
83.81838432739552,38.963742100654784
83.89927432739553,38.963742100654784
83.98016432739553,38.963742100654784
84.06105432739552,38.963742100654784
84.14194432739552,38.963742100654784
84.22283432739553,39.044632100654795
84.30372432739553,39.044632100654795
84.38461432739552,39.044632100654795
84.46550432739552,39.044632100654795
84.54639432739553,39.044632100654795
84.62728432739553,39.12552210065479
84.70817432739553,39.12552210065479
84.78906432739552,39.12552210065479
84.86995432739552,39.12552210065479
84.95084432739553,39.12552210065479
85.03173432739553,39.20641210065479
85.11262432739552,39.20641210065479
85.19351432739552,39.20641210065479
85.27440432739553,39.20641210065479
85.35529432739553,39.20641210065479
85.43618432739552,39.287302100654784
85.51707432739552,39.287302100654784
85.59796432739553,39.287302100654784
85.67885432739553,39.287302100654784
85.75974432739552,39.287302100654784
85.84063432739552,39.368192100654795
85.92152432739553,39.368192100654795
86.00241432739553,39.368192100654795
86.08330432739552,39.368192100654795
86.16419432739552,39.44908210065479
86.24508432739553,39.44908210065479
86.32597432739553,39.44908210065479
86.40686432739552,39.44908210065479
86.48775432739552,39.44908210065479
86.56864432739553,39.52997210065479
86.64953432739553,39.52997210065479
86.73042432739553,39.52997210065479
86.81131432739552,39.52997210065479
86.89220432739552,39.52997210065479
86.97309432739553,39.610862100654785
87.05398432739553,39.610862100654785
87.13487432739552,39.610862100654785
87.21576432739552,39.610862100654785
87.29665432739553,39.610862100654785
87.37754432739553,39.69175210065478
87.45843432739552,39.69175210065478
87.53932432739552,39.69175210065478
87.62021432739553,39.69175210065478
87.70110432739553,39.77264210065479
87.78199432739552,39.77264210065479
87.86288432739552,39.77264210065479
87.94377432739553,39.77264210065479
88.02466432739553,39.77264210065479
88.10555432739552,39.85353210065479
88.18644432739552,39.85353210065479
88.26733432739553,39.85353210065479
88.34822432739553,39.85353210065479
88.42911432739552,39.934422100654785
88.51000432739552,39.934422100654785
88.59089432739553,39.934422100654785
88.67178432739553,39.934422100654785
88.75267432739552,39.934422100654785
88.83356432739552,40.01531210065478
88.91445432739553,40.01531210065478
88.99534432739553,40.01531210065478
89.07623432739553,40.01531210065478
89.15712432739552,40.01531210065478
89.23801432739552,40.09620210065479
89.31890432739553,40.09620210065479
89.39979432739553,40.09620210065479
89.48068432739552,40.09620210065479
89.56157432739552,40.09620210065479
89.64246432739553,40.17709210065479
89.72335432739553,40.17709210065479
89.80424432739552,40.17709210065479
89.88513432739552,40.17709210065479
89.96602432739553,40.257982100654786
90.04691432739553,40.257982100654786
90.12780432739552,40.257982100654786
90.20869432739552,40.257982100654786
90.28958432739553,40.257982100654786
90.37047432739553,40.33887210065478
90.45136432739552,40.33887210065478
90.53225432739552,40.33887210065478
90.61314432739553,40.33887210065478
90.69403432739553,40.41976210065479
90.77492432739552,40.41976210065479
90.85581432739552,40.41976210065479
90.93670432739553,40.41976210065479
91.01759432739553,40.41976210065479
91.09848432739552,40.50065210065479
91.17937432739552,40.50065210065479
91.26026432739553,40.50065210065479
91.34115432739553,40.50065210065479
91.42204432739553,40.50065210065479
91.50293432739552,40.58154210065479
91.58382432739552,40.58154210065479
91.66471432739553,40.58154210065479
91.74560432739553,40.58154210065479
91.82649432739552,40.66243210065478
91.90738432739552,40.66243210065478
91.98827432739553,40.66243210065478
92.06916432739553,40.66243210065478
92.15005432739552,40.66243210065478
92.23094432739552,40.743322100654794
92.31183432739553,40.743322100654794
92.39272432739553,40.743322100654794
92.47361432739552,40.743322100654794
92.55450432739552,40.82421210065479
92.63539432739553,40.82421210065479
92.71628432739553,40.82421210065479
92.79717432739552,40.82421210065479
92.87806432739552,40.90510210065479
92.95895432739553,40.90510210065479
93.03984432739553,40.90510210065479
93.12073432739552,40.90510210065479
93.20162432739552,40.985992100654784
93.28251432739553,40.985992100654784
93.36340432739553,40.985992100654784
93.44429432739553,40.985992100654784
93.52518432739552,41.066882100654794
93.60607432739553,41.066882100654794
93.68696432739553,41.066882100654794
93.76785432739553,41.066882100654794
93.84874432739552,41.066882100654794
93.92963432739552,41.14777210065479
94.01052432739553,41.14777210065479
94.09141432739553,41.14777210065479
94.17230432739552,41.14777210065479
94.25319432739552,41.22866210065479
94.33408432739553,41.22866210065479
94.41497432739553,41.22866210065479
94.49586432739552,41.22866210065479
94.57675432739552,41.309552100654784
94.65764432739553,41.309552100654784
94.73853432739553,41.309552100654784
94.81942432739552,41.309552100654784
94.90031432739552,41.390442100654795
94.98120432739553,41.390442100654795
95.06209432739553,41.390442100654795
95.14298432739552,41.390442100654795
95.22387432739552,41.47133210065479
95.30476432739553,41.47133210065479
95.38565432739553,41.47133210065479
95.46654432739552,41.47133210065479
95.54743432739552,41.55222210065479
95.62832432739553,41.55222210065479
95.70921432739553,41.55222210065479
95.79010432739553,41.55222210065479
95.87099432739552,41.633112100654785
95.95188432739553,41.633112100654785
96.03277432739553,41.633112100654785
96.11366432739553,41.633112100654785
96.19455432739552,41.714002100654795
96.27544432739552,41.714002100654795
96.35633432739553,41.714002100654795
96.43722432739553,41.714002100654795
96.51811432739552,41.79489210065479
96.59900432739552,41.79489210065479
96.67989432739553,41.79489210065479
96.76078432739553,41.79489210065479
96.84167432739552,41.87578210065479
96.92256432739552,41.87578210065479
97.00345432739553,41.87578210065479
97.08434432739553,41.87578210065479
97.16523432739552,41.956672100654785
97.24612432739552,41.956672100654785
97.32701432739553,41.956672100654785
97.40790432739553,41.956672100654785
97.48879432739552,42.03756210065478
97.56968432739552,42.03756210065478
97.65057432739553,42.03756210065478
97.73146432739553,42.03756210065478
97.81235432739552,42.11845210065479
97.89324432739552,42.11845210065479
97.97413432739553,42.11845210065479
98.05502432739553,42.11845210065479
98.13591432739553,42.19934210065479
98.21680432739552,42.19934210065479
98.29769432739553,42.19934210065479
98.37858432739553,42.19934210065479
98.45947432739553,42.280232100654786
98.54036432739552,42.280232100654786
98.62125432739552,42.280232100654786
98.70214432739553,42.280232100654786
98.78303432739553,42.36112210065478
98.86392432739552,42.36112210065478
98.94481432739552,42.36112210065478
99.02570432739553,42.36112210065478
99.10659432739553,42.44201210065479
99.18748432739552,42.44201210065479
99.26837432739552,42.44201210065479
99.34926432739553,42.44201210065479
99.43015432739553,42.52290210065479
99.51104432739552,42.52290210065479
99.59193432739552,42.52290210065479
99.67282432739553,42.52290210065479
99.75371432739553,42.603792100654786
99.83460432739552,42.603792100654786
99.91549432739552,42.603792100654786
99.99638432739553,42.603792100654786
100.07727432739553,42.68468210065478
100.15816432739553,42.68468210065478
100.23905432739552,42.68468210065478
100.31994432739553,42.68468210065478
100.40083432739553,42.76557210065479
100.48172432739553,42.76557210065479
100.56261432739552,42.76557210065479
100.64350432739553,42.76557210065479
100.72439432739553,42.84646210065479
100.80528432739553,42.84646210065479
100.88617432739552,42.84646210065479
100.96706432739552,42.84646210065479
101.04795432739553,42.92735210065479
101.12884432739553,42.92735210065479
101.20973432739552,42.92735210065479
101.29062432739552,42.92735210065479
101.37151432739553,43.00824210065478
101.45240432739553,43.00824210065478
101.53329432739552,43.00824210065478
101.61418432739552,43.00824210065478
101.69507432739553,43.089132100654794
101.77596432739553,43.089132100654794
101.85685432739552,43.089132100654794
101.93774432739552,43.089132100654794
102.01863432739553,43.17002210065479
102.09952432739553,43.17002210065479
102.18041432739552,43.17002210065479
102.26130432739552,43.17002210065479
102.34219432739553,43.25091210065479
102.42308432739553,43.25091210065479
102.50397432739553,43.25091210065479
102.58486432739552,43.25091210065479
102.66575432739553,43.331802100654784
102.74664432739553,43.331802100654784
102.82753432739553,43.331802100654784
102.90842432739552,43.331802100654784
102.98931432739552,43.412692100654795
103.07020432739553,43.412692100654795
103.15109432739553,43.412692100654795
103.23198432739552,43.49358210065479
103.31287432739552,43.49358210065479
103.39376432739553,43.49358210065479
103.47465432739553,43.49358210065479
103.55554432739552,43.57447210065479
103.63643432739552,43.57447210065479
103.71732432739553,43.57447210065479
103.79821432739553,43.57447210065479
103.87910432739552,43.655362100654784
103.95999432739552,43.655362100654784
104.04088432739553,43.655362100654784
104.12177432739553,43.655362100654784
104.20266432739552,43.736252100654795
104.28355432739552,43.736252100654795
104.36444432739553,43.736252100654795
104.44533432739553,43.81714210065479
104.52622432739552,43.81714210065479
104.60711432739552,43.81714210065479
104.68800432739553,43.81714210065479
104.76889432739553,43.89803210065479
104.84978432739553,43.89803210065479
104.93067432739552,43.89803210065479
105.01156432739553,43.89803210065479
105.09245432739553,43.978922100654785
105.17334432739553,43.978922100654785
105.25423432739552,43.978922100654785
105.33512432739552,44.059812100654796
105.41601432739553,44.059812100654796
105.49690432739553,44.059812100654796
105.57779432739552,44.059812100654796
105.65868432739552,44.14070210065479
105.73957432739553,44.14070210065479
105.82046432739553,44.14070210065479
105.90135432739552,44.22159210065479
105.98224432739552,44.22159210065479
106.06313432739553,44.22159210065479
106.14402432739553,44.22159210065479
106.22491432739552,44.302482100654785
106.30580432739552,44.302482100654785
106.38669432739553,44.302482100654785
106.46758432739553,44.302482100654785
106.54847432739552,44.38337210065478
106.62936432739552,44.38337210065478
106.71025432739553,44.38337210065478
106.79114432739551,44.46426210065479
106.87203432739553,44.46426210065479
106.95292432739554,44.46426210065479
107.03381432739552,44.46426210065479
107.11470432739553,44.54515210065479
107.19559432739554,44.54515210065479
107.27648432739552,44.54515210065479
107.35737432739553,44.626042100654786
107.43826432739552,44.626042100654786
107.51915432739553,44.626042100654786
107.60004432739554,44.626042100654786
107.68093432739552,44.70693210065478
107.76182432739553,44.70693210065478
107.84271432739551,44.70693210065478
107.92360432739552,44.78782210065479
108.00449432739553,44.78782210065479
108.08538432739552,44.78782210065479
108.16627432739553,44.86871210065479
108.24716432739554,44.86871210065479
108.32805432739552,44.86871210065479
108.40894432739553,44.86871210065479
108.48983432739551,44.949602100654786
108.57072432739552,44.949602100654786
108.65161432739554,44.949602100654786
108.73250432739552,45.03049210065478
108.81339432739553,45.03049210065478
108.89428432739554,45.03049210065478
108.97517432739552,45.03049210065478
109.05606432739553,45.111382100654794
109.13695432739551,45.111382100654794
109.21784432739553,45.111382100654794
109.29873432739554,45.19227210065479
109.37962432739552,45.19227210065479
109.46051432739553,45.19227210065479
109.54140432739554,45.19227210065479
109.62229432739552,45.27316210065479
109.70318432739553,45.27316210065479
109.78407432739552,45.27316210065479
109.86496432739553,45.35405210065478
109.94585432739554,45.35405210065478
110.02674432739552,45.35405210065478
110.10763432739553,45.35405210065478
110.18852432739551,45.434942100654794
110.26941432739552,45.434942100654794
110.35030432739553,45.434942100654794
110.43119432739552,45.51583210065479
110.51208432739553,45.51583210065479
110.59297432739554,45.51583210065479
110.67386432739552,45.59672210065479
110.75475432739553,45.59672210065479
110.83564432739551,45.59672210065479
110.91653432739552,45.59672210065479
110.99742432739554,45.677612100654784
111.07831432739552,45.677612100654784
111.15920432739553,45.677612100654784
111.24009432739554,45.758502100654795
111.32098432739552,45.758502100654795
111.40187432739553,45.758502100654795
111.48276432739551,45.758502100654795
111.56365432739553,45.83939210065479
111.64454432739554,45.83939210065479
111.72543432739552,45.83939210065479
111.80632432739553,45.92028210065479
111.88721432739554,45.92028210065479
111.96810432739552,45.92028210065479
112.04899432739553,46.001172100654784
112.12988432739552,46.001172100654784
112.21077432739553,46.001172100654784
112.29166432739554,46.001172100654784
112.37255432739552,46.082062100654795
112.45344432739553,46.082062100654795
112.53433432739551,46.082062100654795
112.61522432739552,46.16295210065479
112.69611432739553,46.16295210065479
112.77700432739552,46.16295210065479
112.85789432739553,46.16295210065479
112.93878432739554,46.24384210065479
113.01967432739552,46.24384210065479
113.10056432739553,46.24384210065479
113.18145432739551,46.324732100654785
113.26234432739552,46.324732100654785
113.34323432739554,46.324732100654785
113.42412432739552,46.405622100654796
113.50501432739553,46.405622100654796
113.58590432739554,46.405622100654796
113.66679432739552,46.405622100654796
113.74768432739553,46.48651210065479
113.82857432739551,46.48651210065479
113.90946432739553,46.48651210065479
113.99035432739554,46.56740210065479
114.07124432739552,46.56740210065479
114.15213432739553,46.56740210065479
114.23302432739554,46.648292100654785
114.31391432739552,46.648292100654785
114.39480432739553,46.648292100654785
114.47569432739552,46.648292100654785
114.55658432739553,46.72918210065478
114.63747432739554,46.72918210065478
114.71836432739552,46.72918210065478
114.79925432739553,46.81007210065479
114.88014432739551,46.81007210065479
114.96103432739552,46.81007210065479
115.04192432739553,46.89096210065479
115.12281432739552,46.89096210065479
115.20370432739553,46.89096210065479
115.28459432739554,46.89096210065479
115.36548432739552,46.971852100654786
115.44637432739553,46.971852100654786
115.52726432739551,46.971852100654786
115.60815432739552,47.05274210065478
115.68904432739554,47.05274210065478
115.76993432739552,47.05274210065478
115.85082432739553,47.13363210065479
115.93171432739554,47.13363210065479
116.01260432739552,47.13363210065479
116.09349432739553,47.13363210065479
116.17438432739552,47.21452210065479
116.25527432739553,47.21452210065479
116.33616432739554,47.21452210065479
116.41705432739552,47.29541210065479
116.49794432739553,47.29541210065479
116.57883432739554,47.29541210065479
116.65972432739552,47.37630210065478
116.74061432739553,47.37630210065478
116.82150432739552,47.37630210065478
116.90239432739553,47.457192100654794
116.98328432739554,47.457192100654794
117.06417432739552,47.457192100654794
117.14506432739553,47.457192100654794
117.22595432739551,47.53808210065479
117.30684432739552,47.53808210065479
117.38773432739553,47.61897210065479
117.46862432739552,47.61897210065479
117.54951432739553,47.61897210065479
117.63040432739554,47.61897210065479
117.71129432739552,47.699862100654784
117.79218432739553,47.699862100654784
117.87307432739551,47.780752100654794
117.95396432739552,47.780752100654794
118.03485432739554,47.780752100654794
118.11574432739552,47.780752100654794
118.19663432739553,47.86164210065479
118.27752432739554,47.86164210065479
118.35841432739552,47.86164210065479
118.43930432739553,47.94253210065479
118.52019432739552,47.94253210065479
118.60108432739553,48.023422100654784
118.68197432739554,48.023422100654784
118.76286432739552,48.023422100654784
118.84375432739553,48.023422100654784
118.92464432739554,48.104312100654795
119.00553432739552,48.104312100654795
119.08642432739553,48.104312100654795
119.16731432739552,48.104312100654795
119.24820432739553,48.18520210065479
119.32909432739554,48.18520210065479
119.40998432739552,48.18520210065479
119.49087432739553,48.26609210065479
119.57176432739551,48.26609210065479
119.65265432739552,48.26609210065479
119.73354432739553,48.346982100654785
119.81443432739552,48.346982100654785
119.89532432739553,48.346982100654785
119.97621432739554,48.427872100654795
120.05710432739552,48.427872100654795
120.13799432739553,48.427872100654795
120.21888432739551,48.50876210065479
120.29977432739553,48.50876210065479
120.38066432739554,48.58965210065479
120.46155432739552,48.58965210065479
120.54244432739553,48.58965210065479
120.62333432739554,48.58965210065479
120.70422432739552,48.670542100654785
120.78511432739553,48.670542100654785
120.86600432739552,48.751432100654796
120.94689432739553,48.751432100654796
121.02778432739554,48.751432100654796
121.10867432739552,48.751432100654796
121.18956432739553,48.83232210065479
121.27045432739554,48.83232210065479
121.35134432739552,48.91321210065479
121.43223432739553,48.91321210065479
121.51312432739552,48.91321210065479
121.59401432739553,48.994102100654786
121.67490432739554,48.994102100654786
121.75579432739552,48.994102100654786
121.83668432739553,48.994102100654786
121.91757432739551,49.07499210065478
121.99846432739552,49.07499210065478
122.07935432739554,49.07499210065478
122.16024432739552,49.15588210065479
122.24113432739553,49.15588210065479
122.32202432739554,49.15588210065479
122.40291432739552,49.23677210065479
122.48380432739553,49.23677210065479
122.56469432739551,49.23677210065479
122.64558432739553,49.317662100654786
122.72647432739554,49.317662100654786
122.80736432739552,49.317662100654786
122.88825432739553,49.39855210065478
122.96914432739554,49.39855210065478
123.05003432739552,49.39855210065478
123.13092432739553,49.47944210065479
123.21181432739552,49.47944210065479
123.29270432739553,49.56033210065479
123.37359432739554,49.56033210065479
123.45448432739552,49.56033210065479
123.53537432739553,49.56033210065479
123.61626432739554,49.64122210065479
123.69715432739552,49.64122210065479
123.77804432739553,49.64122210065479
123.85893432739552,49.72211210065478
123.93982432739553,49.72211210065478
124.02071432739554,49.72211210065478
124.10160432739552,49.803002100654794
124.18249432739553,49.803002100654794
124.26338432739551,49.803002100654794
124.34427432739552,49.803002100654794
124.42516432739554,49.88389210065479
124.50605432739552,49.88389210065479
124.58694432739553,49.88389210065479
124.66783432739554,49.96478210065479
124.74872432739552,49.96478210065479
124.82961432739553,49.96478210065479
124.91050432739551,50.045672100654784
124.99139432739553,50.045672100654784
125.07228432739554,50.126562100654795
125.15317432739552,50.126562100654795
125.23406432739553,50.126562100654795
125.31495432739554,50.126562100654795
125.39584432739552,50.20745210065479
125.47673432739553,50.20745210065479
125.55762432739552,50.20745210065479
125.63851432739553,50.28834210065479
125.71940432739554,50.28834210065479
125.80029432739552,50.28834210065479
125.88118432739553,50.369232100654784
125.96207432739554,50.369232100654784
126.04296432739552,50.450122100654795
126.12385432739553,50.450122100654795
126.20474432739552,50.450122100654795
126.28563432739553,50.53101210065479
126.36652432739554,50.53101210065479
126.44741432739552,50.53101210065479
126.52830432739553,50.61190210065479
126.60919432739551,50.61190210065479
126.69008432739552,50.61190210065479
126.77097432739554,50.692792100654785
126.85186432739552,50.692792100654785
126.93275432739553,50.692792100654785
127.01364432739554,50.773682100654796
127.09453432739552,50.773682100654796
127.17542432739553,50.85457210065479
127.25631432739551,50.85457210065479
127.33720432739553,50.85457210065479
127.41809432739554,50.85457210065479
127.49898432739552,50.93546210065479
127.57987432739553,50.93546210065479
127.66076432739554,50.93546210065479
127.74165432739552,51.016352100654785
127.82254432739553,51.016352100654785
127.90343432739552,51.016352100654785
127.98432432739553,51.097242100654796
128.06521432739555,51.097242100654796
128.1461043273955,51.097242100654796
128.22699432739552,51.097242100654796
128.30788432739553,51.17813210065479
128.38877432739554,51.17813210065479
128.46966432739555,51.17813210065479
128.5505543273955,51.17813210065479
128.6314443273955,51.17813210065479
128.71233432739552,51.25902210065479
128.79322432739554,51.25902210065479
128.87411432739555,51.25902210065479
128.9550043273955,51.25902210065479
129.0358943273955,51.25902210065479
129.11678432739552,51.25902210065479
129.19767432739553,51.25902210065479
129.27856432739554,51.25902210065479
129.35945432739555,51.25902210065479
129.4403443273955,51.25902210065479
129.52123432739552,51.339912100654786
129.60212432739553,51.339912100654786
129.68301432739554,51.339912100654786
129.76390432739555,51.25902210065479
129.8447943273955,51.25902210065479
129.92568432739552,51.25902210065479
130.00657432739553,51.25902210065479
130.08746432739554,51.25902210065479
130.16835432739555,51.25902210065479
130.2492443273955,51.17813210065479
130.3301343273955,51.17813210065479
130.41102432739552,51.17813210065479
130.49191432739553,51.097242100654796
130.57280432739554,51.097242100654796
130.6536943273955,51.016352100654785
130.7345843273955,50.93546210065479
130.7345843273955,50.85457210065479
130.7345843273955,50.773682100654796
130.81547432739552,50.692792100654785
130.81547432739552,50.61190210065479
130.81547432739552,50.53101210065479
130.81547432739552,50.450122100654795
130.89636432739553,50.369232100654784
130.89636432739553,50.28834210065479
130.89636432739553,50.20745210065479
130.89636432739553,50.126562100654795
130.89636432739553,50.045672100654784
130.81547432739552,49.96478210065479
130.81547432739552,49.88389210065479
130.81547432739552,49.803002100654794
130.81547432739552,49.72211210065478
130.81547432739552,49.64122210065479
130.7345843273955,49.56033210065479
130.7345843273955,49.47944210065479
130.7345843273955,49.39855210065478
130.7345843273955,49.317662100654786
130.6536943273955,49.23677210065479
130.6536943273955,49.15588210065479
130.57280432739554,49.07499210065478
130.49191432739553,48.994102100654786
130.49191432739553,48.91321210065479
130.41102432739552,48.83232210065479
130.41102432739552,48.751432100654796
130.3301343273955,48.670542100654785
130.2492443273955,48.58965210065479
130.2492443273955,48.50876210065479
130.16835432739555,48.427872100654795
130.16835432739555,48.346982100654785
130.08746432739554,48.26609210065479
130.00657432739553,48.18520210065479
130.00657432739553,48.104312100654795
129.92568432739552,48.023422100654784
129.8447943273955,47.94253210065479
129.76390432739555,47.86164210065479
129.76390432739555,47.780752100654794
129.68301432739554,47.699862100654784
129.60212432739553,47.61897210065479
129.60212432739553,47.53808210065479
129.52123432739552,47.457192100654794
129.4403443273955,47.37630210065478
129.35945432739555,47.29541210065479
129.27856432739554,47.21452210065479
129.27856432739554,47.13363210065479
129.19767432739553,47.05274210065478
129.11678432739552,46.971852100654786
129.0358943273955,46.89096210065479
129.0358943273955,46.81007210065479
128.9550043273955,46.72918210065478
128.87411432739555,46.648292100654785
128.87411432739555,46.56740210065479
128.79322432739554,46.48651210065479
128.71233432739552,46.405622100654796
128.6314443273955,46.324732100654785
128.5505543273955,46.24384210065479
128.5505543273955,46.16295210065479
128.46966432739555,46.082062100654795
128.38877432739554,46.082062100654795
128.30788432739553,46.001172100654784
128.30788432739553,45.92028210065479
128.22699432739552,45.83939210065479
128.22699432739552,45.758502100654795
128.1461043273955,45.677612100654784
128.06521432739555,45.59672210065479
127.98432432739553,45.51583210065479
127.90343432739552,45.434942100654794
127.90343432739552,45.35405210065478
127.82254432739553,45.27316210065479
127.74165432739552,45.27316210065479
127.66076432739554,45.19227210065479
127.66076432739554,45.111382100654794
127.57987432739553,45.03049210065478
127.49898432739552,44.949602100654786
127.49898432739552,44.86871210065479
127.41809432739554,44.78782210065479
127.33720432739553,44.70693210065478
127.25631432739551,44.626042100654786
127.17542432739553,44.54515210065479
127.09453432739552,44.46426210065479
127.09453432739552,44.38337210065478
127.01364432739554,44.302482100654785
126.93275432739553,44.22159210065479
126.93275432739553,44.14070210065479
126.85186432739552,44.059812100654796
126.77097432739554,43.978922100654785
126.69008432739552,43.89803210065479
126.60919432739551,43.81714210065479
126.52830432739553,43.736252100654795
126.44741432739552,43.655362100654784
126.36652432739554,43.57447210065479
126.36652432739554,43.49358210065479
126.28563432739553,43.412692100654795
126.20474432739552,43.331802100654784
126.12385432739553,43.25091210065479
126.12385432739553,43.17002210065479
126.04296432739552,43.089132100654794
125.96207432739554,43.00824210065478
125.88118432739553,42.92735210065479
125.88118432739553,42.84646210065479
125.80029432739552,42.76557210065479
125.71940432739554,42.68468210065478
125.63851432739553,42.603792100654786
125.55762432739552,42.52290210065479
125.47673432739553,42.44201210065479
125.39584432739552,42.36112210065478
125.39584432739552,42.280232100654786
125.31495432739554,42.19934210065479
125.23406432739553,42.11845210065479
125.15317432739552,42.03756210065478
125.07228432739554,41.956672100654785
124.99139432739553,41.87578210065479
124.99139432739553,41.79489210065479
124.91050432739551,41.714002100654795
124.82961432739553,41.633112100654785
124.74872432739552,41.55222210065479
124.74872432739552,41.47133210065479
124.66783432739554,41.390442100654795
124.58694432739553,41.309552100654784
124.58694432739553,41.22866210065479
124.50605432739552,41.14777210065479
124.42516432739554,41.14777210065479
124.34427432739552,41.066882100654794
124.26338432739551,40.985992100654784
124.26338432739551,40.90510210065479
124.18249432739553,40.82421210065479
124.18249432739553,40.743322100654794
124.10160432739552,40.66243210065478
124.02071432739554,40.58154210065479
123.93982432739553,40.50065210065479
123.85893432739552,40.41976210065479
123.77804432739553,40.33887210065478
123.69715432739552,40.257982100654786
123.61626432739554,40.17709210065479
123.61626432739554,40.09620210065479
123.53537432739553,40.01531210065478
123.53537432739553,39.934422100654785
123.45448432739552,39.85353210065479
123.37359432739554,39.77264210065479
123.29270432739553,39.69175210065478
123.21181432739552,39.610862100654785
123.21181432739552,39.52997210065479
123.13092432739553,39.44908210065479
123.05003432739552,39.44908210065479
122.96914432739554,39.368192100654795
122.96914432739554,39.287302100654784
122.88825432739553,39.20641210065479
122.88825432739553,39.12552210065479
122.80736432739552,39.044632100654795
122.72647432739554,38.963742100654784
122.64558432739553,38.88285210065479
122.56469432739551,38.80196210065479
122.48380432739553,38.721072100654794
122.48380432739553,38.64018210065478
122.40291432739552,38.55929210065479
122.32202432739554,38.55929210065479
122.24113432739553,38.47840210065479
122.24113432739553,38.397512100654794
122.16024432739552,38.31662210065478
122.07935432739554,38.235732100654786
122.07935432739554,38.15484210065479
121.99846432739552,38.07395210065479
121.91757432739551,37.99306210065478
121.83668432739553,37.912172100654786
121.75579432739552,37.83128210065479
121.67490432739554,37.75039210065479
121.67490432739554,37.66950210065478
121.59401432739553,37.588612100654785
121.51312432739552,37.50772210065479
121.51312432739552,37.42683210065479
121.43223432739553,37.34594210065478
121.35134432739552,37.265052100654785
121.27045432739554,37.18416210065479
121.18956432739553,37.10327210065479
121.18956432739553,37.022382100654795
121.10867432739552,36.941492100654784
121.02778432739554,36.941492100654784
120.94689432739553,36.86060210065479
120.94689432739553,36.77971210065479
120.86600432739552,36.698822100654795
120.86600432739552,36.617932100654784
120.78511432739553,36.53704210065479
120.70422432739552,36.53704210065479
120.62333432739554,36.45615210065479
120.62333432739554,36.375262100654794
120.54244432739553,36.29437210065478
120.54244432739553,36.21348210065479
120.46155432739552,36.13259210065479
120.38066432739554,36.05170210065479
120.29977432739553,35.97081210065478
120.21888432739551,35.889922100654786
120.13799432739553,35.80903210065479
120.05710432739552,35.72814210065479
119.97621432739554,35.64725210065478
119.97621432739554,35.566362100654786
119.89532432739553,35.48547210065479
119.81443432739552,35.40458210065479
119.73354432739553,35.32369210065478
119.65265432739552,35.242802100654785
119.57176432739551,35.16191210065479
119.57176432739551,35.08102210065479
119.49087432739553,35.000132100654795
119.40998432739552,34.919242100654785
119.32909432739554,34.83835210065479
119.32909432739554,34.75746210065479
119.24820432739553,34.676572100654795
119.16731432739552,34.595682100654784
119.16731432739552,34.51479210065479
119.08642432739553,34.43390210065479
119.00553432739552,34.353012100654794
118.92464432739554,34.272122100654784
118.84375432739553,34.19123210065479
118.84375432739553,34.11034210065479
118.76286432739552,34.029452100654794
118.68197432739554,34.029452100654794
118.60108432739553,33.94856210065478
118.60108432739553,33.86767210065479
118.52019432739552,33.78678210065479
118.52019432739552,33.70589210065479
118.43930432739553,33.62500210065478
118.35841432739552,33.62500210065478
118.27752432739554,33.544112100654786
118.19663432739553,33.46322210065479
118.19663432739553,33.38233210065479
118.11574432739552,33.30144210065478
118.03485432739554,33.220552100654785
117.95396432739552,33.13966210065479
117.95396432739552,33.05877210065479
117.87307432739551,32.97788210065478
117.79218432739553,32.896992100654785
117.79218432739553,32.81610210065479
117.71129432739552,32.73521210065479
117.63040432739554,32.73521210065479
117.54951432739553,32.654322100654795
117.54951432739553,32.573432100654784
117.46862432739552,32.49254210065479
117.46862432739552,32.41165210065479
117.38773432739553,32.330762100654795
117.30684432739552,32.330762100654795
117.22595432739551,32.249872100654784
117.22595432739551,32.16898210065479
117.14506432739553,32.08809210065479
117.14506432739553,32.007202100654794
117.06417432739552,31.926312100654783
116.98328432739554,31.926312100654783
116.90239432739553,31.845422100654787
116.82150432739552,31.76453210065479
116.82150432739552,31.683642100654794
116.74061432739553,31.602752100654783
116.74061432739553,31.521862100654786
116.65972432739552,31.44097210065479
116.57883432739554,31.360082100654793
116.49794432739553,31.279192100654782
116.41705432739552,31.198302100654786
116.33616432739554,31.11741210065479
116.25527432739553,31.036522100654793
116.17438432739552,30.955632100654782
116.17438432739552,30.874742100654785
116.09349432739553,30.79385210065479
116.09349432739553,30.712962100654792
116.01260432739552,30.63207210065478
115.93171432739554,30.551182100654785
115.85082432739553,30.470292100654788
115.76993432739552,30.38940210065479
115.68904432739554,30.308512100654795
115.68904432739554,30.227622100654784
115.60815432739552,30.146732100654788
115.52726432739551,30.06584210065479
115.44637432739553,29.984952100654795
115.36548432739552,29.904062100654784
115.28459432739554,29.823172100654787
115.28459432739554,29.74228210065479
115.20370432739553,29.661392100654794
115.12281432739552,29.580502100654783
115.12281432739552,29.499612100654787
115.04192432739553,29.41872210065479
114.96103432739552,29.41872210065479
114.88014432739551,29.337832100654794
114.88014432739551,29.256942100654783
114.79925432739553,29.176052100654786
114.79925432739553,29.09516210065479
114.71836432739552,29.014272100654793
114.63747432739554,29.014272100654793
114.55658432739553,28.933382100654782
114.55658432739553,28.852492100654786
114.47569432739552,28.77160210065479
114.39480432739553,28.690712100654792
114.31391432739552,28.60982210065478
114.31391432739552,28.528932100654785
114.23302432739554,28.44804210065479
114.15213432739553,28.367152100654792
114.07124432739552,28.28626210065478
113.99035432739554,28.205372100654785
113.99035432739554,28.124482100654788
113.90946432739553,28.04359210065479
113.82857432739551,27.962702100654795
113.74768432739553,27.881812100654784
113.74768432739553,27.800922100654788
113.66679432739552,27.72003210065479
113.58590432739554,27.639142100654794
113.50501432739553,27.558252100654784
113.50501432739553,27.477362100654787
113.42412432739552,27.39647210065479
113.34323432739554,27.315582100654794
113.26234432739552,27.315582100654794
113.18145432739551,27.234692100654783
113.18145432739551,27.153802100654786
113.10056432739553,27.07291210065479
113.01967432739552,27.07291210065479
112.93878432739554,26.992022100654793
112.93878432739554,26.911132100654783
112.85789432739553,26.830242100654786
112.77700432739552,26.830242100654786
112.69611432739553,26.74935210065479
112.61522432739552,26.74935210065479
112.53433432739551,26.668462100654793
112.45344432739553,26.587572100654782
112.37255432739552,26.587572100654782
112.29166432739554,26.587572100654782
112.21077432739553,26.506682100654785
112.12988432739552,26.506682100654785
112.04899432739553,26.506682100654785
111.96810432739552,26.42579210065479
111.88721432739554,26.42579210065479
111.80632432739553,26.42579210065479
111.72543432739552,26.344902100654792
111.64454432739554,26.344902100654792
111.56365432739553,26.344902100654792
111.48276432739551,26.26401210065478
111.40187432739553,26.26401210065478
111.32098432739552,26.26401210065478
111.24009432739554,26.26401210065478
111.15920432739553,26.183122100654785
111.07831432739552,26.183122100654785
110.99742432739554,26.183122100654785
110.91653432739552,26.183122100654785
110.83564432739551,26.10223210065479
110.75475432739553,26.10223210065479
110.67386432739552,26.10223210065479
110.59297432739554,26.10223210065479
110.51208432739553,26.021342100654792
110.43119432739552,26.021342100654792
110.35030432739553,26.021342100654792
110.26941432739552,26.021342100654792
110.18852432739551,25.94045210065478
110.10763432739553,25.94045210065478
110.02674432739552,25.94045210065478
109.94585432739554,25.94045210065478
109.86496432739553,25.94045210065478
109.78407432739552,25.859562100654784
109.70318432739553,25.859562100654784
109.62229432739552,25.859562100654784
109.54140432739554,25.859562100654784
109.46051432739553,25.778672100654788
109.37962432739552,25.778672100654788
109.29873432739554,25.778672100654788
109.21784432739553,25.778672100654788
109.13695432739551,25.778672100654788
109.05606432739553,25.69778210065479
108.97517432739552,25.69778210065479
108.89428432739554,25.69778210065479
108.81339432739553,25.69778210065479
108.73250432739552,25.616892100654795
108.65161432739554,25.616892100654795
108.57072432739552,25.616892100654795
108.48983432739551,25.616892100654795
108.40894432739553,25.616892100654795
108.32805432739552,25.536002100654784
108.24716432739554,25.536002100654784
108.16627432739553,25.536002100654784
108.08538432739552,25.536002100654784
108.00449432739553,25.455112100654787
107.92360432739552,25.455112100654787
107.84271432739551,25.455112100654787
107.76182432739553,25.455112100654787
107.68093432739552,25.37422210065479
107.60004432739554,25.37422210065479
107.51915432739553,25.37422210065479
107.43826432739552,25.37422210065479
107.35737432739553,25.293332100654794
107.27648432739552,25.293332100654794
107.19559432739554,25.293332100654794
107.11470432739553,25.293332100654794
107.03381432739552,25.293332100654794
106.95292432739554,25.212442100654783
106.87203432739553,25.212442100654783
106.79114432739551,25.212442100654783
106.71025432739553,25.212442100654783
106.62936432739552,25.131552100654787
106.54847432739552,25.131552100654787
106.46758432739553,25.131552100654787
106.38669432739553,25.131552100654787
106.30580432739552,25.131552100654787
106.22491432739552,25.05066210065479
106.14402432739553,25.05066210065479
106.06313432739553,25.05066210065479
105.98224432739552,25.05066210065479
105.90135432739552,25.05066210065479
105.82046432739553,24.969772100654794
105.73957432739553,24.969772100654794
105.65868432739552,24.969772100654794
105.57779432739552,24.969772100654794
105.49690432739553,24.888882100654783
105.41601432739553,24.888882100654783
105.33512432739552,24.888882100654783
105.25423432739552,24.888882100654783
105.17334432739553,24.807992100654786
105.09245432739553,24.807992100654786
105.01156432739553,24.807992100654786
104.93067432739552,24.807992100654786
104.84978432739553,24.807992100654786
104.76889432739553,24.72710210065479
104.68800432739553,24.72710210065479
104.60711432739552,24.72710210065479
104.52622432739552,24.72710210065479
104.44533432739553,24.646212100654793
104.36444432739553,24.646212100654793
104.28355432739552,24.646212100654793
104.20266432739552,24.646212100654793
104.12177432739553,24.565322100654782
104.04088432739553,24.565322100654782
103.95999432739552,24.565322100654782
103.87910432739552,24.565322100654782
103.79821432739553,24.484432100654786
103.71732432739553,24.484432100654786
103.63643432739552,24.484432100654786
103.55554432739552,24.484432100654786
103.47465432739553,24.484432100654786
103.39376432739553,24.40354210065479
103.31287432739552,24.40354210065479
103.23198432739552,24.40354210065479
103.15109432739553,24.40354210065479
103.07020432739553,24.40354210065479
102.98931432739552,24.322652100654793
102.90842432739552,24.322652100654793
102.82753432739553,24.322652100654793
102.74664432739553,24.322652100654793
102.66575432739553,24.241762100654782
102.58486432739552,24.241762100654782
102.50397432739553,24.241762100654782
102.42308432739553,24.241762100654782
102.34219432739553,24.241762100654782
102.26130432739552,24.160872100654785
102.18041432739552,24.160872100654785
102.09952432739553,24.160872100654785
102.01863432739553,24.07998210065479
101.93774432739552,24.07998210065479
101.85685432739552,24.07998210065479
101.77596432739553,24.07998210065479
101.69507432739553,24.07998210065479
101.61418432739552,23.999092100654792
101.53329432739552,23.999092100654792
101.45240432739553,23.999092100654792
101.37151432739553,23.999092100654792
101.29062432739552,23.91820210065478
101.20973432739552,23.91820210065478
101.12884432739553,23.91820210065478
101.04795432739553,23.91820210065478
100.96706432739552,23.91820210065478
100.88617432739552,23.837312100654785
100.80528432739553,23.837312100654785
100.72439432739553,23.837312100654785
100.64350432739553,23.837312100654785
100.56261432739552,23.756422100654788
100.48172432739553,23.756422100654788
100.40083432739553,23.756422100654788
100.31994432739553,23.756422100654788
100.23905432739552,23.756422100654788
100.15816432739553,23.67553210065479
100.07727432739553,23.67553210065479
99.99638432739553,23.67553210065479
99.91549432739552,23.67553210065479
99.83460432739552,23.59464210065478
99.75371432739553,23.59464210065478
99.67282432739553,23.59464210065478
99.59193432739552,23.59464210065478
99.51104432739552,23.513752100654784
99.43015432739553,23.513752100654784
99.34926432739553,23.513752100654784
99.26837432739552,23.513752100654784
99.18748432739552,23.513752100654784
99.10659432739553,23.513752100654784
99.02570432739553,23.513752100654784
98.94481432739552,23.513752100654784
98.86392432739552,23.432862100654788
98.78303432739553,23.432862100654788
98.70214432739553,23.432862100654788
98.62125432739552,23.432862100654788
98.54036432739552,23.432862100654788
98.45947432739553,23.432862100654788
98.37858432739553,23.432862100654788
98.29769432739553,23.432862100654788
98.21680432739552,23.513752100654784
98.13591432739553,23.513752100654784
98.05502432739553,23.513752100654784
97.97413432739553,23.513752100654784
97.89324432739552,23.513752100654784
97.81235432739552,23.513752100654784
97.73146432739553,23.59464210065478
97.65057432739553,23.59464210065478
97.56968432739552,23.59464210065478
97.48879432739552,23.67553210065479
97.40790432739553,23.67553210065479
97.32701432739553,23.67553210065479
97.24612432739552,23.756422100654788
97.16523432739552,23.756422100654788
97.08434432739553,23.837312100654785
97.00345432739553,23.837312100654785
96.92256432739552,23.91820210065478
96.84167432739552,23.999092100654792
96.76078432739553,24.07998210065479
96.76078432739553,24.160872100654785
96.67989432739553,24.241762100654782
96.59900432739552,24.322652100654793
96.51811432739552,24.40354210065479
96.51811432739552,24.484432100654786
96.43722432739553,24.565322100654782
96.43722432739553,24.646212100654793
96.35633432739553,24.72710210065479
96.27544432739552,24.807992100654786
96.27544432739552,24.888882100654783
96.19455432739552,24.969772100654794
96.19455432739552,25.05066210065479
96.11366432739553,25.131552100654787
96.03277432739553,25.212442100654783
96.03277432739553,25.293332100654794
95.95188432739553,25.37422210065479
95.87099432739552,25.455112100654787
95.87099432739552,25.536002100654784
95.79010432739553,25.616892100654795
95.70921432739553,25.69778210065479
95.62832432739553,25.778672100654788
95.54743432739552,25.859562100654784
95.46654432739552,25.94045210065478
95.38565432739553,26.021342100654792
95.30476432739553,26.10223210065479
95.22387432739552,26.183122100654785
95.14298432739552,26.26401210065478
95.06209432739553,26.344902100654792
94.98120432739553,26.344902100654792
94.90031432739552,26.42579210065479
94.81942432739552,26.506682100654785
94.73853432739553,26.506682100654785
94.65764432739553,26.587572100654782
94.57675432739552,26.668462100654793
94.49586432739552,26.668462100654793
94.41497432739553,26.668462100654793
94.33408432739553,26.74935210065479
94.25319432739552,26.74935210065479
94.17230432739552,26.830242100654786
94.09141432739553,26.830242100654786
94.01052432739553,26.911132100654783
93.92963432739552,26.911132100654783
93.84874432739552,26.911132100654783
93.76785432739553,26.992022100654793
93.68696432739553,26.992022100654793
93.60607432739553,26.992022100654793
93.52518432739552,26.992022100654793
93.44429432739553,26.992022100654793
93.36340432739553,27.07291210065479
93.28251432739553,27.07291210065479
93.20162432739552,27.07291210065479
93.12073432739552,27.07291210065479
93.03984432739553,27.07291210065479
92.95895432739553,27.07291210065479
92.87806432739552,27.07291210065479
92.79717432739552,27.07291210065479
92.71628432739553,27.07291210065479
92.63539432739553,27.153802100654786
92.55450432739552,27.153802100654786
92.47361432739552,27.153802100654786
92.39272432739553,27.153802100654786
92.31183432739553,27.153802100654786
92.23094432739552,27.153802100654786
92.15005432739552,27.153802100654786
92.06916432739553,27.153802100654786
91.98827432739553,27.07291210065479
91.90738432739552,27.07291210065479
91.82649432739552,27.07291210065479
91.74560432739553,27.07291210065479
91.66471432739553,27.07291210065479
91.58382432739552,27.07291210065479
91.50293432739552,27.07291210065479
91.42204432739553,27.07291210065479
91.34115432739553,27.07291210065479
91.26026432739553,26.992022100654793
91.17937432739552,26.992022100654793
91.09848432739552,26.992022100654793
91.01759432739553,26.992022100654793
90.93670432739553,26.992022100654793
90.85581432739552,26.911132100654783
90.77492432739552,26.911132100654783
90.69403432739553,26.911132100654783
90.61314432739553,26.830242100654786
90.53225432739552,26.830242100654786
90.45136432739552,26.74935210065479
90.37047432739553,26.74935210065479
90.28958432739553,26.74935210065479
90.20869432739552,26.668462100654793
90.12780432739552,26.668462100654793
90.04691432739553,26.587572100654782
89.96602432739553,26.506682100654785
89.88513432739552,26.506682100654785
89.80424432739552,26.42579210065479
89.72335432739553,26.42579210065479
89.64246432739553,26.344902100654792
89.64246432739553,26.26401210065478
89.56157432739552,26.183122100654785
89.48068432739552,26.10223210065479
89.39979432739553,26.021342100654792
89.31890432739553,25.94045210065478
89.23801432739552,25.859562100654784
89.15712432739552,25.778672100654788
89.07623432739553,25.778672100654788
88.99534432739553,25.69778210065479
88.99534432739553,25.616892100654795
88.91445432739553,25.536002100654784
88.83356432739552,25.455112100654787
88.75267432739552,25.37422210065479
88.75267432739552,25.293332100654794
88.67178432739553,25.212442100654783
88.67178432739553,25.131552100654787
88.59089432739553,25.05066210065479
88.51000432739552,24.969772100654794
88.42911432739552,24.888882100654783
88.42911432739552,24.807992100654786
88.34822432739553,24.72710210065479
88.26733432739553,24.646212100654793
88.26733432739553,24.565322100654782
88.18644432739552,24.484432100654786
88.18644432739552,24.40354210065479
88.10555432739552,24.322652100654793
88.02466432739553,24.241762100654782
87.94377432739553,24.160872100654785
87.86288432739552,24.07998210065479
87.86288432739552,23.999092100654792
87.78199432739552,23.91820210065478
87.78199432739552,23.837312100654785
87.70110432739553,23.756422100654788
87.62021432739553,23.67553210065479
87.53932432739552,23.59464210065478
87.45843432739552,23.513752100654784
87.45843432739552,23.432862100654788
87.37754432739553,23.35197210065479
87.29665432739553,23.271082100654795
87.21576432739552,23.190192100654784
87.13487432739552,23.109302100654787
87.05398432739553,23.109302100654787
86.97309432739553,23.02841210065479
86.97309432739553,22.947522100654794
86.89220432739552,22.866632100654783
86.81131432739552,22.866632100654783
86.73042432739553,22.785742100654787
86.73042432739553,22.70485210065479
86.64953432739553,22.623962100654794
86.56864432739553,22.543072100654783
86.48775432739552,22.462182100654786
86.40686432739552,22.38129210065479
86.32597432739553,22.38129210065479
86.24508432739553,22.300402100654793
86.24508432739553,22.219512100654782
86.16419432739552,22.138622100654786
86.08330432739552,22.05773210065479
86.00241432739553,21.976842100654792
85.92152432739553,21.976842100654792
85.84063432739552,21.89595210065478
85.84063432739552,21.815062100654785
85.75974432739552,21.73417210065479
85.67885432739553,21.653282100654792
85.59796432739553,21.653282100654792
85.51707432739552,21.57239210065478
85.43618432739552,21.57239210065478
85.35529432739553,21.491502100654785
85.35529432739553,21.410612100654788
85.27440432739553,21.32972210065479
85.19351432739552,21.24883210065478
85.11262432739552,21.167942100654784
85.03173432739553,21.167942100654784
84.95084432739553,21.087052100654788
84.86995432739552,21.00616210065479
84.78906432739552,21.00616210065479
84.70817432739553,20.925272100654794
84.62728432739553,20.844382100654784
84.54639432739553,20.763492100654787
84.46550432739552,20.68260210065479
84.38461432739552,20.601712100654794
84.30372432739553,20.601712100654794
84.22283432739553,20.520822100654783
84.14194432739552,20.439932100654786
84.06105432739552,20.439932100654786
83.98016432739553,20.35904210065479
83.89927432739553,20.35904210065479
83.81838432739552,20.278152100654793
83.73749432739552,20.197262100654783
83.65660432739553,20.197262100654783
83.57571432739553,20.116372100654786
83.49482432739552,20.116372100654786
83.41393432739552,20.03548210065479
83.33304432739553,20.03548210065479
83.25215432739553,19.954592100654793
83.17126432739552,19.873702100654782
83.09037432739552,19.873702100654782
83.00948432739553,19.873702100654782
82.92859432739553,19.792812100654785
82.84770432739552,19.792812100654785
82.76681432739552,19.792812100654785
82.68592432739553,19.792812100654785
82.60503432739553,19.71192210065479
82.52414432739552,19.71192210065479
82.44325432739552,19.71192210065479
82.36236432739553,19.71192210065479
82.28147432739553,19.71192210065479
82.20058432739553,19.71192210065479
82.11969432739552,19.631032100654792
82.03880432739552,19.631032100654792
81.95791432739553,19.631032100654792
81.87702432739553,19.631032100654792
81.79613432739552,19.71192210065479
81.71524432739552,19.71192210065479
81.63435432739553,19.71192210065479
81.55346432739553,19.71192210065479
81.47257432739552,19.71192210065479
81.39168432739552,19.71192210065479
81.31079432739553,19.792812100654785
81.22990432739553,19.792812100654785
81.14901432739552,19.792812100654785
81.06812432739552,19.792812100654785
80.98723432739553,19.873702100654782
80.90634432739553,19.873702100654782
80.82545432739552,19.873702100654782
80.74456432739552,19.954592100654793
80.66367432739553,19.954592100654793
80.58278432739553,20.03548210065479
80.50189432739552,20.03548210065479
80.42100432739552,20.03548210065479
80.34011432739553,20.116372100654786
80.25922432739553,20.116372100654786
80.17833432739552,20.197262100654783
80.09744432739552,20.197262100654783
80.01655432739553,20.197262100654783
79.93566432739553,20.278152100654793
79.85477432739553,20.278152100654793
79.77388432739552,20.35904210065479
79.69299432739552,20.35904210065479
79.61210432739553,20.439932100654786
79.53121432739553,20.439932100654786
79.45032432739552,20.439932100654786
79.36943432739552,20.520822100654783
79.28854432739553,20.520822100654783
79.20765432739553,20.601712100654794
79.12676432739552,20.601712100654794
79.04587432739552,20.68260210065479
78.96498432739553,20.68260210065479
78.88409432739553,20.68260210065479
78.80320432739552,20.763492100654787
78.72231432739552,20.763492100654787
78.64142432739553,20.844382100654784
78.56053432739553,20.844382100654784
78.47964432739552,20.925272100654794
78.39875432739552,20.925272100654794
78.31786432739553,21.00616210065479
78.23697432739553,21.00616210065479
78.15608432739552,21.00616210065479
78.07519432739552,21.087052100654788
77.99430432739553,21.087052100654788
77.91341432739553,21.167942100654784
77.83252432739552,21.167942100654784
77.75163432739552,21.24883210065478
77.67074432739552,21.24883210065478
77.58985432739553,21.32972210065479
77.50896432739553,21.32972210065479
77.42807432739552,21.32972210065479
77.34718432739552,21.410612100654788
77.26629432739553,21.410612100654788
77.18540432739553,21.491502100654785
77.10451432739552,21.491502100654785
77.02362432739552,21.57239210065478
76.94273432739553,21.57239210065478
76.86184432739553,21.653282100654792
76.78095432739552,21.653282100654792
76.70006432739552,21.653282100654792
76.61917432739553,21.73417210065479
76.53828432739553,21.73417210065479
76.45739432739552,21.815062100654785
76.37650432739552,21.815062100654785
76.29561432739553,21.89595210065478
76.21472432739553,21.89595210065478
76.13383432739552,21.976842100654792
76.05294432739552,21.976842100654792
75.97205432739553,22.05773210065479
75.89116432739553,22.05773210065479
75.81027432739552,22.138622100654786
75.72938432739552,22.138622100654786
75.64849432739553,22.138622100654786
75.56760432739553,22.219512100654782
75.48671432739552,22.219512100654782
75.40582432739552,22.300402100654793
75.32493432739552,22.300402100654793
75.24404432739553,22.38129210065479
75.16315432739553,22.38129210065479
75.08226432739552,22.462182100654786
75.00137432739552,22.462182100654786
74.92048432739553,22.543072100654783
74.83959432739553,22.543072100654783
74.75870432739552,22.623962100654794
74.67781432739552,22.623962100654794
74.59692432739553,22.70485210065479
74.51603432739553,22.70485210065479
74.43514432739552,22.785742100654787
74.35425432739552,22.785742100654787
74.27336432739553,22.785742100654787
74.19247432739553,22.866632100654783
74.11158432739552,22.866632100654783
74.03069432739552,22.866632100654783
73.94980432739553,22.947522100654794
73.86891432739553,22.947522100654794
73.78802432739552,22.947522100654794
73.70713432739552,22.947522100654794
73.62624432739553,22.947522100654794
73.54535432739553,22.947522100654794
73.46446432739552,23.02841210065479
73.38357432739552,23.02841210065479
73.30268432739553,23.02841210065479
73.22179432739553,23.02841210065479
73.14090432739552,23.109302100654787
73.06001432739552,23.109302100654787
72.97912432739552,23.109302100654787
72.89823432739553,23.109302100654787
72.81734432739553,23.109302100654787
72.73645432739552,23.109302100654787
72.65556432739552,23.109302100654787
72.57467432739553,23.109302100654787
72.49378432739553,23.109302100654787
72.41289432739552,23.109302100654787
72.33200432739552,23.190192100654784
72.25111432739553,23.190192100654784
72.17022432739553,23.190192100654784
72.08933432739552,23.190192100654784
72.00844432739552,23.190192100654784
71.92755432739553,23.190192100654784
71.84666432739553,23.190192100654784
71.76577432739552,23.190192100654784
71.68488432739552,23.190192100654784
71.60399432739553,23.190192100654784
71.52310432739553,23.109302100654787
71.44221432739552,23.109302100654787
71.36132432739552,23.109302100654787
71.28043432739553,23.109302100654787
71.19954432739553,23.109302100654787
71.11865432739552,23.109302100654787
71.03776432739552,23.109302100654787
70.95687432739552,23.109302100654787
70.87598432739553,23.109302100654787
70.79509432739552,23.109302100654787
70.71420432739552,23.02841210065479
70.63331432739552,23.02841210065479
70.55242432739553,23.02841210065479
70.47153432739553,23.02841210065479
70.39064432739552,23.02841210065479
70.30975432739552,22.947522100654794
70.22886432739553,22.947522100654794
70.14797432739553,22.947522100654794
70.06708432739552,22.947522100654794
69.98619432739552,22.947522100654794
69.90530432739553,22.866632100654783
69.82441432739553,22.866632100654783
69.74352432739552,22.866632100654783
69.66263432739552,22.785742100654787
69.58174432739553,22.785742100654787
69.50085432739553,22.785742100654787
69.41996432739552,22.70485210065479
69.33907432739552,22.70485210065479
69.25818432739553,22.623962100654794
69.17729432739553,22.623962100654794
69.09640432739552,22.623962100654794
69.01551432739552,22.543072100654783
68.93462432739553,22.543072100654783
68.85373432739553,22.462182100654786
68.77284432739552,22.462182100654786
68.69195432739552,22.38129210065479
68.61106432739552,22.38129210065479
68.53017432739553,22.300402100654793
68.44928432739553,22.300402100654793
68.36839432739552,22.219512100654782
68.28750432739552,22.219512100654782
68.20661432739553,22.138622100654786
68.12572432739553,22.138622100654786
68.04483432739552,22.05773210065479
67.96394432739552,22.05773210065479
67.88305432739553,21.976842100654792
67.80216432739553,21.976842100654792
67.72127432739552,21.89595210065478
67.64038432739552,21.89595210065478
67.55949432739553,21.815062100654785
67.47860432739553,21.815062100654785
67.39771432739552,21.73417210065479
67.31682432739552,21.653282100654792
67.23593432739553,21.653282100654792
67.15504432739553,21.57239210065478
67.07415432739552,21.57239210065478
66.99326432739552,21.491502100654785
66.91237432739553,21.410612100654788
66.83148432739553,21.32972210065479
66.75059432739552,21.24883210065478
66.66970432739552,21.24883210065478
66.58881432739553,21.167942100654784
66.50792432739553,21.087052100654788
66.42703432739552,21.087052100654788
66.34614432739552,21.00616210065479
66.26525432739552,20.925272100654794
66.18436432739553,20.844382100654784
66.10347432739553,20.763492100654787
66.02258432739552,20.68260210065479
65.94169432739552,20.68260210065479
65.86080432739553,20.601712100654794
65.86080432739553,20.520822100654783
65.77991432739553,20.439932100654786
65.69902432739552,20.439932100654786
65.61813432739552,20.35904210065479
65.61813432739552,20.278152100654793
65.53724432739553,20.197262100654783
65.45635432739553,20.116372100654786
65.37546432739552,20.03548210065479
65.29457432739552,20.03548210065479
65.21368432739553,19.954592100654793
65.21368432739553,19.873702100654782
65.13279432739553,19.792812100654785
65.05190432739552,19.71192210065479
64.97101432739552,19.631032100654792
64.97101432739552,19.55014210065478
64.89012432739553,19.469252100654785
64.80923432739553,19.38836210065479
64.72834432739552,19.307472100654792
64.64745432739552,19.22658210065478
64.64745432739552,19.145692100654784
64.56656432739553,19.064802100654788
64.48567432739553,18.98391210065479
64.48567432739553,18.903022100654795
64.40478432739552,18.822132100654784
64.32389432739552,18.741242100654787
64.32389432739552,18.66035210065479
64.24300432739552,18.579462100654794
64.24300432739552,18.498572100654783
64.16211432739553,18.417682100654787
64.16211432739553,18.33679210065479
64.16211432739553,18.255902100654794
64.08122432739552,18.175012100654783
64.08122432739552,18.094122100654786
64.00033432739552,18.01323210065479
64.00033432739552,17.932342100654793
63.919444327395524,17.851452100654782
63.83855432739553,17.770562100654786
63.83855432739553,17.68967210065479
63.83855432739553,17.608782100654793
63.75766432739553,17.527892100654782
63.75766432739553,17.447002100654785
63.75766432739553,17.36611210065479
63.67677432739552,17.285222100654792
63.67677432739552,17.20433210065478
63.67677432739552,17.123442100654785
63.67677432739552,17.042552100654788
63.595884327395524,16.96166210065479
63.595884327395524,16.88077210065478
63.595884327395524,16.799882100654784
63.595884327395524,16.718992100654788
63.595884327395524,16.63810210065479
63.51499432739553,16.557212100654795
63.51499432739553,16.476322100654784
63.51499432739553,16.395432100654787
63.51499432739553,16.31454210065479
63.43410432739553,16.233652100654794
63.43410432739553,16.152762100654783
63.43410432739553,16.071872100654787
63.43410432739553,15.99098210065479
63.43410432739553,15.910092100654794
63.35321432739552,15.829202100654783
63.35321432739552,15.748312100654786
63.35321432739552,15.66742210065479
63.35321432739552,15.586532100654793
63.35321432739552,15.505642100654782
63.35321432739552,15.424752100654786
63.35321432739552,15.343862100654789
63.35321432739552,15.262972100654792
63.27232432739552,15.182082100654782
63.27232432739552,15.101192100654785
63.27232432739552,15.020302100654789
63.27232432739552,14.939412100654792
63.27232432739552,14.858522100654781
63.27232432739552,14.777632100654785
63.27232432739552,14.696742100654788
63.27232432739552,14.615852100654791
63.27232432739552,14.53496210065478
63.19143432739553,14.454072100654784
63.19143432739553,14.373182100654788
63.19143432739553,14.292292100654791
63.19143432739553,14.211402100654794
63.19143432739553,14.130512100654784
63.19143432739553,14.049622100654787
63.11054432739553,13.96873210065479
63.11054432739553,13.887842100654794
63.11054432739553,13.806952100654783
63.11054432739553,13.726062100654786
63.11054432739553,13.64517210065479
63.11054432739553,13.564282100654793
63.11054432739553,13.483392100654783
63.11054432739553,13.402502100654786
63.02965432739552,13.32161210065479
63.02965432739552,13.240722100654793
63.02965432739552,13.159832100654782
63.02965432739552,13.078942100654785
63.02965432739552,12.998052100654789
63.02965432739552,12.917162100654792
62.94876432739552,12.836272100654782
62.94876432739552,12.755382100654785
62.94876432739552,12.674492100654788
62.867874327395526,12.593602100654792
62.867874327395526,12.512712100654781
62.867874327395526,12.431822100654784
62.78698432739553,12.350932100654788
62.78698432739553,12.270042100654791
62.78698432739553,12.18915210065478
62.70609432739552,12.108262100654784
62.70609432739552,12.027372100654787
62.70609432739552,11.94648210065479
62.62520432739552,11.865592100654794
62.62520432739552,11.784702100654783
62.544314327395526,11.703812100654787
62.544314327395526,11.62292210065479
62.46342432739553,11.542032100654794
62.38253432739552,11.461142100654783
62.30164432739552,11.380252100654786
62.30164432739552,11.29936210065479
62.30164432739552,11.218472100654793
62.220754327395525,11.137582100654782
62.13986432739553,11.056692100654786
62.05897432739552,10.97580210065479
61.97808432739552,10.894912100654793
61.897194327395525,10.894912100654793
61.81630432739553,10.814022100654782
61.81630432739553,10.733132100654785
61.73541432739552,10.652242100654789
61.65452432739552,10.571352100654792
61.573634327395524,10.571352100654792
61.49274432739553,10.490462100654781
61.49274432739553,10.409572100654785
61.41185432739553,10.328682100654788
61.33096432739552,10.328682100654788
61.250074327395524,10.247792100654792
61.16918432739553,10.16690210065478
61.08829432739553,10.086012100654784
61.00740432739552,10.086012100654784
60.92651432739552,10.005122100654788
60.84562432739553,10.005122100654788
60.76473432739553,9.924232100654791
60.68384432739552,9.84334210065478
60.60295432739552,9.84334210065478
60.522064327395526,9.762452100654784
60.44117432739553,9.681562100654787
60.36028432739552,9.681562100654787
60.27939432739552,9.681562100654787
60.198504327395526,9.60067210065479
60.11761432739553,9.60067210065479
60.03672432739552,9.519782100654794
59.95583432739552,9.519782100654794
59.874944327395525,9.519782100654794
59.79405432739553,9.438892100654783
59.71316432739552,9.438892100654783
59.63227432739552,9.438892100654783
59.551384327395525,9.358002100654787
59.47049432739553,9.358002100654787
59.38960432739552,9.27711210065479
59.30871432739552,9.27711210065479
59.227824327395524,9.27711210065479
59.14693432739553,9.196222100654794
59.06604432739553,9.196222100654794
58.98515432739552,9.196222100654794
58.90426432739552,9.115332100654783
58.82337432739553,9.115332100654783
58.74248432739553,9.034442100654786
58.66159432739552,9.034442100654786
58.58070432739552,9.034442100654786
58.49981432739553,8.95355210065479
58.41892432739553,8.95355210065479
58.33803432739552,8.872662100654793
58.25714432739552,8.872662100654793
58.176254327395526,8.791772100654782
58.09536432739553,8.791772100654782
58.01447432739552,8.710882100654786
57.93358432739552,8.710882100654786
57.852694327395525,8.629992100654789
57.77180432739553,8.629992100654789
57.69091432739552,8.549102100654792
57.61002432739552,8.549102100654792
57.529134327395525,8.549102100654792
57.44824432739553,8.468212100654782
57.36735432739552,8.468212100654782
57.28646432739552,8.387322100654785
57.205574327395524,8.387322100654785
57.12468432739553,8.306432100654789
57.04379432739552,8.225542100654792
56.96290432739552,8.144652100654781
56.882014327395524,8.144652100654781
56.80112432739553,8.063762100654785
56.72023432739553,7.982872100654788
56.63934432739552,7.9019821006547915
56.55845432739552,7.9019821006547915
56.47756432739553,7.821092100654781
56.47756432739553,7.740202100654784
56.39667432739553,7.6593121006547875
56.31578432739552,7.578422100654791
56.23489432739552,7.578422100654791
56.154004327395526,7.49753210065478
56.154004327395526,7.416642100654784
56.07311432739553,7.335752100654787
55.99222432739552,7.25486210065479
55.91133432739552,7.173972100654794
55.91133432739552,7.093082100654783
55.830444327395526,7.0121921006547865
55.74955432739553,6.93130210065479
55.74955432739553,6.850412100654793
55.66866432739552,6.7695221006547825
55.58777432739552,6.688632100654786
55.58777432739552,6.607742100654789
55.506884327395525,6.526852100654793
55.506884327395525,6.445962100654782
55.42599432739553,6.3650721006547855
55.42599432739553,6.284182100654789
55.42599432739553,6.203292100654792
55.34510432739552,6.1224021006547815
55.26421432739552,6.041512100654785
55.26421432739552,5.960622100654788
55.26421432739552,5.879732100654792
55.183324327395525,5.798842100654781
55.10243432739553,5.717952100654784
55.10243432739553,5.637062100654788
55.10243432739553,5.556172100654791
55.02154432739552,5.4752821006547805
55.02154432739552,5.394392100654784
54.94065432739552,5.313502100654787
54.94065432739552,5.232612100654791
54.859764327395524,5.15172210065478
54.859764327395524,5.070832100654783
54.859764327395524,4.989942100654787
54.77887432739553,4.90905210065479
54.77887432739553,4.828162100654794
54.69798432739552,4.747272100654783
54.69798432739552,4.666382100654786
54.69798432739552,4.58549210065479
54.61709432739552,4.504602100654793
54.61709432739552,4.423712100654782
54.536204327395524,4.342822100654786
54.536204327395524,4.261932100654789
54.536204327395524,4.181042100654793
54.45531432739553,4.100152100654782
54.45531432739553,4.019262100654785
54.45531432739553,3.9383721006547887
54.37442432739553,3.857482100654792
54.37442432739553,3.7765921006547813
54.37442432739553,3.6957021006547848
54.29353432739552,3.614812100654788
54.29353432739552,3.5339221006547916
54.21264432739552,3.453032100654781
54.21264432739552,3.3721421006547843
54.21264432739552,3.2912521006547877
54.13175432739553,3.210362100654791
54.13175432739553,3.1294721006547803
54.13175432739553,3.0485821006547837
54.05086432739553,2.967692100654787
53.96997432739552,2.8868021006547906
53.96997432739552,2.805912100654794
53.96997432739552,2.7250221006547832
53.88908432739552,2.6441321006547867
53.88908432739552,2.56324210065479
53.808194327395526,2.4823521006547935
53.808194327395526,2.4014621006547827
53.72730432739553,2.320572100654786
53.72730432739553,2.2396821006547896
53.64641432739552,2.158792100654793
53.64641432739552,2.077902100654782
53.56552432739552,1.9970121006547856
53.56552432739552,1.916122100654789
53.484634327395526,1.8352321006547925
53.40374432739553,1.7543421006547817
53.40374432739553,1.6734521006547851
53.32285432739552,1.5925621006547885
53.32285432739552,1.511672100654792
53.24196432739552,1.4307821006547812
53.161074327395525,1.3498921006547846
53.08018432739553,1.269002100654788
52.99929432739552,1.1881121006547914
52.99929432739552,1.1072221006547807
52.91840432739552,1.026332100654784
52.837514327395525,0.9454421006547875
52.75662432739553,0.8645521006547909
52.67573432739552,0.7836621006547801
52.59484432739552,0.7027721006547836
52.59484432739552,0.621882100654787
52.513954327395524,0.5409921006547904
52.43306432739553,0.46010210065479384
52.35217432739553,0.46010210065479384
52.27128432739552,0.46010210065479384
52.19039432739552,0.37921210065478306
52.19039432739552,0.2983221006547865
52.10950432739553,0.2174321006547899
52.02861432739553,0.2174321006547899
51.94772432739552,0.13654210065479333
51.86683432739552,0.055652100654782544
51.785944327395526,0.055652100654782544
51.70505432739553,-0.025237899345214032
51.62416432739552,-0.10612789934521061
51.54327432739552,-0.18701789934520718
51.462384327395526,-0.18701789934520718
51.38149432739553,-0.26790789934521797
51.30060432739552,-0.26790789934521797
51.21971432739552,-0.34879789934521455
51.138824327395525,-0.4296878993452111
51.05793432739553,-0.4296878993452111
50.97704432739552,-0.5105778993452077
50.89615432739552,-0.5914678993452185
50.815264327395525,-0.5914678993452185
50.73437432739553,-0.6723578993452151
50.65348432739552,-0.7532478993452116
50.57259432739552,-0.7532478993452116
50.491704327395524,-0.8341378993452082
50.41081432739553,-0.8341378993452082
50.32992432739552,-0.915027899345219
50.24903432739552,-0.9959178993452156
50.168144327395524,-1.0768078993452121
50.08725432739553,-1.0768078993452121
50.00636432739553,-1.1576978993452087
49.92547432739552,-1.1576978993452087
49.84458432739552,-1.2385878993452195
49.76369432739553,-1.319477899345216
49.68280432739553,-1.319477899345216
49.60191432739552,-1.4003678993452127
49.52102432739552,-1.4812578993452092
49.440134327395526,-1.4812578993452092
49.35924432739553,-1.56214789934522
49.27835432739552,-1.56214789934522
49.19746432739552,-1.6430378993452166
49.116574327395526,-1.7239278993452132
49.03568432739553,-1.7239278993452132
48.95479432739552,-1.8048178993452098
48.87390432739552,-1.8857078993452063
48.793014327395525,-1.8857078993452063
48.71212432739553,-1.9665978993452171
48.63123432739552,-1.9665978993452171
48.55034432739552,-2.0474878993452137
48.469454327395525,-2.1283778993452103
48.38856432739553,-2.1283778993452103
48.30767432739552,-2.209267899345207
48.22678432739552,-2.209267899345207
48.145894327395524,-2.2901578993452176
48.06500432739553,-2.371047899345214
47.98411432739552,-2.371047899345214
47.90322432739552,-2.451937899345211
47.822334327395524,-2.5328278993452074
47.74144432739553,-2.5328278993452074
47.66055432739553,-2.613717899345218
47.57966432739552,-2.613717899345218
47.49877432739552,-2.6946078993452147
47.41788432739553,-2.7754978993452113
47.33699432739553,-2.7754978993452113
47.25610432739552,-2.856387899345208
47.17521432739552,-2.856387899345208
47.094324327395526,-2.9372778993452187
47.01343432739553,-3.0181678993452152
46.93254432739552,-3.0181678993452152
46.85165432739552,-3.099057899345212
46.770764327395526,-3.1799478993452084
46.68987432739553,-3.1799478993452084
46.60898432739552,-3.260837899345219
46.52809432739552,-3.260837899345219
46.447204327395525,-3.3417278993452157
46.36631432739553,-3.4226178993452123
46.28542432739552,-3.4226178993452123
46.20453432739552,-3.503507899345209
46.123644327395525,-3.503507899345209
46.04275432739553,-3.5843978993452197
45.96186432739552,-3.6652878993452163
45.88097432739552,-3.6652878993452163
45.800084327395524,-3.746177899345213
45.71919432739553,-3.8270678993452094
45.63830432739552,-3.8270678993452094
45.55741432739552,-3.90795789934522
45.47652432739552,-3.9888478993452168
45.39563432739553,-3.9888478993452168
45.31474432739553,-4.069737899345213
45.23385432739552,-4.069737899345213
45.15296432739552,-4.15062789934521
45.072074327395526,-4.2315178993452065
44.99118432739553,-4.2315178993452065
44.91029432739552,-4.312407899345217
44.82940432739552,-4.393297899345214
44.748514327395526,-4.393297899345214
44.66762432739553,-4.47418789934521
44.58673432739552,-4.47418789934521
44.50584432739552,-4.555077899345207
44.424954327395525,-4.635967899345218
44.34406432739553,-4.635967899345218
44.26317432739552,-4.716857899345214
44.18228432739552,-4.716857899345214
44.101394327395525,-4.797747899345211
44.02050432739553,-4.8786378993452075
43.93961432739552,-4.8786378993452075
43.85872432739552,-4.959527899345218
43.777834327395524,-5.040417899345215
43.69694432739553,-5.040417899345215
43.61605432739552,-5.1213078993452115
43.53516432739552,-5.202197899345208
43.454274327395524,-5.202197899345208
43.37338432739553,-5.283087899345219
43.29249432739552,-5.283087899345219
43.21160432739552,-5.363977899345215
43.13071432739552,-5.444867899345212
43.04982432739553,-5.444867899345212
42.96893432739553,-5.525757899345209
42.88804432739552,-5.606647899345219
42.80715432739552,-5.606647899345219
42.726264327395526,-5.687537899345216
42.64537432739552,-5.7684278993452125
42.564484327395526,-5.7684278993452125
42.48359432739552,-5.849317899345209
42.402704327395526,-5.849317899345209
42.32181432739552,-5.93020789934522
42.240924327395525,-6.011097899345216
42.16003432739552,-6.011097899345216
42.079144327395525,-6.091987899345213
41.99825432739552,-6.17287789934521
41.917364327395525,-6.17287789934521
41.83647432739552,-6.25376789934522
41.755584327395525,-6.25376789934522
41.67469432739552,-6.334657899345217
41.593804327395524,-6.4155478993452135
41.51291432739552,-6.4155478993452135
41.432024327395524,-6.49643789934521
41.35113432739552,-6.577327899345207
41.270244327395524,-6.577327899345207
41.18935432739552,-6.6582178993452175
41.108464327395524,-6.739107899345214
41.02757432739552,-6.739107899345214
40.94668432739552,-6.819997899345211
40.86579432739552,-6.819997899345211
40.78490432739552,-6.900887899345214
40.70401432739553,-6.981777899345211
40.62312432739552,-7.0626678993452146
40.542234327395526,-7.143557899345211
40.46134432739552,-7.143557899345211
40.380454327395526,-7.224447899345215
40.29956432739552,-7.305337899345211
40.218674327395526,-7.386227899345215
40.13778432739552,-7.386227899345215
40.056894327395526,-7.467117899345212
39.97600432739552,-7.548007899345215
39.895114327395525,-7.628897899345212
39.81422432739552,-7.628897899345212
39.733334327395525,-7.709787899345216
39.65244432739552,-7.790677899345212
39.571554327395525,-7.871567899345216
39.49066432739552,-7.871567899345216
39.409774327395525,-7.952457899345212
39.409774327395525,-8.033347899345216
39.32888432739552,-8.114237899345213
39.247994327395524,-8.114237899345213
39.16710432739552,-8.195127899345216
39.086214327395524,-8.276017899345213
39.086214327395524,-8.356907899345217
39.00532432739552,-8.437797899345213
38.924434327395524,-8.437797899345213
38.84354432739552,-8.518687899345217
38.76265432739552,-8.599577899345213
38.76265432739552,-8.680467899345217
38.68176432739552,-8.761357899345214
38.60087432739552,-8.84224789934521
38.51998432739553,-8.923137899345214
38.51998432739553,-9.00402789934521
38.43909432739552,-9.084917899345214
38.358204327395526,-9.16580789934521
38.358204327395526,-9.246697899345214
38.27731432739552,-9.327587899345211
38.196424327395526,-9.408477899345215
38.196424327395526,-9.489367899345211
38.11553432739552,-9.570257899345215
38.11553432739552,-9.651147899345212
38.034644327395526,-9.732037899345215
38.034644327395526,-9.812927899345212
37.95375432739552,-9.893817899345215
37.872864327395526,-9.974707899345212
37.872864327395526,-10.055597899345216
37.872864327395526,-10.136487899345212
37.79197432739552,-10.217377899345216
37.711084327395525,-10.298267899345213
37.711084327395525,-10.379157899345216
37.711084327395525,-10.460047899345213
37.63019432739552,-10.540937899345217
37.63019432739552,-10.621827899345213
37.549304327395525,-10.702717899345217
37.549304327395525,-10.783607899345213
37.46841432739552,-10.864497899345217
37.46841432739552,-10.945387899345214
37.387524327395525,-11.02627789934521
37.387524327395525,-11.107167899345214
37.387524327395525,-11.18805789934521
37.30663432739552,-11.268947899345214
37.30663432739552,-11.34983789934521
37.225744327395525,-11.430727899345214
37.225744327395525,-11.511617899345211
37.225744327395525,-11.592507899345215
37.225744327395525,-11.673397899345211
37.14485432739552,-11.754287899345215
37.14485432739552,-11.835177899345211
37.14485432739552,-11.916067899345215
37.063964327395524,-11.996957899345212
37.063964327395524,-12.077847899345215
37.063964327395524,-12.158737899345212
37.063964327395524,-12.239627899345216
37.063964327395524,-12.320517899345212
36.98307432739552,-12.401407899345216
36.98307432739552,-12.482297899345212
36.98307432739552,-12.563187899345216
36.98307432739552,-12.644077899345213
36.98307432739552,-12.724967899345216
36.902184327395524,-12.805857899345213
36.902184327395524,-12.886747899345217
36.902184327395524,-12.967637899345213
36.902184327395524,-13.048527899345217
36.82129432739552,-13.129417899345214
36.82129432739552,-13.210307899345217
36.82129432739552,-13.291197899345214
36.82129432739552,-13.37208789934521
36.82129432739552,-13.452977899345214
36.82129432739552,-13.53386789934521
36.82129432739552,-13.614757899345214
36.82129432739552,-13.69564789934521
36.82129432739552,-13.776537899345215
36.82129432739552,-13.857427899345211
36.82129432739552,-13.938317899345215
36.82129432739552,-14.019207899345211
36.82129432739552,-14.100097899345215
36.740404327395524,-14.180987899345212
36.740404327395524,-14.261877899345215
36.740404327395524,-14.342767899345212
36.82129432739552,-14.423657899345216
36.82129432739552,-14.504547899345212
36.82129432739552,-14.585437899345216
36.82129432739552,-14.666327899345212
36.82129432739552,-14.747217899345216
36.82129432739552,-14.828107899345213
36.82129432739552,-14.908997899345216
36.82129432739552,-14.989887899345213
36.82129432739552,-15.070777899345217
36.82129432739552,-15.151667899345213
36.82129432739552,-15.232557899345217
36.82129432739552,-15.313447899345213
36.902184327395524,-15.394337899345217
36.902184327395524,-15.475227899345214
36.902184327395524,-15.556117899345217
36.98307432739552,-15.637007899345214
36.98307432739552,-15.71789789934521
36.98307432739552,-15.798787899345214
36.98307432739552,-15.87967789934521
36.98307432739552,-15.960567899345214
36.98307432739552,-16.04145789934521
37.063964327395524,-16.122347899345215
37.063964327395524,-16.20323789934521
37.063964327395524,-16.284127899345215
37.063964327395524,-16.36501789934521
37.14485432739552,-16.445907899345215
37.14485432739552,-16.526797899345212
37.14485432739552,-16.607687899345215
37.14485432739552,-16.688577899345212
37.225744327395525,-16.769467899345216
37.225744327395525,-16.850357899345212
37.30663432739552,-16.931247899345216
37.30663432739552,-17.012137899345213
37.30663432739552,-17.093027899345216
37.387524327395525,-17.173917899345213
37.387524327395525,-17.254807899345217
37.387524327395525,-17.335697899345213
37.46841432739552,-17.416587899345217
37.46841432739552,-17.497477899345213
37.46841432739552,-17.578367899345217
37.549304327395525,-17.659257899345214
37.549304327395525,-17.740147899345217
37.549304327395525,-17.821037899345214
37.63019432739552,-17.90192789934521
37.63019432739552,-17.982817899345214
37.711084327395525,-18.06370789934521
37.711084327395525,-18.144597899345214
37.711084327395525,-18.22548789934521
37.79197432739552,-18.306377899345215
37.79197432739552,-18.38726789934521
37.79197432739552,-18.468157899345215
37.872864327395526,-18.54904789934521
37.872864327395526,-18.629937899345215
37.872864327395526,-18.71082789934521
37.95375432739552,-18.791717899345215
37.95375432739552,-18.872607899345212
38.034644327395526,-18.953497899345216
38.034644327395526,-19.034387899345212
38.034644327395526,-19.115277899345216
38.11553432739552,-19.196167899345213
38.11553432739552,-19.277057899345216
38.11553432739552,-19.357947899345213
38.196424327395526,-19.438837899345216
38.196424327395526,-19.519727899345213
38.196424327395526,-19.600617899345217
38.27731432739552,-19.681507899345213
38.27731432739552,-19.762397899345217
38.27731432739552,-19.843287899345214
38.358204327395526,-19.924177899345217
38.358204327395526,-20.005067899345214
38.43909432739552,-20.085957899345217
38.43909432739552,-20.166847899345214
38.43909432739552,-20.24773789934521
38.51998432739553,-20.328627899345214
38.51998432739553,-20.40951789934521
38.51998432739553,-20.490407899345215
38.60087432739552,-20.57129789934521
38.60087432739552,-20.652187899345215
38.60087432739552,-20.73307789934521
38.68176432739552,-20.813967899345215
38.68176432739552,-20.89485789934521
38.68176432739552,-20.975747899345215
38.76265432739552,-21.056637899345212
38.76265432739552,-21.137527899345216
38.76265432739552,-21.218417899345212
38.84354432739552,-21.299307899345216
38.84354432739552,-21.380197899345212
38.924434327395524,-21.461087899345216
38.924434327395524,-21.541977899345213
38.924434327395524,-21.622867899345216
39.00532432739552,-21.703757899345213
39.00532432739552,-21.784647899345217
39.00532432739552,-21.865537899345213
39.086214327395524,-21.946427899345217
39.086214327395524,-22.027317899345213
39.086214327395524,-22.108207899345217
39.16710432739552,-22.189097899345214
39.16710432739552,-22.269987899345217
39.247994327395524,-22.350877899345214
39.247994327395524,-22.431767899345218
39.247994327395524,-22.512657899345214
39.32888432739552,-22.59354789934521
39.32888432739552,-22.674437899345214
39.32888432739552,-22.75532789934521
39.409774327395525,-22.836217899345215
39.409774327395525,-22.91710789934521
39.409774327395525,-22.997997899345215
39.49066432739552,-23.07888789934521
39.49066432739552,-23.159777899345215
39.49066432739552,-23.240667899345212
39.571554327395525,-23.321557899345216
39.571554327395525,-23.402447899345212
39.65244432739552,-23.483337899345216
39.65244432739552,-23.564227899345212
39.65244432739552,-23.645117899345216
39.733334327395525,-23.726007899345213
39.733334327395525,-23.806897899345216
39.733334327395525,-23.887787899345213
39.81422432739552,-23.968677899345217
39.81422432739552,-24.049567899345213
39.81422432739552,-24.130457899345217
39.895114327395525,-24.211347899345213
39.895114327395525,-24.292237899345217
39.895114327395525,-24.373127899345214
39.97600432739552,-24.454017899345217
39.97600432739552,-24.534907899345214
40.056894327395526,-24.615797899345218
40.056894327395526,-24.696687899345214
40.056894327395526,-24.777577899345218
40.13778432739552,-24.858467899345214
40.13778432739552,-24.93935789934521
40.13778432739552,-25.020247899345215
40.218674327395526,-25.10113789934521
40.218674327395526,-25.182027899345215
40.218674327395526,-25.26291789934521
40.29956432739552,-25.343807899345215
40.29956432739552,-25.42469789934521
40.29956432739552,-25.505587899345215
40.380454327395526,-25.586477899345212
40.380454327395526,-25.667367899345216
40.380454327395526,-25.748257899345212
40.46134432739552,-25.829147899345216
40.46134432739552,-25.910037899345213
40.46134432739552,-25.990927899345216
40.542234327395526,-26.071817899345213
40.542234327395526,-26.152707899345216
40.542234327395526,-26.233597899345213
40.62312432739552,-26.314487899345217
40.62312432739552,-26.395377899345213
40.70401432739553,-26.476267899345217
40.70401432739553,-26.557157899345214
40.70401432739553,-26.638047899345217
40.70401432739553,-26.718937899345214
40.78490432739552,-26.799827899345217
40.78490432739552,-26.880717899345214
40.78490432739552,-26.961607899345218
40.86579432739552,-27.042497899345214
40.86579432739552,-27.12338789934521
40.86579432739552,-27.204277899345215
40.94668432739552,-27.28516789934521
40.94668432739552,-27.366057899345215
40.94668432739552,-27.44694789934521
40.94668432739552,-27.527837899345215
40.94668432739552,-27.60872789934521
40.94668432739552,-27.689617899345215
40.94668432739552,-27.770507899345212
40.94668432739552,-27.851397899345216
41.02757432739552,-27.932287899345212
41.02757432739552,-28.013177899345216
41.02757432739552,-28.094067899345212
41.02757432739552,-28.174957899345216
41.02757432739552,-28.255847899345213
41.02757432739552,-28.336737899345216
40.94668432739552,-28.417627899345213
40.94668432739552,-28.498517899345217
40.94668432739552,-28.579407899345213
40.94668432739552,-28.660297899345217
40.86579432739552,-28.741187899345213
40.86579432739552,-28.822077899345217
40.78490432739552,-28.902967899345214
40.70401432739553,-28.902967899345214
40.62312432739552,-28.983857899345217
40.542234327395526,-28.983857899345217
40.46134432739552,-28.983857899345217
40.380454327395526,-28.983857899345217
40.29956432739552,-29.064747899345214
40.218674327395526,-29.064747899345214
40.13778432739552,-29.064747899345214
40.056894327395526,-29.064747899345214
39.97600432739552,-29.064747899345214
39.895114327395525,-29.064747899345214
39.81422432739552,-29.064747899345214
39.733334327395525,-29.064747899345214
39.65244432739552,-28.983857899345217
39.571554327395525,-28.983857899345217
39.49066432739552,-28.983857899345217
39.409774327395525,-28.983857899345217
39.32888432739552,-28.983857899345217
39.247994327395524,-28.983857899345217
39.16710432739552,-28.983857899345217
39.086214327395524,-28.902967899345214
39.00532432739552,-28.902967899345214
38.924434327395524,-28.902967899345214
38.84354432739552,-28.822077899345217
38.76265432739552,-28.822077899345217
38.68176432739552,-28.822077899345217
38.60087432739552,-28.741187899345213
38.51998432739553,-28.741187899345213
38.43909432739552,-28.741187899345213
38.358204327395526,-28.660297899345217
38.27731432739552,-28.660297899345217
38.196424327395526,-28.579407899345213
38.11553432739552,-28.579407899345213
38.034644327395526,-28.498517899345217
37.95375432739552,-28.498517899345217
37.872864327395526,-28.417627899345213
37.79197432739552,-28.417627899345213
37.711084327395525,-28.336737899345216
37.63019432739552,-28.336737899345216
37.549304327395525,-28.255847899345213
37.46841432739552,-28.255847899345213
37.387524327395525,-28.174957899345216
37.30663432739552,-28.174957899345216
37.225744327395525,-28.094067899345212
37.14485432739552,-28.094067899345212
37.063964327395524,-28.013177899345216
36.98307432739552,-28.013177899345216
36.902184327395524,-27.932287899345212
36.82129432739552,-27.932287899345212
36.740404327395524,-27.851397899345216
36.65951432739552,-27.851397899345216
36.578624327395524,-27.770507899345212
36.49773432739552,-27.770507899345212
36.41684432739552,-27.689617899345215
36.33595432739552,-27.60872789934521
36.25506432739552,-27.60872789934521
36.17417432739553,-27.527837899345215
36.09328432739552,-27.527837899345215
36.012394327395526,-27.44694789934521
35.93150432739552,-27.366057899345215
35.850614327395526,-27.366057899345215
35.76972432739552,-27.28516789934521
35.688834327395526,-27.28516789934521
35.60794432739552,-27.204277899345215
35.527054327395525,-27.12338789934521
35.44616432739552,-27.042497899345214
35.365274327395525,-27.042497899345214
35.28438432739552,-26.961607899345218
35.203494327395525,-26.880717899345214
35.12260432739552,-26.799827899345217
35.041714327395525,-26.718937899345214
34.96082432739552,-26.718937899345214
34.879934327395524,-26.638047899345217
34.79904432739552,-26.557157899345214
34.718154327395524,-26.476267899345217
34.63726432739552,-26.395377899345213
34.556374327395524,-26.314487899345217
34.47548432739552,-26.314487899345217
34.394594327395524,-26.233597899345213
34.31370432739552,-26.152707899345216
34.23281432739552,-26.152707899345216
34.15192432739552,-26.071817899345213
34.07103432739552,-25.990927899345216
33.99014432739552,-25.990927899345216
33.90925432739552,-25.910037899345213
33.828364327395526,-25.829147899345216
33.74747432739552,-25.748257899345212
33.666584327395526,-25.667367899345216
33.58569432739552,-25.586477899345212
33.504804327395526,-25.586477899345212
33.42391432739552,-25.505587899345215
33.343024327395526,-25.42469789934521
33.26213432739552,-25.343807899345215
33.181244327395525,-25.343807899345215
33.10035432739552,-25.26291789934521
33.019464327395525,-25.182027899345215
32.93857432739552,-25.10113789934521
32.857684327395525,-25.020247899345215
32.77679432739552,-25.020247899345215
32.695904327395525,-24.93935789934521
32.61501432739552,-24.858467899345214
32.534124327395524,-24.777577899345218
32.45323432739552,-24.777577899345218
32.372344327395524,-24.696687899345214
32.29145432739552,-24.615797899345218
32.210564327395524,-24.534907899345214
32.12967432739552,-24.454017899345217
32.04878432739552,-24.454017899345217
31.96789432739552,-24.454017899345217
31.887004327395523,-24.373127899345214
31.80611432739552,-24.292237899345217
31.725224327395523,-24.211347899345213
31.644334327395526,-24.130457899345217
31.563444327395523,-24.049567899345213
31.482554327395526,-23.968677899345217
31.401664327395522,-23.968677899345217
31.320774327395526,-23.887787899345213
31.239884327395522,-23.887787899345213
31.158994327395526,-23.806897899345216
31.078104327395522,-23.726007899345213
30.997214327395525,-23.645117899345216
30.91632432739552,-23.564227899345212
30.835434327395525,-23.483337899345216
30.75454432739552,-23.483337899345216
30.673654327395525,-23.402447899345212
30.59276432739552,-23.402447899345212
30.511874327395525,-23.321557899345216
30.43098432739552,-23.240667899345212
30.350094327395524,-23.159777899345215
30.26920432739552,-23.07888789934521
30.188314327395524,-22.997997899345215
30.10742432739552,-22.91710789934521
30.026534327395524,-22.91710789934521
29.94564432739552,-22.836217899345215
29.864754327395524,-22.836217899345215
29.78386432739552,-22.75532789934521
29.702974327395523,-22.674437899345214
29.62208432739552,-22.59354789934521
29.541194327395523,-22.59354789934521
29.46030432739552,-22.512657899345214
29.379414327395523,-22.431767899345218
29.298524327395526,-22.350877899345214
29.217634327395523,-22.269987899345217
29.136744327395526,-22.189097899345214
29.055854327395522,-22.108207899345217
28.974964327395526,-22.108207899345217
28.894074327395522,-22.027317899345213
28.813184327395525,-21.946427899345217
28.732294327395522,-21.946427899345217
28.651404327395525,-21.865537899345213
28.57051432739552,-21.784647899345217
28.489624327395525,-21.703757899345213
28.40873432739552,-21.703757899345213
28.327844327395525,-21.622867899345216
28.24695432739552,-21.541977899345213
28.166064327395524,-21.541977899345213
28.08517432739552,-21.461087899345216
28.004284327395524,-21.380197899345212
27.92339432739552,-21.299307899345216
27.842504327395524,-21.218417899345212
27.76161432739552,-21.137527899345216
27.680724327395524,-21.137527899345216
27.59983432739552,-21.056637899345212
27.518944327395523,-21.056637899345212
27.43805432739552,-20.975747899345215
27.43805432739552,-20.89485789934521
27.357164327395523,-20.813967899345215
27.27627432739552,-20.813967899345215
27.195384327395523,-20.73307789934521
27.11449432739552,-20.652187899345215
27.033604327395523,-20.57129789934521
26.952714327395526,-20.57129789934521
26.871824327395522,-20.490407899345215
26.790934327395526,-20.40951789934521
26.710044327395522,-20.40951789934521
26.629154327395526,-20.328627899345214
26.548264327395522,-20.24773789934521
26.467374327395525,-20.166847899345214
26.38648432739552,-20.085957899345217
26.305594327395525,-20.085957899345217
26.22470432739552,-20.005067899345214
26.143814327395525,-19.924177899345217
26.06292432739552,-19.843287899345214
25.982034327395525,-19.843287899345214
25.90114432739552,-19.762397899345217
25.820254327395524,-19.681507899345213
25.73936432739552,-19.600617899345217
25.658474327395524,-19.600617899345217
25.57758432739552,-19.519727899345213
25.496694327395524,-19.438837899345216
25.41580432739552,-19.357947899345213
25.334914327395524,-19.277057899345216
25.25402432739552,-19.277057899345216
25.173134327395523,-19.196167899345213
25.09224432739552,-19.115277899345216
25.011354327395523,-19.034387899345212
24.93046432739552,-19.034387899345212
24.849574327395523,-18.953497899345216
24.76868432739552,-18.953497899345216
24.687794327395522,-18.872607899345212
24.606904327395526,-18.791717899345215
24.526014327395522,-18.71082789934521
24.445124327395526,-18.629937899345215
24.364234327395522,-18.629937899345215
24.283344327395525,-18.54904789934521
24.20245432739552,-18.468157899345215
24.121564327395525,-18.38726789934521
24.04067432739552,-18.38726789934521
23.959784327395525,-18.306377899345215
23.87889432739552,-18.22548789934521
23.798004327395525,-18.144597899345214
23.71711432739552,-18.06370789934521
23.636224327395524,-18.06370789934521
23.55533432739552,-17.982817899345214
23.474444327395524,-17.90192789934521
23.39355432739552,-17.821037899345214
23.312664327395524,-17.740147899345217
23.23177432739552,-17.740147899345217
23.150884327395524,-17.659257899345214
23.06999432739552,-17.659257899345214
22.989104327395523,-17.578367899345217
22.90821432739552,-17.497477899345213
22.827324327395523,-17.416587899345217
22.74643432739552,-17.335697899345213
22.665544327395523,-17.254807899345217
22.58465432739552,-17.173917899345213
22.503764327395523,-17.173917899345213
22.422874327395526,-17.093027899345216
22.341984327395522,-17.012137899345213
22.261094327395526,-16.931247899345216
22.180204327395522,-16.931247899345216
22.099314327395525,-16.850357899345212
22.018424327395522,-16.769467899345216
21.937534327395525,-16.688577899345212
21.85664432739552,-16.607687899345215
21.775754327395525,-16.607687899345215
21.69486432739552,-16.526797899345212
21.613974327395525,-16.445907899345215
21.53308432739552,-16.36501789934521
21.452194327395524,-16.36501789934521
21.37130432739552,-16.284127899345215
21.290414327395524,-16.20323789934521
21.20952432739552,-16.20323789934521
21.128634327395524,-16.122347899345215
21.04774432739552,-16.04145789934521
20.966854327395524,-16.04145789934521
20.88596432739552,-15.960567899345214
20.805074327395523,-15.87967789934521
20.72418432739552,-15.798787899345214
20.643294327395523,-15.798787899345214
20.56240432739552,-15.71789789934521
20.481514327395523,-15.637007899345214
20.40062432739552,-15.556117899345217
20.319734327395523,-15.475227899345214
20.23884432739552,-15.394337899345217
20.157954327395522,-15.394337899345217
20.077064327395526,-15.313447899345213
19.996174327395522,-15.232557899345217
19.915284327395526,-15.232557899345217
19.834394327395522,-15.151667899345213
19.753504327395525,-15.070777899345217
19.67261432739552,-14.989887899345213
19.591724327395525,-14.908997899345216
19.51083432739552,-14.828107899345213
19.429944327395525,-14.828107899345213
19.34905432739552,-14.747217899345216
19.268164327395525,-14.747217899345216
19.18727432739552,-14.666327899345212
19.106384327395524,-14.585437899345216
19.02549432739552,-14.504547899345212
18.944604327395524,-14.504547899345212
18.86371432739552,-14.423657899345216
18.86371432739552,-14.342767899345212
18.782824327395524,-14.261877899345215
18.70193432739552,-14.261877899345215
18.621044327395524,-14.261877899345215
18.54015432739552,-14.180987899345212
18.459264327395523,-14.100097899345215
18.37837432739552,-14.019207899345211
18.297484327395523,-13.938317899345215
18.21659432739552,-13.857427899345211
18.135704327395523,-13.857427899345211
18.05481432739552,-13.776537899345215
17.973924327395522,-13.69564789934521
17.89303432739552,-13.614757899345214
17.812144327395522,-13.53386789934521
17.731254327395526,-13.53386789934521
17.650364327395522,-13.452977899345214
17.569474327395525,-13.37208789934521
17.48858432739552,-13.291197899345214
17.407694327395525,-13.291197899345214
17.32680432739552,-13.210307899345217
17.245914327395525,-13.129417899345214
17.16502432739552,-13.048527899345217
17.084134327395525,-13.048527899345217
17.00324432739552,-12.967637899345213
16.922354327395524,-12.886747899345217
16.84146432739552,-12.805857899345213
16.760574327395524,-12.724967899345216
16.67968432739552,-12.724967899345216
16.598794327395524,-12.644077899345213
16.51790432739552,-12.563187899345216
16.437014327395524,-12.563187899345216
16.35612432739552,-12.482297899345212
16.275234327395523,-12.401407899345216
16.19434432739552,-12.320517899345212
16.113454327395523,-12.320517899345212
16.03256432739552,-12.239627899345216
15.951674327395523,-12.158737899345212
15.87078432739552,-12.158737899345212
15.789894327395523,-12.077847899345215
15.709004327395519,-11.996957899345212
15.628114327395522,-11.916067899345215
15.547224327395526,-11.916067899345215
15.466334327395522,-11.835177899345211
15.385444327395525,-11.754287899345215
15.304554327395522,-11.673397899345211
15.223664327395525,-11.592507899345215
15.142774327395522,-11.511617899345211
15.061884327395525,-11.511617899345211
14.980994327395521,-11.430727899345214
14.900104327395525,-11.34983789934521
14.819214327395521,-11.268947899345214
14.738324327395524,-11.18805789934521
14.65743432739552,-11.18805789934521
14.576544327395524,-11.107167899345214
14.49565432739552,-11.107167899345214
14.414764327395524,-11.02627789934521
14.33387432739552,-10.945387899345214
14.252984327395524,-10.864497899345217
14.17209432739552,-10.783607899345213
14.091204327395523,-10.702717899345217
14.01031432739552,-10.621827899345213
13.929424327395523,-10.621827899345213
13.84853432739552,-10.540937899345217
13.767644327395523,-10.460047899345213
13.68675432739552,-10.379157899345216
13.605864327395523,-10.379157899345216
13.524974327395519,-10.298267899345213
13.444084327395522,-10.298267899345213
13.363194327395519,-10.217377899345216
13.282304327395522,-10.136487899345212
13.201414327395526,-10.055597899345216
13.120524327395522,-10.055597899345216
13.039634327395525,-9.974707899345212
12.958744327395522,-9.893817899345215
12.877854327395525,-9.812927899345212
12.796964327395521,-9.732037899345215
12.716074327395525,-9.651147899345212
12.635184327395521,-9.651147899345212
12.554294327395525,-9.570257899345215
12.47340432739552,-9.489367899345211
12.392514327395524,-9.408477899345215
12.31162432739552,-9.327587899345211
12.230734327395524,-9.327587899345211
12.14984432739552,-9.246697899345214
12.068954327395524,-9.246697899345214
11.98806432739552,-9.16580789934521
11.907174327395524,-9.084917899345214
11.82628432739552,-9.00402789934521
11.745394327395523,-9.00402789934521
11.66450432739552,-8.923137899345214
11.583614327395523,-8.84224789934521
11.50272432739552,-8.761357899345214
11.421834327395523,-8.680467899345217
11.340944327395519,-8.599577899345213
11.260054327395522,-8.518687899345217
11.179164327395519,-8.518687899345217
11.098274327395522,-8.437797899345213
11.017384327395519,-8.356907899345217
10.936494327395522,-8.356907899345217
10.855604327395525,-8.276017899345213
10.774714327395522,-8.195127899345216
10.693824327395522,-8.114237899345213
10.612934327395521,-8.114237899345213
10.532044327395521,-8.033347899345216
10.451154327395521,-7.952457899345212
10.370264327395521,-7.871567899345216
10.289374327395521,-7.790677899345212
10.20848432739552,-7.790677899345212
10.12759432739552,-7.709787899345216
10.04670432739552,-7.709787899345216
9.96581432739552,-7.628897899345212
9.88492432739552,-7.548007899345215
9.80403432739552,-7.467117899345212
9.723144327395524,-7.467117899345212
9.642254327395523,-7.386227899345215
9.561364327395523,-7.305337899345211
9.480474327395523,-7.224447899345215
9.399584327395523,-7.143557899345211
9.318694327395523,-7.143557899345211
9.237804327395523,-7.0626678993452146
9.156914327395523,-6.981777899345211
9.076024327395523,-6.900887899345214
8.995134327395522,-6.819997899345211
8.914244327395522,-6.819997899345211
8.833354327395522,-6.739107899345214
8.752464327395522,-6.6582178993452175
8.671574327395522,-6.577327899345207
8.590684327395522,-6.577327899345207
8.509794327395522,-6.49643789934521
8.428904327395522,-6.4155478993452135
8.348014327395521,-6.334657899345217
8.267124327395521,-6.334657899345217
8.186234327395521,-6.25376789934522
8.105344327395521,-6.17287789934521
8.024454327395521,-6.091987899345213
7.943564327395521,-6.091987899345213
7.862674327395521,-6.011097899345216
7.7817843273955205,-5.93020789934522
7.70089432739552,-5.849317899345209
7.62000432739552,-5.7684278993452125
7.53911432739552,-5.687537899345216
7.4582243273955235,-5.687537899345216
7.377334327395523,-5.606647899345219
7.296444327395523,-5.525757899345209
7.215554327395523,-5.444867899345212
7.134664327395523,-5.444867899345212
7.053774327395523,-5.363977899345215
6.972884327395523,-5.363977899345215
6.891994327395523,-5.283087899345219
6.8111043273955225,-5.202197899345208
6.730214327395522,-5.1213078993452115
6.649324327395522,-5.1213078993452115
6.568434327395522,-5.040417899345215
6.487544327395522,-4.959527899345218
6.406654327395522,-4.8786378993452075
6.325764327395522,-4.797747899345211
6.244874327395522,-4.716857899345214
6.1639843273955215,-4.635967899345218
6.083094327395521,-4.635967899345218
6.002204327395521,-4.555077899345207
5.921314327395521,-4.47418789934521
5.840424327395521,-4.47418789934521
5.759534327395521,-4.393297899345214
5.678644327395521,-4.312407899345217
5.597754327395521,-4.2315178993452065
5.5168643273955205,-4.15062789934521
5.43597432739552,-4.15062789934521
5.35508432739552,-4.069737899345213
5.27419432739552,-3.9888478993452168
5.1933043273955235,-3.90795789934522
5.112414327395523,-3.90795789934522
5.031524327395523,-3.8270678993452094
4.950634327395523,-3.746177899345213
4.869744327395523,-3.6652878993452163
4.788854327395523,-3.5843978993452197
4.707964327395523,-3.5843978993452197
4.627074327395523,-3.503507899345209
4.5461843273955225,-3.503507899345209
4.465294327395522,-3.4226178993452123
4.384404327395522,-3.3417278993452157
4.303514327395522,-3.260837899345219
4.222624327395522,-3.260837899345219
4.141734327395522,-3.1799478993452084
4.060844327395522,-3.099057899345212
3.9799543273955216,-3.0181678993452152
3.8990643273955214,-2.9372778993452187
3.8181743273955213,-2.856387899345208
3.737284327395521,-2.7754978993452113
3.656394327395521,-2.7754978993452113
3.575504327395521,-2.6946078993452147
3.494614327395521,-2.6946078993452147
3.4137243273955207,-2.613717899345218
3.3328343273955205,-2.5328278993452074
3.2519443273955204,-2.451937899345211
3.1710543273955203,-2.371047899345214
3.09016432739552,-2.371047899345214
3.00927432739552,-2.2901578993452176
2.92838432739552,-2.209267899345207
2.8474943273955233,-2.1283778993452103
2.766604327395523,-2.0474878993452137
2.685714327395523,-2.0474878993452137
2.604824327395523,-1.9665978993452171
2.523934327395523,-1.8857078993452063
2.4430443273955227,-1.8048178993452098
2.3621543273955226,-1.8048178993452098
2.2812643273955224,-1.7239278993452132
2.2003743273955223,-1.6430378993452166
2.119484327395522,-1.6430378993452166
2.038594327395522,-1.56214789934522
1.957704327395522,-1.4812578993452092
1.8768143273955218,-1.4003678993452127
1.7959243273955217,-1.319477899345216
1.7150343273955215,-1.2385878993452195
1.6341443273955214,-1.2385878993452195
1.5532543273955213,-1.1576978993452087
1.4723643273955211,-1.0768078993452121
1.391474327395521,-1.0768078993452121
1.3105843273955209,-0.9959178993452156
1.2296943273955208,-0.915027899345219
1.1488043273955206,-0.915027899345219
1.0679143273955205,-0.8341378993452082
0.9870243273955204,-0.7532478993452116
0.9061343273955202,-0.6723578993452151
0.8252443273955201,-0.5914678993452185
0.74435432739552,-0.5914678993452185
0.6634643273955199,-0.5105778993452077
0.5825743273955233,-0.4296878993452111
0.5016843273955232,-0.34879789934521455
0.420794327395523,-0.34879789934521455
0.3399043273955229,-0.26790789934521797
0.25901432739552277,-0.18701789934520718
0.17812432739552264,-0.10612789934521061
0.09723432739552251,-0.025237899345214032
0.016344327395522384,0.055652100654782544
-0.06454567260447774,0.13654210065479333
-0.14543567260447787,0.13654210065479333
-0.226325672604478,0.2174321006547899
-0.30721567260447813,0.2983221006547865
-0.38810567260447826,0.2983221006547865
-0.4689956726044784,0.37921210065478306
-0.5498856726044785,0.46010210065479384
-0.6307756726044786,0.5409921006547904
-0.7116656726044788,0.621882100654787
-0.7925556726044789,0.621882100654787
-0.873445672604479,0.7027721006547836
-0.873445672604479,0.7027721006547836
