# s_m; t_s; v_mps; beta_rad; omega_z_radps; n_m; xi_rad
0.0; 0.000; 8.50; -0.00089; 0.05965; 0.48664; 0.00133
0.2; 0.024; 8.50; -0.00100; 0.06530; 0.48684; 0.00266
0.4; 0.047; 8.50; -0.00111; 0.07070; 0.48731; 0.00417
0.6; 0.071; 8.50; -0.00121; 0.07544; 0.48808; 0.00585
0.8; 0.094; 8.50; -0.00131; 0.07927; 0.48918; 0.00770
1.0; 0.118; 8.50; -0.00140; 0.08187; 0.49065; 0.00968
1.2; 0.141; 8.50; -0.00147; 0.08289; 0.49250; 0.01175
1.4; 0.165; 8.50; -0.00151; 0.08195; 0.49477; 0.01389
1.6; 0.188; 8.50; -0.00153; 0.07862; 0.49746; 0.01602
1.8; 0.212; 8.50; -0.00151; 0.07248; 0.50057; 0.01810
2.0; 0.235; 8.50; -0.00144; 0.06314; 0.50409; 0.02004
2.2; 0.259; 8.50; -0.00132; 0.05025; 0.50800; 0.02178
2.4; 0.282; 8.50; -0.00115; 0.03358; 0.51226; 0.02321
2.6; 0.306; 8.50; -0.00090; 0.01314; 0.51681; 0.02425
2.8; 0.330; 8.50; -0.00060; -0.01072; 0.52158; 0.02481
3.0; 0.353; 8.50; -0.00022; -0.03724; 0.52647; 0.02483
3.2; 0.377; 8.50; 0.00021; -0.06498; 0.53139; 0.02426
3.4; 0.400; 8.50; 0.00068; -0.09186; 0.53623; 0.02309
3.6; 0.424; 8.50; 0.00117; -0.11561; 0.54088; 0.02140
3.8; 0.448; 8.50; 0.00164; -0.13388; 0.54525; 0.01927
4.0; 0.471; 8.50; 0.00206; -0.14432; 0.54924; 0.01686
4.2; 0.495; 8.50; 0.00237; -0.14491; 0.55283; 0.01441
4.4; 0.518; 8.50; 0.00254; -0.13439; 0.55598; 0.01214
4.6; 0.542; 8.50; 0.00254; -0.11294; 0.55874; 0.01032
4.8; 0.566; 8.50; 0.00234; -0.08297; 0.56118; 0.00917
5.0; 0.589; 8.31; 0.00246; -0.07816; 0.56343; 0.00838
5.2; 0.614; 8.07; 0.00251; -0.05617; 0.56557; 0.00796
5.4; 0.639; 7.82; 0.00224; -0.03846; 0.56764; 0.00799
5.6; 0.665; 7.57; 0.00184; -0.04337; 0.56966; 0.00810
5.8; 0.692; 7.31; 0.00163; -0.08387; 0.57157; 0.00746
6.0; 0.720; 7.05; 0.00188; -0.16882; 0.57316; 0.00482
6.2; 0.749; 6.79; 0.00269; -0.30108; 0.57398; -0.00131
6.4; 0.779; 6.54; 0.00396; -0.47637; 0.57327; -0.01258
6.6; 0.811; 6.31; 0.00548; -0.68432; 0.56992; -0.03049
6.8; 0.843; 6.10; 0.00718; -0.91102; 0.56253; -0.05606
7.0; 0.877; 5.92; 0.00927; -1.13518; 0.54956; -0.08932
7.2; 0.911; 5.76; 0.01208; -1.33014; 0.52958; -0.12901
7.4; 0.947; 5.63; 0.01577; -1.47598; 0.50148; -0.17324
7.6; 0.985; 5.50; 0.02005; -1.55923; 0.46448; -0.21990
7.8; 1.024; 5.37; 0.02404; -1.57078; 0.41813; -0.26646
8.0; 1.064; 5.25; 0.02647; -1.57079; 0.36219; -0.31144
8.2; 1.106; 5.12; 0.02727; -1.57079; 0.29655; -0.35408
8.4; 1.150; 4.99; 0.02648; -1.57079; 0.22141; -0.39344
8.6; 1.195; 4.84; 0.02406; -1.57079; 0.13742; -0.42812
8.8; 1.242; 4.69; 0.01994; -1.57079; 0.04599; -0.45602
9.0; 1.290; 4.52; 0.01413; -1.57079; -0.05030; -0.47401
9.2; 1.339; 4.33; 0.00673; -1.57079; -0.14737; -0.47761
9.4; 1.387; 4.13; -0.00190; -1.57079; -0.23941; -0.46071
9.6; 1.433; 3.92; -0.01117; -1.57079; -0.31950; -0.41590
9.8; 1.475; 3.71; -0.02040; -1.57079; -0.38140; -0.33592
10.0; 1.512; 3.51; -0.02910; -1.57079; -0.42188; -0.21677
10.2; 1.545; 3.32; -0.03726; -1.57079; -0.44168; -0.06211
10.4; 1.576; 3.17; -0.04637; -1.57079; -0.44360; 0.11123
10.6; 1.610; 3.16; -0.05539; -1.57079; -0.42823; 0.27479
10.8; 1.649; 3.22; -0.05699; -1.57079; -0.39216; 0.40202
11.0; 1.697; 3.37; -0.05408; -1.57079; -0.33276; 0.48391
11.2; 1.749; 3.54; -0.04914; -1.57079; -0.25225; 0.52502
11.4; 1.806; 3.71; -0.04428; -1.57079; -0.15718; 0.53449
11.6; 1.863; 3.87; -0.03978; -1.57079; -0.05539; 0.52143
11.8; 1.920; 4.02; -0.03570; -1.57079; 0.04626; 0.49315
12.0; 1.975; 4.16; -0.03203; -1.57079; 0.14282; 0.45490
12.2; 2.028; 4.28; -0.02873; -1.57079; 0.23111; 0.41020
12.4; 2.080; 4.40; -0.02575; -1.57079; 0.30934; 0.36133
12.6; 2.129; 4.50; -0.02304; -1.57079; 0.37655; 0.30973
12.8; 2.176; 4.60; -0.02056; -1.57079; 0.43232; 0.25629
13.0; 2.222; 4.68; -0.01827; -1.57074; 0.47653; 0.20152
13.2; 2.266; 4.77; -0.01593; -1.50192; 0.50944; 0.14796
13.4; 2.309; 4.87; -0.01385; -1.37062; 0.53187; 0.09876
13.6; 2.351; 4.98; -0.01190; -1.20270; 0.54517; 0.05637
13.8; 2.392; 5.12; -0.00980; -1.01863; 0.55098; 0.02209
14.0; 2.431; 5.27; -0.00754; -0.83087; 0.55108; -0.00386
14.2; 2.469; 5.43; -0.00535; -0.64874; 0.54712; -0.02203
14.4; 2.506; 5.60; -0.00343; -0.48177; 0.54057; -0.03335
14.6; 2.542; 5.78; -0.00195; -0.34010; 0.53263; -0.03904
14.8; 2.577; 5.96; -0.00093; -0.22720; 0.52423; -0.04044
15.0; 2.611; 6.14; -0.00029; -0.13942; 0.51604; -0.03870
15.2; 2.644; 6.32; 0.00005; -0.07409; 0.50854; -0.03476
15.4; 2.675; 6.49; 0.00018; -0.02947; 0.50203; -0.02945
15.6; 2.706; 6.66; 0.00016; -0.00439; 0.49669; -0.02347
15.8; 2.736; 6.83; 0.00008; 0.00270; 0.49257; -0.01743
16.0; 2.766; 7.00; 0.00001; 0.00081; 0.48963; -0.01170
16.2; 2.794; 7.15; 0.00000; 0.00009; 0.48781; -0.00635
16.4; 2.822; 7.31; -0.00000; -0.00003; 0.48703; -0.00137
16.6; 2.850; 7.46; 0.00000; -0.00002; 0.48723; 0.00324
16.8; 2.876; 7.61; 0.00000; -0.00001; 0.48831; 0.00746
17.0; 2.903; 7.76; 0.00000; -0.00002; 0.49021; 0.01130
17.2; 2.928; 7.90; 0.00000; -0.00002; 0.49285; 0.01473
17.4; 2.954; 8.04; 0.00000; -0.00001; 0.49613; 0.01775
17.6; 2.979; 8.18; -0.00000; -0.00023; 0.49997; 0.02036
17.8; 3.003; 8.31; -0.00000; -0.00297; 0.50428; 0.02249
18.0; 3.027; 8.45; 0.00002; -0.00911; 0.50897; 0.02407
18.2; 3.051; 8.50; 0.00008; -0.01792; 0.51392; 0.02504
18.4; 3.074; 8.50; 0.00020; -0.02682; 0.51901; 0.02535
18.6; 3.098; 8.50; 0.00034; -0.03332; 0.52411; 0.02503
18.8; 3.121; 8.50; 0.00047; -0.03795; 0.52912; 0.02413
19.0; 3.145; 8.50; 0.00058; -0.04086; 0.53391; 0.02268
19.2; 3.168; 8.50; 0.00067; -0.04215; 0.53837; 0.02072
19.4; 3.192; 8.50; 0.00073; -0.04193; 0.54241; 0.01828
19.6; 3.215; 8.50; 0.00075; -0.04028; 0.54591; 0.01540
19.8; 3.239; 8.50; 0.00076; -0.03726; 0.54880; 0.01213
20.0; 3.262; 8.50; 0.00073; -0.03295; 0.55102; 0.00865
20.2; 3.285; 8.50; 0.00068; -0.02737; 0.55253; 0.00515
20.4; 3.309; 8.50; 0.00060; -0.02055; 0.55334; 0.00178
20.6; 3.332; 8.50; 0.00050; -0.01251; 0.55349; -0.00140
20.8; 3.355; 8.50; 0.00038; -0.00326; 0.55300; -0.00435
21.0; 3.379; 8.50; 0.00023; 0.00720; 0.55193; -0.00705
21.2; 3.402; 8.50; 0.00006; 0.01886; 0.55032; -0.00947
21.4; 3.425; 8.50; -0.00013; 0.03172; 0.54822; -0.01157
21.6; 3.449; 8.50; -0.00035; 0.04574; 0.54570; -0.01332
21.8; 3.472; 8.50; -0.00059; 0.06088; 0.54282; -0.01471
22.0; 3.495; 8.50; -0.00085; 0.07706; 0.53966; -0.01568
22.2; 3.519; 8.50; -0.00113; 0.09416; 0.53629; -0.01623
22.4; 3.542; 8.50; -0.00143; 0.11202; 0.53279; -0.01634
22.6; 3.566; 8.50; -0.00175; 0.13042; 0.52926; -0.01597
22.8; 3.589; 8.50; -0.00208; 0.14906; 0.52579; -0.01513
23.0; 3.612; 8.50; -0.00243; 0.16759; 0.52246; -0.01381
23.2; 3.636; 8.50; -0.00278; 0.18554; 0.51937; -0.01202
23.4; 3.659; 8.50; -0.00313; 0.20236; 0.51661; -0.00977
23.6; 3.682; 8.50; -0.00348; 0.21736; 0.51427; -0.00711
23.8; 3.706; 8.50; -0.00380; 0.22974; 0.51243; -0.00408
24.0; 3.729; 8.50; -0.00409; 0.23851; 0.51116; -0.00076
24.2; 3.753; 8.50; -0.00432; 0.24251; 0.51052; 0.00275
24.4; 3.776; 8.50; -0.00449; 0.24044; 0.51054; 0.00633
24.6; 3.799; 8.50; -0.00456; 0.23084; 0.51125; 0.00981
24.8; 3.823; 8.50; -0.00451; 0.21222; 0.51261; 0.01299
25.0; 3.846; 8.50; -0.00431; 0.18310; 0.51459; 0.01565
25.2; 3.870; 8.50; -0.00394; 0.14214; 0.51707; 0.01751
25.4; 3.893; 8.50; -0.00336; 0.08825; 0.51991; 0.01829
25.6; 3.917; 8.50; -0.00257; 0.02079; 0.52291; 0.01767
25.8; 3.940; 8.50; -0.00156; -0.06075; 0.52579; 0.01533
26.0; 3.963; 8.50; -0.00030; -0.15689; 0.52824; 0.01092
26.2; 3.987; 8.50; 0.00123; -0.26758; 0.52985; 0.00416
26.4; 4.010; 8.50; 0.00305; -0.39141; 0.53019; -0.00508
26.6; 4.034; 8.50; 0.00523; -0.53047; 0.52884; -0.01681
26.8; 4.057; 8.50; 0.00789; -0.67601; 0.52538; -0.03098
27.0; 4.081; 8.50; 0.01111; -0.81034; 0.51943; -0.04744
27.2; 4.105; 8.50; 0.01480; -0.92677; 0.51064; -0.06585
27.4; 4.128; 8.50; 0.01889; -1.01845; 0.49875; -0.08572
27.6; 4.152; 8.50; 0.02322; -1.08291; 0.48357; -0.10646
27.8; 4.176; 8.50; 0.02758; -1.12191; 0.46498; -0.12744
28.0; 4.200; 8.50; 0.03188; -1.14771; 0.44296; -0.14822
28.2; 4.224; 8.49; 0.03591; -1.15194; 0.41755; -0.16835
28.4; 4.249; 8.50; 0.03921; -1.12820; 0.38882; -0.18721
28.6; 4.273; 8.50; 0.04175; -1.10626; 0.35692; -0.20444
28.8; 4.297; 8.50; 0.04364; -1.08480; 0.32203; -0.22000
29.0; 4.321; 8.50; 0.04493; -1.06335; 0.28439; -0.23381
29.2; 4.346; 8.50; 0.04568; -1.04461; 0.24426; -0.24580
29.4; 4.370; 8.50; 0.04600; -1.03274; 0.20193; -0.25599
29.6; 4.395; 8.50; 0.04607; -1.02908; 0.15775; -0.26443
29.8; 4.419; 8.50; 0.04609; -1.03112; 0.11207; -0.27115
30.0; 4.444; 8.50; 0.04617; -1.03608; 0.06533; -0.27608
30.2; 4.468; 8.50; 0.04635; -1.04188; 0.01796; -0.27911
30.4; 4.492; 8.50; 0.04666; -1.04718; -0.02952; -0.28006
30.6; 4.516; 8.49; 0.04705; -1.05125; -0.07659; -0.27872
30.8; 4.540; 8.49; 0.04750; -1.05384; -0.12269; -0.27487
31.0; 4.564; 8.49; 0.04798; -1.05494; -0.16723; -0.26829
31.2; 4.587; 8.49; 0.04844; -1.05472; -0.20961; -0.25875
31.4; 4.610; 8.48; 0.04887; -1.05340; -0.24923; -0.24606
31.6; 4.633; 8.48; 0.04923; -1.05119; -0.28550; -0.23006
31.8; 4.655; 8.47; 0.04952; -1.04830; -0.31785; -0.21065
32.0; 4.677; 8.47; 0.04972; -1.04491; -0.34575; -0.18777
32.2; 4.699; 8.47; 0.04983; -1.04121; -0.36871; -0.16146
32.4; 4.720; 8.46; 0.04986; -1.03741; -0.38628; -0.13183
32.6; 4.741; 8.46; 0.04979; -1.03377; -0.39807; -0.09919
32.8; 4.762; 8.46; 0.04965; -1.03062; -0.40379; -0.06443
33.0; 4.783; 8.45; 0.04944; -1.02826; -0.40330; -0.02932
33.2; 4.804; 8.45; 0.04919; -1.02680; -0.39672; 0.00425
33.4; 4.826; 8.45; 0.04890; -1.02543; -0.38431; 0.03526
33.6; 4.847; 8.44; 0.04857; -1.02324; -0.36645; 0.06332
33.8; 4.869; 8.44; 0.04820; -1.02033; -0.34353; 0.08829
34.0; 4.891; 8.44; 0.04777; -1.01703; -0.31599; 0.11012
34.2; 4.914; 8.44; 0.04727; -1.01368; -0.28434; 0.12881
34.4; 4.937; 8.44; 0.04671; -1.01049; -0.24907; 0.14441
34.6; 4.960; 8.44; 0.04610; -1.00763; -0.21073; 0.15703
34.8; 4.983; 8.44; 0.04545; -1.00523; -0.16988; 0.16681
35.0; 5.007; 8.44; 0.04478; -1.00341; -0.12707; 0.17390
35.2; 5.031; 8.44; 0.04411; -1.00232; -0.08285; 0.17846
35.4; 5.055; 8.45; 0.04346; -1.00219; -0.03775; 0.18065
35.6; 5.079; 8.45; 0.04286; -1.00323; 0.00772; 0.18062
35.8; 5.104; 8.45; 0.04234; -1.00570; 0.05309; 0.17852
36.0; 5.128; 8.46; 0.04192; -1.00980; 0.09789; 0.17447
36.2; 5.152; 8.46; 0.04166; -1.01565; 0.14174; 0.16859
36.4; 5.177; 8.47; 0.04156; -1.02318; 0.18423; 0.16098
36.6; 5.201; 8.47; 0.04166; -1.03211; 0.22502; 0.15172
36.8; 5.226; 8.48; 0.04196; -1.04187; 0.26379; 0.14091
37.0; 5.250; 8.48; 0.04247; -1.05157; 0.30026; 0.12864
37.2; 5.275; 8.48; 0.04316; -1.05992; 0.33415; 0.11503
37.4; 5.299; 8.48; 0.04398; -1.06518; 0.36522; 0.10019
37.6; 5.323; 8.48; 0.04485; -1.06488; 0.39327; 0.08431
37.8; 5.347; 8.48; 0.04563; -1.05554; 0.41809; 0.06761
38.0; 5.372; 8.48; 0.04608; -1.03195; 0.43952; 0.05043
38.2; 5.396; 8.48; 0.04587; -0.98632; 0.45741; 0.03323
38.4; 5.420; 8.49; 0.04452; -0.90718; 0.47168; 0.01670
38.6; 5.443; 8.50; 0.04134; -0.77951; 0.48227; 0.00185
38.8; 5.467; 8.50; 0.03660; -0.65324; 0.48924; -0.01080
39.0; 5.491; 8.50; 0.03044; -0.49095; 0.49279; -0.02080
39.2; 5.515; 8.50; 0.02333; -0.32071; 0.49330; -0.02755
39.4; 5.538; 8.50; 0.01641; -0.17455; 0.49135; -0.03109
39.6; 5.562; 8.50; 0.01066; -0.06663; 0.48767; -0.03195
39.8; 5.586; 8.50; 0.00639; 0.00852; 0.48304; -0.03082
40.0; 5.609; 8.50; 0.00338; 0.06059; 0.47805; -0.02833
40.2; 5.633; 8.50; 0.00130; 0.09654; 0.47315; -0.02493
40.4; 5.656; 8.50; -0.00014; 0.12064; 0.46864; -0.02096
40.6; 5.680; 8.50; -0.00112; 0.13566; 0.46473; -0.01667
40.8; 5.704; 8.50; -0.00178; 0.14349; 0.46154; -0.01224
41.0; 5.727; 8.50; -0.00221; 0.14558; 0.45913; -0.00782
41.2; 5.751; 8.50; -0.00246; 0.14308; 0.45752; -0.00356
41.4; 5.774; 8.50; -0.00258; 0.13695; 0.45670; 0.00047
41.6; 5.798; 8.50; -0.00259; 0.12797; 0.45665; 0.00418
41.8; 5.821; 8.50; -0.00251; 0.11682; 0.45732; 0.00751
42.0; 5.845; 8.50; -0.00237; 0.10408; 0.45862; 0.01041
42.2; 5.869; 8.50; -0.00218; 0.09024; 0.46050; 0.01285
42.4; 5.892; 8.50; -0.00196; 0.07572; 0.46286; 0.01482
42.6; 5.916; 8.50; -0.00172; 0.06088; 0.46561; 0.01630
42.8; 5.939; 8.50; -0.00145; 0.04603; 0.46865; 0.01728
43.0; 5.963; 8.50; -0.00118; 0.03142; 0.47190; 0.01777
43.2; 5.986; 8.50; -0.00091; 0.01731; 0.47524; 0.01777
43.4; 6.010; 8.50; -0.00064; 0.00390; 0.47860; 0.01731
43.6; 6.033; 8.50; -0.00038; -0.00861; 0.48187; 0.01640
43.8; 6.057; 8.50; -0.00013; -0.02003; 0.48496; 0.01507
44.0; 6.080; 8.50; 0.00011; -0.03015; 0.48780; 0.01335
44.2; 6.103; 8.50; 0.00032; -0.03878; 0.49030; 0.01127
44.4; 6.127; 8.50; 0.00051; -0.04570; 0.49240; 0.00887
44.6; 6.150; 8.50; 0.00067; -0.05065; 0.49402; 0.00621
44.8; 6.174; 8.50; 0.00080; -0.05340; 0.49512; 0.00333
45.0; 6.197; 8.50; 0.00089; -0.05364; 0.49565; 0.00029
45.2; 6.221; 8.50; 0.00095; -0.05107; 0.49559; -0.00284
45.4; 6.244; 8.50; 0.00095; -0.04536; 0.49490; -0.00599
45.6; 6.267; 8.50; 0.00091; -0.03615; 0.49359; -0.00908
45.8; 6.291; 8.50; 0.00080; -0.02308; 0.49165; -0.01213
46.0; 6.314; 8.50; 0.00063; -0.00581; 0.48909; -0.01518
46.2; 6.338; 8.50; 0.00039; 0.01604; 0.48588; -0.01824
46.4; 6.361; 8.50; 0.00007; 0.04279; 0.48201; -0.02125
46.6; 6.384; 8.50; -0.00034; 0.07475; 0.47750; -0.02409
46.8; 6.407; 8.50; -0.00083; 0.11218; 0.47237; -0.02664
47.0; 6.431; 8.50; -0.00143; 0.15529; 0.46668; -0.02877
47.2; 6.454; 8.50; -0.00213; 0.20422; 0.46049; -0.03036
47.4; 6.477; 8.50; -0.00294; 0.25898; 0.45392; -0.03127
47.6; 6.500; 8.50; -0.00388; 0.31943; 0.44707; -0.03139
47.8; 6.523; 8.50; -0.00497; 0.38523; 0.44010; -0.03059
48.0; 6.547; 8.50; -0.00620; 0.45583; 0.43317; -0.02878
48.2; 6.570; 8.50; -0.00761; 0.53117; 0.42644; -0.02586
48.4; 6.593; 8.50; -0.00922; 0.61367; 0.42012; -0.02170
48.6; 6.616; 8.50; -0.01110; 0.69460; 0.41440; -0.01629
48.8; 6.639; 8.50; -0.01322; 0.77103; 0.40947; -0.00971
49.0; 6.662; 8.50; -0.01555; 0.84158; 0.40550; -0.00210
49.2; 6.685; 8.50; -0.01807; 0.90457; 0.40262; 0.00636
49.4; 6.708; 8.50; -0.02074; 0.95857; 0.40096; 0.01546
49.6; 6.731; 8.50; -0.02351; 1.00280; 0.40059; 0.02497
49.8; 6.754; 8.50; -0.02632; 1.03719; 0.40154; 0.03465
50.0; 6.776; 8.50; -0.02910; 1.06233; 0.40382; 0.04427
50.2; 6.799; 8.50; -0.03180; 1.07919; 0.40740; 0.05361
50.4; 6.822; 8.50; -0.03435; 1.08885; 0.41224; 0.06249
50.6; 6.845; 8.50; -0.03671; 1.09245; 0.41825; 0.07074
50.8; 6.867; 8.50; -0.03883; 1.09207; 0.42533; 0.07823
51.0; 6.890; 8.50; -0.04069; 1.08859; 0.43338; 0.08488
51.2; 6.913; 8.50; -0.04230; 1.08243; 0.44227; 0.09061
51.4; 6.935; 8.50; -0.04362; 1.07410; 0.45185; 0.09535
51.6; 6.958; 8.50; -0.04466; 1.06384; 0.46199; 0.09907
51.8; 6.980; 8.50; -0.04542; 1.05168; 0.47254; 0.10171
52.0; 7.002; 8.50; -0.04587; 1.03772; 0.48334; 0.10325
52.2; 7.025; 8.50; -0.04600; 1.02028; 0.49424; 0.10379
52.4; 7.047; 8.50; -0.04577; 0.99832; 0.50516; 0.10358
52.6; 7.069; 8.50; -0.04512; 0.97021; 0.51606; 0.10283
52.8; 7.091; 8.50; -0.04398; 0.93420; 0.52693; 0.10155
53.0; 7.114; 8.50; -0.04225; 0.88909; 0.53775; 0.09959
53.2; 7.136; 8.50; -0.03986; 0.83425; 0.54851; 0.09674
53.4; 7.158; 8.50; -0.03678; 0.77034; 0.55914; 0.09280
53.6; 7.180; 8.50; -0.03309; 0.70016; 0.56954; 0.08759
53.8; 7.202; 8.50; -0.02897; 0.62910; 0.57958; 0.08105
54.0; 7.224; 8.50; -0.02476; 0.56423; 0.58904; 0.07322
54.2; 7.246; 8.50; -0.02080; 0.51185; 0.59770; 0.06432
54.4; 7.268; 8.50; -0.01742; 0.47521; 0.60530; 0.05467
54.6; 7.291; 8.50; -0.01474; 0.45419; 0.61162; 0.04463
54.8; 7.313; 8.50; -0.01279; 0.44672; 0.61648; 0.03452
55.0; 7.335; 8.50; -0.01148; 0.45020; 0.61976; 0.02460
55.2; 7.357; 8.50; -0.01070; 0.46227; 0.62141; 0.01509
55.4; 7.379; 8.50; -0.01034; 0.48096; 0.62142; 0.00616
55.6; 7.401; 8.50; -0.01031; 0.50465; 0.61986; -0.00209
55.8; 7.423; 8.50; -0.01053; 0.53200; 0.61680; -0.00955
56.0; 7.445; 8.50; -0.01095; 0.56187; 0.61235; -0.01616
56.2; 7.468; 8.50; -0.01154; 0.59312; 0.60662; -0.02189
56.4; 7.490; 8.50; -0.01225; 0.62474; 0.59977; -0.02672
56.6; 7.512; 8.50; -0.01307; 0.65533; 0.59194; -0.03067
56.8; 7.534; 8.50; -0.01395; 0.68472; 0.58326; -0.03376
57.0; 7.557; 8.50; -0.01489; 0.71453; 0.57390; -0.03602
57.2; 7.579; 8.50; -0.01588; 0.74527; 0.56398; -0.03742
57.4; 7.601; 8.50; -0.01695; 0.77613; 0.55367; -0.03797
57.6; 7.624; 8.50; -0.01809; 0.80569; 0.54311; -0.03770
57.8; 7.646; 8.50; -0.01929; 0.83292; 0.53244; -0.03664
58.0; 7.669; 8.50; -0.02053; 0.85692; 0.52180; -0.03488
58.2; 7.691; 8.50; -0.02177; 0.87675; 0.51129; -0.03251
58.4; 7.714; 8.50; -0.02298; 0.89148; 0.50105; -0.02963
58.6; 7.737; 8.50; -0.02411; 0.90024; 0.49115; -0.02640
58.8; 7.759; 8.50; -0.02509; 0.90224; 0.48169; -0.02295
59.0; 7.782; 8.50; -0.02587; 0.89681; 0.47271; -0.01946
59.2; 7.804; 8.50; -0.02638; 0.88332; 0.46427; -0.01612
59.4; 7.827; 8.50; -0.02655; 0.86132; 0.45636; -0.01313
59.6; 7.850; 8.50; -0.02633; 0.83142; 0.44897; -0.01067
59.8; 7.872; 8.50; -0.02569; 0.79612; 0.44208; -0.00891
60.0; 7.895; 8.50; -0.02466; 0.75758; 0.43561; -0.00796
60.2; 7.918; 8.50; -0.02332; 0.71838; 0.42946; -0.00786
60.4; 7.940; 8.50; -0.02178; 0.68163; 0.42353; -0.00862
60.6; 7.963; 8.50; -0.02018; 0.65045; 0.41768; -0.01014
60.8; 7.986; 8.50; -0.01865; 0.62751; 0.41178; -0.01227
61.0; 8.009; 8.50; -0.01732; 0.61468; 0.40569; -0.01481
61.2; 8.031; 8.50; -0.01627; 0.61290; 0.39933; -0.01754
61.4; 8.054; 8.50; -0.01556; 0.62229; 0.39260; -0.02020
61.6; 8.077; 8.50; -0.01522; 0.64230; 0.38549; -0.02255
61.8; 8.100; 8.50; -0.01524; 0.67185; 0.37800; -0.02438
62.0; 8.122; 8.50; -0.01562; 0.70961; 0.37018; -0.02549
62.2; 8.145; 8.50; -0.01636; 0.75660; 0.36211; -0.02570
62.4; 8.168; 8.50; -0.01748; 0.80969; 0.35392; -0.02484
62.6; 8.191; 8.50; -0.01897; 0.86118; 0.34574; -0.02288
62.8; 8.214; 8.50; -0.02076; 0.90966; 0.33772; -0.01990
63.0; 8.237; 8.50; -0.02278; 0.95373; 0.33000; -0.01597
63.2; 8.260; 8.50; -0.02498; 0.99208; 0.32270; -0.01123
63.4; 8.282; 8.50; -0.02731; 1.02384; 0.31595; -0.00583
63.6; 8.305; 8.50; -0.02969; 1.04867; 0.30984; 0.00008
63.8; 8.328; 8.50; -0.03206; 1.06669; 0.30445; 0.00634
64.0; 8.351; 8.50; -0.03437; 1.07832; 0.29984; 0.01278
64.2; 8.374; 8.50; -0.03655; 1.08409; 0.29606; 0.01926
64.4; 8.397; 8.50; -0.03855; 1.08507; 0.29311; 0.02566
64.6; 8.420; 8.50; -0.04034; 1.08253; 0.29103; 0.03187
64.8; 8.443; 8.50; -0.04188; 1.07717; 0.28981; 0.03783
65.0; 8.466; 8.50; -0.04316; 1.06966; 0.28944; 0.04346
65.2; 8.488; 8.50; -0.04417; 1.06077; 0.28992; 0.04872
65.4; 8.511; 8.50; -0.04493; 1.05139; 0.29120; 0.05360
65.6; 8.534; 8.50; -0.04543; 1.04241; 0.29327; 0.05809
65.8; 8.557; 8.50; -0.04572; 1.03476; 0.29611; 0.06226
66.0; 8.580; 8.50; -0.04584; 1.02939; 0.29969; 0.06618
66.2; 8.603; 8.50; -0.04586; 1.02679; 0.30400; 0.06990
66.4; 8.626; 8.50; -0.04582; 1.02616; 0.30901; 0.07345
66.6; 8.648; 8.50; -0.04578; 1.02654; 0.31470; 0.07684
66.8; 8.671; 8.50; -0.04575; 1.02721; 0.32104; 0.08006
67.0; 8.694; 8.50; -0.04574; 1.02786; 0.32797; 0.08309
67.2; 8.717; 8.50; -0.04574; 1.02843; 0.33547; 0.08589
67.4; 8.739; 8.50; -0.04575; 1.02870; 0.34346; 0.08844
67.6; 8.762; 8.50; -0.04577; 1.02853; 0.35191; 0.09069
67.8; 8.785; 8.50; -0.04578; 1.02818; 0.36075; 0.09263
68.0; 8.807; 8.50; -0.04578; 1.02790; 0.36992; 0.09423
68.2; 8.830; 8.50; -0.04578; 1.02776; 0.37934; 0.09545
68.4; 8.852; 8.50; -0.04577; 1.02775; 0.38895; 0.09628
68.6; 8.875; 8.50; -0.04576; 1.02781; 0.39865; 0.09670
68.8; 8.897; 8.50; -0.04576; 1.02788; 0.40838; 0.09668
69.0; 8.920; 8.50; -0.04576; 1.02793; 0.41804; 0.09620
69.2; 8.942; 8.50; -0.04576; 1.02795; 0.42754; 0.09524
69.4; 8.965; 8.50; -0.04576; 1.02794; 0.43679; 0.09379
69.6; 8.987; 8.50; -0.04576; 1.02791; 0.44570; 0.09181
69.8; 9.009; 8.50; -0.04576; 1.02789; 0.45416; 0.08929
70.0; 9.031; 8.50; -0.04575; 1.02787; 0.46208; 0.08623
70.2; 9.053; 8.50; -0.04575; 1.02786; 0.46935; 0.08260
70.4; 9.075; 8.50; -0.04575; 1.02786; 0.47587; 0.07841
70.6; 9.097; 8.50; -0.04575; 1.02786; 0.48154; 0.07365
70.8; 9.119; 8.50; -0.04575; 1.02787; 0.48626; 0.06832
71.0; 9.141; 8.50; -0.04575; 1.02788; 0.48992; 0.06242
71.2; 9.163; 8.50; -0.04575; 1.02789; 0.49242; 0.05596
71.4; 9.185; 8.50; -0.04575; 1.02790; 0.49368; 0.04896
71.6; 9.207; 8.50; -0.04575; 1.02792; 0.49359; 0.04145
71.8; 9.228; 8.50; -0.04575; 1.02793; 0.49206; 0.03344
72.0; 9.250; 8.50; -0.04575; 1.02795; 0.48901; 0.02506
72.2; 9.272; 8.50; -0.04575; 1.02797; 0.48440; 0.01668
72.4; 9.294; 8.50; -0.04575; 1.02799; 0.47827; 0.00881
72.6; 9.316; 8.50; -0.04575; 1.02801; 0.47073; 0.00179
72.8; 9.338; 8.50; -0.04575; 1.02804; 0.46194; -0.00427
73.0; 9.360; 8.50; -0.04575; 1.02807; 0.45207; -0.00934
73.2; 9.382; 8.50; -0.04575; 1.02809; 0.44130; -0.01343
73.4; 9.404; 8.50; -0.04576; 1.02809; 0.42981; -0.01652
73.6; 9.426; 8.50; -0.04576; 1.02806; 0.41778; -0.01864
73.8; 9.449; 8.50; -0.04576; 1.02800; 0.40540; -0.01979
74.0; 9.471; 8.50; -0.04576; 1.02794; 0.39285; -0.02000
74.2; 9.494; 8.50; -0.04576; 1.02796; 0.38031; -0.01928
74.4; 9.516; 8.50; -0.04576; 1.02811; 0.36795; -0.01768
74.6; 9.539; 8.50; -0.04576; 1.02816; 0.35595; -0.01521
74.8; 9.562; 8.50; -0.04577; 1.02788; 0.34447; -0.01191
75.0; 9.585; 8.50; -0.04576; 1.02745; 0.33369; -0.00783
75.2; 9.608; 8.50; -0.04575; 1.02722; 0.32375; -0.00300
75.4; 9.630; 8.50; -0.04574; 1.02748; 0.31480; 0.00256
75.6; 9.653; 8.50; -0.04573; 1.02839; 0.30699; 0.00883
75.8; 9.676; 8.50; -0.04575; 1.02989; 0.30046; 0.01578
76.0; 9.699; 8.50; -0.04580; 1.03173; 0.29534; 0.02339
76.2; 9.722; 8.50; -0.04588; 1.03205; 0.29175; 0.03162
76.4; 9.745; 8.50; -0.04594; 1.02807; 0.28980; 0.04036
76.6; 9.768; 8.50; -0.04588; 1.01642; 0.28959; 0.04945
76.8; 9.791; 8.50; -0.04557; 0.99525; 0.29122; 0.05867
77.0; 9.814; 8.50; -0.04483; 0.96269; 0.29474; 0.06773
77.2; 9.838; 8.50; -0.04348; 0.91475; 0.30021; 0.07632
77.4; 9.861; 8.50; -0.04128; 0.84859; 0.30762; 0.08402
77.6; 9.884; 8.50; -0.03807; 0.76234; 0.31696; 0.09035
77.8; 9.907; 8.50; -0.03376; 0.65722; 0.32810; 0.09484
78.0; 9.930; 8.50; -0.02854; 0.54039; 0.34085; 0.09708
78.2; 9.953; 8.50; -0.02290; 0.42505; 0.35489; 0.09694
78.4; 9.976; 8.50; -0.01754; 0.32443; 0.36976; 0.09458
78.6; 9.999; 8.50; -0.01300; 0.24435; 0.38497; 0.09048
78.8; 10.022; 8.50; -0.00946; 0.18292; 0.40004; 0.08517
79.0; 10.046; 8.50; -0.00684; 0.13539; 0.41460; 0.07912
79.2; 10.069; 8.50; -0.00494; 0.09756; 0.42836; 0.07264
79.4; 10.092; 8.50; -0.00355; 0.06654; 0.44115; 0.06593
79.6; 10.115; 8.50; -0.00251; 0.04041; 0.45286; 0.05915
79.8; 10.138; 8.50; -0.00172; 0.01794; 0.46342; 0.05239
80.0; 10.161; 8.50; -0.00109; -0.00173; 0.47280; 0.04574
80.2; 10.185; 8.50; -0.00058; -0.01923; 0.48101; 0.03927
80.4; 10.208; 8.50; -0.00015; -0.03502; 0.48807; 0.03302
80.6; 10.231; 8.50; 0.00022; -0.04947; 0.49400; 0.02704
80.8; 10.254; 8.50; 0.00055; -0.06287; 0.49886; 0.02136
81.0; 10.278; 8.50; 0.00084; -0.07544; 0.50269; 0.01601
81.2; 10.301; 8.50; 0.00111; -0.08735; 0.50556; 0.01100
81.4; 10.324; 8.50; 0.00136; -0.09874; 0.50752; 0.00635
81.6; 10.348; 8.50; 0.00159; -0.10965; 0.50865; 0.00209
81.8; 10.371; 8.50; 0.00182; -0.12008; 0.50901; -0.00178
82.0; 10.395; 8.50; 0.00203; -0.12996; 0.50868; -0.00525
82.2; 10.418; 8.50; 0.00223; -0.13915; 0.50774; -0.00829
82.4; 10.442; 8.50; 0.00242; -0.14743; 0.50628; -0.01089
82.6; 10.465; 8.50; 0.00260; -0.15450; 0.50437; -0.01302
82.8; 10.489; 8.50; 0.00276; -0.15997; 0.50212; -0.01463
83.0; 10.513; 8.50; 0.00289; -0.16337; 0.49963; -0.01570
83.2; 10.537; 8.50; 0.00300; -0.16417; 0.49700; -0.01616
83.4; 10.560; 8.50; 0.00306; -0.16177; 0.49436; -0.01593
83.6; 10.584; 8.50; 0.00307; -0.15553; 0.49185; -0.01494
83.8; 10.608; 8.50; 0.00302; -0.14487; 0.48961; -0.01309
84.0; 10.632; 8.50; 0.00289; -0.12932; 0.48783; -0.01025
84.2; 10.656; 8.50; 0.00268; -0.10873; 0.48670; -0.00633
84.4; 10.680; 8.50; 0.00238; -0.08342; 0.48643; -0.00120
84.6; 10.704; 8.50; 0.00200; -0.05459; 0.48727; 0.00523
84.8; 10.728; 8.50; 0.00153; -0.02471; 0.48948; 0.01298
85.0; 10.752; 8.38; 0.00115; -0.00400; 0.49329; 0.02171
85.2; 10.777; 8.14; 0.00077; 0.01203; 0.49885; 0.03078
85.4; 10.802; 7.88; 0.00035; 0.01343; 0.50614; 0.03936
85.6; 10.829; 7.62; 0.00010; -0.00756; 0.51497; 0.04667
85.8; 10.856; 7.36; 0.00024; -0.07104; 0.52502; 0.05167
86.0; 10.884; 7.09; 0.00101; -0.18098; 0.53580; 0.05300
86.2; 10.913; 6.84; 0.00239; -0.33373; 0.54652; 0.04915
86.4; 10.943; 6.59; 0.00416; -0.52010; 0.55611; 0.03874
86.6; 10.974; 6.37; 0.00609; -0.72820; 0.56317; 0.02066
86.8; 11.006; 6.17; 0.00815; -0.94521; 0.56614; -0.00580
87.0; 11.039; 6.00; 0.01054; -1.15365; 0.56340; -0.04079
87.2; 11.073; 5.85; 0.01358; -1.33271; 0.55341; -0.08384
87.4; 11.107; 5.72; 0.01738; -1.46749; 0.53481; -0.13389
87.6; 11.143; 5.60; 0.02172; -1.54867; 0.50640; -0.18955
87.8; 11.180; 5.48; 0.02595; -1.57078; 0.46714; -0.24916
88.0; 11.217; 5.37; 0.02908; -1.57079; 0.41592; -0.31185
88.2; 11.257; 5.25; 0.03080; -1.57079; 0.35138; -0.37773
88.4; 11.298; 5.13; 0.03117; -1.57079; 0.27173; -0.44638
88.6; 11.342; 5.00; 0.03010; -1.57079; 0.17495; -0.51458
88.8; 11.389; 4.86; 0.02739; -1.57079; 0.06024; -0.57625
89.0; 11.439; 4.70; 0.02285; -1.57079; -0.06966; -0.62437
89.2; 11.490; 4.52; 0.01643; -1.57079; -0.20663; -0.64983
89.4; 11.539; 4.34; 0.00859; -1.57079; -0.33532; -0.63675
89.6; 11.580; 4.18; 0.00063; -1.57079; -0.43449; -0.56009
89.8; 11.608; 4.06; -0.00561; -1.57079; -0.48980; -0.39592
90.0; 11.625; 3.98; -0.00960; -1.57079; -0.50980; -0.15430
90.2; 11.639; 3.92; -0.01294; -1.57079; -0.51154; 0.10387
90.4; 11.660; 3.82; -0.01753; -1.57079; -0.49511; 0.31178
90.6; 11.692; 3.65; -0.02437; -1.57079; -0.45198; 0.44402
90.8; 11.737; 3.40; -0.03454; -1.57079; -0.38287; 0.50769
91.0; 11.794; 3.11; -0.04926; -1.57079; -0.29873; 0.51809
91.2; 11.858; 3.10; -0.05956; -1.57079; -0.21153; 0.49891
91.4; 11.925; 3.12; -0.05973; -1.57079; -0.12689; 0.46386
91.6; 11.990; 3.34; -0.05541; -1.57079; -0.04737; 0.42662
91.8; 12.052; 3.53; -0.04940; -1.57079; 0.02715; 0.39217
92.0; 12.111; 3.71; -0.04424; -1.57079; 0.09702; 0.36107
92.2; 12.169; 3.87; -0.03973; -1.57079; 0.16249; 0.33240
92.4; 12.225; 4.02; -0.03572; -1.57079; 0.22363; 0.30519
92.6; 12.279; 4.15; -0.03212; -1.57079; 0.28034; 0.27866
92.8; 12.332; 4.28; -0.02883; -1.57079; 0.33240; 0.25223
93.0; 12.384; 4.39; -0.02583; -1.57079; 0.37953; 0.22547
93.2; 12.434; 4.50; -0.02305; -1.57079; 0.42141; 0.19808
93.4; 12.483; 4.60; -0.02048; -1.57079; 0.45771; 0.16986
93.6; 12.532; 4.69; -0.01808; -1.57079; 0.48812; 0.14067
93.8; 12.579; 4.77; -0.01583; -1.57079; 0.51236; 0.11045
94.0; 12.625; 4.85; -0.01372; -1.57078; 0.53016; 0.07917
94.2; 12.670; 4.92; -0.01174; -1.57077; 0.54130; 0.04683
94.4; 12.714; 4.99; -0.00987; -1.55990; 0.54563; 0.01379
94.6; 12.758; 5.05; -0.00827; -1.51239; 0.54315; -0.01866
94.8; 12.801; 5.13; -0.00720; -1.43883; 0.53412; -0.04917
95.0; 12.842; 5.21; -0.00653; -1.35170; 0.51903; -0.07692
95.2; 12.883; 5.30; -0.00598; -1.26065; 0.49851; -0.10156
95.4; 12.923; 5.40; -0.00537; -1.17084; 0.47329; -0.12306
95.6; 12.963; 5.51; -0.00465; -1.08421; 0.44408; -0.14153
95.8; 13.001; 5.62; -0.00384; -1.00139; 0.41157; -0.15715
96.0; 13.038; 5.74; -0.00301; -0.92280; 0.37638; -0.17011
96.2; 13.074; 5.87; -0.00220; -0.84891; 0.33906; -0.18062
96.4; 13.110; 5.99; -0.00145; -0.78014; 0.30010; -0.18890
96.6; 13.144; 6.12; -0.00077; -0.71681; 0.25994; -0.19519
96.8; 13.178; 6.25; -0.00016; -0.65908; 0.21897; -0.19968
97.0; 13.211; 6.39; 0.00036; -0.60700; 0.17750; -0.20261
97.2; 13.243; 6.52; 0.00082; -0.56043; 0.13583; -0.20416
97.4; 13.274; 6.65; 0.00120; -0.51915; 0.09421; -0.20450
97.6; 13.305; 6.78; 0.00153; -0.48280; 0.05285; -0.20379
97.8; 13.335; 6.91; 0.00182; -0.45090; 0.01194; -0.20207
98.0; 13.364; 7.04; 0.00206; -0.42284; -0.02830; -0.19908
98.2; 13.392; 7.17; 0.00227; -0.39784; -0.06758; -0.19433
98.4; 13.420; 7.30; 0.00245; -0.37495; -0.10548; -0.18745
98.6; 13.448; 7.42; 0.00261; -0.35296; -0.14156; -0.17843
98.8; 13.474; 7.55; 0.00273; -0.33042; -0.17542; -0.16736
99.0; 13.500; 7.67; 0.00282; -0.30563; -0.20667; -0.15434
99.2; 13.526; 7.79; 0.00286; -0.27663; -0.23499; -0.13943
99.4; 13.551; 7.91; 0.00284; -0.24134; -0.26006; -0.12270
99.6; 13.575; 8.03; 0.00272; -0.19763; -0.28158; -0.10416
99.8; 13.599; 8.16; 0.00249; -0.14357; -0.29928; -0.08383
100.0; 13.623; 8.28; 0.00212; -0.07771; -0.31288; -0.06168
100.2; 13.646; 8.40; 0.00158; 0.00047; -0.32209; -0.03769
100.4; 13.668; 8.50; 0.00085; 0.09148; -0.32662; -0.01184
100.6; 13.691; 8.50; -0.00030; 0.21284; -0.32615; 0.01618
100.8; 13.714; 8.50; -0.00197; 0.34618; -0.32034; 0.04664
101.0; 13.736; 8.50; -0.00411; 0.48295; -0.30876; 0.07955
101.2; 13.759; 8.50; -0.00664; 0.60938; -0.29099; 0.11461
101.4; 13.782; 8.50; -0.00948; 0.71987; -0.26664; 0.15075
101.6; 13.806; 8.50; -0.01252; 0.80854; -0.23555; 0.18599
101.8; 13.829; 8.50; -0.01562; 0.87044; -0.19792; 0.21849
102.0; 13.853; 8.50; -0.01856; 0.90202; -0.15431; 0.24727
102.2; 13.877; 8.50; -0.02109; 0.90357; -0.10546; 0.27183
102.4; 13.902; 8.39; -0.02617; 1.07952; -0.05228; 0.29443
102.6; 13.927; 8.28; -0.03262; 1.14289; 0.00434; 0.31545
102.8; 13.952; 8.19; -0.03885; 1.17191; 0.06363; 0.33303
103.0; 13.978; 8.10; -0.04458; 1.18825; 0.12460; 0.34612
103.2; 14.003; 8.02; -0.04984; 1.19847; 0.18603; 0.35368
103.4; 14.028; 7.94; -0.05466; 1.20415; 0.24642; 0.35450
103.6; 14.054; 7.87; -0.05908; 1.20469; 0.30396; 0.34704
103.8; 14.078; 7.80; -0.06312; 1.20166; 0.35662; 0.32948
104.0; 14.102; 7.73; -0.06688; 1.19896; 0.40220; 0.29976
104.2; 14.124; 7.66; -0.07040; 1.19424; 0.43858; 0.25600
104.4; 14.146; 7.59; -0.07363; 1.18712; 0.46420; 0.19846
104.6; 14.167; 7.52; -0.07660; 1.17805; 0.47843; 0.13156
104.8; 14.187; 7.45; -0.07934; 1.16786; 0.48132; 0.06184
105.0; 14.208; 7.38; -0.08187; 1.15767; 0.47303; -0.00558
105.2; 14.230; 7.30; -0.08420; 1.14853; 0.45373; -0.06744
105.4; 14.253; 7.22; -0.08635; 1.14131; 0.42363; -0.12132
105.6; 14.278; 7.12; -0.08831; 1.13684; 0.38329; -0.16562
105.8; 14.304; 7.02; -0.09011; 1.13574; 0.33370; -0.19951
106.0; 14.331; 6.92; -0.09177; 1.13841; 0.27638; -0.22279
106.2; 14.360; 6.80; -0.09333; 1.14509; 0.21327; -0.23577
106.4; 14.391; 6.68; -0.09484; 1.15589; 0.14663; -0.23902
106.6; 14.422; 6.56; -0.09637; 1.17090; 0.07878; -0.23328
106.8; 14.454; 6.43; -0.09800; 1.19020; 0.01196; -0.21933
107.0; 14.488; 6.29; -0.09984; 1.21385; -0.05181; -0.19788
107.2; 14.521; 6.15; -0.10202; 1.24190; -0.11075; -0.16957
107.4; 14.555; 6.00; -0.10468; 1.27437; -0.16342; -0.13490
107.6; 14.590; 5.85; -0.10797; 1.31125; -0.20862; -0.09428
107.8; 14.625; 5.69; -0.11210; 1.35252; -0.24544; -0.04852
108.0; 14.661; 5.53; -0.11729; 1.39835; -0.27339; 0.00069
108.2; 14.698; 5.36; -0.12382; 1.44921; -0.29241; 0.05151
108.4; 14.737; 5.17; -0.13204; 1.50603; -0.30263; 0.10325
108.6; 14.777; 4.98; -0.14232; 1.57078; -0.30419; 0.15639
108.8; 14.818; 4.83; -0.15014; 1.57079; -0.29672; 0.21026
109.0; 14.861; 4.72; -0.15466; 1.57079; -0.27947; 0.26354
109.2; 14.905; 4.63; -0.15630; 1.57079; -0.25185; 0.31553
109.4; 14.950; 4.57; -0.15528; 1.57079; -0.21348; 0.36538
109.6; 14.997; 4.52; -0.15175; 1.57079; -0.16423; 0.41199
109.8; 15.044; 4.50; -0.14570; 1.57079; -0.10432; 0.45381
110.0; 15.092; 4.49; -0.13738; 1.57079; -0.03466; 0.48869
110.2; 15.139; 4.50; -0.12710; 1.57079; 0.04289; 0.51369
110.4; 15.186; 4.52; -0.11558; 1.57079; 0.12507; 0.52490
110.6; 15.231; 4.53; -0.10361; 1.57079; 0.20705; 0.51759
110.8; 15.273; 4.54; -0.09153; 1.57079; 0.28278; 0.48641
111.0; 15.312; 4.54; -0.07964; 1.57079; 0.34624; 0.42634
111.2; 15.346; 4.54; -0.06824; 1.57079; 0.39318; 0.33546
111.4; 15.376; 4.53; -0.05738; 1.57079; 0.42265; 0.22024
111.6; 15.404; 4.52; -0.04667; 1.57079; 0.43627; 0.09631
111.8; 15.433; 4.51; -0.03560; 1.57079; 0.43570; -0.02010
112.0; 15.463; 4.49; -0.02351; 1.57079; 0.42184; -0.11948
112.2; 15.496; 4.49; -0.01000; 1.57079; 0.39562; -0.19829
112.4; 15.532; 4.51; 0.00291; 1.57079; 0.35857; -0.25649
112.6; 15.570; 4.56; 0.01188; 1.57079; 0.31251; -0.29604
112.8; 15.610; 4.62; 0.01580; 1.57079; 0.25927; -0.31967
113.0; 15.651; 4.69; 0.01638; 1.57079; 0.20082; -0.33024
113.2; 15.693; 4.76; 0.01543; 1.57079; 0.13928; -0.33043
113.4; 15.736; 4.83; 0.01390; 1.57079; 0.07673; -0.32261
113.6; 15.778; 4.90; 0.01218; 1.57079; 0.01493; -0.30878
113.8; 15.821; 4.96; 0.01044; 1.57079; -0.04468; -0.29055
114.0; 15.863; 5.02; 0.00872; 1.57079; -0.10107; -0.26924
114.2; 15.905; 5.08; 0.00706; 1.57078; -0.15349; -0.24591
114.4; 15.946; 5.13; 0.00545; 1.57078; -0.20149; -0.22146
114.6; 15.988; 5.18; 0.00389; 1.57047; -0.24481; -0.19663
114.8; 16.029; 5.23; 0.00256; 1.52715; -0.28345; -0.17287
115.0; 16.070; 5.29; 0.00203; 1.44330; -0.31758; -0.15146
115.2; 16.110; 5.36; 0.00231; 1.33296; -0.34748; -0.13287
115.4; 16.150; 5.44; 0.00286; 1.21341; -0.37359; -0.11712
115.6; 16.188; 5.54; 0.00313; 1.09602; -0.39647; -0.10399
115.8; 16.226; 5.66; 0.00296; 0.98392; -0.41672; -0.09305
116.0; 16.263; 5.78; 0.00248; 0.87761; -0.43482; -0.08380
116.2; 16.299; 5.91; 0.00185; 0.77855; -0.45113; -0.07577
116.4; 16.334; 6.04; 0.00120; 0.68913; -0.46588; -0.06840
116.6; 16.368; 6.18; 0.00061; 0.61053; -0.47914; -0.06117
116.8; 16.401; 6.32; 0.00009; 0.54250; -0.49090; -0.05354
117.0; 16.433; 6.46; -0.00034; 0.48496; -0.50102; -0.04506
117.2; 16.464; 6.60; -0.00070; 0.43729; -0.50930; -0.03528
117.4; 16.494; 6.74; -0.00099; 0.39842; -0.51545; -0.02384
117.6; 16.523; 6.87; -0.00123; 0.36747; -0.51912; -0.01049
117.8; 16.551; 7.01; -0.00143; 0.34377; -0.52001; 0.00454
118.0; 16.579; 7.14; -0.00161; 0.32681; -0.51788; 0.02023
118.2; 16.606; 7.27; -0.00179; 0.31628; -0.51272; 0.03555
118.4; 16.633; 7.40; -0.00197; 0.31200; -0.50464; 0.05011
118.6; 16.660; 7.52; -0.00218; 0.31385; -0.49377; 0.06402
118.8; 16.686; 7.64; -0.00242; 0.32164; -0.48023; 0.07743
119.0; 16.712; 7.76; -0.00271; 0.33503; -0.46408; 0.09048
119.2; 16.737; 7.88; -0.00307; 0.35340; -0.44539; 0.10332
119.4; 16.762; 7.99; -0.00350; 0.37566; -0.42418; 0.11604
119.6; 16.787; 8.10; -0.00401; 0.40011; -0.40049; 0.12870
119.8; 16.812; 8.20; -0.00459; 0.42430; -0.37431; 0.14131
120.0; 16.836; 8.31; -0.00522; 0.44500; -0.34568; 0.15381
120.2; 16.860; 8.40; -0.00586; 0.45848; -0.31461; 0.16606
120.4; 16.884; 8.50; -0.00645; 0.46107; -0.28117; 0.17783
120.6; 16.908; 8.50; -0.00786; 0.53059; -0.24546; 0.19004
120.8; 16.932; 8.50; -0.00934; 0.52682; -0.20749; 0.20232
121.0; 16.956; 8.50; -0.01014; 0.49306; -0.16729; 0.21355
121.2; 16.980; 8.50; -0.01024; 0.44065; -0.12499; 0.22318
121.4; 17.004; 8.50; -0.00973; 0.37880; -0.08082; 0.23088
121.6; 17.029; 8.50; -0.00879; 0.31436; -0.03512; 0.23649
121.8; 17.053; 8.50; -0.00762; 0.25098; 0.01175; 0.24001
122.0; 17.077; 8.50; -0.00635; 0.19194; 0.05937; 0.24149
122.2; 17.101; 8.50; -0.00510; 0.13986; 0.10731; 0.24108
122.4; 17.125; 8.50; -0.00396; 0.09640; 0.15517; 0.23896
122.6; 17.149; 8.50; -0.00296; 0.06193; 0.20257; 0.23535
122.8; 17.173; 8.50; -0.00212; 0.03512; 0.24918; 0.23045
123.0; 17.197; 8.44; -0.00153; 0.01789; 0.29469; 0.22449
123.2; 17.222; 8.20; -0.00120; -0.00091; 0.33885; 0.21752
123.4; 17.247; 7.95; -0.00069; -0.04474; 0.38139; 0.20913
123.6; 17.272; 7.70; 0.00020; -0.12453; 0.42200; 0.19845
123.8; 17.299; 7.46; 0.00163; -0.24617; 0.46021; 0.18433
124.0; 17.326; 7.22; 0.00362; -0.40906; 0.49533; 0.16551
124.2; 17.353; 7.01; 0.00607; -0.60605; 0.52646; 0.14099
124.4; 17.382; 6.82; 0.00893; -0.82472; 0.55261; 0.11046
124.6; 17.411; 6.66; 0.01234; -1.04718; 0.57281; 0.07424
124.8; 17.441; 6.52; 0.01664; -1.25039; 0.58620; 0.03288
125.0; 17.471; 6.41; 0.02211; -1.41253; 0.59202; -0.01276
125.2; 17.503; 6.31; 0.02874; -1.52102; 0.58973; -0.06144
125.4; 17.534; 6.22; 0.03612; -1.57074; 0.57897; -0.11162
125.6; 17.567; 6.13; 0.04348; -1.57078; 0.55954; -0.16179
125.8; 17.600; 6.04; 0.05059; -1.57078; 0.53131; -0.21148
126.0; 17.635; 5.93; 0.05774; -1.57078; 0.49418; -0.26080
126.2; 17.670; 5.82; 0.06504; -1.57077; 0.44802; -0.30921
126.4; 17.707; 5.69; 0.07257; -1.57077; 0.39281; -0.35470
126.6; 17.746; 5.54; 0.08039; -1.57076; 0.32911; -0.39473
126.8; 17.786; 5.38; 0.08846; -1.57077; 0.25837; -0.42798
127.0; 17.828; 5.20; 0.09666; -1.57078; 0.18260; -0.45452
127.2; 17.871; 5.01; 0.10485; -1.57078; 0.10389; -0.47503
127.4; 17.916; 4.80; 0.11281; -1.57079; 0.02411; -0.49066
127.6; 17.961; 4.59; 0.11953; -1.57079; -0.05555; -0.50346
127.8; 18.008; 4.42; 0.12161; -1.57079; -0.13519; -0.51631
128.0; 18.055; 4.30; 0.11790; -1.57079; -0.21595; -0.52980
128.2; 18.102; 4.23; 0.10878; -1.57079; -0.29830; -0.54014
128.4; 18.148; 4.19; 0.09519; -1.57079; -0.38030; -0.53910
128.6; 18.191; 4.17; 0.07873; -1.57079; -0.45644; -0.51404
128.8; 18.227; 4.15; 0.06183; -1.57079; -0.51743; -0.44614
129.0; 18.253; 4.14; 0.04778; -1.57079; -0.55363; -0.31014
129.2; 18.269; 4.14; 0.03883; -1.56278; -0.56492; -0.09103
129.4; 18.278; 4.13; 0.03322; -1.56194; -0.56207; 0.18053
129.6; 18.291; 4.13; 0.02552; -1.57079; -0.54374; 0.43180
129.8; 18.316; 4.12; 0.01050; -1.57079; -0.48893; 0.60448
130.0; 18.357; 4.14; -0.01080; -1.57079; -0.38623; 0.68776
130.2; 18.409; 4.23; -0.02478; -1.57079; -0.24968; 0.70290
130.4; 18.465; 4.35; -0.02591; -1.57079; -0.10109; 0.67327
130.6; 18.521; 4.47; -0.02360; -1.57079; 0.04149; 0.61651
130.8; 18.573; 4.58; -0.02099; -1.57079; 0.16759; 0.54620
131.0; 18.622; 4.67; -0.01855; -1.57079; 0.27466; 0.47272
131.2; 18.669; 4.75; -0.01632; -1.57079; 0.36410; 0.40136
131.4; 18.714; 4.83; -0.01426; -1.57079; 0.43775; 0.33297
131.6; 18.757; 4.90; -0.01235; -1.57075; 0.49690; 0.26700
131.8; 18.798; 4.97; -0.01053; -1.50728; 0.54272; 0.20480
132.0; 18.839; 5.05; -0.00928; -1.37598; 0.57652; 0.14874
132.2; 18.879; 5.15; -0.00840; -1.20316; 0.59985; 0.10053
132.4; 18.917; 5.27; -0.00732; -1.01341; 0.61447; 0.06080
132.6; 18.955; 5.41; -0.00583; -0.81926; 0.62220; 0.02943
132.8; 18.991; 5.57; -0.00411; -0.62733; 0.62475; 0.00596
133.0; 19.027; 5.73; -0.00248; -0.44490; 0.62365; -0.01029
133.2; 19.061; 5.91; -0.00114; -0.28129; 0.62022; -0.02031
133.4; 19.095; 6.08; -0.00025; -0.14742; 0.61549; -0.02532
133.6; 19.127; 6.26; 0.00018; -0.05470; 0.61025; -0.02683
133.8; 19.159; 6.44; 0.00024; -0.00633; 0.60495; -0.02638
134.0; 19.190; 6.61; 0.00011; 0.00391; 0.59980; -0.02527
134.2; 19.220; 6.78; 0.00002; 0.00111; 0.59485; -0.02415
134.4; 19.249; 6.94; 0.00000; 0.00016; 0.59011; -0.02310
134.6; 19.278; 7.10; -0.00000; 0.00001; 0.58558; -0.02208
134.8; 19.305; 7.26; -0.00000; -0.00000; 0.58125; -0.02109
135.0; 19.333; 7.41; -0.00000; 0.00000; 0.57712; -0.02013
135.2; 19.360; 7.56; -0.00000; 0.00001; 0.57318; -0.01919
135.4; 19.386; 7.71; -0.00000; 0.00001; 0.56942; -0.01827
135.6; 19.412; 7.85; -0.00000; 0.00001; 0.56585; -0.01737
135.8; 19.437; 7.99; -0.00000; 0.00001; 0.56245; -0.01650
136.0; 19.462; 8.13; -0.00000; 0.00003; 0.55923; -0.01566
136.2; 19.486; 8.26; 0.00000; 0.00049; 0.55617; -0.01483
136.4; 19.510; 8.39; -0.00000; 0.00289; 0.55328; -0.01399
136.6; 19.534; 8.50; -0.00002; 0.00678; 0.55057; -0.01309
136.8; 19.558; 8.50; -0.00007; 0.01154; 0.54803; -0.01211
137.0; 19.581; 8.50; -0.00014; 0.01505; 0.54569; -0.01107
137.2; 19.605; 8.50; -0.00021; 0.01766; 0.54355; -0.00997
137.4; 19.628; 8.50; -0.00026; 0.01952; 0.54161; -0.00886
137.6; 19.652; 8.50; -0.00031; 0.02070; 0.53989; -0.00773
137.8; 19.676; 8.50; -0.00035; 0.02133; 0.53839; -0.00661
138.0; 19.699; 8.50; -0.00037; 0.02148; 0.53711; -0.00550
138.2; 19.723; 8.50; -0.00039; 0.02125; 0.53604; -0.00442
138.4; 19.746; 8.50; -0.00039; 0.02072; 0.53518; -0.00337
138.6; 19.770; 8.50; -0.00039; 0.01997; 0.53452; -0.00237
138.8; 19.793; 8.50; -0.00038; 0.01906; 0.53407; -0.00141
139.0; 19.817; 8.50; -0.00037; 0.01805; 0.53380; -0.00049
139.2; 19.841; 8.50; -0.00036; 0.01699; 0.53372; 0.00037
139.4; 19.864; 8.50; -0.00034; 0.01590; 0.53381; 0.00119
139.6; 19.888; 8.50; -0.00032; 0.01482; 0.53405; 0.00195
139.8; 19.911; 8.50; -0.00030; 0.01377; 0.53445; 0.00267
140.0; 19.935; 8.50; -0.00028; 0.01275; 0.53500; 0.00333
140.2; 19.958; 8.50; -0.00026; 0.01178; 0.53567; 0.00395
140.4; 19.982; 8.50; -0.00024; 0.01085; 0.53647; 0.00452
140.6; 20.005; 8.50; -0.00023; 0.00997; 0.53738; 0.00505
140.8; 20.029; 8.50; -0.00021; 0.00912; 0.53840; 0.00553
141.0; 20.053; 8.50; -0.00019; 0.00831; 0.53951; 0.00597
141.2; 20.076; 8.50; -0.00018; 0.00752; 0.54071; 0.00636
141.4; 20.100; 8.50; -0.00016; 0.00677; 0.54198; 0.00671
141.6; 20.123; 8.50; -0.00014; 0.00605; 0.54332; 0.00702
141.8; 20.147; 8.50; -0.00013; 0.00538; 0.54473; 0.00729
142.0; 20.170; 8.50; -0.00012; 0.00476; 0.54618; 0.00752
142.2; 20.194; 8.50; -0.00010; 0.00420; 0.54769; 0.00771
142.4; 20.217; 8.50; -0.00009; 0.00369; 0.54922; 0.00786
142.6; 20.241; 8.50; -0.00008; 0.00324; 0.55079; 0.00798
142.8; 20.264; 8.50; -0.00007; 0.00284; 0.55238; 0.00806
143.0; 20.288; 8.50; -0.00006; 0.00250; 0.55398; 0.00811
143.2; 20.311; 8.50; -0.00006; 0.00221; 0.55560; 0.00813
143.4; 20.335; 8.50; -0.00005; 0.00197; 0.55721; 0.00811
143.6; 20.358; 8.50; -0.00004; 0.00177; 0.55882; 0.00807
143.8; 20.382; 8.50; -0.00004; 0.00161; 0.56042; 0.00801
144.0; 20.406; 8.50; -0.00003; 0.00148; 0.56200; 0.00793
144.2; 20.429; 8.50; -0.00003; 0.00138; 0.56357; 0.00784
144.4; 20.453; 8.50; -0.00003; 0.00130; 0.56513; 0.00773
144.6; 20.476; 8.50; -0.00003; 0.00125; 0.56665; 0.00762
144.8; 20.500; 8.50; -0.00003; 0.00121; 0.56816; 0.00749
145.0; 20.523; 8.50; -0.00002; 0.00119; 0.56964; 0.00736
145.2; 20.547; 8.50; -0.00002; 0.00119; 0.57109; 0.00721
145.4; 20.570; 8.50; -0.00002; 0.00119; 0.57251; 0.00706
145.6; 20.594; 8.50; -0.00002; 0.00120; 0.57390; 0.00689
145.8; 20.617; 8.50; -0.00002; 0.00121; 0.57526; 0.00672
146.0; 20.641; 8.50; -0.00002; 0.00123; 0.57658; 0.00654
146.2; 20.664; 8.50; -0.00002; 0.00126; 0.57786; 0.00635
146.4; 20.688; 8.50; -0.00002; 0.00128; 0.57911; 0.00615
146.6; 20.711; 8.50; -0.00002; 0.00131; 0.58031; 0.00594
146.8; 20.735; 8.50; -0.00002; 0.00135; 0.58147; 0.00572
147.0; 20.758; 8.50; -0.00002; 0.00139; 0.58259; 0.00550
147.2; 20.782; 8.50; -0.00003; 0.00144; 0.58366; 0.00526
147.4; 20.805; 8.50; -0.00003; 0.00149; 0.58468; 0.00502
147.6; 20.829; 8.50; -0.00003; 0.00156; 0.58566; 0.00477
147.8; 20.852; 8.50; -0.00003; 0.00163; 0.58658; 0.00451
148.0; 20.876; 8.50; -0.00003; 0.00172; 0.58745; 0.00425
148.2; 20.899; 8.50; -0.00003; 0.00182; 0.58826; 0.00398
148.4; 20.923; 8.50; -0.00003; 0.00194; 0.58902; 0.00370
148.6; 20.946; 8.50; -0.00003; 0.00208; 0.58973; 0.00341
148.8; 20.970; 8.50; -0.00004; 0.00224; 0.59037; 0.00312
149.0; 20.993; 8.50; -0.00004; 0.00242; 0.59096; 0.00282
149.2; 21.017; 8.50; -0.00004; 0.00263; 0.59149; 0.00252
149.4; 21.040; 8.50; -0.00005; 0.00287; 0.59195; 0.00222
149.6; 21.064; 8.50; -0.00005; 0.00314; 0.59235; 0.00191
149.8; 21.087; 8.50; -0.00005; 0.00345; 0.59269; 0.00160
150.0; 21.111; 8.50; -0.00006; 0.00380; 0.59297; 0.00128
150.2; 21.134; 8.50; -0.00006; 0.00419; 0.59318; 0.00097
150.4; 21.158; 8.50; -0.00007; 0.00461; 0.59333; 0.00065
150.6; 21.181; 8.50; -0.00008; 0.00508; 0.59341; 0.00034
150.8; 21.205; 8.50; -0.00009; 0.00559; 0.59343; 0.00003
151.0; 21.228; 8.50; -0.00010; 0.00614; 0.59339; -0.00028
151.2; 21.252; 8.50; -0.00010; 0.00673; 0.59329; -0.00058
151.4; 21.275; 8.50; -0.00012; 0.00736; 0.59312; -0.00088
151.6; 21.299; 8.50; -0.00013; 0.00802; 0.59289; -0.00117
151.8; 21.322; 8.50; -0.00014; 0.00872; 0.59260; -0.00145
152.0; 21.346; 8.50; -0.00015; 0.00944; 0.59226; -0.00173
152.2; 21.369; 8.50; -0.00016; 0.01020; 0.59185; -0.00200
152.4; 21.393; 8.50; -0.00018; 0.01100; 0.59139; -0.00226
152.6; 21.416; 8.50; -0.00019; 0.01183; 0.59088; -0.00252
152.8; 21.440; 8.50; -0.00021; 0.01273; 0.59031; -0.00276
153.0; 21.463; 8.50; -0.00022; 0.01370; 0.58970; -0.00298
153.2; 21.487; 8.50; -0.00024; 0.01479; 0.58903; -0.00320
153.4; 21.510; 8.50; -0.00026; 0.01604; 0.58833; -0.00339
153.6; 21.534; 8.50; -0.00028; 0.01747; 0.58758; -0.00356
153.8; 21.557; 8.50; -0.00030; 0.01910; 0.58679; -0.00371
154.0; 21.581; 8.50; -0.00033; 0.02094; 0.58598; -0.00382
154.2; 21.604; 8.50; -0.00036; 0.02300; 0.58514; -0.00390
154.4; 21.628; 8.50; -0.00039; 0.02526; 0.58428; -0.00393
154.6; 21.651; 8.50; -0.00043; 0.02771; 0.58342; -0.00392
154.8; 21.675; 8.50; -0.00047; 0.03032; 0.58255; -0.00386
155.0; 21.698; 8.50; -0.00052; 0.03303; 0.58169; -0.00374
155.2; 21.722; 8.50; -0.00057; 0.03578; 0.58085; -0.00357
155.4; 21.745; 8.50; -0.00062; 0.03850; 0.58004; -0.00335
155.6; 21.769; 8.50; -0.00067; 0.04110; 0.57928; -0.00307
155.8; 21.792; 8.50; -0.00072; 0.04347; 0.57856; -0.00274
156.0; 21.816; 8.50; -0.00076; 0.04550; 0.57790; -0.00238
156.2; 21.839; 8.50; -0.00081; 0.04708; 0.57731; -0.00198
156.4; 21.863; 8.50; -0.00084; 0.04813; 0.57679; -0.00156
156.6; 21.886; 8.50; -0.00087; 0.04856; 0.57635; -0.00113
156.8; 21.910; 8.50; -0.00089; 0.04837; 0.57599; -0.00071
157.0; 21.933; 8.50; -0.00090; 0.04762; 0.57571; -0.00030
157.2; 21.957; 8.50; -0.00090; 0.04645; 0.57551; 0.00009
157.4; 21.980; 8.50; -0.00089; 0.04501; 0.57538; 0.00044
157.6; 22.003; 8.50; -0.00087; 0.04343; 0.57533; 0.00077
157.8; 22.027; 8.50; -0.00085; 0.04183; 0.57534; 0.00105
158.0; 22.050; 8.50; -0.00082; 0.04030; 0.57541; 0.00130
158.2; 22.074; 8.50; -0.00079; 0.03891; 0.57553; 0.00151
158.4; 22.097; 8.50; -0.00076; 0.03769; 0.57569; 0.00170
158.6; 22.121; 8.50; -0.00074; 0.03669; 0.57590; 0.00186
158.8; 22.144; 8.50; -0.00072; 0.03590; 0.57614; 0.00200
159.0; 22.168; 8.50; -0.00070; 0.03530; 0.57641; 0.00212
159.2; 22.191; 8.50; -0.00068; 0.03487; 0.57670; 0.00224
159.4; 22.215; 8.50; -0.00067; 0.03453; 0.57702; 0.00234
159.6; 22.238; 8.50; -0.00066; 0.03424; 0.57737; 0.00244
159.8; 22.262; 8.50; -0.00065; 0.03391; 0.57773; 0.00253
160.0; 22.285; 8.50; -0.00065; 0.03345; 0.57812; 0.00261
160.2; 22.309; 8.50; -0.00064; 0.03280; 0.57852; 0.00268
160.4; 22.332; 8.50; -0.00063; 0.03189; 0.57893; 0.00273
160.6; 22.356; 8.50; -0.00062; 0.03069; 0.57936; 0.00276
160.8; 22.379; 8.50; -0.00060; 0.02925; 0.57979; 0.00276
161.0; 22.403; 8.50; -0.00058; 0.02763; 0.58022; 0.00271
161.2; 22.426; 8.50; -0.00055; 0.02594; 0.58064; 0.00264
161.4; 22.450; 8.50; -0.00052; 0.02425; 0.58104; 0.00252
161.6; 22.473; 8.50; -0.00049; 0.02265; 0.58143; 0.00236
161.8; 22.497; 8.50; -0.00046; 0.02118; 0.58179; 0.00217
162.0; 22.520; 8.50; -0.00043; 0.01991; 0.58211; 0.00195
162.2; 22.544; 8.50; -0.00041; 0.01888; 0.58239; 0.00170
162.4; 22.567; 8.50; -0.00038; 0.01812; 0.58262; 0.00143
162.6; 22.591; 8.50; -0.00036; 0.01764; 0.58281; 0.00115
162.8; 22.614; 8.50; -0.00035; 0.01746; 0.58293; 0.00086
163.0; 22.637; 8.50; -0.00034; 0.01759; 0.58301; 0.00057
163.2; 22.661; 8.50; -0.00034; 0.01801; 0.58303; 0.00029
163.4; 22.684; 8.50; -0.00034; 0.01870; 0.58299; 0.00003
163.6; 22.708; 8.50; -0.00034; 0.01964; 0.58290; -0.00022
163.8; 22.731; 8.50; -0.00036; 0.02079; 0.58277; -0.00044
164.0; 22.755; 8.50; -0.00037; 0.02210; 0.58259; -0.00063
164.2; 22.778; 8.50; -0.00039; 0.02351; 0.58237; -0.00079
164.4; 22.802; 8.50; -0.00042; 0.02496; 0.58212; -0.00091
164.6; 22.825; 8.50; -0.00044; 0.02637; 0.58185; -0.00100
164.8; 22.849; 8.50; -0.00047; 0.02768; 0.58155; -0.00105
165.0; 22.872; 8.50; -0.00049; 0.02880; 0.58124; -0.00108
165.2; 22.896; 8.50; -0.00052; 0.02967; 0.58092; -0.00109
165.4; 22.919; 8.50; -0.00054; 0.03024; 0.58060; -0.00108
165.6; 22.943; 8.50; -0.00055; 0.03051; 0.58028; -0.00106
165.8; 22.966; 8.50; -0.00056; 0.03050; 0.57996; -0.00103
166.0; 22.990; 8.50; -0.00057; 0.03030; 0.57964; -0.00101
166.2; 23.013; 8.50; -0.00057; 0.03000; 0.57933; -0.00099
166.4; 23.037; 8.50; -0.00057; 0.02969; 0.57902; -0.00098
166.6; 23.060; 8.50; -0.00056; 0.02944; 0.57871; -0.00098
166.8; 23.084; 8.50; -0.00056; 0.02930; 0.57840; -0.00098
167.0; 23.107; 8.50; -0.00056; 0.02931; 0.57810; -0.00098
167.2; 23.131; 8.50; -0.00055; 0.02950; 0.57779; -0.00098
167.4; 23.154; 8.50; -0.00056; 0.02988; 0.57748; -0.00097
167.6; 23.178; 8.50; -0.00056; 0.03045; 0.57718; -0.00095
167.8; 23.201; 8.50; -0.00057; 0.03118; 0.57688; -0.00091
168.0; 23.225; 8.50; -0.00058; 0.03204; 0.57659; -0.00085
168.2; 23.248; 8.50; -0.00059; 0.03299; 0.57631; -0.00077
168.4; 23.271; 8.50; -0.00060; 0.03396; 0.57605; -0.00067
168.6; 23.295; 8.50; -0.00062; 0.03488; 0.57581; -0.00054
168.8; 23.318; 8.50; -0.00064; 0.03568; 0.57559; -0.00040
169.0; 23.342; 8.50; -0.00065; 0.03628; 0.57540; -0.00023
169.2; 23.365; 8.50; -0.00067; 0.03661; 0.57524; -0.00006
169.4; 23.389; 8.50; -0.00068; 0.03662; 0.57511; 0.00012
169.6; 23.412; 8.50; -0.00068; 0.03629; 0.57501; 0.00029
169.8; 23.436; 8.50; -0.00068; 0.03565; 0.57495; 0.00045
170.0; 23.459; 8.50; -0.00068; 0.03478; 0.57492; 0.00059
170.2; 23.483; 8.50; -0.00067; 0.03375; 0.57491; 0.00071
170.4; 23.506; 8.50; -0.00065; 0.03266; 0.57493; 0.00081
170.6; 23.530; 8.50; -0.00064; 0.03154; 0.57497; 0.00088
170.8; 23.553; 8.50; -0.00062; 0.03044; 0.57503; 0.00093
171.0; 23.577; 8.50; -0.00060; 0.02941; 0.57509; 0.00095
171.2; 23.600; 8.50; -0.00058; 0.02846; 0.57517; 0.00095
171.4; 23.624; 8.50; -0.00056; 0.02760; 0.57524; 0.00092
171.6; 23.647; 8.50; -0.00054; 0.02682; 0.57531; 0.00088
171.8; 23.671; 8.50; -0.00052; 0.02612; 0.57538; 0.00083
172.0; 23.694; 8.50; -0.00051; 0.02547; 0.57543; 0.00076
172.2; 23.718; 8.50; -0.00050; 0.02485; 0.57547; 0.00067
172.4; 23.741; 8.50; -0.00048; 0.02420; 0.57550; 0.00057
172.6; 23.765; 8.50; -0.00047; 0.02352; 0.57551; 0.00045
172.8; 23.788; 8.50; -0.00046; 0.02278; 0.57549; 0.00032
173.0; 23.812; 8.50; -0.00044; 0.02198; 0.57545; 0.00017
173.2; 23.835; 8.50; -0.00043; 0.02115; 0.57538; 0.00000
173.4; 23.859; 8.50; -0.00042; 0.02036; 0.57528; -0.00019
173.6; 23.882; 8.50; -0.00040; 0.01968; 0.57514; -0.00039
173.8; 23.906; 8.50; -0.00039; 0.01916; 0.57496; -0.00061
174.0; 23.929; 8.50; -0.00038; 0.01887; 0.57474; -0.00083
174.2; 23.953; 8.50; -0.00037; 0.01883; 0.57448; -0.00106
174.4; 23.976; 8.50; -0.00036; 0.01908; 0.57417; -0.00128
174.6; 23.999; 8.50; -0.00036; 0.01964; 0.57382; -0.00150
174.8; 24.023; 8.50; -0.00037; 0.02052; 0.57343; -0.00169
175.0; 24.046; 8.50; -0.00038; 0.02173; 0.57300; -0.00186
175.2; 24.070; 8.50; -0.00039; 0.02324; 0.57254; -0.00200
175.4; 24.093; 8.50; -0.00041; 0.02503; 0.57205; -0.00209
175.6; 24.117; 8.50; -0.00044; 0.02707; 0.57154; -0.00214
175.8; 24.140; 8.50; -0.00047; 0.02929; 0.57102; -0.00214
176.0; 24.164; 8.50; -0.00051; 0.03164; 0.57050; -0.00209
176.2; 24.187; 8.50; -0.00055; 0.03402; 0.56999; -0.00197
176.4; 24.211; 8.50; -0.00059; 0.03635; 0.56950; -0.00181
176.6; 24.234; 8.50; -0.00064; 0.03853; 0.56904; -0.00159
176.8; 24.258; 8.50; -0.00068; 0.04042; 0.56861; -0.00132
177.0; 24.281; 8.50; -0.00072; 0.04193; 0.56824; -0.00101
177.2; 24.305; 8.50; -0.00075; 0.04296; 0.56793; -0.00068
177.4; 24.328; 8.50; -0.00078; 0.04344; 0.56768; -0.00032
177.6; 24.352; 8.50; -0.00080; 0.04334; 0.56749; 0.00003
177.8; 24.375; 8.50; -0.00081; 0.04274; 0.56737; 0.00038
178.0; 24.399; 8.50; -0.00081; 0.04178; 0.56732; 0.00071
178.2; 24.422; 8.50; -0.00080; 0.04059; 0.56733; 0.00102
178.4; 24.446; 8.50; -0.00078; 0.03933; 0.56740; 0.00129
178.6; 24.469; 8.50; -0.00076; 0.03810; 0.56753; 0.00154
178.8; 24.493; 8.50; -0.00074; 0.03700; 0.56771; 0.00176
179.0; 24.516; 8.50; -0.00072; 0.03612; 0.56794; 0.00196
179.2; 24.540; 8.50; -0.00070; 0.03550; 0.56820; 0.00214
179.4; 24.563; 8.50; -0.00069; 0.03518; 0.56851; 0.00231
179.6; 24.587; 8.50; -0.00068; 0.03519; 0.56885; 0.00248
179.8; 24.610; 8.50; -0.00067; 0.03551; 0.56923; 0.00265
180.0; 24.634; 8.50; -0.00067; 0.03612; 0.56964; 0.00284
180.2; 24.657; 8.50; -0.00068; 0.03698; 0.57010; 0.00305
180.4; 24.681; 8.50; -0.00069; 0.03802; 0.57059; 0.00328
180.6; 24.704; 8.50; -0.00070; 0.03916; 0.57113; 0.00353
180.8; 24.728; 8.50; -0.00072; 0.04031; 0.57172; 0.00381
181.0; 24.751; 8.50; -0.00074; 0.04134; 0.57237; 0.00412
181.2; 24.774; 8.50; -0.00076; 0.04214; 0.57308; 0.00445
181.4; 24.798; 8.50; -0.00077; 0.04258; 0.57385; 0.00480
181.6; 24.821; 8.50; -0.00079; 0.04255; 0.57468; 0.00514
181.8; 24.845; 8.50; -0.00079; 0.04195; 0.57559; 0.00548
182.0; 24.868; 8.50; -0.00079; 0.04077; 0.57656; 0.00580
182.2; 24.892; 8.50; -0.00078; 0.03903; 0.57759; 0.00608
182.4; 24.915; 8.50; -0.00076; 0.03685; 0.57867; 0.00632
182.6; 24.939; 8.50; -0.00073; 0.03437; 0.57980; 0.00650
182.8; 24.962; 8.50; -0.00069; 0.03170; 0.58097; 0.00662
183.0; 24.986; 8.50; -0.00065; 0.02893; 0.58216; 0.00668
183.2; 25.009; 8.50; -0.00060; 0.02617; 0.58337; 0.00667
183.4; 25.033; 8.50; -0.00055; 0.02347; 0.58458; 0.00660
183.6; 25.056; 8.50; -0.00050; 0.02091; 0.58578; 0.00647
183.8; 25.080; 8.50; -0.00045; 0.01852; 0.58696; 0.00628
184.0; 25.103; 8.50; -0.00040; 0.01634; 0.58810; 0.00604
184.2; 25.127; 8.50; -0.00036; 0.01439; 0.58921; 0.00575
184.4; 25.150; 8.50; -0.00032; 0.01269; 0.59025; 0.00542
184.6; 25.174; 8.50; -0.00028; 0.01124; 0.59124; 0.00505
184.8; 25.197; 8.50; -0.00025; 0.01004; 0.59215; 0.00465
185.0; 25.221; 8.50; -0.00022; 0.00907; 0.59299; 0.00423
185.2; 25.244; 8.50; -0.00020; 0.00832; 0.59375; 0.00379
185.4; 25.268; 8.50; -0.00018; 0.00778; 0.59443; 0.00334
185.6; 25.291; 8.50; -0.00016; 0.00740; 0.59501; 0.00288
185.8; 25.315; 8.50; -0.00015; 0.00718; 0.59551; 0.00241
186.0; 25.338; 8.50; -0.00014; 0.00706; 0.59591; 0.00193
186.2; 25.362; 8.50; -0.00014; 0.00702; 0.59622; 0.00146
186.4; 25.385; 8.50; -0.00014; 0.00703; 0.59644; 0.00098
186.6; 25.409; 8.50; -0.00013; 0.00703; 0.59656; 0.00051
186.8; 25.432; 8.50; -0.00013; 0.00701; 0.59659; 0.00004
187.0; 25.456; 8.50; -0.00013; 0.00692; 0.59652; -0.00044
187.2; 25.479; 8.50; -0.00013; 0.00675; 0.59636; -0.00091
187.4; 25.503; 8.50; -0.00013; 0.00650; 0.59611; -0.00140
187.6; 25.526; 8.50; -0.00013; 0.00618; 0.59575; -0.00188
187.8; 25.550; 8.50; -0.00012; 0.00583; 0.59530; -0.00238
188.0; 25.573; 8.50; -0.00012; 0.00549; 0.59475; -0.00288
188.2; 25.596; 8.50; -0.00011; 0.00520; 0.59410; -0.00339
188.4; 25.620; 8.50; -0.00010; 0.00501; 0.59335; -0.00391
188.6; 25.643; 8.50; -0.00010; 0.00496; 0.59250; -0.00442
188.8; 25.667; 8.50; -0.00010; 0.00510; 0.59155; -0.00494
189.0; 25.690; 8.50; -0.00010; 0.00545; 0.59049; -0.00545
189.2; 25.714; 8.50; -0.00010; 0.00605; 0.58934; -0.00594
189.4; 25.737; 8.50; -0.00011; 0.00694; 0.58808; -0.00642
189.6; 25.761; 8.50; -0.00012; 0.00815; 0.58673; -0.00687
189.8; 25.784; 8.50; -0.00013; 0.00970; 0.58529; -0.00729
190.0; 25.808; 8.50; -0.00016; 0.01162; 0.58377; -0.00766
190.2; 25.831; 8.50; -0.00019; 0.01392; 0.58218; -0.00799
190.4; 25.855; 8.50; -0.00022; 0.01662; 0.58051; -0.00825
190.6; 25.878; 8.50; -0.00026; 0.01972; 0.57880; -0.00844
190.8; 25.902; 8.50; -0.00031; 0.02323; 0.57704; -0.00856
191.0; 25.925; 8.50; -0.00037; 0.02713; 0.57526; -0.00858
191.2; 25.949; 8.50; -0.00044; 0.03141; 0.57348; -0.00851
191.4; 25.972; 8.50; -0.00051; 0.03601; 0.57170; -0.00833
191.6; 25.996; 8.50; -0.00059; 0.04088; 0.56995; -0.00804
191.8; 26.019; 8.50; -0.00067; 0.04595; 0.56826; -0.00764
192.0; 26.043; 8.50; -0.00076; 0.05110; 0.56664; -0.00711
192.2; 26.066; 8.50; -0.00086; 0.05623; 0.56513; -0.00646
192.4; 26.090; 8.50; -0.00095; 0.06116; 0.56373; -0.00569
192.6; 26.113; 8.50; -0.00104; 0.06575; 0.56248; -0.00481
192.8; 26.137; 8.50; -0.00114; 0.06978; 0.56140; -0.00384
193.0; 26.160; 8.50; -0.00122; 0.07304; 0.56051; -0.00277
193.2; 26.184; 8.50; -0.00129; 0.07535; 0.55981; -0.00165
193.4; 26.207; 8.50; -0.00135; 0.07649; 0.55933; -0.00048
193.6; 26.231; 8.50; -0.00139; 0.07636; 0.55908; 0.00069
193.8; 26.254; 8.50; -0.00142; 0.07489; 0.55905; 0.00184
194.0; 26.278; 8.50; -0.00141; 0.07219; 0.55925; 0.00294
194.2; 26.301; 8.50; -0.00139; 0.06849; 0.55966; 0.00396
194.4; 26.325; 8.50; -0.00134; 0.06404; 0.56027; 0.00489
194.6; 26.348; 8.50; -0.00128; 0.05907; 0.56106; 0.00570
194.8; 26.372; 8.50; -0.00120; 0.05377; 0.56203; 0.00640
195.0; 26.395; 8.50; -0.00112; 0.04833; 0.56313; 0.00696
195.2; 26.419; 8.50; -0.00102; 0.04288; 0.56435; 0.00740
195.4; 26.442; 8.50; -0.00092; 0.03755; 0.56567; 0.00772
195.6; 26.466; 8.50; -0.00082; 0.03244; 0.56705; 0.00791
195.8; 26.489; 8.50; -0.00072; 0.02760; 0.56849; 0.00799
196.0; 26.513; 8.50; -0.00063; 0.02310; 0.56995; 0.00796
196.2; 26.536; 8.50; -0.00054; 0.01899; 0.57141; 0.00783
196.4; 26.559; 8.50; -0.00046; 0.01527; 0.57285; 0.00761
196.6; 26.583; 8.50; -0.00038; 0.01197; 0.57425; 0.00730
196.8; 26.606; 8.50; -0.00031; 0.00908; 0.57561; 0.00693
197.0; 26.630; 8.50; -0.00024; 0.00662; 0.57689; 0.00650
197.2; 26.653; 8.50; -0.00019; 0.00456; 0.57810; 0.00601
197.4; 26.677; 8.50; -0.00014; 0.00290; 0.57921; 0.00548
197.6; 26.700; 8.50; -0.00010; 0.00162; 0.58023; 0.00492
197.8; 26.724; 8.50; -0.00007; 0.00070; 0.58113; 0.00434
198.0; 26.747; 8.50; -0.00004; 0.00014; 0.58193; 0.00373
198.2; 26.771; 8.50; -0.00002; -0.00010; 0.58261; 0.00312
198.4; 26.794; 8.50; -0.00001; -0.00002; 0.58317; 0.00251
198.6; 26.818; 8.50; -0.00001; 0.00035; 0.58361; 0.00191
198.8; 26.841; 8.50; -0.00001; 0.00100; 0.58393; 0.00132
199.0; 26.865; 8.50; -0.00001; 0.00192; 0.58413; 0.00075
199.2; 26.888; 8.50; -0.00002; 0.00308; 0.58422; 0.00020
199.4; 26.912; 8.50; -0.00004; 0.00447; 0.58421; -0.00031
199.6; 26.935; 8.50; -0.00006; 0.00607; 0.58409; -0.00079
199.8; 26.959; 8.50; -0.00009; 0.00786; 0.58387; -0.00123
200.0; 26.982; 8.50; -0.00011; 0.00981; 0.58357; -0.00162
200.2; 27.006; 8.50; -0.00015; 0.01189; 0.58318; -0.00196
200.4; 27.029; 8.50; -0.00018; 0.01409; 0.58273; -0.00226
200.6; 27.053; 8.50; -0.00022; 0.01635; 0.58221; -0.00250
200.8; 27.076; 8.50; -0.00026; 0.01863; 0.58165; -0.00268
201.0; 27.100; 8.50; -0.00030; 0.02089; 0.58104; -0.00282
201.2; 27.123; 8.50; -0.00034; 0.02307; 0.58040; -0.00290
201.4; 27.147; 8.50; -0.00039; 0.02511; 0.57975; -0.00293
201.6; 27.170; 8.50; -0.00043; 0.02695; 0.57908; -0.00291
201.8; 27.194; 8.50; -0.00046; 0.02853; 0.57842; -0.00286
202.0; 27.217; 8.50; -0.00050; 0.02981; 0.57776; -0.00277
202.2; 27.241; 8.50; -0.00053; 0.03076; 0.57712; -0.00266
202.4; 27.264; 8.50; -0.00055; 0.03139; 0.57649; -0.00252
202.6; 27.288; 8.50; -0.00057; 0.03174; 0.57589; -0.00238
202.8; 27.311; 8.50; -0.00058; 0.03185; 0.57531; -0.00223
203.0; 27.335; 8.50; -0.00059; 0.03177; 0.57477; -0.00208
203.2; 27.358; 8.50; -0.00059; 0.03151; 0.57425; -0.00194
203.4; 27.382; 8.50; -0.00059; 0.03110; 0.57375; -0.00180
203.6; 27.405; 8.50; -0.00059; 0.03055; 0.57329; -0.00167
203.8; 27.429; 8.50; -0.00058; 0.02985; 0.57285; -0.00156
204.0; 27.452; 8.50; -0.00057; 0.02901; 0.57243; -0.00147
204.2; 27.476; 8.50; -0.00056; 0.02803; 0.57203; -0.00140
204.4; 27.499; 8.50; -0.00055; 0.02695; 0.57165; -0.00135
204.6; 27.523; 8.50; -0.00053; 0.02582; 0.57127; -0.00133
204.8; 27.546; 8.50; -0.00051; 0.02467; 0.57090; -0.00133
205.0; 27.569; 8.50; -0.00049; 0.02353; 0.57054; -0.00136
205.2; 27.593; 8.50; -0.00047; 0.02243; 0.57016; -0.00142
205.4; 27.616; 8.50; -0.00045; 0.02138; 0.56978; -0.00150
205.6; 27.640; 8.50; -0.00043; 0.02040; 0.56939; -0.00160
205.8; 27.663; 8.50; -0.00041; 0.01950; 0.56897; -0.00172
206.0; 27.687; 8.50; -0.00039; 0.01868; 0.56853; -0.00187
206.2; 27.710; 8.50; -0.00037; 0.01794; 0.56807; -0.00203
206.4; 27.734; 8.50; -0.00036; 0.01728; 0.56757; -0.00221
206.6; 27.757; 8.50; -0.00034; 0.01670; 0.56705; -0.00240
206.8; 27.781; 8.50; -0.00033; 0.01617; 0.56648; -0.00260
207.0; 27.804; 8.50; -0.00032; 0.01569; 0.56587; -0.00282
207.2; 27.828; 8.50; -0.00031; 0.01523; 0.56523; -0.00304
207.4; 27.851; 8.50; -0.00030; 0.01475; 0.56453; -0.00328
207.6; 27.875; 8.50; -0.00029; 0.01424; 0.56380; -0.00353
207.8; 27.898; 8.50; -0.00028; 0.01368; 0.56301; -0.00379
208.0; 27.922; 8.50; -0.00027; 0.01304; 0.56217; -0.00406
208.2; 27.945; 8.50; -0.00026; 0.01236; 0.56128; -0.00435
208.4; 27.969; 8.50; -0.00025; 0.01166; 0.56033; -0.00465
208.6; 27.992; 8.50; -0.00023; 0.01105; 0.55932; -0.00497
208.8; 28.016; 8.50; -0.00022; 0.01058; 0.55825; -0.00530
209.0; 28.039; 8.50; -0.00021; 0.01036; 0.55711; -0.00564
209.2; 28.063; 8.50; -0.00020; 0.01045; 0.55591; -0.00596
209.4; 28.086; 8.50; -0.00020; 0.01092; 0.55465; -0.00627
209.6; 28.110; 8.50; -0.00020; 0.01185; 0.55333; -0.00656
209.8; 28.133; 8.50; -0.00021; 0.01329; 0.55195; -0.00681
210.0; 28.157; 8.50; -0.00023; 0.01530; 0.55053; -0.00701
210.2; 28.180; 8.50; -0.00026; 0.01791; 0.54907; -0.00714
210.4; 28.204; 8.50; -0.00030; 0.02115; 0.54758; -0.00720
210.6; 28.227; 8.50; -0.00034; 0.02505; 0.54608; -0.00716
210.8; 28.251; 8.50; -0.00040; 0.02961; 0.54459; -0.00702
211.0; 28.274; 8.50; -0.00048; 0.03482; 0.54313; -0.00675
211.2; 28.298; 8.50; -0.00056; 0.04064; 0.54171; -0.00634
211.4; 28.321; 8.50; -0.00066; 0.04703; 0.54038; -0.00578
211.6; 28.345; 8.50; -0.00076; 0.05390; 0.53916; -0.00505
211.8; 28.368; 8.50; -0.00088; 0.06114; 0.53807; -0.00415
212.0; 28.392; 8.50; -0.00101; 0.06862; 0.53716; -0.00307
212.2; 28.415; 8.50; -0.00114; 0.07615; 0.53646; -0.00180
212.4; 28.439; 8.50; -0.00128; 0.08352; 0.53600; -0.00036
212.6; 28.462; 8.50; -0.00142; 0.09045; 0.53582; 0.00127
212.8; 28.486; 8.50; -0.00155; 0.09663; 0.53595; 0.00305
213.0; 28.509; 8.50; -0.00168; 0.10170; 0.53643; 0.00497
213.2; 28.533; 8.50; -0.00179; 0.10522; 0.53727; 0.00699
213.4; 28.556; 8.50; -0.00188; 0.10674; 0.53851; 0.00907
213.6; 28.580; 8.50; -0.00195; 0.10571; 0.54015; 0.01116
213.8; 28.603; 8.50; -0.00197; 0.10156; 0.54219; 0.01319
214.0; 28.627; 8.50; -0.00195; 0.09369; 0.54462; 0.01508
214.2; 28.650; 8.50; -0.00186; 0.08151; 0.54742; 0.01673
214.4; 28.674; 8.36; -0.00202; 0.08482; 0.55053; 0.01833
214.6; 28.698; 8.13; -0.00233; 0.07814; 0.55391; 0.01991
214.8; 28.723; 7.89; -0.00238; 0.05273; 0.55754; 0.02111
215.0; 28.749; 7.63; -0.00204; 0.01468; 0.56135; 0.02151
215.2; 28.776; 7.37; -0.00134; -0.03985; 0.56524; 0.02067
215.4; 28.803; 7.10; -0.00028; -0.12728; 0.56892; 0.01770
215.6; 28.832; 6.84; 0.00115; -0.27163; 0.57190; 0.01110
215.8; 28.862; 6.59; 0.00296; -0.46440; 0.57337; -0.00060
216.0; 28.893; 6.36; 0.00499; -0.68925; 0.57229; -0.01820
216.2; 28.925; 6.15; 0.00717; -0.92494; 0.56743; -0.04211
216.4; 28.959; 5.98; 0.00972; -1.14673; 0.55751; -0.07238
216.6; 28.993; 5.82; 0.01291; -1.33430; 0.54133; -0.10858
216.8; 29.029; 5.68; 0.01686; -1.47317; 0.51781; -0.14966
217.0; 29.066; 5.56; 0.02131; -1.55400; 0.48614; -0.19415
217.2; 29.104; 5.44; 0.02551; -1.57078; 0.44571; -0.24020
217.4; 29.144; 5.32; 0.02835; -1.57079; 0.39599; -0.28695
217.6; 29.185; 5.20; 0.02968; -1.57079; 0.33638; -0.33415
217.8; 29.227; 5.07; 0.02953; -1.57079; 0.26624; -0.38032
218.0; 29.271; 4.94; 0.02788; -1.57079; 0.18547; -0.42194
218.2; 29.318; 4.79; 0.02461; -1.57079; 0.09533; -0.45496
218.4; 29.365; 4.63; 0.01965; -1.57079; -0.00113; -0.47584
218.6; 29.413; 4.46; 0.01305; -1.57079; -0.09924; -0.48069
218.8; 29.461; 4.28; 0.00510; -1.57079; -0.19291; -0.46474
219.0; 29.507; 4.09; -0.00371; -1.57079; -0.27569; -0.42395
219.2; 29.550; 3.88; -0.01282; -1.57079; -0.34329; -0.36041
219.4; 29.592; 3.67; -0.02208; -1.57079; -0.39584; -0.28609
219.6; 29.633; 3.44; -0.03186; -1.57079; -0.43628; -0.21409
219.8; 29.676; 3.18; -0.04289; -1.57079; -0.46717; -0.14806
220.0; 29.720; 2.94; -0.05632; -1.57079; -0.48977; -0.08254
220.2; 29.764; 2.93; -0.06538; -1.57079; -0.50348; -0.00378
220.4; 29.803; 3.05; -0.06446; -1.57079; -0.50583; 0.10018
220.6; 29.837; 3.17; -0.06099; -1.57079; -0.49504; 0.23414
220.8; 29.870; 3.28; -0.05737; -1.57079; -0.46876; 0.38514
221.0; 29.907; 3.40; -0.05347; -1.57079; -0.42018; 0.52000
221.2; 29.953; 3.54; -0.04905; -1.57079; -0.34094; 0.60898
221.4; 30.008; 3.71; -0.04430; -1.57079; -0.23166; 0.64583
221.6; 30.067; 3.87; -0.03965; -1.57079; -0.10377; 0.64041
221.8; 30.127; 4.03; -0.03536; -1.57079; 0.02785; 0.60530
222.0; 30.185; 4.17; -0.03156; -1.57079; 0.15125; 0.55048
222.2; 30.239; 4.30; -0.02823; -1.57079; 0.25944; 0.48381
222.4; 30.290; 4.41; -0.02530; -1.57079; 0.35035; 0.41264
222.6; 30.338; 4.52; -0.02267; -1.57079; 0.42488; 0.34231
222.8; 30.385; 4.61; -0.02027; -1.57076; 0.48451; 0.27456
223.0; 30.429; 4.70; -0.01779; -1.51154; 0.53055; 0.21113
223.2; 30.472; 4.80; -0.01545; -1.39060; 0.56446; 0.15419
223.4; 30.514; 4.91; -0.01324; -1.23194; 0.58792; 0.10520
223.6; 30.555; 5.05; -0.01093; -1.05556; 0.60270; 0.06470
223.8; 30.595; 5.19; -0.00854; -0.87454; 0.61058; 0.03253
224.0; 30.633; 5.35; -0.00623; -0.69866; 0.61321; 0.00813
224.2; 30.670; 5.52; -0.00421; -0.53745; 0.61203; -0.00941
224.4; 30.706; 5.69; -0.00262; -0.40080; 0.60824; -0.02129
224.6; 30.741; 5.87; -0.00149; -0.29173; 0.60276; -0.02875
224.8; 30.775; 6.04; -0.00072; -0.20570; 0.59631; -0.03288
225.0; 30.808; 6.22; -0.00023; -0.13889; 0.58940; -0.03453
225.2; 30.840; 6.39; 0.00004; -0.08815; 0.58241; -0.03436
225.4; 30.872; 6.57; 0.00016; -0.05089; 0.57563; -0.03293
225.6; 30.902; 6.73; 0.00018; -0.02500; 0.56925; -0.03065
225.8; 30.932; 6.90; 0.00015; -0.00870; 0.56337; -0.02787
226.0; 30.961; 7.06; 0.00009; -0.00053; 0.55808; -0.02487
226.2; 30.989; 7.22; 0.00004; 0.00099; 0.55338; -0.02185
226.4; 31.016; 7.37; 0.00000; -0.00149; 0.54927; -0.01896
226.6; 31.044; 7.52; -0.00001; -0.00888; 0.54572; -0.01631
226.8; 31.070; 7.67; 0.00001; -0.02118; 0.54266; -0.01403
227.0; 31.096; 7.81; 0.00009; -0.03775; 0.54003; -0.01223
227.2; 31.122; 7.95; 0.00021; -0.05773; 0.53773; -0.01098
227.4; 31.147; 8.08; 0.00040; -0.07994; 0.53565; -0.01034
227.6; 31.171; 8.21; 0.00065; -0.10277; 0.53368; -0.01032
227.8; 31.196; 8.34; 0.00095; -0.12417; 0.53171; -0.01089
228.0; 31.220; 8.47; 0.00128; -0.14182; 0.52964; -0.01197
228.2; 31.243; 8.50; 0.00183; -0.17393; 0.52737; -0.01375
228.4; 31.267; 8.50; 0.00251; -0.19196; 0.52482; -0.01615
228.6; 31.291; 8.50; 0.00304; -0.19270; 0.52186; -0.01884
228.8; 31.314; 8.50; 0.00333; -0.18513; 0.51846; -0.02151
229.0; 31.338; 8.50; 0.00342; -0.17295; 0.51456; -0.02404
229.2; 31.362; 8.50; 0.00336; -0.15837; 0.51018; -0.02635
229.4; 31.385; 8.50; 0.00320; -0.14275; 0.50534; -0.02840
229.6; 31.409; 8.50; 0.00298; -0.12679; 0.50009; -0.03017
229.8; 31.432; 8.50; 0.00271; -0.11099; 0.49445; -0.03167
230.0; 31.456; 8.50; 0.00243; -0.09573; 0.48849; -0.03290
230.2; 31.480; 8.50; 0.00214; -0.08126; 0.48225; -0.03388
230.4; 31.503; 8.50; 0.00186; -0.06778; 0.47578; -0.03463
230.6; 31.527; 8.50; 0.00159; -0.05540; 0.46912; -0.03518
230.8; 31.550; 8.50; 0.00134; -0.04419; 0.46233; -0.03556
231.0; 31.574; 8.50; 0.00110; -0.03417; 0.45542; -0.03578
231.2; 31.598; 8.50; 0.00089; -0.02533; 0.44844; -0.03589
231.4; 31.621; 8.50; 0.00070; -0.01764; 0.44141; -0.03591
231.6; 31.645; 8.50; 0.00053; -0.01104; 0.43435; -0.03586
231.8; 31.668; 8.50; 0.00038; -0.00548; 0.42727; -0.03577
232.0; 31.692; 8.50; 0.00025; -0.00086; 0.42018; -0.03566
232.2; 31.715; 8.50; 0.00014; 0.00288; 0.41310; -0.03556
232.4; 31.739; 8.50; 0.00005; 0.00584; 0.40601; -0.03548
232.6; 31.762; 8.50; -0.00002; 0.00811; 0.39892; -0.03544
232.8; 31.786; 8.50; -0.00008; 0.00976; 0.39182; -0.03545
233.0; 31.810; 8.50; -0.00013; 0.01088; 0.38471; -0.03554
233.2; 31.833; 8.50; -0.00016; 0.01155; 0.37756; -0.03570
233.4; 31.857; 8.50; -0.00019; 0.01184; 0.37036; -0.03596
233.6; 31.880; 8.50; -0.00020; 0.01181; 0.36310; -0.03631
233.8; 31.904; 8.50; -0.00021; 0.01153; 0.35576; -0.03676
234.0; 31.927; 8.50; -0.00021; 0.01105; 0.34832; -0.03733
234.2; 31.951; 8.50; -0.00021; 0.01041; 0.34075; -0.03800
234.4; 31.974; 8.50; -0.00020; 0.00966; 0.33304; -0.03880
234.6; 31.998; 8.50; -0.00019; 0.00883; 0.32517; -0.03971
234.8; 32.021; 8.50; -0.00018; 0.00795; 0.31710; -0.04074
235.0; 32.045; 8.50; -0.00017; 0.00705; 0.30881; -0.04188
235.2; 32.068; 8.50; -0.00015; 0.00615; 0.30030; -0.04310
235.4; 32.092; 8.50; -0.00013; 0.00525; 0.29154; -0.04435
235.6; 32.115; 8.50; -0.00012; 0.00438; 0.28253; -0.04557
235.8; 32.139; 8.50; -0.00010; 0.00355; 0.27329; -0.04676
236.0; 32.162; 8.50; -0.00009; 0.00275; 0.26381; -0.04791
236.2; 32.186; 8.50; -0.00007; 0.00199; 0.25411; -0.04902
236.4; 32.209; 8.50; -0.00005; 0.00127; 0.24419; -0.05009
236.6; 32.233; 8.50; -0.00004; 0.00060; 0.23406; -0.05112
236.8; 32.256; 8.50; -0.00003; -0.00002; 0.22373; -0.05211
237.0; 32.280; 8.50; -0.00001; -0.00060; 0.21321; -0.05305
237.2; 32.303; 8.50; -0.00000; -0.00114; 0.20251; -0.05395
237.4; 32.327; 8.50; 0.00001; -0.00164; 0.19163; -0.05481
237.6; 32.350; 8.50; 0.00002; -0.00209; 0.18059; -0.05562
237.8; 32.374; 8.50; 0.00003; -0.00250; 0.16938; -0.05639
238.0; 32.398; 8.50; 0.00004; -0.00287; 0.15803; -0.05711
238.2; 32.421; 8.50; 0.00004; -0.00319; 0.14654; -0.05778
238.4; 32.445; 8.50; 0.00005; -0.00345; 0.13493; -0.05840
238.6; 32.468; 8.50; 0.00006; -0.00365; 0.12319; -0.05897
238.8; 32.492; 8.50; 0.00006; -0.00378; 0.11134; -0.05949
239.0; 32.515; 8.50; 0.00007; -0.00383; 0.09940; -0.05996
239.2; 32.539; 8.50; 0.00007; -0.00379; 0.08737; -0.06036
239.4; 32.563; 8.50; 0.00007; -0.00364; 0.07526; -0.06071
239.6; 32.586; 8.50; 0.00007; -0.00336; 0.06309; -0.06100
239.8; 32.610; 8.50; 0.00007; -0.00293; 0.05086; -0.06123
240.0; 32.633; 8.50; 0.00006; -0.00235; 0.03860; -0.06139
240.2; 32.657; 8.50; 0.00005; -0.00157; 0.02631; -0.06147
240.4; 32.680; 8.50; 0.00004; -0.00059; 0.01400; -0.06148
240.6; 32.704; 8.50; 0.00003; 0.00063; 0.00171; -0.06140
240.8; 32.728; 8.50; 0.00001; 0.00210; -0.01057; -0.06124
241.0; 32.751; 8.50; -0.00001; 0.00385; -0.02281; -0.06098
241.2; 32.775; 8.50; -0.00004; 0.00590; -0.03499; -0.06062
241.4; 32.798; 8.50; -0.00007; 0.00826; -0.04710; -0.06015
241.6; 32.822; 8.50; -0.00011; 0.01094; -0.05910; -0.05957
241.8; 32.845; 8.50; -0.00016; 0.01396; -0.07099; -0.05886
242.0; 32.869; 8.50; -0.00021; 0.01730; -0.08272; -0.05803
242.2; 32.893; 8.50; -0.00026; 0.02095; -0.09429; -0.05705
242.4; 32.916; 8.50; -0.00032; 0.02490; -0.10566; -0.05592
242.6; 32.940; 8.50; -0.00039; 0.02911; -0.11679; -0.05464
242.8; 32.963; 8.50; -0.00046; 0.03352; -0.12767; -0.05321
243.0; 32.987; 8.50; -0.00054; 0.03807; -0.13826; -0.05161
243.2; 33.010; 8.50; -0.00062; 0.04265; -0.14853; -0.04985
243.4; 33.034; 8.50; -0.00071; 0.04717; -0.15844; -0.04792
243.6; 33.057; 8.50; -0.00079; 0.05147; -0.16797; -0.04584
243.8; 33.081; 8.50; -0.00087; 0.05539; -0.17708; -0.04360
244.0; 33.104; 8.50; -0.00095; 0.05874; -0.18575; -0.04122
244.2; 33.128; 8.50; -0.00102; 0.06127; -0.19394; -0.03872
244.4; 33.151; 8.50; -0.00109; 0.06272; -0.20163; -0.03612
244.6; 33.175; 8.50; -0.00113; 0.06281; -0.20880; -0.03345
244.8; 33.199; 8.50; -0.00115; 0.06118; -0.21545; -0.03074
245.0; 33.222; 8.50; -0.00115; 0.05749; -0.22155; -0.02804
245.2; 33.246; 8.50; -0.00112; 0.05133; -0.22711; -0.02541
245.4; 33.269; 8.50; -0.00105; 0.04228; -0.23215; -0.02290
245.6; 33.293; 8.50; -0.00093; 0.02991; -0.23669; -0.02060
245.8; 33.316; 8.50; -0.00076; 0.01376; -0.24077; -0.01858
246.0; 33.340; 8.50; -0.00052; -0.00660; -0.24445; -0.01695
246.2; 33.363; 8.50; -0.00022; -0.03162; -0.24778; -0.01580
246.4; 33.386; 8.50; 0.00016; -0.06170; -0.25089; -0.01525
246.6; 33.410; 8.50; 0.00063; -0.09720; -0.25386; -0.01543
246.8; 33.433; 8.50; 0.00119; -0.13846; -0.25686; -0.01646
247.0; 33.457; 8.50; 0.00186; -0.18571; -0.26003; -0.01849
247.2; 33.480; 8.50; 0.00264; -0.23912; -0.26358; -0.02165
247.4; 33.504; 8.50; 0.00355; -0.29867; -0.26772; -0.02609
247.6; 33.527; 8.50; 0.00461; -0.36415; -0.27268; -0.03195
247.8; 33.551; 8.50; 0.00581; -0.43507; -0.27874; -0.03934
248.0; 33.574; 8.50; 0.00720; -0.51098; -0.28616; -0.04817
248.2; 33.598; 8.50; 0.00880; -0.59418; -0.29514; -0.05789
248.4; 33.621; 8.50; 0.01066; -0.67962; -0.30570; -0.06773
248.6; 33.644; 8.50; 0.01279; -0.76052; -0.31773; -0.07707
248.8; 33.668; 8.50; 0.01516; -0.83565; -0.33103; -0.08562
249.0; 33.691; 8.50; 0.01773; -0.90328; -0.34536; -0.09316
249.2; 33.714; 8.50; 0.02048; -0.96173; -0.36044; -0.09942
249.4; 33.736; 8.50; 0.02336; -1.00999; -0.37595; -0.10409
249.6; 33.759; 8.50; 0.02629; -1.04784; -0.39150; -0.10685
249.8; 33.782; 8.50; 0.02923; -1.07573; -0.40671; -0.10742
250.0; 33.804; 8.50; 0.03208; -1.09457; -0.42111; -0.10551
250.2; 33.826; 8.50; 0.03480; -1.10539; -0.43426; -0.10091
250.4; 33.848; 8.50; 0.03732; -1.10915; -0.44569; -0.09346
250.6; 33.870; 8.50; 0.03959; -1.10684; -0.45493; -0.08308
250.8; 33.891; 8.50; 0.04156; -1.09883; -0.46153; -0.06975
251.0; 33.913; 8.50; 0.04318; -1.08471; -0.46506; -0.05353
251.2; 33.934; 8.50; 0.04438; -1.06373; -0.46514; -0.03454
251.4; 33.955; 8.50; 0.04508; -1.03457; -0.46141; -0.01324
251.6; 33.976; 8.50; 0.04517; -0.99511; -0.45365; 0.00895
251.8; 33.998; 8.50; 0.04448; -0.94224; -0.44193; 0.02983
252.0; 34.019; 8.50; 0.04283; -0.87215; -0.42667; 0.04801
252.2; 34.041; 8.50; 0.04001; -0.78128; -0.40848; 0.06354
252.4; 34.064; 8.50; 0.03587; -0.66861; -0.38797; 0.07717
252.6; 34.086; 8.50; 0.03050; -0.53935; -0.36566; 0.08967
252.8; 34.109; 8.50; 0.02438; -0.40751; -0.34189; 0.10158
253.0; 34.132; 8.50; 0.01834; -0.29057; -0.31684; 0.11305
253.2; 34.155; 8.50; 0.01311; -0.19826; -0.29051; 0.12384
253.4; 34.178; 8.50; 0.00905; -0.12915; -0.26289; 0.13357
253.6; 34.202; 8.50; 0.00609; -0.07714; -0.23399; 0.14191
253.8; 34.225; 8.50; 0.00397; -0.03675; -0.20395; 0.14865
254.0; 34.249; 8.50; 0.00246; -0.00434; -0.17296; 0.15360
254.2; 34.273; 8.50; 0.00136; 0.02236; -0.14134; 0.15662
254.4; 34.297; 8.50; 0.00053; 0.04480; -0.10943; 0.15770
254.6; 34.320; 8.50; -0.00011; 0.06392; -0.07758; 0.15728
254.8; 34.344; 8.50; -0.00062; 0.08035; -0.04602; 0.15618
255.0; 34.368; 8.50; -0.00104; 0.09452; -0.01480; 0.15505
255.2; 34.392; 8.50; -0.00139; 0.10671; 0.01612; 0.15409
255.4; 34.416; 8.50; -0.00168; 0.11709; 0.04676; 0.15325
255.6; 34.440; 8.50; -0.00193; 0.12572; 0.07717; 0.15250
255.8; 34.463; 8.50; -0.00214; 0.13255; 0.10737; 0.15180
256.0; 34.487; 8.50; -0.00232; 0.13747; 0.13736; 0.15111
256.2; 34.511; 8.50; -0.00245; 0.14026; 0.16717; 0.15039
256.4; 34.534; 8.50; -0.00255; 0.14063; 0.19677; 0.14960
256.6; 34.558; 8.50; -0.00261; 0.13820; 0.22616; 0.14867
256.8; 34.582; 8.50; -0.00261; 0.13251; 0.25532; 0.14754
257.0; 34.605; 8.50; -0.00257; 0.12303; 0.28420; 0.14614
257.2; 34.629; 8.50; -0.00246; 0.10917; 0.31275; 0.14438
257.4; 34.653; 8.50; -0.00227; 0.09028; 0.34092; 0.14215
257.6; 34.676; 8.50; -0.00201; 0.06573; 0.36859; 0.13935
257.8; 34.700; 8.50; -0.00165; 0.03485; 0.39568; 0.13583
258.0; 34.723; 8.50; -0.00118; -0.00298; 0.42203; 0.13145
258.2; 34.747; 8.50; -0.00060; -0.04833; 0.44749; 0.12606
258.4; 34.770; 8.50; 0.00010; -0.10173; 0.47186; 0.11949
258.6; 34.794; 8.50; 0.00095; -0.16367; 0.49492; 0.11154
258.8; 34.817; 8.50; 0.00195; -0.23446; 0.51641; 0.10205
259.0; 34.840; 8.50; 0.00313; -0.31413; 0.53604; 0.09081
259.2; 34.864; 8.50; 0.00451; -0.40225; 0.55349; 0.07764
259.4; 34.887; 8.50; 0.00613; -0.49795; 0.56841; 0.06238
259.6; 34.910; 8.50; 0.00803; -0.60571; 0.58042; 0.04480
259.8; 34.933; 8.50; 0.01032; -0.71468; 0.58912; 0.02481
260.0; 34.957; 8.50; 0.01301; -0.81700; 0.59414; 0.00247
260.2; 34.980; 8.50; 0.01606; -0.90960; 0.59510; -0.02199
260.4; 35.003; 8.50; 0.01943; -0.98854; 0.59168; -0.04833
260.6; 35.026; 8.50; 0.02306; -1.05123; 0.58359; -0.07619
260.8; 35.050; 8.50; 0.02684; -1.09682; 0.57059; -0.10517
261.0; 35.073; 8.50; 0.03064; -1.12603; 0.55249; -0.13457
261.2; 35.097; 8.50; 0.03433; -1.14095; 0.52921; -0.16335
261.4; 35.120; 8.50; 0.03778; -1.14392; 0.50083; -0.19058
261.6; 35.144; 8.50; 0.04088; -1.13851; 0.46757; -0.21578
261.8; 35.169; 8.50; 0.04357; -1.12791; 0.42974; -0.23876
262.0; 35.193; 8.50; 0.04588; -1.11872; 0.38770; -0.25943
262.2; 35.217; 8.49; 0.04791; -1.11333; 0.34185; -0.27778
262.4; 35.242; 8.49; 0.04976; -1.11042; 0.29265; -0.29374
262.6; 35.267; 8.48; 0.05149; -1.10884; 0.24063; -0.30717
262.8; 35.292; 8.47; 0.05314; -1.10793; 0.18638; -0.31785
263.0; 35.317; 8.46; 0.05471; -1.10742; 0.13060; -0.32550
263.2; 35.341; 8.45; 0.05623; -1.10739; 0.07407; -0.32976
263.4; 35.366; 8.44; 0.05770; -1.10804; 0.01765; -0.33023
263.6; 35.391; 8.42; 0.05916; -1.10966; -0.03766; -0.32646
263.8; 35.415; 8.41; 0.06060; -1.11251; -0.09083; -0.31794
264.0; 35.439; 8.39; 0.06207; -1.11673; -0.14073; -0.30414
264.2; 35.463; 8.38; 0.06359; -1.12220; -0.18621; -0.28455
264.4; 35.486; 8.36; 0.06517; -1.12794; -0.22616; -0.25913
264.6; 35.509; 8.34; 0.06678; -1.13172; -0.25980; -0.22912
264.8; 35.531; 8.33; 0.06836; -1.13298; -0.28679; -0.19669
265.0; 35.553; 8.31; 0.06989; -1.13261; -0.30716; -0.16360
265.2; 35.575; 8.30; 0.07135; -1.13166; -0.32110; -0.13082
265.4; 35.597; 8.28; 0.07273; -1.13101; -0.32887; -0.09901
265.6; 35.619; 8.27; 0.07405; -1.13132; -0.33075; -0.06878
265.8; 35.641; 8.26; 0.07535; -1.13300; -0.32706; -0.04068
266.0; 35.663; 8.24; 0.07666; -1.13612; -0.31818; -0.01516
266.2; 35.686; 8.23; 0.07801; -1.13986; -0.30451; 0.00744
266.4; 35.708; 8.22; 0.07942; -1.14116; -0.28651; 0.02692
266.6; 35.732; 8.21; 0.08082; -1.13596; -0.26467; 0.04327
266.8; 35.755; 8.20; 0.08205; -1.12115; -0.23950; 0.05663
267.0; 35.779; 8.19; 0.08287; -1.09237; -0.21156; 0.06730
267.2; 35.802; 8.17; 0.08293; -1.04231; -0.18141; 0.07579
267.4; 35.827; 8.16; 0.08165; -0.95849; -0.14960; 0.08286
267.6; 35.851; 8.15; 0.07816; -0.82002; -0.11664; 0.08975
267.8; 35.876; 8.13; 0.07075; -0.57228; -0.08301; 0.09847
268.0; 35.900; 8.15; 0.05578; -0.09504; -0.04914; 0.11271
268.2; 35.925; 7.97; 0.04000; 0.13905; -0.01500; 0.13070
268.4; 35.951; 7.73; 0.02403; 0.51465; 0.01997; 0.15188
268.6; 35.978; 7.51; 0.00835; 0.85409; 0.05653; 0.17780
268.8; 36.006; 7.33; -0.00422; 1.06631; 0.09580; 0.20628
269.0; 36.034; 7.18; -0.01395; 1.19234; 0.13861; 0.23466
269.2; 36.062; 7.06; -0.02193; 1.27162; 0.18512; 0.26121
269.4; 36.091; 6.95; -0.02883; 1.32569; 0.23498; 0.28479
269.6; 36.121; 6.85; -0.03504; 1.36992; 0.28745; 0.30455
269.8; 36.150; 6.76; -0.04091; 1.41725; 0.34155; 0.31991
270.0; 36.179; 6.71; -0.04557; 1.41558; 0.39609; 0.32943
270.2; 36.208; 6.69; -0.04777; 1.35625; 0.44976; 0.33078
270.4; 36.235; 6.68; -0.04847; 1.33234; 0.50099; 0.32296
270.6; 36.262; 6.67; -0.04851; 1.32042; 0.54812; 0.30604
270.8; 36.288; 6.65; -0.04821; 1.31486; 0.58967; 0.27994
271.0; 36.312; 6.64; -0.04773; 1.31242; 0.62446; 0.24485
271.2; 36.336; 6.63; -0.04717; 1.31080; 0.65172; 0.20161
271.4; 36.358; 6.62; -0.04654; 1.30972; 0.67121; 0.15289
271.6; 36.381; 6.61; -0.04584; 1.30918; 0.68328; 0.10387
271.8; 36.403; 6.60; -0.04508; 1.30908; 0.68861; 0.05958
272.0; 36.427; 6.59; -0.04426; 1.30928; 0.68792; 0.02215
272.2; 36.450; 6.58; -0.04337; 1.30963; 0.68200; -0.00848
272.4; 36.475; 6.57; -0.04244; 1.31000; 0.67162; -0.03295
272.6; 36.500; 6.57; -0.04147; 1.31024; 0.65756; -0.05197
272.8; 36.526; 6.56; -0.04046; 1.31022; 0.64055; -0.06629
273.0; 36.552; 6.55; -0.03941; 1.30981; 0.62130; -0.07668
273.2; 36.579; 6.55; -0.03834; 1.30888; 0.60041; -0.08384
273.4; 36.606; 6.54; -0.03724; 1.30734; 0.57841; -0.08845
273.6; 36.634; 6.54; -0.03612; 1.30518; 0.55574; -0.09118
273.8; 36.662; 6.54; -0.03497; 1.30247; 0.53272; -0.09265
274.0; 36.689; 6.54; -0.03382; 1.29930; 0.50957; -0.09346
274.2; 36.717; 6.54; -0.03266; 1.29523; 0.48638; -0.09424
274.4; 36.745; 6.55; -0.03149; 1.28977; 0.46314; -0.09543
274.6; 36.774; 6.55; -0.03031; 1.28311; 0.43977; -0.09706
274.8; 36.802; 6.56; -0.02912; 1.27539; 0.41619; -0.09874
275.0; 36.830; 6.57; -0.02791; 1.26651; 0.39240; -0.10005
275.2; 36.859; 6.58; -0.02669; 1.25598; 0.36851; -0.10068
275.4; 36.887; 6.60; -0.02546; 1.24284; 0.34465; -0.10041
275.6; 36.916; 6.61; -0.02419; 1.22553; 0.32101; -0.09909
275.8; 36.945; 6.63; -0.02283; 1.20183; 0.29783; -0.09666
276.0; 36.974; 6.66; -0.02132; 1.16906; 0.27534; -0.09322
276.2; 37.003; 6.69; -0.01957; 1.12459; 0.25378; -0.08894
276.4; 37.032; 6.73; -0.01755; 1.06683; 0.23335; -0.08413
276.6; 37.061; 6.78; -0.01528; 0.99642; 0.21421; -0.07914
276.8; 37.090; 6.84; -0.01292; 0.91652; 0.19641; -0.07428
277.0; 37.118; 6.91; -0.01069; 0.83130; 0.17993; -0.06974
277.2; 37.147; 6.99; -0.00877; 0.74346; 0.16465; -0.06565
277.4; 37.175; 7.08; -0.00723; 0.65340; 0.15043; -0.06204
277.6; 37.203; 7.18; -0.00605; 0.56041; 0.13710; -0.05897
277.8; 37.230; 7.30; -0.00511; 0.46410; 0.12450; -0.05651
278.0; 37.257; 7.41; -0.00432; 0.36486; 0.11247; -0.05470
278.2; 37.284; 7.54; -0.00361; 0.26368; 0.10086; -0.05357
278.4; 37.310; 7.67; -0.00290; 0.16156; 0.08954; -0.05310
278.6; 37.336; 7.81; -0.00216; 0.05856; 0.07838; -0.05327
278.8; 37.362; 7.95; -0.00136; -0.04736; 0.06727; -0.05408
279.0; 37.387; 8.08; -0.00045; -0.16760; 0.05607; -0.05572
279.2; 37.411; 8.20; 0.00073; -0.32082; 0.04461; -0.05878
279.4; 37.436; 8.31; 0.00247; -0.49641; 0.03264; -0.06384
279.6; 37.460; 8.39; 0.00495; -0.67459; 0.01985; -0.07107
279.8; 37.483; 8.46; 0.00825; -0.83307; 0.00601; -0.08020
280.0; 37.507; 8.50; 0.01257; -0.98517; -0.00905; -0.09097
280.2; 37.531; 8.49; 0.01855; -1.15647; -0.02541; -0.10365
280.4; 37.554; 8.47; 0.02544; -1.23677; -0.04310; -0.11734
280.6; 37.578; 8.49; 0.03138; -1.20849; -0.06211; -0.12978
280.8; 37.601; 8.50; 0.03613; -1.19004; -0.08230; -0.14010
281.0; 37.625; 8.50; 0.04009; -1.17104; -0.10345; -0.14873
281.2; 37.648; 8.50; 0.04338; -1.15089; -0.12542; -0.15606
281.4; 37.672; 8.50; 0.04607; -1.13095; -0.14809; -0.16226
281.6; 37.695; 8.49; 0.04821; -1.11427; -0.17134; -0.16731
281.8; 37.718; 8.49; 0.04993; -1.10093; -0.19502; -0.17117
282.0; 37.741; 8.48; 0.05130; -1.09030; -0.21895; -0.17379
282.2; 37.764; 8.48; 0.05239; -1.08172; -0.24293; -0.17510
282.4; 37.787; 8.47; 0.05326; -1.07464; -0.26673; -0.17498
282.6; 37.810; 8.46; 0.05394; -1.06867; -0.29010; -0.17331
282.8; 37.833; 8.45; 0.05446; -1.06354; -0.31273; -0.16996
283.0; 37.856; 8.44; 0.05484; -1.05906; -0.33433; -0.16479
283.2; 37.878; 8.43; 0.05509; -1.05507; -0.35455; -0.15762
283.4; 37.901; 8.42; 0.05523; -1.05147; -0.37303; -0.14831
283.6; 37.923; 8.42; 0.05526; -1.04817; -0.38940; -0.13667
283.8; 37.945; 8.41; 0.05520; -1.04509; -0.40324; -0.12256
284.0; 37.967; 8.40; 0.05505; -1.04217; -0.41415; -0.10581
284.2; 37.989; 8.39; 0.05482; -1.03939; -0.42171; -0.08642
284.4; 38.011; 8.38; 0.05452; -1.03676; -0.42554; -0.06487
284.6; 38.032; 8.37; 0.05414; -1.03435; -0.42541; -0.04223
284.8; 38.054; 8.37; 0.05369; -1.03232; -0.42124; -0.01957
285.0; 38.075; 8.36; 0.05319; -1.03094; -0.41307; 0.00259
285.2; 38.097; 8.35; 0.05265; -1.03054; -0.40098; 0.02400
285.4; 38.119; 8.35; 0.05209; -1.03122; -0.38507; 0.04447
285.6; 38.141; 8.34; 0.05153; -1.03196; -0.36547; 0.06383
285.8; 38.164; 8.34; 0.05098; -1.03163; -0.34231; 0.08198
286.0; 38.187; 8.33; 0.05040; -1.03029; -0.31576; 0.09886
286.2; 38.209; 8.33; 0.04979; -1.02829; -0.28599; 0.11441
286.4; 38.233; 8.33; 0.04914; -1.02599; -0.25321; 0.12861
286.6; 38.256; 8.32; 0.04843; -1.02365; -0.21762; 0.14144
286.8; 38.280; 8.32; 0.04768; -1.02147; -0.17944; 0.15291
287.0; 38.303; 8.32; 0.04690; -1.01964; -0.13893; 0.16302
287.2; 38.328; 8.32; 0.04611; -1.01840; -0.09632; 0.17175
287.4; 38.352; 8.32; 0.04532; -1.01805; -0.05188; 0.17887
287.6; 38.376; 8.32; 0.04456; -1.01900; -0.00599; 0.18395
287.8; 38.401; 8.32; 0.04387; -1.02173; 0.04089; 0.18666
288.0; 38.426; 8.32; 0.04331; -1.02678; 0.08822; 0.18691
288.2; 38.451; 8.33; 0.04291; -1.03462; 0.13547; 0.18470
288.4; 38.476; 8.33; 0.04274; -1.04555; 0.18211; 0.18006
288.6; 38.501; 8.33; 0.04285; -1.05957; 0.22761; 0.17300
288.8; 38.526; 8.33; 0.04330; -1.07626; 0.27149; 0.16357
289.0; 38.551; 8.33; 0.04412; -1.09475; 0.31327; 0.15179
289.2; 38.576; 8.33; 0.04532; -1.11366; 0.35253; 0.13775
289.4; 38.601; 8.33; 0.04688; -1.13106; 0.38886; 0.12155
289.6; 38.626; 8.32; 0.04876; -1.14428; 0.42187; 0.10332
289.8; 38.651; 8.31; 0.05082; -1.14950; 0.45125; 0.08330
290.0; 38.675; 8.30; 0.05286; -1.14078; 0.47668; 0.06181
290.2; 38.700; 8.29; 0.05451; -1.10833; 0.49789; 0.03933
290.4; 38.724; 8.29; 0.05513; -1.03528; 0.51468; 0.01669
290.6; 38.749; 8.28; 0.05364; -0.89226; 0.52684; -0.00478
290.8; 38.773; 8.29; 0.04831; -0.63174; 0.53431; -0.02279
291.0; 38.797; 8.33; 0.03715; -0.21052; 0.53715; -0.03386
291.2; 38.821; 8.42; 0.02171; 0.24815; 0.53601; -0.03535
291.4; 38.844; 8.50; 0.00926; 0.50098; 0.53246; -0.03026
291.6; 38.867; 8.50; 0.00072; 0.71293; 0.52827; -0.02164
291.8; 38.890; 8.50; -0.00615; 0.88408; 0.52456; -0.01041
292.0; 38.913; 8.50; -0.01230; 1.01114; 0.52196; 0.00237
292.2; 38.936; 8.50; -0.01810; 1.09647; 0.52075; 0.01568
292.4; 38.959; 8.49; -0.02395; 1.17457; 0.52100; 0.02897
292.6; 38.981; 8.48; -0.02969; 1.20921; 0.52264; 0.04159
292.8; 39.004; 8.49; -0.03437; 1.17408; 0.52549; 0.05216
293.0; 39.026; 8.49; -0.03795; 1.14984; 0.52931; 0.06003
293.2; 39.049; 8.50; -0.04078; 1.12636; 0.53374; 0.06526
293.4; 39.071; 8.50; -0.04295; 1.10199; 0.53841; 0.06781
293.6; 39.093; 8.50; -0.04450; 1.07794; 0.54293; 0.06766
293.8; 39.115; 8.50; -0.04549; 1.05603; 0.54693; 0.06515
294.0; 39.137; 8.50; -0.04601; 1.03794; 0.55016; 0.06110
294.2; 39.158; 8.50; -0.04616; 1.02740; 0.55250; 0.05644
294.4; 39.180; 8.50; -0.04611; 1.02315; 0.55397; 0.05170
294.6; 39.202; 8.50; -0.04600; 1.02295; 0.55458; 0.04708
294.8; 39.224; 8.50; -0.04589; 1.02478; 0.55438; 0.04268
295.0; 39.246; 8.50; -0.04582; 1.02719; 0.55341; 0.03856
295.2; 39.267; 8.50; -0.04581; 1.02927; 0.55171; 0.03476
295.4; 39.289; 8.50; -0.04584; 1.03065; 0.54933; 0.03128
295.6; 39.311; 8.50; -0.04589; 1.03137; 0.54632; 0.02815
295.8; 39.333; 8.50; -0.04595; 1.03176; 0.54275; 0.02537
296.0; 39.355; 8.50; -0.04601; 1.03210; 0.53867; 0.02295
296.2; 39.377; 8.50; -0.04608; 1.03193; 0.53416; 0.02091
296.4; 39.399; 8.50; -0.04614; 1.03070; 0.52928; 0.01924
296.6; 39.421; 8.50; -0.04616; 1.02880; 0.52411; 0.01792
296.8; 39.443; 8.50; -0.04614; 1.02673; 0.51872; 0.01697
297.0; 39.465; 8.50; -0.04608; 1.02490; 0.51317; 0.01638
297.2; 39.487; 8.50; -0.04599; 1.02352; 0.50756; 0.01616
297.4; 39.510; 8.50; -0.04587; 1.02272; 0.50195; 0.01632
297.6; 39.532; 8.50; -0.04575; 1.02249; 0.49642; 0.01687
297.8; 39.554; 8.50; -0.04563; 1.02280; 0.49105; 0.01781
298.0; 39.576; 8.50; -0.04552; 1.02354; 0.48591; 0.01916
298.2; 39.599; 8.50; -0.04543; 1.02461; 0.48108; 0.02090
298.4; 39.621; 8.50; -0.04538; 1.02588; 0.47662; 0.02305
298.6; 39.644; 8.50; -0.04535; 1.02722; 0.47260; 0.02558
298.8; 39.666; 8.50; -0.04535; 1.02850; 0.46911; 0.02849
299.0; 39.688; 8.50; -0.04539; 1.02959; 0.46620; 0.03177
299.2; 39.711; 8.50; -0.04544; 1.03040; 0.46393; 0.03539
299.4; 39.733; 8.50; -0.04550; 1.03084; 0.46238; 0.03933
299.6; 39.756; 8.50; -0.04557; 1.03091; 0.46159; 0.04358
299.8; 39.778; 8.50; -0.04564; 1.03062; 0.46163; 0.04810
300.0; 39.801; 8.50; -0.04570; 1.03006; 0.46255; 0.05289
300.2; 39.823; 8.50; -0.04574; 1.02937; 0.46440; 0.05786
300.4; 39.846; 8.50; -0.04577; 1.02869; 0.46720; 0.06289
300.6; 39.868; 8.50; -0.04578; 1.02816; 0.47095; 0.06778
300.8; 39.891; 8.50; -0.04578; 1.02785; 0.47560; 0.07240
301.0; 39.913; 8.50; -0.04578; 1.02773; 0.48110; 0.07672
301.2; 39.936; 8.50; -0.04577; 1.02774; 0.48739; 0.08069
301.4; 39.958; 8.50; -0.04577; 1.02781; 0.49440; 0.08428
301.6; 39.981; 8.50; -0.04576; 1.02789; 0.50203; 0.08747
301.8; 40.003; 8.50; -0.04576; 1.02795; 0.51022; 0.09023
302.0; 40.025; 8.50; -0.04576; 1.02797; 0.51887; 0.09251
302.2; 40.048; 8.50; -0.04576; 1.02798; 0.52789; 0.09429
302.4; 40.070; 8.50; -0.04576; 1.02797; 0.53717; 0.09554
302.6; 40.092; 8.50; -0.04576; 1.02792; 0.54661; 0.09623
302.8; 40.114; 8.50; -0.04576; 1.02782; 0.55611; 0.09632
303.0; 40.136; 8.50; -0.04575; 1.02765; 0.56553; 0.09580
303.2; 40.158; 8.50; -0.04575; 1.02741; 0.57477; 0.09463
303.4; 40.180; 8.50; -0.04574; 1.02716; 0.58371; 0.09280
303.6; 40.202; 8.50; -0.04572; 1.02704; 0.59222; 0.09029
303.8; 40.224; 8.50; -0.04571; 1.02720; 0.60017; 0.08708
304.0; 40.245; 8.50; -0.04570; 1.02778; 0.60745; 0.08318
304.2; 40.267; 8.50; -0.04570; 1.02877; 0.61392; 0.07859
304.4; 40.288; 8.50; -0.04572; 1.02998; 0.61947; 0.07332
304.6; 40.310; 8.50; -0.04577; 1.03108; 0.62398; 0.06737
304.8; 40.331; 8.50; -0.04583; 1.03072; 0.62731; 0.06074
305.0; 40.353; 8.50; -0.04587; 1.02681; 0.62936; 0.05340
305.2; 40.374; 8.50; -0.04581; 1.01682; 0.63000; 0.04528
305.4; 40.395; 8.50; -0.04556; 0.99988; 0.62912; 0.03627
305.6; 40.417; 8.50; -0.04500; 0.97342; 0.62660; 0.02625
305.8; 40.438; 8.50; -0.04398; 0.93497; 0.62231; 0.01505
306.0; 40.459; 8.50; -0.04233; 0.88221; 0.61611; 0.00246
306.2; 40.480; 8.50; -0.03989; 0.81306; 0.60787; -0.01178
306.4; 40.501; 8.50; -0.03655; 0.72671; 0.59739; -0.02795
306.6; 40.523; 8.50; -0.03229; 0.62535; 0.58447; -0.04614
306.8; 40.544; 8.50; -0.02733; 0.51567; 0.56885; -0.06585
307.0; 40.566; 8.50; -0.02206; 0.40827; 0.55035; -0.08593
307.2; 40.588; 8.50; -0.01705; 0.31322; 0.52889; -0.10543
307.4; 40.610; 8.50; -0.01273; 0.23497; 0.50447; -0.12387
307.6; 40.633; 8.50; -0.00930; 0.17184; 0.47710; -0.14104
307.8; 40.655; 8.50; -0.00668; 0.11960; 0.44683; -0.15681
308.0; 40.678; 8.50; -0.00472; 0.07419; 0.41376; -0.17112
308.2; 40.702; 8.50; -0.00321; 0.03250; 0.37804; -0.18398
308.4; 40.725; 8.50; -0.00202; -0.00771; 0.33989; -0.19544
308.6; 40.749; 8.50; -0.00101; -0.04814; 0.29951; -0.20559
308.8; 40.773; 8.50; -0.00011; -0.09008; 0.25716; -0.21453
309.0; 40.797; 8.50; 0.00075; -0.13457; 0.21306; -0.22235
309.2; 40.821; 8.50; 0.00161; -0.18243; 0.16748; -0.22916
309.4; 40.845; 8.50; 0.00250; -0.23434; 0.12064; -0.23505
309.6; 40.869; 8.50; 0.00347; -0.29073; 0.07278; -0.24010
309.8; 40.893; 8.50; 0.00452; -0.35180; 0.02414; -0.24437
310.0; 40.917; 8.50; 0.00569; -0.41748; -0.02504; -0.24790
310.2; 40.942; 8.50; 0.00700; -0.48746; -0.07454; -0.25068
310.4; 40.966; 8.50; 0.00847; -0.56237; -0.12408; -0.25268
310.6; 40.990; 8.50; 0.01015; -0.64342; -0.17339; -0.25385
310.8; 41.014; 8.50; 0.01209; -0.72117; -0.22216; -0.25399
311.0; 41.037; 8.50; 0.01425; -0.79402; -0.27002; -0.25273
311.2; 41.061; 8.50; 0.01658; -0.86058; -0.31652; -0.24967
311.4; 41.084; 8.50; 0.01906; -0.91929; -0.36117; -0.24431
311.6; 41.106; 8.50; 0.02165; -0.96901; -0.40338; -0.23614
311.8; 41.129; 8.50; 0.02429; -1.00930; -0.44254; -0.22461
312.0; 41.151; 8.50; 0.02692; -1.04041; -0.47797; -0.20922
312.2; 41.172; 8.50; 0.02947; -1.06309; -0.50901; -0.18950
312.4; 41.193; 8.50; 0.03191; -1.07831; -0.53501; -0.16511
312.6; 41.213; 8.50; 0.03418; -1.08706; -0.55538; -0.13587
312.8; 41.233; 8.50; 0.03626; -1.09049; -0.56958; -0.10175
313.0; 41.253; 8.50; 0.03812; -1.09042; -0.57715; -0.06316
313.2; 41.272; 8.50; 0.03978; -1.08783; -0.57774; -0.02167
313.4; 41.291; 8.50; 0.04124; -1.08340; -0.57121; 0.01963
313.6; 41.311; 8.50; 0.04252; -1.07778; -0.55770; 0.05769
313.8; 41.331; 8.50; 0.04363; -1.07137; -0.53757; 0.09105
314.0; 41.352; 8.50; 0.04456; -1.06434; -0.51137; 0.11934
314.2; 41.373; 8.50; 0.04530; -1.05683; -0.47976; 0.14256
314.4; 41.395; 8.50; 0.04588; -1.04978; -0.44350; 0.16081
314.6; 41.417; 8.50; 0.04630; -1.04192; -0.40340; 0.17432
314.8; 41.440; 8.50; 0.04651; -1.02926; -0.36034; 0.18344
315.0; 41.463; 8.50; 0.04640; -1.00603; -0.31521; 0.18867
315.2; 41.486; 8.50; 0.04571; -0.96470; -0.26886; 0.19068
315.4; 41.509; 8.50; 0.04425; -0.90954; -0.22211; 0.19018
315.6; 41.533; 8.50; 0.04175; -0.82825; -0.17566; 0.18795
315.8; 41.557; 8.50; 0.03789; -0.71694; -0.13012; 0.18496
316.0; 41.581; 8.50; 0.03256; -0.57730; -0.08594; 0.18214
316.2; 41.605; 8.50; 0.02608; -0.42218; -0.04334; 0.18027
316.4; 41.629; 8.50; 0.01935; -0.27368; -0.00230; 0.17959
316.6; 41.653; 8.50; 0.01334; -0.14808; 0.03742; 0.17985
316.8; 41.677; 8.50; 0.00857; -0.04613; 0.07614; 0.18053
317.0; 41.701; 8.50; 0.00500; 0.03964; 0.11412; 0.18119
317.2; 41.725; 8.50; 0.00231; 0.11628; 0.15151; 0.18153
317.4; 41.749; 8.50; 0.00021; 0.18832; 0.18835; 0.18139
317.6; 41.772; 8.50; -0.00156; 0.25836; 0.22460; 0.18065
317.8; 41.796; 8.50; -0.00314; 0.32783; 0.26015; 0.17921
318.0; 41.820; 8.50; -0.00465; 0.39756; 0.29483; 0.17697
318.2; 41.843; 8.50; -0.00615; 0.46840; 0.32847; 0.17381
318.4; 41.866; 8.50; -0.00771; 0.54070; 0.36084; 0.16961
318.6; 41.889; 8.50; -0.00937; 0.61015; 0.39168; 0.16416
318.8; 41.912; 8.50; -0.01111; 0.67475; 0.42069; 0.15716
319.0; 41.934; 8.50; -0.01293; 0.73334; 0.44753; 0.14827
319.2; 41.957; 8.50; -0.01479; 0.78456; 0.47181; 0.13711
319.4; 41.978; 8.50; -0.01666; 0.82710; 0.49311; 0.12329
319.6; 42.000; 8.50; -0.01849; 0.85987; 0.51096; 0.10640
319.8; 42.021; 8.50; -0.02022; 0.88211; 0.52487; 0.08608
320.0; 42.042; 8.50; -0.02178; 0.89342; 0.53437; 0.06225
320.2; 42.063; 8.50; -0.02310; 0.89362; 0.53907; 0.03582
320.4; 42.084; 8.50; -0.02412; 0.88240; 0.53882; 0.00881
320.6; 42.104; 8.50; -0.02475; 0.85932; 0.53375; -0.01696
320.8; 42.125; 8.50; -0.02491; 0.82415; 0.52413; -0.04085
321.0; 42.146; 8.50; -0.02451; 0.77687; 0.51029; -0.06281
321.2; 42.168; 8.50; -0.02353; 0.71914; 0.49256; -0.08297
321.4; 42.190; 8.50; -0.02197; 0.65345; 0.47128; -0.10146
321.6; 42.212; 8.50; -0.01995; 0.58263; 0.44676; -0.11844
321.8; 42.234; 8.50; -0.01761; 0.51019; 0.41927; -0.13403
322.0; 42.257; 8.50; -0.01517; 0.43974; 0.38907; -0.14832
322.2; 42.280; 8.50; -0.01280; 0.37403; 0.35637; -0.16133
322.4; 42.303; 8.50; -0.01063; 0.31451; 0.32138; -0.17305
322.6; 42.326; 8.50; -0.00874; 0.26144; 0.28430; -0.18344
322.8; 42.350; 8.50; -0.00713; 0.21434; 0.24535; -0.19247
323.0; 42.373; 8.50; -0.00577; 0.17239; 0.20478; -0.20010
323.2; 42.397; 8.50; -0.00464; 0.13469; 0.16284; -0.20631
323.4; 42.421; 8.50; -0.00367; 0.10033; 0.11981; -0.21109
323.6; 42.445; 8.50; -0.00284; 0.06848; 0.07601; -0.21442
323.8; 42.469; 8.50; -0.00211; 0.03833; 0.03175; -0.21631
324.0; 42.493; 8.50; -0.00145; 0.00911; -0.01264; -0.21675
324.2; 42.517; 8.50; -0.00084; -0.01990; -0.05684; -0.21574
324.4; 42.541; 8.50; -0.00026; -0.04939; -0.10050; -0.21329
324.6; 42.565; 8.50; 0.00030; -0.08000; -0.14329; -0.20939
324.8; 42.589; 8.50; 0.00088; -0.11231; -0.18487; -0.20406
325.0; 42.613; 8.50; 0.00146; -0.14682; -0.22493; -0.19729
325.2; 42.637; 8.50; 0.00208; -0.18394; -0.26314; -0.18908
325.4; 42.660; 8.50; 0.00274; -0.22398; -0.29920; -0.17942
325.6; 42.683; 8.50; 0.00346; -0.26710; -0.33280; -0.16831
325.8; 42.706; 8.50; 0.00424; -0.31330; -0.36366; -0.15574
326.0; 42.729; 8.50; 0.00509; -0.36242; -0.39150; -0.14167
326.2; 42.752; 8.50; 0.00602; -0.41414; -0.41607; -0.12610
326.4; 42.774; 8.50; 0.00704; -0.46824; -0.43713; -0.10907
326.6; 42.796; 8.50; 0.00816; -0.52508; -0.45449; -0.09106
326.8; 42.818; 8.50; 0.00940; -0.58331; -0.46816; -0.07323
327.0; 42.840; 8.50; 0.01078; -0.63847; -0.47837; -0.05685
327.2; 42.862; 8.50; 0.01225; -0.68909; -0.48544; -0.04247
327.4; 42.884; 8.50; 0.01379; -0.73378; -0.48975; -0.03016
327.6; 42.906; 8.50; 0.01535; -0.77101; -0.49167; -0.01985
327.8; 42.928; 8.50; 0.01688; -0.79925; -0.49155; -0.01139
328.0; 42.950; 8.50; 0.01831; -0.81711; -0.48972; -0.00462
328.2; 42.972; 8.50; 0.01956; -0.82351; -0.48650; 0.00067
328.4; 42.994; 8.50; 0.02054; -0.81763; -0.48217; 0.00475
328.6; 43.017; 8.50; 0.02116; -0.79887; -0.47698; 0.00788
328.8; 43.039; 8.50; 0.02133; -0.76695; -0.47118; 0.01037
329.0; 43.062; 8.50; 0.02100; -0.72236; -0.46492; 0.01253
329.2; 43.084; 8.50; 0.02013; -0.66639; -0.45835; 0.01465
329.4; 43.107; 8.50; 0.01877; -0.60298; -0.45155; 0.01696
329.6; 43.130; 8.50; 0.01703; -0.53588; -0.44456; 0.01964
329.8; 43.152; 8.50; 0.01507; -0.46814; -0.43734; 0.02275
330.0; 43.175; 8.50; 0.01304; -0.40253; -0.42984; 0.02631
330.2; 43.198; 8.50; 0.01109; -0.34106; -0.42198; 0.03029
330.4; 43.221; 8.50; 0.00929; -0.28488; -0.41365; 0.03460
330.6; 43.244; 8.50; 0.00770; -0.23436; -0.40477; 0.03914
330.8; 43.267; 8.50; 0.00631; -0.18945; -0.39524; 0.04381
331.0; 43.291; 8.50; 0.00512; -0.14984; -0.38503; 0.04851
331.2; 43.314; 8.50; 0.00410; -0.11517; -0.37409; 0.05314
331.4; 43.337; 8.50; 0.00323; -0.08506; -0.36241; 0.05760
331.6; 43.360; 8.50; 0.00249; -0.05913; -0.35000; 0.06182
331.8; 43.384; 8.50; 0.00186; -0.03704; -0.33690; 0.06571
332.0; 43.407; 8.50; 0.00133; -0.01846; -0.32315; 0.06920
332.2; 43.431; 8.50; 0.00088; -0.00308; -0.30883; 0.07221
332.4; 43.454; 8.50; 0.00050; 0.00941; -0.29402; 0.07468
332.6; 43.478; 8.50; 0.00019; 0.01930; -0.27882; 0.07653
332.8; 43.501; 8.50; -0.00007; 0.02688; -0.26336; 0.07773
333.0; 43.525; 8.50; -0.00027; 0.03241; -0.24775; 0.07827
333.2; 43.549; 8.50; -0.00043; 0.03616; -0.23210; 0.07835
333.4; 43.572; 8.50; -0.00054; 0.03837; -0.21649; 0.07829
333.6; 43.596; 8.50; -0.00063; 0.03925; -0.20091; 0.07826
333.8; 43.619; 8.50; -0.00068; 0.03901; -0.18534; 0.07829
334.0; 43.643; 8.50; -0.00070; 0.03782; -0.16977; 0.07835
334.2; 43.667; 8.50; -0.00071; 0.03584; -0.15419; 0.07843
334.4; 43.690; 8.50; -0.00069; 0.03321; -0.13860; 0.07851
334.6; 43.714; 8.50; -0.00066; 0.03004; -0.12299; 0.07858
334.8; 43.737; 8.50; -0.00062; 0.02643; -0.10736; 0.07863
335.0; 43.761; 8.50; -0.00056; 0.02246; -0.09172; 0.07865
335.2; 43.785; 8.50; -0.00050; 0.01818; -0.07606; 0.07863
335.4; 43.808; 8.50; -0.00042; 0.01366; -0.06040; 0.07858
335.6; 43.832; 8.50; -0.00035; 0.00893; -0.04473; 0.07847
335.8; 43.856; 8.50; -0.00026; 0.00402; -0.02908; 0.07832
336.0; 43.879; 8.50; -0.00018; -0.00103; -0.01345; 0.07811
336.2; 43.903; 8.50; -0.00008; -0.00621; 0.00215; 0.07785
336.4; 43.926; 8.50; 0.00001; -0.01148; 0.01771; 0.07752
336.6; 43.950; 8.50; 0.00011; -0.01682; 0.03322; 0.07714
336.8; 43.974; 8.50; 0.00020; -0.02218; 0.04866; 0.07669
337.0; 43.997; 8.50; 0.00030; -0.02753; 0.06403; 0.07618
337.2; 44.021; 8.50; 0.00040; -0.03279; 0.07931; 0.07562
337.4; 44.044; 8.50; 0.00050; -0.03789; 0.09450; 0.07499
337.6; 44.068; 8.50; 0.00060; -0.04273; 0.10957; 0.07431
337.8; 44.092; 8.50; 0.00070; -0.04720; 0.12452; 0.07358
338.0; 44.115; 8.50; 0.00079; -0.05114; 0.13933; 0.07281
338.2; 44.139; 8.50; 0.00087; -0.05438; 0.15401; 0.07202
338.4; 44.162; 8.50; 0.00094; -0.05673; 0.16855; 0.07123
338.6; 44.186; 8.50; 0.00100; -0.05794; 0.18295; 0.07046
338.8; 44.210; 8.50; 0.00104; -0.05775; 0.19720; 0.06973
339.0; 44.233; 8.50; 0.00106; -0.05586; 0.21133; 0.06909
339.2; 44.257; 8.50; 0.00106; -0.05195; 0.22534; 0.06858
339.4; 44.280; 8.50; 0.00102; -0.04566; 0.23926; 0.06820
339.6; 44.304; 8.50; 0.00094; -0.03662; 0.25310; 0.06785
339.8; 44.328; 8.50; 0.00082; -0.02443; 0.26682; 0.06728
340.0; 44.351; 8.50; 0.00065; -0.00871; 0.28035; 0.06632
340.2; 44.375; 8.50; 0.00042; 0.01096; 0.29359; 0.06497
340.4; 44.398; 8.50; 0.00013; 0.03493; 0.30646; 0.06334
340.6; 44.422; 8.50; -0.00024; 0.06356; 0.31890; 0.06152
340.8; 44.445; 8.50; -0.00069; 0.09717; 0.33087; 0.05964
341.0; 44.468; 8.50; -0.00122; 0.13601; 0.34235; 0.05780
341.2; 44.492; 8.50; -0.00185; 0.18028; 0.35335; 0.05612
341.4; 44.515; 8.50; -0.00258; 0.23007; 0.36389; 0.05471
341.6; 44.538; 8.50; -0.00343; 0.28535; 0.37400; 0.05368
341.8; 44.561; 8.50; -0.00440; 0.34591; 0.38377; 0.05314
342.0; 44.585; 8.50; -0.00550; 0.41130; 0.39325; 0.05317
342.2; 44.608; 8.50; -0.00676; 0.48105; 0.40255; 0.05385
342.4; 44.631; 8.50; -0.00819; 0.55586; 0.41177; 0.05526
342.6; 44.654; 8.50; -0.00983; 0.63570; 0.42102; 0.05746
342.8; 44.677; 8.50; -0.01171; 0.71215; 0.43041; 0.06043
343.0; 44.700; 8.50; -0.01381; 0.78379; 0.44002; 0.06403
343.2; 44.722; 8.50; -0.01609; 0.84924; 0.44991; 0.06808
343.4; 44.745; 8.50; -0.01851; 0.90699; 0.46014; 0.07239
343.6; 44.768; 8.50; -0.02105; 0.95590; 0.47068; 0.07673
343.8; 44.790; 8.50; -0.02366; 0.99541; 0.48150; 0.08085
344.0; 44.813; 8.50; -0.02626; 1.02566; 0.49253; 0.08450
344.2; 44.835; 8.50; -0.02881; 1.04728; 0.50365; 0.08746
344.4; 44.857; 8.50; -0.03123; 1.06121; 0.51473; 0.08951
344.6; 44.880; 8.50; -0.03349; 1.06826; 0.52560; 0.09048
344.8; 44.902; 8.50; -0.03553; 1.06998; 0.53609; 0.09021
345.0; 44.924; 8.50; -0.03732; 1.06868; 0.54599; 0.08861
345.2; 44.945; 8.50; -0.03886; 1.06496; 0.55511; 0.08563
345.4; 44.967; 8.50; -0.04016; 1.05939; 0.56324; 0.08123
345.6; 44.989; 8.50; -0.04122; 1.05276; 0.57018; 0.07543
345.8; 45.010; 8.50; -0.04205; 1.04578; 0.57573; 0.06829
346.0; 45.032; 8.50; -0.04267; 1.03898; 0.57972; 0.06012
346.2; 45.053; 8.50; -0.04311; 1.03275; 0.58208; 0.05158
346.4; 45.075; 8.50; -0.04341; 1.02735; 0.58283; 0.04336
346.6; 45.096; 8.50; -0.04358; 1.02296; 0.58210; 0.03578
346.8; 45.118; 8.50; -0.04365; 1.01967; 0.58003; 0.02893
347.0; 45.139; 8.50; -0.04367; 1.01752; 0.57675; 0.02283
347.2; 45.161; 8.50; -0.04364; 1.01649; 0.57241; 0.01751
347.4; 45.183; 8.50; -0.04360; 1.01648; 0.56715; 0.01298
347.6; 45.205; 8.50; -0.04356; 1.01740; 0.56112; 0.00926
347.8; 45.227; 8.50; -0.04355; 1.01907; 0.55445; 0.00634
348.0; 45.249; 8.50; -0.04357; 1.02132; 0.54730; 0.00421
348.2; 45.271; 8.50; -0.04363; 1.02393; 0.53979; 0.00287
348.4; 45.293; 8.50; -0.04374; 1.02667; 0.53206; 0.00228
348.6; 45.315; 8.50; -0.04389; 1.02934; 0.52425; 0.00241
348.8; 45.337; 8.50; -0.04408; 1.03173; 0.51648; 0.00324
349.0; 45.359; 8.50; -0.04429; 1.03365; 0.50886; 0.00472
349.2; 45.382; 8.50; -0.04453; 1.03497; 0.50153; 0.00680
349.4; 45.404; 8.50; -0.04476; 1.03560; 0.49459; 0.00944
349.6; 45.426; 8.50; -0.04499; 1.03551; 0.48814; 0.01258
349.8; 45.449; 8.50; -0.04520; 1.03474; 0.48227; 0.01617
350.0; 45.471; 8.50; -0.04537; 1.03342; 0.47709; 0.02017
350.2; 45.494; 8.50; -0.04551; 1.03178; 0.47268; 0.02453
350.4; 45.516; 8.50; -0.04560; 1.03016; 0.46909; 0.02920
350.6; 45.539; 8.50; -0.04565; 1.02894; 0.46642; 0.03416
350.8; 45.561; 8.50; -0.04567; 1.02851; 0.46471; 0.03939
351.0; 45.584; 8.50; -0.04569; 1.02907; 0.46403; 0.04488
351.2; 45.606; 8.50; -0.04572; 1.03031; 0.46442; 0.05059
351.4; 45.629; 8.50; -0.04578; 1.03204; 0.46591; 0.05652
351.6; 45.651; 8.50; -0.04587; 1.03290; 0.46855; 0.06262
351.8; 45.674; 8.50; -0.04596; 1.03044; 0.47235; 0.06881
352.0; 45.697; 8.50; -0.04596; 1.02161; 0.47732; 0.07494
352.2; 45.719; 8.50; -0.04575; 1.00311; 0.48346; 0.08079
352.4; 45.742; 8.50; -0.04519; 0.97545; 0.49075; 0.08615
352.6; 45.764; 8.50; -0.04410; 0.93396; 0.49916; 0.09083
352.8; 45.787; 8.50; -0.04228; 0.87592; 0.50866; 0.09462
353.0; 45.810; 8.50; -0.03953; 0.79904; 0.51922; 0.09722
353.2; 45.832; 8.50; -0.03575; 0.70303; 0.53076; 0.09827
353.4; 45.855; 8.50; -0.03097; 0.59209; 0.54315; 0.09738
353.6; 45.877; 8.50; -0.02555; 0.47657; 0.55616; 0.09437
353.8; 45.900; 8.50; -0.02008; 0.37001; 0.56945; 0.08930
354.0; 45.923; 8.50; -0.01518; 0.28187; 0.58260; 0.08252
354.2; 45.945; 8.50; -0.01120; 0.21355; 0.59519; 0.07450
354.4; 45.968; 8.50; -0.00818; 0.16143; 0.60683; 0.06568
354.6; 45.991; 8.50; -0.00596; 0.12113; 0.61724; 0.05639
354.8; 46.013; 8.50; -0.00435; 0.08931; 0.62621; 0.04687
355.0; 46.036; 8.50; -0.00317; 0.06377; 0.63361; 0.03731
355.2; 46.059; 8.50; -0.00230; 0.04307; 0.63937; 0.02782
355.4; 46.081; 8.50; -0.00164; 0.02628; 0.64347; 0.01853
355.6; 46.104; 8.50; -0.00113; 0.01275; 0.64592; 0.00950
355.8; 46.127; 8.50; -0.00073; 0.00201; 0.64674; 0.00083
356.0; 46.150; 8.50; -0.00042; -0.00632; 0.64597; -0.00745
356.2; 46.173; 8.50; -0.00018; -0.01252; 0.64369; -0.01527
356.4; 46.196; 8.50; 0.00001; -0.01685; 0.63996; -0.02259
356.6; 46.219; 8.50; 0.00015; -0.01954; 0.63488; -0.02938
356.8; 46.242; 8.50; 0.00025; -0.02078; 0.62853; -0.03560
357.0; 46.265; 8.50; 0.00031; -0.02075; 0.62101; -0.04123
357.2; 46.289; 8.50; 0.00035; -0.01964; 0.61243; -0.04625
357.4; 46.312; 8.50; 0.00036; -0.01760; 0.60291; -0.05065
357.6; 46.335; 8.50; 0.00034; -0.01477; 0.59257; -0.05440
357.8; 46.359; 8.50; 0.00031; -0.01130; 0.58151; -0.05751
358.0; 46.382; 8.50; 0.00027; -0.00731; 0.56987; -0.05996
358.2; 46.405; 8.50; 0.00021; -0.00293; 0.55778; -0.06176
358.4; 46.429; 8.50; 0.00014; 0.00171; 0.54536; -0.06292
358.6; 46.452; 8.50; 0.00006; 0.00650; 0.53274; -0.06342
358.8; 46.476; 8.50; -0.00003; 0.01131; 0.52005; -0.06328
359.0; 46.500; 8.50; -0.00011; 0.01601; 0.50742; -0.06246
359.2; 46.523; 8.50; -0.00020; 0.02048; 0.49499; -0.06089
359.4; 46.547; 8.50; -0.00029; 0.02458; 0.48292; -0.05854
359.6; 46.571; 8.50; -0.00037; 0.02814; 0.47137; -0.05539
359.8; 46.594; 8.50; -0.00044; 0.03102; 0.46050; -0.05146
360.0; 46.618; 8.50; -0.00051; 0.03304; 0.45047; -0.04676
360.2; 46.642; 8.50; -0.00056; 0.03402; 0.44144; -0.04130
360.4; 46.666; 8.50; -0.00060; 0.03377; 0.43358; -0.03511
360.6; 46.690; 8.50; -0.00062; 0.03212; 0.42703; -0.02818
360.8; 46.714; 8.50; -0.00061; 0.02890; 0.42195; -0.02053
361.0; 46.737; 8.50; -0.00058; 0.02399; 0.41849; -0.01218
361.2; 46.762; 8.26; -0.00069; 0.02756; 0.41680; -0.00296
361.4; 46.787; 8.01; -0.00077; 0.02035; 0.41706; 0.00708
361.6; 46.813; 7.76; -0.00070; 0.00846; 0.41944; 0.01782
361.8; 46.840; 7.49; -0.00050; -0.01033; 0.42411; 0.02912
362.0; 46.868; 7.22; -0.00013; -0.04505; 0.43119; 0.04065
362.2; 46.897; 6.94; 0.00049; -0.13444; 0.44067; 0.05116
362.4; 46.927; 6.66; 0.00160; -0.28126; 0.45225; 0.05879
362.6; 46.959; 6.40; 0.00311; -0.47607; 0.46524; 0.06159
362.8; 46.992; 6.15; 0.00473; -0.70341; 0.47852; 0.05788
363.0; 47.027; 5.93; 0.00639; -0.94229; 0.49064; 0.04658
363.2; 47.063; 5.74; 0.00831; -1.16707; 0.49998; 0.02751
363.4; 47.100; 5.57; 0.01078; -1.35648; 0.50506; 0.00132
363.6; 47.139; 5.43; 0.01387; -1.49451; 0.50460; -0.03056
363.8; 47.178; 5.29; 0.01723; -1.56916; 0.49765; -0.06615
364.0; 47.219; 5.15; 0.01990; -1.57079; 0.48359; -0.10294
364.2; 47.262; 5.01; 0.02057; -1.57079; 0.46187; -0.14005
364.4; 47.306; 4.86; 0.01941; -1.57079; 0.43195; -0.17757
364.6; 47.351; 4.71; 0.01647; -1.57079; 0.39328; -0.21572
364.8; 47.398; 4.54; 0.01173; -1.57079; 0.34525; -0.25487
365.0; 47.448; 4.35; 0.00515; -1.57079; 0.28719; -0.29559
365.2; 47.500; 4.12; -0.00333; -1.57079; 0.21824; -0.33859
365.4; 47.556; 3.86; -0.01387; -1.57079; 0.13739; -0.38358
365.6; 47.617; 3.53; -0.02706; -1.57079; 0.04392; -0.42801
365.8; 47.685; 3.11; -0.04486; -1.57080; -0.06147; -0.46842
366.0; 47.762; 2.65; -0.07009; -1.57079; -0.17576; -0.49836
366.2; 47.841; 2.47; -0.08497; -1.57079; -0.28661; -0.49224
366.4; 47.910; 2.35; -0.09230; -1.57079; -0.37463; -0.42683
366.6; 47.962; 2.33; -0.09471; -1.57079; -0.42869; -0.28415
366.8; 47.997; 2.39; -0.09249; -1.57079; -0.45208; -0.07053
367.0; 48.025; 2.50; -0.08798; -1.57079; -0.45463; 0.17851
367.2; 48.055; 2.62; -0.08244; -1.57079; -0.43778; 0.40927
367.4; 48.098; 2.78; -0.07539; -1.57079; -0.39019; 0.57079
367.6; 48.156; 2.99; -0.06722; -1.57079; -0.30318; 0.64323
367.8; 48.223; 3.22; -0.05914; -1.57079; -0.18765; 0.64596
368.0; 48.291; 3.44; -0.05204; -1.57079; -0.06366; 0.61010
368.2; 48.357; 3.64; -0.04609; -1.57079; 0.05496; 0.55633
368.4; 48.418; 3.82; -0.04110; -1.57079; 0.16176; 0.49471
368.6; 48.476; 3.98; -0.03685; -1.57079; 0.25437; 0.42985
368.8; 48.530; 4.11; -0.03316; -1.57079; 0.33231; 0.36413
369.0; 48.582; 4.24; -0.02990; -1.57079; 0.39604; 0.29939
369.2; 48.631; 4.35; -0.02691; -1.56677; 0.44648; 0.23713
369.4; 48.679; 4.47; -0.02349; -1.48439; 0.48494; 0.18067
369.6; 48.725; 4.59; -0.02001; -1.35026; 0.51311; 0.13236
369.8; 48.770; 4.73; -0.01658; -1.19008; 0.53283; 0.09308
370.0; 48.814; 4.88; -0.01328; -1.02471; 0.54598; 0.06262
370.2; 48.856; 5.04; -0.01032; -0.87128; 0.55424; 0.04000
370.4; 48.896; 5.21; -0.00781; -0.73747; 0.55903; 0.02385
370.6; 48.936; 5.38; -0.00574; -0.62130; 0.56146; 0.01288
370.8; 48.974; 5.55; -0.00409; -0.52110; 0.56241; 0.00593
371.0; 49.010; 5.73; -0.00280; -0.43541; 0.56254; 0.00198
371.2; 49.046; 5.90; -0.00182; -0.36283; 0.56230; 0.00015
371.4; 49.080; 6.07; -0.00109; -0.30199; 0.56200; -0.00033
371.6; 49.114; 6.24; -0.00056; -0.25155; 0.56181; -0.00012
371.8; 49.146; 6.41; -0.00018; -0.21027; 0.56177; 0.00024
372.0; 49.177; 6.57; 0.00008; -0.17701; 0.56184; 0.00030
372.2; 49.208; 6.73; 0.00026; -0.15074; 0.56190; -0.00022
372.4; 49.237; 6.89; 0.00038; -0.13055; 0.56183; -0.00125
372.6; 49.266; 7.04; 0.00045; -0.11566; 0.56155; -0.00244
372.8; 49.294; 7.19; 0.00051; -0.10538; 0.56105; -0.00349
373.0; 49.322; 7.34; 0.00056; -0.09909; 0.56037; -0.00437
373.2; 49.349; 7.48; 0.00060; -0.09618; 0.55953; -0.00519
373.4; 49.376; 7.63; 0.00066; -0.09598; 0.55853; -0.00602
373.6; 49.402; 7.76; 0.00073; -0.09776; 0.55737; -0.00692
373.8; 49.428; 7.90; 0.00082; -0.10058; 0.55603; -0.00793
374.0; 49.453; 8.03; 0.00092; -0.10335; 0.55450; -0.00906
374.2; 49.478; 8.16; 0.00103; -0.10476; 0.55276; -0.01027
374.4; 49.502; 8.29; 0.00113; -0.10336; 0.55079; -0.01151
374.6; 49.526; 8.42; 0.00122; -0.09778; 0.54860; -0.01269
374.8; 49.550; 8.50; 0.00133; -0.09351; 0.54620; -0.01382
375.0; 49.573; 8.50; 0.00153; -0.08897; 0.54361; -0.01490
375.2; 49.597; 8.50; 0.00159; -0.07026; 0.54085; -0.01575
375.4; 49.620; 8.50; 0.00146; -0.04826; 0.53796; -0.01618
375.6; 49.644; 8.50; 0.00120; -0.02708; 0.53498; -0.01618
375.8; 49.668; 8.50; 0.00088; -0.00848; 0.53198; -0.01579
376.0; 49.691; 8.50; 0.00055; 0.00718; 0.52903; -0.01507
376.2; 49.715; 8.50; 0.00023; 0.01992; 0.52618; -0.01410
376.4; 49.738; 8.50; -0.00005; 0.02991; 0.52349; -0.01294
376.6; 49.762; 8.50; -0.00029; 0.03741; 0.52099; -0.01164
376.8; 49.785; 8.50; -0.00048; 0.04269; 0.51872; -0.01027
377.0; 49.809; 8.50; -0.00063; 0.04604; 0.51669; -0.00887
377.2; 49.833; 8.50; -0.00074; 0.04776; 0.51492; -0.00747
377.4; 49.856; 8.50; -0.00081; 0.04810; 0.51341; -0.00612
377.6; 49.880; 8.50; -0.00086; 0.04734; 0.51214; -0.00485
377.8; 49.903; 8.50; -0.00087; 0.04568; 0.51112; -0.00367
378.0; 49.927; 8.50; -0.00087; 0.04335; 0.51032; -0.00261
378.2; 49.950; 8.50; -0.00084; 0.04052; 0.50972; -0.00167
378.4; 49.974; 8.50; -0.00081; 0.03736; 0.50930; -0.00087
378.6; 49.997; 8.50; -0.00076; 0.03399; 0.50904; -0.00021
378.8; 50.021; 8.50; -0.00070; 0.03053; 0.50891; 0.00032
379.0; 50.044; 8.50; -0.00064; 0.02707; 0.50888; 0.00073
379.2; 50.068; 8.50; -0.00058; 0.02370; 0.50893; 0.00106
379.4; 50.091; 8.50; -0.00052; 0.02046; 0.50906; 0.00131
379.6; 50.115; 8.50; -0.00046; 0.01741; 0.50924; 0.00149
379.8; 50.138; 8.50; -0.00040; 0.01457; 0.50947; 0.00161
380.0; 50.162; 8.50; -0.00034; 0.01197; 0.50973; 0.00168
380.2; 50.185; 8.50; -0.00029; 0.00961; 0.51000; 0.00169
380.4; 50.209; 8.50; -0.00024; 0.00751; 0.51028; 0.00165
380.6; 50.232; 8.50; -0.00019; 0.00566; 0.51056; 0.00158
380.8; 50.256; 8.50; -0.00015; 0.00405; 0.51083; 0.00147
381.0; 50.279; 8.50; -0.00012; 0.00267; 0.51108; 0.00133
381.2; 50.303; 8.50; -0.00009; 0.00151; 0.51131; 0.00117
381.4; 50.327; 8.50; -0.00006; 0.00055; 0.51151; 0.00099
381.6; 50.350; 8.50; -0.00004; -0.00023; 0.51168; 0.00079
381.8; 50.374; 8.50; -0.00002; -0.00085; 0.51181; 0.00059
382.0; 50.397; 8.50; -0.00000; -0.00132; 0.51191; 0.00038
382.2; 50.421; 8.50; 0.00001; -0.00166; 0.51196; 0.00016
382.4; 50.444; 8.50; 0.00002; -0.00189; 0.51198; -0.00005
382.6; 50.468; 8.50; 0.00003; -0.00202; 0.51195; -0.00027
382.8; 50.491; 8.50; 0.00003; -0.00208; 0.51188; -0.00048
383.0; 50.515; 8.50; 0.00004; -0.00207; 0.51177; -0.00068
383.2; 50.538; 8.50; 0.00004; -0.00201; 0.51162; -0.00088
383.4; 50.562; 8.50; 0.00004; -0.00191; 0.51144; -0.00107
383.6; 50.585; 8.50; 0.00004; -0.00177; 0.51121; -0.00125
383.8; 50.609; 8.50; 0.00004; -0.00162; 0.51095; -0.00142
384.0; 50.632; 8.50; 0.00003; -0.00145; 0.51066; -0.00158
384.2; 50.656; 8.50; 0.00003; -0.00128; 0.51033; -0.00173
384.4; 50.679; 8.50; 0.00003; -0.00110; 0.50998; -0.00187
384.6; 50.703; 8.50; 0.00002; -0.00093; 0.50960; -0.00200
384.8; 50.726; 8.50; 0.00002; -0.00076; 0.50919; -0.00212
385.0; 50.750; 8.50; 0.00002; -0.00060; 0.50876; -0.00223
385.2; 50.773; 8.50; 0.00001; -0.00045; 0.50830; -0.00233
385.4; 50.797; 8.50; 0.00001; -0.00031; 0.50783; -0.00243
385.6; 50.820; 8.50; 0.00001; -0.00018; 0.50734; -0.00251
385.8; 50.844; 8.50; 0.00001; -0.00006; 0.50683; -0.00258
386.0; 50.868; 8.50; 0.00000; 0.00004; 0.50631; -0.00264
386.2; 50.891; 8.50; 0.00000; 0.00013; 0.50578; -0.00270
386.4; 50.915; 8.50; -0.00000; 0.00021; 0.50523; -0.00275
386.6; 50.938; 8.50; -0.00000; 0.00028; 0.50468; -0.00279
386.8; 50.962; 8.50; -0.00000; 0.00034; 0.50412; -0.00282
387.0; 50.985; 8.50; -0.00000; 0.00038; 0.50355; -0.00284
387.2; 51.009; 8.50; -0.00001; 0.00043; 0.50298; -0.00286
387.4; 51.032; 8.50; -0.00001; 0.00046; 0.50240; -0.00287
387.6; 51.056; 8.50; -0.00001; 0.00048; 0.50183; -0.00288
387.8; 51.079; 8.50; -0.00001; 0.00050; 0.50125; -0.00287
388.0; 51.103; 8.50; -0.00001; 0.00052; 0.50068; -0.00286
388.2; 51.126; 8.50; -0.00001; 0.00053; 0.50010; -0.00285
388.4; 51.150; 8.50; -0.00001; 0.00053; 0.49953; -0.00282
388.6; 51.173; 8.50; -0.00001; 0.00053; 0.49897; -0.00280
388.8; 51.197; 8.50; -0.00001; 0.00053; 0.49841; -0.00276
389.0; 51.220; 8.50; -0.00001; 0.00052; 0.49786; -0.00272
389.2; 51.244; 8.50; -0.00001; 0.00051; 0.49732; -0.00267
389.4; 51.268; 8.50; -0.00001; 0.00050; 0.49679; -0.00262
389.6; 51.291; 8.50; -0.00001; 0.00049; 0.49627; -0.00256
389.8; 51.315; 8.50; -0.00001; 0.00047; 0.49576; -0.00250
390.0; 51.338; 8.50; -0.00001; 0.00046; 0.49527; -0.00242
390.2; 51.362; 8.50; -0.00001; 0.00044; 0.49479; -0.00235
390.4; 51.385; 8.50; -0.00001; 0.00043; 0.49432; -0.00227
390.6; 51.409; 8.50; -0.00001; 0.00041; 0.49388; -0.00218
390.8; 51.432; 8.50; -0.00001; 0.00040; 0.49345; -0.00208
391.0; 51.456; 8.50; -0.00001; 0.00039; 0.49304; -0.00198
391.2; 51.479; 8.50; -0.00001; 0.00037; 0.49265; -0.00188
391.4; 51.503; 8.50; -0.00001; 0.00036; 0.49229; -0.00177
391.6; 51.526; 8.50; -0.00001; 0.00036; 0.49194; -0.00165
391.8; 51.550; 8.50; -0.00001; 0.00035; 0.49162; -0.00153
392.0; 51.573; 8.50; -0.00001; 0.00034; 0.49133; -0.00141
392.2; 51.597; 8.50; -0.00001; 0.00034; 0.49106; -0.00129
392.4; 51.621; 8.50; -0.00001; 0.00033; 0.49081; -0.00117
392.6; 51.644; 8.50; -0.00001; 0.00033; 0.49059; -0.00106
392.8; 51.668; 8.50; -0.00001; 0.00033; 0.49039; -0.00094
393.0; 51.691; 8.50; -0.00001; 0.00033; 0.49021; -0.00084
393.2; 51.715; 8.50; -0.00001; 0.00032; 0.49005; -0.00073
393.4; 51.738; 8.50; -0.00001; 0.00032; 0.48991; -0.00062
393.6; 51.762; 8.50; -0.00001; 0.00032; 0.48980; -0.00052
393.8; 51.785; 8.50; -0.00001; 0.00032; 0.48970; -0.00042
394.0; 51.809; 8.50; -0.00001; 0.00033; 0.48963; -0.00032
394.2; 51.832; 8.50; -0.00001; 0.00033; 0.48957; -0.00023
394.4; 51.856; 8.50; -0.00001; 0.00033; 0.48953; -0.00014
394.6; 51.879; 8.50; -0.00001; 0.00033; 0.48951; -0.00004
394.8; 51.903; 8.50; -0.00001; 0.00033; 0.48951; 0.00004
395.0; 51.926; 8.50; -0.00001; 0.00032; 0.48953; 0.00013
395.2; 51.950; 8.50; -0.00001; 0.00032; 0.48956; 0.00021
395.4; 51.974; 8.50; -0.00001; 0.00032; 0.48961; 0.00029
395.6; 51.997; 8.50; -0.00001; 0.00032; 0.48968; 0.00037
395.8; 52.021; 8.50; -0.00001; 0.00032; 0.48976; 0.00045
396.0; 52.044; 8.50; -0.00001; 0.00032; 0.48985; 0.00052
396.2; 52.068; 8.50; -0.00001; 0.00032; 0.48996; 0.00059
396.4; 52.091; 8.50; -0.00001; 0.00032; 0.49009; 0.00066
396.6; 52.115; 8.50; -0.00001; 0.00031; 0.49022; 0.00073
396.8; 52.138; 8.50; -0.00001; 0.00031; 0.49037; 0.00079
397.0; 52.162; 8.50; -0.00001; 0.00031; 0.49054; 0.00085
397.2; 52.185; 8.50; -0.00001; 0.00031; 0.49071; 0.00091
397.4; 52.209; 8.50; -0.00001; 0.00031; 0.49090; 0.00097
397.6; 52.232; 8.50; -0.00001; 0.00031; 0.49110; 0.00102
397.8; 52.256; 8.50; -0.00001; 0.00031; 0.49131; 0.00108
398.0; 52.279; 8.50; -0.00001; 0.00031; 0.49153; 0.00113
398.2; 52.303; 8.50; -0.00001; 0.00032; 0.49176; 0.00117
398.4; 52.327; 8.50; -0.00001; 0.00032; 0.49199; 0.00122
398.6; 52.350; 8.50; -0.00001; 0.00032; 0.49224; 0.00126
398.8; 52.374; 8.50; -0.00001; 0.00032; 0.49250; 0.00130
399.0; 52.397; 8.50; -0.00001; 0.00032; 0.49276; 0.00134
399.2; 52.421; 8.50; -0.00001; 0.00032; 0.49303; 0.00138
399.4; 52.444; 8.50; -0.00001; 0.00032; 0.49331; 0.00141
399.6; 52.468; 8.50; -0.00001; 0.00032; 0.49359; 0.00144
399.8; 52.491; 8.50; -0.00001; 0.00032; 0.49388; 0.00147
400.0; 52.515; 8.50; -0.00001; 0.00032; 0.49418; 0.00150
400.2; 52.538; 8.50; -0.00001; 0.00032; 0.49448; 0.00152
400.4; 52.562; 8.50; -0.00001; 0.00032; 0.49479; 0.00155
400.6; 52.585; 8.50; -0.00001; 0.00032; 0.49510; 0.00157
400.8; 52.609; 8.50; -0.00001; 0.00032; 0.49541; 0.00158
401.0; 52.632; 8.50; -0.00001; 0.00032; 0.49573; 0.00160
401.2; 52.656; 8.50; -0.00001; 0.00032; 0.49605; 0.00161
401.4; 52.679; 8.50; -0.00001; 0.00032; 0.49637; 0.00162
401.6; 52.703; 8.50; -0.00001; 0.00032; 0.49669; 0.00163
401.8; 52.727; 8.50; -0.00001; 0.00032; 0.49702; 0.00164
402.0; 52.750; 8.50; -0.00001; 0.00032; 0.49734; 0.00164
402.2; 52.774; 8.50; -0.00001; 0.00032; 0.49767; 0.00164
402.4; 52.797; 8.50; -0.00001; 0.00032; 0.49800; 0.00164
402.6; 52.821; 8.50; -0.00001; 0.00032; 0.49832; 0.00164
402.8; 52.844; 8.50; -0.00001; 0.00032; 0.49865; 0.00163
403.0; 52.868; 8.50; -0.00001; 0.00032; 0.49897; 0.00162
403.2; 52.891; 8.50; -0.00001; 0.00032; 0.49930; 0.00161
403.4; 52.915; 8.50; -0.00001; 0.00032; 0.49962; 0.00160
403.6; 52.938; 8.50; -0.00001; 0.00032; 0.49993; 0.00158
403.8; 52.962; 8.50; -0.00001; 0.00032; 0.50025; 0.00157
404.0; 52.985; 8.50; -0.00001; 0.00032; 0.50056; 0.00155
404.2; 53.009; 8.50; -0.00001; 0.00032; 0.50086; 0.00152
404.4; 53.032; 8.50; -0.00001; 0.00033; 0.50116; 0.00150
404.6; 53.056; 8.50; -0.00001; 0.00033; 0.50146; 0.00147
404.8; 53.079; 8.50; -0.00001; 0.00034; 0.50175; 0.00145
405.0; 53.103; 8.50; -0.00001; 0.00035; 0.50204; 0.00141
405.2; 53.127; 8.50; -0.00001; 0.00036; 0.50231; 0.00138
405.4; 53.150; 8.50; -0.00001; 0.00037; 0.50259; 0.00135
405.6; 53.174; 8.50; -0.00001; 0.00039; 0.50285; 0.00131
405.8; 53.197; 8.50; -0.00001; 0.00040; 0.50311; 0.00127
406.0; 53.221; 8.50; -0.00001; 0.00042; 0.50336; 0.00123
406.2; 53.244; 8.50; -0.00001; 0.00043; 0.50360; 0.00119
406.4; 53.268; 8.50; -0.00001; 0.00045; 0.50383; 0.00114
406.6; 53.291; 8.50; -0.00001; 0.00047; 0.50405; 0.00109
406.8; 53.315; 8.50; -0.00001; 0.00048; 0.50426; 0.00105
407.0; 53.338; 8.50; -0.00001; 0.00050; 0.50446; 0.00100
407.2; 53.362; 8.50; -0.00001; 0.00051; 0.50466; 0.00094
407.4; 53.385; 8.50; -0.00001; 0.00052; 0.50484; 0.00089
407.6; 53.409; 8.50; -0.00001; 0.00053; 0.50501; 0.00083
407.8; 53.432; 8.50; -0.00001; 0.00054; 0.50517; 0.00077
408.0; 53.456; 8.50; -0.00001; 0.00053; 0.50531; 0.00071
408.2; 53.479; 8.50; -0.00001; 0.00053; 0.50545; 0.00064
408.4; 53.503; 8.50; -0.00001; 0.00051; 0.50557; 0.00058
408.6; 53.526; 8.50; -0.00001; 0.00048; 0.50567; 0.00051
408.8; 53.550; 8.50; -0.00001; 0.00045; 0.50576; 0.00043
409.0; 53.574; 8.50; -0.00001; 0.00040; 0.50584; 0.00036
409.2; 53.597; 8.50; -0.00001; 0.00033; 0.50590; 0.00028
409.4; 53.621; 8.50; -0.00001; 0.00025; 0.50595; 0.00019
409.6; 53.644; 8.50; -0.00001; 0.00015; 0.50598; 0.00010
409.8; 53.668; 8.50; -0.00000; 0.00003; 0.50599; 0.00001
410.0; 53.691; 8.50; -0.00000; -0.00010; 0.50598; -0.00009
410.2; 53.715; 8.50; -0.00000; -0.00026; 0.50595; -0.00019
410.4; 53.738; 8.50; 0.00000; -0.00045; 0.50590; -0.00031
410.6; 53.762; 8.50; 0.00001; -0.00065; 0.50583; -0.00043
410.8; 53.785; 8.50; 0.00001; -0.00088; 0.50573; -0.00055
411.0; 53.809; 8.50; 0.00001; -0.00112; 0.50561; -0.00069
411.2; 53.832; 8.50; 0.00002; -0.00139; 0.50546; -0.00083
411.4; 53.856; 8.50; 0.00002; -0.00167; 0.50528; -0.00098
411.6; 53.879; 8.50; 0.00003; -0.00197; 0.50508; -0.00114
411.8; 53.903; 8.50; 0.00003; -0.00228; 0.50484; -0.00132
412.0; 53.926; 8.50; 0.00004; -0.00259; 0.50456; -0.00150
412.2; 53.950; 8.50; 0.00004; -0.00289; 0.50425; -0.00169
412.4; 53.973; 8.50; 0.00005; -0.00317; 0.50390; -0.00189
412.6; 53.997; 8.50; 0.00005; -0.00343; 0.50352; -0.00210
412.8; 54.020; 8.50; 0.00006; -0.00365; 0.50309; -0.00231
413.0; 54.044; 8.50; 0.00006; -0.00381; 0.50261; -0.00254
413.2; 54.067; 8.50; 0.00007; -0.00390; 0.50210; -0.00276
413.4; 54.091; 8.50; 0.00007; -0.00389; 0.50154; -0.00300
413.6; 54.115; 8.50; 0.00007; -0.00377; 0.50093; -0.00323
413.8; 54.138; 8.50; 0.00007; -0.00350; 0.50027; -0.00346
414.0; 54.162; 8.50; 0.00007; -0.00306; 0.49957; -0.00368
414.2; 54.185; 8.50; 0.00006; -0.00243; 0.49883; -0.00390
414.4; 54.209; 8.50; 0.00006; -0.00157; 0.49804; -0.00409
414.6; 54.232; 8.50; 0.00004; -0.00044; 0.49722; -0.00427
414.8; 54.256; 8.50; 0.00003; 0.00097; 0.49635; -0.00442
415.0; 54.279; 8.50; 0.00001; 0.00271; 0.49546; -0.00453
415.2; 54.303; 8.50; -0.00002; 0.00479; 0.49455; -0.00460
415.4; 54.326; 8.50; -0.00005; 0.00726; 0.49362; -0.00462
415.6; 54.350; 8.50; -0.00009; 0.01013; 0.49269; -0.00457
415.8; 54.373; 8.50; -0.00014; 0.01342; 0.49176; -0.00446
416.0; 54.397; 8.50; -0.00019; 0.01714; 0.49085; -0.00427
416.2; 54.420; 8.50; -0.00025; 0.02129; 0.48998; -0.00398
416.4; 54.444; 8.50; -0.00032; 0.02587; 0.48917; -0.00359
416.6; 54.467; 8.50; -0.00040; 0.03084; 0.48843; -0.00309
416.8; 54.491; 8.50; -0.00048; 0.03618; 0.48778; -0.00248
417.0; 54.514; 8.50; -0.00058; 0.04182; 0.48725; -0.00173
417.2; 54.538; 8.50; -0.00067; 0.04767; 0.48687; -0.00085
417.4; 54.561; 8.50; -0.00078; 0.05364; 0.48665; 0.00016
417.6; 54.585; 8.50; -0.00089; 0.05965; 0.48664; 0.00133
