# s_m; t_s; f_x_fl_N; f_y_fl_N; f_z_fl_N; f_x_fr_N; f_y_fr_N; f_z_fr_N;f_x_rl_N; f_y_rl_N; f_z_rl_N; f_x_rr_N;f_y_rr_N; f_z_rr_N;
0.0; 0.000; -5.8; 0.4; 8.3; -5.8; 0.4; 8.7; 6.1; 0.4; 8.3; 6.1; 0.4; 8.7
0.2; 0.024; -6.3; 0.4; 8.3; -6.3; 0.4; 8.7; 6.6; 0.5; 8.3; 6.6; 0.5; 8.7
0.4; 0.047; -6.1; 0.4; 8.3; -6.1; 0.5; 8.7; 6.3; 0.5; 8.3; 6.3; 0.5; 8.7
0.6; 0.071; -6.0; 0.5; 8.3; -6.0; 0.5; 8.8; 6.3; 0.6; 8.3; 6.3; 0.6; 8.8
0.8; 0.094; -6.0; 0.5; 8.2; -6.0; 0.5; 8.8; 6.3; 0.6; 8.2; 6.3; 0.6; 8.8
1.0; 0.118; -5.9; 0.5; 8.2; -5.9; 0.6; 8.8; 6.2; 0.6; 8.2; 6.2; 0.7; 8.8
1.2; 0.141; -5.9; 0.5; 8.2; -5.9; 0.6; 8.8; 6.2; 0.6; 8.2; 6.2; 0.7; 8.8
1.4; 0.165; -5.9; 0.5; 8.2; -5.9; 0.6; 8.8; 6.2; 0.6; 8.2; 6.2; 0.7; 8.8
1.6; 0.188; -5.9; 0.5; 8.2; -5.9; 0.6; 8.8; 6.1; 0.6; 8.2; 6.1; 0.7; 8.8
1.8; 0.212; -5.9; 0.5; 8.2; -5.9; 0.5; 8.8; 6.1; 0.6; 8.2; 6.1; 0.6; 8.8
2.0; 0.235; -5.9; 0.4; 8.3; -5.9; 0.5; 8.8; 6.2; 0.6; 8.3; 6.2; 0.6; 8.8
2.2; 0.259; -5.9; 0.4; 8.3; -5.9; 0.4; 8.7; 6.2; 0.5; 8.3; 6.2; 0.5; 8.7
2.4; 0.282; -6.0; 0.3; 8.3; -6.0; 0.3; 8.7; 6.3; 0.4; 8.3; 6.3; 0.4; 8.7
2.6; 0.306; -6.1; 0.2; 8.4; -6.1; 0.2; 8.6; 6.4; 0.2; 8.4; 6.4; 0.2; 8.6
2.8; 0.330; -6.2; 0.0; 8.5; -6.2; 0.0; 8.5; 6.5; 0.1; 8.5; 6.5; 0.1; 8.5
3.0; 0.353; -6.2; -0.2; 8.6; -6.2; -0.2; 8.4; 6.4; -0.1; 8.6; 6.4; -0.1; 8.4
3.2; 0.377; -6.0; -0.3; 8.7; -6.0; -0.3; 8.4; 6.2; -0.3; 8.7; 6.2; -0.3; 8.4
3.4; 0.400; -5.6; -0.5; 8.8; -5.6; -0.5; 8.3; 5.9; -0.5; 8.8; 5.9; -0.5; 8.3
3.6; 0.424; -5.1; -0.7; 8.8; -5.1; -0.6; 8.2; 5.3; -0.8; 8.8; 5.3; -0.7; 8.2
3.8; 0.448; -4.5; -0.8; 8.9; -4.5; -0.8; 8.1; 4.8; -0.9; 8.9; 4.8; -0.9; 8.1
4.0; 0.471; -4.1; -0.9; 9.0; -4.1; -0.8; 8.0; 4.4; -1.1; 9.0; 4.4; -1.0; 8.0
4.2; 0.495; -4.0; -1.0; 9.0; -4.0; -0.9; 8.0; 4.3; -1.2; 9.0; 4.3; -1.0; 8.0
4.4; 0.518; -4.4; -0.9; 9.0; -4.4; -0.8; 8.0; 4.6; -1.2; 9.0; 4.6; -1.0; 8.0
4.6; 0.542; -5.1; -0.8; 8.9; -5.1; -0.7; 8.1; 5.4; -1.1; 8.9; 5.4; -1.0; 8.1
4.8; 0.566; -5.9; -0.7; 8.9; -5.9; -0.6; 8.2; 6.2; -0.9; 8.9; 6.2; -0.8; 8.2
5.0; 0.589; -9.6; -0.5; 10.9; -9.6; -0.5; 10.4; -4.3; -0.7; 6.7; -4.3; -0.6; 6.1
5.2; 0.614; -10.8; -0.4; 11.3; -10.8; -0.4; 10.8; -5.7; -0.6; 6.2; -5.7; -0.5; 5.7
5.4; 0.639; -10.9; -0.3; 11.3; -10.9; -0.3; 10.9; -5.8; -0.5; 6.1; -5.8; -0.4; 5.8
5.6; 0.665; -10.9; -0.3; 11.2; -10.9; -0.3; 10.9; -5.8; -0.4; 6.1; -5.8; -0.4; 5.8
5.8; 0.692; -10.8; -0.5; 11.3; -10.8; -0.5; 10.8; -5.7; -0.5; 6.2; -5.7; -0.5; 5.7
6.0; 0.720; -10.5; -0.9; 11.4; -10.5; -0.8; 10.6; -5.6; -0.9; 6.5; -5.6; -0.8; 5.6
6.2; 0.749; -10.0; -1.6; 11.6; -10.0; -1.4; 10.1; -5.3; -1.7; 6.9; -5.3; -1.3; 5.4
6.4; 0.779; -9.3; -2.6; 11.8; -9.3; -2.1; 9.5; -4.8; -2.8; 7.5; -4.8; -2.0; 5.2
6.6; 0.811; -8.4; -3.8; 12.1; -8.4; -2.8; 8.8; -4.2; -4.4; 8.2; -4.2; -2.7; 5.0
6.8; 0.843; -7.3; -5.3; 12.3; -7.3; -3.3; 8.0; -3.4; -6.1; 9.0; -3.4; -3.2; 4.7
7.0; 0.877; -6.2; -6.7; 12.5; -6.2; -3.8; 7.3; -2.7; -7.7; 9.8; -2.7; -3.7; 4.5
7.2; 0.911; -5.3; -7.9; 12.6; -5.3; -4.0; 6.6; -2.0; -9.1; 10.4; -2.0; -3.9; 4.4
7.4; 0.947; -4.6; -8.7; 12.7; -4.6; -4.1; 6.2; -1.4; -10.1; 10.8; -1.4; -4.1; 4.3
7.6; 0.985; -4.2; -9.2; 12.7; -4.2; -4.1; 5.9; -0.9; -10.7; 11.1; -0.9; -4.2; 4.3
7.8; 1.024; -4.1; -9.2; 12.7; -4.1; -4.1; 5.8; -0.6; -11.0; 11.2; -0.6; -4.3; 4.3
8.0; 1.064; -4.1; -9.2; 12.7; -4.1; -4.0; 5.7; -0.5; -11.1; 11.3; -0.5; -4.3; 4.3
8.2; 1.106; -4.1; -9.1; 12.7; -4.1; -4.0; 5.7; -0.4; -11.2; 11.3; -0.4; -4.3; 4.3
8.4; 1.150; -4.1; -9.1; 12.7; -4.1; -4.0; 5.7; -0.3; -11.2; 11.3; -0.3; -4.3; 4.4
8.6; 1.195; -4.3; -9.0; 12.7; -4.3; -3.9; 5.8; -0.4; -11.1; 11.2; -0.4; -4.4; 4.4
8.8; 1.242; -4.4; -8.8; 12.6; -4.4; -3.9; 5.9; -0.5; -11.0; 11.1; -0.5; -4.3; 4.4
9.0; 1.290; -4.6; -8.7; 12.6; -4.6; -3.8; 6.0; -0.7; -10.8; 11.0; -0.7; -4.3; 4.4
9.2; 1.339; -4.9; -8.5; 12.6; -4.9; -3.8; 6.2; -0.9; -10.4; 10.8; -0.9; -4.3; 4.4
9.4; 1.387; -5.3; -8.2; 12.6; -5.3; -3.7; 6.4; -1.3; -9.9; 10.6; -1.3; -4.2; 4.4
9.6; 1.433; -5.7; -8.0; 12.6; -5.7; -3.5; 6.7; -1.6; -9.3; 10.3; -1.6; -4.2; 4.5
9.8; 1.475; -6.2; -7.8; 12.5; -6.2; -3.3; 7.0; -2.0; -8.6; 10.0; -2.0; -4.0; 4.5
10.0; 1.512; -6.6; -7.6; 12.4; -6.6; -3.1; 7.3; -2.4; -8.0; 9.7; -2.4; -3.9; 4.6
10.2; 1.545; -7.0; -7.5; 12.4; -7.0; -2.9; 7.6; -2.7; -7.3; 9.4; -2.7; -3.8; 4.6
10.4; 1.576; -4.8; -7.1; 12.0; -4.8; -2.5; 7.4; -3.2; -6.8; 9.6; -3.2; -3.8; 5.0
10.6; 1.610; -0.1; -6.5; 10.8; -0.1; -2.0; 6.3; -0.1; -6.1; 10.7; -0.1; -3.8; 6.2
10.8; 1.649; -0.1; -6.3; 10.3; -0.1; -2.1; 5.9; 2.8; -5.7; 11.1; 2.8; -3.8; 6.7
11.0; 1.697; -0.1; -6.5; 9.9; -0.1; -2.3; 5.4; 6.0; -5.9; 11.7; 6.0; -3.9; 7.1
11.2; 1.749; -0.1; -6.6; 10.0; -0.1; -2.5; 5.3; 5.8; -6.2; 11.7; 5.8; -4.0; 7.0
11.4; 1.806; -0.1; -6.8; 10.2; -0.1; -2.6; 5.2; 5.5; -6.6; 11.8; 5.5; -4.1; 6.9
11.6; 1.863; -0.1; -7.0; 10.3; -0.1; -2.7; 5.2; 5.2; -6.9; 11.8; 5.2; -4.2; 6.7
11.8; 1.920; -0.1; -7.2; 10.4; -0.1; -2.9; 5.1; 5.0; -7.3; 11.9; 5.0; -4.3; 6.6
12.0; 1.975; -0.1; -7.4; 10.6; -0.1; -3.0; 5.1; 4.8; -7.6; 11.9; 4.8; -4.4; 6.5
12.2; 2.028; -0.1; -7.6; 10.7; -0.1; -3.0; 5.0; 4.6; -7.9; 12.0; 4.6; -4.4; 6.4
12.4; 2.080; -0.1; -7.7; 10.8; -0.1; -3.1; 5.0; 4.4; -8.2; 12.0; 4.4; -4.5; 6.3
12.6; 2.129; -0.1; -7.9; 10.9; -0.1; -3.2; 5.0; 4.2; -8.5; 12.1; 4.2; -4.5; 6.2
12.8; 2.176; -0.1; -8.1; 11.0; -0.1; -3.2; 4.9; 4.0; -8.7; 12.1; 4.0; -4.6; 6.1
13.0; 2.222; -0.1; -8.2; 11.0; -0.1; -3.3; 4.9; 3.8; -8.9; 12.1; 3.8; -4.6; 6.0
13.2; 2.266; -0.1; -8.0; 11.0; -0.1; -3.3; 4.9; 4.0; -8.8; 12.1; 4.0; -4.6; 6.1
13.4; 2.309; -0.1; -7.3; 10.7; -0.1; -3.2; 5.0; 4.5; -8.1; 12.0; 4.5; -4.5; 6.3
13.6; 2.351; -0.1; -6.4; 10.3; -0.1; -3.0; 5.2; 5.2; -7.2; 11.8; 5.2; -4.2; 6.7
13.8; 2.392; -0.1; -5.4; 9.8; -0.1; -2.8; 5.4; 6.1; -6.0; 11.6; 6.1; -3.9; 7.2
14.0; 2.431; -0.1; -4.3; 9.4; -0.1; -2.5; 5.6; 6.9; -4.9; 11.4; 6.9; -3.4; 7.7
14.2; 2.469; -0.1; -3.3; 8.9; -0.1; -2.1; 5.9; 7.6; -3.8; 11.1; 7.6; -2.9; 8.1
14.4; 2.506; -0.1; -2.4; 8.4; -0.1; -1.7; 6.1; 8.3; -2.8; 10.9; 8.3; -2.3; 8.6
14.6; 2.542; -0.1; -1.7; 8.0; -0.1; -1.3; 6.4; 8.8; -2.0; 10.6; 8.8; -1.7; 9.0
14.8; 2.577; -0.1; -1.1; 7.7; -0.1; -0.9; 6.6; 9.2; -1.4; 10.4; 9.2; -1.2; 9.3
15.0; 2.611; -0.1; -0.7; 7.5; -0.1; -0.6; 6.7; 9.5; -0.9; 10.3; 9.5; -0.8; 9.5
15.2; 2.644; -0.1; -0.4; 7.3; -0.1; -0.4; 6.9; 9.7; -0.5; 10.2; 9.7; -0.5; 9.7
15.4; 2.675; -0.1; -0.2; 7.2; -0.1; -0.2; 7.0; 9.9; -0.2; 10.1; 9.9; -0.2; 9.9
15.6; 2.706; -0.1; -0.0; 7.1; -0.1; -0.0; 7.0; 9.9; -0.1; 10.0; 9.9; -0.1; 9.9
15.8; 2.736; -0.1; 0.0; 7.0; -0.1; 0.0; 7.0; 10.0; -0.0; 10.0; 10.0; -0.0; 10.0
16.0; 2.766; -0.1; -0.0; 7.0; -0.1; -0.0; 7.0; 10.0; 0.0; 10.0; 10.0; 0.0; 10.0
16.2; 2.794; -0.1; -0.0; 7.0; -0.1; -0.0; 7.0; 10.0; 0.0; 10.0; 10.0; 0.0; 10.0
16.4; 2.822; -0.1; -0.0; 7.0; -0.1; -0.0; 7.0; 10.0; -0.0; 10.0; 10.0; -0.0; 10.0
16.6; 2.850; -0.1; -0.0; 7.0; -0.1; -0.0; 7.0; 10.0; -0.0; 10.0; 10.0; -0.0; 10.0
16.8; 2.876; -0.1; -0.0; 7.0; -0.1; -0.0; 7.0; 10.0; -0.0; 10.0; 10.0; -0.0; 10.0
17.0; 2.903; -0.1; -0.0; 7.1; -0.1; -0.0; 7.1; 10.0; -0.0; 10.0; 10.0; -0.0; 10.0
17.2; 2.928; -0.1; -0.0; 7.1; -0.1; -0.0; 7.1; 10.0; -0.0; 10.0; 10.0; -0.0; 10.0
17.4; 2.954; -0.1; -0.0; 7.1; -0.1; -0.0; 7.1; 10.0; -0.0; 10.0; 10.0; -0.0; 10.0
17.6; 2.979; -0.1; -0.0; 7.1; -0.1; -0.0; 7.1; 10.0; -0.0; 10.0; 10.0; -0.0; 10.0
17.8; 3.003; -0.1; -0.0; 7.1; -0.1; -0.0; 7.1; 10.0; -0.0; 10.0; 10.0; -0.0; 10.0
18.0; 3.027; -0.1; -0.1; 7.1; -0.1; -0.1; 7.0; 9.9; -0.0; 10.0; 9.9; -0.0; 9.9
18.2; 3.051; -3.7; -0.1; 8.0; -3.7; -0.1; 7.9; 8.0; -0.1; 9.2; 8.0; -0.1; 9.1
18.4; 3.074; -6.0; -0.2; 8.6; -6.0; -0.2; 8.4; 6.3; -0.2; 8.6; 6.3; -0.2; 8.4
18.6; 3.098; -6.1; -0.2; 8.6; -6.1; -0.2; 8.4; 6.3; -0.2; 8.6; 6.3; -0.2; 8.4
18.8; 3.121; -6.1; -0.2; 8.6; -6.1; -0.2; 8.4; 6.3; -0.3; 8.6; 6.3; -0.3; 8.4
19.0; 3.145; -6.1; -0.3; 8.6; -6.1; -0.3; 8.4; 6.3; -0.3; 8.6; 6.3; -0.3; 8.4
19.2; 3.168; -6.1; -0.3; 8.7; -6.1; -0.3; 8.4; 6.3; -0.3; 8.7; 6.3; -0.3; 8.4
19.4; 3.192; -6.1; -0.3; 8.7; -6.1; -0.3; 8.4; 6.3; -0.3; 8.7; 6.3; -0.3; 8.4
19.6; 3.215; -6.1; -0.3; 8.7; -6.1; -0.3; 8.4; 6.3; -0.3; 8.7; 6.3; -0.3; 8.4
19.8; 3.239; -6.1; -0.3; 8.6; -6.1; -0.3; 8.4; 6.4; -0.3; 8.6; 6.4; -0.3; 8.4
20.0; 3.262; -6.1; -0.2; 8.6; -6.1; -0.2; 8.4; 6.4; -0.3; 8.6; 6.4; -0.3; 8.4
20.2; 3.285; -6.1; -0.2; 8.6; -6.1; -0.2; 8.4; 6.4; -0.3; 8.6; 6.4; -0.3; 8.4
20.4; 3.309; -6.1; -0.2; 8.6; -6.1; -0.2; 8.4; 6.4; -0.2; 8.6; 6.4; -0.2; 8.4
20.6; 3.332; -6.1; -0.1; 8.6; -6.1; -0.1; 8.4; 6.4; -0.2; 8.6; 6.4; -0.2; 8.4
20.8; 3.355; -6.1; -0.1; 8.5; -6.1; -0.1; 8.5; 6.4; -0.1; 8.5; 6.4; -0.1; 8.5
21.0; 3.379; -6.2; 0.0; 8.5; -6.2; 0.0; 8.5; 6.4; -0.0; 8.5; 6.4; -0.0; 8.5
21.2; 3.402; -6.2; 0.1; 8.5; -6.2; 0.1; 8.5; 6.4; 0.1; 8.5; 6.4; 0.1; 8.5
21.4; 3.425; -6.2; 0.2; 8.4; -6.2; 0.2; 8.6; 6.5; 0.2; 8.4; 6.5; 0.2; 8.6
21.6; 3.449; -6.2; 0.3; 8.4; -6.2; 0.3; 8.6; 6.5; 0.3; 8.4; 6.5; 0.3; 8.6
21.8; 3.472; -6.2; 0.3; 8.3; -6.2; 0.4; 8.7; 6.5; 0.4; 8.3; 6.5; 0.4; 8.7
22.0; 3.495; -6.2; 0.4; 8.3; -6.2; 0.5; 8.7; 6.4; 0.5; 8.3; 6.4; 0.5; 8.7
22.2; 3.519; -6.2; 0.6; 8.2; -6.2; 0.6; 8.8; 6.4; 0.6; 8.2; 6.4; 0.6; 8.8
22.4; 3.542; -6.1; 0.7; 8.2; -6.1; 0.7; 8.9; 6.4; 0.7; 8.2; 6.4; 0.8; 8.9
22.6; 3.566; -6.0; 0.8; 8.1; -6.0; 0.8; 8.9; 6.3; 0.9; 8.1; 6.3; 1.0; 8.9
22.8; 3.589; -5.9; 0.9; 8.0; -5.9; 1.0; 9.0; 6.2; 1.0; 8.0; 6.2; 1.1; 9.0
23.0; 3.612; -5.8; 1.0; 8.0; -5.8; 1.1; 9.1; 6.1; 1.1; 8.0; 6.1; 1.3; 9.1
23.2; 3.636; -5.6; 1.1; 7.9; -5.6; 1.3; 9.1; 5.9; 1.3; 7.9; 5.9; 1.4; 9.1
23.4; 3.659; -5.4; 1.2; 7.8; -5.4; 1.4; 9.2; 5.6; 1.4; 7.8; 5.6; 1.6; 9.2
23.6; 3.682; -5.0; 1.3; 7.8; -5.0; 1.5; 9.2; 5.3; 1.5; 7.8; 5.3; 1.8; 9.2
23.8; 3.706; -4.6; 1.3; 7.7; -4.6; 1.6; 9.3; 4.9; 1.6; 7.7; 4.9; 1.9; 9.3
24.0; 3.729; -4.2; 1.4; 7.7; -4.2; 1.7; 9.3; 4.5; 1.7; 7.7; 4.5; 2.0; 9.3
24.2; 3.753; -3.8; 1.4; 7.7; -3.8; 1.7; 9.4; 4.1; 1.7; 7.7; 4.1; 2.1; 9.4
24.4; 3.776; -3.4; 1.4; 7.6; -3.4; 1.7; 9.4; 3.7; 1.7; 7.7; 3.7; 2.1; 9.4
24.6; 3.799; -3.2; 1.4; 7.7; -3.2; 1.7; 9.3; 3.5; 1.7; 7.7; 3.5; 2.1; 9.4
24.8; 3.823; -3.2; 1.3; 7.7; -3.2; 1.6; 9.3; 3.4; 1.6; 7.7; 3.4; 2.0; 9.3
25.0; 3.846; -3.4; 1.2; 7.8; -3.4; 1.4; 9.2; 3.7; 1.5; 7.8; 3.7; 1.8; 9.2
25.2; 3.870; -4.0; 1.0; 7.9; -4.0; 1.1; 9.1; 4.3; 1.3; 7.9; 4.3; 1.5; 9.1
25.4; 3.893; -5.1; 0.7; 8.1; -5.1; 0.8; 9.0; 5.3; 1.0; 8.1; 5.3; 1.1; 9.0
25.6; 3.917; -6.3; 0.3; 8.3; -6.3; 0.4; 8.8; 6.6; 0.6; 8.3; 6.6; 0.7; 8.8
25.8; 3.940; -7.1; -0.2; 8.5; -7.1; -0.1; 8.5; 7.4; 0.1; 8.5; 7.4; 0.1; 8.5
26.0; 3.963; -7.4; -0.8; 8.8; -7.4; -0.7; 8.2; 7.7; -0.6; 8.8; 7.7; -0.6; 8.2
26.2; 3.987; -7.2; -1.6; 9.2; -7.2; -1.3; 7.8; 7.4; -1.5; 9.2; 7.4; -1.3; 7.8
26.4; 4.010; -6.6; -2.5; 9.6; -6.6; -1.9; 7.4; 6.9; -2.5; 9.6; 6.9; -2.0; 7.4
26.6; 4.034; -3.1; -3.5; 10.0; -3.1; -2.5; 7.0; 3.5; -3.7; 10.0; 3.5; -2.6; 7.0
26.8; 4.057; -0.2; -4.7; 10.4; -0.2; -2.9; 6.5; 0.6; -5.1; 10.5; 0.6; -3.2; 6.6
27.0; 4.081; -0.1; -5.9; 10.9; -0.1; -3.3; 6.1; 0.6; -6.5; 10.9; 0.6; -3.7; 6.2
27.2; 4.105; -0.1; -6.9; 11.2; -0.1; -3.5; 5.7; 0.7; -7.8; 11.3; 0.7; -4.1; 5.8
27.4; 4.128; -0.1; -7.8; 11.5; -0.1; -3.7; 5.4; 0.8; -8.9; 11.6; 0.8; -4.3; 5.5
27.6; 4.152; -0.1; -8.5; 11.7; -0.1; -3.8; 5.2; 0.9; -9.8; 11.8; 0.9; -4.5; 5.3
27.8; 4.176; -0.1; -9.0; 11.9; -0.1; -3.8; 5.0; 0.9; -10.5; 12.0; 0.9; -4.6; 5.2
28.0; 4.200; -0.1; -9.3; 12.0; -0.1; -3.8; 4.9; 0.8; -11.0; 12.1; 0.8; -4.6; 5.0
28.2; 4.224; -0.3; -9.5; 12.1; -0.3; -3.8; 4.8; 1.1; -11.4; 12.2; 1.1; -4.7; 5.0
28.4; 4.249; -0.2; -9.6; 12.0; -0.2; -3.8; 4.7; 1.5; -11.7; 12.3; 1.5; -4.8; 5.0
28.6; 4.273; -0.2; -9.7; 12.1; -0.2; -3.8; 4.7; 1.3; -11.8; 12.3; 1.3; -4.8; 4.9
28.8; 4.297; -0.2; -9.7; 12.1; -0.2; -3.8; 4.7; 1.2; -11.9; 12.3; 1.2; -4.8; 4.9
29.0; 4.321; -0.1; -9.7; 12.1; -0.1; -3.8; 4.7; 1.2; -11.9; 12.3; 1.2; -4.8; 4.9
29.2; 4.346; -0.1; -9.7; 12.1; -0.1; -3.8; 4.7; 1.2; -11.9; 12.4; 1.2; -4.8; 4.9
29.4; 4.370; -0.1; -9.8; 12.1; -0.1; -3.8; 4.7; 1.2; -11.9; 12.4; 1.2; -4.8; 4.9
29.6; 4.395; -0.1; -9.8; 12.1; -0.1; -3.8; 4.7; 1.2; -11.9; 12.4; 1.2; -4.8; 4.9
29.8; 4.419; -0.1; -9.8; 12.1; -0.1; -3.8; 4.7; 1.2; -11.9; 12.4; 1.2; -4.8; 4.9
30.0; 4.444; -0.1; -9.9; 12.1; -0.1; -3.8; 4.7; 1.1; -12.0; 12.4; 1.1; -4.7; 4.9
30.2; 4.468; -0.1; -9.9; 12.1; -0.1; -3.8; 4.7; 1.1; -12.0; 12.4; 1.1; -4.7; 4.9
30.4; 4.492; -0.1; -9.9; 12.1; -0.1; -3.8; 4.7; 1.1; -12.0; 12.4; 1.1; -4.7; 4.9
30.6; 4.516; -0.1; -9.9; 12.2; -0.1; -3.8; 4.7; 1.1; -12.0; 12.4; 1.1; -4.7; 4.9
30.8; 4.540; -0.1; -9.9; 12.2; -0.1; -3.8; 4.7; 1.0; -12.0; 12.4; 1.0; -4.7; 4.9
31.0; 4.564; -0.1; -9.9; 12.2; -0.1; -3.8; 4.7; 1.0; -12.0; 12.4; 1.0; -4.7; 4.9
31.2; 4.587; -0.1; -9.9; 12.2; -0.1; -3.8; 4.7; 1.0; -12.0; 12.4; 1.0; -4.7; 4.8
31.4; 4.610; -0.1; -9.9; 12.2; -0.1; -3.8; 4.7; 1.0; -12.1; 12.4; 1.0; -4.7; 4.8
31.6; 4.633; -0.1; -9.9; 12.2; -0.1; -3.8; 4.7; 0.9; -12.1; 12.4; 0.9; -4.7; 4.8
31.8; 4.655; -0.1; -9.9; 12.2; -0.1; -3.8; 4.7; 0.9; -12.1; 12.3; 0.9; -4.7; 4.8
32.0; 4.677; -0.1; -9.9; 12.2; -0.1; -3.8; 4.7; 0.9; -12.1; 12.3; 0.9; -4.7; 4.8
32.2; 4.699; -0.1; -9.9; 12.2; -0.1; -3.8; 4.7; 0.9; -12.1; 12.3; 0.9; -4.7; 4.8
32.4; 4.720; -0.1; -9.9; 12.2; -0.1; -3.8; 4.7; 0.9; -12.1; 12.3; 0.9; -4.7; 4.8
32.6; 4.741; -0.1; -9.9; 12.2; -0.1; -3.8; 4.7; 0.9; -12.1; 12.3; 0.9; -4.7; 4.8
32.8; 4.762; -0.1; -9.8; 12.2; -0.1; -3.8; 4.7; 0.9; -12.1; 12.3; 0.9; -4.8; 4.8
33.0; 4.783; -0.1; -9.8; 12.2; -0.1; -3.8; 4.7; 0.9; -12.1; 12.3; 0.9; -4.8; 4.8
33.2; 4.804; -0.1; -9.8; 12.2; -0.1; -3.8; 4.7; 1.0; -12.0; 12.3; 1.0; -4.8; 4.8
33.4; 4.826; -0.1; -9.8; 12.2; -0.1; -3.8; 4.7; 1.0; -12.0; 12.4; 1.0; -4.8; 4.9
33.6; 4.847; -0.1; -9.8; 12.2; -0.1; -3.8; 4.7; 1.0; -12.0; 12.4; 1.0; -4.8; 4.9
33.8; 4.869; -0.1; -9.8; 12.2; -0.1; -3.8; 4.7; 1.0; -12.0; 12.4; 1.0; -4.8; 4.9
34.0; 4.891; -0.1; -9.8; 12.1; -0.1; -3.8; 4.7; 1.1; -12.0; 12.4; 1.1; -4.8; 4.9
34.2; 4.914; -0.1; -9.8; 12.1; -0.1; -3.8; 4.7; 1.1; -12.0; 12.4; 1.1; -4.8; 4.9
34.4; 4.937; -0.1; -9.8; 12.1; -0.1; -3.8; 4.7; 1.1; -11.9; 12.4; 1.1; -4.8; 4.9
34.6; 4.960; -0.1; -9.8; 12.1; -0.1; -3.8; 4.7; 1.2; -11.9; 12.4; 1.2; -4.8; 4.9
34.8; 4.983; -0.1; -9.7; 12.1; -0.1; -3.8; 4.7; 1.2; -11.9; 12.4; 1.2; -4.8; 4.9
35.0; 5.007; -0.1; -9.7; 12.1; -0.1; -3.8; 4.7; 1.3; -11.9; 12.4; 1.3; -4.8; 4.9
35.2; 5.031; -0.1; -9.7; 12.1; -0.1; -3.8; 4.7; 1.3; -11.8; 12.4; 1.3; -4.8; 4.9
35.4; 5.055; -0.1; -9.7; 12.1; -0.1; -3.8; 4.7; 1.4; -11.8; 12.4; 1.4; -4.8; 5.0
35.6; 5.079; -0.1; -9.7; 12.0; -0.1; -3.8; 4.7; 1.4; -11.8; 12.4; 1.4; -4.8; 5.0
35.8; 5.104; -0.1; -9.7; 12.0; -0.1; -3.8; 4.7; 1.4; -11.8; 12.4; 1.4; -4.8; 5.0
36.0; 5.128; -0.1; -9.7; 12.0; -0.1; -3.8; 4.7; 1.5; -11.7; 12.4; 1.5; -4.8; 5.0
36.2; 5.152; -0.1; -9.7; 12.0; -0.1; -3.8; 4.7; 1.5; -11.7; 12.4; 1.5; -4.8; 5.0
36.4; 5.177; -0.1; -9.7; 12.0; -0.1; -3.8; 4.6; 1.5; -11.7; 12.4; 1.5; -4.8; 5.0
36.6; 5.201; -0.1; -9.8; 12.0; -0.1; -3.8; 4.6; 1.5; -11.7; 12.4; 1.5; -4.8; 5.0
36.8; 5.226; -0.1; -9.8; 12.1; -0.1; -3.8; 4.6; 1.4; -11.8; 12.4; 1.4; -4.8; 5.0
37.0; 5.250; -0.1; -9.8; 12.1; -0.1; -3.8; 4.6; 1.4; -11.8; 12.4; 1.4; -4.7; 4.9
37.2; 5.275; -0.1; -9.9; 12.1; -0.1; -3.8; 4.6; 1.3; -11.9; 12.4; 1.3; -4.7; 4.9
37.4; 5.299; -0.1; -9.9; 12.1; -0.1; -3.8; 4.6; 1.3; -11.9; 12.4; 1.3; -4.7; 4.9
37.6; 5.323; -0.1; -9.9; 12.1; -0.1; -3.8; 4.7; 1.2; -11.9; 12.4; 1.2; -4.8; 4.9
37.8; 5.347; -0.1; -9.8; 12.1; -0.1; -3.8; 4.7; 1.2; -11.9; 12.4; 1.2; -4.8; 4.9
38.0; 5.372; -0.1; -9.7; 12.1; -0.1; -3.8; 4.7; 1.2; -11.9; 12.3; 1.2; -4.8; 4.9
38.2; 5.396; -0.1; -9.5; 12.1; -0.1; -3.7; 4.7; 1.2; -11.9; 12.3; 1.2; -4.8; 5.0
38.4; 5.420; -0.1; -9.1; 12.0; -0.1; -3.7; 4.7; 1.5; -11.7; 12.3; 1.5; -4.8; 5.1
38.6; 5.443; -0.1; -8.5; 11.8; -0.1; -3.5; 4.8; 1.9; -11.3; 12.2; 1.9; -4.9; 5.3
38.8; 5.467; -1.3; -7.7; 11.6; -1.3; -3.4; 5.2; 2.2; -10.3; 11.8; 2.2; -4.7; 5.4
39.0; 5.491; -2.4; -6.4; 11.3; -2.4; -3.2; 5.6; 3.1; -9.0; 11.4; 3.1; -4.5; 5.7
39.2; 5.515; -3.7; -4.8; 10.8; -3.7; -2.8; 6.2; 4.2; -7.0; 10.8; 4.2; -4.0; 6.3
39.4; 5.538; -4.7; -3.2; 10.1; -4.7; -2.2; 6.8; 5.1; -4.7; 10.2; 5.1; -3.2; 6.9
39.6; 5.562; -5.1; -1.9; 9.5; -5.1; -1.5; 7.5; 5.4; -2.8; 9.5; 5.4; -2.2; 7.5
39.8; 5.586; -5.2; -0.9; 9.0; -5.2; -0.8; 8.0; 5.4; -1.4; 9.0; 5.4; -1.2; 8.0
40.0; 5.609; -5.1; -0.2; 8.7; -5.1; -0.2; 8.3; 5.4; -0.5; 8.7; 5.4; -0.5; 8.3
40.2; 5.633; -5.1; 0.2; 8.4; -5.1; 0.2; 8.6; 5.4; 0.1; 8.4; 5.4; 0.1; 8.6
40.4; 5.656; -5.1; 0.5; 8.3; -5.1; 0.5; 8.8; 5.4; 0.5; 8.3; 5.4; 0.5; 8.8
40.6; 5.680; -5.2; 0.7; 8.1; -5.2; 0.7; 8.9; 5.5; 0.8; 8.1; 5.5; 0.8; 8.9
40.8; 5.704; -5.3; 0.8; 8.1; -5.3; 0.9; 8.9; 5.6; 0.9; 8.1; 5.6; 1.0; 8.9
41.0; 5.727; -5.4; 0.9; 8.0; -5.4; 1.0; 9.0; 5.7; 1.0; 8.0; 5.7; 1.1; 9.0
41.2; 5.751; -5.6; 0.9; 8.0; -5.6; 1.0; 9.0; 5.9; 1.0; 8.0; 5.9; 1.2; 9.0
41.4; 5.774; -5.7; 0.9; 8.0; -5.7; 1.0; 9.0; 6.0; 1.0; 8.0; 6.0; 1.2; 9.0
41.6; 5.798; -5.8; 0.8; 8.0; -5.8; 0.9; 9.0; 6.1; 1.0; 8.0; 6.1; 1.1; 9.0
41.8; 5.821; -5.9; 0.8; 8.1; -5.9; 0.9; 9.0; 6.2; 1.0; 8.1; 6.2; 1.1; 9.0
42.0; 5.845; -6.0; 0.7; 8.1; -6.0; 0.8; 8.9; 6.2; 0.9; 8.1; 6.2; 1.0; 8.9
42.2; 5.869; -6.0; 0.6; 8.1; -6.0; 0.7; 8.9; 6.3; 0.8; 8.1; 6.3; 0.9; 8.9
42.4; 5.892; -6.1; 0.5; 8.2; -6.1; 0.6; 8.8; 6.3; 0.7; 8.2; 6.3; 0.8; 8.8
42.6; 5.916; -6.1; 0.5; 8.2; -6.1; 0.5; 8.8; 6.4; 0.6; 8.2; 6.4; 0.6; 8.8
42.8; 5.939; -6.1; 0.4; 8.3; -6.1; 0.4; 8.7; 6.4; 0.5; 8.3; 6.4; 0.5; 8.7
43.0; 5.963; -6.1; 0.3; 8.3; -6.1; 0.3; 8.7; 6.4; 0.4; 8.3; 6.4; 0.4; 8.7
43.2; 5.986; -6.1; 0.2; 8.4; -6.1; 0.2; 8.6; 6.4; 0.3; 8.4; 6.4; 0.3; 8.6
43.4; 6.010; -6.1; 0.1; 8.5; -6.1; 0.1; 8.6; 6.4; 0.2; 8.5; 6.4; 0.2; 8.6
43.6; 6.033; -6.1; 0.0; 8.5; -6.1; 0.0; 8.5; 6.4; 0.0; 8.5; 6.4; 0.0; 8.5
43.8; 6.057; -6.1; -0.1; 8.5; -6.1; -0.1; 8.5; 6.4; -0.1; 8.5; 6.4; -0.1; 8.5
44.0; 6.080; -6.1; -0.2; 8.6; -6.1; -0.2; 8.4; 6.4; -0.1; 8.6; 6.4; -0.1; 8.4
44.2; 6.103; -6.1; -0.2; 8.6; -6.1; -0.2; 8.4; 6.3; -0.2; 8.6; 6.3; -0.2; 8.4
44.4; 6.127; -6.0; -0.3; 8.6; -6.0; -0.3; 8.4; 6.3; -0.3; 8.6; 6.3; -0.3; 8.4
44.6; 6.150; -6.0; -0.3; 8.7; -6.0; -0.3; 8.3; 6.3; -0.4; 8.7; 6.3; -0.3; 8.4
44.8; 6.174; -6.0; -0.3; 8.7; -6.0; -0.3; 8.3; 6.2; -0.4; 8.7; 6.2; -0.4; 8.3
45.0; 6.197; -6.0; -0.4; 8.7; -6.0; -0.3; 8.3; 6.2; -0.4; 8.7; 6.2; -0.4; 8.3
45.2; 6.221; -6.0; -0.3; 8.7; -6.0; -0.3; 8.3; 6.2; -0.4; 8.7; 6.2; -0.4; 8.3
45.4; 6.244; -6.0; -0.3; 8.7; -6.0; -0.3; 8.3; 6.2; -0.4; 8.7; 6.2; -0.4; 8.3
45.6; 6.267; -6.0; -0.3; 8.7; -6.0; -0.3; 8.4; 6.3; -0.3; 8.7; 6.3; -0.3; 8.4
45.8; 6.291; -6.1; -0.2; 8.6; -6.1; -0.2; 8.4; 6.3; -0.3; 8.6; 6.3; -0.3; 8.4
46.0; 6.314; -6.2; -0.1; 8.6; -6.2; -0.1; 8.4; 6.4; -0.2; 8.6; 6.4; -0.2; 8.4
46.2; 6.338; -6.3; 0.0; 8.5; -6.3; 0.0; 8.5; 6.5; -0.0; 8.5; 6.5; -0.0; 8.5
46.4; 6.361; -6.4; 0.2; 8.4; -6.4; 0.2; 8.6; 6.7; 0.2; 8.4; 6.7; 0.2; 8.6
46.6; 6.384; -6.6; 0.4; 8.3; -6.6; 0.4; 8.7; 6.8; 0.4; 8.3; 6.8; 0.4; 8.7
46.8; 6.407; -6.7; 0.6; 8.2; -6.7; 0.7; 8.8; 6.9; 0.6; 8.2; 6.9; 0.7; 8.8
47.0; 6.431; -6.7; 0.9; 8.1; -6.7; 1.0; 9.0; 7.0; 0.9; 8.1; 7.0; 1.0; 9.0
47.2; 6.454; -6.7; 1.1; 7.9; -6.7; 1.3; 9.1; 7.0; 1.2; 7.9; 7.0; 1.4; 9.1
47.4; 6.477; -6.6; 1.4; 7.7; -6.6; 1.7; 9.3; 6.9; 1.5; 7.7; 6.9; 1.8; 9.3
47.6; 6.500; -6.4; 1.7; 7.5; -6.4; 2.2; 9.5; 6.7; 1.9; 7.5; 6.7; 2.3; 9.5
47.8; 6.523; -6.1; 2.0; 7.3; -6.1; 2.7; 9.7; 6.4; 2.2; 7.3; 6.4; 2.9; 9.7
48.0; 6.547; -5.6; 2.3; 7.1; -5.6; 3.3; 9.9; 5.9; 2.6; 7.1; 5.9; 3.6; 9.9
48.2; 6.570; -4.5; 2.6; 6.8; -4.5; 3.9; 10.2; 4.9; 2.9; 6.9; 4.9; 4.3; 10.2
48.4; 6.593; -1.6; 2.8; 6.6; -1.6; 4.5; 10.4; 2.0; 3.3; 6.6; 2.0; 5.1; 10.5
48.6; 6.616; -0.5; 3.1; 6.3; -0.5; 5.2; 10.7; 0.9; 3.6; 6.4; 0.9; 5.9; 10.7
48.8; 6.639; -0.3; 3.3; 6.0; -0.3; 5.9; 10.9; 0.8; 3.8; 6.1; 0.8; 6.8; 11.0
49.0; 6.662; -0.2; 3.4; 5.8; -0.2; 6.6; 11.1; 0.7; 4.0; 5.9; 0.7; 7.6; 11.2
49.2; 6.685; -0.2; 3.6; 5.6; -0.2; 7.2; 11.3; 0.8; 4.2; 5.7; 0.8; 8.3; 11.4
49.4; 6.708; -0.2; 3.6; 5.4; -0.2; 7.7; 11.5; 0.8; 4.3; 5.5; 0.8; 9.0; 11.6
49.6; 6.731; -0.2; 3.7; 5.2; -0.2; 8.2; 11.6; 0.9; 4.4; 5.4; 0.9; 9.6; 11.8
49.8; 6.754; -0.2; 3.8; 5.1; -0.2; 8.6; 11.8; 0.9; 4.5; 5.3; 0.9; 10.1; 11.9
50.0; 6.776; -0.2; 3.8; 5.0; -0.2; 8.9; 11.8; 1.0; 4.6; 5.2; 1.0; 10.5; 12.0
50.2; 6.799; -0.2; 3.8; 4.9; -0.2; 9.2; 11.9; 1.1; 4.6; 5.1; 1.1; 10.9; 12.1
50.4; 6.822; -0.3; 3.8; 4.8; -0.3; 9.4; 12.0; 1.2; 4.7; 5.0; 1.2; 11.2; 12.2
50.6; 6.845; -0.5; 3.8; 4.8; -0.5; 9.5; 12.0; 1.4; 4.7; 5.0; 1.4; 11.4; 12.2
50.8; 6.867; -0.5; 3.8; 4.8; -0.5; 9.6; 12.1; 1.4; 4.7; 5.0; 1.4; 11.5; 12.3
51.0; 6.890; -0.4; 3.8; 4.7; -0.4; 9.7; 12.1; 1.4; 4.7; 4.9; 1.4; 11.7; 12.3
51.2; 6.913; -0.3; 3.8; 4.7; -0.3; 9.7; 12.1; 1.3; 4.7; 4.9; 1.3; 11.8; 12.3
51.4; 6.935; -0.2; 3.8; 4.7; -0.2; 9.8; 12.1; 1.2; 4.7; 4.9; 1.2; 11.8; 12.3
51.6; 6.958; -0.1; 3.8; 4.7; -0.1; 9.8; 12.1; 1.2; 4.8; 4.9; 1.2; 11.9; 12.4
51.8; 6.980; -0.1; 3.8; 4.7; -0.1; 9.8; 12.1; 1.2; 4.8; 4.9; 1.2; 11.9; 12.4
52.0; 7.002; -0.1; 3.8; 4.7; -0.1; 9.7; 12.1; 1.2; 4.8; 4.9; 1.2; 11.9; 12.4
52.2; 7.025; -0.1; 3.8; 4.7; -0.1; 9.7; 12.1; 1.2; 4.8; 4.9; 1.2; 11.9; 12.3
52.4; 7.047; -0.1; 3.8; 4.7; -0.1; 9.6; 12.1; 1.2; 4.8; 4.9; 1.2; 11.9; 12.3
52.6; 7.069; -0.2; 3.7; 4.7; -0.2; 9.5; 12.1; 1.3; 4.8; 5.0; 1.3; 11.8; 12.3
52.8; 7.091; -0.3; 3.7; 4.8; -0.3; 9.3; 12.0; 1.4; 4.8; 5.0; 1.4; 11.7; 12.3
53.0; 7.114; -0.5; 3.7; 4.8; -0.5; 9.1; 12.0; 1.5; 4.8; 5.1; 1.5; 11.4; 12.2
53.2; 7.136; -0.8; 3.7; 4.9; -0.8; 8.7; 11.9; 1.8; 4.8; 5.1; 1.8; 11.1; 12.1
53.4; 7.158; -1.2; 3.6; 5.1; -1.2; 8.3; 11.8; 2.1; 4.7; 5.2; 2.1; 10.7; 12.0
53.6; 7.180; -1.7; 3.5; 5.2; -1.7; 7.7; 11.6; 2.5; 4.6; 5.4; 2.5; 10.1; 11.8
53.8; 7.202; -2.3; 3.4; 5.5; -2.3; 7.1; 11.4; 3.1; 4.5; 5.6; 3.1; 9.2; 11.6
54.0; 7.224; -3.0; 3.3; 5.7; -3.0; 6.4; 11.2; 3.7; 4.3; 5.8; 3.7; 8.3; 11.3
54.2; 7.246; -3.7; 3.1; 6.0; -3.7; 5.7; 10.9; 4.2; 4.1; 6.1; 4.2; 7.3; 11.0
54.4; 7.268; -4.2; 3.0; 6.3; -4.2; 5.0; 10.7; 4.7; 3.8; 6.3; 4.7; 6.4; 10.8
54.6; 7.291; -4.6; 2.8; 6.5; -4.6; 4.6; 10.5; 5.1; 3.5; 6.5; 5.1; 5.7; 10.6
54.8; 7.313; -4.9; 2.7; 6.6; -4.9; 4.2; 10.4; 5.3; 3.3; 6.7; 5.3; 5.2; 10.4
55.0; 7.335; -5.1; 2.6; 6.7; -5.1; 4.0; 10.3; 5.5; 3.2; 6.7; 5.5; 4.9; 10.3
55.2; 7.357; -5.1; 2.6; 6.7; -5.1; 4.0; 10.3; 5.5; 3.1; 6.8; 5.5; 4.7; 10.3
55.4; 7.379; -5.0; 2.6; 6.7; -5.0; 4.0; 10.3; 5.4; 3.1; 6.8; 5.4; 4.7; 10.3
55.6; 7.401; -4.7; 2.7; 6.7; -4.7; 4.1; 10.3; 5.1; 3.2; 6.7; 5.1; 4.8; 10.3
55.8; 7.423; -4.3; 2.7; 6.6; -4.3; 4.3; 10.4; 4.8; 3.3; 6.7; 4.8; 5.0; 10.4
56.0; 7.445; -3.8; 2.8; 6.5; -3.8; 4.5; 10.4; 4.2; 3.3; 6.6; 4.2; 5.3; 10.5
56.2; 7.468; -3.2; 2.9; 6.4; -3.2; 4.7; 10.5; 3.7; 3.5; 6.5; 3.7; 5.6; 10.6
56.4; 7.490; -2.7; 3.0; 6.3; -2.7; 5.0; 10.6; 3.2; 3.6; 6.4; 3.2; 5.9; 10.7
56.6; 7.512; -2.6; 3.1; 6.2; -2.6; 5.3; 10.7; 3.1; 3.7; 6.3; 3.1; 6.2; 10.8
56.8; 7.534; -2.7; 3.2; 6.1; -2.7; 5.6; 10.8; 3.2; 3.8; 6.2; 3.2; 6.5; 10.9
57.0; 7.557; -2.4; 3.2; 6.0; -2.4; 5.9; 10.9; 2.9; 3.9; 6.1; 2.9; 6.9; 11.0
57.2; 7.579; -1.8; 3.3; 5.9; -1.8; 6.1; 11.0; 2.3; 4.0; 6.0; 2.3; 7.2; 11.1
57.4; 7.601; -1.1; 3.4; 5.8; -1.1; 6.4; 11.1; 1.7; 4.1; 5.9; 1.7; 7.6; 11.2
57.6; 7.624; -0.7; 3.4; 5.7; -0.7; 6.7; 11.2; 1.3; 4.1; 5.8; 1.3; 7.9; 11.3
57.8; 7.646; -0.5; 3.5; 5.6; -0.5; 7.0; 11.3; 1.1; 4.2; 5.7; 1.1; 8.3; 11.4
58.0; 7.669; -0.4; 3.5; 5.5; -0.4; 7.2; 11.4; 1.0; 4.3; 5.7; 1.0; 8.6; 11.5
58.2; 7.691; -0.3; 3.6; 5.5; -0.3; 7.4; 11.4; 1.0; 4.4; 5.6; 1.0; 8.9; 11.6
58.4; 7.714; -0.3; 3.6; 5.4; -0.3; 7.6; 11.5; 1.0; 4.4; 5.5; 1.0; 9.1; 11.6
58.6; 7.737; -0.3; 3.6; 5.3; -0.3; 7.8; 11.5; 1.0; 4.4; 5.5; 1.0; 9.4; 11.7
58.8; 7.759; -0.4; 3.6; 5.3; -0.4; 7.9; 11.6; 1.1; 4.5; 5.4; 1.1; 9.5; 11.7
59.0; 7.782; -0.5; 3.6; 5.3; -0.5; 7.9; 11.6; 1.2; 4.5; 5.4; 1.2; 9.6; 11.7
59.2; 7.804; -0.7; 3.6; 5.3; -0.7; 7.9; 11.6; 1.5; 4.5; 5.4; 1.5; 9.6; 11.7
59.4; 7.827; -1.3; 3.6; 5.3; -1.3; 7.8; 11.6; 2.0; 4.5; 5.4; 2.0; 9.6; 11.7
59.6; 7.850; -2.0; 3.6; 5.3; -2.0; 7.7; 11.5; 2.7; 4.5; 5.5; 2.7; 9.5; 11.7
59.8; 7.872; -2.4; 3.5; 5.4; -2.4; 7.5; 11.5; 3.1; 4.5; 5.5; 3.1; 9.3; 11.6
60.0; 7.895; -2.6; 3.5; 5.5; -2.6; 7.2; 11.4; 3.3; 4.4; 5.6; 3.3; 9.0; 11.5
60.2; 7.918; -2.9; 3.4; 5.6; -2.9; 6.9; 11.3; 3.6; 4.3; 5.7; 3.6; 8.6; 11.4
60.4; 7.940; -3.2; 3.4; 5.7; -3.2; 6.6; 11.2; 3.9; 4.3; 5.8; 3.9; 8.2; 11.3
60.6; 7.963; -3.5; 3.3; 5.8; -3.5; 6.2; 11.1; 4.1; 4.1; 5.9; 4.1; 7.7; 11.2
60.8; 7.986; -3.8; 3.2; 6.0; -3.8; 5.9; 11.0; 4.4; 4.0; 6.0; 4.4; 7.3; 11.1
61.0; 8.009; -4.0; 3.2; 6.0; -4.0; 5.7; 10.9; 4.6; 3.9; 6.1; 4.6; 7.0; 11.0
61.2; 8.031; -4.2; 3.2; 6.1; -4.2; 5.6; 10.8; 4.7; 3.9; 6.2; 4.7; 6.7; 10.9
61.4; 8.054; -4.2; 3.2; 6.1; -4.2; 5.5; 10.8; 4.7; 3.8; 6.2; 4.7; 6.6; 10.9
61.6; 8.077; -4.2; 3.2; 6.1; -4.2; 5.6; 10.8; 4.7; 3.8; 6.2; 4.7; 6.6; 10.9
61.8; 8.100; -4.1; 3.2; 6.1; -4.1; 5.8; 10.9; 4.6; 3.9; 6.2; 4.6; 6.8; 10.9
62.0; 8.122; -3.7; 3.3; 6.0; -3.7; 6.0; 10.9; 4.3; 3.9; 6.1; 4.3; 7.0; 11.0
62.2; 8.145; -2.3; 3.4; 5.9; -2.3; 6.3; 11.1; 2.8; 4.0; 6.0; 2.8; 7.4; 11.1
62.4; 8.168; -0.6; 3.4; 5.7; -0.6; 6.7; 11.2; 1.2; 4.1; 5.8; 1.2; 7.8; 11.3
62.6; 8.191; -0.3; 3.5; 5.6; -0.3; 7.1; 11.3; 0.9; 4.2; 5.7; 0.9; 8.3; 11.4
62.8; 8.214; -0.2; 3.6; 5.5; -0.2; 7.5; 11.4; 0.9; 4.3; 5.6; 0.9; 8.8; 11.6
63.0; 8.237; -0.2; 3.7; 5.3; -0.2; 8.0; 11.6; 0.9; 4.4; 5.5; 0.9; 9.3; 11.7
63.2; 8.260; -0.2; 3.7; 5.2; -0.2; 8.3; 11.7; 0.9; 4.5; 5.3; 0.9; 9.8; 11.8
63.4; 8.282; -0.2; 3.8; 5.1; -0.2; 8.7; 11.8; 1.0; 4.5; 5.2; 1.0; 10.2; 11.9
63.6; 8.305; -0.2; 3.8; 5.0; -0.2; 8.9; 11.9; 1.0; 4.6; 5.2; 1.0; 10.6; 12.0
63.8; 8.328; -0.2; 3.8; 4.9; -0.2; 9.2; 11.9; 1.1; 4.6; 5.1; 1.1; 10.9; 12.1
64.0; 8.351; -0.3; 3.8; 4.8; -0.3; 9.3; 12.0; 1.2; 4.7; 5.0; 1.2; 11.1; 12.2
64.2; 8.374; -0.4; 3.8; 4.8; -0.4; 9.5; 12.0; 1.3; 4.7; 5.0; 1.3; 11.4; 12.2
64.4; 8.397; -0.4; 3.8; 4.8; -0.4; 9.6; 12.0; 1.4; 4.7; 5.0; 1.4; 11.5; 12.3
64.6; 8.420; -0.4; 3.8; 4.7; -0.4; 9.7; 12.1; 1.4; 4.7; 4.9; 1.4; 11.6; 12.3
64.8; 8.443; -0.3; 3.8; 4.7; -0.3; 9.7; 12.1; 1.3; 4.7; 4.9; 1.3; 11.7; 12.3
65.0; 8.466; -0.2; 3.8; 4.7; -0.2; 9.7; 12.1; 1.3; 4.7; 4.9; 1.3; 11.8; 12.3
65.2; 8.488; -0.2; 3.8; 4.7; -0.2; 9.8; 12.1; 1.2; 4.8; 4.9; 1.2; 11.9; 12.3
65.4; 8.511; -0.1; 3.8; 4.7; -0.1; 9.8; 12.1; 1.2; 4.8; 4.9; 1.2; 11.9; 12.4
65.6; 8.534; -0.1; 3.8; 4.7; -0.1; 9.8; 12.1; 1.2; 4.8; 4.9; 1.2; 11.9; 12.4
65.8; 8.557; -0.1; 3.8; 4.7; -0.1; 9.8; 12.1; 1.2; 4.8; 4.9; 1.2; 11.9; 12.4
66.0; 8.580; -0.1; 3.8; 4.7; -0.1; 9.8; 12.1; 1.2; 4.8; 4.9; 1.2; 11.9; 12.4
66.2; 8.603; -0.1; 3.8; 4.7; -0.1; 9.8; 12.1; 1.2; 4.8; 4.9; 1.2; 11.9; 12.4
66.4; 8.626; -0.1; 3.8; 4.7; -0.1; 9.8; 12.1; 1.2; 4.8; 4.9; 1.2; 11.9; 12.4
66.6; 8.648; -0.1; 3.8; 4.7; -0.1; 9.8; 12.1; 1.2; 4.8; 4.9; 1.2; 11.9; 12.4
66.8; 8.671; -0.1; 3.8; 4.7; -0.1; 9.8; 12.1; 1.2; 4.8; 4.9; 1.2; 11.9; 12.4
67.0; 8.694; -0.1; 3.8; 4.7; -0.1; 9.8; 12.1; 1.2; 4.8; 4.9; 1.2; 11.9; 12.4
67.2; 8.717; -0.1; 3.8; 4.7; -0.1; 9.8; 12.1; 1.2; 4.8; 4.9; 1.2; 11.9; 12.4
67.4; 8.739; -0.1; 3.8; 4.7; -0.1; 9.8; 12.1; 1.2; 4.8; 4.9; 1.2; 11.9; 12.4
67.6; 8.762; -0.1; 3.8; 4.7; -0.1; 9.8; 12.1; 1.2; 4.8; 4.9; 1.2; 11.9; 12.4
67.8; 8.785; -0.1; 3.8; 4.7; -0.1; 9.8; 12.1; 1.2; 4.8; 4.9; 1.2; 11.9; 12.4
68.0; 8.807; -0.1; 3.8; 4.7; -0.1; 9.8; 12.1; 1.2; 4.8; 4.9; 1.2; 11.9; 12.4
68.2; 8.830; -0.1; 3.8; 4.7; -0.1; 9.8; 12.1; 1.2; 4.8; 4.9; 1.2; 11.9; 12.4
68.4; 8.852; -0.1; 3.8; 4.7; -0.1; 9.8; 12.1; 1.2; 4.8; 4.9; 1.2; 11.9; 12.4
68.6; 8.875; -0.1; 3.8; 4.7; -0.1; 9.8; 12.1; 1.2; 4.8; 4.9; 1.2; 11.9; 12.4
68.8; 8.897; -0.1; 3.8; 4.7; -0.1; 9.8; 12.1; 1.2; 4.8; 4.9; 1.2; 11.9; 12.4
69.0; 8.920; -0.1; 3.8; 4.7; -0.1; 9.8; 12.1; 1.2; 4.8; 4.9; 1.2; 11.9; 12.4
69.2; 8.942; -0.1; 3.8; 4.7; -0.1; 9.8; 12.1; 1.2; 4.8; 4.9; 1.2; 11.9; 12.4
69.4; 8.965; -0.1; 3.8; 4.7; -0.1; 9.8; 12.1; 1.2; 4.8; 4.9; 1.2; 11.9; 12.4
69.6; 8.987; -0.1; 3.8; 4.7; -0.1; 9.8; 12.1; 1.2; 4.8; 4.9; 1.2; 11.9; 12.4
69.8; 9.009; -0.1; 3.8; 4.7; -0.1; 9.8; 12.1; 1.2; 4.8; 4.9; 1.2; 11.9; 12.4
70.0; 9.031; -0.1; 3.8; 4.7; -0.1; 9.8; 12.1; 1.2; 4.8; 4.9; 1.2; 11.9; 12.4
70.2; 9.053; -0.1; 3.8; 4.7; -0.1; 9.8; 12.1; 1.2; 4.8; 4.9; 1.2; 11.9; 12.4
70.4; 9.075; -0.1; 3.8; 4.7; -0.1; 9.8; 12.1; 1.2; 4.8; 4.9; 1.2; 11.9; 12.4
70.6; 9.097; -0.1; 3.8; 4.7; -0.1; 9.8; 12.1; 1.2; 4.8; 4.9; 1.2; 11.9; 12.4
70.8; 9.119; -0.1; 3.8; 4.7; -0.1; 9.8; 12.1; 1.2; 4.8; 4.9; 1.2; 11.9; 12.4
71.0; 9.141; -0.1; 3.8; 4.7; -0.1; 9.8; 12.1; 1.2; 4.8; 4.9; 1.2; 11.9; 12.4
71.2; 9.163; -0.1; 3.8; 4.7; -0.1; 9.8; 12.1; 1.2; 4.8; 4.9; 1.2; 11.9; 12.4
71.4; 9.185; -0.1; 3.8; 4.7; -0.1; 9.8; 12.1; 1.2; 4.8; 4.9; 1.2; 11.9; 12.4
71.6; 9.207; -0.1; 3.8; 4.7; -0.1; 9.8; 12.1; 1.2; 4.8; 4.9; 1.2; 11.9; 12.4
71.8; 9.228; -0.1; 3.8; 4.7; -0.1; 9.8; 12.1; 1.2; 4.8; 4.9; 1.2; 11.9; 12.4
72.0; 9.250; -0.1; 3.8; 4.7; -0.1; 9.8; 12.1; 1.2; 4.8; 4.9; 1.2; 11.9; 12.4
72.2; 9.272; -0.1; 3.8; 4.7; -0.1; 9.8; 12.1; 1.2; 4.8; 4.9; 1.2; 11.9; 12.4
72.4; 9.294; -0.1; 3.8; 4.7; -0.1; 9.8; 12.1; 1.2; 4.8; 4.9; 1.2; 11.9; 12.4
72.6; 9.316; -0.1; 3.8; 4.7; -0.1; 9.8; 12.1; 1.2; 4.8; 4.9; 1.2; 11.9; 12.4
72.8; 9.338; -0.1; 3.8; 4.7; -0.1; 9.8; 12.1; 1.2; 4.8; 4.9; 1.2; 11.9; 12.4
73.0; 9.360; -0.1; 3.8; 4.7; -0.1; 9.8; 12.1; 1.2; 4.8; 4.9; 1.2; 11.9; 12.4
73.2; 9.382; -0.1; 3.8; 4.7; -0.1; 9.8; 12.1; 1.2; 4.8; 4.9; 1.2; 11.9; 12.4
73.4; 9.404; -0.1; 3.8; 4.7; -0.1; 9.8; 12.1; 1.2; 4.8; 4.9; 1.2; 11.9; 12.4
73.6; 9.426; -0.1; 3.8; 4.7; -0.1; 9.8; 12.1; 1.2; 4.8; 4.9; 1.2; 11.9; 12.4
73.8; 9.449; -0.1; 3.8; 4.7; -0.1; 9.8; 12.1; 1.2; 4.8; 4.9; 1.2; 11.9; 12.4
74.0; 9.471; -0.1; 3.8; 4.7; -0.1; 9.8; 12.1; 1.2; 4.8; 4.9; 1.2; 11.9; 12.4
74.2; 9.494; -0.1; 3.8; 4.7; -0.1; 9.8; 12.1; 1.2; 4.8; 4.9; 1.2; 11.9; 12.4
74.4; 9.516; -0.1; 3.8; 4.7; -0.1; 9.8; 12.1; 1.2; 4.8; 4.9; 1.2; 11.9; 12.4
74.6; 9.539; -0.1; 3.8; 4.7; -0.1; 9.8; 12.1; 1.2; 4.8; 4.9; 1.2; 11.9; 12.4
74.8; 9.562; -0.1; 3.8; 4.7; -0.1; 9.8; 12.1; 1.2; 4.8; 4.9; 1.2; 11.9; 12.4
75.0; 9.585; -0.1; 3.8; 4.7; -0.1; 9.8; 12.1; 1.2; 4.8; 4.9; 1.2; 11.9; 12.4
75.2; 9.608; -0.1; 3.8; 4.7; -0.1; 9.8; 12.1; 1.2; 4.8; 4.9; 1.2; 11.9; 12.4
75.4; 9.630; -0.1; 3.8; 4.7; -0.1; 9.8; 12.1; 1.2; 4.8; 4.9; 1.2; 11.9; 12.4
75.6; 9.653; -0.1; 3.8; 4.7; -0.1; 9.8; 12.1; 1.2; 4.8; 4.9; 1.2; 11.9; 12.4
75.8; 9.676; -0.1; 3.8; 4.7; -0.1; 9.8; 12.1; 1.2; 4.8; 4.9; 1.2; 11.9; 12.4
76.0; 9.699; -0.1; 3.8; 4.7; -0.1; 9.8; 12.1; 1.2; 4.8; 4.9; 1.2; 11.9; 12.4
76.2; 9.722; -0.1; 3.8; 4.7; -0.1; 9.8; 12.1; 1.2; 4.8; 4.9; 1.2; 11.9; 12.4
76.4; 9.745; -0.1; 3.8; 4.7; -0.1; 9.8; 12.1; 1.2; 4.8; 4.9; 1.2; 11.9; 12.4
76.6; 9.768; -0.1; 3.8; 4.7; -0.1; 9.7; 12.1; 1.2; 4.8; 4.9; 1.2; 11.9; 12.3
76.8; 9.791; -0.1; 3.8; 4.7; -0.1; 9.6; 12.1; 1.2; 4.8; 4.9; 1.2; 11.9; 12.3
77.0; 9.814; -0.2; 3.7; 4.7; -0.2; 9.4; 12.1; 1.3; 4.8; 5.0; 1.3; 11.8; 12.3
77.2; 9.838; -0.4; 3.7; 4.8; -0.4; 9.2; 12.0; 1.4; 4.8; 5.0; 1.4; 11.6; 12.2
77.4; 9.861; -0.6; 3.6; 4.9; -0.6; 8.8; 11.9; 1.6; 4.8; 5.1; 1.6; 11.3; 12.1
77.6; 9.884; -1.0; 3.6; 5.0; -1.0; 8.3; 11.8; 1.9; 4.8; 5.2; 1.9; 10.8; 12.0
77.8; 9.907; -1.6; 3.5; 5.3; -1.6; 7.5; 11.6; 2.4; 4.7; 5.4; 2.4; 10.0; 11.7
78.0; 9.930; -2.4; 3.3; 5.6; -2.4; 6.5; 11.3; 3.1; 4.5; 5.7; 3.1; 8.8; 11.4
78.2; 9.953; -3.4; 3.0; 6.0; -3.4; 5.4; 10.9; 3.9; 4.1; 6.1; 3.9; 7.3; 11.0
78.4; 9.976; -4.3; 2.6; 6.5; -4.3; 4.2; 10.5; 4.8; 3.6; 6.6; 4.8; 5.7; 10.5
78.6; 9.999; -5.0; 2.2; 7.0; -5.0; 3.1; 10.0; 5.4; 3.0; 7.0; 5.4; 4.2; 10.1
78.8; 10.022; -5.6; 1.7; 7.3; -5.6; 2.3; 9.7; 5.9; 2.3; 7.4; 5.9; 3.1; 9.7
79.0; 10.046; -5.9; 1.3; 7.7; -5.9; 1.6; 9.4; 6.2; 1.8; 7.7; 6.2; 2.2; 9.4
79.2; 10.069; -6.0; 1.0; 7.9; -6.0; 1.1; 9.1; 6.3; 1.3; 7.9; 6.3; 1.5; 9.1
79.4; 10.092; -6.1; 0.7; 8.1; -6.1; 0.8; 8.9; 6.4; 1.0; 8.1; 6.4; 1.1; 8.9
79.6; 10.115; -6.1; 0.5; 8.2; -6.1; 0.5; 8.8; 6.4; 0.7; 8.2; 6.4; 0.7; 8.8
79.8; 10.138; -6.1; 0.3; 8.3; -6.1; 0.3; 8.7; 6.4; 0.4; 8.3; 6.4; 0.4; 8.7
80.0; 10.161; -6.1; 0.1; 8.4; -6.1; 0.1; 8.6; 6.4; 0.2; 8.4; 6.4; 0.2; 8.6
80.2; 10.185; -6.1; -0.0; 8.5; -6.1; -0.0; 8.5; 6.4; 0.0; 8.5; 6.4; 0.0; 8.5
80.4; 10.208; -6.1; -0.1; 8.6; -6.1; -0.1; 8.4; 6.4; -0.1; 8.6; 6.4; -0.1; 8.4
80.6; 10.231; -6.1; -0.3; 8.6; -6.1; -0.2; 8.4; 6.4; -0.3; 8.6; 6.4; -0.2; 8.4
80.8; 10.254; -6.1; -0.4; 8.7; -6.1; -0.3; 8.3; 6.4; -0.4; 8.7; 6.4; -0.4; 8.3
81.0; 10.278; -6.1; -0.5; 8.7; -6.1; -0.4; 8.3; 6.3; -0.5; 8.7; 6.3; -0.5; 8.3
81.2; 10.301; -6.1; -0.5; 8.8; -6.1; -0.5; 8.2; 6.3; -0.6; 8.8; 6.3; -0.6; 8.2
81.4; 10.324; -6.0; -0.6; 8.8; -6.0; -0.6; 8.2; 6.3; -0.7; 8.8; 6.3; -0.7; 8.2
81.6; 10.348; -6.0; -0.7; 8.9; -6.0; -0.7; 8.2; 6.3; -0.8; 8.9; 6.3; -0.8; 8.2
81.8; 10.371; -6.0; -0.8; 8.9; -6.0; -0.7; 8.1; 6.3; -0.9; 8.9; 6.3; -0.8; 8.1
82.0; 10.395; -5.9; -0.9; 8.9; -5.9; -0.8; 8.1; 6.2; -1.0; 8.9; 6.2; -0.9; 8.1
82.2; 10.418; -5.9; -0.9; 9.0; -5.9; -0.8; 8.0; 6.1; -1.1; 9.0; 6.1; -1.0; 8.0
82.4; 10.442; -5.8; -1.0; 9.0; -5.8; -0.9; 8.0; 6.1; -1.2; 9.0; 6.1; -1.1; 8.0
82.6; 10.465; -5.7; -1.1; 9.0; -5.7; -0.9; 8.0; 6.0; -1.3; 9.0; 6.0; -1.1; 8.0
82.8; 10.489; -5.6; -1.1; 9.1; -5.6; -1.0; 8.0; 5.9; -1.3; 9.1; 5.9; -1.2; 8.0
83.0; 10.513; -5.5; -1.2; 9.1; -5.5; -1.0; 7.9; 5.7; -1.4; 9.1; 5.7; -1.2; 7.9
83.2; 10.537; -5.3; -1.2; 9.1; -5.3; -1.0; 7.9; 5.6; -1.4; 9.1; 5.6; -1.2; 7.9
83.4; 10.560; -5.2; -1.2; 9.1; -5.2; -1.0; 7.9; 5.5; -1.4; 9.1; 5.5; -1.2; 7.9
83.6; 10.584; -5.2; -1.1; 9.1; -5.2; -1.0; 7.9; 5.5; -1.4; 9.1; 5.5; -1.2; 7.9
83.8; 10.608; -5.2; -1.1; 9.1; -5.2; -0.9; 8.0; 5.5; -1.3; 9.1; 5.5; -1.2; 8.0
84.0; 10.632; -5.3; -1.0; 9.0; -5.3; -0.9; 8.0; 5.6; -1.2; 9.0; 5.6; -1.1; 8.0
84.2; 10.656; -5.6; -0.8; 9.0; -5.6; -0.8; 8.1; 5.8; -1.1; 9.0; 5.8; -1.0; 8.1
84.4; 10.680; -5.8; -0.7; 8.9; -5.8; -0.6; 8.1; 6.1; -0.9; 8.9; 6.1; -0.8; 8.1
84.6; 10.704; -6.1; -0.5; 8.8; -6.1; -0.5; 8.2; 6.4; -0.7; 8.8; 6.4; -0.6; 8.2
84.8; 10.728; -6.1; -0.3; 8.7; -6.1; -0.3; 8.3; 6.4; -0.4; 8.7; 6.4; -0.4; 8.3
85.0; 10.752; -6.1; -0.1; 9.8; -6.1; -0.1; 9.7; -2.0; -0.2; 7.3; -2.0; -0.2; 7.2
85.2; 10.777; -11.1; -0.0; 11.1; -11.1; -0.0; 11.1; -5.9; -0.1; 5.9; -5.9; -0.1; 5.9
85.4; 10.802; -11.1; 0.0; 11.1; -11.1; 0.0; 11.1; -5.9; -0.0; 5.9; -5.9; -0.0; 5.9
85.6; 10.829; -11.1; -0.1; 11.1; -11.1; -0.1; 11.1; -5.9; -0.0; 5.9; -5.9; -0.0; 5.9
85.8; 10.856; -10.9; -0.4; 11.2; -10.9; -0.3; 10.9; -5.8; -0.3; 6.1; -5.8; -0.3; 5.8
86.0; 10.884; -10.6; -0.9; 11.4; -10.6; -0.8; 10.6; -5.6; -0.8; 6.4; -5.6; -0.7; 5.6
86.2; 10.913; -10.0; -1.7; 11.6; -10.0; -1.5; 10.1; -5.2; -1.8; 6.9; -5.2; -1.4; 5.4
86.4; 10.943; -9.1; -2.8; 11.9; -9.1; -2.2; 9.4; -4.7; -3.1; 7.6; -4.7; -2.1; 5.2
86.6; 10.974; -8.1; -4.1; 12.1; -8.1; -2.9; 8.6; -4.0; -4.7; 8.4; -4.0; -2.8; 4.9
86.8; 11.006; -7.1; -5.5; 12.3; -7.1; -3.4; 7.9; -3.3; -6.4; 9.2; -3.3; -3.3; 4.7
87.0; 11.039; -6.0; -6.9; 12.5; -6.0; -3.8; 7.2; -2.6; -7.9; 9.9; -2.6; -3.7; 4.5
87.2; 11.073; -5.2; -8.0; 12.6; -5.2; -4.0; 6.6; -1.9; -9.2; 10.5; -1.9; -3.9; 4.4
87.4; 11.107; -4.5; -8.8; 12.7; -4.5; -4.1; 6.1; -1.3; -10.2; 10.9; -1.3; -4.1; 4.3
87.6; 11.143; -4.2; -9.2; 12.7; -4.2; -4.1; 5.9; -0.9; -10.8; 11.2; -0.9; -4.2; 4.3
87.8; 11.180; -4.0; -9.3; 12.7; -4.0; -4.1; 5.7; -0.6; -11.1; 11.3; -0.6; -4.3; 4.3
88.0; 11.217; -4.0; -9.3; 12.7; -4.0; -4.1; 5.7; -0.4; -11.2; 11.3; -0.4; -4.3; 4.3
88.2; 11.257; -4.0; -9.2; 12.7; -4.0; -4.0; 5.7; -0.3; -11.3; 11.4; -0.3; -4.3; 4.3
88.4; 11.298; -4.0; -9.2; 12.7; -4.0; -4.0; 5.7; -0.2; -11.3; 11.4; -0.2; -4.4; 4.4
88.6; 11.342; -4.1; -9.1; 12.7; -4.1; -4.0; 5.7; -0.2; -11.3; 11.3; -0.2; -4.4; 4.4
88.8; 11.389; -4.2; -9.0; 12.6; -4.2; -3.9; 5.7; -0.2; -11.2; 11.3; -0.2; -4.4; 4.4
89.0; 11.439; -4.3; -8.9; 12.6; -4.3; -3.9; 5.8; -0.4; -11.1; 11.2; -0.4; -4.4; 4.4
89.2; 11.490; -4.6; -8.7; 12.6; -4.6; -3.8; 6.0; -0.6; -10.9; 11.1; -0.6; -4.4; 4.4
89.4; 11.539; -4.9; -8.5; 12.6; -4.9; -3.8; 6.1; -0.8; -10.5; 10.9; -0.8; -4.3; 4.4
89.6; 11.580; -5.2; -8.3; 12.6; -5.2; -3.7; 6.3; -1.1; -10.1; 10.7; -1.1; -4.3; 4.4
89.8; 11.608; -5.4; -8.3; 12.6; -5.4; -3.7; 6.5; -1.4; -9.7; 10.5; -1.4; -4.2; 4.4
90.0; 11.625; -5.5; -8.3; 12.6; -5.5; -3.7; 6.6; -1.6; -9.5; 10.4; -1.6; -4.1; 4.4
90.2; 11.639; -5.6; -8.2; 12.6; -5.6; -3.6; 6.7; -1.7; -9.2; 10.3; -1.7; -4.1; 4.4
90.4; 11.660; -5.9; -8.0; 12.5; -5.9; -3.5; 6.9; -1.9; -8.8; 10.1; -1.9; -4.0; 4.5
90.6; 11.692; -6.3; -7.7; 12.5; -6.3; -3.3; 7.1; -2.2; -8.3; 9.9; -2.2; -4.0; 4.5
90.8; 11.737; -6.8; -7.5; 12.4; -6.8; -3.0; 7.4; -2.3; -7.5; 9.6; -2.3; -3.9; 4.7
91.0; 11.794; -5.1; -6.9; 12.0; -5.1; -2.2; 7.6; -3.4; -6.5; 9.4; -3.4; -3.7; 5.0
91.2; 11.858; -0.1; -6.1; 10.6; -0.1; -1.7; 6.5; -0.1; -5.6; 10.6; -0.1; -3.7; 6.4
91.4; 11.925; -0.1; -6.2; 10.5; -0.1; -1.8; 6.3; 0.9; -5.5; 10.7; 0.9; -3.6; 6.5
91.6; 11.990; -0.1; -6.5; 9.9; -0.1; -2.3; 5.4; 6.0; -5.8; 11.6; 6.0; -3.8; 7.2
91.8; 12.052; -0.1; -6.6; 10.0; -0.1; -2.5; 5.3; 5.8; -6.2; 11.7; 5.8; -4.0; 7.0
92.0; 12.111; -0.1; -6.8; 10.2; -0.1; -2.6; 5.2; 5.5; -6.6; 11.8; 5.5; -4.1; 6.9
92.2; 12.169; -0.1; -7.0; 10.3; -0.1; -2.7; 5.2; 5.2; -6.9; 11.8; 5.2; -4.2; 6.7
92.4; 12.225; -0.1; -7.2; 10.4; -0.1; -2.9; 5.1; 5.0; -7.3; 11.9; 5.0; -4.3; 6.6
92.6; 12.279; -0.1; -7.4; 10.5; -0.1; -3.0; 5.1; 4.8; -7.6; 11.9; 4.8; -4.4; 6.5
92.8; 12.332; -0.1; -7.6; 10.7; -0.1; -3.0; 5.0; 4.6; -7.9; 12.0; 4.6; -4.4; 6.4
93.0; 12.384; -0.1; -7.7; 10.8; -0.1; -3.1; 5.0; 4.4; -8.2; 12.0; 4.4; -4.5; 6.3
93.2; 12.434; -0.1; -7.9; 10.9; -0.1; -3.2; 5.0; 4.2; -8.5; 12.1; 4.2; -4.5; 6.2
93.4; 12.483; -0.1; -8.1; 11.0; -0.1; -3.2; 4.9; 4.0; -8.7; 12.1; 4.0; -4.6; 6.1
93.6; 12.532; -0.1; -8.2; 11.0; -0.1; -3.3; 4.9; 3.8; -9.0; 12.1; 3.8; -4.6; 6.0
93.8; 12.579; -0.1; -8.4; 11.1; -0.1; -3.3; 4.9; 3.6; -9.2; 12.2; 3.6; -4.6; 5.9
94.0; 12.625; -0.1; -8.5; 11.2; -0.1; -3.4; 4.8; 3.5; -9.4; 12.2; 3.5; -4.7; 5.8
94.2; 12.670; -0.1; -8.6; 11.3; -0.1; -3.4; 4.8; 3.3; -9.6; 12.2; 3.3; -4.7; 5.8
94.4; 12.714; -0.1; -8.7; 11.3; -0.1; -3.4; 4.8; 3.3; -9.7; 12.2; 3.3; -4.7; 5.7
94.6; 12.758; -0.1; -8.5; 11.3; -0.1; -3.4; 4.8; 3.3; -9.6; 12.2; 3.3; -4.7; 5.8
94.8; 12.801; -0.1; -8.2; 11.1; -0.1; -3.4; 4.9; 3.6; -9.3; 12.2; 3.6; -4.7; 5.9
95.0; 12.842; -0.1; -7.8; 11.0; -0.1; -3.3; 4.9; 4.0; -8.8; 12.1; 4.0; -4.6; 6.1
95.2; 12.883; -0.1; -7.3; 10.7; -0.1; -3.2; 5.0; 4.4; -8.3; 12.0; 4.4; -4.5; 6.3
95.4; 12.923; -0.1; -6.8; 10.5; -0.1; -3.2; 5.1; 4.8; -7.7; 11.9; 4.8; -4.3; 6.5
95.6; 12.963; -0.1; -6.3; 10.3; -0.1; -3.1; 5.2; 5.3; -7.2; 11.8; 5.3; -4.2; 6.7
95.8; 13.001; -0.1; -5.8; 10.1; -0.1; -3.0; 5.3; 5.6; -6.6; 11.7; 5.6; -4.0; 6.9
96.0; 13.038; -0.1; -5.4; 9.9; -0.1; -2.8; 5.4; 6.0; -6.2; 11.6; 6.0; -3.9; 7.1
96.2; 13.074; -0.1; -5.0; 9.7; -0.1; -2.7; 5.5; 6.3; -5.7; 11.5; 6.3; -3.7; 7.3
96.4; 13.110; -0.1; -4.6; 9.5; -0.1; -2.6; 5.6; 6.6; -5.3; 11.5; 6.6; -3.6; 7.5
96.6; 13.144; -0.1; -4.3; 9.4; -0.1; -2.5; 5.6; 6.9; -4.9; 11.4; 6.9; -3.4; 7.7
96.8; 13.178; -0.1; -4.0; 9.2; -0.1; -2.4; 5.7; 7.1; -4.6; 11.3; 7.1; -3.2; 7.8
97.0; 13.211; -0.1; -3.7; 9.1; -0.1; -2.3; 5.8; 7.3; -4.3; 11.2; 7.3; -3.1; 7.9
97.2; 13.243; -0.1; -3.4; 9.0; -0.1; -2.2; 5.9; 7.5; -4.0; 11.2; 7.5; -2.9; 8.1
97.4; 13.274; -0.1; -3.2; 8.9; -0.1; -2.1; 5.9; 7.7; -3.7; 11.1; 7.7; -2.8; 8.2
97.6; 13.305; -0.1; -3.0; 8.8; -0.1; -2.0; 6.0; 7.8; -3.5; 11.0; 7.8; -2.7; 8.3
97.8; 13.335; -0.1; -2.8; 8.7; -0.1; -2.0; 6.0; 7.9; -3.3; 11.0; 7.9; -2.6; 8.4
98.0; 13.364; -0.1; -2.7; 8.6; -0.1; -1.9; 6.1; 8.1; -3.2; 10.9; 8.1; -2.5; 8.4
98.2; 13.392; -0.1; -2.6; 8.5; -0.1; -1.8; 6.1; 8.2; -3.0; 10.9; 8.2; -2.4; 8.5
98.4; 13.420; -0.1; -2.4; 8.5; -0.1; -1.8; 6.2; 8.2; -2.9; 10.9; 8.2; -2.3; 8.6
98.6; 13.448; -0.1; -2.3; 8.4; -0.1; -1.7; 6.2; 8.3; -2.8; 10.8; 8.3; -2.2; 8.6
98.8; 13.474; -0.1; -2.2; 8.3; -0.1; -1.6; 6.2; 8.4; -2.6; 10.8; 8.4; -2.1; 8.7
99.0; 13.500; -0.1; -2.1; 8.3; -0.1; -1.6; 6.3; 8.5; -2.5; 10.8; 8.5; -2.0; 8.7
99.2; 13.526; -0.1; -1.9; 8.2; -0.1; -1.5; 6.3; 8.6; -2.3; 10.7; 8.6; -1.9; 8.8
99.4; 13.551; -0.1; -1.7; 8.1; -0.1; -1.3; 6.4; 8.8; -2.1; 10.6; 8.8; -1.7; 8.9
99.6; 13.575; -0.1; -1.4; 7.9; -0.1; -1.1; 6.5; 9.0; -1.8; 10.5; 9.0; -1.5; 9.1
99.8; 13.599; -0.1; -1.1; 7.7; -0.1; -0.9; 6.6; 9.2; -1.4; 10.4; 9.2; -1.2; 9.3
100.0; 13.623; -0.1; -0.6; 7.5; -0.1; -0.6; 6.8; 9.5; -0.9; 10.3; 9.5; -0.9; 9.5
100.2; 13.646; -0.1; -0.2; 7.2; -0.1; -0.2; 6.9; 9.8; -0.4; 10.1; 9.8; -0.4; 9.8
100.4; 13.668; -1.6; 0.4; 7.2; -1.6; 0.4; 7.5; 9.2; 0.2; 9.5; 9.2; 0.2; 9.8
100.6; 13.691; -6.6; 1.1; 8.0; -6.6; 1.2; 9.0; 6.8; 0.9; 8.0; 6.8; 1.0; 9.0
100.8; 13.714; -3.2; 1.7; 7.6; -3.2; 2.1; 9.4; 3.5; 1.6; 7.6; 3.5; 2.0; 9.4
101.0; 13.736; -0.3; 2.2; 7.2; -0.3; 3.1; 9.8; 0.7; 2.4; 7.2; 0.7; 3.2; 9.9
101.2; 13.759; -0.2; 2.7; 6.7; -0.2; 4.1; 10.2; 0.6; 3.0; 6.8; 0.6; 4.5; 10.3
101.4; 13.782; -0.1; 3.0; 6.4; -0.1; 5.1; 10.6; 0.6; 3.5; 6.4; 0.6; 5.7; 10.7
101.6; 13.806; -0.1; 3.3; 6.0; -0.1; 6.0; 10.9; 0.6; 3.8; 6.1; 0.6; 6.8; 11.0
101.8; 13.829; -0.1; 3.4; 5.8; -0.1; 6.6; 11.2; 0.7; 4.1; 5.9; 0.7; 7.7; 11.2
102.0; 13.853; -0.1; 3.5; 5.6; -0.1; 7.1; 11.3; 0.7; 4.2; 5.7; 0.7; 8.4; 11.4
102.2; 13.877; -0.1; 3.5; 5.5; -0.1; 7.3; 11.4; 0.7; 4.3; 5.6; 0.7; 8.8; 11.5
102.4; 13.902; -5.2; 4.2; 6.6; -5.2; 7.9; 12.7; -2.2; 3.8; 4.3; -2.2; 8.9; 10.4
102.6; 13.927; -4.8; 4.1; 6.3; -4.8; 8.3; 12.7; -1.6; 4.0; 4.3; -1.6; 9.8; 10.7
102.8; 13.952; -4.4; 4.1; 6.1; -4.4; 8.6; 12.7; -1.2; 4.1; 4.3; -1.2; 10.4; 11.0
103.0; 13.978; -4.2; 4.1; 5.9; -4.2; 8.9; 12.8; -0.9; 4.2; 4.3; -0.9; 10.9; 11.2
103.2; 14.003; -4.0; 4.1; 5.7; -4.0; 9.0; 12.7; -0.6; 4.2; 4.3; -0.6; 11.1; 11.3
103.4; 14.028; -3.8; 4.1; 5.6; -3.8; 9.1; 12.7; -0.3; 4.3; 4.3; -0.3; 11.3; 11.4
103.6; 14.054; -3.8; 4.1; 5.6; -3.8; 9.2; 12.7; -0.2; 4.3; 4.3; -0.2; 11.4; 11.4
103.8; 14.078; -3.8; 4.1; 5.6; -3.8; 9.1; 12.7; -0.1; 4.3; 4.3; -0.1; 11.5; 11.5
104.0; 14.102; -3.8; 4.1; 5.6; -3.8; 9.0; 12.7; -0.2; 4.3; 4.3; -0.2; 11.4; 11.4
104.2; 14.124; -3.9; 4.1; 5.7; -3.9; 8.9; 12.7; -0.3; 4.3; 4.3; -0.3; 11.3; 11.4
104.4; 14.146; -4.0; 4.1; 5.7; -4.0; 8.7; 12.7; -0.4; 4.3; 4.3; -0.4; 11.3; 11.3
104.6; 14.167; -4.1; 4.0; 5.8; -4.1; 8.6; 12.7; -0.5; 4.3; 4.3; -0.5; 11.2; 11.3
104.8; 14.187; -4.2; 4.0; 5.8; -4.2; 8.5; 12.7; -0.6; 4.3; 4.3; -0.6; 11.1; 11.2
105.0; 14.208; -4.3; 4.0; 5.9; -4.3; 8.4; 12.7; -0.7; 4.2; 4.3; -0.7; 11.1; 11.2
105.2; 14.230; -4.3; 4.0; 5.9; -4.3; 8.3; 12.7; -0.8; 4.2; 4.3; -0.8; 11.0; 11.1
105.4; 14.253; -4.4; 4.0; 5.9; -4.4; 8.2; 12.7; -0.8; 4.2; 4.3; -0.8; 10.9; 11.1
105.6; 14.278; -4.4; 4.0; 6.0; -4.4; 8.1; 12.7; -0.9; 4.2; 4.3; -0.9; 10.9; 11.1
105.8; 14.304; -4.5; 4.0; 6.0; -4.5; 8.0; 12.7; -0.9; 4.2; 4.3; -0.9; 10.8; 11.0
106.0; 14.331; -4.5; 4.0; 6.0; -4.5; 8.0; 12.7; -1.0; 4.2; 4.3; -1.0; 10.8; 11.0
106.2; 14.360; -4.6; 4.0; 6.1; -4.6; 7.9; 12.7; -1.0; 4.2; 4.3; -1.0; 10.7; 11.0
106.4; 14.391; -4.6; 4.0; 6.1; -4.6; 7.8; 12.7; -1.1; 4.2; 4.3; -1.1; 10.6; 10.9
106.6; 14.422; -4.6; 4.0; 6.1; -4.6; 7.8; 12.7; -1.2; 4.1; 4.3; -1.2; 10.6; 10.9
106.8; 14.454; -4.7; 4.0; 6.1; -4.7; 7.7; 12.7; -1.2; 4.1; 4.3; -1.2; 10.5; 10.9
107.0; 14.488; -4.7; 4.0; 6.2; -4.7; 7.7; 12.7; -1.3; 4.1; 4.3; -1.3; 10.4; 10.9
107.2; 14.521; -4.7; 4.0; 6.2; -4.7; 7.6; 12.7; -1.4; 4.1; 4.3; -1.4; 10.4; 10.8
107.4; 14.555; -4.8; 4.0; 6.2; -4.8; 7.5; 12.7; -1.4; 4.1; 4.3; -1.4; 10.3; 10.8
107.6; 14.590; -4.8; 4.0; 6.3; -4.8; 7.5; 12.7; -1.5; 4.0; 4.3; -1.5; 10.1; 10.7
107.8; 14.625; -4.9; 4.1; 6.3; -4.9; 7.4; 12.7; -1.6; 4.0; 4.3; -1.6; 10.0; 10.7
108.0; 14.661; -4.9; 4.1; 6.4; -4.9; 7.3; 12.7; -1.8; 4.0; 4.3; -1.8; 9.8; 10.6
108.2; 14.698; -5.0; 4.1; 6.4; -5.0; 7.1; 12.7; -1.9; 3.9; 4.3; -1.9; 9.7; 10.6
108.4; 14.737; -5.0; 4.2; 6.5; -5.0; 7.0; 12.7; -2.0; 3.9; 4.4; -2.0; 9.4; 10.5
108.6; 14.777; -5.0; 4.2; 6.6; -5.0; 6.8; 12.6; -2.2; 3.8; 4.4; -2.2; 9.2; 10.4
108.8; 14.818; -2.8; 4.2; 6.1; -2.8; 7.0; 12.3; -1.9; 4.0; 4.7; -1.9; 9.5; 10.9
109.0; 14.861; -1.7; 4.1; 5.8; -1.7; 7.2; 12.1; -1.2; 4.2; 4.9; -1.2; 9.7; 11.2
109.2; 14.905; -1.0; 4.0; 5.6; -1.0; 7.3; 11.9; -0.7; 4.3; 5.1; -0.7; 9.8; 11.4
109.4; 14.950; -0.4; 4.0; 5.5; -0.4; 7.4; 11.8; -0.3; 4.4; 5.2; -0.3; 10.0; 11.6
109.6; 14.997; -0.1; 3.9; 5.3; -0.1; 7.5; 11.7; 0.2; 4.5; 5.3; 0.2; 10.2; 11.7
109.8; 15.044; -0.1; 3.8; 5.1; -0.1; 7.7; 11.7; 1.0; 4.6; 5.4; 1.0; 10.4; 11.9
110.0; 15.092; -0.1; 3.8; 5.0; -0.1; 7.9; 11.6; 1.6; 4.7; 5.4; 1.6; 10.6; 12.1
110.2; 15.139; -0.4; 3.7; 4.8; -0.4; 8.1; 11.6; 2.5; 4.8; 5.4; 2.5; 10.9; 12.2
110.4; 15.186; -0.2; 3.7; 4.7; -0.2; 8.4; 11.6; 2.4; 4.8; 5.4; 2.4; 11.2; 12.3
110.6; 15.231; -0.1; 3.6; 4.7; -0.1; 8.6; 11.7; 2.2; 4.8; 5.3; 2.2; 11.4; 12.3
110.8; 15.273; -0.1; 3.6; 4.7; -0.1; 8.8; 11.8; 2.0; 4.8; 5.2; 2.0; 11.6; 12.3
111.0; 15.312; -0.1; 3.6; 4.7; -0.1; 9.0; 11.9; 1.7; 4.8; 5.1; 1.7; 11.8; 12.3
111.2; 15.346; -0.1; 3.6; 4.7; -0.1; 9.2; 12.0; 1.4; 4.8; 5.0; 1.4; 12.0; 12.4
111.4; 15.376; -0.1; 3.6; 4.7; -0.1; 9.4; 12.1; 1.1; 4.8; 4.9; 1.1; 12.2; 12.3
111.6; 15.404; -0.1; 3.7; 4.7; -0.1; 9.5; 12.2; 0.7; 4.8; 4.9; 0.7; 12.3; 12.3
111.8; 15.433; -0.1; 3.6; 4.8; -0.1; 9.6; 12.2; 0.3; 4.8; 4.8; 0.3; 12.2; 12.3
112.0; 15.463; -0.1; 3.6; 4.8; -0.1; 9.6; 12.2; 0.2; 4.8; 4.8; 0.2; 12.2; 12.2
112.2; 15.496; -0.1; 3.6; 4.7; -0.1; 9.7; 12.1; 1.0; 4.8; 4.9; 1.0; 11.9; 12.3
112.4; 15.532; -0.1; 3.5; 4.7; -0.1; 9.5; 11.8; 2.0; 4.8; 5.2; 2.0; 11.1; 12.3
112.6; 15.570; -0.1; 3.4; 4.7; -0.1; 9.0; 11.5; 2.9; 4.8; 5.6; 2.9; 10.1; 12.3
112.8; 15.610; -0.1; 3.4; 4.8; -0.1; 8.6; 11.2; 3.4; 4.7; 5.8; 3.4; 9.5; 12.2
113.0; 15.651; -0.1; 3.3; 4.8; -0.1; 8.4; 11.1; 3.6; 4.7; 5.9; 3.6; 9.2; 12.2
113.2; 15.693; -0.1; 3.4; 4.8; -0.1; 8.4; 11.2; 3.6; 4.7; 5.9; 3.6; 9.3; 12.2
113.4; 15.736; -0.1; 3.4; 4.8; -0.1; 8.5; 11.2; 3.5; 4.7; 5.8; 3.5; 9.4; 12.2
113.6; 15.778; -0.1; 3.4; 4.8; -0.1; 8.6; 11.3; 3.4; 4.7; 5.8; 3.4; 9.5; 12.2
113.8; 15.821; -0.1; 3.4; 4.8; -0.1; 8.7; 11.3; 3.2; 4.7; 5.7; 3.2; 9.7; 12.2
114.0; 15.863; -0.1; 3.5; 4.8; -0.1; 8.8; 11.4; 3.1; 4.7; 5.7; 3.1; 9.9; 12.3
114.2; 15.905; -0.1; 3.5; 4.8; -0.1; 8.9; 11.4; 3.0; 4.7; 5.6; 3.0; 10.0; 12.3
114.4; 15.946; -0.1; 3.5; 4.7; -0.1; 9.0; 11.5; 2.9; 4.7; 5.5; 2.9; 10.2; 12.3
114.6; 15.988; -0.1; 3.5; 4.7; -0.1; 9.1; 11.5; 2.8; 4.7; 5.5; 2.8; 10.3; 12.3
114.8; 16.029; -0.1; 3.5; 4.7; -0.1; 9.0; 11.5; 2.8; 4.8; 5.5; 2.8; 10.2; 12.3
115.0; 16.070; -0.1; 3.5; 4.8; -0.1; 8.6; 11.3; 3.1; 4.7; 5.7; 3.1; 9.9; 12.2
115.2; 16.110; -0.1; 3.4; 4.9; -0.1; 8.0; 11.1; 3.7; 4.7; 5.9; 3.7; 9.2; 12.1
115.4; 16.150; -0.1; 3.3; 5.0; -0.1; 7.3; 10.8; 4.3; 4.5; 6.2; 4.3; 8.4; 12.0
115.6; 16.188; -0.1; 3.1; 5.1; -0.1; 6.6; 10.4; 5.0; 4.3; 6.6; 5.0; 7.5; 11.9
115.8; 16.226; -0.1; 3.0; 5.3; -0.1; 5.8; 10.1; 5.6; 4.1; 6.9; 5.6; 6.7; 11.7
116.0; 16.263; -0.1; 2.8; 5.4; -0.1; 5.2; 9.8; 6.1; 3.8; 7.2; 6.1; 5.9; 11.6
116.2; 16.299; -0.1; 2.6; 5.6; -0.1; 4.6; 9.5; 6.6; 3.5; 7.5; 6.6; 5.3; 11.4
116.4; 16.334; -0.1; 2.4; 5.7; -0.1; 4.0; 9.3; 7.0; 3.3; 7.8; 7.0; 4.7; 11.3
116.6; 16.368; -0.1; 2.3; 5.8; -0.1; 3.6; 9.0; 7.4; 3.0; 8.0; 7.4; 4.2; 11.2
116.8; 16.401; -0.1; 2.1; 5.9; -0.1; 3.2; 8.8; 7.7; 2.8; 8.2; 7.7; 3.7; 11.1
117.0; 16.433; -0.1; 2.0; 6.0; -0.1; 2.9; 8.7; 7.9; 2.6; 8.3; 7.9; 3.4; 11.0
117.2; 16.464; -0.1; 1.8; 6.1; -0.1; 2.6; 8.5; 8.1; 2.4; 8.5; 8.1; 3.1; 10.9
117.4; 16.494; -0.1; 1.7; 6.2; -0.1; 2.4; 8.4; 8.3; 2.3; 8.6; 8.3; 2.8; 10.9
117.6; 16.523; -0.1; 1.7; 6.2; -0.1; 2.2; 8.4; 8.4; 2.2; 8.7; 8.4; 2.7; 10.8
117.8; 16.551; -0.1; 1.6; 6.3; -0.1; 2.1; 8.3; 8.5; 2.1; 8.7; 8.5; 2.5; 10.8
118.0; 16.579; -0.1; 1.5; 6.3; -0.1; 2.0; 8.2; 8.5; 2.0; 8.8; 8.5; 2.4; 10.7
118.2; 16.606; -0.1; 1.5; 6.3; -0.1; 2.0; 8.2; 8.6; 2.0; 8.8; 8.6; 2.4; 10.7
118.4; 16.633; -0.1; 1.5; 6.3; -0.1; 2.0; 8.2; 8.6; 1.9; 8.8; 8.6; 2.4; 10.7
118.6; 16.660; -0.1; 1.5; 6.3; -0.1; 2.0; 8.2; 8.6; 2.0; 8.8; 8.6; 2.4; 10.7
118.8; 16.686; -0.1; 1.6; 6.3; -0.1; 2.1; 8.3; 8.5; 2.0; 8.7; 8.5; 2.5; 10.8
119.0; 16.712; -0.1; 1.7; 6.2; -0.1; 2.2; 8.3; 8.4; 2.1; 8.7; 8.4; 2.6; 10.8
119.2; 16.737; -0.1; 1.8; 6.2; -0.1; 2.4; 8.4; 8.3; 2.2; 8.6; 8.3; 2.8; 10.8
119.4; 16.762; -0.1; 1.9; 6.1; -0.1; 2.6; 8.5; 8.2; 2.3; 8.5; 8.2; 3.0; 10.9
119.6; 16.787; -0.1; 2.0; 6.1; -0.1; 2.8; 8.6; 8.0; 2.5; 8.4; 8.0; 3.2; 11.0
119.8; 16.812; -0.1; 2.1; 6.0; -0.1; 3.0; 8.8; 7.8; 2.6; 8.3; 7.8; 3.5; 11.0
120.0; 16.836; -0.1; 2.2; 5.9; -0.1; 3.3; 8.9; 7.6; 2.8; 8.1; 7.6; 3.7; 11.1
120.2; 16.860; -0.1; 2.2; 5.9; -0.1; 3.4; 9.0; 7.5; 2.9; 8.0; 7.5; 4.0; 11.1
120.4; 16.884; -0.1; 2.3; 5.9; -0.1; 3.5; 9.0; 7.4; 3.0; 8.0; 7.4; 4.1; 11.2
120.6; 16.908; -0.3; 2.5; 6.8; -0.3; 3.8; 10.2; 0.6; 3.0; 6.8; 0.6; 4.4; 10.2
120.8; 16.932; -0.4; 2.5; 6.7; -0.4; 3.9; 10.2; 0.8; 3.1; 6.8; 0.8; 4.7; 10.3
121.0; 16.956; -1.0; 2.5; 6.8; -1.0; 3.8; 10.2; 1.4; 3.2; 6.8; 1.4; 4.7; 10.3
121.2; 16.980; -3.0; 2.4; 6.8; -3.0; 3.6; 10.2; 3.4; 3.1; 6.9; 3.4; 4.5; 10.2
121.4; 17.004; -4.9; 2.2; 7.0; -4.9; 3.2; 10.0; 5.3; 2.9; 7.0; 5.3; 4.1; 10.0
121.6; 17.029; -5.7; 2.0; 7.2; -5.7; 2.7; 9.8; 6.0; 2.6; 7.2; 6.0; 3.5; 9.8
121.8; 17.053; -6.1; 1.7; 7.4; -6.1; 2.3; 9.6; 6.4; 2.3; 7.4; 6.4; 2.9; 9.6
122.0; 17.077; -6.3; 1.4; 7.6; -6.3; 1.8; 9.4; 6.6; 1.9; 7.6; 6.6; 2.3; 9.4
122.2; 17.101; -6.5; 1.1; 7.8; -6.5; 1.3; 9.2; 6.8; 1.5; 7.8; 6.8; 1.8; 9.2
122.4; 17.125; -6.4; 0.9; 8.0; -6.4; 1.0; 9.0; 6.7; 1.2; 8.0; 6.7; 1.3; 9.0
122.6; 17.149; -6.3; 0.6; 8.1; -6.3; 0.7; 8.9; 6.6; 0.8; 8.1; 6.6; 0.9; 8.9
122.8; 17.173; -6.1; 0.4; 8.3; -6.1; 0.4; 8.8; 6.4; 0.6; 8.3; 6.4; 0.6; 8.8
123.0; 17.197; -8.0; 0.2; 9.1; -8.0; 0.3; 9.4; 3.6; 0.4; 7.7; 3.6; 0.4; 8.0
123.2; 17.222; -11.0; 0.1; 11.0; -11.0; 0.1; 11.2; -5.8; 0.2; 5.8; -5.8; 0.2; 6.0
123.4; 17.247; -11.1; -0.2; 11.2; -11.1; -0.2; 11.1; -5.9; -0.0; 6.0; -5.9; -0.0; 5.9
123.6; 17.272; -10.8; -0.6; 11.3; -10.8; -0.6; 10.8; -5.7; -0.4; 6.2; -5.7; -0.4; 5.7
123.8; 17.299; -10.3; -1.3; 11.5; -10.3; -1.1; 10.4; -5.5; -1.2; 6.6; -5.5; -1.0; 5.5
124.0; 17.326; -9.6; -2.2; 11.7; -9.6; -1.8; 9.8; -5.0; -2.3; 7.2; -5.0; -1.7; 5.3
124.2; 17.353; -8.7; -3.5; 12.0; -8.7; -2.6; 9.1; -4.4; -3.8; 8.0; -4.4; -2.4; 5.0
124.4; 17.382; -7.5; -4.9; 12.2; -7.5; -3.3; 8.2; -3.7; -5.5; 8.8; -3.7; -3.0; 4.8
124.6; 17.411; -6.3; -6.5; 12.5; -6.3; -3.8; 7.4; -2.9; -7.3; 9.6; -2.9; -3.5; 4.5
124.8; 17.441; -5.3; -7.9; 12.6; -5.3; -4.1; 6.7; -2.1; -8.9; 10.4; -2.1; -3.8; 4.4
125.0; 17.471; -4.4; -8.9; 12.7; -4.4; -4.2; 6.1; -1.4; -10.2; 10.9; -1.4; -4.1; 4.3
125.2; 17.503; -3.9; -9.5; 12.8; -3.9; -4.2; 5.7; -0.8; -11.0; 11.3; -0.8; -4.2; 4.3
125.4; 17.534; -3.6; -9.8; 12.7; -3.6; -4.2; 5.5; -0.4; -11.4; 11.5; -0.4; -4.3; 4.3
125.6; 17.567; -3.5; -9.7; 12.7; -3.5; -4.2; 5.4; -0.1; -11.6; 11.6; -0.1; -4.3; 4.3
125.8; 17.600; -3.6; -9.6; 12.7; -3.6; -4.2; 5.5; -0.3; -11.5; 11.5; -0.3; -4.3; 4.3
126.0; 17.635; -3.7; -9.4; 12.7; -3.7; -4.2; 5.6; -0.5; -11.4; 11.4; -0.5; -4.2; 4.3
126.2; 17.670; -3.9; -9.1; 12.8; -3.9; -4.2; 5.7; -0.8; -11.2; 11.3; -0.8; -4.2; 4.3
126.4; 17.707; -4.1; -8.9; 12.8; -4.1; -4.2; 5.8; -1.0; -11.0; 11.2; -1.0; -4.1; 4.3
126.6; 17.746; -4.2; -8.6; 12.8; -4.2; -4.2; 6.0; -1.2; -10.7; 11.1; -1.2; -4.1; 4.3
126.8; 17.786; -4.4; -8.3; 12.7; -4.4; -4.2; 6.1; -1.4; -10.5; 10.9; -1.4; -4.1; 4.3
127.0; 17.828; -4.6; -7.9; 12.7; -4.6; -4.2; 6.2; -1.6; -10.2; 10.8; -1.6; -4.0; 4.3
127.2; 17.871; -4.8; -7.6; 12.7; -4.8; -4.1; 6.3; -1.7; -9.9; 10.7; -1.7; -4.0; 4.3
127.4; 17.916; -5.0; -7.2; 12.7; -5.0; -4.1; 6.5; -1.9; -9.7; 10.6; -1.9; -3.9; 4.4
127.6; 17.961; -4.7; -6.9; 12.6; -4.7; -4.1; 6.5; -2.0; -9.5; 10.5; -2.0; -3.9; 4.4
127.8; 18.008; -2.9; -7.0; 12.4; -2.9; -4.0; 6.2; -2.0; -9.8; 10.8; -2.0; -4.1; 4.7
128.0; 18.055; -1.7; -7.2; 12.1; -1.7; -3.9; 5.8; -1.2; -10.1; 11.2; -1.2; -4.3; 4.9
128.2; 18.102; -0.7; -7.6; 12.0; -0.7; -3.8; 5.4; -0.5; -10.6; 11.6; -0.5; -4.5; 5.1
128.4; 18.148; -1.6; -7.9; 11.9; -1.6; -3.6; 5.2; 1.5; -11.0; 11.9; 1.5; -4.7; 5.1
128.6; 18.191; -0.1; -8.3; 11.9; -0.1; -3.6; 5.0; 0.7; -11.5; 12.1; 0.7; -4.8; 5.1
128.8; 18.227; -0.1; -8.8; 12.0; -0.1; -3.5; 4.8; 0.8; -11.9; 12.2; 0.8; -4.8; 5.0
129.0; 18.253; -0.1; -9.2; 12.1; -0.1; -3.6; 4.8; 0.7; -12.1; 12.2; 0.7; -4.8; 4.9
129.2; 18.269; -0.1; -9.6; 12.2; -0.1; -3.6; 4.7; 0.6; -12.3; 12.3; 0.6; -4.8; 4.8
129.4; 18.278; -0.1; -10.0; 12.3; -0.1; -3.7; 4.7; 0.4; -12.3; 12.3; 0.4; -4.8; 4.8
129.6; 18.291; -0.1; -10.0; 12.3; -0.1; -3.7; 4.7; 0.1; -12.3; 12.3; 0.1; -4.7; 4.7
129.8; 18.316; -0.1; -9.6; 12.1; -0.1; -3.5; 4.8; 0.6; -12.0; 12.3; 0.6; -4.8; 4.9
130.0; 18.357; -0.1; -9.1; 11.7; -0.1; -3.4; 4.8; 1.6; -10.8; 12.2; 1.6; -4.8; 5.3
130.2; 18.409; -0.1; -8.2; 11.0; -0.1; -3.2; 4.9; 3.9; -8.8; 12.1; 3.9; -4.6; 6.0
130.4; 18.465; -0.1; -7.8; 10.8; -0.1; -3.1; 5.0; 4.3; -8.3; 12.0; 4.3; -4.5; 6.2
130.6; 18.521; -0.1; -7.9; 10.9; -0.1; -3.2; 5.0; 4.2; -8.4; 12.1; 4.2; -4.5; 6.2
130.8; 18.573; -0.1; -8.0; 10.9; -0.1; -3.2; 4.9; 4.0; -8.7; 12.1; 4.0; -4.6; 6.1
131.0; 18.622; -0.1; -8.2; 11.0; -0.1; -3.3; 4.9; 3.8; -8.9; 12.1; 3.8; -4.6; 6.0
131.2; 18.669; -0.1; -8.3; 11.1; -0.1; -3.3; 4.9; 3.7; -9.1; 12.2; 3.7; -4.6; 5.9
131.4; 18.714; -0.1; -8.5; 11.2; -0.1; -3.4; 4.8; 3.5; -9.3; 12.2; 3.5; -4.7; 5.8
131.6; 18.757; -0.1; -8.6; 11.2; -0.1; -3.4; 4.8; 3.4; -9.5; 12.2; 3.4; -4.7; 5.8
131.8; 18.798; -0.1; -8.4; 11.2; -0.1; -3.4; 4.8; 3.5; -9.4; 12.2; 3.5; -4.7; 5.9
132.0; 18.839; -0.1; -7.7; 10.9; -0.1; -3.3; 4.9; 4.1; -8.7; 12.1; 4.1; -4.6; 6.1
132.2; 18.879; -0.1; -6.7; 10.5; -0.1; -3.1; 5.1; 4.9; -7.6; 11.9; 4.9; -4.3; 6.5
132.4; 18.917; -0.1; -5.6; 10.0; -0.1; -2.9; 5.4; 5.8; -6.4; 11.7; 5.8; -4.0; 7.1
132.6; 18.955; -0.1; -4.4; 9.4; -0.1; -2.5; 5.6; 6.8; -5.1; 11.4; 6.8; -3.5; 7.6
132.8; 18.991; -0.1; -3.3; 8.9; -0.1; -2.1; 5.9; 7.6; -3.8; 11.1; 7.6; -2.9; 8.1
133.0; 19.027; -0.1; -2.3; 8.4; -0.1; -1.7; 6.2; 8.4; -2.7; 10.8; 8.4; -2.2; 8.6
133.2; 19.061; -0.1; -1.4; 7.9; -0.1; -1.1; 6.5; 9.0; -1.7; 10.6; 9.0; -1.5; 9.1
133.4; 19.095; -0.1; -0.7; 7.5; -0.1; -0.7; 6.7; 9.5; -1.0; 10.3; 9.5; -0.9; 9.5
133.6; 19.127; -0.1; -0.3; 7.2; -0.1; -0.3; 6.9; 9.8; -0.4; 10.1; 9.8; -0.4; 9.8
133.8; 19.159; -0.1; -0.0; 7.1; -0.1; -0.0; 7.0; 9.9; -0.1; 10.0; 9.9; -0.1; 9.9
134.0; 19.190; -0.1; 0.0; 7.0; -0.1; 0.0; 7.0; 10.0; -0.0; 10.0; 10.0; -0.0; 10.0
134.2; 19.220; -0.1; -0.0; 7.0; -0.1; -0.0; 7.0; 10.0; 0.0; 10.0; 10.0; 0.0; 10.0
134.4; 19.249; -0.1; -0.0; 7.0; -0.1; -0.0; 7.0; 10.0; 0.0; 10.0; 10.0; 0.0; 10.0
134.6; 19.278; -0.1; -0.0; 7.0; -0.1; -0.0; 7.0; 10.0; 0.0; 10.0; 10.0; 0.0; 10.0
134.8; 19.305; -0.1; 0.0; 7.0; -0.1; 0.0; 7.0; 10.0; 0.0; 10.0; 10.0; 0.0; 10.0
135.0; 19.333; -0.1; 0.0; 7.0; -0.1; 0.0; 7.0; 10.0; 0.0; 10.0; 10.0; 0.0; 10.0
135.2; 19.360; -0.1; 0.0; 7.0; -0.1; 0.0; 7.0; 10.0; 0.0; 10.0; 10.0; 0.0; 10.0
135.4; 19.386; -0.1; 0.0; 7.1; -0.1; 0.0; 7.1; 10.0; 0.0; 10.0; 10.0; 0.0; 10.0
135.6; 19.412; -0.1; 0.0; 7.1; -0.1; 0.0; 7.1; 10.0; 0.0; 10.0; 10.0; 0.0; 10.0
135.8; 19.437; -0.1; 0.0; 7.1; -0.1; 0.0; 7.1; 10.0; 0.0; 10.0; 10.0; 0.0; 10.0
136.0; 19.462; -0.1; 0.0; 7.1; -0.1; 0.0; 7.1; 10.0; 0.0; 10.0; 10.0; 0.0; 10.0
136.2; 19.486; -0.1; 0.0; 7.1; -0.1; 0.0; 7.1; 10.0; 0.0; 10.0; 10.0; 0.0; 10.0
136.4; 19.510; -0.1; 0.0; 7.1; -0.1; 0.0; 7.1; 10.0; 0.0; 10.0; 10.0; 0.0; 10.0
136.6; 19.534; -1.3; 0.0; 7.3; -1.3; 0.0; 7.4; 9.3; 0.0; 9.7; 9.3; 0.0; 9.7
136.8; 19.558; -6.0; 0.1; 8.5; -6.0; 0.1; 8.5; 6.3; 0.1; 8.5; 6.3; 0.1; 8.5
137.0; 19.581; -6.1; 0.1; 8.5; -6.1; 0.1; 8.6; 6.4; 0.1; 8.5; 6.4; 0.1; 8.6
137.2; 19.605; -6.1; 0.1; 8.5; -6.1; 0.1; 8.6; 6.4; 0.1; 8.5; 6.4; 0.1; 8.6
137.4; 19.628; -6.1; 0.1; 8.4; -6.1; 0.1; 8.6; 6.4; 0.1; 8.4; 6.4; 0.1; 8.6
137.6; 19.652; -6.1; 0.1; 8.4; -6.1; 0.1; 8.6; 6.4; 0.2; 8.4; 6.4; 0.2; 8.6
137.8; 19.676; -6.1; 0.1; 8.4; -6.1; 0.1; 8.6; 6.4; 0.2; 8.4; 6.4; 0.2; 8.6
138.0; 19.699; -6.1; 0.1; 8.4; -6.1; 0.1; 8.6; 6.4; 0.2; 8.4; 6.4; 0.2; 8.6
138.2; 19.723; -6.1; 0.1; 8.4; -6.1; 0.1; 8.6; 6.4; 0.2; 8.4; 6.4; 0.2; 8.6
138.4; 19.746; -6.1; 0.1; 8.4; -6.1; 0.1; 8.6; 6.4; 0.2; 8.4; 6.4; 0.2; 8.6
138.6; 19.770; -6.1; 0.1; 8.4; -6.1; 0.1; 8.6; 6.4; 0.2; 8.4; 6.4; 0.2; 8.6
138.8; 19.793; -6.1; 0.1; 8.4; -6.1; 0.1; 8.6; 6.4; 0.2; 8.4; 6.4; 0.2; 8.6
139.0; 19.817; -6.1; 0.1; 8.4; -6.1; 0.1; 8.6; 6.4; 0.2; 8.4; 6.4; 0.2; 8.6
139.2; 19.841; -6.1; 0.1; 8.4; -6.1; 0.1; 8.6; 6.4; 0.1; 8.4; 6.4; 0.1; 8.6
139.4; 19.864; -6.1; 0.1; 8.4; -6.1; 0.1; 8.6; 6.4; 0.1; 8.4; 6.4; 0.1; 8.6
139.6; 19.888; -6.1; 0.1; 8.5; -6.1; 0.1; 8.6; 6.4; 0.1; 8.5; 6.4; 0.1; 8.6
139.8; 19.911; -6.1; 0.1; 8.5; -6.1; 0.1; 8.6; 6.4; 0.1; 8.5; 6.4; 0.1; 8.6
140.0; 19.935; -6.1; 0.1; 8.5; -6.1; 0.1; 8.6; 6.4; 0.1; 8.5; 6.4; 0.1; 8.6
140.2; 19.958; -6.1; 0.1; 8.5; -6.1; 0.1; 8.6; 6.4; 0.1; 8.5; 6.4; 0.1; 8.6
140.4; 19.982; -6.1; 0.1; 8.5; -6.1; 0.1; 8.6; 6.4; 0.1; 8.5; 6.4; 0.1; 8.6
140.6; 20.005; -6.1; 0.1; 8.5; -6.1; 0.1; 8.5; 6.4; 0.1; 8.5; 6.4; 0.1; 8.5
140.8; 20.029; -6.1; 0.1; 8.5; -6.1; 0.1; 8.5; 6.4; 0.1; 8.5; 6.4; 0.1; 8.5
141.0; 20.053; -6.1; 0.1; 8.5; -6.1; 0.1; 8.5; 6.4; 0.1; 8.5; 6.4; 0.1; 8.5
141.2; 20.076; -6.1; 0.1; 8.5; -6.1; 0.1; 8.5; 6.4; 0.1; 8.5; 6.4; 0.1; 8.5
141.4; 20.100; -6.1; 0.0; 8.5; -6.1; 0.0; 8.5; 6.4; 0.1; 8.5; 6.4; 0.1; 8.5
141.6; 20.123; -6.1; 0.0; 8.5; -6.1; 0.0; 8.5; 6.4; 0.1; 8.5; 6.4; 0.1; 8.5
141.8; 20.147; -6.1; 0.0; 8.5; -6.1; 0.0; 8.5; 6.4; 0.0; 8.5; 6.4; 0.1; 8.5
142.0; 20.170; -6.1; 0.0; 8.5; -6.1; 0.0; 8.5; 6.4; 0.0; 8.5; 6.4; 0.0; 8.5
142.2; 20.194; -6.1; 0.0; 8.5; -6.1; 0.0; 8.5; 6.4; 0.0; 8.5; 6.4; 0.0; 8.5
142.4; 20.217; -6.1; 0.0; 8.5; -6.1; 0.0; 8.5; 6.4; 0.0; 8.5; 6.4; 0.0; 8.5
142.6; 20.241; -6.1; 0.0; 8.5; -6.1; 0.0; 8.5; 6.4; 0.0; 8.5; 6.4; 0.0; 8.5
142.8; 20.264; -6.1; 0.0; 8.5; -6.1; 0.0; 8.5; 6.4; 0.0; 8.5; 6.4; 0.0; 8.5
143.0; 20.288; -6.1; 0.0; 8.5; -6.1; 0.0; 8.5; 6.4; 0.0; 8.5; 6.4; 0.0; 8.5
143.2; 20.311; -6.1; 0.0; 8.5; -6.1; 0.0; 8.5; 6.4; 0.0; 8.5; 6.4; 0.0; 8.5
143.4; 20.335; -6.1; 0.0; 8.5; -6.1; 0.0; 8.5; 6.4; 0.0; 8.5; 6.4; 0.0; 8.5
143.6; 20.358; -6.1; 0.0; 8.5; -6.1; 0.0; 8.5; 6.4; 0.0; 8.5; 6.4; 0.0; 8.5
143.8; 20.382; -6.1; 0.0; 8.5; -6.1; 0.0; 8.5; 6.4; 0.0; 8.5; 6.4; 0.0; 8.5
144.0; 20.406; -6.1; 0.0; 8.5; -6.1; 0.0; 8.5; 6.4; 0.0; 8.5; 6.4; 0.0; 8.5
144.2; 20.429; -6.1; 0.0; 8.5; -6.1; 0.0; 8.5; 6.4; 0.0; 8.5; 6.4; 0.0; 8.5
144.4; 20.453; -6.1; 0.0; 8.5; -6.1; 0.0; 8.5; 6.4; 0.0; 8.5; 6.4; 0.0; 8.5
144.6; 20.476; -6.1; 0.0; 8.5; -6.1; 0.0; 8.5; 6.4; 0.0; 8.5; 6.4; 0.0; 8.5
144.8; 20.500; -6.1; 0.0; 8.5; -6.1; 0.0; 8.5; 6.4; 0.0; 8.5; 6.4; 0.0; 8.5
145.0; 20.523; -6.1; 0.0; 8.5; -6.1; 0.0; 8.5; 6.4; 0.0; 8.5; 6.4; 0.0; 8.5
145.2; 20.547; -6.1; 0.0; 8.5; -6.1; 0.0; 8.5; 6.4; 0.0; 8.5; 6.4; 0.0; 8.5
145.4; 20.570; -6.1; 0.0; 8.5; -6.1; 0.0; 8.5; 6.4; 0.0; 8.5; 6.4; 0.0; 8.5
145.6; 20.594; -6.1; 0.0; 8.5; -6.1; 0.0; 8.5; 6.4; 0.0; 8.5; 6.4; 0.0; 8.5
145.8; 20.617; -6.1; 0.0; 8.5; -6.1; 0.0; 8.5; 6.4; 0.0; 8.5; 6.4; 0.0; 8.5
146.0; 20.641; -6.1; 0.0; 8.5; -6.1; 0.0; 8.5; 6.4; 0.0; 8.5; 6.4; 0.0; 8.5
146.2; 20.664; -6.1; 0.0; 8.5; -6.1; 0.0; 8.5; 6.4; 0.0; 8.5; 6.4; 0.0; 8.5
146.4; 20.688; -6.1; 0.0; 8.5; -6.1; 0.0; 8.5; 6.4; 0.0; 8.5; 6.4; 0.0; 8.5
146.6; 20.711; -6.1; 0.0; 8.5; -6.1; 0.0; 8.5; 6.4; 0.0; 8.5; 6.4; 0.0; 8.5
146.8; 20.735; -6.1; 0.0; 8.5; -6.1; 0.0; 8.5; 6.4; 0.0; 8.5; 6.4; 0.0; 8.5
147.0; 20.758; -6.1; 0.0; 8.5; -6.1; 0.0; 8.5; 6.4; 0.0; 8.5; 6.4; 0.0; 8.5
147.2; 20.782; -6.1; 0.0; 8.5; -6.1; 0.0; 8.5; 6.4; 0.0; 8.5; 6.4; 0.0; 8.5
147.4; 20.805; -6.1; 0.0; 8.5; -6.1; 0.0; 8.5; 6.4; 0.0; 8.5; 6.4; 0.0; 8.5
147.6; 20.829; -6.1; 0.0; 8.5; -6.1; 0.0; 8.5; 6.4; 0.0; 8.5; 6.4; 0.0; 8.5
147.8; 20.852; -6.1; 0.0; 8.5; -6.1; 0.0; 8.5; 6.4; 0.0; 8.5; 6.4; 0.0; 8.5
148.0; 20.876; -6.1; 0.0; 8.5; -6.1; 0.0; 8.5; 6.4; 0.0; 8.5; 6.4; 0.0; 8.5
148.2; 20.899; -6.1; 0.0; 8.5; -6.1; 0.0; 8.5; 6.4; 0.0; 8.5; 6.4; 0.0; 8.5
148.4; 20.923; -6.1; 0.0; 8.5; -6.1; 0.0; 8.5; 6.4; 0.0; 8.5; 6.4; 0.0; 8.5
148.6; 20.946; -6.1; 0.0; 8.5; -6.1; 0.0; 8.5; 6.4; 0.0; 8.5; 6.4; 0.0; 8.5
148.8; 20.970; -6.1; 0.0; 8.5; -6.1; 0.0; 8.5; 6.4; 0.0; 8.5; 6.4; 0.0; 8.5
149.0; 20.993; -6.1; 0.0; 8.5; -6.1; 0.0; 8.5; 6.4; 0.0; 8.5; 6.4; 0.0; 8.5
149.2; 21.017; -6.1; 0.0; 8.5; -6.1; 0.0; 8.5; 6.4; 0.0; 8.5; 6.4; 0.0; 8.5
149.4; 21.040; -6.1; 0.0; 8.5; -6.1; 0.0; 8.5; 6.4; 0.0; 8.5; 6.4; 0.0; 8.5
149.6; 21.064; -6.1; 0.0; 8.5; -6.1; 0.0; 8.5; 6.4; 0.0; 8.5; 6.4; 0.0; 8.5
149.8; 21.087; -6.1; 0.0; 8.5; -6.1; 0.0; 8.5; 6.4; 0.0; 8.5; 6.4; 0.0; 8.5
150.0; 21.111; -6.1; 0.0; 8.5; -6.1; 0.0; 8.5; 6.4; 0.0; 8.5; 6.4; 0.0; 8.5
150.2; 21.134; -6.1; 0.0; 8.5; -6.1; 0.0; 8.5; 6.4; 0.0; 8.5; 6.4; 0.0; 8.5
150.4; 21.158; -6.1; 0.0; 8.5; -6.1; 0.0; 8.5; 6.4; 0.0; 8.5; 6.4; 0.0; 8.5
150.6; 21.181; -6.1; 0.0; 8.5; -6.1; 0.0; 8.5; 6.4; 0.0; 8.5; 6.4; 0.0; 8.5
150.8; 21.205; -6.1; 0.0; 8.5; -6.1; 0.0; 8.5; 6.4; 0.0; 8.5; 6.4; 0.0; 8.5
151.0; 21.228; -6.1; 0.0; 8.5; -6.1; 0.0; 8.5; 6.4; 0.0; 8.5; 6.4; 0.0; 8.5
151.2; 21.252; -6.1; 0.0; 8.5; -6.1; 0.0; 8.5; 6.4; 0.0; 8.5; 6.4; 0.1; 8.5
151.4; 21.275; -6.1; 0.0; 8.5; -6.1; 0.0; 8.5; 6.4; 0.1; 8.5; 6.4; 0.1; 8.5
151.6; 21.299; -6.1; 0.1; 8.5; -6.1; 0.1; 8.5; 6.4; 0.1; 8.5; 6.4; 0.1; 8.5
151.8; 21.322; -6.1; 0.1; 8.5; -6.1; 0.1; 8.5; 6.4; 0.1; 8.5; 6.4; 0.1; 8.5
152.0; 21.346; -6.1; 0.1; 8.5; -6.1; 0.1; 8.5; 6.4; 0.1; 8.5; 6.4; 0.1; 8.5
152.2; 21.369; -6.1; 0.1; 8.5; -6.1; 0.1; 8.5; 6.4; 0.1; 8.5; 6.4; 0.1; 8.5
152.4; 21.393; -6.1; 0.1; 8.5; -6.1; 0.1; 8.5; 6.4; 0.1; 8.5; 6.4; 0.1; 8.5
152.6; 21.416; -6.1; 0.1; 8.5; -6.1; 0.1; 8.6; 6.4; 0.1; 8.5; 6.4; 0.1; 8.6
152.8; 21.440; -6.1; 0.1; 8.5; -6.1; 0.1; 8.6; 6.4; 0.1; 8.5; 6.4; 0.1; 8.6
153.0; 21.463; -6.1; 0.1; 8.5; -6.1; 0.1; 8.6; 6.4; 0.1; 8.5; 6.4; 0.1; 8.6
153.2; 21.487; -6.1; 0.1; 8.5; -6.1; 0.1; 8.6; 6.4; 0.1; 8.5; 6.4; 0.1; 8.6
153.4; 21.510; -6.1; 0.1; 8.5; -6.1; 0.1; 8.6; 6.4; 0.1; 8.5; 6.4; 0.1; 8.6
153.6; 21.534; -6.1; 0.1; 8.5; -6.1; 0.1; 8.6; 6.4; 0.1; 8.5; 6.4; 0.1; 8.6
153.8; 21.557; -6.1; 0.1; 8.4; -6.1; 0.1; 8.6; 6.4; 0.1; 8.4; 6.4; 0.1; 8.6
154.0; 21.581; -6.1; 0.1; 8.4; -6.1; 0.1; 8.6; 6.4; 0.2; 8.4; 6.4; 0.2; 8.6
154.2; 21.604; -6.1; 0.1; 8.4; -6.1; 0.2; 8.6; 6.4; 0.2; 8.4; 6.4; 0.2; 8.6
154.4; 21.628; -6.1; 0.2; 8.4; -6.1; 0.2; 8.6; 6.4; 0.2; 8.4; 6.4; 0.2; 8.6
154.6; 21.651; -6.1; 0.2; 8.4; -6.1; 0.2; 8.6; 6.4; 0.2; 8.4; 6.4; 0.2; 8.6
154.8; 21.675; -6.1; 0.2; 8.4; -6.1; 0.2; 8.6; 6.4; 0.2; 8.4; 6.4; 0.2; 8.6
155.0; 21.698; -6.1; 0.2; 8.4; -6.1; 0.2; 8.6; 6.4; 0.2; 8.4; 6.4; 0.2; 8.6
155.2; 21.722; -6.1; 0.2; 8.4; -6.1; 0.2; 8.6; 6.4; 0.3; 8.4; 6.4; 0.3; 8.6
155.4; 21.745; -6.1; 0.2; 8.4; -6.1; 0.3; 8.6; 6.4; 0.3; 8.4; 6.4; 0.3; 8.6
155.6; 21.769; -6.1; 0.3; 8.4; -6.1; 0.3; 8.7; 6.4; 0.3; 8.4; 6.4; 0.3; 8.7
155.8; 21.792; -6.1; 0.3; 8.4; -6.1; 0.3; 8.7; 6.4; 0.3; 8.4; 6.4; 0.3; 8.7
156.0; 21.816; -6.1; 0.3; 8.4; -6.1; 0.3; 8.7; 6.4; 0.3; 8.4; 6.4; 0.4; 8.7
156.2; 21.839; -6.1; 0.3; 8.3; -6.1; 0.3; 8.7; 6.4; 0.4; 8.3; 6.4; 0.4; 8.7
156.4; 21.863; -6.1; 0.3; 8.3; -6.1; 0.3; 8.7; 6.4; 0.4; 8.3; 6.4; 0.4; 8.7
156.6; 21.886; -6.1; 0.3; 8.3; -6.1; 0.3; 8.7; 6.4; 0.4; 8.3; 6.4; 0.4; 8.7
156.8; 21.910; -6.1; 0.3; 8.3; -6.1; 0.3; 8.7; 6.4; 0.4; 8.3; 6.4; 0.4; 8.7
157.0; 21.933; -6.1; 0.3; 8.3; -6.1; 0.3; 8.7; 6.4; 0.4; 8.3; 6.4; 0.4; 8.7
157.2; 21.957; -6.1; 0.3; 8.3; -6.1; 0.3; 8.7; 6.4; 0.4; 8.3; 6.4; 0.4; 8.7
157.4; 21.980; -6.1; 0.3; 8.3; -6.1; 0.3; 8.7; 6.4; 0.4; 8.3; 6.4; 0.4; 8.7
157.6; 22.003; -6.1; 0.3; 8.3; -6.1; 0.3; 8.7; 6.4; 0.4; 8.3; 6.4; 0.4; 8.7
157.8; 22.027; -6.1; 0.3; 8.4; -6.1; 0.3; 8.7; 6.4; 0.3; 8.4; 6.4; 0.4; 8.7
158.0; 22.050; -6.1; 0.3; 8.4; -6.1; 0.3; 8.7; 6.4; 0.3; 8.4; 6.4; 0.3; 8.7
158.2; 22.074; -6.1; 0.3; 8.4; -6.1; 0.3; 8.7; 6.4; 0.3; 8.4; 6.4; 0.3; 8.7
158.4; 22.097; -6.1; 0.3; 8.4; -6.1; 0.3; 8.7; 6.4; 0.3; 8.4; 6.4; 0.3; 8.7
158.6; 22.121; -6.1; 0.3; 8.4; -6.1; 0.3; 8.6; 6.4; 0.3; 8.4; 6.4; 0.3; 8.6
158.8; 22.144; -6.1; 0.2; 8.4; -6.1; 0.3; 8.6; 6.4; 0.3; 8.4; 6.4; 0.3; 8.6
159.0; 22.168; -6.1; 0.2; 8.4; -6.1; 0.2; 8.6; 6.4; 0.3; 8.4; 6.4; 0.3; 8.6
159.2; 22.191; -6.1; 0.2; 8.4; -6.1; 0.2; 8.6; 6.4; 0.3; 8.4; 6.4; 0.3; 8.6
159.4; 22.215; -6.1; 0.2; 8.4; -6.1; 0.2; 8.6; 6.4; 0.3; 8.4; 6.4; 0.3; 8.6
159.6; 22.238; -6.1; 0.2; 8.4; -6.1; 0.2; 8.6; 6.4; 0.3; 8.4; 6.4; 0.3; 8.6
159.8; 22.262; -6.1; 0.2; 8.4; -6.1; 0.2; 8.6; 6.4; 0.3; 8.4; 6.4; 0.3; 8.6
160.0; 22.285; -6.1; 0.2; 8.4; -6.1; 0.2; 8.6; 6.4; 0.3; 8.4; 6.4; 0.3; 8.6
160.2; 22.309; -6.1; 0.2; 8.4; -6.1; 0.2; 8.6; 6.4; 0.3; 8.4; 6.4; 0.3; 8.6
160.4; 22.332; -6.1; 0.2; 8.4; -6.1; 0.2; 8.6; 6.4; 0.3; 8.4; 6.4; 0.3; 8.6
160.6; 22.356; -6.1; 0.2; 8.4; -6.1; 0.2; 8.6; 6.4; 0.3; 8.4; 6.4; 0.3; 8.6
160.8; 22.379; -6.1; 0.2; 8.4; -6.1; 0.2; 8.6; 6.4; 0.2; 8.4; 6.4; 0.3; 8.6
161.0; 22.403; -6.1; 0.2; 8.4; -6.1; 0.2; 8.6; 6.4; 0.2; 8.4; 6.4; 0.2; 8.6
161.2; 22.426; -6.1; 0.2; 8.4; -6.1; 0.2; 8.6; 6.4; 0.2; 8.4; 6.4; 0.2; 8.6
161.4; 22.450; -6.1; 0.2; 8.4; -6.1; 0.2; 8.6; 6.4; 0.2; 8.4; 6.4; 0.2; 8.6
161.6; 22.473; -6.1; 0.2; 8.4; -6.1; 0.2; 8.6; 6.4; 0.2; 8.4; 6.4; 0.2; 8.6
161.8; 22.497; -6.1; 0.1; 8.4; -6.1; 0.2; 8.6; 6.4; 0.2; 8.4; 6.4; 0.2; 8.6
162.0; 22.520; -6.1; 0.1; 8.4; -6.1; 0.1; 8.6; 6.4; 0.2; 8.4; 6.4; 0.2; 8.6
162.2; 22.544; -6.1; 0.1; 8.4; -6.1; 0.1; 8.6; 6.4; 0.2; 8.4; 6.4; 0.2; 8.6
162.4; 22.567; -6.1; 0.1; 8.4; -6.1; 0.1; 8.6; 6.4; 0.2; 8.4; 6.4; 0.2; 8.6
162.6; 22.591; -6.1; 0.1; 8.4; -6.1; 0.1; 8.6; 6.4; 0.1; 8.4; 6.4; 0.2; 8.6
162.8; 22.614; -6.1; 0.1; 8.4; -6.1; 0.1; 8.6; 6.4; 0.1; 8.4; 6.4; 0.1; 8.6
163.0; 22.637; -6.1; 0.1; 8.4; -6.1; 0.1; 8.6; 6.4; 0.1; 8.4; 6.4; 0.1; 8.6
163.2; 22.661; -6.1; 0.1; 8.4; -6.1; 0.1; 8.6; 6.4; 0.1; 8.4; 6.4; 0.1; 8.6
163.4; 22.684; -6.1; 0.1; 8.4; -6.1; 0.1; 8.6; 6.4; 0.1; 8.4; 6.4; 0.2; 8.6
163.6; 22.708; -6.1; 0.1; 8.4; -6.1; 0.1; 8.6; 6.4; 0.2; 8.4; 6.4; 0.2; 8.6
163.8; 22.731; -6.1; 0.1; 8.4; -6.1; 0.1; 8.6; 6.4; 0.2; 8.4; 6.4; 0.2; 8.6
164.0; 22.755; -6.1; 0.1; 8.4; -6.1; 0.1; 8.6; 6.4; 0.2; 8.4; 6.4; 0.2; 8.6
164.2; 22.778; -6.1; 0.2; 8.4; -6.1; 0.2; 8.6; 6.4; 0.2; 8.4; 6.4; 0.2; 8.6
164.4; 22.802; -6.1; 0.2; 8.4; -6.1; 0.2; 8.6; 6.4; 0.2; 8.4; 6.4; 0.2; 8.6
164.6; 22.825; -6.1; 0.2; 8.4; -6.1; 0.2; 8.6; 6.4; 0.2; 8.4; 6.4; 0.2; 8.6
164.8; 22.849; -6.1; 0.2; 8.4; -6.1; 0.2; 8.6; 6.4; 0.2; 8.4; 6.4; 0.2; 8.6
165.0; 22.872; -6.1; 0.2; 8.4; -6.1; 0.2; 8.6; 6.4; 0.2; 8.4; 6.4; 0.2; 8.6
165.2; 22.896; -6.1; 0.2; 8.4; -6.1; 0.2; 8.6; 6.4; 0.2; 8.4; 6.4; 0.2; 8.6
165.4; 22.919; -6.1; 0.2; 8.4; -6.1; 0.2; 8.6; 6.4; 0.2; 8.4; 6.4; 0.2; 8.6
165.6; 22.943; -6.1; 0.2; 8.4; -6.1; 0.2; 8.6; 6.4; 0.2; 8.4; 6.4; 0.2; 8.6
165.8; 22.966; -6.1; 0.2; 8.4; -6.1; 0.2; 8.6; 6.4; 0.2; 8.4; 6.4; 0.2; 8.6
166.0; 22.990; -6.1; 0.2; 8.4; -6.1; 0.2; 8.6; 6.4; 0.2; 8.4; 6.4; 0.2; 8.6
166.2; 23.013; -6.1; 0.2; 8.4; -6.1; 0.2; 8.6; 6.4; 0.2; 8.4; 6.4; 0.2; 8.6
166.4; 23.037; -6.1; 0.2; 8.4; -6.1; 0.2; 8.6; 6.4; 0.2; 8.4; 6.4; 0.2; 8.6
166.6; 23.060; -6.1; 0.2; 8.4; -6.1; 0.2; 8.6; 6.4; 0.2; 8.4; 6.4; 0.2; 8.6
166.8; 23.084; -6.1; 0.2; 8.4; -6.1; 0.2; 8.6; 6.4; 0.2; 8.4; 6.4; 0.2; 8.6
167.0; 23.107; -6.1; 0.2; 8.4; -6.1; 0.2; 8.6; 6.4; 0.2; 8.4; 6.4; 0.2; 8.6
167.2; 23.131; -6.1; 0.2; 8.4; -6.1; 0.2; 8.6; 6.4; 0.2; 8.4; 6.4; 0.2; 8.6
167.4; 23.154; -6.1; 0.2; 8.4; -6.1; 0.2; 8.6; 6.4; 0.2; 8.4; 6.4; 0.2; 8.6
167.6; 23.178; -6.1; 0.2; 8.4; -6.1; 0.2; 8.6; 6.4; 0.2; 8.4; 6.4; 0.2; 8.6
167.8; 23.201; -6.1; 0.2; 8.4; -6.1; 0.2; 8.6; 6.4; 0.2; 8.4; 6.4; 0.3; 8.6
168.0; 23.225; -6.1; 0.2; 8.4; -6.1; 0.2; 8.6; 6.4; 0.3; 8.4; 6.4; 0.3; 8.6
168.2; 23.248; -6.1; 0.2; 8.4; -6.1; 0.2; 8.6; 6.4; 0.3; 8.4; 6.4; 0.3; 8.6
168.4; 23.271; -6.1; 0.2; 8.4; -6.1; 0.2; 8.6; 6.4; 0.3; 8.4; 6.4; 0.3; 8.6
168.6; 23.295; -6.1; 0.2; 8.4; -6.1; 0.2; 8.6; 6.4; 0.3; 8.4; 6.4; 0.3; 8.6
168.8; 23.318; -6.1; 0.2; 8.4; -6.1; 0.2; 8.6; 6.4; 0.3; 8.4; 6.4; 0.3; 8.6
169.0; 23.342; -6.1; 0.2; 8.4; -6.1; 0.2; 8.6; 6.4; 0.3; 8.4; 6.4; 0.3; 8.6
169.2; 23.365; -6.1; 0.2; 8.4; -6.1; 0.3; 8.6; 6.4; 0.3; 8.4; 6.4; 0.3; 8.6
169.4; 23.389; -6.1; 0.2; 8.4; -6.1; 0.3; 8.6; 6.4; 0.3; 8.4; 6.4; 0.3; 8.6
169.6; 23.412; -6.1; 0.2; 8.4; -6.1; 0.3; 8.6; 6.4; 0.3; 8.4; 6.4; 0.3; 8.6
169.8; 23.436; -6.1; 0.2; 8.4; -6.1; 0.2; 8.6; 6.4; 0.3; 8.4; 6.4; 0.3; 8.6
170.0; 23.459; -6.1; 0.2; 8.4; -6.1; 0.2; 8.6; 6.4; 0.3; 8.4; 6.4; 0.3; 8.6
170.2; 23.483; -6.1; 0.2; 8.4; -6.1; 0.2; 8.6; 6.4; 0.3; 8.4; 6.4; 0.3; 8.6
170.4; 23.506; -6.1; 0.2; 8.4; -6.1; 0.2; 8.6; 6.4; 0.3; 8.4; 6.4; 0.3; 8.6
170.6; 23.530; -6.1; 0.2; 8.4; -6.1; 0.2; 8.6; 6.4; 0.3; 8.4; 6.4; 0.3; 8.6
170.8; 23.553; -6.1; 0.2; 8.4; -6.1; 0.2; 8.6; 6.4; 0.3; 8.4; 6.4; 0.3; 8.6
171.0; 23.577; -6.1; 0.2; 8.4; -6.1; 0.2; 8.6; 6.4; 0.2; 8.4; 6.4; 0.3; 8.6
171.2; 23.600; -6.1; 0.2; 8.4; -6.1; 0.2; 8.6; 6.4; 0.2; 8.4; 6.4; 0.2; 8.6
171.4; 23.624; -6.1; 0.2; 8.4; -6.1; 0.2; 8.6; 6.4; 0.2; 8.4; 6.4; 0.2; 8.6
171.6; 23.647; -6.1; 0.2; 8.4; -6.1; 0.2; 8.6; 6.4; 0.2; 8.4; 6.4; 0.2; 8.6
171.8; 23.671; -6.1; 0.2; 8.4; -6.1; 0.2; 8.6; 6.4; 0.2; 8.4; 6.4; 0.2; 8.6
172.0; 23.694; -6.1; 0.2; 8.4; -6.1; 0.2; 8.6; 6.4; 0.2; 8.4; 6.4; 0.2; 8.6
172.2; 23.718; -6.1; 0.2; 8.4; -6.1; 0.2; 8.6; 6.4; 0.2; 8.4; 6.4; 0.2; 8.6
172.4; 23.741; -6.1; 0.2; 8.4; -6.1; 0.2; 8.6; 6.4; 0.2; 8.4; 6.4; 0.2; 8.6
172.6; 23.765; -6.1; 0.2; 8.4; -6.1; 0.2; 8.6; 6.4; 0.2; 8.4; 6.4; 0.2; 8.6
172.8; 23.788; -6.1; 0.2; 8.4; -6.1; 0.2; 8.6; 6.4; 0.2; 8.4; 6.4; 0.2; 8.6
173.0; 23.812; -6.1; 0.2; 8.4; -6.1; 0.2; 8.6; 6.4; 0.2; 8.4; 6.4; 0.2; 8.6
173.2; 23.835; -6.1; 0.1; 8.4; -6.1; 0.1; 8.6; 6.4; 0.2; 8.4; 6.4; 0.2; 8.6
173.4; 23.859; -6.1; 0.1; 8.4; -6.1; 0.1; 8.6; 6.4; 0.2; 8.4; 6.4; 0.2; 8.6
173.6; 23.882; -6.1; 0.1; 8.4; -6.1; 0.1; 8.6; 6.4; 0.2; 8.4; 6.4; 0.2; 8.6
173.8; 23.906; -6.1; 0.1; 8.4; -6.1; 0.1; 8.6; 6.4; 0.2; 8.4; 6.4; 0.2; 8.6
174.0; 23.929; -6.1; 0.1; 8.4; -6.1; 0.1; 8.6; 6.4; 0.2; 8.4; 6.4; 0.2; 8.6
174.2; 23.953; -6.1; 0.1; 8.4; -6.1; 0.1; 8.6; 6.4; 0.2; 8.4; 6.4; 0.2; 8.6
174.4; 23.976; -6.1; 0.1; 8.4; -6.1; 0.1; 8.6; 6.4; 0.2; 8.4; 6.4; 0.2; 8.6
174.6; 23.999; -6.1; 0.1; 8.4; -6.1; 0.1; 8.6; 6.4; 0.2; 8.4; 6.4; 0.2; 8.6
174.8; 24.023; -6.1; 0.1; 8.4; -6.1; 0.1; 8.6; 6.4; 0.2; 8.4; 6.4; 0.2; 8.6
175.0; 24.046; -6.1; 0.1; 8.4; -6.1; 0.1; 8.6; 6.4; 0.2; 8.4; 6.4; 0.2; 8.6
175.2; 24.070; -6.1; 0.2; 8.4; -6.1; 0.2; 8.6; 6.4; 0.2; 8.4; 6.4; 0.2; 8.6
175.4; 24.093; -6.1; 0.2; 8.4; -6.1; 0.2; 8.6; 6.4; 0.2; 8.4; 6.4; 0.2; 8.6
175.6; 24.117; -6.1; 0.2; 8.4; -6.1; 0.2; 8.6; 6.4; 0.2; 8.4; 6.4; 0.2; 8.6
175.8; 24.140; -6.1; 0.2; 8.4; -6.1; 0.2; 8.6; 6.4; 0.2; 8.4; 6.4; 0.2; 8.6
176.0; 24.164; -6.1; 0.2; 8.4; -6.1; 0.2; 8.6; 6.4; 0.2; 8.4; 6.4; 0.2; 8.6
176.2; 24.187; -6.1; 0.2; 8.4; -6.1; 0.2; 8.6; 6.4; 0.3; 8.4; 6.4; 0.3; 8.6
176.4; 24.211; -6.1; 0.2; 8.4; -6.1; 0.2; 8.6; 6.4; 0.3; 8.4; 6.4; 0.3; 8.6
176.6; 24.234; -6.1; 0.2; 8.4; -6.1; 0.3; 8.6; 6.4; 0.3; 8.4; 6.4; 0.3; 8.6
176.8; 24.258; -6.1; 0.3; 8.4; -6.1; 0.3; 8.7; 6.4; 0.3; 8.4; 6.4; 0.3; 8.7
177.0; 24.281; -6.1; 0.3; 8.4; -6.1; 0.3; 8.7; 6.4; 0.3; 8.4; 6.4; 0.3; 8.7
177.2; 24.305; -6.1; 0.3; 8.4; -6.1; 0.3; 8.7; 6.4; 0.3; 8.4; 6.4; 0.3; 8.7
177.4; 24.328; -6.1; 0.3; 8.4; -6.1; 0.3; 8.7; 6.4; 0.3; 8.4; 6.4; 0.4; 8.7
177.6; 24.352; -6.1; 0.3; 8.4; -6.1; 0.3; 8.7; 6.4; 0.3; 8.4; 6.4; 0.4; 8.7
177.8; 24.375; -6.1; 0.3; 8.4; -6.1; 0.3; 8.7; 6.4; 0.3; 8.4; 6.4; 0.4; 8.7
178.0; 24.399; -6.1; 0.3; 8.4; -6.1; 0.3; 8.7; 6.4; 0.3; 8.4; 6.4; 0.3; 8.7
178.2; 24.422; -6.1; 0.3; 8.4; -6.1; 0.3; 8.7; 6.4; 0.3; 8.4; 6.4; 0.3; 8.7
178.4; 24.446; -6.1; 0.3; 8.4; -6.1; 0.3; 8.7; 6.4; 0.3; 8.4; 6.4; 0.3; 8.7
178.6; 24.469; -6.1; 0.3; 8.4; -6.1; 0.3; 8.7; 6.4; 0.3; 8.4; 6.4; 0.3; 8.7
178.8; 24.493; -6.1; 0.3; 8.4; -6.1; 0.3; 8.6; 6.4; 0.3; 8.4; 6.4; 0.3; 8.6
179.0; 24.516; -6.1; 0.2; 8.4; -6.1; 0.3; 8.6; 6.4; 0.3; 8.4; 6.4; 0.3; 8.6
179.2; 24.540; -6.1; 0.2; 8.4; -6.1; 0.2; 8.6; 6.4; 0.3; 8.4; 6.4; 0.3; 8.6
179.4; 24.563; -6.1; 0.2; 8.4; -6.1; 0.2; 8.6; 6.4; 0.3; 8.4; 6.4; 0.3; 8.6
179.6; 24.587; -6.1; 0.2; 8.4; -6.1; 0.2; 8.6; 6.4; 0.3; 8.4; 6.4; 0.3; 8.6
179.8; 24.610; -6.1; 0.2; 8.4; -6.1; 0.2; 8.6; 6.4; 0.3; 8.4; 6.4; 0.3; 8.6
180.0; 24.634; -6.1; 0.2; 8.4; -6.1; 0.2; 8.6; 6.4; 0.3; 8.4; 6.4; 0.3; 8.6
180.2; 24.657; -6.1; 0.2; 8.4; -6.1; 0.3; 8.6; 6.4; 0.3; 8.4; 6.4; 0.3; 8.6
180.4; 24.681; -6.1; 0.3; 8.4; -6.1; 0.3; 8.6; 6.4; 0.3; 8.4; 6.4; 0.3; 8.6
180.6; 24.704; -6.1; 0.3; 8.4; -6.1; 0.3; 8.6; 6.4; 0.3; 8.4; 6.4; 0.3; 8.6
180.8; 24.728; -6.1; 0.3; 8.4; -6.1; 0.3; 8.7; 6.4; 0.3; 8.4; 6.4; 0.3; 8.7
181.0; 24.751; -6.1; 0.3; 8.4; -6.1; 0.3; 8.7; 6.4; 0.3; 8.4; 6.4; 0.3; 8.7
181.2; 24.774; -6.1; 0.3; 8.4; -6.1; 0.3; 8.7; 6.4; 0.3; 8.4; 6.4; 0.3; 8.7
181.4; 24.798; -6.1; 0.3; 8.4; -6.1; 0.3; 8.7; 6.4; 0.3; 8.4; 6.4; 0.3; 8.7
181.6; 24.821; -6.1; 0.3; 8.4; -6.1; 0.3; 8.7; 6.4; 0.3; 8.4; 6.4; 0.3; 8.7
181.8; 24.845; -6.1; 0.3; 8.4; -6.1; 0.3; 8.7; 6.4; 0.3; 8.4; 6.4; 0.3; 8.7
182.0; 24.868; -6.1; 0.3; 8.4; -6.1; 0.3; 8.7; 6.4; 0.3; 8.4; 6.4; 0.3; 8.7
182.2; 24.892; -6.1; 0.3; 8.4; -6.1; 0.3; 8.7; 6.4; 0.3; 8.4; 6.4; 0.3; 8.7
182.4; 24.915; -6.1; 0.3; 8.4; -6.1; 0.3; 8.6; 6.4; 0.3; 8.4; 6.4; 0.3; 8.6
182.6; 24.939; -6.1; 0.2; 8.4; -6.1; 0.2; 8.6; 6.4; 0.3; 8.4; 6.4; 0.3; 8.6
182.8; 24.962; -6.1; 0.2; 8.4; -6.1; 0.2; 8.6; 6.4; 0.3; 8.4; 6.4; 0.3; 8.6
183.0; 24.986; -6.1; 0.2; 8.4; -6.1; 0.2; 8.6; 6.4; 0.3; 8.4; 6.4; 0.3; 8.6
183.2; 25.009; -6.1; 0.2; 8.4; -6.1; 0.2; 8.6; 6.4; 0.2; 8.4; 6.4; 0.2; 8.6
183.4; 25.033; -6.1; 0.2; 8.4; -6.1; 0.2; 8.6; 6.4; 0.2; 8.4; 6.4; 0.2; 8.6
183.6; 25.056; -6.1; 0.2; 8.4; -6.1; 0.2; 8.6; 6.4; 0.2; 8.4; 6.4; 0.2; 8.6
183.8; 25.080; -6.1; 0.1; 8.4; -6.1; 0.1; 8.6; 6.4; 0.2; 8.4; 6.4; 0.2; 8.6
184.0; 25.103; -6.1; 0.1; 8.4; -6.1; 0.1; 8.6; 6.4; 0.2; 8.4; 6.4; 0.2; 8.6
184.2; 25.127; -6.1; 0.1; 8.5; -6.1; 0.1; 8.6; 6.4; 0.1; 8.5; 6.4; 0.1; 8.6
184.4; 25.150; -6.1; 0.1; 8.5; -6.1; 0.1; 8.6; 6.4; 0.1; 8.5; 6.4; 0.1; 8.6
184.6; 25.174; -6.1; 0.1; 8.5; -6.1; 0.1; 8.6; 6.4; 0.1; 8.5; 6.4; 0.1; 8.6
184.8; 25.197; -6.1; 0.1; 8.5; -6.1; 0.1; 8.6; 6.4; 0.1; 8.5; 6.4; 0.1; 8.6
185.0; 25.221; -6.1; 0.1; 8.5; -6.1; 0.1; 8.5; 6.4; 0.1; 8.5; 6.4; 0.1; 8.5
185.2; 25.244; -6.1; 0.1; 8.5; -6.1; 0.1; 8.5; 6.4; 0.1; 8.5; 6.4; 0.1; 8.5
185.4; 25.268; -6.1; 0.1; 8.5; -6.1; 0.1; 8.5; 6.4; 0.1; 8.5; 6.4; 0.1; 8.5
185.6; 25.291; -6.1; 0.1; 8.5; -6.1; 0.1; 8.5; 6.4; 0.1; 8.5; 6.4; 0.1; 8.5
185.8; 25.315; -6.1; 0.1; 8.5; -6.1; 0.1; 8.5; 6.4; 0.1; 8.5; 6.4; 0.1; 8.5
186.0; 25.338; -6.1; 0.0; 8.5; -6.1; 0.0; 8.5; 6.4; 0.1; 8.5; 6.4; 0.1; 8.5
186.2; 25.362; -6.1; 0.0; 8.5; -6.1; 0.0; 8.5; 6.4; 0.1; 8.5; 6.4; 0.1; 8.5
186.4; 25.385; -6.1; 0.0; 8.5; -6.1; 0.0; 8.5; 6.4; 0.1; 8.5; 6.4; 0.1; 8.5
186.6; 25.409; -6.1; 0.0; 8.5; -6.1; 0.0; 8.5; 6.4; 0.1; 8.5; 6.4; 0.1; 8.5
186.8; 25.432; -6.1; 0.0; 8.5; -6.1; 0.0; 8.5; 6.4; 0.1; 8.5; 6.4; 0.1; 8.5
187.0; 25.456; -6.1; 0.0; 8.5; -6.1; 0.0; 8.5; 6.4; 0.1; 8.5; 6.4; 0.1; 8.5
187.2; 25.479; -6.1; 0.0; 8.5; -6.1; 0.0; 8.5; 6.4; 0.1; 8.5; 6.4; 0.1; 8.5
187.4; 25.503; -6.1; 0.0; 8.5; -6.1; 0.0; 8.5; 6.4; 0.1; 8.5; 6.4; 0.1; 8.5
187.6; 25.526; -6.1; 0.0; 8.5; -6.1; 0.0; 8.5; 6.4; 0.1; 8.5; 6.4; 0.1; 8.5
187.8; 25.550; -6.1; 0.0; 8.5; -6.1; 0.0; 8.5; 6.4; 0.0; 8.5; 6.4; 0.1; 8.5
188.0; 25.573; -6.1; 0.0; 8.5; -6.1; 0.0; 8.5; 6.4; 0.0; 8.5; 6.4; 0.0; 8.5
188.2; 25.596; -6.1; 0.0; 8.5; -6.1; 0.0; 8.5; 6.4; 0.0; 8.5; 6.4; 0.0; 8.5
188.4; 25.620; -6.1; 0.0; 8.5; -6.1; 0.0; 8.5; 6.4; 0.0; 8.5; 6.4; 0.0; 8.5
188.6; 25.643; -6.1; 0.0; 8.5; -6.1; 0.0; 8.5; 6.4; 0.0; 8.5; 6.4; 0.0; 8.5
188.8; 25.667; -6.1; 0.0; 8.5; -6.1; 0.0; 8.5; 6.4; 0.0; 8.5; 6.4; 0.0; 8.5
189.0; 25.690; -6.1; 0.0; 8.5; -6.1; 0.0; 8.5; 6.4; 0.0; 8.5; 6.4; 0.0; 8.5
189.2; 25.714; -6.1; 0.0; 8.5; -6.1; 0.0; 8.5; 6.4; 0.0; 8.5; 6.4; 0.0; 8.5
189.4; 25.737; -6.1; 0.0; 8.5; -6.1; 0.0; 8.5; 6.4; 0.1; 8.5; 6.4; 0.1; 8.5
189.6; 25.761; -6.1; 0.1; 8.5; -6.1; 0.1; 8.5; 6.4; 0.1; 8.5; 6.4; 0.1; 8.5
189.8; 25.784; -6.1; 0.1; 8.5; -6.1; 0.1; 8.5; 6.4; 0.1; 8.5; 6.4; 0.1; 8.5
190.0; 25.808; -6.1; 0.1; 8.5; -6.1; 0.1; 8.5; 6.4; 0.1; 8.5; 6.4; 0.1; 8.5
190.2; 25.831; -6.1; 0.1; 8.5; -6.1; 0.1; 8.6; 6.4; 0.1; 8.5; 6.4; 0.1; 8.6
190.4; 25.855; -6.1; 0.1; 8.5; -6.1; 0.1; 8.6; 6.4; 0.1; 8.5; 6.4; 0.1; 8.6
190.6; 25.878; -6.1; 0.1; 8.4; -6.1; 0.1; 8.6; 6.4; 0.1; 8.4; 6.4; 0.1; 8.6
190.8; 25.902; -6.1; 0.1; 8.4; -6.1; 0.1; 8.6; 6.4; 0.2; 8.4; 6.4; 0.2; 8.6
191.0; 25.925; -6.1; 0.2; 8.4; -6.1; 0.2; 8.6; 6.4; 0.2; 8.4; 6.4; 0.2; 8.6
191.2; 25.949; -6.1; 0.2; 8.4; -6.1; 0.2; 8.6; 6.4; 0.2; 8.4; 6.4; 0.2; 8.6
191.4; 25.972; -6.1; 0.2; 8.4; -6.1; 0.2; 8.6; 6.4; 0.3; 8.4; 6.4; 0.3; 8.6
191.6; 25.996; -6.1; 0.3; 8.4; -6.1; 0.3; 8.6; 6.4; 0.3; 8.4; 6.4; 0.3; 8.6
191.8; 26.019; -6.1; 0.3; 8.4; -6.1; 0.3; 8.7; 6.4; 0.3; 8.4; 6.4; 0.3; 8.7
192.0; 26.043; -6.1; 0.3; 8.3; -6.1; 0.3; 8.7; 6.4; 0.4; 8.3; 6.4; 0.4; 8.7
192.2; 26.066; -6.1; 0.4; 8.3; -6.1; 0.4; 8.7; 6.4; 0.4; 8.3; 6.4; 0.4; 8.7
192.4; 26.090; -6.1; 0.4; 8.3; -6.1; 0.4; 8.7; 6.4; 0.4; 8.3; 6.4; 0.5; 8.7
192.6; 26.113; -6.1; 0.4; 8.3; -6.1; 0.4; 8.7; 6.3; 0.5; 8.3; 6.3; 0.5; 8.7
192.8; 26.137; -6.0; 0.4; 8.3; -6.0; 0.5; 8.7; 6.3; 0.5; 8.3; 6.3; 0.5; 8.7
193.0; 26.160; -6.0; 0.5; 8.3; -6.0; 0.5; 8.8; 6.3; 0.5; 8.3; 6.3; 0.6; 8.8
193.2; 26.184; -6.0; 0.5; 8.2; -6.0; 0.5; 8.8; 6.3; 0.6; 8.2; 6.3; 0.6; 8.8
193.4; 26.207; -6.0; 0.5; 8.2; -6.0; 0.5; 8.8; 6.3; 0.6; 8.2; 6.3; 0.6; 8.8
193.6; 26.231; -6.0; 0.5; 8.2; -6.0; 0.5; 8.8; 6.3; 0.6; 8.2; 6.3; 0.6; 8.8
193.8; 26.254; -6.0; 0.5; 8.2; -6.0; 0.5; 8.8; 6.3; 0.6; 8.2; 6.3; 0.6; 8.8
194.0; 26.278; -6.0; 0.5; 8.2; -6.0; 0.5; 8.8; 6.3; 0.6; 8.2; 6.3; 0.6; 8.8
194.2; 26.301; -6.1; 0.5; 8.3; -6.1; 0.5; 8.8; 6.3; 0.6; 8.3; 6.3; 0.6; 8.8
194.4; 26.325; -6.1; 0.4; 8.3; -6.1; 0.5; 8.8; 6.4; 0.5; 8.3; 6.4; 0.6; 8.8
194.6; 26.348; -6.1; 0.4; 8.3; -6.1; 0.4; 8.7; 6.4; 0.5; 8.3; 6.4; 0.5; 8.7
194.8; 26.372; -6.1; 0.4; 8.3; -6.1; 0.4; 8.7; 6.4; 0.5; 8.3; 6.4; 0.5; 8.7
195.0; 26.395; -6.1; 0.3; 8.3; -6.1; 0.4; 8.7; 6.4; 0.4; 8.3; 6.4; 0.4; 8.7
195.2; 26.419; -6.1; 0.3; 8.3; -6.1; 0.3; 8.7; 6.4; 0.4; 8.3; 6.4; 0.4; 8.7
195.4; 26.442; -6.1; 0.3; 8.4; -6.1; 0.3; 8.7; 6.4; 0.3; 8.4; 6.4; 0.4; 8.7
195.6; 26.466; -6.1; 0.2; 8.4; -6.1; 0.2; 8.6; 6.4; 0.3; 8.4; 6.4; 0.3; 8.6
195.8; 26.489; -6.1; 0.2; 8.4; -6.1; 0.2; 8.6; 6.4; 0.3; 8.4; 6.4; 0.3; 8.6
196.0; 26.513; -6.1; 0.2; 8.4; -6.1; 0.2; 8.6; 6.4; 0.2; 8.4; 6.4; 0.2; 8.6
196.2; 26.536; -6.1; 0.1; 8.4; -6.1; 0.2; 8.6; 6.4; 0.2; 8.4; 6.4; 0.2; 8.6
196.4; 26.559; -6.1; 0.1; 8.4; -6.1; 0.1; 8.6; 6.4; 0.2; 8.4; 6.4; 0.2; 8.6
196.6; 26.583; -6.1; 0.1; 8.5; -6.1; 0.1; 8.6; 6.4; 0.1; 8.5; 6.4; 0.1; 8.6
196.8; 26.606; -6.1; 0.1; 8.5; -6.1; 0.1; 8.6; 6.4; 0.1; 8.5; 6.4; 0.1; 8.6
197.0; 26.630; -6.1; 0.1; 8.5; -6.1; 0.1; 8.5; 6.4; 0.1; 8.5; 6.4; 0.1; 8.5
197.2; 26.653; -6.1; 0.0; 8.5; -6.1; 0.0; 8.5; 6.4; 0.1; 8.5; 6.4; 0.1; 8.5
197.4; 26.677; -6.1; 0.0; 8.5; -6.1; 0.0; 8.5; 6.4; 0.0; 8.5; 6.4; 0.0; 8.5
197.6; 26.700; -6.1; 0.0; 8.5; -6.1; 0.0; 8.5; 6.4; 0.0; 8.5; 6.4; 0.0; 8.5
197.8; 26.724; -6.1; 0.0; 8.5; -6.1; 0.0; 8.5; 6.4; 0.0; 8.5; 6.4; 0.0; 8.5
198.0; 26.747; -6.1; 0.0; 8.5; -6.1; 0.0; 8.5; 6.4; 0.0; 8.5; 6.4; 0.0; 8.5
198.2; 26.771; -6.1; 0.0; 8.5; -6.1; 0.0; 8.5; 6.4; 0.0; 8.5; 6.4; 0.0; 8.5
198.4; 26.794; -6.1; 0.0; 8.5; -6.1; 0.0; 8.5; 6.4; 0.0; 8.5; 6.4; 0.0; 8.5
198.6; 26.818; -6.1; 0.0; 8.5; -6.1; 0.0; 8.5; 6.4; 0.0; 8.5; 6.4; 0.0; 8.5
198.8; 26.841; -6.1; 0.0; 8.5; -6.1; 0.0; 8.5; 6.4; 0.0; 8.5; 6.4; 0.0; 8.5
199.0; 26.865; -6.1; 0.0; 8.5; -6.1; 0.0; 8.5; 6.4; 0.0; 8.5; 6.4; 0.0; 8.5
199.2; 26.888; -6.1; 0.0; 8.5; -6.1; 0.0; 8.5; 6.4; 0.0; 8.5; 6.4; 0.0; 8.5
199.4; 26.912; -6.1; 0.0; 8.5; -6.1; 0.0; 8.5; 6.4; 0.0; 8.5; 6.4; 0.0; 8.5
199.6; 26.935; -6.1; 0.0; 8.5; -6.1; 0.0; 8.5; 6.4; 0.0; 8.5; 6.4; 0.0; 8.5
199.8; 26.959; -6.1; 0.0; 8.5; -6.1; 0.0; 8.5; 6.4; 0.1; 8.5; 6.4; 0.1; 8.5
200.0; 26.982; -6.1; 0.1; 8.5; -6.1; 0.1; 8.5; 6.4; 0.1; 8.5; 6.4; 0.1; 8.5
200.2; 27.006; -6.1; 0.1; 8.5; -6.1; 0.1; 8.5; 6.4; 0.1; 8.5; 6.4; 0.1; 8.5
200.4; 27.029; -6.1; 0.1; 8.5; -6.1; 0.1; 8.6; 6.4; 0.1; 8.5; 6.4; 0.1; 8.6
200.6; 27.053; -6.1; 0.1; 8.5; -6.1; 0.1; 8.6; 6.4; 0.1; 8.5; 6.4; 0.1; 8.6
200.8; 27.076; -6.1; 0.1; 8.4; -6.1; 0.1; 8.6; 6.4; 0.1; 8.4; 6.4; 0.1; 8.6
201.0; 27.100; -6.1; 0.1; 8.4; -6.1; 0.1; 8.6; 6.4; 0.1; 8.4; 6.4; 0.2; 8.6
201.2; 27.123; -6.1; 0.1; 8.4; -6.1; 0.1; 8.6; 6.4; 0.2; 8.4; 6.4; 0.2; 8.6
201.4; 27.147; -6.1; 0.2; 8.4; -6.1; 0.2; 8.6; 6.4; 0.2; 8.4; 6.4; 0.2; 8.6
201.6; 27.170; -6.1; 0.2; 8.4; -6.1; 0.2; 8.6; 6.4; 0.2; 8.4; 6.4; 0.2; 8.6
201.8; 27.194; -6.1; 0.2; 8.4; -6.1; 0.2; 8.6; 6.4; 0.2; 8.4; 6.4; 0.2; 8.6
202.0; 27.217; -6.1; 0.2; 8.4; -6.1; 0.2; 8.6; 6.4; 0.2; 8.4; 6.4; 0.2; 8.6
202.2; 27.241; -6.1; 0.2; 8.4; -6.1; 0.2; 8.6; 6.4; 0.2; 8.4; 6.4; 0.2; 8.6
202.4; 27.264; -6.1; 0.2; 8.4; -6.1; 0.2; 8.6; 6.4; 0.2; 8.4; 6.4; 0.2; 8.6
202.6; 27.288; -6.1; 0.2; 8.4; -6.1; 0.2; 8.6; 6.4; 0.2; 8.4; 6.4; 0.3; 8.6
202.8; 27.311; -6.1; 0.2; 8.4; -6.1; 0.2; 8.6; 6.4; 0.3; 8.4; 6.4; 0.3; 8.6
203.0; 27.335; -6.1; 0.2; 8.4; -6.1; 0.2; 8.6; 6.4; 0.3; 8.4; 6.4; 0.3; 8.6
203.2; 27.358; -6.1; 0.2; 8.4; -6.1; 0.2; 8.6; 6.4; 0.3; 8.4; 6.4; 0.3; 8.6
203.4; 27.382; -6.1; 0.2; 8.4; -6.1; 0.2; 8.6; 6.4; 0.3; 8.4; 6.4; 0.3; 8.6
203.6; 27.405; -6.1; 0.2; 8.4; -6.1; 0.2; 8.6; 6.4; 0.2; 8.4; 6.4; 0.3; 8.6
203.8; 27.429; -6.1; 0.2; 8.4; -6.1; 0.2; 8.6; 6.4; 0.2; 8.4; 6.4; 0.3; 8.6
204.0; 27.452; -6.1; 0.2; 8.4; -6.1; 0.2; 8.6; 6.4; 0.2; 8.4; 6.4; 0.2; 8.6
204.2; 27.476; -6.1; 0.2; 8.4; -6.1; 0.2; 8.6; 6.4; 0.2; 8.4; 6.4; 0.2; 8.6
204.4; 27.499; -6.1; 0.2; 8.4; -6.1; 0.2; 8.6; 6.4; 0.2; 8.4; 6.4; 0.2; 8.6
204.6; 27.523; -6.1; 0.2; 8.4; -6.1; 0.2; 8.6; 6.4; 0.2; 8.4; 6.4; 0.2; 8.6
204.8; 27.546; -6.1; 0.2; 8.4; -6.1; 0.2; 8.6; 6.4; 0.2; 8.4; 6.4; 0.2; 8.6
205.0; 27.569; -6.1; 0.2; 8.4; -6.1; 0.2; 8.6; 6.4; 0.2; 8.4; 6.4; 0.2; 8.6
205.2; 27.593; -6.1; 0.2; 8.4; -6.1; 0.2; 8.6; 6.4; 0.2; 8.4; 6.4; 0.2; 8.6
205.4; 27.616; -6.1; 0.1; 8.4; -6.1; 0.2; 8.6; 6.4; 0.2; 8.4; 6.4; 0.2; 8.6
205.6; 27.640; -6.1; 0.1; 8.4; -6.1; 0.1; 8.6; 6.4; 0.2; 8.4; 6.4; 0.2; 8.6
205.8; 27.663; -6.1; 0.1; 8.4; -6.1; 0.1; 8.6; 6.4; 0.2; 8.4; 6.4; 0.2; 8.6
206.0; 27.687; -6.1; 0.1; 8.4; -6.1; 0.1; 8.6; 6.4; 0.2; 8.4; 6.4; 0.2; 8.6
206.2; 27.710; -6.1; 0.1; 8.4; -6.1; 0.1; 8.6; 6.4; 0.2; 8.4; 6.4; 0.2; 8.6
206.4; 27.734; -6.1; 0.1; 8.4; -6.1; 0.1; 8.6; 6.4; 0.1; 8.4; 6.4; 0.1; 8.6
206.6; 27.757; -6.1; 0.1; 8.4; -6.1; 0.1; 8.6; 6.4; 0.1; 8.4; 6.4; 0.1; 8.6
206.8; 27.781; -6.1; 0.1; 8.4; -6.1; 0.1; 8.6; 6.4; 0.1; 8.4; 6.4; 0.1; 8.6
207.0; 27.804; -6.1; 0.1; 8.5; -6.1; 0.1; 8.6; 6.4; 0.1; 8.5; 6.4; 0.1; 8.6
207.2; 27.828; -6.1; 0.1; 8.5; -6.1; 0.1; 8.6; 6.4; 0.1; 8.5; 6.4; 0.1; 8.6
207.4; 27.851; -6.1; 0.1; 8.5; -6.1; 0.1; 8.6; 6.4; 0.1; 8.5; 6.4; 0.1; 8.6
207.6; 27.875; -6.1; 0.1; 8.5; -6.1; 0.1; 8.6; 6.4; 0.1; 8.5; 6.4; 0.1; 8.6
207.8; 27.898; -6.1; 0.1; 8.5; -6.1; 0.1; 8.6; 6.4; 0.1; 8.5; 6.4; 0.1; 8.6
208.0; 27.922; -6.1; 0.1; 8.5; -6.1; 0.1; 8.6; 6.4; 0.1; 8.5; 6.4; 0.1; 8.6
208.2; 27.945; -6.1; 0.1; 8.5; -6.1; 0.1; 8.6; 6.4; 0.1; 8.5; 6.4; 0.1; 8.6
208.4; 27.969; -6.1; 0.1; 8.5; -6.1; 0.1; 8.6; 6.4; 0.1; 8.5; 6.4; 0.1; 8.6
208.6; 27.992; -6.1; 0.1; 8.5; -6.1; 0.1; 8.6; 6.4; 0.1; 8.5; 6.4; 0.1; 8.6
208.8; 28.016; -6.1; 0.1; 8.5; -6.1; 0.1; 8.6; 6.4; 0.1; 8.5; 6.4; 0.1; 8.6
209.0; 28.039; -6.1; 0.1; 8.5; -6.1; 0.1; 8.5; 6.4; 0.1; 8.5; 6.4; 0.1; 8.5
209.2; 28.063; -6.1; 0.1; 8.5; -6.1; 0.1; 8.5; 6.4; 0.1; 8.5; 6.4; 0.1; 8.5
209.4; 28.086; -6.1; 0.1; 8.5; -6.1; 0.1; 8.5; 6.4; 0.1; 8.5; 6.4; 0.1; 8.5
209.6; 28.110; -6.1; 0.1; 8.5; -6.1; 0.1; 8.6; 6.4; 0.1; 8.5; 6.4; 0.1; 8.6
209.8; 28.133; -6.1; 0.1; 8.5; -6.1; 0.1; 8.6; 6.4; 0.1; 8.5; 6.4; 0.1; 8.6
210.0; 28.157; -6.1; 0.1; 8.5; -6.1; 0.1; 8.6; 6.4; 0.1; 8.5; 6.4; 0.1; 8.6
210.2; 28.180; -6.2; 0.1; 8.5; -6.2; 0.1; 8.6; 6.4; 0.1; 8.5; 6.4; 0.1; 8.6
210.4; 28.204; -6.2; 0.1; 8.4; -6.2; 0.1; 8.6; 6.4; 0.1; 8.4; 6.4; 0.2; 8.6
210.6; 28.227; -6.2; 0.2; 8.4; -6.2; 0.2; 8.6; 6.4; 0.2; 8.4; 6.4; 0.2; 8.6
210.8; 28.251; -6.2; 0.2; 8.4; -6.2; 0.2; 8.6; 6.4; 0.2; 8.4; 6.4; 0.2; 8.6
211.0; 28.274; -6.2; 0.2; 8.4; -6.2; 0.2; 8.6; 6.4; 0.2; 8.4; 6.4; 0.2; 8.6
211.2; 28.298; -6.2; 0.3; 8.4; -6.2; 0.3; 8.6; 6.4; 0.3; 8.4; 6.4; 0.3; 8.6
211.4; 28.321; -6.1; 0.3; 8.4; -6.1; 0.3; 8.7; 6.4; 0.3; 8.4; 6.4; 0.3; 8.7
211.6; 28.345; -6.1; 0.3; 8.3; -6.1; 0.3; 8.7; 6.4; 0.4; 8.3; 6.4; 0.4; 8.7
211.8; 28.368; -6.1; 0.4; 8.3; -6.1; 0.4; 8.7; 6.4; 0.4; 8.3; 6.4; 0.4; 8.7
212.0; 28.392; -6.1; 0.4; 8.3; -6.1; 0.4; 8.7; 6.4; 0.5; 8.3; 6.4; 0.5; 8.7
212.2; 28.415; -6.1; 0.5; 8.3; -6.1; 0.5; 8.8; 6.4; 0.5; 8.3; 6.4; 0.6; 8.8
212.4; 28.439; -6.0; 0.5; 8.2; -6.0; 0.6; 8.8; 6.3; 0.6; 8.2; 6.3; 0.6; 8.8
212.6; 28.462; -6.0; 0.6; 8.2; -6.0; 0.6; 8.8; 6.3; 0.7; 8.2; 6.3; 0.7; 8.8
212.8; 28.486; -5.9; 0.6; 8.2; -5.9; 0.7; 8.8; 6.2; 0.7; 8.2; 6.2; 0.8; 8.8
213.0; 28.509; -5.9; 0.6; 8.2; -5.9; 0.7; 8.9; 6.2; 0.7; 8.2; 6.2; 0.8; 8.9
213.2; 28.533; -5.8; 0.7; 8.1; -5.8; 0.7; 8.9; 6.1; 0.8; 8.1; 6.1; 0.8; 8.9
213.4; 28.556; -5.7; 0.7; 8.1; -5.7; 0.7; 8.9; 6.0; 0.8; 8.1; 6.0; 0.9; 8.9
213.6; 28.580; -5.7; 0.7; 8.1; -5.7; 0.7; 8.9; 6.0; 0.8; 8.1; 6.0; 0.9; 8.9
213.8; 28.603; -5.6; 0.7; 8.1; -5.6; 0.7; 8.9; 5.9; 0.8; 8.1; 5.9; 0.9; 8.9
214.0; 28.627; -5.6; 0.6; 8.2; -5.6; 0.7; 8.9; 5.9; 0.8; 8.2; 5.9; 0.8; 8.9
214.2; 28.650; -5.6; 0.6; 8.2; -5.6; 0.6; 8.8; 5.9; 0.7; 8.2; 5.9; 0.8; 8.8
214.4; 28.674; -7.3; 0.5; 9.8; -7.3; 0.6; 10.3; -2.6; 0.6; 6.7; -2.6; 0.7; 7.3
214.6; 28.698; -10.8; 0.5; 10.8; -10.8; 0.5; 11.3; -5.7; 0.6; 5.7; -5.7; 0.6; 6.2
214.8; 28.723; -10.8; 0.4; 10.8; -10.8; 0.4; 11.3; -5.7; 0.5; 5.7; -5.7; 0.5; 6.2
215.0; 28.749; -10.9; 0.2; 10.9; -10.9; 0.2; 11.2; -5.8; 0.3; 5.8; -5.8; 0.4; 6.1
215.2; 28.776; -11.1; -0.1; 11.1; -11.1; -0.1; 11.1; -5.9; 0.1; 5.9; -5.9; 0.1; 5.9
215.4; 28.803; -10.8; -0.6; 11.3; -10.8; -0.5; 10.8; -5.7; -0.4; 6.2; -5.7; -0.4; 5.8
215.6; 28.832; -10.3; -1.3; 11.5; -10.3; -1.2; 10.3; -5.4; -1.3; 6.7; -5.4; -1.1; 5.5
215.8; 28.862; -9.5; -2.4; 11.8; -9.5; -2.0; 9.7; -4.9; -2.6; 7.4; -4.9; -1.9; 5.3
216.0; 28.893; -8.4; -3.8; 12.0; -8.4; -2.7; 8.8; -4.2; -4.3; 8.2; -4.2; -2.6; 5.0
216.2; 28.925; -7.2; -5.3; 12.3; -7.2; -3.4; 8.0; -3.4; -6.1; 9.0; -3.4; -3.2; 4.7
216.4; 28.959; -6.1; -6.8; 12.5; -6.1; -3.8; 7.2; -2.6; -7.8; 9.8; -2.6; -3.7; 4.5
216.6; 28.993; -5.2; -8.0; 12.6; -5.2; -4.0; 6.6; -1.9; -9.2; 10.4; -1.9; -3.9; 4.4
216.8; 29.029; -4.6; -8.8; 12.7; -4.6; -4.1; 6.1; -1.3; -10.2; 10.9; -1.3; -4.1; 4.3
217.0; 29.066; -4.2; -9.2; 12.7; -4.2; -4.1; 5.9; -0.9; -10.8; 11.1; -0.9; -4.2; 4.3
217.2; 29.104; -4.1; -9.3; 12.7; -4.1; -4.1; 5.8; -0.6; -11.1; 11.3; -0.6; -4.3; 4.3
217.4; 29.144; -4.0; -9.2; 12.7; -4.0; -4.1; 5.7; -0.4; -11.2; 11.3; -0.4; -4.3; 4.3
217.6; 29.185; -4.0; -9.2; 12.7; -4.0; -4.0; 5.7; -0.3; -11.3; 11.3; -0.3; -4.3; 4.3
217.8; 29.227; -4.0; -9.1; 12.7; -4.0; -4.0; 5.7; -0.3; -11.3; 11.3; -0.3; -4.4; 4.4
218.0; 29.271; -4.1; -9.1; 12.6; -4.1; -4.0; 5.7; -0.3; -11.2; 11.3; -0.3; -4.4; 4.4
218.2; 29.318; -4.3; -8.9; 12.6; -4.3; -3.9; 5.8; -0.3; -11.1; 11.2; -0.3; -4.4; 4.4
218.4; 29.365; -4.4; -8.8; 12.6; -4.4; -3.9; 5.9; -0.5; -11.0; 11.1; -0.5; -4.4; 4.4
218.6; 29.413; -4.7; -8.6; 12.6; -4.7; -3.8; 6.0; -0.7; -10.7; 11.0; -0.7; -4.3; 4.4
218.8; 29.461; -5.0; -8.4; 12.6; -5.0; -3.7; 6.2; -1.0; -10.3; 10.8; -1.0; -4.3; 4.4
219.0; 29.507; -5.4; -8.2; 12.6; -5.4; -3.6; 6.5; -1.3; -9.8; 10.5; -1.3; -4.2; 4.4
219.2; 29.550; -5.8; -8.0; 12.5; -5.8; -3.5; 6.8; -1.7; -9.2; 10.3; -1.7; -4.1; 4.5
219.4; 29.592; -6.2; -7.7; 12.5; -6.2; -3.3; 7.1; -2.1; -8.5; 10.0; -2.1; -4.0; 4.5
219.6; 29.633; -6.7; -7.5; 12.4; -6.7; -3.1; 7.4; -2.4; -7.8; 9.6; -2.4; -3.9; 4.6
219.8; 29.676; -7.3; -7.3; 12.3; -7.3; -2.7; 7.8; -2.8; -6.9; 9.3; -2.8; -3.7; 4.7
220.0; 29.720; -5.4; -6.9; 11.9; -5.4; -2.0; 7.8; -3.6; -6.0; 9.2; -3.6; -3.6; 5.1
220.2; 29.764; -0.1; -6.1; 10.6; -0.1; -1.5; 6.5; -0.1; -5.3; 10.5; -0.1; -3.6; 6.5
220.4; 29.803; -0.1; -6.2; 9.8; -0.1; -1.9; 5.7; 5.3; -5.2; 11.4; 5.3; -3.6; 7.2
220.6; 29.837; -0.1; -6.3; 9.7; -0.1; -2.0; 5.5; 6.3; -5.4; 11.6; 6.3; -3.7; 7.3
220.8; 29.870; -0.1; -6.3; 9.8; -0.1; -2.1; 5.4; 6.2; -5.6; 11.6; 6.2; -3.8; 7.2
221.0; 29.907; -0.1; -6.4; 9.9; -0.1; -2.3; 5.4; 6.0; -5.9; 11.7; 6.0; -3.9; 7.1
221.2; 29.953; -0.1; -6.6; 10.0; -0.1; -2.4; 5.3; 5.8; -6.2; 11.7; 5.8; -4.0; 7.0
221.4; 30.008; -0.1; -6.8; 10.2; -0.1; -2.6; 5.2; 5.5; -6.6; 11.8; 5.5; -4.1; 6.9
221.6; 30.067; -0.1; -7.0; 10.3; -0.1; -2.7; 5.2; 5.2; -7.0; 11.8; 5.2; -4.2; 6.7
221.8; 30.127; -0.1; -7.2; 10.4; -0.1; -2.9; 5.1; 5.0; -7.3; 11.9; 5.0; -4.3; 6.6
222.0; 30.185; -0.1; -7.4; 10.6; -0.1; -3.0; 5.1; 4.7; -7.7; 12.0; 4.7; -4.4; 6.5
222.2; 30.239; -0.1; -7.6; 10.7; -0.1; -3.1; 5.0; 4.5; -8.0; 12.0; 4.5; -4.4; 6.3
222.4; 30.290; -0.1; -7.8; 10.8; -0.1; -3.1; 5.0; 4.3; -8.3; 12.0; 4.3; -4.5; 6.2
222.6; 30.338; -0.1; -7.9; 10.9; -0.1; -3.2; 4.9; 4.1; -8.5; 12.1; 4.1; -4.5; 6.1
222.8; 30.385; -0.1; -8.1; 11.0; -0.1; -3.2; 4.9; 4.0; -8.7; 12.1; 4.0; -4.6; 6.1
223.0; 30.429; -0.1; -7.9; 10.9; -0.1; -3.2; 4.9; 4.1; -8.6; 12.1; 4.1; -4.6; 6.1
223.2; 30.472; -0.1; -7.3; 10.7; -0.1; -3.2; 5.0; 4.5; -8.1; 12.0; 4.5; -4.4; 6.3
223.4; 30.514; -0.1; -6.5; 10.3; -0.1; -3.0; 5.2; 5.2; -7.2; 11.8; 5.2; -4.2; 6.7
223.6; 30.555; -0.1; -5.5; 9.9; -0.1; -2.8; 5.4; 6.0; -6.2; 11.6; 6.0; -3.9; 7.1
223.8; 30.595; -0.1; -4.5; 9.4; -0.1; -2.5; 5.6; 6.7; -5.1; 11.4; 6.7; -3.5; 7.6
224.0; 30.633; -0.1; -3.6; 9.0; -0.1; -2.2; 5.8; 7.4; -4.1; 11.2; 7.4; -3.0; 8.0
224.2; 30.670; -0.1; -2.7; 8.6; -0.1; -1.9; 6.1; 8.1; -3.1; 11.0; 8.1; -2.5; 8.4
224.4; 30.706; -0.1; -2.0; 8.2; -0.1; -1.5; 6.3; 8.6; -2.4; 10.7; 8.6; -2.0; 8.8
224.6; 30.741; -0.1; -1.5; 7.9; -0.1; -1.2; 6.5; 9.0; -1.8; 10.6; 9.0; -1.5; 9.1
224.8; 30.775; -0.1; -1.0; 7.7; -0.1; -0.9; 6.6; 9.3; -1.3; 10.4; 9.3; -1.1; 9.3
225.0; 30.808; -0.1; -0.7; 7.5; -0.1; -0.6; 6.7; 9.5; -0.9; 10.3; 9.5; -0.8; 9.5
225.2; 30.840; -0.1; -0.5; 7.3; -0.1; -0.4; 6.8; 9.7; -0.6; 10.2; 9.7; -0.6; 9.7
225.4; 30.872; -0.1; -0.3; 7.2; -0.1; -0.3; 6.9; 9.8; -0.4; 10.1; 9.8; -0.4; 9.8
225.6; 30.902; -0.1; -0.1; 7.1; -0.1; -0.1; 7.0; 9.9; -0.2; 10.0; 9.9; -0.2; 9.9
225.8; 30.932; -0.1; -0.1; 7.1; -0.1; -0.1; 7.0; 9.9; -0.1; 10.0; 9.9; -0.1; 9.9
226.0; 30.961; -0.1; -0.0; 7.1; -0.1; -0.0; 7.0; 10.0; -0.0; 10.0; 10.0; -0.0; 10.0
226.2; 30.989; -0.1; -0.0; 7.0; -0.1; -0.0; 7.0; 10.0; -0.0; 10.0; 10.0; -0.0; 10.0
226.4; 31.016; -0.1; -0.0; 7.1; -0.1; -0.0; 7.0; 10.0; -0.0; 10.0; 10.0; -0.0; 10.0
226.6; 31.044; -0.1; -0.0; 7.1; -0.1; -0.0; 7.0; 9.9; -0.0; 10.0; 9.9; -0.0; 9.9
226.8; 31.070; -0.1; -0.1; 7.1; -0.1; -0.1; 7.0; 9.9; -0.1; 10.0; 9.9; -0.1; 9.9
227.0; 31.096; -0.1; -0.2; 7.2; -0.1; -0.2; 7.0; 9.8; -0.2; 10.1; 9.8; -0.2; 9.8
227.2; 31.122; -0.1; -0.3; 7.2; -0.1; -0.3; 6.9; 9.8; -0.4; 10.1; 9.8; -0.3; 9.8
227.4; 31.147; -0.1; -0.5; 7.3; -0.1; -0.4; 6.9; 9.7; -0.5; 10.2; 9.7; -0.5; 9.7
227.6; 31.171; -0.1; -0.6; 7.4; -0.1; -0.6; 6.8; 9.6; -0.7; 10.2; 9.6; -0.7; 9.6
227.8; 31.196; -0.1; -0.8; 7.5; -0.1; -0.7; 6.7; 9.5; -0.9; 10.3; 9.5; -0.8; 9.5
228.0; 31.220; -0.1; -0.9; 7.6; -0.1; -0.8; 6.7; 9.4; -1.0; 10.3; 9.4; -1.0; 9.4
228.2; 31.243; -2.5; -1.1; 8.7; -2.5; -1.0; 7.6; 5.2; -1.2; 9.4; 5.2; -1.1; 8.4
228.4; 31.267; -4.0; -1.2; 9.1; -4.0; -1.1; 7.9; 4.3; -1.4; 9.1; 4.3; -1.2; 7.9
228.6; 31.291; -4.7; -1.3; 9.1; -4.7; -1.1; 7.9; 5.0; -1.5; 9.2; 5.0; -1.3; 7.9
228.8; 31.314; -5.3; -1.3; 9.2; -5.3; -1.1; 7.9; 5.6; -1.6; 9.2; 5.6; -1.4; 7.9
229.0; 31.338; -5.7; -1.3; 9.1; -5.7; -1.1; 7.9; 6.0; -1.5; 9.1; 6.0; -1.3; 7.9
229.2; 31.362; -5.9; -1.2; 9.1; -5.9; -1.0; 7.9; 6.2; -1.5; 9.1; 6.2; -1.3; 7.9
229.4; 31.385; -6.0; -1.1; 9.1; -6.0; -1.0; 8.0; 6.3; -1.3; 9.1; 6.3; -1.2; 8.0
229.6; 31.409; -6.1; -1.0; 9.0; -6.1; -0.9; 8.0; 6.3; -1.2; 9.0; 6.3; -1.1; 8.0
229.8; 31.432; -6.1; -0.9; 9.0; -6.1; -0.8; 8.1; 6.4; -1.1; 9.0; 6.4; -1.0; 8.1
230.0; 31.456; -6.1; -0.8; 8.9; -6.1; -0.7; 8.1; 6.4; -1.0; 8.9; 6.4; -0.9; 8.1
230.2; 31.480; -6.1; -0.6; 8.9; -6.1; -0.6; 8.2; 6.4; -0.8; 8.9; 6.4; -0.8; 8.2
230.4; 31.503; -6.2; -0.5; 8.8; -6.2; -0.5; 8.2; 6.4; -0.7; 8.8; 6.4; -0.7; 8.2
230.6; 31.527; -6.2; -0.5; 8.8; -6.2; -0.4; 8.3; 6.4; -0.6; 8.8; 6.4; -0.6; 8.3
230.8; 31.550; -6.2; -0.4; 8.7; -6.2; -0.4; 8.3; 6.4; -0.5; 8.7; 6.4; -0.5; 8.3
231.0; 31.574; -6.2; -0.3; 8.7; -6.2; -0.3; 8.3; 6.4; -0.4; 8.7; 6.4; -0.4; 8.3
231.2; 31.598; -6.2; -0.2; 8.6; -6.2; -0.2; 8.4; 6.4; -0.3; 8.6; 6.4; -0.3; 8.4
231.4; 31.621; -6.1; -0.2; 8.6; -6.1; -0.2; 8.4; 6.4; -0.2; 8.6; 6.4; -0.2; 8.4
231.6; 31.645; -6.1; -0.1; 8.6; -6.1; -0.1; 8.4; 6.4; -0.2; 8.6; 6.4; -0.2; 8.4
231.8; 31.668; -6.1; -0.1; 8.6; -6.1; -0.1; 8.5; 6.4; -0.1; 8.6; 6.4; -0.1; 8.5
232.0; 31.692; -6.1; -0.0; 8.5; -6.1; -0.0; 8.5; 6.4; -0.1; 8.5; 6.4; -0.1; 8.5
232.2; 31.715; -6.1; -0.0; 8.5; -6.1; -0.0; 8.5; 6.4; -0.0; 8.5; 6.4; -0.0; 8.5
232.4; 31.739; -6.1; 0.0; 8.5; -6.1; 0.0; 8.5; 6.4; 0.0; 8.5; 6.4; 0.0; 8.5
232.6; 31.762; -6.1; 0.0; 8.5; -6.1; 0.0; 8.5; 6.4; 0.0; 8.5; 6.4; 0.0; 8.5
232.8; 31.786; -6.1; 0.1; 8.5; -6.1; 0.1; 8.5; 6.4; 0.1; 8.5; 6.4; 0.1; 8.5
233.0; 31.810; -6.1; 0.1; 8.5; -6.1; 0.1; 8.5; 6.4; 0.1; 8.5; 6.4; 0.1; 8.5
233.2; 31.833; -6.1; 0.1; 8.5; -6.1; 0.1; 8.5; 6.4; 0.1; 8.5; 6.4; 0.1; 8.5
233.4; 31.857; -6.1; 0.1; 8.5; -6.1; 0.1; 8.6; 6.4; 0.1; 8.5; 6.4; 0.1; 8.6
233.6; 31.880; -6.1; 0.1; 8.5; -6.1; 0.1; 8.6; 6.4; 0.1; 8.5; 6.4; 0.1; 8.6
233.8; 31.904; -6.1; 0.1; 8.5; -6.1; 0.1; 8.6; 6.4; 0.1; 8.5; 6.4; 0.1; 8.6
234.0; 31.927; -6.1; 0.1; 8.5; -6.1; 0.1; 8.6; 6.4; 0.1; 8.5; 6.4; 0.1; 8.6
234.2; 31.951; -6.1; 0.1; 8.5; -6.1; 0.1; 8.5; 6.4; 0.1; 8.5; 6.4; 0.1; 8.5
234.4; 31.974; -6.1; 0.1; 8.5; -6.1; 0.1; 8.5; 6.4; 0.1; 8.5; 6.4; 0.1; 8.5
234.6; 31.998; -6.1; 0.1; 8.5; -6.1; 0.1; 8.5; 6.4; 0.1; 8.5; 6.4; 0.1; 8.5
234.8; 32.021; -6.1; 0.1; 8.5; -6.1; 0.1; 8.5; 6.4; 0.1; 8.5; 6.4; 0.1; 8.5
235.0; 32.045; -6.1; 0.1; 8.5; -6.1; 0.1; 8.5; 6.4; 0.1; 8.5; 6.4; 0.1; 8.5
235.2; 32.068; -6.1; 0.0; 8.5; -6.1; 0.0; 8.5; 6.4; 0.1; 8.5; 6.4; 0.1; 8.5
235.4; 32.092; -6.1; 0.0; 8.5; -6.1; 0.0; 8.5; 6.4; 0.1; 8.5; 6.4; 0.1; 8.5
235.6; 32.115; -6.1; 0.0; 8.5; -6.1; 0.0; 8.5; 6.4; 0.0; 8.5; 6.4; 0.0; 8.5
235.8; 32.139; -6.1; 0.0; 8.5; -6.1; 0.0; 8.5; 6.4; 0.0; 8.5; 6.4; 0.0; 8.5
236.0; 32.162; -6.1; 0.0; 8.5; -6.1; 0.0; 8.5; 6.4; 0.0; 8.5; 6.4; 0.0; 8.5
236.2; 32.186; -6.1; 0.0; 8.5; -6.1; 0.0; 8.5; 6.4; 0.0; 8.5; 6.4; 0.0; 8.5
236.4; 32.209; -6.1; 0.0; 8.5; -6.1; 0.0; 8.5; 6.4; 0.0; 8.5; 6.4; 0.0; 8.5
236.6; 32.233; -6.1; 0.0; 8.5; -6.1; 0.0; 8.5; 6.4; 0.0; 8.5; 6.4; 0.0; 8.5
236.8; 32.256; -6.1; 0.0; 8.5; -6.1; 0.0; 8.5; 6.4; 0.0; 8.5; 6.4; 0.0; 8.5
237.0; 32.280; -6.1; -0.0; 8.5; -6.1; -0.0; 8.5; 6.4; 0.0; 8.5; 6.4; 0.0; 8.5
237.2; 32.303; -6.1; -0.0; 8.5; -6.1; -0.0; 8.5; 6.4; -0.0; 8.5; 6.4; -0.0; 8.5
237.4; 32.327; -6.1; -0.0; 8.5; -6.1; -0.0; 8.5; 6.4; -0.0; 8.5; 6.4; -0.0; 8.5
237.6; 32.350; -6.1; -0.0; 8.5; -6.1; -0.0; 8.5; 6.4; -0.0; 8.5; 6.4; -0.0; 8.5
237.8; 32.374; -6.1; -0.0; 8.5; -6.1; -0.0; 8.5; 6.4; -0.0; 8.5; 6.4; -0.0; 8.5
238.0; 32.398; -6.1; -0.0; 8.5; -6.1; -0.0; 8.5; 6.4; -0.0; 8.5; 6.4; -0.0; 8.5
238.2; 32.421; -6.1; -0.0; 8.5; -6.1; -0.0; 8.5; 6.4; -0.0; 8.5; 6.4; -0.0; 8.5
238.4; 32.445; -6.1; -0.0; 8.5; -6.1; -0.0; 8.5; 6.4; -0.0; 8.5; 6.4; -0.0; 8.5
238.6; 32.468; -6.1; -0.0; 8.5; -6.1; -0.0; 8.5; 6.4; -0.0; 8.5; 6.4; -0.0; 8.5
238.8; 32.492; -6.1; -0.0; 8.5; -6.1; -0.0; 8.5; 6.4; -0.0; 8.5; 6.4; -0.0; 8.5
239.0; 32.515; -6.1; -0.0; 8.5; -6.1; -0.0; 8.5; 6.4; -0.0; 8.5; 6.4; -0.0; 8.5
239.2; 32.539; -6.1; -0.0; 8.5; -6.1; -0.0; 8.5; 6.4; -0.0; 8.5; 6.4; -0.0; 8.5
239.4; 32.563; -6.1; -0.0; 8.5; -6.1; -0.0; 8.5; 6.4; -0.0; 8.5; 6.4; -0.0; 8.5
239.6; 32.586; -6.1; -0.0; 8.5; -6.1; -0.0; 8.5; 6.4; -0.0; 8.5; 6.4; -0.0; 8.5
239.8; 32.610; -6.1; -0.0; 8.5; -6.1; -0.0; 8.5; 6.4; -0.0; 8.5; 6.4; -0.0; 8.5
240.0; 32.633; -6.1; -0.0; 8.5; -6.1; -0.0; 8.5; 6.4; -0.0; 8.5; 6.4; -0.0; 8.5
240.2; 32.657; -6.1; -0.0; 8.5; -6.1; -0.0; 8.5; 6.4; -0.0; 8.5; 6.4; -0.0; 8.5
240.4; 32.680; -6.1; -0.0; 8.5; -6.1; -0.0; 8.5; 6.4; -0.0; 8.5; 6.4; -0.0; 8.5
240.6; 32.704; -6.1; 0.0; 8.5; -6.1; 0.0; 8.5; 6.4; -0.0; 8.5; 6.4; -0.0; 8.5
240.8; 32.728; -6.1; 0.0; 8.5; -6.1; 0.0; 8.5; 6.4; 0.0; 8.5; 6.4; 0.0; 8.5
241.0; 32.751; -6.1; 0.0; 8.5; -6.1; 0.0; 8.5; 6.4; 0.0; 8.5; 6.4; 0.0; 8.5
241.2; 32.775; -6.1; 0.0; 8.5; -6.1; 0.0; 8.5; 6.4; 0.0; 8.5; 6.4; 0.0; 8.5
241.4; 32.798; -6.1; 0.0; 8.5; -6.1; 0.0; 8.5; 6.4; 0.0; 8.5; 6.4; 0.1; 8.5
241.6; 32.822; -6.1; 0.1; 8.5; -6.1; 0.1; 8.5; 6.4; 0.1; 8.5; 6.4; 0.1; 8.5
241.8; 32.845; -6.1; 0.1; 8.5; -6.1; 0.1; 8.6; 6.4; 0.1; 8.5; 6.4; 0.1; 8.6
242.0; 32.869; -6.1; 0.1; 8.5; -6.1; 0.1; 8.6; 6.4; 0.1; 8.5; 6.4; 0.1; 8.6
242.2; 32.893; -6.1; 0.1; 8.4; -6.1; 0.1; 8.6; 6.4; 0.1; 8.4; 6.4; 0.1; 8.6
242.4; 32.916; -6.1; 0.2; 8.4; -6.1; 0.2; 8.6; 6.4; 0.2; 8.4; 6.4; 0.2; 8.6
242.6; 32.940; -6.1; 0.2; 8.4; -6.1; 0.2; 8.6; 6.4; 0.2; 8.4; 6.4; 0.2; 8.6
242.8; 32.963; -6.1; 0.2; 8.4; -6.1; 0.2; 8.6; 6.4; 0.2; 8.4; 6.4; 0.2; 8.6
243.0; 32.987; -6.1; 0.2; 8.4; -6.1; 0.2; 8.6; 6.4; 0.3; 8.4; 6.4; 0.3; 8.6
243.2; 33.010; -6.1; 0.3; 8.4; -6.1; 0.3; 8.7; 6.4; 0.3; 8.4; 6.4; 0.3; 8.7
243.4; 33.034; -6.1; 0.3; 8.4; -6.1; 0.3; 8.7; 6.4; 0.3; 8.4; 6.4; 0.4; 8.7
243.6; 33.057; -6.1; 0.3; 8.3; -6.1; 0.3; 8.7; 6.4; 0.4; 8.3; 6.4; 0.4; 8.7
243.8; 33.081; -6.1; 0.4; 8.3; -6.1; 0.4; 8.7; 6.4; 0.4; 8.3; 6.4; 0.4; 8.7
244.0; 33.104; -6.1; 0.4; 8.3; -6.1; 0.4; 8.7; 6.3; 0.4; 8.3; 6.3; 0.5; 8.7
244.2; 33.128; -6.0; 0.4; 8.3; -6.0; 0.4; 8.7; 6.3; 0.5; 8.3; 6.3; 0.5; 8.7
244.4; 33.151; -6.0; 0.4; 8.3; -6.0; 0.4; 8.7; 6.3; 0.5; 8.3; 6.3; 0.5; 8.7
244.6; 33.175; -6.0; 0.4; 8.3; -6.0; 0.4; 8.7; 6.3; 0.5; 8.3; 6.3; 0.5; 8.7
244.8; 33.199; -6.0; 0.4; 8.3; -6.0; 0.4; 8.7; 6.2; 0.5; 8.3; 6.2; 0.5; 8.7
245.0; 33.222; -6.0; 0.4; 8.3; -6.0; 0.4; 8.7; 6.2; 0.5; 8.3; 6.2; 0.5; 8.7
245.2; 33.246; -6.0; 0.4; 8.3; -6.0; 0.4; 8.7; 6.2; 0.4; 8.3; 6.2; 0.5; 8.7
245.4; 33.269; -6.0; 0.3; 8.3; -6.0; 0.3; 8.7; 6.3; 0.4; 8.3; 6.3; 0.4; 8.7
245.6; 33.293; -6.0; 0.2; 8.4; -6.0; 0.2; 8.6; 6.3; 0.3; 8.4; 6.3; 0.3; 8.6
245.8; 33.316; -6.1; 0.1; 8.4; -6.1; 0.1; 8.6; 6.4; 0.2; 8.4; 6.4; 0.2; 8.6
246.0; 33.340; -6.2; 0.0; 8.5; -6.2; 0.0; 8.5; 6.5; 0.1; 8.5; 6.5; 0.1; 8.5
246.2; 33.363; -6.4; -0.1; 8.6; -6.4; -0.1; 8.5; 6.6; -0.1; 8.6; 6.6; -0.1; 8.5
246.4; 33.386; -6.5; -0.3; 8.7; -6.5; -0.3; 8.4; 6.8; -0.3; 8.7; 6.8; -0.3; 8.4
246.6; 33.410; -6.6; -0.6; 8.8; -6.6; -0.5; 8.3; 6.9; -0.6; 8.8; 6.9; -0.5; 8.3
246.8; 33.433; -6.7; -0.8; 8.9; -6.7; -0.8; 8.1; 7.0; -0.9; 8.9; 7.0; -0.8; 8.1
247.0; 33.457; -6.8; -1.2; 9.1; -6.8; -1.0; 8.0; 7.1; -1.2; 9.1; 7.1; -1.1; 8.0
247.2; 33.480; -6.7; -1.6; 9.2; -6.7; -1.3; 7.8; 7.0; -1.7; 9.2; 7.0; -1.4; 7.8
247.4; 33.504; -6.5; -2.0; 9.4; -6.5; -1.6; 7.6; 6.8; -2.2; 9.4; 6.8; -1.8; 7.6
247.6; 33.527; -6.3; -2.5; 9.6; -6.3; -1.9; 7.4; 6.6; -2.7; 9.6; 6.6; -2.1; 7.4
247.8; 33.551; -5.8; -3.1; 9.9; -5.8; -2.2; 7.1; 6.2; -3.4; 9.9; 6.2; -2.5; 7.2
248.0; 33.574; -5.1; -3.7; 10.1; -5.1; -2.5; 6.9; 5.4; -4.1; 10.1; 5.4; -2.8; 6.9
248.2; 33.598; -2.6; -4.4; 10.4; -2.6; -2.8; 6.6; 3.0; -4.9; 10.4; 3.0; -3.2; 6.7
248.4; 33.621; -0.6; -5.1; 10.6; -0.6; -3.0; 6.4; 1.0; -5.8; 10.7; 1.0; -3.5; 6.4
248.6; 33.644; -0.3; -5.8; 10.9; -0.3; -3.2; 6.1; 0.8; -6.6; 10.9; 0.8; -3.8; 6.2
248.8; 33.668; -0.2; -6.5; 11.1; -0.2; -3.4; 5.8; 0.7; -7.5; 11.2; 0.7; -4.0; 5.9
249.0; 33.691; -0.2; -7.1; 11.3; -0.2; -3.5; 5.6; 0.8; -8.3; 11.4; 0.8; -4.2; 5.7
249.2; 33.714; -0.2; -7.7; 11.5; -0.2; -3.6; 5.4; 0.8; -9.0; 11.6; 0.8; -4.3; 5.5
249.4; 33.736; -0.1; -8.2; 11.6; -0.1; -3.7; 5.2; 0.9; -9.6; 11.8; 0.9; -4.4; 5.4
249.6; 33.759; -0.2; -8.6; 11.8; -0.2; -3.8; 5.1; 0.9; -10.1; 11.9; 0.9; -4.5; 5.3
249.8; 33.782; -0.2; -9.0; 11.9; -0.2; -3.8; 5.0; 1.0; -10.6; 12.0; 1.0; -4.6; 5.2
250.0; 33.804; -0.2; -9.2; 11.9; -0.2; -3.8; 4.9; 1.1; -11.0; 12.1; 1.1; -4.6; 5.1
250.2; 33.826; -0.2; -9.4; 12.0; -0.2; -3.8; 4.8; 1.1; -11.2; 12.2; 1.1; -4.7; 5.0
250.4; 33.848; -0.3; -9.6; 12.0; -0.3; -3.8; 4.8; 1.3; -11.5; 12.3; 1.3; -4.7; 5.0
250.6; 33.870; -0.3; -9.7; 12.1; -0.3; -3.8; 4.7; 1.3; -11.6; 12.3; 1.3; -4.7; 4.9
250.8; 33.891; -0.3; -9.7; 12.1; -0.3; -3.8; 4.7; 1.3; -11.7; 12.3; 1.3; -4.7; 4.9
251.0; 33.913; -0.2; -9.7; 12.1; -0.2; -3.8; 4.7; 1.2; -11.8; 12.3; 1.2; -4.8; 4.9
251.2; 33.934; -0.2; -9.7; 12.1; -0.2; -3.8; 4.7; 1.2; -11.9; 12.3; 1.2; -4.8; 4.9
251.4; 33.955; -0.2; -9.6; 12.1; -0.2; -3.8; 4.7; 1.2; -11.9; 12.3; 1.2; -4.8; 4.9
251.6; 33.976; -0.2; -9.4; 12.1; -0.2; -3.7; 4.7; 1.2; -11.8; 12.3; 1.2; -4.8; 5.0
251.8; 33.998; -0.3; -9.2; 12.0; -0.3; -3.7; 4.8; 1.3; -11.7; 12.2; 1.3; -4.8; 5.0
252.0; 34.019; -0.5; -8.9; 11.9; -0.5; -3.7; 4.9; 1.5; -11.4; 12.2; 1.5; -4.8; 5.1
252.2; 34.041; -0.9; -8.4; 11.8; -0.9; -3.6; 5.0; 1.8; -11.0; 12.0; 1.8; -4.8; 5.2
252.4; 34.064; -1.5; -7.7; 11.6; -1.5; -3.5; 5.2; 2.3; -10.3; 11.8; 2.3; -4.7; 5.4
252.6; 34.086; -2.3; -6.7; 11.4; -2.3; -3.3; 5.5; 3.0; -9.2; 11.5; 3.0; -4.5; 5.7
252.8; 34.109; -3.3; -5.4; 10.9; -3.3; -3.0; 6.0; 3.9; -7.6; 11.0; 3.9; -4.2; 6.1
253.0; 34.132; -4.3; -4.1; 10.4; -4.3; -2.6; 6.5; 4.8; -5.7; 10.5; 4.8; -3.6; 6.6
253.2; 34.155; -5.1; -2.9; 10.0; -5.1; -2.1; 7.0; 5.5; -4.0; 10.0; 5.5; -2.9; 7.1
253.4; 34.178; -5.6; -2.0; 9.5; -5.6; -1.5; 7.5; 6.0; -2.7; 9.5; 6.0; -2.1; 7.5
253.6; 34.202; -5.9; -1.2; 9.2; -5.9; -1.1; 7.8; 6.2; -1.7; 9.2; 6.2; -1.5; 7.8
253.8; 34.225; -6.0; -0.7; 8.9; -6.0; -0.7; 8.1; 6.3; -1.0; 8.9; 6.3; -0.9; 8.1
254.0; 34.249; -6.1; -0.4; 8.7; -6.1; -0.3; 8.3; 6.3; -0.6; 8.7; 6.3; -0.5; 8.3
254.2; 34.273; -6.0; -0.1; 8.6; -6.0; -0.1; 8.4; 6.3; -0.2; 8.6; 6.3; -0.2; 8.4
254.4; 34.297; -6.0; 0.1; 8.5; -6.0; 0.1; 8.6; 6.3; 0.1; 8.5; 6.3; 0.1; 8.6
254.6; 34.320; -6.0; 0.3; 8.4; -6.0; 0.3; 8.7; 6.3; 0.3; 8.4; 6.3; 0.3; 8.7
254.8; 34.344; -6.0; 0.4; 8.3; -6.0; 0.4; 8.7; 6.2; 0.5; 8.3; 6.2; 0.5; 8.7
255.0; 34.368; -5.9; 0.5; 8.2; -5.9; 0.6; 8.8; 6.2; 0.6; 8.2; 6.2; 0.6; 8.8
255.2; 34.392; -5.9; 0.6; 8.2; -5.9; 0.7; 8.8; 6.2; 0.7; 8.2; 6.2; 0.8; 8.8
255.4; 34.416; -5.9; 0.7; 8.1; -5.9; 0.8; 8.9; 6.1; 0.8; 8.1; 6.1; 0.9; 8.9
255.6; 34.440; -5.8; 0.8; 8.1; -5.8; 0.8; 8.9; 6.1; 0.9; 8.1; 6.1; 1.0; 8.9
255.8; 34.463; -5.8; 0.8; 8.1; -5.8; 0.9; 9.0; 6.0; 0.9; 8.1; 6.0; 1.1; 9.0
256.0; 34.487; -5.7; 0.8; 8.0; -5.7; 0.9; 9.0; 6.0; 1.0; 8.0; 6.0; 1.1; 9.0
256.2; 34.511; -5.6; 0.9; 8.0; -5.6; 1.0; 9.0; 5.9; 1.0; 8.0; 5.9; 1.2; 9.0
256.4; 34.534; -5.6; 0.9; 8.0; -5.6; 1.0; 9.0; 5.8; 1.1; 8.0; 5.8; 1.2; 9.0
256.6; 34.558; -5.5; 0.9; 8.0; -5.5; 1.0; 9.0; 5.8; 1.1; 8.0; 5.8; 1.2; 9.0
256.8; 34.582; -5.5; 0.9; 8.0; -5.5; 1.0; 9.0; 5.7; 1.0; 8.0; 5.7; 1.2; 9.0
257.0; 34.605; -5.4; 0.8; 8.0; -5.4; 0.9; 9.0; 5.7; 1.0; 8.0; 5.7; 1.1; 9.0
257.2; 34.629; -5.5; 0.7; 8.1; -5.5; 0.8; 8.9; 5.7; 0.9; 8.1; 5.7; 1.0; 8.9
257.4; 34.653; -5.6; 0.6; 8.1; -5.6; 0.7; 8.9; 5.8; 0.8; 8.1; 5.8; 0.9; 8.9
257.6; 34.676; -5.7; 0.5; 8.2; -5.7; 0.5; 8.8; 6.0; 0.7; 8.2; 6.0; 0.7; 8.8
257.8; 34.700; -6.0; 0.3; 8.3; -6.0; 0.3; 8.7; 6.3; 0.5; 8.3; 6.3; 0.5; 8.7
258.0; 34.723; -6.3; 0.1; 8.4; -6.3; 0.1; 8.6; 6.6; 0.2; 8.4; 6.6; 0.2; 8.6
258.2; 34.747; -6.6; -0.2; 8.6; -6.6; -0.2; 8.5; 6.9; -0.1; 8.6; 6.9; -0.1; 8.5
258.4; 34.770; -6.9; -0.5; 8.7; -6.9; -0.5; 8.3; 7.2; -0.5; 8.7; 7.2; -0.4; 8.3
258.6; 34.794; -7.0; -0.9; 8.9; -7.0; -0.9; 8.1; 7.3; -0.9; 8.9; 7.3; -0.8; 8.1
258.8; 34.817; -7.0; -1.5; 9.2; -7.0; -1.2; 7.9; 7.3; -1.5; 9.2; 7.3; -1.3; 7.9
259.0; 34.840; -6.7; -2.0; 9.4; -6.7; -1.6; 7.6; 7.0; -2.1; 9.4; 7.0; -1.7; 7.6
259.2; 34.864; -6.3; -2.7; 9.7; -6.3; -2.1; 7.3; 6.6; -2.9; 9.7; 6.6; -2.2; 7.3
259.4; 34.887; -5.6; -3.5; 10.0; -5.6; -2.4; 7.0; 5.9; -3.8; 10.0; 5.9; -2.7; 7.0
259.6; 34.910; -2.0; -4.3; 10.3; -2.0; -2.8; 6.7; 2.4; -4.8; 10.4; 2.4; -3.1; 6.7
259.8; 34.933; -0.3; -5.2; 10.7; -0.3; -3.1; 6.3; 0.7; -5.8; 10.7; 0.7; -3.5; 6.4
260.0; 34.957; -0.2; -6.1; 11.0; -0.2; -3.3; 6.0; 0.7; -6.9; 11.0; 0.7; -3.9; 6.1
260.2; 34.980; -0.1; -7.0; 11.2; -0.1; -3.5; 5.7; 0.7; -8.0; 11.3; 0.7; -4.1; 5.8
260.4; 35.003; -0.1; -7.8; 11.5; -0.1; -3.7; 5.4; 0.8; -8.9; 11.6; 0.8; -4.3; 5.5
260.6; 35.026; -0.1; -8.4; 11.7; -0.1; -3.7; 5.2; 0.9; -9.7; 11.8; 0.9; -4.4; 5.3
260.8; 35.050; -0.1; -8.9; 11.8; -0.1; -3.8; 5.0; 0.9; -10.4; 12.0; 0.9; -4.5; 5.2
261.0; 35.073; -0.1; -9.2; 11.9; -0.1; -3.8; 4.9; 1.0; -10.9; 12.1; 1.0; -4.6; 5.1
261.2; 35.097; -0.2; -9.5; 12.0; -0.2; -3.8; 4.8; 1.1; -11.3; 12.2; 1.1; -4.7; 5.0
261.4; 35.120; -0.3; -9.7; 12.1; -0.3; -3.8; 4.7; 1.2; -11.6; 12.3; 1.2; -4.7; 5.0
261.6; 35.144; -0.3; -9.8; 12.1; -0.3; -3.8; 4.7; 1.3; -11.8; 12.3; 1.3; -4.7; 4.9
261.8; 35.169; -0.1; -9.9; 12.1; -0.1; -3.8; 4.7; 1.2; -11.9; 12.4; 1.2; -4.7; 4.9
262.0; 35.193; -0.1; -9.9; 12.2; -0.1; -3.8; 4.7; 1.1; -12.0; 12.4; 1.1; -4.7; 4.9
262.2; 35.217; -0.1; -10.0; 12.2; -0.1; -3.8; 4.7; 0.9; -12.1; 12.4; 0.9; -4.7; 4.8
262.4; 35.242; -0.1; -10.0; 12.2; -0.1; -3.8; 4.7; 0.8; -12.1; 12.4; 0.8; -4.7; 4.8
262.6; 35.267; -0.1; -10.0; 12.2; -0.1; -3.9; 4.7; 0.7; -12.2; 12.3; 0.7; -4.7; 4.8
262.8; 35.292; -0.1; -10.0; 12.3; -0.1; -3.9; 4.7; 0.6; -12.2; 12.3; 0.6; -4.7; 4.8
263.0; 35.317; -0.1; -10.0; 12.3; -0.1; -3.9; 4.7; 0.6; -12.2; 12.3; 0.6; -4.7; 4.7
263.2; 35.341; -0.1; -10.0; 12.3; -0.1; -3.9; 4.7; 0.5; -12.2; 12.3; 0.5; -4.7; 4.7
263.4; 35.366; -0.1; -10.0; 12.3; -0.1; -3.9; 4.7; 0.4; -12.2; 12.3; 0.4; -4.7; 4.7
263.6; 35.391; -0.1; -10.0; 12.3; -0.1; -3.9; 4.7; 0.3; -12.2; 12.3; 0.3; -4.7; 4.7
263.8; 35.415; -0.1; -10.0; 12.3; -0.1; -3.9; 4.7; 0.3; -12.3; 12.3; 0.3; -4.7; 4.7
264.0; 35.439; -0.1; -10.0; 12.3; -0.1; -3.9; 4.7; 0.2; -12.3; 12.3; 0.2; -4.7; 4.7
264.2; 35.463; -0.1; -10.0; 12.3; -0.1; -3.9; 4.7; 0.1; -12.3; 12.3; 0.1; -4.7; 4.7
264.4; 35.486; -0.1; -10.0; 12.4; -0.1; -3.9; 4.8; 0.1; -12.3; 12.3; 0.1; -4.7; 4.7
264.6; 35.509; -0.1; -10.0; 12.4; -0.1; -3.9; 4.8; 0.1; -12.3; 12.3; 0.1; -4.7; 4.7
264.8; 35.531; -0.1; -10.0; 12.3; -0.1; -3.9; 4.7; 0.2; -12.3; 12.3; 0.2; -4.7; 4.7
265.0; 35.553; -0.1; -10.0; 12.3; -0.1; -3.9; 4.7; 0.2; -12.3; 12.3; 0.2; -4.7; 4.7
265.2; 35.575; -0.1; -10.0; 12.3; -0.1; -3.9; 4.7; 0.3; -12.3; 12.3; 0.3; -4.7; 4.7
265.4; 35.597; -0.1; -10.0; 12.3; -0.1; -3.9; 4.7; 0.3; -12.3; 12.3; 0.3; -4.7; 4.7
265.6; 35.619; -0.1; -10.0; 12.3; -0.1; -3.9; 4.7; 0.4; -12.3; 12.3; 0.4; -4.7; 4.7
265.8; 35.641; -0.1; -10.0; 12.3; -0.1; -3.9; 4.7; 0.4; -12.3; 12.3; 0.4; -4.7; 4.7
266.0; 35.663; -0.1; -10.0; 12.3; -0.1; -3.9; 4.7; 0.5; -12.3; 12.3; 0.5; -4.7; 4.7
266.2; 35.686; -0.1; -10.0; 12.3; -0.1; -3.9; 4.7; 0.5; -12.3; 12.3; 0.5; -4.7; 4.7
266.4; 35.708; -0.1; -10.0; 12.3; -0.1; -3.9; 4.7; 0.6; -12.3; 12.3; 0.6; -4.7; 4.7
266.6; 35.732; -0.1; -10.0; 12.3; -0.1; -3.9; 4.7; 0.6; -12.3; 12.3; 0.6; -4.7; 4.8
266.8; 35.755; -0.1; -9.9; 12.2; -0.1; -3.9; 4.7; 0.7; -12.2; 12.3; 0.7; -4.7; 4.8
267.0; 35.779; -0.1; -9.7; 12.2; -0.1; -3.8; 4.7; 0.7; -12.2; 12.3; 0.7; -4.7; 4.8
267.2; 35.802; -0.1; -9.5; 12.2; -0.1; -3.8; 4.7; 0.6; -12.2; 12.3; 0.6; -4.8; 4.8
267.4; 35.827; -0.1; -9.2; 12.2; -0.1; -3.7; 4.8; 0.5; -12.2; 12.2; 0.5; -4.8; 4.9
267.6; 35.851; -0.1; -8.7; 12.1; -0.1; -3.6; 4.9; 0.3; -12.1; 12.1; 0.3; -4.9; 4.9
267.8; 35.876; -0.1; -7.7; 12.0; -0.1; -3.3; 5.1; 0.3; -11.9; 11.9; 0.3; -5.0; 5.1
268.0; 35.900; -0.1; -5.7; 11.3; -0.1; -2.7; 5.2; 2.0; -11.0; 11.8; 2.0; -5.3; 5.7
268.2; 35.925; -8.2; -2.6; 12.1; -8.2; -1.8; 8.4; -3.2; -6.5; 8.6; -3.2; -3.7; 4.9
268.4; 35.951; -10.5; 0.4; 11.4; -10.5; 0.4; 10.5; -5.3; -2.1; 6.6; -5.3; -1.8; 5.6
268.6; 35.978; -9.4; 2.5; 9.8; -9.4; 3.1; 11.7; -5.1; 1.4; 5.3; -5.1; 1.8; 7.3
268.8; 36.006; -7.3; 3.5; 8.1; -7.3; 5.5; 12.3; -3.7; 3.0; 4.7; -3.7; 5.5; 8.9
269.0; 36.034; -5.9; 4.0; 7.1; -5.9; 7.1; 12.6; -2.6; 3.6; 4.5; -2.6; 7.9; 9.9
269.2; 36.062; -5.0; 4.1; 6.5; -5.0; 8.1; 12.7; -1.9; 3.9; 4.3; -1.9; 9.4; 10.5
269.4; 36.091; -4.5; 4.2; 6.1; -4.5; 8.7; 12.7; -1.3; 4.1; 4.3; -1.3; 10.3; 10.9
269.6; 36.121; -4.1; 4.2; 5.8; -4.1; 9.1; 12.7; -0.9; 4.2; 4.3; -0.9; 10.9; 11.2
269.8; 36.150; -3.7; 4.2; 5.6; -3.7; 9.5; 12.7; -0.5; 4.2; 4.3; -0.5; 11.3; 11.4
270.0; 36.179; -2.5; 4.1; 5.2; -2.5; 9.7; 12.5; 0.3; 4.5; 4.5; 0.3; 11.8; 11.8
270.2; 36.208; -0.1; 3.8; 4.7; -0.1; 9.8; 12.3; 0.3; 4.7; 4.7; 0.3; 12.2; 12.3
270.4; 36.235; -0.1; 3.8; 4.7; -0.1; 9.9; 12.3; 0.3; 4.7; 4.7; 0.3; 12.2; 12.3
270.6; 36.262; -0.1; 3.9; 4.7; -0.1; 9.9; 12.3; 0.3; 4.7; 4.7; 0.3; 12.2; 12.3
270.8; 36.288; -0.1; 3.9; 4.7; -0.1; 10.0; 12.3; 0.3; 4.7; 4.7; 0.3; 12.2; 12.3
271.0; 36.312; -0.1; 3.9; 4.7; -0.1; 10.0; 12.3; 0.3; 4.7; 4.7; 0.3; 12.2; 12.3
271.2; 36.336; -0.1; 3.9; 4.7; -0.1; 10.0; 12.3; 0.4; 4.7; 4.7; 0.4; 12.2; 12.3
271.4; 36.358; -0.1; 3.8; 4.7; -0.1; 10.0; 12.3; 0.4; 4.7; 4.7; 0.4; 12.2; 12.3
271.6; 36.381; -0.1; 3.8; 4.7; -0.1; 10.0; 12.3; 0.4; 4.7; 4.7; 0.4; 12.2; 12.3
271.8; 36.403; -0.1; 3.8; 4.7; -0.1; 10.0; 12.3; 0.5; 4.7; 4.7; 0.5; 12.2; 12.3
272.0; 36.427; -0.1; 3.8; 4.7; -0.1; 10.0; 12.3; 0.5; 4.7; 4.8; 0.5; 12.2; 12.3
272.2; 36.450; -0.1; 3.8; 4.7; -0.1; 10.0; 12.3; 0.5; 4.7; 4.8; 0.5; 12.2; 12.3
272.4; 36.475; -0.1; 3.8; 4.7; -0.1; 10.0; 12.2; 0.6; 4.7; 4.8; 0.6; 12.2; 12.3
272.6; 36.500; -0.1; 3.8; 4.7; -0.1; 10.0; 12.2; 0.6; 4.7; 4.8; 0.6; 12.2; 12.3
272.8; 36.526; -0.1; 3.8; 4.7; -0.1; 10.0; 12.2; 0.7; 4.7; 4.8; 0.7; 12.2; 12.4
273.0; 36.552; -0.1; 3.8; 4.7; -0.1; 10.0; 12.2; 0.7; 4.8; 4.8; 0.7; 12.1; 12.4
273.2; 36.579; -0.1; 3.8; 4.7; -0.1; 9.9; 12.2; 0.8; 4.8; 4.8; 0.8; 12.1; 12.4
273.4; 36.606; -0.1; 3.8; 4.7; -0.1; 9.9; 12.2; 0.9; 4.8; 4.8; 0.9; 12.1; 12.4
273.6; 36.634; -0.1; 3.8; 4.7; -0.1; 9.9; 12.2; 0.9; 4.8; 4.9; 0.9; 12.0; 12.4
273.8; 36.662; -0.1; 3.8; 4.6; -0.1; 9.9; 12.1; 1.0; 4.8; 4.9; 1.0; 12.0; 12.4
274.0; 36.689; -0.1; 3.8; 4.6; -0.1; 9.9; 12.1; 1.1; 4.8; 4.9; 1.1; 12.0; 12.4
274.2; 36.717; -0.1; 3.8; 4.6; -0.1; 9.8; 12.1; 1.2; 4.8; 4.9; 1.2; 11.9; 12.4
274.4; 36.745; -0.1; 3.8; 4.6; -0.1; 9.8; 12.1; 1.3; 4.8; 4.9; 1.3; 11.8; 12.4
274.6; 36.774; -0.1; 3.8; 4.6; -0.1; 9.8; 12.0; 1.4; 4.8; 5.0; 1.4; 11.8; 12.4
274.8; 36.802; -0.1; 3.7; 4.6; -0.1; 9.7; 12.0; 1.5; 4.8; 5.0; 1.5; 11.7; 12.4
275.0; 36.830; -0.1; 3.7; 4.6; -0.1; 9.6; 12.0; 1.6; 4.8; 5.0; 1.6; 11.6; 12.4
275.2; 36.859; -0.1; 3.7; 4.7; -0.1; 9.6; 11.9; 1.7; 4.8; 5.1; 1.7; 11.5; 12.4
275.4; 36.887; -0.1; 3.7; 4.7; -0.1; 9.5; 11.9; 1.8; 4.8; 5.1; 1.8; 11.4; 12.4
275.6; 36.916; -0.1; 3.7; 4.7; -0.1; 9.4; 11.8; 2.0; 4.8; 5.2; 2.0; 11.2; 12.4
275.8; 36.945; -0.1; 3.7; 4.7; -0.1; 9.2; 11.8; 2.2; 4.8; 5.3; 2.2; 11.1; 12.3
276.0; 36.974; -0.1; 3.6; 4.7; -0.1; 9.0; 11.7; 2.4; 4.8; 5.4; 2.4; 10.8; 12.3
276.2; 37.003; -0.1; 3.6; 4.8; -0.1; 8.7; 11.5; 2.7; 4.8; 5.5; 2.7; 10.5; 12.3
276.4; 37.032; -0.1; 3.5; 4.8; -0.1; 8.3; 11.4; 3.1; 4.7; 5.7; 3.1; 10.0; 12.2
276.6; 37.061; -0.1; 3.4; 4.9; -0.1; 7.8; 11.1; 3.6; 4.7; 5.9; 3.6; 9.4; 12.1
276.8; 37.090; -0.1; 3.3; 5.0; -0.1; 7.2; 10.8; 4.2; 4.5; 6.2; 4.2; 8.6; 12.0
277.0; 37.118; -0.1; 3.2; 5.1; -0.1; 6.5; 10.5; 4.9; 4.3; 6.5; 4.9; 7.8; 11.9
277.2; 37.147; -0.1; 3.0; 5.3; -0.1; 5.7; 10.1; 5.5; 4.1; 6.9; 5.5; 6.8; 11.7
277.4; 37.175; -0.1; 2.8; 5.5; -0.1; 4.9; 9.8; 6.2; 3.8; 7.3; 6.2; 5.9; 11.5
277.6; 37.203; -0.1; 2.5; 5.7; -0.1; 4.2; 9.4; 6.8; 3.4; 7.6; 6.8; 5.0; 11.4
277.8; 37.230; -0.1; 2.2; 5.9; -0.1; 3.4; 9.0; 7.4; 3.0; 8.0; 7.4; 4.2; 11.2
278.0; 37.257; -0.1; 1.9; 6.1; -0.1; 2.7; 8.6; 8.0; 2.6; 8.4; 8.0; 3.3; 11.0
278.2; 37.284; -0.1; 1.5; 6.3; -0.1; 1.9; 8.2; 8.5; 2.0; 8.8; 8.5; 2.5; 10.7
278.4; 37.310; -0.1; 1.0; 6.5; -0.1; 1.2; 7.8; 9.1; 1.5; 9.2; 9.1; 1.7; 10.5
278.6; 37.336; -0.1; 0.5; 6.8; -0.1; 0.6; 7.5; 9.5; 0.8; 9.6; 9.5; 0.9; 10.2
278.8; 37.362; -0.1; -0.1; 7.1; -0.1; -0.1; 7.1; 10.0; 0.1; 10.0; 10.0; 0.1; 10.0
279.0; 37.387; -0.1; -0.9; 7.5; -0.1; -0.8; 6.7; 9.5; -0.8; 10.3; 9.5; -0.7; 9.5
279.2; 37.411; -0.1; -1.9; 8.1; -0.1; -1.5; 6.4; 8.8; -1.9; 10.6; 8.8; -1.6; 8.9
279.4; 37.436; -0.1; -3.3; 8.8; -0.1; -2.2; 6.0; 7.9; -3.3; 11.0; 7.9; -2.5; 8.3
279.6; 37.460; -0.1; -4.7; 9.5; -0.1; -2.8; 5.6; 6.8; -4.9; 11.4; 6.8; -3.3; 7.6
279.8; 37.483; -0.1; -6.1; 10.1; -0.1; -3.2; 5.3; 5.7; -6.5; 11.7; 5.7; -3.9; 6.9
280.0; 37.507; -0.1; -7.3; 10.9; -0.1; -3.5; 5.2; 3.4; -7.9; 11.8; 3.4; -4.2; 6.1
280.2; 37.531; -0.2; -8.4; 11.8; -0.2; -3.9; 5.4; -0.1; -9.2; 11.6; -0.1; -4.2; 5.3
280.4; 37.554; -0.1; -9.1; 12.0; -0.1; -3.9; 5.1; 0.0; -10.4; 11.9; 0.0; -4.5; 5.0
280.6; 37.578; -0.1; -9.5; 11.9; -0.1; -3.7; 4.7; 2.0; -11.3; 12.3; 2.0; -4.8; 5.2
280.8; 37.601; -0.1; -9.7; 12.0; -0.1; -3.8; 4.6; 1.6; -11.6; 12.4; 1.6; -4.8; 5.0
281.0; 37.625; -0.1; -9.8; 12.1; -0.1; -3.8; 4.6; 1.4; -11.8; 12.4; 1.4; -4.8; 4.9
281.2; 37.648; -0.1; -9.9; 12.1; -0.1; -3.8; 4.7; 1.2; -11.9; 12.4; 1.2; -4.8; 4.9
281.4; 37.672; -0.1; -9.9; 12.2; -0.1; -3.8; 4.7; 1.0; -12.0; 12.4; 1.0; -4.7; 4.9
281.6; 37.695; -0.1; -9.9; 12.2; -0.1; -3.8; 4.7; 0.9; -12.1; 12.4; 0.9; -4.7; 4.8
281.8; 37.718; -0.1; -9.9; 12.2; -0.1; -3.8; 4.7; 0.8; -12.1; 12.3; 0.8; -4.7; 4.8
282.0; 37.741; -0.1; -9.9; 12.2; -0.1; -3.8; 4.7; 0.8; -12.1; 12.3; 0.8; -4.7; 4.8
282.2; 37.764; -0.1; -9.9; 12.2; -0.1; -3.8; 4.7; 0.7; -12.2; 12.3; 0.7; -4.7; 4.8
282.4; 37.787; -0.1; -9.9; 12.2; -0.1; -3.8; 4.7; 0.7; -12.2; 12.3; 0.7; -4.7; 4.8
282.6; 37.810; -0.1; -9.9; 12.2; -0.1; -3.8; 4.7; 0.6; -12.2; 12.3; 0.6; -4.7; 4.8
282.8; 37.833; -0.1; -9.9; 12.3; -0.1; -3.8; 4.7; 0.6; -12.2; 12.3; 0.6; -4.7; 4.8
283.0; 37.856; -0.1; -9.9; 12.3; -0.1; -3.8; 4.7; 0.6; -12.2; 12.3; 0.6; -4.7; 4.8
283.2; 37.878; -0.1; -9.9; 12.3; -0.1; -3.8; 4.7; 0.6; -12.2; 12.3; 0.6; -4.7; 4.8
283.4; 37.901; -0.1; -9.9; 12.3; -0.1; -3.8; 4.7; 0.6; -12.2; 12.3; 0.6; -4.7; 4.8
283.6; 37.923; -0.1; -9.9; 12.3; -0.1; -3.8; 4.7; 0.6; -12.2; 12.3; 0.6; -4.7; 4.8
283.8; 37.945; -0.1; -9.9; 12.3; -0.1; -3.8; 4.7; 0.6; -12.2; 12.3; 0.6; -4.7; 4.8
284.0; 37.967; -0.1; -9.9; 12.2; -0.1; -3.8; 4.7; 0.6; -12.2; 12.3; 0.6; -4.7; 4.8
284.2; 37.989; -0.1; -9.9; 12.2; -0.1; -3.8; 4.7; 0.6; -12.2; 12.3; 0.6; -4.7; 4.8
284.4; 38.011; -0.1; -9.9; 12.2; -0.1; -3.8; 4.7; 0.6; -12.2; 12.3; 0.6; -4.7; 4.8
284.6; 38.032; -0.1; -9.9; 12.2; -0.1; -3.8; 4.7; 0.7; -12.2; 12.3; 0.7; -4.7; 4.8
284.8; 38.054; -0.1; -9.9; 12.2; -0.1; -3.8; 4.7; 0.7; -12.2; 12.3; 0.7; -4.7; 4.8
285.0; 38.075; -0.1; -9.9; 12.2; -0.1; -3.8; 4.7; 0.7; -12.1; 12.3; 0.7; -4.7; 4.8
285.2; 38.097; -0.1; -9.9; 12.2; -0.1; -3.8; 4.7; 0.7; -12.1; 12.3; 0.7; -4.7; 4.8
285.4; 38.119; -0.1; -9.9; 12.2; -0.1; -3.8; 4.7; 0.8; -12.1; 12.3; 0.8; -4.7; 4.8
285.6; 38.141; -0.1; -9.9; 12.2; -0.1; -3.8; 4.7; 0.8; -12.1; 12.3; 0.8; -4.7; 4.8
285.8; 38.164; -0.1; -9.9; 12.2; -0.1; -3.8; 4.7; 0.8; -12.1; 12.3; 0.8; -4.7; 4.8
286.0; 38.187; -0.1; -9.9; 12.2; -0.1; -3.8; 4.7; 0.9; -12.1; 12.3; 0.9; -4.7; 4.8
286.2; 38.209; -0.1; -9.8; 12.2; -0.1; -3.8; 4.7; 0.9; -12.1; 12.3; 0.9; -4.8; 4.8
286.4; 38.233; -0.1; -9.8; 12.2; -0.1; -3.8; 4.7; 1.0; -12.1; 12.3; 1.0; -4.8; 4.8
286.6; 38.256; -0.1; -9.8; 12.2; -0.1; -3.8; 4.7; 1.0; -12.0; 12.3; 1.0; -4.8; 4.9
286.8; 38.280; -0.1; -9.8; 12.1; -0.1; -3.8; 4.7; 1.0; -12.0; 12.4; 1.0; -4.8; 4.9
287.0; 38.303; -0.1; -9.8; 12.1; -0.1; -3.8; 4.7; 1.1; -12.0; 12.4; 1.1; -4.8; 4.9
287.2; 38.328; -0.1; -9.8; 12.1; -0.1; -3.8; 4.7; 1.2; -11.9; 12.4; 1.2; -4.8; 4.9
287.4; 38.352; -0.1; -9.8; 12.1; -0.1; -3.8; 4.7; 1.2; -11.9; 12.4; 1.2; -4.8; 4.9
287.6; 38.376; -0.1; -9.8; 12.1; -0.1; -3.8; 4.7; 1.3; -11.9; 12.4; 1.3; -4.8; 4.9
287.8; 38.401; -0.1; -9.8; 12.1; -0.1; -3.8; 4.7; 1.3; -11.9; 12.4; 1.3; -4.8; 4.9
288.0; 38.426; -0.1; -9.8; 12.1; -0.1; -3.8; 4.7; 1.3; -11.8; 12.4; 1.3; -4.8; 4.9
288.2; 38.451; -0.1; -9.8; 12.1; -0.1; -3.8; 4.6; 1.3; -11.8; 12.4; 1.3; -4.8; 4.9
288.4; 38.476; -0.1; -9.8; 12.1; -0.1; -3.8; 4.6; 1.3; -11.8; 12.4; 1.3; -4.8; 4.9
288.6; 38.501; -0.1; -9.9; 12.1; -0.1; -3.8; 4.6; 1.3; -11.9; 12.4; 1.3; -4.7; 4.9
288.8; 38.526; -0.1; -9.9; 12.1; -0.1; -3.8; 4.6; 1.3; -11.9; 12.4; 1.3; -4.7; 4.9
289.0; 38.551; -0.1; -10.0; 12.1; -0.1; -3.8; 4.6; 1.2; -11.9; 12.4; 1.2; -4.7; 4.9
289.2; 38.576; -0.1; -10.0; 12.2; -0.1; -3.9; 4.6; 1.1; -12.0; 12.4; 1.1; -4.7; 4.8
289.4; 38.601; -0.1; -10.1; 12.2; -0.1; -3.9; 4.6; 0.9; -12.1; 12.4; 0.9; -4.7; 4.8
289.6; 38.626; -0.1; -10.1; 12.2; -0.1; -3.9; 4.6; 0.8; -12.1; 12.4; 0.8; -4.7; 4.8
289.8; 38.651; -0.1; -10.1; 12.3; -0.1; -3.9; 4.7; 0.7; -12.2; 12.4; 0.7; -4.7; 4.8
290.0; 38.675; -0.1; -10.0; 12.3; -0.1; -3.9; 4.7; 0.6; -12.2; 12.3; 0.6; -4.7; 4.8
290.2; 38.700; -0.1; -9.8; 12.2; -0.1; -3.8; 4.7; 0.5; -12.2; 12.3; 0.5; -4.7; 4.8
290.4; 38.724; -0.1; -9.5; 12.2; -0.1; -3.8; 4.8; 0.6; -12.1; 12.3; 0.6; -4.8; 4.8
290.6; 38.749; -0.1; -8.9; 12.0; -0.1; -3.6; 4.8; 0.9; -12.0; 12.2; 0.9; -4.9; 5.0
290.8; 38.773; -0.1; -7.7; 11.7; -0.1; -3.3; 4.9; 1.6; -11.5; 12.1; 1.6; -5.1; 5.3
291.0; 38.797; -0.1; -5.6; 10.8; -0.1; -2.7; 5.2; 3.7; -9.5; 11.8; 3.7; -5.0; 6.2
291.2; 38.821; -0.1; -2.2; 8.8; -0.1; -1.5; 6.0; 7.5; -4.4; 11.0; 7.5; -3.3; 8.2
291.4; 38.844; -0.4; 0.6; 7.4; -0.4; 0.7; 7.8; 6.4; 0.1; 9.2; 6.4; 0.1; 9.6
291.6; 38.867; -0.1; 2.3; 7.1; -0.1; 3.3; 9.9; 0.5; 2.3; 7.2; 0.5; 3.1; 9.9
291.8; 38.890; -0.1; 3.1; 6.3; -0.1; 5.3; 10.6; 0.5; 3.4; 6.4; 0.5; 5.7; 10.7
292.0; 38.913; -0.1; 3.5; 5.8; -0.1; 6.9; 11.2; 0.7; 4.0; 5.8; 0.7; 7.6; 11.3
292.2; 38.936; -0.1; 3.7; 5.4; -0.1; 8.0; 11.5; 0.8; 4.3; 5.5; 0.8; 9.0; 11.6
292.4; 38.959; -0.1; 3.9; 5.2; -0.1; 8.8; 11.9; -0.1; 4.4; 5.1; -0.1; 10.0; 11.8
292.6; 38.981; -0.1; 3.9; 5.0; -0.1; 9.3; 12.0; 0.3; 4.5; 5.0; 0.3; 10.8; 12.0
292.8; 39.004; -0.1; 3.7; 4.7; -0.1; 9.5; 11.9; 1.8; 4.8; 5.1; 1.8; 11.4; 12.3
293.0; 39.026; -0.1; 3.8; 4.7; -0.1; 9.7; 12.0; 1.6; 4.8; 5.0; 1.6; 11.6; 12.4
293.2; 39.049; -0.1; 3.8; 4.7; -0.1; 9.7; 12.1; 1.4; 4.8; 5.0; 1.4; 11.8; 12.4
293.4; 39.071; -0.1; 3.8; 4.7; -0.1; 9.7; 12.1; 1.3; 4.8; 4.9; 1.3; 11.9; 12.4
293.6; 39.093; -0.1; 3.8; 4.7; -0.1; 9.7; 12.1; 1.2; 4.8; 4.9; 1.2; 11.9; 12.3
293.8; 39.115; -0.1; 3.8; 4.7; -0.1; 9.7; 12.1; 1.2; 4.8; 4.9; 1.2; 11.9; 12.3
294.0; 39.137; -0.1; 3.8; 4.7; -0.1; 9.7; 12.1; 1.2; 4.8; 4.9; 1.2; 11.9; 12.3
294.2; 39.158; -0.1; 3.8; 4.7; -0.1; 9.7; 12.1; 1.2; 4.8; 4.9; 1.2; 11.9; 12.4
294.4; 39.180; -0.1; 3.8; 4.7; -0.1; 9.8; 12.1; 1.2; 4.8; 4.9; 1.2; 11.9; 12.4
294.6; 39.202; -0.1; 3.8; 4.7; -0.1; 9.8; 12.1; 1.2; 4.8; 4.9; 1.2; 11.9; 12.4
294.8; 39.224; -0.1; 3.8; 4.7; -0.1; 9.8; 12.1; 1.2; 4.8; 4.9; 1.2; 11.9; 12.4
295.0; 39.246; -0.1; 3.8; 4.7; -0.1; 9.8; 12.1; 1.2; 4.8; 4.9; 1.2; 11.9; 12.4
295.2; 39.267; -0.1; 3.8; 4.7; -0.1; 9.8; 12.1; 1.2; 4.8; 4.9; 1.2; 11.9; 12.4
295.4; 39.289; -0.1; 3.8; 4.7; -0.1; 9.8; 12.1; 1.2; 4.8; 4.9; 1.2; 11.9; 12.4
295.6; 39.311; -0.1; 3.8; 4.7; -0.1; 9.8; 12.1; 1.2; 4.8; 4.9; 1.2; 11.9; 12.4
295.8; 39.333; -0.1; 3.8; 4.7; -0.1; 9.8; 12.1; 1.2; 4.8; 4.9; 1.2; 11.9; 12.4
296.0; 39.355; -0.1; 3.8; 4.7; -0.1; 9.8; 12.1; 1.2; 4.8; 4.9; 1.2; 11.9; 12.4
296.2; 39.377; -0.1; 3.8; 4.7; -0.1; 9.8; 12.1; 1.2; 4.8; 4.9; 1.2; 11.9; 12.4
296.4; 39.399; -0.1; 3.8; 4.7; -0.1; 9.8; 12.1; 1.2; 4.8; 4.9; 1.2; 11.9; 12.4
296.6; 39.421; -0.1; 3.8; 4.7; -0.1; 9.8; 12.1; 1.2; 4.8; 4.9; 1.2; 11.9; 12.4
296.8; 39.443; -0.1; 3.8; 4.7; -0.1; 9.8; 12.1; 1.2; 4.8; 4.9; 1.2; 11.9; 12.4
297.0; 39.465; -0.1; 3.8; 4.7; -0.1; 9.8; 12.1; 1.2; 4.8; 4.9; 1.2; 11.9; 12.4
297.2; 39.487; -0.1; 3.8; 4.7; -0.1; 9.8; 12.1; 1.2; 4.8; 4.9; 1.2; 11.9; 12.4
297.4; 39.510; -0.1; 3.8; 4.7; -0.1; 9.8; 12.1; 1.2; 4.8; 4.9; 1.2; 11.9; 12.4
297.6; 39.532; -0.1; 3.8; 4.7; -0.1; 9.8; 12.1; 1.2; 4.8; 4.9; 1.2; 11.9; 12.4
297.8; 39.554; -0.1; 3.8; 4.7; -0.1; 9.8; 12.1; 1.2; 4.8; 4.9; 1.2; 11.9; 12.4
298.0; 39.576; -0.1; 3.8; 4.7; -0.1; 9.8; 12.1; 1.2; 4.8; 4.9; 1.2; 11.9; 12.4
298.2; 39.599; -0.1; 3.8; 4.7; -0.1; 9.8; 12.1; 1.2; 4.8; 4.9; 1.2; 11.9; 12.4
298.4; 39.621; -0.1; 3.8; 4.7; -0.1; 9.8; 12.1; 1.2; 4.8; 4.9; 1.2; 11.9; 12.4
298.6; 39.644; -0.1; 3.8; 4.7; -0.1; 9.8; 12.1; 1.2; 4.8; 4.9; 1.2; 11.9; 12.4
298.8; 39.666; -0.1; 3.8; 4.7; -0.1; 9.8; 12.1; 1.2; 4.8; 4.9; 1.2; 11.9; 12.4
299.0; 39.688; -0.1; 3.8; 4.7; -0.1; 9.8; 12.1; 1.2; 4.8; 4.9; 1.2; 11.9; 12.4
299.2; 39.711; -0.1; 3.8; 4.7; -0.1; 9.8; 12.1; 1.2; 4.8; 4.9; 1.2; 11.9; 12.4
299.4; 39.733; -0.1; 3.8; 4.7; -0.1; 9.8; 12.1; 1.2; 4.8; 4.9; 1.2; 11.9; 12.4
299.6; 39.756; -0.1; 3.8; 4.7; -0.1; 9.8; 12.1; 1.2; 4.8; 4.9; 1.2; 11.9; 12.4
299.8; 39.778; -0.1; 3.8; 4.7; -0.1; 9.8; 12.1; 1.2; 4.8; 4.9; 1.2; 11.9; 12.4
300.0; 39.801; -0.1; 3.8; 4.7; -0.1; 9.8; 12.1; 1.2; 4.8; 4.9; 1.2; 11.9; 12.4
300.2; 39.823; -0.1; 3.8; 4.7; -0.1; 9.8; 12.1; 1.2; 4.8; 4.9; 1.2; 11.9; 12.4
300.4; 39.846; -0.1; 3.8; 4.7; -0.1; 9.8; 12.1; 1.2; 4.8; 4.9; 1.2; 11.9; 12.4
300.6; 39.868; -0.1; 3.8; 4.7; -0.1; 9.8; 12.1; 1.2; 4.8; 4.9; 1.2; 11.9; 12.4
300.8; 39.891; -0.1; 3.8; 4.7; -0.1; 9.8; 12.1; 1.2; 4.8; 4.9; 1.2; 11.9; 12.4
301.0; 39.913; -0.1; 3.8; 4.7; -0.1; 9.8; 12.1; 1.2; 4.8; 4.9; 1.2; 11.9; 12.4
301.2; 39.936; -0.1; 3.8; 4.7; -0.1; 9.8; 12.1; 1.2; 4.8; 4.9; 1.2; 11.9; 12.4
301.4; 39.958; -0.1; 3.8; 4.7; -0.1; 9.8; 12.1; 1.2; 4.8; 4.9; 1.2; 11.9; 12.4
301.6; 39.981; -0.1; 3.8; 4.7; -0.1; 9.8; 12.1; 1.2; 4.8; 4.9; 1.2; 11.9; 12.4
301.8; 40.003; -0.1; 3.8; 4.7; -0.1; 9.8; 12.1; 1.2; 4.8; 4.9; 1.2; 11.9; 12.4
302.0; 40.025; -0.1; 3.8; 4.7; -0.1; 9.8; 12.1; 1.2; 4.8; 4.9; 1.2; 11.9; 12.4
302.2; 40.048; -0.1; 3.8; 4.7; -0.1; 9.8; 12.1; 1.2; 4.8; 4.9; 1.2; 11.9; 12.4
302.4; 40.070; -0.1; 3.8; 4.7; -0.1; 9.8; 12.1; 1.2; 4.8; 4.9; 1.2; 11.9; 12.4
302.6; 40.092; -0.1; 3.8; 4.7; -0.1; 9.8; 12.1; 1.2; 4.8; 4.9; 1.2; 11.9; 12.4
302.8; 40.114; -0.1; 3.8; 4.7; -0.1; 9.8; 12.1; 1.2; 4.8; 4.9; 1.2; 11.9; 12.4
303.0; 40.136; -0.1; 3.8; 4.7; -0.1; 9.8; 12.1; 1.2; 4.8; 4.9; 1.2; 11.9; 12.4
303.2; 40.158; -0.1; 3.8; 4.7; -0.1; 9.8; 12.1; 1.2; 4.8; 4.9; 1.2; 11.9; 12.4
303.4; 40.180; -0.1; 3.8; 4.7; -0.1; 9.8; 12.1; 1.2; 4.8; 4.9; 1.2; 11.9; 12.4
303.6; 40.202; -0.1; 3.8; 4.7; -0.1; 9.8; 12.1; 1.2; 4.8; 4.9; 1.2; 11.9; 12.4
303.8; 40.224; -0.1; 3.8; 4.7; -0.1; 9.8; 12.1; 1.2; 4.8; 4.9; 1.2; 11.9; 12.4
304.0; 40.245; -0.1; 3.8; 4.7; -0.1; 9.8; 12.1; 1.2; 4.8; 4.9; 1.2; 11.9; 12.4
304.2; 40.267; -0.1; 3.8; 4.7; -0.1; 9.8; 12.1; 1.2; 4.8; 4.9; 1.2; 11.9; 12.4
304.4; 40.288; -0.1; 3.8; 4.7; -0.1; 9.8; 12.1; 1.2; 4.8; 4.9; 1.2; 11.9; 12.4
304.6; 40.310; -0.1; 3.8; 4.7; -0.1; 9.8; 12.1; 1.2; 4.8; 4.9; 1.2; 11.9; 12.4
304.8; 40.331; -0.1; 3.8; 4.7; -0.1; 9.8; 12.1; 1.2; 4.8; 4.9; 1.2; 11.9; 12.4
305.0; 40.353; -0.1; 3.8; 4.7; -0.1; 9.8; 12.1; 1.2; 4.8; 4.9; 1.2; 11.9; 12.4
305.2; 40.374; -0.1; 3.8; 4.7; -0.1; 9.7; 12.1; 1.2; 4.8; 4.9; 1.2; 11.9; 12.3
305.4; 40.395; -0.1; 3.8; 4.7; -0.1; 9.6; 12.1; 1.2; 4.8; 4.9; 1.2; 11.9; 12.3
305.6; 40.417; -0.2; 3.7; 4.7; -0.2; 9.5; 12.1; 1.2; 4.8; 5.0; 1.2; 11.8; 12.3
305.8; 40.438; -0.3; 3.7; 4.8; -0.3; 9.3; 12.0; 1.3; 4.8; 5.0; 1.3; 11.6; 12.2
306.0; 40.459; -0.5; 3.7; 4.8; -0.5; 9.0; 12.0; 1.5; 4.8; 5.1; 1.5; 11.4; 12.2
306.2; 40.480; -0.8; 3.6; 5.0; -0.8; 8.6; 11.9; 1.7; 4.8; 5.2; 1.7; 11.1; 12.1
306.4; 40.501; -1.2; 3.5; 5.1; -1.2; 8.0; 11.7; 2.0; 4.7; 5.3; 2.0; 10.5; 11.9
306.6; 40.523; -1.8; 3.4; 5.4; -1.8; 7.2; 11.5; 2.5; 4.6; 5.5; 2.5; 9.7; 11.7
306.8; 40.544; -2.5; 3.2; 5.7; -2.5; 6.3; 11.2; 3.2; 4.4; 5.8; 3.2; 8.5; 11.3
307.0; 40.566; -3.4; 2.9; 6.1; -3.4; 5.2; 10.8; 3.9; 4.0; 6.2; 3.9; 7.1; 10.9
307.2; 40.588; -4.2; 2.6; 6.6; -4.2; 4.1; 10.4; 4.7; 3.5; 6.6; 4.7; 5.5; 10.5
307.4; 40.610; -4.9; 2.1; 7.0; -4.9; 3.0; 10.0; 5.3; 2.9; 7.0; 5.3; 4.1; 10.0
307.6; 40.633; -5.4; 1.7; 7.4; -5.4; 2.2; 9.6; 5.7; 2.3; 7.4; 5.7; 3.0; 9.6
307.8; 40.655; -5.7; 1.3; 7.7; -5.7; 1.5; 9.3; 6.0; 1.7; 7.7; 6.0; 2.1; 9.3
308.0; 40.678; -5.9; 0.9; 8.0; -5.9; 1.0; 9.1; 6.2; 1.2; 8.0; 6.2; 1.4; 9.1
308.2; 40.702; -6.1; 0.5; 8.2; -6.1; 0.6; 8.8; 6.3; 0.8; 8.2; 6.3; 0.8; 8.8
308.4; 40.725; -6.2; 0.2; 8.4; -6.2; 0.2; 8.7; 6.5; 0.4; 8.4; 6.5; 0.4; 8.7
308.6; 40.749; -6.3; -0.1; 8.5; -6.3; -0.1; 8.5; 6.6; 0.0; 8.5; 6.6; 0.0; 8.5
308.8; 40.773; -6.5; -0.4; 8.7; -6.5; -0.4; 8.3; 6.7; -0.4; 8.7; 6.7; -0.3; 8.3
309.0; 40.797; -6.6; -0.7; 8.9; -6.6; -0.7; 8.2; 6.9; -0.7; 8.9; 6.9; -0.7; 8.2
309.2; 40.821; -6.6; -1.1; 9.0; -6.6; -1.0; 8.0; 6.9; -1.2; 9.0; 6.9; -1.0; 8.0
309.4; 40.845; -6.6; -1.5; 9.2; -6.6; -1.3; 7.8; 6.9; -1.6; 9.2; 6.9; -1.4; 7.8
309.6; 40.869; -6.5; -1.9; 9.4; -6.5; -1.6; 7.6; 6.8; -2.1; 9.4; 6.8; -1.7; 7.6
309.8; 40.893; -6.2; -2.4; 9.6; -6.2; -1.9; 7.4; 6.6; -2.7; 9.6; 6.6; -2.1; 7.4
310.0; 40.917; -5.9; -3.0; 9.8; -5.9; -2.2; 7.2; 6.2; -3.3; 9.8; 6.2; -2.4; 7.2
310.2; 40.942; -5.3; -3.5; 10.0; -5.3; -2.4; 7.0; 5.7; -3.9; 10.1; 5.7; -2.8; 7.0
310.4; 40.966; -3.9; -4.2; 10.3; -3.9; -2.7; 6.7; 4.3; -4.7; 10.3; 4.3; -3.1; 6.7
310.6; 40.990; -1.1; -4.8; 10.5; -1.1; -2.9; 6.4; 1.5; -5.5; 10.6; 1.5; -3.4; 6.5
310.8; 41.014; -0.4; -5.5; 10.8; -0.4; -3.1; 6.2; 0.9; -6.3; 10.8; 0.9; -3.7; 6.3
311.0; 41.037; -0.2; -6.1; 11.0; -0.2; -3.3; 6.0; 0.8; -7.1; 11.1; 0.8; -3.9; 6.0
311.2; 41.061; -0.2; -6.8; 11.2; -0.2; -3.5; 5.7; 0.8; -7.9; 11.3; 0.8; -4.1; 5.8
311.4; 41.084; -0.2; -7.4; 11.4; -0.2; -3.6; 5.5; 0.8; -8.6; 11.5; 0.8; -4.3; 5.6
311.6; 41.106; -0.2; -7.9; 11.5; -0.2; -3.7; 5.4; 0.8; -9.2; 11.7; 0.8; -4.4; 5.5
311.8; 41.129; -0.2; -8.3; 11.7; -0.2; -3.7; 5.2; 0.9; -9.7; 11.8; 0.9; -4.5; 5.4
312.0; 41.151; -0.2; -8.7; 11.8; -0.2; -3.8; 5.1; 1.0; -10.2; 11.9; 1.0; -4.5; 5.2
312.2; 41.172; -0.2; -8.9; 11.9; -0.2; -3.8; 5.0; 1.0; -10.6; 12.0; 1.0; -4.6; 5.2
312.4; 41.193; -0.2; -9.2; 11.9; -0.2; -3.8; 4.9; 1.1; -10.9; 12.1; 1.1; -4.6; 5.1
312.6; 41.213; -0.4; -9.3; 12.0; -0.4; -3.8; 4.9; 1.3; -11.1; 12.2; 1.3; -4.7; 5.0
312.8; 41.233; -0.5; -9.5; 12.0; -0.5; -3.8; 4.8; 1.5; -11.3; 12.2; 1.5; -4.7; 5.0
313.0; 41.253; -0.5; -9.6; 12.0; -0.5; -3.8; 4.8; 1.5; -11.5; 12.3; 1.5; -4.7; 5.0
313.2; 41.272; -0.4; -9.6; 12.1; -0.4; -3.8; 4.7; 1.4; -11.6; 12.3; 1.4; -4.7; 5.0
313.4; 41.291; -0.3; -9.7; 12.1; -0.3; -3.8; 4.7; 1.3; -11.7; 12.3; 1.3; -4.7; 4.9
313.6; 41.311; -0.2; -9.7; 12.1; -0.2; -3.8; 4.7; 1.3; -11.8; 12.3; 1.3; -4.7; 4.9
313.8; 41.331; -0.2; -9.8; 12.1; -0.2; -3.8; 4.7; 1.2; -11.8; 12.3; 1.2; -4.7; 4.9
314.0; 41.352; -0.1; -9.8; 12.1; -0.1; -3.8; 4.7; 1.2; -11.9; 12.4; 1.2; -4.8; 4.9
314.2; 41.373; -0.1; -9.8; 12.1; -0.1; -3.8; 4.7; 1.2; -11.9; 12.4; 1.2; -4.8; 4.9
314.4; 41.395; -0.1; -9.8; 12.1; -0.1; -3.8; 4.7; 1.2; -11.9; 12.4; 1.2; -4.8; 4.9
314.6; 41.417; -0.1; -9.8; 12.1; -0.1; -3.8; 4.7; 1.1; -12.0; 12.4; 1.1; -4.8; 4.9
314.8; 41.440; -0.1; -9.7; 12.1; -0.1; -3.8; 4.7; 1.1; -11.9; 12.3; 1.1; -4.8; 4.9
315.0; 41.463; -0.1; -9.6; 12.1; -0.1; -3.8; 4.7; 1.2; -11.9; 12.3; 1.2; -4.8; 4.9
315.2; 41.486; -0.1; -9.5; 12.0; -0.1; -3.7; 4.7; 1.3; -11.8; 12.3; 1.3; -4.8; 5.0
315.4; 41.509; -0.3; -9.2; 12.0; -0.3; -3.7; 4.8; 1.3; -11.6; 12.2; 1.3; -4.8; 5.0
315.6; 41.533; -0.5; -8.7; 11.9; -0.5; -3.6; 4.9; 1.5; -11.3; 12.1; 1.5; -4.8; 5.1
315.8; 41.557; -1.0; -8.0; 11.7; -1.0; -3.5; 5.1; 1.8; -10.7; 11.9; 1.8; -4.8; 5.3
316.0; 41.581; -1.7; -7.0; 11.5; -1.7; -3.3; 5.4; 2.4; -9.6; 11.6; 2.4; -4.6; 5.6
316.2; 41.605; -2.7; -5.7; 11.0; -2.7; -3.0; 5.9; 3.4; -7.9; 11.1; 3.4; -4.3; 6.0
316.4; 41.629; -4.0; -4.1; 10.5; -4.0; -2.6; 6.5; 4.4; -5.9; 10.5; 4.4; -3.7; 6.5
316.6; 41.653; -5.0; -2.7; 9.9; -5.0; -1.9; 7.1; 5.4; -3.8; 9.9; 5.4; -2.8; 7.1
316.8; 41.677; -5.8; -1.4; 9.3; -5.8; -1.2; 7.7; 6.1; -2.2; 9.3; 6.1; -1.8; 7.7
317.0; 41.701; -6.2; -0.5; 8.9; -6.2; -0.5; 8.2; 6.4; -0.9; 8.9; 6.4; -0.9; 8.2
317.2; 41.725; -6.3; 0.2; 8.5; -6.3; 0.2; 8.6; 6.6; -0.0; 8.5; 6.6; -0.0; 8.6
317.4; 41.749; -6.3; 0.8; 8.1; -6.3; 0.9; 8.9; 6.6; 0.7; 8.1; 6.6; 0.8; 8.9
317.6; 41.772; -6.1; 1.3; 7.8; -6.1; 1.5; 9.2; 6.4; 1.3; 7.8; 6.4; 1.5; 9.2
317.8; 41.796; -5.7; 1.7; 7.6; -5.7; 2.1; 9.4; 6.0; 1.8; 7.6; 6.0; 2.2; 9.4
318.0; 41.820; -5.0; 2.0; 7.3; -5.0; 2.7; 9.7; 5.4; 2.2; 7.3; 5.4; 2.9; 9.7
318.2; 41.843; -3.7; 2.3; 7.1; -3.7; 3.3; 9.9; 4.1; 2.6; 7.1; 4.1; 3.6; 10.0
318.4; 41.866; -1.7; 2.6; 6.8; -1.7; 3.9; 10.2; 2.0; 3.0; 6.8; 2.0; 4.4; 10.2
318.6; 41.889; -0.7; 2.8; 6.6; -0.7; 4.5; 10.4; 1.1; 3.3; 6.6; 1.1; 5.1; 10.5
318.8; 41.912; -0.4; 3.0; 6.3; -0.4; 5.1; 10.6; 0.8; 3.5; 6.4; 0.8; 5.8; 10.7
319.0; 41.934; -0.3; 3.2; 6.1; -0.3; 5.6; 10.8; 0.8; 3.8; 6.2; 0.8; 6.5; 10.9
319.2; 41.957; -0.2; 3.3; 5.9; -0.2; 6.1; 11.0; 0.7; 3.9; 6.0; 0.7; 7.2; 11.1
319.4; 41.978; -0.2; 3.4; 5.8; -0.2; 6.6; 11.2; 0.8; 4.1; 5.9; 0.8; 7.7; 11.2
319.6; 42.000; -0.2; 3.5; 5.6; -0.2; 7.0; 11.3; 0.8; 4.2; 5.7; 0.8; 8.2; 11.4
319.8; 42.021; -0.2; 3.5; 5.5; -0.2; 7.3; 11.4; 0.8; 4.3; 5.6; 0.8; 8.6; 11.5
320.0; 42.042; -0.2; 3.6; 5.5; -0.2; 7.5; 11.4; 0.9; 4.4; 5.6; 0.9; 8.9; 11.6
320.2; 42.063; -0.2; 3.6; 5.4; -0.2; 7.6; 11.5; 0.9; 4.4; 5.5; 0.9; 9.2; 11.6
320.4; 42.084; -0.3; 3.6; 5.4; -0.3; 7.6; 11.5; 1.0; 4.4; 5.5; 1.0; 9.3; 11.6
320.6; 42.104; -0.5; 3.6; 5.4; -0.5; 7.6; 11.5; 1.2; 4.5; 5.5; 1.2; 9.3; 11.6
320.8; 42.125; -0.9; 3.5; 5.4; -0.9; 7.4; 11.5; 1.6; 4.5; 5.5; 1.6; 9.2; 11.6
321.0; 42.146; -1.6; 3.5; 5.5; -1.6; 7.2; 11.4; 2.3; 4.4; 5.6; 2.3; 9.0; 11.5
321.2; 42.168; -2.3; 3.4; 5.6; -2.3; 6.8; 11.3; 3.0; 4.4; 5.7; 3.0; 8.6; 11.4
321.4; 42.190; -2.9; 3.3; 5.8; -2.9; 6.3; 11.1; 3.5; 4.3; 5.9; 3.5; 8.1; 11.2
321.6; 42.212; -3.4; 3.1; 6.0; -3.4; 5.7; 11.0; 4.0; 4.1; 6.1; 4.0; 7.4; 11.0
321.8; 42.234; -4.0; 3.0; 6.2; -4.0; 5.1; 10.7; 4.5; 3.9; 6.3; 4.5; 6.6; 10.8
322.0; 42.257; -4.5; 2.7; 6.5; -4.5; 4.4; 10.5; 4.9; 3.6; 6.5; 4.9; 5.7; 10.5
322.2; 42.280; -5.0; 2.5; 6.8; -5.0; 3.7; 10.2; 5.4; 3.2; 6.8; 5.4; 4.8; 10.3
322.4; 42.303; -5.4; 2.2; 7.0; -5.4; 3.1; 10.0; 5.7; 2.8; 7.1; 5.7; 4.0; 10.0
322.6; 42.326; -5.7; 1.9; 7.3; -5.7; 2.5; 9.7; 6.0; 2.4; 7.3; 6.0; 3.3; 9.8
322.8; 42.350; -5.9; 1.6; 7.5; -5.9; 2.0; 9.5; 6.2; 2.1; 7.5; 6.2; 2.6; 9.5
323.0; 42.373; -6.0; 1.3; 7.7; -6.0; 1.6; 9.3; 6.3; 1.7; 7.7; 6.3; 2.1; 9.3
323.2; 42.397; -6.0; 1.1; 7.8; -6.0; 1.3; 9.2; 6.3; 1.4; 7.9; 6.3; 1.6; 9.2
323.4; 42.421; -6.1; 0.8; 8.0; -6.1; 0.9; 9.0; 6.4; 1.1; 8.0; 6.4; 1.3; 9.0
323.6; 42.445; -6.1; 0.6; 8.1; -6.1; 0.7; 8.9; 6.4; 0.8; 8.1; 6.4; 0.9; 8.9
323.8; 42.469; -6.1; 0.4; 8.3; -6.1; 0.4; 8.8; 6.4; 0.6; 8.3; 6.4; 0.6; 8.8
324.0; 42.493; -6.1; 0.2; 8.4; -6.1; 0.2; 8.6; 6.4; 0.3; 8.4; 6.4; 0.4; 8.6
324.2; 42.517; -6.2; 0.0; 8.5; -6.2; 0.0; 8.5; 6.4; 0.1; 8.5; 6.4; 0.1; 8.5
324.4; 42.541; -6.2; -0.2; 8.6; -6.2; -0.2; 8.4; 6.5; -0.1; 8.6; 6.5; -0.1; 8.4
324.6; 42.565; -6.3; -0.4; 8.7; -6.3; -0.4; 8.3; 6.6; -0.4; 8.7; 6.6; -0.4; 8.3
324.8; 42.589; -6.4; -0.7; 8.8; -6.4; -0.6; 8.2; 6.6; -0.7; 8.8; 6.6; -0.6; 8.2
325.0; 42.613; -6.4; -0.9; 8.9; -6.4; -0.8; 8.1; 6.7; -1.0; 8.9; 6.7; -0.9; 8.1
325.2; 42.637; -6.4; -1.2; 9.1; -6.4; -1.0; 8.0; 6.7; -1.3; 9.1; 6.7; -1.1; 8.0
325.4; 42.660; -6.4; -1.5; 9.2; -6.4; -1.3; 7.8; 6.7; -1.6; 9.2; 6.7; -1.4; 7.8
325.6; 42.683; -6.3; -1.8; 9.3; -6.3; -1.5; 7.7; 6.6; -2.0; 9.4; 6.6; -1.6; 7.7
325.8; 42.706; -6.1; -2.2; 9.5; -6.1; -1.7; 7.5; 6.4; -2.4; 9.5; 6.4; -1.9; 7.5
326.0; 42.729; -5.9; -2.6; 9.7; -5.9; -1.9; 7.3; 6.2; -2.8; 9.7; 6.2; -2.2; 7.4
326.2; 42.752; -5.4; -3.0; 9.8; -5.4; -2.2; 7.2; 5.8; -3.3; 9.8; 5.8; -2.5; 7.2
326.4; 42.774; -4.7; -3.4; 10.0; -4.7; -2.4; 7.0; 5.0; -3.9; 10.0; 5.0; -2.7; 7.0
326.6; 42.796; -3.1; -3.9; 10.2; -3.1; -2.6; 6.8; 3.5; -4.4; 10.2; 3.5; -3.0; 6.8
326.8; 42.818; -1.3; -4.3; 10.4; -1.3; -2.8; 6.6; 1.7; -5.0; 10.4; 1.7; -3.2; 6.6
327.0; 42.840; -0.6; -4.8; 10.6; -0.6; -2.9; 6.4; 1.1; -5.6; 10.6; 1.1; -3.5; 6.5
327.2; 42.862; -0.4; -5.3; 10.7; -0.4; -3.1; 6.2; 0.9; -6.2; 10.8; 0.9; -3.7; 6.3
327.4; 42.884; -0.3; -5.7; 10.9; -0.3; -3.2; 6.1; 0.8; -6.7; 10.9; 0.8; -3.8; 6.1
327.6; 42.906; -0.2; -6.1; 11.0; -0.2; -3.3; 5.9; 0.8; -7.2; 11.1; 0.8; -4.0; 6.0
327.8; 42.928; -0.2; -6.5; 11.1; -0.2; -3.4; 5.8; 0.8; -7.7; 11.2; 0.8; -4.1; 5.9
328.0; 42.950; -0.2; -6.7; 11.2; -0.2; -3.4; 5.7; 0.8; -8.0; 11.3; 0.8; -4.2; 5.8
328.2; 42.972; -0.2; -6.9; 11.3; -0.2; -3.5; 5.6; 0.8; -8.3; 11.4; 0.8; -4.2; 5.8
328.4; 42.994; -0.3; -6.9; 11.3; -0.3; -3.5; 5.6; 0.9; -8.4; 11.4; 0.9; -4.3; 5.7
328.6; 43.017; -0.3; -6.9; 11.3; -0.3; -3.4; 5.6; 1.0; -8.5; 11.4; 1.0; -4.3; 5.7
328.8; 43.039; -0.6; -6.8; 11.3; -0.6; -3.4; 5.6; 1.2; -8.4; 11.4; 1.2; -4.3; 5.8
329.0; 43.062; -1.2; -6.5; 11.2; -1.2; -3.3; 5.7; 1.8; -8.1; 11.3; 1.8; -4.3; 5.8
329.2; 43.084; -2.3; -6.1; 11.1; -2.3; -3.3; 5.8; 2.9; -7.8; 11.2; 2.9; -4.2; 5.9
329.4; 43.107; -3.2; -5.7; 10.9; -3.2; -3.1; 6.0; 3.8; -7.2; 11.0; 3.8; -4.0; 6.1
329.6; 43.130; -3.8; -5.1; 10.7; -3.8; -3.0; 6.2; 4.3; -6.5; 10.8; 4.3; -3.8; 6.3
329.8; 43.152; -4.4; -4.5; 10.5; -4.4; -2.8; 6.4; 4.8; -5.8; 10.6; 4.8; -3.6; 6.5
330.0; 43.175; -4.9; -3.9; 10.3; -4.9; -2.5; 6.7; 5.3; -5.0; 10.3; 5.3; -3.3; 6.7
330.2; 43.198; -5.3; -3.3; 10.0; -5.3; -2.3; 6.9; 5.7; -4.2; 10.1; 5.7; -2.9; 7.0
330.4; 43.221; -5.6; -2.7; 9.8; -5.6; -2.0; 7.2; 6.0; -3.5; 9.8; 6.0; -2.6; 7.2
330.6; 43.244; -5.9; -2.2; 9.6; -5.9; -1.7; 7.4; 6.2; -2.9; 9.6; 6.2; -2.2; 7.4
330.8; 43.267; -6.1; -1.8; 9.4; -6.1; -1.4; 7.6; 6.4; -2.3; 9.4; 6.4; -1.9; 7.6
331.0; 43.291; -6.2; -1.4; 9.2; -6.2; -1.2; 7.8; 6.5; -1.8; 9.2; 6.5; -1.5; 7.8
331.2; 43.314; -6.2; -1.1; 9.1; -6.2; -0.9; 7.9; 6.5; -1.4; 9.1; 6.5; -1.2; 7.9
331.4; 43.337; -6.2; -0.8; 9.0; -6.2; -0.7; 8.1; 6.5; -1.1; 9.0; 6.5; -1.0; 8.1
331.6; 43.360; -6.2; -0.6; 8.8; -6.2; -0.5; 8.2; 6.5; -0.8; 8.8; 6.5; -0.7; 8.2
331.8; 43.384; -6.2; -0.4; 8.7; -6.2; -0.4; 8.3; 6.4; -0.6; 8.7; 6.4; -0.5; 8.3
332.0; 43.407; -6.1; -0.2; 8.7; -6.1; -0.2; 8.4; 6.4; -0.4; 8.7; 6.4; -0.4; 8.4
332.2; 43.431; -6.1; -0.1; 8.6; -6.1; -0.1; 8.4; 6.4; -0.2; 8.6; 6.4; -0.2; 8.4
332.4; 43.454; -6.1; -0.0; 8.5; -6.1; -0.0; 8.5; 6.4; -0.1; 8.5; 6.4; -0.1; 8.5
332.6; 43.478; -6.1; 0.1; 8.5; -6.1; 0.1; 8.5; 6.4; 0.0; 8.5; 6.4; 0.0; 8.5
332.8; 43.501; -6.1; 0.1; 8.4; -6.1; 0.1; 8.6; 6.4; 0.1; 8.4; 6.4; 0.1; 8.6
333.0; 43.525; -6.1; 0.2; 8.4; -6.1; 0.2; 8.6; 6.4; 0.2; 8.4; 6.4; 0.2; 8.6
333.2; 43.549; -6.1; 0.2; 8.4; -6.1; 0.2; 8.6; 6.4; 0.2; 8.4; 6.4; 0.2; 8.6
333.4; 43.572; -6.1; 0.2; 8.4; -6.1; 0.2; 8.6; 6.4; 0.3; 8.4; 6.4; 0.3; 8.6
333.6; 43.596; -6.1; 0.2; 8.4; -6.1; 0.3; 8.6; 6.4; 0.3; 8.4; 6.4; 0.3; 8.6
333.8; 43.619; -6.1; 0.3; 8.4; -6.1; 0.3; 8.6; 6.4; 0.3; 8.4; 6.4; 0.3; 8.6
334.0; 43.643; -6.1; 0.2; 8.4; -6.1; 0.3; 8.6; 6.4; 0.3; 8.4; 6.4; 0.3; 8.6
334.2; 43.667; -6.1; 0.2; 8.4; -6.1; 0.2; 8.6; 6.4; 0.3; 8.4; 6.4; 0.3; 8.6
334.4; 43.690; -6.1; 0.2; 8.4; -6.1; 0.2; 8.6; 6.4; 0.3; 8.4; 6.4; 0.3; 8.6
334.6; 43.714; -6.1; 0.2; 8.4; -6.1; 0.2; 8.6; 6.4; 0.3; 8.4; 6.4; 0.3; 8.6
334.8; 43.737; -6.1; 0.2; 8.4; -6.1; 0.2; 8.6; 6.4; 0.2; 8.4; 6.4; 0.2; 8.6
335.0; 43.761; -6.1; 0.2; 8.4; -6.1; 0.2; 8.6; 6.4; 0.2; 8.4; 6.4; 0.2; 8.6
335.2; 43.785; -6.1; 0.1; 8.4; -6.1; 0.1; 8.6; 6.4; 0.2; 8.4; 6.4; 0.2; 8.6
335.4; 43.808; -6.1; 0.1; 8.4; -6.1; 0.1; 8.6; 6.4; 0.1; 8.4; 6.4; 0.1; 8.6
335.6; 43.832; -6.1; 0.1; 8.5; -6.1; 0.1; 8.6; 6.4; 0.1; 8.5; 6.4; 0.1; 8.6
335.8; 43.856; -6.1; 0.0; 8.5; -6.1; 0.0; 8.5; 6.4; 0.1; 8.5; 6.4; 0.1; 8.5
336.0; 43.879; -6.1; 0.0; 8.5; -6.1; 0.0; 8.5; 6.4; 0.0; 8.5; 6.4; 0.0; 8.5
336.2; 43.903; -6.1; -0.0; 8.5; -6.1; -0.0; 8.5; 6.4; -0.0; 8.5; 6.4; -0.0; 8.5
336.4; 43.926; -6.1; -0.1; 8.5; -6.1; -0.1; 8.5; 6.4; -0.0; 8.5; 6.4; -0.0; 8.5
336.6; 43.950; -6.1; -0.1; 8.6; -6.1; -0.1; 8.5; 6.4; -0.1; 8.6; 6.4; -0.1; 8.5
336.8; 43.974; -6.1; -0.1; 8.6; -6.1; -0.1; 8.4; 6.4; -0.1; 8.6; 6.4; -0.1; 8.4
337.0; 43.997; -6.1; -0.2; 8.6; -6.1; -0.2; 8.4; 6.4; -0.2; 8.6; 6.4; -0.2; 8.4
337.2; 44.021; -6.1; -0.2; 8.6; -6.1; -0.2; 8.4; 6.4; -0.2; 8.6; 6.4; -0.2; 8.4
337.4; 44.044; -6.1; -0.2; 8.6; -6.1; -0.2; 8.4; 6.4; -0.3; 8.6; 6.4; -0.3; 8.4
337.6; 44.068; -6.1; -0.3; 8.6; -6.1; -0.3; 8.4; 6.4; -0.3; 8.6; 6.4; -0.3; 8.4
337.8; 44.092; -6.1; -0.3; 8.7; -6.1; -0.3; 8.4; 6.4; -0.3; 8.7; 6.4; -0.3; 8.4
338.0; 44.115; -6.1; -0.3; 8.7; -6.1; -0.3; 8.3; 6.4; -0.4; 8.7; 6.4; -0.4; 8.3
338.2; 44.139; -6.1; -0.4; 8.7; -6.1; -0.3; 8.3; 6.3; -0.4; 8.7; 6.3; -0.4; 8.3
338.4; 44.162; -6.0; -0.4; 8.7; -6.0; -0.4; 8.3; 6.3; -0.4; 8.7; 6.3; -0.4; 8.3
338.6; 44.186; -6.0; -0.4; 8.7; -6.0; -0.4; 8.3; 6.3; -0.5; 8.7; 6.3; -0.4; 8.3
338.8; 44.210; -6.0; -0.4; 8.7; -6.0; -0.4; 8.3; 6.3; -0.5; 8.7; 6.3; -0.4; 8.3
339.0; 44.233; -6.0; -0.4; 8.7; -6.0; -0.4; 8.3; 6.3; -0.5; 8.7; 6.3; -0.4; 8.3
339.2; 44.257; -6.0; -0.4; 8.7; -6.0; -0.4; 8.3; 6.3; -0.4; 8.7; 6.3; -0.4; 8.3
339.4; 44.280; -6.0; -0.3; 8.7; -6.0; -0.3; 8.3; 6.3; -0.4; 8.7; 6.3; -0.4; 8.3
339.6; 44.304; -6.0; -0.3; 8.7; -6.0; -0.3; 8.4; 6.3; -0.4; 8.7; 6.3; -0.3; 8.4
339.8; 44.328; -6.1; -0.2; 8.6; -6.1; -0.2; 8.4; 6.3; -0.3; 8.6; 6.3; -0.3; 8.4
340.0; 44.351; -6.1; -0.1; 8.6; -6.1; -0.1; 8.4; 6.4; -0.2; 8.6; 6.4; -0.2; 8.4
340.2; 44.375; -6.2; 0.0; 8.5; -6.2; 0.0; 8.5; 6.5; -0.0; 8.5; 6.5; -0.0; 8.5
340.4; 44.398; -6.4; 0.2; 8.4; -6.4; 0.2; 8.6; 6.6; 0.1; 8.4; 6.6; 0.1; 8.6
340.6; 44.422; -6.5; 0.3; 8.4; -6.5; 0.3; 8.7; 6.8; 0.3; 8.4; 6.8; 0.3; 8.7
340.8; 44.445; -6.6; 0.5; 8.2; -6.6; 0.6; 8.8; 6.9; 0.5; 8.2; 6.9; 0.6; 8.8
341.0; 44.468; -6.7; 0.8; 8.1; -6.7; 0.8; 8.9; 7.0; 0.8; 8.1; 7.0; 0.9; 8.9
341.2; 44.492; -6.7; 1.0; 8.0; -6.7; 1.1; 9.0; 7.0; 1.1; 8.0; 7.0; 1.2; 9.0
341.4; 44.515; -6.7; 1.3; 7.8; -6.7; 1.5; 9.2; 6.9; 1.4; 7.8; 6.9; 1.6; 9.2
341.6; 44.538; -6.5; 1.6; 7.6; -6.5; 1.9; 9.4; 6.8; 1.7; 7.6; 6.8; 2.1; 9.4
341.8; 44.561; -6.3; 1.8; 7.4; -6.3; 2.4; 9.6; 6.6; 2.0; 7.4; 6.6; 2.6; 9.6
342.0; 44.585; -5.9; 2.1; 7.2; -5.9; 2.9; 9.8; 6.2; 2.4; 7.2; 6.2; 3.2; 9.8
342.2; 44.608; -5.3; 2.4; 7.0; -5.3; 3.5; 10.0; 5.6; 2.7; 7.0; 5.6; 3.8; 10.0
342.4; 44.631; -3.6; 2.7; 6.7; -3.6; 4.1; 10.2; 4.0; 3.0; 6.8; 4.0; 4.6; 10.3
342.6; 44.654; -1.0; 2.9; 6.5; -1.0; 4.7; 10.5; 1.5; 3.4; 6.5; 1.5; 5.4; 10.5
342.8; 44.677; -0.4; 3.1; 6.2; -0.4; 5.4; 10.7; 0.9; 3.6; 6.3; 0.9; 6.2; 10.8
343.0; 44.700; -0.2; 3.3; 6.0; -0.2; 6.0; 11.0; 0.8; 3.9; 6.1; 0.8; 7.0; 11.0
343.2; 44.722; -0.2; 3.4; 5.8; -0.2; 6.7; 11.2; 0.8; 4.1; 5.9; 0.8; 7.7; 11.3
343.4; 44.745; -0.2; 3.6; 5.6; -0.2; 7.2; 11.3; 0.8; 4.2; 5.7; 0.8; 8.4; 11.4
343.6; 44.768; -0.2; 3.6; 5.4; -0.2; 7.8; 11.5; 0.8; 4.4; 5.5; 0.8; 9.0; 11.6
343.8; 44.790; -0.2; 3.7; 5.2; -0.2; 8.2; 11.6; 0.9; 4.5; 5.4; 0.9; 9.6; 11.8
344.0; 44.813; -0.2; 3.7; 5.1; -0.2; 8.5; 11.7; 0.9; 4.5; 5.3; 0.9; 10.1; 11.9
344.2; 44.835; -0.2; 3.8; 5.0; -0.2; 8.8; 11.8; 1.0; 4.6; 5.2; 1.0; 10.5; 12.0
344.4; 44.857; -0.3; 3.8; 4.9; -0.3; 9.1; 11.9; 1.1; 4.6; 5.1; 1.1; 10.8; 12.1
344.6; 44.880; -0.5; 3.8; 4.9; -0.5; 9.2; 11.9; 1.4; 4.7; 5.1; 1.4; 11.0; 12.1
344.8; 44.902; -0.7; 3.8; 4.8; -0.7; 9.4; 12.0; 1.6; 4.7; 5.0; 1.6; 11.2; 12.2
345.0; 44.924; -0.6; 3.8; 4.8; -0.6; 9.5; 12.0; 1.6; 4.7; 5.0; 1.6; 11.4; 12.2
345.2; 44.945; -0.5; 3.8; 4.8; -0.5; 9.5; 12.0; 1.5; 4.7; 5.0; 1.5; 11.5; 12.3
345.4; 44.967; -0.5; 3.8; 4.7; -0.5; 9.6; 12.1; 1.5; 4.7; 5.0; 1.5; 11.6; 12.3
345.6; 44.989; -0.4; 3.8; 4.7; -0.4; 9.6; 12.1; 1.4; 4.7; 5.0; 1.4; 11.7; 12.3
345.8; 45.010; -0.3; 3.8; 4.7; -0.3; 9.6; 12.1; 1.4; 4.7; 4.9; 1.4; 11.7; 12.3
346.0; 45.032; -0.3; 3.8; 4.7; -0.3; 9.6; 12.1; 1.3; 4.7; 4.9; 1.3; 11.7; 12.3
346.2; 45.053; -0.3; 3.8; 4.7; -0.3; 9.7; 12.1; 1.3; 4.7; 4.9; 1.3; 11.8; 12.3
346.4; 45.075; -0.3; 3.8; 4.7; -0.3; 9.7; 12.1; 1.3; 4.7; 4.9; 1.3; 11.8; 12.3
346.6; 45.096; -0.2; 3.8; 4.7; -0.2; 9.7; 12.1; 1.3; 4.7; 4.9; 1.3; 11.8; 12.3
346.8; 45.118; -0.2; 3.8; 4.7; -0.2; 9.7; 12.1; 1.3; 4.7; 4.9; 1.3; 11.8; 12.3
347.0; 45.139; -0.2; 3.8; 4.7; -0.2; 9.7; 12.1; 1.3; 4.7; 4.9; 1.3; 11.8; 12.3
347.2; 45.161; -0.2; 3.8; 4.7; -0.2; 9.7; 12.1; 1.3; 4.7; 4.9; 1.3; 11.8; 12.3
347.4; 45.183; -0.2; 3.8; 4.7; -0.2; 9.7; 12.1; 1.3; 4.7; 4.9; 1.3; 11.8; 12.3
347.6; 45.205; -0.2; 3.8; 4.7; -0.2; 9.7; 12.1; 1.3; 4.7; 4.9; 1.3; 11.8; 12.3
347.8; 45.227; -0.2; 3.8; 4.7; -0.2; 9.7; 12.1; 1.3; 4.7; 4.9; 1.3; 11.8; 12.3
348.0; 45.249; -0.2; 3.8; 4.7; -0.2; 9.7; 12.1; 1.3; 4.7; 4.9; 1.3; 11.8; 12.3
348.2; 45.271; -0.2; 3.8; 4.7; -0.2; 9.7; 12.1; 1.3; 4.7; 4.9; 1.3; 11.8; 12.3
348.4; 45.293; -0.2; 3.8; 4.7; -0.2; 9.7; 12.1; 1.3; 4.7; 4.9; 1.3; 11.8; 12.3
348.6; 45.315; -0.2; 3.8; 4.7; -0.2; 9.7; 12.1; 1.2; 4.7; 4.9; 1.2; 11.8; 12.3
348.8; 45.337; -0.2; 3.8; 4.7; -0.2; 9.8; 12.1; 1.2; 4.7; 4.9; 1.2; 11.8; 12.3
349.0; 45.359; -0.2; 3.8; 4.7; -0.2; 9.8; 12.1; 1.2; 4.7; 4.9; 1.2; 11.8; 12.3
349.2; 45.382; -0.2; 3.8; 4.7; -0.2; 9.8; 12.1; 1.2; 4.7; 4.9; 1.2; 11.9; 12.3
349.4; 45.404; -0.1; 3.8; 4.7; -0.1; 9.8; 12.1; 1.2; 4.7; 4.9; 1.2; 11.9; 12.4
349.6; 45.426; -0.1; 3.8; 4.7; -0.1; 9.8; 12.1; 1.2; 4.8; 4.9; 1.2; 11.9; 12.4
349.8; 45.449; -0.1; 3.8; 4.7; -0.1; 9.8; 12.1; 1.2; 4.8; 4.9; 1.2; 11.9; 12.4
350.0; 45.471; -0.1; 3.8; 4.7; -0.1; 9.8; 12.1; 1.2; 4.8; 4.9; 1.2; 11.9; 12.4
350.2; 45.494; -0.1; 3.8; 4.7; -0.1; 9.8; 12.1; 1.2; 4.8; 4.9; 1.2; 11.9; 12.4
350.4; 45.516; -0.1; 3.8; 4.7; -0.1; 9.8; 12.1; 1.2; 4.8; 4.9; 1.2; 11.9; 12.4
350.6; 45.539; -0.1; 3.8; 4.7; -0.1; 9.8; 12.1; 1.2; 4.8; 4.9; 1.2; 11.9; 12.4
350.8; 45.561; -0.1; 3.8; 4.7; -0.1; 9.8; 12.1; 1.2; 4.8; 4.9; 1.2; 11.9; 12.4
351.0; 45.584; -0.1; 3.8; 4.7; -0.1; 9.8; 12.1; 1.2; 4.8; 4.9; 1.2; 11.9; 12.4
351.2; 45.606; -0.1; 3.8; 4.7; -0.1; 9.8; 12.1; 1.2; 4.8; 4.9; 1.2; 11.9; 12.4
351.4; 45.629; -0.1; 3.8; 4.7; -0.1; 9.8; 12.1; 1.2; 4.8; 4.9; 1.2; 11.9; 12.4
351.6; 45.651; -0.1; 3.8; 4.7; -0.1; 9.8; 12.1; 1.2; 4.8; 4.9; 1.2; 11.9; 12.4
351.8; 45.674; -0.1; 3.8; 4.7; -0.1; 9.8; 12.1; 1.2; 4.8; 4.9; 1.2; 11.9; 12.4
352.0; 45.697; -0.1; 3.8; 4.7; -0.1; 9.7; 12.1; 1.2; 4.8; 4.9; 1.2; 11.9; 12.4
352.2; 45.719; -0.1; 3.8; 4.7; -0.1; 9.7; 12.1; 1.2; 4.8; 4.9; 1.2; 11.9; 12.3
352.4; 45.742; -0.2; 3.8; 4.7; -0.2; 9.5; 12.1; 1.2; 4.8; 5.0; 1.2; 11.8; 12.3
352.6; 45.764; -0.3; 3.7; 4.8; -0.3; 9.3; 12.0; 1.3; 4.8; 5.0; 1.3; 11.7; 12.2
352.8; 45.787; -0.5; 3.7; 4.9; -0.5; 9.0; 12.0; 1.5; 4.8; 5.1; 1.5; 11.4; 12.2
353.0; 45.810; -0.8; 3.6; 5.0; -0.8; 8.5; 11.8; 1.7; 4.8; 5.2; 1.7; 11.0; 12.0
353.2; 45.832; -1.3; 3.5; 5.2; -1.3; 7.9; 11.7; 2.2; 4.7; 5.3; 2.2; 10.4; 11.9
353.4; 45.855; -2.0; 3.4; 5.4; -2.0; 7.0; 11.4; 2.8; 4.6; 5.6; 2.8; 9.4; 11.6
353.6; 45.877; -2.9; 3.1; 5.8; -2.9; 5.9; 11.1; 3.5; 4.3; 5.9; 3.5; 8.1; 11.2
353.8; 45.900; -3.9; 2.8; 6.3; -3.9; 4.8; 10.7; 4.4; 3.9; 6.3; 4.4; 6.5; 10.7
354.0; 45.923; -4.7; 2.4; 6.7; -4.7; 3.6; 10.2; 5.1; 3.3; 6.8; 5.1; 4.9; 10.3
354.2; 45.945; -5.3; 2.0; 7.2; -5.3; 2.7; 9.8; 5.7; 2.7; 7.2; 5.7; 3.6; 9.9
354.4; 45.968; -5.7; 1.6; 7.5; -5.7; 2.0; 9.5; 6.1; 2.1; 7.5; 6.1; 2.6; 9.5
354.6; 45.991; -6.0; 1.2; 7.8; -6.0; 1.4; 9.3; 6.3; 1.6; 7.8; 6.3; 1.9; 9.3
354.8; 46.013; -6.1; 0.9; 8.0; -6.1; 1.0; 9.1; 6.4; 1.2; 8.0; 6.4; 1.4; 9.1
355.0; 46.036; -6.1; 0.7; 8.1; -6.1; 0.7; 8.9; 6.4; 0.9; 8.1; 6.4; 1.0; 8.9
355.2; 46.059; -6.1; 0.5; 8.2; -6.1; 0.5; 8.8; 6.4; 0.6; 8.2; 6.4; 0.7; 8.8
355.4; 46.081; -6.1; 0.3; 8.3; -6.1; 0.3; 8.7; 6.4; 0.4; 8.3; 6.4; 0.5; 8.7
355.6; 46.104; -6.1; 0.2; 8.4; -6.1; 0.2; 8.6; 6.4; 0.3; 8.4; 6.4; 0.3; 8.6
355.8; 46.127; -6.1; 0.1; 8.4; -6.1; 0.1; 8.6; 6.4; 0.2; 8.4; 6.4; 0.2; 8.6
356.0; 46.150; -6.1; 0.0; 8.5; -6.1; 0.0; 8.5; 6.4; 0.1; 8.5; 6.4; 0.1; 8.5
356.2; 46.173; -6.1; -0.0; 8.5; -6.1; -0.0; 8.5; 6.4; -0.0; 8.5; 6.4; -0.0; 8.5
356.4; 46.196; -6.1; -0.1; 8.5; -6.1; -0.1; 8.5; 6.4; -0.1; 8.5; 6.4; -0.1; 8.5
356.6; 46.219; -6.1; -0.1; 8.6; -6.1; -0.1; 8.5; 6.4; -0.1; 8.6; 6.4; -0.1; 8.5
356.8; 46.242; -6.1; -0.1; 8.6; -6.1; -0.1; 8.4; 6.4; -0.1; 8.6; 6.4; -0.1; 8.4
357.0; 46.265; -6.1; -0.1; 8.6; -6.1; -0.1; 8.4; 6.4; -0.2; 8.6; 6.4; -0.2; 8.4
357.2; 46.289; -6.1; -0.1; 8.6; -6.1; -0.1; 8.4; 6.4; -0.2; 8.6; 6.4; -0.2; 8.4
357.4; 46.312; -6.1; -0.1; 8.6; -6.1; -0.1; 8.4; 6.4; -0.1; 8.6; 6.4; -0.1; 8.4
357.6; 46.335; -6.1; -0.1; 8.6; -6.1; -0.1; 8.5; 6.4; -0.1; 8.6; 6.4; -0.1; 8.5
357.8; 46.359; -6.1; -0.1; 8.6; -6.1; -0.1; 8.5; 6.4; -0.1; 8.6; 6.4; -0.1; 8.5
358.0; 46.382; -6.1; -0.1; 8.5; -6.1; -0.1; 8.5; 6.4; -0.1; 8.5; 6.4; -0.1; 8.5
358.2; 46.405; -6.1; -0.0; 8.5; -6.1; -0.0; 8.5; 6.4; -0.1; 8.5; 6.4; -0.1; 8.5
358.4; 46.429; -6.1; -0.0; 8.5; -6.1; -0.0; 8.5; 6.4; -0.0; 8.5; 6.4; -0.0; 8.5
358.6; 46.452; -6.1; 0.0; 8.5; -6.1; 0.0; 8.5; 6.4; 0.0; 8.5; 6.4; 0.0; 8.5
358.8; 46.476; -6.1; 0.1; 8.5; -6.1; 0.1; 8.5; 6.4; 0.1; 8.5; 6.4; 0.1; 8.5
359.0; 46.500; -6.1; 0.1; 8.5; -6.1; 0.1; 8.6; 6.4; 0.1; 8.5; 6.4; 0.1; 8.6
359.2; 46.523; -6.1; 0.1; 8.5; -6.1; 0.1; 8.6; 6.4; 0.1; 8.5; 6.4; 0.1; 8.6
359.4; 46.547; -6.1; 0.1; 8.4; -6.1; 0.1; 8.6; 6.4; 0.2; 8.4; 6.4; 0.2; 8.6
359.6; 46.571; -6.1; 0.2; 8.4; -6.1; 0.2; 8.6; 6.4; 0.2; 8.4; 6.4; 0.2; 8.6
359.8; 46.594; -6.1; 0.2; 8.4; -6.1; 0.2; 8.6; 6.4; 0.2; 8.4; 6.4; 0.2; 8.6
360.0; 46.618; -6.1; 0.2; 8.4; -6.1; 0.2; 8.6; 6.4; 0.2; 8.4; 6.4; 0.2; 8.6
360.2; 46.642; -6.1; 0.2; 8.4; -6.1; 0.2; 8.6; 6.4; 0.3; 8.4; 6.4; 0.3; 8.6
360.4; 46.666; -6.1; 0.2; 8.4; -6.1; 0.2; 8.6; 6.4; 0.3; 8.4; 6.4; 0.3; 8.6
360.6; 46.690; -6.1; 0.2; 8.4; -6.1; 0.2; 8.6; 6.4; 0.3; 8.4; 6.4; 0.3; 8.6
360.8; 46.714; -6.1; 0.2; 8.4; -6.1; 0.2; 8.6; 6.4; 0.2; 8.4; 6.4; 0.3; 8.6
361.0; 46.737; -6.1; 0.2; 8.4; -6.1; 0.2; 8.6; 6.4; 0.2; 8.4; 6.4; 0.2; 8.6
361.2; 46.762; -11.0; 0.2; 11.0; -11.0; 0.2; 11.2; -5.8; 0.2; 5.8; -5.8; 0.2; 6.0
361.4; 46.787; -11.0; 0.1; 11.0; -11.0; 0.1; 11.2; -5.8; 0.2; 5.8; -5.8; 0.2; 6.0
361.6; 46.813; -11.1; 0.1; 11.1; -11.1; 0.1; 11.2; -5.9; 0.1; 5.9; -5.9; 0.1; 6.0
361.8; 46.840; -11.1; -0.0; 11.1; -11.1; -0.0; 11.1; -5.9; 0.0; 5.9; -5.9; 0.0; 5.9
362.0; 46.868; -11.0; -0.2; 11.2; -11.0; -0.2; 11.0; -5.8; -0.1; 6.0; -5.8; -0.1; 5.9
362.2; 46.897; -10.7; -0.6; 11.3; -10.7; -0.6; 10.7; -5.7; -0.6; 6.3; -5.7; -0.5; 5.7
362.4; 46.927; -10.2; -1.4; 11.5; -10.2; -1.3; 10.3; -5.4; -1.4; 6.7; -5.4; -1.2; 5.5
362.6; 46.959; -9.4; -2.5; 11.8; -9.4; -2.0; 9.6; -4.9; -2.7; 7.4; -4.9; -1.9; 5.2
362.8; 46.992; -8.4; -3.9; 12.1; -8.4; -2.8; 8.8; -4.2; -4.4; 8.2; -4.2; -2.7; 5.0
363.0; 47.027; -7.2; -5.4; 12.3; -7.2; -3.4; 8.0; -3.4; -6.2; 9.1; -3.4; -3.3; 4.7
363.2; 47.063; -6.2; -6.8; 12.5; -6.2; -3.8; 7.2; -2.6; -7.8; 9.8; -2.6; -3.7; 4.5
363.4; 47.100; -5.3; -7.9; 12.6; -5.3; -4.0; 6.6; -1.9; -9.2; 10.4; -1.9; -4.0; 4.4
363.6; 47.139; -4.7; -8.7; 12.7; -4.7; -4.1; 6.2; -1.4; -10.1; 10.8; -1.4; -4.1; 4.3
363.8; 47.178; -4.3; -9.1; 12.7; -4.3; -4.1; 6.0; -1.0; -10.6; 11.1; -1.0; -4.2; 4.3
364.0; 47.219; -4.3; -9.0; 12.7; -4.3; -4.0; 5.9; -0.7; -10.8; 11.1; -0.7; -4.3; 4.3
364.2; 47.262; -4.3; -9.0; 12.7; -4.3; -4.0; 5.9; -0.6; -10.9; 11.2; -0.6; -4.3; 4.3
364.4; 47.306; -4.4; -8.9; 12.7; -4.4; -4.0; 5.9; -0.6; -10.9; 11.1; -0.6; -4.3; 4.4
364.6; 47.351; -4.5; -8.8; 12.7; -4.5; -3.9; 6.0; -0.7; -10.8; 11.1; -0.7; -4.3; 4.4
364.8; 47.398; -4.7; -8.6; 12.6; -4.7; -3.8; 6.1; -0.8; -10.6; 10.9; -0.8; -4.3; 4.4
365.0; 47.448; -5.0; -8.4; 12.6; -5.0; -3.8; 6.2; -1.0; -10.3; 10.8; -1.0; -4.3; 4.4
365.2; 47.500; -5.4; -8.2; 12.6; -5.4; -3.6; 6.5; -1.3; -9.8; 10.5; -1.3; -4.2; 4.4
365.4; 47.556; -5.9; -7.9; 12.5; -5.9; -3.4; 6.8; -1.7; -9.1; 10.2; -1.7; -4.1; 4.5
365.6; 47.617; -6.5; -7.5; 12.4; -6.5; -3.1; 7.3; -2.2; -8.2; 9.8; -2.2; -4.0; 4.6
365.8; 47.685; -7.5; -7.1; 12.3; -7.5; -2.5; 7.9; -2.9; -6.8; 9.1; -2.9; -3.8; 4.7
366.0; 47.762; -6.1; -6.2; 11.7; -6.1; -0.7; 8.4; -4.1; -5.1; 8.6; -4.1; -3.5; 5.3
366.2; 47.841; -2.1; -6.0; 10.6; -2.1; -0.2; 7.5; -1.5; -4.2; 9.5; -1.5; -3.2; 6.4
366.4; 47.910; -1.7; -6.2; 10.5; -1.7; 0.0; 7.5; -1.2; -3.9; 9.6; -1.2; -3.0; 6.6
366.6; 47.962; -0.3; -6.2; 10.1; -0.3; -0.0; 7.1; -0.2; -3.7; 10.0; -0.2; -2.9; 6.9
366.8; 47.997; -0.1; -6.2; 9.7; -0.1; -0.5; 6.4; 3.2; -3.8; 10.6; 3.2; -3.0; 7.3
367.0; 48.025; -0.1; -6.1; 9.2; -0.1; -1.0; 5.7; 7.2; -4.0; 11.3; 7.2; -3.1; 7.8
367.2; 48.055; -0.1; -6.1; 9.3; -0.1; -1.2; 5.7; 7.1; -4.2; 11.4; 7.1; -3.2; 7.8
367.4; 48.098; -0.1; -6.1; 9.4; -0.1; -1.5; 5.6; 6.8; -4.6; 11.4; 6.8; -3.4; 7.6
367.6; 48.156; -0.1; -6.3; 9.6; -0.1; -1.9; 5.5; 6.5; -5.0; 11.5; 6.5; -3.6; 7.4
367.8; 48.223; -0.1; -6.4; 9.8; -0.1; -2.2; 5.4; 6.2; -5.5; 11.6; 6.2; -3.7; 7.2
368.0; 48.291; -0.1; -6.6; 10.0; -0.1; -2.4; 5.3; 5.9; -6.0; 11.7; 5.9; -3.9; 7.1
368.2; 48.357; -0.1; -6.8; 10.1; -0.1; -2.6; 5.3; 5.6; -6.4; 11.8; 5.6; -4.1; 6.9
368.4; 48.418; -0.1; -6.9; 10.3; -0.1; -2.7; 5.2; 5.3; -6.8; 11.8; 5.3; -4.2; 6.8
368.6; 48.476; -0.1; -7.1; 10.4; -0.1; -2.8; 5.1; 5.1; -7.2; 11.9; 5.1; -4.3; 6.6
368.8; 48.530; -0.1; -7.3; 10.5; -0.1; -2.9; 5.1; 4.8; -7.5; 11.9; 4.8; -4.3; 6.5
369.0; 48.582; -0.1; -7.5; 10.6; -0.1; -3.0; 5.0; 4.6; -7.8; 12.0; 4.6; -4.4; 6.4
369.2; 48.631; -0.1; -7.6; 10.7; -0.1; -3.1; 5.0; 4.5; -8.1; 12.0; 4.5; -4.5; 6.3
369.4; 48.679; -0.1; -7.4; 10.6; -0.1; -3.1; 5.1; 4.6; -7.8; 12.0; 4.6; -4.4; 6.4
369.6; 48.725; -0.1; -6.7; 10.4; -0.1; -3.0; 5.2; 5.1; -7.3; 11.9; 5.1; -4.3; 6.6
369.8; 48.770; -0.1; -6.0; 10.0; -0.1; -2.9; 5.3; 5.7; -6.5; 11.7; 5.7; -4.0; 7.0
370.0; 48.814; -0.1; -5.1; 9.7; -0.1; -2.7; 5.5; 6.3; -5.6; 11.5; 6.3; -3.7; 7.3
370.2; 48.856; -0.1; -4.3; 9.3; -0.1; -2.5; 5.7; 6.9; -4.8; 11.4; 6.9; -3.4; 7.7
370.4; 48.896; -0.1; -3.7; 9.0; -0.1; -2.3; 5.8; 7.4; -4.1; 11.2; 7.4; -3.0; 8.0
370.6; 48.936; -0.1; -3.1; 8.8; -0.1; -2.0; 6.0; 7.8; -3.5; 11.1; 7.8; -2.7; 8.3
370.8; 48.974; -0.1; -2.6; 8.5; -0.1; -1.8; 6.1; 8.2; -3.0; 10.9; 8.2; -2.4; 8.5
371.0; 49.010; -0.1; -2.2; 8.3; -0.1; -1.6; 6.2; 8.5; -2.6; 10.8; 8.5; -2.1; 8.7
371.2; 49.046; -0.1; -1.9; 8.1; -0.1; -1.4; 6.3; 8.7; -2.2; 10.7; 8.7; -1.8; 8.9
371.4; 49.080; -0.1; -1.6; 8.0; -0.1; -1.2; 6.4; 8.9; -1.9; 10.6; 8.9; -1.6; 9.1
371.6; 49.114; -0.1; -1.3; 7.8; -0.1; -1.1; 6.5; 9.1; -1.6; 10.5; 9.1; -1.4; 9.2
371.8; 49.146; -0.1; -1.1; 7.7; -0.1; -0.9; 6.6; 9.2; -1.4; 10.4; 9.2; -1.2; 9.3
372.0; 49.177; -0.1; -1.0; 7.6; -0.1; -0.8; 6.6; 9.3; -1.2; 10.4; 9.3; -1.1; 9.4
372.2; 49.208; -0.1; -0.8; 7.6; -0.1; -0.7; 6.7; 9.4; -1.0; 10.3; 9.4; -0.9; 9.5
372.4; 49.237; -0.1; -0.7; 7.5; -0.1; -0.7; 6.7; 9.5; -0.9; 10.3; 9.5; -0.8; 9.5
372.6; 49.266; -0.1; -0.7; 7.5; -0.1; -0.6; 6.8; 9.5; -0.8; 10.3; 9.5; -0.8; 9.6
372.8; 49.294; -0.1; -0.6; 7.4; -0.1; -0.6; 6.8; 9.6; -0.7; 10.2; 9.6; -0.7; 9.6
373.0; 49.322; -0.1; -0.6; 7.4; -0.1; -0.5; 6.8; 9.6; -0.7; 10.2; 9.6; -0.7; 9.6
373.2; 49.349; -0.1; -0.6; 7.4; -0.1; -0.5; 6.8; 9.6; -0.7; 10.2; 9.6; -0.7; 9.6
373.4; 49.376; -0.1; -0.6; 7.4; -0.1; -0.5; 6.8; 9.6; -0.7; 10.2; 9.6; -0.7; 9.6
373.6; 49.402; -0.1; -0.6; 7.4; -0.1; -0.5; 6.8; 9.6; -0.7; 10.2; 9.6; -0.7; 9.6
373.8; 49.428; -0.1; -0.6; 7.4; -0.1; -0.6; 6.8; 9.6; -0.7; 10.2; 9.6; -0.7; 9.6
374.0; 49.453; -0.1; -0.7; 7.5; -0.1; -0.6; 6.8; 9.5; -0.8; 10.2; 9.5; -0.7; 9.6
374.2; 49.478; -0.1; -0.7; 7.5; -0.1; -0.6; 6.8; 9.5; -0.8; 10.2; 9.5; -0.8; 9.5
374.4; 49.502; -0.1; -0.7; 7.5; -0.1; -0.6; 6.8; 9.5; -0.8; 10.2; 9.5; -0.8; 9.5
374.6; 49.526; -0.1; -0.7; 7.5; -0.1; -0.6; 6.8; 9.5; -0.8; 10.2; 9.5; -0.7; 9.6
374.8; 49.550; -2.2; -0.6; 8.0; -2.2; -0.6; 7.3; 8.3; -0.8; 9.7; 8.3; -0.7; 9.1
375.0; 49.573; -5.8; -0.6; 8.8; -5.8; -0.6; 8.2; 6.1; -0.7; 8.8; 6.1; -0.7; 8.2
375.2; 49.597; -6.1; -0.5; 8.8; -6.1; -0.5; 8.2; 6.4; -0.6; 8.8; 6.4; -0.6; 8.2
375.4; 49.620; -6.2; -0.4; 8.7; -6.2; -0.4; 8.3; 6.5; -0.5; 8.7; 6.5; -0.5; 8.3
375.6; 49.644; -6.2; -0.3; 8.7; -6.2; -0.2; 8.4; 6.5; -0.4; 8.7; 6.5; -0.4; 8.4
375.8; 49.668; -6.1; -0.1; 8.6; -6.1; -0.1; 8.4; 6.4; -0.2; 8.6; 6.4; -0.2; 8.4
376.0; 49.691; -6.1; -0.0; 8.5; -6.1; -0.0; 8.5; 6.4; -0.1; 8.5; 6.4; -0.1; 8.5
376.2; 49.715; -6.1; 0.1; 8.5; -6.1; 0.1; 8.5; 6.3; 0.0; 8.5; 6.3; 0.0; 8.5
376.4; 49.738; -6.1; 0.1; 8.4; -6.1; 0.1; 8.6; 6.3; 0.1; 8.4; 6.3; 0.1; 8.6
376.6; 49.762; -6.0; 0.2; 8.4; -6.0; 0.2; 8.6; 6.3; 0.2; 8.4; 6.3; 0.2; 8.6
376.8; 49.785; -6.1; 0.2; 8.4; -6.1; 0.3; 8.6; 6.3; 0.3; 8.4; 6.3; 0.3; 8.6
377.0; 49.809; -6.1; 0.3; 8.4; -6.1; 0.3; 8.7; 6.3; 0.3; 8.4; 6.3; 0.3; 8.7
377.2; 49.833; -6.1; 0.3; 8.4; -6.1; 0.3; 8.7; 6.3; 0.3; 8.4; 6.3; 0.4; 8.7
377.4; 49.856; -6.1; 0.3; 8.3; -6.1; 0.3; 8.7; 6.4; 0.4; 8.3; 6.4; 0.4; 8.7
377.6; 49.880; -6.1; 0.3; 8.3; -6.1; 0.3; 8.7; 6.4; 0.4; 8.3; 6.4; 0.4; 8.7
377.8; 49.903; -6.1; 0.3; 8.3; -6.1; 0.3; 8.7; 6.4; 0.4; 8.3; 6.4; 0.4; 8.7
378.0; 49.927; -6.1; 0.3; 8.3; -6.1; 0.3; 8.7; 6.4; 0.4; 8.3; 6.4; 0.4; 8.7
378.2; 49.950; -6.1; 0.3; 8.4; -6.1; 0.3; 8.7; 6.4; 0.3; 8.4; 6.4; 0.4; 8.7
378.4; 49.974; -6.1; 0.3; 8.4; -6.1; 0.3; 8.7; 6.4; 0.3; 8.4; 6.4; 0.3; 8.7
378.6; 49.997; -6.1; 0.2; 8.4; -6.1; 0.2; 8.6; 6.4; 0.3; 8.4; 6.4; 0.3; 8.6
378.8; 50.021; -6.1; 0.2; 8.4; -6.1; 0.2; 8.6; 6.4; 0.3; 8.4; 6.4; 0.3; 8.6
379.0; 50.044; -6.1; 0.2; 8.4; -6.1; 0.2; 8.6; 6.4; 0.2; 8.4; 6.4; 0.3; 8.6
379.2; 50.068; -6.1; 0.2; 8.4; -6.1; 0.2; 8.6; 6.4; 0.2; 8.4; 6.4; 0.2; 8.6
379.4; 50.091; -6.1; 0.2; 8.4; -6.1; 0.2; 8.6; 6.4; 0.2; 8.4; 6.4; 0.2; 8.6
379.6; 50.115; -6.1; 0.1; 8.4; -6.1; 0.1; 8.6; 6.4; 0.2; 8.4; 6.4; 0.2; 8.6
379.8; 50.138; -6.1; 0.1; 8.4; -6.1; 0.1; 8.6; 6.4; 0.1; 8.4; 6.4; 0.1; 8.6
380.0; 50.162; -6.1; 0.1; 8.5; -6.1; 0.1; 8.6; 6.4; 0.1; 8.5; 6.4; 0.1; 8.6
380.2; 50.185; -6.1; 0.1; 8.5; -6.1; 0.1; 8.6; 6.4; 0.1; 8.5; 6.4; 0.1; 8.6
380.4; 50.209; -6.1; 0.1; 8.5; -6.1; 0.1; 8.5; 6.4; 0.1; 8.5; 6.4; 0.1; 8.5
380.6; 50.232; -6.1; 0.0; 8.5; -6.1; 0.0; 8.5; 6.4; 0.1; 8.5; 6.4; 0.1; 8.5
380.8; 50.256; -6.1; 0.0; 8.5; -6.1; 0.0; 8.5; 6.4; 0.0; 8.5; 6.4; 0.0; 8.5
381.0; 50.279; -6.1; 0.0; 8.5; -6.1; 0.0; 8.5; 6.4; 0.0; 8.5; 6.4; 0.0; 8.5
381.2; 50.303; -6.1; 0.0; 8.5; -6.1; 0.0; 8.5; 6.4; 0.0; 8.5; 6.4; 0.0; 8.5
381.4; 50.327; -6.1; 0.0; 8.5; -6.1; 0.0; 8.5; 6.4; 0.0; 8.5; 6.4; 0.0; 8.5
381.6; 50.350; -6.1; 0.0; 8.5; -6.1; 0.0; 8.5; 6.4; 0.0; 8.5; 6.4; 0.0; 8.5
381.8; 50.374; -6.1; -0.0; 8.5; -6.1; -0.0; 8.5; 6.4; 0.0; 8.5; 6.4; 0.0; 8.5
382.0; 50.397; -6.1; -0.0; 8.5; -6.1; -0.0; 8.5; 6.4; -0.0; 8.5; 6.4; -0.0; 8.5
382.2; 50.421; -6.1; -0.0; 8.5; -6.1; -0.0; 8.5; 6.4; -0.0; 8.5; 6.4; -0.0; 8.5
382.4; 50.444; -6.1; -0.0; 8.5; -6.1; -0.0; 8.5; 6.4; -0.0; 8.5; 6.4; -0.0; 8.5
382.6; 50.468; -6.1; -0.0; 8.5; -6.1; -0.0; 8.5; 6.4; -0.0; 8.5; 6.4; -0.0; 8.5
382.8; 50.491; -6.1; -0.0; 8.5; -6.1; -0.0; 8.5; 6.4; -0.0; 8.5; 6.4; -0.0; 8.5
383.0; 50.515; -6.1; -0.0; 8.5; -6.1; -0.0; 8.5; 6.4; -0.0; 8.5; 6.4; -0.0; 8.5
383.2; 50.538; -6.1; -0.0; 8.5; -6.1; -0.0; 8.5; 6.4; -0.0; 8.5; 6.4; -0.0; 8.5
383.4; 50.562; -6.1; -0.0; 8.5; -6.1; -0.0; 8.5; 6.4; -0.0; 8.5; 6.4; -0.0; 8.5
383.6; 50.585; -6.1; -0.0; 8.5; -6.1; -0.0; 8.5; 6.4; -0.0; 8.5; 6.4; -0.0; 8.5
383.8; 50.609; -6.1; -0.0; 8.5; -6.1; -0.0; 8.5; 6.4; -0.0; 8.5; 6.4; -0.0; 8.5
384.0; 50.632; -6.1; -0.0; 8.5; -6.1; -0.0; 8.5; 6.4; -0.0; 8.5; 6.4; -0.0; 8.5
384.2; 50.656; -6.1; -0.0; 8.5; -6.1; -0.0; 8.5; 6.4; -0.0; 8.5; 6.4; -0.0; 8.5
384.4; 50.679; -6.1; -0.0; 8.5; -6.1; -0.0; 8.5; 6.4; -0.0; 8.5; 6.4; -0.0; 8.5
384.6; 50.703; -6.1; -0.0; 8.5; -6.1; -0.0; 8.5; 6.4; -0.0; 8.5; 6.4; -0.0; 8.5
384.8; 50.726; -6.1; -0.0; 8.5; -6.1; -0.0; 8.5; 6.4; -0.0; 8.5; 6.4; -0.0; 8.5
385.0; 50.750; -6.1; -0.0; 8.5; -6.1; -0.0; 8.5; 6.4; -0.0; 8.5; 6.4; -0.0; 8.5
385.2; 50.773; -6.1; -0.0; 8.5; -6.1; -0.0; 8.5; 6.4; -0.0; 8.5; 6.4; -0.0; 8.5
385.4; 50.797; -6.1; -0.0; 8.5; -6.1; -0.0; 8.5; 6.4; -0.0; 8.5; 6.4; -0.0; 8.5
385.6; 50.820; -6.1; -0.0; 8.5; -6.1; -0.0; 8.5; 6.4; -0.0; 8.5; 6.4; -0.0; 8.5
385.8; 50.844; -6.1; -0.0; 8.5; -6.1; -0.0; 8.5; 6.4; -0.0; 8.5; 6.4; -0.0; 8.5
386.0; 50.868; -6.1; -0.0; 8.5; -6.1; -0.0; 8.5; 6.4; -0.0; 8.5; 6.4; -0.0; 8.5
386.2; 50.891; -6.1; 0.0; 8.5; -6.1; 0.0; 8.5; 6.4; 0.0; 8.5; 6.4; 0.0; 8.5
386.4; 50.915; -6.1; 0.0; 8.5; -6.1; 0.0; 8.5; 6.4; 0.0; 8.5; 6.4; 0.0; 8.5
386.6; 50.938; -6.1; 0.0; 8.5; -6.1; 0.0; 8.5; 6.4; 0.0; 8.5; 6.4; 0.0; 8.5
386.8; 50.962; -6.1; 0.0; 8.5; -6.1; 0.0; 8.5; 6.4; 0.0; 8.5; 6.4; 0.0; 8.5
387.0; 50.985; -6.1; 0.0; 8.5; -6.1; 0.0; 8.5; 6.4; 0.0; 8.5; 6.4; 0.0; 8.5
387.2; 51.009; -6.1; 0.0; 8.5; -6.1; 0.0; 8.5; 6.4; 0.0; 8.5; 6.4; 0.0; 8.5
387.4; 51.032; -6.1; 0.0; 8.5; -6.1; 0.0; 8.5; 6.4; 0.0; 8.5; 6.4; 0.0; 8.5
387.6; 51.056; -6.1; 0.0; 8.5; -6.1; 0.0; 8.5; 6.4; 0.0; 8.5; 6.4; 0.0; 8.5
387.8; 51.079; -6.1; 0.0; 8.5; -6.1; 0.0; 8.5; 6.4; 0.0; 8.5; 6.4; 0.0; 8.5
388.0; 51.103; -6.1; 0.0; 8.5; -6.1; 0.0; 8.5; 6.4; 0.0; 8.5; 6.4; 0.0; 8.5
388.2; 51.126; -6.1; 0.0; 8.5; -6.1; 0.0; 8.5; 6.4; 0.0; 8.5; 6.4; 0.0; 8.5
388.4; 51.150; -6.1; 0.0; 8.5; -6.1; 0.0; 8.5; 6.4; 0.0; 8.5; 6.4; 0.0; 8.5
388.6; 51.173; -6.1; 0.0; 8.5; -6.1; 0.0; 8.5; 6.4; 0.0; 8.5; 6.4; 0.0; 8.5
388.8; 51.197; -6.1; 0.0; 8.5; -6.1; 0.0; 8.5; 6.4; 0.0; 8.5; 6.4; 0.0; 8.5
389.0; 51.220; -6.1; 0.0; 8.5; -6.1; 0.0; 8.5; 6.4; 0.0; 8.5; 6.4; 0.0; 8.5
389.2; 51.244; -6.1; 0.0; 8.5; -6.1; 0.0; 8.5; 6.4; 0.0; 8.5; 6.4; 0.0; 8.5
389.4; 51.268; -6.1; 0.0; 8.5; -6.1; 0.0; 8.5; 6.4; 0.0; 8.5; 6.4; 0.0; 8.5
389.6; 51.291; -6.1; 0.0; 8.5; -6.1; 0.0; 8.5; 6.4; 0.0; 8.5; 6.4; 0.0; 8.5
389.8; 51.315; -6.1; 0.0; 8.5; -6.1; 0.0; 8.5; 6.4; 0.0; 8.5; 6.4; 0.0; 8.5
390.0; 51.338; -6.1; 0.0; 8.5; -6.1; 0.0; 8.5; 6.4; 0.0; 8.5; 6.4; 0.0; 8.5
390.2; 51.362; -6.1; 0.0; 8.5; -6.1; 0.0; 8.5; 6.4; 0.0; 8.5; 6.4; 0.0; 8.5
390.4; 51.385; -6.1; 0.0; 8.5; -6.1; 0.0; 8.5; 6.4; 0.0; 8.5; 6.4; 0.0; 8.5
390.6; 51.409; -6.1; 0.0; 8.5; -6.1; 0.0; 8.5; 6.4; 0.0; 8.5; 6.4; 0.0; 8.5
390.8; 51.432; -6.1; 0.0; 8.5; -6.1; 0.0; 8.5; 6.4; 0.0; 8.5; 6.4; 0.0; 8.5
391.0; 51.456; -6.1; 0.0; 8.5; -6.1; 0.0; 8.5; 6.4; 0.0; 8.5; 6.4; 0.0; 8.5
391.2; 51.479; -6.1; 0.0; 8.5; -6.1; 0.0; 8.5; 6.4; 0.0; 8.5; 6.4; 0.0; 8.5
391.4; 51.503; -6.1; 0.0; 8.5; -6.1; 0.0; 8.5; 6.4; 0.0; 8.5; 6.4; 0.0; 8.5
391.6; 51.526; -6.1; 0.0; 8.5; -6.1; 0.0; 8.5; 6.4; 0.0; 8.5; 6.4; 0.0; 8.5
391.8; 51.550; -6.1; 0.0; 8.5; -6.1; 0.0; 8.5; 6.4; 0.0; 8.5; 6.4; 0.0; 8.5
392.0; 51.573; -6.1; 0.0; 8.5; -6.1; 0.0; 8.5; 6.4; 0.0; 8.5; 6.4; 0.0; 8.5
392.2; 51.597; -6.1; 0.0; 8.5; -6.1; 0.0; 8.5; 6.4; 0.0; 8.5; 6.4; 0.0; 8.5
392.4; 51.621; -6.1; 0.0; 8.5; -6.1; 0.0; 8.5; 6.4; 0.0; 8.5; 6.4; 0.0; 8.5
392.6; 51.644; -6.1; 0.0; 8.5; -6.1; 0.0; 8.5; 6.4; 0.0; 8.5; 6.4; 0.0; 8.5
392.8; 51.668; -6.1; 0.0; 8.5; -6.1; 0.0; 8.5; 6.4; 0.0; 8.5; 6.4; 0.0; 8.5
393.0; 51.691; -6.1; 0.0; 8.5; -6.1; 0.0; 8.5; 6.4; 0.0; 8.5; 6.4; 0.0; 8.5
393.2; 51.715; -6.1; 0.0; 8.5; -6.1; 0.0; 8.5; 6.4; 0.0; 8.5; 6.4; 0.0; 8.5
393.4; 51.738; -6.1; 0.0; 8.5; -6.1; 0.0; 8.5; 6.4; 0.0; 8.5; 6.4; 0.0; 8.5
393.6; 51.762; -6.1; 0.0; 8.5; -6.1; 0.0; 8.5; 6.4; 0.0; 8.5; 6.4; 0.0; 8.5
393.8; 51.785; -6.1; 0.0; 8.5; -6.1; 0.0; 8.5; 6.4; 0.0; 8.5; 6.4; 0.0; 8.5
394.0; 51.809; -6.1; 0.0; 8.5; -6.1; 0.0; 8.5; 6.4; 0.0; 8.5; 6.4; 0.0; 8.5
394.2; 51.832; -6.1; 0.0; 8.5; -6.1; 0.0; 8.5; 6.4; 0.0; 8.5; 6.4; 0.0; 8.5
394.4; 51.856; -6.1; 0.0; 8.5; -6.1; 0.0; 8.5; 6.4; 0.0; 8.5; 6.4; 0.0; 8.5
394.6; 51.879; -6.1; 0.0; 8.5; -6.1; 0.0; 8.5; 6.4; 0.0; 8.5; 6.4; 0.0; 8.5
394.8; 51.903; -6.1; 0.0; 8.5; -6.1; 0.0; 8.5; 6.4; 0.0; 8.5; 6.4; 0.0; 8.5
395.0; 51.926; -6.1; 0.0; 8.5; -6.1; 0.0; 8.5; 6.4; 0.0; 8.5; 6.4; 0.0; 8.5
395.2; 51.950; -6.1; 0.0; 8.5; -6.1; 0.0; 8.5; 6.4; 0.0; 8.5; 6.4; 0.0; 8.5
395.4; 51.974; -6.1; 0.0; 8.5; -6.1; 0.0; 8.5; 6.4; 0.0; 8.5; 6.4; 0.0; 8.5
395.6; 51.997; -6.1; 0.0; 8.5; -6.1; 0.0; 8.5; 6.4; 0.0; 8.5; 6.4; 0.0; 8.5
395.8; 52.021; -6.1; 0.0; 8.5; -6.1; 0.0; 8.5; 6.4; 0.0; 8.5; 6.4; 0.0; 8.5
396.0; 52.044; -6.1; 0.0; 8.5; -6.1; 0.0; 8.5; 6.4; 0.0; 8.5; 6.4; 0.0; 8.5
396.2; 52.068; -6.1; 0.0; 8.5; -6.1; 0.0; 8.5; 6.4; 0.0; 8.5; 6.4; 0.0; 8.5
396.4; 52.091; -6.1; 0.0; 8.5; -6.1; 0.0; 8.5; 6.4; 0.0; 8.5; 6.4; 0.0; 8.5
396.6; 52.115; -6.1; 0.0; 8.5; -6.1; 0.0; 8.5; 6.4; 0.0; 8.5; 6.4; 0.0; 8.5
396.8; 52.138; -6.1; 0.0; 8.5; -6.1; 0.0; 8.5; 6.4; 0.0; 8.5; 6.4; 0.0; 8.5
397.0; 52.162; -6.1; 0.0; 8.5; -6.1; 0.0; 8.5; 6.4; 0.0; 8.5; 6.4; 0.0; 8.5
397.2; 52.185; -6.1; 0.0; 8.5; -6.1; 0.0; 8.5; 6.4; 0.0; 8.5; 6.4; 0.0; 8.5
397.4; 52.209; -6.1; 0.0; 8.5; -6.1; 0.0; 8.5; 6.4; 0.0; 8.5; 6.4; 0.0; 8.5
397.6; 52.232; -6.1; 0.0; 8.5; -6.1; 0.0; 8.5; 6.4; 0.0; 8.5; 6.4; 0.0; 8.5
397.8; 52.256; -6.1; 0.0; 8.5; -6.1; 0.0; 8.5; 6.4; 0.0; 8.5; 6.4; 0.0; 8.5
398.0; 52.279; -6.1; 0.0; 8.5; -6.1; 0.0; 8.5; 6.4; 0.0; 8.5; 6.4; 0.0; 8.5
398.2; 52.303; -6.1; 0.0; 8.5; -6.1; 0.0; 8.5; 6.4; 0.0; 8.5; 6.4; 0.0; 8.5
398.4; 52.327; -6.1; 0.0; 8.5; -6.1; 0.0; 8.5; 6.4; 0.0; 8.5; 6.4; 0.0; 8.5
398.6; 52.350; -6.1; 0.0; 8.5; -6.1; 0.0; 8.5; 6.4; 0.0; 8.5; 6.4; 0.0; 8.5
398.8; 52.374; -6.1; 0.0; 8.5; -6.1; 0.0; 8.5; 6.4; 0.0; 8.5; 6.4; 0.0; 8.5
399.0; 52.397; -6.1; 0.0; 8.5; -6.1; 0.0; 8.5; 6.4; 0.0; 8.5; 6.4; 0.0; 8.5
399.2; 52.421; -6.1; 0.0; 8.5; -6.1; 0.0; 8.5; 6.4; 0.0; 8.5; 6.4; 0.0; 8.5
399.4; 52.444; -6.1; 0.0; 8.5; -6.1; 0.0; 8.5; 6.4; 0.0; 8.5; 6.4; 0.0; 8.5
399.6; 52.468; -6.1; 0.0; 8.5; -6.1; 0.0; 8.5; 6.4; 0.0; 8.5; 6.4; 0.0; 8.5
399.8; 52.491; -6.1; 0.0; 8.5; -6.1; 0.0; 8.5; 6.4; 0.0; 8.5; 6.4; 0.0; 8.5
400.0; 52.515; -6.1; 0.0; 8.5; -6.1; 0.0; 8.5; 6.4; 0.0; 8.5; 6.4; 0.0; 8.5
400.2; 52.538; -6.1; 0.0; 8.5; -6.1; 0.0; 8.5; 6.4; 0.0; 8.5; 6.4; 0.0; 8.5
400.4; 52.562; -6.1; 0.0; 8.5; -6.1; 0.0; 8.5; 6.4; 0.0; 8.5; 6.4; 0.0; 8.5
400.6; 52.585; -6.1; 0.0; 8.5; -6.1; 0.0; 8.5; 6.4; 0.0; 8.5; 6.4; 0.0; 8.5
400.8; 52.609; -6.1; 0.0; 8.5; -6.1; 0.0; 8.5; 6.4; 0.0; 8.5; 6.4; 0.0; 8.5
401.0; 52.632; -6.1; 0.0; 8.5; -6.1; 0.0; 8.5; 6.4; 0.0; 8.5; 6.4; 0.0; 8.5
401.2; 52.656; -6.1; 0.0; 8.5; -6.1; 0.0; 8.5; 6.4; 0.0; 8.5; 6.4; 0.0; 8.5
401.4; 52.679; -6.1; 0.0; 8.5; -6.1; 0.0; 8.5; 6.4; 0.0; 8.5; 6.4; 0.0; 8.5
401.6; 52.703; -6.1; 0.0; 8.5; -6.1; 0.0; 8.5; 6.4; 0.0; 8.5; 6.4; 0.0; 8.5
401.8; 52.727; -6.1; 0.0; 8.5; -6.1; 0.0; 8.5; 6.4; 0.0; 8.5; 6.4; 0.0; 8.5
402.0; 52.750; -6.1; 0.0; 8.5; -6.1; 0.0; 8.5; 6.4; 0.0; 8.5; 6.4; 0.0; 8.5
402.2; 52.774; -6.1; 0.0; 8.5; -6.1; 0.0; 8.5; 6.4; 0.0; 8.5; 6.4; 0.0; 8.5
402.4; 52.797; -6.1; 0.0; 8.5; -6.1; 0.0; 8.5; 6.4; 0.0; 8.5; 6.4; 0.0; 8.5
402.6; 52.821; -6.1; 0.0; 8.5; -6.1; 0.0; 8.5; 6.4; 0.0; 8.5; 6.4; 0.0; 8.5
402.8; 52.844; -6.1; 0.0; 8.5; -6.1; 0.0; 8.5; 6.4; 0.0; 8.5; 6.4; 0.0; 8.5
403.0; 52.868; -6.1; 0.0; 8.5; -6.1; 0.0; 8.5; 6.4; 0.0; 8.5; 6.4; 0.0; 8.5
403.2; 52.891; -6.1; 0.0; 8.5; -6.1; 0.0; 8.5; 6.4; 0.0; 8.5; 6.4; 0.0; 8.5
403.4; 52.915; -6.1; 0.0; 8.5; -6.1; 0.0; 8.5; 6.4; 0.0; 8.5; 6.4; 0.0; 8.5
403.6; 52.938; -6.1; 0.0; 8.5; -6.1; 0.0; 8.5; 6.4; 0.0; 8.5; 6.4; 0.0; 8.5
403.8; 52.962; -6.1; 0.0; 8.5; -6.1; 0.0; 8.5; 6.4; 0.0; 8.5; 6.4; 0.0; 8.5
404.0; 52.985; -6.1; 0.0; 8.5; -6.1; 0.0; 8.5; 6.4; 0.0; 8.5; 6.4; 0.0; 8.5
404.2; 53.009; -6.1; 0.0; 8.5; -6.1; 0.0; 8.5; 6.4; 0.0; 8.5; 6.4; 0.0; 8.5
404.4; 53.032; -6.1; 0.0; 8.5; -6.1; 0.0; 8.5; 6.4; 0.0; 8.5; 6.4; 0.0; 8.5
404.6; 53.056; -6.1; 0.0; 8.5; -6.1; 0.0; 8.5; 6.4; 0.0; 8.5; 6.4; 0.0; 8.5
404.8; 53.079; -6.1; 0.0; 8.5; -6.1; 0.0; 8.5; 6.4; 0.0; 8.5; 6.4; 0.0; 8.5
405.0; 53.103; -6.1; 0.0; 8.5; -6.1; 0.0; 8.5; 6.4; 0.0; 8.5; 6.4; 0.0; 8.5
405.2; 53.127; -6.1; 0.0; 8.5; -6.1; 0.0; 8.5; 6.4; 0.0; 8.5; 6.4; 0.0; 8.5
405.4; 53.150; -6.1; 0.0; 8.5; -6.1; 0.0; 8.5; 6.4; 0.0; 8.5; 6.4; 0.0; 8.5
405.6; 53.174; -6.1; 0.0; 8.5; -6.1; 0.0; 8.5; 6.4; 0.0; 8.5; 6.4; 0.0; 8.5
405.8; 53.197; -6.1; 0.0; 8.5; -6.1; 0.0; 8.5; 6.4; 0.0; 8.5; 6.4; 0.0; 8.5
406.0; 53.221; -6.1; 0.0; 8.5; -6.1; 0.0; 8.5; 6.4; 0.0; 8.5; 6.4; 0.0; 8.5
406.2; 53.244; -6.1; 0.0; 8.5; -6.1; 0.0; 8.5; 6.4; 0.0; 8.5; 6.4; 0.0; 8.5
406.4; 53.268; -6.1; 0.0; 8.5; -6.1; 0.0; 8.5; 6.4; 0.0; 8.5; 6.4; 0.0; 8.5
406.6; 53.291; -6.1; 0.0; 8.5; -6.1; 0.0; 8.5; 6.4; 0.0; 8.5; 6.4; 0.0; 8.5
406.8; 53.315; -6.1; 0.0; 8.5; -6.1; 0.0; 8.5; 6.4; 0.0; 8.5; 6.4; 0.0; 8.5
407.0; 53.338; -6.1; 0.0; 8.5; -6.1; 0.0; 8.5; 6.4; 0.0; 8.5; 6.4; 0.0; 8.5
407.2; 53.362; -6.1; 0.0; 8.5; -6.1; 0.0; 8.5; 6.4; 0.0; 8.5; 6.4; 0.0; 8.5
407.4; 53.385; -6.1; 0.0; 8.5; -6.1; 0.0; 8.5; 6.4; 0.0; 8.5; 6.4; 0.0; 8.5
407.6; 53.409; -6.1; 0.0; 8.5; -6.1; 0.0; 8.5; 6.4; 0.0; 8.5; 6.4; 0.0; 8.5
407.8; 53.432; -6.1; 0.0; 8.5; -6.1; 0.0; 8.5; 6.4; 0.0; 8.5; 6.4; 0.0; 8.5
408.0; 53.456; -6.1; 0.0; 8.5; -6.1; 0.0; 8.5; 6.4; 0.0; 8.5; 6.4; 0.0; 8.5
408.2; 53.479; -6.1; 0.0; 8.5; -6.1; 0.0; 8.5; 6.4; 0.0; 8.5; 6.4; 0.0; 8.5
408.4; 53.503; -6.1; 0.0; 8.5; -6.1; 0.0; 8.5; 6.4; 0.0; 8.5; 6.4; 0.0; 8.5
408.6; 53.526; -6.1; 0.0; 8.5; -6.1; 0.0; 8.5; 6.4; 0.0; 8.5; 6.4; 0.0; 8.5
408.8; 53.550; -6.1; 0.0; 8.5; -6.1; 0.0; 8.5; 6.4; 0.0; 8.5; 6.4; 0.0; 8.5
409.0; 53.574; -6.1; 0.0; 8.5; -6.1; 0.0; 8.5; 6.4; 0.0; 8.5; 6.4; 0.0; 8.5
409.2; 53.597; -6.1; 0.0; 8.5; -6.1; 0.0; 8.5; 6.4; 0.0; 8.5; 6.4; 0.0; 8.5
409.4; 53.621; -6.1; 0.0; 8.5; -6.1; 0.0; 8.5; 6.4; 0.0; 8.5; 6.4; 0.0; 8.5
409.6; 53.644; -6.1; 0.0; 8.5; -6.1; 0.0; 8.5; 6.4; 0.0; 8.5; 6.4; 0.0; 8.5
409.8; 53.668; -6.1; 0.0; 8.5; -6.1; 0.0; 8.5; 6.4; 0.0; 8.5; 6.4; 0.0; 8.5
410.0; 53.691; -6.1; -0.0; 8.5; -6.1; -0.0; 8.5; 6.4; 0.0; 8.5; 6.4; 0.0; 8.5
410.2; 53.715; -6.1; -0.0; 8.5; -6.1; -0.0; 8.5; 6.4; -0.0; 8.5; 6.4; -0.0; 8.5
410.4; 53.738; -6.1; -0.0; 8.5; -6.1; -0.0; 8.5; 6.4; -0.0; 8.5; 6.4; -0.0; 8.5
410.6; 53.762; -6.1; -0.0; 8.5; -6.1; -0.0; 8.5; 6.4; -0.0; 8.5; 6.4; -0.0; 8.5
410.8; 53.785; -6.1; -0.0; 8.5; -6.1; -0.0; 8.5; 6.4; -0.0; 8.5; 6.4; -0.0; 8.5
411.0; 53.809; -6.1; -0.0; 8.5; -6.1; -0.0; 8.5; 6.4; -0.0; 8.5; 6.4; -0.0; 8.5
411.2; 53.832; -6.1; -0.0; 8.5; -6.1; -0.0; 8.5; 6.4; -0.0; 8.5; 6.4; -0.0; 8.5
411.4; 53.856; -6.1; -0.0; 8.5; -6.1; -0.0; 8.5; 6.4; -0.0; 8.5; 6.4; -0.0; 8.5
411.6; 53.879; -6.1; -0.0; 8.5; -6.1; -0.0; 8.5; 6.4; -0.0; 8.5; 6.4; -0.0; 8.5
411.8; 53.903; -6.1; -0.0; 8.5; -6.1; -0.0; 8.5; 6.4; -0.0; 8.5; 6.4; -0.0; 8.5
412.0; 53.926; -6.1; -0.0; 8.5; -6.1; -0.0; 8.5; 6.4; -0.0; 8.5; 6.4; -0.0; 8.5
412.2; 53.950; -6.1; -0.0; 8.5; -6.1; -0.0; 8.5; 6.4; -0.0; 8.5; 6.4; -0.0; 8.5
412.4; 53.973; -6.1; -0.0; 8.5; -6.1; -0.0; 8.5; 6.4; -0.0; 8.5; 6.4; -0.0; 8.5
412.6; 53.997; -6.1; -0.0; 8.5; -6.1; -0.0; 8.5; 6.4; -0.0; 8.5; 6.4; -0.0; 8.5
412.8; 54.020; -6.1; -0.0; 8.5; -6.1; -0.0; 8.5; 6.4; -0.0; 8.5; 6.4; -0.0; 8.5
413.0; 54.044; -6.1; -0.0; 8.5; -6.1; -0.0; 8.5; 6.4; -0.0; 8.5; 6.4; -0.0; 8.5
413.2; 54.067; -6.1; -0.0; 8.5; -6.1; -0.0; 8.5; 6.4; -0.0; 8.5; 6.4; -0.0; 8.5
413.4; 54.091; -6.1; -0.0; 8.5; -6.1; -0.0; 8.5; 6.4; -0.0; 8.5; 6.4; -0.0; 8.5
413.6; 54.115; -6.1; -0.0; 8.5; -6.1; -0.0; 8.5; 6.4; -0.0; 8.5; 6.4; -0.0; 8.5
413.8; 54.138; -6.1; -0.0; 8.5; -6.1; -0.0; 8.5; 6.4; -0.0; 8.5; 6.4; -0.0; 8.5
414.0; 54.162; -6.1; -0.0; 8.5; -6.1; -0.0; 8.5; 6.4; -0.0; 8.5; 6.4; -0.0; 8.5
414.2; 54.185; -6.1; -0.0; 8.5; -6.1; -0.0; 8.5; 6.4; -0.0; 8.5; 6.4; -0.0; 8.5
414.4; 54.209; -6.1; -0.0; 8.5; -6.1; -0.0; 8.5; 6.4; -0.0; 8.5; 6.4; -0.0; 8.5
414.6; 54.232; -6.1; -0.0; 8.5; -6.1; -0.0; 8.5; 6.4; -0.0; 8.5; 6.4; -0.0; 8.5
414.8; 54.256; -6.1; 0.0; 8.5; -6.1; 0.0; 8.5; 6.4; -0.0; 8.5; 6.4; -0.0; 8.5
415.0; 54.279; -6.1; 0.0; 8.5; -6.1; 0.0; 8.5; 6.4; 0.0; 8.5; 6.4; 0.0; 8.5
415.2; 54.303; -6.1; 0.0; 8.5; -6.1; 0.0; 8.5; 6.4; 0.0; 8.5; 6.4; 0.0; 8.5
415.4; 54.326; -6.1; 0.0; 8.5; -6.1; 0.0; 8.5; 6.4; 0.0; 8.5; 6.4; 0.0; 8.5
415.6; 54.350; -6.1; 0.1; 8.5; -6.1; 0.1; 8.5; 6.4; 0.1; 8.5; 6.4; 0.1; 8.5
415.8; 54.373; -6.1; 0.1; 8.5; -6.1; 0.1; 8.5; 6.4; 0.1; 8.5; 6.4; 0.1; 8.5
416.0; 54.397; -6.1; 0.1; 8.5; -6.1; 0.1; 8.6; 6.4; 0.1; 8.5; 6.4; 0.1; 8.6
416.2; 54.420; -6.1; 0.1; 8.4; -6.1; 0.1; 8.6; 6.4; 0.1; 8.4; 6.4; 0.1; 8.6
416.4; 54.444; -6.1; 0.2; 8.4; -6.1; 0.2; 8.6; 6.4; 0.2; 8.4; 6.4; 0.2; 8.6
416.6; 54.467; -6.1; 0.2; 8.4; -6.1; 0.2; 8.6; 6.4; 0.2; 8.4; 6.4; 0.2; 8.6
416.8; 54.491; -6.1; 0.2; 8.4; -6.1; 0.2; 8.6; 6.4; 0.2; 8.4; 6.4; 0.3; 8.6
417.0; 54.514; -6.1; 0.3; 8.4; -6.1; 0.3; 8.6; 6.4; 0.3; 8.4; 6.4; 0.3; 8.6
417.2; 54.538; -6.1; 0.3; 8.4; -6.1; 0.3; 8.7; 6.4; 0.3; 8.4; 6.4; 0.3; 8.7
417.4; 54.561; -6.1; 0.3; 8.3; -6.1; 0.3; 8.7; 6.4; 0.4; 8.3; 6.4; 0.4; 8.7
417.6; 54.585; -5.8; 0.4; 8.3; -5.8; 0.4; 8.7; 6.1; 0.4; 8.3; 6.1; 0.4; 8.7
