#x_m,y_m,w_tr
-16.404752,28.765035,2.111709
-16.463389,28.814463,2.134195
-16.522026,28.863891,2.156682
-16.582569,28.908717,2.156682
-16.643903,28.951634,2.134195
-16.702539,29.001062,2.111709
-16.761176,29.050490,2.111709
-16.819813,29.099918,2.134195
-16.878952,29.148132,2.086705
-16.940286,29.191049,2.156682
-16.999713,29.238568,2.134195
-17.058350,29.287996,2.111709
-17.116987,29.337424,2.111709
-17.175623,29.386853,2.134195
-17.234260,29.436281,2.156682
-17.294299,29.482324,2.156682
-17.352936,29.531752,2.134195
-17.411572,29.581180,2.111709
-17.470209,29.630608,2.111709
-17.528846,29.680036,2.134195
-17.587482,29.729464,2.109191
-17.646119,29.778892,2.156682
-17.705548,29.826408,2.156682
-17.764185,29.875836,2.134195
-17.822821,29.925264,2.111709
-17.881458,29.974692,2.111709
-17.940095,30.024120,2.134195
-17.998731,30.073548,2.156682
-18.058767,30.119598,2.156682
-18.117404,30.169027,2.109191
-18.176041,30.218455,2.111709
-18.234677,30.267883,2.111709
-18.293314,30.317311,2.109191
-18.351951,30.366739,2.086705
-18.413285,30.409656,2.156682
-18.473219,30.455950,2.134195
-18.531856,30.505378,2.111709
-18.590492,30.554807,2.111709
-18.649129,30.604235,2.111709
-18.707766,30.653663,2.134195
-18.767800,30.699717,2.156682
-18.826437,30.749145,2.086705
-18.885074,30.798573,2.109191
-18.943710,30.848001,2.111709
-19.002347,30.897429,2.111709
-19.060984,30.946857,2.109191
-19.119620,30.996285,2.156682
-19.179556,31.042576,2.156682
-19.238193,31.092004,2.134195
-19.296830,31.141432,2.111709
-19.355466,31.190861,2.111709
-19.414103,31.240289,2.134195
-19.472740,31.289717,2.156682
-19.532269,31.336991,2.156682
-19.590905,31.386420,2.109191
-19.649542,31.435848,2.134195
-19.708179,31.485276,2.111709
-19.766815,31.534704,2.111709
-19.825452,31.584132,2.134195
-19.884089,31.633560,2.156682
-19.944128,31.679603,2.156682
-20.002764,31.729031,2.134195
-20.061401,31.778459,2.111709
-20.120038,31.827887,2.111709
-20.178674,31.877315,2.134195
-20.237311,31.926743,2.156682
-20.296334,31.975239,2.156682
-20.355374,32.023694,2.156682
-20.414010,32.073122,2.134195
-20.472647,32.122551,2.111709
-20.531284,32.171979,2.111709
-20.589920,32.221407,2.111709
-20.648557,32.270835,2.134195
-20.706807,32.321196,2.156682
-20.762747,32.377135,2.134195
-20.819467,32.431191,2.111709
-20.878103,32.480619,2.111709
-20.936740,32.530048,2.111709
-20.995377,32.579476,2.109191
-21.054013,32.628904,2.086705
-21.112650,32.678332,2.156682
-21.173973,32.721274,2.134195
-21.234527,32.766074,2.111709
-21.293164,32.815502,2.111709
-21.351800,32.864930,2.111709
-21.410437,32.914359,2.134195
-21.469074,32.963787,2.156682
-21.528489,33.011335,2.156682
-21.587136,33.060738,2.109191
-21.645773,33.110166,2.134195
-21.704410,33.159594,2.111709
-21.763046,33.209022,2.111709
-21.821683,33.258450,2.134195
-21.880320,33.307878,2.156682
-21.940359,33.353921,2.156682
-21.998995,33.403349,2.134195
-22.057632,33.452777,2.111709
-22.116269,33.502205,2.111709
-22.174905,33.551633,2.134195
-22.233542,33.601061,2.156682
-22.292452,33.649831,2.156682
-22.351605,33.698012,2.156682
-22.410241,33.747441,2.134195
-22.468878,33.796869,2.111709
-22.527515,33.846297,2.109191
-22.586151,33.895725,2.134195
-22.646967,33.939892,2.156682
-22.708028,33.983467,2.134195
-22.766665,34.032895,2.109191
-22.825302,34.082323,2.111709
-22.883938,34.131751,2.134195
-22.942575,34.181180,2.156682
-23.001483,34.229952,2.156682
-23.060637,34.278130,2.156682
-23.119274,34.327559,2.134195
-23.177911,34.376987,2.111709
-23.236548,34.426415,2.109191
-23.295184,34.475843,2.156682
-23.355999,34.520013,2.156682
-23.417061,34.563585,2.134195
-23.475698,34.613013,2.111709
-23.534334,34.662441,2.134195
-23.594249,34.708784,2.156682
-23.655583,34.751700,2.134195
-23.716917,34.794617,2.109191
-23.776073,34.842791,2.109191
-23.835088,34.891305,2.086705
-23.896422,34.934222,2.156682
-23.957756,34.977138,2.134195
-24.017812,35.023141,2.109191
-24.076448,35.072569,2.086705
-24.137782,35.115486,2.156682
-24.199116,35.158403,2.134195
-24.260071,35.202234,2.109191
-24.318708,35.251662,2.134195
-24.379234,35.296527,2.156682
-24.440568,35.339444,2.134195
-24.501902,35.382361,2.109191
-24.562033,35.428181,2.134195
-24.623367,35.471098,2.155243
-24.684700,35.514014,2.086705
-24.747133,35.554278,2.109191
-24.809274,35.595245,2.155243
-24.870608,35.638162,2.155243
-24.932646,35.679380,2.134195
-24.995182,35.719393,2.109191
-25.056516,35.762310,2.155243
-25.118158,35.804482,2.155243
-25.181090,35.843540,2.109191
-25.242424,35.886457,2.155243
-25.303758,35.929374,2.155243
-25.367085,35.967478,2.109191
-25.428419,36.010394,2.155243
-25.489753,36.053311,2.155243
-25.553475,36.090461,2.109191
-25.614809,36.133377,2.155243
-25.676143,36.176294,2.109191
-25.739909,36.213338,2.109191
-25.801243,36.256255,2.155243
-25.865118,36.293037,2.086705
-25.929149,36.329442,2.109191
-25.990483,36.372359,2.155243
-26.053962,36.410095,2.109191
-26.117993,36.446500,2.155243
-26.179592,36.488778,2.109191
-26.242676,36.527468,2.109191
-26.306529,36.564303,2.155243
-26.370560,36.600708,2.109191
-26.434591,36.637113,2.155243
-26.498444,36.673947,2.086705
-26.562475,36.710353,2.109191
-26.628583,36.741744,2.039215
-26.693561,36.775863,2.109191
-26.755228,36.817975,2.155243
-26.818244,36.856832,2.109191
-26.882275,36.893237,2.155243
-26.946128,36.930071,2.109191
-27.010159,36.966476,2.155243
-27.074012,37.003311,2.109191
-27.138043,37.039716,2.109191
-27.204082,37.071273,2.109191
-27.269128,37.105227,2.109191
-27.335276,37.136521,2.109191
-27.400214,37.170738,2.109191
-27.466470,37.201770,2.109191
-27.531299,37.236248,2.109191
-27.597665,37.267018,2.109191
-27.662385,37.301759,2.132397
-27.728859,37.332266,2.109191
-27.796167,37.360759,2.155243
-27.862895,37.390652,2.109191
-27.927398,37.425919,2.155243
-27.994090,37.455901,2.109191
-28.061180,37.484919,2.155243
-28.127981,37.514637,2.132397
-28.194963,37.543918,2.155243
-28.259175,37.579885,2.155243
-28.326698,37.607861,2.132397
-28.396123,37.631244,2.155243
-28.463791,37.658869,2.109191
-28.530519,37.688763,2.155243
-28.598186,37.716389,2.109191
-28.666539,37.742359,2.155243
-28.735783,37.766180,2.155243
-28.803451,37.793805,2.132397
-28.872526,37.818033,2.132397
-28.941048,37.843596,2.132397
-29.010231,37.867561,2.155243
-29.078644,37.893387,2.109191
-29.146312,37.921013,2.155243
-29.215737,37.944395,2.132397
-29.283428,37.971964,2.132397
-29.351096,37.999589,2.155243
-29.420521,38.022972,2.132397
-29.488189,38.050597,2.132397
-29.558925,38.070814,2.155243
-29.628483,38.093877,2.132397
-29.696631,38.120343,2.132397
-29.768089,38.138817,2.155243
-29.836925,38.163622,2.132397
-29.905795,38.188345,2.155243
-29.977219,38.206901,2.132397
-30.045333,38.233449,2.132397
-30.114925,38.256429,2.155243
-30.185627,38.276728,2.132397
-30.253295,38.304354,2.132397
-30.323608,38.325592,2.155243
-30.393589,38.347633,2.155243
-30.461314,38.375120,2.132397
-30.532349,38.394615,2.155243
-30.603831,38.413033,2.155243
-30.673256,38.436415,2.132397
-30.744738,38.454832,2.201654
-30.815972,38.473847,2.155243
-30.885397,38.497230,2.132397
-30.956879,38.515647,2.155243
-31.028361,38.534064,2.155243
-31.098260,38.556302,2.132397
-31.168764,38.577081,2.155243
-31.240246,38.595498,2.201654
-31.311975,38.613317,2.155243
-31.384097,38.630188,2.155243
-31.455579,38.648605,2.201654
-31.527061,38.667022,2.155243
-31.600126,38.681618,2.132397
-31.673867,38.694581,2.155243
-31.745348,38.712998,2.201654
-31.816830,38.731416,2.155243
-31.891230,38.742789,2.132397
-31.963636,38.758975,2.155243
-32.035118,38.777392,2.155243
-32.106599,38.795809,2.132397
-32.179636,38.810472,2.155243
-32.253405,38.823369,2.179887
-32.324887,38.841786,2.179887
-32.396369,38.860203,2.155243
-32.470740,38.871643,2.132397
-32.543174,38.887762,2.155243
-32.614656,38.906179,2.179887
-32.686138,38.924597,2.155243
-32.759147,38.939326,2.155243
-32.832943,38.952156,2.179887
-32.904425,38.970573,2.202733
-32.975907,38.988990,2.179887
-33.050251,39.000497,2.155243
-33.122713,39.016550,2.155243
-33.194194,39.034967,2.202733
-33.265676,39.053384,2.179887
-33.338658,39.068179,2.132397
-33.412482,39.080943,2.155243
-33.483964,39.099361,2.179887
-33.555445,39.117778,2.202733
-33.629762,39.129350,2.179887
-33.704948,39.138826,2.155243
-33.776824,39.156292,2.179887
-33.848305,39.174709,2.202733
-33.921260,39.189571,2.179887
-33.996556,39.198780,2.111350
-34.071852,39.207988,2.134196
-34.147148,39.217197,2.157042
-34.219271,39.234068,2.179887
-34.294173,39.244227,2.202733
-34.369469,39.253435,2.179887
-34.444766,39.262644,2.134196
-34.520062,39.271853,2.157042
-34.595358,39.281061,2.179887
-34.670203,39.291358,2.202733
-34.745023,39.301717,2.179887
-34.820319,39.310926,2.157042
-34.895615,39.320135,2.134196
-34.970911,39.329343,2.157042
-35.046207,39.338552,2.179887
-35.121503,39.347760,2.202733
-35.196323,39.358120,2.179887
-35.271566,39.367457,2.157042
-35.346862,39.376666,2.134196
-35.422158,39.385874,2.111350
-35.497454,39.395083,2.179887
-35.572750,39.404291,2.202733
-35.647255,39.415410,2.202733
-35.719665,39.431588,2.179887
-35.794961,39.440797,2.157042
-35.870257,39.450005,2.134196
-35.945553,39.459214,2.134196
-36.020849,39.468422,2.157042
-36.095491,39.479212,2.202733
-36.167764,39.495719,2.204532
-36.243060,39.504928,2.204532
-36.318356,39.514136,2.202733
-36.393652,39.523345,2.088504
-36.468948,39.532553,2.088504
-36.544244,39.541762,2.134196
-36.620196,39.549389,2.157042
-36.699306,39.549389,2.179887
-36.778416,39.549389,2.202733
-36.857527,39.549389,2.204532
-36.936637,39.549389,2.204532
-37.015748,39.549389,2.204532
-37.094858,39.549389,2.202733
-37.173940,39.549458,2.179887
-37.249712,39.557518,2.134196
-37.325009,39.566727,2.111350
-37.400305,39.575935,2.088504
-37.475601,39.585144,2.202733
-37.550897,39.594352,2.204532
-37.626193,39.603561,2.204532
-37.701518,39.612701,2.204532
-37.780152,39.613849,2.204532
-37.859263,39.613849,2.204532
-37.938373,39.613849,2.204532
-38.017484,39.613849,2.204532
-38.095721,39.615957,2.204532
-38.171018,39.625166,2.204532
-38.246314,39.634374,2.202733
-38.321610,39.643583,2.179887
-38.396906,39.652791,2.088504
-38.472202,39.662000,2.111350
-38.547498,39.671208,2.157042
-38.623668,39.678309,2.179887
-38.702778,39.678309,2.202733
-38.781888,39.678309,2.204532
-38.860999,39.678309,2.204532
-38.940109,39.678309,2.204532
-39.019220,39.678309,2.204532
-39.098330,39.678309,2.204532
-39.177441,39.678309,2.204532
-39.256551,39.678309,2.204532
-39.335662,39.678309,2.204532
-39.414772,39.678309,2.204532
-39.493883,39.678309,2.204532
-39.572993,39.678309,2.204532
-39.652104,39.678309,2.204532
-39.731214,39.678309,2.204532
-39.810325,39.678309,2.204532
-39.889435,39.678309,2.204532
-39.967563,39.675938,2.204532
-40.042860,39.666729,2.204532
-40.118156,39.657521,2.202733
-40.193452,39.648312,2.179887
-40.268748,39.639104,2.088504
-40.344044,39.629895,2.111350
-40.419340,39.620687,2.134196
-40.495619,39.613849,2.157042
-40.574729,39.613849,2.179887
-40.653840,39.613849,2.202733
-40.732950,39.613849,2.204532
-40.812061,39.613849,2.204532
-40.889344,39.609439,2.204532
-40.964640,39.600230,2.204532
-41.039937,39.591022,2.204532
-41.115233,39.581813,2.202733
-41.190064,39.571483,2.111350
-41.261586,39.553161,2.134196
-41.333068,39.534744,2.157042
-41.406376,39.520738,2.179887
-41.481673,39.511529,2.086705
-41.556969,39.502321,2.088504
-41.631937,39.492319,2.088504
-41.704059,39.475449,2.134196
-41.779315,39.466144,2.157042
-41.854612,39.456936,2.179887
-41.928245,39.443712,2.086705
-41.999726,39.425295,2.109551
-42.071208,39.406878,2.132397
-42.143018,39.389253,2.155243
-42.215141,39.372382,2.109551
-42.286623,39.353965,2.132397
-42.357695,39.334559,2.155243
-42.427120,39.311177,2.086705
-42.498602,39.292760,2.109551
-42.568952,39.271611,2.132397
-42.636620,39.243985,2.039215
-42.707285,39.223597,2.109191
-42.776914,39.200706,2.155243
-42.843642,39.170812,2.109191
-42.911215,39.142958,2.132397
-42.977425,39.111813,2.039215
-43.042409,39.077710,2.109191
-43.108510,39.046302,2.086705
-43.171301,39.006902,2.155243
-43.232634,38.963986,2.134195
-43.293968,38.921069,2.111709
-43.354457,38.876112,2.156682
-43.413094,38.826684,2.179168
-43.465089,38.772598,2.201654
-43.514517,38.713961,2.179168
-43.557995,38.652860,2.111709
-43.593481,38.588448,2.134195
-43.623375,38.521720,2.064219
-43.652087,38.454502,2.086705
-43.672808,38.383975,2.016729
-43.691225,38.312493,1.946752
-43.708096,38.240370,2.016369
-43.726513,38.168889,1.993523
-43.744930,38.097407,1.947831
-43.761801,38.025284,2.041014
-43.779853,37.953652,2.018168
-43.798271,37.882170,1.995322
-43.816688,37.810688,1.972476
-43.829483,37.736878,2.088504
-43.838692,37.661581,2.088504
-43.840866,37.589199,2.088504
-43.840013,37.517364,2.088504
-43.831169,37.442219,2.088504
-43.821960,37.366923,1.972476
-43.809006,37.293178,1.995322
-43.790588,37.221697,2.018168
-43.772171,37.150215,2.041014
-43.760789,37.075819,2.063860
-43.744612,37.003409,1.970677
-43.726195,36.931927,2.016369
-43.707778,36.860446,2.039215
-43.693107,36.787412,1.993523
-43.680218,36.713640,2.016369
-43.659338,36.643178,2.039215
-43.631713,36.575511,2.109191
-43.608330,36.506086,2.039215
-43.580705,36.438418,2.109191
-43.550091,36.371988,2.039215
-43.513257,36.308135,2.109191
-43.476851,36.244104,2.086705
-43.440446,36.180073,2.155243
-43.402796,36.116558,2.134195
-43.359879,36.055224,2.109191
-43.321966,35.991818,2.134195
-43.279049,35.930484,2.156682
-43.234361,35.869884,2.134195
-43.184933,35.811247,2.109191
-43.135505,35.752611,2.111709
-43.086077,35.693974,2.134195
-43.036649,35.635337,2.156682
-42.980709,35.579398,2.179168
-42.924770,35.523458,2.179168
-42.868830,35.467519,2.201654
-42.812891,35.411579,2.204172
-42.756951,35.355639,2.204172
-42.701012,35.299700,2.204172
-42.645072,35.243760,2.204172
-42.589132,35.187821,2.204172
-42.533193,35.131881,2.204172
-42.477253,35.075942,2.204172
-42.421314,35.020002,2.204172
-42.365374,34.964063,2.204172
-42.309435,34.908123,2.201654
-42.253495,34.852183,2.179168
-42.197556,34.796244,2.156682
-42.140818,34.742231,2.134195
-42.082181,34.692802,2.111709
-42.023545,34.643374,2.111709
-41.964908,34.593946,2.111709
-41.906271,34.544518,2.109191
-41.844938,34.501601,2.134195
-41.783604,34.458685,2.156682
-41.723068,34.413842,2.134195
-41.664431,34.364414,2.109191
-41.605794,34.314986,2.111709
-41.547158,34.265558,2.111709
-41.487221,34.219269,2.134195
-41.428584,34.169841,2.064219
-41.369947,34.120413,2.086705
-41.311311,34.070985,2.134195
-41.252674,34.021557,2.111709
-41.194037,33.972129,2.109191
-41.135400,33.922701,2.134195
-41.075367,33.876644,2.156682
-41.016731,33.827216,2.134195
-40.958094,33.777788,2.111709
-40.899457,33.728360,2.111709
-40.840820,33.678932,2.111709
-40.780885,33.632640,2.134195
-40.719551,33.589723,2.064219
-40.660914,33.540295,2.086705
-40.602278,33.490867,2.134195
-40.543641,33.441439,2.111709
-40.485004,33.392011,2.109191
-40.426368,33.342582,2.134195
-40.369030,33.290018,2.156682
-40.310893,33.239383,2.134195
-40.252257,33.189955,2.111709
-40.193620,33.140527,2.111709
-40.134983,33.091098,2.111709
-40.076347,33.041670,2.134195
-40.016916,32.994158,2.156682
-39.955583,32.951241,2.086705
-39.896446,32.903020,2.134195
-39.837809,32.853592,2.111709
-39.779173,32.804164,2.111709
-39.720536,32.754736,2.134195
-39.661899,32.705308,2.156682
-39.601860,32.659265,2.156682
-39.543224,32.609837,2.134195
-39.484587,32.560408,2.111709
-39.425950,32.510980,2.111709
-39.367314,32.461552,2.134195
-39.307885,32.414036,2.156682
-39.246551,32.371119,2.086705
-39.187413,32.322902,2.156682
-39.128776,32.273474,2.134195
-39.070140,32.224046,2.111709
-39.011503,32.174618,2.111709
-38.952866,32.125189,2.134195
-38.895021,32.073850,2.156682
-38.837392,32.021990,2.134195
-38.778755,31.972562,2.111709
-38.720119,31.923134,2.111709
-38.661482,31.873706,2.111709
-38.602845,31.824277,2.134195
-38.544209,31.774849,2.086705
-38.485572,31.725421,2.156682
-38.425928,31.678425,2.134195
-38.367291,31.628997,2.111709
-38.308655,31.579569,2.111709
-38.250018,31.530140,2.111709
-38.191381,31.480712,2.134195
-38.131056,31.435360,2.156682
-38.069722,31.392444,2.134195
-38.011086,31.343016,2.109191
-37.952449,31.293587,2.111709
-37.893812,31.244159,2.134195
-37.835176,31.194731,2.109191
-37.776539,31.145303,2.156682
-37.716893,31.098310,2.156682
-37.658257,31.048882,2.134195
-37.599620,30.999454,2.111709
-37.540983,30.950026,2.111709
-37.482347,30.900598,2.134195
-37.423710,30.851170,2.156682
-37.363891,30.804597,2.156682
-37.305254,30.755169,2.109191
-37.246617,30.705741,2.111709
-37.187981,30.656313,2.111709
-37.129344,30.606884,2.111709
-37.070707,30.557456,2.134195
-37.012071,30.508028,2.156682
-36.952032,30.461985,2.156682
-36.893395,30.412557,2.134195
-36.834758,30.363129,2.111709
-36.776122,30.313701,2.111709
-36.717485,30.264273,2.134195
-36.657667,30.217696,2.156682
-36.596333,30.174780,2.086705
-36.537584,30.125623,2.109191
-36.478948,30.076194,2.134195
-36.420311,30.026766,2.111709
-36.361674,29.977338,2.111709
-36.303038,29.927910,2.134195
-36.245582,29.875630,2.156682
-36.187563,29.824710,2.156682
-36.128927,29.775282,2.134195
-36.070290,29.725854,2.111709
-36.011653,29.676426,2.111709
-35.953017,29.626998,2.134195
-35.894380,29.577570,2.156682
-35.835572,29.528555,2.156682
-35.776317,29.480619,2.134195
-35.717681,29.431191,2.111709
-35.659044,29.381763,2.111709
-35.600407,29.332335,2.109191
-35.541771,29.282907,2.134195
-35.483134,29.233478,2.156682
-35.423095,29.187436,2.134195
-35.364458,29.138008,2.111709
-35.305822,29.088579,2.111709
-35.247185,29.039151,2.111709
-35.187874,28.991350,2.109191
-35.126541,28.948434,2.134195
-35.065207,28.905517,2.156682
-35.005446,28.858801,2.134195
-34.946810,28.809373,2.111709
-34.888173,28.759945,2.111709
-34.829536,28.710517,2.134195
-34.771574,28.659462,2.156682
-34.714062,28.607318,2.156682
-34.655425,28.557889,2.134195
-34.596789,28.508461,2.111709
-34.538152,28.459033,2.111709
-34.479515,28.409605,2.111709
-34.420711,28.360583,2.109191
-34.359377,28.317666,2.156682
-34.299615,28.270955,2.156682
-34.240978,28.221527,2.134195
-34.182342,28.172099,2.111709
-34.123705,28.122670,2.111709
-34.065068,28.073242,2.134195
-34.006600,28.023408,2.156682
-33.949594,27.970043,2.156682
-33.890957,27.920615,2.109191
-33.832320,27.871186,2.111709
-33.773684,27.821758,2.111709
-33.715047,27.772330,2.109191
-33.656410,27.722902,2.134195
-33.597774,27.673474,2.156682
-33.537735,27.627431,2.134195
-33.479098,27.578003,2.111709
-33.420461,27.528575,2.111709
-33.361825,27.479147,2.111709
-33.303188,27.429719,2.134195
-33.243487,27.382861,2.156682
-33.182153,27.339944,2.086705
-33.123288,27.291068,2.109191
-33.064651,27.241640,2.111709
-33.006014,27.192212,2.111709
-32.947378,27.142784,2.134195
-32.888741,27.093356,2.156682
-32.828702,27.047313,2.156682
-32.770065,26.997885,2.134195
-32.711429,26.948457,2.111709
-32.652792,26.899029,2.111709
-32.594155,26.849601,2.134195
-32.535519,26.800172,2.156682
-32.476323,26.752094,2.156682
-32.417456,26.703222,2.156682
-32.358819,26.653793,2.134195
-32.300183,26.604365,2.111709
-32.241546,26.554937,2.111709
-32.182909,26.505509,2.134195
-32.124273,26.456081,2.156682
-32.064234,26.410038,2.156682
-32.005597,26.360610,2.134195
-31.946960,26.311182,2.111709
-31.888324,26.261754,2.111709
-31.829687,26.212326,2.134195
-31.771050,26.162898,2.086705
-31.712360,26.113598,2.156682
-31.652988,26.065947,2.134195
-31.594351,26.016519,2.111709
-31.535714,25.967091,2.111709
-31.477078,25.917662,2.111709
-31.415977,25.874183,2.134195
-31.354643,25.831266,2.156682
-31.293363,25.788221,2.086705
-31.234726,25.738793,2.109191
-31.176089,25.689364,2.111709
-31.117453,25.639936,2.134195
-31.058816,25.590508,2.156682
-31.002591,25.535257,2.156682
-30.943955,25.485829,2.156682
-30.885318,25.436401,2.134195
-30.826681,25.386972,2.111709
-30.768045,25.337544,2.111709
-30.706945,25.294061,2.134195
-30.645612,25.251144,2.156682
-30.584330,25.208103,2.086705
-30.525693,25.158674,2.109191
-30.467056,25.109246,2.111709
-30.408420,25.059818,2.134195
-30.349783,25.010390,2.156682
-30.293558,24.955139,2.156682
-30.234922,24.905711,2.156682
-30.176285,24.856282,2.134195
-30.117648,24.806854,2.111709
-30.059012,24.757426,2.111709
-29.997914,24.713939,2.134195
-29.936580,24.671023,2.156682
-29.875297,24.627984,2.086705
-29.816660,24.578556,2.109191
-29.758023,24.529128,2.111709
-29.699387,24.479700,2.134195
-29.640750,24.430272,2.156682
-29.584525,24.375021,2.156682
-29.525889,24.325592,2.156682
-29.467252,24.276164,2.134195
-29.408615,24.226736,2.111709
-29.349979,24.177308,2.111709
-29.291342,24.127880,2.134195
-29.230750,24.083172,2.156682
-29.169465,24.040138,2.134195
-29.110828,23.990710,2.109191
-29.052192,23.941281,2.111709
-28.993555,23.891853,2.111709
-28.934367,23.843757,2.109191
-28.873033,23.800840,2.134195
-28.813655,23.753203,2.156682
-28.755018,23.703775,2.134195
-28.696381,23.654347,2.111709
-28.637744,23.604919,2.111709
-28.579108,23.555491,2.134195
-28.521023,23.504731,2.156682
-28.463634,23.452291,2.156682
-28.404997,23.402863,2.109191
-28.346360,23.353435,2.111709
-28.287723,23.304007,2.111709
-28.228537,23.255906,2.109191
-28.167203,23.212990,2.134195
-28.105869,23.170073,2.156682
-28.045985,23.123657,2.134195
-27.987348,23.074229,2.111709
-27.928712,23.024801,2.111709
-27.870075,22.975372,2.134195
-27.811988,22.924616,2.156682
-27.754601,22.872173,2.156682
-27.695964,22.822745,2.109191
-27.637327,22.773317,2.111709
-27.578691,22.723888,2.111709
-27.520054,22.674460,2.109191
-27.461417,22.625032,2.086705
-27.402780,22.575604,2.156682
-27.342895,22.529192,2.134195
-27.284258,22.479763,2.111709
-27.225621,22.430335,2.111709
-27.166985,22.380907,2.111709
-27.108348,22.331479,2.134195
-27.048265,22.285543,2.156682
-26.986931,22.242627,2.086705
-26.928294,22.193198,2.109191
-26.869658,22.143770,2.111709
-26.811021,22.094342,2.111709
-26.752384,22.044914,2.109191
-26.693748,21.995486,2.156682
-26.633860,21.949077,2.156682
-26.575224,21.899649,2.134195
-26.516587,21.850221,2.111709
-26.457950,21.800793,2.111709
-26.399314,21.751365,2.134195
-26.339232,21.705425,2.156682
-26.277898,21.662508,2.086705
-26.219261,21.613080,2.109191
-26.160625,21.563652,2.111709
-26.101988,21.514224,2.111709
-26.043351,21.464796,2.109191
-25.984715,21.415368,2.156682
-25.924826,21.368963,2.156682
-25.866189,21.319535,2.134195
-25.807552,21.270106,2.111709
-25.748916,21.220678,2.111709
-25.690279,21.171250,2.134195
-25.630199,21.125307,2.156682
-25.568865,21.082390,2.086705
-25.510228,21.032962,2.109191
-25.451592,20.983534,2.111709
-25.392955,20.934106,2.111709
-25.334318,20.884678,2.109191
-25.275682,20.835250,2.156682
-25.215791,20.788848,2.156682
-25.157155,20.739420,2.134195
-25.098518,20.689992,2.111709
-25.039881,20.640564,2.111709
-24.981245,20.591136,2.134195
-24.922608,20.541708,2.156682
-24.863033,20.494544,2.156682
-24.804397,20.445116,2.109191
-24.745760,20.395687,2.134195
-24.687123,20.346259,2.111709
-24.628487,20.296831,2.109191
-24.569850,20.247403,2.134195
-24.508516,20.204486,2.156682
-24.448120,20.159306,2.134195
-24.389484,20.109878,2.111709
-24.330847,20.060449,2.111709
-24.272210,20.011021,2.134195
-24.212133,19.965071,2.156682
-24.150799,19.922154,2.086705
-24.092163,19.872726,2.109191
-24.033526,19.823298,2.111709
-23.974889,19.773870,2.111709
-23.916216,19.724530,2.109191
-23.854882,19.681614,2.134195
-23.794989,19.635219,2.156682
-23.736352,19.585791,2.134195
-23.677715,19.536363,2.109191
-23.619079,19.486935,2.111709
-23.560442,19.437507,2.134195
-23.501842,19.387990,2.156682
-23.444968,19.334307,2.156682
-23.386331,19.284879,2.109191
-23.327694,19.235451,2.134195
-23.269058,19.186023,2.111709
-23.210421,19.136595,2.109191
-23.151784,19.087167,2.134195
-23.093147,19.037739,2.156682
-23.033109,18.991696,2.134195
-22.974472,18.942268,2.111709
-22.915835,18.892840,2.111709
-22.857199,18.843412,2.111709
-22.798562,18.793983,2.134195
-22.738992,18.746808,2.156682
-22.677658,18.703892,2.086705
-22.618661,18.655333,2.134195
-22.560025,18.605905,2.111709
-22.501388,18.556477,2.111709
-22.442751,18.507049,2.134195
-22.381417,18.464132,2.156682
-22.321017,18.418962,2.156682
-22.262380,18.369534,2.134195
-22.203744,18.320106,2.111709
-22.145107,18.270678,2.111709
-22.086470,18.221250,2.134195
-22.026902,18.174071,2.156682
-21.968265,18.124643,2.086705
-21.909628,18.075215,2.134195
-21.850992,18.025787,2.111709
-21.792355,17.976359,2.111709
-21.733718,17.926931,2.134195
-21.675082,17.877503,2.156682
-21.615043,17.831460,2.156682
-21.556406,17.782032,2.134195
-21.497769,17.732603,2.111709
-21.439133,17.683175,2.111709
-21.380496,17.633747,2.134195
-21.320929,17.586565,2.156682
-21.259595,17.543648,2.086705
-21.200595,17.495097,2.134195
-21.141959,17.445669,2.111709
-21.083322,17.396241,2.111709
-21.024685,17.346813,2.111709
-20.966049,17.297384,2.134195
-20.906010,17.251342,2.156682
-20.847373,17.201913,2.134195
-20.788736,17.152485,2.109191
-20.730100,17.103057,2.111709
-20.671463,17.053629,2.134195
-20.612826,17.004201,2.156682
-20.553765,16.955798,2.156682
-20.494764,16.907250,2.156682
-20.436127,16.857822,2.134195
-20.377490,16.808394,2.111709
-20.318854,16.758966,2.111709
-20.260217,16.709538,2.134195
-20.201580,16.660110,2.156682
-20.141541,16.614067,2.156682
-20.082905,16.564639,2.134195
-20.024268,16.515211,2.111709
-19.965631,16.465782,2.111709
-19.906995,16.416354,2.134195
-19.847935,16.367947,2.086705
-19.786601,16.325031,2.156682
-19.727094,16.277704,2.134195
-19.668457,16.228276,2.111709
-19.609821,16.178848,2.111709
-19.551184,16.129420,2.134195
-19.492547,16.079991,2.156682
-19.432508,16.033949,2.156682
-19.373872,15.984521,2.134195
-19.315235,15.935092,2.111709
-19.256598,15.885664,2.111709
-19.197962,15.836236,2.134195
-19.139325,15.786808,2.109191
-19.080688,15.737380,2.156682
-19.021180,15.690057,2.156682
-18.962543,15.640629,2.134195
-18.903906,15.591200,2.111709
-18.845270,15.541772,2.111709
-18.786633,15.492344,2.134195
-18.727996,15.442916,2.156682
-18.668040,15.396674,2.134195
-18.609404,15.347246,2.109191
-18.550767,15.297818,2.111709
-18.492130,15.248389,2.111709
-18.433493,15.198961,2.109191
-18.374857,15.149533,2.086705
-18.313523,15.106617,2.156682
-18.253509,15.060514,2.134195
-18.194872,15.011086,2.111709
-18.136235,14.961658,2.111709
-18.077599,14.912230,2.134195
-18.018962,14.862802,2.156682
-17.959007,14.816556,2.156682
-17.900371,14.767128,2.109191
-17.841734,14.717699,2.111709
-17.783097,14.668271,2.111709
-17.724461,14.618843,2.109191
-17.665824,14.569415,2.086705
-17.607187,14.519987,2.156682
-17.547171,14.473888,2.134195
-17.488535,14.424460,2.111709
-17.429898,14.375032,2.111709
-17.371261,14.325604,2.111709
-17.310804,14.280571,2.134195
-17.249470,14.237655,2.156682
-17.188136,14.194738,2.086705
-17.129500,14.145310,2.109191
-17.070863,14.095882,2.111709
-17.012226,14.046454,2.111709
-16.953590,13.997026,2.134195
-16.896774,13.943202,2.156682
-16.838137,13.893774,2.156682
-16.779500,13.844346,2.134195
-16.720864,13.794918,2.111709
-16.662227,13.745489,2.111709
-16.603590,13.696061,2.134195
-16.544954,13.646633,2.156682
-16.485506,13.599163,2.156682
-16.426869,13.549735,2.109191
-16.368233,13.500306,2.134195
-16.309596,13.450878,2.111709
-16.250959,13.401450,2.109191
-16.192323,13.352022,2.134195
-16.130989,13.309105,2.156682
-16.070466,13.264231,2.134195
-16.011829,13.214803,2.111709
-15.953192,13.165375,2.111709
-15.894556,13.115947,2.134195
-15.834606,13.069690,2.156682
-15.773272,13.026773,2.086705
-15.714635,12.977345,2.109191
-15.655998,12.927917,2.134195
-15.597362,12.878489,2.111709
-15.538725,12.829061,2.111709
-15.480088,12.779633,2.134195
-15.422765,12.727033,2.156682
-15.364614,12.676433,2.156682
-15.305977,12.627005,2.134195
-15.247341,12.577577,2.111709
-15.188704,12.528149,2.111709
-15.130067,12.478721,2.134195
-15.071431,12.429293,2.156682
-15.012490,12.380597,2.156682
-14.953368,12.332342,2.134195
-14.894731,12.282914,2.111709
-14.836095,12.233485,2.111709
-14.777458,12.184057,2.109191
-14.718821,12.134629,2.134195
-14.657975,12.090537,2.156682
-14.596944,12.046887,2.134195
-14.538308,11.997459,2.109191
-14.479671,11.948031,2.111709
-14.421034,11.898603,2.134195
-14.362398,11.849174,2.156682
-14.303459,11.800476,2.156682
-14.244335,11.752224,2.156682
-14.185698,11.702795,2.134195
-14.127062,11.653367,2.111709
-14.068425,11.603939,2.109191
-14.009788,11.554511,2.134195
-13.951152,11.505083,2.156682
-13.891113,11.459040,2.134195
-13.832476,11.409612,2.111709
-13.773839,11.360184,2.111709
-13.715203,11.310756,2.111709
-13.655761,11.263271,2.134195
-13.594427,11.220354,2.134195
-13.533094,11.177437,2.156682
-13.473464,11.130406,2.134195
-13.414827,11.080978,2.111709
-13.356191,11.031550,2.111709
-13.297554,10.982122,2.134195
-13.239722,10.930751,2.156682
-13.182080,10.878922,2.156682
-13.123443,10.829494,2.134195
-13.064806,10.780066,2.111709
-13.006170,10.730638,2.111709
-12.947533,10.681210,2.134195
-12.888896,10.631781,2.109191
-12.830260,10.582353,2.156682
-12.770629,10.535326,2.156682
-12.711992,10.485898,2.134195
-12.653355,10.436469,2.111709
-12.594719,10.387041,2.111709
-12.536082,10.337613,2.134195
-12.475744,10.292292,2.156682
-12.414410,10.249376,2.134195
-12.355774,10.199948,2.109191
-12.297137,10.150520,2.111709
-12.238500,10.101091,2.134195
-12.179863,10.051663,2.109191
-12.121227,10.002235,2.156682
-12.061594,9.955211,2.156682
-12.002958,9.905783,2.134195
-11.944321,9.856355,2.111709
-11.885684,9.806927,2.111709
-11.827048,9.757499,2.134195
-11.768411,9.708071,2.156682
-11.708579,9.661529,2.156682
-11.649942,9.612101,2.109191
-11.591305,9.562673,2.111709
-11.532669,9.513245,2.111709
-11.474032,9.463817,2.109191
-11.415395,9.414388,2.134195
-11.356759,9.364960,2.156682
-11.296720,9.318918,2.134195
-11.238083,9.269489,2.111709
-11.179446,9.220061,2.111709
-11.120810,9.170633,2.111709
-11.062173,9.121205,2.134195
-11.002342,9.074660,2.156682
-10.941008,9.031743,2.086705
-10.882272,8.982555,2.109191
-10.823636,8.933127,2.111709
-10.764999,8.883698,2.111709
-10.706362,8.834270,2.134195
-10.647726,8.784842,2.156682
-10.587687,8.738799,2.156682
-10.529050,8.689371,2.134195
-10.470413,8.639943,2.111709
-10.411777,8.590515,2.111709
-10.353140,8.541087,2.134195
-10.294503,8.491659,2.156682
-10.235178,8.443893,2.134195
-10.176441,8.394708,2.134195
-10.117804,8.345280,2.111709
-10.059167,8.295852,2.111709
-10.000531,8.246424,2.109191
-9.939197,8.203507,2.134195
-9.877863,8.160590,2.156682
-9.817218,8.116012,2.134195
-9.758581,8.066584,2.109191
-9.699944,8.017155,2.111709
-9.641308,7.967727,2.134195
-9.582671,7.918299,2.156682
-9.526044,7.864018,2.156682
-9.467408,7.814590,2.156682
-9.408771,7.765162,2.134195
-9.350134,7.715734,2.111709
-9.291498,7.666306,2.111709
-9.232861,7.616877,2.134195
-9.171631,7.573710,2.156682
-9.110984,7.529135,2.156682
-9.052347,7.479707,2.134195
-8.993711,7.430279,2.111709
-8.935074,7.380851,2.111709
-8.875248,7.334295,2.134195
-8.813914,7.291378,2.064219
-8.755173,7.242200,2.086705
-8.696537,7.192772,2.134195
-8.637900,7.143344,2.111709
-8.579263,7.093916,2.111709
-8.520627,7.044488,2.134195
-8.463180,6.992188,2.156682
-8.405152,6.941288,2.156682
-8.346516,6.891860,2.134195
-8.287879,6.842432,2.111709
-8.229242,6.793004,2.111709
-8.170606,6.743576,2.134195
-8.111969,6.694148,2.156682
-8.053153,6.645154,2.156682
-7.993906,6.597197,2.156682
-7.935270,6.547769,2.134195
-7.876633,6.498341,2.111709
-7.817996,6.448913,2.109191
-7.756769,6.405738,2.134195
-7.695436,6.362821,2.156682
-7.634282,6.319471,2.134195
-7.575645,6.270043,2.109191
-7.517008,6.220615,2.111709
-7.458371,6.171186,2.111709
-7.399052,6.123406,2.134195
-7.340309,6.074236,2.134195
-7.281672,6.024807,2.156682
-7.223036,5.975379,2.134195
-7.164399,5.925951,2.111709
-7.105762,5.876523,2.111709
-7.047125,5.827095,2.134195
-6.989171,5.776019,2.156682
-6.931651,5.723895,2.156682
-6.873015,5.674467,2.134195
-6.814378,5.625039,2.111709
-6.755741,5.575611,2.111709
-6.697104,5.526183,2.111709
-6.638468,5.476755,2.109191
-6.579831,5.427327,2.156682
-6.520078,5.380595,2.156682
-6.461441,5.331166,2.134195
-6.402804,5.281738,2.111709
-6.344168,5.232310,2.111709
-6.285531,5.182882,2.134195
-6.225315,5.137266,2.156682
-6.163982,5.094349,2.134195
-6.105345,5.044921,2.109191
-6.046708,4.995493,2.111709
-5.988072,4.946065,2.111709
-5.929435,4.896637,2.109191
-5.870798,4.847209,2.156682
-5.811043,4.800480,2.156682
-5.752407,4.751052,2.134195
-5.693770,4.701624,2.111709
-5.635133,4.652196,2.111709
-5.576497,4.602768,2.134195
-5.517860,4.553340,2.156682
-5.458150,4.506502,2.156682
-5.399513,4.457074,2.109191
-5.340877,4.407646,2.111709
-5.282240,4.358218,2.111709
-5.223603,4.308790,2.109191
-5.164967,4.259362,2.134195
-5.103633,4.216445,2.156682
-5.043372,4.170938,2.134195
-4.984735,4.121509,2.111709
-4.926099,4.072081,2.111709
-4.867462,4.022653,2.111709
-4.807250,3.977030,2.134195
-4.745916,3.934113,2.156682
-4.687279,3.884685,2.086705
-4.628642,3.835257,2.109191
-4.570006,3.785829,2.111709
-4.511369,3.736401,2.111709
-4.452732,3.686972,2.134195
-4.395671,3.633740,2.156682
-4.337258,3.583773,2.156682
-4.278621,3.534345,2.134195
-4.219985,3.484917,2.111709
-4.161348,3.435488,2.111709
-4.102711,3.386060,2.134195
-4.043004,3.339216,2.156682
-3.981671,3.296299,2.086705
-3.922811,3.247410,2.109191
-3.864174,3.197982,2.111709
-3.805537,3.148554,2.111709
-3.746901,3.099126,2.111709
-3.685567,3.056209,2.134195
-3.625303,3.010709,2.156682
-3.566667,2.961281,2.134195
-3.508030,2.911852,2.109191
-3.449393,2.862424,2.111709
-3.390756,2.812996,2.134195
-3.331051,2.766148,2.156682
-3.272414,2.716720,2.086705
-3.213778,2.667292,2.109191
-3.155141,2.617864,2.134195
-3.096504,2.568436,2.111709
-3.037868,2.519008,2.111709
-2.979231,2.469579,2.134195
-2.921663,2.417571,2.156682
-2.863757,2.366380,2.156682
-2.805120,2.316952,2.134195
-2.746483,2.267524,2.111709
-2.687847,2.218095,2.111709
-2.629210,2.168667,2.134195
-2.570010,2.120598,2.086705
-2.508677,2.077682,2.156682
-2.449309,2.030017,2.134195
-2.390673,1.980589,2.111709
-2.332036,1.931161,2.111709
-2.273399,1.881733,2.134195
-2.212293,1.838266,2.156682
-2.151523,1.793990,2.156682
-2.092886,1.744562,2.109191
-2.034249,1.695134,2.111709
-1.975612,1.645706,2.111709
-1.916976,1.596278,2.134195
-1.858339,1.546850,2.156682
-1.802115,1.491598,2.156682
-1.743478,1.442170,2.156682
-1.684841,1.392742,2.134195
-1.626204,1.343314,2.111709
-1.567568,1.293886,2.111709
-1.508931,1.244458,2.134195
-1.450294,1.195030,2.156682
-1.390256,1.148987,2.134195
-1.331619,1.099559,2.109191
-1.272982,1.050131,2.111709
-1.214345,1.000703,2.111709
-1.155709,0.951274,2.109191
-1.097016,0.901981,2.086705
-1.035683,0.859064,2.156682
-0.975808,0.812624,2.134195
-0.917172,0.763196,2.111709
-0.858535,0.713768,2.111709
-0.799898,0.664340,2.134195
-0.739299,0.619649,2.156682
-0.678021,0.576597,2.156682
-0.619385,0.527169,2.109191
-0.560748,0.477741,2.111709
-0.502111,0.428313,2.111709
-0.442916,0.380233,2.109191
-0.381582,0.337316,2.134195
-0.323822,0.288995,2.156682
-0.271696,0.236870,2.134195
-0.218795,0.186619,2.111709
-0.163973,0.141005,2.111709
-0.109150,0.095391,2.111709
-0.054886,0.048429,2.111709
-0.002761,-0.003696,2.064219
0.053672,-0.048643,2.134195
0.115006,-0.091559,2.111709
0.175564,-0.136350,2.111709
0.234200,-0.185778,2.109191
0.292837,-0.235206,2.134195
0.351474,-0.284634,2.156682
0.411389,-0.330975,2.156682
0.470026,-0.380403,2.109191
0.528663,-0.429831,2.111709
0.587299,-0.479259,2.111709
0.645936,-0.528687,2.111709
0.704573,-0.578116,2.109191
0.763209,-0.627544,2.156682
0.823248,-0.673587,2.156682
0.881885,-0.723015,2.134195
0.940522,-0.772443,2.111709
0.999158,-0.821871,2.111709
1.057795,-0.871299,2.134195
1.117709,-0.917644,2.156682
1.179043,-0.960560,2.086705
1.237696,-1.009949,2.109191
1.296332,-1.059377,2.134195
1.354969,-1.108806,2.111709
1.413606,-1.158234,2.109191
1.472242,-1.207662,2.134195
1.529602,-1.260173,2.156682
1.587717,-1.310861,2.134195
1.646353,-1.360290,2.111709
1.704990,-1.409718,2.111709
1.763627,-1.459146,2.111709
1.822263,-1.508574,2.134195
1.881671,-1.556139,2.156682
1.943005,-1.599056,2.086705
2.002164,-1.647224,2.134195
2.060801,-1.696652,2.111709
2.119437,-1.746080,2.111709
2.178074,-1.795509,2.134195
2.239389,-1.838472,2.156682
2.299951,-1.883251,2.156682
2.358587,-1.932679,2.134195
2.417224,-1.982107,2.111709
2.475861,-2.031535,2.111709
2.534498,-2.080963,2.134195
2.593904,-2.128532,2.156682
2.652560,-2.177914,2.086705
2.711197,-2.227342,2.156682
2.769833,-2.276770,2.134195
2.828470,-2.326199,2.111709
2.887107,-2.375627,2.111709
2.945744,-2.425055,2.134195
3.003610,-2.476342,2.156682
3.061218,-2.528254,2.134195
3.119854,-2.577682,2.111709
3.178491,-2.627111,2.111709
3.237128,-2.676539,2.111709
3.296533,-2.724111,2.134195
3.357867,-2.767028,2.134195
3.419201,-2.809945,2.156682
3.478866,-2.856889,2.134195
3.537503,-2.906317,2.111709
3.596140,-2.955745,2.111709
3.654776,-3.005173,2.134195
3.714815,-3.051216,2.156682
3.773452,-3.100644,2.156682
3.832089,-3.150072,2.109191
3.890725,-3.199500,2.111709
3.949362,-3.248928,2.111709
4.007999,-3.298356,2.134195
4.066635,-3.347784,2.134195
4.123101,-3.402453,2.156682
4.181738,-3.451881,2.156682
4.240375,-3.501309,2.134195
4.299011,-3.550737,2.111709
4.357648,-3.600166,2.111709
4.416285,-3.649594,2.134195
4.476587,-3.695002,2.156682
4.537920,-3.737919,2.156682
4.596557,-3.787347,2.109191
4.655194,-3.836775,2.111709
4.713830,-3.886203,2.111709
4.772467,-3.935631,2.109191
4.831104,-3.985059,2.156682
4.890773,-4.031996,2.156682
4.949409,-4.081424,2.134195
5.008046,-4.130852,2.111709
5.066683,-4.180280,2.111709
5.125319,-4.229708,2.134195
5.183956,-4.279136,2.156682
5.243752,-4.325765,2.156682
5.302389,-4.375194,2.109191
5.361025,-4.424622,2.111709
5.419662,-4.474050,2.111709
5.478299,-4.523478,2.111709
5.536935,-4.572906,2.134195
5.598269,-4.615823,2.156682
5.658444,-4.661538,2.156682
5.717080,-4.710966,2.134195
5.775717,-4.760394,2.111709
5.834354,-4.809823,2.134195
5.892990,-4.859251,2.156682
5.952785,-4.905884,2.156682
6.011422,-4.955312,2.109191
6.070058,-5.004740,2.111709
6.128695,-5.054168,2.111709
6.187332,-5.103596,2.111709
6.245968,-5.153024,2.134195
6.307302,-5.195941,2.156682
6.367478,-5.241653,2.156682
6.426115,-5.291081,2.134195
6.484751,-5.340509,2.111709
6.543388,-5.389937,2.134195
6.602025,-5.439365,2.156682
6.661818,-5.486002,2.156682
6.720455,-5.535430,2.109191
6.779091,-5.584858,2.111709
6.837728,-5.634286,2.111709
6.896365,-5.683714,2.111709
6.955001,-5.733142,2.134195
7.013638,-5.782570,2.156682
7.073677,-5.828613,2.156682
7.132314,-5.878041,2.134195
7.190950,-5.927469,2.111709
7.249587,-5.976897,2.111709
7.308224,-6.026326,2.134195
7.368015,-6.072966,2.156682
7.429349,-6.115882,2.086705
7.488124,-6.164976,2.109191
7.546761,-6.214404,2.134195
7.605398,-6.263832,2.111709
7.664034,-6.313260,2.134195
7.725368,-6.356177,2.156682
7.785547,-6.401882,2.156682
7.844184,-6.451310,2.134195
7.902820,-6.500738,2.111709
7.961457,-6.550166,2.111709
8.020094,-6.599594,2.134195
8.078730,-6.649022,2.156682
8.135319,-6.703395,2.156682
8.193956,-6.752823,2.156682
8.252592,-6.802251,2.134195
8.311229,-6.851679,2.111709
8.369866,-6.901107,2.109191
8.428503,-6.950535,2.134195
8.489695,-6.993794,2.156682
8.550379,-7.038277,2.134195
8.609016,-7.087706,2.111709
8.667653,-7.137134,2.111709
8.726289,-7.186562,2.134195
8.786078,-7.233209,2.156682
8.847412,-7.276126,2.086705
8.906190,-7.325212,2.109191
8.964827,-7.374640,2.134195
9.023463,-7.424068,2.111709
9.082100,-7.473496,2.111709
9.140737,-7.522925,2.134195
9.200776,-7.568967,2.156682
9.259412,-7.618396,2.156682
9.318049,-7.667824,2.134195
9.376686,-7.717252,2.111709
9.435322,-7.766680,2.111709
9.493959,-7.816108,2.134195
9.552596,-7.865536,2.156682
9.608678,-7.921130,2.156682
9.664618,-7.977070,2.134195
9.723255,-8.026498,2.111709
9.781891,-8.075926,2.111709
9.840528,-8.125354,2.111709
9.899165,-8.174782,2.111709
9.957801,-8.224210,2.134195
10.017982,-8.269911,2.156682
10.079316,-8.312827,2.134195
10.137953,-8.362255,2.109191
10.196589,-8.411683,2.111709
10.255226,-8.461112,2.111709
10.313863,-8.510540,2.109191
10.372499,-8.559968,2.134195
10.429592,-8.613124,2.156682
10.487974,-8.663167,2.134195
10.546610,-8.712595,2.111709
10.605247,-8.762024,2.111709
10.663884,-8.811452,2.111709
10.722520,-8.860880,2.134195
10.781157,-8.910308,2.156682
10.839794,-8.959736,2.156682
10.896018,-9.014987,2.156682
10.954655,-9.064416,2.134195
11.013292,-9.113844,2.111709
11.071928,-9.163272,2.111709
11.130565,-9.212700,2.111709
11.189202,-9.262128,2.134195
11.247839,-9.311556,2.156682
11.307877,-9.357599,2.134195
11.366514,-9.407027,2.109191
11.425151,-9.456455,2.111709
11.483787,-9.505883,2.111709
11.542424,-9.555311,2.109191
11.601089,-9.604671,2.086705
11.662423,-9.647587,2.156682
11.722325,-9.693962,2.134195
11.780961,-9.743390,2.111709
11.839598,-9.792818,2.111709
11.898235,-9.842246,2.134195
11.958806,-9.887003,2.156682
12.020112,-9.929988,2.156682
12.078748,-9.979417,2.109191
12.137385,-10.028845,2.111709
12.197057,-10.075773,2.134195
12.258391,-10.118690,2.156682
12.319725,-10.161606,2.156682
12.379124,-10.209194,2.134195
12.437896,-10.258295,2.109191
12.499230,-10.301211,2.134195
12.560564,-10.344128,2.155243
12.620862,-10.389544,2.109191
12.682196,-10.432461,2.109191
12.743530,-10.475378,2.155243
12.804864,-10.518294,2.134195
12.866062,-10.561539,2.109191
12.926849,-10.605774,2.155243
12.988183,-10.648691,2.155243
13.049517,-10.691607,2.109191
13.109909,-10.736797,2.155243
13.171243,-10.779713,2.155243
13.232577,-10.822630,2.109191
13.295271,-10.862262,2.155243
13.359124,-10.899097,2.109191
13.423155,-10.935502,2.109191
13.487186,-10.971907,2.155243
13.551039,-11.008742,2.086705
13.615070,-11.045147,2.109191
13.680788,-11.077480,2.039215
13.746156,-11.110658,2.109191
13.810009,-11.147492,2.039215
13.876449,-11.178082,2.109191
13.943177,-11.207976,2.039215
14.010844,-11.235602,2.109191
14.077572,-11.265495,2.039215
14.142614,-11.299462,2.109191
14.208767,-11.330744,2.039215
14.276396,-11.358461,2.109191
14.340716,-11.394170,2.039215
14.407444,-11.424063,2.132397
14.471654,-11.460035,2.109191
14.538382,-11.489929,2.155243
14.605110,-11.519823,2.109191
14.672778,-11.547448,2.155243
14.739506,-11.577342,2.109191
14.806707,-11.606093,2.155243
14.874522,-11.633365,2.132397
14.945646,-11.652645,2.109191
15.015071,-11.676027,2.155243
15.086305,-11.695044,2.132397
15.157786,-11.713461,2.039215
15.229909,-11.730332,2.132397
15.301558,-11.748346,2.109551
15.373040,-11.766763,2.086705
15.443463,-11.787736,2.039215
15.513443,-11.809779,2.132397
15.584924,-11.828197,2.109551
15.656406,-11.846614,2.086705
15.728225,-11.864217,2.155243
15.803354,-11.873830,2.109551
15.877728,-11.885265,2.086705
15.950268,-11.901126,2.063859
16.025564,-11.910335,2.041014
16.100861,-11.919543,2.018168
16.176157,-11.928752,2.111350
16.251453,-11.937961,2.088504
16.326749,-11.947169,2.086705
16.402968,-11.954151,2.063859
16.480066,-11.959009,2.041014
16.555362,-11.968217,2.018168
16.630658,-11.977426,1.995322
16.705955,-11.986634,2.088504
16.781251,-11.995843,2.088504
16.856547,-12.005051,2.088504
16.931843,-12.014260,2.088504
17.009151,-12.018611,2.088504
17.088262,-12.018611,2.088504
17.167372,-12.018611,2.088504
17.244852,-12.014674,2.088504
17.320148,-12.005465,2.088504
17.395444,-11.996256,2.088504
17.470740,-11.987048,2.088504
17.546037,-11.977839,1.995322
17.621333,-11.968631,2.018168
17.696629,-11.959422,2.041014
17.771448,-11.949063,2.063859
17.846745,-11.939854,2.086705
17.922041,-11.930646,2.088504
17.997337,-11.921437,1.995322
18.072633,-11.912228,2.018168
18.147929,-11.903020,2.041014
18.221254,-11.889052,2.063859
18.294844,-11.875723,2.086705
18.370140,-11.866515,2.109551
18.442743,-11.850804,2.016369
18.514225,-11.832387,2.086705
18.585707,-11.813970,2.109551
18.657188,-11.795553,2.132397
18.729311,-11.778682,2.039215
18.800793,-11.760265,2.109191
18.870835,-11.738372,2.132397
18.941195,-11.717248,2.039215
19.011129,-11.695093,2.109191
19.078796,-11.667467,2.155243
19.146464,-11.639842,2.109191
19.213192,-11.609948,2.132397
19.279093,-11.578059,2.039215
19.344386,-11.544700,2.109191
19.412054,-11.517074,2.109191
19.478782,-11.487180,2.155243
19.544466,-11.454765,2.109191
19.608319,-11.417931,2.155243
19.674442,-11.386578,2.109191
19.741170,-11.356684,2.109191
19.806637,-11.323744,2.109191
19.868793,-11.282812,2.109191
19.931320,-11.242776,2.155243
19.995350,-11.206370,2.134195
20.057902,-11.166393,2.109191
20.117143,-11.118425,2.109191
20.176073,-11.069705,2.086705
20.237407,-11.026788,2.156682
20.298741,-10.983872,2.134195
20.358882,-10.938075,2.109191
20.417519,-10.888647,2.086705
20.478852,-10.845730,2.156682
20.540186,-10.802814,2.134195
20.601227,-10.759189,2.111709
20.659863,-10.709761,2.111709
20.714144,-10.658528,2.111709
20.766269,-10.606403,2.111709
20.820307,-10.558897,2.111709
20.872433,-10.506771,2.111709
20.924558,-10.454646,2.111709
20.973019,-10.401003,2.111709
21.018632,-10.346181,2.111709
21.068602,-10.293163,2.111709
21.120728,-10.241037,2.111709
21.169447,-10.183675,2.109191
21.212364,-10.122341,2.134195
21.255280,-10.061007,2.156682
21.301861,-10.001191,2.134195
21.351290,-9.942555,2.109191
21.394206,-9.881221,2.134195
21.437123,-9.819887,2.156682
21.481532,-9.759172,2.134195
21.524602,-9.697901,2.109191
21.567519,-9.636568,2.155243
21.610436,-9.575234,2.109191
21.647949,-9.511662,2.109191
21.690866,-9.450328,2.155243
21.728116,-9.386647,2.086705
21.764521,-9.322616,2.109191
21.801356,-9.258763,2.109191
21.831249,-9.192035,2.109191
21.861143,-9.125307,2.155243
21.896440,-9.060817,2.109191
21.926391,-8.994112,2.155243
21.955440,-8.927034,2.109191
21.985128,-8.860221,2.039215
22.014439,-8.793252,2.109191
22.050376,-8.729027,2.039215
22.080270,-8.662299,2.132397
22.109433,-8.595268,2.109191
22.137058,-8.527600,2.155243
22.163261,-8.459343,2.109191
22.181678,-8.387862,2.039215
22.205061,-8.318436,2.132397
22.223478,-8.246955,2.086705
22.240349,-8.174832,2.039215
22.257951,-8.103013,2.132397
22.276368,-8.031531,2.109191
22.294785,-7.960049,2.039215
22.316827,-7.890068,2.132397
22.337802,-7.819646,2.109551
22.356219,-7.748164,2.086705
22.374234,-7.676516,2.063859
22.384258,-7.601557,2.132397
22.395282,-7.527013,2.109551
22.413699,-7.455531,2.086705
22.428492,-7.382548,2.063859
22.437700,-7.307252,2.041014
22.446909,-7.231956,2.134196
22.456117,-7.156660,2.111350
22.465326,-7.081364,2.088504
22.472719,-7.005315,2.088504
22.472719,-6.926205,2.086705
22.478645,-6.849549,2.063859
22.487854,-6.774253,2.041014
22.497062,-6.698957,1.995322
22.506271,-6.623661,2.088504
22.515480,-6.548365,2.088504
22.524688,-6.473068,2.088504
22.533897,-6.397772,2.088504
22.537179,-6.320021,2.088504
22.537179,-6.240911,2.088504
22.533653,-6.163261,2.088504
22.524445,-6.087965,2.088504
22.515236,-6.012668,2.088504
22.506028,-5.937372,2.088504
22.496819,-5.862076,2.018168
22.487610,-5.786780,2.041014
22.478402,-5.711484,2.063859
22.472719,-5.634727,2.086705
22.472719,-5.555617,2.088504
22.465083,-5.479669,2.088504
22.455874,-5.404373,2.111350
22.446665,-5.329077,2.134196
22.437457,-5.253781,2.041014
22.428248,-5.178485,2.063859
22.413212,-5.105602,2.086705
22.394795,-5.034120,2.109551
22.384014,-4.959476,2.155243
22.373747,-4.884618,2.063859
22.355489,-4.813070,2.086705
22.337072,-4.741588,2.109551
22.318655,-4.670107,2.132397
22.301784,-4.597984,2.039215
22.283366,-4.526502,2.086705
22.264949,-4.455021,2.109551
22.247591,-4.383100,2.132397
22.230720,-4.310978,2.109191
22.212303,-4.239496,2.132397
22.192631,-4.168534,2.155243
22.169248,-4.099109,2.109191
22.142802,-4.030953,2.132397
22.115176,-3.963285,2.039215
22.085770,-3.896355,2.109191
22.056440,-3.829394,2.155243
22.026771,-3.762573,2.109191
21.991191,-3.698200,2.132397
21.961298,-3.631471,2.039215
21.932493,-3.564293,2.109191
21.904867,-3.496625,2.039215
21.874973,-3.429897,2.109191
21.844516,-3.363402,2.086705
21.808111,-3.299371,2.155243
21.771277,-3.235518,2.109191
21.734871,-3.171487,2.155243
21.697378,-3.107907,2.155243
21.651892,-3.047637,2.109191
21.602464,-2.989000,2.086705
21.553036,-2.930364,2.156682
21.503608,-2.871727,2.134195
21.453783,-2.813255,2.111709
21.397843,-2.757315,2.111709
21.341904,-2.701376,2.111709
21.285964,-2.645436,2.111709
21.230025,-2.589497,2.111709
21.174085,-2.533557,2.111709
21.118146,-2.477617,2.111709
21.062206,-2.421678,2.111709
21.006267,-2.365738,2.111709
20.950327,-2.309799,2.134195
20.894387,-2.253859,2.134195
20.838448,-2.197920,2.156682
20.782508,-2.141980,2.179168
20.723928,-2.092416,2.156682
20.665291,-2.042988,2.134195
20.606655,-1.993560,2.111709
20.548018,-1.944132,2.111709
20.489381,-1.894704,2.134195
20.429507,-1.848262,2.156682
20.368174,-1.805345,2.086705
20.309481,-1.756053,2.109191
20.250844,-1.706625,2.111709
20.192207,-1.657197,2.111709
20.133571,-1.607769,2.109191
20.074934,-1.558341,2.156682
20.014895,-1.512298,2.156682
19.956258,-1.462870,2.134195
19.897622,-1.413442,2.111709
19.838985,-1.364014,2.111709
19.780348,-1.314586,2.134195
19.721712,-1.265157,2.156682
19.662344,-1.217495,2.156682
19.603649,-1.168207,2.109191
19.545012,-1.118778,2.134195
19.486376,-1.069350,2.111709
19.427739,-1.019922,2.109191
19.369102,-0.970494,2.134195
19.310466,-0.921066,2.156682
19.250427,-0.875023,2.134195
19.191790,-0.825595,2.111709
19.133153,-0.776167,2.111709
19.074517,-0.726739,2.134195
19.015880,-0.677311,2.156682
18.956513,-0.629645,2.156682
18.895180,-0.586728,2.109191
18.835979,-0.538660,2.134195
18.777343,-0.489232,2.111709
18.718706,-0.439804,2.109191
18.660069,-0.390376,2.134195
18.601433,-0.340948,2.156682
18.541394,-0.294905,2.134195
18.482757,-0.245477,2.111709
18.424120,-0.196049,2.111709
18.365484,-0.146621,2.134195
18.306847,-0.097193,2.156682
18.247482,-0.049523,2.156682
18.186148,-0.006606,2.156682
18.126946,0.041458,2.134195
18.068310,0.090886,2.111709
18.009673,0.140314,2.109191
17.951036,0.189742,2.156682
17.892400,0.239170,2.156682
17.832361,0.285213,2.134195
17.773724,0.334641,2.111709
17.715087,0.384069,2.111709
17.656451,0.433497,2.134195
17.596583,0.479954,2.156682
17.535249,0.522870,2.134195
17.473915,0.565787,2.109191
17.414712,0.613847,2.111709
17.356076,0.663275,2.109191
17.297439,0.712703,2.086705
17.238802,0.762132,2.156682
17.178763,0.808174,2.134195
17.120127,0.857603,2.111709
17.061490,0.907031,2.109191
17.002853,0.956459,2.134195
16.944217,1.005887,2.156682
16.884350,1.052347,2.134195
16.823017,1.095263,2.109191
16.764316,1.144537,2.111709
16.705679,1.193965,2.111709
16.647043,1.243393,2.109191
16.588406,1.292822,2.086705
16.529769,1.342250,2.156682
16.469730,1.388293,2.134195
16.411094,1.437721,2.111709
16.352457,1.487149,2.109191
16.293820,1.536577,2.134195
16.235184,1.586005,2.156682
16.175319,1.632468,2.134195
16.113985,1.675385,2.109191
16.055283,1.724655,2.111709
15.996646,1.774083,2.111709
15.938010,1.823512,2.109191
15.879373,1.872940,2.086705
15.818039,1.915856,2.156682
15.757933,1.961738,2.134195
15.699297,2.011166,2.111709
15.640660,2.060594,2.111709
15.582023,2.110022,2.134195
15.523387,2.159450,2.156682
15.464750,2.208878,2.156682
15.408088,2.263074,2.134195
15.349451,2.312502,2.111709
15.290815,2.361930,2.111709
15.232178,2.411358,2.111709
15.173541,2.460786,2.109191
15.114905,2.510215,2.156682
15.056268,2.559643,2.156682
14.996229,2.605686,2.134195
14.937592,2.655114,2.111709
14.878956,2.704542,2.111709
14.820319,2.753970,2.134195
14.761682,2.803398,2.156682
14.702325,2.851086,2.156682
14.640991,2.894003,2.156682
14.581782,2.942048,2.134195
14.523145,2.991476,2.111709
14.464508,3.040905,2.111709
14.405872,3.090333,2.134195
14.347235,3.139761,2.156682
14.287196,3.185804,2.156682
14.228559,3.235232,2.134195
14.169923,3.284660,2.111709
14.111286,3.334088,2.111709
14.052649,3.383516,2.134195
13.994013,3.432944,2.156682
13.935161,3.481853,2.156682
13.875950,3.529895,2.156682
13.817313,3.579323,2.134195
13.758677,3.628751,2.111709
13.700040,3.678179,2.109191
13.641403,3.727608,2.134195
13.580645,3.771914,2.156682
13.519527,3.815350,2.134195
13.460890,3.864778,2.109191
13.402253,3.914206,2.134195
13.342394,3.960684,2.156682
13.281061,4.003601,2.134195
13.219727,4.046517,2.109191
13.160515,4.094556,2.111709
13.101878,4.143984,2.109191
13.043241,4.193412,2.086705
12.981907,4.236329,2.156682
12.921796,4.282196,2.134195
12.863159,4.331624,2.109191
12.804522,4.381052,2.134195
12.743657,4.425099,2.156682
12.682323,4.468016,2.134195
12.620989,4.510932,2.109191
12.562352,4.560360,2.111709
12.503716,4.609789,2.134195
12.444254,4.657225,2.156682
12.382920,4.700141,2.086705
12.323815,4.748439,2.134195
12.265178,4.797867,2.109191
12.206542,4.847295,2.086705
12.147905,4.896723,2.156682
12.086571,4.939640,2.134195
12.026063,4.984549,2.111709
11.967426,5.033977,2.111709
11.908789,5.083405,2.134195
11.850153,5.132833,2.156682
11.791516,5.182261,2.156682
11.732879,5.231689,2.134195
11.676620,5.286858,2.134195
11.617984,5.336286,2.111709
11.559347,5.385714,2.111709
11.500710,5.435142,2.111709
11.442073,5.484570,2.111709
11.383437,5.533998,2.134195
11.324800,5.583426,2.156682
11.270639,5.635347,2.156682
11.221211,5.693984,2.134195
11.169953,5.748201,2.111709
11.117827,5.800327,2.111709
11.070384,5.854391,2.111709
11.024770,5.909213,2.111709
10.979156,5.964036,2.111709
10.929386,6.017137,2.134195
10.879771,6.070302,2.156682
10.835988,6.129543,2.134195
10.795844,6.192025,2.109191
10.754757,6.254117,2.109191
10.711840,6.315451,2.134195
10.670742,6.377538,2.155243
10.634337,6.441569,2.109191
10.597502,6.505422,2.109191
10.561097,6.569453,2.155243
10.521919,6.632335,2.109191
10.480129,6.694136,2.155243
10.446330,6.759246,2.109191
10.414618,6.825221,2.155243
10.381082,6.890441,2.109191
10.353456,6.958108,2.155243
10.323563,7.024836,2.109191
10.298281,7.093475,2.155243
10.279863,7.164956,2.109191
10.253875,7.233302,2.155243
10.230335,7.302662,2.132397
10.211918,7.374144,2.109191
10.193501,7.445626,2.039215
10.176630,7.517748,2.132397
10.158213,7.589230,2.109551
10.139796,7.660712,2.086705
10.128950,7.735330,2.039215
10.119742,7.810626,2.109551
10.110533,7.885922,2.086705
10.097371,7.959581,2.063860
10.083237,8.032837,2.041014
10.074028,8.108133,2.018168
10.064819,8.183429,1.995322
10.055611,8.258725,2.088504
10.046402,8.334021,2.088504
10.037194,8.409318,2.088504
10.031939,8.486251,2.088504
10.038524,8.562634,2.088504
10.047732,8.637931,2.088504
10.056941,8.713227,2.088504
10.066149,8.788523,1.972476
10.075358,8.863819,1.995322
10.089342,8.937137,2.018168
10.107759,9.008619,2.041014
10.119592,9.082828,2.063859
10.128800,9.158124,1.993523
10.138009,9.233421,2.016369
10.150184,9.307488,2.039215
10.168601,9.378970,2.086705
10.182243,9.452430,2.109551
10.196161,9.525775,2.016369
10.214578,9.597257,2.039215
10.237967,9.666679,2.109191
10.265593,9.734347,2.016369
10.295486,9.801075,2.039215
10.323112,9.868743,2.039215
10.356235,9.934133,2.109191
10.388360,9.999937,2.086705
10.421746,10.065218,2.155243
10.458151,10.129249,2.109191
10.494986,10.193103,2.109191
10.531391,10.257134,2.155243
10.571814,10.319500,2.086705
10.614730,10.380834,2.134195
10.661927,10.440395,2.111709
10.711355,10.499032,2.111709
10.760783,10.557668,2.156682
10.813537,10.614928,2.179168
10.869477,10.670867,2.201654
10.925416,10.726807,2.204172
10.981356,10.782746,2.204172
11.037295,10.838686,2.201654
11.093235,10.894625,2.201654
11.149174,10.950565,2.179168
11.207811,10.999993,2.156682
11.266448,11.049421,2.134195
11.327782,11.092338,2.109191
11.389115,11.135254,2.134195
11.453146,11.171660,2.155243
11.517177,11.208065,2.086705
11.581208,11.244470,2.109191
11.645239,11.280875,2.039215
11.709270,11.317281,2.109191
11.773301,11.353686,2.155243
11.837332,11.390091,2.109191
11.901771,11.425512,2.155243
11.969519,11.452942,2.109191
12.038944,11.476324,2.039215
12.106802,11.503492,2.132397
12.176227,11.526874,2.109191
12.244193,11.553778,2.155243
12.315470,11.572691,2.132397
12.386952,11.591108,2.039215
12.455356,11.616955,2.132397
12.524657,11.640637,2.109551
12.596139,11.659054,2.086705
12.668262,11.675925,2.179887
12.739744,11.694342,2.155243
12.811225,11.712759,2.132397
12.882707,11.731176,2.109551
12.957266,11.742164,2.202733
13.032562,11.751373,2.157042
13.107859,11.760581,2.134196
13.182678,11.770941,2.111350
13.257974,11.780149,2.088504
13.333270,11.789358,2.086705
13.408567,11.798566,2.063859
13.483863,11.807775,2.134196
13.559159,11.816983,2.111350
13.634455,11.826192,2.088504
13.711330,11.831589,2.088504
13.790440,11.831589,2.088504
13.868967,11.833000,2.088504
13.944183,11.842015,2.088504
14.016089,11.843039,2.088504
14.087570,11.843039,2.088504
14.159052,11.843039,2.088504
14.230534,11.843039,2.088504
14.302016,11.843039,2.088504
14.374082,11.841629,2.088504
14.446204,11.824758,2.088504
14.521076,11.814525,2.088504
14.596373,11.805317,2.088504
14.671669,11.796108,1.972476
14.746965,11.786899,1.972476
14.819757,11.771644,1.995322
14.891238,11.753227,2.018168
14.965974,11.742666,2.063859
15.041270,11.733457,1.970677
15.115424,11.721491,1.993523
15.186906,11.703073,2.016369
15.258388,11.684656,2.039215
15.332374,11.672286,2.109191
15.405193,11.657097,2.016369
15.476675,11.638680,2.039215
15.545571,11.614020,2.155243
15.614381,11.589152,2.109191
15.683168,11.564229,2.155243
15.748645,11.531315,2.109191
15.812498,11.494480,2.155243
15.876529,11.458075,2.109191
15.940382,11.421241,2.109191
16.004413,11.384835,2.155243
16.066362,11.343404,2.109191
16.129096,11.303867,2.134195
16.193127,11.267462,2.155243
16.255472,11.226986,2.086705
16.316805,11.184069,2.109191
16.376844,11.138026,2.086705
16.438178,11.095109,2.155243
16.499512,11.052193,2.134195
16.559446,11.005896,2.111709
16.618082,10.956468,2.111709
16.676719,10.907040,2.134195
16.737763,10.863422,2.156682
16.798596,10.819298,2.156682
16.851160,10.767354,2.134195
16.903285,10.715229,2.111709
16.958035,10.669440,2.111709
17.012857,10.623826,2.111709
17.067679,10.578212,2.111709
17.120095,10.526788,2.111709
17.172220,10.474663,2.134195
17.230418,10.425053,2.156682
17.289772,10.377354,2.179168
17.348481,10.328102,2.109191
17.407118,10.278674,2.156682
17.465754,10.229246,2.134195
17.524391,10.179818,2.111709
17.583028,10.130389,2.111709
17.641664,10.080961,2.111709
17.699585,10.029804,2.134195
17.755524,9.973864,2.156682
17.812574,9.920605,2.156682
17.871211,9.871177,2.109191
17.929847,9.821749,2.111709
17.988484,9.772321,2.111709
18.047121,9.722893,2.111709
18.105758,9.673464,2.134195
18.167091,9.630548,2.156682
18.227315,9.584951,2.156682
18.285952,9.535522,2.134195
18.344588,9.486094,2.111709
18.403225,9.436666,2.134195
18.463475,9.391132,2.156682
18.524808,9.348216,2.156682
18.583445,9.298787,2.109191
18.642082,9.249359,2.111709
18.700718,9.199931,2.111709
18.759564,9.151008,2.109191
18.820898,9.108092,2.156682
18.880619,9.061281,2.156682
18.939256,9.011853,2.134195
18.997892,8.962425,2.111709
19.056529,8.912997,2.134195
19.115166,8.863568,2.156682
19.175205,8.817526,2.156682
19.233841,8.768097,2.134195
19.292478,8.718669,2.111709
19.351115,8.669241,2.111709
19.409751,8.619813,2.109191
19.468596,8.570887,2.086705
19.529930,8.527970,2.156682
19.589652,8.481163,2.134195
19.648289,8.431735,2.111709
19.706925,8.382307,2.111709
19.765562,8.332878,2.134195
19.824199,8.283450,2.156682
19.882628,8.233521,2.179168
19.938567,8.177581,2.156682
19.995108,8.123094,2.134195
20.053745,8.073666,2.134195
20.112382,8.024238,2.111709
20.171018,7.974810,2.111709
20.229655,7.925381,2.111709
20.288292,7.875953,2.111709
20.346928,7.826525,2.134195
20.404963,7.775645,2.156682
20.460903,7.719705,2.179168
20.516843,7.663766,2.201654
20.572782,7.607826,2.204172
20.628722,7.551887,2.204172
20.684661,7.495947,2.204172
20.740601,7.440007,2.204172
20.796540,7.384068,2.204172
20.852480,7.328128,2.204172
20.908419,7.272189,2.204172
20.964359,7.216249,2.204172
21.020299,7.160310,2.204172
21.076238,7.104370,2.204172
21.132178,7.048431,2.201654
21.188117,6.992491,2.179168
21.244057,6.936551,2.156682
21.296217,6.879046,2.134195
21.345645,6.820410,2.111709
21.396747,6.765815,2.111709
21.448873,6.713690,2.111709
21.496693,6.659782,2.111709
21.542307,6.604959,2.111709
21.587921,6.550137,2.111709
21.637314,6.496880,2.111709
21.689439,6.444755,2.134195
21.739890,6.388587,2.111709
21.789318,6.329951,2.156682
21.843051,6.273097,2.179168
21.892518,6.214476,2.179168
21.941946,6.155840,2.156682
21.994071,6.103714,2.134195
22.046196,6.051589,2.111709
22.091810,5.996767,2.111709
22.137424,5.941945,2.111709
22.183038,5.887122,2.111709
22.235124,5.834981,2.111709
22.287250,5.782856,2.134195
22.336678,5.724219,2.156682
22.383714,5.664591,2.179168
22.433142,5.605955,2.109191
22.482570,5.547318,2.156682
22.531998,5.488681,2.134195
22.581426,5.430045,2.111709
22.630854,5.371408,2.111709
22.680282,5.312771,2.111709
22.732103,5.255126,2.134195
22.788042,5.199186,2.156682
22.843982,5.143246,2.156682
22.897796,5.086426,2.134195
22.947224,5.027790,2.111709
22.996652,4.969153,2.111709
23.046080,4.910516,2.111709
23.095508,4.851880,2.111709
23.144936,4.793243,2.134195
23.194364,4.734606,2.156682
23.240407,4.674567,2.156682
23.289835,4.615931,2.134195
23.339263,4.557294,2.111709
23.388691,4.498657,2.111709
23.438120,4.440021,2.111709
23.487548,4.381384,2.134195
23.536071,4.322372,2.134195
23.584499,4.263321,2.156682
23.633927,4.204685,2.156682
23.683355,4.146048,2.134195
23.732783,4.087411,2.111709
23.782211,4.028775,2.111709
23.831639,3.970138,2.111709
23.881972,3.911876,2.134195
23.937912,3.855937,2.156682
23.993851,3.799997,2.156682
24.049791,3.744057,2.156682
24.105730,3.688118,2.134195
24.155159,3.629481,2.111709
24.204587,3.570845,2.111709
24.254015,3.512208,2.111709
24.303443,3.453571,2.111709
24.352871,3.394934,2.134195
24.402299,3.336298,2.156682
24.451727,3.277661,2.156682
24.506077,3.221063,2.134195
24.555505,3.162426,2.134195
24.604933,3.103790,2.111709
24.654362,3.045153,2.111709
24.703790,2.986516,2.111709
24.753218,2.927880,2.134195
24.802646,2.869243,2.156682
24.853664,2.811265,2.156682
24.905846,2.753769,2.134195
24.955274,2.695132,2.111709
25.004702,2.636495,2.111709
25.054130,2.577859,2.111709
25.103558,2.519222,2.111709
25.152986,2.460585,2.109191
25.202414,2.401949,2.156682
25.255600,2.344868,2.156682
25.305614,2.286474,2.134195
25.355042,2.227838,2.111709
25.404470,2.169201,2.111709
25.453898,2.110564,2.111709
25.503326,2.051928,2.134195
25.552754,1.993291,2.156682
25.602183,1.934654,2.156682
25.657434,1.878430,2.156682
25.706862,1.819793,2.134195
25.756290,1.761156,2.111709
25.805718,1.702520,2.111709
25.855146,1.643883,2.111709
25.904574,1.585246,2.134195
25.954003,1.526610,2.156682
26.000045,1.466571,2.156682
26.049474,1.407934,2.109191
26.098902,1.349297,2.111709
26.148330,1.290661,2.111709
26.197758,1.232024,2.111709
26.247186,1.173387,2.111709
26.296614,1.114751,2.134195
26.349530,1.057559,2.156682
26.405469,1.001619,2.179168
26.461409,0.945679,2.156682
26.514127,0.888406,2.134195
26.563555,0.829769,2.111709
26.612983,0.771132,2.111709
26.662412,0.712496,2.111709
26.711840,0.653859,2.111709
26.761268,0.595222,2.109191
26.804184,0.533888,2.156682
26.850322,0.473889,2.156682
26.899750,0.415252,2.134195
26.951876,0.363127,2.111709
27.004001,0.311002,2.111709
27.049615,0.256179,2.111709
27.095229,0.201357,2.111709
27.147354,0.149232,2.111709
27.199479,0.097106,2.111709
27.251604,0.044981,2.134195
27.301032,-0.013655,2.156682
27.350460,-0.072292,2.179168
27.406400,-0.128232,2.201654
27.462340,-0.184171,2.201654
27.518279,-0.240111,2.204172
27.574219,-0.296050,2.201654
27.630158,-0.351990,2.179168
27.686098,-0.407929,2.156682
27.743369,-0.460655,2.134195
27.802005,-0.510083,2.111709
27.860642,-0.559511,2.111709
27.919279,-0.608940,2.111709
27.978347,-0.657325,2.109191
28.039681,-0.700242,2.134195
28.101555,-0.741854,2.156682
28.164255,-0.781473,2.134195
28.226238,-0.822822,2.109191
28.291531,-0.856180,2.155243
28.358259,-0.886074,2.086705
28.425927,-0.913699,2.109191
28.494639,-0.938803,2.039215
28.566121,-0.957220,1.946752
28.638243,-0.974091,2.016369
28.709725,-0.992508,1.993523
28.781207,-1.010925,1.970677
28.854564,-1.024815,1.946752
28.929860,-1.034023,2.016369
29.002696,-1.049173,1.993523
29.074177,-1.067590,1.970677
29.146172,-1.084769,1.924986
29.221468,-1.093977,2.018168
29.296765,-1.103186,1.995322
29.372061,-1.112395,1.972476
29.447357,-1.121603,1.972476
29.525114,-1.124871,1.972476
29.603371,-1.122810,1.972476
29.678667,-1.113602,1.972476
29.753963,-1.104393,1.972476
29.829259,-1.095185,1.995322
29.904556,-1.085976,1.902140
29.977050,-1.070005,1.924986
30.048532,-1.051587,1.970677
30.120868,-1.035231,1.993523
30.195338,-1.024028,1.900341
30.266820,-1.005611,1.946752
30.338302,-0.987194,2.016369
30.409783,-0.968777,2.039215
30.481906,-0.951906,2.016369
30.551731,-0.929489,2.039215
30.619398,-0.901863,2.109191
30.686127,-0.871970,2.086705
30.752533,-0.841299,2.156682
30.815629,-0.802637,2.134195
30.875415,-0.755984,2.111709
30.934052,-0.706555,2.156682
30.992688,-0.657127,2.179168
31.050173,-0.604917,2.201654
31.106112,-0.548977,2.204172
31.162052,-0.493038,2.204172
31.217991,-0.437098,2.204172
31.273931,-0.381159,2.204172
31.329870,-0.325219,2.204172
31.385810,-0.269280,2.204172
31.441749,-0.213340,2.204172
31.497689,-0.157401,2.204172
31.553629,-0.101461,2.204172
31.609568,-0.045521,2.204172
31.665508,0.010418,2.204172
31.721447,0.066358,2.204172
31.777387,0.122297,2.201654
31.826815,0.180934,2.179168
31.876243,0.239571,2.156682
31.928368,0.291696,2.134195
31.980416,0.343853,2.111709
32.026029,0.398676,2.111709
32.071784,0.453158,2.111709
32.120095,0.501468,2.111709
32.174314,0.547332,2.111709
32.222625,0.595643,2.111709
32.268239,0.650465,2.111709
32.313931,0.705256,2.111709
32.366056,0.757381,2.111709
32.418040,0.809847,2.111709
32.467468,0.868483,2.111709
32.517500,0.926870,2.134195
32.573439,0.982810,2.156682
32.629379,1.038749,2.179168
32.685318,1.094689,2.179168
32.741258,1.150628,2.201654
32.797197,1.206568,2.204172
32.853137,1.262507,2.204172
32.909076,1.318447,2.201654
32.965016,1.374386,2.179168
33.020956,1.430326,2.156682
33.076895,1.486266,2.134195
33.132835,1.542205,2.134195
33.188774,1.598145,2.111709
33.244714,1.654084,2.111709
33.295289,1.712246,2.111709
33.344717,1.770883,2.111709
33.394145,1.829519,2.111709
33.443573,1.888156,2.111709
33.493001,1.946793,2.111709
33.542429,2.005429,2.111709
33.591857,2.064066,2.111709
33.646650,2.120481,2.134195
33.702590,2.176420,2.156682
33.758529,2.232360,2.179168
33.814469,2.288299,2.201654
33.870408,2.344239,2.201654
33.926348,2.400178,2.179168
33.980841,2.456717,2.156682
34.030269,2.515354,2.156682
34.080405,2.572281,2.134195
34.132530,2.624406,2.111709
34.184656,2.676532,2.111709
34.236781,2.728657,2.111709
34.288906,2.780782,2.111709
34.335967,2.835005,2.111709
34.388092,2.887130,2.111709
34.439509,2.940965,2.111709
34.488937,2.999602,2.111709
34.538365,3.058238,2.134195
34.587793,3.116875,2.156682
34.637221,3.175512,2.179168
34.693161,3.231451,2.201654
34.749100,3.287391,2.201654
34.805040,3.343330,2.201654
34.854468,3.401967,2.179168
34.903896,3.460604,2.156682
34.956022,3.512729,2.134195
35.008147,3.564854,2.111709
35.060272,3.616980,2.111709
35.112397,3.669105,2.111709
35.164522,3.721230,2.111709
35.219023,3.772372,2.111709
35.271148,3.824497,2.111709
35.320576,3.883133,2.111709
35.370004,3.941770,2.111709
35.419432,4.000407,2.134195
35.468860,4.059044,2.111709
35.518288,4.117680,2.156682
35.571853,4.174603,2.179168
35.627793,4.230543,2.201654
35.683732,4.286483,2.179168
35.735802,4.344025,2.156682
35.785230,4.402662,2.134195
35.836370,4.457166,2.111709
35.888495,4.509291,2.111709
35.940620,4.561416,2.111709
35.992745,4.613541,2.111709
36.042909,4.666479,2.111709
36.092393,4.719698,2.111709
36.144519,4.771824,2.111709
36.194932,4.828082,2.111709
36.244360,4.886718,2.111709
36.293788,4.945355,2.134195
36.343216,5.003992,2.156682
36.394606,5.061816,2.179168
36.450545,5.117756,2.201654
36.506485,5.173695,2.201654
36.560729,5.230337,2.179168
36.610158,5.288973,2.111709
36.659586,5.347610,2.156682
36.709320,5.405506,2.134195
36.761446,5.457632,2.111709
36.813571,5.509757,2.111709
36.865696,5.561882,2.111709
36.913005,5.616002,2.111709
36.965130,5.668128,2.111709
37.017255,5.720253,2.111709
37.069074,5.773119,2.111709
37.118502,5.831755,2.111709
37.167930,5.890392,2.134195
37.217358,5.949029,2.156682
37.273298,6.004968,2.179168
37.329237,6.060908,2.179168
37.385177,6.116847,2.201654
37.441116,6.172787,2.201654
37.497056,6.228726,2.179168
37.547919,6.286769,2.156682
37.597347,6.345405,2.134195
37.648987,6.398703,2.111709
37.701112,6.450828,2.111709
37.753237,6.502953,2.111709
37.800978,6.556895,2.111709
37.846592,6.611717,2.111709
37.897282,6.664437,2.111709
37.949407,6.716562,2.111709
37.999321,6.774026,2.134195
38.048749,6.832663,2.111709
38.098177,6.891300,2.156682
38.151990,6.948120,2.179168
38.207929,7.004060,2.201654
38.263869,7.059999,2.201654
38.319809,7.115939,2.179168
38.375748,7.171879,2.156682
38.431688,7.227818,2.134195
38.487627,7.283758,2.134195
38.543567,7.339697,2.111709
38.599506,7.395637,2.111709
38.655446,7.451576,2.111709
38.706579,7.509507,2.111709
38.756007,7.568143,2.111709
38.805435,7.626780,2.111709
38.854863,7.685417,2.111709
38.904291,7.744053,2.134195
38.953720,7.802690,2.111709
39.003148,7.861327,2.156682
39.057382,7.917973,2.179168
39.113322,7.973912,2.201654
39.169261,8.029852,2.204172
39.225201,8.085791,2.201654
39.281140,8.141731,2.179168
39.337080,8.197670,2.156682
39.392131,8.253978,2.156682
39.441559,8.312615,2.134195
39.491464,8.370100,2.111709
39.543589,8.422225,2.111709
39.594301,8.474936,2.111709
39.639915,8.529759,2.111709
39.685528,8.584581,2.111709
39.732031,8.639035,2.111709
39.784156,8.691161,2.111709
39.835804,8.744437,2.134195
39.885232,8.803074,2.156682
39.936074,8.861125,2.179168
39.992014,8.917064,2.201654
40.047953,8.973004,2.204172
40.103893,9.028943,2.204172
40.159833,9.084883,2.204172
40.215772,9.140823,2.204172
40.271712,9.196762,2.201654
40.322164,9.254975,2.179168
40.371592,9.313611,2.156682
40.423402,9.366498,2.111709
40.475527,9.418623,2.111709
40.521640,9.473239,2.111709
40.567253,9.528061,2.111709
40.612867,9.582884,2.111709
40.663968,9.635433,2.111709
40.716094,9.687558,2.134195
40.765837,9.745434,2.156682
40.815265,9.804070,2.179168
40.870706,9.860216,2.179168
40.926646,9.916156,2.201654
40.982585,9.972096,2.204172
41.038525,10.028035,2.204172
41.094464,10.083975,2.204172
41.150404,10.139914,2.204172
41.206343,10.195854,2.204172
41.262283,10.251793,2.204172
41.318222,10.307733,2.201654
41.374162,10.363672,2.179168
41.430102,10.419612,2.156682
41.486041,10.475552,2.134195
41.537981,10.533148,2.111709
41.587409,10.591785,2.111709
41.636837,10.650421,2.111709
41.686265,10.709058,2.111709
41.735693,10.767695,2.111709
41.785121,10.826331,2.111709
41.834549,10.884968,2.156682
41.887977,10.941948,2.179168
41.943917,10.997887,2.201654
41.999857,11.053827,2.204172
42.055796,11.109767,2.204172
42.111736,11.165706,2.204172
42.167675,11.221646,2.204172
42.223615,11.277585,2.204172
42.279554,11.333525,2.204172
42.335494,11.389464,2.201654
42.391433,11.445404,2.179168
42.447373,11.501343,2.156682
42.503313,11.557283,2.134195
42.557265,11.614046,2.111709
42.606693,11.672682,2.111709
42.656121,11.731319,2.111709
42.705549,11.789956,2.111709
42.754977,11.848592,2.111709
42.804405,11.907229,2.111709
42.853833,11.965866,2.134195
42.905249,12.023679,2.156682
42.961188,12.079619,2.179168
43.017128,12.135558,2.201654
43.073068,12.191498,2.204172
43.129007,12.247438,2.204172
43.184947,12.303377,2.204172
43.240886,12.359317,2.204172
43.296826,12.415256,2.204172
43.352765,12.471196,2.201654
43.405079,12.528637,2.179168
43.454507,12.587274,2.156682
43.505546,12.642022,2.111709
43.557671,12.694147,2.134195
43.609796,12.746272,2.111709
43.661921,12.798397,2.111709
43.712329,12.851234,2.111709
43.761569,12.904554,2.111709
43.813695,12.956680,2.111709
43.864209,13.012694,2.111709
43.913637,13.071331,2.111709
43.963065,13.129967,2.134195
44.012493,13.188604,2.156682
44.063639,13.246529,2.179168
44.119578,13.302469,2.201654
44.175518,13.358408,2.204172
44.231457,13.414348,2.204172
44.287397,13.470287,2.204172
44.343337,13.526227,2.204172
44.399276,13.582167,2.201654
44.449425,13.640505,2.179168
44.498853,13.699141,2.156682
44.548281,13.757778,2.111709
44.599712,13.811578,2.111709
44.651838,13.863704,2.111709
44.703963,13.915829,2.111709
44.752206,13.969562,2.111709
44.803611,14.021986,2.111709
44.855736,14.074111,2.111709
44.907861,14.126236,2.111709
44.957983,14.183198,2.111709
45.007412,14.241835,2.111709
45.056840,14.300471,2.134195
45.110150,14.357500,2.156682
45.166089,14.413440,2.179168
45.222029,14.469379,2.201654
45.277968,14.525319,2.204172
45.333908,14.581258,2.204172
45.389847,14.637198,2.201654
45.445787,14.693137,2.201654
45.501726,14.749077,2.179168
45.557666,14.805016,2.156682
45.608085,14.863243,2.134195
45.657513,14.921879,2.111709
45.709337,14.974733,2.111709
45.761462,15.026858,2.111709
45.807541,15.081488,2.111709
45.853155,15.136310,2.111709
45.898769,15.191132,2.111709
45.949903,15.243668,2.111709
46.002028,15.295793,2.111709
46.051758,15.353702,2.134195
46.101186,15.412339,2.156682
46.156660,15.468471,2.156682
46.212600,15.524410,2.179168
46.268539,15.580350,2.201654
46.324479,15.636289,2.204172
46.380419,15.692229,2.204172
46.436358,15.748169,2.201654
46.492298,15.804108,2.179168
46.548237,15.860048,2.179168
46.604177,15.915987,2.156682
46.660116,15.971927,2.134195
46.716056,16.027866,2.111709
46.771995,16.083806,2.111709
46.827935,16.139745,2.111709
46.881058,16.196852,2.111709
46.930486,16.255488,2.111709
46.979914,16.314125,2.111709
47.029343,16.372762,2.111709
47.078771,16.431398,2.111709
47.128199,16.490035,2.134195
47.177627,16.548672,2.156682
47.229871,16.606142,2.179168
47.285811,16.662081,2.201654
47.341750,16.718021,2.204172
47.397690,16.773960,2.204172
47.453630,16.829900,2.201654
47.509569,16.885840,2.201654
47.565509,16.941779,2.179168
47.614937,17.000416,2.156682
47.664365,17.059052,2.134195
47.716490,17.111178,2.111709
47.768615,17.163303,2.111709
47.820741,17.215428,2.111709
47.872866,17.267553,2.111709
47.920010,17.321742,2.111709
47.972136,17.373867,2.111709
48.024261,17.425992,2.111709
48.073689,17.484629,2.111709
48.123117,17.543266,2.134195
48.172545,17.601902,2.156682
48.221973,17.660539,2.156682
48.276382,17.717113,2.179168
48.332322,17.773052,2.201654
48.388261,17.828992,2.204172
48.444201,17.884931,2.204172
48.500140,17.940871,2.201654
48.556080,17.996810,2.179168
48.612019,18.052750,2.156682
48.667959,18.108689,2.156682
48.723899,18.164629,2.134195
48.779838,18.220569,2.111709
48.835778,18.276508,2.111709
48.887532,18.334181,2.111709
48.936960,18.392818,2.111709
48.986388,18.451455,2.111709
49.035816,18.510091,2.111709
49.085244,18.568728,2.111709
49.134673,18.627365,2.111709
49.184101,18.686001,2.134195
49.237714,18.742904,2.156682
49.293654,18.798844,2.179168
49.349593,18.854784,2.201654
49.405533,18.910723,2.204172
49.461472,18.966663,2.204172
49.517412,19.022602,2.201654
49.573084,19.078653,2.201654
49.622512,19.137289,2.179168
49.672160,19.195396,2.156682
49.724285,19.247521,2.134195
49.775618,19.299975,2.111709
49.821231,19.354797,2.111709
49.867282,19.408564,2.111709
49.915861,19.456764,2.111709
49.969365,19.502924,2.111709
50.017456,19.551765,2.111709
50.063070,19.606587,2.111709
50.109476,19.661081,2.111709
50.161602,19.713207,2.111709
50.213290,19.766387,2.134195
50.262718,19.825024,2.156682
50.313464,19.883115,2.179168
50.369404,19.939054,2.201654
50.425343,19.994994,2.204172
50.481283,20.050933,2.204172
50.537222,20.106873,2.204172
50.593162,20.162812,2.201654
50.642590,20.221449,2.179168
50.692018,20.280086,2.156682
50.744143,20.332211,2.134195
50.796269,20.384336,2.111709
50.848394,20.436461,2.111709
50.894602,20.491038,2.111709
50.940216,20.545860,2.111709
50.992341,20.597985,2.111709
51.044466,20.650110,2.111709
51.093895,20.708747,2.111709
51.143323,20.767384,2.111709
51.192751,20.826020,2.134195
51.248096,20.882206,2.134195
51.304035,20.938146,2.156682
51.359975,20.994085,2.179168
51.415915,21.050025,2.201654
51.471854,21.105964,2.204172
51.527794,21.161904,2.201654
51.583733,21.217844,2.179168
51.639673,21.273783,2.179168
51.695612,21.329723,2.156682
51.751552,21.385662,2.134195
51.807491,21.441602,2.111709
51.858309,21.499663,2.111709
51.907738,21.558299,2.111709
51.957166,21.616936,2.111709
52.006594,21.675573,2.111709
52.056022,21.734210,2.134195
52.105450,21.792846,2.156682
52.154878,21.851483,2.156682
52.209428,21.907998,2.179168
52.265367,21.963938,2.179168
52.315234,22.022393,2.156682
52.364663,22.081029,2.134195
52.414091,22.139666,2.111709
52.463519,22.198303,2.111709
52.512947,22.256939,2.111709
52.562375,22.315576,2.134195
52.611803,22.374213,2.156682
52.667055,22.430437,2.156682
52.716483,22.489074,2.179168
52.765911,22.547711,2.156682
52.815339,22.606347,2.134195
52.864767,22.664984,2.111709
52.914195,22.723621,2.111709
52.963623,22.782257,2.134195
53.013300,22.840791,2.156682
53.066823,22.897732,2.156682
53.116251,22.956368,2.109191
53.165679,23.015005,2.134195
53.215107,23.073642,2.111709
53.264290,23.132380,2.109191
53.307207,23.193714,2.134195
53.350123,23.255048,2.156682
53.395457,23.315380,2.134195
53.444885,23.374017,2.109191
53.488248,23.435166,2.134195
53.531165,23.496500,2.155243
53.574327,23.557732,2.086705
53.618644,23.618485,2.109191
53.661561,23.679819,2.155243
53.699104,23.743379,2.086705
53.735510,23.807410,2.109191
53.772344,23.871263,2.155243
53.808749,23.935294,2.086705
53.845154,23.999325,2.109191
53.881989,24.063178,2.039215
53.918394,24.127209,2.109191
53.955228,24.191062,2.039215
53.991633,24.255093,2.109191
54.028468,24.318946,2.155243
54.064873,24.382977,2.109191
54.095809,24.449274,2.155243
54.123872,24.516760,2.109191
54.153766,24.583488,2.039215
54.182093,24.650865,2.109191
54.211987,24.717593,2.039215
54.240576,24.784862,2.132397
54.270470,24.851590,2.109191
54.298095,24.919257,2.155243
54.327989,24.985985,2.109191
54.356394,25.053330,2.155243
54.383319,25.121288,2.132397
54.402252,25.192556,2.109191
54.425635,25.261981,2.155243
54.444305,25.333358,2.132397
54.462722,25.404840,2.039215
54.479593,25.476962,2.132397
54.497953,25.548468,2.109551
54.516370,25.619949,2.086705
54.534788,25.691431,2.039215
54.551658,25.763554,2.132397
54.570076,25.835035,2.109551
54.588493,25.906517,2.086705
54.605750,25.978480,2.063859
54.615016,26.053752,2.132397
54.626798,26.127982,2.109551
54.645215,26.199464,2.086705
54.659250,26.272761,2.063859
54.668458,26.348057,2.041014
54.677667,26.423353,2.134196
54.686875,26.498650,2.088504
54.696084,26.573946,2.088504
54.702719,26.650308,2.086705
54.702719,26.729418,2.063859
54.709403,26.805760,2.041014
54.718612,26.881056,2.018168
54.727820,26.956353,1.972476
54.737029,27.031649,2.088504
54.746238,27.106945,2.088504
54.755446,27.182241,2.088504
54.764655,27.257537,2.088504
54.767179,27.335602,2.088504
54.767179,27.414713,2.088504
54.767179,27.493823,2.088504
54.767179,27.572933,2.088504
54.767179,27.652044,2.088504
54.767179,27.731154,2.088504
54.767179,27.810265,2.088504
54.767179,27.889375,2.088504
54.767039,27.968428,2.088504
54.758907,28.044170,2.088504
54.749699,28.119466,2.088504
54.740490,28.194762,2.088504
54.731281,28.270059,1.972476
54.722073,28.345355,1.972476
54.712864,28.420651,1.972476
54.702505,28.495470,2.018168
54.692219,28.570320,2.041014
54.683011,28.645617,2.063859
54.673802,28.720913,2.086705
54.664594,28.796209,1.993523
54.655385,28.871505,2.016369
54.638703,28.943706,2.039215
54.621577,29.015722,2.086705
54.612368,29.091018,2.109551
54.600455,29.165194,2.016369
54.582038,29.236676,2.039215
54.563621,29.308158,2.109191
54.545204,29.379640,2.132397
54.528333,29.451762,2.039215
54.509916,29.523244,2.109191
54.491498,29.594726,2.155243
54.468116,29.664151,2.109191
54.449699,29.735633,2.132397
54.423349,29.803829,2.155243
54.395520,29.871412,2.109191
54.365626,29.938140,2.155243
54.337533,30.005614,2.109191
54.301450,30.069778,2.132397
54.271556,30.136506,2.039215
54.235209,30.200562,2.109191
54.206308,30.267701,2.039215
54.176414,30.334429,2.109191
54.147775,30.401677,2.039215
54.117881,30.468405,2.109191
54.089505,30.535761,2.039215
54.059611,30.602489,2.109191
54.029717,30.669217,2.109191
53.992883,30.733071,2.109191
53.956478,30.797102,2.086705
53.918818,30.860613,2.155243
53.875901,30.921947,2.109191
53.837978,30.985349,2.155243
53.795062,31.046683,2.109191
53.758657,31.110714,2.039215
53.721822,31.174567,2.109191
53.685417,31.238598,2.086705
53.649408,31.302793,2.155243
53.619515,31.369521,2.109191
53.583109,31.433552,2.109191
53.546704,31.497583,2.155243
53.503788,31.558917,2.109191
53.466953,31.622770,2.109191
53.424037,31.684104,2.109191
53.387202,31.747957,2.109191
53.344286,31.809291,2.155243
53.301369,31.870625,2.109191
53.263977,31.934247,2.109191
53.227572,31.998278,2.155243
53.190737,32.062131,2.109191
53.154332,32.126162,2.155243
53.111448,32.187509,2.109191
53.073364,32.250845,2.109191
53.036959,32.314876,2.155243
53.000125,32.378729,2.086705
52.963719,32.442760,2.109191
52.921527,32.504394,2.155243
52.882751,32.567443,2.086705
52.846346,32.631474,2.109191
52.805108,32.693503,2.039215
52.762191,32.754837,2.109191
52.716148,32.814876,2.155243
52.673232,32.876209,2.155243
52.632547,32.938468,2.155243
52.592001,33.000783,2.109191
52.549084,33.062117,2.155243
52.507445,33.123980,2.109191
52.471040,33.188011,2.086705
52.434206,33.251864,2.155243
52.397800,33.315895,2.109191
52.359163,33.379002,2.109191
52.316832,33.440578,2.155243
52.280427,33.504609,2.109191
52.242744,33.568111,2.109191
52.199827,33.629445,2.155243
52.161882,33.692838,2.109191
52.118965,33.754171,2.155243
52.076049,33.815505,2.109191
52.039058,33.879294,2.109191
51.996141,33.940627,2.155243
51.953224,34.001961,2.109191
51.916021,34.065662,2.109191
51.873105,34.126995,2.109191
51.836164,34.190805,2.086705
51.799759,34.254836,2.109191
51.756842,34.316169,2.109191
51.718948,34.379583,2.109191
51.682542,34.443614,2.155243
51.645708,34.507468,2.086705
51.609303,34.571499,2.109191
51.566921,34.633054,2.109191
51.528335,34.696181,2.086705
51.491930,34.760212,2.109191
51.455095,34.824066,2.039215
51.418690,34.888096,2.109191
51.377000,34.949938,2.155243
51.334084,35.011272,2.086705
51.293588,35.073609,2.109191
51.252853,35.135846,2.109191
51.212620,35.198292,2.109191
51.171622,35.260420,2.086705
51.128705,35.321754,2.155243
51.087518,35.383804,2.109191
51.051113,35.447835,2.086705
51.014278,35.511688,2.155243
50.977873,35.575719,2.109191
50.938784,35.638639,2.109191
50.896905,35.700402,2.109191
50.860500,35.764433,2.086705
50.823665,35.828286,2.155243
50.787260,35.892317,2.109191
50.748863,35.955523,2.109191
50.705946,36.016857,2.155243
50.663030,36.078191,2.109191
50.625587,36.141792,2.109191
50.582670,36.203126,2.109191
50.544965,36.266618,2.086705
50.502048,36.327952,2.155243
50.459131,36.389286,2.109191
50.422643,36.453282,2.109191
50.386238,36.517313,2.155243
50.349832,36.581344,2.109191
50.313427,36.645375,2.109191
50.270510,36.706709,2.155243
50.233330,36.770419,2.109191
50.196925,36.834450,2.155243
50.154091,36.895818,2.109191
50.115957,36.959132,2.109191
50.073040,37.020466,2.155243
50.030123,37.081800,2.086705
49.991034,37.144719,2.109191
49.948893,37.206374,2.155243
49.905976,37.267708,2.086705
49.865932,37.330232,2.109191
49.824745,37.392282,2.155243
49.784964,37.454915,2.109191
49.748559,37.518945,2.155243
49.708326,37.581391,2.155243
49.667591,37.643628,2.109191
49.631185,37.707659,2.086705
49.594351,37.771512,2.155243
49.557946,37.835543,2.109191
49.518405,37.898276,2.109191
49.476978,37.960226,2.155243
49.440572,38.024257,2.109191
49.401986,38.087385,2.109191
49.359069,38.148718,2.155243
49.313709,38.209040,2.109191
49.271590,38.270704,2.155243
49.235185,38.334735,2.109191
49.198350,38.398588,2.109191
49.161945,38.462619,2.155243
49.125540,38.526650,2.109191
49.089240,38.590725,2.155243
49.059347,38.657453,2.109191
49.022512,38.721306,2.109191
48.986107,38.785337,2.109191
48.949273,38.849190,2.109191
48.912868,38.913221,2.155243
48.876462,38.977252,2.109191
48.839951,39.041239,2.155243
48.803546,39.105270,2.109191
48.766772,39.169149,2.155243
48.730367,39.233180,2.109191
48.693533,39.297033,2.109191
48.657128,39.361064,2.109191
48.621187,39.425287,2.109191
48.593238,39.492821,2.109191
48.563345,39.559549,2.132397
48.535658,39.627191,2.109191
48.505765,39.693920,2.155243
48.478139,39.761587,2.109191
48.448245,39.828315,2.155243
48.420619,39.895983,2.109191
48.392994,39.963650,2.155243
48.363100,40.030378,2.132397
48.335474,40.098046,2.155243
48.311536,40.167241,2.109191
48.285683,40.235643,2.155243
48.262008,40.304946,2.132397
48.235892,40.373240,2.109191
48.208267,40.440907,2.155243
48.184884,40.510332,2.132397
48.157259,40.578000,2.155243
48.129633,40.645667,2.155243
48.106251,40.715093,2.132397
48.078625,40.782760,2.155243
48.058697,40.853616,2.155243
48.035346,40.923054,2.132397
48.009169,40.991322,2.155243
47.990752,41.062804,2.155243
47.972335,41.134286,2.109551
47.957110,41.207090,2.155243
47.944776,41.281091,2.155243
47.926358,41.352573,2.132397
47.912876,41.426099,2.109551
47.903667,41.501395,2.086705
47.888111,41.574062,2.179888
47.869693,41.645544,2.132397
47.851276,41.717025,2.109551
47.835985,41.789802,2.202733
47.826776,41.865098,2.179888
47.817568,41.940394,2.157042
47.808359,42.015690,2.134196
47.798000,42.090510,2.111350
47.788791,42.165806,2.088504
47.779583,42.241102,2.086705
47.770374,42.316398,2.179888
47.761165,42.391695,2.157042
47.751957,42.466991,2.134196
47.742748,42.542287,2.111350
47.741039,42.620689,2.088504
47.741039,42.699800,2.088504
47.741039,42.778910,2.088504
47.734461,42.855296,2.088504
47.725252,42.930592,2.088504
47.716043,43.005888,2.088504
47.706835,43.081184,2.204532
47.697626,43.156481,2.204532
47.688418,43.231777,2.204532
47.679209,43.307073,2.204532
47.677797,43.384589,2.204532
47.687005,43.459886,2.204532
47.696214,43.535182,2.204532
47.705422,43.610478,2.204532
47.714631,43.685774,2.088504
47.723840,43.761070,2.088504
47.733048,43.836366,2.088504
47.741039,43.912167,2.088504
47.741039,43.991278,2.111350
47.741039,44.070388,2.134196
47.741039,44.149498,2.157042
47.741039,44.228609,2.202733
47.741039,44.307719,2.204532
47.745776,44.384868,2.204532
47.754984,44.460164,2.204532
47.764193,44.535460,2.202733
47.773401,44.610756,2.111350
47.782610,44.686053,2.134196
47.791819,44.761349,2.157042
47.805435,44.834819,2.179887
47.819115,44.908263,2.202733
47.828324,44.983559,2.202733
47.837532,45.058855,2.179887
47.846741,45.134151,2.134196
47.855950,45.209448,2.157042
47.865158,45.284744,2.179887
47.869959,45.361866,2.202733
47.876998,45.438061,2.202733
47.886206,45.513357,2.157042
47.895415,45.588653,2.134196
47.904623,45.663949,2.157042
47.913832,45.739245,2.179887
47.923040,45.814542,2.202733
47.938958,45.887059,2.202733
47.950337,45.961456,2.179887
47.959546,46.036752,2.134196
47.968754,46.112048,2.157042
47.977963,46.187344,2.179887
47.987171,46.262640,2.202733
48.002760,46.335294,2.179887
48.014468,46.409555,2.157042
48.023677,46.484851,2.111350
48.032885,46.560147,2.179887
48.042094,46.635443,2.202733
48.051302,46.710739,2.202733
48.066562,46.783529,2.179887
48.078599,46.857654,2.157042
48.087808,46.932950,2.111350
48.097016,47.008246,2.202733
48.106225,47.083542,2.202733
48.119676,47.157081,2.179887
48.138093,47.228563,2.157042
48.150459,47.302551,2.134196
48.159667,47.377848,2.111350
48.168876,47.453144,2.202733
48.180518,47.527432,2.179887
48.198935,47.598914,2.157042
48.213110,47.672153,2.134196
48.222318,47.747449,2.111350
48.231527,47.822745,2.202733
48.241360,47.897783,2.179887
48.259184,47.969510,2.157042
48.275168,48.042000,2.134196
48.284377,48.117296,2.111350
48.293585,48.192592,2.202733
48.302794,48.267888,2.202733
48.318809,48.340365,2.179887
48.336602,48.412105,2.157042
48.346403,48.487156,2.111350
48.355612,48.562452,2.202733
48.364820,48.637748,2.202733
48.379027,48.710974,2.179887
48.397444,48.782456,2.155243
48.409054,48.856758,2.132397
48.418263,48.932054,2.202733
48.427471,49.007350,2.179887
48.439869,49.081325,2.157042
48.458286,49.152807,2.134196
48.471705,49.226359,2.111350
48.480914,49.301655,2.088504
48.490122,49.376951,2.202733
48.500711,49.451676,2.157042
48.519128,49.523158,2.134196
48.534356,49.595961,2.111350
48.543565,49.671257,2.088504
48.552773,49.746553,2.202733
48.561982,49.821849,2.179887
48.578753,49.894013,2.157042
48.595790,49.966066,2.111350
48.604999,50.041362,2.088504
48.614207,50.116659,2.202733
48.623416,50.191955,2.179887
48.638378,50.264868,2.157042
48.656795,50.336350,2.134196
48.667650,50.410964,2.088504
48.676858,50.486260,2.202733
48.686067,50.561556,2.179887
48.699220,50.635218,2.157042
48.717637,50.706700,2.134196
48.730301,50.780565,2.111350
48.739509,50.855862,2.088504
48.748718,50.931158,2.179887
48.760062,51.005569,2.157042
48.778479,51.077051,2.134196
48.792952,51.150167,2.111350
48.802160,51.225463,2.088504
48.811369,51.300759,2.202733
48.820904,51.375920,2.179887
48.838431,51.447771,2.134196
48.854712,51.520137,2.111350
48.863921,51.595433,2.088504
48.873129,51.670730,2.202733
48.882338,51.746026,2.179887
48.898055,51.818626,2.157042
48.916146,51.890243,2.134196
48.926245,51.965170,2.088504
48.935454,52.040466,2.202733
48.944662,52.115762,2.202733
48.958571,52.189112,2.179887
48.976988,52.260594,2.157042
48.988896,52.334772,2.134196
48.998105,52.410068,2.202733
49.007313,52.485364,2.202733
49.019413,52.559463,2.179887
49.037830,52.630944,2.157042
49.051547,52.704373,2.134196
49.060756,52.779669,2.111350
49.069964,52.854965,2.179887
49.080255,52.929813,2.179887
49.098537,53.001351,2.157042
49.114063,53.074031,2.134196
49.123272,53.149327,2.111350
49.132480,53.224623,2.179887
49.141689,53.299919,2.202733
49.151651,53.374903,2.202733
49.168521,53.447026,2.157042
49.177865,53.522266,2.134196
49.187074,53.597562,2.111350
49.196282,53.672858,2.202733
49.205491,53.748154,2.202733
49.221635,53.820578,2.179887
49.239299,53.892371,2.134196
49.248972,53.967475,2.111350
49.258180,54.042771,2.179887
49.267389,54.118068,2.202733
49.281724,54.191240,2.179887
49.300141,54.262722,2.157042
49.311623,54.337077,2.134196
49.320831,54.412373,2.179887
49.330040,54.487669,2.202733
49.342566,54.561591,2.179887
49.360983,54.633073,2.157042
49.374274,54.706678,2.134196
49.383482,54.781974,2.111350
49.392691,54.857271,2.202733
49.403408,54.931942,2.179887
49.421825,55.003424,2.155243
49.436925,55.076280,2.132397
49.446133,55.151576,2.109551
49.455342,55.226872,2.202733
49.464550,55.302168,2.179887
49.481450,55.374279,2.157042
49.498359,55.446385,2.111350
49.507567,55.521682,2.088504
49.516776,55.596978,2.202733
49.525984,55.672274,2.179887
49.541075,55.745134,2.155243
49.559492,55.816615,2.132397
49.570218,55.891283,2.086705
49.579427,55.966579,2.179887
49.588635,56.041875,2.157042
49.597844,56.117172,2.134196
49.607052,56.192468,2.111350
49.610379,56.270200,2.088504
49.610379,56.349311,2.086705
49.610379,56.428421,2.063859
49.615340,56.505477,2.041014
49.624549,56.580773,2.018168
49.633757,56.656069,1.995322
49.642966,56.731365,2.088504
49.652174,56.806661,2.088504
49.661383,56.881958,2.088504
49.670592,56.957254,2.088504
49.674839,57.034605,2.088504
49.674839,57.113715,2.088504
49.674839,57.192826,2.088504
49.674839,57.271936,2.088504
49.674839,57.351047,2.088504
49.674839,57.430157,2.088504
49.674839,57.509268,2.088504
49.674839,57.588378,2.088504
49.669910,57.665447,2.088504
49.660702,57.740743,2.088504
49.651493,57.816039,2.088504
49.642285,57.891336,1.972476
49.633076,57.966632,1.972476
49.623867,58.041928,1.972476
49.614659,58.117224,1.972476
49.604299,58.192044,1.995322
49.595091,58.267340,2.018168
49.585882,58.342636,2.063859
49.576674,58.417932,1.970677
49.567465,58.493228,1.993523
49.553986,58.566755,2.016369
49.535569,58.638237,2.039215
49.523231,58.712237,2.086705
49.514023,58.787534,2.109551
49.503832,58.862423,2.039215
49.485651,58.934003,2.086705
49.467234,59.005484,2.109551
49.450363,59.077607,2.132397
49.431946,59.149089,2.039215
49.410542,59.219333,2.109191
49.382916,59.287001,2.039215
49.353022,59.353729,2.109191
49.325161,59.421299,2.155243
49.294023,59.487511,2.109191
49.259913,59.552493,2.132397
49.228512,59.618597,2.039215
49.194665,59.683687,2.109191
49.167039,59.751355,2.039215
49.137145,59.818083,2.109191
49.105219,59.883969,2.086705
49.068814,59.948000,2.155243
49.031979,60.011853,2.109191
48.995574,60.075884,2.086705
48.956611,60.138856,2.155243
48.909656,60.198517,2.109191
48.860228,60.257154,2.086705
48.810800,60.315790,2.156682
48.761372,60.374427,2.134195
48.710078,60.432291,2.111709
48.658172,60.489901,2.111709
48.608744,60.548538,2.111709
48.559316,60.607175,2.111709
48.509888,60.665811,2.111709
48.459688,60.722585,2.111709
48.407563,60.774711,2.111709
48.355438,60.826836,2.111709
48.298902,60.876382,2.109191
48.237569,60.919299,2.086705
48.176235,60.962215,2.156682
48.114901,61.005132,2.134195
48.051642,61.043400,2.109191
47.990218,61.086100,2.155243
47.926187,61.122505,2.109191
47.862334,61.159340,2.109191
47.798303,61.195745,2.155243
47.733965,61.231409,2.086705
47.667237,61.261302,2.109191
47.602790,61.296703,2.039215
47.536151,61.326813,2.132397
47.471596,61.361951,2.109191
47.403928,61.389577,2.155243
47.337200,61.419471,2.109191
47.269532,61.447096,2.155243
47.200945,61.472501,2.132397
47.131936,61.496887,2.109191
47.063239,61.522029,2.132397
46.994339,61.546678,2.109191
46.926671,61.574304,2.155243
46.857253,61.597703,2.132397
46.789074,61.624095,2.109191
46.721407,61.651720,2.155243
46.651266,61.673377,2.132397
46.579785,61.691794,2.155243
46.507662,61.708665,2.201654
46.436180,61.727082,2.155243
46.364699,61.745499,2.132397
46.289913,61.755941,2.201654
46.217893,61.773058,2.155243
46.146411,61.791475,2.132397
46.074929,61.809893,2.109551
46.002807,61.826763,2.201654
45.931325,61.845181,2.179887
45.859843,61.863598,2.157042
45.788362,61.882015,2.134196
45.713604,61.892523,2.157042
45.641556,61.909574,2.202733
45.570074,61.927991,2.179887
45.497292,61.943269,2.157042
45.421996,61.952477,2.155243
45.346699,61.961686,2.179887
45.271403,61.970895,2.202733
45.196107,61.980103,2.202733
45.118591,61.983951,2.157042
45.043294,61.993160,2.134196
44.967998,62.002368,2.111350
44.892702,62.011577,2.088504
44.817406,62.020785,2.202733
44.742388,62.030667,2.202733
44.670681,62.048539,2.179887
44.598171,62.064475,2.157042
44.522875,62.073683,2.134196
44.447579,62.082892,2.157042
44.372283,62.092101,2.179887
44.297129,62.101653,2.202733
44.225007,62.118524,2.204532
44.149936,62.128277,2.202733
44.074640,62.137485,2.179887
43.999344,62.146694,2.088504
43.924048,62.155902,2.111350
43.848751,62.165111,2.134196
43.773932,62.175470,2.179887
43.698998,62.185553,2.202733
43.623701,62.194761,2.204532
43.548405,62.203970,2.202733
43.473109,62.213178,2.088504
43.397813,62.222387,2.088504
43.322517,62.231595,2.134196
43.246602,62.239309,2.157042
43.167491,62.239309,2.179887
43.090702,62.244915,2.202733
43.015406,62.254123,2.204532
42.940110,62.263332,2.202733
42.864814,62.272540,2.111350
42.789518,62.281749,2.134196
42.714222,62.290958,2.157042
42.638925,62.300166,2.179887
42.564106,62.310526,2.202733
42.488810,62.319734,2.202733
42.413514,62.328943,2.157042
42.338217,62.338151,2.134196
42.262921,62.347360,2.157042
42.187625,62.356568,2.179887
42.112329,62.365777,2.202733
42.037509,62.376136,2.202733
41.962213,62.385345,2.157042
41.886917,62.394554,2.134196
41.811621,62.403762,2.157042
41.736325,62.412971,2.179887
41.661029,62.422179,2.202733
41.586174,62.432454,2.202733
41.511355,62.442814,2.157042
41.436059,62.452022,2.134196
41.360763,62.461231,2.111350
41.285466,62.470440,2.179887
41.210170,62.479648,2.202733
41.135180,62.489594,2.204532
41.063057,62.506465,2.179887
40.987823,62.515824,2.157042
40.912527,62.525033,2.134196
40.837231,62.534242,2.134196
40.761935,62.543450,2.157042
40.686808,62.553067,2.179887
40.614686,62.569938,2.204532
40.539588,62.579626,2.204532
40.464292,62.588835,2.204532
40.388996,62.598043,2.088504
40.313700,62.607252,2.088504
40.238436,62.616540,2.088504
40.166314,62.633411,2.111350
40.091353,62.643428,2.134196
40.016057,62.652637,2.157042
39.942128,62.665147,2.063859
39.870647,62.683565,2.086705
39.799165,62.701982,2.088504
39.727650,62.720319,2.111350
39.652830,62.730679,2.018168
39.580850,62.747892,2.063859
39.509368,62.766309,2.086705
39.437246,62.783180,2.109551
39.365764,62.801597,2.016369
39.294282,62.820014,2.039215
39.222800,62.838431,2.086705
39.153375,62.861814,1.993523
39.082392,62.881435,2.016369
39.013081,62.905093,2.039215
38.944686,62.930963,2.016369
38.873204,62.949380,2.109191
38.804615,62.974781,2.132397
38.736948,63.002407,2.039215
38.670220,63.032301,2.109191
38.602552,63.059926,2.086705
38.535824,63.089820,2.155243
38.470763,63.123738,2.109191
38.406909,63.160572,2.109191
38.342879,63.196977,2.155243
38.281236,63.239149,2.109191
38.219902,63.282066,2.134195
38.159863,63.328108,2.156682
38.098530,63.371025,2.134195
38.037196,63.413942,2.109191
37.977964,63.461933,2.111709
37.919327,63.511361,2.111709
37.860691,63.560789,2.109191
37.802054,63.610217,2.179168
37.744620,63.662549,2.156682
37.688680,63.718488,2.134195
37.632741,63.774428,2.111709
37.576801,63.830367,2.111709
37.520862,63.886307,2.111709
37.464922,63.942246,2.111709
37.408982,63.998186,2.134195
37.353043,64.054125,2.156682
37.297103,64.110065,2.179168
37.245706,64.167886,2.156682
37.196278,64.226523,2.134195
37.146849,64.285159,2.111709
37.101009,64.345282,2.134195
37.058092,64.406616,2.156682
37.015176,64.467950,2.086705
36.974892,64.530374,2.109191
36.933945,64.592524,2.155243
36.893924,64.655057,2.155243
36.857518,64.719088,2.109191
36.820684,64.782941,2.109191
36.784279,64.846972,2.155243
36.747874,64.911003,2.109191
36.711039,64.974856,2.109191
36.678318,65.040413,2.109191
36.645529,65.105942,2.109191
36.613070,65.171607,2.109191
36.580018,65.237027,2.109191
36.547822,65.302802,2.155243
36.523617,65.371886,2.109191
36.498031,65.440398,2.039215
36.470405,65.508066,2.132397
36.447023,65.577491,2.109191
36.419694,65.645282,2.155243
36.396312,65.714707,2.132397
36.368720,65.782388,2.109191
36.341094,65.850056,2.155243
36.317712,65.919481,2.132397
36.290086,65.987149,2.155243
36.263381,66.055198,2.155243
36.239999,66.124623,2.132397
36.213556,66.192780,2.155243
36.195105,66.264248,2.155243
36.170277,66.333074,2.132397
36.145577,66.401954,2.155243
36.127160,66.473436,2.155243
36.108742,66.544917,2.132397
36.091871,66.617040,2.155243
36.073454,66.688522,2.201654
36.055037,66.760003,2.155243
36.043031,66.834141,2.132397
36.027478,66.906809,2.155243
36.009061,66.978291,2.155243
35.990644,67.049773,2.132397
35.973773,67.121895,2.155243
35.955355,67.193377,2.201654
35.936938,67.264859,2.179888
35.918521,67.336341,2.155243
35.901650,67.408463,2.155243
35.883233,67.479945,2.179887
35.864816,67.551427,2.201654
35.847945,67.623549,2.132397
35.830716,67.695523,2.155243
35.812298,67.767004,2.201654
35.793881,67.838486,2.155243
35.780263,67.911956,2.132397
35.766322,67.985292,2.155243
35.747905,68.056774,2.201654
35.729517,68.128268,2.155243
35.719121,68.203072,2.155243
35.701958,68.275073,2.201654
35.683541,68.346555,2.179888
35.665124,68.418037,2.155243
35.648253,68.490159,2.155243
35.629836,68.561641,2.179887
35.611418,68.633123,2.201654
35.593001,68.704605,2.155243
35.576130,68.776727,2.132397
35.557713,68.848209,2.201654
35.539296,68.919691,2.155243
35.522425,68.991813,2.132397
35.504008,69.063295,2.155243
35.485591,69.134777,2.201654
35.467174,69.206259,2.155243
35.450303,69.278381,2.132397
35.431886,69.349863,2.155243
35.413469,69.421345,2.201654
35.396598,69.493467,2.132397
35.379304,69.565414,2.155243
35.360887,69.636896,2.201654
35.342470,69.708378,2.155243
35.325599,69.780500,2.132397
35.307182,69.851982,2.155243
35.288765,69.923464,2.201654
35.270441,69.994985,2.155243
35.253570,70.067107,2.132397
35.235153,70.138589,2.201654
35.216736,70.210071,2.155243
35.199865,70.282193,2.132397
35.181448,70.353675,2.155243
35.163031,70.425157,2.201654
35.144614,70.496638,2.155243
35.127743,70.568761,2.132397
35.109326,70.640243,2.155243
35.090908,70.711724,2.201654
35.074038,70.783847,2.132397
35.056614,70.855740,2.155243
35.038197,70.927222,2.201654
35.019780,70.998704,2.155243
35.002909,71.070826,2.132397
34.984492,71.142308,2.155243
34.966075,71.213790,2.201654
34.947881,71.285364,2.155243
34.937522,71.360184,2.132397
34.920164,71.432105,2.201654
34.901747,71.503587,2.155243
34.886776,71.576496,2.132397
34.874188,71.650392,2.155243
34.855771,71.721874,2.201654
34.837354,71.793356,2.155243
34.819094,71.864903,2.132397
34.802223,71.937025,2.155243
34.783806,72.008507,2.179888
34.765388,72.079989,2.155243
34.748518,72.152111,2.155243
34.730100,72.223593,2.179887
34.711683,72.295075,2.201654
34.693266,72.366557,2.155243
34.676395,72.438679,2.132397
34.657978,72.510161,2.155243
34.639561,72.581643,2.201654
34.622690,72.653765,2.132397
34.605203,72.725632,2.155243
34.586786,72.797114,2.201654
34.568369,72.868596,2.155243
34.551498,72.940718,2.132397
34.533081,73.012200,2.155243
34.514663,73.083682,2.201654
34.496533,73.155283,2.155243
34.486174,73.230102,2.155243
34.468753,73.301997,2.201654
34.450336,73.373478,2.155243
34.435429,73.446414,2.132397
34.422777,73.520284,2.155243
34.404360,73.591766,2.201654
34.385942,73.663248,2.155243
34.367746,73.734821,2.132397
34.350875,73.806943,2.155243
34.332458,73.878425,2.179888
34.314041,73.949907,2.155243
34.297170,74.022029,2.155243
34.278753,74.093511,2.179887
34.260336,74.164993,2.201654
34.241919,74.236475,2.155243
34.225048,74.308597,2.132397
34.206631,74.380079,2.155243
34.188213,74.451561,2.201654
34.171343,74.523683,2.132397
34.153792,74.595524,2.155243
34.135375,74.667006,2.201654
34.116957,74.738488,2.155243
34.100087,74.810610,2.132397
34.081669,74.882092,2.155243
34.063252,74.953574,2.201654
34.045186,75.025201,2.155243
34.028315,75.097323,2.132397
34.009898,75.168805,2.201654
33.991481,75.240287,2.155243
33.974610,75.312409,2.132397
33.956193,75.383891,2.155243
33.937776,75.455373,2.201654
33.919359,75.526855,2.155243
33.902488,75.598977,2.132397
33.884070,75.670459,2.155243
33.865653,75.741941,2.201654
33.848782,75.814063,2.132397
33.831102,75.885850,2.155243
33.812684,75.957332,2.201654
33.794267,76.028813,2.155243
33.777396,76.100936,2.132397
33.758979,76.172418,2.155243
33.740562,76.243899,2.201654
33.717180,76.313325,2.109551
33.698026,76.384502,2.132397
33.679609,76.455983,2.201654
33.660515,76.527185,2.155243
33.637132,76.596610,2.132397
33.618715,76.668092,2.155243
33.600298,76.739574,2.201654
33.583427,76.811696,2.109551
33.565010,76.883178,2.132397
33.546593,76.954660,2.155243
33.528853,77.026422,2.155243
33.518494,77.101241,2.155243
33.500683,77.172974,2.201654
33.482266,77.244456,2.155243
33.467748,77.317553,2.132397
33.458540,77.392850,2.155243
33.444018,77.465945,2.201654
33.425601,77.537427,2.155243
33.407794,77.609162,2.132397
33.397980,77.684207,2.201654
33.388771,77.759503,2.179888
33.379563,77.834799,2.155243
33.370354,77.910095,2.132397
33.366459,77.987592,2.109551
33.358515,78.063412,2.086705
33.349306,78.138708,2.041014
33.340097,78.214004,2.018168
33.330889,78.289301,2.111350
33.326336,78.362668,2.088504
33.326336,78.434150,2.088504
33.326336,78.505632,2.088504
33.334280,78.580405,1.972476
33.344855,78.655135,1.972476
33.363272,78.726617,1.995322
33.381690,78.798098,2.018168
33.395451,78.871509,2.041014
33.409249,78.944904,1.947831
33.427666,79.016386,1.970677
33.446083,79.087868,1.993523
33.463134,79.159916,2.016369
33.480154,79.231976,2.016369
33.498654,79.303423,2.039215
33.525146,79.371561,2.109191
33.548528,79.440986,2.086705
33.575282,79.509014,2.156682
33.610028,79.573733,2.134195
33.652765,79.635141,2.111709
33.695682,79.696475,2.134195
33.745110,79.755112,2.156682
33.794538,79.813748,2.179168
33.850477,79.869688,2.201654
33.906417,79.925627,2.201654
33.962356,79.981567,2.204172
34.018296,80.037506,2.204172
34.074236,80.093446,2.204172
34.130175,80.149386,2.204172
34.186115,80.205325,2.201654
34.242054,80.261265,2.179168
34.297489,80.317413,2.179168
34.346917,80.376050,2.156682
34.396345,80.434687,2.134195
34.445773,80.493323,2.111709
34.495201,80.551960,2.109191
34.538305,80.613216,2.134195
34.581222,80.674550,2.156682
34.624643,80.735675,2.134195
34.668701,80.796536,2.109191
34.705107,80.860567,2.155243
34.741512,80.924598,2.086705
34.771406,80.991326,2.109191
34.807624,81.055434,2.039215
34.836654,81.122520,2.086705
34.857692,81.192916,2.016729
34.876109,81.264398,1.946752
34.899492,81.333823,2.016369
34.918788,81.404941,1.993523
34.936604,81.476672,1.970677
34.946428,81.551713,2.016369
34.957652,81.626175,1.993523
34.976069,81.697656,1.970677
34.994486,81.769138,1.947831
35.007599,81.842817,1.924986
35.016808,81.918113,2.018168
35.026017,81.993409,1.995322
35.035225,82.068705,1.972476
35.042419,82.144836,1.972476
35.037773,82.222022,1.972476
35.028565,82.297319,1.972476
35.019356,82.372615,1.972476
35.010148,82.447911,1.902140
34.999582,82.522645,1.924986
34.981165,82.594127,1.947831
34.962748,82.665609,1.970677
34.948977,82.739015,1.993523
34.935189,82.812414,1.900341
34.916772,82.883896,1.946752
34.898354,82.955378,2.016369
34.881294,83.027422,2.039215
34.864284,83.099486,2.039215
34.839282,83.168241,2.109191
34.806289,83.233685,2.086705
34.774034,83.299435,2.155243
34.740778,83.364770,2.134195
34.699531,83.426796,2.109191
34.650292,83.485511,2.134195
34.602843,83.544967,2.156682
34.559926,83.606301,2.156682
34.517009,83.667635,2.134195
34.469942,83.727250,2.111709
34.420514,83.785886,2.109191
34.371086,83.844523,2.156682
34.328170,83.905857,2.156682
34.283274,83.966371,2.134195
34.233846,84.025008,2.111709
34.184418,84.083644,2.111709
34.134990,84.142281,2.134195
34.085562,84.200918,2.156682
34.036134,84.259554,2.179168
33.980194,84.315494,2.179168
33.924255,84.371434,2.179168
33.874827,84.430070,2.156682
33.825398,84.488707,2.134195
33.775970,84.547344,2.111709
33.726542,84.605980,2.111709
33.677114,84.664617,2.111709
33.627686,84.723254,2.134195
33.578258,84.781890,2.156682
33.522318,84.837830,2.179168
33.466379,84.893769,2.179168
33.410439,84.949709,2.201654
33.354500,85.005649,2.179168
33.304608,85.064093,2.156682
33.255180,85.122730,2.134195
33.205752,85.181367,2.111709
33.156324,85.240003,2.111709
33.106896,85.298640,2.111709
33.057468,85.357277,2.134195
33.008040,85.415913,2.156682
32.952563,85.472045,2.156682
32.896624,85.527984,2.179168
32.840684,85.583924,2.179168
32.790527,85.642259,2.156682
32.741098,85.700895,2.134195
32.691670,85.759532,2.111709
32.642242,85.818169,2.111709
32.592814,85.876805,2.111709
32.543386,85.935442,2.111709
32.493958,85.994079,2.134195
32.438748,86.050320,2.134195
32.382808,86.106260,2.156682
32.326869,86.162199,2.179168
32.270929,86.218139,2.179168
32.214990,86.274079,2.156682
32.162131,86.331294,2.134195
32.112703,86.389931,2.111709
32.063275,86.448568,2.111709
32.013847,86.507204,2.111709
31.964419,86.565841,2.111709
31.914991,86.624478,2.111709
31.865563,86.683114,2.134195
31.813053,86.740475,2.156682
31.757114,86.796414,2.179168
31.701174,86.852354,2.179168
31.645235,86.908294,2.156682
31.589295,86.964233,2.134195
31.533736,87.020330,2.134195
31.484308,87.078967,2.111709
31.434880,87.137604,2.111709
31.385452,87.196240,2.111709
31.336023,87.254877,2.111709
31.286595,87.313514,2.134195
31.237167,87.372150,2.156682
31.187359,87.430629,2.179168
31.131419,87.486569,2.179168
31.076811,87.543060,2.156682
31.027383,87.601697,2.156682
30.977955,87.660333,2.134195
30.928526,87.718970,2.111709
30.879098,87.777607,2.111709
30.829670,87.836243,2.111709
30.780242,87.894880,2.111709
30.729483,87.952965,2.134195
30.673543,88.008905,2.156682
30.617604,88.064844,2.179168
30.561664,88.120784,2.156682
30.505725,88.176724,2.156682
30.449785,88.232663,2.134195
30.393846,88.288603,2.111709
30.343311,88.346781,2.111709
30.293882,88.405418,2.111709
30.244454,88.464054,2.111709
30.195026,88.522691,2.134195
30.145598,88.581328,2.156682
30.096170,88.639964,2.179168
30.046742,88.698601,2.086705
29.991909,88.754999,2.156682
29.942481,88.813636,2.134195
29.893053,88.872272,2.111709
29.843625,88.930909,2.111709
29.794197,88.989546,2.111709
29.744769,89.048182,2.111709
29.695341,89.106819,2.134195
29.645912,89.165456,2.156682
29.589973,89.221395,2.179168
29.534033,89.277335,2.179168
29.478094,89.333274,2.156682
29.422154,89.389214,2.134195
29.372304,89.447676,2.111709
29.322876,89.506312,2.111709
29.273447,89.564949,2.111709
29.224019,89.623586,2.134195
29.174591,89.682222,2.156682
29.125163,89.740859,2.179168
29.075735,89.799496,2.156682
29.020218,89.855610,2.156682
28.964278,89.911550,2.134195
28.914850,89.970187,2.111709
28.865422,90.028823,2.111709
28.815994,90.087460,2.111709
28.766566,90.146097,2.134195
28.717138,90.204733,2.156682
28.667710,90.263370,2.179168
28.620715,90.323015,2.156682
28.571287,90.381651,2.111709
28.521859,90.440288,2.134195
28.472431,90.498925,2.111709
28.423003,90.557562,2.111709
28.373575,90.616198,2.111709
28.324147,90.674835,2.134195
28.272285,90.732463,2.156682
28.216345,90.788403,2.179168
28.163790,90.845745,2.156682
28.114362,90.904381,2.111709
28.064934,90.963018,2.111709
28.015506,91.021655,2.111709
27.966078,91.080291,2.111709
27.916650,91.138928,2.111709
27.867222,91.197565,2.111709
27.814409,91.254799,2.134195
27.758469,91.310739,2.156682
27.702530,91.366678,2.156682
27.646590,91.422618,2.134195
27.590651,91.478558,2.111709
27.535395,91.534780,2.111709
27.485967,91.593417,2.111709
27.436539,91.652054,2.111709
27.387111,91.710690,2.111709
27.337682,91.769327,2.111709
27.288254,91.827964,2.156682
27.238826,91.886600,2.179168
27.192783,91.946639,2.156682
27.143355,92.005276,2.134195
27.092133,92.059581,2.111709
27.040008,92.111706,2.111709
26.992477,92.165735,2.111709
26.946863,92.220557,2.111709
26.901249,92.275379,2.111709
26.851566,92.328516,2.111709
26.799441,92.380641,2.134195
26.749110,92.437098,2.111709
26.699682,92.495735,2.156682
26.645660,92.552469,2.179168
26.589720,92.608408,2.201654
26.533780,92.664348,2.179168
26.482169,92.722080,2.156682
26.432741,92.780717,2.134195
26.381411,92.834763,2.111709
26.329286,92.886888,2.111709
26.277161,92.939013,2.111709
26.225035,92.991138,2.111709
26.175329,93.044266,2.111709
26.125387,93.097295,2.111709
26.073262,93.149421,2.111709
26.023039,93.206137,2.111709
25.973610,93.264773,2.111709
25.924182,93.323410,2.111709
25.874754,93.382047,2.111709
25.822907,93.439681,2.134195
25.766967,93.495621,2.156682
25.711028,93.551560,2.179168
25.655088,93.607500,2.201654
25.599149,93.663440,2.201654
25.543209,93.719379,2.204172
25.487270,93.775319,2.204172
25.431330,93.831258,2.204172
25.375391,93.887198,2.201654
25.319451,93.943137,2.179168
25.263511,93.999077,2.156682
25.206899,94.053393,2.134195
25.148263,94.102821,2.134195
25.091512,94.153030,2.111709
25.039387,94.205156,2.111709
24.987262,94.257281,2.111709
24.935137,94.309406,2.111709
24.883011,94.361531,2.111709
24.828862,94.408769,2.111709
24.776736,94.460894,2.111709
24.722725,94.512238,2.111709
24.664088,94.561666,2.111709
24.605451,94.611094,2.134195
24.546815,94.660522,2.156682
24.488178,94.709950,2.179168
24.432238,94.765890,2.179168
24.376023,94.821164,2.179168
24.317387,94.870592,2.156682
24.258750,94.920020,2.134195
24.200113,94.969448,2.111709
24.141476,95.018876,2.111709
24.082840,95.068304,2.111709
24.024203,95.117733,2.134195
23.965842,95.167826,2.156682
23.909903,95.223766,2.156682
23.853293,95.278089,2.134195
23.794657,95.327517,2.134195
23.736020,95.376945,2.111709
23.677383,95.426373,2.111709
23.618747,95.475801,2.109191
23.560110,95.525230,2.134195
23.501473,95.574658,2.156682
23.441434,95.620700,2.134195
23.382798,95.670129,2.111709
23.324161,95.719557,2.111709
23.265524,95.768985,2.134195
23.206888,95.818413,2.156682
23.147583,95.866228,2.134195
23.086249,95.909145,2.134195
23.026987,95.957063,2.111709
22.968350,96.006491,2.109191
22.909714,96.055919,2.086705
22.848380,96.098836,2.156682
22.787046,96.141753,2.134195
22.726380,96.186282,2.109191
22.667744,96.235710,2.134195
22.606928,96.279878,2.156682
22.545594,96.322794,2.134195
22.484260,96.365711,2.109191
22.425624,96.415139,2.134195
22.365707,96.461478,2.156682
22.304374,96.504395,2.134195
22.243040,96.547312,2.109191
22.183001,96.593355,2.109191
22.121667,96.636271,2.086705
22.060333,96.679188,2.156682
21.998999,96.722105,2.134195
21.938945,96.768110,2.109191
21.877611,96.811027,2.155243
21.816278,96.853944,2.155243
21.755828,96.898995,2.109191
21.694494,96.941911,2.134195
21.633160,96.984828,2.155243
21.571826,97.027745,2.109191
21.507989,97.064616,2.109191
21.446655,97.107533,2.155243
21.385321,97.150450,2.134195
21.321879,97.188275,2.109191
21.260545,97.231192,2.155243
21.199211,97.274109,2.109191
21.136164,97.312889,2.109191
21.074637,97.355340,2.155243
21.013303,97.398256,2.086705
20.950651,97.437991,2.109191
20.888729,97.479487,2.155243
20.827395,97.522404,2.086705
20.765139,97.563093,2.109191
20.702821,97.603635,2.086705
20.640456,97.644062,2.155243
20.576425,97.680467,2.109191
20.513712,97.720054,2.109191
20.451742,97.761435,2.155243
20.387711,97.797840,2.109191
20.324603,97.836473,2.109191
20.263269,97.879389,2.155243
20.202967,97.924796,2.109191
20.141283,97.966869,2.155243
20.077253,98.003274,2.109191
20.013858,98.041215,2.109191
19.952524,98.084131,2.155243
19.888493,98.120537,2.109191
19.824399,98.156790,2.109191
19.757671,98.186684,2.109191
19.693818,98.223518,2.109191
19.629787,98.259923,2.155243
19.565756,98.296328,2.086705
19.501725,98.332734,2.109191
19.437694,98.369139,2.039215
19.373726,98.405696,2.109191
19.309695,98.442101,2.109191
19.245836,98.478921,2.109191
19.181805,98.515326,2.155243
19.117774,98.551732,2.109191
19.053743,98.588137,2.155243
18.989500,98.624031,2.109191
18.922772,98.653925,2.155243
18.858421,98.689556,2.109191
18.790759,98.717196,2.155243
18.724031,98.747090,2.132397
18.656261,98.774468,2.155243
18.585180,98.793854,2.155243
18.515967,98.817747,2.109191
18.447475,98.843382,2.155243
18.378370,98.867538,2.109191
18.310702,98.895164,2.155243
18.241488,98.919056,2.132397
18.170007,98.937473,2.109191
18.098525,98.955890,2.155243
18.026402,98.972761,2.132397
17.954921,98.991178,2.109551
17.881062,99.003856,2.086705
17.808115,99.018738,2.155243
17.736633,99.037155,2.132397
17.665151,99.055572,2.086705
17.593670,99.073989,2.063859
17.520560,99.088476,2.157042
17.445264,99.097685,2.134196
17.369968,99.106893,2.111350
17.295148,99.117253,2.088504
17.219852,99.126461,2.088504
17.144556,99.135670,2.086705
17.069260,99.144879,2.179887
16.993963,99.154087,2.157042
16.918667,99.163296,2.134196
16.843371,99.172504,2.111350
16.765249,99.174889,2.088504
16.686138,99.174889,2.088504
16.607028,99.174889,2.088504
16.527917,99.174889,2.088504
16.449167,99.174018,2.088504
16.373728,99.165156,2.134196
16.298432,99.155947,2.157042
16.223136,99.146739,2.179887
16.147839,99.137530,2.086705
16.072543,99.128321,2.088504
15.997247,99.119113,2.088504
15.921590,99.110775,2.111350
15.844074,99.106927,2.134196
15.768777,99.097719,2.157042
15.695041,99.084746,2.179887
15.623559,99.066329,2.086705
15.552077,99.047911,2.109551
15.480595,99.029494,2.132397
15.409113,99.011077,2.086705
15.336181,98.996162,2.109551
15.262308,98.983518,2.132397
15.189267,98.968865,2.155243
15.115502,98.955958,2.201654
15.044020,98.937541,2.109551
14.972539,98.919124,2.132397
14.903310,98.895266,2.155243
14.835643,98.867640,2.109191
14.766552,98.843450,2.155243
14.698046,98.817849,2.109191
14.628847,98.793922,2.132397
14.560449,98.768059,2.155243
14.492782,98.740433,2.109191
14.423356,98.717050,2.155243
14.355681,98.689444,2.109191
14.288618,98.660358,2.155243
14.221789,98.630708,2.155243
14.154835,98.601359,2.132397
14.087898,98.571971,2.109191
14.021053,98.542360,2.109191
13.957022,98.505954,2.109191
13.892991,98.469549,2.109191
13.828960,98.433144,2.039215
13.765030,98.396496,2.109191
13.700999,98.360090,2.039215
13.637146,98.323256,2.109191
13.573115,98.286851,2.086705
13.509084,98.250446,2.155243
13.445053,98.214040,2.109191
13.381022,98.177635,2.109191
13.316991,98.141230,2.155243
13.255657,98.098313,2.109191
13.191804,98.061479,2.134195
13.130470,98.018562,2.155243
13.069136,97.975646,2.109191
13.007802,97.932729,2.109191
12.947514,97.887288,2.155243
12.886180,97.844372,2.134195
12.824847,97.801455,2.109191
12.766064,97.752379,2.111709
12.707427,97.702951,2.111709
12.648791,97.653523,2.109191
12.590154,97.604095,2.156682
12.530472,97.557191,2.156682
12.471835,97.507763,2.134195
12.419710,97.455637,2.111709
12.367585,97.403512,2.111709
12.315459,97.351387,2.111709
12.263334,97.299262,2.111709
12.208946,97.252600,2.111709
12.156820,97.200475,2.111709
12.110422,97.145978,2.111709
12.058296,97.093852,2.111709
12.006171,97.041727,2.111709
11.954046,96.989602,2.134195
11.905475,96.936004,2.156682
11.862125,96.875718,2.134195
11.819208,96.814384,2.109191
11.770565,96.755423,2.111709
11.722520,96.696213,2.109191
11.679603,96.634879,2.134195
11.636687,96.573545,2.156682
11.590215,96.513684,2.134195
11.540787,96.455047,2.109191
11.497870,96.393713,2.155243
11.454954,96.332380,2.155243
11.417165,96.268922,2.109191
11.374249,96.207588,2.155243
11.337844,96.143557,2.109191
11.301438,96.079526,2.109191
11.271545,96.012798,2.109191
11.235402,95.948658,2.109191
11.207250,95.881209,2.155243
11.177356,95.814481,2.109191
11.149467,95.746922,2.155243
11.123058,95.678751,2.132397
11.099676,95.609325,2.109191
11.073529,95.541045,2.155243
11.055112,95.469563,2.109191
11.029988,95.400860,2.132397
11.005584,95.331857,2.109551
10.987167,95.260376,2.086705
10.968750,95.188894,2.039215
10.951879,95.116771,2.132397
10.933462,95.045290,2.109551
10.915045,94.973808,2.086705
10.903335,94.899548,2.063859
10.894126,94.824252,2.157042
10.884918,94.748955,2.111350
10.872620,94.674939,2.088504
10.857621,94.602041,2.088504
10.848412,94.526745,2.086705
10.839204,94.451449,2.063859
10.829995,94.376153,2.157042
10.820787,94.300856,2.111350
10.811578,94.225560,2.088504
10.805459,94.148984,2.088504
10.805459,94.069874,2.088504
10.805459,93.990763,2.088504
10.805459,93.911653,2.088504
10.805459,93.832542,2.088504
10.805459,93.753432,2.111350
10.805459,93.674322,2.134196
10.805459,93.595211,2.179888
10.808516,93.517367,2.202733
10.817724,93.442071,2.204532
10.826933,93.366774,2.204532
10.836141,93.291478,2.204532
10.845350,93.216182,2.088504
10.854559,93.140886,2.111350
10.863767,93.065590,2.134196
10.874127,92.990770,2.157042
10.883335,92.915474,2.179888
10.892544,92.840178,2.202733
10.901752,92.764882,2.202733
10.910961,92.689586,2.134196
10.922568,92.615283,2.157042
10.940985,92.543801,2.179888
10.955195,92.470577,2.202733
10.964403,92.395280,2.179887
10.979233,92.322313,2.132397
10.997650,92.250831,2.155243
11.016067,92.179349,2.201654
11.032086,92.106873,2.109551
11.043627,92.032543,2.132397
11.062044,91.961062,2.155243
11.080461,91.889580,2.201654
11.093257,91.815769,2.155243
11.102466,91.740473,2.132397
11.118709,91.668091,2.155243
11.137126,91.596609,2.155243
11.153211,91.524161,2.132397
11.164685,91.449804,2.155243
11.183103,91.378322,2.201654
11.201520,91.306840,2.155243
11.219937,91.235358,2.132397
11.236808,91.163236,2.155243
11.255225,91.091754,2.201654
11.273642,91.020272,2.132397
11.290513,90.948150,2.155243
11.308433,90.876462,2.155243
11.326850,90.804980,2.132397
11.345267,90.733498,2.109551
11.362138,90.661376,2.155243
11.380555,90.589894,2.155243
11.398972,90.518412,2.132397
11.416670,90.446632,2.109551
11.433540,90.374510,2.155243
11.451958,90.303028,2.132397
11.471291,90.231926,2.109551
11.494673,90.162501,2.201654
11.513090,90.091019,2.155243
11.531507,90.019537,2.132397
11.554063,89.949769,2.155243
11.574524,89.879134,2.201654
11.592941,89.807652,2.155243
11.610442,89.735791,2.132397
11.627313,89.663668,2.201654
11.645730,89.592187,2.155243
11.664147,89.520705,2.132397
11.681018,89.448582,2.155243
11.699436,89.377101,2.201654
11.717853,89.305619,2.155243
11.736270,89.234137,2.132397
11.753141,89.162015,2.155243
11.771558,89.090533,2.201654
11.789975,89.019051,2.132397
11.806846,88.946929,2.155243
11.825092,88.875376,2.201654
11.843509,88.803894,2.155243
11.861926,88.732412,2.132397
11.878797,88.660290,2.155243
11.897214,88.588808,2.201654
11.915631,88.517326,2.155243
11.933002,88.445411,2.132397
11.949873,88.373289,2.201654
11.968290,88.301807,2.155243
11.986708,88.230325,2.132397
12.003579,88.158203,2.155243
12.021996,88.086721,2.201654
12.040413,88.015239,2.155243
12.058830,87.943757,2.132397
12.075701,87.871635,2.155243
12.094118,87.800153,2.201654
12.112535,87.728671,2.132397
12.129406,87.656549,2.155243
12.147782,87.585050,2.201654
12.166199,87.513568,2.155243
12.184617,87.442086,2.132397
12.201487,87.369964,2.155243
12.219905,87.298482,2.201654
12.238322,87.227000,2.155243
12.255563,87.155031,2.132397
12.272433,87.082909,2.201654
12.290851,87.011427,2.155243
12.309268,86.939945,2.132397
12.326139,86.867823,2.155243
12.344556,86.796341,2.201654
12.362973,86.724859,2.155243
12.381390,86.653377,2.132397
12.398261,86.581255,2.155243
12.416678,86.509773,2.201654
12.435095,86.438291,2.132397
12.451966,86.366169,2.155243
12.470383,86.294687,2.201654
12.488800,86.223205,2.155243
12.507218,86.151723,2.132397
12.524088,86.079601,2.155243
12.542506,86.008119,2.201654
12.560923,85.936637,2.155243
12.578034,85.864614,2.132397
12.594994,85.792529,2.201654
12.613411,85.721047,2.155243
12.631828,85.649565,2.132397
12.648699,85.577443,2.155243
12.667116,85.505961,2.201654
12.685533,85.434479,2.155243
12.703950,85.362997,2.132397
12.720821,85.290875,2.155243
12.739238,85.219393,2.201654
12.757655,85.147911,2.132397
12.774526,85.075789,2.155243
12.792943,85.004307,2.201654
12.811361,84.932825,2.155243
12.829778,84.861344,2.132397
12.846649,84.789221,2.155243
12.865066,84.717739,2.201654
12.883483,84.646258,2.155243
12.900464,84.574181,2.155243
12.917554,84.502149,2.201654
12.935971,84.430667,2.155243
12.954388,84.359186,2.132397
12.971259,84.287063,2.155243
12.989676,84.215581,2.201654
13.008093,84.144100,2.155243
13.026510,84.072618,2.132397
13.043381,84.000495,2.155243
13.061798,83.929014,2.155243
13.080215,83.857532,2.132397
13.097086,83.785409,2.155243
13.115504,83.713927,2.201654
13.133921,83.642446,2.155243
13.152338,83.570964,2.132397
13.169209,83.498841,2.155243
13.187626,83.427360,2.201654
13.206043,83.355878,2.155243
13.222914,83.283755,2.155243
13.240134,83.211778,2.201654
13.258551,83.140296,2.155243
13.276968,83.068814,2.132397
13.293839,82.996692,2.155243
13.312256,82.925210,2.201654
13.330674,82.853728,2.155243
13.349070,82.782238,2.132397
13.365941,82.710116,2.155243
13.384358,82.638634,2.155243
13.402776,82.567152,2.132397
13.419647,82.495030,2.155243
13.438064,82.423548,2.179888
13.456481,82.352066,2.179887
13.474898,82.280584,2.155243
13.491769,82.208462,2.132397
13.510186,82.136980,2.155243
13.528603,82.065498,2.201654
13.545324,81.993313,2.132397
13.556163,81.918692,2.155243
13.574580,81.847211,2.201654
13.592997,81.775729,2.155243
13.606495,81.702209,2.132397
13.620556,81.628923,2.155243
13.638973,81.557441,2.201654
13.657390,81.485960,2.155243
13.674261,81.413837,2.155243
13.691545,81.341886,2.201654
13.709962,81.270404,2.155243
13.728380,81.198922,2.132397
13.745250,81.126800,2.155243
13.763668,81.055318,2.201654
13.782085,80.983836,2.155243
13.800418,80.912320,2.132397
13.817289,80.840197,2.155243
13.835706,80.768716,2.155243
13.854123,80.697234,2.132397
13.870994,80.625111,2.155243
13.889411,80.553630,2.201654
13.907828,80.482148,2.155243
13.926245,80.410666,2.132397
13.943116,80.338543,2.155243
13.961533,80.267062,2.201654
13.979951,80.195580,2.155243
13.996821,80.123457,2.155243
14.014235,80.051560,2.201654
14.032653,79.980078,2.155243
14.051070,79.908596,2.132397
14.067941,79.836474,2.155243
14.086358,79.764992,2.201654
14.104775,79.693510,2.155243
14.122978,79.621940,2.132397
14.139849,79.549818,2.155243
14.158266,79.478336,2.132397
14.176683,79.406854,2.109551
14.193554,79.334732,2.155243
14.211971,79.263250,2.179887
14.230388,79.191768,2.155243
14.248806,79.120286,2.132397
14.260564,79.046046,2.179888
14.269772,78.970750,2.201654
14.280542,78.896100,2.132397
14.297069,78.823835,2.109551
14.306277,78.748539,2.086705
14.315486,78.673243,2.063859
14.324695,78.597947,2.155243
14.333903,78.522651,2.132397
14.350855,78.450562,2.086705
14.367711,78.378434,2.063859
14.376920,78.303137,2.041014
14.386128,78.227841,2.134196
14.395337,78.152545,2.111350
14.404545,78.077249,2.088504
14.413754,78.001953,2.088504
14.415219,77.923449,2.086705
14.419082,77.845939,2.063859
14.428291,77.770643,2.041014
14.437499,77.695346,2.018168
14.446708,77.620050,1.995322
14.455342,77.544992,2.088504
14.455985,77.473244,2.088504
14.455985,77.401762,2.088504
14.452122,77.328680,2.088504
14.442914,77.253384,1.972476
14.433705,77.178088,1.972476
14.424251,77.102893,1.995322
14.407380,77.030771,2.041014
14.397529,76.955741,2.063859
14.388320,76.880445,2.086705
14.379112,76.805148,1.993523
14.369903,76.729852,2.016369
14.354267,76.657218,2.039215
14.336095,76.585635,2.063859
14.325914,76.510742,2.109551
14.315047,76.436133,2.016369
14.296630,76.364651,2.039215
14.278213,76.293169,2.109191
14.256394,76.223096,2.132397
14.233012,76.153671,2.039215
14.205386,76.086003,2.109191
14.177760,76.018336,2.016369
14.147867,75.951608,2.039215
14.120241,75.883940,2.016369
14.092615,75.816272,2.039215
14.062721,75.749544,2.109191
14.032828,75.682816,2.039215
14.005202,75.615149,2.109191
13.972861,75.549434,2.155243
13.936456,75.485403,2.086705
13.897341,75.422495,2.109191
13.851298,75.362456,2.086705
13.808382,75.301122,2.155243
13.765465,75.239788,2.134195
13.719313,75.179794,2.111709
13.669885,75.121158,2.111709
13.620457,75.062521,2.111709
13.571029,75.003884,2.134195
13.520538,74.945688,2.156682
13.464598,74.889749,2.179168
13.408659,74.833809,2.201654
13.352719,74.777869,2.201654
13.296779,74.721930,2.179168
13.238143,74.672502,2.156682
13.179506,74.623074,2.134195
13.127381,74.570948,2.111709
13.075256,74.518823,2.111709
13.023130,74.466698,2.111709
12.971005,74.414573,2.111709
12.916535,74.368110,2.111709
12.864409,74.315984,2.111709
12.812284,74.263859,2.111709
12.753647,74.214431,2.111709
12.695011,74.165003,2.134195
12.636374,74.115575,2.156682
12.577737,74.066147,2.179168
12.521446,74.011056,2.179168
12.465506,73.955117,2.201654
12.409567,73.899177,2.201654
12.353627,73.843238,2.179168
12.297688,73.787298,2.156682
12.244710,73.730132,2.134195
12.195281,73.671495,2.111709
12.145853,73.612859,2.111709
12.096425,73.554222,2.111709
12.046997,73.495585,2.111709
11.997569,73.436949,2.111709
11.948141,73.378312,2.111709
11.895751,73.320902,2.111709
11.839812,73.264962,2.134195
11.783872,73.209023,2.156682
11.727933,73.153083,2.179168
11.671993,73.097144,2.156682
11.616314,73.041096,2.156682
11.566886,72.982459,2.134195
11.517458,72.923823,2.111709
11.468030,72.865186,2.111709
11.418602,72.806549,2.111709
11.369174,72.747913,2.134195
11.319746,72.689276,2.156682
11.273703,72.629237,2.156682
11.224275,72.570600,2.134195
11.174846,72.511964,2.111709
11.125418,72.453327,2.111709
11.075990,72.394690,2.109191
11.026819,72.335947,2.086705
10.983902,72.274613,2.156682
10.937340,72.214790,2.134195
10.887912,72.156153,2.111709
10.838484,72.097516,2.134195
10.789056,72.038880,2.156682
10.744487,71.978230,2.156682
10.701313,71.917003,2.134195
10.651885,71.858366,2.111709
10.602457,71.799730,2.134195
10.555717,71.739980,2.156682
10.512800,71.678646,2.134195
10.469883,71.617312,2.109191
10.422107,71.557991,2.109191
10.373195,71.499141,2.086705
10.330278,71.437807,2.156682
10.287362,71.376473,2.134195
10.241757,71.316252,2.109191
10.192329,71.257616,2.086705
10.149237,71.196355,2.156682
10.106320,71.135021,2.134195
10.062887,71.073901,2.109191
10.018841,71.013035,2.134195
9.975924,70.951701,2.156682
9.933007,70.890368,2.134195
9.890091,70.829034,2.109191
9.844048,70.768995,2.155243
9.801131,70.707661,2.155243
9.758214,70.646327,2.109191
9.712171,70.586288,2.134195
9.669255,70.524955,2.086705
9.626338,70.463621,2.156682
9.583421,70.402287,2.134195
9.537379,70.342248,2.109191
9.494462,70.280914,2.155243
9.451545,70.219580,2.155243
9.406374,70.159181,2.109191
9.363457,70.097847,2.134195
9.320540,70.036513,2.155243
9.277624,69.975179,2.109191
9.240789,69.911326,2.109191
9.197873,69.849992,2.155243
9.154956,69.788658,2.134195
9.112039,69.727324,2.109191
9.066605,69.667033,2.155243
9.023689,69.605700,2.155243
8.980772,69.544366,2.109191
8.934729,69.484327,2.134195
8.891812,69.422993,2.155243
8.848896,69.361659,2.086705
8.808064,69.299462,2.109191
8.767665,69.237085,2.086705
8.727096,69.174779,2.155243
8.690691,69.110748,2.109191
8.651246,69.047976,2.155243
8.608329,68.986642,2.155243
8.565589,68.925236,2.109191
8.527098,68.862068,2.155243
8.484620,68.800553,2.109191
8.445867,68.737494,2.086705
8.403652,68.675870,2.155243
8.367247,68.611839,2.109191
8.330842,68.547808,2.109191
8.294261,68.483850,2.155243
8.257855,68.419819,2.109191
8.221011,68.355970,2.109191
8.178095,68.294636,2.155243
8.140988,68.230896,2.109191
8.098071,68.169562,2.155243
8.055155,68.108228,2.109191
8.018067,68.044480,2.109191
7.981662,67.980449,2.109191
7.945257,67.916418,2.109191
7.915363,67.849690,2.155243
7.878958,67.785659,2.086705
7.842553,67.721628,2.109191
7.806147,67.657597,2.109191
7.769313,67.593744,2.109191
7.732908,67.529713,2.109191
7.696503,67.465682,2.109191
7.660098,67.401651,2.155243
7.623692,67.337620,2.086705
7.587287,67.273589,2.109191
7.557070,67.206995,2.039215
7.521776,67.142503,2.109191
7.485311,67.078498,2.109191
7.448905,67.014467,2.109191
7.412500,66.950436,2.109191
7.376095,66.886405,2.109191
7.346201,66.819677,2.155243
7.310119,66.755512,2.109191
7.273714,66.691481,2.155243
7.236880,66.627628,2.109191
7.200474,66.563597,2.155243
7.163842,66.499660,2.109191
7.127437,66.435629,2.155243
7.091032,66.371598,2.109191
7.054627,66.307567,2.109191
7.024733,66.240839,2.109191
6.988817,66.176605,2.109191
6.958923,66.109877,2.109191
6.922745,66.045752,2.109191
6.892851,65.979024,2.109191
6.856446,65.914993,2.109191
6.826552,65.848265,2.109191
6.790147,65.784234,2.109191
6.760253,65.717506,2.109191
6.723980,65.653420,2.109191
6.694086,65.586692,2.109191
6.658076,65.522498,2.109191
6.628182,65.455770,2.109191
6.592435,65.391466,2.109191
6.562541,65.324738,2.109191
6.527057,65.260326,2.109191
6.497030,65.193653,2.109191
6.461809,65.129132,2.109191
6.431520,65.062567,2.155243
6.395114,64.998536,2.109191
6.358280,64.934683,2.155243
6.321875,64.870652,2.109191
6.285041,64.806799,2.155243
6.248635,64.742768,2.109191
6.211801,64.678915,2.155243
6.175396,64.614884,2.109191
6.140008,64.550432,2.155243
6.109885,64.483798,2.109191
6.074759,64.419237,2.155243
6.044374,64.352713,2.109191
6.009511,64.288043,2.109191
5.978863,64.221627,2.109191
5.944263,64.156849,2.109191
5.913352,64.090542,2.109191
5.879015,64.025655,2.109191
5.847842,63.959457,2.109191
5.813767,63.894460,2.109191
5.782331,63.828371,2.109191
5.748519,63.763266,2.109191
5.716820,63.697286,2.109191
5.683271,63.632072,2.109191
5.651309,63.566200,2.109191
5.618022,63.500877,2.109191
5.585798,63.435115,2.155243
5.549393,63.371084,2.109191
5.512559,63.307231,2.155243
5.476153,63.243200,2.109191
5.439319,63.179346,2.155243
5.402914,63.115315,2.109191
5.366080,63.051462,2.155243
5.329674,62.987431,2.109191
5.296221,62.922177,2.155243
5.264163,62.856346,2.109191
5.230973,62.790983,2.155243
5.198653,62.725260,2.109191
5.165725,62.659789,2.155243
5.133142,62.594175,2.109191
5.100477,62.528595,2.109191
5.067631,62.463089,2.109191
5.035229,62.397400,2.109191
5.002120,62.332004,2.109191
4.969981,62.266206,2.155243
4.936609,62.200918,2.109191
4.900204,62.136888,2.155243
4.863370,62.073034,2.109191
4.826964,62.009003,2.155243
4.790130,61.945150,2.109191
4.753725,61.881119,2.155243
4.716891,61.817266,2.109191
4.680485,61.753235,2.155243
4.648180,61.687506,2.109191
4.614975,61.622150,2.155243
4.582932,61.556312,2.109191
4.549464,61.491064,2.155243
4.517683,61.425117,2.109191
4.483953,61.359979,2.109191
4.452435,61.293923,2.109191
4.418442,61.228893,2.109191
4.387187,61.162729,2.109191
4.352931,61.097808,2.109191
4.321939,61.031535,2.109191
4.287420,60.966722,2.109191
4.256691,60.900340,2.155243
4.221909,60.835637,2.109191
4.185504,60.771606,2.155243
4.148670,60.707753,2.109191
4.112265,60.643722,2.155243
4.075430,60.579868,2.109191
4.039025,60.515838,2.155243
4.002191,60.451984,2.109191
3.965786,60.387953,2.155243
3.934890,60.321640,2.109191
3.900275,60.256868,2.155243
3.869642,60.190446,2.109191
3.834764,60.125782,2.109191
3.804394,60.059252,2.109191
3.769253,59.994697,2.109191
3.739145,59.928057,2.109191
3.703742,59.863612,2.109191
3.673848,59.796883,2.109191
3.638182,59.732546,2.109191
3.608289,59.665818,2.155243
3.572360,59.601590,2.109191
3.535955,59.537559,2.155243
3.499120,59.473706,2.109191
3.462715,59.409675,2.155243
3.425930,59.345801,2.109191
3.389525,59.281770,2.155243
3.353002,59.217788,2.109191
3.316597,59.153757,2.155243
3.286703,59.087029,2.109191
3.250941,59.022732,2.155243
3.221047,58.956004,2.109191
3.185022,58.891815,2.109191
3.155128,58.825087,2.109191
3.118840,58.761008,2.109191
3.088946,58.694280,2.109191
3.052541,58.630249,2.109191
3.022647,58.563521,2.109191
2.986242,58.499490,2.109191
2.956348,58.432762,2.155243
2.919943,58.368731,2.109191
2.883538,58.304700,2.155243
2.847133,58.240669,2.109191
2.810727,58.176638,2.155243
2.774322,58.112607,2.109191
2.737917,58.048576,2.155243
2.701512,57.984545,2.109191
2.665107,57.920514,2.155243
2.635213,57.853786,2.109191
2.598883,57.789724,2.155243
2.568989,57.722996,2.109191
2.532922,57.658825,2.109191
2.503028,57.592097,2.109191
2.467224,57.527817,2.109191
2.437330,57.461089,2.109191
2.401788,57.396700,2.109191
2.371819,57.330004,2.109191
2.336540,57.265506,2.109191
2.306308,57.198918,2.109191
2.271292,57.134312,2.109191
2.240797,57.067833,2.155243
2.204392,57.003802,2.109191
2.167558,56.939948,2.155243
2.131152,56.875918,2.109191
2.094318,56.812064,2.155243
2.057913,56.748033,2.109191
2.021079,56.684180,2.155243
1.984673,56.620149,2.109191
1.949491,56.555612,2.155243
1.919163,56.489064,2.109191
1.884243,56.424418,2.109191
1.853652,56.357978,2.109191
1.818994,56.293223,2.109191
1.788141,56.226893,2.109191
1.753746,56.162029,2.109191
1.722630,56.095807,2.109191
1.688498,56.030835,2.109191
1.657119,55.964722,2.109191
1.623250,55.899640,2.109191
1.591608,55.833636,2.155243
1.555203,55.769605,2.109191
1.518369,55.705752,2.155243
1.481964,55.641721,2.109191
1.445129,55.577868,2.155243
1.408724,55.513837,2.109191
1.371890,55.449984,2.155243
1.335485,55.385953,2.109191
1.301449,55.320940,2.155243
1.269974,55.254868,2.109191
1.236201,55.189746,2.109191
1.204463,55.123782,2.109191
1.170953,55.058552,2.109191
1.138952,54.992697,2.109191
1.105705,54.927358,2.109191
1.073441,54.861611,2.109191
1.040456,54.796163,2.109191
1.007930,54.730526,2.109191
0.975208,54.664969,2.155243
0.942419,54.599440,2.109191
0.906014,54.535409,2.155243
0.869180,54.471556,2.109191
0.832775,54.407525,2.109191
0.795940,54.343672,2.155243
0.759535,54.279641,2.109191
0.722701,54.215788,2.155243
0.686296,54.151757,2.109191
0.653407,54.086269,2.155243
0.620785,54.020671,2.109191
0.588159,53.955075,2.109191
0.555274,53.889586,2.109191
0.522911,53.823881,2.109191
0.489763,53.758500,2.109191
0.457663,53.692686,2.109191
0.424252,53.627415,2.109191
0.392415,53.561492,2.109191
0.358741,53.496329,2.109191
0.327167,53.430298,2.109191
0.293230,53.365244,2.109191
0.261918,53.299103,2.155243
0.227720,53.234159,2.109191
0.191314,53.170128,2.155243
0.154480,53.106274,2.109191
0.118075,53.042243,2.155243
0.081241,52.978390,2.109191
0.044835,52.914359,2.155243
0.008001,52.850506,2.109191
-0.028404,52.786475,2.155243
-0.059882,52.720403,2.109191
-0.093915,52.655390,2.109191
-0.125131,52.589209,2.109191
-0.159426,52.524304,2.109191
-0.190379,52.458015,2.109191
-0.224937,52.393219,2.109191
-0.255627,52.326821,2.109191
-0.290448,52.262133,2.109191
-0.320875,52.195626,2.109191
-0.355958,52.131048,2.109191
-0.386123,52.064432,2.109191
-0.421469,51.999962,2.109191
-0.451371,51.933238,2.155243
-0.486980,51.868877,2.109191
-0.523385,51.804846,2.155243
-0.560220,51.740993,2.109191
-0.596625,51.676962,2.155243
-0.633459,51.613109,2.109191
-0.669864,51.549078,2.155243
-0.706699,51.485224,2.109191
-0.743104,51.421193,2.155243
-0.773172,51.354538,2.109191
-0.808615,51.290108,2.109191
-0.838509,51.223380,2.109191
-0.874214,51.159059,2.109191
-0.904108,51.092331,2.109191
-0.940076,51.028119,2.109191
-0.969969,50.961391,2.109191
-1.006200,50.897288,2.109191
-1.036094,50.830560,2.109191
-1.072499,50.766529,2.109191
-1.102393,50.699801,2.109191
-1.138798,50.635770,2.109191
-1.168692,50.569042,2.109191
-1.204912,50.504934,2.109191
-1.234806,50.438206,2.155243
-1.271211,50.374175,2.109191
-1.307617,50.310144,2.155243
-1.344022,50.246113,2.109191
-1.380427,50.182082,2.155243
-1.416832,50.118051,2.109191
-1.453422,50.054097,2.155243
-1.489827,49.990066,2.109191
-1.526214,49.926027,2.155243
-1.556108,49.859299,2.109191
-1.592233,49.795152,2.155243
-1.622126,49.728424,2.109191
-1.657988,49.664168,2.109191
-1.687882,49.597440,2.109191
-1.723481,49.533075,2.109191
-1.753393,49.466354,2.109191
-1.788729,49.401881,2.109191
-1.818903,49.335269,2.109191
-1.853977,49.270686,2.109191
-1.884414,49.204183,2.109191
-1.919225,49.139492,2.109191
-1.949925,49.073098,2.109191
-1.984473,49.008298,2.109191
-2.015436,48.942013,2.109191
-2.049721,48.877103,2.109191
-2.080947,48.810927,2.109191
-2.114970,48.745909,2.109191
-2.146458,48.679842,2.109191
-2.180218,48.614715,2.109191
-2.211969,48.548756,2.155243
-2.248374,48.484725,2.109191
-2.285208,48.420872,2.155243
-2.321613,48.356841,2.109191
-2.358448,48.292988,2.155243
-2.394853,48.228957,2.109191
-2.431687,48.165104,2.155243
-2.468092,48.101073,2.109191
-2.502019,48.036015,2.155243
-2.533603,47.969987,2.109191
-2.567267,47.904821,2.155243
-2.599114,47.838902,2.109191
-2.632515,47.773626,2.109191
-2.664625,47.707816,2.109191
-2.697763,47.642432,2.109191
-2.730136,47.576731,2.109191
-2.763011,47.511238,2.109191
-2.795647,47.445645,2.109191
-2.828259,47.380044,2.109191
-2.861158,47.314560,2.109191
-2.893507,47.248849,2.109191
-2.926668,47.183474,2.109191
-2.958756,47.117655,2.109191
-2.992179,47.052389,2.109191
-3.024004,46.986461,2.109191
-3.057690,46.921304,2.109191
-3.089252,46.855266,2.109191
-3.123201,46.790218,2.109191
-3.154500,46.724072,2.155243
-3.188712,46.659133,2.109191
-3.225117,46.595102,2.155243
-3.261951,46.531248,2.109191
-3.298357,46.467217,2.155243
-3.335191,46.403364,2.109191
-3.371596,46.339333,2.155243
-3.408430,46.275480,2.109191
-3.444836,46.211449,2.155243
-3.476301,46.145372,2.109191
-3.510346,46.080364,2.155243
-3.541549,46.014178,2.109191
-3.575857,45.949278,2.109191
-3.606797,45.882984,2.109191
-3.641368,45.818193,2.109191
-3.672045,45.751789,2.109191
-3.706879,45.687107,2.109191
-3.737294,45.620595,2.109191
-3.772390,45.556022,2.109191
-3.802542,45.489401,2.109191
-3.837901,45.424936,2.109191
-3.867795,45.358208,2.109191
-3.903416,45.293853,2.109191
-3.933310,45.227125,2.109191
-3.969194,45.162878,2.109191
-3.999088,45.096150,2.109191
-4.035235,45.032012,2.109191
-4.065129,44.965284,2.155243
-4.101534,44.901253,2.109191
-4.137940,44.837222,2.155243
-4.174507,44.773258,2.109191
-4.210912,44.709227,2.155243
-4.247317,44.645196,2.109191
-4.283722,44.581165,2.155243
-4.320127,44.517135,2.109191
-4.356533,44.453104,2.155243
-4.386426,44.386376,2.109191
-4.422670,44.322278,2.109191
-4.452564,44.255550,2.109191
-4.488969,44.191519,2.109191
-4.518863,44.124791,2.109191
-4.555268,44.060760,2.109191
-4.585162,43.994032,2.109191
-4.621370,43.929919,2.109191
-4.651263,43.863191,2.109191
-4.687209,43.798969,2.109191
-4.717102,43.732241,2.109191
-4.752785,43.667911,2.109191
-4.782679,43.601183,2.109191
-4.818098,43.536744,2.109191
-4.848189,43.470097,2.109191
-4.883346,43.405549,2.109191
-4.913700,43.339012,2.155243
-4.950105,43.274981,2.109191
-4.986940,43.211128,2.155243
-5.023345,43.147097,2.109191
-5.060179,43.083244,2.155243
-5.096584,43.019213,2.109191
-5.133419,42.955359,2.155243
-5.169824,42.891328,2.109191
-5.205147,42.826849,2.155243
-5.235335,42.760243,2.109191
-5.270395,42.695655,2.155243
-5.300846,42.629157,2.109191
-5.335644,42.564461,2.109191
-5.366357,42.498072,2.109191
-5.400892,42.433266,2.109191
-5.431867,42.366987,2.109191
-5.466140,42.302072,2.109191
-5.497378,42.235901,2.109191
-5.531388,42.170878,2.109191
-5.562889,42.104816,2.109191
-5.596636,42.039684,2.109191
-5.628400,41.973730,2.109191
-5.661884,41.908489,2.109191
-5.693911,41.842645,2.109191
-5.727133,41.777295,2.109191
-5.759422,41.711559,2.109191
-5.792381,41.646101,2.109191
-5.824933,41.580474,2.155243
-5.861338,41.516443,2.109191
-5.898172,41.452590,2.155243
-5.934577,41.388559,2.109191
-5.971412,41.324705,2.155243
-6.007817,41.260674,2.109191
-6.044651,41.196821,2.155243
-6.081056,41.132790,2.109191
-6.114182,41.067401,2.132397
-6.146567,41.001705,2.039215
-6.179430,40.936207,2.109191
-6.207055,40.868539,2.109191
-6.236949,40.801811,2.109191
-6.264575,40.734143,2.109191
-6.294469,40.667415,2.109191
-6.322094,40.599748,2.109191
-6.345477,40.530323,2.109191
-6.372402,40.462365,2.039215
-6.407318,40.397717,2.132397
-6.437650,40.331171,2.109191
-6.466318,40.263935,2.155243
-6.496211,40.197207,2.109191
-6.523837,40.129539,2.155243
-6.553731,40.062811,2.132397
-6.582057,39.995434,2.155243
-6.602392,39.924746,2.155243
-6.625337,39.855140,2.109191
-6.651920,39.787040,2.155243
-6.675303,39.717615,2.132397
-6.702929,39.649948,2.155243
-6.727770,39.581127,2.132397
-6.746187,39.509645,2.109191
-6.764604,39.438163,2.155243
-6.781475,39.366041,2.132397
-6.799892,39.294559,2.109551
-6.813519,39.221093,2.086705
-6.822728,39.145797,2.039215
-6.831936,39.070501,2.132397
-6.841145,38.995205,2.086705
-6.853005,38.921007,2.063859
-6.868442,38.848290,2.041014
-6.877650,38.772994,2.018168
-6.886859,38.697698,1.995322
-6.896067,38.622402,2.088504
-6.905276,38.547106,2.088504
-6.912162,38.472772,2.088504
-6.909510,38.400191,2.088504
-6.900301,38.324895,2.088504
-6.891092,38.249599,2.111350
-6.881884,38.174303,2.018168
-6.872675,38.099007,2.063860
-6.861473,38.024536,2.086705
-6.845379,37.952092,2.109551
-6.836170,37.876796,2.132397
-6.826961,37.801500,2.155243
-6.817753,37.726204,2.063860
-6.808359,37.650984,2.086705
-6.790975,37.579075,2.132397
-6.774551,37.506767,2.155243
-6.763415,37.432269,2.155243
-6.744998,37.360787,2.109551
-6.726581,37.289306,2.132397
-6.704494,37.219344,2.155243
-6.677053,37.151600,2.109191
-6.657603,37.080546,2.132397
-6.633773,37.011306,2.155243
-6.608075,36.942840,2.109191
-6.583983,36.873709,2.155243
-6.556357,36.806041,2.132397
-6.532401,36.736854,2.155243
-6.506566,36.668445,2.109191
-6.478940,36.600777,2.155243
-6.449047,36.534049,2.132397
-6.421421,36.466381,2.132397
-6.391527,36.399653,2.109191
-6.363686,36.332075,2.109191
-6.327854,36.267806,2.109191
-6.297961,36.201078,2.109191
-6.261866,36.136919,2.109191
-6.231972,36.070191,2.109191
-6.195615,36.006140,2.109191
-6.165721,35.939412,2.109191
-6.129316,35.875381,2.109191
-6.099422,35.808653,2.109191
-6.063065,35.744602,2.109191
-6.033171,35.677874,2.109191
-5.997077,35.613714,2.109191
-5.967184,35.546986,2.109191
-5.931352,35.482717,2.109191
-5.901459,35.415989,2.109191
-5.865053,35.351958,2.109191
-5.828600,35.287947,2.155243
-5.792194,35.223916,2.109191
-5.755478,35.160014,2.155243
-5.719073,35.095983,2.109191
-5.682238,35.032130,2.155243
-5.645833,34.968099,2.109191
-5.609836,34.903900,2.155243
-5.579942,34.837171,2.109191
-5.544207,34.772863,2.109191
-5.514313,34.706135,2.109191
-5.478841,34.641717,2.109191
-5.448802,34.575049,2.109191
-5.413593,34.510523,2.109191
-5.383292,34.443964,2.109191
-5.348345,34.379329,2.109191
-5.317781,34.312878,2.109191
-5.283097,34.248134,2.109191
-5.252270,34.181793,2.155243
-5.215865,34.117762,2.109191
-5.179030,34.053909,2.155243
-5.142625,33.989878,2.109191
-5.105791,33.926025,2.155243
-5.069386,33.861994,2.109191
-5.032551,33.798140,2.155243
-4.996146,33.734109,2.109191
-4.961296,33.669434,2.155243
-4.930635,33.603024,2.109191
-4.896048,33.538240,2.109191
-4.865124,33.471939,2.109191
-4.830799,33.407046,2.109191
-4.799613,33.340853,2.109191
-4.765551,33.275852,2.109191
-4.734103,33.209768,2.109191
-4.700303,33.144657,2.109191
-4.668592,33.078682,2.109191
-4.635055,33.013463,2.109191
-4.603081,32.947597,2.155243
-4.566676,32.883566,2.109191
-4.529841,32.819713,2.155243
-4.493436,32.755682,2.109191
-4.456602,32.691828,2.155243
-4.420197,32.627797,2.109191
-4.383362,32.563944,2.155243
-4.346957,32.499913,2.109191
-4.313254,32.434763,2.155243
-4.281446,32.368828,2.109191
-4.248006,32.303569,2.109191
-4.215935,32.237742,2.109191
-4.182758,32.172374,2.109191
-4.150425,32.106657,2.109191
-4.117510,32.041180,2.109191
-4.084914,31.975571,2.109191
-4.048508,31.911540,2.039215
-4.011674,31.847687,2.109191
-3.975269,31.783656,2.086705
-3.938435,31.719803,2.155243
-3.902029,31.655772,2.109191
-3.865195,31.591919,2.155243
-3.828790,31.527888,2.109191
-3.795709,31.462480,2.155243
-3.763279,31.396803,2.109191
-3.730460,31.331286,2.109191
-3.697768,31.265717,2.109191
-3.665212,31.200092,2.109191
-3.632257,31.134632,2.109191
-3.599964,31.068897,2.109191
-3.566746,31.003546,2.109191
-3.530341,30.939515,2.155243
-3.493507,30.875662,2.109191
-3.457102,30.811631,2.155243
-3.420267,30.747778,2.109191
-3.383862,30.683747,2.155243
-3.347028,30.619894,2.086705
-3.310623,30.555863,2.109191
-3.278163,30.490197,2.109191
-3.245112,30.424777,2.109191
-3.212915,30.359003,2.109191
-3.179601,30.293692,2.109191
-3.147667,30.227809,2.109191
-3.114090,30.162606,2.109191
-3.077685,30.098575,2.109191
-3.040851,30.034722,2.109191
-3.004445,29.970691,2.155243
-2.967611,29.906838,2.109191
-2.931206,29.842807,2.155243
-2.894372,29.778954,2.109191
-2.857966,29.714923,2.155243
-2.825866,29.649109,2.109191
-2.792456,29.583837,2.109191
-2.760618,29.517915,2.109191
-2.726945,29.452752,2.109191
-2.695370,29.386720,2.109191
-2.661434,29.321667,2.109191
-2.630122,29.255526,2.109191
-2.595923,29.190581,2.109191
-2.564873,29.124332,2.109191
-2.530412,29.059496,2.109191
-2.499625,28.993137,2.109191
-2.471413,28.925713,2.109191
-2.441519,28.858985,2.039215
-2.413044,28.791669,2.109191
-2.383150,28.724941,2.039215
-2.354412,28.657734,2.109191
-2.324518,28.591006,2.039215
-2.296892,28.523339,2.109191
-2.266998,28.456611,2.039215
-2.238742,28.389204,2.132397
-2.208849,28.322476,2.109191
-2.180855,28.254961,2.155243
-2.150962,28.188233,2.109191
-2.123231,28.120609,2.039215
-2.095605,28.052941,2.132397
-2.065711,27.986213,2.109191
-2.038086,27.918546,2.155243
-2.013578,27.849587,2.039215
-1.994806,27.778252,2.016369
-1.971424,27.708826,2.109551
-1.953007,27.637345,2.086705
-1.934590,27.565863,2.039215
-1.921296,27.492259,2.132397
-1.912087,27.416963,2.109551
-1.902853,27.341677,2.086705
-1.885982,27.269555,2.016369
-1.875911,27.194616,1.993523
-1.866702,27.119320,1.970677
-1.857494,27.044024,2.063859
-1.848285,26.968727,2.041014
-1.839077,26.893431,2.018168
-1.828717,26.818612,1.995322
-1.818358,26.743792,1.972476
-1.809149,26.668496,1.972476
-1.799940,26.593200,1.972476
-1.790732,26.517904,2.088504
-1.781523,26.442608,2.088504
-1.772315,26.367312,2.088504
-1.764282,26.291528,2.088504
-1.768048,26.214012,2.088504
-1.777256,26.138716,2.088504
-1.786465,26.063419,2.088504
-1.795674,25.988123,2.088504
-1.804882,25.912827,1.972476
-1.814091,25.837531,1.972476
-1.823299,25.762235,1.995322
-1.828701,25.685362,2.018168
-1.835139,25.608918,2.041014
-1.844347,25.533622,2.063859
-1.853556,25.458326,2.088504
-1.862764,25.383029,1.995322
-1.871973,25.307733,2.018168
-1.881182,25.232437,2.041014
-1.890390,25.157141,2.063859
-1.900750,25.082321,2.086705
-1.909958,25.007025,2.132397
-1.927018,24.934981,2.039215
-1.945435,24.863499,2.086705
-1.963852,24.792017,2.109551
-1.982269,24.720536,2.132397
-2.005249,24.650944,2.039215
-2.025286,24.580133,2.109191
-2.043703,24.508651,2.132397
-2.054269,24.433917,2.155243
-2.071263,24.361845,2.132397
-2.089736,24.290387,2.155243
-2.116201,24.222239,2.132397
-2.139583,24.152813,2.132397
-2.166311,24.084774,2.155243
-2.194518,24.017347,2.109191
-2.230717,23.953231,2.155243
-2.260611,23.886503,2.109191
-2.297016,23.822472,2.132397
-2.326910,23.755744,2.039215
-2.363315,23.691713,2.109191
-2.391839,23.624417,2.039215
-2.421733,23.557689,2.109191
-2.451626,23.490961,2.039215
-2.487616,23.426758,2.109191
-2.517510,23.360030,2.039215
-2.553915,23.295999,2.109191
-2.590320,23.231968,2.086705
-2.628096,23.168505,2.155243
-2.671012,23.107171,2.134195
-2.713929,23.045837,2.109191
-2.757261,22.984675,2.134195
-2.801408,22.923851,2.156682
-2.844325,22.862517,2.134195
-2.889538,22.806727,2.109191
-2.941663,22.754602,2.111709
-2.993788,22.702476,2.111709
-3.045914,22.650351,2.111709
-3.098039,22.598226,2.134195
-3.156337,22.550442,2.156682
-3.217671,22.507526,2.086705
-3.276709,22.459066,2.156682
-3.335842,22.410837,2.134195
-3.397176,22.367921,2.109191
-3.458510,22.325004,2.156682
-3.519945,22.282333,2.155243
-3.583798,22.245499,2.109191
-3.647829,22.209093,2.155243
-3.712684,22.174676,2.109191
-3.778915,22.143582,2.109191
-3.843878,22.109428,2.109191
-3.910606,22.079534,2.109191
-3.978274,22.051908,2.039215
-4.044287,22.020289,2.109191
-4.109468,21.986660,2.039215
-4.175373,21.954779,2.132397
-4.240662,21.921412,2.109191
-4.306458,21.889268,2.155243
-4.371857,21.856164,2.109191
-4.439524,21.828538,2.109191
-4.506252,21.798645,2.039215
-4.573920,21.771019,2.132397
-4.643350,21.747649,2.109191
-4.714832,21.729232,2.039215
-4.786954,21.712361,2.132397
-4.858436,21.693944,2.109191
-4.929918,21.675527,2.039215
-5.003993,21.663371,2.016369
-5.079290,21.654163,2.109551
-5.154104,21.643790,2.039215
-5.225608,21.625427,2.016369
-5.298321,21.609982,1.993523
-5.373617,21.600774,1.970677
-5.448913,21.591565,2.063859
-5.524209,21.582357,2.041014
-5.599506,21.573148,2.018168
-5.674325,21.562789,1.972476
-5.749599,21.553526,1.972476
-5.824895,21.544318,1.972476
-5.900191,21.535109,1.972476
-5.975488,21.525901,2.088504
-6.050784,21.516692,2.088504
-6.126080,21.507483,2.088504
-6.200899,21.504055,2.088504
-6.276195,21.513263,2.088504
-6.351492,21.522472,2.088504
-6.426788,21.531680,2.088504
-6.502084,21.540889,1.972476
-6.576694,21.551754,1.972476
-6.648176,21.570171,1.972476
-6.721093,21.585123,1.995322
-6.796389,21.594331,2.018168
-6.871685,21.603540,1.924986
-6.946982,21.612749,1.947831
-7.019031,21.629796,1.993523
-7.091199,21.646557,2.016369
-7.166495,21.655765,2.039215
-7.240519,21.668044,1.993523
-7.312001,21.686461,2.016369
-7.382103,21.708211,2.039215
-7.449770,21.735836,2.016369
-7.520685,21.755623,2.039215
-7.590064,21.779116,2.109191
-7.657732,21.806742,2.016369
-7.724460,21.836635,2.039215
-7.792127,21.864261,2.039215
-7.858855,21.894155,2.109191
-7.926523,21.921781,2.086705
-7.991762,21.955270,2.155243
-8.055793,21.991675,2.109191
-8.119646,22.028509,2.109191
-8.183677,22.064915,2.155243
-8.246001,22.105441,2.086705
-8.308360,22.145883,2.109191
-8.370575,22.186671,2.086705
-8.431909,22.229588,2.155243
-8.493243,22.272505,2.109191
-8.553281,22.318548,2.086705
-8.614615,22.361464,2.155243
-8.675949,22.404381,2.134195
-8.736258,22.449772,2.109191
-8.794895,22.499200,2.134195
-8.856067,22.542506,2.156682
-8.917401,22.585423,2.134195
-8.978609,22.628642,2.109191
-9.037246,22.678070,2.134195
-9.095883,22.727498,2.156682
-9.155652,22.774193,2.134195
-9.216986,22.817109,2.109191
-9.275783,22.866149,2.111709
-9.334420,22.915577,2.109191
-9.393290,22.964443,2.086705
-9.454623,23.007360,2.156682
-9.515957,23.050276,2.134195
-9.576159,23.095927,2.111709
-9.634795,23.145355,2.109191
-9.693432,23.194783,2.134195
-9.754208,23.239047,2.156682
-9.815309,23.282525,2.134195
-9.873946,23.331953,2.109191
-9.932582,23.381381,2.111709
-9.991219,23.430809,2.111709
-10.049856,23.480238,2.134195
-10.108492,23.529666,2.134195
-10.164990,23.584258,2.156682
-10.220929,23.640198,2.134195
-10.279402,23.690022,2.111709
-10.338039,23.739450,2.111709
-10.396675,23.788878,2.111709
-10.455312,23.838306,2.134195
-10.513949,23.887735,2.156682
-10.572585,23.937163,2.134195
-10.631847,23.985082,2.111709
-10.690648,24.034114,2.111709
-10.749285,24.083542,2.111709
-10.807921,24.132970,2.111709
-10.866558,24.182398,2.109191
-10.925195,24.231826,2.156682
-10.986363,24.275143,2.156682
-11.047072,24.319568,2.134195
-11.105708,24.368996,2.111709
-11.164345,24.418425,2.111709
-11.222982,24.467853,2.134195
-11.281618,24.517281,2.156682
-11.340255,24.566709,2.156682
-11.396480,24.621960,2.156682
-11.455116,24.671388,2.134195
-11.513753,24.720816,2.111709
-11.572390,24.770245,2.111709
-11.631026,24.819673,2.111709
-11.689663,24.869101,2.134195
-11.750326,24.913638,2.156682
-11.811540,24.956843,2.134195
-11.870177,25.006271,2.109191
-11.928813,25.055699,2.111709
-11.987450,25.105127,2.134195
-12.046087,25.154556,2.156682
-12.104841,25.203699,2.156682
-12.164149,25.251506,2.156682
-12.222786,25.300935,2.134195
-12.281423,25.350363,2.111709
-12.340059,25.399791,2.111709
-12.398696,25.449219,2.134195
-12.457333,25.498647,2.156682
-12.517372,25.544690,2.156682
-12.576008,25.594118,2.134195
-12.634645,25.643546,2.111709
-12.693282,25.692974,2.111709
-12.751918,25.742402,2.111709
-12.810555,25.791830,2.109191
-12.869192,25.841259,2.156682
-12.929005,25.887845,2.156682
-12.987642,25.937273,2.134195
-13.046279,25.986701,2.111709
-13.104915,26.036129,2.111709
-13.163552,26.085558,2.134195
-13.222189,26.134986,2.156682
-13.281840,26.181965,2.156682
-13.340477,26.231393,2.109191
-13.399113,26.280821,2.134195
-13.457750,26.330249,2.111709
-13.516387,26.379677,2.109191
-13.575023,26.429105,2.156682
-13.636357,26.472022,2.156682
-13.696677,26.517388,2.134195
-13.755313,26.566816,2.111709
-13.813950,26.616244,2.111709
-13.872587,26.665672,2.134195
-13.931223,26.715100,2.156682
-13.989860,26.764528,2.156682
-14.046308,26.819240,2.134195
-14.104945,26.868668,2.134195
-14.163582,26.918096,2.111709
-14.222218,26.967524,2.111709
-14.280855,27.016952,2.109191
-14.339492,27.066380,2.156682
-14.400543,27.109978,2.156682
-14.461369,27.154123,2.134195
-14.520005,27.203551,2.111709
-14.578642,27.252979,2.134195
-14.637279,27.302407,2.156682
-14.696927,27.349393,2.156682
-14.758260,27.392310,2.109191
-14.817179,27.441057,2.134195
-14.875816,27.490485,2.111709
-14.934453,27.539913,2.111709
-14.993089,27.589342,2.134195
-15.051726,27.638770,2.156682
-15.111765,27.684812,2.156682
-15.170401,27.734241,2.134195
-15.229038,27.783669,2.111709
-15.287675,27.833097,2.111709
-15.346312,27.882525,2.134195
-15.404948,27.931953,2.156682
-15.464091,27.980160,2.156682
-15.523011,28.028904,2.156682
-15.581647,28.078332,2.134195
-15.640284,28.127760,2.111709
-15.698921,28.177188,2.109191
-15.757558,28.226616,2.134195
-15.818606,28.270221,2.156682
-15.879434,28.314359,2.134195
-15.938071,28.363787,2.109191
-15.996708,28.413215,2.111709
-16.055344,28.462643,2.134195
-16.113981,28.512071,2.156682
-16.172618,28.561499,2.156682
-16.228842,28.616751,2.156682
-16.287479,28.666179,2.134195
-16.346116,28.715607,2.111709
-16.404752,28.765035,2.111709
