#s_m,x_m,y_m,psi_rad,kappa_radpm,vx_mps,ax_mps2
0.0000000,-16.8976187,28.1163725,2.4566399,0.0025142,8.4999358,0.0013565
0.1999700,-17.0525167,28.2428410,2.4571493,0.0025824,8.4999677,0.0000176
0.3999400,-17.2074779,28.3692331,2.4576104,0.0020204,8.4999681,-0.0000010
0.5999100,-17.3624896,28.4955625,2.4579533,0.0014087,8.4999681,-0.0000010
0.7998801,-17.5175374,28.6218480,2.4581810,0.0008721,8.4999681,-0.0000010
0.9998501,-17.6726075,28.7481062,2.4583084,0.0004063,8.4999680,-0.0000010
1.1998201,-17.8276882,28.8743516,2.4583492,0.0000062,8.4999680,-0.0000010
1.3997901,-17.9827693,29.0005967,2.4583159,-0.0003345,8.4999680,-0.0000010
1.5997601,-18.1378424,29.1268521,2.4582198,-0.0006219,8.4999680,-0.0000010
1.7997301,-18.2929000,29.2531268,2.4580709,-0.0008621,8.4999679,-0.0000010
1.9997002,-18.4479361,29.3794281,2.4578781,-0.0010610,8.4999679,-0.0000010
2.1996702,-18.6029456,29.5057624,2.4576492,-0.0012241,8.4999679,-0.0000010
2.3996402,-18.7579245,29.6321346,2.4573908,-0.0013564,8.4999679,-0.0000010
2.5996102,-18.9128692,29.7585489,2.4571086,-0.0014623,8.4999679,-0.0000010
2.7995802,-19.0677772,29.8850086,2.4568074,-0.0015457,8.4999678,-0.0000011
2.9995502,-19.2226463,30.0115162,2.4564916,-0.0016096,8.4999678,-0.0000011
3.1995203,-19.3774748,30.1380737,2.4561648,-0.0016563,8.4999678,-0.0000011
3.3994903,-19.5322614,30.2646825,2.4558302,-0.0016873,8.4999678,-0.0000011
3.5994603,-19.6870055,30.3913435,2.4554909,-0.0017032,8.4999677,-0.0000012
3.7994303,-19.8417065,30.5180573,2.4551499,-0.0017035,8.4999677,-0.0000012
3.9994003,-19.9963644,30.6448238,2.4548105,-0.0016872,8.4999677,-0.0000012
4.1993703,-20.1509796,30.7716425,2.4544762,-0.0016521,8.4999676,-0.0000013
4.3993404,-20.3055529,30.8985122,2.4541510,-0.0015949,8.4999676,-0.0000013
4.5993104,-20.4600858,31.0254311,2.4538398,-0.0015117,8.4999676,-0.0000013
4.7992804,-20.6145804,31.1523967,2.4535481,-0.0013975,8.4999675,-0.0000014
4.9992504,-20.7690394,31.2794054,2.4532829,-0.0012463,8.4999675,-0.0000014
5.1992204,-20.9234668,31.4064524,2.4530521,-0.0010513,8.4999675,-0.0000014
5.3991904,-21.0778675,31.5335318,2.4528652,-0.0008050,8.4999674,-0.0000015
5.5991605,-21.2322478,31.6606359,2.4527333,-0.0004991,8.4999674,-0.0000015
5.7991305,-21.3866154,31.7877552,2.4526692,-0.0001247,8.4999674,-0.0000015
5.9991005,-21.5409798,31.9148782,2.4526876,0.0003276,8.4999673,-0.0000015
6.1990705,-21.6953525,32.0419908,2.4528049,0.0008672,8.4999673,-0.0000015
6.3990405,-21.8497473,32.1690765,2.4530395,0.0015039,8.4999673,-0.0000015
6.5990105,-22.0041804,32.2961155,2.4534119,0.0022467,8.4999672,-0.0000015
6.7989806,-22.1586706,32.4230848,2.4539442,0.0031043,8.4999672,-0.0000015
6.9989506,-22.3132396,32.5499579,2.4546599,0.0040841,8.4999672,-0.0000015
7.1989206,-22.4679122,32.6767045,2.4555844,0.0051920,8.4999671,-0.0000014
7.3988906,-22.6227163,32.8032901,2.4567435,0.0064317,8.4999671,-0.0000013
7.5988606,-22.7776832,32.9296761,2.4581638,0.0078042,8.4999671,-0.0000013
7.7988306,-22.9328472,33.0558199,2.4598718,0.0093074,8.4999670,-0.0000012
7.9988007,-23.0882456,33.1816743,2.4618931,0.0109353,8.4999670,-0.0000011
8.1987707,-23.2439189,33.3071882,2.4642516,0.0126776,8.4999670,-0.0000012
8.3987407,-23.3999099,33.4323068,2.4669689,0.0145198,8.4999670,-0.0000013
8.5987107,-23.5562634,33.5569715,2.4700632,0.0164433,8.4999669,-0.0000014
8.7986807,-23.7130258,33.6811212,2.4735486,0.0184259,8.4999669,-0.0000013
8.9986507,-23.8702443,33.8046922,2.4774344,0.0204431,8.4999669,-0.0000016
9.1986208,-24.0279663,33.9276191,2.4817252,0.0224712,8.4999668,-0.0000023
9.3985908,-24.1862388,34.0498358,2.4864208,0.0244884,8.4999668,-0.0000023
9.5985608,-24.3451074,34.1712758,2.4915168,0.0264735,8.4999667,-0.0000013
9.7985308,-24.5046161,34.2918728,2.4970049,0.0284084,8.4999667,-0.0000013
9.9985008,-24.6648067,34.4115616,2.5028741,0.0302852,8.4999667,-0.0000018
10.1984708,-24.8257186,34.5302780,2.5091125,0.0321032,8.4999666,-0.0000012
10.3984408,-24.9873885,34.6479588,2.5157084,0.0338622,8.4999666,0.0000008
10.5984109,-25.1498509,34.7645420,2.5226501,0.0355632,8.4999666,0.0000013
10.7983809,-25.3131375,34.8799669,2.5299264,0.0372124,8.4999666,0.0000015
10.9983509,-25.4772834,34.9941774,2.5375277,0.0388120,8.4999667,0.0000016
11.1983209,-25.6423153,35.1071139,2.5454436,0.0403539,8.4999667,0.0000012
11.3982909,-25.8082522,35.2187149,2.5536606,0.0418177,8.4999667,0.0000004
11.5982609,-25.9751156,35.3289243,2.5621596,0.0431641,8.4999667,-0.0000013
11.7982310,-26.1429229,35.4376894,2.5709115,0.0443318,8.4999667,-0.0000040
11.9982010,-26.3116864,35.5449627,2.5798729,0.0452358,8.4999666,-0.0000080
12.1981710,-26.4814118,35.6507053,2.5889808,0.0457746,8.4999664,-0.0000125
12.3981410,-26.6520965,35.7548904,2.5981525,0.0458359,8.4999661,-0.0000125
12.5981110,-26.8237282,35.8575076,2.6072821,0.0453833,8.4999658,-0.0000030
12.7980810,-26.9962721,35.9585570,2.6162812,0.0445419,8.4999658,0.0000042
12.9980511,-27.1696999,36.0580628,2.6250417,0.0427295,8.4999659,0.0000044
13.1980211,-27.3439854,36.1560928,2.6333261,0.0401256,8.4999660,0.0000044
13.3979911,-27.5190570,36.2527246,2.6410783,0.0373161,8.4999661,0.0000040
13.5979611,-27.6948428,36.3480471,2.6482304,0.0341444,8.4999662,0.0000036
13.7979311,-27.8712765,36.4421683,2.6547205,0.0307214,8.4999663,0.0000032
13.9979011,-28.0482855,36.5352044,2.6605092,0.0271531,8.4999663,0.0000028
14.1978712,-28.2257980,36.6272786,2.6655780,0.0235391,8.4999664,0.0000025
14.3978412,-28.4037430,36.7185166,2.6699267,0.0199619,8.4999665,0.0000024
14.5978112,-28.5820523,36.8090438,2.6735698,0.0164876,8.4999665,0.0000023
14.7977812,-28.7606607,36.8989826,2.6765334,0.0131662,8.4999666,0.0000023
14.9977512,-28.9395071,36.9884506,2.6788518,0.0100330,8.4999666,0.0000024
15.1977212,-29.1185222,37.0775530,2.6805655,0.0071182,8.4999667,0.0000026
15.3976913,-29.2976623,37.1663983,2.6817184,0.0044310,8.4999667,0.0000028
15.5976613,-29.4768815,37.2550837,2.6823568,0.0019783,8.4999668,0.0000031
15.7976313,-29.6561363,37.3436974,2.6825280,-0.0002363,8.4999669,0.0000033
15.9976013,-29.8353874,37.4323186,2.6822800,-0.0022107,8.4999670,0.0000036
16.1975713,-30.0146000,37.5210185,2.6816609,-0.0039436,8.4999670,0.0000039
16.3975413,-30.1937434,37.6098591,2.6807194,-0.0054325,8.4999671,0.0000041
16.5975114,-30.3727910,37.6988937,2.6795047,-0.0066727,8.4999672,0.0000043
16.7974814,-30.5517205,37.7881667,2.6780671,-0.0076568,8.4999673,0.0000045
16.9974514,-30.7305141,37.8777132,2.6764590,-0.0083738,8.4999674,0.0000046
17.1974214,-30.9091585,37.9675586,2.6747352,-0.0088084,8.4999675,0.0000047
17.3973914,-31.0876457,38.0577183,2.6729542,-0.0089411,8.4999677,0.0000047
17.5973614,-31.2659727,38.1481967,2.6711785,-0.0087479,8.4999678,0.0000046
17.7973315,-31.4441427,38.2389867,2.6694762,-0.0082005,8.4999679,0.0000045
17.9973015,-31.6221654,38.3300686,2.6679213,-0.0072670,8.4999680,0.0000043
18.1972715,-31.8000576,38.4214089,2.6665946,-0.0059121,8.4999681,0.0000040
18.3972415,-31.9778440,38.5129592,2.6655842,-0.0040989,8.4999682,0.0000038
18.5972115,-32.1555579,38.6046550,2.6649859,-0.0017897,8.4999683,0.0000035
18.7971815,-32.3332417,38.6964139,2.6649028,0.0010522,8.4999683,0.0000033
18.9971516,-32.5109478,38.7881347,2.6654455,0.0044611,8.4999684,0.0000032
19.1971216,-32.6887385,38.8796958,2.6667310,0.0084671,8.4999685,0.0000036
19.3970916,-32.8666867,38.9709537,2.6688816,0.0130940,8.4999686,0.0000046
19.5970616,-33.0448753,39.0617427,2.6720238,0.0183568,8.4999687,0.0000066
19.7970316,-33.2233972,39.1518731,2.6762853,0.0242584,8.4999688,0.0000104
19.9970016,-33.4023387,39.2411239,2.6817909,0.0307985,8.4999691,0.0000165
20.1969716,-33.5818257,39.3292663,2.6886604,0.0379276,8.4999695,0.0000251
20.3969417,-33.7619818,39.4160452,2.6969980,0.0455006,8.4999701,0.0000368
20.5969117,-33.9429259,39.5011810,2.7069067,0.0536828,8.4999709,0.0000476
20.7968817,-34.1247779,39.5843704,2.7184868,0.0621774,8.4999721,0.0000489
20.9968517,-34.3076523,39.6652941,2.7317601,0.0705137,8.4999732,0.0000367
21.1968217,-34.4916498,39.7436321,2.7466669,0.0784627,8.4999741,0.0000114
21.3967917,-34.6768524,39.8190742,2.7631091,0.0857859,8.4999743,-0.0000254
21.5967618,-34.8633192,39.8913284,2.7809383,0.0922796,8.4999737,-0.0000699
21.7967318,-35.0510840,39.9601294,2.7999739,0.0978237,8.4999721,-0.0001154
21.9967018,-35.2401549,40.0252445,2.8200182,0.1023722,8.4999694,-0.0001515
22.1966718,-35.4305157,40.0864759,2.8408718,0.1059402,8.4999658,-0.0001658
22.3966418,-35.6221278,40.1436617,2.8623427,0.1085786,8.4999619,-0.0001512
22.5966118,-35.8149340,40.1966752,2.8842511,0.1103485,8.4999584,-0.0001130
22.7965819,-36.0088614,40.2454231,2.9064288,0.1112837,8.4999557,-0.0000667
22.9965519,-36.2038244,40.2898459,2.9287066,0.1113765,8.4999541,-0.0000333
23.1965219,-36.3997279,40.3299184,2.9509172,0.1105382,8.4999533,-0.0000276
23.3964919,-36.5964691,40.3656560,2.9728248,0.1085315,8.4999527,-0.0003778
23.5964619,-36.7939400,40.3971171,2.9942902,0.1054385,8.4999438,-0.4212592
23.7964319,-36.9920281,40.4244365,3.0145049,0.0970149,8.4900275,-4.6570521
23.9964020,-37.1906127,40.4478911,3.0333783,0.0921671,8.3796196,-4.6480305
24.1963720,-37.3896015,40.4676324,3.0521526,0.0956005,8.2679557,-4.6243079
24.3963420,-37.5889325,40.4835701,3.0715545,0.0984481,8.1553446,-4.6260728
24.5963120,-37.7885384,40.4955794,3.0915496,0.1015354,8.0411127,-4.6487731
24.7962820,-37.9883462,40.5035344,3.1121485,0.1044796,7.9246617,-4.6816101
24.9962520,-38.1882724,40.5073133,3.1333363,0.1074125,7.8056326,-4.7125198
25.1962221,-38.3882428,40.5067946,3.1551574,0.1109736,7.6839557,-4.7332204
25.3961921,-38.5881075,40.5018481,3.1775651,0.1126086,7.5597732,-4.7261775
25.5961621,-38.7877604,40.4923894,3.2004932,0.1176852,7.4337059,-4.6836340
25.7961321,-38.9871893,40.4782332,3.2246439,0.1242255,7.3066278,-4.6103231
25.9961021,-39.1862406,40.4591248,3.2501712,0.1309420,7.1793424,-4.5070930
26.1960721,-39.3847187,40.4348107,3.2770471,0.1381252,7.0526867,-4.3768533
26.3960422,-39.5824570,40.4050218,3.3054542,0.1461549,6.9274751,-4.2255450
26.5960122,-39.7792443,40.3694652,3.3355328,0.1548118,6.8044064,-4.0598664
26.7959822,-39.9748412,40.3278322,3.3673998,0.1639665,6.6840290,-3.8860830
26.9959522,-40.1689718,40.2798069,3.4011358,0.1734371,6.5667377,-3.7094808
27.1959222,-40.3613228,40.2250766,3.4367862,0.1830612,6.4527881,-3.5341847
27.3958922,-40.5515433,40.1633414,3.4743629,0.1926833,6.3423191,-3.3632677
27.5958623,-40.7392444,40.0943242,3.5138467,0.2021664,6.2353754,-3.1950209
27.7958323,-40.9239826,40.0177878,3.5551839,0.2113281,6.1320543,-3.0332378
27.9958023,-41.1052954,39.9335330,3.5983000,0.2200086,6.0323276,-2.8927307
28.1957723,-41.2827381,39.8413854,3.6430987,0.2280061,5.9356598,-2.7741365
28.3957423,-41.4558046,39.7412434,3.6894518,0.2354793,5.8414527,-2.7436525
28.5957123,-41.6239720,39.6330660,3.7371777,0.2411874,5.7467619,-2.8162633
28.7956824,-41.7867248,39.5169021,3.7860405,0.2486189,5.6479143,-2.4869705
28.9956524,-41.9434902,39.3928049,3.8365472,0.2540134,5.5591634,-1.7177844
29.1956224,-42.0938878,39.2607982,3.8874894,0.2592451,5.4970253,-1.0662177
29.3955924,-42.2372916,39.1209927,3.9420124,0.2856883,5.4581007,-0.6189313
29.5955624,-42.3722903,38.9733490,4.0027460,0.3219552,5.4353775,-0.5415997
29.7955324,-42.4975783,38.8175023,4.0684420,0.3397694,5.4154151,-0.5888907
29.9955024,-42.6125214,38.6528515,4.1382362,0.3587794,5.3936258,-0.6389696
30.1954725,-42.7161484,38.4792713,4.2098620,0.3475155,5.3698836,-0.6677108
30.3954425,-42.8054047,38.3031207,4.2792958,0.3944007,5.3449608,-0.6276788
30.5954125,-42.8870522,38.1240869,4.2781163,0.0700076,5.3214258,-0.4293034
30.7953825,-42.9679410,37.9416611,4.3178315,0.2693574,5.3052687,-0.2651385
30.9953525,-43.0402325,37.7527590,4.3767805,0.3014081,5.2952655,-0.0731176
31.1953225,-43.1001177,37.5628052,4.4372927,0.2952550,5.2925036,0.0874279
31.3952926,-43.1490832,37.3685198,4.4927955,0.2665061,5.2958059,0.2428229
31.5952626,-43.1874481,37.1721156,4.5466364,0.2790190,5.3049670,0.3819625
31.7952326,-43.2148062,36.9740779,4.6038955,0.2894484,5.3193455,0.4927947
31.9952026,-43.2306809,36.7746892,4.6620779,0.2921390,5.3378390,0.5704234
32.1951726,-43.2348756,36.5746611,4.7208932,0.2957973,5.3591660,0.6182552
32.3951426,-43.2272487,36.3749349,4.7803242,0.2987579,5.3821859,0.6676075
32.5951127,-43.2077253,36.1760180,4.8401733,0.2998293,5.4069334,0.7596463
32.7950827,-43.1763273,35.9785868,4.8999881,0.2980472,5.4349555,0.9162577
32.9950527,-43.1332353,35.7833489,4.9590898,0.2923619,5.4685637,1.1460423
33.1950227,-43.0788209,35.5909450,5.0165970,0.2819572,5.5103119,1.4367819
33.3949927,-43.0136621,35.4019011,5.0715499,0.2669639,5.5622086,1.7553355
33.5949627,-42.9385164,35.2165939,5.1231442,0.2487342,5.6249616,2.0639033
33.7949328,-42.8542517,35.0352447,5.1709393,0.2292935,5.6978619,2.3403806
33.9949028,-42.7617593,34.8579437,5.2148698,0.2102236,5.7794154,2.5823843
34.1948728,-42.6618915,34.6846841,5.2550878,0.1921836,5.8680867,2.7971820
34.3948428,-42.5554350,34.5153886,5.2918102,0.1752518,5.9626459,2.9923445
34.5948128,-42.4431078,34.3499276,5.3252516,0.1593586,6.0621700,3.1725550
34.7947828,-42.3255626,34.1881319,5.3556159,0.1444631,6.1659336,3.3416352
34.9947529,-42.2033985,34.0298125,5.3831021,0.1305670,6.2733715,3.5004057
35.1947229,-42.0771541,33.8747567,5.4079102,0.1176888,6.3839755,3.6436997
35.3946929,-41.9472859,33.7227089,5.4302435,0.1058040,6.4971074,3.7766272
35.5946629,-41.8142202,33.5734373,5.4502956,0.0948737,6.6123240,3.9000687
35.7946329,-41.6783378,33.4267124,5.4682515,0.0848424,6.7292364,4.0149816
35.9946029,-41.5399785,33.2823104,5.4842847,0.0756506,6.8475086,4.1223453
36.1945730,-41.3994447,33.1400155,5.4985565,0.0672258,6.9668547,4.2231142
36.3945430,-41.2570073,32.9996220,5.5112153,0.0595265,7.0870344,4.3181550
36.5945130,-41.1129057,32.8609331,5.5223989,0.0524486,7.2078471,4.4082681
36.7944830,-40.9673604,32.7237679,5.5322295,0.0460570,7.3291270,4.4940636
36.9944530,-40.8205505,32.5879431,5.5408366,0.0399859,7.4507355,4.5775746
37.1944230,-40.6726794,32.4533150,5.5482164,0.0336795,7.5725963,4.6586650
37.3943931,-40.5239637,32.3197380,5.5543348,0.0287464,7.6946346,4.7312797
37.5943631,-40.3744661,32.1870130,5.5598910,0.0266035,7.8166252,4.7932680
37.7943331,-40.2242233,32.0550465,5.5649323,0.0238111,7.9383027,4.8485627
37.9943031,-40.0733567,31.9237993,5.5694165,0.0211655,8.0595151,4.8956715
38.1942731,-39.9219357,31.7931937,5.5734325,0.0190607,8.1800830,4.9337383
38.3942431,-39.7700163,31.6631660,5.5770599,0.0172799,8.2998167,4.8317792
38.5942132,-39.6176478,31.5336650,5.5803659,0.0157885,8.4154251,3.5756974
38.7941832,-39.4648709,31.4046455,5.5833792,0.0145326,8.4999673,0.0000046
38.9941532,-39.3117161,31.2760744,5.5862715,0.0144012,8.4999674,0.0000004
39.1941232,-39.1581914,31.1479449,5.5891409,0.0142142,8.4999674,0.0000011
39.3940932,-39.0043053,31.0202495,5.5918959,0.0133011,8.4999675,0.0000013
39.5940632,-38.8500813,30.8929621,5.5944251,0.0119729,8.4999675,0.0000012
39.7940332,-38.6955537,30.7660431,5.5966619,0.0103920,8.4999675,0.0000006
39.9940033,-38.5407628,30.6394449,5.5985730,0.0087214,8.4999675,-0.0000000
40.1939733,-38.3857511,30.5131169,5.6001515,0.0070676,8.4999675,-0.0000000
40.3939433,-38.2305606,30.3870085,5.6014082,0.0055019,8.4999675,-0.0000000
40.5939133,-38.0752308,30.2610714,5.6023650,0.0040662,8.4999675,-0.0000000
40.7938833,-37.9197963,30.1352602,5.6030502,0.0027854,8.4999675,-0.0000000
40.9938533,-37.7642910,30.0095363,5.6034953,0.0016667,8.4999675,0.0000000
41.1938234,-37.6087433,29.8838652,5.6037326,0.0007096,8.4999675,0.0000000
41.3937934,-37.4531772,29.7582170,5.6037939,-0.0000917,8.4999675,0.0000001
41.5937634,-37.2976130,29.6325666,5.6037094,-0.0007470,8.4999675,0.0000001
41.7937334,-37.1420672,29.5068937,5.6035072,-0.0012678,8.4999675,0.0000001
41.9937034,-36.9865528,29.3811819,5.6032131,-0.0016672,8.4999675,0.0000001
42.1936734,-36.8310801,29.2554188,5.6028498,-0.0019586,8.4999675,0.0000001
42.3936435,-36.6756565,29.1295953,5.6024378,-0.0021555,8.4999675,0.0000002
42.5936135,-36.5202868,29.0037051,5.6019946,-0.0022710,8.4999675,0.0000002
42.7935835,-36.3649742,28.8777447,5.6015352,-0.0023176,8.4999675,0.0000002
42.9935535,-36.2097199,28.7517125,5.6010723,-0.0023070,8.4999676,0.0000002
43.1935235,-36.0545236,28.6256090,5.6006162,-0.0022501,8.4999676,0.0000002
43.3934935,-35.8993840,28.4994357,5.6001753,-0.0021566,8.4999676,0.0000002
43.5934636,-35.7442987,28.3731958,5.5997559,-0.0020354,8.4999676,0.0000002
43.7934336,-35.5892648,28.2468927,5.5993628,-0.0018942,8.4999676,0.0000002
43.9934036,-35.4342788,28.1205311,5.5989993,-0.0017397,8.4999676,0.0000002
44.1933736,-35.2793367,27.9941155,5.5986676,-0.0015778,8.4999676,0.0000002
44.3933436,-35.1244346,27.8676512,5.5983685,-0.0014134,8.4999676,0.0000002
44.5933136,-34.9695682,27.7411430,5.5981021,-0.0012504,8.4999676,0.0000002
44.7932837,-34.8147334,27.6145961,5.5978680,-0.0010921,8.4999676,0.0000002
44.9932537,-34.6599264,27.4880154,5.5976648,-0.0009410,8.4999676,0.0000002
45.1932237,-34.5051432,27.3614055,5.5974909,-0.0007991,8.4999676,0.0000002
45.3931937,-34.3503802,27.2347708,5.5973444,-0.0006677,8.4999676,0.0000002
45.5931637,-34.1956342,27.1081155,5.5972230,-0.0005478,8.4999676,0.0000002
45.7931337,-34.0409022,26.9814432,5.5971244,-0.0004397,8.4999676,0.0000002
45.9931038,-33.8861812,26.8547572,5.5970462,-0.0003436,8.4999676,0.0000002
46.1930738,-33.7314691,26.7280605,5.5969860,-0.0002593,8.4999676,0.0000002
46.3930438,-33.5767635,26.6013558,5.5969416,-0.0001865,8.4999676,0.0000002
46.5930138,-33.4220627,26.4746453,5.5969106,-0.0001245,8.4999676,0.0000002
46.7929838,-33.2673650,26.3479309,5.5968910,-0.0000728,8.4999676,0.0000002
46.9929538,-33.1126693,26.2212142,5.5968807,-0.0000305,8.4999676,0.0000002
47.1929239,-32.9579743,26.0944965,5.5968781,0.0000031,8.4999676,0.0000002
47.3928939,-32.8032792,25.9677788,5.5968814,0.0000291,8.4999676,0.0000002
47.5928639,-32.6485835,25.8410621,5.5968891,0.0000482,8.4999676,0.0000002
47.7928339,-32.4938865,25.7143468,5.5969001,0.0000612,8.4999676,0.0000002
47.9928039,-32.3391880,25.5876334,5.5969132,0.0000691,8.4999677,0.0000002
48.1927739,-32.1844877,25.4609220,5.5969274,0.0000726,8.4999677,0.0000002
48.3927440,-32.0297856,25.3342130,5.5969420,0.0000724,8.4999677,0.0000002
48.5927140,-31.8750817,25.2075061,5.5969562,0.0000693,8.4999677,0.0000002
48.7926840,-31.7203760,25.0808014,5.5969695,0.0000638,8.4999677,0.0000002
48.9926540,-31.5656687,24.9540986,5.5969815,0.0000566,8.4999677,0.0000002
49.1926240,-31.4109599,24.8273976,5.5969920,0.0000476,8.4999677,0.0000002
49.3925940,-31.2562500,24.7006980,5.5970007,0.0000395,8.4999677,0.0000002
49.5925640,-31.1015391,24.5739997,5.5970072,0.0000257,8.4999677,0.0000001
49.7925341,-30.9468273,24.4473022,5.5970143,0.0000482,8.4999677,0.0000001
49.9925041,-30.7921140,24.3206058,5.5970237,0.0000430,8.4999677,0.0000000
50.1924741,-30.6373998,24.1939106,5.5970285,0.0000025,8.4999677,-0.0000000
50.3924441,-30.4826857,24.0672159,5.5970279,-0.0000056,8.4999677,-0.0000000
50.5924141,-30.3279717,23.9405210,5.5970261,-0.0000131,8.4999677,-0.0000000
50.7923841,-30.1732581,23.8138257,5.5970228,-0.0000196,8.4999677,-0.0000000
50.9923542,-30.0185450,23.6871298,5.5970183,-0.0000256,8.4999677,-0.0000000
51.1923242,-29.8638325,23.5604331,5.5970126,-0.0000310,8.4999677,-0.0000000
51.3922942,-29.7091207,23.4337354,5.5970059,-0.0000357,8.4999677,-0.0000000
51.5922642,-29.5544099,23.3070366,5.5969984,-0.0000399,8.4999677,-0.0000000
51.7922342,-29.3997001,23.1803367,5.5969900,-0.0000435,8.4999677,-0.0000000
51.9922042,-29.2449914,23.0536353,5.5969810,-0.0000464,8.4999677,-0.0000000
52.1921743,-29.0902839,22.9269325,5.5969715,-0.0000489,8.4999677,-0.0000000
52.3921443,-28.9355776,22.8002283,5.5969615,-0.0000508,8.4999677,-0.0000000
52.5921143,-28.7808726,22.6735224,5.5969512,-0.0000523,8.4999677,-0.0000000
52.7920843,-28.6261689,22.5468149,5.5969406,-0.0000534,8.4999677,-0.0000000
52.9920543,-28.4714666,22.4201058,5.5969299,-0.0000541,8.4999677,-0.0000000
53.1920243,-28.3167657,22.2933950,5.5969190,-0.0000545,8.4999677,-0.0000000
53.3919944,-28.1620661,22.1666826,5.5969081,-0.0000546,8.4999677,-0.0000000
53.5919644,-28.0073679,22.0399684,5.5968972,-0.0000545,8.4999677,-0.0000000
53.7919344,-27.8526711,21.9132525,5.5968863,-0.0000541,8.4999677,-0.0000000
53.9919044,-27.6979757,21.7865350,5.5968756,-0.0000537,8.4999677,-0.0000000
54.1918744,-27.5432816,21.6598158,5.5968649,-0.0000531,8.4999677,-0.0000000
54.3918444,-27.3885888,21.5330950,5.5968544,-0.0000524,8.4999677,-0.0000000
54.5918145,-27.2338974,21.4063726,5.5968440,-0.0000516,8.4999677,-0.0000000
54.7917845,-27.0792073,21.2796485,5.5968337,-0.0000508,8.4999677,-0.0000000
54.9917545,-26.9245185,21.1529229,5.5968236,-0.0000500,8.4999677,-0.0000000
55.1917245,-26.7698310,21.0261958,5.5968137,-0.0000492,8.4999677,-0.0000000
55.3916945,-26.6151447,20.8994671,5.5968040,-0.0000484,8.4999677,-0.0000000
55.5916645,-26.4604596,20.7727369,5.5967944,-0.0000476,8.4999677,-0.0000000
55.7916346,-26.3057757,20.6460053,5.5967849,-0.0000468,8.4999677,-0.0000000
55.9916046,-26.1510931,20.5192722,5.5967756,-0.0000461,8.4999677,-0.0000000
56.1915746,-25.9964116,20.3925377,5.5967665,-0.0000454,8.4999677,-0.0000000
56.3915446,-25.8417312,20.2658018,5.5967575,-0.0000448,8.4999677,-0.0000000
56.5915146,-25.6870520,20.1390644,5.5967486,-0.0000442,8.4999677,-0.0000000
56.7914846,-25.5323739,20.0123258,5.5967398,-0.0000437,8.4999677,-0.0000000
56.9914547,-25.3776969,19.8855857,5.5967311,-0.0000432,8.4999677,-0.0000000
57.1914247,-25.2230210,19.7588444,5.5967225,-0.0000428,8.4999677,-0.0000000
57.3913947,-25.0683462,19.6321017,5.5967140,-0.0000424,8.4999677,-0.0000000
57.5913647,-24.9136724,19.5053577,5.5967055,-0.0000421,8.4999677,-0.0000000
57.7913347,-24.7589998,19.3786124,5.5966972,-0.0000417,8.4999677,-0.0000000
57.9913047,-24.6043281,19.2518658,5.5966888,-0.0000415,8.4999677,-0.0000000
58.1912748,-24.4496576,19.1251179,5.5966806,-0.0000412,8.4999677,-0.0000000
58.3912448,-24.2949881,18.9983688,5.5966724,-0.0000409,8.4999677,-0.0000000
58.5912148,-24.1403196,18.8716184,5.5966642,-0.0000407,8.4999677,-0.0000000
58.7911848,-23.9856521,18.7448667,5.5966561,-0.0000405,8.4999677,-0.0000000
58.9911548,-23.8309857,18.6181138,5.5966480,-0.0000403,8.4999677,-0.0000000
59.1911248,-23.6763203,18.4913596,5.5966400,-0.0000401,8.4999677,-0.0000000
59.3910948,-23.5216559,18.3646042,5.5966320,-0.0000398,8.4999677,-0.0000000
59.5910649,-23.3669925,18.2378476,5.5966240,-0.0000396,8.4999677,-0.0000000
59.7910349,-23.2123302,18.1110897,5.5966161,-0.0000394,8.4999677,-0.0000000
59.9910049,-23.0576688,17.9843306,5.5966083,-0.0000392,8.4999677,-0.0000000
60.1909749,-22.9030084,17.8575703,5.5966005,-0.0000390,8.4999677,-0.0000000
60.3909449,-22.7483490,17.7308088,5.5965927,-0.0000387,8.4999677,-0.0000000
60.5909149,-22.5936906,17.6040461,5.5965850,-0.0000385,8.4999677,-0.0000000
60.7908850,-22.4390332,17.4772822,5.5965773,-0.0000382,8.4999677,-0.0000000
60.9908550,-22.2843767,17.3505171,5.5965697,-0.0000380,8.4999677,-0.0000000
61.1908250,-22.1297212,17.2237509,5.5965621,-0.0000377,8.4999677,-0.0000000
61.3907950,-21.9750666,17.0969835,5.5965546,-0.0000374,8.4999677,-0.0000000
61.5907650,-21.8204130,16.9702149,5.5965472,-0.0000372,8.4999677,-0.0000000
61.7907350,-21.6657604,16.8434452,5.5965397,-0.0000369,8.4999677,-0.0000000
61.9907051,-21.5111086,16.7166743,5.5965324,-0.0000366,8.4999677,-0.0000000
62.1906751,-21.3564579,16.5899023,5.5965251,-0.0000363,8.4999677,-0.0000000
62.3906451,-21.2018080,16.4631292,5.5965179,-0.0000360,8.4999677,-0.0000000
62.5906151,-21.0471590,16.3363550,5.5965107,-0.0000358,8.4999677,-0.0000000
62.7905851,-20.8925110,16.2095797,5.5965036,-0.0000355,8.4999677,-0.0000000
62.9905551,-20.7378638,16.0828032,5.5964965,-0.0000352,8.4999677,-0.0000000
63.1905252,-20.5832175,15.9560257,5.5964895,-0.0000350,8.4999677,-0.0000000
63.3904952,-20.4285722,15.8292471,5.5964825,-0.0000348,8.4999677,-0.0000000
63.5904652,-20.2739277,15.7024674,5.5964756,-0.0000345,8.4999677,-0.0000000
63.7904352,-20.1192841,15.5756866,5.5964687,-0.0000343,8.4999677,-0.0000000
63.9904052,-19.9646413,15.4489048,5.5964618,-0.0000341,8.4999677,-0.0000000
64.1903752,-19.8099994,15.3221220,5.5964550,-0.0000340,8.4999677,-0.0000000
64.3903453,-19.6553584,15.1953380,5.5964483,-0.0000338,8.4999677,-0.0000000
64.5903153,-19.5007182,15.0685531,5.5964415,-0.0000336,8.4999677,-0.0000000
64.7902853,-19.3460789,14.9417671,5.5964348,-0.0000335,8.4999677,-0.0000000
64.9902553,-19.1914405,14.8149800,5.5964281,-0.0000333,8.4999677,-0.0000000
65.1902253,-19.0368029,14.6881920,5.5964215,-0.0000332,8.4999677,-0.0000000
65.3901953,-18.8821661,14.5614029,5.5964148,-0.0000331,8.4999677,-0.0000000
65.5901654,-18.7275301,14.4346127,5.5964082,-0.0000329,8.4999677,-0.0000000
65.7901354,-18.5728950,14.3078216,5.5964017,-0.0000328,8.4999677,-0.0000000
65.9901054,-18.4182608,14.1810294,5.5963951,-0.0000327,8.4999677,-0.0000000
66.1900754,-18.2636273,14.0542363,5.5963886,-0.0000326,8.4999677,-0.0000000
66.3900454,-18.1089947,13.9274421,5.5963821,-0.0000324,8.4999677,-0.0000000
66.5900154,-17.9543629,13.8006469,5.5963756,-0.0000323,8.4999677,-0.0000000
66.7899855,-17.7997319,13.6738508,5.5963692,-0.0000322,8.4999677,-0.0000000
66.9899555,-17.6451018,13.5470536,5.5963628,-0.0000320,8.4999677,-0.0000000
67.1899255,-17.4904724,13.4202554,5.5963564,-0.0000319,8.4999677,-0.0000000
67.3898955,-17.3358439,13.2934563,5.5963500,-0.0000317,8.4999677,-0.0000000
67.5898655,-17.1812161,13.1666562,5.5963437,-0.0000316,8.4999677,-0.0000000
67.7898355,-17.0265892,13.0398551,5.5963374,-0.0000315,8.4999677,-0.0000000
67.9898056,-16.8719630,12.9130530,5.5963311,-0.0000313,8.4999677,-0.0000000
68.1897756,-16.7173377,12.7862499,5.5963249,-0.0000312,8.4999677,-0.0000000
68.3897456,-16.5627131,12.6594459,5.5963186,-0.0000310,8.4999677,-0.0000000
68.5897156,-16.4080894,12.5326410,5.5963124,-0.0000309,8.4999677,-0.0000000
68.7896856,-16.2534664,12.4058350,5.5963063,-0.0000307,8.4999677,-0.0000000
68.9896556,-16.0988442,12.2790282,5.5963002,-0.0000306,8.4999677,-0.0000000
69.1896256,-15.9442227,12.1522203,5.5962941,-0.0000304,8.4999677,-0.0000000
69.3895957,-15.7896021,12.0254116,5.5962880,-0.0000303,8.4999677,-0.0000000
69.5895657,-15.6349822,11.8986019,5.5962819,-0.0000301,8.4999677,-0.0000000
69.7895357,-15.4803631,11.7717912,5.5962759,-0.0000300,8.4999677,-0.0000000
69.9895057,-15.3257447,11.6449797,5.5962699,-0.0000299,8.4999677,-0.0000000
70.1894757,-15.1711271,11.5181672,5.5962640,-0.0000297,8.4999677,-0.0000000
70.3894457,-15.0165102,11.3913538,5.5962580,-0.0000296,8.4999677,-0.0000000
70.5894158,-14.8618941,11.2645395,5.5962521,-0.0000295,8.4999677,-0.0000000
70.7893858,-14.7072788,11.1377242,5.5962462,-0.0000294,8.4999677,-0.0000000
70.9893558,-14.5526641,11.0109081,5.5962404,-0.0000293,8.4999677,-0.0000000
71.1893258,-14.3980503,10.8840911,5.5962345,-0.0000292,8.4999677,-0.0000000
71.3892958,-14.2434372,10.7572731,5.5962287,-0.0000292,8.4999677,-0.0000000
71.5892658,-14.0888248,10.6304542,5.5962228,-0.0000291,8.4999677,-0.0000000
71.7892359,-13.9342131,10.5036345,5.5962170,-0.0000290,8.4999677,-0.0000000
71.9892059,-13.7796022,10.3768138,5.5962112,-0.0000290,8.4999677,-0.0000000
72.1891759,-13.6249920,10.2499923,5.5962054,-0.0000289,8.4999677,-0.0000000
72.3891459,-13.4703826,10.1231698,5.5961996,-0.0000289,8.4999677,-0.0000000
72.5891159,-13.3157739,9.9963465,5.5961939,-0.0000289,8.4999677,-0.0000000
72.7890859,-13.1611659,9.8695223,5.5961881,-0.0000288,8.4999677,-0.0000000
72.9890560,-13.0065586,9.7426972,5.5961823,-0.0000288,8.4999677,-0.0000000
73.1890260,-12.8519521,9.6158711,5.5961766,-0.0000288,8.4999677,-0.0000000
73.3889960,-12.6973463,9.4890442,5.5961708,-0.0000288,8.4999677,-0.0000000
73.5889660,-12.5427413,9.3622164,5.5961650,-0.0000288,8.4999677,-0.0000000
73.7889360,-12.3881370,9.2353877,5.5961593,-0.0000288,8.4999677,-0.0000000
73.9889060,-12.2335334,9.1085582,5.5961535,-0.0000288,8.4999677,-0.0000000
74.1888761,-12.0789305,8.9817277,5.5961477,-0.0000288,8.4999677,-0.0000000
74.3888461,-11.9243284,8.8548963,5.5961420,-0.0000289,8.4999677,-0.0000000
74.5888161,-11.7697270,8.7280641,5.5961362,-0.0000289,8.4999677,-0.0000000
74.7887861,-11.6151263,8.6012309,5.5961304,-0.0000289,8.4999677,-0.0000000
74.9887561,-11.4605264,8.4743969,5.5961246,-0.0000289,8.4999677,-0.0000000
75.1887261,-11.3059272,8.3475619,5.5961188,-0.0000290,8.4999677,-0.0000000
75.3886962,-11.1513287,8.2207261,5.5961131,-0.0000290,8.4999677,-0.0000000
75.5886662,-10.9967310,8.0938894,5.5961072,-0.0000290,8.4999677,-0.0000000
75.7886362,-10.8421340,7.9670518,5.5961014,-0.0000291,8.4999677,-0.0000000
75.9886062,-10.6875377,7.8402132,5.5960956,-0.0000291,8.4999677,-0.0000000
76.1885762,-10.5329422,7.7133738,5.5960898,-0.0000291,8.4999677,-0.0000000
76.3885462,-10.3783474,7.5865335,5.5960840,-0.0000291,8.4999677,-0.0000000
76.5885163,-10.2237534,7.4596922,5.5960781,-0.0000292,8.4999677,-0.0000000
76.7884863,-10.0691601,7.3328501,5.5960723,-0.0000292,8.4999677,-0.0000000
76.9884563,-9.9145675,7.2060071,5.5960665,-0.0000292,8.4999677,-0.0000000
77.1884263,-9.7599757,7.0791631,5.5960606,-0.0000292,8.4999677,-0.0000000
77.3883963,-9.6053846,6.9523183,5.5960548,-0.0000292,8.4999677,-0.0000000
77.5883663,-9.4507943,6.8254726,5.5960489,-0.0000292,8.4999676,-0.0000000
77.7883364,-9.2962047,6.6986259,5.5960431,-0.0000292,8.4999676,-0.0000000
77.9883064,-9.1416159,6.5717784,5.5960372,-0.0000292,8.4999676,-0.0000000
78.1882764,-8.9870277,6.4449299,5.5960314,-0.0000292,8.4999676,-0.0000000
78.3882464,-8.8324404,6.3180806,5.5960256,-0.0000291,8.4999676,-0.0000000
78.5882164,-8.6778537,6.1912303,5.5960197,-0.0000291,8.4999676,-0.0000000
78.7881864,-8.5232678,6.0643791,5.5960139,-0.0000290,8.4999676,-0.0000000
78.9881564,-8.3686827,5.9375271,5.5960081,-0.0000290,8.4999676,-0.0000000
79.1881265,-8.2140983,5.8106741,5.5960023,-0.0000289,8.4999676,-0.0000000
79.3880965,-8.0595146,5.6838203,5.5959966,-0.0000288,8.4999676,-0.0000000
79.5880665,-7.9049316,5.5569656,5.5959908,-0.0000287,8.4999676,-0.0000000
79.7880365,-7.7503494,5.4301099,5.5959851,-0.0000286,8.4999676,-0.0000000
79.9880065,-7.5957679,5.3032534,5.5959794,-0.0000285,8.4999676,-0.0000000
80.1879765,-7.4411871,5.1763960,5.5959737,-0.0000284,8.4999676,-0.0000000
80.3879466,-7.2866070,5.0495378,5.5959680,-0.0000283,8.4999676,-0.0000000
80.5879166,-7.1320277,4.9226786,5.5959624,-0.0000282,8.4999676,-0.0000000
80.7878866,-6.9774491,4.7958186,5.5959568,-0.0000280,8.4999676,-0.0000000
80.9878566,-6.8228711,4.6689578,5.5959512,-0.0000279,8.4999676,-0.0000000
81.1878266,-6.6682939,4.5420960,5.5959456,-0.0000278,8.4999676,-0.0000000
81.3877966,-6.5137174,4.4152334,5.5959401,-0.0000277,8.4999676,-0.0000000
81.5877667,-6.3591416,4.2883700,5.5959345,-0.0000276,8.4999676,-0.0000000
81.7877367,-6.2045665,4.1615057,5.5959290,-0.0000275,8.4999676,-0.0000000
81.9877067,-6.0499921,4.0346405,5.5959235,-0.0000274,8.4999676,-0.0000000
82.1876767,-5.8954184,3.9077745,5.5959181,-0.0000273,8.4999676,-0.0000000
82.3876467,-5.7408454,3.7809077,5.5959126,-0.0000272,8.4999676,-0.0000000
82.5876167,-5.5862731,3.6540400,5.5959072,-0.0000272,8.4999676,-0.0000000
82.7875868,-5.4317014,3.5271715,5.5959017,-0.0000271,8.4999676,-0.0000000
82.9875568,-5.2771305,3.4003021,5.5958963,-0.0000271,8.4999676,-0.0000000
83.1875268,-5.1225602,3.2734319,5.5958909,-0.0000270,8.4999676,-0.0000000
83.3874968,-4.9679906,3.1465608,5.5958855,-0.0000270,8.4999676,-0.0000000
83.5874668,-4.8134217,3.0196890,5.5958801,-0.0000270,8.4999676,-0.0000000
83.7874368,-4.6588535,2.8928163,5.5958747,-0.0000271,8.4999676,-0.0000000
83.9874069,-4.5042860,2.7659427,5.5958693,-0.0000271,8.4999676,-0.0000000
84.1873769,-4.3497192,2.6390683,5.5958639,-0.0000273,8.4999676,-0.0000000
84.3873469,-4.1951530,2.5121931,5.5958584,-0.0000274,8.4999676,-0.0000000
84.5873169,-4.0405876,2.3853170,5.5958529,-0.0000276,8.4999676,-0.0000000
84.7872869,-3.8860229,2.2584401,5.5958473,-0.0000279,8.4999676,-0.0000000
84.9872569,-3.7314588,2.1315623,5.5958417,-0.0000282,8.4999676,-0.0000000
85.1872270,-3.5768955,2.0046837,5.5958360,-0.0000286,8.4999676,-0.0000000
85.3871970,-3.4223329,1.8778041,5.5958303,-0.0000291,8.4999676,-0.0000000
85.5871670,-3.2677711,1.7509237,5.5958244,-0.0000297,8.4999676,-0.0000000
85.7871370,-3.1132100,1.6240423,5.5958184,-0.0000303,8.4999676,-0.0000000
85.9871070,-2.9586496,1.4971600,5.5958123,-0.0000311,8.4999676,-0.0000000
86.1870770,-2.8040901,1.3702767,5.5958060,-0.0000319,8.4999676,-0.0000000
86.3870471,-2.6495314,1.2433925,5.5957995,-0.0000329,8.4999676,-0.0000000
86.5870171,-2.4949735,1.1165072,5.5957928,-0.0000339,8.4999676,-0.0000000
86.7869871,-2.3404164,0.9896209,5.5957859,-0.0000349,8.4999676,-0.0000000
86.9869571,-2.1858603,0.8627335,5.5957788,-0.0000361,8.4999676,-0.0000000
87.1869271,-2.0313051,0.7358450,5.5957715,-0.0000373,8.4999676,-0.0000000
87.3868971,-1.8767508,0.6089554,5.5957639,-0.0000384,8.4999676,-0.0000000
87.5868672,-1.7221975,0.4820645,5.5957561,-0.0000396,8.4999676,-0.0000000
87.7868372,-1.5676452,0.3551724,5.5957481,-0.0000407,8.4999676,-0.0000000
87.9868072,-1.4130939,0.2282791,5.5957399,-0.0000416,8.4999676,-0.0000000
88.1867772,-1.2585437,0.1013845,5.5957314,-0.0000424,8.4999676,-0.0000000
88.3867472,-1.1039945,-0.0255114,5.5957229,-0.0000430,8.4999676,-0.0000000
88.5867172,-0.9494465,-0.1524087,5.5957143,-0.0000432,8.4999676,-0.0000000
88.7866872,-0.7948995,-0.2793073,5.5957056,-0.0000431,8.4999676,-0.0000000
88.9866573,-0.6403537,-0.4062072,5.5956971,-0.0000424,8.4999676,-0.0000000
89.1866273,-0.4858089,-0.5331084,5.5956887,-0.0000411,8.4999676,-0.0000000
89.3865973,-0.3312651,-0.6600109,5.5956807,-0.0000391,8.4999676,-0.0000000
89.5865673,-0.1767224,-0.7869146,5.5956731,-0.0000362,8.4999676,-0.0000000
89.7865373,-0.0221805,-0.9138194,5.5956662,-0.0000323,8.4999676,-0.0000000
89.9865073,0.1323605,-1.0407253,5.5956602,-0.0000274,8.4999676,-0.0000000
90.1864774,0.2869008,-1.1676319,5.5956554,-0.0000211,8.4999676,-0.0000000
90.3864474,0.4414406,-1.2945392,5.5956519,-0.0000135,8.4999676,-0.0000000
90.5864174,0.5959800,-1.4214470,5.5956500,-0.0000044,8.4999676,-0.0000000
90.7863874,0.7505194,-1.5483548,5.5956502,0.0000064,8.4999676,-0.0000000
90.9863574,0.9050589,-1.6752625,5.5956527,0.0000189,8.4999676,-0.0000000
91.1863274,1.0595989,-1.8021696,5.5956578,0.0000332,8.4999676,-0.0000000
91.3862975,1.2141397,-1.9290756,5.5956661,0.0000494,8.4999676,-0.0000000
91.5862675,1.3686818,-2.0559801,5.5956777,0.0000675,8.4999676,-0.0000000
91.7862375,1.5232256,-2.1828826,5.5956932,0.0000875,8.4999676,-0.0000000
91.9862075,1.6777716,-2.3097823,5.5957128,0.0001092,8.4999676,-0.0000000
92.1861775,1.8323204,-2.4366786,5.5957369,0.0001325,8.4999676,-0.0000000
92.3861475,1.9868725,-2.5635709,5.5957659,0.0001572,8.4999676,-0.0000000
92.5861176,2.1414287,-2.6904583,5.5957998,0.0001828,8.4999676,-0.0000000
92.7860876,2.2959895,-2.8173400,5.5958390,0.0002090,8.4999676,-0.0000000
92.9860576,2.4505556,-2.9442153,5.5958834,0.0002352,8.4999676,-0.0000000
93.1860276,2.6051276,-3.0710833,5.5959330,0.0002606,8.4999676,-0.0000000
93.3859976,2.7597063,-3.1979432,5.5959876,0.0002843,8.4999676,-0.0000000
93.5859676,2.9142922,-3.3247944,5.5960466,0.0003054,8.4999676,-0.0000000
93.7859377,3.0688858,-3.4516361,5.5961095,0.0003227,8.4999676,-0.0000000
93.9859077,3.2234876,-3.5784679,5.5961754,0.0003346,8.4999676,-0.0000000
94.1858777,3.3780978,-3.7052893,5.5962430,0.0003397,8.4999676,-0.0000000
94.3858477,3.5327167,-3.8321003,5.5963108,0.0003362,8.4999676,-0.0000000
94.5858177,3.6873441,-3.9589008,5.5963769,0.0003220,8.4999676,-0.0000000
94.7857877,3.8419796,-4.0856914,5.5964390,0.0002951,8.4999676,-0.0000000
94.9857578,3.9966227,-4.2124729,5.5964942,0.0002531,8.4999676,-0.0000000
95.1857278,4.1512721,-4.3392466,5.5965393,0.0001935,8.4999676,-0.0000000
95.3856978,4.3059264,-4.4660144,5.5965706,0.0001138,8.4999676,-0.0000000
95.5856678,4.4605835,-4.5927787,5.5965837,0.0000112,8.4999676,-0.0000000
95.7856378,4.6152409,-4.7195426,5.5965738,-0.0001168,8.4999676,-0.0000000
95.9856078,4.7698954,-4.8463102,5.5965355,-0.0002729,8.4999676,-0.0000000
96.1855779,4.9245428,-4.9730863,5.5964631,-0.0004596,8.4999676,-0.0000000
96.3855479,5.0791786,-5.0998766,5.5963501,-0.0006790,8.4999676,-0.0000000
96.5855179,5.2337972,-5.2266880,5.5961897,-0.0009331,8.4999676,-0.0000000
96.7854879,5.3883920,-5.3535283,5.5959750,-0.0012232,8.4999676,0.0000000
96.9854579,5.5429558,-5.4804065,5.5956987,-0.0015500,8.4999676,0.0000000
97.1854279,5.6974801,-5.6073326,5.5953533,-0.0019134,8.4999676,0.0000000
97.3853980,5.8519559,-5.7343179,5.5949316,-0.0023121,8.4999676,0.0000000
97.5853680,6.0063729,-5.8613746,5.5944269,-0.0027438,8.4999676,0.0000000
97.7853380,6.1607202,-5.9885161,5.5938328,-0.0032045,8.4999676,0.0000000
97.9853080,6.3149859,-6.1157564,5.5931440,-0.0036885,8.4999676,0.0000001
98.1852780,6.4691577,-6.2431106,5.5923567,-0.0041882,8.4999676,0.0000001
98.3852480,6.6232228,-6.3705938,5.5914687,-0.0046937,8.4999676,0.0000001
98.5852180,6.7771681,-6.4982216,5.5904798,-0.0051922,8.4999676,0.0000001
98.7851881,6.9309808,-6.6260091,5.5893931,-0.0056691,8.4999676,0.0000001
98.9851581,7.0846488,-6.7539710,5.5882146,-0.0061035,8.4999676,0.0000001
99.1851281,7.2381601,-6.8821198,5.5869550,-0.0064816,8.4999676,0.0000001
99.3850981,7.3915061,-7.0104682,5.5856275,-0.0067534,8.4999677,0.0000002
99.5850681,7.5446781,-7.1390230,5.5842526,-0.0070789,8.4999677,0.0000005
99.7850381,7.6976573,-7.2677857,5.5827949,-0.0073963,8.4999677,0.0000009
99.9850082,7.8504441,-7.3967715,5.5813270,-0.0070646,8.4999677,0.0000013
100.1849782,8.0030605,-7.5259822,5.5799903,-0.0063865,8.4999677,0.0000013
100.3849482,8.1555143,-7.6553900,5.5787693,-0.0057396,8.4999678,0.0000012
100.5849182,8.3078180,-7.7849707,5.5777118,-0.0047563,8.4999678,0.0000010
100.7848882,8.4599995,-7.9146963,5.5768847,-0.0034166,8.4999678,0.0000008
100.9848582,8.6120923,-8.0445250,5.5763660,-0.0016608,8.4999678,0.0000006
101.1848283,8.7641426,-8.1744037,5.5762434,0.0005567,8.4999678,0.0000006
101.3847983,8.9162077,-8.3042647,5.5766140,0.0032834,8.4999678,0.0000007
101.5847683,9.0683587,-8.4340252,5.5775840,0.0065619,8.4999679,0.0000010
101.7847383,9.2206805,-8.5635851,5.5792677,0.0104291,8.4999679,0.0000018
101.9847083,9.3732729,-8.6928264,5.5817859,0.0149130,8.4999679,0.0000032
102.1846783,9.5262507,-8.8216112,5.5852640,0.0200299,8.4999680,0.0000057
102.3846484,9.6797440,-8.9497814,5.5898289,0.0257784,8.4999681,0.0000096
102.5846184,9.8338966,-9.0771578,5.5956054,0.0321356,8.4999684,0.0000151
102.7845884,9.9888654,-9.2035402,5.6027108,0.0390481,8.4999687,0.0000225
102.9845584,10.1448168,-9.3287078,5.6112485,0.0464529,8.4999692,0.0000315
103.1845284,10.3019248,-9.4524206,5.6213153,0.0543393,8.4999700,0.0000392
103.3844984,10.4603682,-9.5744180,5.6330044,0.0625733,8.4999709,0.0000393
103.5844685,10.6203256,-9.6944233,5.6463378,0.0707117,8.4999718,0.0000279
103.7844385,10.7819630,-9.8121556,5.6612616,0.0784567,8.4999725,0.0000048
103.9844085,10.9454267,-9.9273389,5.6776820,0.0856457,8.4999726,-0.0000280
104.1843785,11.1108378,-10.0397082,5.6954640,0.0920685,8.4999719,-0.0000671
104.3843485,11.2782885,-10.1490163,5.7144431,0.0976287,8.4999704,-0.0001064
104.5843185,11.4478400,-10.2550383,5.7344424,0.1022947,8.4999679,-0.0001366
104.7842886,11.6195238,-10.3575742,5.7552859,0.1060999,8.4999646,-0.0001470
104.9842586,11.7933440,-10.4564492,5.7768088,0.1091197,8.4999612,-0.0001295
105.1842286,11.9692787,-10.5515118,5.7988644,0.1114529,8.4999581,-0.0000771
105.3841986,12.1472680,-10.6426240,5.8213227,0.1131714,8.4999563,-0.0000120
105.5841686,12.3272715,-10.7296876,5.8440810,0.1144371,8.4999560,0.0000384
105.7841386,12.5092191,-10.8126114,5.8670579,0.1153502,8.4999569,0.0001489
105.9841087,12.6930301,-10.8913180,5.8901878,0.1159588,8.4999605,0.0011403
106.1840787,12.8786179,-10.9657433,5.9134159,0.1163384,8.4999873,-0.0166096
106.3840487,13.0658828,-11.0358322,5.9366728,0.1161276,8.4995965,-0.0699660
106.5840187,13.2547368,-11.1015553,5.9599195,0.1167316,8.4979503,-0.1314972
106.7839887,13.4450949,-11.1628586,5.9833783,0.1178214,8.4948554,-0.1876481
106.9839587,13.6368528,-11.2196613,6.0070525,0.1188317,8.4904370,-0.2355670
107.1839288,13.8299080,-11.2718906,6.0309178,0.1197636,8.4848870,-0.2699916
107.3838988,14.0241588,-11.3194801,6.0549690,0.1206871,8.4785215,-0.2822198
107.5838688,14.2194984,-11.3623659,6.0791959,0.1214250,8.4718626,-0.2576712
107.7838388,14.4158154,-11.4004947,6.1035297,0.1220017,8.4657783,-0.1709371
107.9838088,14.6129969,-11.4338201,6.1280017,0.1218861,8.4617397,-0.5925914
108.1837788,14.8109210,-11.4623437,6.1519861,0.1180559,8.4477238,-3.3931661
108.3837488,15.0094500,-11.4861847,6.1752442,0.1152863,8.3670170,-3.4306841
108.5837189,15.2084681,-11.5054121,6.1986095,0.1184919,8.2846186,-3.4092850
108.7836889,15.4078824,-11.5199212,6.2226058,0.1216530,8.2019142,-3.3861018
108.9836589,15.6075930,-11.5295758,6.2472743,0.1252231,8.1189383,-3.3701490
109.1836289,15.8074922,-11.5342311,6.2726429,0.1286596,8.0355026,-3.3618007
109.3835989,16.0074622,-11.5337461,0.0155032,0.1319741,7.9514013,-3.3593995
109.5835689,16.2073744,-11.5279875,0.0421969,0.1350910,7.8664620,-3.3609416
109.7835390,16.4070873,-11.5168323,0.0694979,0.1379682,7.7805558,-3.3644461
109.9835090,16.6064450,-11.5001709,0.0973543,0.1405495,7.6935995,-3.3679600
110.1834790,16.8052754,-11.4779112,0.1257006,0.1427785,7.6055566,-3.3694460
110.3834490,17.0033881,-11.4499833,0.1544573,0.1446017,7.5164429,-3.3666065
110.5834190,17.2005751,-11.4163437,0.1835317,0.1459825,7.4263365,-3.3566533
110.7833890,17.3966144,-11.3769795,0.2128247,0.1469186,7.3353946,-3.3360322
110.9833591,17.5912793,-11.3319079,0.2422440,0.1474727,7.2438802,-3.3000954
111.1833291,17.7843642,-11.2811672,0.2717290,0.1478037,7.1521997,-3.2355341
111.3832991,17.9764509,-11.2245649,0.3014142,0.1487067,7.0611572,-3.1387926
111.5832691,18.1665114,-11.1623544,0.3313033,0.1506727,6.9717008,-3.0113338
111.7832391,18.3544009,-11.0945265,0.3616708,0.1532994,6.8847846,-2.6105510
111.9832091,18.5402494,-11.0208793,0.3932782,0.1638604,6.8085384,-0.7111956
112.1831792,18.7235777,-10.9411904,0.4271024,0.1728443,6.7876181,-0.7146952
112.3831492,18.9040476,-10.8552049,0.4625380,0.1827452,6.7665297,-0.7126713
112.5831192,19.0810519,-10.7628258,0.4996225,0.1873858,6.7454354,-0.6886390
112.7830892,19.2545921,-10.6638033,0.5376021,0.1928736,6.7249895,-0.6533200
112.9830592,19.4244319,-10.5580109,0.5767242,0.1976764,6.7055347,-0.6118153
113.1830292,19.5900889,-10.4454984,0.6166109,0.2005358,6.6872645,-0.5630743
113.3829993,19.7507683,-10.3266890,0.6568249,0.2018294,6.6704055,-0.5171117
113.5829693,19.9065322,-10.2014980,0.6972069,0.2021676,6.6548851,-0.4730208
113.7829393,20.0571828,-10.0700542,0.7376224,0.2019245,6.6406563,-0.4305251
113.9829093,20.2024414,-9.9325989,0.7779667,0.2013418,6.6276792,-0.3899611
114.1828793,20.3420638,-9.7893878,0.8181772,0.2005594,6.6159029,-0.3505941
114.3828493,20.4758333,-9.6406851,0.8582214,0.1997203,6.6052975,-0.3117565
114.5828194,20.6035540,-9.4867587,0.8980993,0.1989593,6.5958525,-0.2729542
114.7827894,20.7250440,-9.3278775,0.9378334,0.1983492,6.5875720,-0.2336922
114.9827594,20.8401307,-9.1643101,0.9774575,0.1979286,6.5804743,-0.1935888
115.1827294,20.9486483,-8.9963254,1.0170114,0.1977197,6.5745888,-0.1523663
115.3826994,21.0504353,-8.8241930,1.0565381,0.1977325,6.5699529,-0.1098279
115.5826694,21.1453335,-8.6481846,1.0960809,0.1979664,6.5666092,-0.0648482
115.7826395,21.2331956,-8.4685581,1.1356847,0.1983674,6.5646341,-0.0176470
115.9826095,21.3138797,-8.2855637,1.1753904,0.1988908,6.5640965,0.0310362
116.1825795,21.3872311,-8.0994903,1.2152240,0.1995336,6.5650420,0.0825688
116.3825495,21.4531060,-7.9106240,1.2552037,0.2002330,6.5675565,0.1373370
116.5825195,21.5113684,-7.7192605,1.2953311,0.2008976,6.5717368,0.1956712
116.7824895,21.5618944,-7.5257097,1.3355850,0.2014071,6.5776882,0.2578072
116.9824596,21.6045779,-7.3302990,1.3759130,0.2016051,6.5855212,0.3238387
117.1824296,21.6393388,-7.1333783,1.4162215,0.2012776,6.5953473,0.3936612
117.3823996,21.6661354,-6.9353250,1.4563626,0.2001607,6.6072722,0.4669231
117.5823696,21.6849797,-6.7365420,1.4961158,0.1978767,6.6213886,0.5545945
117.7823396,21.6959899,-6.5365340,1.5353488,0.1935551,6.6381166,0.6347397
117.9823096,21.6992437,-6.3364268,1.5735588,0.1885624,6.6572104,0.7174217
118.1822796,21.6949601,-6.1368370,1.6108382,0.1841893,6.6787256,0.8068643
118.3822497,21.6833706,-5.9374352,1.6464277,0.1717561,6.7028407,0.8957440
118.5822197,21.6648854,-5.7384123,1.6802306,0.1670729,6.7295109,0.9779750
118.7821897,21.6397577,-5.5400476,1.7132756,0.1639853,6.7585093,1.0719165
118.9821597,21.6081449,-5.3426814,1.7459277,0.1628306,6.7901510,1.1714113
119.1821297,21.5701425,-5.1465448,1.7784106,0.1623452,6.8245619,1.2741798
119.3820997,21.5257480,-4.9515217,1.8107999,0.1614657,6.8617957,1.3912558
119.5820698,21.4750247,-4.7578251,1.8429732,0.1597629,6.9022213,1.5445959
119.7820398,21.4182860,-4.5663223,1.8746074,0.1568099,6.9468270,1.6992573
119.9820098,21.3555499,-4.3765969,1.9055485,0.1526073,6.9955704,1.8641256
120.1819798,21.2870191,-4.1887661,1.9355610,0.1473307,7.0486555,2.0347319
120.3819498,21.2129593,-4.0029710,1.9644417,0.1412419,7.1061463,2.2043054
120.5819198,21.1336670,-3.8193111,1.9920488,0.1346429,7.1679080,2.3668121
120.7818899,21.0494536,-3.6378456,2.0183047,0.1278233,7.2336359,2.5178449
120.9818599,20.9606315,-3.4585991,2.0431894,0.1210247,7.3029087,2.6547285
121.1818299,20.8675041,-3.2815692,2.0667272,0.1144304,7.3752428,2.7760149
121.3817999,20.7703591,-3.1067331,2.0889749,0.1081753,7.4501306,2.8821864
121.5817699,20.6694896,-2.9340987,2.1100081,0.1023574,7.5270943,2.9679798
121.7817399,20.5650999,-2.7635529,2.1299354,0.0970858,7.6055350,3.0349021
121.9817100,20.4574125,-2.5950585,2.1488739,0.0924491,7.6849165,3.0805331
122.1816800,20.3466233,-2.4285801,2.1669589,0.0885404,7.7646616,3.1015982
122.3816500,20.2328998,-2.2640891,2.1843468,0.0854673,7.8441330,3.0940563
122.5816200,20.1163783,-2.1015680,2.2012132,0.0833212,7.9226170,3.0533397
122.7815900,19.9971619,-1.9410154,2.2177592,0.0822481,7.9993133,2.9748372
122.9815600,19.8753191,-1.7824507,2.2341915,0.0821840,8.0733369,2.8537168
123.1815301,19.7508824,-1.6259172,2.2507590,0.0835818,8.1437144,2.6880603
123.3815001,19.6238472,-1.4714814,2.2675863,0.0847997,8.2094548,2.4837816
123.5814701,19.4942018,-1.3192257,2.2848341,0.0878214,8.2697347,2.2464333
123.7814401,19.3618923,-1.1692826,2.3029625,0.0935838,8.3238783,1.9860941
123.9814101,19.2268090,-1.0218394,2.3221354,0.0981126,8.3714556,1.7173561
124.1813801,19.0888609,-0.8770750,2.3421861,0.1024206,8.4123783,1.4552649
124.3813502,18.9479801,-0.7351649,2.3630491,0.1062108,8.4469004,1.2120314
124.5813202,18.8041198,-0.5962775,2.3846209,0.1095120,8.4755452,0.9947255
124.7812902,18.6572578,-0.4605690,2.4067402,0.1116531,8.4989821,0.0413184
124.9812602,18.5074007,-0.3281753,2.4293192,0.1141764,8.4999542,0.0002462
125.1812302,18.3545582,-0.1992394,2.4524480,0.1171434,8.4999600,0.0001524
125.3812002,18.1987401,-0.0739151,2.4760971,0.1193453,8.4999636,0.0001433
125.5811703,18.0399773,0.0476585,2.5001205,0.1208899,8.4999670,0.0006888
125.7811403,17.8783248,0.1653625,2.5243795,0.1216998,8.4999832,-0.0010819
125.9811103,17.7138591,0.2791007,2.5487282,0.1217812,8.4999577,-0.0016706
126.1810803,17.5466758,0.3888039,2.5730110,0.1210282,8.4999184,0.0020442
126.3810503,17.3768904,0.4944344,2.5970310,0.1191300,8.4999665,0.0000432
126.5810203,17.2046416,0.5959991,2.6205041,0.1155109,8.4999675,0.0000154
126.7809904,17.0300995,0.6935729,2.6429763,0.1090311,8.4999679,0.0000067
126.9809604,16.8534825,0.7873444,2.6636676,0.0975873,8.4999681,0.0000015
127.1809304,16.6750866,0.8776934,2.6812996,0.0784768,8.4999681,-0.0000011
127.3809004,16.4953128,0.9652751,2.6943264,0.0518117,8.4999681,-0.0000007
127.5808704,16.3146461,1.0510008,2.7018349,0.0234631,8.4999681,0.0000030
127.7808404,16.1335704,1.1358562,2.7040779,-0.0008908,8.4999681,0.0000103
127.9808104,15.9524981,1.2207153,2.7019538,-0.0202964,8.4999684,0.0000216
128.1807805,15.7717627,1.3062870,2.6963153,-0.0360865,8.4999689,0.0000365
128.3807505,15.5916435,1.3931469,2.6877499,-0.0495863,8.4999697,0.0000490
128.5807205,15.4123893,1.4817778,2.6766599,-0.0613366,8.4999709,0.0000513
128.7806905,15.2342312,1.5725919,2.6633663,-0.0716156,8.4999721,0.0000375
128.9806605,15.0573886,1.6659402,2.6481450,-0.0805988,8.4999730,0.0000085
129.1806305,14.8820703,1.7621189,2.6312577,-0.0882624,8.4999732,-0.0000329
129.3806006,14.7084736,1.8613693,2.6129717,-0.0945758,8.4999724,-0.0000806
129.5805706,14.5367825,1.9638780,2.5935465,-0.0996347,8.4999705,-0.0001251
129.7805406,14.3671617,2.0697772,2.5733001,-0.1028187,8.4999676,-0.0001526
129.9805106,14.1997584,2.1791296,2.5525507,-0.1044324,8.4999640,-0.0001495
130.1804806,14.0346927,2.2919602,2.5313149,-0.1079126,8.4999605,-0.0001145
130.3804506,13.8720892,2.4083207,2.5095668,-0.1095983,8.4999578,-0.0000613
130.5804207,13.7120720,2.5282155,2.4875202,-0.1108735,8.4999563,-0.0000130
130.7803907,13.5547522,2.6516257,2.4652548,-0.1118246,8.4999560,-0.0000097
130.9803607,13.4002274,2.7785232,2.4428278,-0.1124591,8.4999558,-0.0000331
131.1803307,13.2485908,2.9088651,2.4203056,-0.1127576,8.4999550,-0.0000409
131.3803007,13.0999246,3.0425954,2.3977804,-0.1123736,8.4999540,-0.0000321
131.5802707,12.9542947,3.1796379,2.3753743,-0.1116528,8.4999533,-0.0000278
131.7802408,12.8117485,3.3198999,2.3532987,-0.1080511,8.4999526,-1.7983619
131.9802108,12.6722591,3.4632159,2.3322011,-0.1029105,8.4575385,-3.7189729
132.1801808,12.5357517,3.6093786,2.3119634,-0.1010453,8.3691452,-4.2728267
132.3801508,12.4022329,3.7582725,2.2915770,-0.1032523,8.2664211,-4.2973408
132.5801208,12.2718213,3.9098914,2.2705926,-0.1065867,8.1618036,-4.3339483
132.7800908,12.1446748,4.0642519,2.2489361,-0.1099585,8.0549189,-4.3881433
132.9800609,12.0209581,4.2213647,2.2266134,-0.1132769,7.9452329,-4.4540456
133.1800309,11.9008378,4.3812309,2.2036363,-0.1165592,7.8323288,-4.5223296
133.3800009,11.7844828,4.5438428,2.1800000,-0.1199228,7.7160037,-4.5829052
133.5799709,11.6720646,4.7091913,2.1556712,-0.1235165,7.5963034,-4.6277989
133.7799409,11.5637384,4.8773077,2.1305767,-0.1275230,7.4734854,-4.6339111
133.9799109,11.4597356,5.0481347,2.1046211,-0.1321316,7.3484486,-4.6034632
134.1798810,11.3602859,5.2216504,2.0776720,-0.1374751,7.2220903,-4.5342518
134.3798510,11.2656483,5.3978323,2.0495761,-0.1436196,7.0954323,-4.4278023
134.5798210,11.1761145,5.5766555,2.0201733,-0.1505490,6.9695268,-4.2887223
134.7797910,11.0920095,5.7580875,1.9893149,-0.1581664,6.8453687,-4.1236300
134.9797610,11.0136891,5.9420821,1.9568780,-0.1663097,6.7238283,-3.9399946
135.1797310,10.9415340,6.1285721,1.9227773,-0.1747753,6.6056117,-3.7451984
135.3797011,10.8759427,6.3174618,1.8869704,-0.1833439,6.4912442,-3.5460143
135.5796711,10.8173214,6.5086204,1.8494597,-0.1917861,6.3810703,-3.3485458
135.7796411,10.7660732,6.7018785,1.8102914,-0.1999156,6.2752562,-3.1587233
135.9796111,10.7225903,6.8970216,1.7695258,-0.2077957,6.1737785,-2.9831197
136.1795811,10.6872495,7.0937965,1.7272331,-0.2151482,6.0763864,-2.8337824
136.3795511,10.6604039,7.2919427,1.6833903,-0.2239783,5.9824016,-2.7718073
136.5795212,10.6424550,7.4911035,1.6376482,-0.2337027,5.8890213,-2.8615703
136.7794912,10.6338237,7.6908561,1.5900158,-0.2429482,5.7910375,-3.0042589
136.9794612,10.6348934,7.8907392,1.5405707,-0.2523035,5.6863514,-3.1219478
137.1794312,10.6460640,8.0904977,1.4888536,-0.2655702,5.5754821,-2.3722265
137.3794012,10.6678572,8.2894630,1.4339266,-0.2832575,5.4897406,-1.6562786
137.5793712,10.7008853,8.4868908,1.3756090,-0.2986391,5.4290736,-1.0089919
137.7793412,10.7456271,8.6819150,1.3145612,-0.3099629,5.3917811,-0.5617770
137.9793113,10.8022779,8.8735262,1.2519648,-0.3145129,5.3709055,-0.4441868
138.1792813,10.8707097,9.0608939,1.1893976,-0.3115231,5.3543420,-0.5000486
138.3792513,10.9511126,9.2446679,1.1276186,-0.3039129,5.3356339,-0.5596112
138.5792213,11.0419773,9.4221804,1.0681277,-0.2922696,5.3146193,-0.6302168
138.7791913,11.1434220,9.5946803,1.0105196,-0.2868461,5.2908533,-0.6552542
138.9791613,11.2542408,9.7603618,0.9511715,-0.3085632,5.2660295,-0.5390113
139.1791314,11.3749360,9.9188900,0.8889090,-0.3173372,5.2455214,-0.3730905
139.3791014,11.5061831,10.0703021,0.8239390,-0.3291626,5.2312791,-0.1806571
139.5790714,11.6464876,10.2121707,0.7578615,-0.3311493,5.2243687,-0.0078072
139.7790414,11.7964036,10.3449240,0.6917979,-0.3274521,5.2240699,0.1603589
139.9790114,11.9548344,10.4676770,0.6268338,-0.3210113,5.2302046,0.3291692
140.1789814,12.1202547,10.5796639,0.5636560,-0.3121435,5.2427748,0.4496481
140.3789515,12.2925004,10.6812183,0.5020459,-0.3040824,5.2598974,0.5401815
140.5789215,12.4707000,10.7721504,0.4418380,-0.2975850,5.2803940,0.6032132
140.7788915,12.6540207,10.8523096,0.3827538,-0.2926846,5.3031886,0.6428355
140.9788615,12.8416640,10.9215647,0.3244946,-0.2898760,5.3273732,0.6641745
141.1788315,13.0328687,10.9797948,0.2668674,-0.2872250,5.3522458,0.6738838
141.3788015,13.2272787,11.0269741,0.2092075,-0.2894318,5.3773644,0.6895628
141.5787716,13.4240105,11.0628493,0.1517337,-0.2845156,5.4029466,0.7390622
141.7787416,13.6223506,11.0874727,0.0955004,-0.2784887,5.4302314,0.8381467
141.9787116,13.8217213,11.1010295,0.0405053,-0.2716232,5.4610092,1.0112806
142.1786816,14.0215927,11.1037549,6.2702472,-0.2625807,5.4979153,1.2624400
142.3786516,14.2212880,11.0959991,6.2188775,-0.2509371,5.5436426,1.5391417
142.5786216,14.4203851,11.0782457,6.1700990,-0.2367305,5.5988871,1.8324213
142.7785917,14.6185286,11.0510816,6.1243073,-0.2210212,5.6639559,2.1204020
142.9785617,14.8153562,11.0151720,6.0816799,-0.2050898,5.7383299,2.4033084
143.1785317,15.0102476,10.9712876,6.0422394,-0.1898533,5.8214782,2.6272963
143.3785017,15.2034163,10.9200178,6.0057435,-0.1754840,5.9110380,2.8288776
143.5784717,15.3947399,10.8619794,5.9720180,-0.1619875,6.0059763,3.0117908
143.7784417,15.5841360,10.7977537,5.9408984,-0.1493214,6.1054309,3.1783183
143.9784118,15.7715614,10.7278857,5.9122268,-0.1374695,6.2086572,3.3295514
144.1783818,15.9570083,10.6528821,5.8858436,-0.1264404,6.3149857,3.4660060
144.3783518,16.1404985,10.5732097,5.8615849,-0.1162474,6.4238025,3.5880590
144.5783218,16.3220771,10.4892941,5.8392830,-0.1068956,6.5345426,3.6964830
144.7782918,16.5017814,10.4015321,5.8187724,-0.0983776,6.6466999,3.7910439
144.9782618,16.6796793,10.3102726,5.7998867,-0.0906802,6.7597936,3.8717193
145.1782319,16.8559064,10.2157929,5.7824571,-0.0837836,6.8733736,3.9400032
145.3782019,17.0305343,10.1183663,5.7663267,-0.0776667,6.9870616,3.9959215
145.5781719,17.2036330,10.0182333,5.7513417,-0.0723137,7.1005041,4.0392051
145.7781419,17.3752678,9.9156031,5.7373501,-0.0677204,7.2133625,4.0692120
145.9781119,17.5454966,9.8106544,5.7242004,-0.0638870,7.3253013,4.0848567
146.1780819,17.7143686,9.7035368,5.7117357,-0.0608541,7.4359759,4.0845353
146.3780520,17.8819205,9.5943706,5.6998022,-0.0585799,7.5450186,4.0659969
146.5780220,18.0481765,9.4832466,5.6882203,-0.0572723,7.6520233,4.0258551
146.7779920,18.2131483,9.3702334,5.6769819,-0.0552229,7.7565174,3.9603795
146.9779620,18.3768477,9.2553810,5.6657037,-0.0576160,7.8579562,3.8666667
147.1779320,18.5392133,9.1386491,5.6539255,-0.0601777,7.9557470,3.7399173
147.3779020,18.7001604,9.0199711,5.6416093,-0.0630167,8.0492020,3.5809601
147.5778720,18.8595964,8.8992717,5.6286612,-0.0665132,8.1376792,3.3939598
147.7778421,19.0174109,8.7764613,5.6149733,-0.0704099,8.2206571,3.1874050
147.9778121,19.1734798,8.6514411,5.6004918,-0.0744382,8.2978295,2.9742479
148.1777821,19.3276710,8.5241135,5.5852290,-0.0782000,8.3691992,2.7704010
148.3777521,19.4798531,8.3943925,5.5692501,-0.0815941,8.4351342,2.5884141
148.5777221,19.6299036,8.2622127,5.5527339,-0.0835008,8.4962756,0.1566688
148.7776921,19.7777162,8.1275355,5.5356231,-0.0877863,8.4999622,0.0000503
148.9776622,19.9231383,7.9902814,5.5175507,-0.0930124,8.4999634,0.0000230
149.1776322,20.0659893,7.8503540,5.4985839,-0.0965952,8.4999639,0.0000393
149.3776022,20.2061173,7.7077001,5.4790617,-0.0985835,8.4999649,0.0000421
149.5775722,20.3434127,7.5623178,5.4592996,-0.0990047,8.4999659,0.0000336
149.7775422,20.4778097,7.4142515,5.4395991,-0.0979813,8.4999666,0.0000249
149.9775122,20.6092876,7.2635862,5.4202580,-0.0954210,8.4999672,0.0000174
150.1774823,20.7378751,7.1104457,5.4015935,-0.0912263,8.4999676,0.0000110
150.3774523,20.8636561,6.9549916,5.3839321,-0.0853902,8.4999679,0.0000062
150.5774223,20.9867717,6.7974180,5.3675831,-0.0780988,8.4999680,0.0000028
150.7773923,21.1074169,6.6379445,5.3527962,-0.0697800,8.4999681,0.0000007
150.9773623,21.2258276,6.4768044,5.3397165,-0.0610474,8.4999681,-0.0000005
151.1773323,21.3422619,6.3142299,5.3283655,-0.0525134,8.4999681,-0.0000011
151.3773024,21.4569799,6.1504395,5.3186594,-0.0446119,8.4999681,-0.0000014
151.5772724,21.5702286,5.9856295,5.3104511,-0.0375391,8.4999681,-0.0000015
151.7772424,21.6822333,5.8199715,5.3035738,-0.0312965,8.4999680,-0.0000015
151.9772124,21.7931960,5.6536136,5.2978726,-0.0257682,8.4999680,-0.0000015
152.1771824,21.9032976,5.4866846,5.2932211,-0.0207850,8.4999680,-0.0000017
152.3771524,22.0127028,5.3192984,5.2895287,-0.0161627,8.4999679,-0.0000018
152.5771225,22.1215657,5.1515590,5.2867411,-0.0117208,8.4999679,-0.0000021
152.7770925,22.2300352,4.9835647,5.2848393,-0.0072897,8.4999678,-0.0000023
152.9770625,22.3382602,4.8154128,5.2838367,-0.0027131,8.4999678,-0.0000025
153.1770325,22.4463951,4.6472027,5.2837768,0.0021513,8.4999677,-0.0000022
153.3770025,22.5546041,4.4790402,5.2847299,0.0074310,8.4999677,-0.0000011
153.5769725,22.6630650,4.3110398,5.2867905,0.0132369,8.4999676,0.0000015
153.7769426,22.7719728,4.1433286,5.2900731,0.0196588,8.4999677,0.0000070
153.9769126,22.8815416,3.9760485,5.2947070,0.0267528,8.4999678,0.0000168
154.1768826,22.9920065,3.8093588,5.3008288,0.0345326,8.4999682,0.0000328
154.3768526,23.1036223,3.6434378,5.3085690,0.0429376,8.4999690,0.0000555
154.5768226,23.2166608,3.4784833,5.3180527,0.0519695,8.4999703,0.0000820
154.7767926,23.3314099,3.3147146,5.3294070,0.0615787,8.4999722,0.0000916
154.9767627,23.4481661,3.1523718,5.3426734,0.0710456,8.4999744,0.0000734
155.1767327,23.5672140,2.9917027,5.3577683,0.0798471,8.4999761,0.0000290
155.3767027,23.6888080,2.8329525,5.3745311,0.0877008,8.4999768,-0.0000502
155.5766727,23.8131619,2.6763549,5.3927299,0.0942041,8.4999756,-0.0002179
155.7766427,23.9404375,2.5221222,5.4120753,0.0991807,8.4999705,-0.0005430
155.9766127,24.0707411,2.3704377,5.4322615,0.1026198,8.4999577,-0.0010795
156.1765828,24.2041236,2.2214510,5.4529596,0.1043454,8.4999323,-0.0021202
156.3765528,24.3405830,2.0752742,5.4739050,0.1050951,8.4998824,-0.0031597
156.5765228,24.4800585,1.9319872,5.4946066,0.1019515,8.4998081,-2.7114822
156.7764928,24.6224233,1.7915775,5.5146979,0.0990042,8.4357754,-3.8832399
156.9764628,24.7675588,1.6540374,5.5346778,0.1010418,8.3432155,-3.7521838
157.1764328,24.9154472,1.5194664,5.5552531,0.1048524,8.2527932,-3.5883269
157.3764028,25.0661204,1.3880260,5.5765746,0.1083513,8.1653830,-3.4599151
157.5763729,25.2196025,1.2598816,5.5985597,0.1115046,8.0802055,-3.3597301
157.7763429,25.3759005,1.1351916,5.6211453,0.1143651,7.9966262,-3.2791113
157.9763129,25.5350065,1.0141088,5.6442818,0.1170392,7.9142014,-3.2105605
158.1762829,25.6969016,0.8967822,5.6679428,0.1196456,7.8326593,-3.1476757
158.3762529,25.8615565,0.7833613,5.6921203,0.1222053,7.7518817,-3.0845994
158.5762229,26.0289377,0.6739941,5.7168169,0.1249579,7.6718978,-3.0156047
158.7761930,26.1990001,0.5688411,5.7420788,0.1275790,7.5928884,-2.9346550
158.9761630,26.3717082,0.4680486,5.7678507,0.1309618,7.5152025,-2.8365359
159.1761330,26.5470019,0.3718148,5.7945251,0.1344012,7.4393430,-2.7286163
159.3761030,26.7248345,0.2802976,5.8212505,0.1345220,7.3656324,-2.5514111
159.5760730,26.9051638,0.1935994,5.8491389,0.1444466,7.2960352,-1.1032527
159.7760430,27.0878234,0.1122285,5.8795906,0.1604634,7.2657343,-0.6911363
159.9760131,27.2729968,0.0367102,5.9125910,0.1694107,7.2466876,-0.6721448
160.1759831,27.4607437,-0.0325381,5.9473207,0.1775876,7.2281162,-0.6802880
160.3759531,27.6509091,-0.0950904,5.9837332,0.1857591,7.2092711,-0.6802959
160.5759231,27.8432911,-0.1505237,6.0218225,0.1939595,7.1903763,-0.6716859
160.7758931,28.0376568,-0.1984262,6.0615486,0.2019534,7.1716719,-0.6553722
160.9758631,28.2337694,-0.2384145,6.1027979,0.2091910,7.1533746,-0.6330890
161.1758332,28.4314140,-0.2701555,6.1453189,0.2145302,7.1356549,-0.6058279
161.3758032,28.6303857,-0.2933979,6.1885644,0.2156407,7.1186569,-0.5741031
161.5757732,28.8302935,-0.3080484,6.2312556,0.2073314,7.1025115,-0.5388567
161.7757432,29.0298941,-0.3144303,6.2701673,0.1757139,7.0873238,-0.4988743
161.9757132,29.2296130,-0.3140105,0.0139328,0.0768174,7.0732340,-0.4572640
162.1756832,29.4288019,-0.3111512,0.0052584,-0.2048628,7.0602947,-0.4132968
162.3756533,29.6270445,-0.3162175,6.2220028,-0.2455690,7.0485791,-0.3357051
162.5756233,29.8253572,-0.3292170,6.2248996,0.1233615,7.0390486,-0.2610264
162.7755933,30.0250547,-0.3376479,6.2606382,0.2185457,7.0316293,-0.2019878
162.9755633,30.2246634,-0.3376311,0.0232635,0.2353239,7.0258826,-0.1481932
163.1755333,30.4247807,-0.3282161,0.0707314,0.2348998,7.0216635,-0.0940554
163.3755033,30.6242606,-0.3093807,0.1173050,0.2276974,7.0189844,-0.0396923
163.5754734,30.8226802,-0.2814416,0.1621642,0.2182645,7.0178535,0.0147640
163.7754434,31.0197192,-0.2448258,0.2049931,0.2080940,7.0182742,0.0693734
163.9754134,31.2150394,-0.2000214,0.2456707,0.1978132,7.0202505,0.1244002
164.1753834,31.4083114,-0.1475526,0.2841677,0.1876392,7.0237931,0.1939775
164.3753534,31.5990873,-0.0880132,0.3204945,0.1767421,7.0293136,0.2533020
164.5753234,31.7878609,-0.0216933,0.3548543,0.1666351,7.0365158,0.3128192
164.7752935,31.9743988,0.0509231,0.3872961,0.1572043,7.0454002,0.3745069
164.9752635,32.1585054,0.1293552,0.4178342,0.1470313,7.0560218,0.4397669
165.1752335,32.3400312,0.2130764,0.4460827,0.1370689,7.0684740,0.5104326
165.3752035,32.5190232,0.3016778,0.4730671,0.1334203,7.0828996,0.5994232
165.5751735,32.6958586,0.3952219,0.5002186,0.1378286,7.0998028,0.6937626
165.7751435,32.8700906,0.4935953,0.5276971,0.1362324,7.1193162,0.8028640
165.9751136,33.0415215,0.5966550,0.5548585,0.1357290,7.1418318,0.9381755
166.1750836,33.2100485,0.7042975,0.5819163,0.1345324,7.1680524,1.1092829
166.3750536,33.3756001,0.8164185,0.6086045,0.1322336,7.1989320,1.3258233
166.5750236,33.5381166,0.9328638,0.6347244,0.1286874,7.2356666,1.5942367
166.7749936,33.6975813,1.0534448,0.6599691,0.1234687,7.2795928,1.9134470
166.9749636,33.8540238,1.1779212,0.6839889,0.1164636,7.3319666,2.2716466
167.1749336,34.0075324,1.3060051,0.7064308,0.1077969,7.3936633,2.6479608
167.3749037,34.1582527,1.4373685,0.7270098,0.0979511,7.4649369,3.0198802
167.5748737,34.3063782,1.5716614,0.7455594,0.0875790,7.5453995,3.3709922
167.7748437,34.4521340,1.7085324,0.7620378,0.0772697,7.6342156,3.6927767
167.9748137,34.5957602,1.8476448,0.7765007,0.0674319,7.7303388,3.9812748
168.1747837,34.7374984,1.9886874,0.7890704,0.0583422,7.8326502,4.2334732
168.3747537,34.8775805,2.1313807,0.7999194,0.0502296,7.9399965,4.4461682
168.5747238,35.0162199,2.2754805,0.8092623,0.0432893,8.0511952,4.6171519
168.7746938,35.1536031,2.4207817,0.8173491,0.0376644,8.1650676,4.7471432
168.9746638,35.2898844,2.5671194,0.8244336,0.0332695,8.2805134,4.8423467
169.1746338,35.4251853,2.7143654,0.8307536,0.0299219,8.3966392,4.3650775
169.3746038,35.5596031,2.8624185,0.8364001,0.0268445,8.4999599,0.0003279
169.5745738,35.6932132,3.0112008,0.8417383,0.0266020,8.4999677,-0.0000009
169.7745439,35.8260276,3.1606928,0.8470784,0.0266468,8.4999676,-0.0000004
169.9745139,35.9580469,3.3108861,0.8522995,0.0254685,8.4999676,-0.0000005
170.1744839,36.0893010,3.4617470,0.8572113,0.0235785,8.4999676,-0.0000008
170.3744539,36.2198428,3.6132229,0.8616948,0.0212215,8.4999676,-0.0000010
170.5744239,36.3497404,3.7652499,0.8656824,0.0186479,8.4999676,-0.0000012
170.7743939,36.4790693,3.9177587,0.8691483,0.0160176,8.4999675,-0.0000013
170.9743640,36.6079089,4.0706809,0.8720897,0.0134481,8.4999675,-0.0000012
171.1743340,36.7363351,4.2239476,0.8745342,0.0109360,8.4999675,-0.0000008
171.3743040,36.8644179,4.3774844,0.8764544,0.0083696,8.4999675,-0.0000002
171.5742740,36.9922447,4.5312383,0.8779108,0.0064030,8.4999675,0.0000003
171.7742440,37.1198859,4.6851714,0.8790452,0.0048920,8.4999675,0.0000005
171.9742140,37.2473784,4.8392316,0.8798647,0.0033520,8.4999675,0.0000006
172.1741841,37.3747663,4.9933761,0.8803972,0.0020298,8.4999675,0.0000006
172.3741541,37.5020919,5.1475735,0.8806880,0.0009262,8.4999675,0.0000005
172.5741241,37.6293886,5.3017945,0.8807777,0.0000162,8.4999675,0.0000005
172.7740941,37.7566847,5.4560163,0.8807037,-0.0007163,8.4999675,0.0000005
172.9740641,37.8840027,5.6102201,0.8804993,-0.0012917,8.4999675,0.0000005
173.1740341,38.0113603,5.7643911,0.8801941,-0.0017284,8.4999676,0.0000005
173.3740042,38.1387711,5.9185183,0.8798141,-0.0020449,8.4999676,0.0000005
173.5739742,38.2662447,6.0725934,0.8793815,-0.0022581,8.4999676,0.0000005
173.7739442,38.3937877,6.2266110,0.8789154,-0.0023840,8.4999676,0.0000005
173.9739142,38.5214040,6.3805679,0.8784317,-0.0024372,8.4999676,0.0000005
174.1738842,38.6490953,6.5344625,0.8779437,-0.0024309,8.4999676,0.0000004
174.3738542,38.7768612,6.6882951,0.8774619,-0.0023768,8.4999676,0.0000004
174.5738243,38.9047002,6.8420670,0.8769949,-0.0022856,8.4999676,0.0000004
174.7737943,39.0326094,6.9957804,0.8765492,-0.0021662,8.4999676,0.0000004
174.9737643,39.1605851,7.1494384,0.8761295,-0.0020266,8.4999677,0.0000004
175.1737343,39.2886231,7.3030446,0.8757393,-0.0018735,8.4999677,0.0000004
175.3737043,39.4167186,7.4566028,0.8753806,-0.0017127,8.4999677,0.0000003
175.5736743,39.5448667,7.6101170,0.8750544,-0.0015486,8.4999677,0.0000003
175.7736444,39.6730623,7.7635917,0.8747612,-0.0013852,8.4999677,0.0000003
175.9736144,39.8013005,7.9170308,0.8745002,-0.0012254,8.4999677,0.0000003
176.1735844,39.9295762,8.0704384,0.8742707,-0.0010716,8.4999677,0.0000003
176.3735544,40.0578849,8.2238186,0.8740713,-0.0009254,8.4999677,0.0000003
176.5735244,40.1862220,8.3771751,0.8739002,-0.0007882,8.4999677,0.0000002
176.7734944,40.3145832,8.5305113,0.8737556,-0.0006606,8.4999677,0.0000002
176.9734644,40.4429648,8.6838306,0.8736355,-0.0005430,8.4999677,0.0000002
177.1734345,40.5713630,8.8371359,0.8735379,-0.0004357,8.4999677,0.0000002
177.3734045,40.6997746,8.9904301,0.8734607,-0.0003385,8.4999677,0.0000002
177.5733745,40.8281966,9.1437155,0.8734020,-0.0002510,8.4999677,0.0000002
177.7733445,40.9566263,9.2969945,0.8733599,-0.0001728,8.4999677,0.0000002
177.9733145,41.0850613,9.4502690,0.8733324,-0.0001034,8.4999677,0.0000001
178.1732845,41.2134995,9.6035409,0.8733181,-0.0000422,8.4999677,0.0000001
178.3732546,41.3419389,9.7568116,0.8733152,0.0000115,8.4999678,0.0000001
178.5732246,41.4703780,9.9100826,0.8733223,0.0000584,8.4999678,0.0000001
178.7731946,41.5988153,10.0633551,0.8733382,0.0000992,8.4999678,0.0000001
178.9731646,41.7272495,10.2166300,0.8733617,0.0001344,8.4999678,0.0000001
179.1731346,41.8556795,10.3699084,0.8733917,0.0001648,8.4999678,0.0000000
179.3731046,41.9841045,10.5231909,0.8734274,0.0001909,8.4999678,0.0000000
179.5730747,42.1125236,10.6764782,0.8734679,0.0002133,8.4999678,0.0000000
179.7730447,42.2409360,10.8297710,0.8735125,0.0002325,8.4999678,-0.0000000
179.9730147,42.3693413,10.9830696,0.8735607,0.0002490,8.4999678,-0.0000000
180.1729847,42.4977389,11.1363746,0.8736119,0.0002632,8.4999678,-0.0000000
180.3729547,42.6261284,11.2896862,0.8736658,0.0002755,8.4999678,-0.0000000
180.5729247,42.7545093,11.4430048,0.8737220,0.0002862,8.4999678,-0.0000001
180.7728948,42.8828814,11.5963307,0.8737802,0.0002957,8.4999678,-0.0000001
180.9728648,43.0112444,11.7496641,0.8738402,0.0003040,8.4999678,-0.0000001
181.1728348,43.1395980,11.9030053,0.8739018,0.0003116,8.4999678,-0.0000001
181.3728048,43.2679420,12.0563543,0.8739648,0.0003185,8.4999678,-0.0000001
181.5727748,43.3962762,12.2097115,0.8740291,0.0003249,8.4999677,-0.0000001
181.7727448,43.5246004,12.3630770,0.8740947,0.0003309,8.4999677,-0.0000001
181.9727149,43.6529144,12.5164509,0.8741614,0.0003366,8.4999677,-0.0000001
182.1726849,43.7812180,12.6698334,0.8742293,0.0003421,8.4999677,-0.0000001
182.3726549,43.9095112,12.8232247,0.8742982,0.0003473,8.4999677,-0.0000002
182.5726249,44.0377937,12.9766249,0.8743682,0.0003522,8.4999677,-0.0000002
182.7725949,44.1660654,13.1300341,0.8744390,0.0003566,8.4999677,-0.0000002
182.9725649,44.2943261,13.2834525,0.8745108,0.0003609,8.4999677,-0.0000002
183.1725350,44.4225759,13.4368802,0.8745832,0.0003634,8.4999677,-0.0000002
183.3725050,44.5508145,13.5903173,0.8746566,0.0003688,8.4999677,-0.0000002
183.5724750,44.6790420,13.7437638,0.8747288,0.0003697,8.4999677,-0.0000002
183.7724450,44.8072576,13.8972206,0.8748199,0.0005529,8.4999677,-0.0000002
183.9724150,44.9354554,14.0506918,0.8749610,0.0007901,8.4999677,-0.0000002
184.1723850,45.0636314,14.2041800,0.8750713,0.0003549,8.4999677,-0.0000002
184.3723551,45.1917946,14.3576786,0.8751417,0.0003490,8.4999677,-0.0000002
184.5723251,45.3199472,14.5111863,0.8752110,0.0003458,8.4999677,-0.0000002
184.7722951,45.4480890,14.6647029,0.8752814,0.0003585,8.4999677,-0.0000001
184.9722651,45.5762198,14.8182286,0.8753545,0.0003732,8.4999677,-0.0000001
185.1722351,45.7043391,14.9717638,0.8754309,0.0003907,8.4999677,-0.0000000
185.3722051,45.8324463,15.1253089,0.8755107,0.0004076,8.4999677,-0.0000000
185.5721752,45.9605409,15.2788643,0.8755937,0.0004211,8.4999677,0.0000000
185.7721452,46.0886224,15.4324303,0.8756787,0.0004284,8.4999677,0.0000001
185.9721152,46.2166908,15.5860072,0.8757643,0.0004260,8.4999677,0.0000001
186.1720852,46.3447459,15.7395948,0.8758482,0.0004107,8.4999677,0.0000001
186.3720552,46.4727884,15.8931928,0.8759274,0.0003787,8.4999677,0.0000002
186.5720252,46.6008192,16.0468002,0.8759983,0.0003264,8.4999677,0.0000002
186.7719952,46.7288399,16.2004158,0.8760563,0.0002499,8.4999677,0.0000003
186.9719653,46.8568528,16.3540376,0.8760964,0.0001455,8.4999677,0.0000003
187.1719353,46.9848613,16.5076630,0.8761125,0.0000093,8.4999677,0.0000004
187.3719053,47.1128694,16.6612884,0.8760978,-0.0001624,8.4999677,0.0000004
187.5718753,47.2408826,16.8149094,0.8760450,-0.0003729,8.4999677,0.0000005
187.7718453,47.3689072,16.9685207,0.8759460,-0.0006254,8.4999677,0.0000005
187.9718153,47.4969511,17.1221159,0.8757922,-0.0009223,8.4999677,0.0000006
188.1717854,47.6250234,17.2756873,0.8755743,-0.0012658,8.4999678,0.0000007
188.3717554,47.7531346,17.4292261,0.8752830,-0.0016569,8.4999678,0.0000008
188.5717254,47.8812968,17.5827225,0.8749087,-0.0020958,8.4999678,0.0000008
188.7716954,48.0095235,17.7361651,0.8744419,-0.0025817,8.4999678,0.0000009
188.9716654,48.1378296,17.8895415,0.8738734,-0.0031121,8.4999678,0.0000010
189.1716354,48.2662314,18.0428382,0.8731947,-0.0036834,8.4999679,0.0000011
189.3716055,48.3947464,18.1960405,0.8723979,-0.0042902,8.4999679,0.0000012
189.5715755,48.5233931,18.3491327,0.8714771,-0.0049246,8.4999679,0.0000013
189.7715455,48.6521912,18.5020990,0.8704267,-0.0055797,8.4999679,0.0000014
189.9715155,48.7811599,18.6549214,0.8692454,-0.0062639,8.4999680,0.0000013
190.1714855,48.9103228,18.8075845,0.8679058,-0.0073289,8.4999680,0.0000009
190.3714555,49.0397217,18.9600648,0.8662273,-0.0090353,8.4999680,0.0000002
190.5714256,49.1693858,19.1123197,0.8645272,-0.0080599,8.4999680,-0.0000005
190.7713956,49.2992919,19.2643564,0.8629422,-0.0078198,8.4999680,-0.0000010
190.9713656,49.4294361,19.4161879,0.8613745,-0.0078440,8.4999680,-0.0000015
191.1713356,49.5598156,19.5678142,0.8598290,-0.0076093,8.4999680,-0.0000019
191.3713056,49.6904230,19.7192404,0.8583463,-0.0072208,8.4999679,-0.0000023
191.5712756,49.8212482,19.8704793,0.8569641,-0.0066045,8.4999679,-0.0000028
191.7712457,49.9522739,20.0215487,0.8557283,-0.0057513,8.4999678,-0.0000033
191.9712157,50.0834736,20.1724701,0.8546891,-0.0046274,8.4999677,-0.0000038
192.1711857,50.2148127,20.3232723,0.8539041,-0.0031999,8.4999676,-0.0000043
192.3711557,50.3462477,20.4739923,0.8534375,-0.0014312,8.4999675,-0.0000048
192.5711257,50.4777248,20.6246761,0.8533616,0.0007185,8.4999674,-0.0000052
192.7710957,50.6091789,20.7753798,0.8537567,0.0032904,8.4999673,-0.0000054
192.9710658,50.7405320,20.9261708,0.8547114,0.0063263,8.4999672,-0.0000055
193.1710358,50.8716921,21.0771282,0.8563226,0.0098668,8.4999670,-0.0000052
193.3710058,51.0025516,21.2283442,0.8586953,0.0139500,8.4999669,-0.0000044
193.5709758,51.1329861,21.3799247,0.8619414,0.0186084,8.4999668,-0.0000026
193.7709458,51.2628525,21.5319891,0.8661785,0.0238646,8.4999668,0.0000003
193.9709158,51.3919884,21.6846709,0.8715272,0.0297259,8.4999668,0.0000050
194.1708859,51.5202109,21.8381165,0.8781074,0.0361786,8.4999669,0.0000117
194.3708559,51.6473161,21.9924842,0.8860337,0.0431800,8.4999672,0.0000204
194.5708259,51.7730796,22.1479415,0.8954110,0.0506852,8.4999676,0.0000307
194.7707959,51.8972563,22.3046630,0.9063469,0.0587789,8.4999684,0.0000368
194.9707659,52.0195789,22.4628289,0.9189251,0.0670762,8.4999692,0.0000322
195.1707359,52.1397728,22.6226222,0.9331422,0.0751539,8.4999700,0.0000123
195.3707060,52.2575804,22.7842380,0.9489406,0.0828305,8.4999703,-0.0000202
195.5706760,52.3726964,22.9477788,0.9662143,0.0898484,8.4999698,-0.0000626
195.7706460,52.4848554,23.1133549,0.9848141,0.0960540,8.4999683,-0.0001090
195.9706160,52.5938139,23.2810499,1.0045714,0.1014069,8.4999658,-0.0001488
196.1705860,52.6993380,23.4508995,1.0253563,0.1066837,8.4999623,-0.0001688
196.3705560,52.8011935,23.6229191,1.0471685,0.1105996,8.4999583,-0.0001589
196.5705260,52.8992423,23.7971720,1.0694237,0.1122887,8.4999545,-0.0001168
196.7704961,52.9933659,23.9736082,1.0921142,0.1145181,8.4999518,-0.0000601
196.9704661,53.0834221,24.1521462,1.1151983,0.1162652,8.4999504,-0.0000327
197.1704361,53.1693037,24.3327281,1.1385910,0.1176205,8.4999496,-0.0000174
197.3704061,53.2509142,24.5152764,1.1622168,0.1186331,8.4999492,0.0000039
197.5703761,53.3281713,24.6997048,1.1860140,0.1193708,8.4999493,0.0000639
197.7703461,53.4010103,24.8859356,1.2099361,0.1198825,8.4999508,0.0002981
197.9703162,53.4693689,25.0738686,1.2339457,0.1202289,8.4999578,0.0008014
198.1702862,53.5331896,25.2633892,1.2580142,0.1204611,8.4999767,0.0004565
198.3702562,53.5924262,25.4543898,1.2821201,0.1206081,8.4999874,-0.0011400
198.5702262,53.6470382,25.6467599,1.3062510,0.1207156,8.4999606,-0.0016663
198.7701962,53.6969897,25.8403876,1.3303992,0.1207773,8.4999214,-0.0007453
198.9701662,53.7422493,26.0351595,1.3545524,0.1207742,8.4999039,0.0003367
199.1701363,53.7827910,26.2309607,1.3786977,0.1207159,8.4999118,0.0008580
199.3701063,53.8185938,26.4276758,1.4028253,0.1206145,8.4999320,0.0007900
199.5700763,53.8496433,26.6252004,1.4269285,0.1204748,8.4999505,0.0004134
199.7700463,53.8759309,26.8234551,1.4510061,0.1203110,8.4999603,-0.0000871
199.9700163,53.8974404,27.0222769,1.4750493,0.1201350,8.4999582,-0.0004868
200.1699863,53.9141669,27.2215494,1.4990546,0.1199410,8.4999468,-0.0006203
200.3699564,53.9261089,27.4211566,1.5230184,0.1197327,8.4999322,-0.0004546
200.5699264,53.9332686,27.6209840,1.5469383,0.1195124,8.4999215,0.0000067
200.7698964,53.9356514,27.8209184,1.5708124,0.1192828,8.4999216,0.0006140
200.9698664,53.9332654,28.0208485,1.5946409,0.1190575,8.4999361,0.0010294
201.1698364,53.9261196,28.2206891,1.6184291,0.1188554,8.4999603,0.0008755
201.3698064,53.9142259,28.4203041,1.6421833,0.1186993,8.4999809,-0.0000519
201.5697765,53.8975991,28.6195688,1.6659026,0.1186354,8.4999797,-0.0029724
201.7697465,53.8762507,28.8183841,1.6896165,0.1183792,8.4999097,-0.0073998
201.9697165,53.8502001,29.0166280,1.7133362,0.1194828,8.4997357,-0.0092719
202.1696865,53.8194266,29.2141720,1.7373722,0.1206046,8.4995175,-0.0021289
202.3696565,53.7838940,29.4109957,1.7613900,0.1193537,8.4994674,0.0195584
202.5696265,53.7436831,29.6068256,1.7852446,0.1193122,8.4999276,0.0014015
202.7695966,53.6988187,29.8016237,1.8090652,0.1188732,8.4999606,0.0001005
202.9695666,53.6493343,29.9953250,1.8327233,0.1175923,8.4999629,0.0000597
203.1695366,53.5953071,30.1878293,1.8560189,0.1150834,8.4999643,0.0000383
203.3695066,53.5368630,30.3790568,1.8786514,0.1107628,8.4999652,0.0000247
203.5694766,53.4741986,30.5689560,1.9001824,0.1038631,8.4999658,0.0000159
203.7694466,53.4076068,30.7575221,1.9200173,0.0936911,8.4999662,0.0000103
203.9694167,53.3374983,30.9448136,1.9374855,0.0803493,8.4999664,0.0000071
204.1693867,53.2643911,31.1309569,1.9520796,0.0653869,8.4999666,0.0000055
204.3693567,53.1888525,31.3161265,1.9637091,0.0511411,8.4999667,0.0000049
204.5693267,53.1114168,31.5005089,1.9727044,0.0392388,8.4999668,0.0000049
204.7692967,53.0325286,31.6842715,1.9795924,0.0300511,8.4999669,0.0000051
204.9692667,52.9525312,31.8675502,1.9848846,0.0231899,8.4999671,0.0000053
205.1692368,52.8716803,32.0504500,1.9889882,0.0180765,8.4999672,0.0000054
205.3692068,52.7901659,32.2330517,1.9922000,0.0142073,8.4999673,0.0000054
205.5691768,52.7081311,32.4154179,1.9947299,0.0112137,8.4999674,0.0000053
205.7691468,52.6256859,32.5975979,1.9967264,0.0088438,8.4999676,0.0000051
205.9691168,52.5429172,32.7796317,1.9982964,0.0069300,8.4999677,0.0000048
206.1690868,52.4598945,32.9615519,1.9995195,0.0053610,8.4999678,0.0000045
206.3690568,52.3766749,33.1433854,2.0004567,0.0040620,8.4999679,0.0000041
206.5690269,52.2933056,33.3251546,2.0011566,0.0029811,8.4999680,0.0000037
206.7689969,52.2098258,33.5068777,2.0016589,0.0020815,8.4999681,0.0000033
206.9689669,52.1262683,33.6885696,2.0019971,0.0013361,8.4999682,0.0000029
207.1689369,52.0426607,33.8702423,2.0021999,0.0007242,8.4999682,0.0000024
207.3689069,51.9590256,34.0519049,2.0022925,0.0002295,8.4999683,0.0000019
207.5688769,51.8753816,34.2335644,2.0022968,-0.0001609,8.4999683,0.0000014
207.7688470,51.7917437,34.4152257,2.0022329,-0.0004586,8.4999684,0.0000009
207.9688170,51.7081235,34.5968919,2.0021180,-0.0006711,8.4999684,0.0000003
208.1687870,51.6245296,34.7785649,2.0019691,-0.0008206,8.4999684,-0.0000002
208.3687570,51.5409685,34.9602449,2.0017888,-0.0009662,8.4999684,-0.0000008
208.5687270,51.4574462,35.1419320,2.0015923,-0.0009473,8.4999684,-0.0000013
208.7686970,51.3739589,35.3236269,2.0014563,-0.0004197,8.4999683,-0.0000018
208.9686671,51.2904880,35.5053289,2.0014074,-0.0000684,8.4999683,-0.0000023
209.1686371,51.2070060,35.6870606,2.0014360,0.0003562,8.4999682,-0.0000029
209.3686071,51.1235108,35.8687871,2.0015487,0.0007721,8.4999682,-0.0000034
209.5685771,51.0399876,36.0505006,2.0017439,0.0011807,8.4999681,-0.0000039
209.7685471,50.9564222,36.2321935,2.0020180,0.0015558,8.4999680,-0.0000045
209.9685171,50.8728011,36.4138590,2.0023619,0.0018747,8.4999679,-0.0000051
210.1684872,50.7891132,36.5954911,2.0027617,0.0021092,8.4999678,-0.0000056
210.3684572,50.7053502,36.7770856,2.0031976,0.0022274,8.4999676,-0.0000062
210.5684272,50.6215080,36.9586402,2.0036425,0.0021926,8.4999675,-0.0000068
210.7683972,50.5375883,37.1401550,2.0040619,0.0019629,8.4999673,-0.0000074
210.9683672,50.4535996,37.3216336,2.0044120,0.0014910,8.4999672,-0.0000079
211.1683372,50.3695596,37.5030834,2.0046391,0.0007244,8.4999670,-0.0000084
211.3683073,50.2854966,37.6845168,2.0046783,-0.0003949,8.4999668,-0.0000088
211.5682773,50.2014518,37.8659518,2.0044529,-0.0019288,8.4999666,-0.0000091
211.7682473,50.1174815,38.0474136,2.0038730,-0.0039429,8.4999664,-0.0000092
211.9682173,50.0336596,38.2289353,2.0028356,-0.0065039,8.4999661,-0.0000090
212.1681873,49.9500800,38.4105593,2.0012241,-0.0096773,8.4999659,-0.0000082
212.3681573,49.8668410,38.5923771,1.9989086,-0.0135400,8.4999657,-0.0000065
212.5681274,49.7840796,38.7744616,1.9957470,-0.0181514,8.4999656,-0.0000037
212.7680974,49.7019867,38.9568382,1.9915900,-0.0235275,8.4999655,0.0000009
212.9680674,49.6207601,39.1395894,1.9862831,-0.0296742,8.4999655,0.0000075
213.1680374,49.5406268,39.3228079,1.9796742,-0.0365621,8.4999657,0.0000163
213.3680074,49.4618422,39.5065957,1.9716200,-0.0441308,8.4999661,0.0000270
213.5679774,49.3846884,39.6910611,1.9619860,-0.0524022,8.4999667,0.0000356
213.7679475,49.3094757,39.8763172,1.9506385,-0.0611587,8.4999676,0.0000351
213.9679175,49.2365351,40.0624755,1.9375334,-0.0699002,8.4999684,0.0000206
214.1678875,49.1662005,40.2496382,1.9227136,-0.0782825,8.4999689,-0.0000102
214.3678575,49.0987967,40.4378964,1.9062501,-0.0862406,8.4999686,-0.0000518
214.5678275,49.0346464,40.6272769,1.8883200,-0.0935582,8.4999674,-0.0000941
214.7677975,48.9740791,40.8177531,1.8687378,-0.1014227,8.4999652,-0.0001274
214.9677676,48.9173638,41.0094374,1.8480789,-0.1050971,8.4999622,-0.0001367
215.1677376,48.8646700,41.2023414,1.8267022,-0.1087616,8.4999590,-0.0001017
215.3677076,48.8161808,41.3963543,1.8046037,-0.1120459,8.4999566,0.0000154
215.5676776,48.7720463,41.5914156,1.7819353,-0.1144843,8.4999570,0.0001202
215.7676476,48.7323860,41.7874426,1.7588537,-0.1162134,8.4999598,0.0001044
215.9676176,48.6972898,41.9843406,1.7354892,-0.1173597,8.4999622,0.0000712
216.1675876,48.6668222,42.1820076,1.7119480,-0.1180219,8.4999639,0.0000465
216.3675577,48.6410280,42.3803183,1.6883247,-0.1182312,8.4999650,0.0000247
216.5675277,48.6199302,42.5791439,1.6647080,-0.1180002,8.4999656,0.0000098
216.7674977,48.6035255,42.7784197,1.6411768,-0.1173364,8.4999658,0.0000037
216.9674677,48.5917976,42.9780317,1.6178244,-0.1161671,8.4999659,0.0000006
217.1674377,48.5847065,43.1778669,1.5947656,-0.1143399,8.4999659,-0.0000020
217.3674077,48.5821828,43.3778158,1.5721560,-0.1115835,8.4999659,0.0000013
217.5673778,48.5841172,43.5777745,1.5502212,-0.1074579,8.4999659,0.0000142
217.7673478,48.5903426,43.7776484,1.5292941,-0.1013351,8.4999662,0.0000149
217.9673178,48.6006105,43.9773582,1.5098444,-0.0925517,8.4999666,0.0000056
218.1672878,48.6145659,44.1768471,1.4924442,-0.0809055,8.4999667,0.0000024
218.3672578,48.6317422,44.3760869,1.4776080,-0.0672637,8.4999668,0.0000006
218.5672278,48.6515959,44.5750794,1.4655627,-0.0534366,8.4999668,-0.0000002
218.7671979,48.6735779,44.7738486,1.4561586,-0.0411158,8.4999668,-0.0000003
218.9671679,48.6971981,44.9724298,1.4489960,-0.0310637,8.4999668,-0.0000001
219.1671379,48.7220559,45.1708596,1.4436146,-0.0232289,8.4999668,0.0000003
219.3671079,48.7478387,45.3691713,1.4396079,-0.0172149,8.4999668,0.0000007
219.5670779,48.7743067,45.5673926,1.4366557,-0.0125941,8.4999668,0.0000011
219.7670479,48.8012756,45.7655462,1.4345161,-0.0090217,8.4999668,0.0000014
219.9670180,48.8286037,45.9636518,1.4330059,-0.0062581,8.4999668,0.0000015
220.1669880,48.8561800,46.1617192,1.4319839,-0.0040667,8.4999669,0.0000014
220.3669580,48.8839196,46.3597765,1.4313674,-0.0021225,8.4999669,0.0000008
220.5669280,48.9117456,46.5578275,1.4310892,-0.0010313,8.4999669,0.0000002
220.7668980,48.9396088,46.7558415,1.4309297,-0.0005209,8.4999669,-0.0000000
220.9668680,48.9674912,46.9538390,1.4308699,-0.0001707,8.4999669,0.0000001
221.1668381,48.9953816,47.1518376,1.4308387,-0.0002317,8.4999669,0.0000003
221.3668081,49.0232820,47.3498342,1.4307535,-0.0007039,8.4999669,0.0000005
221.5667781,49.0512114,47.5478275,1.4305333,-0.0015684,8.4999670,0.0000008
221.7667481,49.0792044,47.7458135,1.4301023,-0.0027992,8.4999670,0.0000010
221.9667181,49.1073098,47.9437862,1.4293902,-0.0043639,8.4999670,0.0000013
222.1666881,49.1355897,48.1417377,1.4283342,-0.0062226,8.4999670,0.0000016
222.3666582,49.1641180,48.3396586,1.4268804,-0.0083282,8.4999671,0.0000019
222.5666282,49.1929771,48.5375320,1.4249857,-0.0106267,8.4999671,0.0000022
222.7665982,49.2222566,48.7353393,1.4226199,-0.0130384,8.4999672,0.0000025
222.9665682,49.2520516,48.9330664,1.4197676,-0.0154841,8.4999672,0.0000028
223.1665382,49.2824581,49.1306982,1.4164304,-0.0178748,8.4999673,0.0000029
223.3665082,49.3135702,49.3282189,1.4126284,-0.0201112,8.4999674,0.0000028
223.5664783,49.3454756,49.5256127,1.4084031,-0.0220837,8.4999674,0.0000025
223.7664483,49.3782515,49.7228641,1.4038186,-0.0236721,8.4999675,0.0000018
223.9664183,49.4119597,49.9199589,1.3989644,-0.0247457,8.4999675,0.0000007
224.1663883,49.4466417,50.1168858,1.3939574,-0.0251650,8.4999675,-0.0000008
224.3663583,49.4823128,50.3136371,1.3889426,-0.0247855,8.4999675,-0.0000027
224.5663283,49.5189571,50.5102104,1.3840943,-0.0234639,8.4999675,-0.0000047
224.7662984,49.5565216,50.7066109,1.3796147,-0.0210661,8.4999674,-0.0000066
224.9662684,49.5949111,50.9028522,1.3757309,-0.0174792,8.4999672,-0.0000080
225.1662384,49.6339841,51.0989587,1.3726893,-0.0126276,8.4999670,-0.0000076
225.3662084,49.6735498,51.2949660,1.3707466,-0.0064815,8.4999668,-0.0000032
225.5661784,49.7133674,51.4909215,1.3701610,0.0009450,8.4999668,0.0000095
225.7661484,49.7531458,51.6868833,1.3711828,0.0095830,8.4999670,0.0000361
225.9661184,49.7925474,51.8829209,1.3740406,0.0192727,8.4999678,0.0000800
226.1660885,49.8311918,52.0791042,1.3789204,0.0297359,8.4999697,0.0001318
226.3660585,49.8686701,52.2755202,1.3859561,0.0408815,8.4999728,0.0001386
226.5660285,49.9045411,52.4722219,1.3952288,0.0514748,8.4999761,0.0000744
226.7659985,49.9383836,52.6692513,1.4064806,0.0612098,8.4999778,-0.0000303
226.9659685,49.9698212,52.8667203,1.4196705,0.0707009,8.4999771,-0.0001764
227.1659385,49.9984740,53.0646745,1.4347190,0.0792283,8.4999730,-0.0004482
227.3659086,50.0239920,53.2630685,1.4512572,0.0858280,8.4999624,-0.0010739
227.5658786,50.0461048,53.4618767,1.4689717,0.0911072,8.4999372,-0.0027735
227.7658486,50.0645956,53.6610627,1.4876343,0.0954218,8.4998719,-0.0082583
227.9658186,50.0792835,53.8605276,1.5070687,0.0989504,8.4996776,-0.0074623
228.1657886,50.0900211,54.0601472,1.5271444,0.1019215,8.4995020,0.0050211
228.3657586,50.0966920,54.2599769,1.5477947,0.1046129,8.4996202,0.0067578
228.5657287,50.0991824,54.4599307,1.5689730,0.1071516,8.4997792,0.0061246
228.7656987,50.0973871,54.6599132,1.5906541,0.1096018,8.4999233,0.0029057
228.9656687,50.0912077,54.8598201,1.6128231,0.1120261,8.4999916,-0.0164143
229.1656387,50.0805500,55.0595384,1.6354782,0.1144822,8.4996054,-0.0565539
229.3656087,50.0653230,55.2589471,1.6586262,0.1170001,8.4982748,-0.0920808
229.5655787,50.0454378,55.4579171,1.6822735,0.1195744,8.4961078,-0.1274839
229.7655488,50.0208018,55.6563633,1.7064290,0.1221296,8.4931067,-0.1610107
229.9655188,49.9913207,55.8542010,1.7311025,0.1246485,8.4893149,-0.1914030
230.1654888,49.9569147,56.0512553,1.7562893,0.1271594,8.4848051,-0.2209916
230.3654588,49.9175069,56.2473721,1.7819823,0.1296353,8.4795952,-0.2495623
230.5654288,49.8730276,56.4423925,1.8081676,0.1320376,8.4737078,-0.2768227
230.7653988,49.8234160,56.6361537,1.8348217,0.1343138,8.4671726,-0.3024502
230.9653689,49.7686217,56.8284920,1.8619092,0.1363938,8.4600266,-0.3261273
231.1653389,49.7086068,57.0192453,1.8893794,0.1381842,8.4523144,-0.3475651
231.3653089,49.6433485,57.2082557,1.9171619,0.1395628,8.4440875,-0.3665141
231.5652789,49.5728427,57.3953729,1.9451609,0.1403704,8.4354033,-0.3827656
231.7652489,49.4971085,57.5804558,1.9732468,0.1404032,8.4263246,-0.3961449
231.9652189,49.4161969,57.7633744,2.0012449,0.1394007,8.4169182,-0.4064989
232.1651890,49.3302021,57.9440079,2.0289233,0.1370503,8.4072550,-0.4136800
232.3651590,49.2392783,58.1222463,2.0559655,0.1329665,8.3974097,-0.4175300
232.5651290,49.1436628,58.2979833,2.0819979,0.1266164,8.3874610,-0.4178585
232.7650990,49.0436870,58.4711563,2.1064893,0.1190238,8.3774927,-0.4147660
232.9650690,48.9397660,58.6416621,2.1296323,0.1125996,8.3675864,-0.4072843
233.1650390,48.8321306,58.8097328,2.1505564,0.0950794,8.3578474,-0.3921226
233.3650091,48.7209404,58.9761345,2.1689530,0.0892276,8.3484602,-0.3739662
233.5649791,48.6069428,59.1403053,2.1864241,0.0859097,8.3394978,-0.3519339
233.7649491,48.4901599,59.3024597,2.2034650,0.0851928,8.3310546,-0.3214987
233.9649191,48.3705843,59.4626365,2.2207560,0.0881013,8.3233341,-0.2944716
234.1648891,48.2481959,59.6206885,2.2388115,0.0929100,8.3162564,-0.2668882
234.3648591,48.1227717,59.7765863,2.2579751,0.0987257,8.3098364,-0.2325299
234.5648292,47.9945035,59.9297210,2.2783508,0.1052071,8.3042389,-0.2002166
234.7647992,47.8629792,60.0802023,2.3000004,0.1113910,8.2994162,-0.1660681
234.9647692,47.7280165,60.2278529,2.3228447,0.1169121,8.2954139,-0.1293958
235.1647392,47.5895312,60.3724201,2.3467349,0.1216077,8.2922940,-0.0855175
235.3647092,47.4478575,60.5132960,2.3714279,0.1254104,8.2902315,-0.0434728
235.5646792,47.3026763,60.6506027,2.3967950,0.1283192,8.2891828,-0.0006133
235.7646492,47.1539583,60.7842010,2.4226742,0.1304256,8.2891680,0.0432347
235.9646193,47.0017656,60.9139136,2.4489115,0.1318360,8.2902110,0.0872315
236.1645893,46.8461831,61.0395891,2.4753742,0.1326591,8.2923149,0.1301869
236.3645593,46.6873127,61.1611003,2.5019523,0.1330009,8.2954537,0.1704645
236.5645293,46.5252679,61.2783426,2.5285578,0.1329629,8.2995619,0.2059361
236.7644993,46.3601704,61.3912303,2.5551234,0.1326415,8.3045223,0.2340353
236.9644693,46.1921468,61.4996932,2.5816017,0.1321279,8.3101559,0.2519525
237.1644394,46.0213264,61.6036731,2.6079633,0.1315049,8.3162165,0.2569780
237.3644094,45.8478398,61.7031207,2.6341944,0.1308461,8.3223934,0.2469433
237.5643794,45.6718170,61.7979920,2.6602942,0.1302038,8.3283248,0.2206577
237.7643494,45.4933872,61.8882470,2.6862710,0.1296233,8.3336213,0.1782198
237.9643194,45.3126785,61.9738468,2.7121378,0.1290918,8.3378967,0.1211312
238.1642894,45.1298182,62.0547543,2.7379089,0.1286736,8.3408013,0.0522235
238.3642595,44.9449327,62.1309322,2.7635940,0.1281373,8.3420533,-0.0244859
238.5642295,44.7581489,62.2023472,2.7892303,0.1286828,8.3414663,-0.1038426
238.7641995,44.5695730,62.2689386,2.8150496,0.1290755,8.3389765,-0.1793655
238.9641695,44.3793221,62.3306483,2.8407669,0.1270717,8.3346742,-0.2425763
239.1641395,44.1875622,62.3875054,2.8658229,0.1239210,8.3288521,-0.2813039
239.3641095,43.9944565,62.4395870,2.8904251,0.1218468,8.3220955,-0.2760836
239.5640796,43.8001472,62.4869476,2.9145152,0.1189513,8.3154589,-0.1923376
239.7640496,43.6047831,62.5296719,2.9379516,0.1153178,8.3108323,0.0369074
239.9640196,43.4085074,62.5678860,2.9604781,0.1100489,8.3117203,0.6921805
240.1639896,43.2114221,62.6018025,2.9815580,0.1008218,8.3283566,2.1088845
240.3639596,43.0136921,62.6318137,2.9995850,0.0782778,8.3788395,3.9787625
240.5639296,42.8155280,62.6588158,3.0112105,0.0344268,8.4732649,1.1330025
240.7638997,42.6171787,62.6844287,3.0137953,-0.0067325,8.4999618,0.0007507
240.9638697,42.4188584,62.7102861,3.0090947,-0.0375035,8.4999795,-0.0000059
241.1638397,42.2207354,62.7376198,2.9991452,-0.0603024,8.4999793,-0.0002380
241.3638097,42.0229567,62.7673345,2.9852100,-0.0776474,8.4999737,-0.0009508
241.5637797,41.8256640,62.8001122,2.9682656,-0.0908071,8.4999514,-0.1199164
241.7637497,41.6290003,62.8364638,2.9490178,-0.1009701,8.4971298,-0.3864518
241.9637198,41.4331117,62.8767767,2.9279597,-0.1094028,8.4880302,-0.2463438
242.1636898,41.2381512,62.9213662,2.9052819,-0.1168609,8.4822246,0.3536718
242.3636598,41.0442796,62.9704980,2.8813146,-0.1222438,8.4905584,0.2171618
242.5636298,40.8516547,63.0243537,2.8564945,-0.1257313,8.4956714,0.1188602
242.7635998,40.6604293,63.0830404,2.8310478,-0.1284400,8.4984687,0.0519769
242.9635698,40.4707574,63.1466251,2.8051504,-0.1301900,8.4996916,0.0128584
243.1635399,40.2827980,63.2151296,2.7790047,-0.1308335,8.4999941,-0.0041313
243.3635099,40.0967185,63.2885188,2.7528712,-0.1300276,8.4998969,-0.0099596
243.5634799,39.9126967,63.3666813,2.7270978,-0.1272617,8.4996626,-0.0086497
243.7634499,39.7309134,63.4494033,2.7021676,-0.1218072,8.4994591,-0.0036239
243.9634199,39.5511634,63.5365266,2.6786664,-0.1128565,8.4993739,0.0021241
244.1633899,39.3728443,63.6279731,2.6572232,-0.1005474,8.4994238,0.0055397
244.3633600,39.1969029,63.7227026,2.6386331,-0.0860871,8.4995542,0.0064044
244.5633300,39.0228543,63.8203417,2.6222788,-0.0793368,8.4997048,0.0042333
244.7633000,38.8503295,63.9207607,2.6067966,-0.0763641,8.4998044,0.0014551
244.9632700,38.6788453,64.0241398,2.5911328,-0.0822072,8.4998387,-0.0011314
245.1632400,38.5097745,64.1299304,2.5734031,-0.0951443,8.4998121,-0.0021192
245.3632100,38.3423178,64.2391848,2.5532350,-0.1064899,8.4997622,-0.0020947
245.5631800,38.1768745,64.3522137,2.5309296,-0.1157821,8.4997129,-0.0012019
245.7631501,38.0145787,64.4686872,2.5070576,-0.1228046,8.4996846,-0.0000673
245.9631201,37.8552075,64.5890837,2.4820090,-0.1276426,8.4996831,0.0009171
246.1630901,37.6988235,64.7136071,2.4561513,-0.1307142,8.4997046,0.0015883
246.3630601,37.5456813,64.8422268,2.4298097,-0.1324077,8.4997420,0.0018826
246.5630301,37.3959751,64.9748756,2.4032347,-0.1330502,8.4997863,0.0018447
246.7630001,37.2498498,65.1114626,2.3766139,-0.1329046,8.4998297,0.0015835
246.9629702,37.1074122,65.2518802,2.3500847,-0.1321789,8.4998669,0.0012236
247.1629402,36.9687421,65.3960090,2.3237458,-0.1310358,8.4998957,0.0008665
247.3629102,36.8338997,65.5437203,2.2976665,-0.1296026,8.4999161,0.0005684
247.5628802,36.7029312,65.6948789,2.2718940,-0.1279784,8.4999295,0.0003391
247.7628502,36.5758727,65.8493447,2.2464584,-0.1262405,8.4999375,0.0001580
247.9628202,36.4527524,66.0069750,2.2213767,-0.1244492,8.4999412,-0.0000005
248.1627903,36.3335921,66.1676256,2.1966558,-0.1226523,8.4999412,-0.0001431
248.3627603,36.2184090,66.3311529,2.1722942,-0.1208880,8.4999378,-0.0002435
248.5627303,36.1072161,66.4974149,2.1482832,-0.1191881,8.4999321,-0.0002441
248.7627003,36.0000236,66.6662721,2.1246086,-0.1175800,8.4999263,-0.0000800
248.9626703,35.8968394,66.8375892,2.1012502,-0.1160894,8.4999245,0.0002874
249.1626403,35.7976700,67.0112359,2.0781823,-0.1147260,8.4999312,0.0007246
249.3626104,35.7025052,67.1871195,2.0553693,-0.1135091,8.4999483,0.0008775
249.5625804,35.6113491,67.3651341,2.0327732,-0.1125011,8.4999689,0.0007061
249.7625504,35.5242174,67.5451642,2.0103526,-0.1117233,8.4999855,-0.0000444
249.9625204,35.4411296,67.7271001,1.9880605,-0.1112063,8.4999845,-0.0027921
250.1624904,35.3621106,67.9108379,1.9658440,-0.1109677,8.4999188,-0.0070066
250.3624604,35.2871923,68.0962793,1.9436472,-0.1110111,8.4997539,-0.0100280
250.5624305,35.2164133,68.2833318,1.9214154,-0.1113215,8.4995180,-0.0070855
250.7624005,35.1498207,68.4719050,1.8990936,-0.1119627,8.4993513,0.0079013
250.9623705,35.0874767,68.6618959,1.8766021,-0.1131381,8.4995372,0.0176903
251.1623405,35.0294529,68.8532274,1.8538434,-0.1144014,8.4999534,0.0004846
251.3623105,34.9758177,69.0458396,1.8308899,-0.1150635,8.4999648,0.0000641
251.5622805,34.9266247,69.2396371,1.8078798,-0.1148641,8.4999663,0.0000372
251.7622506,34.8818907,69.4345159,1.7850407,-0.1132155,8.4999672,0.0000214
251.9622206,34.8415726,69.6303592,1.7627402,-0.1092707,8.4999677,0.0000111
252.1621906,34.8055330,69.8270375,1.7415486,-0.1018989,8.4999680,0.0000044
252.3621606,34.7734953,70.0244095,1.7222586,-0.0902069,8.4999681,0.0000002
252.5621306,34.7450106,70.2223275,1.7057272,-0.0746822,8.4999681,-0.0000022
252.7621006,34.7194786,70.4206490,1.6925073,-0.0577162,8.4999680,-0.0000032
252.9620707,34.6962386,70.6192516,1.6825879,-0.0421081,8.4999679,-0.0000035
253.1620407,34.6746772,70.8180415,1.6755200,-0.0292956,8.4999679,-0.0000032
253.3620107,34.6542862,71.0169522,1.6707214,-0.0193131,8.4999678,-0.0000027
253.5619807,34.6346679,71.2159382,1.6676775,-0.0116003,8.4999677,-0.0000021
253.7619507,34.6155142,71.4149677,1.6659969,-0.0055463,8.4999677,-0.0000015
253.9619207,34.5965834,71.6140176,1.6653990,-0.0006724,8.4999676,-0.0000008
254.1618908,34.5776808,71.8130705,1.6656839,0.0033523,8.4999676,-0.0000003
254.3618608,34.5586460,72.0121120,1.6667056,0.0067434,8.4999676,0.0000003
254.5618308,34.5393438,72.2111299,1.6683527,0.0096360,8.4999676,0.0000008
254.7618008,34.5196589,72.4101129,1.6705345,0.0121107,8.4999676,0.0000013
254.9617708,34.4994931,72.6090501,1.6731728,0.0142114,8.4999677,0.0000017
255.1617408,34.4787630,72.8079308,1.6761950,0.0159557,8.4999677,0.0000020
255.3617108,34.4573997,73.0067444,1.6795302,0.0173452,8.4999677,0.0000023
255.5616809,34.4353485,73.2054804,1.6831062,0.0183630,8.4999678,0.0000024
255.7616509,34.4125696,73.4041292,1.6868478,0.0190028,8.4999679,0.0000026
255.9616209,34.3890387,73.6026824,1.6906735,0.0191943,8.4999679,0.0000027
256.1615909,34.3647483,73.8011332,1.6945024,0.0190592,8.4999680,0.0000028
256.3615609,34.3397063,73.9994798,1.6982343,0.0181105,8.4999680,0.0000029
256.5615309,34.3139406,74.1977191,1.7018949,0.0190565,8.4999681,0.0000027
256.7615010,34.2874198,74.3958830,1.7058005,0.0197247,8.4999682,0.0000019
256.9614710,34.2601265,74.5940401,1.7092298,0.0112031,8.4999682,0.0000014
257.1614410,34.2323788,74.7921906,1.7102690,0.0005590,8.4999683,0.0000021
257.3614110,34.2046052,74.9903392,1.7095469,-0.0083086,8.4999683,0.0000054
257.5613810,34.1771643,75.1885294,1.7068704,-0.0185498,8.4999684,0.0000125
257.7613510,34.1504658,75.3867836,1.7020864,-0.0294125,8.4999687,0.0000246
257.9613211,34.1249444,75.5851368,1.6950415,-0.0411424,8.4999693,0.0000429
258.1612911,34.1010657,75.7836244,1.6855902,-0.0536032,8.4999703,0.0000684
258.3612611,34.0793129,75.9823772,1.6735887,-0.0667919,8.4999719,0.0000789
258.5612311,34.0601959,76.1815465,1.6589485,-0.0799336,8.4999738,0.0000635
258.7612011,34.0442580,76.3809842,1.6417220,-0.0925317,8.4999753,0.0000246
258.9611711,34.0320064,76.5806368,1.6220763,-0.1040320,8.4999759,-0.0000389
259.1611412,34.0238996,76.7804024,1.6003371,-0.1134525,8.4999749,-0.0001280
259.3611112,34.0203042,76.9801061,1.5770710,-0.1195278,8.4999719,-0.0002551
259.5610812,34.0214509,77.1804788,1.5530618,-0.1195928,8.4999659,-0.0003838
259.7610512,34.0273690,77.3808610,1.5297201,-0.1118837,8.4999569,-0.0004449
259.9610212,34.0377126,77.5806458,1.5089934,-0.0948916,8.4999464,-0.0003389
260.1609912,34.0517973,77.7791010,1.4910502,-0.0872581,8.4999385,0.0000167
260.3609613,34.0692734,77.9775640,1.4755872,-0.0698610,8.4999389,0.0002359
260.5609313,34.0896666,78.1765330,1.4616073,-0.0728783,8.4999444,0.0003863
260.7609013,34.1130083,78.3756152,1.4463520,-0.0784058,8.4999535,0.0003191
260.9608713,34.1392505,78.5732863,1.4315909,-0.0669860,8.4999610,0.0002047
261.1608413,34.1681454,78.7709983,1.4206227,-0.0398657,8.4999658,0.0001821
261.3608113,34.1986331,78.9686562,1.4160252,-0.0055725,8.4999701,0.0001568
261.5607814,34.2293681,79.1663455,1.4181302,0.0255298,8.4999738,0.0001005
261.7607514,34.2591161,79.3642153,1.4258362,0.0502175,8.4999762,0.0000203
261.9607214,34.2868903,79.5623939,1.4379123,0.0693519,8.4999766,-0.0000930
262.1606914,34.3119215,79.7609594,1.4533782,0.0841424,8.4999744,-0.0002547
262.3606614,34.3336102,79.9599340,1.4714510,0.0955073,8.4999684,-0.0004819
262.5606314,34.3514923,80.1592857,1.4915157,0.1040962,8.4999571,-0.0007283
262.7606015,34.3652150,80.3589370,1.5130992,0.1123670,8.4999400,-0.0007753
262.9605715,34.3744309,80.5587811,1.5366505,0.1205309,8.4999217,-0.0003669
263.1605415,34.3788616,80.7587376,1.5605936,0.1195941,8.4999131,0.0001489
263.3605115,34.3784948,80.9587438,1.5847529,0.1220376,8.4999166,0.0001890
263.5604815,34.3732451,81.1587066,1.6094244,0.1243407,8.4999211,0.0002882
263.7604515,34.3630288,81.3585194,1.6343573,0.1246186,8.4999278,0.0006234
263.9604216,34.3478361,81.5580579,1.6591749,0.1229410,8.4999425,0.0013540
264.1603916,34.3277468,81.7571606,1.6833912,0.1184375,8.4999744,0.0004383
264.3603616,34.3029705,81.9556144,1.7063384,0.1102160,8.4999847,-0.0026121
264.5603316,34.2738903,82.1531590,1.7271372,0.0971350,8.4999232,-0.0028512
264.7603016,34.2410127,82.3500436,1.7447531,0.0783255,8.4998561,-0.0006757
264.9602716,34.2049291,82.5471314,1.7582249,0.0557434,8.4998402,0.0009225
265.1602416,34.1668086,82.7429901,1.7671987,0.0361955,8.4998619,0.0014985
265.3602117,34.1272279,82.9386703,1.7733958,0.0371676,8.4998972,0.0010420
265.5601817,34.0860819,83.1338502,1.7850461,0.0761116,8.4999217,0.0003146
265.7601517,34.0419194,83.3289431,1.8024779,0.0982745,8.4999291,-0.0000677
265.9601217,33.9940614,83.5224714,1.8247769,0.1226516,8.4999275,0.0000867
266.1600917,33.9413539,83.7153533,1.8507327,0.1351807,8.4999296,0.0005415
266.3600617,33.8834142,83.9069152,1.8784510,0.1405052,8.4999423,0.0008967
266.5600318,33.8201151,84.0967819,1.9067558,0.1413963,8.4999634,0.0008170
266.7600018,33.7514800,84.2847560,1.9349446,0.1396162,8.4999826,0.0000762
266.9599718,33.6776228,84.4707277,1.9626066,0.1362794,8.4999844,-0.0024572
267.1599418,33.5987157,84.6546202,1.9895057,0.1320691,8.4999266,-0.0063052
267.3599118,33.5149676,84.8363696,2.0155095,0.1274138,8.4997783,-0.0087873
267.5598818,33.4266088,85.0159216,2.0405506,0.1225436,8.4995715,-0.0057118
267.7598519,33.3338798,85.1932331,2.0645984,0.1177200,8.4994371,0.0058555
267.9598219,33.2370152,85.3682795,2.0876820,0.1126513,8.4995749,0.0163297
268.1597919,33.1362655,85.5410466,2.1095859,0.1062121,8.4999591,0.0002619
268.3597619,33.0319155,85.7115749,2.1300351,0.0996716,8.4999652,0.0000549
268.5597319,32.9241464,85.8799472,2.1504262,0.1039511,8.4999665,0.0000313
268.7597019,32.8129125,86.0460950,2.1710010,0.1018165,8.4999673,0.0000176
268.9596720,32.6982936,86.2099878,2.1910747,0.0988355,8.4999677,0.0000091
269.1596420,32.5804756,86.3715794,2.2103333,0.0935738,8.4999679,0.0000034
269.3596120,32.4596700,86.5309390,2.2282764,0.0855590,8.4999680,-0.0000000
269.5595820,32.3361689,86.6882118,2.2443273,0.0745594,8.4999680,-0.0000019
269.7595520,32.2103433,86.8436279,2.2579686,0.0615995,8.4999679,-0.0000027
269.9595220,32.0826124,86.9974816,2.2689770,0.0485693,8.4999679,-0.0000028
270.1594921,31.9533886,87.1500845,2.2775031,0.0370711,8.4999678,-0.0000025
270.3594621,31.8230318,87.3017220,2.2839385,0.0277637,8.4999678,-0.0000020
270.5594321,31.6918310,87.4526306,2.2887266,0.0205606,8.4999677,-0.0000015
270.7594021,31.5600077,87.6029963,2.2922541,0.0150696,8.4999677,-0.0000011
270.9593721,31.4277297,87.7529625,2.2948215,0.0108733,8.4999676,-0.0000007
271.1593421,31.2951245,87.9026397,2.2966520,0.0076334,8.4999676,-0.0000005
271.3593122,31.1622901,88.0521134,2.2979105,0.0051030,8.4999676,-0.0000003
271.5592822,31.0293024,88.2014508,2.2987201,0.0031097,8.4999676,-0.0000002
271.7592522,30.8962214,88.3507050,2.2991752,0.0015337,8.4999676,-0.0000000
271.9592222,30.7630941,88.4999180,2.2993502,0.0002905,8.4999676,0.0000000
272.1591922,30.6299579,88.6491229,2.2993050,-0.0006813,8.4999676,0.0000001
272.3591622,30.4968417,88.7983456,2.2990890,-0.0014290,8.4999676,0.0000002
272.5591323,30.3637679,88.9476062,2.2987429,-0.0019902,8.4999676,0.0000002
272.7591023,30.2307534,89.0969196,2.2983008,-0.0023965,8.4999676,0.0000002
272.9590723,30.0978102,89.2462965,2.2977908,-0.0026757,8.4999676,0.0000003
273.1590423,29.9649469,89.3957443,2.2972358,-0.0028524,8.4999676,0.0000003
273.3590123,29.8321688,89.5452679,2.2966541,-0.0029490,8.4999676,0.0000003
273.5589823,29.6994788,89.6948696,2.2960594,-0.0029858,8.4999676,0.0000003
273.7589524,29.5668780,89.8445505,2.2954620,-0.0029817,8.4999676,0.0000003
273.9589224,29.4343666,89.9943104,2.2948681,-0.0029535,8.4999677,0.0000003
274.1588924,29.3019436,90.1441485,2.2942811,-0.0029166,8.4999677,0.0000003
274.3588624,29.1696080,90.2940638,2.2937014,-0.0028845,8.4999677,0.0000003
274.5588324,29.0373590,90.4440555,2.2931266,-0.0028692,8.4999677,0.0000003
274.7588024,28.9051960,90.5941230,2.2925524,-0.0028807,8.4999677,0.0000003
274.9587724,28.7731196,90.7442667,2.2919726,-0.0029276,8.4999677,0.0000003
275.1587425,28.6411312,90.8944877,2.2913794,-0.0030162,8.4999677,0.0000004
275.3587125,28.5092335,91.0447883,2.2907638,-0.0031511,8.4999677,0.0000004
275.5586825,28.3774306,91.1951721,2.2901165,-0.0033350,8.4999677,0.0000004
275.7586525,28.2457281,91.3456438,2.2894274,-0.0035682,8.4999677,0.0000004
275.9586225,28.1141331,91.4962096,2.2886869,-0.0038491,8.4999677,0.0000004
276.1585925,27.9826541,91.6468766,2.2878857,-0.0041733,8.4999678,0.0000005
276.3585626,27.8513009,91.7976533,2.2870158,-0.0045342,8.4999678,0.0000005
276.5585326,27.7200846,91.9485491,2.2860709,-0.0049223,8.4999678,0.0000006
276.7585026,27.5890169,92.0995739,2.2850465,-0.0053252,8.4999678,0.0000006
276.9584726,27.4581100,92.2507383,2.2839413,-0.0057275,8.4999678,0.0000006
277.1584426,27.3273764,92.4020524,2.2827572,-0.0061104,8.4999678,0.0000007
277.3584126,27.1968276,92.5535260,2.2815002,-0.0064518,8.4999678,0.0000007
277.5583827,27.0664743,92.7051679,2.2801810,-0.0067262,8.4999678,0.0000007
277.7583527,26.9363248,92.8569847,2.2788161,-0.0069042,8.4999679,0.0000007
277.9583227,26.8063849,93.0089808,2.2774277,-0.0069530,8.4999679,0.0000007
278.1582927,26.6766560,93.1611570,2.2760455,-0.0068363,8.4999679,0.0000006
278.3582627,26.5471350,93.3135102,2.2747062,-0.0065145,8.4999679,0.0000005
278.5582327,26.4178120,93.4660314,2.2734552,-0.0059449,8.4999679,0.0000004
278.7582028,26.2886698,93.6187058,2.2723465,-0.0050828,8.4999679,0.0000002
278.9581728,26.1596822,93.7715107,2.2714430,-0.0038814,8.4999679,0.0000000
279.1581428,26.0308124,93.9244151,2.2708174,-0.0022938,8.4999679,-0.0000001
279.3581128,25.9020119,94.0773778,2.2705514,-0.0002738,8.4999679,-0.0000003
279.5580828,25.7732188,94.2303469,2.2707360,0.0022230,8.4999679,-0.0000003
279.7580528,25.6443566,94.3832580,2.2714704,0.0052351,8.4999679,-0.0000002
279.9580229,25.5153335,94.5360332,2.2728614,0.0088011,8.4999679,0.0000003
280.1579929,25.3860403,94.6885808,2.2750218,0.0129331,8.4999679,0.0000012
280.3579629,25.2563528,94.8407917,2.2780683,0.0176837,8.4999679,0.0000030
280.5579329,25.1261245,94.9925456,2.2821177,0.0229129,8.4999680,0.0000063
280.7579029,24.9952082,95.1436940,2.2872414,0.0283557,8.4999682,0.0000113
280.9578729,24.8634460,95.2940834,2.2935243,0.0349196,8.4999684,0.0000181
281.1578430,24.7306278,95.4435594,2.3012230,0.0420872,8.4999689,0.0000264
281.3578130,24.5965459,95.5919234,2.3103655,0.0494334,8.4999695,0.0000352
281.5577830,24.4610046,95.7389533,2.3210128,0.0571836,8.4999703,0.0000401
281.7577530,24.3237911,95.8844233,2.3332421,0.0651142,8.4999713,0.0000358
281.9577230,24.1846953,96.0280946,2.3470447,0.0728553,8.4999721,0.0000203
282.1576930,24.0435221,96.1697244,2.3623609,0.0802092,8.4999726,-0.0000057
282.3576631,23.9000963,96.3090722,2.3790967,0.0870033,8.4999724,-0.0000399
282.5576331,23.7542688,96.4459044,2.3971221,0.0930878,8.4999715,-0.0000781
282.7576031,23.6059207,96.5799995,2.4162865,0.0983955,8.4999697,-0.0001137
282.9575731,23.4549639,96.7111515,2.4364316,0.1029157,8.4999670,-0.0001377
283.1575431,23.3013409,96.8391709,2.4574029,0.1066877,8.4999638,-0.0001413
283.3575131,23.1450228,96.9638859,2.4790571,0.1097817,8.4999604,-0.0001192
283.5574832,22.9860055,97.0851416,2.5012673,0.1122803,8.4999576,-0.0000718
283.7574532,22.8243068,97.2027988,2.5239214,0.1142590,8.4999559,-0.0000316
283.9574232,22.6599634,97.3167330,2.5469290,0.1158441,8.4999552,-0.0000195
284.1573932,22.4930337,97.4268267,2.5702189,0.1171059,8.4999547,0.0000048
284.3573632,22.3235791,97.5329795,2.5937330,0.1180867,8.4999548,0.0000498
284.5573332,22.1516643,97.6351040,2.6174248,0.1188662,8.4999560,0.0001671
284.7573032,21.9773693,97.7331155,2.6412590,0.1195008,8.4999599,0.0011488
284.9572733,21.8007806,97.8269357,2.6652083,0.1200059,8.4999870,-0.0003921
285.1572433,21.6219899,97.9164926,2.6892498,0.1204215,8.4999778,-0.0267915
285.3572133,21.4410934,98.0017191,2.7133680,0.1207682,8.4993474,-0.0660832
285.5571833,21.2581906,98.0825528,2.7375487,0.1210343,8.4977925,-0.1101634
285.7571533,21.0733844,98.1589364,2.7617743,0.1212179,8.4951997,-0.1588514
285.9571233,20.8867811,98.2308181,2.7860292,0.1213321,8.4914597,-0.2110611
286.1570934,20.6984892,98.2981512,2.8103007,0.1213895,8.4864878,-0.2652196
286.3570634,20.5086192,98.3608938,2.8345782,0.1213979,8.4802361,-0.3196594
286.5570334,20.3172833,98.4190086,2.8588521,0.1213634,8.4726949,-0.3728717
286.7570034,20.1245947,98.4724629,2.8831149,0.1212921,8.4638899,-0.4236282
286.9569734,19.9306677,98.5212283,2.9073579,0.1211808,8.4538753,-0.4710099
287.1569434,19.7356168,98.5652803,2.9315797,0.1210741,8.4427265,-0.5143881
287.3569135,19.5395571,98.6045984,2.9557654,0.1208329,8.4305342,-0.5552743
287.5568835,19.3426019,98.6391661,2.9799438,0.1209892,8.4173529,-0.5895078
287.7568535,19.1448649,98.6689582,3.0041734,0.1213902,8.4033364,-0.6189882
287.9568235,18.9464542,98.6939442,3.0284792,0.1217142,8.3885937,-0.6448159
288.1567935,18.7474887,98.7140923,3.0528936,0.1225280,8.3732083,-0.6676875
288.3567635,18.5480863,98.7293591,3.0774961,0.1235231,8.3572473,-0.6890121
288.5567336,18.3483644,98.7396955,3.1023083,0.1245929,8.3407445,-0.7112762
288.7567036,18.1484459,98.7450518,3.1273412,0.1257249,8.3236741,-0.7337623
288.9566736,17.9484557,98.7453793,3.1526094,0.1269413,8.3060273,-0.7433013
289.1566436,17.7485223,98.7406288,3.1781307,0.1282540,8.2881128,-0.7374614
289.3566136,17.5487778,98.7307511,3.2039232,0.1296358,8.2703007,-0.7287171
289.5565836,17.3493576,98.7156977,3.2299954,0.1310412,8.2526620,-0.7242039
289.7565537,17.1504010,98.6954228,3.2563488,0.1324455,8.2350952,-0.7225514
289.9565237,16.9520510,98.6698845,3.2829820,0.1338346,8.2175310,-0.7222907
290.1564937,16.7544545,98.6390458,3.3098901,0.1351898,8.1999355,-0.7224872
290.3564637,16.5577618,98.6028751,3.3370645,0.1364866,8.1822974,-0.7223310
290.5564337,16.3621279,98.5613482,3.3644903,0.1376933,8.1646250,-0.7209934
290.7564037,16.1677117,98.5144493,3.3921454,0.1387690,8.1469471,-0.7177073
290.9563738,15.9746769,98.4621741,3.4199978,0.1396612,8.1293116,-0.7119407
291.1563438,15.7831919,98.4045322,3.4480024,0.1403038,8.1117799,-0.7034901
291.3563138,15.5934294,98.3415515,3.4760982,0.1406158,8.0944191,-0.6924194
291.5562838,15.4055656,98.2732819,3.5042049,0.1405015,8.0772950,-0.6789213
291.7562538,15.2197775,98.1998004,3.5322204,0.1398523,8.0604693,-0.6620420
291.9562238,15.0359198,98.1210734,3.5600679,0.1385204,8.0440282,-0.6427736
292.1561939,14.8541513,98.0372092,3.5876013,0.1364467,8.0280333,-0.6222919
292.3561639,14.6748774,97.9484850,3.6146219,0.1336101,8.0125176,-0.5997906
292.5561339,14.4982317,97.8551106,3.6409705,0.1300052,7.9975345,-0.5739517
292.7561039,14.3240904,97.7571921,3.6665478,0.1259771,7.9831706,-0.5428850
292.9560739,14.1521516,97.6547279,3.6913436,0.1220620,7.9695603,-0.5133859
293.1560439,13.9830472,97.5482628,3.7156259,0.1219782,7.9566681,-0.4793893
293.3560140,13.8166630,97.4377657,3.7399823,0.1210691,7.9446108,-0.4398123
293.5559840,13.6529466,97.3232213,3.7642152,0.1224305,7.9335327,-0.4046172
293.7559540,13.4918871,97.2045494,3.7891498,0.1268615,7.9233275,-0.3670087
293.9559240,13.3340041,97.0819178,3.8149578,0.1313085,7.9140595,-0.3307053
294.1558940,13.1794869,96.9552638,3.8416073,0.1353493,7.9056989,-0.2968925
294.3558640,13.0282835,96.8243328,3.8690260,0.1387211,7.8981856,-0.2623202
294.5558340,12.8806416,96.6891393,3.8970766,0.1414145,7.8915413,-0.2228877
294.7558041,12.7371102,96.5500484,3.9255519,0.1434149,7.8858913,-0.1842827
294.9557741,12.5976544,96.4069358,3.9543570,0.1447735,7.8812169,-0.1457901
295.1557441,12.4623290,96.2597755,3.9833955,0.1455924,7.8775169,-0.1059448
295.3557141,12.3313027,96.1086907,4.0125613,0.1459585,7.8748270,-0.0648182
295.5556841,12.2047201,95.9538191,4.0417656,0.1459496,7.8731809,-0.0224725
295.7556541,12.0827037,95.7953080,4.0709359,0.1456332,7.8726101,0.0210576
295.9556242,11.9653557,95.6333108,4.1000138,0.1450663,7.8731450,0.0657728
296.1555942,11.8527611,95.4679849,4.1289526,0.1442960,7.8748154,0.1117141
296.3555642,11.7449895,95.2994900,4.1577153,0.1433604,7.8776517,0.1593557
296.5555342,11.6421059,95.1280011,4.1862702,0.1422837,7.8816958,0.2089448
296.7555042,11.5441600,94.9536911,4.2145918,0.1410831,7.8869952,0.2589524
296.9554742,11.4511630,94.7766793,4.2426673,0.1397926,7.8935581,0.3108550
297.1554443,11.3631450,94.5971317,4.2704785,0.1384203,7.9014292,0.3649950
297.3554143,11.2801265,94.4152131,4.2980086,0.1369682,7.9106611,0.4218103
297.5553843,11.2021187,94.2310870,4.3252407,0.1354325,7.9213167,0.4818375
297.7553543,11.1291236,94.0449146,4.3521569,0.1338046,7.9334711,0.5456957
297.9553243,11.0611337,93.8568554,4.3787369,0.1320691,7.9472139,0.6140360
298.1552943,10.9981319,93.6670661,4.4049580,0.1302132,7.9626495,0.6877947
298.3552644,10.9400919,93.4757038,4.4307917,0.1281992,7.9799037,0.7686069
298.5552344,10.8869788,93.2829324,4.4562086,0.1260532,7.9991412,0.8532485
298.7552044,10.8387387,93.0888842,4.4811692,0.1236143,8.0204432,0.9419951
298.9551744,10.7953137,92.8937030,4.5057131,0.1219260,8.0438952,1.0324062
299.1551444,10.7566639,92.6975184,4.5300110,0.1212160,8.0695198,1.1204127
299.3551144,10.7227673,92.5004578,4.5539605,0.1179531,8.0972371,1.1999905
299.5550845,10.6935378,92.3026536,4.5773621,0.1165177,8.1268181,1.2645948
299.7550545,10.6689236,92.1042180,4.6005599,0.1155021,8.1578756,1.3083755
299.9550245,10.6488991,91.9052599,4.6235761,0.1147720,8.1898844,1.3268503
300.1549945,10.6334460,91.7058879,4.6464803,0.1143546,8.2222179,1.3178021
300.3549645,10.6225566,91.5062074,4.6693338,0.1142644,8.2542055,1.2818206
300.5549345,10.6162333,91.3063243,4.6922025,0.1144751,8.2852013,1.2223819
300.7549046,10.6144884,91.1063449,4.7151388,0.1149019,8.3146521,1.1455662
300.9548746,10.6173398,90.9063772,4.7381742,0.1154248,8.3421578,1.0596032
301.1548446,10.6248067,90.7065305,4.7613125,0.1158976,8.3675191,0.9744849
301.3548146,10.6369032,90.5069154,4.7845263,0.1161622,8.3907753,0.9018923
301.5547846,10.6536319,90.3076418,4.8077555,0.1160560,8.4122419,0.8556729
301.7547546,10.6749780,90.1088179,4.8309087,0.1154040,8.4325578,0.8530861
301.9547247,10.7009016,89.9105471,4.8538463,0.1139576,8.4527637,0.9169075
302.1546947,10.7313306,89.7129250,4.8764096,0.1116242,8.4744276,1.0721593
302.3546647,10.7661466,89.5160338,4.8982476,0.1068246,8.4996895,0.0112367
302.5546347,10.8051638,89.3198931,4.9190740,0.1014586,8.4999539,0.0005810
302.7546047,10.8481529,89.1245814,4.9388241,0.0960479,8.4999676,0.0000773
302.9545747,10.8948735,88.9301307,4.9572977,0.0885093,8.4999694,0.0000179
303.1545448,10.9450169,88.7365370,4.9740308,0.0785560,8.4999698,-0.0000243
303.3545148,10.9981865,88.5437551,4.9885629,0.0664960,8.4999692,-0.0000228
303.5544848,11.0539116,88.3516986,5.0005699,0.0534620,8.4999687,-0.0000201
303.7544548,11.1116888,88.1602513,5.0099911,0.0408578,8.4999682,-0.0000185
303.9544248,11.1710333,87.9692861,5.0170212,0.0297054,8.4999678,-0.0000169
304.1543948,11.2315169,87.7786811,5.0220017,0.0204062,8.4999674,-0.0000154
304.3543648,11.2927828,87.5883296,5.0253061,0.0129196,8.4999670,-0.0000142
304.5543349,11.3545444,87.3981427,5.0272766,0.0070116,8.4999667,-0.0000131
304.7543049,11.4165759,87.2080484,5.0282034,0.0024287,8.4999664,-0.0000122
304.9542749,11.4787019,87.0179915,5.0283241,-0.0011076,8.4999661,-0.0000114
305.1542449,11.5407891,86.8279259,5.0278418,-0.0036233,8.4999658,-0.0000104
305.3542149,11.6027369,86.6378236,5.0268895,-0.0058963,8.4999656,-0.0000080
305.5541849,11.6644791,86.4476342,5.0256912,-0.0061322,8.4999654,-0.0000018
305.7541550,11.7259438,86.2573795,5.0238440,-0.0118509,8.4999654,0.0000067
305.9541250,11.7869778,86.0670450,5.0215944,-0.0103192,8.4999655,0.0000126
306.1540950,11.8476496,85.8765228,5.0198907,-0.0071279,8.4999658,0.0000143
306.3540650,11.9080429,85.6859026,5.0185593,-0.0061829,8.4999661,0.0000139
306.5540350,11.9682030,85.4952004,5.0174228,-0.0051210,8.4999665,0.0000131
306.7540050,12.0281720,85.3044266,5.0165307,-0.0037873,8.4999668,0.0000121
306.9539751,12.0879982,85.1136024,5.0159118,-0.0023858,8.4999671,0.0000111
307.1539451,12.1477350,84.9227450,5.0155800,-0.0009376,8.4999673,0.0000101
307.3539151,12.2074367,84.7318737,5.0155343,0.0004617,8.4999676,0.0000091
307.5538851,12.2671563,84.5410063,5.0157581,0.0017411,8.4999678,0.0000080
307.7538551,12.3269419,84.3501592,5.0162190,0.0028176,8.4999680,0.0000070
307.9538251,12.3868342,84.1593463,5.0168683,0.0036068,8.4999681,0.0000059
308.1537952,12.4468625,83.9685777,5.0176381,0.0040165,8.4999683,0.0000049
308.3537652,12.5070419,83.7778597,5.0184460,0.0039541,8.4999684,0.0000039
308.5537352,12.5673692,83.5871906,5.0191759,0.0032827,8.4999685,0.0000029
308.7537052,12.6278190,83.3965648,5.0197269,0.0020013,8.4999685,0.0000018
308.9536752,12.6883383,83.2059652,5.0198725,-0.0003651,8.4999686,0.0000000
309.1536452,12.7488544,83.0153449,5.0196744,-0.0016231,8.4999686,-0.0000023
309.3536153,12.8093087,82.8247032,5.0192028,-0.0039933,8.4999685,-0.0000043
309.5535853,12.8695699,82.6340449,5.0175634,-0.0120361,8.4999684,-0.0000047
309.7535553,12.9293807,82.4432582,5.0146188,-0.0174034,8.4999683,-0.0000036
309.9535253,12.9885293,82.2522595,5.0106119,-0.0227306,8.4999682,-0.0000014
310.1534953,13.0468062,82.0610000,5.0055064,-0.0283704,8.4999682,0.0000022
310.3534653,13.1039958,81.8694155,4.9992549,-0.0341957,8.4999682,0.0000075
310.5534354,13.1598728,81.6774479,4.9918231,-0.0401664,8.4999684,0.0000148
310.7534054,13.2142058,81.4850397,4.9831918,-0.0461721,8.4999688,0.0000240
310.9533754,13.2667606,81.2921387,4.9733677,-0.0521304,8.4999693,0.0000337
311.1533454,13.3173028,81.0986986,4.9623493,-0.0580436,8.4999701,0.0000386
311.3533154,13.3655991,80.9046815,4.9501858,-0.0634925,8.4999710,0.0000329
311.5532854,13.4114334,80.7100584,4.9370150,-0.0681007,8.4999718,0.0000154
311.7532555,13.4546187,80.5148177,4.9230070,-0.0718465,8.4999722,-0.0000120
311.9532255,13.4950019,80.3189582,4.9083594,-0.0739748,8.4999719,-0.0000469
312.1531955,13.5325113,80.1224601,4.8937044,-0.0729161,8.4999708,-0.0000855
312.3531655,13.5671346,79.9253982,4.8788084,-0.0764029,8.4999688,-0.0001236
312.5531355,13.5986927,79.7279249,4.8625838,-0.0861508,8.4999659,-0.0001503
312.7531055,13.6268764,79.5299344,4.8448232,-0.0914297,8.4999623,-0.0001564
312.9530756,13.6514360,79.3313928,4.8258700,-0.0984539,8.4999587,-0.0001417
313.1530456,13.6720876,79.1323505,4.8054507,-0.1055448,8.4999553,-0.0001043
313.3530156,13.6885304,78.9328895,4.7835908,-0.1128786,8.4999529,-0.0000756
313.5529856,13.7004599,78.7330966,4.7602217,-0.1203997,8.4999511,-0.0000687
313.7529556,13.7075661,78.5330790,4.7353420,-0.1278697,8.4999495,-0.0000692
313.9529256,13.7095458,78.3329660,4.7089954,-0.1349120,8.4999478,-0.0000655
314.1528956,13.7061202,78.1329394,4.6813518,-0.1407756,8.4999463,-0.0000347
314.3528657,13.6970782,77.9333084,4.6528157,-0.1438706,8.4999455,0.0001046
314.5528357,13.6823698,77.7346166,4.6242694,-0.1417915,8.4999479,0.0006105
314.7528057,13.6619122,77.5346133,4.5972064,-0.1255709,8.4999623,0.0007118
314.9527757,13.6366189,77.3364506,4.5745608,-0.0976480,8.4999791,-0.0002672
315.1527457,13.6076417,77.1400589,4.5581784,-0.0696349,8.4999728,-0.0002029
315.3527157,13.5755950,76.9423273,4.5454930,-0.0613401,8.4999680,0.0003461
315.5526858,13.5411442,76.7465871,4.5297920,-0.0936079,8.4999761,-0.0011560
315.7526558,13.5027978,76.5500444,4.5089197,-0.1142528,8.4999489,-0.0052696
315.9526258,13.4598657,76.3538417,4.4846039,-0.1268073,8.4998250,-0.0098836
316.1525958,13.4122771,76.1599340,4.4586427,-0.1326981,8.4995924,-0.0076246
316.3525658,13.3595344,75.9671639,4.4319272,-0.1342980,8.4994131,0.0060981
316.5525358,13.3015926,75.7757021,4.4051295,-0.1332935,8.4995565,0.0171689
316.7525059,13.2385526,75.5857894,4.3787301,-0.1304584,8.4999604,0.0002376
316.9524759,13.1705791,75.3975794,4.3530005,-0.1264924,8.4999660,0.0000696
317.1524459,13.0978856,75.2111747,4.3282822,-0.1210155,8.4999677,0.0000376
317.3524159,13.0207180,75.0266302,4.3045228,-0.1161034,8.4999686,0.0000174
317.5523859,12.9393602,74.8439520,4.2827399,-0.1022212,8.4999690,0.0000038
317.7523559,12.8542677,74.6629883,4.2632795,-0.0925879,8.4999691,-0.0000037
317.9523260,12.7657985,74.4836223,4.2452018,-0.0882065,8.4999690,-0.0000068
318.1522960,12.6742350,74.3058390,4.2288486,-0.0746254,8.4999688,-0.0000076
318.3522660,12.5800341,74.1294491,4.2153913,-0.0598672,8.4999686,-0.0000074
318.5522360,12.4837250,73.9542053,4.2048157,-0.0459994,8.4999685,-0.0000066
318.7522060,12.3857987,73.7798609,4.1968001,-0.0344806,8.4999683,-0.0000057
318.9521760,12.2866634,73.6062005,4.1908379,-0.0254945,8.4999682,-0.0000048
319.1521461,12.1866365,73.4330510,4.1864516,-0.0186786,8.4999681,-0.0000039
319.3521161,12.0859581,73.2602786,4.1832557,-0.0135222,8.4999680,-0.0000033
319.5520861,11.9848091,73.0877807,4.1809630,-0.0095861,8.4999679,-0.0000028
319.7520561,11.8833268,72.9154780,4.1793636,-0.0065433,8.4999678,-0.0000024
319.9520261,11.7816170,72.7433091,4.1783029,-0.0041654,8.4999678,-0.0000021
320.1519961,11.6797624,72.5712256,4.1776647,-0.0022955,8.4999677,-0.0000018
320.3519662,11.5778275,72.3991893,4.1773588,-0.0008252,8.4999677,-0.0000016
320.5519362,11.4758632,72.2271702,4.1773136,0.0003232,8.4999676,-0.0000014
320.7519062,11.3739093,72.0551448,4.1774707,0.0012072,8.4999676,-0.0000013
320.9518762,11.2719961,71.8830952,4.1777819,0.0018719,8.4999676,-0.0000012
321.1518462,11.1701468,71.7110075,4.1782072,0.0023540,8.4999675,-0.0000011
321.3518162,11.0683780,71.5388722,4.1787133,0.0026847,8.4999675,-0.0000010
321.5517863,10.9667012,71.3666824,4.1792726,0.0028913,8.4999675,-0.0000009
321.7517563,10.8651237,71.1944339,4.1798628,0.0029978,8.4999675,-0.0000008
321.9517263,10.7636491,71.0221247,4.1804661,0.0030260,8.4999675,-0.0000008
322.1516963,10.6622786,70.8497541,4.1810689,0.0029952,8.4999674,-0.0000007
322.3516663,10.5610112,70.6773229,4.1816611,0.0029227,8.4999674,-0.0000007
322.5516363,10.4598445,70.5048325,4.1822360,0.0028241,8.4999674,-0.0000006
322.7516064,10.3587751,70.3322850,4.1827898,0.0027128,8.4999674,-0.0000006
322.9515764,10.2577993,70.1596827,4.1833210,0.0026007,8.4999674,-0.0000005
323.1515464,10.1569133,69.9870277,4.1838307,0.0024977,8.4999674,-0.0000005
323.3515164,10.0561136,69.8143223,4.1843215,0.0024123,8.4999674,-0.0000004
323.5514864,9.9553973,69.6415682,4.1847975,0.0023512,8.4999673,-0.0000004
323.7514564,9.8547623,69.4687666,4.1852643,0.0023195,8.4999673,-0.0000003
323.9514264,9.7542076,69.2959181,4.1857280,0.0023208,8.4999673,-0.0000003
324.1513965,9.6537333,69.1230229,4.1861955,0.0023570,8.4999673,-0.0000003
324.3513665,9.5533406,68.9500802,4.1866738,0.0024287,8.4999673,-0.0000002
324.5513365,9.4530320,68.7770885,4.1871700,0.0025347,8.4999673,-0.0000002
324.7513065,9.3528112,68.6040459,4.1876905,0.0026725,8.4999673,-0.0000001
324.9512765,9.2526830,68.4309496,4.1882414,0.0028377,8.4999673,-0.0000001
325.1512465,9.1526532,68.2577964,4.1888276,0.0030247,8.4999673,-0.0000001
325.3512166,9.0527283,68.0845827,4.1894525,0.0032260,8.4999673,-0.0000000
325.5511866,8.9529152,67.9113047,4.1901183,0.0034325,8.4999673,-0.0000000
325.7511566,8.8532210,67.7379582,4.1908249,0.0036339,8.4999673,0.0000000
325.9511266,8.7536528,67.5645394,4.1915702,0.0038188,8.4999673,-0.0000000
326.1510966,8.6542169,67.3910448,4.1923497,0.0039752,8.4999673,-0.0000000
326.3510666,8.5549188,67.2174713,4.1931566,0.0040912,8.4999673,-0.0000000
326.5510367,8.4557625,67.0438167,4.1939817,0.0041564,8.4999673,0.0000000
326.7510067,8.3567504,66.8700800,4.1948140,0.0041627,8.4999673,0.0000001
326.9509767,8.2578826,66.6962610,4.1956414,0.0041068,8.4999673,0.0000002
327.1509467,8.1591573,66.5223610,4.1964517,0.0039917,8.4999673,0.0000002
327.3509167,8.0605707,66.3483824,4.1972337,0.0038246,8.4999673,0.0000002
327.5508867,7.9621170,66.1743286,4.1979779,0.0036145,8.4999673,0.0000002
327.7508568,7.8637890,66.0002037,4.1986767,0.0033718,8.4999673,0.0000002
327.9508268,7.7655784,65.8260126,4.1993247,0.0031063,8.4999673,0.0000002
328.1507968,7.6674759,65.6517605,4.1999180,0.0028274,8.4999673,0.0000002
328.3507668,7.5694719,65.4774530,4.2004550,0.0025431,8.4999673,0.0000002
328.5507368,7.4715566,65.3030957,4.2009352,0.0022605,8.4999673,0.0000003
328.7507068,7.3737201,65.1286941,4.2013595,0.0019853,8.4999673,0.0000003
328.9506769,7.2759529,64.9542537,4.2017300,0.0017220,8.4999674,0.0000003
329.1506469,7.1782458,64.7797795,4.2020492,0.0014740,8.4999674,0.0000003
329.3506169,7.0805902,64.6052765,4.2023207,0.0012438,8.4999674,0.0000003
329.5505869,6.9829780,64.4307492,4.2025480,0.0010331,8.4999674,0.0000003
329.7505569,6.8854019,64.2562017,4.2027352,0.0008426,8.4999674,0.0000003
329.9505269,6.7878553,64.0816377,4.2028863,0.0006726,8.4999674,0.0000003
330.1504970,6.6903322,63.9070605,4.2030055,0.0005229,8.4999674,0.0000003
330.3504670,6.5928274,63.7324731,4.2030967,0.0003928,8.4999674,0.0000003
330.5504370,6.4953364,63.5578780,4.2031638,0.0002814,8.4999674,0.0000003
330.7504070,6.3978552,63.3832773,4.2032103,0.0001874,8.4999674,0.0000003
330.9503770,6.3003806,63.2086730,4.2032398,0.0001096,8.4999674,0.0000004
331.1503470,6.2029099,63.0340665,4.2032551,0.0000464,8.4999674,0.0000004
331.3503171,6.1054408,62.8594590,4.2032591,-0.0000037,8.4999674,0.0000004
331.5502871,6.0079716,62.6848516,4.2032544,-0.0000421,8.4999674,0.0000004
331.7502571,5.9105009,62.5102449,4.2032430,-0.0000703,8.4999675,0.0000004
331.9502271,5.8130278,62.3356396,4.2032268,-0.0000897,8.4999675,0.0000004
332.1501971,5.7155516,62.1610360,4.2032075,-0.0001017,8.4999675,0.0000004
332.3501671,5.6180718,61.9864344,4.2031865,-0.0001075,8.4999675,0.0000004
332.5501372,5.5205883,61.8118348,4.2031648,-0.0001083,8.4999675,0.0000004
332.7501072,5.4231010,61.6372373,4.2031434,-0.0001051,8.4999675,0.0000004
332.9500772,5.3256100,61.4626419,4.2031230,-0.0000988,8.4999675,0.0000004
333.1500472,5.2281155,61.2880483,4.2031041,-0.0000903,8.4999675,0.0000004
333.3500172,5.1306180,61.1134565,4.2030870,-0.0000802,8.4999675,0.0000004
333.5499872,5.0331176,60.9388663,4.2030720,-0.0000692,8.4999675,0.0000004
333.7499572,4.9356147,60.7642774,4.2030593,-0.0000578,8.4999675,0.0000004
333.9499273,4.8381099,60.5896896,4.2030489,-0.0000465,8.4999676,0.0000003
334.1498973,4.7406034,60.4151027,4.2030407,-0.0000355,8.4999676,0.0000003
334.3498673,4.6430957,60.2405165,4.2030347,-0.0000251,8.4999676,0.0000003
334.5498373,4.5455871,60.0659307,4.2030306,-0.0000157,8.4999676,0.0000003
334.7498073,4.4480779,59.8913453,4.2030284,-0.0000073,8.4999676,0.0000003
334.9497773,4.3505685,59.7167600,4.2030277,0.0000000,8.4999676,0.0000003
335.1497474,4.2530591,59.5421747,4.2030283,0.0000061,8.4999676,0.0000003
335.3497174,4.1555499,59.3675893,4.2030300,0.0000110,8.4999676,0.0000003
335.5496874,4.0580410,59.1930036,4.2030326,0.0000147,8.4999676,0.0000003
335.7496574,3.9605327,59.0184177,4.2030358,0.0000171,8.4999676,0.0000003
335.9496274,3.8630250,58.8438314,4.2030394,0.0000184,8.4999676,0.0000003
336.1495974,3.7655179,58.6692448,4.2030431,0.0000187,8.4999676,0.0000003
336.3495675,3.6680114,58.4946578,4.2030468,0.0000179,8.4999676,0.0000003
336.5495375,3.5705056,58.3200705,4.2030502,0.0000162,8.4999676,0.0000003
336.7495075,3.4730004,58.1454828,4.2030532,0.0000136,8.4999677,0.0000003
336.9494775,3.3754956,57.9708949,4.2030556,0.0000103,8.4999677,0.0000002
337.1494475,3.2779912,57.7963068,4.2030573,0.0000064,8.4999677,0.0000002
337.3494175,3.1804870,57.6217186,4.2030581,0.0000019,8.4999677,0.0000002
337.5493876,3.0829828,57.4471304,4.2030580,-0.0000030,8.4999677,0.0000002
337.7493576,2.9854786,57.2725422,4.2030569,-0.0000082,8.4999677,0.0000002
337.9493276,2.8879741,57.0979542,4.2030547,-0.0000137,8.4999677,0.0000002
338.1492976,2.7904691,56.9233664,4.2030514,-0.0000193,8.4999677,0.0000002
338.3492676,2.6929634,56.7487791,4.2030470,-0.0000249,8.4999677,0.0000002
338.5492376,2.5954569,56.5741922,4.2030414,-0.0000305,8.4999677,0.0000002
338.7492077,2.4979493,56.3996060,4.2030348,-0.0000358,8.4999677,0.0000002
338.9491777,2.4004405,56.2250204,4.2030272,-0.0000407,8.4999677,0.0000002
339.1491477,2.3029302,56.0504357,4.2030186,-0.0000453,8.4999677,0.0000001
339.3491177,2.2054184,55.8758518,4.2030091,-0.0000492,8.4999677,0.0000001
339.5490877,2.1079049,55.7012689,4.2029989,-0.0000524,8.4999677,0.0000001
339.7490577,2.0103896,55.5266871,4.2029882,-0.0000547,8.4999677,0.0000001
339.9490278,1.9128723,55.3521063,4.2029771,-0.0000561,8.4999677,0.0000001
340.1489978,1.8153531,55.1775266,4.2029659,-0.0000563,8.4999677,0.0000001
340.3489678,1.7178320,55.0029480,4.2029547,-0.0000551,8.4999677,0.0000001
340.5489378,1.6203089,54.8283705,4.2029439,-0.0000525,8.4999677,0.0000001
340.7489078,1.5227840,54.6537941,4.2029338,-0.0000483,8.4999677,0.0000001
340.9488778,1.4252575,54.4792186,4.2029248,-0.0000423,8.4999677,0.0000001
341.1488479,1.3277295,54.3046439,4.2029171,-0.0000343,8.4999677,0.0000001
341.3488179,1.2302003,54.1300699,4.2029112,-0.0000242,8.4999677,0.0000001
341.5487879,1.1326702,53.9554963,4.2029076,-0.0000120,8.4999677,0.0000001
341.7487579,1.0351398,53.7809230,4.2029066,0.0000026,8.4999677,0.0000001
341.9487279,0.9376094,53.6063497,4.2029088,0.0000198,8.4999677,0.0000000
342.1486979,0.8400798,53.4317760,4.2029146,0.0000373,8.4999677,0.0000000
342.3486680,0.7425514,53.2572014,4.2029234,0.0000423,8.4999677,-0.0000000
342.5486380,0.6450237,53.0826258,4.2029228,-0.0000300,8.4999677,-0.0000001
342.7486080,0.5474963,52.9080507,4.2029299,0.0000951,8.4999677,-0.0000001
342.9485780,0.4499721,52.7334744,4.2029544,0.0001479,8.4999677,-0.0000002
343.1485480,0.3524528,52.5588952,4.2029871,0.0001787,8.4999677,-0.0000001
343.3485180,0.2549398,52.3843124,4.2030260,0.0002110,8.4999677,-0.0000001
343.5484880,0.1574342,52.2097256,4.2030714,0.0002425,8.4999677,-0.0000001
343.7484581,0.0599370,52.0351340,4.2031229,0.0002729,8.4999677,-0.0000001
343.9484281,-0.0375507,51.8605370,4.2031804,0.0003014,8.4999677,-0.0000001
344.1483981,-0.1350279,51.6859343,4.2032432,0.0003269,8.4999677,-0.0000001
344.3483681,-0.2324936,51.5113251,4.2033108,0.0003483,8.4999677,-0.0000001
344.5483381,-0.3299473,51.3367092,4.2033820,0.0003642,8.4999677,-0.0000001
344.7483081,-0.4273882,51.1620861,4.2034558,0.0003730,8.4999677,-0.0000001
344.9482782,-0.5248162,50.9874559,4.2035305,0.0003731,8.4999677,-0.0000001
345.1482482,-0.6222312,50.8128184,4.2036041,0.0003624,8.4999677,-0.0000001
345.3482182,-0.7196336,50.6381738,4.2036743,0.0003388,8.4999677,-0.0000001
345.5481882,-0.8170242,50.4635228,4.2037384,0.0003001,8.4999677,-0.0000001
345.7481582,-0.9144044,50.2888659,4.2037929,0.0002437,8.4999677,-0.0000001
345.9481282,-1.0117762,50.1142043,4.2038342,0.0001673,8.4999677,-0.0000001
346.1480983,-1.1091422,49.9395395,4.2038579,0.0000680,8.4999677,-0.0000001
346.3480683,-1.2065060,49.7648735,4.2038593,-0.0000566,8.4999677,-0.0000001
346.5480383,-1.3038719,49.5902086,4.2038329,-0.0002091,8.4999677,-0.0000001
346.7480083,-1.4012452,49.4155479,4.2037731,-0.0003920,8.4999677,-0.0000001
346.9479783,-1.4986323,49.2408949,4.2036735,-0.0006073,8.4999677,-0.0000001
347.1479483,-1.5960408,49.0662538,4.2035274,-0.0008569,8.4999677,-0.0000001
347.3479184,-1.6934794,48.8916295,4.2033278,-0.0011421,8.4999677,-0.0000001
347.5478884,-1.7909580,48.7170275,4.2030676,-0.0014635,8.4999677,-0.0000000
347.7478584,-1.8884879,48.5424542,4.2027395,-0.0018208,8.4999677,-0.0000000
347.9478284,-1.9860815,48.3679164,4.2023365,-0.0022128,8.4999677,-0.0000000
348.1477984,-2.0837524,48.1934220,4.2018518,-0.0026371,8.4999677,-0.0000000
348.3477684,-2.1815155,48.0189791,4.2012794,-0.0030896,8.4999677,0.0000000
348.5477385,-2.2793864,47.8445967,4.2006142,-0.0035649,8.4999677,0.0000000
348.7477085,-2.3773817,47.6702842,4.1998523,-0.0040553,8.4999677,0.0000001
348.9476785,-2.4755184,47.4960512,4.1989918,-0.0045510,8.4999677,0.0000001
349.1476485,-2.5738135,47.3219076,4.1980326,-0.0050401,8.4999677,0.0000001
349.3476185,-2.6722841,47.1478630,4.1969777,-0.0055075,8.4999677,0.0000001
349.5475885,-2.7709461,46.9739269,4.1958331,-0.0059356,8.4999677,0.0000001
349.7475586,-2.8698143,46.8001079,4.1946088,-0.0063036,8.4999677,0.0000001
349.9475286,-2.9689011,46.6264133,4.1933191,-0.0065873,8.4999677,0.0000001
350.1474986,-3.0682161,46.4528492,4.1919837,-0.0067593,8.4999677,0.0000000
350.3474686,-3.1677651,46.2794190,4.1906280,-0.0067886,8.4999677,-0.0000001
350.5474386,-3.2675486,46.1061236,4.1892839,-0.0066410,8.4999677,-0.0000002
350.7474086,-3.3675611,45.9329602,4.1879907,-0.0062790,8.4999677,-0.0000003
350.9473787,-3.4677898,45.7599218,4.1867954,-0.0056620,8.4999677,-0.0000005
351.1473487,-3.5682130,45.5869961,4.1857532,-0.0047472,8.4999677,-0.0000007
351.3473187,-3.6687985,45.4141647,4.1849282,-0.0034899,8.4999676,-0.0000009
351.5472887,-3.7695027,45.2414022,4.1843937,-0.0018448,8.4999676,-0.0000011
351.7472587,-3.8702683,45.0686756,4.1842316,0.0002328,8.4999676,-0.0000012
351.9472287,-3.9710234,44.8959426,4.1845330,0.0027860,8.4999676,-0.0000012
352.1471988,-4.0716792,44.7231519,4.1853970,0.0058541,8.4999675,-0.0000010
352.3471688,-4.1721290,44.5502424,4.1869300,0.0094762,8.4999675,-0.0000004
352.5471388,-4.2722474,44.3771413,4.1892446,0.0136755,8.4999675,0.0000008
352.7471088,-4.3718888,44.2037652,4.1924574,0.0184666,8.4999675,0.0000030
352.9470788,-4.4708860,44.0300206,4.1966869,0.0238506,8.4999676,0.0000065
353.1470488,-4.5690504,43.8558043,4.2020496,0.0298065,8.4999678,0.0000118
353.3470188,-4.6661718,43.6810047,4.2086564,0.0362967,8.4999680,0.0000189
353.5469889,-4.7620196,43.5055041,4.2166050,0.0432271,8.4999685,0.0000279
353.7469589,-4.8563443,43.3291809,4.2259854,0.0506252,8.4999691,0.0000375
353.9469289,-4.9488769,43.1519117,4.2368853,0.0584214,8.4999700,0.0000405
354.1468989,-5.0393321,42.9735748,4.2493448,0.0661795,8.4999710,0.0000325
354.3468689,-5.1274198,42.7940589,4.2633279,0.0736274,8.4999717,0.0000125
354.5468389,-5.2128568,42.6132672,4.2787493,0.0805368,8.4999720,-0.0000178
354.7468090,-5.2953714,42.4311289,4.2954891,0.0867755,8.4999716,-0.0000559
354.9467790,-5.3747285,42.2475875,4.3131817,0.0895604,8.4999703,-0.0000965
355.1467490,-5.4507826,42.0626202,4.3316086,0.0956774,8.4999680,-0.0001316
355.3467190,-5.5232892,41.8762222,4.3514307,0.1023223,8.4999649,-0.0001509
355.5466890,-5.5919699,41.6883848,4.3724206,0.1071192,8.4999614,-0.0001465
355.7466590,-5.6566131,41.4991127,4.3942630,0.1112449,8.4999579,-0.0001151
355.9466291,-5.7170313,41.3084440,4.4169016,0.1149358,8.4999552,-0.0000666
356.1465991,-5.7730511,41.1164344,4.4402274,0.1181449,8.4999537,-0.0000429
356.3465691,-5.8245181,40.9231544,4.4641515,0.1208874,8.4999526,-0.0000330
356.5465391,-5.8712959,40.7286904,4.4885706,0.1230839,8.4999519,-0.0000185
356.7465091,-5.9132705,40.5331443,4.5133653,0.1246436,8.4999514,0.0000229
356.9464791,-5.9503545,40.3366346,4.5383941,0.1254558,8.4999520,0.0001825
357.1464492,-5.9824929,40.1392971,4.5634906,0.1253835,8.4999563,0.0007217
357.3464192,-6.0096693,39.9412849,4.5884590,0.1242977,8.4999732,0.0008151
357.5463892,-6.0319129,39.7427663,4.6130734,0.1219854,8.4999924,-0.0009951
357.7463592,-6.0493509,39.5433134,4.6371792,0.1186494,8.4999690,-0.0018885
357.9463292,-6.0620490,39.3435752,4.6604666,0.1142583,8.4999246,-0.0011810
358.1462992,-6.0701653,39.1437689,4.6830924,0.1138435,8.4998968,-0.0001226
358.3462693,-6.0737263,38.9441778,4.7060544,0.1147832,8.4998939,0.0006937
358.5462393,-6.0727452,38.7443388,4.7282742,0.1068810,8.4999102,0.0010491
358.7462093,-6.0674003,38.5446501,4.7502134,0.1123324,8.4999349,0.0008153
358.9461793,-6.0575852,38.3450483,4.7729191,0.1151241,8.4999541,0.0002735
359.1461493,-6.0431692,38.1455869,4.7962533,0.1180223,8.4999605,-0.0001080
359.3461193,-6.0240428,37.9464298,4.8200764,0.1200328,8.4999580,-0.0002741
359.5460894,-6.0001357,37.7477375,4.8442361,0.1213384,8.4999515,-0.0003743
359.7460594,-5.9714415,37.5498502,4.8685607,0.1219457,8.4999427,-0.0004994
359.9460294,-5.9379475,37.3527912,4.8929441,0.1220027,8.4999310,-0.0006341
360.1459994,-5.8996493,37.1565564,4.9173116,0.1217088,8.4999161,-0.0006399
360.3459694,-5.8565800,36.9612778,4.9416087,0.1211964,8.4999010,-0.0003215
360.5459394,-5.8087854,36.7670819,4.9657923,0.1206823,8.4998935,0.0003896
360.7459095,-5.7563133,36.5740834,4.9898862,0.1199234,8.4999026,0.0011586
360.9458795,-5.6992182,36.3823721,5.0137607,0.1187773,8.4999299,0.0012890
361.1458495,-5.6375852,36.1920932,5.0375354,0.1195844,8.4999602,0.0010271
361.3458195,-5.5714358,36.0033912,5.0616129,0.1208501,8.4999844,0.0002650
361.5457895,-5.5007493,35.8163462,5.0858208,0.1212738,8.4999906,-0.0055756
361.7457595,-5.4255463,35.6310659,5.1101140,0.1216886,8.4998594,-0.0171537
361.9457296,-5.3458582,35.4476704,5.1344788,0.1219786,8.4994559,-0.0294314
362.1456996,-5.2617207,35.2662712,5.1588839,0.1220681,8.4987634,-0.0336793
362.3456696,-5.1731812,35.0869782,5.1832773,0.1218465,8.4979709,-0.0150517
362.5456396,-5.0803006,34.9098935,5.2075855,0.1211992,8.4976167,0.0507234
362.7456096,-4.9831578,34.7351086,5.2316886,0.1197417,8.4988103,0.0444410
362.9455796,-4.8818623,34.5626953,5.2553714,0.1169534,8.4998559,0.0045255
363.1455496,-4.7765692,34.3926918,5.2783111,0.1122945,8.4999623,0.0000828
363.3455197,-4.6674985,34.2250846,5.3000066,0.1044643,8.4999643,0.0000519
363.5454897,-4.5549754,34.0597736,5.3195977,0.0912281,8.4999655,0.0000328
363.7454597,-4.4394918,33.8965156,5.3357928,0.0705823,8.4999663,0.0000221
363.9454297,-4.3217453,33.7348820,5.3472730,0.0442513,8.4999668,0.0000182
364.1453997,-4.2025779,33.5743012,5.3534843,0.0179972,8.4999672,0.0000200
364.3453697,-4.0828142,33.4141641,5.3548357,-0.0043524,8.4999677,0.0000269
364.5453398,-3.9631697,33.2539368,5.3521237,-0.0226692,8.4999683,0.0000385
364.7453098,-3.8442390,33.0931782,5.3460307,-0.0381879,8.4999692,0.0000500
364.9452798,-3.7265289,32.9315229,5.3370450,-0.0516140,8.4999704,0.0000531
365.1452498,-3.6104848,32.7686666,5.3255486,-0.0633115,8.4999716,0.0000418
365.3452198,-3.4965053,32.6043597,5.3118558,-0.0735899,8.4999726,0.0000149
365.5451898,-3.3849533,32.4384044,5.2962467,-0.0824813,8.4999730,-0.0000254
365.7451599,-3.2761483,32.2706384,5.2789931,-0.0900257,8.4999724,-0.0000743
365.9451299,-3.1703763,32.1009472,5.2603599,-0.0962673,8.4999706,-0.0001240
366.1450999,-3.0678861,31.9292573,5.2405988,-0.1012961,8.4999677,-0.0001640
366.3450699,-2.9688911,31.7555321,5.2199401,-0.1052344,8.4999639,-0.0001883
366.5450399,-2.8735706,31.5797657,5.1985845,-0.1082751,8.4999594,-0.0001719
366.7450099,-2.7820755,31.4019815,5.1767081,-0.1104086,8.4999554,-0.0000844
366.9449800,-2.6945269,31.2222236,5.1544620,-0.1120465,8.4999534,0.0000448
367.1449500,-2.6110228,31.0405401,5.1319017,-0.1136407,8.4999544,0.0009737
367.3449200,-2.5316628,30.8569944,5.1090273,-0.1150567,8.4999774,0.0004813
367.5448900,-2.4565441,30.6716661,5.0858933,-0.1162305,8.4999887,-0.0482059
367.7448600,-2.3857515,30.4846367,5.0625415,-0.1172541,8.4988545,-0.1201026
367.9448300,-2.3193624,30.2959938,5.0389908,-0.1182238,8.4960281,-0.1791547
368.1448001,-2.2574511,30.1058308,5.0152501,-0.1191273,8.4918104,-0.2212144
368.3447701,-2.2000877,29.9142456,4.9913395,-0.1199343,8.4865995,-0.2387353
368.5447401,-2.1473363,29.7213412,4.9672805,-0.1205276,8.4809723,-0.2184063
368.7447101,-2.0992497,29.5272265,4.9431569,-0.1207967,8.4758210,-0.1394601
368.9446801,-2.0558691,29.3320148,4.9189439,-0.1208586,8.4725301,-0.1176276
369.1446501,-2.0171972,29.1358291,4.8952309,-0.1164012,8.4697533,-3.5015235
369.3446202,-1.9831026,28.9387892,4.8723520,-0.1124993,8.3866753,-3.5167431
369.5445902,-1.9534849,28.7410010,4.8496048,-0.1153006,8.3023994,-3.4915732
369.7445602,-1.9284337,28.5425785,4.8262507,-0.1182545,8.2178717,-3.4647854
369.9445302,-1.9080831,28.3436172,4.8022781,-0.1215341,8.1331242,-3.4439214
370.1445002,-1.8925741,28.1442207,4.7776401,-0.1248065,8.0480027,-3.4293628
370.3444702,-1.8820471,27.9445014,4.7523534,-0.1280153,7.9623368,-3.4194750
370.5444403,-1.8766370,27.7445814,4.7264304,-0.1311558,7.8759903,-3.4122466
370.7444103,-1.8764730,27.5445923,4.6998864,-0.1342257,7.7888721,-3.4057308
370.9443803,-1.8816777,27.3446753,4.6727353,-0.1372315,7.7009377,-3.3981097
371.1443503,-1.8923671,27.1449808,4.6449896,-0.1401812,7.6121877,-3.3876388
371.3443203,-1.9086503,26.9456690,4.6166598,-0.1430890,7.5226690,-3.3725325
371.5442903,-1.9306295,26.7469098,4.5877523,-0.1459790,7.4324786,-3.3507956
371.7442604,-1.9584006,26.5488832,4.5582677,-0.1488895,7.3417723,-3.3199946
371.9442304,-1.9920536,26.3517795,4.5281969,-0.1518797,7.2507808,-3.2769666
372.1442004,-2.0316745,26.1557998,4.4975168,-0.1550285,7.1598346,-3.2174913
372.3441704,-2.0773478,25.9611559,4.4661845,-0.1584635,7.0694008,-3.1360122
372.5441404,-2.1291605,25.7680717,4.4341332,-0.1622392,6.9801297,-3.0258076
372.7441104,-2.1872061,25.5767832,4.4012571,-0.1668293,6.8928999,-2.8846524
372.9440804,-2.2515929,25.3875423,4.3674845,-0.1708784,6.8086990,-2.8015442
373.1440505,-2.3224382,25.2006108,4.3324478,-0.1799342,6.7259150,-0.6740879
373.3440205,-2.3999855,25.0162912,4.2955583,-0.1880973,6.7058435,-0.6774111
373.5439905,-2.4843596,24.8350240,4.2579384,-0.1883575,6.6856124,-0.6798919
373.7439605,-2.5755346,24.6570255,4.2199814,-0.1914063,6.6652455,-0.6692496
373.9439305,-2.6734740,24.4826284,4.1812664,-0.1953061,6.6451364,-0.6453116
374.1439005,-2.7781485,24.3121940,4.1418670,-0.1985295,6.6256888,-0.6122913
374.3438706,-2.8894996,24.1460660,4.1018177,-0.2017298,6.6071834,-0.5743527
374.5438406,-3.0074349,23.9846027,4.0611711,-0.2047102,6.5897773,-0.5334513
374.7438106,-3.1318264,23.8281630,4.0199833,-0.2074452,6.5735696,-0.4874577
374.9437806,-3.2626801,23.6769120,3.9782804,-0.2096472,6.5587242,-0.4398307
375.1437506,-3.3998649,23.5311644,3.9361516,-0.2112618,6.5453004,-0.3939455
375.3437206,-3.5430100,23.3914180,3.8937634,-0.2123674,6.5332536,-0.3485766
375.5436907,-3.6918129,23.2580045,3.8512517,-0.2127624,6.5225756,-0.3033297
375.7436607,-3.8460107,23.1311515,3.8087329,-0.2131833,6.5132695,-0.2506596
375.9436307,-4.0058166,23.0107576,3.7655663,-0.2199923,6.5055692,-0.2037693
376.1436007,-4.1703303,22.8977361,3.7216355,-0.2168905,6.4993026,-0.1534886
376.3435707,-4.3400320,22.7916631,3.6789015,-0.2135442,6.4945784,-0.0920112
376.5435407,-4.5137581,22.6931207,3.6362495,-0.2132429,6.4917447,-0.0357034
376.7435108,-4.6916716,22.6019976,3.5936254,-0.2129586,6.4906448,0.0231048
376.9434808,-4.8734456,22.5184651,3.5511184,-0.2118618,6.4913566,0.0854464
377.1434508,-5.0586803,22.4426756,3.5088731,-0.2102616,6.4939883,0.1595496
377.3434208,-5.2466976,22.3748206,3.4670889,-0.2078245,6.4988995,0.2324273
377.5433908,-5.4373981,22.3148213,3.4258290,-0.2048146,6.5060473,0.3083036
377.7433608,-5.6304556,22.2626647,3.3851962,-0.2012557,6.5155164,0.3896035
377.9433309,-5.8254794,22.2183157,3.3453258,-0.1972448,6.5274630,0.4771566
378.1433009,-6.0221015,22.1816912,3.3063552,-0.1921165,6.5420644,0.5724564
378.3432709,-6.2199687,22.1526427,3.2686004,-0.1853032,6.5595392,0.6882869
378.5432409,-6.4186725,22.1310103,3.2314410,-0.1858012,6.5804885,0.8084015
378.7432109,-6.6179706,22.1167558,3.1947038,-0.1814940,6.6050087,0.9373593
378.9431809,-6.8177116,22.1097395,3.1588239,-0.1782263,6.6333271,1.0802885
379.1431510,-7.0176104,22.1098438,3.1233940,-0.1759726,6.6658142,1.2374954
379.3431210,-7.2174301,22.1169788,3.0885147,-0.1727592,6.7028354,1.4081881
379.5430910,-7.4169111,22.1310112,3.0543532,-0.1686406,6.7447160,1.5893923
379.7430610,-7.6158191,22.1517618,3.0211123,-0.1635393,6.7916754,1.7761374
379.9430310,-7.8139443,22.1790050,2.9889809,-0.1575698,6.8437711,1.9624068
380.1430010,-8.0111097,22.2124761,2.9581144,-0.1509406,6.9008730,2.1425083
380.3429711,-8.2071716,22.2518821,2.9286196,-0.1439015,6.9626808,2.3121482
380.5429411,-8.4020173,22.2969141,2.9005536,-0.1366896,7.0287726,2.4687553
380.7429111,-8.5955614,22.3472571,2.8739301,-0.1294988,7.0986617,2.6111384
380.9428811,-8.7877419,22.4025987,2.8487293,-0.1224783,7.1718405,2.7388727
381.1428511,-8.9785160,22.4626353,2.8249063,-0.1157331,7.2478053,2.8517606
381.3428211,-9.1678559,22.5270761,2.8023973,-0.1093648,7.3260641,2.9494918
381.5427912,-9.3557465,22.5956471,2.7811216,-0.1033917,7.4061349,3.0315409
381.7427612,-9.5421794,22.6680912,2.7610040,-0.0977906,7.4875409,3.0969299
381.9427312,-9.7271479,22.7441650,2.7419562,-0.0931144,7.5697989,3.1438541
382.1427012,-9.9106554,22.8236692,2.7236665,-0.0898467,7.6523989,3.1700356
382.3426712,-10.0927002,22.9064570,2.7059938,-0.0869942,7.7347936,3.1740170
382.5426412,-10.2732670,22.9923967,2.6888296,-0.0847636,7.8164218,3.1547782
382.7426112,-10.4523376,23.0813810,2.6720422,-0.0832095,7.8967190,3.1098862
382.9425813,-10.6299019,23.1733350,2.6555036,-0.0822617,7.9750824,3.0393473
383.1425513,-10.8059588,23.2682159,2.6390986,-0.0818493,8.0509314,2.9559363
383.3425213,-10.9804435,23.3659702,2.6227380,-0.0818103,8.1240195,2.8630884
383.5424913,-11.1533070,23.4665675,2.6063648,-0.0819469,8.1941904,2.7711070
383.7424613,-11.3244977,23.5699834,2.5899649,-0.0820282,8.2615394,2.6933558
383.9424313,-11.4939662,23.6761908,2.5735783,-0.0817411,8.3264767,2.6457114
384.1424014,-11.6616716,23.7851499,2.5572999,-0.0809125,8.3897759,2.6450872
384.3423714,-11.8275901,23.8968033,2.5412921,-0.0788306,8.4525864,1.6279425
384.5423414,-11.9917170,24.0110527,2.5257417,-0.0768853,8.4910126,0.3802034
384.7423114,-12.1540787,24.1278196,2.5105410,-0.0751376,8.4999620,0.0000580
384.9422814,-12.3146195,24.2469746,2.4957405,-0.0724723,8.4999634,0.0000605
385.1422514,-12.4733475,24.3683936,2.4814862,-0.0708316,8.4999648,0.0000533
385.3422215,-12.6304023,24.4920776,2.4676998,-0.0660941,8.4999661,0.0000365
385.5421915,-12.7858524,24.6178536,2.4552073,-0.0584054,8.4999669,0.0000185
385.7421615,-12.9398227,24.7454305,2.4444406,-0.0490207,8.4999674,0.0000113
385.9421315,-13.0925402,24.8745124,2.4356424,-0.0388921,8.4999676,0.0000027
386.1421015,-13.2442508,25.0047811,2.4288668,-0.0289398,8.4999677,-0.0000047
386.3420715,-13.3952047,25.1359297,2.4240048,-0.0198364,8.4999676,-0.0000041
386.5420416,-13.5456354,25.2676807,2.4208463,-0.0119241,8.4999675,-0.0000027
386.7420116,-13.6957489,25.3997946,2.4191409,-0.0052900,8.4999674,-0.0000015
386.9419816,-13.8457194,25.5320717,2.4186373,0.0001206,8.4999674,-0.0000005
387.1419516,-13.9956900,25.6643491,2.4191021,0.0044251,8.4999674,0.0000003
387.3419216,-14.1457746,25.7964974,2.4203278,0.0077570,8.4999674,0.0000010
387.5418916,-14.2960612,25.9284161,2.4221333,0.0102459,8.4999674,0.0000015
387.7418617,-14.4466152,26.0600296,2.4243625,0.0120115,8.4999674,0.0000018
387.9418317,-14.5974825,26.1912837,2.4268818,0.0131622,8.4999675,0.0000021
388.1418017,-14.7486927,26.3221425,2.4295785,0.0137957,8.4999675,0.0000022
388.3417717,-14.9002615,26.4525858,2.4323583,0.0140004,8.4999676,0.0000022
388.5417417,-15.0521914,26.5826042,2.4351436,0.0138535,8.4999676,0.0000022
388.7417117,-15.2044798,26.7122025,2.4378719,0.0134304,8.4999677,0.0000022
388.9416818,-15.3571149,26.8413925,2.4404943,0.0127944,8.4999677,0.0000021
389.1416518,-15.5100794,26.9701923,2.4429738,0.0120010,8.4999678,0.0000020
389.3416218,-15.6633524,27.0986254,2.4452835,0.0110981,8.4999678,0.0000020
389.5415918,-15.8169098,27.2267184,2.4474056,0.0101263,8.4999679,0.0000019
389.7415618,-15.9707264,27.3545006,2.4493299,0.0091195,8.4999679,0.0000018
389.9415318,-16.1247759,27.4820023,2.4510519,0.0081049,8.4999680,0.0000018
390.1415019,-16.2790321,27.6092543,2.4525723,0.0071036,8.4999680,0.0000017
390.3414719,-16.4334695,27.7362873,2.4538955,0.0061324,8.4999680,0.0000017
390.5414419,-16.5880630,27.8631309,2.4550283,0.0051977,8.4999681,0.0000013
390.7414119,-16.7427889,27.9898148,2.4559689,0.0042025,8.4999681,-0.0013743
390.9413819,-16.8976187,28.1163725,2.4566399,0.0025142,8.4999358,0.0013565
