#x_m,y_m
-30.429159142105057,-8.134437258621318
-30.48711914210506,-8.19239725862132
-30.54507914210506,-8.19239725862132
-30.603039142105054,-8.19239725862132
-30.660999142105055,-8.19239725862132
-30.718959142105057,-8.250357258621317
-30.776919142105058,-8.250357258621317
-30.83487914210506,-8.250357258621317
-30.892839142105053,-8.250357258621317
-30.950799142105055,-8.308317258621319
-31.008759142105056,-8.308317258621319
-31.066719142105057,-8.308317258621319
-31.12467914210506,-8.36627725862132
-31.182639142105053,-8.36627725862132
-31.240599142105054,-8.36627725862132
-31.298559142105056,-8.36627725862132
-31.356519142105057,-8.424237258621318
-31.41447914210506,-8.424237258621318
-31.472439142105053,-8.424237258621318
-31.530399142105054,-8.424237258621318
-31.588359142105055,-8.48219725862132
-31.646319142105057,-8.48219725862132
-31.704279142105058,-8.48219725862132
-31.76223914210506,-8.540157258621317
-31.820199142105054,-8.540157258621317
-31.878159142105055,-8.540157258621317
-31.936119142105056,-8.540157258621317
-31.994079142105058,-8.540157258621317
-32.05203914210506,-8.598117258621318
-32.10999914210505,-8.598117258621318
-32.167959142105055,-8.598117258621318
-32.225919142105056,-8.65607725862132
-32.28387914210506,-8.65607725862132
-32.34183914210506,-8.65607725862132
-32.39979914210505,-8.65607725862132
-32.457759142105054,-8.714037258621318
-32.515719142105056,-8.714037258621318
-32.57367914210506,-8.714037258621318
-32.63163914210506,-8.714037258621318
-32.68959914210506,-8.771997258621319
-32.747559142105054,-8.771997258621319
-32.805519142105055,-8.771997258621319
-32.86347914210506,-8.82995725862132
-32.92143914210506,-8.82995725862132
-32.97939914210506,-8.82995725862132
-33.03735914210505,-8.82995725862132
-33.095319142105055,-8.887917258621318
-33.153279142105056,-8.887917258621318
-33.21123914210506,-8.887917258621318
-33.26919914210506,-8.887917258621318
-33.32715914210505,-8.887917258621318
-33.385119142105054,-8.887917258621318
-33.443079142105056,-8.887917258621318
-33.50103914210506,-8.887917258621318
-33.55899914210506,-8.94587725862132
-33.61695914210505,-8.94587725862132
-33.674919142105054,-8.94587725862132
-33.732879142105055,-8.94587725862132
-33.79083914210506,-8.94587725862132
-33.84879914210506,-8.94587725862132
-33.90675914210506,-8.94587725862132
-33.964719142105054,-8.94587725862132
-34.022679142105055,-9.003837258621317
-34.080639142105056,-8.94587725862132
-34.13859914210506,-8.94587725862132
-34.19655914210506,-8.94587725862132
-34.25451914210505,-8.94587725862132
-34.312479142105055,-8.94587725862132
-34.370439142105056,-8.887917258621318
-34.42839914210506,-8.887917258621318
-34.48635914210506,-8.887917258621318
-34.54431914210505,-8.887917258621318
-34.602279142105054,-8.82995725862132
-34.660239142105056,-8.82995725862132
-34.71819914210506,-8.82995725862132
-34.77615914210506,-8.771997258621319
-34.83411914210505,-8.771997258621319
-34.892079142105054,-8.771997258621319
-34.950039142105055,-8.714037258621318
-35.00799914210506,-8.65607725862132
-35.06595914210506,-8.598117258621318
-35.12391914210506,-8.540157258621317
-35.12391914210506,-8.48219725862132
-35.18187914210505,-8.424237258621318
-35.239839142105055,-8.36627725862132
-35.297799142105056,-8.308317258621319
-35.35575914210506,-8.250357258621317
-35.35575914210506,-8.19239725862132
-35.41371914210506,-8.134437258621318
-35.47167914210505,-8.07647725862132
-35.47167914210505,-8.01851725862132
-35.529639142105054,-7.960557258621318
-35.529639142105054,-7.90259725862132
-35.587599142105056,-7.844637258621319
-35.64555914210506,-7.786677258621317
-35.64555914210506,-7.7287172586213195
-35.70351914210506,-7.670757258621318
-35.70351914210506,-7.61279725862132
-35.70351914210506,-7.554837258621319
-35.76147914210505,-7.496877258621318
-35.819439142105054,-7.43891725862132
-35.819439142105054,-7.380957258621319
-35.819439142105054,-7.322997258621317
-35.877399142105055,-7.265037258621319
-35.877399142105055,-7.207077258621318
-35.93535914210506,-7.14911725862132
-35.93535914210506,-7.091157258621319
-35.99331914210506,-7.033197258621318
-35.99331914210506,-6.97523725862132
-36.05127914210506,-6.9172772586213185
-36.109239142105054,-6.859317258621317
-36.109239142105054,-6.801357258621319
-36.109239142105054,-6.743397258621318
-36.167199142105055,-6.68543725862132
-36.225159142105056,-6.627477258621319
-36.225159142105056,-6.5695172586213175
-36.28311914210506,-6.51155725862132
-36.28311914210506,-6.453597258621318
-36.34107914210506,-6.395637258621321
-36.34107914210506,-6.337677258621319
-36.39903914210505,-6.279717258621318
-36.39903914210505,-6.22175725862132
-36.456999142105055,-6.163797258621319
-36.514959142105056,-6.105837258621317
-36.514959142105056,-6.04787725862132
-36.514959142105056,-5.989917258621318
-36.57291914210506,-5.9319572586213205
-36.63087914210506,-5.873997258621319
-36.63087914210506,-5.816037258621318
-36.68883914210505,-5.75807725862132
-36.746799142105054,-5.700117258621319
-36.746799142105054,-5.642157258621317
-36.804759142105056,-5.5841972586213195
-36.804759142105056,-5.526237258621318
-36.86271914210506,-5.46827725862132
-36.92067914210506,-5.410317258621319
-36.92067914210506,-5.352357258621318
-36.97863914210505,-5.29439725862132
-37.036599142105054,-5.236437258621319
-37.036599142105054,-5.178477258621317
-37.094559142105055,-5.1205172586213195
-37.15251914210506,-5.062557258621318
-37.15251914210506,-5.00459725862132
-37.21047914210506,-4.946637258621319
-37.26843914210506,-4.888677258621318
-37.26843914210506,-4.83071725862132
-37.32639914210505,-4.7727572586213185
-37.384359142105055,-4.714797258621321
-37.384359142105055,-4.656837258621319
-37.442319142105056,-4.598877258621318
-37.50027914210506,-4.54091725862132
-37.55823914210506,-4.482957258621319
-37.55823914210506,-4.4249972586213175
-37.61619914210505,-4.36703725862132
-37.674159142105054,-4.309077258621318
-37.674159142105054,-4.251117258621321
-37.732119142105056,-4.193157258621319
-37.79007914210506,-4.135197258621318
-37.84803914210506,-4.077237258621317
-37.84803914210506,-4.019277258621322
-37.90599914210505,-3.961317258621321
-37.963959142105054,-3.9033572586213197
-38.021919142105055,-3.8453972586213183
-38.021919142105055,-3.787437258621317
-38.07987914210506,-3.7294772586213156
-38.13783914210506,-3.6715172586213214
-38.19579914210506,-3.61355725862132
-38.19579914210506,-3.5555972586213187
-38.253759142105054,-3.4976372586213174
-38.311719142105055,-3.439677258621316
-38.369679142105056,-3.3817172586213218
-38.369679142105056,-3.3237572586213204
-38.42763914210506,-3.265797258621319
-38.48559914210506,-3.2078372586213177
-38.54355914210505,-3.1498772586213164
-38.54355914210505,-3.091917258621322
-38.601519142105055,-3.033957258621321
-38.659479142105056,-2.9759972586213195
-38.659479142105056,-2.918037258621318
-38.71743914210506,-2.860077258621317
-38.77539914210506,-2.8021172586213225
-38.83335914210505,-2.744157258621321
-38.83335914210505,-2.68619725862132
-38.891319142105054,-2.6282372586213185
-38.949279142105055,-2.570277258621317
-39.00723914210506,-2.512317258621316
-39.00723914210506,-2.4543572586213216
-39.06519914210506,-2.3963972586213202
-39.12315914210505,-2.338437258621319
-39.181119142105054,-2.2804772586213176
-39.181119142105054,-2.222517258621316
-39.239079142105055,-2.164557258621322
-39.297039142105056,-2.1065972586213206
-39.35499914210506,-2.0486372586213193
-39.35499914210506,-1.990677258621318
-39.41295914210506,-1.9327172586213166
-39.47091914210505,-1.8747572586213224
-39.47091914210505,-1.816797258621321
-39.528879142105055,-1.7588372586213197
-39.586839142105056,-1.7008772586213183
-39.586839142105056,-1.642917258621317
-39.64479914210506,-1.5849572586213156
-39.70275914210506,-1.5269972586213214
-39.76071914210505,-1.46903725862132
-39.76071914210505,-1.4110772586213187
-39.818679142105054,-1.3531172586213174
-39.876639142105056,-1.295157258621316
-39.876639142105056,-1.2371972586213218
-39.93459914210506,-1.1792372586213204
-39.99255914210506,-1.121277258621319
-40.05051914210505,-1.0633172586213178
-40.05051914210505,-1.0053572586213164
-40.108479142105054,-0.9473972586213222
-40.166439142105055,-0.8894372586213208
-40.166439142105055,-0.8314772586213195
-40.22439914210506,-0.7735172586213181
-40.28235914210506,-0.7155572586213168
-40.28235914210506,-0.6575972586213226
-40.34031914210506,-0.5996372586213212
-40.39827914210505,-0.5416772586213199
-40.39827914210505,-0.48371725862131854
-40.456239142105055,-0.4257572586213172
-40.514199142105056,-0.36779725862131585
-40.57215914210506,-0.3098372586213216
-40.57215914210506,-0.25187725862132027
-40.63011914210506,-0.19391725862131892
-40.68807914210505,-0.13595725862131758
-40.68807914210505,-0.07799725862131623
-40.746039142105055,-0.020037258621321996
-40.803999142105056,0.03792274137867935
-40.86195914210506,0.09588274137868069
-40.86195914210506,0.15384274137868204
-40.91991914210506,0.21180274137868338
-40.97787914210505,0.2697627413786776
-40.97787914210505,0.32772274137867896
-41.035839142105054,0.3856827413786803
-41.093799142105055,0.44364274137868165
-41.093799142105055,0.501602741378683
-41.15175914210506,0.5595627413786843
-41.20971914210506,0.6175227413786786
-41.26767914210505,0.6754827413786799
-41.26767914210505,0.7334427413786813
-41.325639142105054,0.7914027413786826
-41.383599142105055,0.849362741378684
-41.383599142105055,0.9073227413786782
-41.441559142105056,0.9652827413786795
-41.49951914210506,1.0232427413786809
-41.55747914210506,1.0812027413786822
-41.55747914210506,1.1391627413786836
-41.61543914210505,1.1971227413786778
-41.673399142105055,1.2550827413786791
-41.673399142105055,1.3130427413786805
-41.731359142105056,1.3710027413786818
-41.78931914210506,1.4289627413786832
-41.78931914210506,1.4869227413786774
-41.84727914210506,1.5448827413786788
-41.90523914210505,1.60284274137868
-41.963199142105054,1.6608027413786814
-41.963199142105054,1.7187627413786828
-42.021159142105056,1.7767227413786841
-42.07911914210506,1.8346827413786784
-42.07911914210506,1.8926427413786797
-42.13707914210506,1.950602741378681
-42.19503914210505,2.0085627413786824
-42.252999142105054,2.0665227413786837
-42.252999142105054,2.124482741378678
-42.310959142105055,2.1824427413786793
-42.36891914210506,2.2404027413786807
-42.36891914210506,2.298362741378682
-42.42687914210506,2.3563227413786834
-42.48483914210505,2.4142827413786776
-42.54279914210505,2.472242741378679
-42.54279914210505,2.5302027413786803
-42.600759142105055,2.5881627413786816
-42.658719142105056,2.646122741378683
-42.658719142105056,2.704082741378677
-42.71667914210506,2.7620427413786786
-42.77463914210506,2.82000274137868
-42.83259914210505,2.8779627413786812
-42.83259914210505,2.9359227413786826
-42.890559142105054,2.993882741378684
-42.948519142105056,3.051842741378678
-42.948519142105056,3.1098027413786795
-43.00647914210506,3.167762741378681
-43.06443914210506,3.225722741378682
-43.12239914210505,3.2836827413786835
-43.12239914210505,3.341642741378678
-43.180359142105054,3.399602741378679
-43.238319142105055,3.4575627413786805
-43.238319142105055,3.515522741378682
-43.29627914210506,3.573482741378683
-43.35423914210506,3.6314427413786774
-43.41219914210505,3.6894027413786787
-43.41219914210505,3.74736274137868
-43.470159142105054,3.8053227413786814
-43.528119142105055,3.8632827413786828
-43.528119142105055,3.921242741378684
-43.586079142105056,3.9792027413786784
-43.64403914210506,4.03716274137868
-43.70199914210506,4.095122741378681
-43.70199914210506,4.153082741378682
-43.75995914210505,4.211042741378684
-43.817919142105055,4.269002741378678
-43.817919142105055,4.326962741378679
-43.875879142105056,4.384922741378681
-43.93383914210506,4.442882741378682
-43.99179914210506,4.500842741378683
-43.99179914210506,4.558802741378678
-44.04975914210505,4.616762741378679
-44.107719142105054,4.67472274137868
-44.107719142105054,4.732682741378682
-44.165679142105056,4.790642741378683
-44.22363914210506,4.848602741378677
-44.28159914210506,4.9065627413786785
-44.28159914210506,4.96452274137868
-44.33955914210505,5.022482741378681
-44.397519142105054,5.080442741378683
-44.397519142105054,5.138402741378684
-44.455479142105055,5.196362741378678
-44.51343914210506,5.2543227413786795
-44.57139914210506,5.312282741378681
-44.57139914210506,5.370242741378682
-44.62935914210505,5.4282027413786835
-44.68731914210505,5.486162741378678
-44.68731914210505,5.544122741378679
-44.745279142105055,5.6020827413786805
-44.803239142105056,5.660042741378682
-44.86119914210506,5.718002741378683
-44.86119914210506,5.775962741378677
-44.91915914210506,5.833922741378679
-44.97711914210505,5.89188274137868
-45.035079142105054,5.949842741378681
-45.035079142105054,6.007802741378683
-45.093039142105056,6.065762741378684
-45.15099914210506,6.123722741378678
-45.15099914210506,6.18168274137868
-45.20895914210506,6.239642741378681
-45.26691914210505,6.297602741378682
-45.26691914210505,6.355562741378684
-45.324879142105054,6.413522741378678
-45.382839142105055,6.471482741378679
-45.44079914210506,6.529442741378681
-45.44079914210506,6.587402741378682
-45.49875914210506,6.645362741378683
-45.55671914210505,6.703322741378678
-45.614679142105054,6.761282741378679
-45.614679142105054,6.81924274137868
-45.672639142105055,6.877202741378682
-45.730599142105056,6.935162741378683
-45.730599142105056,6.993122741378677
-45.78855914210506,7.0510827413786785
-45.84651914210506,7.10904274137868
-45.90447914210505,7.167002741378681
-45.90447914210505,7.2249627413786826
-45.962439142105055,7.282922741378684
-46.020399142105056,7.340882741378678
-46.020399142105056,7.3988427413786795
-46.07835914210506,7.456802741378681
-46.13631914210506,7.514762741378682
-46.19427914210505,7.5727227413786835
-46.19427914210505,7.630682741378678
-46.252239142105054,7.688642741378679
-46.310199142105056,7.74660274137868
-46.310199142105056,7.804562741378682
-46.36815914210506,7.862522741378683
-46.42611914210506,7.920482741378677
-46.42611914210506,7.978442741378679
-46.48407914210505,8.03640274137868
-46.542039142105054,8.094362741378681
-46.599999142105055,8.152322741378683
-46.599999142105055,8.210282741378677
-46.65795914210506,8.268242741378678
-46.71591914210506,8.32620274137868
-46.77387914210505,8.384162741378681
-46.77387914210505,8.442122741378682
-46.83183914210505,8.500082741378684
-46.889799142105055,8.558042741378678
-46.889799142105055,8.61600274137868
-46.947759142105056,8.67396274137868
-47.00571914210506,8.731922741378682
-47.00571914210506,8.789882741378683
-47.06367914210506,8.847842741378678
-47.12163914210505,8.905802741378679
-47.179599142105054,8.96376274137868
-47.179599142105054,9.021722741378682
-47.237559142105056,9.079682741378683
-47.29551914210506,9.137642741378677
-47.29551914210506,9.195602741378679
-47.35347914210506,9.25356274137868
-47.41143914210505,9.311522741378681
-47.41143914210505,9.369482741378683
-47.469399142105054,9.427442741378684
-47.527359142105055,9.485402741378678
-47.58531914210506,9.54336274137868
-47.58531914210506,9.60132274137868
-47.64327914210506,9.659282741378682
-47.70123914210505,9.717242741378683
-47.70123914210505,9.775202741378678
-47.759199142105054,9.833162741378679
-47.817159142105055,9.89112274137868
-47.817159142105055,9.949082741378682
-47.875119142105056,10.007042741378683
-47.93307914210506,10.065002741378677
-47.93307914210506,10.122962741378679
-47.99103914210505,10.18092274137868
-48.04899914210505,10.238882741378681
-48.04899914210505,10.296842741378683
-48.106959142105055,10.354802741378677
-48.164919142105056,10.412762741378678
-48.164919142105056,10.47072274137868
-48.22287914210506,10.528682741378681
-48.22287914210506,10.586642741378682
-48.28083914210506,10.644602741378684
-48.33879914210505,10.702562741378678
-48.33879914210505,10.76052274137868
-48.396759142105054,10.81848274137868
-48.396759142105054,10.876442741378682
-48.454719142105056,10.934402741378683
-48.51267914210506,10.992362741378678
-48.51267914210506,11.050322741378679
-48.57063914210506,11.10828274137868
-48.57063914210506,11.166242741378682
-48.62859914210505,11.224202741378683
-48.686559142105054,11.282162741378677
-48.686559142105054,11.340122741378678
-48.744519142105055,11.39808274137868
-48.744519142105055,11.456042741378681
-48.80247914210506,11.514002741378683
-48.86043914210506,11.571962741378684
-48.86043914210506,11.629922741378678
-48.91839914210505,11.68788274137868
-48.91839914210505,11.74584274137868
-48.97635914210505,11.803802741378682
-48.97635914210505,11.861762741378683
-49.034319142105055,11.919722741378678
-49.092279142105056,11.977682741378679
-49.092279142105056,12.03564274137868
-49.15023914210506,12.093602741378682
-49.15023914210506,12.151562741378683
-49.15023914210506,12.209522741378677
-49.20819914210506,12.267482741378679
-49.26615914210505,12.32544274137868
-49.324119142105054,12.383402741378681
-49.324119142105054,12.441362741378683
-49.382079142105056,12.499322741378677
-49.382079142105056,12.557282741378678
-49.382079142105056,12.61524274137868
-49.44003914210506,12.673202741378681
-49.44003914210506,12.731162741378682
-49.49799914210506,12.789122741378684
-49.49799914210506,12.847082741378678
-49.55595914210505,12.90504274137868
-49.613919142105054,12.96300274137868
-49.671879142105055,13.020962741378682
-49.671879142105055,13.078922741378683
-49.671879142105055,13.136882741378678
-49.72983914210506,13.194842741378679
-49.72983914210506,13.25280274137868
-49.78779914210506,13.310762741378682
-49.78779914210506,13.368722741378683
-49.84575914210505,13.426682741378677
-49.84575914210505,13.484642741378678
-49.903719142105054,13.54260274137868
-49.961679142105055,13.600562741378681
-49.961679142105055,13.658522741378682
-50.019639142105056,13.716482741378684
-50.019639142105056,13.774442741378678
-50.07759914210506,13.83240274137868
-50.07759914210506,13.89036274137868
-50.13555914210505,13.948322741378682
-50.19351914210505,14.006282741378683
-50.19351914210505,14.064242741378678
-50.19351914210505,14.122202741378679
-50.251479142105055,14.18016274137868
-50.251479142105055,14.238122741378682
-50.309439142105056,14.296082741378683
-50.36739914210506,14.354042741378677
-50.36739914210506,14.412002741378679
-50.42535914210506,14.46996274137868
-50.42535914210506,14.527922741378681
-50.48331914210505,14.585882741378683
-50.48331914210505,14.643842741378677
-50.541279142105054,14.701802741378678
-50.541279142105054,14.75976274137868
-50.599239142105056,14.817722741378681
-50.599239142105056,14.875682741378682
-50.65719914210506,14.933642741378684
-50.71515914210506,14.991602741378678
-50.71515914210506,15.04956274137868
-50.77311914210505,15.10752274137868
-50.77311914210505,15.165482741378682
-50.831079142105054,15.223442741378683
-50.831079142105054,15.281402741378677
-50.889039142105055,15.339362741378679
-50.889039142105055,15.39732274137868
-50.94699914210506,15.455282741378682
-51.00495914210506,15.513242741378683
-51.00495914210506,15.571202741378677
-51.06291914210505,15.629162741378678
-51.06291914210505,15.68712274137868
-51.06291914210505,15.745082741378681
-51.12087914210505,15.803042741378682
-51.178839142105055,15.861002741378677
-51.178839142105055,15.918962741378678
-51.178839142105055,15.97692274137868
-51.236799142105056,16.03488274137868
-51.29475914210506,16.092842741378682
-51.29475914210506,16.150802741378683
-51.35271914210506,16.208762741378678
-51.35271914210506,16.26672274137868
-51.41067914210505,16.32468274137868
-51.41067914210505,16.38264274137868
-51.468639142105054,16.440602741378683
-51.468639142105054,16.498562741378677
-51.526599142105056,16.55652274137868
-51.526599142105056,16.61448274137868
-51.58455914210506,16.67244274137868
-51.58455914210506,16.730402741378683
-51.64251914210506,16.788362741378677
-51.64251914210506,16.84632274137868
-51.70047914210505,16.90428274137868
-51.70047914210505,16.96224274137868
-51.758439142105054,17.020202741378682
-51.758439142105054,17.078162741378684
-51.816399142105055,17.136122741378678
-51.87435914210506,17.19408274137868
-51.87435914210506,17.25204274137868
-51.93231914210506,17.310002741378682
-51.93231914210506,17.367962741378683
-51.93231914210506,17.425922741378677
-51.99027914210505,17.48388274137868
-51.99027914210505,17.54184274137868
-52.048239142105054,17.59980274137868
-52.048239142105054,17.657762741378683
-52.106199142105055,17.715722741378677
-52.106199142105055,17.77368274137868
-52.164159142105056,17.83164274137868
-52.22211914210506,17.88960274137868
-52.22211914210506,17.947562741378682
-52.22211914210506,18.005522741378677
-52.28007914210505,18.063482741378678
-52.33803914210505,18.12144274137868
-52.33803914210505,18.17940274137868
-52.33803914210505,18.237362741378682
-52.395999142105055,18.295322741378683
-52.395999142105055,18.353282741378678
-52.453959142105056,18.41124274137868
-52.51191914210506,18.46920274137868
-52.51191914210506,18.52716274137868
-52.51191914210506,18.585122741378683
-52.56987914210506,18.643082741378677
-52.56987914210506,18.70104274137868
-52.62783914210505,18.75900274137868
-52.62783914210505,18.81696274137868
-52.685799142105054,18.874922741378683
-52.685799142105054,18.932882741378677
-52.743759142105056,18.99084274137868
-52.743759142105056,19.04880274137868
-52.80171914210506,19.10676274137868
-52.80171914210506,19.164722741378682
-52.85967914210505,19.222682741378684
-52.85967914210505,19.280642741378678
-52.91763914210506,19.33860274137868
-52.91763914210506,19.39656274137868
-52.975599142105054,19.454522741378682
-52.975599142105054,19.512482741378683
-53.033559142105055,19.570442741378677
-53.033559142105055,19.62840274137868
-53.09151914210506,19.68636274137868
-53.09151914210506,19.74432274137868
-53.14947914210505,19.802282741378683
-53.14947914210505,19.860242741378677
-53.20743914210506,19.91820274137868
-53.20743914210506,19.97616274137868
-53.26539914210505,20.03412274137868
-53.26539914210505,20.092082741378682
-53.26539914210505,20.150042741378677
-53.323359142105055,20.208002741378678
-53.323359142105055,20.26596274137868
-53.381319142105056,20.32392274137868
-53.381319142105056,20.381882741378682
-53.43927914210505,20.439842741378683
-53.43927914210505,20.497802741378678
-53.49723914210506,20.55576274137868
-53.49723914210506,20.61372274137868
-53.55519914210505,20.67168274137868
-53.55519914210505,20.729642741378683
-53.55519914210505,20.787602741378677
-53.613159142105054,20.84556274137868
-53.613159142105054,20.90352274137868
-53.671119142105056,20.96148274137868
-53.671119142105056,21.019442741378683
-53.72907914210505,21.077402741378677
-53.72907914210505,21.135362741378678
-53.78703914210506,21.19332274137868
-53.78703914210506,21.25128274137868
-53.84499914210505,21.309242741378682
-53.84499914210505,21.367202741378676
-53.902959142105054,21.425162741378678
-53.902959142105054,21.48312274137868
-53.960919142105055,21.54108274137868
-53.960919142105055,21.599042741378682
-53.960919142105055,21.657002741378683
-54.01887914210506,21.714962741378677
-54.01887914210506,21.77292274137868
-54.07683914210506,21.83088274137868
-54.07683914210506,21.88884274137868
-54.13479914210505,21.946802741378683
-54.13479914210505,22.004762741378677
-54.192759142105054,22.06272274137868
-54.192759142105054,22.12068274137868
-54.250719142105055,22.17864274137868
-54.250719142105055,22.236602741378682
-54.308679142105056,22.294562741378677
-54.308679142105056,22.352522741378678
-54.36663914210506,22.41048274137868
-54.36663914210506,22.46844274137868
-54.36663914210506,22.526402741378682
-54.42459914210505,22.584362741378683
-54.42459914210505,22.642322741378678
-54.48255914210506,22.70028274137868
-54.48255914210506,22.75824274137868
-54.540519142105055,22.81620274137868
-54.540519142105055,22.874162741378683
-54.598479142105056,22.932122741378677
-54.598479142105056,22.99008274137868
-54.65643914210506,23.04804274137868
-54.65643914210506,23.10600274137868
-54.71439914210505,23.163962741378683
-54.71439914210505,23.221922741378677
-54.77235914210506,23.279882741378678
-54.77235914210506,23.33784274137868
-54.77235914210506,23.39580274137868
-54.830319142105054,23.453762741378682
-54.830319142105054,23.511722741378676
-54.888279142105056,23.569682741378678
-54.888279142105056,23.62764274137868
-54.94623914210506,23.68560274137868
-54.94623914210506,23.743562741378682
-55.00419914210505,23.801522741378683
-55.00419914210505,23.859482741378677
-55.00419914210505,23.91744274137868
-55.06215914210506,23.97540274137868
-55.06215914210506,24.03336274137868
-55.120119142105054,24.091322741378683
-55.120119142105054,24.149282741378677
-55.178079142105055,24.20724274137868
-55.178079142105055,24.26520274137868
-55.23603914210506,24.32316274137868
-55.23603914210506,24.381122741378682
-55.29399914210505,24.439082741378677
-55.29399914210505,24.497042741378678
-55.35195914210506,24.55500274137868
-55.35195914210506,24.61296274137868
-55.35195914210506,24.670922741378682
-55.40991914210505,24.728882741378683
-55.40991914210505,24.786842741378678
-55.467879142105055,24.84480274137868
-55.467879142105055,24.90276274137868
-55.525839142105056,24.96072274137868
-55.58379914210505,25.018682741378683
-55.58379914210505,25.076642741378677
-55.58379914210505,25.13460274137868
-55.64175914210506,25.19256274137868
-55.64175914210506,25.25052274137868
-55.64175914210506,25.308482741378683
-55.69971914210505,25.366442741378677
-55.69971914210505,25.424402741378678
-55.757679142105054,25.48236274137868
-55.757679142105054,25.54032274137868
-55.815639142105056,25.598282741378682
-55.87359914210505,25.656242741378676
-55.87359914210505,25.714202741378678
-55.87359914210505,25.77216274137868
-55.93155914210506,25.83012274137868
-55.93155914210506,25.888082741378682
-55.98951914210505,25.946042741378683
-55.98951914210505,26.004002741378677
-55.98951914210505,26.06196274137868
-56.047479142105054,26.11992274137868
-56.105439142105055,26.17788274137868
-56.105439142105055,26.235842741378683
-56.16339914210506,26.293802741378677
-56.16339914210506,26.35176274137868
-56.16339914210506,26.40972274137868
-56.22135914210506,26.46768274137868
-56.22135914210506,26.525642741378682
-56.27931914210505,26.583602741378677
-56.27931914210505,26.641562741378678
-56.337279142105054,26.69952274137868
-56.337279142105054,26.75748274137868
-56.337279142105054,26.815442741378682
-56.395239142105055,26.873402741378676
-56.395239142105055,26.931362741378678
-56.453199142105056,26.98932274137868
-56.453199142105056,27.04728274137868
-56.51115914210506,27.10524274137868
-56.51115914210506,27.163202741378683
-56.56911914210505,27.221162741378677
-56.56911914210505,27.27912274137868
-56.62707914210506,27.33708274137868
-56.62707914210506,27.39504274137868
-56.685039142105055,27.453002741378683
-56.685039142105055,27.510962741378677
-56.685039142105055,27.568922741378678
-56.742999142105056,27.62688274137868
-56.742999142105056,27.68484274137868
-56.80095914210506,27.742802741378682
-56.80095914210506,27.800762741378676
-56.85891914210505,27.858722741378685
-56.85891914210505,27.91668274137868
-56.91687914210506,27.974642741378673
-56.91687914210506,28.032602741378682
-56.974839142105054,28.090562741378676
-56.974839142105054,28.148522741378684
-56.974839142105054,28.20648274137868
-57.032799142105056,28.264442741378673
-57.032799142105056,28.32240274137868
-57.09075914210506,28.380362741378676
-57.09075914210506,28.438322741378684
-57.14871914210505,28.49628274137868
-57.14871914210505,28.554242741378687
-57.20667914210506,28.61220274137868
-57.20667914210506,28.670162741378675
-57.264639142105054,28.728122741378684
-57.264639142105054,28.786082741378678
-57.322599142105055,28.844042741378686
-57.322599142105055,28.90200274137868
-57.38055914210506,28.959962741378675
-57.38055914210506,29.017922741378683
-57.38055914210506,29.075882741378678
-57.43851914210505,29.133842741378686
-57.43851914210505,29.19180274137868
-57.49647914210506,29.249762741378674
-57.49647914210506,29.307722741378683
-57.55443914210505,29.365682741378677
-57.55443914210505,29.423642741378686
-57.55443914210505,29.48160274137868
-57.612399142105055,29.539562741378674
-57.612399142105055,29.597522741378683
-57.670359142105056,29.655482741378677
-57.670359142105056,29.713442741378685
-57.72831914210505,29.77140274137868
-57.78627914210506,29.829362741378674
-57.78627914210506,29.887322741378682
-57.78627914210506,29.945282741378676
-57.84423914210505,30.003242741378685
-57.84423914210505,30.06120274137868
-57.84423914210505,30.119162741378673
-57.902199142105054,30.177122741378682
-57.960159142105056,30.235082741378676
-57.960159142105056,30.293042741378684
-58.01811914210505,30.35100274137868
-58.01811914210505,30.408962741378673
-58.01811914210505,30.46692274137868
-58.07607914210506,30.524882741378676
-58.07607914210506,30.582842741378684
-58.13403914210505,30.64080274137868
-58.13403914210505,30.698762741378673
-58.191999142105054,30.75672274137868
-58.191999142105054,30.814682741378675
-58.191999142105054,30.872642741378684
-58.249959142105055,30.930602741378678
-58.30791914210506,30.988562741378686
-58.30791914210506,31.04652274137868
-58.36587914210506,31.104482741378675
-58.36587914210506,31.162442741378683
-58.42383914210505,31.220402741378678
-58.42383914210505,31.278362741378686
-58.481799142105054,31.33632274137868
-58.481799142105054,31.394282741378674
-58.481799142105054,31.452242741378683
-58.539759142105055,31.510202741378677
-58.539759142105055,31.568162741378686
-58.597719142105056,31.62612274137868
-58.597719142105056,31.684082741378674
-58.65567914210506,31.742042741378683
-58.65567914210506,31.800002741378677
-58.71363914210505,31.857962741378685
-58.71363914210505,31.91592274137868
-58.77159914210506,31.973882741378674
-58.829559142105055,32.03184274137868
-58.829559142105055,32.089802741378676
-58.829559142105055,32.147762741378685
-58.887519142105056,32.20572274137868
-58.94547914210506,32.26368274137867
-58.94547914210506,32.32164274137868
-58.94547914210506,32.379602741378676
-59.00343914210505,32.437562741378684
-59.06139914210506,32.49552274137868
-59.06139914210506,32.55348274137867
-59.119359142105054,32.61144274137868
-59.119359142105054,32.669402741378676
-59.177319142105056,32.727362741378684
-59.23527914210506,32.78532274137868
-59.23527914210506,32.84328274137867
-59.23527914210506,32.90124274137868
-59.29323914210505,32.959202741378675
-59.35119914210506,33.017162741378684
-59.35119914210506,33.07512274137868
-59.409159142105054,33.133082741378686
-59.467119142105055,33.19104274137868
-59.467119142105055,33.249002741378675
-59.52507914210506,33.30696274137868
-59.52507914210506,33.36492274137868
-59.58303914210505,33.422882741378686
-59.64099914210506,33.48084274137868
-59.64099914210506,33.538802741378674
-59.69895914210505,33.59676274137868
-59.756919142105055,33.65472274137868
-59.756919142105055,33.712682741378686
-59.814879142105056,33.77064274137868
-59.87283914210505,33.828602741378674
-59.87283914210505,33.88656274137868
-59.93079914210506,33.94452274137868
-59.98875914210505,34.002482741378685
-59.98875914210505,34.06044274137868
-60.046719142105054,34.118402741378674
-60.104679142105056,34.17636274137868
-60.104679142105056,34.234322741378676
-60.16263914210505,34.292282741378685
-60.22059914210506,34.35024274137868
-60.22059914210506,34.40820274137867
-60.27855914210505,34.46616274137868
-60.336519142105054,34.524122741378676
-60.394479142105055,34.582082741378684
-60.394479142105055,34.64004274137868
-60.45243914210506,34.69800274137867
-60.51039914210506,34.75596274137868
-60.51039914210506,34.813922741378676
-60.56835914210505,34.871882741378684
-60.626319142105054,34.92984274137868
-60.626319142105054,34.98780274137867
-60.684279142105055,35.04576274137868
-60.742239142105056,35.103722741378675
-60.742239142105056,35.161682741378684
-60.80019914210506,35.21964274137868
-60.85815914210505,35.277602741378686
-60.85815914210505,35.33556274137868
-60.91611914210505,35.393522741378675
-60.974079142105055,35.45148274137868
-60.974079142105055,35.50944274137868
-61.032039142105056,35.567402741378686
-61.08999914210506,35.62536274137868
-61.08999914210506,35.683322741378674
-61.14795914210505,35.74128274137868
-61.20591914210506,35.79924274137868
-61.20591914210506,35.857202741378686
-61.263879142105054,35.91516274137868
-61.321839142105055,35.973122741378674
-61.321839142105055,36.03108274137868
-61.37979914210506,36.08904274137868
-61.43775914210505,36.147002741378685
-61.43775914210505,36.20496274137868
-61.49571914210506,36.262922741378674
-61.553679142105054,36.32088274137868
-61.553679142105054,36.378842741378676
-61.611639142105055,36.436802741378685
-61.669599142105056,36.49476274137868
-61.669599142105056,36.55272274137867
-61.72755914210505,36.61068274137868
-61.78551914210506,36.668642741378676
-61.78551914210506,36.726602741378684
-61.84347914210505,36.78456274137868
-61.901439142105055,36.84252274137867
-61.959399142105056,36.90048274137868
-61.959399142105056,36.958442741378676
-62.01735914210505,37.016402741378684
-62.07531914210506,37.07436274137868
-62.13327914210505,37.13232274137867
-62.191239142105054,37.19028274137868
-62.191239142105054,37.248242741378675
-62.249199142105056,37.306202741378684
-62.249199142105056,37.36416274137868
-62.30715914210505,37.422122741378686
-62.36511914210506,37.48008274137868
-62.42307914210505,37.538042741378675
-62.481039142105054,37.59600274137868
-62.481039142105054,37.65396274137868
-62.538999142105055,37.711922741378686
-62.59695914210506,37.711922741378686
-62.65491914210506,37.76988274137868
-62.65491914210506,37.827842741378674
-62.71287914210505,37.88580274137868
-62.770839142105054,37.94376274137868
-62.770839142105054,38.001722741378686
-62.828799142105055,38.05968274137868
-62.886759142105056,38.05968274137868
-62.94471914210506,38.117642741378674
-62.94471914210506,38.17560274137868
-63.00267914210505,38.23356274137868
-63.06063914210505,38.291522741378685
-63.118599142105055,38.34948274137868
-63.118599142105055,38.407442741378674
-63.176559142105056,38.46540274137868
-63.23451914210506,38.523362741378676
-63.29247914210505,38.523362741378676
-63.35043914210506,38.581322741378685
-63.35043914210506,38.63928274137868
-63.408399142105054,38.69724274137867
-63.466359142105055,38.75520274137868
-63.52431914210506,38.813162741378676
-63.58227914210505,38.871122741378684
-63.58227914210505,38.92908274137868
-63.64023914210506,38.98704274137867
-63.698199142105054,38.98704274137867
-63.756159142105055,39.04500274137868
-63.756159142105055,39.102962741378676
-63.814119142105056,39.160922741378684
-63.87207914210505,39.21888274137868
-63.93003914210506,39.21888274137868
-63.98799914210505,39.27684274137867
-63.98799914210505,39.33480274137868
-64.04595914210506,39.392762741378675
-64.10391914210506,39.450722741378684
-64.16187914210505,39.50868274137868
-64.21983914210506,39.566642741378686
-64.27779914210505,39.62460274137868
-64.33575914210505,39.682562741378675
-64.39371914210506,39.74052274137868
-64.45167914210505,39.79848274137868
-64.45167914210505,39.856442741378686
-64.50963914210506,39.91440274137868
-64.56759914210505,39.972362741378674
-64.62555914210506,39.972362741378674
-64.68351914210506,40.03032274137868
-64.74147914210505,40.08828274137868
-64.79943914210506,40.146242741378686
-64.85739914210505,40.20420274137868
-64.91535914210505,40.262162741378674
-64.91535914210505,40.32012274137868
-64.97331914210505,40.37808274137868
-65.03127914210506,40.37808274137868
-65.08923914210506,40.436042741378685
-65.08923914210506,40.49400274137868
-65.14719914210505,40.551962741378674
-65.20515914210506,40.551962741378674
-65.26311914210505,40.60992274137868
-65.32107914210505,40.667882741378676
-65.32107914210505,40.725842741378685
-65.37903914210506,40.78380274137868
-65.43699914210505,40.84176274137867
-65.49495914210506,40.84176274137867
-65.55291914210505,40.89972274137868
-65.61087914210506,40.957682741378676
-65.61087914210506,41.015642741378684
-65.66883914210506,41.07360274137868
-65.72679914210505,41.13156274137867
-65.78475914210506,41.18952274137868
-65.84271914210505,41.247482741378676
-65.90067914210505,41.305442741378684
-65.95863914210506,41.36340274137868
-66.01659914210505,41.42136274137867
-66.07455914210506,41.47932274137868
-66.13251914210505,41.537282741378675
-66.19047914210506,41.595242741378684
-66.24843914210506,41.65320274137868
-66.30639914210505,41.71116274137867
-66.36435914210506,41.76912274137868
-66.42231914210505,41.827082741378675
-66.48027914210505,41.88504274137868
-66.48027914210505,41.94300274137868
-66.53823914210506,42.000962741378686
-66.59619914210505,42.05892274137868
-66.65415914210506,42.116882741378674
-66.71211914210505,42.17484274137868
-66.77007914210506,42.17484274137868
-66.82803914210506,42.23280274137868
-66.88599914210505,42.290762741378686
-66.94395914210506,42.34872274137868
-67.00191914210505,42.406682741378674
-67.00191914210505,42.46464274137868
-67.05987914210505,42.52260274137868
-67.11783914210505,42.580562741378685
-67.17579914210506,42.63852274137868
-67.23375914210506,42.696482741378674
-67.29171914210505,42.696482741378674
-67.34967914210506,42.75444274137868
-67.40763914210505,42.812402741378676
-67.40763914210505,42.870362741378685
-67.46559914210505,42.92832274137868
-67.52355914210506,42.92832274137868
-67.58151914210505,42.98628274137867
-67.58151914210505,43.04424274137868
-67.63947914210506,43.102202741378676
-67.69743914210505,43.102202741378676
-67.75539914210506,43.160162741378684
-67.75539914210506,43.21812274137868
-67.81335914210506,43.27608274137867
-67.87131914210505,43.33404274137868
-67.92927914210506,43.392002741378676
-67.98723914210505,43.449962741378684
-68.04519914210505,43.50792274137868
-68.10315914210506,43.56588274137867
-68.16111914210505,43.62384274137868
-68.21907914210506,43.681802741378675
-68.27703914210505,43.739762741378684
-68.33499914210506,43.79772274137868
-68.33499914210506,43.85568274137867
-68.39295914210506,43.91364274137868
-68.45091914210505,43.91364274137868
-68.50887914210506,43.971602741378675
-68.56683914210505,44.02956274137868
-68.62479914210505,44.08752274137868
-68.62479914210505,44.145482741378686
-68.68275914210506,44.20344274137868
-68.74071914210505,44.20344274137868
-68.79867914210506,44.261402741378674
-68.79867914210506,44.31936274137868
-68.85663914210505,44.37732274137868
-68.91459914210506,44.37732274137868
-68.97255914210506,44.435282741378686
-69.03051914210505,44.49324274137868
-69.08847914210506,44.551202741378674
-69.14643914210505,44.60916274137868
-69.14643914210505,44.66712274137868
-69.20439914210506,44.725082741378685
-69.26235914210505,44.725082741378685
-69.32031914210505,44.78304274137868
-69.32031914210505,44.841002741378674
-69.37827914210506,44.89896274137868
-69.43623914210505,44.89896274137868
-69.49419914210506,44.956922741378676
-69.55215914210505,45.014882741378685
-69.55215914210505,45.07284274137868
-69.61011914210505,45.13080274137867
-69.66807914210506,45.13080274137867
-69.72603914210505,45.18876274137868
-69.72603914210505,45.246722741378676
-69.78399914210506,45.304682741378684
-69.84195914210505,45.36264274137868
-69.89991914210506,45.42060274137867
-69.95787914210506,45.47856274137868
-70.01583914210505,45.536522741378676
-70.07379914210506,45.594482741378684
-70.13175914210505,45.65244274137868
-70.18971914210505,45.71040274137867
-70.24767914210506,45.76836274137868
-70.30563914210505,45.826322741378675
-70.36359914210506,45.884282741378684
-70.42155914210505,45.94224274137868
-70.47951914210506,46.00020274137867
-70.53747914210506,46.05816274137868
-70.59543914210505,46.116122741378675
-70.59543914210505,46.17408274137868
-70.65339914210506,46.23204274137868
-70.71135914210505,46.23204274137868
-70.76931914210505,46.290002741378686
-70.82727914210506,46.34796274137868
-70.88523914210505,46.405922741378674
-70.88523914210505,46.46388274137868
-70.94319914210506,46.52184274137868
-71.00115914210505,46.52184274137868
-71.05911914210506,46.579802741378685
-71.05911914210506,46.63776274137868
-71.11707914210506,46.695722741378674
-71.17503914210505,46.695722741378674
-71.23299914210506,46.75368274137868
-71.23299914210506,46.81164274137868
-71.29095914210505,46.869602741378685
-71.34891914210506,46.869602741378685
-71.40687914210505,46.92756274137868
-71.46483914210505,46.985522741378674
-71.46483914210505,47.04348274137868
-71.52279914210506,47.101442741378676
-71.58075914210505,47.159402741378685
-71.63871914210506,47.159402741378685
-71.69667914210505,47.21736274137868
-71.75463914210505,47.27532274137867
-71.75463914210505,47.33328274137868
-71.81259914210506,47.391242741378676
-71.87055914210505,47.391242741378676
-71.92851914210506,47.449202741378684
-71.92851914210506,47.50716274137868
-71.98647914210505,47.56512274137867
-72.04443914210505,47.56512274137867
-72.10239914210506,47.62308274137868
-72.10239914210506,47.681042741378675
-72.16035914210505,47.739002741378684
-72.21831914210506,47.739002741378684
-72.27627914210505,47.79696274137868
-72.27627914210505,47.85492274137867
-72.33423914210505,47.91288274137868
-72.39219914210506,47.91288274137868
-72.45015914210505,47.970842741378675
-72.45015914210505,48.02880274137868
-72.50811914210506,48.08676274137868
-72.56607914210505,48.14472274137867
-72.62403914210506,48.14472274137867
-72.68199914210506,48.20268274137868
-72.73995914210505,48.260642741378675
-72.79791914210506,48.31860274137868
-72.79791914210506,48.37656274137868
-72.85587914210505,48.434522741378686
-72.91383914210505,48.434522741378686
-72.97179914210506,48.49248274137868
-73.02975914210505,48.550442741378674
-73.08771914210506,48.60840274137868
-73.08771914210506,48.66636274137868
-73.14567914210505,48.724322741378685
-73.20363914210506,48.724322741378685
-73.26159914210506,48.78228274137868
-73.26159914210506,48.840242741378674
-73.31955914210505,48.89820274137868
-73.37751914210506,48.89820274137868
-73.43547914210505,48.95616274137868
-73.49343914210506,49.014122741378685
-73.55139914210505,49.07208274137868
-73.60935914210505,49.130042741378674
-73.66731914210506,49.18800274137868
-73.72527914210505,49.245962741378676
-73.78323914210506,49.303922741378685
-73.84119914210505,49.36188274137868
-73.89915914210505,49.41984274137867
-73.95711914210506,49.47780274137868
-74.01507914210505,49.535762741378676
-74.07303914210506,49.593722741378684
-74.13099914210505,49.65168274137868
-74.18895914210505,49.70964274137867
-74.24691914210506,49.76760274137868
-74.30487914210505,49.825562741378675
-74.36283914210506,49.883522741378684
-74.42079914210505,49.94148274137868
-74.47875914210505,49.99944274137867
-74.53671914210506,50.05740274137868
-74.59467914210505,50.115362741378675
-74.65263914210506,50.17332274137868
-74.71059914210505,50.23128274137868
-74.76855914210506,50.28924274137867
-74.82651914210506,50.34720274137868
-74.88447914210505,50.405162741378675
-74.94243914210506,50.46312274137868
-74.94243914210506,50.52108274137868
-75.00039914210505,50.579042741378686
-75.05835914210505,50.579042741378686
-75.11631914210506,50.63700274137868
-75.17427914210505,50.694962741378674
-75.17427914210505,50.75292274137868
-75.23223914210506,50.81088274137868
-75.29019914210505,50.81088274137868
-75.34815914210506,50.868842741378685
-75.40611914210506,50.92680274137868
-75.40611914210506,50.984762741378674
-75.46407914210505,51.04272274137868
-75.52203914210506,51.10068274137868
-75.52203914210506,51.158642741378685
-75.57999914210505,51.21660274137868
-75.63795914210505,51.27456274137867
-75.69591914210505,51.33252274137868
-75.69591914210505,51.390482741378676
-75.69591914210505,51.448442741378685
-75.69591914210505,51.50640274137868
-75.75387914210505,51.56436274137867
-75.75387914210505,51.62232274137868
-75.75387914210505,51.680282741378676
-75.75387914210505,51.738242741378684
-75.81183914210506,51.79620274137868
-75.81183914210506,51.85416274137867
-75.81183914210506,51.91212274137868
-75.81183914210506,51.970082741378675
-75.86979914210505,52.028042741378684
-75.86979914210505,52.08600274137868
-75.86979914210505,52.14396274137867
-75.86979914210505,52.20192274137868
-75.92775914210506,52.259882741378675
-75.92775914210506,52.31784274137868
-75.92775914210506,52.37580274137868
-75.86979914210505,52.43376274137867
-75.86979914210505,52.49172274137868
-75.86979914210505,52.549682741378675
-75.81183914210506,52.60764274137868
-75.81183914210506,52.66560274137868
-75.81183914210506,52.72356274137867
-75.81183914210506,52.78152274137868
-75.75387914210505,52.839482741378674
-75.75387914210505,52.89744274137868
-75.69591914210505,52.95540274137868
-75.63795914210505,53.013362741378685
-75.57999914210505,53.07132274137868
-75.52203914210506,53.07132274137868
-75.46407914210505,53.07132274137868
-75.40611914210506,53.129282741378674
-75.34815914210506,53.129282741378674
-75.29019914210505,53.129282741378674
-75.23223914210506,53.129282741378674
-75.17427914210505,53.129282741378674
-75.11631914210506,53.18724274137868
-75.05835914210505,53.18724274137868
-75.00039914210505,53.18724274137868
-74.94243914210506,53.24520274137868
-74.88447914210505,53.24520274137868
-74.82651914210506,53.24520274137868
-74.76855914210506,53.24520274137868
-74.71059914210505,53.24520274137868
-74.65263914210506,53.303162741378685
-74.59467914210505,53.303162741378685
-74.53671914210506,53.303162741378685
-74.47875914210505,53.303162741378685
-74.42079914210505,53.303162741378685
-74.36283914210506,53.303162741378685
-74.30487914210505,53.303162741378685
-74.24691914210506,53.303162741378685
-74.18895914210505,53.36112274137868
-74.13099914210505,53.36112274137868
-74.07303914210506,53.36112274137868
-74.01507914210505,53.36112274137868
-73.95711914210506,53.36112274137868
-73.89915914210505,53.36112274137868
-73.84119914210505,53.36112274137868
-73.78323914210506,53.36112274137868
-73.72527914210505,53.36112274137868
-73.66731914210506,53.36112274137868
-73.60935914210505,53.41908274137867
-73.55139914210505,53.41908274137867
-73.49343914210506,53.41908274137867
-73.43547914210505,53.41908274137867
-73.37751914210506,53.41908274137867
-73.31955914210505,53.41908274137867
-73.26159914210506,53.41908274137867
-73.20363914210506,53.41908274137867
-73.14567914210505,53.41908274137867
-73.08771914210506,53.47704274137868
-73.02975914210505,53.47704274137868
-72.97179914210506,53.47704274137868
-72.91383914210505,53.47704274137868
-72.85587914210505,53.47704274137868
-72.79791914210506,53.47704274137868
-72.73995914210505,53.47704274137868
-72.68199914210506,53.47704274137868
-72.62403914210506,53.535002741378676
-72.56607914210505,53.535002741378676
-72.50811914210506,53.535002741378676
-72.45015914210505,53.535002741378676
-72.39219914210506,53.535002741378676
-72.33423914210505,53.535002741378676
-72.27627914210505,53.535002741378676
-72.21831914210506,53.592962741378685
-72.16035914210505,53.592962741378685
-72.10239914210506,53.592962741378685
-72.04443914210505,53.592962741378685
-71.98647914210505,53.592962741378685
-71.92851914210506,53.592962741378685
-71.87055914210505,53.592962741378685
-71.81259914210506,53.65092274137868
-71.75463914210505,53.65092274137868
-71.69667914210505,53.65092274137868
-71.63871914210506,53.65092274137868
-71.58075914210505,53.65092274137868
-71.52279914210506,53.65092274137868
-71.46483914210505,53.65092274137868
-71.40687914210505,53.65092274137868
-71.34891914210506,53.70888274137867
-71.29095914210505,53.70888274137867
-71.23299914210506,53.70888274137867
-71.17503914210505,53.70888274137867
-71.11707914210506,53.70888274137867
-71.05911914210506,53.70888274137867
-71.00115914210505,53.70888274137867
-70.94319914210506,53.70888274137867
-70.88523914210505,53.70888274137867
-70.82727914210506,53.70888274137867
-70.76931914210505,53.70888274137867
-70.71135914210505,53.70888274137867
-70.65339914210506,53.70888274137867
-70.59543914210505,53.70888274137867
-70.53747914210506,53.70888274137867
-70.47951914210506,53.70888274137867
-70.42155914210505,53.76684274137868
-70.36359914210506,53.76684274137868
-70.30563914210505,53.76684274137868
-70.24767914210506,53.76684274137868
-70.18971914210505,53.76684274137868
-70.13175914210505,53.76684274137868
-70.07379914210506,53.76684274137868
-70.01583914210505,53.76684274137868
-69.95787914210506,53.76684274137868
-69.89991914210506,53.76684274137868
-69.84195914210505,53.824802741378676
-69.78399914210506,53.824802741378676
-69.72603914210505,53.824802741378676
-69.66807914210506,53.824802741378676
-69.61011914210505,53.824802741378676
-69.55215914210505,53.824802741378676
-69.49419914210506,53.824802741378676
-69.43623914210505,53.824802741378676
-69.37827914210506,53.824802741378676
-69.32031914210505,53.824802741378676
-69.26235914210505,53.824802741378676
-69.20439914210506,53.824802741378676
-69.14643914210505,53.824802741378676
-69.08847914210506,53.824802741378676
-69.03051914210505,53.824802741378676
-68.97255914210506,53.824802741378676
-68.91459914210506,53.824802741378676
-68.85663914210505,53.824802741378676
-68.79867914210506,53.824802741378676
-68.74071914210505,53.824802741378676
-68.68275914210506,53.824802741378676
-68.62479914210505,53.824802741378676
-68.56683914210505,53.824802741378676
-68.50887914210506,53.824802741378676
-68.45091914210505,53.824802741378676
-68.39295914210506,53.824802741378676
-68.33499914210506,53.824802741378676
-68.27703914210505,53.824802741378676
-68.21907914210506,53.824802741378676
-68.16111914210505,53.824802741378676
-68.10315914210506,53.824802741378676
-68.04519914210505,53.824802741378676
-67.98723914210505,53.824802741378676
-67.92927914210506,53.824802741378676
-67.87131914210505,53.824802741378676
-67.81335914210506,53.824802741378676
-67.75539914210506,53.824802741378676
-67.69743914210505,53.824802741378676
-67.63947914210506,53.824802741378676
-67.58151914210505,53.824802741378676
-67.52355914210506,53.824802741378676
-67.46559914210505,53.824802741378676
-67.40763914210505,53.824802741378676
-67.34967914210506,53.824802741378676
-67.29171914210505,53.824802741378676
-67.23375914210506,53.824802741378676
-67.17579914210506,53.824802741378676
-67.11783914210505,53.824802741378676
-67.05987914210505,53.824802741378676
-67.00191914210505,53.824802741378676
-66.94395914210506,53.824802741378676
-66.88599914210505,53.824802741378676
-66.82803914210506,53.824802741378676
-66.77007914210506,53.824802741378676
-66.71211914210505,53.824802741378676
-66.65415914210506,53.824802741378676
-66.59619914210505,53.824802741378676
-66.53823914210506,53.824802741378676
-66.48027914210505,53.824802741378676
-66.42231914210505,53.824802741378676
-66.36435914210506,53.824802741378676
-66.30639914210505,53.824802741378676
-66.24843914210506,53.824802741378676
-66.19047914210506,53.824802741378676
-66.13251914210505,53.824802741378676
-66.07455914210506,53.824802741378676
-66.01659914210505,53.824802741378676
-65.95863914210506,53.824802741378676
-65.90067914210505,53.824802741378676
-65.84271914210505,53.824802741378676
-65.78475914210506,53.824802741378676
-65.72679914210505,53.824802741378676
-65.66883914210506,53.824802741378676
-65.61087914210506,53.824802741378676
-65.55291914210505,53.824802741378676
-65.49495914210506,53.824802741378676
-65.43699914210505,53.824802741378676
-65.37903914210506,53.824802741378676
-65.32107914210505,53.824802741378676
-65.26311914210505,53.824802741378676
-65.20515914210506,53.824802741378676
-65.14719914210505,53.824802741378676
-65.08923914210506,53.824802741378676
-65.03127914210506,53.824802741378676
-64.97331914210505,53.824802741378676
-64.91535914210505,53.824802741378676
-64.85739914210505,53.824802741378676
-64.79943914210506,53.824802741378676
-64.74147914210505,53.824802741378676
-64.68351914210506,53.824802741378676
-64.62555914210506,53.824802741378676
-64.56759914210505,53.824802741378676
-64.50963914210506,53.824802741378676
-64.45167914210505,53.824802741378676
-64.39371914210506,53.824802741378676
-64.33575914210505,53.824802741378676
-64.27779914210505,53.824802741378676
-64.21983914210506,53.824802741378676
-64.16187914210505,53.824802741378676
-64.10391914210506,53.824802741378676
-64.04595914210506,53.824802741378676
-63.98799914210505,53.824802741378676
-63.93003914210506,53.824802741378676
-63.87207914210505,53.824802741378676
-63.814119142105056,53.824802741378676
-63.756159142105055,53.824802741378676
-63.698199142105054,53.824802741378676
-63.64023914210506,53.824802741378676
-63.58227914210505,53.824802741378676
-63.52431914210506,53.824802741378676
-63.466359142105055,53.824802741378676
-63.408399142105054,53.824802741378676
-63.35043914210506,53.824802741378676
-63.29247914210505,53.824802741378676
-63.23451914210506,53.824802741378676
-63.176559142105056,53.824802741378676
-63.118599142105055,53.824802741378676
-63.06063914210505,53.824802741378676
-63.00267914210505,53.824802741378676
-62.94471914210506,53.824802741378676
-62.886759142105056,53.824802741378676
-62.828799142105055,53.824802741378676
-62.770839142105054,53.824802741378676
-62.71287914210505,53.824802741378676
-62.65491914210506,53.824802741378676
-62.59695914210506,53.824802741378676
-62.538999142105055,53.824802741378676
-62.481039142105054,53.824802741378676
-62.42307914210505,53.824802741378676
-62.36511914210506,53.824802741378676
-62.30715914210505,53.824802741378676
-62.249199142105056,53.824802741378676
-62.191239142105054,53.824802741378676
-62.13327914210505,53.824802741378676
-62.07531914210506,53.824802741378676
-62.01735914210505,53.824802741378676
-61.959399142105056,53.824802741378676
-61.901439142105055,53.824802741378676
-61.84347914210505,53.824802741378676
-61.78551914210506,53.824802741378676
-61.72755914210505,53.824802741378676
-61.669599142105056,53.824802741378676
-61.611639142105055,53.824802741378676
-61.553679142105054,53.824802741378676
-61.49571914210506,53.824802741378676
-61.43775914210505,53.824802741378676
-61.37979914210506,53.824802741378676
-61.321839142105055,53.824802741378676
-61.263879142105054,53.824802741378676
-61.20591914210506,53.824802741378676
-61.14795914210505,53.824802741378676
-61.08999914210506,53.824802741378676
-61.032039142105056,53.76684274137868
-60.974079142105055,53.76684274137868
-60.91611914210505,53.76684274137868
-60.85815914210505,53.76684274137868
-60.80019914210506,53.76684274137868
-60.742239142105056,53.76684274137868
-60.684279142105055,53.76684274137868
-60.626319142105054,53.76684274137868
-60.56835914210505,53.76684274137868
-60.51039914210506,53.76684274137868
-60.45243914210506,53.76684274137868
-60.394479142105055,53.76684274137868
-60.336519142105054,53.70888274137867
-60.27855914210505,53.70888274137867
-60.22059914210506,53.70888274137867
-60.16263914210505,53.70888274137867
-60.104679142105056,53.70888274137867
-60.046719142105054,53.70888274137867
-59.98875914210505,53.70888274137867
-59.93079914210506,53.70888274137867
-59.87283914210505,53.70888274137867
-59.814879142105056,53.70888274137867
-59.756919142105055,53.70888274137867
-59.69895914210505,53.70888274137867
-59.64099914210506,53.70888274137867
-59.58303914210505,53.70888274137867
-59.52507914210506,53.70888274137867
-59.467119142105055,53.65092274137868
-59.409159142105054,53.65092274137868
-59.35119914210506,53.65092274137868
-59.29323914210505,53.65092274137868
-59.23527914210506,53.65092274137868
-59.177319142105056,53.65092274137868
-59.119359142105054,53.65092274137868
-59.06139914210506,53.65092274137868
-59.00343914210505,53.65092274137868
-58.94547914210506,53.65092274137868
-58.887519142105056,53.592962741378685
-58.829559142105055,53.592962741378685
-58.77159914210506,53.592962741378685
-58.71363914210505,53.592962741378685
-58.65567914210506,53.592962741378685
-58.597719142105056,53.592962741378685
-58.539759142105055,53.592962741378685
-58.481799142105054,53.592962741378685
-58.42383914210505,53.592962741378685
-58.36587914210506,53.535002741378676
-58.30791914210506,53.535002741378676
-58.249959142105055,53.535002741378676
-58.191999142105054,53.535002741378676
-58.13403914210505,53.535002741378676
-58.07607914210506,53.535002741378676
-58.01811914210505,53.535002741378676
-57.960159142105056,53.535002741378676
-57.902199142105054,53.535002741378676
-57.84423914210505,53.535002741378676
-57.78627914210506,53.47704274137868
-57.72831914210505,53.47704274137868
-57.670359142105056,53.47704274137868
-57.612399142105055,53.47704274137868
-57.55443914210505,53.47704274137868
-57.49647914210506,53.47704274137868
-57.43851914210505,53.47704274137868
-57.38055914210506,53.47704274137868
-57.322599142105055,53.47704274137868
-57.264639142105054,53.47704274137868
-57.20667914210506,53.47704274137868
-57.14871914210505,53.41908274137867
-57.09075914210506,53.41908274137867
-57.032799142105056,53.41908274137867
-56.974839142105054,53.41908274137867
-56.91687914210506,53.41908274137867
-56.85891914210505,53.41908274137867
-56.80095914210506,53.41908274137867
-56.742999142105056,53.41908274137867
-56.685039142105055,53.36112274137868
-56.62707914210506,53.36112274137868
-56.56911914210505,53.36112274137868
-56.51115914210506,53.36112274137868
-56.453199142105056,53.36112274137868
-56.395239142105055,53.303162741378685
-56.337279142105054,53.303162741378685
-56.27931914210505,53.303162741378685
-56.22135914210506,53.303162741378685
-56.16339914210506,53.303162741378685
-56.105439142105055,53.303162741378685
-56.047479142105054,53.303162741378685
-55.98951914210505,53.24520274137868
-55.93155914210506,53.24520274137868
-55.87359914210505,53.24520274137868
-55.815639142105056,53.24520274137868
-55.757679142105054,53.24520274137868
-55.69971914210505,53.24520274137868
-55.64175914210506,53.24520274137868
-55.58379914210505,53.18724274137868
-55.525839142105056,53.18724274137868
-55.467879142105055,53.18724274137868
-55.40991914210505,53.18724274137868
-55.35195914210506,53.18724274137868
-55.29399914210505,53.18724274137868
-55.23603914210506,53.129282741378674
-55.178079142105055,53.129282741378674
-55.120119142105054,53.129282741378674
-55.06215914210506,53.129282741378674
-55.00419914210505,53.129282741378674
-54.94623914210506,53.07132274137868
-54.888279142105056,53.07132274137868
-54.830319142105054,53.07132274137868
-54.77235914210506,53.07132274137868
-54.71439914210505,53.07132274137868
-54.65643914210506,53.07132274137868
-54.598479142105056,53.013362741378685
-54.540519142105055,53.013362741378685
-54.48255914210506,53.013362741378685
-54.42459914210505,53.013362741378685
-54.36663914210506,53.013362741378685
-54.308679142105056,52.95540274137868
-54.250719142105055,52.95540274137868
-54.192759142105054,52.95540274137868
-54.13479914210505,52.95540274137868
-54.07683914210506,52.95540274137868
-54.01887914210506,52.89744274137868
-53.960919142105055,52.89744274137868
-53.902959142105054,52.89744274137868
-53.84499914210505,52.89744274137868
-53.78703914210506,52.89744274137868
-53.72907914210505,52.839482741378674
-53.671119142105056,52.839482741378674
-53.613159142105054,52.839482741378674
-53.55519914210505,52.839482741378674
-53.49723914210506,52.839482741378674
-53.43927914210505,52.78152274137868
-53.381319142105056,52.78152274137868
-53.323359142105055,52.78152274137868
-53.26539914210505,52.78152274137868
-53.20743914210506,52.78152274137868
-53.14947914210505,52.72356274137867
-53.09151914210506,52.72356274137867
-53.033559142105055,52.72356274137867
-52.975599142105054,52.72356274137867
-52.91763914210506,52.72356274137867
-52.85967914210505,52.66560274137868
-52.80171914210506,52.66560274137868
-52.743759142105056,52.66560274137868
-52.685799142105054,52.66560274137868
-52.62783914210505,52.66560274137868
-52.56987914210506,52.60764274137868
-52.51191914210506,52.60764274137868
-52.453959142105056,52.60764274137868
-52.395999142105055,52.60764274137868
-52.33803914210505,52.60764274137868
-52.28007914210505,52.549682741378675
-52.22211914210506,52.549682741378675
-52.164159142105056,52.549682741378675
-52.106199142105055,52.549682741378675
-52.048239142105054,52.549682741378675
-51.99027914210505,52.49172274137868
-51.93231914210506,52.49172274137868
-51.87435914210506,52.49172274137868
-51.816399142105055,52.49172274137868
-51.758439142105054,52.49172274137868
-51.70047914210505,52.43376274137867
-51.64251914210506,52.43376274137867
-51.58455914210506,52.43376274137867
-51.526599142105056,52.43376274137867
-51.468639142105054,52.43376274137867
-51.41067914210505,52.37580274137868
-51.35271914210506,52.37580274137868
-51.29475914210506,52.37580274137868
-51.236799142105056,52.37580274137868
-51.178839142105055,52.37580274137868
-51.12087914210505,52.31784274137868
-51.06291914210505,52.31784274137868
-51.00495914210506,52.31784274137868
-50.94699914210506,52.31784274137868
-50.889039142105055,52.31784274137868
-50.831079142105054,52.259882741378675
-50.77311914210505,52.259882741378675
-50.71515914210506,52.259882741378675
-50.65719914210506,52.259882741378675
-50.599239142105056,52.259882741378675
-50.541279142105054,52.20192274137868
-50.48331914210505,52.20192274137868
-50.42535914210506,52.20192274137868
-50.36739914210506,52.20192274137868
-50.309439142105056,52.20192274137868
-50.251479142105055,52.14396274137867
-50.19351914210505,52.14396274137867
-50.13555914210505,52.14396274137867
-50.07759914210506,52.14396274137867
-50.019639142105056,52.14396274137867
-49.961679142105055,52.08600274137868
-49.903719142105054,52.08600274137868
-49.84575914210505,52.08600274137868
-49.78779914210506,52.08600274137868
-49.72983914210506,52.08600274137868
-49.671879142105055,52.028042741378684
-49.613919142105054,52.028042741378684
-49.55595914210505,52.028042741378684
-49.49799914210506,52.028042741378684
-49.44003914210506,52.028042741378684
-49.382079142105056,51.970082741378675
-49.324119142105054,51.970082741378675
-49.26615914210505,51.970082741378675
-49.20819914210506,51.970082741378675
-49.15023914210506,51.970082741378675
-49.092279142105056,51.91212274137868
-49.034319142105055,51.91212274137868
-48.97635914210505,51.91212274137868
-48.91839914210505,51.91212274137868
-48.86043914210506,51.91212274137868
-48.80247914210506,51.85416274137867
-48.744519142105055,51.85416274137867
-48.686559142105054,51.85416274137867
-48.62859914210505,51.85416274137867
-48.57063914210506,51.85416274137867
-48.51267914210506,51.79620274137868
-48.454719142105056,51.79620274137868
-48.396759142105054,51.79620274137868
-48.33879914210505,51.79620274137868
-48.28083914210506,51.79620274137868
-48.22287914210506,51.738242741378684
-48.164919142105056,51.738242741378684
-48.106959142105055,51.738242741378684
-48.04899914210505,51.738242741378684
-47.99103914210505,51.738242741378684
-47.93307914210506,51.680282741378676
-47.875119142105056,51.680282741378676
-47.817159142105055,51.680282741378676
-47.759199142105054,51.680282741378676
-47.70123914210505,51.680282741378676
-47.64327914210506,51.62232274137868
-47.58531914210506,51.62232274137868
-47.527359142105055,51.62232274137868
-47.469399142105054,51.62232274137868
-47.41143914210505,51.62232274137868
-47.35347914210506,51.62232274137868
-47.29551914210506,51.56436274137867
-47.237559142105056,51.56436274137867
-47.179599142105054,51.56436274137867
-47.12163914210505,51.56436274137867
-47.06367914210506,51.56436274137867
-47.00571914210506,51.50640274137868
-46.947759142105056,51.50640274137868
-46.889799142105055,51.50640274137868
-46.83183914210505,51.50640274137868
-46.77387914210505,51.50640274137868
-46.71591914210506,51.448442741378685
-46.65795914210506,51.448442741378685
-46.599999142105055,51.448442741378685
-46.542039142105054,51.448442741378685
-46.48407914210505,51.448442741378685
-46.42611914210506,51.390482741378676
-46.36815914210506,51.390482741378676
-46.310199142105056,51.390482741378676
-46.252239142105054,51.390482741378676
-46.19427914210505,51.390482741378676
-46.13631914210506,51.33252274137868
-46.07835914210506,51.33252274137868
-46.020399142105056,51.33252274137868
-45.962439142105055,51.33252274137868
-45.90447914210505,51.33252274137868
-45.84651914210506,51.27456274137867
-45.78855914210506,51.27456274137867
-45.730599142105056,51.27456274137867
-45.672639142105055,51.27456274137867
-45.614679142105054,51.27456274137867
-45.55671914210505,51.21660274137868
-45.49875914210506,51.21660274137868
-45.44079914210506,51.21660274137868
-45.382839142105055,51.21660274137868
-45.324879142105054,51.21660274137868
-45.26691914210505,51.158642741378685
-45.20895914210506,51.158642741378685
-45.15099914210506,51.158642741378685
-45.093039142105056,51.158642741378685
-45.035079142105054,51.158642741378685
-44.97711914210505,51.10068274137868
-44.91915914210506,51.10068274137868
-44.86119914210506,51.10068274137868
-44.803239142105056,51.10068274137868
-44.745279142105055,51.10068274137868
-44.68731914210505,51.04272274137868
-44.62935914210505,51.04272274137868
-44.57139914210506,51.04272274137868
-44.51343914210506,51.04272274137868
-44.455479142105055,51.04272274137868
-44.397519142105054,50.984762741378674
-44.33955914210505,50.984762741378674
-44.28159914210506,50.984762741378674
-44.22363914210506,50.984762741378674
-44.165679142105056,50.984762741378674
-44.107719142105054,50.92680274137868
-44.04975914210505,50.92680274137868
-43.99179914210506,50.92680274137868
-43.93383914210506,50.92680274137868
-43.875879142105056,50.92680274137868
-43.817919142105055,50.868842741378685
-43.75995914210505,50.868842741378685
-43.70199914210506,50.868842741378685
-43.64403914210506,50.868842741378685
-43.586079142105056,50.868842741378685
-43.528119142105055,50.81088274137868
-43.470159142105054,50.81088274137868
-43.41219914210505,50.81088274137868
-43.35423914210506,50.81088274137868
-43.29627914210506,50.81088274137868
-43.238319142105055,50.81088274137868
-43.180359142105054,50.75292274137868
-43.12239914210505,50.75292274137868
-43.06443914210506,50.75292274137868
-43.00647914210506,50.75292274137868
-42.948519142105056,50.75292274137868
-42.890559142105054,50.694962741378674
-42.83259914210505,50.694962741378674
-42.77463914210506,50.694962741378674
-42.71667914210506,50.694962741378674
-42.658719142105056,50.694962741378674
-42.600759142105055,50.63700274137868
-42.54279914210505,50.63700274137868
-42.48483914210505,50.63700274137868
-42.42687914210506,50.63700274137868
-42.36891914210506,50.63700274137868
-42.310959142105055,50.579042741378686
-42.252999142105054,50.579042741378686
-42.19503914210505,50.579042741378686
-42.13707914210506,50.579042741378686
-42.07911914210506,50.579042741378686
-42.021159142105056,50.52108274137868
-41.963199142105054,50.52108274137868
-41.90523914210505,50.52108274137868
-41.84727914210506,50.52108274137868
-41.78931914210506,50.52108274137868
-41.731359142105056,50.46312274137868
-41.673399142105055,50.46312274137868
-41.61543914210505,50.46312274137868
-41.55747914210506,50.46312274137868
-41.49951914210506,50.46312274137868
-41.441559142105056,50.405162741378675
-41.383599142105055,50.405162741378675
-41.325639142105054,50.405162741378675
-41.26767914210505,50.405162741378675
-41.20971914210506,50.405162741378675
-41.15175914210506,50.405162741378675
-41.093799142105055,50.34720274137868
-41.035839142105054,50.34720274137868
-40.97787914210505,50.34720274137868
-40.91991914210506,50.34720274137868
-40.86195914210506,50.34720274137868
-40.803999142105056,50.28924274137867
-40.746039142105055,50.28924274137867
-40.68807914210505,50.28924274137867
-40.63011914210506,50.28924274137867
-40.57215914210506,50.28924274137867
-40.514199142105056,50.23128274137868
-40.456239142105055,50.23128274137868
-40.39827914210505,50.23128274137868
-40.34031914210506,50.23128274137868
-40.28235914210506,50.23128274137868
-40.22439914210506,50.17332274137868
-40.166439142105055,50.17332274137868
-40.108479142105054,50.17332274137868
-40.05051914210505,50.17332274137868
-39.99255914210506,50.17332274137868
-39.93459914210506,50.115362741378675
-39.876639142105056,50.115362741378675
-39.818679142105054,50.115362741378675
-39.76071914210505,50.115362741378675
-39.70275914210506,50.115362741378675
-39.64479914210506,50.05740274137868
-39.586839142105056,50.05740274137868
-39.528879142105055,50.05740274137868
-39.47091914210505,50.05740274137868
-39.41295914210506,50.05740274137868
-39.35499914210506,49.99944274137867
-39.297039142105056,49.99944274137867
-39.239079142105055,49.99944274137867
-39.181119142105054,49.99944274137867
-39.12315914210505,49.99944274137867
-39.06519914210506,49.99944274137867
-39.00723914210506,49.94148274137868
-38.949279142105055,49.94148274137868
-38.891319142105054,49.94148274137868
-38.83335914210505,49.94148274137868
-38.77539914210506,49.94148274137868
-38.71743914210506,49.883522741378684
-38.659479142105056,49.883522741378684
-38.601519142105055,49.883522741378684
-38.54355914210505,49.883522741378684
-38.48559914210506,49.883522741378684
-38.42763914210506,49.825562741378675
-38.369679142105056,49.825562741378675
-38.311719142105055,49.825562741378675
-38.253759142105054,49.825562741378675
-38.19579914210506,49.825562741378675
-38.13783914210506,49.76760274137868
-38.07987914210506,49.76760274137868
-38.021919142105055,49.76760274137868
-37.963959142105054,49.76760274137868
-37.90599914210505,49.76760274137868
-37.84803914210506,49.70964274137867
-37.79007914210506,49.70964274137867
-37.732119142105056,49.70964274137867
-37.674159142105054,49.70964274137867
-37.61619914210505,49.70964274137867
-37.55823914210506,49.70964274137867
-37.50027914210506,49.65168274137868
-37.442319142105056,49.65168274137868
-37.384359142105055,49.65168274137868
-37.32639914210505,49.65168274137868
-37.26843914210506,49.65168274137868
-37.21047914210506,49.593722741378684
-37.15251914210506,49.593722741378684
-37.094559142105055,49.593722741378684
-37.036599142105054,49.593722741378684
-36.97863914210505,49.593722741378684
-36.92067914210506,49.535762741378676
-36.86271914210506,49.535762741378676
-36.804759142105056,49.535762741378676
-36.746799142105054,49.535762741378676
-36.68883914210505,49.535762741378676
-36.63087914210506,49.47780274137868
-36.57291914210506,49.47780274137868
-36.514959142105056,49.47780274137868
-36.456999142105055,49.47780274137868
-36.39903914210505,49.47780274137868
-36.34107914210506,49.41984274137867
-36.28311914210506,49.41984274137867
-36.225159142105056,49.41984274137867
-36.167199142105055,49.41984274137867
-36.109239142105054,49.41984274137867
-36.05127914210506,49.41984274137867
-35.99331914210506,49.36188274137868
-35.93535914210506,49.36188274137868
-35.877399142105055,49.36188274137868
-35.819439142105054,49.36188274137868
-35.76147914210505,49.36188274137868
-35.70351914210506,49.303922741378685
-35.64555914210506,49.303922741378685
-35.587599142105056,49.303922741378685
-35.529639142105054,49.303922741378685
-35.47167914210505,49.303922741378685
-35.41371914210506,49.303922741378685
-35.35575914210506,49.245962741378676
-35.297799142105056,49.245962741378676
-35.239839142105055,49.245962741378676
-35.18187914210505,49.245962741378676
-35.12391914210506,49.245962741378676
-35.06595914210506,49.245962741378676
-35.00799914210506,49.18800274137868
-34.950039142105055,49.18800274137868
-34.892079142105054,49.18800274137868
-34.83411914210505,49.18800274137868
-34.77615914210506,49.18800274137868
-34.71819914210506,49.18800274137868
-34.660239142105056,49.130042741378674
-34.602279142105054,49.130042741378674
-34.54431914210505,49.130042741378674
-34.48635914210506,49.130042741378674
-34.42839914210506,49.130042741378674
-34.370439142105056,49.130042741378674
-34.312479142105055,49.130042741378674
-34.25451914210505,49.07208274137868
-34.19655914210506,49.07208274137868
-34.13859914210506,49.07208274137868
-34.080639142105056,49.07208274137868
-34.022679142105055,49.07208274137868
-33.964719142105054,49.07208274137868
-33.90675914210506,49.014122741378685
-33.84879914210506,49.014122741378685
-33.79083914210506,49.014122741378685
-33.732879142105055,49.014122741378685
-33.674919142105054,49.014122741378685
-33.61695914210505,49.014122741378685
-33.55899914210506,49.014122741378685
-33.50103914210506,49.014122741378685
-33.443079142105056,48.95616274137868
-33.385119142105054,48.95616274137868
-33.32715914210505,48.95616274137868
-33.26919914210506,48.95616274137868
-33.21123914210506,48.95616274137868
-33.153279142105056,48.95616274137868
-33.095319142105055,48.95616274137868
-33.03735914210505,48.95616274137868
-32.97939914210506,48.89820274137868
-32.92143914210506,48.89820274137868
-32.86347914210506,48.89820274137868
-32.805519142105055,48.89820274137868
-32.747559142105054,48.89820274137868
-32.68959914210506,48.89820274137868
-32.63163914210506,48.89820274137868
-32.57367914210506,48.89820274137868
-32.515719142105056,48.89820274137868
-32.457759142105054,48.840242741378674
-32.39979914210505,48.840242741378674
-32.34183914210506,48.840242741378674
-32.28387914210506,48.840242741378674
-32.225919142105056,48.840242741378674
-32.167959142105055,48.840242741378674
-32.10999914210505,48.840242741378674
-32.05203914210506,48.840242741378674
-31.994079142105058,48.840242741378674
-31.936119142105056,48.78228274137868
-31.878159142105055,48.78228274137868
-31.820199142105054,48.78228274137868
-31.76223914210506,48.78228274137868
-31.704279142105058,48.78228274137868
-31.646319142105057,48.78228274137868
-31.588359142105055,48.78228274137868
-31.530399142105054,48.78228274137868
-31.472439142105053,48.78228274137868
-31.41447914210506,48.724322741378685
-31.356519142105057,48.724322741378685
-31.298559142105056,48.724322741378685
-31.240599142105054,48.724322741378685
-31.182639142105053,48.724322741378685
-31.12467914210506,48.724322741378685
-31.066719142105057,48.724322741378685
-31.008759142105056,48.724322741378685
-30.950799142105055,48.724322741378685
-30.892839142105053,48.66636274137868
-30.83487914210506,48.66636274137868
-30.776919142105058,48.66636274137868
-30.718959142105057,48.66636274137868
-30.660999142105055,48.66636274137868
-30.603039142105054,48.66636274137868
-30.54507914210506,48.66636274137868
-30.48711914210506,48.66636274137868
-30.429159142105057,48.66636274137868
-30.371199142105056,48.60840274137868
-30.313239142105054,48.60840274137868
-30.255279142105053,48.60840274137868
-30.19731914210506,48.60840274137868
-30.139359142105057,48.60840274137868
-30.081399142105056,48.60840274137868
-30.023439142105055,48.60840274137868
-29.965479142105053,48.60840274137868
-29.90751914210506,48.60840274137868
-29.849559142105058,48.60840274137868
-29.791599142105056,48.60840274137868
-29.733639142105055,48.550442741378674
-29.675679142105054,48.550442741378674
-29.61771914210506,48.550442741378674
-29.559759142105058,48.550442741378674
-29.501799142105057,48.550442741378674
-29.443839142105055,48.550442741378674
-29.385879142105054,48.550442741378674
-29.327919142105053,48.550442741378674
-29.26995914210506,48.550442741378674
-29.211999142105057,48.550442741378674
-29.154039142105056,48.550442741378674
-29.096079142105054,48.550442741378674
-29.038119142105053,48.550442741378674
-28.98015914210506,48.550442741378674
-28.922199142105057,48.550442741378674
-28.864239142105056,48.550442741378674
-28.806279142105055,48.49248274137868
-28.748319142105053,48.49248274137868
-28.69035914210506,48.49248274137868
-28.632399142105058,48.49248274137868
-28.574439142105057,48.49248274137868
-28.516479142105055,48.49248274137868
-28.458519142105054,48.49248274137868
-28.40055914210506,48.49248274137868
-28.34259914210506,48.49248274137868
-28.284639142105057,48.49248274137868
-28.226679142105056,48.49248274137868
-28.168719142105054,48.49248274137868
-28.110759142105053,48.49248274137868
-28.05279914210506,48.49248274137868
-27.994839142105057,48.49248274137868
-27.936879142105056,48.49248274137868
-27.878919142105055,48.49248274137868
-27.820959142105053,48.49248274137868
-27.76299914210506,48.49248274137868
-27.705039142105058,48.49248274137868
-27.647079142105056,48.49248274137868
-27.589119142105055,48.434522741378686
-27.531159142105054,48.434522741378686
-27.47319914210506,48.434522741378686
-27.415239142105058,48.434522741378686
-27.357279142105057,48.434522741378686
-27.299319142105055,48.434522741378686
-27.241359142105054,48.434522741378686
-27.18339914210506,48.434522741378686
-27.12543914210506,48.434522741378686
-27.067479142105057,48.434522741378686
-27.009519142105056,48.434522741378686
-26.951559142105054,48.434522741378686
-26.893599142105053,48.434522741378686
-26.83563914210506,48.434522741378686
-26.777679142105058,48.434522741378686
-26.719719142105056,48.434522741378686
-26.661759142105055,48.434522741378686
-26.603799142105053,48.434522741378686
-26.54583914210506,48.434522741378686
-26.487879142105058,48.434522741378686
-26.429919142105057,48.434522741378686
-26.371959142105055,48.434522741378686
-26.313999142105054,48.434522741378686
-26.25603914210506,48.434522741378686
-26.19807914210506,48.434522741378686
-26.140119142105057,48.37656274137868
-26.082159142105056,48.37656274137868
-26.024199142105054,48.37656274137868
-25.966239142105053,48.37656274137868
-25.90827914210506,48.37656274137868
-25.850319142105057,48.37656274137868
-25.792359142105056,48.37656274137868
-25.734399142105055,48.37656274137868
-25.676439142105053,48.37656274137868
-25.61847914210506,48.37656274137868
-25.560519142105058,48.37656274137868
-25.502559142105056,48.37656274137868
-25.444599142105055,48.37656274137868
-25.386639142105054,48.37656274137868
-25.32867914210506,48.37656274137868
-25.270719142105058,48.37656274137868
-25.212759142105057,48.37656274137868
-25.154799142105055,48.37656274137868
-25.096839142105054,48.37656274137868
-25.03887914210506,48.37656274137868
-24.98091914210506,48.37656274137868
-24.922959142105057,48.37656274137868
-24.864999142105056,48.37656274137868
-24.807039142105054,48.37656274137868
-24.749079142105053,48.37656274137868
-24.69111914210506,48.31860274137868
-24.633159142105058,48.31860274137868
-24.575199142105056,48.31860274137868
-24.517239142105055,48.31860274137868
-24.459279142105053,48.31860274137868
-24.40131914210506,48.31860274137868
-24.343359142105058,48.31860274137868
-24.285399142105057,48.31860274137868
-24.227439142105055,48.31860274137868
-24.169479142105054,48.31860274137868
-24.11151914210506,48.31860274137868
-24.05355914210506,48.31860274137868
-23.995599142105057,48.31860274137868
-23.937639142105056,48.31860274137868
-23.879679142105054,48.31860274137868
-23.821719142105053,48.31860274137868
-23.76375914210506,48.31860274137868
-23.705799142105057,48.31860274137868
-23.647839142105056,48.31860274137868
-23.589879142105055,48.31860274137868
-23.531919142105053,48.31860274137868
-23.47395914210506,48.31860274137868
-23.415999142105058,48.31860274137868
-23.358039142105056,48.31860274137868
-23.300079142105055,48.31860274137868
-23.242119142105054,48.31860274137868
-23.18415914210506,48.31860274137868
-23.126199142105058,48.260642741378675
-23.068239142105057,48.260642741378675
-23.010279142105055,48.260642741378675
-22.952319142105054,48.260642741378675
-22.89435914210506,48.260642741378675
-22.83639914210506,48.260642741378675
-22.778439142105057,48.260642741378675
-22.720479142105056,48.260642741378675
-22.662519142105054,48.260642741378675
-22.604559142105053,48.260642741378675
-22.54659914210506,48.260642741378675
-22.488639142105058,48.260642741378675
-22.430679142105056,48.260642741378675
-22.372719142105055,48.260642741378675
-22.314759142105054,48.260642741378675
-22.25679914210506,48.260642741378675
-22.198839142105058,48.260642741378675
-22.140879142105057,48.260642741378675
-22.082919142105055,48.260642741378675
-22.024959142105054,48.260642741378675
-21.96699914210506,48.260642741378675
-21.90903914210506,48.260642741378675
-21.851079142105057,48.260642741378675
-21.793119142105056,48.260642741378675
-21.735159142105054,48.20268274137868
-21.67719914210506,48.20268274137868
-21.61923914210506,48.20268274137868
-21.561279142105057,48.20268274137868
-21.503319142105056,48.20268274137868
-21.445359142105055,48.20268274137868
-21.387399142105053,48.20268274137868
-21.32943914210506,48.20268274137868
-21.271479142105058,48.20268274137868
-21.213519142105056,48.20268274137868
-21.155559142105055,48.20268274137868
-21.097599142105054,48.20268274137868
-21.03963914210506,48.20268274137868
-20.981679142105058,48.20268274137868
-20.923719142105057,48.20268274137868
-20.865759142105055,48.20268274137868
-20.807799142105054,48.20268274137868
-20.74983914210506,48.20268274137868
-20.69187914210505,48.20268274137868
-20.633919142105057,48.20268274137868
-20.575959142105063,48.20268274137868
-20.517999142105054,48.20268274137868
-20.46003914210506,48.14472274137867
-20.402079142105052,48.14472274137867
-20.344119142105058,48.14472274137867
-20.286159142105063,48.14472274137867
-20.228199142105055,48.14472274137867
-20.17023914210506,48.14472274137867
-20.112279142105052,48.14472274137867
-20.054319142105058,48.14472274137867
-19.99635914210505,48.14472274137867
-19.938399142105055,48.14472274137867
-19.88043914210506,48.14472274137867
-19.822479142105053,48.14472274137867
-19.76451914210506,48.14472274137867
-19.70655914210505,48.14472274137867
-19.648599142105056,48.14472274137867
-19.59063914210506,48.14472274137867
-19.532679142105053,48.14472274137867
-19.47471914210506,48.14472274137867
-19.41675914210505,48.14472274137867
-19.358799142105056,48.14472274137867
-19.300839142105062,48.14472274137867
-19.242879142105053,48.08676274137868
-19.18491914210506,48.08676274137868
-19.12695914210505,48.08676274137868
-19.068999142105056,48.08676274137868
-19.011039142105062,48.08676274137868
-18.953079142105054,48.08676274137868
-18.89511914210506,48.08676274137868
-18.83715914210505,48.08676274137868
-18.779199142105057,48.08676274137868
-18.721239142105063,48.08676274137868
-18.663279142105054,48.08676274137868
-18.60531914210506,48.08676274137868
-18.54735914210505,48.08676274137868
-18.489399142105057,48.08676274137868
-18.431439142105063,48.08676274137868
-18.373479142105055,48.08676274137868
-18.31551914210506,48.08676274137868
-18.257559142105052,48.08676274137868
-18.199599142105058,48.08676274137868
-18.141639142105063,48.08676274137868
-18.083679142105055,48.08676274137868
-18.02571914210506,48.08676274137868
-17.967759142105052,48.02880274137868
-17.909799142105058,48.02880274137868
-17.851839142105064,48.02880274137868
-17.793879142105055,48.02880274137868
-17.73591914210506,48.02880274137868
-17.677959142105053,48.02880274137868
-17.61999914210506,48.02880274137868
-17.56203914210505,48.02880274137868
-17.504079142105056,48.02880274137868
-17.44611914210506,48.02880274137868
-17.388159142105053,48.02880274137868
-17.33019914210506,48.02880274137868
-17.27223914210505,48.02880274137868
-17.214279142105056,48.02880274137868
-17.156319142105062,48.02880274137868
-17.098359142105053,48.02880274137868
-17.04039914210506,48.02880274137868
-16.98243914210505,48.02880274137868
-16.924479142105056,48.02880274137868
-16.866519142105062,48.02880274137868
-16.808559142105054,48.02880274137868
-16.75059914210506,48.02880274137868
-16.69263914210505,47.970842741378675
-16.634679142105057,47.970842741378675
-16.576719142105063,47.970842741378675
-16.518759142105054,47.970842741378675
-16.46079914210506,47.970842741378675
-16.40283914210505,47.970842741378675
-16.344879142105057,47.970842741378675
-16.286919142105063,47.970842741378675
-16.228959142105055,47.970842741378675
-16.17099914210506,47.970842741378675
-16.113039142105052,47.970842741378675
-16.055079142105058,47.970842741378675
-15.997119142105063,47.970842741378675
-15.939159142105055,47.970842741378675
-15.88119914210506,47.970842741378675
-15.823239142105052,47.970842741378675
-15.765279142105058,47.970842741378675
-15.707319142105064,47.970842741378675
-15.649359142105055,47.970842741378675
-15.591399142105061,47.970842741378675
-15.533439142105053,47.970842741378675
-15.475479142105058,47.970842741378675
-15.41751914210505,47.970842741378675
-15.359559142105056,47.970842741378675
-15.301599142105061,47.91288274137868
-15.243639142105053,47.91288274137868
-15.185679142105059,47.91288274137868
-15.12771914210505,47.91288274137868
-15.069759142105056,47.91288274137868
-15.011799142105062,47.91288274137868
-14.953839142105053,47.91288274137868
-14.89587914210506,47.91288274137868
-14.83791914210505,47.91288274137868
-14.779959142105056,47.85492274137867
-14.721999142105062,47.85492274137867
-14.664039142105054,47.85492274137867
-14.60607914210506,47.85492274137867
-14.548119142105051,47.85492274137867
-14.490159142105057,47.85492274137867
-14.432199142105063,47.85492274137867
-14.374239142105054,47.85492274137867
-14.31627914210506,47.85492274137867
-14.258319142105051,47.85492274137867
-14.200359142105057,47.79696274137868
-14.142399142105063,47.79696274137868
-14.084439142105055,47.79696274137868
-14.02647914210506,47.79696274137868
-13.968519142105052,47.79696274137868
-13.910559142105058,47.79696274137868
-13.852599142105063,47.739002741378684
-13.794639142105055,47.739002741378684
-13.73667914210506,47.739002741378684
-13.678719142105052,47.681042741378675
-13.620759142105058,47.681042741378675
-13.562799142105064,47.681042741378675
-13.504839142105055,47.681042741378675
-13.446879142105061,47.62308274137868
-13.388919142105053,47.62308274137868
-13.330959142105058,47.56512274137867
-13.27299914210505,47.56512274137867
-13.215039142105056,47.56512274137867
-13.157079142105061,47.50716274137868
-13.099119142105053,47.50716274137868
-13.041159142105059,47.449202741378684
-12.98319914210505,47.449202741378684
-12.925239142105056,47.391242741378676
-12.867279142105062,47.33328274137868
-12.809319142105053,47.33328274137868
-12.75135914210506,47.27532274137867
-12.69339914210505,47.21736274137868
-12.635439142105056,47.159402741378685
-12.577479142105062,47.101442741378676
-12.577479142105062,47.04348274137868
-12.519519142105054,46.985522741378674
-12.519519142105054,46.92756274137868
-12.519519142105054,46.869602741378685
-12.46155914210506,46.81164274137868
-12.46155914210506,46.75368274137868
-12.46155914210506,46.695722741378674
-12.46155914210506,46.63776274137868
-12.403599142105051,46.579802741378685
-12.403599142105051,46.52184274137868
-12.403599142105051,46.46388274137868
-12.403599142105051,46.405922741378674
-12.345639142105057,46.34796274137868
-12.345639142105057,46.290002741378686
-12.345639142105057,46.23204274137868
-12.345639142105057,46.17408274137868
-12.345639142105057,46.116122741378675
-12.287679142105063,46.05816274137868
-12.287679142105063,46.00020274137867
-12.287679142105063,45.94224274137868
-12.287679142105063,45.884282741378684
-12.345639142105057,45.826322741378675
-12.345639142105057,45.76836274137868
-12.345639142105057,45.71040274137867
-12.345639142105057,45.65244274137868
-12.345639142105057,45.594482741378684
-12.345639142105057,45.536522741378676
-12.345639142105057,45.47856274137868
-12.403599142105051,45.42060274137867
-12.403599142105051,45.36264274137868
-12.403599142105051,45.304682741378684
-12.403599142105051,45.246722741378676
-12.403599142105051,45.18876274137868
-12.46155914210506,45.13080274137867
-12.46155914210506,45.07284274137868
-12.46155914210506,45.014882741378685
-12.46155914210506,44.956922741378676
-12.46155914210506,44.89896274137868
-12.519519142105054,44.841002741378674
-12.519519142105054,44.78304274137868
-12.577479142105062,44.725082741378685
-12.577479142105062,44.66712274137868
-12.635439142105056,44.60916274137868
-12.635439142105056,44.551202741378674
-12.69339914210505,44.49324274137868
-12.69339914210505,44.435282741378686
-12.75135914210506,44.37732274137868
-12.75135914210506,44.31936274137868
-12.809319142105053,44.261402741378674
-12.809319142105053,44.20344274137868
-12.867279142105062,44.145482741378686
-12.867279142105062,44.08752274137868
-12.925239142105056,44.02956274137868
-12.925239142105056,43.971602741378675
-12.98319914210505,43.91364274137868
-13.041159142105059,43.85568274137867
-13.041159142105059,43.79772274137868
-13.099119142105053,43.739762741378684
-13.157079142105061,43.681802741378675
-13.157079142105061,43.62384274137868
-13.215039142105056,43.56588274137867
-13.215039142105056,43.50792274137868
-13.27299914210505,43.449962741378684
-13.330959142105058,43.392002741378676
-13.330959142105058,43.33404274137868
-13.388919142105053,43.27608274137867
-13.446879142105061,43.21812274137868
-13.446879142105061,43.160162741378684
-13.504839142105055,43.102202741378676
-13.562799142105064,43.04424274137868
-13.562799142105064,42.98628274137867
-13.620759142105058,42.92832274137868
-13.678719142105052,42.870362741378685
-13.73667914210506,42.812402741378676
-13.73667914210506,42.75444274137868
-13.794639142105055,42.696482741378674
-13.852599142105063,42.63852274137868
-13.910559142105058,42.580562741378685
-13.910559142105058,42.52260274137868
-13.968519142105052,42.46464274137868
-14.02647914210506,42.406682741378674
-14.02647914210506,42.34872274137868
-14.084439142105055,42.290762741378686
-14.142399142105063,42.23280274137868
-14.200359142105057,42.17484274137868
-14.258319142105051,42.116882741378674
-14.258319142105051,42.05892274137868
-14.31627914210506,42.000962741378686
-14.374239142105054,41.94300274137868
-14.374239142105054,41.88504274137868
-14.432199142105063,41.827082741378675
-14.490159142105057,41.76912274137868
-14.548119142105051,41.71116274137867
-14.548119142105051,41.65320274137868
-14.60607914210506,41.595242741378684
-14.664039142105054,41.537282741378675
-14.721999142105062,41.47932274137868
-14.779959142105056,41.42136274137867
-14.83791914210505,41.36340274137868
-14.83791914210505,41.305442741378684
-14.89587914210506,41.247482741378676
-14.953839142105053,41.247482741378676
-15.011799142105062,41.18952274137868
-15.011799142105062,41.13156274137867
-15.069759142105056,41.07360274137868
-15.069759142105056,41.015642741378684
-15.12771914210505,40.957682741378676
-15.185679142105059,40.89972274137868
-15.243639142105053,40.84176274137867
-15.301599142105061,40.78380274137868
-15.359559142105056,40.725842741378685
-15.41751914210505,40.667882741378676
-15.475479142105058,40.60992274137868
-15.533439142105053,40.551962741378674
-15.533439142105053,40.49400274137868
-15.591399142105061,40.436042741378685
-15.649359142105055,40.37808274137868
-15.707319142105064,40.37808274137868
-15.765279142105058,40.32012274137868
-15.765279142105058,40.262162741378674
-15.823239142105052,40.20420274137868
-15.88119914210506,40.146242741378686
-15.939159142105055,40.146242741378686
-15.997119142105063,40.08828274137868
-15.997119142105063,40.03032274137868
-16.055079142105058,39.972362741378674
-16.113039142105052,39.91440274137868
-16.17099914210506,39.91440274137868
-16.228959142105055,39.856442741378686
-16.228959142105055,39.79848274137868
-16.286919142105063,39.74052274137868
-16.344879142105057,39.74052274137868
-16.40283914210505,39.682562741378675
-16.40283914210505,39.62460274137868
-16.46079914210506,39.566642741378686
-16.518759142105054,39.566642741378686
-16.576719142105063,39.50868274137868
-16.634679142105057,39.450722741378684
-16.69263914210505,39.392762741378675
-16.75059914210506,39.33480274137868
-16.808559142105054,39.27684274137867
-16.866519142105062,39.21888274137868
-16.924479142105056,39.21888274137868
-16.98243914210505,39.160922741378684
-17.04039914210506,39.102962741378676
-17.098359142105053,39.04500274137868
-17.156319142105062,39.04500274137868
-17.214279142105056,38.98704274137867
-17.27223914210505,38.92908274137868
-17.33019914210506,38.871122741378684
-17.388159142105053,38.813162741378676
-17.44611914210506,38.813162741378676
-17.504079142105056,38.75520274137868
-17.56203914210505,38.69724274137867
-17.61999914210506,38.63928274137868
-17.677959142105053,38.63928274137868
-17.73591914210506,38.581322741378685
-17.793879142105055,38.523362741378676
-17.851839142105064,38.523362741378676
-17.909799142105058,38.46540274137868
-17.967759142105052,38.407442741378674
-18.02571914210506,38.407442741378674
-18.083679142105055,38.34948274137868
-18.141639142105063,38.291522741378685
-18.199599142105058,38.291522741378685
-18.257559142105052,38.23356274137868
-18.31551914210506,38.23356274137868
-18.373479142105055,38.17560274137868
-18.431439142105063,38.117642741378674
-18.489399142105057,38.117642741378674
-18.54735914210505,38.05968274137868
-18.60531914210506,38.001722741378686
-18.663279142105054,38.001722741378686
-18.721239142105063,38.001722741378686
-18.779199142105057,37.94376274137868
-18.83715914210505,37.88580274137868
-18.89511914210506,37.827842741378674
-18.953079142105054,37.827842741378674
-19.011039142105062,37.76988274137868
-19.068999142105056,37.76988274137868
-19.12695914210505,37.711922741378686
-19.18491914210506,37.711922741378686
-19.242879142105053,37.711922741378686
-19.300839142105062,37.65396274137868
-19.358799142105056,37.59600274137868
-19.41675914210505,37.59600274137868
-19.47471914210506,37.538042741378675
-19.532679142105053,37.538042741378675
-19.59063914210506,37.48008274137868
-19.648599142105056,37.48008274137868
-19.70655914210505,37.422122741378686
-19.76451914210506,37.422122741378686
-19.822479142105053,37.36416274137868
-19.88043914210506,37.36416274137868
-19.938399142105055,37.306202741378684
-19.99635914210505,37.306202741378684
-20.054319142105058,37.248242741378675
-20.112279142105052,37.248242741378675
-20.17023914210506,37.19028274137868
-20.228199142105055,37.19028274137868
-20.286159142105063,37.13232274137867
-20.344119142105058,37.13232274137867
-20.402079142105052,37.13232274137867
-20.46003914210506,37.07436274137868
-20.517999142105054,37.07436274137868
-20.575959142105063,37.016402741378684
-20.633919142105057,37.016402741378684
-20.69187914210505,36.958442741378676
-20.74983914210506,36.958442741378676
-20.807799142105054,36.90048274137868
-20.865759142105055,36.90048274137868
-20.923719142105057,36.90048274137868
-20.981679142105058,36.84252274137867
-21.03963914210506,36.84252274137867
-21.097599142105054,36.78456274137868
-21.155559142105055,36.78456274137868
-21.213519142105056,36.78456274137868
-21.271479142105058,36.726602741378684
-21.32943914210506,36.726602741378684
-21.387399142105053,36.726602741378684
-21.445359142105055,36.668642741378676
-21.503319142105056,36.668642741378676
-21.561279142105057,36.668642741378676
-21.61923914210506,36.61068274137868
-21.67719914210506,36.61068274137868
-21.735159142105054,36.61068274137868
-21.793119142105056,36.55272274137867
-21.851079142105057,36.55272274137867
-21.90903914210506,36.55272274137867
-21.96699914210506,36.49476274137868
-22.024959142105054,36.49476274137868
-22.082919142105055,36.49476274137868
-22.140879142105057,36.436802741378685
-22.198839142105058,36.436802741378685
-22.25679914210506,36.436802741378685
-22.314759142105054,36.378842741378676
-22.372719142105055,36.378842741378676
-22.430679142105056,36.378842741378676
-22.488639142105058,36.32088274137868
-22.54659914210506,36.32088274137868
-22.604559142105053,36.32088274137868
-22.662519142105054,36.32088274137868
-22.720479142105056,36.32088274137868
-22.778439142105057,36.262922741378674
-22.83639914210506,36.262922741378674
-22.89435914210506,36.262922741378674
-22.952319142105054,36.262922741378674
-23.010279142105055,36.262922741378674
-23.068239142105057,36.20496274137868
-23.126199142105058,36.20496274137868
-23.18415914210506,36.20496274137868
-23.242119142105054,36.20496274137868
-23.300079142105055,36.20496274137868
-23.358039142105056,36.147002741378685
-23.415999142105058,36.147002741378685
-23.47395914210506,36.147002741378685
-23.531919142105053,36.147002741378685
-23.589879142105055,36.147002741378685
-23.647839142105056,36.08904274137868
-23.705799142105057,36.08904274137868
-23.76375914210506,36.08904274137868
-23.821719142105053,36.08904274137868
-23.879679142105054,36.03108274137868
-23.937639142105056,36.03108274137868
-23.995599142105057,36.03108274137868
-24.05355914210506,36.03108274137868
-24.11151914210506,36.03108274137868
-24.169479142105054,36.03108274137868
-24.227439142105055,35.973122741378674
-24.285399142105057,35.973122741378674
-24.343359142105058,35.973122741378674
-24.40131914210506,35.973122741378674
-24.459279142105053,35.973122741378674
-24.517239142105055,35.973122741378674
-24.575199142105056,35.973122741378674
-24.633159142105058,35.973122741378674
-24.69111914210506,35.91516274137868
-24.749079142105053,35.91516274137868
-24.807039142105054,35.91516274137868
-24.864999142105056,35.91516274137868
-24.922959142105057,35.91516274137868
-24.98091914210506,35.91516274137868
-25.03887914210506,35.91516274137868
-25.096839142105054,35.91516274137868
-25.154799142105055,35.857202741378686
-25.212759142105057,35.857202741378686
-25.270719142105058,35.857202741378686
-25.32867914210506,35.857202741378686
-25.386639142105054,35.857202741378686
-25.444599142105055,35.857202741378686
-25.502559142105056,35.857202741378686
-25.560519142105058,35.857202741378686
-25.61847914210506,35.857202741378686
-25.676439142105053,35.79924274137868
-25.734399142105055,35.79924274137868
-25.792359142105056,35.79924274137868
-25.850319142105057,35.79924274137868
-25.90827914210506,35.79924274137868
-25.966239142105053,35.79924274137868
-26.024199142105054,35.79924274137868
-26.082159142105056,35.79924274137868
-26.140119142105057,35.79924274137868
-26.19807914210506,35.74128274137868
-26.25603914210506,35.74128274137868
-26.313999142105054,35.74128274137868
-26.371959142105055,35.74128274137868
-26.429919142105057,35.74128274137868
-26.487879142105058,35.74128274137868
-26.54583914210506,35.74128274137868
-26.603799142105053,35.74128274137868
-26.661759142105055,35.74128274137868
-26.719719142105056,35.74128274137868
-26.777679142105058,35.74128274137868
-26.83563914210506,35.74128274137868
-26.893599142105053,35.74128274137868
-26.951559142105054,35.74128274137868
-27.009519142105056,35.74128274137868
-27.067479142105057,35.74128274137868
-27.12543914210506,35.74128274137868
-27.18339914210506,35.74128274137868
-27.241359142105054,35.74128274137868
-27.299319142105055,35.683322741378674
-27.357279142105057,35.74128274137868
-27.415239142105058,35.74128274137868
-27.47319914210506,35.74128274137868
-27.531159142105054,35.74128274137868
-27.589119142105055,35.74128274137868
-27.647079142105056,35.74128274137868
-27.705039142105058,35.74128274137868
-27.76299914210506,35.74128274137868
-27.820959142105053,35.74128274137868
-27.878919142105055,35.74128274137868
-27.936879142105056,35.74128274137868
-27.994839142105057,35.74128274137868
-28.05279914210506,35.74128274137868
-28.110759142105053,35.74128274137868
-28.168719142105054,35.74128274137868
-28.226679142105056,35.74128274137868
-28.284639142105057,35.74128274137868
-28.34259914210506,35.79924274137868
-28.40055914210506,35.79924274137868
-28.458519142105054,35.79924274137868
-28.516479142105055,35.79924274137868
-28.574439142105057,35.79924274137868
-28.632399142105058,35.79924274137868
-28.69035914210506,35.79924274137868
-28.748319142105053,35.79924274137868
-28.806279142105055,35.79924274137868
-28.864239142105056,35.79924274137868
-28.922199142105057,35.857202741378686
-28.98015914210506,35.857202741378686
-29.038119142105053,35.857202741378686
-29.096079142105054,35.857202741378686
-29.154039142105056,35.857202741378686
-29.211999142105057,35.857202741378686
-29.26995914210506,35.857202741378686
-29.327919142105053,35.857202741378686
-29.385879142105054,35.857202741378686
-29.443839142105055,35.91516274137868
-29.501799142105057,35.91516274137868
-29.559759142105058,35.91516274137868
-29.61771914210506,35.91516274137868
-29.675679142105054,35.91516274137868
-29.733639142105055,35.91516274137868
-29.791599142105056,35.91516274137868
-29.849559142105058,35.973122741378674
-29.90751914210506,35.973122741378674
-29.965479142105053,35.973122741378674
-30.023439142105055,35.973122741378674
-30.081399142105056,35.973122741378674
-30.139359142105057,35.973122741378674
-30.19731914210506,35.973122741378674
-30.255279142105053,36.03108274137868
-30.313239142105054,36.03108274137868
-30.371199142105056,36.03108274137868
-30.429159142105057,36.03108274137868
-30.48711914210506,36.03108274137868
-30.54507914210506,36.03108274137868
-30.603039142105054,36.03108274137868
-30.660999142105055,36.08904274137868
-30.718959142105057,36.08904274137868
-30.776919142105058,36.08904274137868
-30.83487914210506,36.08904274137868
-30.892839142105053,36.08904274137868
-30.950799142105055,36.08904274137868
-31.008759142105056,36.08904274137868
-31.066719142105057,36.08904274137868
-31.12467914210506,36.147002741378685
-31.182639142105053,36.147002741378685
-31.240599142105054,36.147002741378685
-31.298559142105056,36.147002741378685
-31.356519142105057,36.147002741378685
-31.41447914210506,36.147002741378685
-31.472439142105053,36.147002741378685
-31.530399142105054,36.147002741378685
-31.588359142105055,36.147002741378685
-31.646319142105057,36.147002741378685
-31.704279142105058,36.20496274137868
-31.76223914210506,36.20496274137868
-31.820199142105054,36.20496274137868
-31.878159142105055,36.20496274137868
-31.936119142105056,36.20496274137868
-31.994079142105058,36.20496274137868
-32.05203914210506,36.20496274137868
-32.10999914210505,36.20496274137868
-32.167959142105055,36.20496274137868
-32.225919142105056,36.262922741378674
-32.28387914210506,36.262922741378674
-32.34183914210506,36.262922741378674
-32.39979914210505,36.262922741378674
-32.457759142105054,36.262922741378674
-32.515719142105056,36.262922741378674
-32.57367914210506,36.262922741378674
-32.63163914210506,36.262922741378674
-32.68959914210506,36.32088274137868
-32.747559142105054,36.32088274137868
-32.805519142105055,36.32088274137868
-32.86347914210506,36.32088274137868
-32.92143914210506,36.32088274137868
-32.97939914210506,36.32088274137868
-33.03735914210505,36.32088274137868
-33.095319142105055,36.32088274137868
-33.153279142105056,36.32088274137868
-33.21123914210506,36.32088274137868
-33.26919914210506,36.378842741378676
-33.32715914210505,36.378842741378676
-33.385119142105054,36.378842741378676
-33.443079142105056,36.378842741378676
-33.50103914210506,36.378842741378676
-33.55899914210506,36.378842741378676
-33.61695914210505,36.378842741378676
-33.674919142105054,36.436802741378685
-33.732879142105055,36.436802741378685
-33.79083914210506,36.436802741378685
-33.84879914210506,36.436802741378685
-33.90675914210506,36.436802741378685
-33.964719142105054,36.49476274137868
-34.022679142105055,36.49476274137868
-34.080639142105056,36.49476274137868
-34.13859914210506,36.49476274137868
-34.19655914210506,36.49476274137868
-34.25451914210505,36.55272274137867
-34.312479142105055,36.55272274137867
-34.370439142105056,36.55272274137867
-34.42839914210506,36.55272274137867
-34.48635914210506,36.55272274137867
-34.54431914210505,36.61068274137868
-34.602279142105054,36.61068274137868
-34.660239142105056,36.61068274137868
-34.71819914210506,36.61068274137868
-34.77615914210506,36.61068274137868
-34.83411914210505,36.668642741378676
-34.892079142105054,36.668642741378676
-34.950039142105055,36.668642741378676
-35.00799914210506,36.668642741378676
-35.06595914210506,36.668642741378676
-35.12391914210506,36.726602741378684
-35.18187914210505,36.726602741378684
-35.239839142105055,36.726602741378684
-35.297799142105056,36.726602741378684
-35.35575914210506,36.726602741378684
-35.41371914210506,36.78456274137868
-35.47167914210505,36.78456274137868
-35.529639142105054,36.78456274137868
-35.587599142105056,36.78456274137868
-35.64555914210506,36.78456274137868
-35.70351914210506,36.84252274137867
-35.76147914210505,36.84252274137867
-35.819439142105054,36.84252274137867
-35.877399142105055,36.84252274137867
-35.93535914210506,36.90048274137868
-35.99331914210506,36.90048274137868
-36.05127914210506,36.90048274137868
-36.109239142105054,36.90048274137868
-36.167199142105055,36.90048274137868
-36.225159142105056,36.90048274137868
-36.28311914210506,36.958442741378676
-36.34107914210506,36.958442741378676
-36.39903914210505,36.958442741378676
-36.456999142105055,36.958442741378676
-36.514959142105056,37.016402741378684
-36.57291914210506,37.016402741378684
-36.63087914210506,37.016402741378684
-36.68883914210505,37.016402741378684
-36.746799142105054,37.016402741378684
-36.804759142105056,37.07436274137868
-36.86271914210506,37.07436274137868
-36.92067914210506,37.07436274137868
-36.97863914210505,37.07436274137868
-37.036599142105054,37.07436274137868
-37.094559142105055,37.13232274137867
-37.15251914210506,37.13232274137867
-37.21047914210506,37.13232274137867
-37.26843914210506,37.13232274137867
-37.32639914210505,37.13232274137867
-37.384359142105055,37.19028274137868
-37.442319142105056,37.19028274137868
-37.50027914210506,37.19028274137868
-37.55823914210506,37.19028274137868
-37.61619914210505,37.19028274137868
-37.674159142105054,37.248242741378675
-37.732119142105056,37.248242741378675
-37.79007914210506,37.248242741378675
-37.84803914210506,37.248242741378675
-37.90599914210505,37.248242741378675
-37.963959142105054,37.306202741378684
-38.021919142105055,37.306202741378684
-38.07987914210506,37.306202741378684
-38.13783914210506,37.306202741378684
-38.19579914210506,37.306202741378684
-38.253759142105054,37.36416274137868
-38.311719142105055,37.36416274137868
-38.369679142105056,37.36416274137868
-38.42763914210506,37.36416274137868
-38.48559914210506,37.36416274137868
-38.54355914210505,37.422122741378686
-38.601519142105055,37.422122741378686
-38.659479142105056,37.422122741378686
-38.71743914210506,37.422122741378686
-38.77539914210506,37.48008274137868
-38.83335914210505,37.48008274137868
-38.891319142105054,37.48008274137868
-38.949279142105055,37.48008274137868
-39.00723914210506,37.48008274137868
-39.06519914210506,37.538042741378675
-39.12315914210505,37.538042741378675
-39.181119142105054,37.538042741378675
-39.239079142105055,37.538042741378675
-39.297039142105056,37.538042741378675
-39.35499914210506,37.538042741378675
-39.41295914210506,37.59600274137868
-39.47091914210505,37.59600274137868
-39.528879142105055,37.59600274137868
-39.586839142105056,37.59600274137868
-39.64479914210506,37.59600274137868
-39.70275914210506,37.65396274137868
-39.76071914210505,37.65396274137868
-39.818679142105054,37.65396274137868
-39.876639142105056,37.65396274137868
-39.93459914210506,37.65396274137868
-39.99255914210506,37.711922741378686
-40.05051914210505,37.711922741378686
-40.108479142105054,37.711922741378686
-40.166439142105055,37.711922741378686
-40.22439914210506,37.711922741378686
-40.28235914210506,37.711922741378686
-40.34031914210506,37.711922741378686
-40.39827914210505,37.76988274137868
-40.456239142105055,37.76988274137868
-40.514199142105056,37.76988274137868
-40.57215914210506,37.76988274137868
-40.63011914210506,37.76988274137868
-40.68807914210505,37.76988274137868
-40.746039142105055,37.76988274137868
-40.803999142105056,37.76988274137868
-40.86195914210506,37.827842741378674
-40.91991914210506,37.827842741378674
-40.97787914210505,37.827842741378674
-41.035839142105054,37.827842741378674
-41.093799142105055,37.827842741378674
-41.15175914210506,37.88580274137868
-41.20971914210506,37.88580274137868
-41.26767914210505,37.88580274137868
-41.325639142105054,37.88580274137868
-41.383599142105055,37.88580274137868
-41.441559142105056,37.88580274137868
-41.49951914210506,37.88580274137868
-41.55747914210506,37.94376274137868
-41.61543914210505,37.94376274137868
-41.673399142105055,37.94376274137868
-41.731359142105056,37.94376274137868
-41.78931914210506,37.94376274137868
-41.84727914210506,37.94376274137868
-41.90523914210505,37.94376274137868
-41.963199142105054,37.94376274137868
-42.021159142105056,37.94376274137868
-42.07911914210506,37.94376274137868
-42.13707914210506,37.94376274137868
-42.19503914210505,37.94376274137868
-42.252999142105054,37.94376274137868
-42.310959142105055,37.94376274137868
-42.36891914210506,38.001722741378686
-42.42687914210506,38.001722741378686
-42.48483914210505,38.001722741378686
-42.54279914210505,38.001722741378686
-42.600759142105055,38.001722741378686
-42.658719142105056,38.001722741378686
-42.71667914210506,38.001722741378686
-42.77463914210506,37.94376274137868
-42.83259914210505,37.94376274137868
-42.890559142105054,37.94376274137868
-42.948519142105056,37.94376274137868
-43.00647914210506,37.94376274137868
-43.06443914210506,37.94376274137868
-43.12239914210505,37.94376274137868
-43.180359142105054,37.94376274137868
-43.238319142105055,37.94376274137868
-43.29627914210506,37.94376274137868
-43.35423914210506,37.94376274137868
-43.41219914210505,37.94376274137868
-43.470159142105054,37.88580274137868
-43.528119142105055,37.88580274137868
-43.586079142105056,37.88580274137868
-43.64403914210506,37.827842741378674
-43.70199914210506,37.827842741378674
-43.75995914210505,37.827842741378674
-43.817919142105055,37.827842741378674
-43.875879142105056,37.827842741378674
-43.93383914210506,37.827842741378674
-43.99179914210506,37.827842741378674
-44.04975914210505,37.827842741378674
-44.107719142105054,37.76988274137868
-44.165679142105056,37.76988274137868
-44.22363914210506,37.76988274137868
-44.28159914210506,37.711922741378686
-44.33955914210505,37.711922741378686
-44.397519142105054,37.711922741378686
-44.455479142105055,37.711922741378686
-44.51343914210506,37.711922741378686
-44.57139914210506,37.65396274137868
-44.62935914210505,37.65396274137868
-44.68731914210505,37.65396274137868
-44.745279142105055,37.59600274137868
-44.803239142105056,37.59600274137868
-44.86119914210506,37.538042741378675
-44.91915914210506,37.538042741378675
-44.97711914210505,37.48008274137868
-45.035079142105054,37.48008274137868
-45.093039142105056,37.422122741378686
-45.15099914210506,37.422122741378686
-45.20895914210506,37.422122741378686
-45.26691914210505,37.36416274137868
-45.324879142105054,37.36416274137868
-45.382839142105055,37.306202741378684
-45.44079914210506,37.306202741378684
-45.49875914210506,37.248242741378675
-45.55671914210505,37.248242741378675
-45.614679142105054,37.248242741378675
-45.672639142105055,37.19028274137868
-45.730599142105056,37.13232274137867
-45.78855914210506,37.13232274137867
-45.84651914210506,37.07436274137868
-45.90447914210505,37.016402741378684
-45.962439142105055,37.016402741378684
-46.020399142105056,36.958442741378676
-46.07835914210506,36.90048274137868
-46.13631914210506,36.90048274137868
-46.19427914210505,36.84252274137867
-46.252239142105054,36.78456274137868
-46.310199142105056,36.726602741378684
-46.36815914210506,36.726602741378684
-46.42611914210506,36.668642741378676
-46.48407914210505,36.61068274137868
-46.542039142105054,36.61068274137868
-46.599999142105055,36.55272274137867
-46.599999142105055,36.49476274137868
-46.65795914210506,36.436802741378685
-46.71591914210506,36.436802741378685
-46.77387914210505,36.378842741378676
-46.83183914210505,36.32088274137868
-46.889799142105055,36.262922741378674
-46.947759142105056,36.20496274137868
-47.00571914210506,36.20496274137868
-47.06367914210506,36.147002741378685
-47.06367914210506,36.08904274137868
-47.12163914210505,36.03108274137868
-47.179599142105054,35.973122741378674
-47.237559142105056,35.91516274137868
-47.29551914210506,35.857202741378686
-47.29551914210506,35.79924274137868
-47.35347914210506,35.74128274137868
-47.41143914210505,35.683322741378674
-47.469399142105054,35.62536274137868
-47.527359142105055,35.567402741378686
-47.58531914210506,35.50944274137868
-47.58531914210506,35.45148274137868
-47.64327914210506,35.393522741378675
-47.70123914210505,35.33556274137868
-47.759199142105054,35.277602741378686
-47.759199142105054,35.21964274137868
-47.817159142105055,35.161682741378684
-47.817159142105055,35.103722741378675
-47.875119142105056,35.04576274137868
-47.93307914210506,34.98780274137867
-47.93307914210506,34.92984274137868
-47.99103914210505,34.871882741378684
-47.99103914210505,34.813922741378676
-48.04899914210505,34.75596274137868
-48.04899914210505,34.69800274137867
-48.106959142105055,34.64004274137868
-48.106959142105055,34.582082741378684
-48.106959142105055,34.524122741378676
-48.164919142105056,34.46616274137868
-48.164919142105056,34.40820274137867
-48.22287914210506,34.35024274137868
-48.22287914210506,34.292282741378685
-48.28083914210506,34.234322741378676
-48.28083914210506,34.17636274137868
-48.28083914210506,34.118402741378674
-48.33879914210505,34.06044274137868
-48.33879914210505,34.002482741378685
-48.33879914210505,33.94452274137868
-48.396759142105054,33.88656274137868
-48.396759142105054,33.828602741378674
-48.396759142105054,33.77064274137868
-48.396759142105054,33.712682741378686
-48.396759142105054,33.65472274137868
-48.454719142105056,33.59676274137868
-48.454719142105056,33.538802741378674
-48.454719142105056,33.48084274137868
-48.51267914210506,33.422882741378686
-48.51267914210506,33.36492274137868
-48.51267914210506,33.30696274137868
-48.51267914210506,33.249002741378675
-48.51267914210506,33.19104274137868
-48.51267914210506,33.133082741378686
-48.51267914210506,33.07512274137868
-48.57063914210506,33.017162741378684
-48.57063914210506,32.959202741378675
-48.57063914210506,32.90124274137868
-48.57063914210506,32.84328274137867
-48.57063914210506,32.78532274137868
-48.57063914210506,32.727362741378684
-48.57063914210506,32.669402741378676
-48.57063914210506,32.61144274137868
-48.57063914210506,32.55348274137867
-48.57063914210506,32.49552274137868
-48.62859914210505,32.437562741378684
-48.62859914210505,32.379602741378676
-48.62859914210505,32.32164274137868
-48.62859914210505,32.26368274137867
-48.62859914210505,32.20572274137868
-48.62859914210505,32.147762741378685
-48.62859914210505,32.089802741378676
-48.62859914210505,32.03184274137868
-48.62859914210505,31.973882741378674
-48.62859914210505,31.91592274137868
-48.62859914210505,31.857962741378685
-48.62859914210505,31.800002741378677
-48.62859914210505,31.742042741378683
-48.62859914210505,31.684082741378674
-48.62859914210505,31.62612274137868
-48.57063914210506,31.568162741378686
-48.57063914210506,31.510202741378677
-48.57063914210506,31.452242741378683
-48.57063914210506,31.394282741378674
-48.57063914210506,31.33632274137868
-48.57063914210506,31.278362741378686
-48.57063914210506,31.220402741378678
-48.57063914210506,31.162442741378683
-48.57063914210506,31.104482741378675
-48.57063914210506,31.04652274137868
-48.51267914210506,30.988562741378686
-48.51267914210506,30.930602741378678
-48.51267914210506,30.872642741378684
-48.51267914210506,30.814682741378675
-48.51267914210506,30.75672274137868
-48.51267914210506,30.698762741378673
-48.51267914210506,30.64080274137868
-48.51267914210506,30.582842741378684
-48.454719142105056,30.524882741378676
-48.454719142105056,30.46692274137868
-48.454719142105056,30.408962741378673
-48.396759142105054,30.35100274137868
-48.396759142105054,30.293042741378684
-48.396759142105054,30.235082741378676
-48.396759142105054,30.177122741378682
-48.33879914210505,30.119162741378673
-48.33879914210505,30.06120274137868
-48.33879914210505,30.003242741378685
-48.33879914210505,29.945282741378676
-48.28083914210506,29.887322741378682
-48.28083914210506,29.829362741378674
-48.28083914210506,29.77140274137868
-48.22287914210506,29.713442741378685
-48.22287914210506,29.655482741378677
-48.164919142105056,29.597522741378683
-48.164919142105056,29.539562741378674
-48.106959142105055,29.48160274137868
-48.106959142105055,29.423642741378686
-48.04899914210505,29.365682741378677
-48.04899914210505,29.307722741378683
-48.04899914210505,29.249762741378674
-47.99103914210505,29.19180274137868
-47.99103914210505,29.133842741378686
-47.93307914210506,29.075882741378678
-47.93307914210506,29.017922741378683
-47.875119142105056,28.959962741378675
-47.875119142105056,28.90200274137868
-47.875119142105056,28.844042741378686
-47.817159142105055,28.786082741378678
-47.759199142105054,28.728122741378684
-47.759199142105054,28.670162741378675
-47.70123914210505,28.61220274137868
-47.70123914210505,28.554242741378687
-47.64327914210506,28.49628274137868
-47.64327914210506,28.438322741378684
-47.58531914210506,28.380362741378676
-47.58531914210506,28.32240274137868
-47.527359142105055,28.264442741378673
-47.527359142105055,28.20648274137868
-47.469399142105054,28.148522741378684
-47.41143914210505,28.090562741378676
-47.41143914210505,28.032602741378682
-47.35347914210506,27.974642741378673
-47.35347914210506,27.91668274137868
-47.29551914210506,27.858722741378685
-47.29551914210506,27.800762741378676
-47.237559142105056,27.742802741378682
-47.237559142105056,27.68484274137868
-47.179599142105054,27.62688274137868
-47.12163914210505,27.568922741378678
-47.12163914210505,27.510962741378677
-47.06367914210506,27.453002741378683
-47.06367914210506,27.39504274137868
-47.06367914210506,27.33708274137868
-47.00571914210506,27.27912274137868
-46.947759142105056,27.221162741378677
-46.947759142105056,27.163202741378683
-46.889799142105055,27.10524274137868
-46.889799142105055,27.04728274137868
-46.83183914210505,26.98932274137868
-46.77387914210505,26.931362741378678
-46.77387914210505,26.873402741378676
-46.71591914210506,26.815442741378682
-46.71591914210506,26.75748274137868
-46.65795914210506,26.69952274137868
-46.65795914210506,26.641562741378678
-46.599999142105055,26.583602741378677
-46.599999142105055,26.525642741378682
-46.542039142105054,26.46768274137868
-46.542039142105054,26.40972274137868
-46.48407914210505,26.35176274137868
-46.48407914210505,26.293802741378677
-46.42611914210506,26.235842741378683
-46.36815914210506,26.17788274137868
-46.36815914210506,26.11992274137868
-46.36815914210506,26.06196274137868
-46.310199142105056,26.004002741378677
-46.310199142105056,25.946042741378683
-46.252239142105054,25.888082741378682
-46.19427914210505,25.83012274137868
-46.19427914210505,25.77216274137868
-46.13631914210506,25.714202741378678
-46.13631914210506,25.656242741378676
-46.13631914210506,25.598282741378682
-46.07835914210506,25.54032274137868
-46.020399142105056,25.48236274137868
-45.962439142105055,25.424402741378678
-45.962439142105055,25.366442741378677
-45.90447914210505,25.308482741378683
-45.90447914210505,25.25052274137868
-45.90447914210505,25.19256274137868
-45.84651914210506,25.13460274137868
-45.84651914210506,25.076642741378677
-45.78855914210506,25.018682741378683
-45.730599142105056,24.96072274137868
-45.672639142105055,24.90276274137868
-45.672639142105055,24.84480274137868
-45.672639142105055,24.786842741378678
-45.614679142105054,24.728882741378683
-45.614679142105054,24.670922741378682
-45.55671914210505,24.61296274137868
-45.49875914210506,24.55500274137868
-45.49875914210506,24.497042741378678
-45.44079914210506,24.439082741378677
-45.44079914210506,24.381122741378682
-45.382839142105055,24.32316274137868
-45.324879142105054,24.26520274137868
-45.324879142105054,24.20724274137868
-45.26691914210505,24.149282741378677
-45.26691914210505,24.091322741378683
-45.20895914210506,24.03336274137868
-45.20895914210506,23.97540274137868
-45.15099914210506,23.91744274137868
-45.093039142105056,23.859482741378677
-45.093039142105056,23.801522741378683
-45.035079142105054,23.743562741378682
-44.97711914210505,23.68560274137868
-44.97711914210505,23.62764274137868
-44.91915914210506,23.569682741378678
-44.91915914210506,23.511722741378676
-44.86119914210506,23.453762741378682
-44.86119914210506,23.39580274137868
-44.803239142105056,23.33784274137868
-44.745279142105055,23.279882741378678
-44.745279142105055,23.221922741378677
-44.68731914210505,23.163962741378683
-44.68731914210505,23.10600274137868
-44.62935914210505,23.04804274137868
-44.57139914210506,22.99008274137868
-44.57139914210506,22.932122741378677
-44.51343914210506,22.874162741378683
-44.51343914210506,22.81620274137868
-44.455479142105055,22.75824274137868
-44.455479142105055,22.70028274137868
-44.397519142105054,22.642322741378678
-44.33955914210505,22.584362741378683
-44.33955914210505,22.526402741378682
-44.28159914210506,22.46844274137868
-44.28159914210506,22.41048274137868
-44.22363914210506,22.352522741378678
-44.22363914210506,22.294562741378677
-44.165679142105056,22.236602741378682
-44.107719142105054,22.17864274137868
-44.107719142105054,22.12068274137868
-44.04975914210505,22.06272274137868
-44.04975914210505,22.004762741378677
-43.99179914210506,21.946802741378683
-43.93383914210506,21.88884274137868
-43.93383914210506,21.83088274137868
-43.875879142105056,21.77292274137868
-43.875879142105056,21.714962741378677
-43.817919142105055,21.657002741378683
-43.817919142105055,21.599042741378682
-43.75995914210505,21.54108274137868
-43.70199914210506,21.48312274137868
-43.70199914210506,21.425162741378678
-43.64403914210506,21.367202741378676
-43.64403914210506,21.309242741378682
-43.586079142105056,21.25128274137868
-43.528119142105055,21.19332274137868
-43.528119142105055,21.135362741378678
-43.470159142105054,21.077402741378677
-43.470159142105054,21.019442741378683
-43.41219914210505,20.96148274137868
-43.41219914210505,20.90352274137868
-43.35423914210506,20.84556274137868
-43.29627914210506,20.787602741378677
-43.29627914210506,20.729642741378683
-43.238319142105055,20.67168274137868
-43.238319142105055,20.61372274137868
-43.180359142105054,20.55576274137868
-43.12239914210505,20.497802741378678
-43.12239914210505,20.439842741378683
-43.06443914210506,20.381882741378682
-43.06443914210506,20.32392274137868
-43.00647914210506,20.26596274137868
-43.00647914210506,20.208002741378678
-42.948519142105056,20.150042741378677
-42.948519142105056,20.092082741378682
-42.890559142105054,20.03412274137868
-42.83259914210505,19.97616274137868
-42.83259914210505,19.91820274137868
-42.77463914210506,19.860242741378677
-42.77463914210506,19.802282741378683
-42.77463914210506,19.74432274137868
-42.71667914210506,19.68636274137868
-42.658719142105056,19.62840274137868
-42.600759142105055,19.570442741378677
-42.600759142105055,19.512482741378683
-42.54279914210505,19.454522741378682
-42.54279914210505,19.39656274137868
-42.54279914210505,19.33860274137868
-42.48483914210505,19.280642741378678
-42.42687914210506,19.222682741378684
-42.42687914210506,19.164722741378682
-42.36891914210506,19.10676274137868
-42.310959142105055,19.04880274137868
-42.310959142105055,18.99084274137868
-42.252999142105054,18.932882741378677
-42.252999142105054,18.874922741378683
-42.19503914210505,18.81696274137868
-42.13707914210506,18.75900274137868
-42.13707914210506,18.70104274137868
-42.07911914210506,18.643082741378677
-42.021159142105056,18.585122741378683
-41.963199142105054,18.52716274137868
-41.963199142105054,18.46920274137868
-41.90523914210505,18.41124274137868
-41.84727914210506,18.353282741378678
-41.84727914210506,18.295322741378683
-41.78931914210506,18.237362741378682
-41.731359142105056,18.17940274137868
-41.731359142105056,18.12144274137868
-41.673399142105055,18.063482741378678
-41.61543914210505,18.005522741378677
-41.55747914210506,17.947562741378682
-41.49951914210506,17.88960274137868
-41.49951914210506,17.83164274137868
-41.441559142105056,17.77368274137868
-41.383599142105055,17.77368274137868
-41.325639142105054,17.715722741378677
-41.26767914210505,17.657762741378683
-41.26767914210505,17.59980274137868
-41.20971914210506,17.54184274137868
-41.15175914210506,17.48388274137868
-41.093799142105055,17.425922741378677
-41.035839142105054,17.367962741378683
-40.97787914210505,17.310002741378682
-40.91991914210506,17.25204274137868
-40.86195914210506,17.25204274137868
-40.803999142105056,17.19408274137868
-40.746039142105055,17.136122741378678
-40.68807914210505,17.078162741378684
-40.63011914210506,17.020202741378682
-40.57215914210506,16.96224274137868
-40.514199142105056,16.90428274137868
-40.456239142105055,16.84632274137868
-40.39827914210505,16.84632274137868
-40.34031914210506,16.788362741378677
-40.28235914210506,16.730402741378683
-40.22439914210506,16.67244274137868
-40.166439142105055,16.67244274137868
-40.108479142105054,16.61448274137868
-40.05051914210505,16.61448274137868
-39.99255914210506,16.55652274137868
-39.93459914210506,16.498562741378677
-39.876639142105056,16.498562741378677
-39.818679142105054,16.440602741378683
-39.76071914210505,16.440602741378683
-39.70275914210506,16.38264274137868
-39.64479914210506,16.38264274137868
-39.586839142105056,16.32468274137868
-39.528879142105055,16.32468274137868
-39.47091914210505,16.26672274137868
-39.41295914210506,16.26672274137868
-39.35499914210506,16.208762741378678
-39.297039142105056,16.208762741378678
-39.239079142105055,16.150802741378683
-39.181119142105054,16.150802741378683
-39.12315914210505,16.092842741378682
-39.06519914210506,16.092842741378682
-39.00723914210506,16.092842741378682
-38.949279142105055,16.03488274137868
-38.891319142105054,16.03488274137868
-38.83335914210505,16.03488274137868
-38.77539914210506,16.03488274137868
-38.71743914210506,15.97692274137868
-38.659479142105056,15.97692274137868
-38.601519142105055,15.918962741378678
-38.54355914210505,15.918962741378678
-38.48559914210506,15.918962741378678
-38.42763914210506,15.918962741378678
-38.369679142105056,15.861002741378677
-38.311719142105055,15.861002741378677
-38.253759142105054,15.861002741378677
-38.19579914210506,15.861002741378677
-38.13783914210506,15.861002741378677
-38.07987914210506,15.861002741378677
-38.021919142105055,15.803042741378682
-37.963959142105054,15.803042741378682
-37.90599914210505,15.803042741378682
-37.84803914210506,15.803042741378682
-37.79007914210506,15.803042741378682
-37.732119142105056,15.803042741378682
-37.674159142105054,15.803042741378682
-37.61619914210505,15.803042741378682
-37.55823914210506,15.745082741378681
-37.50027914210506,15.745082741378681
-37.442319142105056,15.745082741378681
-37.384359142105055,15.745082741378681
-37.32639914210505,15.745082741378681
-37.26843914210506,15.745082741378681
-37.21047914210506,15.745082741378681
-37.15251914210506,15.745082741378681
-37.094559142105055,15.745082741378681
-37.036599142105054,15.745082741378681
-36.97863914210505,15.745082741378681
-36.92067914210506,15.745082741378681
-36.86271914210506,15.745082741378681
-36.804759142105056,15.745082741378681
-36.746799142105054,15.745082741378681
-36.68883914210505,15.745082741378681
-36.63087914210506,15.745082741378681
-36.57291914210506,15.745082741378681
-36.514959142105056,15.745082741378681
-36.456999142105055,15.745082741378681
-36.39903914210505,15.803042741378682
-36.34107914210506,15.803042741378682
-36.28311914210506,15.803042741378682
-36.225159142105056,15.803042741378682
-36.167199142105055,15.803042741378682
-36.109239142105054,15.803042741378682
-36.05127914210506,15.803042741378682
-35.99331914210506,15.803042741378682
-35.93535914210506,15.803042741378682
-35.877399142105055,15.861002741378677
-35.819439142105054,15.861002741378677
-35.76147914210505,15.861002741378677
-35.70351914210506,15.861002741378677
-35.64555914210506,15.861002741378677
-35.587599142105056,15.918962741378678
-35.529639142105054,15.918962741378678
-35.47167914210505,15.918962741378678
-35.41371914210506,15.918962741378678
-35.35575914210506,15.918962741378678
-35.297799142105056,15.918962741378678
-35.239839142105055,15.97692274137868
-35.18187914210505,15.97692274137868
-35.12391914210506,16.03488274137868
-35.06595914210506,16.03488274137868
-35.00799914210506,16.03488274137868
-34.950039142105055,16.092842741378682
-34.892079142105054,16.092842741378682
-34.83411914210505,16.092842741378682
-34.77615914210506,16.150802741378683
-34.71819914210506,16.150802741378683
-34.660239142105056,16.150802741378683
-34.602279142105054,16.208762741378678
-34.54431914210505,16.208762741378678
-34.48635914210506,16.208762741378678
-34.42839914210506,16.26672274137868
-34.370439142105056,16.26672274137868
-34.312479142105055,16.26672274137868
-34.25451914210505,16.32468274137868
-34.19655914210506,16.32468274137868
-34.13859914210506,16.32468274137868
-34.080639142105056,16.38264274137868
-34.022679142105055,16.38264274137868
-33.964719142105054,16.440602741378683
-33.90675914210506,16.440602741378683
-33.84879914210506,16.498562741378677
-33.79083914210506,16.55652274137868
-33.732879142105055,16.55652274137868
-33.674919142105054,16.61448274137868
-33.61695914210505,16.61448274137868
-33.55899914210506,16.61448274137868
-33.50103914210506,16.67244274137868
-33.443079142105056,16.730402741378683
-33.385119142105054,16.730402741378683
-33.32715914210505,16.788362741378677
-33.26919914210506,16.84632274137868
-33.21123914210506,16.84632274137868
-33.153279142105056,16.90428274137868
-33.095319142105055,16.96224274137868
-33.03735914210505,16.96224274137868
-32.97939914210506,17.020202741378682
-32.92143914210506,17.078162741378684
-32.86347914210506,17.136122741378678
-32.805519142105055,17.19408274137868
-32.747559142105054,17.19408274137868
-32.68959914210506,17.25204274137868
-32.63163914210506,17.310002741378682
-32.57367914210506,17.367962741378683
-32.57367914210506,17.425922741378677
-32.515719142105056,17.48388274137868
-32.457759142105054,17.48388274137868
-32.39979914210505,17.54184274137868
-32.34183914210506,17.59980274137868
-32.34183914210506,17.657762741378683
-32.28387914210506,17.715722741378677
-32.225919142105056,17.77368274137868
-32.225919142105056,17.83164274137868
-32.167959142105055,17.88960274137868
-32.10999914210505,17.947562741378682
-32.05203914210506,18.005522741378677
-31.994079142105058,18.063482741378678
-31.936119142105056,18.12144274137868
-31.878159142105055,18.17940274137868
-31.878159142105055,18.237362741378682
-31.820199142105054,18.295322741378683
-31.76223914210506,18.353282741378678
-31.76223914210506,18.41124274137868
-31.704279142105058,18.46920274137868
-31.646319142105057,18.52716274137868
-31.588359142105055,18.585122741378683
-31.588359142105055,18.643082741378677
-31.530399142105054,18.70104274137868
-31.472439142105053,18.75900274137868
-31.41447914210506,18.81696274137868
-31.41447914210506,18.874922741378683
-31.356519142105057,18.932882741378677
-31.298559142105056,18.99084274137868
-31.298559142105056,19.04880274137868
-31.240599142105054,19.10676274137868
-31.182639142105053,19.164722741378682
-31.12467914210506,19.222682741378684
-31.12467914210506,19.280642741378678
-31.066719142105057,19.33860274137868
-31.008759142105056,19.39656274137868
-31.008759142105056,19.454522741378682
-30.950799142105055,19.512482741378683
-30.892839142105053,19.570442741378677
-30.83487914210506,19.62840274137868
-30.83487914210506,19.68636274137868
-30.776919142105058,19.74432274137868
-30.718959142105057,19.802282741378683
-30.660999142105055,19.860242741378677
-30.660999142105055,19.91820274137868
-30.603039142105054,19.97616274137868
-30.54507914210506,20.03412274137868
-30.48711914210506,20.092082741378682
-30.429159142105057,20.150042741378677
-30.371199142105056,20.208002741378678
-30.313239142105054,20.26596274137868
-30.313239142105054,20.32392274137868
-30.255279142105053,20.381882741378682
-30.19731914210506,20.439842741378683
-30.139359142105057,20.497802741378678
-30.081399142105056,20.55576274137868
-30.023439142105055,20.61372274137868
-29.965479142105053,20.67168274137868
-29.90751914210506,20.729642741378683
-29.849559142105058,20.787602741378677
-29.791599142105056,20.84556274137868
-29.733639142105055,20.84556274137868
-29.675679142105054,20.90352274137868
-29.675679142105054,20.96148274137868
-29.61771914210506,21.019442741378683
-29.559759142105058,21.019442741378683
-29.501799142105057,21.077402741378677
-29.443839142105055,21.135362741378678
-29.385879142105054,21.19332274137868
-29.327919142105053,21.25128274137868
-29.26995914210506,21.25128274137868
-29.211999142105057,21.309242741378682
-29.154039142105056,21.367202741378676
-29.096079142105054,21.425162741378678
-29.038119142105053,21.425162741378678
-28.98015914210506,21.48312274137868
-28.922199142105057,21.54108274137868
-28.864239142105056,21.599042741378682
-28.806279142105055,21.657002741378683
-28.748319142105053,21.657002741378683
-28.69035914210506,21.714962741378677
-28.632399142105058,21.77292274137868
-28.574439142105057,21.83088274137868
-28.516479142105055,21.88884274137868
-28.458519142105054,21.946802741378683
-28.40055914210506,21.946802741378683
-28.34259914210506,22.004762741378677
-28.284639142105057,22.06272274137868
-28.226679142105056,22.06272274137868
-28.168719142105054,22.12068274137868
-28.110759142105053,22.17864274137868
-28.05279914210506,22.236602741378682
-27.994839142105057,22.236602741378682
-27.936879142105056,22.294562741378677
-27.878919142105055,22.352522741378678
-27.820959142105053,22.41048274137868
-27.76299914210506,22.41048274137868
-27.705039142105058,22.46844274137868
-27.647079142105056,22.526402741378682
-27.589119142105055,22.584362741378683
-27.531159142105054,22.584362741378683
-27.47319914210506,22.642322741378678
-27.415239142105058,22.70028274137868
-27.357279142105057,22.70028274137868
-27.299319142105055,22.75824274137868
-27.241359142105054,22.81620274137868
-27.18339914210506,22.81620274137868
-27.12543914210506,22.874162741378683
-27.067479142105057,22.932122741378677
-27.009519142105056,22.932122741378677
-26.951559142105054,22.99008274137868
-26.893599142105053,23.04804274137868
-26.83563914210506,23.04804274137868
-26.777679142105058,23.10600274137868
-26.719719142105056,23.163962741378683
-26.661759142105055,23.163962741378683
-26.603799142105053,23.163962741378683
-26.54583914210506,23.221922741378677
-26.487879142105058,23.279882741378678
-26.429919142105057,23.279882741378678
-26.371959142105055,23.33784274137868
-26.313999142105054,23.39580274137868
-26.25603914210506,23.39580274137868
-26.19807914210506,23.39580274137868
-26.140119142105057,23.453762741378682
-26.082159142105056,23.453762741378682
-26.024199142105054,23.511722741378676
-25.966239142105053,23.511722741378676
-25.90827914210506,23.511722741378676
-25.850319142105057,23.569682741378678
-25.792359142105056,23.569682741378678
-25.734399142105055,23.62764274137868
-25.676439142105053,23.62764274137868
-25.61847914210506,23.68560274137868
-25.560519142105058,23.68560274137868
-25.502559142105056,23.743562741378682
-25.444599142105055,23.743562741378682
-25.386639142105054,23.801522741378683
-25.32867914210506,23.801522741378683
-25.270719142105058,23.801522741378683
-25.212759142105057,23.859482741378677
-25.154799142105055,23.859482741378677
-25.096839142105054,23.91744274137868
-25.03887914210506,23.91744274137868
-24.98091914210506,23.91744274137868
-24.922959142105057,23.97540274137868
-24.864999142105056,23.97540274137868
-24.807039142105054,23.97540274137868
-24.749079142105053,24.03336274137868
-24.69111914210506,24.03336274137868
-24.633159142105058,24.03336274137868
-24.575199142105056,24.091322741378683
-24.517239142105055,24.091322741378683
-24.459279142105053,24.091322741378683
-24.40131914210506,24.149282741378677
-24.343359142105058,24.149282741378677
-24.285399142105057,24.149282741378677
-24.227439142105055,24.149282741378677
-24.169479142105054,24.149282741378677
-24.11151914210506,24.20724274137868
-24.05355914210506,24.20724274137868
-23.995599142105057,24.20724274137868
-23.937639142105056,24.20724274137868
-23.879679142105054,24.26520274137868
-23.821719142105053,24.26520274137868
-23.76375914210506,24.26520274137868
-23.705799142105057,24.32316274137868
-23.647839142105056,24.32316274137868
-23.589879142105055,24.32316274137868
-23.531919142105053,24.32316274137868
-23.47395914210506,24.381122741378682
-23.415999142105058,24.381122741378682
-23.358039142105056,24.381122741378682
-23.300079142105055,24.439082741378677
-23.242119142105054,24.439082741378677
-23.18415914210506,24.439082741378677
-23.126199142105058,24.439082741378677
-23.068239142105057,24.439082741378677
-23.010279142105055,24.497042741378678
-22.952319142105054,24.497042741378678
-22.89435914210506,24.497042741378678
-22.83639914210506,24.497042741378678
-22.778439142105057,24.497042741378678
-22.720479142105056,24.497042741378678
-22.662519142105054,24.497042741378678
-22.604559142105053,24.55500274137868
-22.54659914210506,24.55500274137868
-22.488639142105058,24.55500274137868
-22.430679142105056,24.55500274137868
-22.372719142105055,24.55500274137868
-22.314759142105054,24.55500274137868
-22.25679914210506,24.55500274137868
-22.198839142105058,24.61296274137868
-22.140879142105057,24.61296274137868
-22.082919142105055,24.61296274137868
-22.024959142105054,24.61296274137868
-21.96699914210506,24.61296274137868
-21.90903914210506,24.61296274137868
-21.851079142105057,24.670922741378682
-21.793119142105056,24.670922741378682
-21.735159142105054,24.670922741378682
-21.67719914210506,24.670922741378682
-21.61923914210506,24.670922741378682
-21.561279142105057,24.670922741378682
-21.503319142105056,24.728882741378683
-21.445359142105055,24.728882741378683
-21.387399142105053,24.728882741378683
-21.32943914210506,24.728882741378683
-21.271479142105058,24.728882741378683
-21.213519142105056,24.728882741378683
-21.155559142105055,24.728882741378683
-21.097599142105054,24.728882741378683
-21.03963914210506,24.728882741378683
-20.981679142105058,24.728882741378683
-20.923719142105057,24.728882741378683
-20.865759142105055,24.728882741378683
-20.807799142105054,24.728882741378683
-20.74983914210506,24.786842741378678
-20.69187914210505,24.786842741378678
-20.633919142105057,24.786842741378678
-20.575959142105063,24.786842741378678
-20.517999142105054,24.786842741378678
-20.46003914210506,24.786842741378678
-20.402079142105052,24.786842741378678
-20.344119142105058,24.786842741378678
-20.286159142105063,24.786842741378678
-20.228199142105055,24.786842741378678
-20.17023914210506,24.786842741378678
-20.112279142105052,24.786842741378678
-20.054319142105058,24.786842741378678
-19.99635914210505,24.84480274137868
-19.938399142105055,24.84480274137868
-19.88043914210506,24.84480274137868
-19.822479142105053,24.84480274137868
-19.76451914210506,24.84480274137868
-19.70655914210505,24.84480274137868
-19.648599142105056,24.84480274137868
-19.59063914210506,24.84480274137868
-19.532679142105053,24.84480274137868
-19.47471914210506,24.84480274137868
-19.41675914210505,24.84480274137868
-19.358799142105056,24.84480274137868
-19.300839142105062,24.84480274137868
-19.242879142105053,24.90276274137868
-19.18491914210506,24.90276274137868
-19.12695914210505,24.90276274137868
-19.068999142105056,24.90276274137868
-19.011039142105062,24.90276274137868
-18.953079142105054,24.90276274137868
-18.89511914210506,24.90276274137868
-18.83715914210505,24.90276274137868
-18.779199142105057,24.90276274137868
-18.721239142105063,24.90276274137868
-18.663279142105054,24.90276274137868
-18.60531914210506,24.90276274137868
-18.54735914210505,24.90276274137868
-18.489399142105057,24.90276274137868
-18.431439142105063,24.90276274137868
-18.373479142105055,24.90276274137868
-18.31551914210506,24.96072274137868
-18.257559142105052,24.96072274137868
-18.199599142105058,24.96072274137868
-18.141639142105063,24.96072274137868
-18.083679142105055,24.96072274137868
-18.02571914210506,24.96072274137868
-17.967759142105052,24.96072274137868
-17.909799142105058,24.96072274137868
-17.851839142105064,24.96072274137868
-17.793879142105055,24.96072274137868
-17.73591914210506,24.96072274137868
-17.677959142105053,24.96072274137868
-17.61999914210506,24.96072274137868
-17.56203914210505,24.96072274137868
-17.504079142105056,24.96072274137868
-17.44611914210506,24.96072274137868
-17.388159142105053,24.96072274137868
-17.33019914210506,24.96072274137868
-17.27223914210505,24.96072274137868
-17.214279142105056,25.018682741378683
-17.156319142105062,25.018682741378683
-17.098359142105053,25.018682741378683
-17.04039914210506,25.018682741378683
-16.98243914210505,25.018682741378683
-16.924479142105056,25.018682741378683
-16.866519142105062,25.018682741378683
-16.808559142105054,25.018682741378683
-16.75059914210506,25.018682741378683
-16.69263914210505,25.018682741378683
-16.634679142105057,25.018682741378683
-16.576719142105063,25.018682741378683
-16.518759142105054,25.018682741378683
-16.46079914210506,25.018682741378683
-16.40283914210505,25.018682741378683
-16.344879142105057,25.018682741378683
-16.286919142105063,25.018682741378683
-16.228959142105055,25.018682741378683
-16.17099914210506,25.018682741378683
-16.113039142105052,25.018682741378683
-16.055079142105058,25.018682741378683
-15.997119142105063,25.076642741378677
-15.939159142105055,25.076642741378677
-15.88119914210506,25.076642741378677
-15.823239142105052,25.076642741378677
-15.765279142105058,25.076642741378677
-15.707319142105064,25.076642741378677
-15.649359142105055,25.076642741378677
-15.591399142105061,25.076642741378677
-15.533439142105053,25.076642741378677
-15.475479142105058,25.076642741378677
-15.41751914210505,25.076642741378677
-15.359559142105056,25.076642741378677
-15.301599142105061,25.076642741378677
-15.243639142105053,25.076642741378677
-15.185679142105059,25.076642741378677
-15.12771914210505,25.076642741378677
-15.069759142105056,25.076642741378677
-15.011799142105062,25.076642741378677
-14.953839142105053,25.076642741378677
-14.89587914210506,25.076642741378677
-14.83791914210505,25.076642741378677
-14.779959142105056,25.076642741378677
-14.721999142105062,25.076642741378677
-14.664039142105054,25.076642741378677
-14.60607914210506,25.076642741378677
-14.548119142105051,25.076642741378677
-14.490159142105057,25.076642741378677
-14.432199142105063,25.076642741378677
-14.374239142105054,25.076642741378677
-14.31627914210506,25.076642741378677
-14.258319142105051,25.076642741378677
-14.200359142105057,25.076642741378677
-14.142399142105063,25.076642741378677
-14.084439142105055,25.076642741378677
-14.02647914210506,25.076642741378677
-13.968519142105052,25.076642741378677
-13.910559142105058,25.076642741378677
-13.852599142105063,25.076642741378677
-13.794639142105055,25.076642741378677
-13.73667914210506,25.076642741378677
-13.678719142105052,25.076642741378677
-13.620759142105058,25.076642741378677
-13.562799142105064,25.076642741378677
-13.504839142105055,25.076642741378677
-13.446879142105061,25.076642741378677
-13.388919142105053,25.076642741378677
-13.330959142105058,25.076642741378677
-13.27299914210505,25.076642741378677
-13.215039142105056,25.076642741378677
-13.157079142105061,25.076642741378677
-13.099119142105053,25.076642741378677
-13.041159142105059,25.13460274137868
-12.98319914210505,25.076642741378677
-12.925239142105056,25.076642741378677
-12.867279142105062,25.076642741378677
-12.809319142105053,25.076642741378677
-12.75135914210506,25.076642741378677
-12.69339914210505,25.076642741378677
-12.635439142105056,25.076642741378677
-12.577479142105062,25.076642741378677
-12.519519142105054,25.076642741378677
-12.46155914210506,25.076642741378677
-12.403599142105051,25.076642741378677
-12.345639142105057,25.076642741378677
-12.287679142105063,25.076642741378677
-12.229719142105054,25.076642741378677
-12.17175914210506,25.076642741378677
-12.113799142105051,25.076642741378677
-12.055839142105057,25.076642741378677
-11.997879142105063,25.076642741378677
-11.939919142105055,25.076642741378677
-11.88195914210506,25.076642741378677
-11.823999142105052,25.076642741378677
-11.766039142105058,25.076642741378677
-11.708079142105063,25.076642741378677
-11.650119142105055,25.076642741378677
-11.59215914210506,25.076642741378677
-11.534199142105052,25.076642741378677
-11.476239142105058,25.076642741378677
-11.418279142105064,25.076642741378677
-11.360319142105055,25.076642741378677
-11.302359142105061,25.076642741378677
-11.244399142105053,25.076642741378677
-11.186439142105058,25.076642741378677
-11.12847914210505,25.076642741378677
-11.070519142105056,25.076642741378677
-11.012559142105061,25.076642741378677
-10.954599142105053,25.076642741378677
-10.896639142105059,25.076642741378677
-10.83867914210505,25.076642741378677
-10.780719142105056,25.076642741378677
-10.722759142105062,25.076642741378677
-10.664799142105053,25.076642741378677
-10.60683914210506,25.076642741378677
-10.54887914210505,25.076642741378677
-10.490919142105056,25.076642741378677
-10.432959142105062,25.076642741378677
-10.374999142105054,25.076642741378677
-10.31703914210506,25.076642741378677
-10.259079142105051,25.076642741378677
-10.201119142105057,25.076642741378677
-10.143159142105063,25.076642741378677
-10.085199142105054,25.076642741378677
-10.02723914210506,25.076642741378677
-9.969279142105052,25.076642741378677
-9.911319142105057,25.076642741378677
-9.853359142105063,25.076642741378677
-9.795399142105055,25.076642741378677
-9.73743914210506,25.076642741378677
-9.679479142105052,25.076642741378677
-9.621519142105058,25.076642741378677
-9.563559142105063,25.076642741378677
-9.505599142105055,25.076642741378677
-9.44763914210506,25.076642741378677
-9.389679142105052,25.076642741378677
-9.331719142105058,25.076642741378677
-9.273759142105064,25.076642741378677
-9.215799142105055,25.076642741378677
-9.157839142105061,25.076642741378677
-9.099879142105053,25.076642741378677
-9.041919142105058,25.076642741378677
-8.98395914210505,25.076642741378677
-8.925999142105056,25.076642741378677
-8.868039142105062,25.076642741378677
-8.810079142105053,25.076642741378677
-8.752119142105059,25.076642741378677
-8.69415914210505,25.076642741378677
-8.636199142105056,25.076642741378677
-8.578239142105062,25.076642741378677
-8.520279142105053,25.076642741378677
-8.46231914210506,25.076642741378677
-8.40435914210505,25.076642741378677
-8.346399142105057,25.076642741378677
-8.288439142105062,25.076642741378677
-8.230479142105054,25.076642741378677
-8.17251914210506,25.076642741378677
-8.114559142105051,25.076642741378677
-8.056599142105057,25.076642741378677
-7.998639142105063,25.076642741378677
-7.940679142105054,25.076642741378677
-7.88271914210506,25.076642741378677
-7.8247591421050515,25.076642741378677
-7.766799142105057,25.076642741378677
-7.708839142105063,25.076642741378677
-7.650879142105055,25.076642741378677
-7.59291914210506,25.076642741378677
-7.534959142105052,25.076642741378677
-7.476999142105058,25.076642741378677
-7.419039142105063,25.076642741378677
-7.361079142105055,25.076642741378677
-7.303119142105061,25.076642741378677
-7.245159142105052,25.076642741378677
-7.187199142105058,25.076642741378677
-7.129239142105064,25.076642741378677
-7.071279142105055,25.076642741378677
-7.013319142105061,25.076642741378677
-6.955359142105053,25.076642741378677
-6.8973991421050584,25.076642741378677
-6.839439142105064,25.076642741378677
-6.781479142105056,25.076642741378677
-6.7235191421050615,25.076642741378677
-6.665559142105053,25.076642741378677
-6.607599142105059,25.076642741378677
-6.54963914210505,25.076642741378677
-6.491679142105056,25.076642741378677
-6.433719142105062,25.076642741378677
-6.3757591421050535,25.076642741378677
-6.317799142105059,25.076642741378677
-6.259839142105051,25.076642741378677
-6.2018791421050565,25.076642741378677
-6.143919142105062,25.076642741378677
-6.085959142105054,25.076642741378677
-6.02799914210506,25.076642741378677
-5.970039142105051,25.076642741378677
-5.912079142105057,25.076642741378677
-5.854119142105063,25.076642741378677
-5.796159142105054,25.076642741378677
-5.73819914210506,25.076642741378677
-5.6802391421050515,25.076642741378677
-5.622279142105057,25.076642741378677
-5.564319142105063,25.076642741378677
-5.506359142105055,25.076642741378677
-5.44839914210506,25.076642741378677
-5.390439142105052,25.076642741378677
-5.332479142105058,25.076642741378677
-5.2745191421050635,25.076642741378677
-5.216559142105055,25.076642741378677
-5.158599142105061,25.076642741378677
-5.100639142105052,25.076642741378677
-5.042679142105058,25.076642741378677
-4.984719142105064,25.076642741378677
-4.926759142105055,25.076642741378677
-4.868799142105061,25.13460274137868
-4.810839142105053,25.13460274137868
-4.7528791421050585,25.13460274137868
-4.694919142105064,25.13460274137868
-4.636959142105056,25.13460274137868
-4.5789991421050615,25.13460274137868
-4.521039142105053,25.13460274137868
-4.463079142105059,25.13460274137868
-4.40511914210505,25.13460274137868
-4.347159142105056,25.13460274137868
-4.289199142105062,25.13460274137868
-4.2312391421050535,25.13460274137868
-4.173279142105059,25.13460274137868
-4.115319142105051,25.13460274137868
-4.0573591421050565,25.13460274137868
-3.9993991421050623,25.13460274137868
-3.941439142105054,25.13460274137868
-3.8834791421050596,25.13460274137868
-3.825519142105051,25.13460274137868
-3.767559142105057,25.13460274137868
-3.7095991421050627,25.13460274137868
-3.6516391421050542,25.13460274137868
-3.59367914210506,25.13460274137868
-3.5357191421050516,25.13460274137868
-3.4777591421050573,25.13460274137868
-3.419799142105063,25.13460274137868
-3.3618391421050546,25.13460274137868
-3.3038791421050604,25.13460274137868
-3.245919142105052,25.13460274137868
-3.1879591421050577,25.13460274137868
-3.1299991421050635,25.13460274137868
-3.072039142105055,25.13460274137868
-3.014079142105061,25.13460274137868
-2.9561191421050523,25.13460274137868
-2.898159142105058,25.13460274137868
-2.840199142105064,25.13460274137868
-2.7822391421050554,25.13460274137868
-2.724279142105061,25.13460274137868
-2.6663191421050527,25.13460274137868
-2.6083591421050585,25.13460274137868
-2.5503991421050642,25.13460274137868
-2.492439142105056,25.13460274137868
-2.4344791421050616,25.13460274137868
-2.376519142105053,25.13460274137868
-2.318559142105059,25.19256274137868
-2.2605991421050504,25.19256274137868
-2.202639142105056,25.19256274137868
-2.144679142105062,25.19256274137868
-2.0867191421050535,25.19256274137868
-2.0287591421050593,25.19256274137868
-1.9707991421050508,25.19256274137868
-1.9128391421050566,25.19256274137868
-1.8548791421050623,25.19256274137868
-1.7969191421050539,25.19256274137868
-1.7389591421050596,25.19256274137868
-1.6809991421050512,25.19256274137868
-1.623039142105057,25.19256274137868
-1.5650791421050627,25.19256274137868
-1.5071191421050543,25.19256274137868
-1.44915914210506,25.19256274137868
-1.3911991421050516,25.19256274137868
-1.3332391421050573,25.19256274137868
-1.275279142105063,25.19256274137868
-1.2173191421050547,25.19256274137868
-1.1593591421050604,25.19256274137868
-1.101399142105052,25.19256274137868
-1.0434391421050577,25.19256274137868
-0.9854791421050635,25.19256274137868
-0.927519142105055,25.19256274137868
-0.8695591421050608,25.19256274137868
-0.8115991421050524,25.19256274137868
-0.7536391421050581,25.19256274137868
-0.6956791421050639,25.19256274137868
-0.6377191421050554,25.19256274137868
-0.5797591421050612,25.19256274137868
-0.5217991421050527,25.19256274137868
-0.4638391421050585,25.19256274137868
-0.40587914210506426,25.19256274137868
-0.3479191421050558,25.19256274137868
-0.2899591421050616,25.19256274137868
-0.23199914210505312,25.19256274137868
-0.17403914210505889,25.19256274137868
-0.11607914210505044,25.19256274137868
-0.0581191421050562,25.19256274137868
-0.00015914210506196014,25.19256274137868
0.05780085789494649,25.25052274137868
0.11576085789494073,25.25052274137868
0.17372085789494918,25.25052274137868
0.23168085789494341,25.25052274137868
0.28964085789493765,25.25052274137868
0.3476008578949461,25.25052274137868
0.40556085789494034,25.25052274137868
0.4635208578949488,25.25052274137868
0.521480857894943,25.25052274137868
0.5794408578949373,25.25052274137868
0.6374008578949457,25.25052274137868
0.69536085789494,25.25052274137868
0.7533208578949484,25.25052274137868
0.8112808578949426,25.25052274137868
0.8692408578949369,25.25052274137868
0.9272008578949453,25.25052274137868
0.9851608578949396,25.25052274137868
1.043120857894948,25.25052274137868
1.1010808578949423,25.25052274137868
1.1590408578949365,25.25052274137868
1.217000857894945,25.25052274137868
1.2749608578949392,25.25052274137868
1.3329208578949476,25.25052274137868
1.3908808578949419,25.25052274137868
1.448840857894936,25.25052274137868
1.5068008578949446,25.25052274137868
1.5647608578949388,25.25052274137868
1.6227208578949472,25.25052274137868
1.6806808578949415,25.25052274137868
1.7386408578949357,25.25052274137868
1.7966008578949442,25.25052274137868
1.8545608578949384,25.25052274137868
1.9125208578949469,25.25052274137868
1.970480857894941,25.25052274137868
2.0284408578949495,25.25052274137868
2.086400857894944,25.25052274137868
2.144360857894938,25.25052274137868
2.2023208578949465,25.25052274137868
2.2602808578949407,25.25052274137868
2.318240857894949,25.25052274137868
2.3762008578949434,25.25052274137868
2.4341608578949376,25.308482741378683
2.492120857894946,25.308482741378683
2.5500808578949403,25.308482741378683
2.6080408578949488,25.308482741378683
2.666000857894943,25.308482741378683
2.7239608578949372,25.308482741378683
2.7819208578949457,25.308482741378683
2.83988085789494,25.308482741378683
2.8978408578949484,25.308482741378683
2.9558008578949426,25.308482741378683
3.013760857894937,25.308482741378683
3.0717208578949453,25.308482741378683
3.1296808578949395,25.308482741378683
3.187640857894948,25.308482741378683
3.2456008578949422,25.308482741378683
3.3035608578949365,25.308482741378683
3.361520857894945,25.308482741378683
3.419480857894939,25.308482741378683
3.4774408578949476,25.308482741378683
3.535400857894942,25.308482741378683
3.593360857894936,25.308482741378683
3.6513208578949445,25.308482741378683
3.7092808578949388,25.308482741378683
3.7672408578949472,25.308482741378683
3.8252008578949415,25.308482741378683
3.8831608578949357,25.308482741378683
3.941120857894944,25.308482741378683
3.9990808578949384,25.308482741378683
4.057040857894947,25.308482741378683
4.115000857894941,25.308482741378683
4.172960857894935,25.308482741378683
4.230920857894944,25.308482741378683
4.288880857894938,25.308482741378683
4.3468408578949465,25.308482741378683
4.404800857894941,25.308482741378683
4.462760857894949,25.308482741378683
4.520720857894943,25.308482741378683
4.578680857894938,25.308482741378683
4.636640857894946,25.308482741378683
4.69460085789494,25.308482741378683
4.752560857894949,25.366442741378677
4.810520857894943,25.366442741378677
4.868480857894937,25.366442741378677
4.926440857894946,25.366442741378677
4.98440085789494,25.366442741378677
5.042360857894948,25.366442741378677
5.100320857894943,25.366442741378677
5.158280857894937,25.366442741378677
5.216240857894945,25.366442741378677
5.2742008578949395,25.366442741378677
5.332160857894948,25.366442741378677
5.390120857894942,25.366442741378677
5.4480808578949365,25.366442741378677
5.506040857894945,25.366442741378677
5.564000857894939,25.366442741378677
5.621960857894948,25.366442741378677
5.679920857894942,25.366442741378677
5.737880857894936,25.366442741378677
5.7958408578949445,25.366442741378677
5.853800857894939,25.366442741378677
5.911760857894947,25.366442741378677
5.9697208578949414,25.366442741378677
6.027680857894936,25.366442741378677
6.085640857894944,25.366442741378677
6.143600857894938,25.366442741378677
6.201560857894947,25.366442741378677
6.259520857894941,25.366442741378677
6.317480857894935,25.366442741378677
6.375440857894944,25.366442741378677
6.433400857894938,25.366442741378677
6.491360857894946,25.366442741378677
6.549320857894941,25.366442741378677
6.607280857894949,25.366442741378677
6.665240857894943,25.366442741378677
6.723200857894938,25.366442741378677
6.781160857894946,25.366442741378677
6.83912085789494,25.366442741378677
6.897080857894949,25.366442741378677
6.955040857894943,25.366442741378677
7.013000857894937,25.366442741378677
7.070960857894946,25.366442741378677
7.12892085789494,25.366442741378677
7.186880857894948,25.366442741378677
7.244840857894943,25.424402741378678
7.302800857894937,25.424402741378678
7.360760857894945,25.424402741378678
7.4187208578949395,25.424402741378678
7.476680857894948,25.424402741378678
7.534640857894942,25.424402741378678
7.592600857894936,25.424402741378678
7.650560857894945,25.424402741378678
7.708520857894939,25.424402741378678
7.766480857894948,25.424402741378678
7.824440857894942,25.424402741378678
7.882400857894936,25.424402741378678
7.9403608578949445,25.424402741378678
7.998320857894939,25.424402741378678
8.056280857894947,25.424402741378678
8.114240857894941,25.424402741378678
8.172200857894936,25.424402741378678
8.230160857894944,25.424402741378678
8.288120857894938,25.424402741378678
8.346080857894947,25.424402741378678
8.404040857894941,25.424402741378678
8.462000857894935,25.424402741378678
8.519960857894944,25.424402741378678
8.577920857894938,25.424402741378678
8.635880857894946,25.424402741378678
8.69384085789494,25.424402741378678
8.751800857894949,25.424402741378678
8.809760857894943,25.424402741378678
8.867720857894938,25.424402741378678
8.925680857894946,25.424402741378678
8.98364085789494,25.424402741378678
9.041600857894949,25.424402741378678
9.099560857894943,25.424402741378678
9.157520857894937,25.424402741378678
9.215480857894946,25.424402741378678
9.27344085789494,25.424402741378678
9.331400857894948,25.424402741378678
9.389360857894943,25.424402741378678
9.447320857894937,25.424402741378678
9.505280857894945,25.424402741378678
9.56324085789494,25.424402741378678
9.621200857894948,25.424402741378678
9.679160857894942,25.424402741378678
9.737120857894936,25.424402741378678
9.795080857894945,25.424402741378678
9.853040857894939,25.424402741378678
9.911000857894948,25.424402741378678
9.968960857894942,25.424402741378678
10.026920857894936,25.424402741378678
10.084880857894944,25.48236274137868
10.142840857894939,25.48236274137868
10.200800857894947,25.48236274137868
10.258760857894941,25.48236274137868
10.316720857894936,25.48236274137868
10.374680857894944,25.48236274137868
10.432640857894938,25.48236274137868
10.490600857894947,25.48236274137868
10.548560857894941,25.48236274137868
10.606520857894935,25.48236274137868
10.664480857894944,25.48236274137868
10.722440857894938,25.48236274137868
10.780400857894946,25.48236274137868
10.83836085789494,25.48236274137868
10.896320857894949,25.48236274137868
10.954280857894943,25.48236274137868
11.012240857894938,25.48236274137868
11.070200857894946,25.48236274137868
11.12816085789494,25.48236274137868
11.186120857894949,25.48236274137868
11.244080857894943,25.48236274137868
11.302040857894937,25.48236274137868
11.360000857894946,25.48236274137868
11.41796085789494,25.48236274137868
11.475920857894948,25.48236274137868
11.533880857894943,25.48236274137868
11.591840857894937,25.48236274137868
11.649800857894945,25.48236274137868
11.70776085789494,25.48236274137868
11.765720857894948,25.48236274137868
11.823680857894942,25.48236274137868
11.881640857894936,25.48236274137868
11.939600857894945,25.48236274137868
11.997560857894939,25.48236274137868
12.055520857894948,25.48236274137868
12.113480857894942,25.48236274137868
12.171440857894936,25.48236274137868
12.229400857894944,25.54032274137868
12.287360857894939,25.54032274137868
12.345320857894947,25.54032274137868
12.403280857894941,25.54032274137868
12.461240857894936,25.54032274137868
12.519200857894944,25.54032274137868
12.577160857894938,25.54032274137868
12.635120857894947,25.54032274137868
12.693080857894941,25.54032274137868
12.751040857894935,25.54032274137868
12.809000857894944,25.54032274137868
12.866960857894938,25.54032274137868
12.924920857894946,25.54032274137868
12.98288085789494,25.54032274137868
13.040840857894949,25.54032274137868
13.098800857894943,25.54032274137868
13.156760857894938,25.54032274137868
13.214720857894946,25.54032274137868
13.27268085789494,25.54032274137868
13.330640857894949,25.54032274137868
13.388600857894943,25.54032274137868
13.446560857894937,25.54032274137868
13.504520857894946,25.54032274137868
13.56248085789494,25.54032274137868
13.620440857894948,25.54032274137868
13.678400857894943,25.598282741378682
13.736360857894937,25.598282741378682
13.794320857894945,25.598282741378682
13.85228085789494,25.598282741378682
13.910240857894948,25.598282741378682
13.968200857894942,25.598282741378682
14.026160857894936,25.598282741378682
14.084120857894945,25.598282741378682
14.142080857894939,25.598282741378682
14.200040857894948,25.598282741378682
14.258000857894942,25.598282741378682
14.315960857894936,25.598282741378682
14.373920857894944,25.598282741378682
14.431880857894939,25.598282741378682
14.489840857894947,25.598282741378682
14.547800857894941,25.598282741378682
14.605760857894936,25.598282741378682
14.663720857894944,25.598282741378682
14.721680857894938,25.598282741378682
14.779640857894947,25.598282741378682
14.837600857894941,25.598282741378682
14.895560857894935,25.598282741378682
14.953520857894944,25.598282741378682
15.011480857894938,25.598282741378682
15.069440857894946,25.598282741378682
15.12740085789494,25.598282741378682
15.185360857894949,25.54032274137868
15.243320857894943,25.54032274137868
15.301280857894938,25.54032274137868
15.359240857894946,25.54032274137868
15.41720085789494,25.54032274137868
15.475160857894949,25.54032274137868
15.533120857894943,25.54032274137868
15.591080857894937,25.54032274137868
15.649040857894946,25.54032274137868
15.70700085789494,25.54032274137868
15.764960857894948,25.54032274137868
15.822920857894943,25.54032274137868
15.880880857894937,25.48236274137868
15.938840857894945,25.48236274137868
15.99680085789494,25.48236274137868
16.054760857894948,25.48236274137868
16.112720857894942,25.424402741378678
16.170680857894936,25.424402741378678
16.228640857894945,25.424402741378678
16.28660085789494,25.424402741378678
16.344560857894948,25.424402741378678
16.40252085789494,25.424402741378678
16.460480857894936,25.424402741378678
16.518440857894944,25.424402741378678
16.57640085789494,25.366442741378677
16.634360857894947,25.366442741378677
16.69232085789494,25.366442741378677
16.750280857894936,25.308482741378683
16.808240857894944,25.308482741378683
16.86620085789494,25.308482741378683
16.924160857894947,25.308482741378683
16.98212085789494,25.308482741378683
17.040080857894935,25.25052274137868
17.098040857894944,25.25052274137868
17.156000857894938,25.25052274137868
17.213960857894946,25.19256274137868
17.27192085789494,25.19256274137868
17.329880857894935,25.13460274137868
17.387840857894943,25.13460274137868
17.445800857894938,25.076642741378677
17.503760857894946,25.076642741378677
17.56172085789494,25.018682741378683
17.61968085789495,25.018682741378683
17.677640857894943,25.018682741378683
17.735600857894937,24.96072274137868
17.793560857894946,24.96072274137868
17.85152085789494,24.96072274137868
17.90948085789495,24.90276274137868
17.967440857894942,24.84480274137868
18.025400857894937,24.84480274137868
18.083360857894945,24.786842741378678
18.14132085789494,24.786842741378678
18.199280857894948,24.786842741378678
18.257240857894942,24.728882741378683
18.315200857894936,24.670922741378682
18.373160857894945,24.61296274137868
18.43112085789494,24.61296274137868
18.489080857894947,24.55500274137868
18.54704085789494,24.497042741378678
18.605000857894936,24.497042741378678
18.662960857894944,24.439082741378677
18.72092085789494,24.381122741378682
18.778880857894947,24.381122741378682
18.83684085789494,24.32316274137868
18.894800857894936,24.26520274137868
18.894800857894936,24.20724274137868
18.952760857894944,24.149282741378677
19.01072085789494,24.091322741378683
19.068680857894947,24.091322741378683
19.12664085789494,24.03336274137868
19.184600857894935,23.97540274137868
19.242560857894944,23.91744274137868
19.300520857894938,23.859482741378677
19.358480857894946,23.801522741378683
19.41644085789494,23.743562741378682
19.474400857894935,23.68560274137868
19.474400857894935,23.62764274137868
19.532360857894943,23.569682741378678
19.590320857894937,23.511722741378676
19.648280857894946,23.453762741378682
19.648280857894946,23.39580274137868
19.70624085789494,23.33784274137868
19.76420085789495,23.279882741378678
19.76420085789495,23.221922741378677
19.822160857894943,23.163962741378683
19.880120857894937,23.10600274137868
19.880120857894937,23.04804274137868
19.938080857894946,22.99008274137868
19.938080857894946,22.932122741378677
19.99604085789494,22.874162741378683
19.99604085789494,22.81620274137868
20.05400085789495,22.75824274137868
20.05400085789495,22.70028274137868
20.111960857894942,22.642322741378678
20.111960857894942,22.584362741378683
20.169920857894937,22.526402741378682
20.169920857894937,22.46844274137868
20.227880857894945,22.41048274137868
20.227880857894945,22.352522741378678
20.227880857894945,22.294562741378677
20.28584085789494,22.236602741378682
20.343800857894948,22.17864274137868
20.343800857894948,22.12068274137868
20.343800857894948,22.06272274137868
20.343800857894948,22.004762741378677
20.401760857894942,21.946802741378683
20.401760857894942,21.88884274137868
20.459720857894936,21.83088274137868
20.459720857894936,21.77292274137868
20.459720857894936,21.714962741378677
20.517680857894945,21.657002741378683
20.517680857894945,21.599042741378682
20.517680857894945,21.54108274137868
20.57564085789494,21.48312274137868
20.57564085789494,21.425162741378678
20.57564085789494,21.367202741378676
20.633600857894947,21.309242741378682
20.633600857894947,21.25128274137868
20.633600857894947,21.19332274137868
20.69156085789494,21.135362741378678
20.69156085789494,21.077402741378677
20.69156085789494,21.019442741378683
20.749520857894936,20.96148274137868
20.749520857894936,20.90352274137868
20.749520857894936,20.84556274137868
20.749520857894936,20.787602741378677
20.807480857894944,20.729642741378683
20.807480857894944,20.67168274137868
20.807480857894944,20.61372274137868
20.86544085789494,20.55576274137868
20.86544085789494,20.497802741378678
20.86544085789494,20.439842741378683
20.86544085789494,20.381882741378682
20.923400857894947,20.32392274137868
20.923400857894947,20.26596274137868
20.923400857894947,20.208002741378678
20.98136085789494,20.150042741378677
20.98136085789494,20.092082741378682
20.98136085789494,20.03412274137868
20.98136085789494,19.97616274137868
21.039320857894936,19.91820274137868
21.039320857894936,19.860242741378677
21.039320857894936,19.802282741378683
21.039320857894936,19.74432274137868
21.097280857894944,19.68636274137868
21.097280857894944,19.62840274137868
21.097280857894944,19.570442741378677
21.15524085789494,19.512482741378683
21.15524085789494,19.454522741378682
21.15524085789494,19.39656274137868
21.15524085789494,19.33860274137868
21.213200857894947,19.280642741378678
21.213200857894947,19.222682741378684
21.213200857894947,19.164722741378682
21.213200857894947,19.10676274137868
21.27116085789494,19.04880274137868
21.27116085789494,18.99084274137868
21.27116085789494,18.932882741378677
21.329120857894935,18.874922741378683
21.329120857894935,18.81696274137868
21.329120857894935,18.75900274137868
21.387080857894944,18.70104274137868
21.387080857894944,18.643082741378677
21.387080857894944,18.585122741378683
21.387080857894944,18.52716274137868
21.445040857894938,18.46920274137868
21.445040857894938,18.41124274137868
21.445040857894938,18.353282741378678
21.503000857894946,18.295322741378683
21.503000857894946,18.237362741378682
21.503000857894946,18.17940274137868
21.56096085789494,18.12144274137868
21.56096085789494,18.063482741378678
21.56096085789494,18.005522741378677
21.618920857894935,17.947562741378682
21.618920857894935,17.88960274137868
21.618920857894935,17.83164274137868
21.618920857894935,17.77368274137868
21.676880857894943,17.715722741378677
21.676880857894943,17.657762741378683
21.676880857894943,17.59980274137868
21.734840857894937,17.54184274137868
21.734840857894937,17.48388274137868
21.734840857894937,17.425922741378677
21.792800857894946,17.367962741378683
21.792800857894946,17.310002741378682
21.792800857894946,17.25204274137868
21.85076085789494,17.19408274137868
21.85076085789494,17.136122741378678
21.85076085789494,17.078162741378684
21.85076085789494,17.020202741378682
21.90872085789495,16.96224274137868
21.90872085789495,16.90428274137868
21.90872085789495,16.84632274137868
21.966680857894943,16.788362741378677
21.966680857894943,16.730402741378683
21.966680857894943,16.67244274137868
22.024640857894937,16.61448274137868
22.024640857894937,16.55652274137868
22.024640857894937,16.498562741378677
22.082600857894946,16.440602741378683
22.082600857894946,16.38264274137868
22.082600857894946,16.32468274137868
22.082600857894946,16.26672274137868
22.14056085789494,16.208762741378678
22.14056085789494,16.150802741378683
22.14056085789494,16.092842741378682
22.198520857894948,16.03488274137868
22.198520857894948,15.97692274137868
22.198520857894948,15.918962741378678
22.198520857894948,15.861002741378677
22.256480857894942,15.803042741378682
22.256480857894942,15.745082741378681
22.256480857894942,15.68712274137868
22.314440857894937,15.629162741378678
22.314440857894937,15.571202741378677
22.314440857894937,15.513242741378683
22.372400857894945,15.455282741378682
22.372400857894945,15.39732274137868
22.372400857894945,15.339362741378679
22.372400857894945,15.281402741378677
22.43036085789494,15.223442741378683
22.43036085789494,15.165482741378682
22.43036085789494,15.10752274137868
22.488320857894948,15.04956274137868
22.488320857894948,14.991602741378678
22.488320857894948,14.933642741378684
22.488320857894948,14.875682741378682
22.546280857894942,14.817722741378681
22.546280857894942,14.75976274137868
22.546280857894942,14.701802741378678
22.604240857894936,14.643842741378677
22.604240857894936,14.585882741378683
22.604240857894936,14.527922741378681
22.604240857894936,14.46996274137868
22.662200857894945,14.412002741378679
22.662200857894945,14.354042741378677
22.662200857894945,14.296082741378683
22.72016085789494,14.238122741378682
22.72016085789494,14.18016274137868
22.72016085789494,14.122202741378679
22.72016085789494,14.064242741378678
22.778120857894947,14.006282741378683
22.778120857894947,13.948322741378682
22.778120857894947,13.89036274137868
22.83608085789494,13.83240274137868
22.83608085789494,13.774442741378678
22.83608085789494,13.716482741378684
22.83608085789494,13.658522741378682
22.894040857894936,13.600562741378681
22.894040857894936,13.54260274137868
22.894040857894936,13.484642741378678
22.952000857894944,13.426682741378677
22.952000857894944,13.368722741378683
22.952000857894944,13.310762741378682
23.00996085789494,13.25280274137868
23.00996085789494,13.194842741378679
23.00996085789494,13.136882741378678
23.00996085789494,13.078922741378683
23.067920857894947,13.020962741378682
23.067920857894947,12.96300274137868
23.067920857894947,12.90504274137868
23.12588085789494,12.847082741378678
23.12588085789494,12.789122741378684
23.12588085789494,12.731162741378682
23.12588085789494,12.673202741378681
23.183840857894936,12.61524274137868
23.183840857894936,12.557282741378678
23.183840857894936,12.499322741378677
23.241800857894944,12.441362741378683
23.241800857894944,12.383402741378681
23.241800857894944,12.32544274137868
23.241800857894944,12.267482741378679
23.29976085789494,12.209522741378677
23.29976085789494,12.151562741378683
23.29976085789494,12.093602741378682
23.357720857894947,12.03564274137868
23.357720857894947,11.977682741378679
23.357720857894947,11.919722741378678
23.41568085789494,11.861762741378683
23.41568085789494,11.803802741378682
23.41568085789494,11.74584274137868
23.41568085789494,11.68788274137868
23.473640857894935,11.629922741378678
23.473640857894935,11.571962741378684
23.473640857894935,11.514002741378683
23.531600857894944,11.456042741378681
23.531600857894944,11.39808274137868
23.531600857894944,11.340122741378678
23.589560857894938,11.282162741378677
23.589560857894938,11.224202741378683
23.589560857894938,11.166242741378682
23.589560857894938,11.10828274137868
23.647520857894946,11.050322741378679
23.647520857894946,10.992362741378678
23.647520857894946,10.934402741378683
23.647520857894946,10.876442741378682
23.647520857894946,10.81848274137868
23.647520857894946,10.76052274137868
23.647520857894946,10.702562741378678
23.647520857894946,10.644602741378684
23.70548085789494,10.586642741378682
23.70548085789494,10.528682741378681
23.70548085789494,10.47072274137868
23.70548085789494,10.412762741378678
23.70548085789494,10.354802741378677
23.70548085789494,10.296842741378683
23.70548085789494,10.238882741378681
23.763440857894935,10.18092274137868
23.763440857894935,10.122962741378679
23.763440857894935,10.065002741378677
23.763440857894935,10.007042741378683
23.763440857894935,9.949082741378682
23.70548085789494,9.89112274137868
23.70548085789494,9.833162741378679
23.70548085789494,9.775202741378678
23.70548085789494,9.717242741378683
23.70548085789494,9.659282741378682
23.647520857894946,9.60132274137868
23.647520857894946,9.54336274137868
23.647520857894946,9.485402741378678
23.647520857894946,9.427442741378684
23.589560857894938,9.369482741378683
23.589560857894938,9.311522741378681
23.589560857894938,9.25356274137868
23.589560857894938,9.195602741378679
23.531600857894944,9.137642741378677
23.531600857894944,9.079682741378683
23.531600857894944,9.021722741378682
23.473640857894935,8.96376274137868
23.473640857894935,8.905802741378679
23.41568085789494,8.847842741378678
23.357720857894947,8.789882741378683
23.29976085789494,8.731922741378682
23.29976085789494,8.67396274137868
23.241800857894944,8.61600274137868
23.183840857894936,8.61600274137868
23.12588085789494,8.558042741378678
23.12588085789494,8.500082741378684
23.067920857894947,8.442122741378682
23.00996085789494,8.442122741378682
22.952000857894944,8.384162741378681
22.894040857894936,8.32620274137868
22.83608085789494,8.268242741378678
22.778120857894947,8.210282741378677
22.72016085789494,8.210282741378677
22.662200857894945,8.152322741378683
22.662200857894945,8.094362741378681
22.604240857894936,8.03640274137868
22.546280857894942,8.03640274137868
22.488320857894948,7.978442741378679
22.43036085789494,7.920482741378677
22.372400857894945,7.862522741378683
22.314440857894937,7.862522741378683
22.256480857894942,7.804562741378682
22.198520857894948,7.74660274137868
22.14056085789494,7.74660274137868
22.082600857894946,7.688642741378679
22.024640857894937,7.630682741378678
21.966680857894943,7.630682741378678
21.90872085789495,7.5727227413786835
21.85076085789494,7.514762741378682
21.792800857894946,7.514762741378682
21.734840857894937,7.456802741378681
21.676880857894943,7.3988427413786795
21.618920857894935,7.3988427413786795
21.56096085789494,7.340882741378678
21.503000857894946,7.282922741378684
21.445040857894938,7.282922741378684
21.387080857894944,7.2249627413786826
21.329120857894935,7.167002741378681
21.27116085789494,7.167002741378681
21.213200857894947,7.10904274137868
21.15524085789494,7.0510827413786785
21.097280857894944,7.0510827413786785
21.039320857894936,6.993122741378677
20.98136085789494,6.993122741378677
20.923400857894947,6.935162741378683
20.86544085789494,6.877202741378682
20.807480857894944,6.877202741378682
20.749520857894936,6.81924274137868
20.69156085789494,6.761282741378679
20.633600857894947,6.761282741378679
20.57564085789494,6.703322741378678
20.517680857894945,6.703322741378678
20.459720857894936,6.645362741378683
20.401760857894942,6.587402741378682
20.343800857894948,6.587402741378682
20.28584085789494,6.529442741378681
20.227880857894945,6.529442741378681
20.169920857894937,6.471482741378679
20.111960857894942,6.413522741378678
20.05400085789495,6.413522741378678
19.99604085789494,6.355562741378684
19.938080857894946,6.355562741378684
19.880120857894937,6.297602741378682
19.822160857894943,6.239642741378681
19.76420085789495,6.239642741378681
19.70624085789494,6.18168274137868
19.648280857894946,6.18168274137868
19.590320857894937,6.123722741378678
19.532360857894943,6.123722741378678
19.474400857894935,6.123722741378678
19.41644085789494,6.065762741378684
19.358480857894946,6.007802741378683
19.300520857894938,5.949842741378681
19.242560857894944,5.949842741378681
19.184600857894935,5.89188274137868
19.12664085789494,5.89188274137868
19.068680857894947,5.833922741378679
19.01072085789494,5.833922741378679
18.952760857894944,5.833922741378679
18.894800857894936,5.775962741378677
18.83684085789494,5.718002741378683
18.778880857894947,5.718002741378683
18.72092085789494,5.660042741378682
18.662960857894944,5.660042741378682
18.605000857894936,5.6020827413786805
18.54704085789494,5.6020827413786805
18.489080857894947,5.544122741378679
18.43112085789494,5.544122741378679
18.373160857894945,5.486162741378678
18.315200857894936,5.486162741378678
18.257240857894942,5.4282027413786835
18.199280857894948,5.4282027413786835
18.14132085789494,5.370242741378682
18.083360857894945,5.370242741378682
18.025400857894937,5.312282741378681
17.967440857894942,5.312282741378681
17.90948085789495,5.2543227413786795
17.85152085789494,5.2543227413786795
17.793560857894946,5.196362741378678
17.735600857894937,5.196362741378678
17.677640857894943,5.138402741378684
17.61968085789495,5.138402741378684
17.56172085789494,5.080442741378683
17.503760857894946,5.080442741378683
17.445800857894938,5.022482741378681
17.387840857894943,5.022482741378681
17.329880857894935,4.96452274137868
17.27192085789494,4.96452274137868
17.213960857894946,4.9065627413786785
17.156000857894938,4.9065627413786785
17.098040857894944,4.848602741378677
17.040080857894935,4.848602741378677
16.98212085789494,4.790642741378683
16.924160857894947,4.790642741378683
16.86620085789494,4.732682741378682
16.808240857894944,4.732682741378682
16.750280857894936,4.67472274137868
16.69232085789494,4.67472274137868
16.634360857894947,4.616762741378679
16.57640085789494,4.616762741378679
16.518440857894944,4.558802741378678
16.460480857894936,4.558802741378678
16.40252085789494,4.558802741378678
16.344560857894948,4.500842741378683
16.28660085789494,4.500842741378683
16.228640857894945,4.500842741378683
16.170680857894936,4.442882741378682
16.112720857894942,4.442882741378682
16.054760857894948,4.442882741378682
15.99680085789494,4.384922741378681
15.938840857894945,4.384922741378681
15.880880857894937,4.384922741378681
15.822920857894943,4.326962741378679
15.764960857894948,4.326962741378679
15.70700085789494,4.326962741378679
15.649040857894946,4.269002741378678
15.591080857894937,4.269002741378678
15.533120857894943,4.269002741378678
15.475160857894949,4.211042741378684
15.41720085789494,4.211042741378684
15.359240857894946,4.211042741378684
15.301280857894938,4.153082741378682
15.243320857894943,4.153082741378682
15.185360857894949,4.153082741378682
15.12740085789494,4.095122741378681
15.069440857894946,4.095122741378681
15.011480857894938,4.095122741378681
14.953520857894944,4.03716274137868
14.895560857894935,4.03716274137868
14.837600857894941,4.03716274137868
14.779640857894947,3.9792027413786784
14.721680857894938,3.9792027413786784
14.663720857894944,3.9792027413786784
14.605760857894936,3.9792027413786784
14.547800857894941,3.921242741378684
14.489840857894947,3.921242741378684
14.431880857894939,3.921242741378684
14.373920857894944,3.8632827413786828
14.315960857894936,3.8632827413786828
14.258000857894942,3.8632827413786828
14.200040857894948,3.8632827413786828
14.142080857894939,3.8053227413786814
14.084120857894945,3.8053227413786814
14.026160857894936,3.8053227413786814
13.968200857894942,3.8053227413786814
13.910240857894948,3.74736274137868
13.85228085789494,3.74736274137868
13.794320857894945,3.74736274137868
13.736360857894937,3.6894027413786787
13.678400857894943,3.6894027413786787
13.620440857894948,3.6894027413786787
13.56248085789494,3.6894027413786787
13.504520857894946,3.6314427413786774
13.446560857894937,3.6314427413786774
13.388600857894943,3.6314427413786774
13.330640857894949,3.6314427413786774
13.27268085789494,3.6314427413786774
13.214720857894946,3.573482741378683
13.156760857894938,3.573482741378683
13.098800857894943,3.573482741378683
13.040840857894949,3.515522741378682
12.98288085789494,3.515522741378682
12.924920857894946,3.515522741378682
12.866960857894938,3.515522741378682
12.809000857894944,3.4575627413786805
12.751040857894935,3.4575627413786805
12.693080857894941,3.4575627413786805
12.635120857894947,3.399602741378679
12.577160857894938,3.399602741378679
12.519200857894944,3.399602741378679
12.461240857894936,3.399602741378679
12.403280857894941,3.341642741378678
12.345320857894947,3.341642741378678
12.287360857894939,3.341642741378678
12.229400857894944,3.341642741378678
12.171440857894936,3.341642741378678
12.113480857894942,3.2836827413786835
12.055520857894948,3.2836827413786835
11.997560857894939,3.2836827413786835
11.939600857894945,3.225722741378682
11.881640857894936,3.225722741378682
11.823680857894942,3.225722741378682
11.765720857894948,3.225722741378682
11.70776085789494,3.167762741378681
11.649800857894945,3.167762741378681
11.591840857894937,3.167762741378681
11.533880857894943,3.1098027413786795
11.475920857894948,3.1098027413786795
11.41796085789494,3.1098027413786795
11.360000857894946,3.1098027413786795
11.302040857894937,3.1098027413786795
11.244080857894943,3.051842741378678
11.186120857894949,3.051842741378678
11.12816085789494,3.051842741378678
11.070200857894946,3.051842741378678
11.012240857894938,2.993882741378684
10.954280857894943,2.993882741378684
10.896320857894949,2.993882741378684
10.83836085789494,2.9359227413786826
10.780400857894946,2.9359227413786826
10.722440857894938,2.9359227413786826
10.664480857894944,2.8779627413786812
10.606520857894935,2.8779627413786812
10.548560857894941,2.8779627413786812
10.490600857894947,2.8779627413786812
10.432640857894938,2.82000274137868
10.374680857894944,2.82000274137868
10.316720857894936,2.82000274137868
10.258760857894941,2.82000274137868
10.200800857894947,2.82000274137868
10.142840857894939,2.7620427413786786
10.084880857894944,2.7620427413786786
10.026920857894936,2.704082741378677
9.968960857894942,2.704082741378677
9.911000857894948,2.704082741378677
9.853040857894939,2.704082741378677
9.795080857894945,2.704082741378677
9.737120857894936,2.646122741378683
9.679160857894942,2.646122741378683
9.621200857894948,2.646122741378683
9.56324085789494,2.646122741378683
9.505280857894945,2.5881627413786816
9.447320857894937,2.5881627413786816
9.389360857894943,2.5881627413786816
9.331400857894948,2.5302027413786803
9.27344085789494,2.5302027413786803
9.215480857894946,2.5302027413786803
9.157520857894937,2.5302027413786803
9.099560857894943,2.472242741378679
9.041600857894949,2.472242741378679
8.98364085789494,2.472242741378679
8.925680857894946,2.4142827413786776
8.867720857894938,2.4142827413786776
8.809760857894943,2.4142827413786776
8.751800857894949,2.4142827413786776
8.69384085789494,2.3563227413786834
8.635880857894946,2.3563227413786834
8.577920857894938,2.3563227413786834
8.519960857894944,2.298362741378682
8.462000857894935,2.298362741378682
8.404040857894941,2.298362741378682
8.346080857894947,2.298362741378682
8.288120857894938,2.298362741378682
8.230160857894944,2.2404027413786807
8.172200857894936,2.2404027413786807
8.114240857894941,2.2404027413786807
8.056280857894947,2.1824427413786793
7.998320857894939,2.1824427413786793
7.9403608578949445,2.1824427413786793
7.882400857894936,2.1824427413786793
7.824440857894942,2.124482741378678
7.766480857894948,2.124482741378678
7.708520857894939,2.124482741378678
7.650560857894945,2.124482741378678
7.592600857894936,2.0665227413786837
7.534640857894942,2.0665227413786837
7.476680857894948,2.0665227413786837
7.4187208578949395,2.0085627413786824
7.360760857894945,2.0085627413786824
7.302800857894937,2.0085627413786824
7.244840857894943,2.0085627413786824
7.186880857894948,1.950602741378681
7.12892085789494,1.950602741378681
7.070960857894946,1.950602741378681
7.013000857894937,1.8926427413786797
6.955040857894943,1.8926427413786797
6.897080857894949,1.8926427413786797
6.83912085789494,1.8926427413786797
6.781160857894946,1.8346827413786784
6.723200857894938,1.8346827413786784
6.665240857894943,1.8346827413786784
6.607280857894949,1.8346827413786784
6.549320857894941,1.7767227413786841
6.491360857894946,1.7767227413786841
6.433400857894938,1.7767227413786841
6.375440857894944,1.7187627413786828
6.317480857894935,1.7187627413786828
6.259520857894941,1.7187627413786828
6.201560857894947,1.7187627413786828
6.143600857894938,1.6608027413786814
6.085640857894944,1.6608027413786814
6.027680857894936,1.6608027413786814
5.9697208578949414,1.6608027413786814
5.911760857894947,1.60284274137868
5.853800857894939,1.60284274137868
5.7958408578949445,1.60284274137868
5.737880857894936,1.60284274137868
5.679920857894942,1.5448827413786788
5.621960857894948,1.5448827413786788
5.564000857894939,1.5448827413786788
5.506040857894945,1.4869227413786774
5.4480808578949365,1.4869227413786774
5.390120857894942,1.4869227413786774
5.332160857894948,1.4869227413786774
5.2742008578949395,1.4289627413786832
5.216240857894945,1.4289627413786832
5.158280857894937,1.4289627413786832
5.100320857894943,1.4289627413786832
5.042360857894948,1.3710027413786818
4.98440085789494,1.3710027413786818
4.926440857894946,1.3710027413786818
4.868480857894937,1.3130427413786805
4.810520857894943,1.3130427413786805
4.752560857894949,1.3130427413786805
4.69460085789494,1.3130427413786805
4.636640857894946,1.3130427413786805
4.578680857894938,1.2550827413786791
4.520720857894943,1.2550827413786791
4.462760857894949,1.2550827413786791
4.404800857894941,1.1971227413786778
4.3468408578949465,1.1971227413786778
4.288880857894938,1.1971227413786778
4.230920857894944,1.1971227413786778
4.172960857894935,1.1391627413786836
4.115000857894941,1.1391627413786836
4.057040857894947,1.1391627413786836
3.9990808578949384,1.0812027413786822
3.941120857894944,1.0812027413786822
3.8831608578949357,1.0812027413786822
3.8252008578949415,1.0812027413786822
3.7672408578949472,1.0232427413786809
3.7092808578949388,1.0232427413786809
3.6513208578949445,1.0232427413786809
3.593360857894936,1.0232427413786809
3.535400857894942,1.0232427413786809
3.4774408578949476,0.9652827413786795
3.419480857894939,0.9652827413786795
3.361520857894945,0.9073227413786782
3.3035608578949365,0.9073227413786782
3.2456008578949422,0.9073227413786782
3.187640857894948,0.9073227413786782
3.1296808578949395,0.849362741378684
3.0717208578949453,0.849362741378684
3.013760857894937,0.849362741378684
2.9558008578949426,0.849362741378684
2.8978408578949484,0.7914027413786826
2.83988085789494,0.7914027413786826
2.7819208578949457,0.7914027413786826
2.7239608578949372,0.7914027413786826
2.666000857894943,0.7334427413786813
2.6080408578949488,0.7334427413786813
2.5500808578949403,0.7334427413786813
2.492120857894946,0.6754827413786799
2.4341608578949376,0.6754827413786799
2.3762008578949434,0.6754827413786799
2.318240857894949,0.6754827413786799
2.2602808578949407,0.6175227413786786
2.2023208578949465,0.6175227413786786
2.144360857894938,0.6175227413786786
2.086400857894944,0.6175227413786786
2.0284408578949495,0.5595627413786843
1.970480857894941,0.5595627413786843
1.9125208578949469,0.5595627413786843
1.8545608578949384,0.5595627413786843
1.7966008578949442,0.501602741378683
1.7386408578949357,0.501602741378683
1.6806808578949415,0.501602741378683
1.6227208578949472,0.501602741378683
1.5647608578949388,0.44364274137868165
1.5068008578949446,0.44364274137868165
1.448840857894936,0.44364274137868165
1.3908808578949419,0.3856827413786803
1.3329208578949476,0.3856827413786803
1.2749608578949392,0.3856827413786803
1.217000857894945,0.3856827413786803
1.1590408578949365,0.32772274137867896
1.1010808578949423,0.32772274137867896
1.043120857894948,0.32772274137867896
0.9851608578949396,0.2697627413786776
0.9272008578949453,0.2697627413786776
0.8692408578949369,0.2697627413786776
0.8112808578949426,0.2697627413786776
0.7533208578949484,0.2697627413786776
0.69536085789494,0.21180274137868338
0.6374008578949457,0.21180274137868338
0.5794408578949373,0.21180274137868338
0.521480857894943,0.21180274137868338
0.4635208578949488,0.15384274137868204
0.40556085789494034,0.15384274137868204
0.3476008578949461,0.09588274137868069
0.28964085789493765,0.09588274137868069
0.23168085789494341,0.09588274137868069
0.17372085789494918,0.09588274137868069
0.11576085789494073,0.09588274137868069
0.05780085789494649,0.03792274137867935
-0.00015914210506196014,0.03792274137867935
-0.0581191421050562,0.03792274137867935
-0.11607914210505044,-0.020037258621321996
-0.17403914210505889,-0.020037258621321996
-0.23199914210505312,-0.020037258621321996
-0.2899591421050616,-0.020037258621321996
-0.3479191421050558,-0.07799725862131623
-0.40587914210506426,-0.07799725862131623
-0.4638391421050585,-0.07799725862131623
-0.5217991421050527,-0.07799725862131623
-0.5797591421050612,-0.13595725862131758
-0.6377191421050554,-0.13595725862131758
-0.6956791421050639,-0.13595725862131758
-0.7536391421050581,-0.19391725862131892
-0.8115991421050524,-0.19391725862131892
-0.8695591421050608,-0.19391725862131892
-0.927519142105055,-0.19391725862131892
-0.9854791421050635,-0.19391725862131892
-1.0434391421050577,-0.25187725862132027
-1.101399142105052,-0.25187725862132027
-1.1593591421050604,-0.3098372586213216
-1.2173191421050547,-0.3098372586213216
-1.275279142105063,-0.3098372586213216
-1.3332391421050573,-0.3098372586213216
-1.3911991421050516,-0.36779725862131585
-1.44915914210506,-0.36779725862131585
-1.5071191421050543,-0.36779725862131585
-1.5650791421050627,-0.36779725862131585
-1.623039142105057,-0.4257572586213172
-1.6809991421050512,-0.4257572586213172
-1.7389591421050596,-0.4257572586213172
-1.7969191421050539,-0.4257572586213172
-1.8548791421050623,-0.48371725862131854
-1.9128391421050566,-0.48371725862131854
-1.9707991421050508,-0.48371725862131854
-2.0287591421050593,-0.48371725862131854
-2.0867191421050535,-0.5416772586213199
-2.144679142105062,-0.5416772586213199
-2.202639142105056,-0.5416772586213199
-2.2605991421050504,-0.5416772586213199
-2.318559142105059,-0.5996372586213212
-2.376519142105053,-0.5996372586213212
-2.4344791421050616,-0.5996372586213212
-2.492439142105056,-0.6575972586213226
-2.5503991421050642,-0.6575972586213226
-2.6083591421050585,-0.6575972586213226
-2.6663191421050527,-0.7155572586213168
-2.724279142105061,-0.7155572586213168
-2.7822391421050554,-0.7155572586213168
-2.840199142105064,-0.7155572586213168
-2.898159142105058,-0.7735172586213181
-2.9561191421050523,-0.7735172586213181
-3.014079142105061,-0.7735172586213181
-3.072039142105055,-0.7735172586213181
-3.1299991421050635,-0.8314772586213195
-3.1879591421050577,-0.8314772586213195
-3.245919142105052,-0.8314772586213195
-3.3038791421050604,-0.8314772586213195
-3.3618391421050546,-0.8894372586213208
-3.419799142105063,-0.8894372586213208
-3.4777591421050573,-0.8894372586213208
-3.5357191421050516,-0.9473972586213222
-3.59367914210506,-0.9473972586213222
-3.6516391421050542,-0.9473972586213222
-3.7095991421050627,-0.9473972586213222
-3.767559142105057,-1.0053572586213164
-3.825519142105051,-1.0053572586213164
-3.8834791421050596,-1.0053572586213164
-3.941439142105054,-1.0053572586213164
-3.9993991421050623,-1.0633172586213178
-4.0573591421050565,-1.0633172586213178
-4.115319142105051,-1.0633172586213178
-4.173279142105059,-1.0633172586213178
-4.2312391421050535,-1.121277258621319
-4.289199142105062,-1.121277258621319
-4.347159142105056,-1.121277258621319
-4.40511914210505,-1.1792372586213204
-4.463079142105059,-1.1792372586213204
-4.521039142105053,-1.1792372586213204
-4.5789991421050615,-1.1792372586213204
-4.636959142105056,-1.2371972586213218
-4.694919142105064,-1.2371972586213218
-4.7528791421050585,-1.2371972586213218
-4.810839142105053,-1.2371972586213218
-4.868799142105061,-1.295157258621316
-4.926759142105055,-1.295157258621316
-4.984719142105064,-1.295157258621316
-5.042679142105058,-1.295157258621316
-5.100639142105052,-1.3531172586213174
-5.158599142105061,-1.3531172586213174
-5.216559142105055,-1.3531172586213174
-5.2745191421050635,-1.3531172586213174
-5.332479142105058,-1.4110772586213187
-5.390439142105052,-1.4110772586213187
-5.44839914210506,-1.4110772586213187
-5.506359142105055,-1.46903725862132
-5.564319142105063,-1.46903725862132
-5.622279142105057,-1.46903725862132
-5.6802391421050515,-1.46903725862132
-5.73819914210506,-1.5269972586213214
-5.796159142105054,-1.5269972586213214
-5.854119142105063,-1.5269972586213214
-5.912079142105057,-1.5849572586213156
-5.970039142105051,-1.5849572586213156
-6.02799914210506,-1.5849572586213156
-6.085959142105054,-1.5849572586213156
-6.143919142105062,-1.5849572586213156
-6.2018791421050565,-1.642917258621317
-6.259839142105051,-1.642917258621317
-6.317799142105059,-1.642917258621317
-6.3757591421050535,-1.7008772586213183
-6.433719142105062,-1.7008772586213183
-6.491679142105056,-1.7008772586213183
-6.54963914210505,-1.7008772586213183
-6.607599142105059,-1.7588372586213197
-6.665559142105053,-1.7588372586213197
-6.7235191421050615,-1.7588372586213197
-6.781479142105056,-1.816797258621321
-6.839439142105064,-1.816797258621321
-6.8973991421050584,-1.816797258621321
-6.955359142105053,-1.816797258621321
-7.013319142105061,-1.816797258621321
-7.071279142105055,-1.8747572586213224
-7.129239142105064,-1.8747572586213224
-7.187199142105058,-1.8747572586213224
-7.245159142105052,-1.9327172586213166
-7.303119142105061,-1.9327172586213166
-7.361079142105055,-1.9327172586213166
-7.419039142105063,-1.9327172586213166
-7.476999142105058,-1.990677258621318
-7.534959142105052,-1.990677258621318
-7.59291914210506,-1.990677258621318
-7.650879142105055,-1.990677258621318
-7.708839142105063,-2.0486372586213193
-7.766799142105057,-2.0486372586213193
-7.8247591421050515,-2.0486372586213193
-7.88271914210506,-2.1065972586213206
-7.940679142105054,-2.1065972586213206
-7.998639142105063,-2.1065972586213206
-8.056599142105057,-2.1065972586213206
-8.114559142105051,-2.164557258621322
-8.17251914210506,-2.164557258621322
-8.230479142105054,-2.164557258621322
-8.288439142105062,-2.222517258621316
-8.346399142105057,-2.222517258621316
-8.40435914210505,-2.222517258621316
-8.46231914210506,-2.222517258621316
-8.520279142105053,-2.222517258621316
-8.578239142105062,-2.2804772586213176
-8.636199142105056,-2.2804772586213176
-8.69415914210505,-2.2804772586213176
-8.752119142105059,-2.338437258621319
-8.810079142105053,-2.338437258621319
-8.868039142105062,-2.338437258621319
-8.925999142105056,-2.338437258621319
-8.98395914210505,-2.3963972586213202
-9.041919142105058,-2.3963972586213202
-9.099879142105053,-2.3963972586213202
-9.157839142105061,-2.3963972586213202
-9.215799142105055,-2.4543572586213216
-9.273759142105064,-2.4543572586213216
-9.331719142105058,-2.4543572586213216
-9.389679142105052,-2.512317258621316
-9.44763914210506,-2.512317258621316
-9.505599142105055,-2.512317258621316
-9.563559142105063,-2.570277258621317
-9.621519142105058,-2.570277258621317
-9.679479142105052,-2.570277258621317
-9.73743914210506,-2.570277258621317
-9.795399142105055,-2.6282372586213185
-9.853359142105063,-2.6282372586213185
-9.911319142105057,-2.6282372586213185
-9.969279142105052,-2.6282372586213185
-10.02723914210506,-2.6282372586213185
-10.085199142105054,-2.68619725862132
-10.143159142105063,-2.68619725862132
-10.201119142105057,-2.68619725862132
-10.259079142105051,-2.68619725862132
-10.31703914210506,-2.744157258621321
-10.374999142105054,-2.744157258621321
-10.432959142105062,-2.8021172586213225
-10.490919142105056,-2.8021172586213225
-10.54887914210505,-2.8021172586213225
-10.60683914210506,-2.8021172586213225
-10.664799142105053,-2.860077258621317
-10.722759142105062,-2.860077258621317
-10.780719142105056,-2.860077258621317
-10.83867914210505,-2.860077258621317
-10.896639142105059,-2.918037258621318
-10.954599142105053,-2.918037258621318
-11.012559142105061,-2.918037258621318
-11.070519142105056,-2.918037258621318
-11.12847914210505,-2.9759972586213195
-11.186439142105058,-2.9759972586213195
-11.244399142105053,-2.9759972586213195
-11.302359142105061,-3.033957258621321
-11.360319142105055,-3.033957258621321
-11.418279142105064,-3.033957258621321
-11.476239142105058,-3.033957258621321
-11.534199142105052,-3.091917258621322
-11.59215914210506,-3.091917258621322
-11.650119142105055,-3.091917258621322
-11.708079142105063,-3.091917258621322
-11.766039142105058,-3.1498772586213164
-11.823999142105052,-3.1498772586213164
-11.88195914210506,-3.1498772586213164
-11.939919142105055,-3.2078372586213177
-11.997879142105063,-3.2078372586213177
-12.055839142105057,-3.2078372586213177
-12.113799142105051,-3.2078372586213177
-12.17175914210506,-3.265797258621319
-12.229719142105054,-3.265797258621319
-12.287679142105063,-3.265797258621319
-12.345639142105057,-3.265797258621319
-12.403599142105051,-3.3237572586213204
-12.46155914210506,-3.3237572586213204
-12.519519142105054,-3.3237572586213204
-12.577479142105062,-3.3237572586213204
-12.635439142105056,-3.3817172586213218
-12.69339914210505,-3.3817172586213218
-12.75135914210506,-3.3817172586213218
-12.809319142105053,-3.439677258621316
-12.867279142105062,-3.439677258621316
-12.925239142105056,-3.439677258621316
-12.98319914210505,-3.439677258621316
-13.041159142105059,-3.4976372586213174
-13.099119142105053,-3.4976372586213174
-13.157079142105061,-3.4976372586213174
-13.215039142105056,-3.4976372586213174
-13.27299914210505,-3.5555972586213187
-13.330959142105058,-3.5555972586213187
-13.388919142105053,-3.5555972586213187
-13.446879142105061,-3.61355725862132
-13.504839142105055,-3.61355725862132
-13.562799142105064,-3.61355725862132
-13.620759142105058,-3.61355725862132
-13.678719142105052,-3.61355725862132
-13.73667914210506,-3.6715172586213214
-13.794639142105055,-3.6715172586213214
-13.852599142105063,-3.6715172586213214
-13.910559142105058,-3.7294772586213156
-13.968519142105052,-3.7294772586213156
-14.02647914210506,-3.7294772586213156
-14.084439142105055,-3.7294772586213156
-14.142399142105063,-3.787437258621317
-14.200359142105057,-3.787437258621317
-14.258319142105051,-3.787437258621317
-14.31627914210506,-3.8453972586213183
-14.374239142105054,-3.8453972586213183
-14.432199142105063,-3.8453972586213183
-14.490159142105057,-3.8453972586213183
-14.548119142105051,-3.9033572586213197
-14.60607914210506,-3.9033572586213197
-14.664039142105054,-3.9033572586213197
-14.721999142105062,-3.9033572586213197
-14.779959142105056,-3.9033572586213197
-14.83791914210505,-3.961317258621321
-14.89587914210506,-3.961317258621321
-14.953839142105053,-4.019277258621322
-15.011799142105062,-4.019277258621322
-15.069759142105056,-4.019277258621322
-15.12771914210505,-4.019277258621322
-15.185679142105059,-4.019277258621322
-15.243639142105053,-4.077237258621317
-15.301599142105061,-4.077237258621317
-15.359559142105056,-4.077237258621317
-15.41751914210505,-4.135197258621318
-15.475479142105058,-4.135197258621318
-15.533439142105053,-4.135197258621318
-15.591399142105061,-4.135197258621318
-15.649359142105055,-4.193157258621319
-15.707319142105064,-4.193157258621319
-15.765279142105058,-4.193157258621319
-15.823239142105052,-4.193157258621319
-15.88119914210506,-4.251117258621321
-15.939159142105055,-4.251117258621321
-15.997119142105063,-4.251117258621321
-16.055079142105058,-4.309077258621318
-16.113039142105052,-4.309077258621318
-16.17099914210506,-4.309077258621318
-16.228959142105055,-4.309077258621318
-16.286919142105063,-4.309077258621318
-16.344879142105057,-4.36703725862132
-16.40283914210505,-4.36703725862132
-16.46079914210506,-4.4249972586213175
-16.518759142105054,-4.4249972586213175
-16.576719142105063,-4.4249972586213175
-16.634679142105057,-4.4249972586213175
-16.69263914210505,-4.4249972586213175
-16.75059914210506,-4.482957258621319
-16.808559142105054,-4.482957258621319
-16.866519142105062,-4.482957258621319
-16.924479142105056,-4.54091725862132
-16.98243914210505,-4.54091725862132
-17.04039914210506,-4.54091725862132
-17.098359142105053,-4.54091725862132
-17.156319142105062,-4.598877258621318
-17.214279142105056,-4.598877258621318
-17.27223914210505,-4.598877258621318
-17.33019914210506,-4.598877258621318
-17.388159142105053,-4.656837258621319
-17.44611914210506,-4.656837258621319
-17.504079142105056,-4.656837258621319
-17.56203914210505,-4.714797258621321
-17.61999914210506,-4.714797258621321
-17.677959142105053,-4.714797258621321
-17.73591914210506,-4.714797258621321
-17.793879142105055,-4.714797258621321
-17.851839142105064,-4.7727572586213185
-17.909799142105058,-4.7727572586213185
-17.967759142105052,-4.83071725862132
-18.02571914210506,-4.83071725862132
-18.083679142105055,-4.83071725862132
-18.141639142105063,-4.83071725862132
-18.199599142105058,-4.83071725862132
-18.257559142105052,-4.888677258621318
-18.31551914210506,-4.888677258621318
-18.373479142105055,-4.888677258621318
-18.431439142105063,-4.946637258621319
-18.489399142105057,-4.946637258621319
-18.54735914210505,-4.946637258621319
-18.60531914210506,-4.946637258621319
-18.663279142105054,-5.00459725862132
-18.721239142105063,-5.00459725862132
-18.779199142105057,-5.00459725862132
-18.83715914210505,-5.062557258621318
-18.89511914210506,-5.062557258621318
-18.953079142105054,-5.062557258621318
-19.011039142105062,-5.062557258621318
-19.068999142105056,-5.1205172586213195
-19.12695914210505,-5.1205172586213195
-19.18491914210506,-5.1205172586213195
-19.242879142105053,-5.1205172586213195
-19.300839142105062,-5.178477258621317
-19.358799142105056,-5.178477258621317
-19.41675914210505,-5.178477258621317
-19.47471914210506,-5.236437258621319
-19.532679142105053,-5.236437258621319
-19.59063914210506,-5.236437258621319
-19.648599142105056,-5.236437258621319
-19.70655914210505,-5.29439725862132
-19.76451914210506,-5.29439725862132
-19.822479142105053,-5.29439725862132
-19.88043914210506,-5.29439725862132
-19.938399142105055,-5.352357258621318
-19.99635914210505,-5.352357258621318
-20.054319142105058,-5.352357258621318
-20.112279142105052,-5.352357258621318
-20.17023914210506,-5.410317258621319
-20.228199142105055,-5.410317258621319
-20.286159142105063,-5.410317258621319
-20.344119142105058,-5.46827725862132
-20.402079142105052,-5.46827725862132
-20.46003914210506,-5.46827725862132
-20.517999142105054,-5.46827725862132
-20.575959142105063,-5.526237258621318
-20.633919142105057,-5.526237258621318
-20.69187914210505,-5.526237258621318
-20.74983914210506,-5.526237258621318
-20.807799142105054,-5.5841972586213195
-20.865759142105055,-5.5841972586213195
-20.923719142105057,-5.5841972586213195
-20.981679142105058,-5.642157258621317
-21.03963914210506,-5.642157258621317
-21.097599142105054,-5.642157258621317
-21.155559142105055,-5.642157258621317
-21.213519142105056,-5.700117258621319
-21.271479142105058,-5.700117258621319
-21.32943914210506,-5.700117258621319
-21.387399142105053,-5.700117258621319
-21.445359142105055,-5.75807725862132
-21.503319142105056,-5.75807725862132
-21.561279142105057,-5.75807725862132
-21.61923914210506,-5.75807725862132
-21.67719914210506,-5.816037258621318
-21.735159142105054,-5.816037258621318
-21.793119142105056,-5.816037258621318
-21.851079142105057,-5.816037258621318
-21.90903914210506,-5.873997258621319
-21.96699914210506,-5.873997258621319
-22.024959142105054,-5.873997258621319
-22.082919142105055,-5.9319572586213205
-22.140879142105057,-5.9319572586213205
-22.198839142105058,-5.9319572586213205
-22.25679914210506,-5.9319572586213205
-22.314759142105054,-5.989917258621318
-22.372719142105055,-5.989917258621318
-22.430679142105056,-5.989917258621318
-22.488639142105058,-5.989917258621318
-22.54659914210506,-6.04787725862132
-22.604559142105053,-6.04787725862132
-22.662519142105054,-6.04787725862132
-22.720479142105056,-6.105837258621317
-22.778439142105057,-6.105837258621317
-22.83639914210506,-6.105837258621317
-22.89435914210506,-6.105837258621317
-22.952319142105054,-6.105837258621317
-23.010279142105055,-6.163797258621319
-23.068239142105057,-6.163797258621319
-23.126199142105058,-6.163797258621319
-23.18415914210506,-6.22175725862132
-23.242119142105054,-6.22175725862132
-23.300079142105055,-6.22175725862132
-23.358039142105056,-6.22175725862132
-23.415999142105058,-6.279717258621318
-23.47395914210506,-6.279717258621318
-23.531919142105053,-6.279717258621318
-23.589879142105055,-6.337677258621319
-23.647839142105056,-6.337677258621319
-23.705799142105057,-6.337677258621319
-23.76375914210506,-6.337677258621319
-23.821719142105053,-6.337677258621319
-23.879679142105054,-6.395637258621321
-23.937639142105056,-6.395637258621321
-23.995599142105057,-6.395637258621321
-24.05355914210506,-6.453597258621318
-24.11151914210506,-6.453597258621318
-24.169479142105054,-6.453597258621318
-24.227439142105055,-6.51155725862132
-24.285399142105057,-6.51155725862132
-24.343359142105058,-6.51155725862132
-24.40131914210506,-6.51155725862132
-24.459279142105053,-6.51155725862132
-24.517239142105055,-6.5695172586213175
-24.575199142105056,-6.5695172586213175
-24.633159142105058,-6.5695172586213175
-24.69111914210506,-6.5695172586213175
-24.749079142105053,-6.627477258621319
-24.807039142105054,-6.627477258621319
-24.864999142105056,-6.627477258621319
-24.922959142105057,-6.68543725862132
-24.98091914210506,-6.68543725862132
-25.03887914210506,-6.68543725862132
-25.096839142105054,-6.743397258621318
-25.154799142105055,-6.743397258621318
-25.212759142105057,-6.743397258621318
-25.270719142105058,-6.743397258621318
-25.32867914210506,-6.801357258621319
-25.386639142105054,-6.801357258621319
-25.444599142105055,-6.801357258621319
-25.502559142105056,-6.801357258621319
-25.560519142105058,-6.859317258621317
-25.61847914210506,-6.859317258621317
-25.676439142105053,-6.859317258621317
-25.734399142105055,-6.859317258621317
-25.792359142105056,-6.9172772586213185
-25.850319142105057,-6.9172772586213185
-25.90827914210506,-6.9172772586213185
-25.966239142105053,-6.9172772586213185
-26.024199142105054,-6.97523725862132
-26.082159142105056,-6.97523725862132
-26.140119142105057,-6.97523725862132
-26.19807914210506,-7.033197258621318
-26.25603914210506,-7.033197258621318
-26.313999142105054,-7.033197258621318
-26.371959142105055,-7.033197258621318
-26.429919142105057,-7.091157258621319
-26.487879142105058,-7.091157258621319
-26.54583914210506,-7.091157258621319
-26.603799142105053,-7.091157258621319
-26.661759142105055,-7.14911725862132
-26.719719142105056,-7.14911725862132
-26.777679142105058,-7.14911725862132
-26.83563914210506,-7.14911725862132
-26.893599142105053,-7.207077258621318
-26.951559142105054,-7.207077258621318
-27.009519142105056,-7.207077258621318
-27.067479142105057,-7.207077258621318
-27.12543914210506,-7.265037258621319
-27.18339914210506,-7.265037258621319
-27.241359142105054,-7.322997258621317
-27.299319142105055,-7.322997258621317
-27.357279142105057,-7.322997258621317
-27.415239142105058,-7.322997258621317
-27.47319914210506,-7.380957258621319
-27.531159142105054,-7.380957258621319
-27.589119142105055,-7.380957258621319
-27.647079142105056,-7.380957258621319
-27.705039142105058,-7.43891725862132
-27.76299914210506,-7.43891725862132
-27.820959142105053,-7.43891725862132
-27.878919142105055,-7.496877258621318
-27.936879142105056,-7.496877258621318
-27.994839142105057,-7.496877258621318
-28.05279914210506,-7.496877258621318
-28.110759142105053,-7.554837258621319
-28.168719142105054,-7.554837258621319
-28.226679142105056,-7.554837258621319
-28.284639142105057,-7.554837258621319
-28.34259914210506,-7.61279725862132
-28.40055914210506,-7.61279725862132
-28.458519142105054,-7.61279725862132
-28.516479142105055,-7.61279725862132
-28.574439142105057,-7.670757258621318
-28.632399142105058,-7.670757258621318
-28.69035914210506,-7.670757258621318
-28.748319142105053,-7.7287172586213195
-28.806279142105055,-7.7287172586213195
-28.864239142105056,-7.7287172586213195
-28.922199142105057,-7.7287172586213195
-28.98015914210506,-7.786677258621317
-29.038119142105053,-7.786677258621317
-29.096079142105054,-7.786677258621317
-29.154039142105056,-7.786677258621317
-29.211999142105057,-7.844637258621319
-29.26995914210506,-7.844637258621319
-29.327919142105053,-7.844637258621319
-29.385879142105054,-7.844637258621319
-29.443839142105055,-7.90259725862132
-29.501799142105057,-7.90259725862132
-29.559759142105058,-7.90259725862132
-29.61771914210506,-7.960557258621318
-29.675679142105054,-7.960557258621318
-29.733639142105055,-7.960557258621318
-29.791599142105056,-7.960557258621318
-29.849559142105058,-8.01851725862132
-29.90751914210506,-8.01851725862132
-29.965479142105053,-8.01851725862132
-30.023439142105055,-8.01851725862132
-30.081399142105056,-8.07647725862132
-30.139359142105057,-8.07647725862132
-30.19731914210506,-8.07647725862132
-30.255279142105053,-8.134437258621318
-30.313239142105054,-8.134437258621318
-30.371199142105056,-8.134437258621318
-30.429159142105057,-8.134437258621318
-30.429159142105057,-8.134437258621318
