# s_m; t_s; v_mps; beta_rad; omega_z_radps; n_m; xi_rad
0.0; 0.000; 8.33; -0.06240; 1.01518; 0.09789; 0.24099
0.2; 0.024; 8.31; -0.06150; 0.98818; 0.13365; 0.24152
0.4; 0.048; 8.25; -0.06215; 1.08280; 0.16950; 0.24318
0.6; 0.072; 8.18; -0.06460; 1.15587; 0.20544; 0.24706
0.8; 0.097; 8.16; -0.06630; 1.10925; 0.24164; 0.25131
1.0; 0.121; 8.14; -0.06688; 1.08926; 0.27824; 0.25479
1.2; 0.145; 8.13; -0.06699; 1.08117; 0.31525; 0.25779
1.4; 0.169; 8.11; -0.06688; 1.07768; 0.35264; 0.26040
1.6; 0.193; 8.09; -0.06663; 1.07595; 0.39035; 0.26257
1.8; 0.217; 8.07; -0.06630; 1.07493; 0.42829; 0.26422
2.0; 0.241; 8.06; -0.06588; 1.07425; 0.46634; 0.26524
2.2; 0.265; 8.04; -0.06540; 1.07382; 0.50435; 0.26551
2.4; 0.289; 8.02; -0.06486; 1.07368; 0.54216; 0.26490
2.6; 0.312; 8.00; -0.06425; 1.07388; 0.57957; 0.26328
2.8; 0.336; 7.99; -0.06360; 1.07446; 0.61636; 0.26052
3.0; 0.359; 7.97; -0.06290; 1.07542; 0.65230; 0.25647
3.2; 0.382; 7.96; -0.06218; 1.07675; 0.68711; 0.25097
3.4; 0.404; 7.94; -0.06143; 1.07839; 0.72051; 0.24387
3.6; 0.427; 7.93; -0.06067; 1.08025; 0.75220; 0.23499
3.8; 0.449; 7.92; -0.05992; 1.08216; 0.78185; 0.22417
4.0; 0.471; 7.90; -0.05916; 1.08394; 0.80913; 0.21123
4.2; 0.493; 7.89; -0.05841; 1.08552; 0.83371; 0.19599
4.4; 0.514; 7.88; -0.05766; 1.08687; 0.85525; 0.17828
4.6; 0.535; 7.87; -0.05691; 1.08799; 0.87341; 0.15795
4.8; 0.555; 7.86; -0.05617; 1.08890; 0.88788; 0.13488
5.0; 0.575; 7.85; -0.05542; 1.08963; 0.89834; 0.10898
5.2; 0.595; 7.84; -0.05468; 1.09027; 0.90451; 0.08020
5.4; 0.614; 7.83; -0.05393; 1.09094; 0.90608; 0.04857
5.6; 0.633; 7.82; -0.05319; 1.09181; 0.90280; 0.01418
5.8; 0.652; 7.82; -0.05245; 1.09309; 0.89436; -0.02266
6.0; 0.671; 7.81; -0.05173; 1.09494; 0.88047; -0.06092
6.2; 0.691; 7.80; -0.05102; 1.09733; 0.86083; -0.09876
6.4; 0.710; 7.80; -0.05033; 1.09957; 0.83522; -0.13437
6.6; 0.731; 7.79; -0.04965; 1.10088; 0.80363; -0.16684
6.8; 0.751; 7.79; -0.04897; 1.10118; 0.76622; -0.19583
7.0; 0.773; 7.78; -0.04827; 1.10064; 0.72322; -0.22118
7.2; 0.796; 7.78; -0.04753; 1.09949; 0.67498; -0.24281
7.4; 0.819; 7.77; -0.04675; 1.09792; 0.62196; -0.26075
7.6; 0.843; 7.77; -0.04593; 1.09604; 0.56471; -0.27511
7.8; 0.867; 7.77; -0.04505; 1.09389; 0.50384; -0.28602
8.0; 0.892; 7.77; -0.04414; 1.09146; 0.44004; -0.29369
8.2; 0.917; 7.77; -0.04319; 1.08870; 0.37399; -0.29834
8.4; 0.943; 7.77; -0.04221; 1.08553; 0.30640; -0.30021
8.6; 0.970; 7.77; -0.04120; 1.08188; 0.23795; -0.29955
8.8; 0.996; 7.78; -0.04017; 1.07766; 0.16930; -0.29659
9.0; 1.023; 7.78; -0.03912; 1.07277; 0.10105; -0.29158
9.2; 1.050; 7.79; -0.03806; 1.06714; 0.03375; -0.28475
9.4; 1.077; 7.80; -0.03698; 1.06071; -0.03212; -0.27631
9.6; 1.104; 7.81; -0.03589; 1.05345; -0.09611; -0.26647
9.8; 1.131; 7.82; -0.03479; 1.04540; -0.15785; -0.25539
10.0; 1.158; 7.83; -0.03369; 1.03665; -0.21702; -0.24326
10.2; 1.185; 7.85; -0.03259; 1.02742; -0.27336; -0.23020
10.4; 1.212; 7.87; -0.03151; 1.01799; -0.32664; -0.21635
10.6; 1.239; 7.89; -0.03047; 1.00871; -0.37668; -0.20179
10.8; 1.265; 7.91; -0.02948; 0.99989; -0.42334; -0.18660
11.0; 1.292; 7.93; -0.02857; 0.99177; -0.46649; -0.17083
11.2; 1.318; 7.96; -0.02776; 0.98428; -0.50604; -0.15453
11.4; 1.344; 7.99; -0.02704; 0.97701; -0.54192; -0.13780
11.6; 1.370; 8.02; -0.02642; 0.96903; -0.57411; -0.12085
11.8; 1.395; 8.05; -0.02587; 0.95884; -0.60265; -0.10397
12.0; 1.421; 8.08; -0.02532; 0.94438; -0.62759; -0.08735
12.2; 1.446; 8.11; -0.02470; 0.92311; -0.64902; -0.07115
12.4; 1.472; 8.15; -0.02390; 0.89217; -0.66701; -0.05557
12.6; 1.497; 8.19; -0.02282; 0.84884; -0.68170; -0.04090
12.8; 1.522; 8.23; -0.02135; 0.79127; -0.69322; -0.02747
13.0; 1.547; 8.28; -0.01947; 0.71943; -0.70180; -0.01562
13.2; 1.571; 8.35; -0.01721; 0.63592; -0.70771; -0.00566
13.4; 1.596; 8.42; -0.01474; 0.54571; -0.71131; 0.00221
13.6; 1.620; 8.50; -0.01228; 0.45451; -0.71301; 0.00793
13.8; 1.644; 8.50; -0.01116; 0.44830; -0.71327; 0.01285
14.0; 1.668; 8.50; -0.01036; 0.38097; -0.71242; 0.01694
14.2; 1.692; 8.50; -0.00917; 0.30215; -0.71069; 0.01945
14.4; 1.716; 8.50; -0.00771; 0.22689; -0.70835; 0.02034
14.6; 1.740; 8.50; -0.00619; 0.15964; -0.70566; 0.01977
14.8; 1.764; 8.50; -0.00473; 0.10157; -0.70293; 0.01794
15.0; 1.788; 8.50; -0.00342; 0.05260; -0.70039; 0.01508
15.2; 1.812; 8.50; -0.00228; 0.01210; -0.69827; 0.01141
15.4; 1.835; 8.50; -0.00132; -0.02068; -0.69675; 0.00711
15.6; 1.859; 8.50; -0.00052; -0.04654; -0.69597; 0.00238
15.8; 1.883; 8.50; 0.00013; -0.06629; -0.69603; -0.00265
16.0; 1.907; 8.50; 0.00065; -0.08071; -0.69701; -0.00782
16.2; 1.931; 8.50; 0.00106; -0.09051; -0.69894; -0.01303
16.4; 1.954; 8.50; 0.00136; -0.09639; -0.70185; -0.01817
16.6; 1.978; 8.50; 0.00157; -0.09899; -0.70573; -0.02315
16.8; 2.002; 8.50; 0.00171; -0.09889; -0.71055; -0.02790
17.0; 2.026; 8.50; 0.00178; -0.09661; -0.71628; -0.03237
17.2; 2.049; 8.50; 0.00180; -0.09263; -0.72286; -0.03651
17.4; 2.073; 8.50; 0.00178; -0.08736; -0.73023; -0.04028
17.6; 2.097; 8.50; 0.00172; -0.08117; -0.73832; -0.04366
17.8; 2.120; 8.50; 0.00163; -0.07435; -0.74706; -0.04662
18.0; 2.144; 8.50; 0.00152; -0.06718; -0.75637; -0.04917
18.2; 2.168; 8.50; 0.00140; -0.05985; -0.76616; -0.05128
18.4; 2.191; 8.50; 0.00128; -0.05256; -0.77634; -0.05296
18.6; 2.215; 8.50; 0.00114; -0.04543; -0.78684; -0.05422
18.8; 2.238; 8.50; 0.00101; -0.03856; -0.79756; -0.05505
19.0; 2.262; 8.50; 0.00088; -0.03203; -0.80842; -0.05546
19.2; 2.285; 8.50; 0.00075; -0.02588; -0.81934; -0.05545
19.4; 2.309; 8.50; 0.00063; -0.02015; -0.83022; -0.05505
19.6; 2.332; 8.50; 0.00051; -0.01485; -0.84100; -0.05426
19.8; 2.356; 8.50; 0.00041; -0.00998; -0.85160; -0.05308
20.0; 2.379; 8.50; 0.00031; -0.00553; -0.86192; -0.05153
20.2; 2.402; 8.50; 0.00021; -0.00147; -0.87191; -0.04961
20.4; 2.426; 8.50; 0.00013; 0.00221; -0.88149; -0.04735
20.6; 2.449; 8.50; 0.00005; 0.00553; -0.89059; -0.04473
20.8; 2.472; 8.50; -0.00002; 0.00852; -0.89914; -0.04177
21.0; 2.496; 8.50; -0.00008; 0.01120; -0.90708; -0.03848
21.2; 2.519; 8.50; -0.00014; 0.01358; -0.91433; -0.03487
21.4; 2.542; 8.50; -0.00019; 0.01568; -0.92084; -0.03094
21.6; 2.565; 8.50; -0.00024; 0.01748; -0.92655; -0.02670
21.8; 2.588; 8.50; -0.00028; 0.01898; -0.93140; -0.02215
22.0; 2.611; 8.50; -0.00032; 0.02016; -0.93533; -0.01731
22.2; 2.634; 8.50; -0.00034; 0.02099; -0.93828; -0.01218
22.4; 2.657; 8.50; -0.00037; 0.02142; -0.94021; -0.00682
22.6; 2.680; 8.50; -0.00038; 0.02138; -0.94109; -0.00135
22.8; 2.703; 8.50; -0.00039; 0.02080; -0.94089; 0.00412
23.0; 2.726; 8.50; -0.00039; 0.01957; -0.93964; 0.00952
23.2; 2.749; 8.50; -0.00038; 0.01756; -0.93733; 0.01483
23.4; 2.772; 8.50; -0.00036; 0.01461; -0.93400; 0.02002
23.6; 2.795; 8.50; -0.00032; 0.01058; -0.92965; 0.02508
23.8; 2.818; 8.50; -0.00026; 0.00529; -0.92432; 0.02998
24.0; 2.841; 8.50; -0.00019; -0.00143; -0.91803; 0.03468
24.2; 2.864; 8.50; -0.00009; -0.00975; -0.91083; 0.03915
24.4; 2.887; 8.50; 0.00003; -0.01984; -0.90275; 0.04335
24.6; 2.910; 8.50; 0.00019; -0.03186; -0.89384; 0.04724
24.8; 2.933; 8.50; 0.00038; -0.04595; -0.88417; 0.05076
25.0; 2.957; 8.50; 0.00060; -0.06222; -0.87380; 0.05387
25.2; 2.980; 8.50; 0.00086; -0.08077; -0.86281; 0.05652
25.4; 3.003; 8.50; 0.00117; -0.10165; -0.85129; 0.05865
25.6; 3.026; 8.50; 0.00151; -0.12485; -0.83933; 0.06021
25.8; 3.049; 8.50; 0.00190; -0.15032; -0.82705; 0.06114
26.0; 3.072; 8.50; 0.00234; -0.17792; -0.81457; 0.06139
26.2; 3.096; 8.50; 0.00282; -0.20744; -0.80200; 0.06092
26.4; 3.119; 8.50; 0.00335; -0.23855; -0.78950; 0.05969
26.6; 3.142; 8.50; 0.00392; -0.27085; -0.77721; 0.05766
26.8; 3.165; 8.50; 0.00453; -0.30380; -0.76528; 0.05482
27.0; 3.188; 8.50; 0.00518; -0.33680; -0.75386; 0.05115
27.2; 3.212; 8.50; 0.00585; -0.36913; -0.74311; 0.04667
27.4; 3.235; 8.50; 0.00654; -0.39975; -0.73319; 0.04141
27.6; 3.258; 8.50; 0.00724; -0.42699; -0.72423; 0.03542
27.8; 3.281; 8.50; 0.00791; -0.44883; -0.71639; 0.02883
28.0; 3.305; 8.50; 0.00851; -0.46389; -0.70976; 0.02177
28.2; 3.328; 8.50; 0.00902; -0.47120; -0.70445; 0.01440
28.4; 3.351; 8.50; 0.00939; -0.47016; -0.70052; 0.00693
28.6; 3.374; 8.50; 0.00960; -0.46032; -0.69800; -0.00046
28.8; 3.398; 8.50; 0.00962; -0.44179; -0.69689; -0.00755
29.0; 3.421; 8.50; 0.00943; -0.41631; -0.69716; -0.01418
29.2; 3.444; 8.50; 0.00906; -0.38635; -0.69873; -0.02021
29.4; 3.467; 8.50; 0.00854; -0.35381; -0.70152; -0.02556
29.6; 3.491; 8.50; 0.00791; -0.31995; -0.70541; -0.03020
29.8; 3.514; 8.50; 0.00723; -0.28579; -0.71028; -0.03410
30.0; 3.537; 8.50; 0.00651; -0.25216; -0.71599; -0.03727
30.2; 3.560; 8.50; 0.00580; -0.21976; -0.72240; -0.03972
30.4; 3.584; 8.50; 0.00510; -0.18911; -0.72937; -0.04150
30.6; 3.607; 8.50; 0.00444; -0.16059; -0.73676; -0.04266
30.8; 3.630; 8.50; 0.00382; -0.13444; -0.74446; -0.04323
31.0; 3.654; 8.50; 0.00324; -0.11079; -0.75233; -0.04329
31.2; 3.677; 8.50; 0.00272; -0.08970; -0.76028; -0.04288
31.4; 3.700; 8.50; 0.00225; -0.07115; -0.76820; -0.04208
31.6; 3.724; 8.50; 0.00184; -0.05509; -0.77603; -0.04093
31.8; 3.747; 8.50; 0.00147; -0.04140; -0.78367; -0.03949
32.0; 3.770; 8.50; 0.00116; -0.02996; -0.79107; -0.03782
32.2; 3.794; 8.50; 0.00089; -0.02061; -0.79818; -0.03597
32.4; 3.817; 8.50; 0.00066; -0.01318; -0.80496; -0.03398
32.6; 3.840; 8.50; 0.00047; -0.00750; -0.81138; -0.03189
32.8; 3.864; 8.50; 0.00032; -0.00335; -0.81741; -0.02975
33.0; 3.887; 8.50; 0.00020; -0.00056; -0.82304; -0.02758
33.2; 3.910; 8.50; 0.00012; 0.00108; -0.82826; -0.02542
33.4; 3.934; 8.50; 0.00005; 0.00178; -0.83307; -0.02328
33.6; 3.957; 8.50; 0.00001; 0.00173; -0.83747; -0.02119
33.8; 3.980; 8.50; -0.00001; 0.00113; -0.84148; -0.01916
34.0; 4.004; 8.50; -0.00001; 0.00015; -0.84508; -0.01721
34.2; 4.027; 8.50; -0.00001; -0.00102; -0.84831; -0.01533
34.4; 4.050; 8.50; 0.00000; -0.00223; -0.85118; -0.01353
34.6; 4.074; 8.50; 0.00002; -0.00335; -0.85369; -0.01181
34.8; 4.097; 8.50; 0.00004; -0.00429; -0.85586; -0.01017
35.0; 4.120; 8.50; 0.00006; -0.00500; -0.85771; -0.00859
35.2; 4.144; 8.50; 0.00008; -0.00550; -0.85925; -0.00708
35.4; 4.167; 8.50; 0.00009; -0.00581; -0.86050; -0.00564
35.6; 4.190; 8.50; 0.00010; -0.00595; -0.86146; -0.00425
35.8; 4.214; 8.50; 0.00010; -0.00594; -0.86215; -0.00291
36.0; 4.237; 8.50; 0.00011; -0.00583; -0.86258; -0.00162
36.2; 4.261; 8.50; 0.00011; -0.00562; -0.86276; -0.00038
36.4; 4.284; 8.50; 0.00011; -0.00534; -0.86269; 0.00082
36.6; 4.307; 8.50; 0.00010; -0.00501; -0.86239; 0.00197
36.8; 4.331; 8.50; 0.00010; -0.00464; -0.86187; 0.00308
37.0; 4.354; 8.50; 0.00009; -0.00426; -0.86113; 0.00415
37.2; 4.378; 8.50; 0.00009; -0.00386; -0.86018; 0.00518
37.4; 4.401; 8.50; 0.00008; -0.00347; -0.85903; 0.00616
37.6; 4.424; 8.50; 0.00007; -0.00309; -0.85769; 0.00711
37.8; 4.448; 8.50; 0.00007; -0.00272; -0.85617; 0.00801
38.0; 4.471; 8.50; 0.00006; -0.00238; -0.85448; 0.00887
38.2; 4.495; 8.50; 0.00005; -0.00206; -0.85262; 0.00969
38.4; 4.518; 8.50; 0.00005; -0.00176; -0.85060; 0.01046
38.6; 4.542; 8.50; 0.00004; -0.00150; -0.84843; 0.01119
38.8; 4.565; 8.50; 0.00003; -0.00126; -0.84612; 0.01188
39.0; 4.589; 8.50; 0.00003; -0.00105; -0.84368; 0.01252
39.2; 4.612; 8.50; 0.00003; -0.00086; -0.84112; 0.01312
39.4; 4.636; 8.50; 0.00002; -0.00071; -0.83844; 0.01367
39.6; 4.659; 8.50; 0.00002; -0.00057; -0.83566; 0.01417
39.8; 4.683; 8.50; 0.00001; -0.00046; -0.83278; 0.01462
40.0; 4.706; 8.50; 0.00001; -0.00037; -0.82982; 0.01503
40.2; 4.729; 8.50; 0.00001; -0.00030; -0.82678; 0.01539
40.4; 4.753; 8.50; 0.00001; -0.00024; -0.82367; 0.01570
40.6; 4.776; 8.50; 0.00001; -0.00020; -0.82050; 0.01597
40.8; 4.800; 8.50; 0.00001; -0.00017; -0.81729; 0.01618
41.0; 4.824; 8.50; 0.00000; -0.00015; -0.81404; 0.01635
41.2; 4.847; 8.50; 0.00000; -0.00014; -0.81076; 0.01646
41.4; 4.871; 8.50; 0.00000; -0.00013; -0.80746; 0.01652
41.6; 4.894; 8.50; 0.00000; -0.00014; -0.80415; 0.01654
41.8; 4.918; 8.50; 0.00000; -0.00014; -0.80084; 0.01650
42.0; 4.941; 8.50; 0.00000; -0.00015; -0.79755; 0.01642
42.2; 4.965; 8.50; 0.00000; -0.00017; -0.79427; 0.01628
42.4; 4.988; 8.50; 0.00000; -0.00018; -0.79103; 0.01610
42.6; 5.012; 8.50; 0.00000; -0.00020; -0.78783; 0.01586
42.8; 5.035; 8.50; 0.00000; -0.00022; -0.78468; 0.01557
43.0; 5.059; 8.50; 0.00000; -0.00023; -0.78160; 0.01524
43.2; 5.083; 8.50; 0.00000; -0.00025; -0.77858; 0.01485
43.4; 5.106; 8.50; 0.00000; -0.00027; -0.77565; 0.01441
43.6; 5.130; 8.50; 0.00000; -0.00028; -0.77281; 0.01392
43.8; 5.153; 8.50; 0.00000; -0.00030; -0.77007; 0.01337
44.0; 5.177; 8.50; 0.00001; -0.00031; -0.76745; 0.01278
44.2; 5.200; 8.50; 0.00001; -0.00032; -0.76495; 0.01214
44.4; 5.224; 8.50; 0.00001; -0.00033; -0.76258; 0.01147
44.6; 5.248; 8.50; 0.00001; -0.00034; -0.76035; 0.01079
44.8; 5.271; 8.50; 0.00001; -0.00035; -0.75825; 0.01011
45.0; 5.295; 8.50; 0.00001; -0.00036; -0.75629; 0.00945
45.2; 5.318; 8.50; 0.00001; -0.00037; -0.75446; 0.00880
45.4; 5.342; 8.50; 0.00001; -0.00037; -0.75276; 0.00816
45.6; 5.366; 8.50; 0.00001; -0.00038; -0.75119; 0.00753
45.8; 5.389; 8.50; 0.00001; -0.00038; -0.74974; 0.00691
46.0; 5.413; 8.50; 0.00001; -0.00039; -0.74841; 0.00631
46.2; 5.436; 8.50; 0.00001; -0.00039; -0.74720; 0.00572
46.4; 5.460; 8.50; 0.00001; -0.00039; -0.74611; 0.00514
46.6; 5.483; 8.50; 0.00001; -0.00040; -0.74514; 0.00458
46.8; 5.507; 8.50; 0.00001; -0.00040; -0.74428; 0.00402
47.0; 5.531; 8.50; 0.00001; -0.00040; -0.74352; 0.00348
47.2; 5.554; 8.50; 0.00001; -0.00040; -0.74288; 0.00295
47.4; 5.578; 8.50; 0.00001; -0.00041; -0.74234; 0.00244
47.6; 5.601; 8.50; 0.00001; -0.00041; -0.74190; 0.00193
47.8; 5.625; 8.50; 0.00001; -0.00041; -0.74156; 0.00144
48.0; 5.648; 8.50; 0.00001; -0.00041; -0.74131; 0.00096
48.2; 5.672; 8.50; 0.00001; -0.00041; -0.74117; 0.00050
48.4; 5.696; 8.50; 0.00001; -0.00041; -0.74111; 0.00004
48.6; 5.719; 8.50; 0.00001; -0.00041; -0.74115; -0.00040
48.8; 5.743; 8.50; 0.00001; -0.00041; -0.74127; -0.00083
49.0; 5.766; 8.50; 0.00001; -0.00040; -0.74147; -0.00124
49.2; 5.790; 8.50; 0.00001; -0.00040; -0.74176; -0.00164
49.4; 5.813; 8.50; 0.00001; -0.00040; -0.74213; -0.00203
49.6; 5.837; 8.50; 0.00001; -0.00039; -0.74257; -0.00241
49.8; 5.861; 8.50; 0.00001; -0.00039; -0.74309; -0.00277
50.0; 5.884; 8.50; 0.00001; -0.00038; -0.74368; -0.00312
50.2; 5.908; 8.50; 0.00001; -0.00038; -0.74433; -0.00346
50.4; 5.931; 8.50; 0.00001; -0.00037; -0.74506; -0.00379
50.6; 5.955; 8.50; 0.00001; -0.00036; -0.74585; -0.00410
50.8; 5.978; 8.50; 0.00001; -0.00035; -0.74670; -0.00440
51.0; 6.002; 8.50; 0.00001; -0.00035; -0.74760; -0.00468
51.2; 6.025; 8.50; 0.00001; -0.00034; -0.74857; -0.00495
51.4; 6.049; 8.50; 0.00001; -0.00033; -0.74958; -0.00521
51.6; 6.073; 8.50; 0.00001; -0.00032; -0.75065; -0.00546
51.8; 6.096; 8.50; 0.00001; -0.00031; -0.75177; -0.00569
52.0; 6.120; 8.50; 0.00001; -0.00030; -0.75293; -0.00591
52.2; 6.143; 8.50; 0.00001; -0.00030; -0.75413; -0.00612
52.4; 6.167; 8.50; 0.00001; -0.00030; -0.75537; -0.00632
52.6; 6.190; 8.50; 0.00001; -0.00030; -0.75666; -0.00650
52.8; 6.214; 8.50; 0.00001; -0.00031; -0.75797; -0.00666
53.0; 6.237; 8.50; 0.00001; -0.00032; -0.75932; -0.00682
53.2; 6.261; 8.50; 0.00001; -0.00034; -0.76070; -0.00696
53.4; 6.284; 8.50; 0.00001; -0.00037; -0.76210; -0.00709
53.6; 6.308; 8.50; 0.00001; -0.00041; -0.76353; -0.00721
53.8; 6.332; 8.50; 0.00001; -0.00047; -0.76499; -0.00732
54.0; 6.355; 8.50; 0.00001; -0.00053; -0.76646; -0.00742
54.2; 6.379; 8.50; 0.00001; -0.00061; -0.76795; -0.00750
54.4; 6.402; 8.50; 0.00001; -0.00071; -0.76946; -0.00757
54.6; 6.426; 8.50; 0.00001; -0.00082; -0.77097; -0.00764
54.8; 6.449; 8.50; 0.00001; -0.00096; -0.77250; -0.00769
55.0; 6.473; 8.50; 0.00002; -0.00111; -0.77404; -0.00773
55.2; 6.496; 8.50; 0.00002; -0.00129; -0.77559; -0.00777
55.4; 6.520; 8.50; 0.00002; -0.00150; -0.77714; -0.00779
55.6; 6.543; 8.50; 0.00002; -0.00173; -0.77870; -0.00781
55.8; 6.567; 8.50; 0.00003; -0.00199; -0.78026; -0.00782
56.0; 6.590; 8.50; 0.00003; -0.00227; -0.78181; -0.00782
56.2; 6.614; 8.50; 0.00004; -0.00258; -0.78337; -0.00782
56.4; 6.637; 8.50; 0.00004; -0.00291; -0.78493; -0.00782
56.6; 6.661; 8.50; 0.00005; -0.00325; -0.78648; -0.00780
56.8; 6.684; 8.50; 0.00005; -0.00361; -0.78803; -0.00779
57.0; 6.708; 8.50; 0.00006; -0.00398; -0.78957; -0.00777
57.2; 6.732; 8.50; 0.00007; -0.00435; -0.79111; -0.00774
57.4; 6.755; 8.50; 0.00007; -0.00470; -0.79264; -0.00771
57.6; 6.779; 8.50; 0.00008; -0.00504; -0.79416; -0.00768
57.8; 6.802; 8.50; 0.00009; -0.00534; -0.79567; -0.00764
58.0; 6.826; 8.50; 0.00009; -0.00559; -0.79718; -0.00759
58.2; 6.849; 8.50; 0.00010; -0.00578; -0.79867; -0.00753
58.4; 6.873; 8.50; 0.00010; -0.00590; -0.80015; -0.00747
58.6; 6.896; 8.50; 0.00011; -0.00593; -0.80161; -0.00740
58.8; 6.920; 8.50; 0.00011; -0.00589; -0.80306; -0.00731
59.0; 6.943; 8.50; 0.00011; -0.00577; -0.80449; -0.00720
59.2; 6.967; 8.50; 0.00011; -0.00560; -0.80590; -0.00708
59.4; 6.990; 8.50; 0.00011; -0.00543; -0.80728; -0.00695
59.6; 7.014; 8.50; 0.00011; -0.00530; -0.80863; -0.00679
59.8; 7.037; 8.50; 0.00010; -0.00525; -0.80995; -0.00663
60.0; 7.061; 8.50; 0.00010; -0.00532; -0.81123; -0.00645
60.2; 7.084; 8.50; 0.00010; -0.00556; -0.81248; -0.00626
60.4; 7.108; 8.50; 0.00010; -0.00600; -0.81369; -0.00607
60.6; 7.131; 8.50; 0.00011; -0.00668; -0.81486; -0.00587
60.8; 7.155; 8.50; 0.00012; -0.00761; -0.81600; -0.00569
61.0; 7.178; 8.50; 0.00013; -0.00884; -0.81709; -0.00552
61.2; 7.202; 8.50; 0.00015; -0.01038; -0.81815; -0.00537
61.4; 7.225; 8.50; 0.00017; -0.01224; -0.81918; -0.00525
61.6; 7.249; 8.50; 0.00020; -0.01444; -0.82018; -0.00516
61.8; 7.272; 8.50; 0.00023; -0.01697; -0.82116; -0.00512
62.0; 7.296; 8.50; 0.00027; -0.01983; -0.82213; -0.00513
62.2; 7.319; 8.50; 0.00032; -0.02300; -0.82310; -0.00519
62.4; 7.343; 8.50; 0.00037; -0.02645; -0.82409; -0.00533
62.6; 7.366; 8.50; 0.00043; -0.03014; -0.82509; -0.00553
62.8; 7.390; 8.50; 0.00049; -0.03400; -0.82613; -0.00582
63.0; 7.413; 8.50; 0.00056; -0.03796; -0.82722; -0.00618
63.2; 7.436; 8.50; 0.00063; -0.04192; -0.82838; -0.00662
63.4; 7.460; 8.50; 0.00071; -0.04577; -0.82962; -0.00714
63.6; 7.483; 8.50; 0.00078; -0.04938; -0.83095; -0.00774
63.8; 7.507; 8.50; 0.00085; -0.05259; -0.83240; -0.00840
64.0; 7.530; 8.50; 0.00092; -0.05523; -0.83397; -0.00912
64.2; 7.554; 8.50; 0.00097; -0.05711; -0.83568; -0.00988
64.4; 7.577; 8.50; 0.00102; -0.05806; -0.83753; -0.01065
64.6; 7.601; 8.50; 0.00105; -0.05790; -0.83952; -0.01142
64.8; 7.624; 8.50; 0.00107; -0.05652; -0.84166; -0.01215
65.0; 7.648; 8.50; 0.00107; -0.05389; -0.84394; -0.01283
65.2; 7.671; 8.50; 0.00104; -0.05010; -0.84634; -0.01341
65.4; 7.695; 8.50; 0.00100; -0.04546; -0.84886; -0.01388
65.6; 7.718; 8.50; 0.00093; -0.04044; -0.85147; -0.01422
65.8; 7.742; 8.50; 0.00085; -0.03558; -0.85415; -0.01444
66.0; 7.765; 8.50; 0.00077; -0.03140; -0.85688; -0.01453
66.2; 7.789; 8.50; 0.00069; -0.02842; -0.85964; -0.01454
66.4; 7.812; 8.50; 0.00062; -0.02714; -0.86240; -0.01449
66.6; 7.835; 8.50; 0.00057; -0.02805; -0.86516; -0.01438
66.8; 7.859; 8.50; 0.00055; -0.03161; -0.86790; -0.01410
67.0; 7.882; 8.50; 0.00057; -0.03826; -0.87053; -0.01345
67.2; 7.906; 8.50; 0.00064; -0.04841; -0.87297; -0.01229
67.4; 7.929; 8.50; 0.00077; -0.06241; -0.87511; -0.01066
67.6; 7.952; 8.50; 0.00096; -0.08060; -0.87685; -0.00863
67.8; 7.975; 8.50; 0.00122; -0.10325; -0.87811; -0.00631
68.0; 7.998; 8.50; 0.00155; -0.13059; -0.87884; -0.00380
68.2; 8.021; 8.50; 0.00197; -0.16278; -0.87899; -0.00118
68.4; 8.044; 8.50; 0.00248; -0.19991; -0.87854; 0.00143
68.6; 8.066; 8.50; 0.00308; -0.24200; -0.87749; 0.00394
68.8; 8.089; 8.50; 0.00379; -0.28898; -0.87585; 0.00625
69.0; 8.112; 8.50; 0.00460; -0.34067; -0.87366; 0.00826
69.2; 8.134; 8.50; 0.00553; -0.39680; -0.87096; 0.00990
69.4; 8.157; 8.50; 0.00660; -0.45697; -0.86781; 0.01107
69.6; 8.179; 8.50; 0.00780; -0.52084; -0.86428; 0.01172
69.8; 8.201; 8.50; 0.00916; -0.58915; -0.86046; 0.01177
70.0; 8.223; 8.50; 0.01072; -0.66265; -0.85643; 0.01112
70.2; 8.246; 8.50; 0.01251; -0.73379; -0.85228; 0.00978
70.4; 8.268; 8.50; 0.01451; -0.80099; -0.84810; 0.00782
70.6; 8.290; 8.50; 0.01670; -0.86308; -0.84396; 0.00535
70.8; 8.311; 8.50; 0.01905; -0.91874; -0.83991; 0.00250
71.0; 8.333; 8.50; 0.02152; -0.96687; -0.83597; -0.00058
71.2; 8.355; 8.50; 0.02409; -1.00678; -0.83216; -0.00372
71.4; 8.377; 8.50; 0.02669; -1.03836; -0.82845; -0.00677
71.6; 8.398; 8.50; 0.02928; -1.06193; -0.82482; -0.00958
71.8; 8.420; 8.50; 0.03180; -1.07813; -0.82120; -0.01200
72.0; 8.441; 8.50; 0.03420; -1.08772; -0.81755; -0.01395
72.2; 8.463; 8.50; 0.03644; -1.09145; -0.81379; -0.01551
72.4; 8.484; 8.50; 0.03846; -1.09083; -0.80992; -0.01695
72.6; 8.506; 8.50; 0.04025; -1.08699; -0.80597; -0.01853
72.8; 8.527; 8.50; 0.04180; -1.08060; -0.80201; -0.02032
73.0; 8.549; 8.50; 0.04308; -1.07232; -0.79813; -0.02224
73.2; 8.570; 8.50; 0.04410; -1.06289; -0.79439; -0.02425
73.4; 8.592; 8.50; 0.04486; -1.05310; -0.79086; -0.02627
73.6; 8.613; 8.50; 0.04538; -1.04380; -0.78757; -0.02828
73.8; 8.635; 8.50; 0.04569; -1.03582; -0.78458; -0.03027
74.0; 8.657; 8.50; 0.04583; -1.02996; -0.78191; -0.03222
74.2; 8.678; 8.50; 0.04586; -1.02688; -0.77957; -0.03417
74.4; 8.700; 8.50; 0.04583; -1.02601; -0.77760; -0.03612
74.6; 8.722; 8.50; 0.04579; -1.02644; -0.77600; -0.03808
74.8; 8.743; 8.50; 0.04576; -1.02734; -0.77476; -0.04003
75.0; 8.765; 8.50; 0.04575; -1.02814; -0.77389; -0.04194
75.2; 8.787; 8.50; 0.04575; -1.02856; -0.77335; -0.04377
75.4; 8.808; 8.50; 0.04576; -1.02856; -0.77315; -0.04547
75.6; 8.830; 8.50; 0.04577; -1.02828; -0.77323; -0.04700
75.8; 8.852; 8.50; 0.04578; -1.02793; -0.77358; -0.04832
76.0; 8.873; 8.50; 0.04577; -1.02777; -0.77416; -0.04940
76.2; 8.895; 8.50; 0.04577; -1.02798; -0.77490; -0.05020
76.4; 8.916; 8.50; 0.04577; -1.02826; -0.77576; -0.05070
76.6; 8.938; 8.50; 0.04577; -1.02825; -0.77668; -0.05085
76.8; 8.959; 8.50; 0.04578; -1.02809; -0.77759; -0.05060
77.0; 8.981; 8.50; 0.04578; -1.02792; -0.77842; -0.04993
77.2; 9.002; 8.50; 0.04578; -1.02784; -0.77908; -0.04879
77.4; 9.024; 8.50; 0.04577; -1.02787; -0.77948; -0.04715
77.6; 9.045; 8.50; 0.04577; -1.02795; -0.77955; -0.04505
77.8; 9.066; 8.50; 0.04577; -1.02802; -0.77921; -0.04270
78.0; 9.088; 8.50; 0.04577; -1.02800; -0.77844; -0.04041
78.2; 9.109; 8.50; 0.04577; -1.02786; -0.77728; -0.03840
78.4; 9.130; 8.50; 0.04576; -1.02760; -0.77579; -0.03678
78.6; 9.152; 8.50; 0.04576; -1.02731; -0.77404; -0.03557
78.8; 9.173; 8.50; 0.04574; -1.02719; -0.77211; -0.03484
79.0; 9.195; 8.50; 0.04573; -1.02745; -0.77009; -0.03462
79.2; 9.216; 8.50; 0.04572; -1.02823; -0.76808; -0.03497
79.4; 9.238; 8.50; 0.04573; -1.02951; -0.76618; -0.03591
79.6; 9.259; 8.50; 0.04577; -1.03127; -0.76450; -0.03749
79.8; 9.281; 8.50; 0.04584; -1.03240; -0.76316; -0.03973
80.0; 9.303; 8.50; 0.04592; -1.03076; -0.76228; -0.04261
80.2; 9.325; 8.50; 0.04594; -1.02366; -0.76198; -0.04605
80.4; 9.347; 8.50; 0.04579; -1.00797; -0.76236; -0.04990
80.6; 9.369; 8.50; 0.04535; -0.98387; -0.76353; -0.05398
80.8; 9.391; 8.50; 0.04445; -0.94737; -0.76561; -0.05807
81.0; 9.413; 8.50; 0.04291; -0.89574; -0.76865; -0.06187
81.2; 9.435; 8.50; 0.04054; -0.82653; -0.77272; -0.06500
81.4; 9.457; 8.50; 0.03718; -0.73855; -0.77784; -0.06705
81.6; 9.479; 8.50; 0.03281; -0.63397; -0.78394; -0.06760
81.8; 9.501; 8.50; 0.02766; -0.52048; -0.79091; -0.06635
82.0; 9.524; 8.50; 0.02221; -0.41057; -0.79848; -0.06321
82.2; 9.546; 8.50; 0.01709; -0.31570; -0.80632; -0.05838
82.4; 9.568; 8.50; 0.01276; -0.24038; -0.81403; -0.05224
82.6; 9.591; 8.50; 0.00938; -0.18261; -0.82122; -0.04521
82.8; 9.613; 8.50; 0.00686; -0.13814; -0.82759; -0.03761
83.0; 9.636; 8.50; 0.00502; -0.10323; -0.83290; -0.02970
83.2; 9.658; 8.50; 0.00367; -0.07528; -0.83699; -0.02163
83.4; 9.681; 8.50; 0.00268; -0.05261; -0.83976; -0.01354
83.6; 9.704; 8.50; 0.00193; -0.03409; -0.84115; -0.00552
83.8; 9.726; 8.50; 0.00136; -0.01895; -0.84114; 0.00237
84.0; 9.749; 8.50; 0.00091; -0.00666; -0.83971; 0.01005
84.2; 9.772; 8.50; 0.00056; 0.00321; -0.83690; 0.01749
84.4; 9.795; 8.50; 0.00028; 0.01099; -0.83272; 0.02463
84.6; 9.818; 8.50; 0.00006; 0.01696; -0.82722; 0.03146
84.8; 9.840; 8.50; -0.00011; 0.02137; -0.82045; 0.03793
85.0; 9.863; 8.50; -0.00024; 0.02443; -0.81247; 0.04403
85.2; 9.887; 8.50; -0.00034; 0.02635; -0.80333; 0.04973
85.4; 9.910; 8.50; -0.00041; 0.02730; -0.79311; 0.05501
85.6; 9.933; 8.50; -0.00046; 0.02744; -0.78188; 0.05987
85.8; 9.956; 8.50; -0.00048; 0.02694; -0.76971; 0.06428
86.0; 9.979; 8.50; -0.00049; 0.02591; -0.75670; 0.06825
86.2; 10.003; 8.50; -0.00049; 0.02447; -0.74292; 0.07176
86.4; 10.026; 8.50; -0.00048; 0.02274; -0.72846; 0.07481
86.6; 10.049; 8.50; -0.00045; 0.02079; -0.71341; 0.07740
86.8; 10.073; 8.50; -0.00043; 0.01872; -0.69786; 0.07952
87.0; 10.096; 8.50; -0.00039; 0.01657; -0.68190; 0.08117
87.2; 10.120; 8.50; -0.00035; 0.01441; -0.66562; 0.08235
87.4; 10.144; 8.50; -0.00032; 0.01228; -0.64912; 0.08307
87.6; 10.167; 8.50; -0.00028; 0.01021; -0.63250; 0.08331
87.8; 10.191; 8.50; -0.00024; 0.00824; -0.61584; 0.08308
88.0; 10.215; 8.50; -0.00020; 0.00638; -0.59925; 0.08238
88.2; 10.238; 8.50; -0.00016; 0.00466; -0.58282; 0.08121
88.4; 10.262; 8.50; -0.00013; 0.00307; -0.56665; 0.07957
88.6; 10.286; 8.50; -0.00009; 0.00164; -0.55083; 0.07753
88.8; 10.309; 8.50; -0.00006; 0.00036; -0.53544; 0.07525
89.0; 10.333; 8.50; -0.00004; -0.00076; -0.52052; 0.07292
89.2; 10.357; 8.50; -0.00001; -0.00172; -0.50606; 0.07063
89.4; 10.381; 8.50; 0.00001; -0.00251; -0.49206; 0.06839
89.6; 10.404; 8.50; 0.00003; -0.00313; -0.47851; 0.06622
89.8; 10.428; 8.50; 0.00004; -0.00358; -0.46539; 0.06412
90.0; 10.452; 8.50; 0.00005; -0.00385; -0.45269; 0.06210
90.2; 10.475; 8.50; 0.00006; -0.00394; -0.44039; 0.06015
90.4; 10.499; 8.50; 0.00007; -0.00383; -0.42847; 0.05830
90.6; 10.523; 8.50; 0.00007; -0.00351; -0.41692; 0.05654
90.8; 10.546; 8.50; 0.00007; -0.00297; -0.40572; 0.05487
91.0; 10.570; 8.50; 0.00006; -0.00220; -0.39485; 0.05332
91.2; 10.594; 8.50; 0.00005; -0.00118; -0.38428; 0.05188
91.4; 10.617; 8.50; 0.00004; 0.00011; -0.37399; 0.05056
91.6; 10.641; 8.50; 0.00002; 0.00167; -0.36397; 0.04936
91.8; 10.664; 8.50; -0.00000; 0.00354; -0.35417; 0.04831
92.0; 10.688; 8.50; -0.00003; 0.00571; -0.34459; 0.04739
92.2; 10.712; 8.50; -0.00007; 0.00820; -0.33517; 0.04663
92.4; 10.735; 8.50; -0.00011; 0.01101; -0.32591; 0.04603
92.6; 10.759; 8.50; -0.00016; 0.01415; -0.31676; 0.04560
92.8; 10.782; 8.50; -0.00021; 0.01760; -0.30769; 0.04534
93.0; 10.806; 8.50; -0.00027; 0.02135; -0.29866; 0.04526
93.2; 10.829; 8.50; -0.00033; 0.02537; -0.28965; 0.04538
93.4; 10.853; 8.50; -0.00040; 0.02961; -0.28060; 0.04570
93.6; 10.877; 8.50; -0.00047; 0.03401; -0.27149; 0.04621
93.8; 10.900; 8.50; -0.00055; 0.03850; -0.26228; 0.04693
94.0; 10.924; 8.50; -0.00063; 0.04298; -0.25291; 0.04786
94.2; 10.947; 8.50; -0.00072; 0.04733; -0.24336; 0.04899
94.4; 10.971; 8.50; -0.00080; 0.05139; -0.23357; 0.05032
94.6; 10.994; 8.50; -0.00088; 0.05500; -0.22352; 0.05183
94.8; 11.018; 8.50; -0.00095; 0.05794; -0.21317; 0.05352
95.0; 11.041; 8.50; -0.00102; 0.05997; -0.20247; 0.05537
95.2; 11.065; 8.50; -0.00107; 0.06084; -0.19141; 0.05734
95.4; 11.089; 8.50; -0.00110; 0.06022; -0.17994; 0.05942
95.6; 11.112; 8.50; -0.00112; 0.05779; -0.16806; 0.06155
95.8; 11.136; 8.50; -0.00110; 0.05317; -0.15576; 0.06369
96.0; 11.159; 8.50; -0.00106; 0.04597; -0.14302; 0.06578
96.2; 11.183; 8.50; -0.00097; 0.03578; -0.12986; 0.06775
96.4; 11.206; 8.50; -0.00083; 0.02215; -0.11630; 0.06954
96.6; 11.230; 8.50; -0.00063; 0.00464; -0.10237; 0.07103
96.8; 11.254; 8.50; -0.00038; -0.01717; -0.08814; 0.07215
97.0; 11.277; 8.50; -0.00005; -0.04370; -0.07367; 0.07278
97.2; 11.301; 8.50; 0.00036; -0.07533; -0.05906; 0.07280
97.4; 11.324; 8.50; 0.00086; -0.11242; -0.04442; 0.07208
97.6; 11.348; 8.50; 0.00145; -0.15525; -0.02991; 0.07050
97.8; 11.371; 8.50; 0.00216; -0.20402; -0.01568; 0.06792
98.0; 11.395; 8.50; 0.00297; -0.25884; -0.00193; 0.06418
98.2; 11.419; 8.50; 0.00392; -0.31962; 0.01113; 0.05916
98.4; 11.442; 8.50; 0.00501; -0.38604; 0.02323; 0.05271
98.6; 11.466; 8.50; 0.00626; -0.45758; 0.03413; 0.04471
98.8; 11.489; 8.50; 0.00770; -0.53412; 0.04353; 0.03505
99.0; 11.513; 8.50; 0.00935; -0.61847; 0.05111; 0.02358
99.2; 11.536; 8.50; 0.01128; -0.70114; 0.05658; 0.01023
99.4; 11.560; 8.50; 0.01347; -0.77914; 0.05961; -0.00490
99.6; 11.584; 8.50; 0.01589; -0.85099; 0.05990; -0.02168
99.8; 11.607; 8.50; 0.01850; -0.91483; 0.05719; -0.03996
100.0; 11.631; 8.50; 0.02127; -0.96913; 0.05123; -0.05944
100.2; 11.654; 8.50; 0.02415; -1.01304; 0.04186; -0.07960
100.4; 11.678; 8.50; 0.02708; -1.04652; 0.02901; -0.09981
100.6; 11.701; 8.50; 0.02996; -1.07019; 0.01273; -0.11956
100.8; 11.725; 8.50; 0.03275; -1.08507; -0.00689; -0.13858
101.0; 11.749; 8.50; 0.03535; -1.09220; -0.02969; -0.15665
101.2; 11.772; 8.50; 0.03772; -1.09288; -0.05551; -0.17355
101.4; 11.796; 8.50; 0.03980; -1.08931; -0.08413; -0.18912
101.6; 11.820; 8.50; 0.04157; -1.08252; -0.11532; -0.20320
101.8; 11.843; 8.50; 0.04302; -1.07337; -0.14879; -0.21566
102.0; 11.867; 8.50; 0.04415; -1.06286; -0.18424; -0.22637
102.2; 11.891; 8.50; 0.04496; -1.05203; -0.22134; -0.23521
102.4; 11.914; 8.50; 0.04548; -1.04198; -0.25971; -0.24208
102.6; 11.937; 8.50; 0.04576; -1.03372; -0.29895; -0.24689
102.8; 11.961; 8.50; 0.04586; -1.02845; -0.33864; -0.24957
103.0; 11.984; 8.50; 0.04585; -1.02625; -0.37832; -0.25006
103.2; 12.006; 8.50; 0.04581; -1.02611; -0.41753; -0.24829
103.4; 12.029; 8.50; 0.04577; -1.02689; -0.45578; -0.24414
103.6; 12.051; 8.50; 0.04575; -1.02777; -0.49256; -0.23752
103.8; 12.073; 8.50; 0.04575; -1.02831; -0.52740; -0.22829
104.0; 12.095; 8.50; 0.04576; -1.02842; -0.55981; -0.21635
104.2; 12.116; 8.50; 0.04577; -1.02825; -0.58933; -0.20164
104.4; 12.137; 8.50; 0.04577; -1.02807; -0.61552; -0.18413
104.6; 12.158; 8.50; 0.04577; -1.02810; -0.63799; -0.16383
104.8; 12.178; 8.50; 0.04577; -1.02818; -0.65639; -0.14084
105.0; 12.198; 8.50; 0.04578; -1.02813; -0.67040; -0.11529
105.2; 12.218; 8.50; 0.04578; -1.02804; -0.67976; -0.08741
105.4; 12.238; 8.50; 0.04578; -1.02798; -0.68423; -0.05767
105.6; 12.257; 8.50; 0.04578; -1.02794; -0.68368; -0.02728
105.8; 12.277; 8.50; 0.04577; -1.02794; -0.67814; 0.00179
106.0; 12.297; 8.50; 0.04577; -1.02798; -0.66785; 0.02793
106.2; 12.317; 8.50; 0.04577; -1.02801; -0.65319; 0.05053
106.4; 12.337; 8.50; 0.04577; -1.02800; -0.63464; 0.06951
106.6; 12.358; 8.50; 0.04577; -1.02787; -0.61271; 0.08491
106.8; 12.380; 8.50; 0.04577; -1.02763; -0.58796; 0.09686
107.0; 12.401; 8.50; 0.04576; -1.02734; -0.56093; 0.10549
107.2; 12.423; 8.50; 0.04575; -1.02717; -0.53222; 0.11099
107.4; 12.446; 8.50; 0.04573; -1.02737; -0.50241; 0.11353
107.6; 12.468; 8.50; 0.04572; -1.02817; -0.47205; 0.11330
107.8; 12.491; 8.50; 0.04573; -1.02955; -0.44172; 0.11047
108.0; 12.514; 8.50; 0.04578; -1.03163; -0.41193; 0.10522
108.2; 12.537; 8.50; 0.04586; -1.03313; -0.38318; 0.09769
108.4; 12.560; 8.50; 0.04596; -1.03141; -0.35595; 0.08811
108.6; 12.583; 8.50; 0.04599; -1.02312; -0.33065; 0.07671
108.8; 12.606; 8.50; 0.04579; -1.00424; -0.30769; 0.06381
109.0; 12.630; 8.50; 0.04521; -0.97523; -0.28741; 0.04976
109.2; 12.653; 8.50; 0.04406; -0.93082; -0.27013; 0.03493
109.4; 12.676; 8.50; 0.04209; -0.86767; -0.25610; 0.01980
109.6; 12.700; 8.50; 0.03907; -0.78320; -0.24556; 0.00487
109.8; 12.723; 8.50; 0.03489; -0.67759; -0.23862; -0.00930
110.0; 12.747; 8.50; 0.02966; -0.55698; -0.23533; -0.02226
110.2; 12.770; 8.50; 0.02384; -0.43496; -0.23560; -0.03379
110.4; 12.794; 8.50; 0.01818; -0.32707; -0.23921; -0.04407
110.6; 12.818; 8.50; 0.01332; -0.24163; -0.24587; -0.05355
110.8; 12.841; 8.50; 0.00955; -0.17770; -0.25529; -0.06277
111.0; 12.865; 8.50; 0.00678; -0.13051; -0.26724; -0.07195
111.2; 12.889; 8.50; 0.00482; -0.09579; -0.28151; -0.08068
111.4; 12.913; 8.50; 0.00344; -0.07074; -0.29778; -0.08835
111.6; 12.936; 8.50; 0.00247; -0.05372; -0.31571; -0.09470
111.8; 12.960; 8.50; 0.00180; -0.04385; -0.33493; -0.09980
112.0; 12.984; 8.50; 0.00135; -0.04066; -0.35517; -0.10378
112.2; 13.008; 8.50; 0.00108; -0.04391; -0.37615; -0.10677
112.4; 13.031; 8.50; 0.00097; -0.05349; -0.39765; -0.10890
112.6; 13.055; 8.50; 0.00099; -0.06934; -0.41947; -0.11026
112.8; 13.079; 8.50; 0.00115; -0.09141; -0.44143; -0.11100
113.0; 13.102; 8.50; 0.00142; -0.11959; -0.46338; -0.11122
113.2; 13.126; 8.50; 0.00182; -0.15376; -0.48521; -0.11103
113.4; 13.149; 8.50; 0.00233; -0.19370; -0.50680; -0.11054
113.6; 13.172; 8.50; 0.00297; -0.23911; -0.52808; -0.10985
113.8; 13.196; 8.50; 0.00372; -0.28955; -0.54899; -0.10905
114.0; 13.219; 8.50; 0.00459; -0.34442; -0.56948; -0.10821
114.2; 13.242; 8.50; 0.00559; -0.40306; -0.58954; -0.10740
114.4; 13.265; 8.50; 0.00671; -0.46504; -0.60914; -0.10666
114.6; 13.287; 8.50; 0.00798; -0.53103; -0.62827; -0.10607
114.8; 13.310; 8.50; 0.00940; -0.59688; -0.64695; -0.10561
115.0; 13.332; 8.50; 0.01097; -0.65831; -0.66514; -0.10524
115.2; 13.355; 8.50; 0.01264; -0.71400; -0.68285; -0.10480
115.4; 13.377; 8.50; 0.01436; -0.76244; -0.70003; -0.10417
115.6; 13.399; 8.50; 0.01610; -0.80208; -0.71662; -0.10318
115.8; 13.421; 8.50; 0.01780; -0.83160; -0.73255; -0.10164
116.0; 13.443; 8.50; 0.01937; -0.85003; -0.74773; -0.09936
116.2; 13.465; 8.50; 0.02075; -0.85678; -0.76204; -0.09615
116.4; 13.486; 8.50; 0.02185; -0.85140; -0.77536; -0.09198
116.6; 13.508; 8.50; 0.02259; -0.83368; -0.78764; -0.08720
116.8; 13.529; 8.50; 0.02289; -0.80378; -0.79895; -0.08242
117.0; 13.551; 8.50; 0.02269; -0.76193; -0.80945; -0.07797
117.2; 13.572; 8.50; 0.02195; -0.70896; -0.81928; -0.07377
117.4; 13.594; 8.50; 0.02069; -0.64733; -0.82856; -0.06958
117.6; 13.616; 8.50; 0.01898; -0.58023; -0.83737; -0.06522
117.8; 13.638; 8.50; 0.01697; -0.51083; -0.84573; -0.06057
118.0; 13.660; 8.50; 0.01482; -0.44223; -0.85362; -0.05557
118.2; 13.682; 8.50; 0.01268; -0.37700; -0.86097; -0.05024
118.4; 13.704; 8.50; 0.01067; -0.31678; -0.86772; -0.04462
118.6; 13.726; 8.50; 0.00887; -0.26228; -0.87377; -0.03881
118.8; 13.749; 8.50; 0.00729; -0.21358; -0.87905; -0.03288
119.0; 13.771; 8.50; 0.00592; -0.17038; -0.88350; -0.02694
119.2; 13.794; 8.50; 0.00476; -0.13227; -0.88708; -0.02107
119.4; 13.816; 8.50; 0.00377; -0.09881; -0.88976; -0.01535
119.6; 13.839; 8.50; 0.00293; -0.06960; -0.89154; -0.00984
119.8; 13.862; 8.50; 0.00221; -0.04424; -0.89244; -0.00462
120.0; 13.885; 8.50; 0.00159; -0.02240; -0.89249; 0.00026
120.2; 13.908; 8.50; 0.00106; -0.00376; -0.89173; 0.00473
120.4; 13.931; 8.50; 0.00061; 0.01199; -0.89023; 0.00876
120.6; 13.954; 8.50; 0.00023; 0.02512; -0.88806; 0.01228
120.8; 13.978; 8.50; -0.00009; 0.03590; -0.88531; 0.01526
121.0; 14.001; 8.50; -0.00036; 0.04456; -0.88208; 0.01766
121.2; 14.025; 8.50; -0.00058; 0.05135; -0.87846; 0.01942
121.4; 14.048; 8.50; -0.00076; 0.05644; -0.87459; 0.02052
121.6; 14.072; 8.50; -0.00090; 0.06001; -0.87058; 0.02091
121.8; 14.095; 8.50; -0.00101; 0.06221; -0.86658; 0.02060
122.0; 14.119; 8.50; -0.00108; 0.06313; -0.86271; 0.01973
122.2; 14.143; 8.50; -0.00113; 0.06285; -0.85905; 0.01868
122.4; 14.167; 8.50; -0.00116; 0.06140; -0.85560; 0.01781
122.6; 14.191; 8.50; -0.00116; 0.05880; -0.85231; 0.01725
122.8; 14.214; 8.50; -0.00113; 0.05501; -0.84909; 0.01699
123.0; 14.238; 8.50; -0.00109; 0.04996; -0.84591; 0.01702
123.2; 14.261; 8.50; -0.00102; 0.04356; -0.84268; 0.01729
123.4; 14.285; 8.50; -0.00093; 0.03569; -0.83937; 0.01778
123.6; 14.309; 8.50; -0.00081; 0.02619; -0.83592; 0.01846
123.8; 14.332; 8.50; -0.00066; 0.01493; -0.83230; 0.01929
124.0; 14.356; 8.50; -0.00048; 0.00171; -0.82848; 0.02023
124.2; 14.379; 8.50; -0.00027; -0.01364; -0.82443; 0.02124
124.4; 14.402; 8.50; -0.00003; -0.03128; -0.82014; 0.02226
124.6; 14.426; 8.50; 0.00026; -0.05139; -0.81561; 0.02325
124.8; 14.449; 8.50; 0.00059; -0.07409; -0.81083; 0.02415
125.0; 14.472; 8.50; 0.00096; -0.09951; -0.80583; 0.02491
125.2; 14.495; 8.50; 0.00138; -0.12775; -0.80063; 0.02547
125.4; 14.519; 8.50; 0.00186; -0.15884; -0.79526; 0.02577
125.6; 14.542; 8.50; 0.00239; -0.19283; -0.78978; 0.02574
125.8; 14.565; 8.50; 0.00298; -0.22970; -0.78424; 0.02533
126.0; 14.588; 8.50; 0.00363; -0.26944; -0.77870; 0.02448
126.2; 14.611; 8.50; 0.00436; -0.31202; -0.77326; 0.02314
126.4; 14.634; 8.50; 0.00515; -0.35745; -0.76799; 0.02124
126.6; 14.657; 8.50; 0.00603; -0.40573; -0.76300; 0.01872
126.8; 14.680; 8.50; 0.00699; -0.45675; -0.75839; 0.01554
127.0; 14.703; 8.50; 0.00806; -0.51049; -0.75428; 0.01164
127.2; 14.726; 8.50; 0.00925; -0.56783; -0.75079; 0.00695
127.4; 14.749; 8.50; 0.01058; -0.62637; -0.74805; 0.00143
127.6; 14.771; 8.50; 0.01205; -0.68143; -0.74619; -0.00487
127.8; 14.794; 8.50; 0.01363; -0.73168; -0.74532; -0.01185
128.0; 14.817; 8.50; 0.01528; -0.77567; -0.74554; -0.01937
128.2; 14.839; 8.50; 0.01694; -0.81174; -0.74693; -0.02727
128.4; 14.862; 8.50; 0.01856; -0.83831; -0.74953; -0.03536
128.6; 14.884; 8.50; 0.02006; -0.85398; -0.75337; -0.04338
128.8; 14.907; 8.50; 0.02135; -0.85764; -0.75845; -0.05110
129.0; 14.929; 8.50; 0.02234; -0.84846; -0.76472; -0.05823
129.2; 14.952; 8.50; 0.02293; -0.82574; -0.77210; -0.06448
129.4; 14.974; 8.50; 0.02302; -0.78905; -0.78048; -0.06955
129.6; 14.997; 8.50; 0.02254; -0.73875; -0.78970; -0.07315
129.8; 15.019; 8.50; 0.02148; -0.67621; -0.79956; -0.07498
130.0; 15.041; 8.50; 0.01988; -0.60538; -0.80981; -0.07485
130.2; 15.063; 8.50; 0.01786; -0.53032; -0.82016; -0.07264
130.4; 15.085; 8.50; 0.01561; -0.45474; -0.83027; -0.06830
130.6; 15.107; 8.50; 0.01332; -0.38192; -0.83977; -0.06190
130.8; 15.129; 8.50; 0.01114; -0.31416; -0.84829; -0.05355
131.0; 15.151; 8.50; 0.00915; -0.25268; -0.85546; -0.04340
131.2; 15.173; 8.50; 0.00740; -0.19782; -0.86091; -0.03163
131.4; 15.195; 8.50; 0.00590; -0.14952; -0.86433; -0.01841
131.6; 15.217; 8.50; 0.00461; -0.10753; -0.86544; -0.00391
131.8; 15.238; 8.50; 0.00352; -0.07163; -0.86399; 0.01169
132.0; 15.260; 8.50; 0.00260; -0.04165; -0.85975; 0.02824
132.2; 15.282; 8.50; 0.00182; -0.01751; -0.85253; 0.04559
132.4; 15.304; 8.50; 0.00118; 0.00078; -0.84217; 0.06356
132.6; 15.325; 8.50; 0.00067; 0.01318; -0.82854; 0.08201
132.8; 15.347; 8.50; 0.00027; 0.01958; -0.81150; 0.10064
133.0; 15.369; 8.50; -0.00001; 0.01984; -0.79100; 0.11872
133.2; 15.392; 8.50; -0.00017; 0.01375; -0.76705; 0.13510
133.4; 15.414; 8.50; -0.00021; 0.00110; -0.73992; 0.14888
133.6; 15.437; 8.50; -0.00012; -0.01835; -0.71006; 0.15971
133.8; 15.460; 8.50; 0.00010; -0.04477; -0.67798; 0.16749
134.0; 15.483; 8.50; 0.00045; -0.07831; -0.64429; 0.17210
134.2; 15.507; 8.50; 0.00093; -0.11905; -0.60962; 0.17342
134.4; 15.531; 8.50; 0.00156; -0.16700; -0.57464; 0.17132
134.6; 15.555; 8.50; 0.00233; -0.22210; -0.54009; 0.16564
134.8; 15.579; 8.50; 0.00326; -0.28412; -0.50673; 0.15624
135.0; 15.603; 8.50; 0.00434; -0.35261; -0.47534; 0.14295
135.2; 15.627; 8.50; 0.00560; -0.42689; -0.44676; 0.12563
135.4; 15.651; 8.50; 0.00705; -0.50645; -0.42181; 0.10414
135.6; 15.676; 8.50; 0.00873; -0.59432; -0.40137; 0.07828
135.8; 15.700; 8.50; 0.01070; -0.68182; -0.38628; 0.04827
136.0; 15.724; 8.50; 0.01294; -0.76431; -0.37727; 0.01546
136.2; 15.748; 8.50; 0.01541; -0.84013; -0.37463; -0.01782
136.4; 15.772; 8.50; 0.01807; -0.90732; -0.37814; -0.04972
136.6; 15.796; 8.50; 0.02090; -0.96427; -0.38734; -0.07947
136.8; 15.820; 8.50; 0.02382; -1.01019; -0.40166; -0.10675
137.0; 15.844; 8.50; 0.02677; -1.04515; -0.42051; -0.13123
137.2; 15.867; 8.50; 0.02968; -1.06989; -0.44322; -0.15256
137.4; 15.890; 8.50; 0.03247; -1.08558; -0.46906; -0.17036
137.6; 15.914; 8.50; 0.03508; -1.09342; -0.49724; -0.18427
137.8; 15.936; 8.50; 0.03743; -1.09475; -0.52689; -0.19389
138.0; 15.959; 8.50; 0.03949; -1.09191; -0.55711; -0.19887
138.2; 15.981; 8.50; 0.04125; -1.08591; -0.58695; -0.19885
138.4; 16.003; 8.50; 0.04269; -1.07761; -0.61542; -0.19354
138.6; 16.024; 8.50; 0.04383; -1.06789; -0.64160; -0.18269
138.8; 16.045; 8.50; 0.04468; -1.05764; -0.66461; -0.16648
139.0; 16.065; 8.50; 0.04527; -1.04770; -0.68389; -0.14633
139.2; 16.085; 8.50; 0.04564; -1.03886; -0.69928; -0.12465
139.4; 16.106; 8.50; 0.04583; -1.03187; -0.71091; -0.10334
139.6; 16.126; 8.50; 0.04588; -1.02757; -0.71899; -0.08318
139.8; 16.146; 8.50; 0.04587; -1.02564; -0.72376; -0.06445
140.0; 16.166; 8.50; 0.04582; -1.02538; -0.72547; -0.04734
140.2; 16.187; 8.50; 0.04577; -1.02615; -0.72438; -0.03201
140.4; 16.207; 8.50; 0.04573; -1.02741; -0.72077; -0.01856
140.6; 16.228; 8.50; 0.04573; -1.02850; -0.71493; -0.00703
140.8; 16.249; 8.50; 0.04574; -1.02893; -0.70716; 0.00257
141.0; 16.270; 8.50; 0.04576; -1.02877; -0.69776; 0.01024
141.2; 16.291; 8.50; 0.04577; -1.02827; -0.68707; 0.01604
141.4; 16.313; 8.50; 0.04578; -1.02766; -0.67540; 0.02000
141.6; 16.334; 8.50; 0.04577; -1.02716; -0.66308; 0.02219
141.8; 16.356; 8.50; 0.04575; -1.02700; -0.65042; 0.02265
142.0; 16.378; 8.50; 0.04573; -1.02738; -0.63775; 0.02145
142.2; 16.400; 8.50; 0.04573; -1.02839; -0.62538; 0.01864
142.4; 16.423; 8.50; 0.04574; -1.02995; -0.61362; 0.01429
142.6; 16.445; 8.50; 0.04579; -1.03194; -0.60275; 0.00846
142.8; 16.467; 8.50; 0.04587; -1.03278; -0.59307; 0.00121
143.0; 16.490; 8.50; 0.04596; -1.02995; -0.58484; -0.00733
143.2; 16.512; 8.50; 0.04595; -1.02038; -0.57833; -0.01698
143.4; 16.535; 8.50; 0.04571; -1.00098; -0.57376; -0.02751
143.6; 16.558; 8.50; 0.04510; -0.97199; -0.57136; -0.03865
143.8; 16.581; 8.50; 0.04393; -0.92868; -0.57132; -0.05009
144.0; 16.604; 8.50; 0.04199; -0.86823; -0.57380; -0.06142
144.2; 16.627; 8.50; 0.03908; -0.78837; -0.57892; -0.07217
144.4; 16.650; 8.50; 0.03508; -0.68923; -0.58673; -0.08173
144.6; 16.673; 8.50; 0.03011; -0.57612; -0.59713; -0.08935
144.8; 16.696; 8.50; 0.02456; -0.46079; -0.60984; -0.09453
145.0; 16.719; 8.50; 0.01909; -0.35716; -0.62442; -0.09726
145.2; 16.742; 8.50; 0.01432; -0.27353; -0.64033; -0.09790
145.4; 16.765; 8.50; 0.01053; -0.20988; -0.65705; -0.09693
145.6; 16.788; 8.50; 0.00771; -0.16196; -0.67410; -0.09477
145.8; 16.811; 8.50; 0.00566; -0.12539; -0.69111; -0.09175
146.0; 16.835; 8.50; 0.00420; -0.09703; -0.70779; -0.08808
146.2; 16.858; 8.50; 0.00314; -0.07480; -0.72395; -0.08393
146.4; 16.881; 8.50; 0.00236; -0.05736; -0.73943; -0.07944
146.6; 16.904; 8.50; 0.00178; -0.04382; -0.75413; -0.07470
146.8; 16.927; 8.50; 0.00135; -0.03353; -0.76798; -0.06979
147.0; 16.950; 8.50; 0.00103; -0.02598; -0.78093; -0.06480
147.2; 16.973; 8.50; 0.00078; -0.02077; -0.79296; -0.05978
147.4; 16.996; 8.50; 0.00061; -0.01754; -0.80404; -0.05477
147.6; 17.019; 8.50; 0.00048; -0.01595; -0.81418; -0.04984
147.8; 17.042; 8.50; 0.00040; -0.01569; -0.82338; -0.04500
148.0; 17.065; 8.50; 0.00035; -0.01645; -0.83166; -0.04029
148.2; 17.088; 8.50; 0.00033; -0.01795; -0.83903; -0.03573
148.4; 17.111; 8.50; 0.00034; -0.01992; -0.84554; -0.03133
148.6; 17.134; 8.50; 0.00035; -0.02212; -0.85120; -0.02711
148.8; 17.157; 8.50; 0.00038; -0.02436; -0.85604; -0.02306
149.0; 17.181; 8.50; 0.00042; -0.02650; -0.86010; -0.01919
149.2; 17.204; 8.50; 0.00045; -0.02851; -0.86342; -0.01550
149.4; 17.227; 8.50; 0.00049; -0.03046; -0.86602; -0.01198
149.6; 17.250; 8.50; 0.00053; -0.03241; -0.86795; -0.00864
149.8; 17.273; 8.50; 0.00057; -0.03443; -0.86922; -0.00548
150.0; 17.296; 8.50; 0.00060; -0.03658; -0.86989; -0.00250
150.2; 17.319; 8.50; 0.00064; -0.03891; -0.86998; 0.00029
150.4; 17.342; 8.50; 0.00068; -0.04143; -0.86954; 0.00289
150.6; 17.366; 8.50; 0.00073; -0.04415; -0.86859; 0.00530
150.8; 17.389; 8.50; 0.00078; -0.04705; -0.86718; 0.00750
151.0; 17.412; 8.50; 0.00083; -0.05007; -0.86534; 0.00950
151.2; 17.435; 8.50; 0.00088; -0.05315; -0.86311; 0.01130
151.4; 17.459; 8.50; 0.00094; -0.05618; -0.86054; 0.01288
151.6; 17.482; 8.50; 0.00099; -0.05903; -0.85766; 0.01426
151.8; 17.505; 8.50; 0.00105; -0.06152; -0.85452; 0.01545
152.0; 17.528; 8.50; 0.00110; -0.06346; -0.85115; 0.01644
152.2; 17.552; 8.50; 0.00114; -0.06462; -0.84759; 0.01727
152.4; 17.575; 8.50; 0.00118; -0.06471; -0.84387; 0.01794
152.6; 17.598; 8.50; 0.00120; -0.06344; -0.84002; 0.01850
152.8; 17.622; 8.50; 0.00120; -0.06046; -0.83606; 0.01897
153.0; 17.645; 8.50; 0.00117; -0.05540; -0.83201; 0.01941
153.2; 17.668; 8.50; 0.00111; -0.04786; -0.82788; 0.01987
153.4; 17.692; 8.50; 0.00101; -0.03740; -0.82366; 0.02041
153.6; 17.715; 8.50; 0.00087; -0.02358; -0.81935; 0.02111
153.8; 17.739; 8.50; 0.00067; -0.00597; -0.81490; 0.02205
154.0; 17.762; 8.50; 0.00041; 0.01590; -0.81027; 0.02334
154.2; 17.785; 8.50; 0.00008; 0.04244; -0.80540; 0.02507
154.4; 17.809; 8.50; -0.00033; 0.07405; -0.80021; 0.02737
154.6; 17.832; 8.50; -0.00083; 0.11110; -0.79457; 0.03035
154.8; 17.856; 8.50; -0.00142; 0.15388; -0.78836; 0.03416
155.0; 17.879; 8.50; -0.00212; 0.20263; -0.78142; 0.03894
155.2; 17.903; 8.50; -0.00294; 0.25747; -0.77356; 0.04479
155.4; 17.926; 8.50; -0.00389; 0.31834; -0.76459; 0.05172
155.6; 17.950; 8.50; -0.00498; 0.38499; -0.75431; 0.05964
155.8; 17.974; 8.50; -0.00624; 0.45691; -0.74255; 0.06849
156.0; 17.997; 8.50; -0.00769; 0.53398; -0.72915; 0.07832
156.2; 18.021; 8.50; -0.00937; 0.61921; -0.71390; 0.08931
156.4; 18.045; 8.50; -0.01134; 0.70290; -0.69663; 0.10152
156.6; 18.069; 8.50; -0.01358; 0.78188; -0.67712; 0.11488
156.8; 18.093; 8.50; -0.01605; 0.85458; -0.65520; 0.12925
157.0; 18.118; 8.50; -0.01874; 0.91901; -0.63072; 0.14447
157.2; 18.142; 8.50; -0.02159; 0.97352; -0.60353; 0.16032
157.4; 18.166; 8.50; -0.02456; 1.01721; -0.57357; 0.17653
157.6; 18.191; 8.50; -0.02756; 1.05007; -0.54078; 0.19285
157.8; 18.215; 8.50; -0.03052; 1.07278; -0.50517; 0.20900
158.0; 18.240; 8.50; -0.03335; 1.08646; -0.46678; 0.22475
158.2; 18.264; 8.50; -0.03599; 1.09220; -0.42568; 0.23985
158.4; 18.289; 8.50; -0.03836; 1.09163; -0.38200; 0.25413
158.6; 18.314; 8.50; -0.04041; 1.08695; -0.33588; 0.26742
158.8; 18.338; 8.50; -0.04213; 1.07912; -0.28750; 0.27960
159.0; 18.363; 8.50; -0.04351; 1.06911; -0.23706; 0.29058
159.2; 18.388; 8.50; -0.04454; 1.05802; -0.18478; 0.30029
159.4; 18.412; 8.50; -0.04524; 1.04706; -0.13091; 0.30868
159.6; 18.437; 8.50; -0.04565; 1.03743; -0.07571; 0.31574
159.8; 18.462; 8.50; -0.04584; 1.03024; -0.01946; 0.32150
160.0; 18.486; 8.50; -0.04586; 1.02672; 0.03756; 0.32601
160.2; 18.510; 8.50; -0.04583; 1.02594; 0.09507; 0.32932
160.4; 18.535; 8.50; -0.04578; 1.02655; 0.15278; 0.33148
160.6; 18.559; 8.50; -0.04575; 1.02752; 0.21039; 0.33249
160.8; 18.582; 8.50; -0.04574; 1.02826; 0.26761; 0.33218
161.0; 18.606; 8.50; -0.04575; 1.02859; 0.32403; 0.33006
161.2; 18.629; 8.50; -0.04577; 1.02860; 0.37912; 0.32548
161.4; 18.652; 8.50; -0.04578; 1.02847; 0.43222; 0.31789
161.6; 18.675; 8.50; -0.04579; 1.02828; 0.48264; 0.30690
161.8; 18.697; 8.50; -0.04579; 1.02803; 0.52965; 0.29210
162.0; 18.718; 8.50; -0.04579; 1.02776; 0.57252; 0.27308
162.2; 18.739; 8.50; -0.04578; 1.02756; 0.61054; 0.24944
162.4; 18.759; 8.50; -0.04577; 1.02763; 0.64300; 0.22078
162.6; 18.779; 8.50; -0.04577; 1.02803; 0.66929; 0.18676
162.8; 18.798; 8.50; -0.04577; 1.02844; 0.68885; 0.14715
163.0; 18.816; 8.50; -0.04577; 1.02852; 0.70120; 0.10186
163.2; 18.834; 8.50; -0.04578; 1.02837; 0.70593; 0.05099
163.4; 18.851; 8.50; -0.04579; 1.02813; 0.70263; -0.00505
163.6; 18.868; 8.50; -0.04579; 1.02791; 0.69086; -0.06531
163.8; 18.886; 8.50; -0.04578; 1.02775; 0.67000; -0.12710
164.0; 18.904; 8.50; -0.04578; 1.02766; 0.63922; -0.18542
164.2; 18.923; 8.50; -0.04577; 1.02766; 0.59796; -0.23558
164.4; 18.943; 8.50; -0.04577; 1.02773; 0.54647; -0.27572
164.6; 18.965; 8.50; -0.04576; 1.02787; 0.48581; -0.30604
164.8; 18.987; 8.50; -0.04576; 1.02804; 0.41746; -0.32726
165.0; 19.011; 8.50; -0.04576; 1.02818; 0.34320; -0.34026
165.2; 19.035; 8.50; -0.04576; 1.02824; 0.26496; -0.34593
165.4; 19.060; 8.50; -0.04577; 1.02817; 0.18463; -0.34509
165.6; 19.085; 8.50; -0.04577; 1.02794; 0.10404; -0.33844
165.8; 19.110; 8.50; -0.04577; 1.02759; 0.02483; -0.32659
166.0; 19.135; 8.50; -0.04576; 1.02728; -0.05150; -0.30998
166.2; 19.160; 8.50; -0.04574; 1.02732; -0.12368; -0.28925
166.4; 19.185; 8.50; -0.04573; 1.02797; -0.19081; -0.26565
166.6; 19.210; 8.50; -0.04574; 1.02927; -0.25250; -0.24085
166.8; 19.234; 8.50; -0.04578; 1.03134; -0.30876; -0.21589
167.0; 19.259; 8.50; -0.04586; 1.03273; -0.35970; -0.19107
167.2; 19.283; 8.50; -0.04595; 1.03060; -0.40542; -0.16641
167.4; 19.307; 8.50; -0.04595; 1.02142; -0.44602; -0.14203
167.6; 19.331; 8.50; -0.04571; 1.00164; -0.48160; -0.11812
167.8; 19.355; 8.50; -0.04507; 0.97147; -0.51223; -0.09492
168.0; 19.378; 8.50; -0.04383; 0.92586; -0.53805; -0.07270
168.2; 19.402; 8.50; -0.04176; 0.86186; -0.55915; -0.05185
168.4; 19.426; 8.50; -0.03865; 0.77726; -0.57570; -0.03281
168.6; 19.449; 8.50; -0.03441; 0.67274; -0.58790; -0.01605
168.8; 19.473; 8.50; -0.02919; 0.55494; -0.59604; -0.00197
169.0; 19.496; 8.50; -0.02347; 0.43717; -0.60054; 0.00928
169.2; 19.520; 8.50; -0.01797; 0.33376; -0.60193; 0.01789
169.4; 19.543; 8.50; -0.01328; 0.25167; -0.60079; 0.02430
169.6; 19.567; 8.50; -0.00964; 0.18940; -0.59771; 0.02900
169.8; 19.591; 8.50; -0.00696; 0.14211; -0.59319; 0.03241
170.0; 19.614; 8.50; -0.00504; 0.10540; -0.58764; 0.03484
170.2; 19.638; 8.50; -0.00365; 0.07626; -0.58135; 0.03649
170.4; 19.661; 8.50; -0.00264; 0.05278; -0.57455; 0.03752
170.6; 19.685; 8.50; -0.00188; 0.03370; -0.56743; 0.03805
170.8; 19.708; 8.50; -0.00131; 0.01819; -0.56010; 0.03816
171.0; 19.732; 8.50; -0.00086; 0.00566; -0.55269; 0.03794
171.2; 19.756; 8.50; -0.00051; -0.00433; -0.54528; 0.03744
171.4; 19.779; 8.50; -0.00024; -0.01216; -0.53792; 0.03673
171.6; 19.803; 8.50; -0.00002; -0.01811; -0.53067; 0.03585
171.8; 19.826; 8.50; 0.00014; -0.02246; -0.52357; 0.03484
172.0; 19.850; 8.50; 0.00027; -0.02544; -0.51666; 0.03374
172.2; 19.874; 8.50; 0.00037; -0.02725; -0.50995; 0.03257
172.4; 19.897; 8.50; 0.00043; -0.02811; -0.50347; 0.03136
172.6; 19.921; 8.50; 0.00048; -0.02817; -0.49721; 0.03013
172.8; 19.944; 8.50; 0.00050; -0.02759; -0.49120; 0.02890
173.0; 19.968; 8.50; 0.00051; -0.02651; -0.48543; 0.02768
173.2; 19.991; 8.50; 0.00050; -0.02505; -0.47990; 0.02648
173.4; 20.015; 8.50; 0.00049; -0.02332; -0.47462; 0.02531
173.6; 20.039; 8.50; 0.00047; -0.02141; -0.46956; 0.02418
173.8; 20.062; 8.50; 0.00044; -0.01940; -0.46474; 0.02307
174.0; 20.086; 8.50; 0.00040; -0.01735; -0.46014; 0.02201
174.2; 20.109; 8.50; 0.00037; -0.01531; -0.45576; 0.02099
174.4; 20.133; 8.50; 0.00033; -0.01333; -0.45158; 0.02000
174.6; 20.156; 8.50; 0.00029; -0.01145; -0.44761; 0.01905
174.8; 20.180; 8.50; 0.00026; -0.00967; -0.44383; 0.01813
175.0; 20.204; 8.50; 0.00022; -0.00803; -0.44024; 0.01725
175.2; 20.227; 8.50; 0.00019; -0.00653; -0.43683; 0.01639
175.4; 20.251; 8.50; 0.00016; -0.00517; -0.43359; 0.01556
175.6; 20.274; 8.50; 0.00013; -0.00397; -0.43053; 0.01475
175.8; 20.298; 8.50; 0.00010; -0.00291; -0.42763; 0.01396
176.0; 20.321; 8.50; 0.00008; -0.00200; -0.42489; 0.01318
176.2; 20.345; 8.50; 0.00006; -0.00122; -0.42231; 0.01242
176.4; 20.368; 8.50; 0.00004; -0.00056; -0.41989; 0.01166
176.6; 20.392; 8.50; 0.00003; -0.00002; -0.41762; 0.01092
176.8; 20.416; 8.50; 0.00002; 0.00041; -0.41550; 0.01018
177.0; 20.439; 8.50; 0.00000; 0.00075; -0.41354; 0.00944
177.2; 20.463; 8.50; -0.00000; 0.00101; -0.41172; 0.00870
177.4; 20.486; 8.50; -0.00001; 0.00119; -0.41005; 0.00800
177.6; 20.510; 8.50; -0.00002; 0.00131; -0.40852; 0.00735
177.8; 20.533; 8.50; -0.00002; 0.00138; -0.40711; 0.00676
178.0; 20.557; 8.50; -0.00002; 0.00140; -0.40582; 0.00623
178.2; 20.581; 8.50; -0.00002; 0.00139; -0.40462; 0.00576
178.4; 20.604; 8.50; -0.00003; 0.00135; -0.40351; 0.00536
178.6; 20.628; 8.50; -0.00003; 0.00128; -0.40248; 0.00502
178.8; 20.651; 8.50; -0.00002; 0.00121; -0.40151; 0.00474
179.0; 20.675; 8.50; -0.00002; 0.00112; -0.40059; 0.00451
179.2; 20.698; 8.50; -0.00002; 0.00102; -0.39971; 0.00435
179.4; 20.722; 8.50; -0.00002; 0.00092; -0.39886; 0.00424
179.6; 20.745; 8.50; -0.00002; 0.00082; -0.39802; 0.00419
179.8; 20.769; 8.50; -0.00002; 0.00073; -0.39718; 0.00420
180.0; 20.792; 8.50; -0.00002; 0.00064; -0.39634; 0.00427
180.2; 20.816; 8.50; -0.00001; 0.00055; -0.39548; 0.00439
180.4; 20.839; 8.50; -0.00001; 0.00047; -0.39459; 0.00457
180.6; 20.863; 8.50; -0.00001; 0.00040; -0.39365; 0.00481
180.8; 20.886; 8.50; -0.00001; 0.00034; -0.39266; 0.00511
181.0; 20.910; 8.50; -0.00001; 0.00029; -0.39161; 0.00547
181.2; 20.934; 8.50; -0.00001; 0.00024; -0.39048; 0.00588
181.4; 20.957; 8.50; -0.00001; 0.00020; -0.38925; 0.00636
181.6; 20.981; 8.50; -0.00000; 0.00017; -0.38793; 0.00689
181.8; 21.004; 8.50; -0.00000; 0.00015; -0.38650; 0.00749
182.0; 21.028; 8.50; -0.00000; 0.00012; -0.38494; 0.00814
182.2; 21.051; 8.50; -0.00000; 0.00011; -0.38324; 0.00885
182.4; 21.075; 8.50; -0.00000; 0.00009; -0.38140; 0.00962
182.6; 21.098; 8.50; -0.00000; 0.00008; -0.37940; 0.01046
182.8; 21.122; 8.50; -0.00000; 0.00006; -0.37722; 0.01135
183.0; 21.145; 8.50; -0.00000; 0.00005; -0.37486; 0.01231
183.2; 21.168; 8.50; -0.00000; 0.00003; -0.37231; 0.01332
183.4; 21.192; 8.50; -0.00000; 0.00001; -0.36954; 0.01440
183.6; 21.215; 8.50; -0.00000; -0.00002; -0.36655; 0.01554
183.8; 21.239; 8.50; -0.00000; -0.00006; -0.36333; 0.01675
184.0; 21.262; 8.50; 0.00000; -0.00011; -0.35986; 0.01802
184.2; 21.286; 8.50; 0.00000; -0.00016; -0.35614; 0.01935
184.4; 21.309; 8.50; 0.00000; -0.00023; -0.35214; 0.02074
184.6; 21.333; 8.50; 0.00000; -0.00032; -0.34785; 0.02220
184.8; 21.356; 8.50; 0.00000; -0.00042; -0.34328; 0.02372
185.0; 21.380; 8.50; 0.00001; -0.00053; -0.33839; 0.02530
185.2; 21.403; 8.50; 0.00001; -0.00066; -0.33317; 0.02695
185.4; 21.427; 8.50; 0.00001; -0.00081; -0.32762; 0.02867
185.6; 21.450; 8.50; 0.00001; -0.00097; -0.32173; 0.03045
185.8; 21.474; 8.50; 0.00002; -0.00115; -0.31547; 0.03230
186.0; 21.497; 8.50; 0.00002; -0.00134; -0.30883; 0.03421
186.2; 21.521; 8.50; 0.00002; -0.00155; -0.30181; 0.03619
186.4; 21.544; 8.50; 0.00003; -0.00177; -0.29438; 0.03824
186.6; 21.568; 8.50; 0.00003; -0.00199; -0.28654; 0.04036
186.8; 21.591; 8.50; 0.00003; -0.00221; -0.27826; 0.04255
187.0; 21.615; 8.50; 0.00004; -0.00243; -0.26955; 0.04480
187.2; 21.638; 8.50; 0.00004; -0.00264; -0.26037; 0.04713
187.4; 21.661; 8.50; 0.00005; -0.00283; -0.25072; 0.04954
187.6; 21.685; 8.50; 0.00005; -0.00298; -0.24058; 0.05202
187.8; 21.708; 8.50; 0.00005; -0.00309; -0.22993; 0.05457
188.0; 21.732; 8.50; 0.00005; -0.00315; -0.21877; 0.05721
188.2; 21.755; 8.50; 0.00006; -0.00313; -0.20706; 0.05993
188.4; 21.779; 8.50; 0.00006; -0.00303; -0.19481; 0.06274
188.6; 21.802; 8.50; 0.00006; -0.00282; -0.18198; 0.06559
188.8; 21.826; 8.50; 0.00006; -0.00248; -0.16858; 0.06835
189.0; 21.850; 8.50; 0.00005; -0.00200; -0.15466; 0.07077
189.2; 21.873; 8.50; 0.00004; -0.00134; -0.14029; 0.07270
189.4; 21.897; 8.50; 0.00004; -0.00049; -0.12558; 0.07408
189.6; 21.920; 8.50; 0.00002; 0.00058; -0.11065; 0.07491
189.8; 21.944; 8.50; 0.00001; 0.00189; -0.09560; 0.07519
190.0; 21.967; 8.50; -0.00001; 0.00346; -0.08055; 0.07493
190.2; 21.991; 8.50; -0.00004; 0.00532; -0.06560; 0.07413
190.4; 22.015; 8.50; -0.00007; 0.00748; -0.05088; 0.07280
190.6; 22.038; 8.50; -0.00010; 0.00995; -0.03648; 0.07095
190.8; 22.062; 8.50; -0.00014; 0.01274; -0.02252; 0.06859
191.0; 22.085; 8.50; -0.00019; 0.01585; -0.00908; 0.06574
191.2; 22.109; 8.50; -0.00024; 0.01927; 0.00372; 0.06242
191.4; 22.133; 8.50; -0.00030; 0.02298; 0.01579; 0.05863
191.6; 22.156; 8.50; -0.00036; 0.02696; 0.02704; 0.05440
191.8; 22.180; 8.50; -0.00043; 0.03115; 0.03738; 0.04974
192.0; 22.203; 8.50; -0.00050; 0.03550; 0.04673; 0.04468
192.2; 22.227; 8.50; -0.00058; 0.03991; 0.05502; 0.03923
192.4; 22.250; 8.50; -0.00066; 0.04429; 0.06215; 0.03341
192.6; 22.274; 8.50; -0.00074; 0.04851; 0.06807; 0.02724
192.8; 22.297; 8.50; -0.00082; 0.05241; 0.07271; 0.02073
193.0; 22.321; 8.50; -0.00090; 0.05582; 0.07599; 0.01389
193.2; 22.344; 8.50; -0.00097; 0.05851; 0.07787; 0.00673
193.4; 22.368; 8.50; -0.00103; 0.06025; 0.07827; -0.00074
193.6; 22.391; 8.50; -0.00108; 0.06076; 0.07714; -0.00853
193.8; 22.414; 8.50; -0.00111; 0.05972; 0.07442; -0.01664
194.0; 22.438; 8.50; -0.00112; 0.05681; 0.07004; -0.02504
194.2; 22.461; 8.50; -0.00109; 0.05164; 0.06398; -0.03350
194.4; 22.485; 8.50; -0.00104; 0.04381; 0.05627; -0.04149
194.6; 22.508; 8.50; -0.00094; 0.03291; 0.04706; -0.04858
194.8; 22.532; 8.50; -0.00079; 0.01849; 0.03654; -0.05469
195.0; 22.555; 8.50; -0.00058; 0.00012; 0.02492; -0.05992
195.2; 22.579; 8.50; -0.00031; -0.02263; 0.01237; -0.06442
195.4; 22.603; 8.50; 0.00004; -0.05017; -0.00096; -0.06834
195.6; 22.626; 8.50; 0.00046; -0.08287; -0.01497; -0.07184
195.8; 22.650; 8.50; 0.00098; -0.12108; -0.02955; -0.07505
196.0; 22.673; 8.50; 0.00160; -0.16505; -0.04465; -0.07812
196.2; 22.697; 8.50; 0.00232; -0.21497; -0.06022; -0.08119
196.4; 22.720; 8.50; 0.00316; -0.27090; -0.07627; -0.08441
196.6; 22.744; 8.50; 0.00413; -0.33269; -0.09279; -0.08790
196.8; 22.768; 8.50; 0.00525; -0.39998; -0.10982; -0.09177
197.0; 22.791; 8.50; 0.00654; -0.47222; -0.12742; -0.09611
197.2; 22.815; 8.50; 0.00800; -0.54971; -0.14564; -0.10100
197.4; 22.838; 8.50; 0.00969; -0.63423; -0.16456; -0.10654
197.6; 22.862; 8.50; 0.01167; -0.71564; -0.18425; -0.11270
197.8; 22.885; 8.50; 0.01388; -0.79214; -0.20475; -0.11931
198.0; 22.908; 8.50; 0.01631; -0.86218; -0.22608; -0.12616
198.2; 22.932; 8.50; 0.01892; -0.92398; -0.24820; -0.13301
198.4; 22.955; 8.50; 0.02167; -0.97617; -0.27104; -0.13954
198.6; 22.978; 8.50; 0.02451; -1.01813; -0.29446; -0.14543
198.8; 23.001; 8.50; 0.02737; -1.04997; -0.31828; -0.15035
199.0; 23.024; 8.50; 0.03018; -1.07243; -0.34226; -0.15398
199.2; 23.047; 8.50; 0.03287; -1.08652; -0.36611; -0.15599
199.4; 23.069; 8.50; 0.03538; -1.09328; -0.38951; -0.15612
199.6; 23.092; 8.50; 0.03765; -1.09404; -0.41213; -0.15430
199.8; 23.114; 8.50; 0.03965; -1.09081; -0.43369; -0.15093
200.0; 23.136; 8.50; 0.04137; -1.08450; -0.45406; -0.14665
200.2; 23.158; 8.50; 0.04280; -1.07592; -0.47321; -0.14185
200.4; 23.180; 8.50; 0.04392; -1.06592; -0.49111; -0.13665
200.6; 23.202; 8.50; 0.04477; -1.05543; -0.50778; -0.13110
200.8; 23.224; 8.50; 0.04534; -1.04538; -0.52320; -0.12525
201.0; 23.246; 8.50; 0.04568; -1.03671; -0.53740; -0.11917
201.2; 23.268; 8.50; 0.04584; -1.03028; -0.55038; -0.11297
201.4; 23.289; 8.50; 0.04587; -1.02685; -0.56218; -0.10674
201.6; 23.311; 8.50; 0.04584; -1.02582; -0.57282; -0.10060
201.8; 23.333; 8.50; 0.04579; -1.02620; -0.58235; -0.09462
202.0; 23.354; 8.50; 0.04576; -1.02713; -0.59079; -0.08888
202.2; 23.376; 8.50; 0.04574; -1.02801; -0.59821; -0.08342
202.4; 23.397; 8.50; 0.04574; -1.02856; -0.60464; -0.07826
202.6; 23.419; 8.50; 0.04576; -1.02873; -0.61017; -0.07344
202.8; 23.441; 8.50; 0.04577; -1.02860; -0.61484; -0.06898
203.0; 23.462; 8.50; 0.04578; -1.02830; -0.61872; -0.06489
203.2; 23.484; 8.50; 0.04579; -1.02794; -0.62189; -0.06120
203.4; 23.506; 8.50; 0.04578; -1.02766; -0.62442; -0.05792
203.6; 23.527; 8.50; 0.04577; -1.02764; -0.62638; -0.05507
203.8; 23.549; 8.50; 0.04577; -1.02799; -0.62787; -0.05267
204.0; 23.571; 8.50; 0.04577; -1.02837; -0.62896; -0.05072
204.2; 23.592; 8.50; 0.04578; -1.02838; -0.62973; -0.04924
204.4; 23.614; 8.50; 0.04578; -1.02816; -0.63027; -0.04821
204.6; 23.636; 8.50; 0.04578; -1.02793; -0.63066; -0.04764
204.8; 23.658; 8.50; 0.04578; -1.02780; -0.63099; -0.04752
205.0; 23.680; 8.50; 0.04577; -1.02780; -0.63133; -0.04784
205.2; 23.702; 8.50; 0.04577; -1.02789; -0.63178; -0.04861
205.4; 23.724; 8.50; 0.04577; -1.02801; -0.63242; -0.04981
205.6; 23.746; 8.50; 0.04577; -1.02808; -0.63332; -0.05144
205.8; 23.768; 8.50; 0.04577; -1.02803; -0.63457; -0.05348
206.0; 23.790; 8.50; 0.04577; -1.02786; -0.63623; -0.05592
206.2; 23.812; 8.50; 0.04577; -1.02759; -0.63839; -0.05875
206.4; 23.834; 8.50; 0.04576; -1.02736; -0.64112; -0.06194
206.6; 23.856; 8.50; 0.04574; -1.02734; -0.64449; -0.06549
206.8; 23.878; 8.50; 0.04573; -1.02776; -0.64856; -0.06938
207.0; 23.900; 8.50; 0.04573; -1.02869; -0.65340; -0.07362
207.2; 23.922; 8.50; 0.04575; -1.03013; -0.65907; -0.07820
207.4; 23.944; 8.50; 0.04580; -1.03173; -0.66563; -0.08310
207.6; 23.967; 8.50; 0.04588; -1.03195; -0.67313; -0.08831
207.8; 23.989; 8.50; 0.04594; -1.02858; -0.68162; -0.09374
208.0; 24.011; 8.50; 0.04591; -1.01907; -0.69114; -0.09928
208.2; 24.033; 8.50; 0.04567; -1.00135; -0.70173; -0.10474
208.4; 24.055; 8.50; 0.04509; -0.97557; -0.71340; -0.10994
208.6; 24.077; 8.50; 0.04405; -0.93825; -0.72616; -0.11463
208.8; 24.100; 8.50; 0.04237; -0.88755; -0.73998; -0.11853
209.0; 24.122; 8.50; 0.03991; -0.82202; -0.75482; -0.12131
209.2; 24.144; 8.50; 0.03657; -0.74166; -0.77059; -0.12262
209.4; 24.166; 8.50; 0.03240; -0.64957; -0.78714; -0.12214
209.6; 24.188; 8.50; 0.02762; -0.55316; -0.80425; -0.11967
209.8; 24.210; 8.50; 0.02268; -0.46289; -0.82161; -0.11522
210.0; 24.232; 8.50; 0.01808; -0.38783; -0.83886; -0.10902
210.2; 24.255; 8.50; 0.01420; -0.33175; -0.85558; -0.10144
210.4; 24.277; 8.50; 0.01119; -0.29355; -0.87141; -0.09289
210.6; 24.299; 8.50; 0.00899; -0.27017; -0.88605; -0.08372
210.8; 24.321; 8.50; 0.00746; -0.25872; -0.89927; -0.07422
211.0; 24.343; 8.50; 0.00646; -0.25705; -0.91092; -0.06461
211.2; 24.364; 8.50; 0.00585; -0.26367; -0.92093; -0.05512
211.4; 24.386; 8.50; 0.00556; -0.27751; -0.92928; -0.04596
211.6; 24.408; 8.50; 0.00551; -0.29774; -0.93599; -0.03732
211.8; 24.430; 8.50; 0.00565; -0.32358; -0.94116; -0.02935
212.0; 24.452; 8.50; 0.00597; -0.35429; -0.94486; -0.02216
212.2; 24.474; 8.50; 0.00644; -0.38905; -0.94724; -0.01586
212.4; 24.496; 8.50; 0.00703; -0.42705; -0.94844; -0.01052
212.6; 24.518; 8.50; 0.00775; -0.46771; -0.94861; -0.00622
212.8; 24.540; 8.50; 0.00858; -0.51066; -0.94794; -0.00301
213.0; 24.562; 8.50; 0.00951; -0.55280; -0.94660; -0.00091
213.2; 24.584; 8.50; 0.01053; -0.59074; -0.94479; 0.00015
213.4; 24.606; 8.50; 0.01157; -0.62305; -0.94267; 0.00027
213.6; 24.628; 8.50; 0.01259; -0.64833; -0.94041; -0.00041
213.8; 24.650; 8.50; 0.01354; -0.66521; -0.93815; -0.00172
214.0; 24.672; 8.50; 0.01435; -0.67254; -0.93601; -0.00346
214.2; 24.694; 8.50; 0.01497; -0.66963; -0.93408; -0.00541
214.4; 24.716; 8.50; 0.01534; -0.65615; -0.93242; -0.00734
214.6; 24.738; 8.50; 0.01543; -0.63226; -0.93106; -0.00901
214.8; 24.761; 8.50; 0.01520; -0.59881; -0.92998; -0.01021
215.0; 24.783; 8.50; 0.01465; -0.55886; -0.92915; -0.01076
215.2; 24.805; 8.50; 0.01383; -0.51654; -0.92847; -0.01056
215.4; 24.827; 8.50; 0.01285; -0.47389; -0.92786; -0.00957
215.6; 24.849; 8.50; 0.01177; -0.43258; -0.92718; -0.00782
215.8; 24.872; 8.50; 0.01067; -0.39414; -0.92631; -0.00534
216.0; 24.894; 8.50; 0.00961; -0.35984; -0.92511; -0.00221
216.2; 24.916; 8.50; 0.00865; -0.33060; -0.92346; 0.00147
216.4; 24.939; 8.50; 0.00780; -0.30703; -0.92123; 0.00558
216.6; 24.961; 8.50; 0.00708; -0.28950; -0.91835; 0.00999
216.8; 24.983; 8.50; 0.00649; -0.27814; -0.91473; 0.01458
217.0; 25.006; 8.50; 0.00605; -0.27295; -0.91033; 0.01919
217.2; 25.028; 8.50; 0.00575; -0.27379; -0.90512; 0.02371
217.4; 25.051; 8.50; 0.00559; -0.28038; -0.89911; 0.02799
217.6; 25.073; 8.50; 0.00555; -0.29231; -0.89233; 0.03193
217.8; 25.095; 8.50; 0.00564; -0.30906; -0.88483; 0.03541
218.0; 25.118; 8.50; 0.00584; -0.32996; -0.87668; 0.03834
218.2; 25.140; 8.50; 0.00615; -0.35425; -0.86797; 0.04063
218.4; 25.163; 8.50; 0.00656; -0.38107; -0.85881; 0.04223
218.6; 25.186; 8.50; 0.00705; -0.40957; -0.84932; 0.04308
218.8; 25.208; 8.50; 0.00761; -0.43884; -0.83963; 0.04317
219.0; 25.231; 8.50; 0.00823; -0.46753; -0.82987; 0.04251
219.2; 25.253; 8.50; 0.00889; -0.49356; -0.82018; 0.04113
219.4; 25.276; 8.50; 0.00954; -0.51533; -0.81068; 0.03912
219.6; 25.299; 8.50; 0.01017; -0.53218; -0.80148; 0.03659
219.8; 25.321; 8.50; 0.01073; -0.54350; -0.79269; 0.03366
220.0; 25.344; 8.50; 0.01120; -0.54911; -0.78439; 0.03046
220.2; 25.367; 8.50; 0.01155; -0.55110; -0.77663; 0.02711
220.4; 25.390; 8.50; 0.01179; -0.55146; -0.76948; 0.02365
220.6; 25.412; 8.50; 0.01194; -0.55118; -0.76296; 0.02011
220.8; 25.435; 8.50; 0.01204; -0.55072; -0.75710; 0.01652
221.0; 25.458; 8.50; 0.01209; -0.55039; -0.75192; 0.01287
221.2; 25.481; 8.50; 0.01212; -0.55031; -0.74745; 0.00916
221.4; 25.503; 8.50; 0.01214; -0.55045; -0.74369; 0.00540
221.6; 25.526; 8.50; 0.01216; -0.55056; -0.74067; 0.00158
221.8; 25.549; 8.50; 0.01217; -0.55013; -0.73838; -0.00228
222.0; 25.572; 8.50; 0.01217; -0.54822; -0.73684; -0.00616
222.2; 25.594; 8.50; 0.01214; -0.54371; -0.73605; -0.01000
222.4; 25.617; 8.50; 0.01208; -0.53572; -0.73601; -0.01375
222.6; 25.640; 8.50; 0.01194; -0.52382; -0.73669; -0.01733
222.8; 25.663; 8.50; 0.01173; -0.50752; -0.73808; -0.02064
223.0; 25.686; 8.50; 0.01141; -0.48766; -0.74012; -0.02361
223.2; 25.708; 8.50; 0.01101; -0.46627; -0.74278; -0.02617
223.4; 25.731; 8.50; 0.01054; -0.44440; -0.74597; -0.02830
223.6; 25.754; 8.50; 0.01002; -0.42276; -0.74964; -0.03002
223.8; 25.777; 8.50; 0.00949; -0.40188; -0.75370; -0.03133
224.0; 25.800; 8.50; 0.00897; -0.38216; -0.75808; -0.03225
224.2; 25.823; 8.50; 0.00846; -0.36381; -0.76271; -0.03283
224.4; 25.845; 8.50; 0.00799; -0.34689; -0.76751; -0.03309
224.6; 25.868; 8.50; 0.00755; -0.33131; -0.77242; -0.03306
224.8; 25.891; 8.50; 0.00714; -0.31690; -0.77739; -0.03278
225.0; 25.914; 8.50; 0.00678; -0.30351; -0.78235; -0.03227
225.2; 25.937; 8.50; 0.00644; -0.29096; -0.78727; -0.03156
225.4; 25.960; 8.50; 0.00613; -0.27930; -0.79209; -0.03066
225.6; 25.982; 8.50; 0.00584; -0.26874; -0.79678; -0.02960
225.8; 26.005; 8.50; 0.00559; -0.25942; -0.80131; -0.02841
226.0; 26.028; 8.50; 0.00535; -0.25138; -0.80564; -0.02712
226.2; 26.051; 8.50; 0.00515; -0.24455; -0.80976; -0.02576
226.4; 26.074; 8.50; 0.00497; -0.23879; -0.81365; -0.02436
226.6; 26.097; 8.50; 0.00482; -0.23390; -0.81729; -0.02293
226.8; 26.120; 8.50; 0.00469; -0.22967; -0.82069; -0.02150
227.0; 26.143; 8.50; 0.00458; -0.22595; -0.82383; -0.02008
227.2; 26.165; 8.50; 0.00449; -0.22264; -0.82672; -0.01869
227.4; 26.188; 8.50; 0.00440; -0.21990; -0.82936; -0.01732
227.6; 26.211; 8.50; 0.00433; -0.21806; -0.83175; -0.01601
227.8; 26.234; 8.50; 0.00428; -0.21742; -0.83391; -0.01478
228.0; 26.257; 8.50; 0.00424; -0.21818; -0.83585; -0.01365
228.2; 26.280; 8.50; 0.00423; -0.22047; -0.83759; -0.01267
228.4; 26.303; 8.50; 0.00424; -0.22428; -0.83916; -0.01186
228.6; 26.326; 8.50; 0.00428; -0.22952; -0.84058; -0.01127
228.8; 26.349; 8.50; 0.00435; -0.23599; -0.84190; -0.01092
229.0; 26.372; 8.50; 0.00445; -0.24335; -0.84316; -0.01084
229.2; 26.395; 8.50; 0.00457; -0.25117; -0.84441; -0.01104
229.4; 26.418; 8.50; 0.00471; -0.25891; -0.84571; -0.01152
229.6; 26.441; 8.50; 0.00486; -0.26593; -0.84710; -0.01227
229.8; 26.464; 8.50; 0.00500; -0.27150; -0.84863; -0.01328
230.0; 26.487; 8.50; 0.00513; -0.27485; -0.85035; -0.01448
230.2; 26.510; 8.50; 0.00524; -0.27527; -0.85230; -0.01583
230.4; 26.533; 8.50; 0.00530; -0.27223; -0.85450; -0.01725
230.6; 26.556; 8.50; 0.00531; -0.26543; -0.85698; -0.01865
230.8; 26.579; 8.50; 0.00525; -0.25517; -0.85973; -0.01995
231.0; 26.602; 8.50; 0.00512; -0.24230; -0.86273; -0.02109
231.2; 26.625; 8.50; 0.00493; -0.22756; -0.86597; -0.02200
231.4; 26.648; 8.50; 0.00469; -0.21160; -0.86941; -0.02267
231.6; 26.671; 8.50; 0.00442; -0.19496; -0.87301; -0.02306
231.8; 26.695; 8.50; 0.00411; -0.17810; -0.87671; -0.02316
232.0; 26.718; 8.50; 0.00380; -0.16138; -0.88047; -0.02299
232.2; 26.741; 8.50; 0.00347; -0.14509; -0.88423; -0.02253
232.4; 26.764; 8.50; 0.00315; -0.12946; -0.88794; -0.02181
232.6; 26.787; 8.50; 0.00284; -0.11467; -0.89154; -0.02084
232.8; 26.810; 8.50; 0.00254; -0.10088; -0.89500; -0.01965
233.0; 26.833; 8.50; 0.00225; -0.08825; -0.89826; -0.01825
233.2; 26.856; 8.50; 0.00199; -0.07686; -0.90128; -0.01668
233.4; 26.880; 8.50; 0.00174; -0.06679; -0.90403; -0.01496
233.6; 26.903; 8.50; 0.00152; -0.05804; -0.90648; -0.01313
233.8; 26.926; 8.50; 0.00133; -0.05059; -0.90860; -0.01122
234.0; 26.949; 8.50; 0.00116; -0.04439; -0.91037; -0.00924
234.2; 26.972; 8.50; 0.00101; -0.03936; -0.91178; -0.00724
234.4; 26.996; 8.50; 0.00089; -0.03539; -0.91283; -0.00524
234.6; 27.019; 8.50; 0.00079; -0.03236; -0.91350; -0.00325
234.8; 27.042; 8.50; 0.00071; -0.03013; -0.91380; -0.00130
235.0; 27.065; 8.50; 0.00064; -0.02855; -0.91374; 0.00059
235.2; 27.089; 8.50; 0.00060; -0.02747; -0.91331; 0.00242
235.4; 27.112; 8.50; 0.00056; -0.02676; -0.91255; 0.00417
235.6; 27.135; 8.50; 0.00053; -0.02627; -0.91144; 0.00584
235.8; 27.159; 8.50; 0.00052; -0.02589; -0.91002; 0.00743
236.0; 27.182; 8.50; 0.00050; -0.02554; -0.90830; 0.00892
236.2; 27.205; 8.50; 0.00049; -0.02518; -0.90629; 0.01033
236.4; 27.228; 8.50; 0.00048; -0.02478; -0.90402; 0.01166
236.6; 27.252; 8.50; 0.00048; -0.02430; -0.90148; 0.01290
236.8; 27.275; 8.50; 0.00047; -0.02373; -0.89871; 0.01406
237.0; 27.299; 8.50; 0.00046; -0.02307; -0.89572; 0.01514
237.2; 27.322; 8.50; 0.00045; -0.02231; -0.89252; 0.01614
237.4; 27.345; 8.50; 0.00043; -0.02143; -0.88913; 0.01707
237.6; 27.369; 8.50; 0.00042; -0.02044; -0.88557; 0.01792
237.8; 27.392; 8.50; 0.00040; -0.01934; -0.88184; 0.01871
238.0; 27.415; 8.50; 0.00039; -0.01813; -0.87797; 0.01944
238.2; 27.439; 8.50; 0.00037; -0.01681; -0.87396; 0.02010
238.4; 27.462; 8.50; 0.00034; -0.01541; -0.86982; 0.02070
238.6; 27.486; 8.50; 0.00032; -0.01396; -0.86558; 0.02124
238.8; 27.509; 8.50; 0.00029; -0.01248; -0.86123; 0.02172
239.0; 27.533; 8.50; 0.00027; -0.01101; -0.85680; 0.02215
239.2; 27.556; 8.50; 0.00024; -0.00957; -0.85229; 0.02251
239.4; 27.580; 8.50; 0.00021; -0.00819; -0.84772; 0.02282
239.6; 27.603; 8.50; 0.00019; -0.00688; -0.84310; 0.02307
239.8; 27.627; 8.50; 0.00016; -0.00564; -0.83844; 0.02325
240.0; 27.650; 8.50; 0.00013; -0.00449; -0.83375; 0.02337
240.2; 27.674; 8.50; 0.00011; -0.00344; -0.82905; 0.02343
240.4; 27.697; 8.50; 0.00009; -0.00249; -0.82434; 0.02341
240.6; 27.721; 8.50; 0.00007; -0.00164; -0.81965; 0.02333
240.8; 27.744; 8.50; 0.00005; -0.00089; -0.81498; 0.02317
241.0; 27.768; 8.50; 0.00004; -0.00025; -0.81036; 0.02293
241.2; 27.791; 8.50; 0.00002; 0.00029; -0.80579; 0.02261
241.4; 27.815; 8.50; 0.00001; 0.00072; -0.80129; 0.02222
241.6; 27.839; 8.50; -0.00000; 0.00104; -0.79689; 0.02174
241.8; 27.862; 8.50; -0.00001; 0.00125; -0.79258; 0.02117
242.0; 27.886; 8.50; -0.00002; 0.00134; -0.78841; 0.02051
242.2; 27.909; 8.50; -0.00002; 0.00132; -0.78437; 0.01976
242.4; 27.933; 8.50; -0.00002; 0.00117; -0.78049; 0.01891
242.6; 27.957; 8.50; -0.00002; 0.00090; -0.77679; 0.01796
242.8; 27.980; 8.50; -0.00002; 0.00048; -0.77329; 0.01691
243.0; 28.004; 8.50; -0.00001; -0.00007; -0.77001; 0.01576
243.2; 28.028; 8.50; -0.00001; -0.00077; -0.76697; 0.01449
243.4; 28.051; 8.50; 0.00000; -0.00163; -0.76420; 0.01311
243.6; 28.075; 8.50; 0.00002; -0.00266; -0.76171; 0.01161
243.8; 28.099; 8.50; 0.00003; -0.00385; -0.75953; 0.00998
244.0; 28.122; 8.50; 0.00005; -0.00521; -0.75769; 0.00823
244.2; 28.146; 8.50; 0.00007; -0.00675; -0.75620; 0.00635
244.4; 28.170; 8.50; 0.00010; -0.00847; -0.75511; 0.00435
244.6; 28.193; 8.50; 0.00013; -0.01036; -0.75442; 0.00229
244.8; 28.217; 8.50; 0.00016; -0.01241; -0.75413; 0.00023
245.0; 28.241; 8.50; 0.00019; -0.01460; -0.75426; -0.00179
245.2; 28.264; 8.50; 0.00023; -0.01693; -0.75477; -0.00374
245.4; 28.288; 8.50; 0.00027; -0.01937; -0.75566; -0.00563
245.6; 28.312; 8.50; 0.00032; -0.02188; -0.75692; -0.00746
245.8; 28.335; 8.50; 0.00036; -0.02444; -0.75853; -0.00924
246.0; 28.359; 8.50; 0.00041; -0.02701; -0.76049; -0.01097
246.2; 28.383; 8.50; 0.00045; -0.02952; -0.76277; -0.01264
246.4; 28.406; 8.50; 0.00050; -0.03192; -0.76537; -0.01424
246.6; 28.430; 8.50; 0.00055; -0.03413; -0.76828; -0.01579
246.8; 28.453; 8.50; 0.00059; -0.03606; -0.77148; -0.01726
247.0; 28.477; 8.50; 0.00063; -0.03760; -0.77496; -0.01866
247.2; 28.500; 8.50; 0.00067; -0.03865; -0.77870; -0.01997
247.4; 28.524; 8.50; 0.00070; -0.03910; -0.78269; -0.02117
247.6; 28.548; 8.50; 0.00071; -0.03886; -0.78690; -0.02226
247.8; 28.571; 8.50; 0.00072; -0.03787; -0.79130; -0.02321
248.0; 28.595; 8.50; 0.00072; -0.03610; -0.79588; -0.02401
248.2; 28.618; 8.50; 0.00070; -0.03363; -0.80061; -0.02464
248.4; 28.642; 8.50; 0.00067; -0.03057; -0.80544; -0.02508
248.6; 28.665; 8.50; 0.00063; -0.02708; -0.81035; -0.02533
248.8; 28.689; 8.50; 0.00057; -0.02329; -0.81529; -0.02537
249.0; 28.712; 8.50; 0.00051; -0.01933; -0.82023; -0.02520
249.2; 28.736; 8.50; 0.00044; -0.01533; -0.82512; -0.02482
249.4; 28.759; 8.50; 0.00037; -0.01138; -0.82993; -0.02423
249.6; 28.782; 8.50; 0.00030; -0.00760; -0.83461; -0.02343
249.8; 28.806; 8.50; 0.00023; -0.00408; -0.83913; -0.02242
250.0; 28.829; 8.50; 0.00016; -0.00091; -0.84343; -0.02122
250.2; 28.853; 8.50; 0.00009; 0.00180; -0.84750; -0.01984
250.4; 28.876; 8.50; 0.00003; 0.00398; -0.85127; -0.01828
250.6; 28.899; 8.50; -0.00002; 0.00553; -0.85474; -0.01657
250.8; 28.923; 8.50; -0.00006; 0.00635; -0.85785; -0.01471
251.0; 28.946; 8.50; -0.00008; 0.00636; -0.86059; -0.01273
251.2; 28.970; 8.50; -0.00010; 0.00545; -0.86293; -0.01064
251.4; 28.993; 8.50; -0.00010; 0.00353; -0.86484; -0.00848
251.6; 29.016; 8.50; -0.00008; 0.00050; -0.86632; -0.00626
251.8; 29.039; 8.50; -0.00005; -0.00375; -0.86736; -0.00402
252.0; 29.063; 8.50; 0.00001; -0.00930; -0.86794; -0.00178
252.2; 29.086; 8.50; 0.00008; -0.01626; -0.86806; 0.00042
252.4; 29.109; 8.50; 0.00019; -0.02470; -0.86774; 0.00255
252.6; 29.133; 8.50; 0.00032; -0.03469; -0.86699; 0.00458
252.8; 29.156; 8.50; 0.00047; -0.04629; -0.86582; 0.00646
253.0; 29.179; 8.50; 0.00066; -0.05953; -0.86427; 0.00816
253.2; 29.202; 8.50; 0.00087; -0.07439; -0.86236; 0.00964
253.4; 29.225; 8.50; 0.00112; -0.09084; -0.86014; 0.01086
253.6; 29.249; 8.50; 0.00139; -0.10881; -0.85766; 0.01179
253.8; 29.272; 8.50; 0.00170; -0.12816; -0.85497; 0.01238
254.0; 29.295; 8.50; 0.00203; -0.14869; -0.85214; 0.01262
254.2; 29.318; 8.50; 0.00240; -0.17014; -0.84923; 0.01247
254.4; 29.341; 8.50; 0.00278; -0.19220; -0.84631; 0.01193
254.6; 29.364; 8.50; 0.00319; -0.21444; -0.84347; 0.01097
254.8; 29.388; 8.50; 0.00361; -0.23639; -0.84078; 0.00961
255.0; 29.411; 8.50; 0.00404; -0.25748; -0.83830; 0.00785
255.2; 29.434; 8.50; 0.00447; -0.27709; -0.83613; 0.00572
255.4; 29.457; 8.50; 0.00489; -0.29453; -0.83432; 0.00329
255.6; 29.480; 8.50; 0.00529; -0.30913; -0.83294; 0.00063
255.8; 29.503; 8.50; 0.00564; -0.32037; -0.83201; -0.00213
256.0; 29.526; 8.50; 0.00595; -0.32788; -0.83156; -0.00490
256.2; 29.549; 8.50; 0.00619; -0.33190; -0.83160; -0.00759
256.4; 29.572; 8.50; 0.00637; -0.33334; -0.83211; -0.01013
256.6; 29.595; 8.50; 0.00648; -0.33286; -0.83306; -0.01246
256.8; 29.618; 8.50; 0.00655; -0.33097; -0.83443; -0.01455
257.0; 29.641; 8.50; 0.00656; -0.32801; -0.83617; -0.01636
257.2; 29.664; 8.50; 0.00654; -0.32416; -0.83823; -0.01787
257.4; 29.687; 8.50; 0.00650; -0.31948; -0.84056; -0.01905
257.6; 29.710; 8.50; 0.00643; -0.31386; -0.84310; -0.01989
257.8; 29.733; 8.50; 0.00633; -0.30710; -0.84577; -0.02035
258.0; 29.756; 8.50; 0.00622; -0.29891; -0.84852; -0.02041
258.2; 29.779; 8.50; 0.00607; -0.28896; -0.85125; -0.02002
258.4; 29.801; 8.50; 0.00590; -0.27703; -0.85389; -0.01913
258.6; 29.824; 8.50; 0.00569; -0.26310; -0.85634; -0.01769
258.8; 29.847; 8.50; 0.00545; -0.24736; -0.85849; -0.01567
259.0; 29.870; 8.50; 0.00517; -0.23058; -0.86024; -0.01301
259.2; 29.892; 8.50; 0.00486; -0.21391; -0.86148; -0.00973
259.4; 29.915; 8.50; 0.00454; -0.19846; -0.86208; -0.00582
259.6; 29.938; 8.50; 0.00422; -0.18527; -0.86193; -0.00133
259.8; 29.960; 8.50; 0.00393; -0.17527; -0.86093; 0.00368
260.0; 29.983; 8.50; 0.00368; -0.16933; -0.85897; 0.00914
260.2; 30.005; 8.50; 0.00348; -0.16823; -0.85598; 0.01494
260.4; 30.028; 8.50; 0.00337; -0.17266; -0.85189; 0.02096
260.6; 30.050; 8.50; 0.00334; -0.18322; -0.84666; 0.02709
260.8; 30.073; 8.50; 0.00341; -0.20042; -0.84025; 0.03318
261.0; 30.095; 8.50; 0.00361; -0.22465; -0.83268; 0.03907
261.2; 30.118; 8.50; 0.00393; -0.25615; -0.82397; 0.04462
261.4; 30.140; 8.50; 0.00438; -0.29503; -0.81418; 0.04965
261.6; 30.163; 8.50; 0.00499; -0.34120; -0.80339; 0.05402
261.8; 30.185; 8.50; 0.00576; -0.39434; -0.79172; 0.05756
262.0; 30.208; 8.50; 0.00671; -0.45387; -0.77931; 0.06013
262.2; 30.230; 8.50; 0.00784; -0.51904; -0.76632; 0.06160
262.4; 30.253; 8.50; 0.00919; -0.59010; -0.75292; 0.06185
262.6; 30.275; 8.50; 0.01077; -0.66845; -0.73934; 0.06072
262.8; 30.297; 8.50; 0.01264; -0.74383; -0.72577; 0.05821
263.0; 30.320; 8.50; 0.01476; -0.81464; -0.71243; 0.05439
263.2; 30.342; 8.50; 0.01710; -0.87943; -0.69951; 0.04939
263.4; 30.365; 8.50; 0.01962; -0.93662; -0.68718; 0.04336
263.6; 30.387; 8.50; 0.02228; -0.98496; -0.67560; 0.03648
263.8; 30.409; 8.50; 0.02502; -1.02387; -0.66487; 0.02896
264.0; 30.432; 8.50; 0.02779; -1.05343; -0.65509; 0.02099
264.2; 30.454; 8.50; 0.03052; -1.07426; -0.64634; 0.01278
264.4; 30.477; 8.50; 0.03314; -1.08724; -0.63865; 0.00450
264.6; 30.499; 8.50; 0.03559; -1.09325; -0.63204; -0.00370
264.8; 30.521; 8.50; 0.03783; -1.09358; -0.62653; -0.01168
265.0; 30.544; 8.50; 0.03980; -1.09006; -0.62211; -0.01935
265.2; 30.566; 8.50; 0.04150; -1.08354; -0.61876; -0.02665
265.4; 30.588; 8.50; 0.04291; -1.07481; -0.61647; -0.03354
265.6; 30.610; 8.50; 0.04402; -1.06472; -0.61520; -0.03998
265.8; 30.633; 8.50; 0.04484; -1.05420; -0.61493; -0.04597
266.0; 30.655; 8.50; 0.04539; -1.04421; -0.61561; -0.05153
266.2; 30.677; 8.50; 0.04571; -1.03571; -0.61723; -0.05669
266.4; 30.699; 8.50; 0.04585; -1.02962; -0.61975; -0.06154
266.6; 30.722; 8.50; 0.04586; -1.02659; -0.62315; -0.06615
266.8; 30.744; 8.50; 0.04583; -1.02587; -0.62740; -0.07060
267.0; 30.766; 8.50; 0.04578; -1.02641; -0.63248; -0.07490
267.2; 30.788; 8.50; 0.04575; -1.02735; -0.63835; -0.07902
267.4; 30.810; 8.50; 0.04574; -1.02813; -0.64498; -0.08294
267.6; 30.832; 8.50; 0.04575; -1.02854; -0.65231; -0.08660
267.8; 30.854; 8.50; 0.04576; -1.02858; -0.66029; -0.08997
268.0; 30.876; 8.50; 0.04577; -1.02841; -0.66885; -0.09299
268.2; 30.898; 8.50; 0.04578; -1.02818; -0.67792; -0.09563
268.4; 30.920; 8.50; 0.04578; -1.02800; -0.68742; -0.09785
268.6; 30.942; 8.50; 0.04578; -1.02793; -0.69727; -0.09961
268.8; 30.964; 8.50; 0.04578; -1.02799; -0.70737; -0.10087
269.0; 30.986; 8.50; 0.04578; -1.02818; -0.71762; -0.10161
269.2; 31.007; 8.50; 0.04578; -1.02832; -0.72793; -0.10177
269.4; 31.029; 8.50; 0.04578; -1.02823; -0.73818; -0.10133
269.6; 31.051; 8.50; 0.04579; -1.02800; -0.74825; -0.10025
269.8; 31.072; 8.50; 0.04578; -1.02776; -0.75803; -0.09848
270.0; 31.093; 8.50; 0.04578; -1.02773; -0.76738; -0.09600
270.2; 31.115; 8.50; 0.04577; -1.02799; -0.77618; -0.09278
270.4; 31.136; 8.50; 0.04577; -1.02829; -0.78430; -0.08880
270.6; 31.157; 8.50; 0.04578; -1.02832; -0.79159; -0.08404
270.8; 31.178; 8.50; 0.04578; -1.02816; -0.79794; -0.07846
271.0; 31.199; 8.50; 0.04578; -1.02796; -0.80319; -0.07205
271.2; 31.220; 8.50; 0.04578; -1.02780; -0.80721; -0.06481
271.4; 31.240; 8.50; 0.04578; -1.02773; -0.80986; -0.05673
271.6; 31.261; 8.50; 0.04577; -1.02774; -0.81101; -0.04782
271.8; 31.282; 8.50; 0.04576; -1.02780; -0.81053; -0.03809
272.0; 31.302; 8.50; 0.04576; -1.02790; -0.80829; -0.02758
272.2; 31.323; 8.50; 0.04576; -1.02801; -0.80416; -0.01637
272.4; 31.343; 8.50; 0.04576; -1.02810; -0.79805; -0.00487
272.6; 31.364; 8.50; 0.04576; -1.02817; -0.78993; 0.00620
272.8; 31.384; 8.50; 0.04577; -1.02819; -0.77990; 0.01619
273.0; 31.405; 8.50; 0.04577; -1.02814; -0.76815; 0.02482
273.2; 31.426; 8.50; 0.04577; -1.02799; -0.75490; 0.03204
273.4; 31.447; 8.50; 0.04577; -1.02774; -0.74036; 0.03782
273.6; 31.469; 8.50; 0.04576; -1.02744; -0.72480; 0.04217
273.8; 31.490; 8.50; 0.04575; -1.02719; -0.70846; 0.04509
274.0; 31.512; 8.50; 0.04574; -1.02721; -0.69160; 0.04660
274.2; 31.534; 8.50; 0.04572; -1.02770; -0.67447; 0.04673
274.4; 31.556; 8.50; 0.04572; -1.02876; -0.65734; 0.04548
274.6; 31.578; 8.50; 0.04575; -1.03034; -0.64047; 0.04291
274.8; 31.600; 8.50; 0.04580; -1.03217; -0.62410; 0.03903
275.0; 31.622; 8.50; 0.04589; -1.03247; -0.60849; 0.03392
275.2; 31.645; 8.50; 0.04596; -1.02860; -0.59388; 0.02768
275.4; 31.667; 8.50; 0.04592; -1.01739; -0.58048; 0.02049
275.6; 31.690; 8.50; 0.04563; -0.99647; -0.56852; 0.01259
275.8; 31.712; 8.50; 0.04493; -0.96508; -0.55817; 0.00426
276.0; 31.735; 8.50; 0.04364; -0.91880; -0.54961; -0.00419
276.2; 31.758; 8.50; 0.04155; -0.85485; -0.54295; -0.01233
276.4; 31.781; 8.50; 0.03846; -0.77122; -0.53830; -0.01970
276.6; 31.803; 8.50; 0.03429; -0.66866; -0.53565; -0.02581
276.8; 31.826; 8.50; 0.02918; -0.55346; -0.53494; -0.03024
277.0; 31.849; 8.50; 0.02359; -0.43811; -0.53597; -0.03282
277.2; 31.872; 8.50; 0.01818; -0.33617; -0.53842; -0.03365
277.4; 31.895; 8.50; 0.01352; -0.25460; -0.54189; -0.03314
277.6; 31.919; 8.50; 0.00987; -0.19235; -0.54598; -0.03171
277.8; 31.942; 8.50; 0.00716; -0.14493; -0.55037; -0.02968
278.0; 31.965; 8.50; 0.00520; -0.10812; -0.55476; -0.02713
278.2; 31.988; 8.50; 0.00378; -0.07892; -0.55893; -0.02404
278.4; 32.011; 8.50; 0.00275; -0.05540; -0.56268; -0.02042
278.6; 32.035; 8.50; 0.00198; -0.03631; -0.56585; -0.01638
278.8; 32.058; 8.50; 0.00139; -0.02079; -0.56832; -0.01200
279.0; 32.081; 8.50; 0.00094; -0.00826; -0.57001; -0.00736
279.2; 32.104; 8.50; 0.00058; 0.00173; -0.57084; -0.00253
279.4; 32.127; 8.50; 0.00030; 0.00955; -0.57076; 0.00244
279.6; 32.151; 8.50; 0.00008; 0.01549; -0.56974; 0.00750
279.8; 32.174; 8.50; -0.00009; 0.01981; -0.56776; 0.01260
280.0; 32.197; 8.50; -0.00022; 0.02275; -0.56480; 0.01772
280.2; 32.220; 8.50; -0.00031; 0.02450; -0.56085; 0.02282
280.4; 32.243; 8.50; -0.00038; 0.02528; -0.55591; 0.02788
280.6; 32.267; 8.50; -0.00042; 0.02525; -0.54998; 0.03287
280.8; 32.290; 8.50; -0.00045; 0.02457; -0.54308; 0.03778
281.0; 32.313; 8.50; -0.00045; 0.02338; -0.53522; 0.04259
281.2; 32.337; 8.50; -0.00045; 0.02183; -0.52641; 0.04729
281.4; 32.360; 8.50; -0.00043; 0.02001; -0.51668; 0.05188
281.6; 32.383; 8.50; -0.00041; 0.01805; -0.50604; 0.05634
281.8; 32.407; 8.50; -0.00038; 0.01603; -0.49451; 0.06068
282.0; 32.430; 8.50; -0.00034; 0.01404; -0.48213; 0.06489
282.2; 32.453; 8.50; -0.00031; 0.01216; -0.46891; 0.06897
282.4; 32.477; 8.50; -0.00027; 0.01044; -0.45487; 0.07293
282.6; 32.500; 8.50; -0.00024; 0.00894; -0.44004; 0.07677
282.8; 32.523; 8.50; -0.00021; 0.00772; -0.42444; 0.08050
283.0; 32.547; 8.50; -0.00018; 0.00682; -0.40810; 0.08411
283.2; 32.570; 8.50; -0.00016; 0.00628; -0.39103; 0.08763
283.4; 32.594; 8.50; -0.00014; 0.00614; -0.37326; 0.09105
283.6; 32.617; 8.50; -0.00013; 0.00642; -0.35479; 0.09438
283.8; 32.641; 8.50; -0.00013; 0.00714; -0.33566; 0.09764
284.0; 32.664; 8.50; -0.00013; 0.00833; -0.31587; 0.10083
284.2; 32.688; 8.50; -0.00014; 0.01000; -0.29543; 0.10397
284.4; 32.711; 8.50; -0.00016; 0.01216; -0.27436; 0.10707
284.6; 32.735; 8.50; -0.00019; 0.01481; -0.25267; 0.11014
284.8; 32.759; 8.50; -0.00023; 0.01793; -0.23036; 0.11318
285.0; 32.782; 8.50; -0.00028; 0.02151; -0.20744; 0.11621
285.2; 32.806; 8.50; -0.00034; 0.02552; -0.18390; 0.11924
285.4; 32.830; 8.50; -0.00041; 0.02990; -0.15976; 0.12228
285.6; 32.853; 8.50; -0.00048; 0.03460; -0.13500; 0.12533
285.8; 32.877; 8.50; -0.00056; 0.03953; -0.10963; 0.12840
286.0; 32.901; 8.50; -0.00065; 0.04459; -0.08364; 0.13150
286.2; 32.924; 8.50; -0.00074; 0.04964; -0.05703; 0.13463
286.4; 32.948; 8.50; -0.00083; 0.05453; -0.02979; 0.13778
286.6; 32.972; 8.50; -0.00092; 0.05906; -0.00192; 0.14094
286.8; 32.996; 8.50; -0.00101; 0.06302; 0.02659; 0.14411
287.0; 33.019; 8.50; -0.00110; 0.06614; 0.05573; 0.14727
287.2; 33.043; 8.50; -0.00117; 0.06813; 0.08550; 0.15039
287.4; 33.067; 8.50; -0.00122; 0.06865; 0.11590; 0.15344
287.6; 33.091; 8.50; -0.00126; 0.06732; 0.14690; 0.15638
287.8; 33.115; 8.50; -0.00126; 0.06373; 0.17850; 0.15916
288.0; 33.139; 8.50; -0.00123; 0.05743; 0.21065; 0.16172
288.2; 33.162; 8.50; -0.00116; 0.04794; 0.24330; 0.16398
288.4; 33.186; 8.50; -0.00104; 0.03475; 0.27641; 0.16587
288.6; 33.210; 8.50; -0.00085; 0.01736; 0.30989; 0.16729
288.8; 33.234; 8.50; -0.00060; -0.00475; 0.34365; 0.16817
289.0; 33.258; 8.50; -0.00027; -0.03208; 0.37760; 0.16850
289.2; 33.282; 8.50; 0.00015; -0.06509; 0.41165; 0.16821
289.4; 33.306; 8.50; 0.00067; -0.10421; 0.44568; 0.16721
289.6; 33.330; 8.50; 0.00129; -0.14981; 0.47955; 0.16535
289.8; 33.354; 8.50; 0.00203; -0.20218; 0.51310; 0.16247
290.0; 33.378; 8.50; 0.00291; -0.26146; 0.54612; 0.15840
290.2; 33.402; 8.50; 0.00393; -0.32759; 0.57839; 0.15297
290.4; 33.426; 8.50; 0.00512; -0.40020; 0.60963; 0.14604
290.6; 33.449; 8.50; 0.00649; -0.47865; 0.63957; 0.13745
290.8; 33.473; 8.50; 0.00808; -0.56380; 0.66788; 0.12706
291.0; 33.497; 8.50; 0.00994; -0.65627; 0.69424; 0.11471
291.2; 33.521; 8.50; 0.01213; -0.74392; 0.71830; 0.10039
291.4; 33.545; 8.50; 0.01460; -0.82526; 0.73975; 0.08424
291.6; 33.569; 8.50; 0.01730; -0.89784; 0.75827; 0.06645
291.8; 33.593; 8.50; 0.02021; -0.95894; 0.77361; 0.04724
292.0; 33.617; 8.50; 0.02323; -1.00641; 0.78555; 0.02693
292.2; 33.641; 8.50; 0.02627; -1.03886; 0.79390; 0.00583
292.4; 33.664; 8.50; 0.02918; -1.05547; 0.79853; -0.01570
292.6; 33.688; 8.50; 0.03181; -1.05558; 0.79935; -0.03730
292.8; 33.712; 8.50; 0.03395; -1.03819; 0.79630; -0.05858
293.0; 33.736; 8.50; 0.03538; -1.00129; 0.78937; -0.07911
293.2; 33.760; 8.50; 0.03583; -0.94161; 0.77857; -0.09841
293.4; 33.784; 8.50; 0.03503; -0.85758; 0.76397; -0.11591
293.6; 33.808; 8.50; 0.03283; -0.75329; 0.74573; -0.13110
293.8; 33.832; 8.38; 0.03295; -0.86232; 0.72412; -0.14670
294.0; 33.857; 8.27; 0.03443; -0.87328; 0.69934; -0.16375
294.2; 33.882; 8.15; 0.03554; -0.86124; 0.67129; -0.18088
294.4; 33.907; 8.04; 0.03596; -0.84692; 0.63985; -0.19750
294.6; 33.933; 7.92; 0.03576; -0.83668; 0.60495; -0.21315
294.8; 33.960; 7.79; 0.03509; -0.83335; 0.56667; -0.22766
295.0; 33.987; 7.67; 0.03413; -0.83869; 0.52512; -0.24116
295.2; 34.014; 7.53; 0.03306; -0.85383; 0.48046; -0.25382
295.4; 34.043; 7.40; 0.03205; -0.87919; 0.43285; -0.26588
295.6; 34.071; 7.27; 0.03125; -0.91438; 0.38242; -0.27754
295.8; 34.101; 7.13; 0.03074; -0.95825; 0.32934; -0.28896
296.0; 34.131; 7.00; 0.03060; -1.00906; 0.27375; -0.30026
296.2; 34.162; 6.87; 0.03085; -1.06471; 0.21582; -0.31146
296.4; 34.193; 6.74; 0.03149; -1.12305; 0.15575; -0.32248
296.6; 34.225; 6.62; 0.03252; -1.18208; 0.09377; -0.33316
296.8; 34.257; 6.50; 0.03392; -1.24004; 0.03022; -0.34318
297.0; 34.290; 6.39; 0.03567; -1.29542; -0.03449; -0.35215
297.2; 34.323; 6.29; 0.03775; -1.34678; -0.09982; -0.35955
297.4; 34.355; 6.19; 0.04011; -1.39255; -0.16509; -0.36478
297.6; 34.388; 6.10; 0.04270; -1.43075; -0.22951; -0.36716
297.8; 34.421; 6.01; 0.04543; -1.45932; -0.29218; -0.36591
298.0; 34.453; 5.92; 0.04836; -1.48387; -0.35212; -0.36043
298.2; 34.485; 5.82; 0.05155; -1.50438; -0.40835; -0.35031
298.4; 34.516; 5.73; 0.05495; -1.52372; -0.45997; -0.33540
298.6; 34.547; 5.63; 0.05855; -1.54457; -0.50630; -0.31586
298.8; 34.577; 5.53; 0.06245; -1.57076; -0.54684; -0.29225
299.0; 34.607; 5.44; 0.06544; -1.57078; -0.58144; -0.26500
299.2; 34.636; 5.38; 0.06699; -1.57078; -0.61023; -0.23478
299.4; 34.664; 5.33; 0.06713; -1.57078; -0.63350; -0.20282
299.6; 34.693; 5.30; 0.06600; -1.57078; -0.65169; -0.17081
299.8; 34.722; 5.28; 0.06382; -1.57079; -0.66541; -0.14111
300.0; 34.751; 5.27; 0.06084; -1.57078; -0.67546; -0.11598
300.2; 34.780; 5.26; 0.05748; -1.57079; -0.68266; -0.09600
300.4; 34.810; 5.25; 0.05393; -1.57079; -0.68771; -0.08022
300.6; 34.840; 5.24; 0.05021; -1.57079; -0.69112; -0.06722
300.8; 34.870; 5.22; 0.04633; -1.57079; -0.69321; -0.05565
301.0; 34.901; 5.21; 0.04234; -1.57079; -0.69412; -0.04424
301.2; 34.931; 5.19; 0.03826; -1.57079; -0.69379; -0.03176
301.4; 34.961; 5.17; 0.03401; -1.57079; -0.69200; -0.01697
301.6; 34.991; 5.16; 0.02952; -1.57079; -0.68836; 0.00141
301.8; 35.021; 5.15; 0.02494; -1.57079; -0.68232; 0.02470
302.0; 35.050; 5.14; 0.02046; -1.57079; -0.67316; 0.05418
302.2; 35.078; 5.14; 0.01628; -1.57079; -0.66000; 0.09106
302.4; 35.106; 5.15; 0.01257; -1.57079; -0.64184; 0.13627
302.6; 35.134; 5.16; 0.00943; -1.57079; -0.61749; 0.18947
302.8; 35.161; 5.17; 0.00687; -1.57079; -0.58543; 0.24682
303.0; 35.190; 5.19; 0.00488; -1.57078; -0.54404; 0.30109
303.2; 35.221; 5.21; 0.00344; -1.57078; -0.49233; 0.34608
303.4; 35.254; 5.24; 0.00258; -1.57078; -0.43059; 0.37921
303.6; 35.289; 5.26; 0.00225; -1.57078; -0.36014; 0.40027
303.8; 35.326; 5.29; 0.00237; -1.57078; -0.28303; 0.40995
304.0; 35.364; 5.33; 0.00284; -1.57077; -0.20170; 0.40946
304.2; 35.403; 5.36; 0.00355; -1.57077; -0.11872; 0.40023
304.4; 35.443; 5.39; 0.00442; -1.57053; -0.03648; 0.38367
304.6; 35.483; 5.42; 0.00525; -1.54931; 0.04297; 0.36161
304.8; 35.522; 5.45; 0.00556; -1.50714; 0.11805; 0.33598
305.0; 35.562; 5.49; 0.00515; -1.44871; 0.18766; 0.30849
305.2; 35.601; 5.54; 0.00412; -1.37947; 0.25121; 0.28071
305.4; 35.640; 5.60; 0.00283; -1.30596; 0.30868; 0.25415
305.6; 35.678; 5.67; 0.00169; -1.23367; 0.36046; 0.22984
305.8; 35.715; 5.75; 0.00093; -1.16461; 0.40715; 0.20800
306.0; 35.752; 5.83; 0.00059; -1.09807; 0.44934; 0.18847
306.2; 35.788; 5.93; 0.00055; -1.03289; 0.48756; 0.17106
306.4; 35.824; 6.03; 0.00071; -0.96874; 0.52229; 0.15560
306.6; 35.859; 6.13; 0.00097; -0.90602; 0.55395; 0.14195
306.8; 35.893; 6.24; 0.00127; -0.84550; 0.58291; 0.12991
307.0; 35.926; 6.36; 0.00159; -0.78793; 0.60949; 0.11928
307.2; 35.959; 6.47; 0.00190; -0.73400; 0.63397; 0.10986
307.4; 35.992; 6.59; 0.00219; -0.68424; 0.65657; 0.10142
307.6; 36.023; 6.71; 0.00246; -0.63906; 0.67749; 0.09374
307.8; 36.054; 6.83; 0.00270; -0.59880; 0.69686; 0.08661
308.0; 36.084; 6.95; 0.00293; -0.56373; 0.71475; 0.07979
308.2; 36.114; 7.07; 0.00314; -0.53413; 0.73123; 0.07308
308.4; 36.143; 7.18; 0.00334; -0.51027; 0.74629; 0.06628
308.6; 36.171; 7.30; 0.00354; -0.49250; 0.75991; 0.05918
308.8; 36.199; 7.42; 0.00375; -0.48117; 0.77201; 0.05157
309.0; 36.226; 7.53; 0.00400; -0.47667; 0.78248; 0.04327
309.2; 36.253; 7.64; 0.00428; -0.47940; 0.79118; 0.03407
309.4; 36.279; 7.75; 0.00464; -0.48963; 0.79795; 0.02377
309.6; 36.305; 7.85; 0.00507; -0.50741; 0.80256; 0.01219
309.8; 36.330; 7.95; 0.00561; -0.53234; 0.80478; -0.00086
310.0; 36.355; 8.04; 0.00628; -0.56331; 0.80436; -0.01551
310.2; 36.380; 8.13; 0.00709; -0.59824; 0.80100; -0.03189
310.4; 36.404; 8.21; 0.00803; -0.63385; 0.79443; -0.05002
310.6; 36.428; 8.29; 0.00908; -0.66569; 0.78434; -0.06977
310.8; 36.452; 8.36; 0.01018; -0.68834; 0.77048; -0.09077
311.0; 36.475; 8.43; 0.01123; -0.69590; 0.75264; -0.11239
311.2; 36.498; 8.50; 0.01208; -0.68297; 0.73071; -0.13402
311.4; 36.522; 8.50; 0.01371; -0.73933; 0.70465; -0.15642
311.6; 36.545; 8.50; 0.01536; -0.70911; 0.67441; -0.17915
311.8; 36.568; 8.50; 0.01600; -0.63140; 0.63991; -0.20076
312.0; 36.592; 8.50; 0.01541; -0.51809; 0.60121; -0.22028
312.2; 36.615; 8.50; 0.01366; -0.37629; 0.55852; -0.23696
312.4; 36.639; 8.50; 0.01101; -0.21631; 0.51224; -0.25021
312.6; 36.663; 8.50; 0.00788; -0.05059; 0.46291; -0.25974
312.8; 36.687; 8.50; 0.00461; 0.11487; 0.41124; -0.26545
313.0; 36.711; 8.50; 0.00139; 0.27902; 0.35800; -0.26738
313.2; 36.735; 8.50; -0.00181; 0.43925; 0.30399; -0.26557
313.4; 36.759; 8.50; -0.00508; 0.58693; 0.24994; -0.26028
313.6; 36.783; 8.50; -0.00848; 0.71957; 0.19656; -0.25184
313.8; 36.808; 8.50; -0.01204; 0.83417; 0.14442; -0.24067
314.0; 36.832; 8.50; -0.01577; 0.92832; 0.09402; -0.22725
314.2; 36.856; 8.50; -0.01962; 1.00118; 0.04575; -0.21209
314.4; 36.880; 8.50; -0.02351; 1.05370; -0.00010; -0.19569
314.6; 36.904; 8.50; -0.02732; 1.08816; -0.04331; -0.17850
314.8; 36.928; 8.50; -0.03095; 1.10756; -0.08374; -0.16092
315.0; 36.952; 8.50; -0.03428; 1.11479; -0.12129; -0.14325
315.2; 36.976; 8.50; -0.03725; 1.11211; -0.15590; -0.12577
315.4; 37.000; 8.50; -0.03977; 1.10390; -0.18756; -0.10863
315.6; 37.024; 8.50; -0.04185; 1.09181; -0.21625; -0.09196
315.8; 37.048; 8.50; -0.04346; 1.07738; -0.24198; -0.07582
316.0; 37.072; 8.50; -0.04462; 1.06217; -0.26478; -0.06025
316.2; 37.096; 8.50; -0.04537; 1.04777; -0.28467; -0.04525
316.4; 37.120; 8.50; -0.04577; 1.03567; -0.30168; -0.03076
316.6; 37.144; 8.50; -0.04590; 1.02781; -0.31584; -0.01673
316.8; 37.168; 8.50; -0.04588; 1.02439; -0.32720; -0.00304
317.0; 37.192; 8.50; -0.04579; 1.02471; -0.33579; 0.01040
317.2; 37.216; 8.50; -0.04573; 1.02796; -0.34164; 0.02367
317.4; 37.240; 8.50; -0.04576; 1.03382; -0.34480; 0.03683
317.6; 37.264; 8.50; -0.04593; 1.04216; -0.34530; 0.04994
317.8; 37.288; 8.50; -0.04628; 1.05157; -0.34318; 0.06305
318.0; 37.312; 8.50; -0.04682; 1.06065; -0.33847; 0.07616
318.2; 37.336; 8.49; -0.04753; 1.06842; -0.33121; 0.08925
318.4; 37.360; 8.49; -0.04837; 1.07441; -0.32144; 0.10231
318.6; 37.384; 8.49; -0.04930; 1.07846; -0.30919; 0.11527
318.8; 37.408; 8.48; -0.05028; 1.08070; -0.29449; 0.12811
319.0; 37.433; 8.47; -0.05125; 1.08139; -0.27740; 0.14079
319.2; 37.457; 8.47; -0.05220; 1.08085; -0.25793; 0.15327
319.4; 37.481; 8.46; -0.05309; 1.07939; -0.23613; 0.16555
319.6; 37.505; 8.45; -0.05390; 1.07729; -0.21203; 0.17760
319.8; 37.529; 8.44; -0.05463; 1.07480; -0.18567; 0.18942
320.0; 37.554; 8.43; -0.05527; 1.07213; -0.15708; 0.20100
320.2; 37.578; 8.42; -0.05581; 1.06940; -0.12631; 0.21235
320.4; 37.602; 8.41; -0.05625; 1.06675; -0.09338; 0.22347
320.6; 37.626; 8.40; -0.05659; 1.06423; -0.05833; 0.23437
320.8; 37.651; 8.39; -0.05684; 1.06191; -0.02121; 0.24506
321.0; 37.675; 8.37; -0.05700; 1.05980; 0.01797; 0.25555
321.2; 37.699; 8.36; -0.05708; 1.05792; 0.05915; 0.26585
321.4; 37.724; 8.35; -0.05708; 1.05626; 0.10231; 0.27597
321.6; 37.748; 8.34; -0.05701; 1.05480; 0.14741; 0.28592
321.8; 37.772; 8.33; -0.05686; 1.05351; 0.19441; 0.29572
322.0; 37.797; 8.32; -0.05666; 1.05234; 0.24327; 0.30525
322.2; 37.821; 8.31; -0.05639; 1.05123; 0.29384; 0.31390
322.4; 37.845; 8.30; -0.05606; 1.05012; 0.34570; 0.32053
322.6; 37.869; 8.29; -0.05568; 1.04896; 0.39813; 0.32402
322.8; 37.893; 8.28; -0.05525; 1.04771; 0.45026; 0.32371
323.0; 37.916; 8.27; -0.05477; 1.04634; 0.50113; 0.31907
323.2; 37.939; 8.26; -0.05425; 1.04491; 0.54971; 0.30956
323.4; 37.961; 8.25; -0.05369; 1.04355; 0.59491; 0.29452
323.6; 37.983; 8.24; -0.05311; 1.04247; 0.63562; 0.27323
323.8; 38.004; 8.24; -0.05251; 1.04197; 0.67076; 0.24495
324.0; 38.023; 8.23; -0.05193; 1.04230; 0.69934; 0.20897
324.2; 38.042; 8.23; -0.05137; 1.04346; 0.72048; 0.16463
324.4; 38.060; 8.22; -0.05085; 1.04472; 0.73350; 0.11151
324.6; 38.078; 8.22; -0.05038; 1.04545; 0.73786; 0.04949
324.8; 38.094; 8.22; -0.04994; 1.04563; 0.73311; -0.02099
325.0; 38.110; 8.21; -0.04951; 1.04539; 0.71872; -0.09798
325.2; 38.127; 8.21; -0.04907; 1.04480; 0.69367; -0.17619
325.4; 38.144; 8.21; -0.04859; 1.04377; 0.65633; -0.24794
325.6; 38.163; 8.20; -0.04805; 1.04215; 0.60550; -0.30768
325.8; 38.185; 8.20; -0.04744; 1.03986; 0.54130; -0.35395
326.0; 38.207; 8.20; -0.04674; 1.03698; 0.46510; -0.38739
326.2; 38.232; 8.20; -0.04595; 1.03361; 0.37908; -0.40917
326.4; 38.257; 8.20; -0.04508; 1.02984; 0.28597; -0.42064
326.6; 38.284; 8.20; -0.04414; 1.02574; 0.18867; -0.42314
326.8; 38.310; 8.20; -0.04314; 1.02131; 0.08997; -0.41789
327.0; 38.337; 8.21; -0.04210; 1.01654; -0.00754; -0.40588
327.2; 38.364; 8.21; -0.04104; 1.01148; -0.10166; -0.38792
327.4; 38.391; 8.22; -0.03998; 1.00622; -0.19053; -0.36468
327.6; 38.417; 8.23; -0.03893; 1.00091; -0.27281; -0.33729
327.8; 38.443; 8.24; -0.03790; 0.99577; -0.34789; -0.30780
328.0; 38.469; 8.25; -0.03692; 0.99104; -0.41591; -0.27819
328.2; 38.494; 8.26; -0.03600; 0.98705; -0.47725; -0.24930
328.4; 38.519; 8.28; -0.03515; 0.98420; -0.53227; -0.22122
328.6; 38.543; 8.29; -0.03440; 0.98288; -0.58127; -0.19388
328.8; 38.568; 8.31; -0.03377; 0.98335; -0.62451; -0.16720
329.0; 38.592; 8.33; -0.03330; 0.98571; -0.66222; -0.14110
329.2; 38.616; 8.34; -0.03299; 0.98972; -0.69460; -0.11552
329.4; 38.640; 8.36; -0.03286; 0.99476; -0.72182; -0.09041
329.6; 38.664; 8.37; -0.03290; 0.99980; -0.74403; -0.06573
329.8; 38.688; 8.39; -0.03308; 1.00332; -0.76136; -0.04148
330.0; 38.712; 8.41; -0.03333; 1.00331; -0.77394; -0.01771
330.2; 38.736; 8.42; -0.03357; 0.99718; -0.78187; 0.00548
330.4; 38.760; 8.44; -0.03367; 0.98167; -0.78526; 0.02791
330.6; 38.784; 8.46; -0.03344; 0.95277; -0.78423; 0.04932
330.8; 38.807; 8.48; -0.03264; 0.90583; -0.77892; 0.06933
331.0; 38.831; 8.50; -0.03103; 0.83664; -0.76949; 0.08745
331.2; 38.855; 8.50; -0.02942; 0.81482; -0.75619; 0.10408
331.4; 38.879; 8.50; -0.02770; 0.75689; -0.73929; 0.11927
331.6; 38.903; 8.50; -0.02539; 0.67931; -0.71906; 0.13235
331.8; 38.927; 8.50; -0.02249; 0.59142; -0.69582; 0.14295
332.0; 38.951; 8.50; -0.01922; 0.50115; -0.66999; 0.15091
332.2; 38.975; 8.50; -0.01589; 0.41545; -0.64207; 0.15624
332.4; 39.000; 8.50; -0.01282; 0.33877; -0.61262; 0.15907
332.6; 39.024; 8.50; -0.01016; 0.27256; -0.58219; 0.15965
332.8; 39.048; 8.50; -0.00798; 0.21629; -0.55134; 0.15820
333.0; 39.073; 8.50; -0.00623; 0.16867; -0.52056; 0.15501
333.2; 39.097; 8.50; -0.00483; 0.12837; -0.49028; 0.15042
333.4; 39.121; 8.50; -0.00370; 0.09429; -0.46083; 0.14486
333.6; 39.145; 8.50; -0.00280; 0.06556; -0.43244; 0.13864
333.8; 39.169; 8.50; -0.00206; 0.04149; -0.40526; 0.13193
334.0; 39.193; 8.50; -0.00146; 0.02152; -0.37941; 0.12485
334.2; 39.217; 8.50; -0.00096; 0.00518; -0.35496; 0.11749
334.4; 39.241; 8.50; -0.00056; -0.00796; -0.33198; 0.10994
334.6; 39.265; 8.50; -0.00023; -0.01825; -0.31050; 0.10229
334.8; 39.289; 8.50; 0.00004; -0.02607; -0.29056; 0.09460
335.0; 39.313; 8.50; 0.00025; -0.03174; -0.27215; 0.08693
335.2; 39.337; 8.50; 0.00041; -0.03555; -0.25527; 0.07933
335.4; 39.361; 8.50; 0.00053; -0.03779; -0.23990; 0.07184
335.6; 39.385; 8.50; 0.00061; -0.03871; -0.22603; 0.06451
335.8; 39.408; 8.50; 0.00067; -0.03855; -0.21362; 0.05736
336.0; 39.432; 8.50; 0.00069; -0.03752; -0.20263; 0.05043
336.2; 39.456; 8.50; 0.00070; -0.03581; -0.19301; 0.04373
336.4; 39.479; 8.50; 0.00069; -0.03357; -0.18473; 0.03727
336.6; 39.503; 8.50; 0.00066; -0.03097; -0.17772; 0.03108
336.8; 39.527; 8.50; 0.00062; -0.02812; -0.17195; 0.02516
337.0; 39.550; 8.50; 0.00058; -0.02512; -0.16734; 0.01951
337.2; 39.574; 8.50; 0.00053; -0.02207; -0.16386; 0.01415
337.4; 39.598; 8.50; 0.00048; -0.01904; -0.16143; 0.00907
337.6; 39.621; 8.50; 0.00042; -0.01610; -0.16000; 0.00427
337.8; 39.645; 8.50; 0.00037; -0.01327; -0.15953; -0.00025
338.0; 39.668; 8.50; 0.00031; -0.01062; -0.15994; -0.00449
338.2; 39.692; 8.50; 0.00026; -0.00816; -0.16118; -0.00845
338.4; 39.716; 8.50; 0.00021; -0.00591; -0.16320; -0.01214
338.6; 39.739; 8.50; 0.00016; -0.00390; -0.16595; -0.01556
338.8; 39.763; 8.50; 0.00012; -0.00214; -0.16936; -0.01872
339.0; 39.786; 8.50; 0.00008; -0.00063; -0.17339; -0.02163
339.2; 39.810; 8.50; 0.00005; 0.00062; -0.17798; -0.02428
339.4; 39.834; 8.50; 0.00002; 0.00161; -0.18309; -0.02669
339.6; 39.857; 8.50; -0.00000; 0.00232; -0.18866; -0.02887
339.8; 39.881; 8.50; -0.00002; 0.00276; -0.19465; -0.03081
340.0; 39.904; 8.50; -0.00004; 0.00291; -0.20100; -0.03253
340.2; 39.928; 8.50; -0.00004; 0.00277; -0.20769; -0.03404
340.4; 39.951; 8.50; -0.00005; 0.00233; -0.21465; -0.03533
340.6; 39.975; 8.50; -0.00005; 0.00158; -0.22185; -0.03643
340.8; 39.999; 8.50; -0.00004; 0.00052; -0.22925; -0.03733
341.0; 40.022; 8.50; -0.00002; -0.00086; -0.23680; -0.03805
341.2; 40.046; 8.50; -0.00001; -0.00258; -0.24448; -0.03859
341.4; 40.069; 8.50; 0.00002; -0.00465; -0.25225; -0.03897
341.6; 40.093; 8.50; 0.00005; -0.00705; -0.26006; -0.03919
341.8; 40.116; 8.50; 0.00009; -0.00980; -0.26790; -0.03926
342.0; 40.140; 8.50; 0.00013; -0.01289; -0.27573; -0.03920
342.2; 40.163; 8.50; 0.00018; -0.01632; -0.28352; -0.03901
342.4; 40.187; 8.50; 0.00024; -0.02005; -0.29124; -0.03870
342.6; 40.210; 8.50; 0.00031; -0.02405; -0.29888; -0.03828
342.8; 40.234; 8.50; 0.00037; -0.02830; -0.30641; -0.03776
343.0; 40.257; 8.50; 0.00045; -0.03271; -0.31381; -0.03714
343.2; 40.281; 8.50; 0.00053; -0.03722; -0.32106; -0.03643
343.4; 40.304; 8.50; 0.00061; -0.04174; -0.32813; -0.03563
343.6; 40.328; 8.50; 0.00069; -0.04613; -0.33502; -0.03474
343.8; 40.351; 8.50; 0.00077; -0.05026; -0.34171; -0.03377
344.0; 40.375; 8.50; 0.00085; -0.05396; -0.34817; -0.03277
344.2; 40.398; 8.50; 0.00093; -0.05703; -0.35444; -0.03195
344.4; 40.422; 8.50; 0.00100; -0.05924; -0.36057; -0.03151
344.6; 40.445; 8.50; 0.00105; -0.06032; -0.36665; -0.03155
344.8; 40.469; 8.50; 0.00109; -0.05998; -0.37278; -0.03207
345.0; 40.492; 8.50; 0.00111; -0.05788; -0.37906; -0.03301
345.2; 40.516; 8.50; 0.00110; -0.05367; -0.38557; -0.03433
345.4; 40.539; 8.50; 0.00106; -0.04694; -0.39238; -0.03597
345.6; 40.563; 8.50; 0.00098; -0.03730; -0.39957; -0.03787
345.8; 40.587; 8.50; 0.00085; -0.02430; -0.40719; -0.03994
346.0; 40.610; 8.50; 0.00066; -0.00750; -0.41527; -0.04211
346.2; 40.634; 8.50; 0.00042; 0.01354; -0.42384; -0.04427
346.4; 40.658; 8.50; 0.00010; 0.03923; -0.43291; -0.04632
346.6; 40.681; 8.50; -0.00030; 0.06999; -0.44245; -0.04815
346.8; 40.705; 8.50; -0.00078; 0.10616; -0.45242; -0.04963
347.0; 40.729; 8.50; -0.00136; 0.14807; -0.46276; -0.05062
347.2; 40.753; 8.50; -0.00205; 0.19594; -0.47339; -0.05100
347.4; 40.776; 8.50; -0.00285; 0.24990; -0.48418; -0.05062
347.6; 40.800; 8.50; -0.00379; 0.30990; -0.49500; -0.04934
347.8; 40.824; 8.50; -0.00486; 0.37569; -0.50568; -0.04702
348.0; 40.848; 8.50; -0.00610; 0.44676; -0.51601; -0.04354
348.2; 40.872; 8.50; -0.00752; 0.52282; -0.52580; -0.03877
348.4; 40.896; 8.50; -0.00916; 0.60682; -0.53479; -0.03257
348.6; 40.920; 8.50; -0.01108; 0.69036; -0.54274; -0.02486
348.8; 40.944; 8.50; -0.01326; 0.76927; -0.54940; -0.01573
349.0; 40.968; 8.50; -0.01568; 0.84208; -0.55454; -0.00531
349.2; 40.993; 8.50; -0.01830; 0.90690; -0.55794; 0.00622
349.4; 41.017; 8.50; -0.02109; 0.96204; -0.55944; 0.01866
349.6; 41.041; 8.50; -0.02398; 1.00658; -0.55890; 0.03174
349.8; 41.065; 8.50; -0.02691; 1.04044; -0.55622; 0.04522
350.0; 41.090; 8.50; -0.02980; 1.06429; -0.55133; 0.05884
350.2; 41.114; 8.50; -0.03258; 1.07921; -0.54421; 0.07237
350.4; 41.138; 8.50; -0.03517; 1.08632; -0.53487; 0.08560
350.6; 41.163; 8.50; -0.03751; 1.08721; -0.52332; 0.09837
350.8; 41.187; 8.50; -0.03957; 1.08452; -0.50963; 0.11055
351.0; 41.212; 8.50; -0.04133; 1.07943; -0.49385; 0.12207
351.2; 41.236; 8.50; -0.04279; 1.07321; -0.47608; 0.13287
351.4; 41.261; 8.50; -0.04399; 1.06718; -0.45640; 0.14294
351.6; 41.285; 8.50; -0.04495; 1.06243; -0.43492; 0.15229
351.8; 41.310; 8.50; -0.04577; 1.06125; -0.41174; 0.16098
352.0; 41.334; 8.50; -0.04655; 1.06613; -0.38699; 0.16914
352.2; 41.359; 8.49; -0.04742; 1.07473; -0.36076; 0.17687
352.4; 41.384; 8.49; -0.04845; 1.08451; -0.33319; 0.18425
352.6; 41.408; 8.49; -0.04966; 1.09365; -0.30439; 0.19128
352.8; 41.433; 8.48; -0.05102; 1.10107; -0.27447; 0.19796
353.0; 41.457; 8.47; -0.05249; 1.10630; -0.24357; 0.20425
353.2; 41.482; 8.46; -0.05403; 1.10924; -0.21178; 0.21012
353.4; 41.506; 8.45; -0.05557; 1.11005; -0.17923; 0.21555
353.6; 41.530; 8.44; -0.05708; 1.10889; -0.14602; 0.22051
353.8; 41.555; 8.42; -0.05852; 1.10591; -0.11224; 0.22500
354.0; 41.579; 8.41; -0.05984; 1.10106; -0.07799; 0.22901
354.2; 41.604; 8.40; -0.06100; 1.09397; -0.04334; 0.23253
354.4; 41.628; 8.38; -0.06193; 1.08383; -0.00837; 0.23555
354.6; 41.652; 8.36; -0.06257; 1.06914; 0.02685; 0.23801
354.8; 41.676; 8.35; -0.06278; 1.04741; 0.06229; 0.23986
355.0; 41.700; 8.33; -0.06240; 1.01518; 0.09789; 0.24099
