# s_m; t_s; f_x_fl_N; f_y_fl_N; f_z_fl_N; f_x_fr_N; f_y_fr_N; f_z_fr_N;f_x_rl_N; f_y_rl_N; f_z_rl_N; f_x_rr_N;f_y_rr_N; f_z_rr_N;
0.0; 0.000; -0.1; 3.8; 4.8; -0.1; 9.6; 12.3; 0.2; 4.7; 4.7; 0.2; 12.2; 12.2
0.2; 0.024; -0.6; 3.8; 4.9; -0.6; 9.5; 12.3; 0.2; 4.7; 4.7; 0.2; 12.1; 12.1
0.4; 0.048; -3.5; 4.1; 5.5; -3.5; 9.5; 12.7; -0.1; 4.3; 4.3; -0.1; 11.5; 11.6
0.6; 0.072; -3.4; 4.1; 5.4; -3.4; 9.5; 12.7; -0.0; 4.3; 4.3; -0.0; 11.6; 11.6
0.8; 0.097; -0.3; 3.9; 4.8; -0.3; 9.6; 12.3; 0.0; 4.7; 4.7; 0.0; 12.2; 12.2
1.0; 0.121; -0.1; 3.9; 4.8; -0.1; 9.8; 12.3; 0.1; 4.7; 4.7; 0.1; 12.2; 12.2
1.2; 0.145; -0.1; 3.9; 4.8; -0.1; 9.8; 12.3; 0.1; 4.7; 4.7; 0.1; 12.2; 12.2
1.4; 0.169; -0.1; 3.9; 4.8; -0.1; 9.8; 12.3; 0.1; 4.7; 4.7; 0.1; 12.2; 12.2
1.6; 0.193; -0.1; 3.9; 4.8; -0.1; 9.8; 12.3; 0.1; 4.7; 4.7; 0.1; 12.2; 12.2
1.8; 0.217; -0.1; 3.9; 4.8; -0.1; 9.8; 12.3; 0.1; 4.7; 4.7; 0.1; 12.2; 12.2
2.0; 0.241; -0.1; 3.9; 4.8; -0.1; 9.8; 12.3; 0.1; 4.7; 4.7; 0.1; 12.2; 12.2
2.2; 0.265; -0.1; 3.9; 4.8; -0.1; 9.8; 12.3; 0.1; 4.7; 4.7; 0.1; 12.2; 12.2
2.4; 0.289; -0.1; 3.9; 4.8; -0.1; 9.8; 12.3; 0.1; 4.7; 4.7; 0.1; 12.2; 12.2
2.6; 0.312; -0.1; 3.9; 4.8; -0.1; 9.8; 12.3; 0.1; 4.7; 4.7; 0.1; 12.2; 12.2
2.8; 0.336; -0.1; 3.9; 4.8; -0.1; 9.8; 12.3; 0.1; 4.7; 4.7; 0.1; 12.2; 12.2
3.0; 0.359; -0.1; 3.9; 4.8; -0.1; 9.8; 12.3; 0.1; 4.7; 4.7; 0.1; 12.2; 12.3
3.2; 0.382; -0.1; 3.9; 4.8; -0.1; 9.9; 12.3; 0.2; 4.7; 4.7; 0.2; 12.2; 12.3
3.4; 0.404; -0.1; 3.9; 4.8; -0.1; 9.9; 12.3; 0.2; 4.7; 4.7; 0.2; 12.2; 12.3
3.6; 0.427; -0.1; 3.9; 4.8; -0.1; 9.9; 12.3; 0.2; 4.7; 4.7; 0.2; 12.2; 12.3
3.8; 0.449; -0.1; 3.9; 4.7; -0.1; 9.9; 12.3; 0.3; 4.7; 4.7; 0.3; 12.2; 12.3
4.0; 0.471; -0.1; 3.9; 4.7; -0.1; 9.9; 12.3; 0.3; 4.7; 4.7; 0.3; 12.2; 12.3
4.2; 0.493; -0.1; 3.9; 4.7; -0.1; 9.9; 12.3; 0.3; 4.7; 4.7; 0.3; 12.2; 12.3
4.4; 0.514; -0.1; 3.9; 4.7; -0.1; 9.9; 12.3; 0.3; 4.7; 4.7; 0.3; 12.2; 12.3
4.6; 0.535; -0.1; 3.9; 4.7; -0.1; 9.9; 12.3; 0.4; 4.7; 4.7; 0.4; 12.2; 12.3
4.8; 0.555; -0.1; 3.9; 4.7; -0.1; 9.9; 12.3; 0.4; 4.7; 4.7; 0.4; 12.2; 12.3
5.0; 0.575; -0.1; 3.9; 4.7; -0.1; 9.9; 12.3; 0.5; 4.7; 4.7; 0.5; 12.2; 12.3
5.2; 0.595; -0.1; 3.8; 4.7; -0.1; 9.9; 12.3; 0.5; 4.7; 4.8; 0.5; 12.2; 12.3
5.4; 0.614; -0.1; 3.8; 4.7; -0.1; 9.9; 12.3; 0.5; 4.7; 4.8; 0.5; 12.2; 12.3
5.6; 0.633; -0.1; 3.8; 4.7; -0.1; 9.9; 12.3; 0.6; 4.7; 4.8; 0.6; 12.2; 12.3
5.8; 0.652; -0.1; 3.8; 4.7; -0.1; 9.9; 12.2; 0.6; 4.7; 4.8; 0.6; 12.2; 12.3
6.0; 0.671; -0.1; 3.8; 4.7; -0.1; 9.9; 12.2; 0.6; 4.7; 4.8; 0.6; 12.2; 12.3
6.2; 0.691; -0.1; 3.8; 4.7; -0.1; 9.9; 12.2; 0.7; 4.7; 4.8; 0.7; 12.2; 12.3
6.4; 0.710; -0.1; 3.8; 4.7; -0.1; 9.9; 12.2; 0.7; 4.7; 4.8; 0.7; 12.2; 12.3
6.6; 0.731; -0.1; 3.8; 4.7; -0.1; 9.9; 12.2; 0.7; 4.7; 4.8; 0.7; 12.1; 12.3
6.8; 0.751; -0.1; 3.8; 4.7; -0.1; 9.9; 12.2; 0.8; 4.7; 4.8; 0.8; 12.1; 12.3
7.0; 0.773; -0.1; 3.8; 4.7; -0.1; 9.9; 12.2; 0.8; 4.7; 4.8; 0.8; 12.1; 12.3
7.2; 0.796; -0.1; 3.8; 4.7; -0.1; 9.9; 12.2; 0.9; 4.8; 4.8; 0.9; 12.1; 12.3
7.4; 0.819; -0.1; 3.8; 4.7; -0.1; 9.9; 12.2; 0.9; 4.8; 4.8; 0.9; 12.1; 12.4
7.6; 0.843; -0.1; 3.8; 4.7; -0.1; 9.8; 12.2; 1.0; 4.8; 4.9; 1.0; 12.0; 12.4
7.8; 0.867; -0.1; 3.8; 4.7; -0.1; 9.8; 12.2; 1.0; 4.8; 4.9; 1.0; 12.0; 12.4
8.0; 0.892; -0.1; 3.8; 4.7; -0.1; 9.8; 12.1; 1.1; 4.8; 4.9; 1.1; 12.0; 12.4
8.2; 0.917; -0.1; 3.8; 4.7; -0.1; 9.8; 12.1; 1.1; 4.8; 4.9; 1.1; 11.9; 12.4
8.4; 0.943; -0.1; 3.8; 4.7; -0.1; 9.8; 12.1; 1.2; 4.8; 4.9; 1.2; 11.9; 12.4
8.6; 0.970; -0.1; 3.8; 4.7; -0.1; 9.7; 12.1; 1.3; 4.8; 4.9; 1.3; 11.9; 12.4
8.8; 0.996; -0.1; 3.8; 4.7; -0.1; 9.7; 12.1; 1.4; 4.8; 5.0; 1.4; 11.8; 12.4
9.0; 1.023; -0.1; 3.8; 4.7; -0.1; 9.7; 12.0; 1.5; 4.8; 5.0; 1.5; 11.7; 12.4
9.2; 1.050; -0.1; 3.8; 4.7; -0.1; 9.6; 12.0; 1.5; 4.8; 5.0; 1.5; 11.7; 12.4
9.4; 1.077; -0.1; 3.7; 4.7; -0.1; 9.6; 12.0; 1.6; 4.8; 5.1; 1.6; 11.6; 12.4
9.6; 1.104; -0.1; 3.7; 4.7; -0.1; 9.5; 11.9; 1.7; 4.8; 5.1; 1.7; 11.5; 12.4
9.8; 1.131; -0.1; 3.7; 4.7; -0.1; 9.4; 11.9; 1.8; 4.8; 5.1; 1.8; 11.4; 12.4
10.0; 1.158; -0.1; 3.7; 4.7; -0.1; 9.4; 11.9; 2.0; 4.8; 5.2; 2.0; 11.3; 12.3
10.2; 1.185; -0.1; 3.7; 4.7; -0.1; 9.3; 11.8; 2.1; 4.8; 5.2; 2.1; 11.2; 12.3
10.4; 1.212; -0.1; 3.7; 4.7; -0.1; 9.2; 11.8; 2.2; 4.8; 5.2; 2.2; 11.1; 12.3
10.6; 1.239; -0.1; 3.7; 4.7; -0.1; 9.1; 11.7; 2.3; 4.8; 5.3; 2.3; 11.0; 12.3
10.8; 1.265; -0.1; 3.7; 4.7; -0.1; 9.0; 11.7; 2.4; 4.8; 5.3; 2.4; 10.9; 12.3
11.0; 1.292; -0.1; 3.6; 4.7; -0.1; 9.0; 11.6; 2.5; 4.8; 5.4; 2.5; 10.7; 12.3
11.2; 1.318; -0.1; 3.6; 4.7; -0.1; 8.9; 11.6; 2.6; 4.7; 5.4; 2.6; 10.6; 12.3
11.4; 1.344; -0.1; 3.6; 4.7; -0.1; 8.8; 11.6; 2.7; 4.7; 5.5; 2.7; 10.5; 12.3
11.6; 1.370; -0.1; 3.6; 4.8; -0.1; 8.7; 11.5; 2.8; 4.7; 5.5; 2.8; 10.4; 12.3
11.8; 1.395; -0.1; 3.6; 4.8; -0.1; 8.6; 11.5; 2.9; 4.7; 5.5; 2.9; 10.3; 12.3
12.0; 1.421; -0.1; 3.6; 4.8; -0.1; 8.5; 11.4; 3.0; 4.7; 5.6; 3.0; 10.2; 12.2
12.2; 1.446; -0.1; 3.5; 4.8; -0.1; 8.4; 11.4; 3.1; 4.7; 5.7; 3.1; 10.0; 12.2
12.4; 1.472; -0.1; 3.5; 4.8; -0.1; 8.2; 11.3; 3.3; 4.7; 5.7; 3.3; 9.8; 12.2
12.6; 1.497; -0.1; 3.5; 4.9; -0.1; 7.8; 11.2; 3.6; 4.6; 5.9; 3.6; 9.5; 12.1
12.8; 1.522; -0.1; 3.4; 5.0; -0.1; 7.4; 11.0; 3.9; 4.6; 6.0; 3.9; 9.0; 12.1
13.0; 1.547; -0.1; 3.2; 5.1; -0.1; 6.9; 10.7; 4.4; 4.5; 6.3; 4.4; 8.4; 12.0
13.2; 1.571; -0.1; 3.1; 5.2; -0.1; 6.2; 10.4; 5.0; 4.3; 6.6; 5.0; 7.6; 11.8
13.4; 1.596; -0.1; 2.9; 5.4; -0.1; 5.4; 10.0; 5.7; 4.0; 7.0; 5.7; 6.6; 11.6
13.6; 1.620; -0.1; 2.6; 5.6; -0.1; 4.5; 9.6; 6.5; 3.7; 7.4; 6.5; 5.6; 11.4
13.8; 1.644; -4.7; 2.6; 6.7; -4.7; 3.9; 10.3; 5.1; 3.2; 6.8; 5.1; 4.8; 10.3
14.0; 1.668; -5.6; 2.3; 6.9; -5.6; 3.3; 10.1; 6.0; 2.9; 7.0; 6.0; 4.2; 10.1
14.2; 1.692; -6.0; 2.0; 7.2; -6.0; 2.7; 9.8; 6.4; 2.6; 7.2; 6.4; 3.6; 9.8
14.4; 1.716; -6.3; 1.7; 7.4; -6.3; 2.1; 9.6; 6.6; 2.2; 7.4; 6.6; 2.8; 9.6
14.6; 1.740; -6.4; 1.3; 7.7; -6.4; 1.6; 9.3; 6.7; 1.8; 7.7; 6.7; 2.1; 9.3
14.8; 1.764; -6.3; 0.9; 7.9; -6.3; 1.1; 9.1; 6.6; 1.3; 7.9; 6.6; 1.5; 9.1
15.0; 1.788; -6.2; 0.6; 8.1; -6.2; 0.7; 8.9; 6.5; 0.9; 8.1; 6.5; 1.0; 8.9
15.2; 1.812; -6.0; 0.3; 8.3; -6.0; 0.3; 8.7; 6.3; 0.5; 8.3; 6.3; 0.5; 8.7
15.4; 1.835; -5.9; 0.1; 8.4; -5.9; 0.1; 8.6; 6.1; 0.2; 8.4; 6.1; 0.2; 8.6
15.6; 1.859; -5.8; -0.1; 8.6; -5.8; -0.1; 8.5; 6.0; -0.1; 8.6; 6.0; -0.1; 8.5
15.8; 1.883; -5.7; -0.3; 8.7; -5.7; -0.3; 8.4; 6.0; -0.3; 8.7; 6.0; -0.3; 8.4
16.0; 1.907; -5.7; -0.4; 8.7; -5.7; -0.4; 8.3; 6.0; -0.5; 8.7; 6.0; -0.5; 8.3
16.2; 1.931; -5.7; -0.5; 8.8; -5.7; -0.5; 8.2; 6.0; -0.6; 8.8; 6.0; -0.6; 8.2
16.4; 1.954; -5.8; -0.6; 8.8; -5.8; -0.6; 8.2; 6.1; -0.7; 8.8; 6.1; -0.7; 8.2
16.6; 1.978; -5.8; -0.7; 8.8; -5.8; -0.6; 8.2; 6.1; -0.8; 8.8; 6.1; -0.7; 8.2
16.8; 2.002; -5.9; -0.7; 8.9; -5.9; -0.6; 8.2; 6.2; -0.8; 8.9; 6.2; -0.7; 8.2
17.0; 2.026; -5.9; -0.7; 8.9; -5.9; -0.6; 8.2; 6.2; -0.8; 8.9; 6.2; -0.7; 8.2
17.2; 2.049; -6.0; -0.7; 8.8; -6.0; -0.6; 8.2; 6.3; -0.8; 8.8; 6.3; -0.7; 8.2
17.4; 2.073; -6.0; -0.6; 8.8; -6.0; -0.6; 8.2; 6.3; -0.8; 8.8; 6.3; -0.7; 8.2
17.6; 2.097; -6.1; -0.6; 8.8; -6.1; -0.5; 8.2; 6.3; -0.7; 8.8; 6.3; -0.7; 8.2
17.8; 2.120; -6.1; -0.5; 8.8; -6.1; -0.5; 8.2; 6.4; -0.7; 8.8; 6.4; -0.6; 8.2
18.0; 2.144; -6.1; -0.5; 8.8; -6.1; -0.5; 8.2; 6.4; -0.6; 8.8; 6.4; -0.6; 8.2
18.2; 2.168; -6.1; -0.4; 8.7; -6.1; -0.4; 8.3; 6.4; -0.6; 8.7; 6.4; -0.5; 8.3
18.4; 2.191; -6.1; -0.4; 8.7; -6.1; -0.4; 8.3; 6.4; -0.5; 8.7; 6.4; -0.5; 8.3
18.6; 2.215; -6.1; -0.3; 8.7; -6.1; -0.3; 8.3; 6.4; -0.4; 8.7; 6.4; -0.4; 8.3
18.8; 2.238; -6.1; -0.3; 8.7; -6.1; -0.3; 8.3; 6.4; -0.4; 8.7; 6.4; -0.4; 8.3
19.0; 2.262; -6.1; -0.3; 8.6; -6.1; -0.2; 8.4; 6.4; -0.3; 8.6; 6.4; -0.3; 8.4
19.2; 2.285; -6.1; -0.2; 8.6; -6.1; -0.2; 8.4; 6.4; -0.3; 8.6; 6.4; -0.3; 8.4
19.4; 2.309; -6.1; -0.2; 8.6; -6.1; -0.2; 8.4; 6.4; -0.2; 8.6; 6.4; -0.2; 8.4
19.6; 2.332; -6.1; -0.1; 8.6; -6.1; -0.1; 8.4; 6.4; -0.2; 8.6; 6.4; -0.2; 8.4
19.8; 2.356; -6.1; -0.1; 8.6; -6.1; -0.1; 8.5; 6.4; -0.1; 8.6; 6.4; -0.1; 8.5
20.0; 2.379; -6.1; -0.1; 8.5; -6.1; -0.1; 8.5; 6.4; -0.1; 8.5; 6.4; -0.1; 8.5
20.2; 2.402; -6.1; -0.0; 8.5; -6.1; -0.0; 8.5; 6.4; -0.1; 8.5; 6.4; -0.1; 8.5
20.4; 2.426; -6.1; -0.0; 8.5; -6.1; -0.0; 8.5; 6.4; -0.0; 8.5; 6.4; -0.0; 8.5
20.6; 2.449; -6.1; 0.0; 8.5; -6.1; 0.0; 8.5; 6.4; 0.0; 8.5; 6.4; 0.0; 8.5
20.8; 2.472; -6.1; 0.0; 8.5; -6.1; 0.0; 8.5; 6.4; 0.0; 8.5; 6.4; 0.0; 8.5
21.0; 2.496; -6.1; 0.1; 8.5; -6.1; 0.1; 8.5; 6.4; 0.1; 8.5; 6.4; 0.1; 8.5
21.2; 2.519; -6.1; 0.1; 8.5; -6.1; 0.1; 8.6; 6.4; 0.1; 8.5; 6.4; 0.1; 8.6
21.4; 2.542; -6.1; 0.1; 8.5; -6.1; 0.1; 8.6; 6.4; 0.1; 8.5; 6.4; 0.1; 8.6
21.6; 2.565; -6.1; 0.1; 8.5; -6.1; 0.1; 8.6; 6.4; 0.1; 8.5; 6.4; 0.1; 8.6
21.8; 2.588; -6.1; 0.1; 8.4; -6.1; 0.1; 8.6; 6.4; 0.1; 8.4; 6.4; 0.1; 8.6
22.0; 2.611; -6.1; 0.1; 8.4; -6.1; 0.1; 8.6; 6.4; 0.1; 8.4; 6.4; 0.2; 8.6
22.2; 2.634; -6.1; 0.1; 8.4; -6.1; 0.1; 8.6; 6.4; 0.2; 8.4; 6.4; 0.2; 8.6
22.4; 2.657; -6.1; 0.1; 8.4; -6.1; 0.1; 8.6; 6.4; 0.2; 8.4; 6.4; 0.2; 8.6
22.6; 2.680; -6.1; 0.1; 8.4; -6.1; 0.1; 8.6; 6.4; 0.2; 8.4; 6.4; 0.2; 8.6
22.8; 2.703; -6.1; 0.1; 8.4; -6.1; 0.1; 8.6; 6.4; 0.2; 8.4; 6.4; 0.2; 8.6
23.0; 2.726; -6.1; 0.1; 8.4; -6.1; 0.1; 8.6; 6.4; 0.2; 8.4; 6.4; 0.2; 8.6
23.2; 2.749; -6.1; 0.1; 8.4; -6.1; 0.1; 8.6; 6.4; 0.2; 8.4; 6.4; 0.2; 8.6
23.4; 2.772; -6.1; 0.1; 8.5; -6.1; 0.1; 8.6; 6.4; 0.1; 8.5; 6.4; 0.1; 8.6
23.6; 2.795; -6.1; 0.1; 8.5; -6.1; 0.1; 8.6; 6.4; 0.1; 8.5; 6.4; 0.1; 8.6
23.8; 2.818; -6.1; 0.1; 8.5; -6.1; 0.1; 8.5; 6.4; 0.1; 8.5; 6.4; 0.1; 8.5
24.0; 2.841; -6.1; 0.0; 8.5; -6.1; 0.0; 8.5; 6.4; 0.0; 8.5; 6.4; 0.0; 8.5
24.2; 2.864; -6.2; -0.0; 8.5; -6.2; -0.0; 8.5; 6.4; -0.0; 8.5; 6.4; -0.0; 8.5
24.4; 2.887; -6.2; -0.1; 8.6; -6.2; -0.1; 8.5; 6.5; -0.1; 8.6; 6.5; -0.1; 8.5
24.6; 2.910; -6.2; -0.2; 8.6; -6.2; -0.2; 8.4; 6.5; -0.2; 8.6; 6.5; -0.2; 8.4
24.8; 2.933; -6.2; -0.3; 8.6; -6.2; -0.3; 8.4; 6.5; -0.3; 8.6; 6.5; -0.3; 8.4
25.0; 2.957; -6.3; -0.4; 8.7; -6.3; -0.4; 8.3; 6.5; -0.4; 8.7; 6.5; -0.4; 8.3
25.2; 2.980; -6.3; -0.5; 8.8; -6.3; -0.5; 8.3; 6.6; -0.5; 8.8; 6.6; -0.5; 8.3
25.4; 3.003; -6.3; -0.6; 8.8; -6.3; -0.6; 8.2; 6.6; -0.7; 8.8; 6.6; -0.6; 8.2
25.6; 3.026; -6.3; -0.8; 8.9; -6.3; -0.7; 8.1; 6.6; -0.9; 8.9; 6.6; -0.8; 8.1
25.8; 3.049; -6.3; -1.0; 9.0; -6.3; -0.9; 8.0; 6.6; -1.1; 9.0; 6.6; -1.0; 8.0
26.0; 3.072; -6.2; -1.2; 9.1; -6.2; -1.0; 7.9; 6.5; -1.3; 9.1; 6.5; -1.1; 7.9
26.2; 3.096; -6.1; -1.4; 9.2; -6.1; -1.2; 7.8; 6.4; -1.6; 9.2; 6.4; -1.3; 7.8
26.4; 3.119; -5.9; -1.6; 9.3; -5.9; -1.4; 7.7; 6.2; -1.8; 9.3; 6.2; -1.5; 7.7
26.6; 3.142; -5.7; -1.9; 9.4; -5.7; -1.5; 7.6; 6.0; -2.1; 9.4; 6.0; -1.7; 7.6
26.8; 3.165; -5.3; -2.1; 9.5; -5.3; -1.7; 7.5; 5.6; -2.4; 9.5; 5.6; -1.9; 7.5
27.0; 3.188; -4.7; -2.4; 9.6; -4.7; -1.8; 7.4; 5.0; -2.7; 9.6; 5.0; -2.1; 7.4
27.2; 3.212; -3.8; -2.7; 9.7; -3.8; -2.0; 7.3; 4.1; -3.1; 9.7; 4.1; -2.3; 7.3
27.4; 3.235; -2.7; -2.9; 9.8; -2.7; -2.1; 7.2; 3.0; -3.4; 9.9; 3.0; -2.5; 7.2
27.6; 3.258; -1.7; -3.1; 9.9; -1.7; -2.2; 7.1; 2.0; -3.7; 10.0; 2.0; -2.7; 7.1
27.8; 3.281; -1.1; -3.3; 10.0; -1.1; -2.3; 7.0; 1.5; -4.0; 10.0; 1.5; -2.8; 7.0
28.0; 3.305; -0.9; -3.5; 10.1; -0.9; -2.4; 6.9; 1.3; -4.2; 10.1; 1.3; -2.9; 6.9
28.2; 3.328; -0.8; -3.6; 10.1; -0.8; -2.4; 6.9; 1.2; -4.3; 10.2; 1.2; -3.0; 6.9
28.4; 3.351; -0.9; -3.6; 10.2; -0.9; -2.5; 6.8; 1.3; -4.4; 10.2; 1.3; -3.0; 6.9
28.6; 3.374; -1.2; -3.6; 10.2; -1.2; -2.4; 6.8; 1.6; -4.4; 10.2; 1.6; -3.0; 6.9
28.8; 3.398; -2.0; -3.5; 10.1; -2.0; -2.4; 6.9; 2.4; -4.3; 10.2; 2.4; -3.0; 6.9
29.0; 3.421; -3.2; -3.4; 10.1; -3.2; -2.3; 6.9; 3.6; -4.2; 10.1; 3.6; -2.9; 7.0
29.2; 3.444; -4.2; -3.2; 10.0; -4.2; -2.2; 7.0; 4.6; -3.9; 10.0; 4.6; -2.8; 7.0
29.4; 3.467; -4.8; -2.9; 9.9; -4.8; -2.1; 7.1; 5.2; -3.7; 9.9; 5.2; -2.7; 7.1
29.6; 3.491; -5.3; -2.7; 9.8; -5.3; -2.0; 7.2; 5.6; -3.3; 9.8; 5.6; -2.5; 7.2
29.8; 3.514; -5.5; -2.4; 9.7; -5.5; -1.8; 7.3; 5.9; -3.0; 9.7; 5.9; -2.3; 7.4
30.0; 3.537; -5.8; -2.1; 9.5; -5.8; -1.7; 7.5; 6.1; -2.7; 9.6; 6.1; -2.1; 7.5
30.2; 3.560; -5.9; -1.8; 9.4; -5.9; -1.5; 7.6; 6.2; -2.3; 9.4; 6.2; -1.9; 7.6
30.4; 3.584; -6.0; -1.6; 9.3; -6.0; -1.3; 7.7; 6.3; -2.0; 9.3; 6.3; -1.7; 7.7
30.6; 3.607; -6.1; -1.3; 9.2; -6.1; -1.1; 7.8; 6.4; -1.7; 9.2; 6.4; -1.5; 7.8
30.8; 3.630; -6.2; -1.1; 9.1; -6.2; -1.0; 7.9; 6.5; -1.4; 9.1; 6.5; -1.3; 7.9
31.0; 3.654; -6.2; -0.9; 9.0; -6.2; -0.8; 8.0; 6.5; -1.2; 9.0; 6.5; -1.1; 8.0
31.2; 3.677; -6.2; -0.8; 8.9; -6.2; -0.7; 8.1; 6.5; -1.0; 8.9; 6.5; -0.9; 8.1
31.4; 3.700; -6.2; -0.6; 8.8; -6.2; -0.6; 8.2; 6.5; -0.8; 8.8; 6.5; -0.7; 8.2
31.6; 3.724; -6.2; -0.5; 8.8; -6.2; -0.5; 8.2; 6.5; -0.6; 8.8; 6.5; -0.6; 8.2
31.8; 3.747; -6.2; -0.4; 8.7; -6.2; -0.4; 8.3; 6.5; -0.5; 8.7; 6.5; -0.5; 8.3
32.0; 3.770; -6.2; -0.3; 8.7; -6.2; -0.3; 8.4; 6.4; -0.4; 8.7; 6.4; -0.4; 8.4
32.2; 3.794; -6.2; -0.2; 8.6; -6.2; -0.2; 8.4; 6.4; -0.3; 8.6; 6.4; -0.3; 8.4
32.4; 3.817; -6.1; -0.1; 8.6; -6.1; -0.1; 8.4; 6.4; -0.2; 8.6; 6.4; -0.2; 8.4
32.6; 3.840; -6.1; -0.1; 8.6; -6.1; -0.1; 8.5; 6.4; -0.1; 8.6; 6.4; -0.1; 8.5
32.8; 3.864; -6.1; -0.1; 8.5; -6.1; -0.1; 8.5; 6.4; -0.1; 8.5; 6.4; -0.1; 8.5
33.0; 3.887; -6.1; -0.0; 8.5; -6.1; -0.0; 8.5; 6.4; -0.0; 8.5; 6.4; -0.0; 8.5
33.2; 3.910; -6.1; -0.0; 8.5; -6.1; -0.0; 8.5; 6.4; -0.0; 8.5; 6.4; -0.0; 8.5
33.4; 3.934; -6.1; -0.0; 8.5; -6.1; -0.0; 8.5; 6.4; -0.0; 8.5; 6.4; -0.0; 8.5
33.6; 3.957; -6.1; 0.0; 8.5; -6.1; 0.0; 8.5; 6.4; 0.0; 8.5; 6.4; 0.0; 8.5
33.8; 3.980; -6.1; 0.0; 8.5; -6.1; 0.0; 8.5; 6.4; 0.0; 8.5; 6.4; 0.0; 8.5
34.0; 4.004; -6.1; 0.0; 8.5; -6.1; 0.0; 8.5; 6.4; 0.0; 8.5; 6.4; 0.0; 8.5
34.2; 4.027; -6.1; -0.0; 8.5; -6.1; -0.0; 8.5; 6.4; -0.0; 8.5; 6.4; -0.0; 8.5
34.4; 4.050; -6.1; -0.0; 8.5; -6.1; -0.0; 8.5; 6.4; -0.0; 8.5; 6.4; -0.0; 8.5
34.6; 4.074; -6.1; -0.0; 8.5; -6.1; -0.0; 8.5; 6.4; -0.0; 8.5; 6.4; -0.0; 8.5
34.8; 4.097; -6.1; -0.0; 8.5; -6.1; -0.0; 8.5; 6.4; -0.0; 8.5; 6.4; -0.0; 8.5
35.0; 4.120; -6.1; -0.0; 8.5; -6.1; -0.0; 8.5; 6.4; -0.0; 8.5; 6.4; -0.0; 8.5
35.2; 4.144; -6.1; -0.0; 8.5; -6.1; -0.0; 8.5; 6.4; -0.0; 8.5; 6.4; -0.0; 8.5
35.4; 4.167; -6.1; -0.0; 8.5; -6.1; -0.0; 8.5; 6.4; -0.0; 8.5; 6.4; -0.0; 8.5
35.6; 4.190; -6.1; -0.0; 8.5; -6.1; -0.0; 8.5; 6.4; -0.0; 8.5; 6.4; -0.0; 8.5
35.8; 4.214; -6.1; -0.0; 8.5; -6.1; -0.0; 8.5; 6.4; -0.0; 8.5; 6.4; -0.0; 8.5
36.0; 4.237; -6.1; -0.0; 8.5; -6.1; -0.0; 8.5; 6.4; -0.0; 8.5; 6.4; -0.0; 8.5
36.2; 4.261; -6.1; -0.0; 8.5; -6.1; -0.0; 8.5; 6.4; -0.0; 8.5; 6.4; -0.0; 8.5
36.4; 4.284; -6.1; -0.0; 8.5; -6.1; -0.0; 8.5; 6.4; -0.0; 8.5; 6.4; -0.0; 8.5
36.6; 4.307; -6.1; -0.0; 8.5; -6.1; -0.0; 8.5; 6.4; -0.0; 8.5; 6.4; -0.0; 8.5
36.8; 4.331; -6.1; -0.0; 8.5; -6.1; -0.0; 8.5; 6.4; -0.0; 8.5; 6.4; -0.0; 8.5
37.0; 4.354; -6.1; -0.0; 8.5; -6.1; -0.0; 8.5; 6.4; -0.0; 8.5; 6.4; -0.0; 8.5
37.2; 4.378; -6.1; -0.0; 8.5; -6.1; -0.0; 8.5; 6.4; -0.0; 8.5; 6.4; -0.0; 8.5
37.4; 4.401; -6.1; -0.0; 8.5; -6.1; -0.0; 8.5; 6.4; -0.0; 8.5; 6.4; -0.0; 8.5
37.6; 4.424; -6.1; -0.0; 8.5; -6.1; -0.0; 8.5; 6.4; -0.0; 8.5; 6.4; -0.0; 8.5
37.8; 4.448; -6.1; -0.0; 8.5; -6.1; -0.0; 8.5; 6.4; -0.0; 8.5; 6.4; -0.0; 8.5
38.0; 4.471; -6.1; -0.0; 8.5; -6.1; -0.0; 8.5; 6.4; -0.0; 8.5; 6.4; -0.0; 8.5
38.2; 4.495; -6.1; -0.0; 8.5; -6.1; -0.0; 8.5; 6.4; -0.0; 8.5; 6.4; -0.0; 8.5
38.4; 4.518; -6.1; -0.0; 8.5; -6.1; -0.0; 8.5; 6.4; -0.0; 8.5; 6.4; -0.0; 8.5
38.6; 4.542; -6.1; -0.0; 8.5; -6.1; -0.0; 8.5; 6.4; -0.0; 8.5; 6.4; -0.0; 8.5
38.8; 4.565; -6.1; -0.0; 8.5; -6.1; -0.0; 8.5; 6.4; -0.0; 8.5; 6.4; -0.0; 8.5
39.0; 4.589; -6.1; -0.0; 8.5; -6.1; -0.0; 8.5; 6.4; -0.0; 8.5; 6.4; -0.0; 8.5
39.2; 4.612; -6.1; -0.0; 8.5; -6.1; -0.0; 8.5; 6.4; -0.0; 8.5; 6.4; -0.0; 8.5
39.4; 4.636; -6.1; -0.0; 8.5; -6.1; -0.0; 8.5; 6.4; -0.0; 8.5; 6.4; -0.0; 8.5
39.6; 4.659; -6.1; -0.0; 8.5; -6.1; -0.0; 8.5; 6.4; -0.0; 8.5; 6.4; -0.0; 8.5
39.8; 4.683; -6.1; -0.0; 8.5; -6.1; -0.0; 8.5; 6.4; -0.0; 8.5; 6.4; -0.0; 8.5
40.0; 4.706; -6.1; -0.0; 8.5; -6.1; -0.0; 8.5; 6.4; -0.0; 8.5; 6.4; -0.0; 8.5
40.2; 4.729; -6.1; -0.0; 8.5; -6.1; -0.0; 8.5; 6.4; -0.0; 8.5; 6.4; -0.0; 8.5
40.4; 4.753; -6.1; -0.0; 8.5; -6.1; -0.0; 8.5; 6.4; -0.0; 8.5; 6.4; -0.0; 8.5
40.6; 4.776; -6.1; -0.0; 8.5; -6.1; -0.0; 8.5; 6.4; -0.0; 8.5; 6.4; -0.0; 8.5
40.8; 4.800; -6.1; -0.0; 8.5; -6.1; -0.0; 8.5; 6.4; -0.0; 8.5; 6.4; -0.0; 8.5
41.0; 4.824; -6.1; -0.0; 8.5; -6.1; -0.0; 8.5; 6.4; -0.0; 8.5; 6.4; -0.0; 8.5
41.2; 4.847; -6.1; -0.0; 8.5; -6.1; -0.0; 8.5; 6.4; -0.0; 8.5; 6.4; -0.0; 8.5
41.4; 4.871; -6.1; -0.0; 8.5; -6.1; -0.0; 8.5; 6.4; -0.0; 8.5; 6.4; -0.0; 8.5
41.6; 4.894; -6.1; -0.0; 8.5; -6.1; -0.0; 8.5; 6.4; -0.0; 8.5; 6.4; -0.0; 8.5
41.8; 4.918; -6.1; -0.0; 8.5; -6.1; -0.0; 8.5; 6.4; -0.0; 8.5; 6.4; -0.0; 8.5
42.0; 4.941; -6.1; -0.0; 8.5; -6.1; -0.0; 8.5; 6.4; -0.0; 8.5; 6.4; -0.0; 8.5
42.2; 4.965; -6.1; -0.0; 8.5; -6.1; -0.0; 8.5; 6.4; -0.0; 8.5; 6.4; -0.0; 8.5
42.4; 4.988; -6.1; -0.0; 8.5; -6.1; -0.0; 8.5; 6.4; -0.0; 8.5; 6.4; -0.0; 8.5
42.6; 5.012; -6.1; -0.0; 8.5; -6.1; -0.0; 8.5; 6.4; -0.0; 8.5; 6.4; -0.0; 8.5
42.8; 5.035; -6.1; -0.0; 8.5; -6.1; -0.0; 8.5; 6.4; -0.0; 8.5; 6.4; -0.0; 8.5
43.0; 5.059; -6.1; -0.0; 8.5; -6.1; -0.0; 8.5; 6.4; -0.0; 8.5; 6.4; -0.0; 8.5
43.2; 5.083; -6.1; -0.0; 8.5; -6.1; -0.0; 8.5; 6.4; -0.0; 8.5; 6.4; -0.0; 8.5
43.4; 5.106; -6.1; -0.0; 8.5; -6.1; -0.0; 8.5; 6.4; -0.0; 8.5; 6.4; -0.0; 8.5
43.6; 5.130; -6.1; -0.0; 8.5; -6.1; -0.0; 8.5; 6.4; -0.0; 8.5; 6.4; -0.0; 8.5
43.8; 5.153; -6.1; -0.0; 8.5; -6.1; -0.0; 8.5; 6.4; -0.0; 8.5; 6.4; -0.0; 8.5
44.0; 5.177; -6.1; -0.0; 8.5; -6.1; -0.0; 8.5; 6.4; -0.0; 8.5; 6.4; -0.0; 8.5
44.2; 5.200; -6.1; -0.0; 8.5; -6.1; -0.0; 8.5; 6.4; -0.0; 8.5; 6.4; -0.0; 8.5
44.4; 5.224; -6.1; -0.0; 8.5; -6.1; -0.0; 8.5; 6.4; -0.0; 8.5; 6.4; -0.0; 8.5
44.6; 5.248; -6.1; -0.0; 8.5; -6.1; -0.0; 8.5; 6.4; -0.0; 8.5; 6.4; -0.0; 8.5
44.8; 5.271; -6.1; -0.0; 8.5; -6.1; -0.0; 8.5; 6.4; -0.0; 8.5; 6.4; -0.0; 8.5
45.0; 5.295; -6.1; -0.0; 8.5; -6.1; -0.0; 8.5; 6.4; -0.0; 8.5; 6.4; -0.0; 8.5
45.2; 5.318; -6.1; -0.0; 8.5; -6.1; -0.0; 8.5; 6.4; -0.0; 8.5; 6.4; -0.0; 8.5
45.4; 5.342; -6.1; -0.0; 8.5; -6.1; -0.0; 8.5; 6.4; -0.0; 8.5; 6.4; -0.0; 8.5
45.6; 5.366; -6.1; -0.0; 8.5; -6.1; -0.0; 8.5; 6.4; -0.0; 8.5; 6.4; -0.0; 8.5
45.8; 5.389; -6.1; -0.0; 8.5; -6.1; -0.0; 8.5; 6.4; -0.0; 8.5; 6.4; -0.0; 8.5
46.0; 5.413; -6.1; -0.0; 8.5; -6.1; -0.0; 8.5; 6.4; -0.0; 8.5; 6.4; -0.0; 8.5
46.2; 5.436; -6.1; -0.0; 8.5; -6.1; -0.0; 8.5; 6.4; -0.0; 8.5; 6.4; -0.0; 8.5
46.4; 5.460; -6.1; -0.0; 8.5; -6.1; -0.0; 8.5; 6.4; -0.0; 8.5; 6.4; -0.0; 8.5
46.6; 5.483; -6.1; -0.0; 8.5; -6.1; -0.0; 8.5; 6.4; -0.0; 8.5; 6.4; -0.0; 8.5
46.8; 5.507; -6.1; -0.0; 8.5; -6.1; -0.0; 8.5; 6.4; -0.0; 8.5; 6.4; -0.0; 8.5
47.0; 5.531; -6.1; -0.0; 8.5; -6.1; -0.0; 8.5; 6.4; -0.0; 8.5; 6.4; -0.0; 8.5
47.2; 5.554; -6.1; -0.0; 8.5; -6.1; -0.0; 8.5; 6.4; -0.0; 8.5; 6.4; -0.0; 8.5
47.4; 5.578; -6.1; -0.0; 8.5; -6.1; -0.0; 8.5; 6.4; -0.0; 8.5; 6.4; -0.0; 8.5
47.6; 5.601; -6.1; -0.0; 8.5; -6.1; -0.0; 8.5; 6.4; -0.0; 8.5; 6.4; -0.0; 8.5
47.8; 5.625; -6.1; -0.0; 8.5; -6.1; -0.0; 8.5; 6.4; -0.0; 8.5; 6.4; -0.0; 8.5
48.0; 5.648; -6.1; -0.0; 8.5; -6.1; -0.0; 8.5; 6.4; -0.0; 8.5; 6.4; -0.0; 8.5
48.2; 5.672; -6.1; -0.0; 8.5; -6.1; -0.0; 8.5; 6.4; -0.0; 8.5; 6.4; -0.0; 8.5
48.4; 5.696; -6.1; -0.0; 8.5; -6.1; -0.0; 8.5; 6.4; -0.0; 8.5; 6.4; -0.0; 8.5
48.6; 5.719; -6.1; -0.0; 8.5; -6.1; -0.0; 8.5; 6.4; -0.0; 8.5; 6.4; -0.0; 8.5
48.8; 5.743; -6.1; -0.0; 8.5; -6.1; -0.0; 8.5; 6.4; -0.0; 8.5; 6.4; -0.0; 8.5
49.0; 5.766; -6.1; -0.0; 8.5; -6.1; -0.0; 8.5; 6.4; -0.0; 8.5; 6.4; -0.0; 8.5
49.2; 5.790; -6.1; -0.0; 8.5; -6.1; -0.0; 8.5; 6.4; -0.0; 8.5; 6.4; -0.0; 8.5
49.4; 5.813; -6.1; -0.0; 8.5; -6.1; -0.0; 8.5; 6.4; -0.0; 8.5; 6.4; -0.0; 8.5
49.6; 5.837; -6.1; -0.0; 8.5; -6.1; -0.0; 8.5; 6.4; -0.0; 8.5; 6.4; -0.0; 8.5
49.8; 5.861; -6.1; -0.0; 8.5; -6.1; -0.0; 8.5; 6.4; -0.0; 8.5; 6.4; -0.0; 8.5
50.0; 5.884; -6.1; -0.0; 8.5; -6.1; -0.0; 8.5; 6.4; -0.0; 8.5; 6.4; -0.0; 8.5
50.2; 5.908; -6.1; -0.0; 8.5; -6.1; -0.0; 8.5; 6.4; -0.0; 8.5; 6.4; -0.0; 8.5
50.4; 5.931; -6.1; -0.0; 8.5; -6.1; -0.0; 8.5; 6.4; -0.0; 8.5; 6.4; -0.0; 8.5
50.6; 5.955; -6.1; -0.0; 8.5; -6.1; -0.0; 8.5; 6.4; -0.0; 8.5; 6.4; -0.0; 8.5
50.8; 5.978; -6.1; -0.0; 8.5; -6.1; -0.0; 8.5; 6.4; -0.0; 8.5; 6.4; -0.0; 8.5
51.0; 6.002; -6.1; -0.0; 8.5; -6.1; -0.0; 8.5; 6.4; -0.0; 8.5; 6.4; -0.0; 8.5
51.2; 6.025; -6.1; -0.0; 8.5; -6.1; -0.0; 8.5; 6.4; -0.0; 8.5; 6.4; -0.0; 8.5
51.4; 6.049; -6.1; -0.0; 8.5; -6.1; -0.0; 8.5; 6.4; -0.0; 8.5; 6.4; -0.0; 8.5
51.6; 6.073; -6.1; -0.0; 8.5; -6.1; -0.0; 8.5; 6.4; -0.0; 8.5; 6.4; -0.0; 8.5
51.8; 6.096; -6.1; -0.0; 8.5; -6.1; -0.0; 8.5; 6.4; -0.0; 8.5; 6.4; -0.0; 8.5
52.0; 6.120; -6.1; -0.0; 8.5; -6.1; -0.0; 8.5; 6.4; -0.0; 8.5; 6.4; -0.0; 8.5
52.2; 6.143; -6.1; -0.0; 8.5; -6.1; -0.0; 8.5; 6.4; -0.0; 8.5; 6.4; -0.0; 8.5
52.4; 6.167; -6.1; -0.0; 8.5; -6.1; -0.0; 8.5; 6.4; -0.0; 8.5; 6.4; -0.0; 8.5
52.6; 6.190; -6.1; -0.0; 8.5; -6.1; -0.0; 8.5; 6.4; -0.0; 8.5; 6.4; -0.0; 8.5
52.8; 6.214; -6.1; -0.0; 8.5; -6.1; -0.0; 8.5; 6.4; -0.0; 8.5; 6.4; -0.0; 8.5
53.0; 6.237; -6.1; -0.0; 8.5; -6.1; -0.0; 8.5; 6.4; -0.0; 8.5; 6.4; -0.0; 8.5
53.2; 6.261; -6.1; -0.0; 8.5; -6.1; -0.0; 8.5; 6.4; -0.0; 8.5; 6.4; -0.0; 8.5
53.4; 6.284; -6.1; -0.0; 8.5; -6.1; -0.0; 8.5; 6.4; -0.0; 8.5; 6.4; -0.0; 8.5
53.6; 6.308; -6.1; -0.0; 8.5; -6.1; -0.0; 8.5; 6.4; -0.0; 8.5; 6.4; -0.0; 8.5
53.8; 6.332; -6.1; -0.0; 8.5; -6.1; -0.0; 8.5; 6.4; -0.0; 8.5; 6.4; -0.0; 8.5
54.0; 6.355; -6.1; -0.0; 8.5; -6.1; -0.0; 8.5; 6.4; -0.0; 8.5; 6.4; -0.0; 8.5
54.2; 6.379; -6.1; -0.0; 8.5; -6.1; -0.0; 8.5; 6.4; -0.0; 8.5; 6.4; -0.0; 8.5
54.4; 6.402; -6.1; -0.0; 8.5; -6.1; -0.0; 8.5; 6.4; -0.0; 8.5; 6.4; -0.0; 8.5
54.6; 6.426; -6.1; -0.0; 8.5; -6.1; -0.0; 8.5; 6.4; -0.0; 8.5; 6.4; -0.0; 8.5
54.8; 6.449; -6.1; -0.0; 8.5; -6.1; -0.0; 8.5; 6.4; -0.0; 8.5; 6.4; -0.0; 8.5
55.0; 6.473; -6.1; -0.0; 8.5; -6.1; -0.0; 8.5; 6.4; -0.0; 8.5; 6.4; -0.0; 8.5
55.2; 6.496; -6.1; -0.0; 8.5; -6.1; -0.0; 8.5; 6.4; -0.0; 8.5; 6.4; -0.0; 8.5
55.4; 6.520; -6.1; -0.0; 8.5; -6.1; -0.0; 8.5; 6.4; -0.0; 8.5; 6.4; -0.0; 8.5
55.6; 6.543; -6.1; -0.0; 8.5; -6.1; -0.0; 8.5; 6.4; -0.0; 8.5; 6.4; -0.0; 8.5
55.8; 6.567; -6.1; -0.0; 8.5; -6.1; -0.0; 8.5; 6.4; -0.0; 8.5; 6.4; -0.0; 8.5
56.0; 6.590; -6.1; -0.0; 8.5; -6.1; -0.0; 8.5; 6.4; -0.0; 8.5; 6.4; -0.0; 8.5
56.2; 6.614; -6.1; -0.0; 8.5; -6.1; -0.0; 8.5; 6.4; -0.0; 8.5; 6.4; -0.0; 8.5
56.4; 6.637; -6.1; -0.0; 8.5; -6.1; -0.0; 8.5; 6.4; -0.0; 8.5; 6.4; -0.0; 8.5
56.6; 6.661; -6.1; -0.0; 8.5; -6.1; -0.0; 8.5; 6.4; -0.0; 8.5; 6.4; -0.0; 8.5
56.8; 6.684; -6.1; -0.0; 8.5; -6.1; -0.0; 8.5; 6.4; -0.0; 8.5; 6.4; -0.0; 8.5
57.0; 6.708; -6.1; -0.0; 8.5; -6.1; -0.0; 8.5; 6.4; -0.0; 8.5; 6.4; -0.0; 8.5
57.2; 6.732; -6.1; -0.0; 8.5; -6.1; -0.0; 8.5; 6.4; -0.0; 8.5; 6.4; -0.0; 8.5
57.4; 6.755; -6.1; -0.0; 8.5; -6.1; -0.0; 8.5; 6.4; -0.0; 8.5; 6.4; -0.0; 8.5
57.6; 6.779; -6.1; -0.0; 8.5; -6.1; -0.0; 8.5; 6.4; -0.0; 8.5; 6.4; -0.0; 8.5
57.8; 6.802; -6.1; -0.0; 8.5; -6.1; -0.0; 8.5; 6.4; -0.0; 8.5; 6.4; -0.0; 8.5
58.0; 6.826; -6.1; -0.0; 8.5; -6.1; -0.0; 8.5; 6.4; -0.0; 8.5; 6.4; -0.0; 8.5
58.2; 6.849; -6.1; -0.0; 8.5; -6.1; -0.0; 8.5; 6.4; -0.0; 8.5; 6.4; -0.0; 8.5
58.4; 6.873; -6.1; -0.0; 8.5; -6.1; -0.0; 8.5; 6.4; -0.0; 8.5; 6.4; -0.0; 8.5
58.6; 6.896; -6.1; -0.0; 8.5; -6.1; -0.0; 8.5; 6.4; -0.0; 8.5; 6.4; -0.0; 8.5
58.8; 6.920; -6.1; -0.0; 8.5; -6.1; -0.0; 8.5; 6.4; -0.0; 8.5; 6.4; -0.0; 8.5
59.0; 6.943; -6.1; -0.0; 8.5; -6.1; -0.0; 8.5; 6.4; -0.0; 8.5; 6.4; -0.0; 8.5
59.2; 6.967; -6.1; -0.0; 8.5; -6.1; -0.0; 8.5; 6.4; -0.0; 8.5; 6.4; -0.0; 8.5
59.4; 6.990; -6.1; -0.0; 8.5; -6.1; -0.0; 8.5; 6.4; -0.0; 8.5; 6.4; -0.0; 8.5
59.6; 7.014; -6.1; -0.0; 8.5; -6.1; -0.0; 8.5; 6.4; -0.0; 8.5; 6.4; -0.0; 8.5
59.8; 7.037; -6.1; -0.0; 8.5; -6.1; -0.0; 8.5; 6.4; -0.0; 8.5; 6.4; -0.0; 8.5
60.0; 7.061; -6.1; -0.0; 8.5; -6.1; -0.0; 8.5; 6.4; -0.0; 8.5; 6.4; -0.0; 8.5
60.2; 7.084; -6.1; -0.0; 8.5; -6.1; -0.0; 8.5; 6.4; -0.0; 8.5; 6.4; -0.0; 8.5
60.4; 7.108; -6.1; -0.0; 8.5; -6.1; -0.0; 8.5; 6.4; -0.0; 8.5; 6.4; -0.0; 8.5
60.6; 7.131; -6.1; -0.0; 8.5; -6.1; -0.0; 8.5; 6.4; -0.1; 8.5; 6.4; -0.1; 8.5
60.8; 7.155; -6.1; -0.0; 8.5; -6.1; -0.0; 8.5; 6.4; -0.1; 8.5; 6.4; -0.1; 8.5
61.0; 7.178; -6.1; -0.1; 8.5; -6.1; -0.1; 8.5; 6.4; -0.1; 8.5; 6.4; -0.1; 8.5
61.2; 7.202; -6.1; -0.1; 8.5; -6.1; -0.1; 8.5; 6.4; -0.1; 8.5; 6.4; -0.1; 8.5
61.4; 7.225; -6.1; -0.1; 8.5; -6.1; -0.1; 8.5; 6.4; -0.1; 8.5; 6.4; -0.1; 8.5
61.6; 7.249; -6.1; -0.1; 8.6; -6.1; -0.1; 8.5; 6.4; -0.1; 8.6; 6.4; -0.1; 8.5
61.8; 7.272; -6.1; -0.1; 8.6; -6.1; -0.1; 8.5; 6.4; -0.1; 8.6; 6.4; -0.1; 8.5
62.0; 7.296; -6.1; -0.1; 8.6; -6.1; -0.1; 8.4; 6.4; -0.1; 8.6; 6.4; -0.1; 8.4
62.2; 7.319; -6.1; -0.1; 8.6; -6.1; -0.1; 8.4; 6.4; -0.2; 8.6; 6.4; -0.2; 8.4
62.4; 7.343; -6.1; -0.2; 8.6; -6.1; -0.2; 8.4; 6.4; -0.2; 8.6; 6.4; -0.2; 8.4
62.6; 7.366; -6.1; -0.2; 8.6; -6.1; -0.2; 8.4; 6.4; -0.2; 8.6; 6.4; -0.2; 8.4
62.8; 7.390; -6.1; -0.2; 8.6; -6.1; -0.2; 8.4; 6.4; -0.2; 8.6; 6.4; -0.2; 8.4
63.0; 7.413; -6.1; -0.2; 8.6; -6.1; -0.2; 8.4; 6.4; -0.3; 8.6; 6.4; -0.3; 8.4
63.2; 7.436; -6.1; -0.3; 8.6; -6.1; -0.3; 8.4; 6.4; -0.3; 8.7; 6.4; -0.3; 8.4
63.4; 7.460; -6.1; -0.3; 8.7; -6.1; -0.3; 8.4; 6.4; -0.3; 8.7; 6.4; -0.3; 8.4
63.6; 7.483; -6.1; -0.3; 8.7; -6.1; -0.3; 8.3; 6.4; -0.4; 8.7; 6.4; -0.4; 8.3
63.8; 7.507; -6.1; -0.3; 8.7; -6.1; -0.3; 8.3; 6.4; -0.4; 8.7; 6.4; -0.4; 8.3
64.0; 7.530; -6.1; -0.4; 8.7; -6.1; -0.4; 8.3; 6.3; -0.4; 8.7; 6.3; -0.4; 8.3
64.2; 7.554; -6.1; -0.4; 8.7; -6.1; -0.4; 8.3; 6.3; -0.5; 8.7; 6.3; -0.4; 8.3
64.4; 7.577; -6.0; -0.4; 8.7; -6.0; -0.4; 8.3; 6.3; -0.5; 8.7; 6.3; -0.4; 8.3
64.6; 7.601; -6.0; -0.4; 8.7; -6.0; -0.4; 8.3; 6.3; -0.5; 8.7; 6.3; -0.5; 8.3
64.8; 7.624; -6.0; -0.4; 8.7; -6.0; -0.4; 8.3; 6.3; -0.5; 8.7; 6.3; -0.5; 8.3
65.0; 7.648; -6.1; -0.4; 8.7; -6.1; -0.4; 8.3; 6.3; -0.5; 8.7; 6.3; -0.4; 8.3
65.2; 7.671; -6.1; -0.4; 8.7; -6.1; -0.3; 8.3; 6.4; -0.4; 8.7; 6.4; -0.4; 8.3
65.4; 7.695; -6.1; -0.3; 8.7; -6.1; -0.3; 8.3; 6.4; -0.4; 8.7; 6.4; -0.4; 8.3
65.6; 7.718; -6.1; -0.3; 8.7; -6.1; -0.3; 8.3; 6.4; -0.4; 8.7; 6.4; -0.4; 8.4
65.8; 7.742; -6.2; -0.3; 8.7; -6.2; -0.3; 8.4; 6.4; -0.3; 8.7; 6.4; -0.3; 8.4
66.0; 7.765; -6.2; -0.2; 8.6; -6.2; -0.2; 8.4; 6.4; -0.3; 8.6; 6.4; -0.3; 8.4
66.2; 7.789; -6.2; -0.2; 8.6; -6.2; -0.2; 8.4; 6.5; -0.3; 8.6; 6.5; -0.3; 8.4
66.4; 7.812; -6.2; -0.2; 8.6; -6.2; -0.2; 8.4; 6.5; -0.2; 8.6; 6.5; -0.2; 8.4
66.6; 7.835; -6.2; -0.2; 8.6; -6.2; -0.2; 8.4; 6.5; -0.2; 8.6; 6.5; -0.2; 8.4
66.8; 7.859; -6.2; -0.2; 8.6; -6.2; -0.2; 8.4; 6.5; -0.3; 8.6; 6.5; -0.2; 8.4
67.0; 7.882; -6.3; -0.3; 8.6; -6.3; -0.2; 8.4; 6.5; -0.3; 8.6; 6.5; -0.3; 8.4
67.2; 7.906; -6.3; -0.3; 8.7; -6.3; -0.3; 8.4; 6.6; -0.3; 8.7; 6.6; -0.3; 8.4
67.4; 7.929; -6.4; -0.4; 8.7; -6.4; -0.4; 8.3; 6.7; -0.4; 8.7; 6.7; -0.4; 8.3
67.6; 7.952; -6.5; -0.5; 8.8; -6.5; -0.5; 8.3; 6.7; -0.6; 8.8; 6.7; -0.5; 8.3
67.8; 7.975; -6.5; -0.7; 8.8; -6.5; -0.6; 8.2; 6.8; -0.7; 8.8; 6.8; -0.7; 8.2
68.0; 7.998; -6.6; -0.8; 8.9; -6.6; -0.8; 8.1; 6.9; -0.9; 8.9; 6.9; -0.8; 8.1
68.2; 8.021; -6.6; -1.1; 9.0; -6.6; -0.9; 8.0; 6.9; -1.1; 9.0; 6.9; -1.0; 8.0
68.4; 8.044; -6.6; -1.3; 9.1; -6.6; -1.1; 7.9; 6.9; -1.4; 9.1; 6.9; -1.2; 7.9
68.6; 8.066; -6.6; -1.6; 9.3; -6.6; -1.4; 7.7; 6.8; -1.8; 9.3; 6.8; -1.5; 7.8
68.8; 8.089; -6.4; -2.0; 9.4; -6.4; -1.6; 7.6; 6.7; -2.2; 9.4; 6.7; -1.8; 7.6
69.0; 8.112; -6.2; -2.4; 9.6; -6.2; -1.8; 7.4; 6.5; -2.6; 9.6; 6.5; -2.0; 7.4
69.2; 8.134; -6.0; -2.8; 9.8; -6.0; -2.1; 7.2; 6.3; -3.1; 9.8; 6.3; -2.3; 7.3
69.4; 8.157; -5.6; -3.3; 10.0; -5.6; -2.3; 7.0; 5.9; -3.7; 10.0; 5.9; -2.6; 7.1
69.6; 8.179; -5.0; -3.9; 10.2; -5.0; -2.6; 6.8; 5.4; -4.3; 10.2; 5.4; -2.9; 6.9
69.8; 8.201; -3.6; -4.4; 10.4; -3.6; -2.8; 6.6; 4.0; -5.0; 10.4; 4.0; -3.2; 6.7
70.0; 8.223; -1.2; -5.0; 10.6; -1.2; -3.0; 6.4; 1.6; -5.7; 10.6; 1.6; -3.5; 6.4
70.2; 8.246; -0.5; -5.6; 10.8; -0.5; -3.2; 6.1; 1.0; -6.4; 10.9; 1.0; -3.7; 6.2
70.4; 8.268; -0.3; -6.2; 11.0; -0.3; -3.3; 5.9; 0.8; -7.2; 11.1; 0.8; -3.9; 6.0
70.6; 8.290; -0.2; -6.8; 11.2; -0.2; -3.5; 5.7; 0.8; -7.9; 11.3; 0.8; -4.1; 5.8
70.8; 8.311; -0.2; -7.4; 11.4; -0.2; -3.6; 5.5; 0.8; -8.6; 11.5; 0.8; -4.3; 5.6
71.0; 8.333; -0.2; -7.9; 11.5; -0.2; -3.7; 5.4; 0.9; -9.2; 11.7; 0.9; -4.4; 5.5
71.2; 8.355; -0.2; -8.3; 11.7; -0.2; -3.7; 5.2; 0.9; -9.7; 11.8; 0.9; -4.5; 5.4
71.4; 8.377; -0.2; -8.6; 11.8; -0.2; -3.8; 5.1; 1.0; -10.2; 11.9; 1.0; -4.5; 5.3
71.6; 8.398; -0.2; -8.9; 11.9; -0.2; -3.8; 5.0; 1.0; -10.6; 12.0; 1.0; -4.6; 5.2
71.8; 8.420; -0.2; -9.2; 11.9; -0.2; -3.8; 4.9; 1.1; -10.9; 12.1; 1.1; -4.6; 5.1
72.0; 8.441; -0.3; -9.3; 12.0; -0.3; -3.8; 4.8; 1.2; -11.1; 12.2; 1.2; -4.7; 5.0
72.2; 8.463; -0.4; -9.5; 12.0; -0.4; -3.8; 4.8; 1.4; -11.4; 12.2; 1.4; -4.7; 5.0
72.4; 8.484; -0.5; -9.6; 12.0; -0.5; -3.8; 4.8; 1.5; -11.5; 12.3; 1.5; -4.7; 5.0
72.6; 8.506; -0.4; -9.6; 12.1; -0.4; -3.8; 4.7; 1.4; -11.6; 12.3; 1.4; -4.7; 5.0
72.8; 8.527; -0.3; -9.7; 12.1; -0.3; -3.8; 4.7; 1.3; -11.7; 12.3; 1.3; -4.7; 4.9
73.0; 8.549; -0.2; -9.7; 12.1; -0.2; -3.8; 4.7; 1.3; -11.8; 12.3; 1.3; -4.7; 4.9
73.2; 8.570; -0.2; -9.7; 12.1; -0.2; -3.8; 4.7; 1.2; -11.9; 12.3; 1.2; -4.8; 4.9
73.4; 8.592; -0.1; -9.8; 12.1; -0.1; -3.8; 4.7; 1.2; -11.9; 12.3; 1.2; -4.8; 4.9
73.6; 8.613; -0.1; -9.8; 12.1; -0.1; -3.8; 4.7; 1.2; -11.9; 12.4; 1.2; -4.8; 4.9
73.8; 8.635; -0.1; -9.8; 12.1; -0.1; -3.8; 4.7; 1.2; -11.9; 12.4; 1.2; -4.8; 4.9
74.0; 8.657; -0.1; -9.8; 12.1; -0.1; -3.8; 4.7; 1.2; -11.9; 12.4; 1.2; -4.8; 4.9
74.2; 8.678; -0.1; -9.8; 12.1; -0.1; -3.8; 4.7; 1.2; -11.9; 12.4; 1.2; -4.8; 4.9
74.4; 8.700; -0.1; -9.8; 12.1; -0.1; -3.8; 4.7; 1.2; -11.9; 12.4; 1.2; -4.8; 4.9
74.6; 8.722; -0.1; -9.8; 12.1; -0.1; -3.8; 4.7; 1.2; -11.9; 12.4; 1.2; -4.8; 4.9
74.8; 8.743; -0.1; -9.8; 12.1; -0.1; -3.8; 4.7; 1.2; -11.9; 12.4; 1.2; -4.8; 4.9
75.0; 8.765; -0.1; -9.8; 12.1; -0.1; -3.8; 4.7; 1.2; -11.9; 12.4; 1.2; -4.8; 4.9
75.2; 8.787; -0.1; -9.8; 12.1; -0.1; -3.8; 4.7; 1.2; -11.9; 12.4; 1.2; -4.8; 4.9
75.4; 8.808; -0.1; -9.8; 12.1; -0.1; -3.8; 4.7; 1.2; -11.9; 12.4; 1.2; -4.8; 4.9
75.6; 8.830; -0.1; -9.8; 12.1; -0.1; -3.8; 4.7; 1.2; -11.9; 12.4; 1.2; -4.8; 4.9
75.8; 8.852; -0.1; -9.8; 12.1; -0.1; -3.8; 4.7; 1.2; -11.9; 12.4; 1.2; -4.8; 4.9
76.0; 8.873; -0.1; -9.8; 12.1; -0.1; -3.8; 4.7; 1.2; -11.9; 12.4; 1.2; -4.8; 4.9
76.2; 8.895; -0.1; -9.8; 12.1; -0.1; -3.8; 4.7; 1.2; -11.9; 12.4; 1.2; -4.8; 4.9
76.4; 8.916; -0.1; -9.8; 12.1; -0.1; -3.8; 4.7; 1.2; -11.9; 12.4; 1.2; -4.8; 4.9
76.6; 8.938; -0.1; -9.8; 12.1; -0.1; -3.8; 4.7; 1.2; -11.9; 12.4; 1.2; -4.8; 4.9
76.8; 8.959; -0.1; -9.8; 12.1; -0.1; -3.8; 4.7; 1.2; -11.9; 12.4; 1.2; -4.8; 4.9
77.0; 8.981; -0.1; -9.8; 12.1; -0.1; -3.8; 4.7; 1.2; -11.9; 12.4; 1.2; -4.8; 4.9
77.2; 9.002; -0.1; -9.8; 12.1; -0.1; -3.8; 4.7; 1.2; -11.9; 12.4; 1.2; -4.8; 4.9
77.4; 9.024; -0.1; -9.8; 12.1; -0.1; -3.8; 4.7; 1.2; -11.9; 12.4; 1.2; -4.8; 4.9
77.6; 9.045; -0.1; -9.8; 12.1; -0.1; -3.8; 4.7; 1.2; -11.9; 12.4; 1.2; -4.8; 4.9
77.8; 9.066; -0.1; -9.8; 12.1; -0.1; -3.8; 4.7; 1.2; -11.9; 12.4; 1.2; -4.8; 4.9
78.0; 9.088; -0.1; -9.8; 12.1; -0.1; -3.8; 4.7; 1.2; -11.9; 12.4; 1.2; -4.8; 4.9
78.2; 9.109; -0.1; -9.8; 12.1; -0.1; -3.8; 4.7; 1.2; -11.9; 12.4; 1.2; -4.8; 4.9
78.4; 9.130; -0.1; -9.8; 12.1; -0.1; -3.8; 4.7; 1.2; -11.9; 12.4; 1.2; -4.8; 4.9
78.6; 9.152; -0.1; -9.8; 12.1; -0.1; -3.8; 4.7; 1.2; -11.9; 12.4; 1.2; -4.8; 4.9
78.8; 9.173; -0.1; -9.8; 12.1; -0.1; -3.8; 4.7; 1.2; -11.9; 12.4; 1.2; -4.8; 4.9
79.0; 9.195; -0.1; -9.8; 12.1; -0.1; -3.8; 4.7; 1.2; -11.9; 12.4; 1.2; -4.8; 4.9
79.2; 9.216; -0.1; -9.8; 12.1; -0.1; -3.8; 4.7; 1.2; -11.9; 12.4; 1.2; -4.8; 4.9
79.4; 9.238; -0.1; -9.8; 12.1; -0.1; -3.8; 4.7; 1.2; -11.9; 12.4; 1.2; -4.8; 4.9
79.6; 9.259; -0.1; -9.8; 12.1; -0.1; -3.8; 4.7; 1.2; -11.9; 12.4; 1.2; -4.8; 4.9
79.8; 9.281; -0.1; -9.8; 12.1; -0.1; -3.8; 4.7; 1.2; -11.9; 12.4; 1.2; -4.8; 4.9
80.0; 9.303; -0.1; -9.8; 12.1; -0.1; -3.8; 4.7; 1.2; -11.9; 12.4; 1.2; -4.8; 4.9
80.2; 9.325; -0.1; -9.8; 12.1; -0.1; -3.8; 4.7; 1.2; -11.9; 12.4; 1.2; -4.8; 4.9
80.4; 9.347; -0.1; -9.7; 12.1; -0.1; -3.8; 4.7; 1.2; -11.9; 12.3; 1.2; -4.8; 4.9
80.6; 9.369; -0.2; -9.5; 12.1; -0.2; -3.8; 4.7; 1.2; -11.8; 12.3; 1.2; -4.8; 4.9
80.8; 9.391; -0.3; -9.3; 12.0; -0.3; -3.7; 4.8; 1.3; -11.7; 12.3; 1.3; -4.8; 5.0
81.0; 9.413; -0.4; -9.1; 12.0; -0.4; -3.7; 4.8; 1.4; -11.5; 12.2; 1.4; -4.8; 5.0
81.2; 9.435; -0.7; -8.7; 11.9; -0.7; -3.6; 4.9; 1.6; -11.2; 12.1; 1.6; -4.8; 5.1
81.4; 9.457; -1.1; -8.1; 11.7; -1.1; -3.5; 5.1; 2.0; -10.6; 11.9; 2.0; -4.7; 5.3
81.6; 9.479; -1.8; -7.3; 11.5; -1.8; -3.4; 5.3; 2.5; -9.8; 11.7; 2.5; -4.6; 5.5
81.8; 9.501; -2.6; -6.4; 11.2; -2.6; -3.2; 5.7; 3.2; -8.6; 11.4; 3.2; -4.4; 5.8
82.0; 9.524; -3.5; -5.2; 10.8; -3.5; -3.0; 6.1; 4.0; -7.1; 10.9; 4.0; -4.1; 6.2
82.2; 9.546; -4.4; -4.1; 10.4; -4.4; -2.6; 6.5; 4.8; -5.5; 10.5; 4.8; -3.5; 6.6
82.4; 9.568; -5.1; -3.1; 10.0; -5.1; -2.2; 7.0; 5.5; -4.1; 10.0; 5.5; -2.9; 7.0
82.6; 9.591; -5.6; -2.3; 9.6; -5.6; -1.7; 7.4; 5.9; -3.0; 9.7; 5.9; -2.3; 7.4
82.8; 9.613; -5.9; -1.6; 9.4; -5.9; -1.3; 7.6; 6.2; -2.2; 9.4; 6.2; -1.8; 7.7
83.0; 9.636; -6.0; -1.2; 9.1; -6.0; -1.0; 7.9; 6.3; -1.6; 9.1; 6.3; -1.4; 7.9
83.2; 9.658; -6.1; -0.9; 9.0; -6.1; -0.8; 8.0; 6.4; -1.1; 9.0; 6.4; -1.0; 8.0
83.4; 9.681; -6.1; -0.6; 8.8; -6.1; -0.6; 8.2; 6.4; -0.8; 8.8; 6.4; -0.8; 8.2
83.6; 9.704; -6.1; -0.4; 8.7; -6.1; -0.4; 8.3; 6.4; -0.6; 8.7; 6.4; -0.5; 8.3
83.8; 9.726; -6.1; -0.3; 8.7; -6.1; -0.3; 8.4; 6.4; -0.4; 8.7; 6.4; -0.4; 8.4
84.0; 9.749; -6.1; -0.1; 8.6; -6.1; -0.1; 8.4; 6.4; -0.2; 8.6; 6.4; -0.2; 8.4
84.2; 9.772; -6.1; -0.1; 8.6; -6.1; -0.1; 8.5; 6.4; -0.1; 8.6; 6.4; -0.1; 8.5
84.4; 9.795; -6.1; 0.0; 8.5; -6.1; 0.0; 8.5; 6.4; -0.0; 8.5; 6.4; -0.0; 8.5
84.6; 9.818; -6.1; 0.1; 8.5; -6.1; 0.1; 8.5; 6.4; 0.1; 8.5; 6.4; 0.1; 8.5
84.8; 9.840; -6.1; 0.1; 8.5; -6.1; 0.1; 8.6; 6.4; 0.1; 8.5; 6.4; 0.1; 8.6
85.0; 9.863; -6.1; 0.1; 8.4; -6.1; 0.1; 8.6; 6.4; 0.2; 8.4; 6.4; 0.2; 8.6
85.2; 9.887; -6.1; 0.2; 8.4; -6.1; 0.2; 8.6; 6.4; 0.2; 8.4; 6.4; 0.2; 8.6
85.4; 9.910; -6.1; 0.2; 8.4; -6.1; 0.2; 8.6; 6.4; 0.2; 8.4; 6.4; 0.2; 8.6
85.6; 9.933; -6.1; 0.2; 8.4; -6.1; 0.2; 8.6; 6.4; 0.2; 8.4; 6.4; 0.2; 8.6
85.8; 9.956; -6.1; 0.2; 8.4; -6.1; 0.2; 8.6; 6.4; 0.2; 8.4; 6.4; 0.2; 8.6
86.0; 9.979; -6.1; 0.2; 8.4; -6.1; 0.2; 8.6; 6.4; 0.2; 8.4; 6.4; 0.2; 8.6
86.2; 10.003; -6.1; 0.2; 8.4; -6.1; 0.2; 8.6; 6.4; 0.2; 8.4; 6.4; 0.2; 8.6
86.4; 10.026; -6.1; 0.2; 8.4; -6.1; 0.2; 8.6; 6.4; 0.2; 8.4; 6.4; 0.2; 8.6
86.6; 10.049; -6.1; 0.1; 8.4; -6.1; 0.1; 8.6; 6.4; 0.2; 8.4; 6.4; 0.2; 8.6
86.8; 10.073; -6.1; 0.1; 8.4; -6.1; 0.1; 8.6; 6.4; 0.2; 8.4; 6.4; 0.2; 8.6
87.0; 10.096; -6.1; 0.1; 8.4; -6.1; 0.1; 8.6; 6.4; 0.2; 8.4; 6.4; 0.2; 8.6
87.2; 10.120; -6.1; 0.1; 8.5; -6.1; 0.1; 8.6; 6.4; 0.1; 8.5; 6.4; 0.1; 8.6
87.4; 10.144; -6.1; 0.1; 8.5; -6.1; 0.1; 8.6; 6.4; 0.1; 8.5; 6.4; 0.1; 8.6
87.6; 10.167; -6.1; 0.1; 8.5; -6.1; 0.1; 8.6; 6.4; 0.1; 8.5; 6.4; 0.1; 8.6
87.8; 10.191; -6.1; 0.1; 8.5; -6.1; 0.1; 8.5; 6.4; 0.1; 8.5; 6.4; 0.1; 8.5
88.0; 10.215; -6.1; 0.1; 8.5; -6.1; 0.1; 8.5; 6.4; 0.1; 8.5; 6.4; 0.1; 8.5
88.2; 10.238; -6.1; 0.0; 8.5; -6.1; 0.0; 8.5; 6.4; 0.1; 8.5; 6.4; 0.1; 8.5
88.4; 10.262; -6.1; 0.0; 8.5; -6.1; 0.0; 8.5; 6.4; 0.0; 8.5; 6.4; 0.0; 8.5
88.6; 10.286; -6.1; 0.0; 8.5; -6.1; 0.0; 8.5; 6.4; 0.0; 8.5; 6.4; 0.0; 8.5
88.8; 10.309; -6.1; 0.0; 8.5; -6.1; 0.0; 8.5; 6.4; 0.0; 8.5; 6.4; 0.0; 8.5
89.0; 10.333; -6.1; 0.0; 8.5; -6.1; 0.0; 8.5; 6.4; 0.0; 8.5; 6.4; 0.0; 8.5
89.2; 10.357; -6.1; -0.0; 8.5; -6.1; -0.0; 8.5; 6.4; -0.0; 8.5; 6.4; -0.0; 8.5
89.4; 10.381; -6.1; -0.0; 8.5; -6.1; -0.0; 8.5; 6.4; -0.0; 8.5; 6.4; -0.0; 8.5
89.6; 10.404; -6.1; -0.0; 8.5; -6.1; -0.0; 8.5; 6.4; -0.0; 8.5; 6.4; -0.0; 8.5
89.8; 10.428; -6.1; -0.0; 8.5; -6.1; -0.0; 8.5; 6.4; -0.0; 8.5; 6.4; -0.0; 8.5
90.0; 10.452; -6.1; -0.0; 8.5; -6.1; -0.0; 8.5; 6.4; -0.0; 8.5; 6.4; -0.0; 8.5
90.2; 10.475; -6.1; -0.0; 8.5; -6.1; -0.0; 8.5; 6.4; -0.0; 8.5; 6.4; -0.0; 8.5
90.4; 10.499; -6.1; -0.0; 8.5; -6.1; -0.0; 8.5; 6.4; -0.0; 8.5; 6.4; -0.0; 8.5
90.6; 10.523; -6.1; -0.0; 8.5; -6.1; -0.0; 8.5; 6.4; -0.0; 8.5; 6.4; -0.0; 8.5
90.8; 10.546; -6.1; -0.0; 8.5; -6.1; -0.0; 8.5; 6.4; -0.0; 8.5; 6.4; -0.0; 8.5
91.0; 10.570; -6.1; -0.0; 8.5; -6.1; -0.0; 8.5; 6.4; -0.0; 8.5; 6.4; -0.0; 8.5
91.2; 10.594; -6.1; -0.0; 8.5; -6.1; -0.0; 8.5; 6.4; -0.0; 8.5; 6.4; -0.0; 8.5
91.4; 10.617; -6.1; -0.0; 8.5; -6.1; -0.0; 8.5; 6.4; -0.0; 8.5; 6.4; -0.0; 8.5
91.6; 10.641; -6.1; 0.0; 8.5; -6.1; 0.0; 8.5; 6.4; 0.0; 8.5; 6.4; 0.0; 8.5
91.8; 10.664; -6.1; 0.0; 8.5; -6.1; 0.0; 8.5; 6.4; 0.0; 8.5; 6.4; 0.0; 8.5
92.0; 10.688; -6.1; 0.0; 8.5; -6.1; 0.0; 8.5; 6.4; 0.0; 8.5; 6.4; 0.0; 8.5
92.2; 10.712; -6.1; 0.0; 8.5; -6.1; 0.0; 8.5; 6.4; 0.0; 8.5; 6.4; 0.0; 8.5
92.4; 10.735; -6.1; 0.1; 8.5; -6.1; 0.1; 8.5; 6.4; 0.1; 8.5; 6.4; 0.1; 8.5
92.6; 10.759; -6.1; 0.1; 8.5; -6.1; 0.1; 8.6; 6.4; 0.1; 8.5; 6.4; 0.1; 8.6
92.8; 10.782; -6.1; 0.1; 8.5; -6.1; 0.1; 8.6; 6.4; 0.1; 8.5; 6.4; 0.1; 8.6
93.0; 10.806; -6.1; 0.1; 8.4; -6.1; 0.1; 8.6; 6.4; 0.1; 8.4; 6.4; 0.1; 8.6
93.2; 10.829; -6.1; 0.2; 8.4; -6.1; 0.2; 8.6; 6.4; 0.2; 8.4; 6.4; 0.2; 8.6
93.4; 10.853; -6.1; 0.2; 8.4; -6.1; 0.2; 8.6; 6.4; 0.2; 8.4; 6.4; 0.2; 8.6
93.6; 10.877; -6.1; 0.2; 8.4; -6.1; 0.2; 8.6; 6.4; 0.2; 8.4; 6.4; 0.2; 8.6
93.8; 10.900; -6.1; 0.2; 8.4; -6.1; 0.2; 8.6; 6.4; 0.3; 8.4; 6.4; 0.3; 8.6
94.0; 10.924; -6.1; 0.3; 8.4; -6.1; 0.3; 8.7; 6.4; 0.3; 8.4; 6.4; 0.3; 8.7
94.2; 10.947; -6.1; 0.3; 8.4; -6.1; 0.3; 8.7; 6.4; 0.3; 8.4; 6.4; 0.4; 8.7
94.4; 10.971; -6.1; 0.3; 8.3; -6.1; 0.3; 8.7; 6.4; 0.4; 8.3; 6.4; 0.4; 8.7
94.6; 10.994; -6.1; 0.3; 8.3; -6.1; 0.4; 8.7; 6.3; 0.4; 8.3; 6.3; 0.4; 8.7
94.8; 11.018; -6.1; 0.4; 8.3; -6.1; 0.4; 8.7; 6.3; 0.4; 8.3; 6.3; 0.5; 8.7
95.0; 11.041; -6.0; 0.4; 8.3; -6.0; 0.4; 8.7; 6.3; 0.5; 8.3; 6.3; 0.5; 8.7
95.2; 11.065; -6.0; 0.4; 8.3; -6.0; 0.4; 8.7; 6.3; 0.5; 8.3; 6.3; 0.5; 8.7
95.4; 11.089; -6.0; 0.4; 8.3; -6.0; 0.4; 8.7; 6.3; 0.5; 8.3; 6.3; 0.5; 8.7
95.6; 11.112; -6.0; 0.4; 8.3; -6.0; 0.4; 8.7; 6.3; 0.5; 8.3; 6.3; 0.5; 8.7
95.8; 11.136; -6.0; 0.4; 8.3; -6.0; 0.4; 8.7; 6.2; 0.4; 8.3; 6.2; 0.5; 8.7
96.0; 11.159; -6.0; 0.3; 8.3; -6.0; 0.3; 8.7; 6.3; 0.4; 8.3; 6.3; 0.4; 8.7
96.2; 11.183; -6.0; 0.3; 8.4; -6.0; 0.3; 8.7; 6.3; 0.3; 8.4; 6.3; 0.4; 8.7
96.4; 11.206; -6.1; 0.2; 8.4; -6.1; 0.2; 8.6; 6.3; 0.3; 8.4; 6.3; 0.3; 8.6
96.6; 11.230; -6.2; 0.1; 8.5; -6.2; 0.1; 8.6; 6.4; 0.2; 8.5; 6.4; 0.2; 8.6
96.8; 11.254; -6.3; -0.0; 8.5; -6.3; -0.0; 8.5; 6.5; 0.0; 8.5; 6.5; 0.0; 8.5
97.0; 11.277; -6.4; -0.2; 8.6; -6.4; -0.2; 8.4; 6.7; -0.2; 8.6; 6.7; -0.2; 8.4
97.2; 11.301; -6.6; -0.4; 8.7; -6.6; -0.4; 8.3; 6.8; -0.4; 8.7; 6.8; -0.4; 8.3
97.4; 11.324; -6.7; -0.7; 8.8; -6.7; -0.6; 8.2; 7.0; -0.7; 8.8; 7.0; -0.6; 8.2
97.6; 11.348; -6.8; -1.0; 9.0; -6.8; -0.9; 8.1; 7.0; -1.0; 9.0; 7.0; -0.9; 8.1
97.8; 11.371; -6.7; -1.3; 9.1; -6.7; -1.1; 7.9; 7.0; -1.4; 9.1; 7.0; -1.2; 7.9
98.0; 11.395; -6.6; -1.7; 9.3; -6.6; -1.4; 7.7; 6.9; -1.8; 9.3; 6.9; -1.5; 7.7
98.2; 11.419; -6.4; -2.2; 9.5; -6.4; -1.7; 7.5; 6.7; -2.4; 9.5; 6.7; -1.9; 7.5
98.4; 11.442; -6.1; -2.7; 9.7; -6.1; -2.0; 7.3; 6.4; -2.9; 9.7; 6.4; -2.2; 7.3
98.6; 11.466; -5.6; -3.3; 9.9; -5.6; -2.3; 7.1; 6.0; -3.6; 10.0; 6.0; -2.6; 7.1
98.8; 11.489; -4.6; -3.9; 10.2; -4.6; -2.6; 6.8; 4.9; -4.3; 10.2; 4.9; -2.9; 6.8
99.0; 11.513; -1.5; -4.6; 10.4; -1.5; -2.9; 6.5; 1.9; -5.2; 10.5; 1.9; -3.3; 6.6
99.2; 11.536; -0.5; -5.3; 10.7; -0.5; -3.1; 6.3; 0.9; -6.0; 10.7; 0.9; -3.6; 6.3
99.4; 11.560; -0.2; -6.0; 10.9; -0.2; -3.3; 6.0; 0.7; -6.9; 11.0; 0.7; -3.9; 6.1
99.6; 11.584; -0.2; -6.7; 11.2; -0.2; -3.4; 5.8; 0.7; -7.7; 11.2; 0.7; -4.1; 5.9
99.8; 11.607; -0.2; -7.3; 11.4; -0.2; -3.6; 5.6; 0.8; -8.4; 11.5; 0.8; -4.2; 5.7
100.0; 11.631; -0.2; -7.8; 11.5; -0.2; -3.7; 5.4; 0.8; -9.1; 11.6; 0.8; -4.4; 5.5
100.2; 11.654; -0.2; -8.3; 11.7; -0.2; -3.7; 5.2; 0.9; -9.7; 11.8; 0.9; -4.5; 5.4
100.4; 11.678; -0.2; -8.7; 11.8; -0.2; -3.8; 5.1; 0.9; -10.2; 11.9; 0.9; -4.5; 5.2
100.6; 11.701; -0.2; -9.0; 11.9; -0.2; -3.8; 5.0; 1.0; -10.7; 12.1; 1.0; -4.6; 5.1
100.8; 11.725; -0.2; -9.2; 11.9; -0.2; -3.8; 4.9; 1.1; -11.0; 12.1; 1.1; -4.6; 5.1
101.0; 11.749; -0.3; -9.4; 12.0; -0.3; -3.8; 4.8; 1.2; -11.3; 12.2; 1.2; -4.7; 5.0
101.2; 11.772; -0.5; -9.6; 12.0; -0.5; -3.8; 4.8; 1.4; -11.5; 12.2; 1.4; -4.7; 5.0
101.4; 11.796; -0.4; -9.6; 12.1; -0.4; -3.8; 4.7; 1.4; -11.6; 12.3; 1.4; -4.7; 5.0
101.6; 11.820; -0.3; -9.7; 12.1; -0.3; -3.8; 4.7; 1.3; -11.7; 12.3; 1.3; -4.7; 4.9
101.8; 11.843; -0.2; -9.7; 12.1; -0.2; -3.8; 4.7; 1.3; -11.8; 12.3; 1.3; -4.7; 4.9
102.0; 11.867; -0.2; -9.8; 12.1; -0.2; -3.8; 4.7; 1.2; -11.9; 12.3; 1.2; -4.8; 4.9
102.2; 11.891; -0.1; -9.8; 12.1; -0.1; -3.8; 4.7; 1.2; -11.9; 12.3; 1.2; -4.8; 4.9
102.4; 11.914; -0.1; -9.8; 12.1; -0.1; -3.8; 4.7; 1.2; -11.9; 12.4; 1.2; -4.8; 4.9
102.6; 11.937; -0.1; -9.8; 12.1; -0.1; -3.8; 4.7; 1.2; -11.9; 12.4; 1.2; -4.8; 4.9
102.8; 11.961; -0.1; -9.8; 12.1; -0.1; -3.8; 4.7; 1.2; -11.9; 12.4; 1.2; -4.8; 4.9
103.0; 11.984; -0.1; -9.8; 12.1; -0.1; -3.8; 4.7; 1.2; -11.9; 12.4; 1.2; -4.8; 4.9
103.2; 12.006; -0.1; -9.8; 12.1; -0.1; -3.8; 4.7; 1.2; -11.9; 12.4; 1.2; -4.8; 4.9
103.4; 12.029; -0.1; -9.8; 12.1; -0.1; -3.8; 4.7; 1.2; -11.9; 12.4; 1.2; -4.8; 4.9
103.6; 12.051; -0.1; -9.8; 12.1; -0.1; -3.8; 4.7; 1.2; -11.9; 12.4; 1.2; -4.8; 4.9
103.8; 12.073; -0.1; -9.8; 12.1; -0.1; -3.8; 4.7; 1.2; -11.9; 12.4; 1.2; -4.8; 4.9
104.0; 12.095; -0.1; -9.8; 12.1; -0.1; -3.8; 4.7; 1.2; -11.9; 12.4; 1.2; -4.8; 4.9
104.2; 12.116; -0.1; -9.8; 12.1; -0.1; -3.8; 4.7; 1.2; -11.9; 12.4; 1.2; -4.8; 4.9
104.4; 12.137; -0.1; -9.8; 12.1; -0.1; -3.8; 4.7; 1.2; -11.9; 12.4; 1.2; -4.8; 4.9
104.6; 12.158; -0.1; -9.8; 12.1; -0.1; -3.8; 4.7; 1.2; -11.9; 12.4; 1.2; -4.8; 4.9
104.8; 12.178; -0.1; -9.8; 12.1; -0.1; -3.8; 4.7; 1.2; -11.9; 12.4; 1.2; -4.8; 4.9
105.0; 12.198; -0.1; -9.8; 12.1; -0.1; -3.8; 4.7; 1.2; -11.9; 12.4; 1.2; -4.8; 4.9
105.2; 12.218; -0.1; -9.8; 12.1; -0.1; -3.8; 4.7; 1.2; -11.9; 12.4; 1.2; -4.8; 4.9
105.4; 12.238; -0.1; -9.8; 12.1; -0.1; -3.8; 4.7; 1.2; -11.9; 12.4; 1.2; -4.8; 4.9
105.6; 12.257; -0.1; -9.8; 12.1; -0.1; -3.8; 4.7; 1.2; -11.9; 12.4; 1.2; -4.8; 4.9
105.8; 12.277; -0.1; -9.8; 12.1; -0.1; -3.8; 4.7; 1.2; -11.9; 12.4; 1.2; -4.8; 4.9
106.0; 12.297; -0.1; -9.8; 12.1; -0.1; -3.8; 4.7; 1.2; -11.9; 12.4; 1.2; -4.8; 4.9
106.2; 12.317; -0.1; -9.8; 12.1; -0.1; -3.8; 4.7; 1.2; -11.9; 12.4; 1.2; -4.8; 4.9
106.4; 12.337; -0.1; -9.8; 12.1; -0.1; -3.8; 4.7; 1.2; -11.9; 12.4; 1.2; -4.8; 4.9
106.6; 12.358; -0.1; -9.8; 12.1; -0.1; -3.8; 4.7; 1.2; -11.9; 12.4; 1.2; -4.8; 4.9
106.8; 12.380; -0.1; -9.8; 12.1; -0.1; -3.8; 4.7; 1.2; -11.9; 12.4; 1.2; -4.8; 4.9
107.0; 12.401; -0.1; -9.8; 12.1; -0.1; -3.8; 4.7; 1.2; -11.9; 12.4; 1.2; -4.8; 4.9
107.2; 12.423; -0.1; -9.8; 12.1; -0.1; -3.8; 4.7; 1.2; -11.9; 12.4; 1.2; -4.8; 4.9
107.4; 12.446; -0.1; -9.8; 12.1; -0.1; -3.8; 4.7; 1.2; -11.9; 12.4; 1.2; -4.8; 4.9
107.6; 12.468; -0.1; -9.8; 12.1; -0.1; -3.8; 4.7; 1.2; -11.9; 12.4; 1.2; -4.8; 4.9
107.8; 12.491; -0.1; -9.8; 12.1; -0.1; -3.8; 4.7; 1.2; -11.9; 12.4; 1.2; -4.8; 4.9
108.0; 12.514; -0.1; -9.8; 12.1; -0.1; -3.8; 4.7; 1.2; -11.9; 12.4; 1.2; -4.8; 4.9
108.2; 12.537; -0.1; -9.8; 12.1; -0.1; -3.8; 4.7; 1.2; -11.9; 12.4; 1.2; -4.8; 4.9
108.4; 12.560; -0.1; -9.8; 12.1; -0.1; -3.8; 4.7; 1.2; -11.9; 12.4; 1.2; -4.8; 4.9
108.6; 12.583; -0.1; -9.8; 12.1; -0.1; -3.8; 4.7; 1.2; -11.9; 12.4; 1.2; -4.8; 4.9
108.8; 12.606; -0.1; -9.7; 12.1; -0.1; -3.8; 4.7; 1.2; -11.9; 12.3; 1.2; -4.8; 4.9
109.0; 12.630; -0.2; -9.5; 12.1; -0.2; -3.8; 4.7; 1.2; -11.8; 12.3; 1.2; -4.8; 5.0
109.2; 12.653; -0.3; -9.3; 12.0; -0.3; -3.7; 4.8; 1.3; -11.6; 12.2; 1.3; -4.8; 5.0
109.4; 12.676; -0.5; -8.9; 11.9; -0.5; -3.7; 4.9; 1.5; -11.4; 12.2; 1.5; -4.8; 5.1
109.6; 12.700; -0.9; -8.4; 11.8; -0.9; -3.6; 5.0; 1.8; -10.9; 12.0; 1.8; -4.8; 5.2
109.8; 12.723; -1.5; -7.7; 11.6; -1.5; -3.5; 5.2; 2.3; -10.2; 11.8; 2.3; -4.7; 5.4
110.0; 12.747; -2.3; -6.7; 11.3; -2.3; -3.3; 5.5; 3.0; -9.1; 11.5; 3.0; -4.5; 5.7
110.2; 12.770; -3.3; -5.5; 11.0; -3.3; -3.0; 6.0; 3.9; -7.6; 11.1; 3.9; -4.2; 6.1
110.4; 12.794; -4.3; -4.3; 10.5; -4.3; -2.7; 6.5; 4.8; -5.9; 10.6; 4.8; -3.6; 6.5
110.6; 12.818; -5.1; -3.2; 10.0; -5.1; -2.2; 6.9; 5.5; -4.3; 10.1; 5.5; -3.0; 7.0
110.8; 12.841; -5.7; -2.3; 9.7; -5.7; -1.7; 7.3; 6.0; -3.0; 9.7; 6.0; -2.3; 7.4
111.0; 12.865; -6.0; -1.6; 9.3; -6.0; -1.3; 7.7; 6.3; -2.1; 9.4; 6.3; -1.8; 7.7
111.2; 12.889; -6.2; -1.1; 9.1; -6.2; -1.0; 7.9; 6.5; -1.5; 9.1; 6.5; -1.3; 7.9
111.4; 12.913; -6.2; -0.8; 8.9; -6.2; -0.7; 8.1; 6.5; -1.1; 8.9; 6.5; -1.0; 8.1
111.6; 12.936; -6.3; -0.6; 8.8; -6.3; -0.5; 8.2; 6.5; -0.8; 8.8; 6.5; -0.7; 8.2
111.8; 12.960; -6.3; -0.4; 8.8; -6.3; -0.4; 8.3; 6.6; -0.6; 8.8; 6.6; -0.5; 8.3
112.0; 12.984; -6.3; -0.4; 8.7; -6.3; -0.4; 8.3; 6.6; -0.5; 8.7; 6.6; -0.4; 8.3
112.2; 13.008; -6.4; -0.4; 8.7; -6.4; -0.3; 8.3; 6.6; -0.4; 8.7; 6.6; -0.4; 8.3
112.4; 13.031; -6.4; -0.4; 8.7; -6.4; -0.4; 8.3; 6.7; -0.4; 8.7; 6.7; -0.4; 8.3
112.6; 13.055; -6.5; -0.5; 8.7; -6.5; -0.4; 8.3; 6.8; -0.5; 8.7; 6.8; -0.5; 8.3
112.8; 13.079; -6.6; -0.6; 8.8; -6.6; -0.6; 8.2; 6.9; -0.6; 8.8; 6.9; -0.6; 8.2
113.0; 13.102; -6.7; -0.8; 8.9; -6.7; -0.7; 8.1; 6.9; -0.8; 8.9; 6.9; -0.8; 8.1
113.2; 13.126; -6.7; -1.0; 9.0; -6.7; -0.9; 8.0; 7.0; -1.1; 9.0; 7.0; -1.0; 8.0
113.4; 13.149; -6.7; -1.3; 9.1; -6.7; -1.1; 7.9; 6.9; -1.4; 9.1; 6.9; -1.2; 7.9
113.6; 13.172; -6.6; -1.6; 9.2; -6.6; -1.3; 7.8; 6.8; -1.7; 9.3; 6.8; -1.5; 7.8
113.8; 13.196; -6.4; -2.0; 9.4; -6.4; -1.6; 7.6; 6.7; -2.2; 9.4; 6.7; -1.8; 7.6
114.0; 13.219; -6.1; -2.4; 9.6; -6.1; -1.9; 7.4; 6.4; -2.6; 9.6; 6.4; -2.1; 7.4
114.2; 13.242; -5.6; -2.9; 9.8; -5.6; -2.1; 7.2; 5.9; -3.2; 9.8; 5.9; -2.4; 7.2
114.4; 13.265; -4.6; -3.4; 10.0; -4.6; -2.4; 7.0; 5.0; -3.8; 10.0; 5.0; -2.7; 7.0
114.6; 13.287; -2.4; -3.9; 10.2; -2.4; -2.6; 6.8; 2.8; -4.4; 10.2; 2.8; -3.0; 6.8
114.8; 13.310; -0.9; -4.4; 10.4; -0.9; -2.8; 6.6; 1.3; -5.1; 10.4; 1.3; -3.3; 6.6
115.0; 13.332; -0.4; -5.0; 10.6; -0.4; -3.0; 6.4; 0.9; -5.7; 10.6; 0.9; -3.5; 6.4
115.2; 13.355; -0.3; -5.5; 10.8; -0.3; -3.1; 6.2; 0.8; -6.4; 10.8; 0.8; -3.7; 6.2
115.4; 13.377; -0.2; -6.0; 10.9; -0.2; -3.3; 6.0; 0.7; -7.0; 11.0; 0.7; -3.9; 6.1
115.6; 13.399; -0.2; -6.4; 11.1; -0.2; -3.4; 5.8; 0.8; -7.5; 11.2; 0.8; -4.0; 5.9
115.8; 13.421; -0.2; -6.7; 11.2; -0.2; -3.4; 5.7; 0.8; -8.0; 11.3; 0.8; -4.2; 5.8
116.0; 13.443; -0.2; -7.0; 11.3; -0.2; -3.5; 5.6; 0.8; -8.3; 11.4; 0.8; -4.2; 5.7
116.2; 13.465; -0.2; -7.2; 11.4; -0.2; -3.5; 5.5; 0.9; -8.6; 11.5; 0.9; -4.3; 5.7
116.4; 13.486; -0.3; -7.2; 11.4; -0.3; -3.5; 5.5; 0.9; -8.8; 11.5; 0.9; -4.4; 5.6
116.6; 13.508; -0.4; -7.2; 11.4; -0.4; -3.5; 5.5; 1.0; -8.9; 11.5; 1.0; -4.4; 5.6
116.8; 13.529; -0.6; -7.1; 11.4; -0.6; -3.5; 5.5; 1.3; -8.8; 11.5; 1.3; -4.4; 5.6
117.0; 13.551; -1.1; -6.9; 11.3; -1.1; -3.4; 5.6; 1.8; -8.6; 11.4; 1.8; -4.3; 5.7
117.2; 13.572; -2.0; -6.6; 11.2; -2.0; -3.3; 5.7; 2.6; -8.3; 11.3; 2.6; -4.3; 5.8
117.4; 13.594; -2.8; -6.1; 11.1; -2.8; -3.2; 5.8; 3.4; -7.8; 11.2; 3.4; -4.2; 5.9
117.6; 13.616; -3.4; -5.6; 10.9; -3.4; -3.1; 6.0; 4.0; -7.2; 11.0; 4.0; -4.0; 6.1
117.8; 13.638; -4.0; -5.0; 10.7; -4.0; -2.9; 6.3; 4.5; -6.4; 10.8; 4.5; -3.8; 6.3
118.0; 13.660; -4.5; -4.3; 10.5; -4.5; -2.7; 6.5; 4.9; -5.6; 10.5; 4.9; -3.5; 6.6
118.2; 13.682; -5.0; -3.7; 10.2; -5.0; -2.5; 6.8; 5.4; -4.8; 10.3; 5.4; -3.2; 6.8
118.4; 13.704; -5.4; -3.1; 10.0; -5.4; -2.2; 7.0; 5.7; -4.0; 10.0; 5.7; -2.8; 7.0
118.6; 13.726; -5.7; -2.5; 9.7; -5.7; -1.9; 7.3; 6.0; -3.3; 9.8; 6.0; -2.5; 7.3
118.8; 13.749; -5.9; -2.0; 9.5; -5.9; -1.6; 7.5; 6.2; -2.7; 9.5; 6.2; -2.1; 7.5
119.0; 13.771; -6.1; -1.6; 9.3; -6.1; -1.3; 7.7; 6.4; -2.1; 9.3; 6.4; -1.8; 7.7
119.2; 13.794; -6.2; -1.3; 9.2; -6.2; -1.1; 7.8; 6.4; -1.7; 9.2; 6.4; -1.4; 7.8
119.4; 13.816; -6.2; -1.0; 9.0; -6.2; -0.8; 8.0; 6.5; -1.3; 9.0; 6.5; -1.1; 8.0
119.6; 13.839; -6.2; -0.7; 8.9; -6.2; -0.6; 8.1; 6.5; -0.9; 8.9; 6.5; -0.9; 8.1
119.8; 13.862; -6.2; -0.5; 8.8; -6.2; -0.5; 8.2; 6.4; -0.7; 8.8; 6.4; -0.6; 8.2
120.0; 13.885; -6.1; -0.3; 8.7; -6.1; -0.3; 8.3; 6.4; -0.4; 8.7; 6.4; -0.4; 8.3
120.2; 13.908; -6.1; -0.1; 8.6; -6.1; -0.1; 8.4; 6.4; -0.2; 8.6; 6.4; -0.2; 8.4
120.4; 13.931; -6.1; -0.0; 8.5; -6.1; -0.0; 8.5; 6.4; -0.1; 8.5; 6.4; -0.1; 8.5
120.6; 13.954; -6.1; 0.1; 8.5; -6.1; 0.1; 8.5; 6.3; 0.1; 8.5; 6.3; 0.1; 8.5
120.8; 13.978; -6.1; 0.2; 8.4; -6.1; 0.2; 8.6; 6.3; 0.2; 8.4; 6.3; 0.2; 8.6
121.0; 14.001; -6.0; 0.2; 8.4; -6.0; 0.2; 8.6; 6.3; 0.3; 8.4; 6.3; 0.3; 8.6
121.2; 14.025; -6.0; 0.3; 8.4; -6.0; 0.3; 8.7; 6.3; 0.3; 8.4; 6.3; 0.3; 8.7
121.4; 14.048; -6.0; 0.3; 8.3; -6.0; 0.4; 8.7; 6.3; 0.4; 8.3; 6.3; 0.4; 8.7
121.6; 14.072; -6.0; 0.4; 8.3; -6.0; 0.4; 8.7; 6.3; 0.4; 8.3; 6.3; 0.4; 8.7
121.8; 14.095; -6.0; 0.4; 8.3; -6.0; 0.4; 8.7; 6.3; 0.5; 8.3; 6.3; 0.5; 8.7
122.0; 14.119; -6.0; 0.4; 8.3; -6.0; 0.4; 8.7; 6.3; 0.5; 8.3; 6.3; 0.5; 8.7
122.2; 14.143; -6.0; 0.4; 8.3; -6.0; 0.4; 8.7; 6.3; 0.5; 8.3; 6.3; 0.5; 8.7
122.4; 14.167; -6.0; 0.4; 8.3; -6.0; 0.4; 8.7; 6.3; 0.5; 8.3; 6.3; 0.5; 8.7
122.6; 14.191; -6.0; 0.4; 8.3; -6.0; 0.4; 8.7; 6.3; 0.5; 8.3; 6.3; 0.5; 8.7
122.8; 14.214; -6.0; 0.4; 8.3; -6.0; 0.4; 8.7; 6.3; 0.5; 8.3; 6.3; 0.5; 8.7
123.0; 14.238; -6.1; 0.3; 8.3; -6.1; 0.4; 8.7; 6.3; 0.4; 8.3; 6.3; 0.4; 8.7
123.2; 14.261; -6.1; 0.3; 8.3; -6.1; 0.3; 8.7; 6.3; 0.4; 8.3; 6.3; 0.4; 8.7
123.4; 14.285; -6.1; 0.3; 8.4; -6.1; 0.3; 8.7; 6.3; 0.3; 8.4; 6.3; 0.3; 8.7
123.6; 14.309; -6.1; 0.2; 8.4; -6.1; 0.2; 8.6; 6.4; 0.3; 8.4; 6.4; 0.3; 8.6
123.8; 14.332; -6.1; 0.1; 8.4; -6.1; 0.1; 8.6; 6.4; 0.2; 8.4; 6.4; 0.2; 8.6
124.0; 14.356; -6.2; 0.1; 8.5; -6.2; 0.1; 8.6; 6.4; 0.1; 8.5; 6.4; 0.1; 8.6
124.2; 14.379; -6.2; -0.0; 8.5; -6.2; -0.0; 8.5; 6.5; 0.0; 8.5; 6.5; 0.0; 8.5
124.4; 14.402; -6.2; -0.2; 8.6; -6.2; -0.1; 8.4; 6.5; -0.1; 8.6; 6.5; -0.1; 8.4
124.6; 14.426; -6.3; -0.3; 8.6; -6.3; -0.3; 8.4; 6.6; -0.3; 8.6; 6.6; -0.3; 8.4
124.8; 14.449; -6.3; -0.4; 8.7; -6.3; -0.4; 8.3; 6.6; -0.4; 8.7; 6.6; -0.4; 8.3
125.0; 14.472; -6.4; -0.6; 8.8; -6.4; -0.6; 8.2; 6.6; -0.6; 8.8; 6.6; -0.6; 8.2
125.2; 14.495; -6.4; -0.8; 8.9; -6.4; -0.7; 8.1; 6.7; -0.9; 8.9; 6.7; -0.8; 8.1
125.4; 14.519; -6.4; -1.0; 9.0; -6.4; -0.9; 8.0; 6.7; -1.1; 9.0; 6.7; -1.0; 8.0
125.6; 14.542; -6.4; -1.3; 9.1; -6.4; -1.1; 7.9; 6.7; -1.4; 9.1; 6.7; -1.2; 7.9
125.8; 14.565; -6.3; -1.5; 9.2; -6.3; -1.3; 7.8; 6.6; -1.7; 9.2; 6.6; -1.4; 7.8
126.0; 14.588; -6.2; -1.8; 9.4; -6.2; -1.5; 7.7; 6.5; -2.0; 9.4; 6.5; -1.7; 7.7
126.2; 14.611; -6.1; -2.2; 9.5; -6.1; -1.7; 7.5; 6.4; -2.4; 9.5; 6.4; -1.9; 7.5
126.4; 14.634; -5.9; -2.5; 9.7; -5.9; -1.9; 7.4; 6.3; -2.8; 9.7; 6.3; -2.2; 7.4
126.6; 14.657; -5.7; -2.9; 9.8; -5.7; -2.1; 7.2; 6.0; -3.3; 9.8; 6.0; -2.4; 7.2
126.8; 14.680; -5.3; -3.4; 10.0; -5.3; -2.4; 7.0; 5.6; -3.8; 10.0; 5.6; -2.7; 7.0
127.0; 14.703; -4.5; -3.8; 10.2; -4.5; -2.6; 6.8; 4.9; -4.3; 10.2; 4.9; -2.9; 6.9
127.2; 14.726; -2.7; -4.3; 10.3; -2.7; -2.7; 6.6; 3.1; -4.9; 10.4; 3.1; -3.2; 6.7
127.4; 14.749; -1.0; -4.7; 10.5; -1.0; -2.9; 6.5; 1.5; -5.5; 10.6; 1.5; -3.4; 6.5
127.6; 14.771; -0.5; -5.2; 10.7; -0.5; -3.1; 6.3; 1.0; -6.1; 10.8; 1.0; -3.6; 6.3
127.8; 14.794; -0.3; -5.7; 10.9; -0.3; -3.2; 6.1; 0.8; -6.7; 10.9; 0.8; -3.8; 6.2
128.0; 14.817; -0.2; -6.2; 11.0; -0.2; -3.3; 5.9; 0.8; -7.2; 11.1; 0.8; -4.0; 6.0
128.2; 14.839; -0.2; -6.5; 11.1; -0.2; -3.4; 5.8; 0.8; -7.7; 11.2; 0.8; -4.1; 5.9
128.4; 14.862; -0.2; -6.9; 11.3; -0.2; -3.5; 5.7; 0.8; -8.1; 11.4; 0.8; -4.2; 5.8
128.6; 14.884; -0.2; -7.1; 11.3; -0.2; -3.5; 5.6; 0.8; -8.5; 11.4; 0.8; -4.3; 5.7
128.8; 14.907; -0.2; -7.2; 11.4; -0.2; -3.5; 5.5; 0.9; -8.7; 11.5; 0.9; -4.3; 5.6
129.0; 14.929; -0.2; -7.3; 11.4; -0.2; -3.5; 5.5; 0.9; -8.9; 11.5; 0.9; -4.4; 5.6
129.2; 14.952; -0.3; -7.2; 11.4; -0.3; -3.5; 5.5; 1.0; -8.9; 11.5; 1.0; -4.4; 5.6
129.4; 14.974; -0.6; -7.0; 11.4; -0.6; -3.5; 5.5; 1.2; -8.8; 11.5; 1.2; -4.4; 5.7
129.6; 14.997; -1.2; -6.8; 11.3; -1.2; -3.4; 5.6; 1.8; -8.5; 11.4; 1.8; -4.3; 5.7
129.8; 15.019; -2.2; -6.3; 11.2; -2.2; -3.3; 5.8; 2.8; -8.1; 11.3; 2.8; -4.2; 5.9
130.0; 15.041; -3.1; -5.8; 11.0; -3.1; -3.2; 5.9; 3.7; -7.4; 11.1; 3.7; -4.1; 6.0
130.2; 15.063; -3.8; -5.2; 10.8; -3.8; -3.0; 6.2; 4.3; -6.7; 10.8; 4.3; -3.9; 6.2
130.4; 15.085; -4.4; -4.5; 10.5; -4.4; -2.8; 6.4; 4.8; -5.8; 10.6; 4.8; -3.6; 6.5
130.6; 15.107; -4.9; -3.8; 10.3; -4.9; -2.5; 6.7; 5.3; -5.0; 10.3; 5.3; -3.3; 6.8
130.8; 15.129; -5.4; -3.1; 10.0; -5.4; -2.2; 7.0; 5.7; -4.1; 10.0; 5.7; -2.9; 7.0
131.0; 15.151; -5.7; -2.5; 9.7; -5.7; -1.9; 7.3; 6.1; -3.3; 9.8; 6.1; -2.5; 7.3
131.2; 15.173; -6.0; -2.0; 9.5; -6.0; -1.6; 7.5; 6.3; -2.6; 9.5; 6.3; -2.1; 7.5
131.4; 15.195; -6.1; -1.5; 9.3; -6.1; -1.3; 7.7; 6.4; -2.0; 9.3; 6.4; -1.7; 7.7
131.6; 15.217; -6.2; -1.1; 9.1; -6.2; -1.0; 7.9; 6.5; -1.5; 9.1; 6.5; -1.3; 7.9
131.8; 15.238; -6.2; -0.8; 8.9; -6.2; -0.7; 8.1; 6.5; -1.1; 9.0; 6.5; -1.0; 8.1
132.0; 15.260; -6.2; -0.5; 8.8; -6.2; -0.5; 8.2; 6.4; -0.7; 8.8; 6.4; -0.7; 8.2
132.2; 15.282; -6.1; -0.3; 8.7; -6.1; -0.3; 8.3; 6.4; -0.5; 8.7; 6.4; -0.4; 8.3
132.4; 15.304; -6.0; -0.1; 8.6; -6.0; -0.1; 8.4; 6.3; -0.3; 8.6; 6.3; -0.2; 8.4
132.6; 15.325; -6.0; -0.0; 8.5; -6.0; -0.0; 8.5; 6.3; -0.1; 8.5; 6.3; -0.1; 8.5
132.8; 15.347; -6.0; 0.0; 8.5; -6.0; 0.0; 8.5; 6.3; 0.0; 8.5; 6.3; 0.0; 8.5
133.0; 15.369; -6.0; 0.1; 8.5; -6.0; 0.1; 8.5; 6.3; 0.1; 8.5; 6.3; 0.1; 8.5
133.2; 15.392; -6.1; 0.1; 8.5; -6.1; 0.1; 8.5; 6.3; 0.1; 8.5; 6.3; 0.1; 8.5
133.4; 15.414; -6.2; 0.0; 8.5; -6.2; 0.0; 8.5; 6.4; 0.0; 8.5; 6.4; 0.0; 8.5
133.6; 15.437; -6.3; -0.1; 8.5; -6.3; -0.1; 8.5; 6.6; -0.1; 8.5; 6.6; -0.0; 8.5
133.8; 15.460; -6.5; -0.2; 8.6; -6.5; -0.2; 8.4; 6.8; -0.2; 8.6; 6.8; -0.2; 8.4
134.0; 15.483; -6.7; -0.4; 8.7; -6.7; -0.4; 8.3; 6.9; -0.4; 8.7; 6.9; -0.4; 8.3
134.2; 15.507; -6.8; -0.7; 8.8; -6.8; -0.7; 8.2; 7.1; -0.7; 8.8; 7.1; -0.7; 8.2
134.4; 15.531; -6.8; -1.0; 9.0; -6.8; -0.9; 8.0; 7.1; -1.1; 9.0; 7.1; -1.0; 8.0
134.6; 15.555; -6.8; -1.4; 9.2; -6.8; -1.2; 7.9; 7.1; -1.5; 9.2; 7.1; -1.3; 7.9
134.8; 15.579; -6.6; -1.9; 9.4; -6.6; -1.5; 7.6; 6.9; -2.0; 9.4; 6.9; -1.7; 7.7
135.0; 15.603; -6.3; -2.4; 9.6; -6.3; -1.9; 7.4; 6.6; -2.6; 9.6; 6.6; -2.0; 7.4
135.2; 15.627; -5.9; -3.0; 9.8; -5.9; -2.2; 7.2; 6.2; -3.3; 9.8; 6.2; -2.4; 7.2
135.4; 15.651; -4.9; -3.7; 10.1; -4.9; -2.5; 6.9; 5.3; -4.0; 10.1; 5.3; -2.8; 6.9
135.6; 15.676; -1.9; -4.3; 10.4; -1.9; -2.8; 6.6; 2.3; -4.9; 10.4; 2.3; -3.2; 6.7
135.8; 15.700; -0.5; -5.1; 10.6; -0.5; -3.0; 6.3; 0.9; -5.8; 10.7; 0.9; -3.5; 6.4
136.0; 15.724; -0.2; -5.8; 10.9; -0.2; -3.2; 6.1; 0.7; -6.7; 10.9; 0.7; -3.8; 6.1
136.2; 15.748; -0.2; -6.5; 11.1; -0.2; -3.4; 5.8; 0.7; -7.5; 11.2; 0.7; -4.0; 5.9
136.4; 15.772; -0.2; -7.2; 11.3; -0.2; -3.6; 5.6; 0.8; -8.3; 11.4; 0.8; -4.2; 5.7
136.6; 15.796; -0.2; -7.8; 11.5; -0.2; -3.7; 5.4; 0.8; -9.1; 11.6; 0.8; -4.4; 5.5
136.8; 15.820; -0.1; -8.3; 11.7; -0.1; -3.7; 5.2; 0.9; -9.7; 11.8; 0.9; -4.5; 5.4
137.0; 15.844; -0.2; -8.7; 11.8; -0.2; -3.8; 5.1; 0.9; -10.2; 11.9; 0.9; -4.5; 5.2
137.2; 15.867; -0.2; -9.0; 11.9; -0.2; -3.8; 5.0; 1.0; -10.6; 12.0; 1.0; -4.6; 5.2
137.4; 15.890; -0.2; -9.2; 11.9; -0.2; -3.8; 4.9; 1.1; -11.0; 12.1; 1.1; -4.6; 5.1
137.6; 15.914; -0.3; -9.4; 12.0; -0.3; -3.8; 4.8; 1.2; -11.2; 12.2; 1.2; -4.7; 5.0
137.8; 15.936; -0.5; -9.5; 12.0; -0.5; -3.8; 4.8; 1.5; -11.4; 12.2; 1.5; -4.7; 5.0
138.0; 15.959; -0.4; -9.6; 12.1; -0.4; -3.8; 4.7; 1.4; -11.6; 12.3; 1.4; -4.7; 5.0
138.2; 15.981; -0.3; -9.7; 12.1; -0.3; -3.8; 4.7; 1.3; -11.7; 12.3; 1.3; -4.7; 4.9
138.4; 16.003; -0.2; -9.7; 12.1; -0.2; -3.8; 4.7; 1.3; -11.8; 12.3; 1.3; -4.7; 4.9
138.6; 16.024; -0.2; -9.7; 12.1; -0.2; -3.8; 4.7; 1.2; -11.9; 12.3; 1.2; -4.8; 4.9
138.8; 16.045; -0.1; -9.7; 12.1; -0.1; -3.8; 4.7; 1.2; -11.9; 12.3; 1.2; -4.8; 4.9
139.0; 16.065; -0.1; -9.8; 12.1; -0.1; -3.8; 4.7; 1.2; -11.9; 12.4; 1.2; -4.8; 4.9
139.2; 16.085; -0.1; -9.8; 12.1; -0.1; -3.8; 4.7; 1.2; -11.9; 12.4; 1.2; -4.8; 4.9
139.4; 16.106; -0.1; -9.8; 12.1; -0.1; -3.8; 4.7; 1.2; -11.9; 12.4; 1.2; -4.8; 4.9
139.6; 16.126; -0.1; -9.8; 12.1; -0.1; -3.8; 4.7; 1.2; -11.9; 12.4; 1.2; -4.8; 4.9
139.8; 16.146; -0.1; -9.8; 12.1; -0.1; -3.8; 4.7; 1.2; -11.9; 12.4; 1.2; -4.8; 4.9
140.0; 16.166; -0.1; -9.8; 12.1; -0.1; -3.8; 4.7; 1.2; -11.9; 12.4; 1.2; -4.8; 4.9
140.2; 16.187; -0.1; -9.8; 12.1; -0.1; -3.8; 4.7; 1.2; -11.9; 12.4; 1.2; -4.8; 4.9
140.4; 16.207; -0.1; -9.8; 12.1; -0.1; -3.8; 4.7; 1.2; -11.9; 12.4; 1.2; -4.8; 4.9
140.6; 16.228; -0.1; -9.8; 12.1; -0.1; -3.8; 4.7; 1.2; -11.9; 12.4; 1.2; -4.8; 4.9
140.8; 16.249; -0.1; -9.8; 12.1; -0.1; -3.8; 4.7; 1.2; -11.9; 12.4; 1.2; -4.8; 4.9
141.0; 16.270; -0.1; -9.8; 12.1; -0.1; -3.8; 4.7; 1.2; -11.9; 12.4; 1.2; -4.8; 4.9
141.2; 16.291; -0.1; -9.8; 12.1; -0.1; -3.8; 4.7; 1.2; -11.9; 12.4; 1.2; -4.8; 4.9
141.4; 16.313; -0.1; -9.8; 12.1; -0.1; -3.8; 4.7; 1.2; -11.9; 12.4; 1.2; -4.8; 4.9
141.6; 16.334; -0.1; -9.8; 12.1; -0.1; -3.8; 4.7; 1.2; -11.9; 12.4; 1.2; -4.8; 4.9
141.8; 16.356; -0.1; -9.8; 12.1; -0.1; -3.8; 4.7; 1.2; -11.9; 12.4; 1.2; -4.8; 4.9
142.0; 16.378; -0.1; -9.8; 12.1; -0.1; -3.8; 4.7; 1.2; -11.9; 12.4; 1.2; -4.8; 4.9
142.2; 16.400; -0.1; -9.8; 12.1; -0.1; -3.8; 4.7; 1.2; -11.9; 12.4; 1.2; -4.8; 4.9
142.4; 16.423; -0.1; -9.8; 12.1; -0.1; -3.8; 4.7; 1.2; -11.9; 12.4; 1.2; -4.8; 4.9
142.6; 16.445; -0.1; -9.8; 12.1; -0.1; -3.8; 4.7; 1.2; -11.9; 12.4; 1.2; -4.8; 4.9
142.8; 16.467; -0.1; -9.8; 12.1; -0.1; -3.8; 4.7; 1.2; -11.9; 12.4; 1.2; -4.8; 4.9
143.0; 16.490; -0.1; -9.8; 12.1; -0.1; -3.8; 4.7; 1.2; -11.9; 12.4; 1.2; -4.8; 4.9
143.2; 16.512; -0.1; -9.7; 12.1; -0.1; -3.8; 4.7; 1.2; -11.9; 12.4; 1.2; -4.8; 4.9
143.4; 16.535; -0.1; -9.6; 12.1; -0.1; -3.8; 4.7; 1.2; -11.9; 12.3; 1.2; -4.8; 4.9
143.6; 16.558; -0.2; -9.5; 12.1; -0.2; -3.7; 4.7; 1.2; -11.8; 12.3; 1.2; -4.8; 5.0
143.8; 16.581; -0.3; -9.3; 12.0; -0.3; -3.7; 4.8; 1.3; -11.6; 12.2; 1.3; -4.8; 5.0
144.0; 16.604; -0.5; -8.9; 11.9; -0.5; -3.7; 4.9; 1.5; -11.4; 12.2; 1.5; -4.8; 5.1
144.2; 16.627; -0.9; -8.4; 11.8; -0.9; -3.6; 5.0; 1.8; -11.0; 12.0; 1.8; -4.8; 5.2
144.4; 16.650; -1.4; -7.8; 11.7; -1.4; -3.5; 5.2; 2.3; -10.3; 11.8; 2.3; -4.7; 5.4
144.6; 16.673; -2.2; -6.9; 11.4; -2.2; -3.3; 5.5; 2.9; -9.2; 11.5; 2.9; -4.5; 5.6
144.8; 16.696; -3.1; -5.8; 11.0; -3.1; -3.1; 5.9; 3.7; -7.8; 11.1; 3.7; -4.2; 6.0
145.0; 16.719; -4.0; -4.6; 10.6; -4.0; -2.8; 6.4; 4.5; -6.2; 10.7; 4.5; -3.8; 6.4
145.2; 16.742; -4.9; -3.5; 10.2; -4.9; -2.3; 6.8; 5.3; -4.7; 10.2; 5.3; -3.2; 6.9
145.4; 16.765; -5.5; -2.6; 9.8; -5.5; -1.9; 7.2; 5.8; -3.4; 9.8; 5.8; -2.6; 7.2
145.6; 16.788; -5.8; -1.9; 9.5; -5.8; -1.5; 7.5; 6.1; -2.5; 9.5; 6.1; -2.0; 7.5
145.8; 16.811; -6.0; -1.4; 9.2; -6.0; -1.2; 7.8; 6.3; -1.8; 9.2; 6.3; -1.6; 7.8
146.0; 16.835; -6.1; -1.0; 9.1; -6.1; -0.9; 8.0; 6.4; -1.4; 9.1; 6.4; -1.2; 8.0
146.2; 16.858; -6.2; -0.8; 8.9; -6.2; -0.7; 8.1; 6.4; -1.0; 8.9; 6.4; -0.9; 8.1
146.4; 16.881; -6.2; -0.6; 8.8; -6.2; -0.5; 8.2; 6.5; -0.8; 8.8; 6.5; -0.7; 8.2
146.6; 16.904; -6.2; -0.4; 8.8; -6.2; -0.4; 8.3; 6.5; -0.6; 8.8; 6.5; -0.5; 8.3
146.8; 16.927; -6.2; -0.3; 8.7; -6.2; -0.3; 8.3; 6.4; -0.4; 8.7; 6.4; -0.4; 8.3
147.0; 16.950; -6.2; -0.3; 8.7; -6.2; -0.2; 8.4; 6.4; -0.3; 8.7; 6.4; -0.3; 8.4
147.2; 16.973; -6.2; -0.2; 8.6; -6.2; -0.2; 8.4; 6.4; -0.3; 8.6; 6.4; -0.2; 8.4
147.4; 16.996; -6.2; -0.2; 8.6; -6.2; -0.2; 8.4; 6.4; -0.2; 8.6; 6.4; -0.2; 8.4
147.6; 17.019; -6.2; -0.1; 8.6; -6.2; -0.1; 8.4; 6.4; -0.2; 8.6; 6.4; -0.2; 8.4
147.8; 17.042; -6.1; -0.1; 8.6; -6.1; -0.1; 8.4; 6.4; -0.2; 8.6; 6.4; -0.1; 8.4
148.0; 17.065; -6.1; -0.1; 8.6; -6.1; -0.1; 8.4; 6.4; -0.1; 8.6; 6.4; -0.1; 8.4
148.2; 17.088; -6.1; -0.1; 8.6; -6.1; -0.1; 8.4; 6.4; -0.1; 8.6; 6.4; -0.1; 8.4
148.4; 17.111; -6.1; -0.1; 8.6; -6.1; -0.1; 8.4; 6.4; -0.2; 8.6; 6.4; -0.2; 8.4
148.6; 17.134; -6.1; -0.1; 8.6; -6.1; -0.1; 8.4; 6.4; -0.2; 8.6; 6.4; -0.2; 8.4
148.8; 17.157; -6.1; -0.2; 8.6; -6.1; -0.2; 8.4; 6.4; -0.2; 8.6; 6.4; -0.2; 8.4
149.0; 17.181; -6.1; -0.2; 8.6; -6.1; -0.2; 8.4; 6.4; -0.2; 8.6; 6.4; -0.2; 8.4
149.2; 17.204; -6.1; -0.2; 8.6; -6.1; -0.2; 8.4; 6.4; -0.2; 8.6; 6.4; -0.2; 8.4
149.4; 17.227; -6.1; -0.2; 8.6; -6.1; -0.2; 8.4; 6.4; -0.2; 8.6; 6.4; -0.2; 8.4
149.6; 17.250; -6.1; -0.2; 8.6; -6.1; -0.2; 8.4; 6.4; -0.2; 8.6; 6.4; -0.2; 8.4
149.8; 17.273; -6.1; -0.2; 8.6; -6.1; -0.2; 8.4; 6.4; -0.3; 8.6; 6.4; -0.3; 8.4
150.0; 17.296; -6.1; -0.2; 8.6; -6.1; -0.2; 8.4; 6.4; -0.3; 8.6; 6.4; -0.3; 8.4
150.2; 17.319; -6.1; -0.3; 8.6; -6.1; -0.3; 8.4; 6.4; -0.3; 8.6; 6.4; -0.3; 8.4
150.4; 17.342; -6.1; -0.3; 8.7; -6.1; -0.3; 8.4; 6.4; -0.3; 8.7; 6.4; -0.3; 8.4
150.6; 17.366; -6.1; -0.3; 8.7; -6.1; -0.3; 8.4; 6.4; -0.3; 8.7; 6.4; -0.3; 8.4
150.8; 17.389; -6.1; -0.3; 8.7; -6.1; -0.3; 8.3; 6.4; -0.4; 8.7; 6.4; -0.4; 8.3
151.0; 17.412; -6.1; -0.3; 8.7; -6.1; -0.3; 8.3; 6.4; -0.4; 8.7; 6.4; -0.4; 8.3
151.2; 17.435; -6.1; -0.4; 8.7; -6.1; -0.3; 8.3; 6.4; -0.4; 8.7; 6.4; -0.4; 8.3
151.4; 17.459; -6.1; -0.4; 8.7; -6.1; -0.4; 8.3; 6.4; -0.4; 8.7; 6.4; -0.4; 8.3
151.6; 17.482; -6.1; -0.4; 8.7; -6.1; -0.4; 8.3; 6.4; -0.5; 8.7; 6.4; -0.4; 8.3
151.8; 17.505; -6.1; -0.4; 8.7; -6.1; -0.4; 8.3; 6.3; -0.5; 8.7; 6.3; -0.5; 8.3
152.0; 17.528; -6.1; -0.4; 8.7; -6.1; -0.4; 8.3; 6.3; -0.5; 8.7; 6.3; -0.5; 8.3
152.2; 17.552; -6.0; -0.4; 8.7; -6.0; -0.4; 8.3; 6.3; -0.5; 8.7; 6.3; -0.5; 8.3
152.4; 17.575; -6.0; -0.4; 8.7; -6.0; -0.4; 8.3; 6.3; -0.5; 8.7; 6.3; -0.5; 8.3
152.6; 17.598; -6.0; -0.4; 8.7; -6.0; -0.4; 8.3; 6.3; -0.5; 8.7; 6.3; -0.5; 8.3
152.8; 17.622; -6.0; -0.4; 8.7; -6.0; -0.4; 8.3; 6.3; -0.5; 8.7; 6.3; -0.5; 8.3
153.0; 17.645; -6.0; -0.4; 8.7; -6.0; -0.4; 8.3; 6.2; -0.5; 8.7; 6.2; -0.5; 8.3
153.2; 17.668; -6.0; -0.4; 8.7; -6.0; -0.3; 8.3; 6.3; -0.4; 8.7; 6.3; -0.4; 8.3
153.4; 17.692; -6.0; -0.3; 8.7; -6.0; -0.3; 8.4; 6.3; -0.4; 8.7; 6.3; -0.4; 8.4
153.6; 17.715; -6.1; -0.2; 8.6; -6.1; -0.2; 8.4; 6.3; -0.3; 8.6; 6.3; -0.3; 8.4
153.8; 17.739; -6.2; -0.1; 8.6; -6.2; -0.1; 8.4; 6.4; -0.2; 8.6; 6.4; -0.2; 8.4
154.0; 17.762; -6.3; 0.0; 8.5; -6.3; 0.0; 8.5; 6.5; -0.0; 8.5; 6.5; -0.0; 8.5
154.2; 17.785; -6.4; 0.2; 8.4; -6.4; 0.2; 8.6; 6.7; 0.2; 8.4; 6.7; 0.2; 8.6
154.4; 17.809; -6.5; 0.4; 8.3; -6.5; 0.4; 8.7; 6.8; 0.4; 8.3; 6.8; 0.4; 8.7
154.6; 17.832; -6.7; 0.6; 8.2; -6.7; 0.7; 8.8; 7.0; 0.6; 8.2; 7.0; 0.7; 8.8
154.8; 17.856; -6.8; 0.9; 8.1; -6.8; 0.9; 9.0; 7.0; 0.9; 8.1; 7.0; 1.0; 9.0
155.0; 17.879; -6.8; 1.1; 7.9; -6.8; 1.3; 9.1; 7.0; 1.2; 7.9; 7.0; 1.4; 9.1
155.2; 17.903; -6.7; 1.4; 7.7; -6.7; 1.7; 9.3; 6.9; 1.5; 7.7; 6.9; 1.8; 9.3
155.4; 17.926; -6.5; 1.7; 7.5; -6.5; 2.2; 9.5; 6.8; 1.9; 7.5; 6.8; 2.3; 9.5
155.6; 17.950; -6.1; 2.0; 7.3; -6.1; 2.7; 9.7; 6.5; 2.2; 7.3; 6.5; 2.9; 9.7
155.8; 17.974; -5.6; 2.3; 7.1; -5.6; 3.3; 9.9; 6.0; 2.6; 7.1; 6.0; 3.6; 9.9
156.0; 17.997; -4.6; 2.6; 6.8; -4.6; 3.9; 10.2; 5.0; 2.9; 6.8; 5.0; 4.3; 10.2
156.2; 18.021; -1.5; 2.9; 6.5; -1.5; 4.6; 10.4; 1.9; 3.3; 6.6; 1.9; 5.2; 10.5
156.4; 18.045; -0.4; 3.1; 6.3; -0.4; 5.3; 10.7; 0.9; 3.6; 6.3; 0.9; 6.0; 10.8
156.6; 18.069; -0.2; 3.3; 6.0; -0.2; 6.0; 10.9; 0.7; 3.9; 6.1; 0.7; 6.9; 11.0
156.8; 18.093; -0.2; 3.5; 5.8; -0.2; 6.7; 11.2; 0.7; 4.1; 5.9; 0.7; 7.7; 11.3
157.0; 18.118; -0.2; 3.6; 5.5; -0.2; 7.3; 11.4; 0.8; 4.2; 5.7; 0.8; 8.5; 11.5
157.2; 18.142; -0.2; 3.7; 5.4; -0.2; 7.9; 11.5; 0.8; 4.4; 5.5; 0.8; 9.2; 11.7
157.4; 18.166; -0.1; 3.7; 5.2; -0.1; 8.4; 11.7; 0.9; 4.5; 5.3; 0.9; 9.8; 11.8
157.6; 18.191; -0.2; 3.8; 5.1; -0.2; 8.8; 11.8; 1.0; 4.6; 5.2; 1.0; 10.3; 12.0
157.8; 18.215; -0.2; 3.8; 5.0; -0.2; 9.1; 11.9; 1.0; 4.6; 5.1; 1.0; 10.7; 12.1
158.0; 18.240; -0.2; 3.8; 4.9; -0.2; 9.3; 12.0; 1.1; 4.7; 5.1; 1.1; 11.1; 12.2
158.2; 18.264; -0.3; 3.8; 4.8; -0.3; 9.5; 12.0; 1.3; 4.7; 5.0; 1.3; 11.3; 12.2
158.4; 18.289; -0.5; 3.8; 4.8; -0.5; 9.6; 12.0; 1.5; 4.7; 5.0; 1.5; 11.5; 12.3
158.6; 18.314; -0.4; 3.8; 4.7; -0.4; 9.7; 12.1; 1.4; 4.7; 4.9; 1.4; 11.7; 12.3
158.8; 18.338; -0.3; 3.8; 4.7; -0.3; 9.7; 12.1; 1.3; 4.7; 4.9; 1.3; 11.8; 12.3
159.0; 18.363; -0.2; 3.8; 4.7; -0.2; 9.7; 12.1; 1.2; 4.7; 4.9; 1.2; 11.8; 12.3
159.2; 18.388; -0.2; 3.8; 4.7; -0.2; 9.8; 12.1; 1.2; 4.8; 4.9; 1.2; 11.9; 12.3
159.4; 18.412; -0.1; 3.8; 4.7; -0.1; 9.8; 12.1; 1.2; 4.8; 4.9; 1.2; 11.9; 12.4
159.6; 18.437; -0.1; 3.8; 4.7; -0.1; 9.8; 12.1; 1.2; 4.8; 4.9; 1.2; 11.9; 12.4
159.8; 18.462; -0.1; 3.8; 4.7; -0.1; 9.8; 12.1; 1.2; 4.8; 4.9; 1.2; 11.9; 12.4
160.0; 18.486; -0.1; 3.8; 4.7; -0.1; 9.8; 12.1; 1.2; 4.8; 4.9; 1.2; 11.9; 12.4
160.2; 18.510; -0.1; 3.8; 4.7; -0.1; 9.8; 12.1; 1.2; 4.8; 4.9; 1.2; 11.9; 12.4
160.4; 18.535; -0.1; 3.8; 4.7; -0.1; 9.8; 12.1; 1.2; 4.8; 4.9; 1.2; 11.9; 12.4
160.6; 18.559; -0.1; 3.8; 4.7; -0.1; 9.8; 12.1; 1.2; 4.8; 4.9; 1.2; 11.9; 12.4
160.8; 18.582; -0.1; 3.8; 4.7; -0.1; 9.8; 12.1; 1.2; 4.8; 4.9; 1.2; 11.9; 12.4
161.0; 18.606; -0.1; 3.8; 4.7; -0.1; 9.8; 12.1; 1.2; 4.8; 4.9; 1.2; 11.9; 12.4
161.2; 18.629; -0.1; 3.8; 4.7; -0.1; 9.8; 12.1; 1.2; 4.8; 4.9; 1.2; 11.9; 12.4
161.4; 18.652; -0.1; 3.8; 4.7; -0.1; 9.8; 12.1; 1.2; 4.8; 4.9; 1.2; 11.9; 12.4
161.6; 18.675; -0.1; 3.8; 4.7; -0.1; 9.8; 12.1; 1.2; 4.8; 4.9; 1.2; 11.9; 12.4
161.8; 18.697; -0.1; 3.8; 4.7; -0.1; 9.8; 12.1; 1.2; 4.8; 4.9; 1.2; 11.9; 12.4
162.0; 18.718; -0.1; 3.8; 4.7; -0.1; 9.8; 12.1; 1.2; 4.8; 4.9; 1.2; 11.9; 12.4
162.2; 18.739; -0.1; 3.8; 4.7; -0.1; 9.8; 12.1; 1.2; 4.8; 4.9; 1.2; 11.9; 12.4
162.4; 18.759; -0.1; 3.8; 4.7; -0.1; 9.8; 12.1; 1.2; 4.8; 4.9; 1.2; 11.9; 12.4
162.6; 18.779; -0.1; 3.8; 4.7; -0.1; 9.8; 12.1; 1.2; 4.8; 4.9; 1.2; 11.9; 12.4
162.8; 18.798; -0.1; 3.8; 4.7; -0.1; 9.8; 12.1; 1.2; 4.8; 4.9; 1.2; 11.9; 12.4
163.0; 18.816; -0.1; 3.8; 4.7; -0.1; 9.8; 12.1; 1.2; 4.8; 4.9; 1.2; 11.9; 12.4
163.2; 18.834; -0.1; 3.8; 4.7; -0.1; 9.8; 12.1; 1.2; 4.8; 4.9; 1.2; 11.9; 12.4
163.4; 18.851; -0.1; 3.8; 4.7; -0.1; 9.8; 12.1; 1.2; 4.8; 4.9; 1.2; 11.9; 12.4
163.6; 18.868; -0.1; 3.8; 4.7; -0.1; 9.8; 12.1; 1.2; 4.8; 4.9; 1.2; 11.9; 12.4
163.8; 18.886; -0.1; 3.8; 4.7; -0.1; 9.8; 12.1; 1.2; 4.8; 4.9; 1.2; 11.9; 12.4
164.0; 18.904; -0.1; 3.8; 4.7; -0.1; 9.8; 12.1; 1.2; 4.8; 4.9; 1.2; 11.9; 12.4
164.2; 18.923; -0.1; 3.8; 4.7; -0.1; 9.8; 12.1; 1.2; 4.8; 4.9; 1.2; 11.9; 12.4
164.4; 18.943; -0.1; 3.8; 4.7; -0.1; 9.8; 12.1; 1.2; 4.8; 4.9; 1.2; 11.9; 12.4
164.6; 18.965; -0.1; 3.8; 4.7; -0.1; 9.8; 12.1; 1.2; 4.8; 4.9; 1.2; 11.9; 12.4
164.8; 18.987; -0.1; 3.8; 4.7; -0.1; 9.8; 12.1; 1.2; 4.8; 4.9; 1.2; 11.9; 12.4
165.0; 19.011; -0.1; 3.8; 4.7; -0.1; 9.8; 12.1; 1.2; 4.8; 4.9; 1.2; 11.9; 12.4
165.2; 19.035; -0.1; 3.8; 4.7; -0.1; 9.8; 12.1; 1.2; 4.8; 4.9; 1.2; 11.9; 12.4
165.4; 19.060; -0.1; 3.8; 4.7; -0.1; 9.8; 12.1; 1.2; 4.8; 4.9; 1.2; 11.9; 12.4
165.6; 19.085; -0.1; 3.8; 4.7; -0.1; 9.8; 12.1; 1.2; 4.8; 4.9; 1.2; 11.9; 12.4
165.8; 19.110; -0.1; 3.8; 4.7; -0.1; 9.8; 12.1; 1.2; 4.8; 4.9; 1.2; 11.9; 12.4
166.0; 19.135; -0.1; 3.8; 4.7; -0.1; 9.8; 12.1; 1.2; 4.8; 4.9; 1.2; 11.9; 12.4
166.2; 19.160; -0.1; 3.8; 4.7; -0.1; 9.8; 12.1; 1.2; 4.8; 4.9; 1.2; 11.9; 12.4
166.4; 19.185; -0.1; 3.8; 4.7; -0.1; 9.8; 12.1; 1.2; 4.8; 4.9; 1.2; 11.9; 12.4
166.6; 19.210; -0.1; 3.8; 4.7; -0.1; 9.8; 12.1; 1.2; 4.8; 4.9; 1.2; 11.9; 12.4
166.8; 19.234; -0.1; 3.8; 4.7; -0.1; 9.8; 12.1; 1.2; 4.8; 4.9; 1.2; 11.9; 12.4
167.0; 19.259; -0.1; 3.8; 4.7; -0.1; 9.8; 12.1; 1.2; 4.8; 4.9; 1.2; 11.9; 12.4
167.2; 19.283; -0.1; 3.8; 4.7; -0.1; 9.8; 12.1; 1.2; 4.8; 4.9; 1.2; 11.9; 12.4
167.4; 19.307; -0.1; 3.8; 4.7; -0.1; 9.7; 12.1; 1.2; 4.8; 4.9; 1.2; 11.9; 12.4
167.6; 19.331; -0.1; 3.8; 4.7; -0.1; 9.6; 12.1; 1.2; 4.8; 4.9; 1.2; 11.9; 12.3
167.8; 19.355; -0.2; 3.7; 4.7; -0.2; 9.5; 12.1; 1.2; 4.8; 5.0; 1.2; 11.8; 12.3
168.0; 19.378; -0.3; 3.7; 4.8; -0.3; 9.2; 12.0; 1.3; 4.8; 5.0; 1.3; 11.6; 12.2
168.2; 19.402; -0.6; 3.7; 4.9; -0.6; 8.9; 11.9; 1.5; 4.8; 5.1; 1.5; 11.3; 12.1
168.4; 19.426; -0.9; 3.6; 5.0; -0.9; 8.4; 11.8; 1.8; 4.8; 5.2; 1.8; 10.9; 12.0
168.6; 19.449; -1.5; 3.5; 5.2; -1.5; 7.6; 11.6; 2.3; 4.7; 5.4; 2.3; 10.1; 11.8
168.8; 19.473; -2.3; 3.3; 5.6; -2.3; 6.7; 11.3; 3.0; 4.5; 5.7; 3.0; 9.0; 11.5
169.0; 19.496; -3.3; 3.0; 6.0; -3.3; 5.5; 10.9; 3.9; 4.2; 6.1; 3.9; 7.5; 11.0
169.2; 19.520; -4.2; 2.7; 6.5; -4.2; 4.3; 10.5; 4.7; 3.6; 6.5; 4.7; 5.8; 10.6
169.4; 19.543; -5.0; 2.2; 6.9; -5.0; 3.2; 10.1; 5.4; 3.0; 7.0; 5.4; 4.3; 10.1
169.6; 19.567; -5.6; 1.8; 7.3; -5.6; 2.3; 9.7; 5.9; 2.4; 7.3; 5.9; 3.1; 9.7
169.8; 19.591; -5.9; 1.4; 7.6; -5.9; 1.7; 9.4; 6.2; 1.8; 7.6; 6.2; 2.2; 9.4
170.0; 19.614; -6.1; 1.0; 7.9; -6.1; 1.2; 9.1; 6.3; 1.4; 7.9; 6.3; 1.6; 9.2
170.2; 19.638; -6.1; 0.8; 8.0; -6.1; 0.9; 9.0; 6.4; 1.0; 8.0; 6.4; 1.1; 9.0
170.4; 19.661; -6.2; 0.6; 8.2; -6.2; 0.6; 8.8; 6.4; 0.7; 8.2; 6.4; 0.8; 8.8
170.6; 19.685; -6.2; 0.4; 8.3; -6.2; 0.4; 8.7; 6.4; 0.5; 8.3; 6.4; 0.6; 8.7
170.8; 19.708; -6.1; 0.2; 8.4; -6.1; 0.3; 8.7; 6.4; 0.3; 8.4; 6.4; 0.4; 8.7
171.0; 19.732; -6.1; 0.1; 8.4; -6.1; 0.1; 8.6; 6.4; 0.2; 8.4; 6.4; 0.2; 8.6
171.2; 19.756; -6.1; 0.0; 8.5; -6.1; 0.0; 8.5; 6.4; 0.1; 8.5; 6.4; 0.1; 8.5
171.4; 19.779; -6.1; -0.0; 8.5; -6.1; -0.0; 8.5; 6.4; 0.0; 8.5; 6.4; 0.0; 8.5
171.6; 19.803; -6.1; -0.1; 8.5; -6.1; -0.1; 8.5; 6.4; -0.1; 8.5; 6.4; -0.1; 8.5
171.8; 19.826; -6.1; -0.1; 8.6; -6.1; -0.1; 8.5; 6.4; -0.1; 8.6; 6.4; -0.1; 8.5
172.0; 19.850; -6.1; -0.1; 8.6; -6.1; -0.1; 8.4; 6.4; -0.2; 8.6; 6.4; -0.2; 8.4
172.2; 19.874; -6.1; -0.2; 8.6; -6.1; -0.2; 8.4; 6.4; -0.2; 8.6; 6.4; -0.2; 8.4
172.4; 19.897; -6.1; -0.2; 8.6; -6.1; -0.2; 8.4; 6.4; -0.2; 8.6; 6.4; -0.2; 8.4
172.6; 19.921; -6.1; -0.2; 8.6; -6.1; -0.2; 8.4; 6.4; -0.2; 8.6; 6.4; -0.2; 8.4
172.8; 19.944; -6.1; -0.2; 8.6; -6.1; -0.2; 8.4; 6.4; -0.2; 8.6; 6.4; -0.2; 8.4
173.0; 19.968; -6.1; -0.2; 8.6; -6.1; -0.2; 8.4; 6.4; -0.2; 8.6; 6.4; -0.2; 8.4
173.2; 19.991; -6.1; -0.2; 8.6; -6.1; -0.2; 8.4; 6.4; -0.2; 8.6; 6.4; -0.2; 8.4
173.4; 20.015; -6.1; -0.2; 8.6; -6.1; -0.2; 8.4; 6.4; -0.2; 8.6; 6.4; -0.2; 8.4
173.6; 20.039; -6.1; -0.2; 8.6; -6.1; -0.2; 8.4; 6.4; -0.2; 8.6; 6.4; -0.2; 8.4
173.8; 20.062; -6.1; -0.1; 8.6; -6.1; -0.1; 8.4; 6.4; -0.2; 8.6; 6.4; -0.2; 8.4
174.0; 20.086; -6.1; -0.1; 8.6; -6.1; -0.1; 8.4; 6.4; -0.2; 8.6; 6.4; -0.2; 8.4
174.2; 20.109; -6.1; -0.1; 8.6; -6.1; -0.1; 8.4; 6.4; -0.1; 8.6; 6.4; -0.1; 8.4
174.4; 20.133; -6.1; -0.1; 8.6; -6.1; -0.1; 8.5; 6.4; -0.1; 8.6; 6.4; -0.1; 8.5
174.6; 20.156; -6.1; -0.1; 8.6; -6.1; -0.1; 8.5; 6.4; -0.1; 8.6; 6.4; -0.1; 8.5
174.8; 20.180; -6.1; -0.1; 8.6; -6.1; -0.1; 8.5; 6.4; -0.1; 8.6; 6.4; -0.1; 8.5
175.0; 20.204; -6.1; -0.1; 8.5; -6.1; -0.1; 8.5; 6.4; -0.1; 8.5; 6.4; -0.1; 8.5
175.2; 20.227; -6.1; -0.1; 8.5; -6.1; -0.1; 8.5; 6.4; -0.1; 8.5; 6.4; -0.1; 8.5
175.4; 20.251; -6.1; -0.0; 8.5; -6.1; -0.0; 8.5; 6.4; -0.1; 8.5; 6.4; -0.1; 8.5
175.6; 20.274; -6.1; -0.0; 8.5; -6.1; -0.0; 8.5; 6.4; -0.0; 8.5; 6.4; -0.0; 8.5
175.8; 20.298; -6.1; -0.0; 8.5; -6.1; -0.0; 8.5; 6.4; -0.0; 8.5; 6.4; -0.0; 8.5
176.0; 20.321; -6.1; -0.0; 8.5; -6.1; -0.0; 8.5; 6.4; -0.0; 8.5; 6.4; -0.0; 8.5
176.2; 20.345; -6.1; -0.0; 8.5; -6.1; -0.0; 8.5; 6.4; -0.0; 8.5; 6.4; -0.0; 8.5
176.4; 20.368; -6.1; -0.0; 8.5; -6.1; -0.0; 8.5; 6.4; -0.0; 8.5; 6.4; -0.0; 8.5
176.6; 20.392; -6.1; -0.0; 8.5; -6.1; -0.0; 8.5; 6.4; -0.0; 8.5; 6.4; -0.0; 8.5
176.8; 20.416; -6.1; -0.0; 8.5; -6.1; -0.0; 8.5; 6.4; -0.0; 8.5; 6.4; -0.0; 8.5
177.0; 20.439; -6.1; 0.0; 8.5; -6.1; 0.0; 8.5; 6.4; 0.0; 8.5; 6.4; 0.0; 8.5
177.2; 20.463; -6.1; 0.0; 8.5; -6.1; 0.0; 8.5; 6.4; 0.0; 8.5; 6.4; 0.0; 8.5
177.4; 20.486; -6.1; 0.0; 8.5; -6.1; 0.0; 8.5; 6.4; 0.0; 8.5; 6.4; 0.0; 8.5
177.6; 20.510; -6.1; 0.0; 8.5; -6.1; 0.0; 8.5; 6.4; 0.0; 8.5; 6.4; 0.0; 8.5
177.8; 20.533; -6.1; 0.0; 8.5; -6.1; 0.0; 8.5; 6.4; 0.0; 8.5; 6.4; 0.0; 8.5
178.0; 20.557; -6.1; 0.0; 8.5; -6.1; 0.0; 8.5; 6.4; 0.0; 8.5; 6.4; 0.0; 8.5
178.2; 20.581; -6.1; 0.0; 8.5; -6.1; 0.0; 8.5; 6.4; 0.0; 8.5; 6.4; 0.0; 8.5
178.4; 20.604; -6.1; 0.0; 8.5; -6.1; 0.0; 8.5; 6.4; 0.0; 8.5; 6.4; 0.0; 8.5
178.6; 20.628; -6.1; 0.0; 8.5; -6.1; 0.0; 8.5; 6.4; 0.0; 8.5; 6.4; 0.0; 8.5
178.8; 20.651; -6.1; 0.0; 8.5; -6.1; 0.0; 8.5; 6.4; 0.0; 8.5; 6.4; 0.0; 8.5
179.0; 20.675; -6.1; 0.0; 8.5; -6.1; 0.0; 8.5; 6.4; 0.0; 8.5; 6.4; 0.0; 8.5
179.2; 20.698; -6.1; 0.0; 8.5; -6.1; 0.0; 8.5; 6.4; 0.0; 8.5; 6.4; 0.0; 8.5
179.4; 20.722; -6.1; 0.0; 8.5; -6.1; 0.0; 8.5; 6.4; 0.0; 8.5; 6.4; 0.0; 8.5
179.6; 20.745; -6.1; 0.0; 8.5; -6.1; 0.0; 8.5; 6.4; 0.0; 8.5; 6.4; 0.0; 8.5
179.8; 20.769; -6.1; 0.0; 8.5; -6.1; 0.0; 8.5; 6.4; 0.0; 8.5; 6.4; 0.0; 8.5
180.0; 20.792; -6.1; 0.0; 8.5; -6.1; 0.0; 8.5; 6.4; 0.0; 8.5; 6.4; 0.0; 8.5
180.2; 20.816; -6.1; 0.0; 8.5; -6.1; 0.0; 8.5; 6.4; 0.0; 8.5; 6.4; 0.0; 8.5
180.4; 20.839; -6.1; 0.0; 8.5; -6.1; 0.0; 8.5; 6.4; 0.0; 8.5; 6.4; 0.0; 8.5
180.6; 20.863; -6.1; 0.0; 8.5; -6.1; 0.0; 8.5; 6.4; 0.0; 8.5; 6.4; 0.0; 8.5
180.8; 20.886; -6.1; 0.0; 8.5; -6.1; 0.0; 8.5; 6.4; 0.0; 8.5; 6.4; 0.0; 8.5
181.0; 20.910; -6.1; 0.0; 8.5; -6.1; 0.0; 8.5; 6.4; 0.0; 8.5; 6.4; 0.0; 8.5
181.2; 20.934; -6.1; 0.0; 8.5; -6.1; 0.0; 8.5; 6.4; 0.0; 8.5; 6.4; 0.0; 8.5
181.4; 20.957; -6.1; 0.0; 8.5; -6.1; 0.0; 8.5; 6.4; 0.0; 8.5; 6.4; 0.0; 8.5
181.6; 20.981; -6.1; 0.0; 8.5; -6.1; 0.0; 8.5; 6.4; 0.0; 8.5; 6.4; 0.0; 8.5
181.8; 21.004; -6.1; 0.0; 8.5; -6.1; 0.0; 8.5; 6.4; 0.0; 8.5; 6.4; 0.0; 8.5
182.0; 21.028; -6.1; 0.0; 8.5; -6.1; 0.0; 8.5; 6.4; 0.0; 8.5; 6.4; 0.0; 8.5
182.2; 21.051; -6.1; 0.0; 8.5; -6.1; 0.0; 8.5; 6.4; 0.0; 8.5; 6.4; 0.0; 8.5
182.4; 21.075; -6.1; 0.0; 8.5; -6.1; 0.0; 8.5; 6.4; 0.0; 8.5; 6.4; 0.0; 8.5
182.6; 21.098; -6.1; 0.0; 8.5; -6.1; 0.0; 8.5; 6.4; 0.0; 8.5; 6.4; 0.0; 8.5
182.8; 21.122; -6.1; 0.0; 8.5; -6.1; 0.0; 8.5; 6.4; 0.0; 8.5; 6.4; 0.0; 8.5
183.0; 21.145; -6.1; 0.0; 8.5; -6.1; 0.0; 8.5; 6.4; 0.0; 8.5; 6.4; 0.0; 8.5
183.2; 21.168; -6.1; 0.0; 8.5; -6.1; 0.0; 8.5; 6.4; 0.0; 8.5; 6.4; 0.0; 8.5
183.4; 21.192; -6.1; 0.0; 8.5; -6.1; 0.0; 8.5; 6.4; 0.0; 8.5; 6.4; 0.0; 8.5
183.6; 21.215; -6.1; -0.0; 8.5; -6.1; -0.0; 8.5; 6.4; 0.0; 8.5; 6.4; 0.0; 8.5
183.8; 21.239; -6.1; -0.0; 8.5; -6.1; -0.0; 8.5; 6.4; -0.0; 8.5; 6.4; -0.0; 8.5
184.0; 21.262; -6.1; -0.0; 8.5; -6.1; -0.0; 8.5; 6.4; -0.0; 8.5; 6.4; -0.0; 8.5
184.2; 21.286; -6.1; -0.0; 8.5; -6.1; -0.0; 8.5; 6.4; -0.0; 8.5; 6.4; -0.0; 8.5
184.4; 21.309; -6.1; -0.0; 8.5; -6.1; -0.0; 8.5; 6.4; -0.0; 8.5; 6.4; -0.0; 8.5
184.6; 21.333; -6.1; -0.0; 8.5; -6.1; -0.0; 8.5; 6.4; -0.0; 8.5; 6.4; -0.0; 8.5
184.8; 21.356; -6.1; -0.0; 8.5; -6.1; -0.0; 8.5; 6.4; -0.0; 8.5; 6.4; -0.0; 8.5
185.0; 21.380; -6.1; -0.0; 8.5; -6.1; -0.0; 8.5; 6.4; -0.0; 8.5; 6.4; -0.0; 8.5
185.2; 21.403; -6.1; -0.0; 8.5; -6.1; -0.0; 8.5; 6.4; -0.0; 8.5; 6.4; -0.0; 8.5
185.4; 21.427; -6.1; -0.0; 8.5; -6.1; -0.0; 8.5; 6.4; -0.0; 8.5; 6.4; -0.0; 8.5
185.6; 21.450; -6.1; -0.0; 8.5; -6.1; -0.0; 8.5; 6.4; -0.0; 8.5; 6.4; -0.0; 8.5
185.8; 21.474; -6.1; -0.0; 8.5; -6.1; -0.0; 8.5; 6.4; -0.0; 8.5; 6.4; -0.0; 8.5
186.0; 21.497; -6.1; -0.0; 8.5; -6.1; -0.0; 8.5; 6.4; -0.0; 8.5; 6.4; -0.0; 8.5
186.2; 21.521; -6.1; -0.0; 8.5; -6.1; -0.0; 8.5; 6.4; -0.0; 8.5; 6.4; -0.0; 8.5
186.4; 21.544; -6.1; -0.0; 8.5; -6.1; -0.0; 8.5; 6.4; -0.0; 8.5; 6.4; -0.0; 8.5
186.6; 21.568; -6.1; -0.0; 8.5; -6.1; -0.0; 8.5; 6.4; -0.0; 8.5; 6.4; -0.0; 8.5
186.8; 21.591; -6.1; -0.0; 8.5; -6.1; -0.0; 8.5; 6.4; -0.0; 8.5; 6.4; -0.0; 8.5
187.0; 21.615; -6.1; -0.0; 8.5; -6.1; -0.0; 8.5; 6.4; -0.0; 8.5; 6.4; -0.0; 8.5
187.2; 21.638; -6.1; -0.0; 8.5; -6.1; -0.0; 8.5; 6.4; -0.0; 8.5; 6.4; -0.0; 8.5
187.4; 21.661; -6.1; -0.0; 8.5; -6.1; -0.0; 8.5; 6.4; -0.0; 8.5; 6.4; -0.0; 8.5
187.6; 21.685; -6.1; -0.0; 8.5; -6.1; -0.0; 8.5; 6.4; -0.0; 8.5; 6.4; -0.0; 8.5
187.8; 21.708; -6.1; -0.0; 8.5; -6.1; -0.0; 8.5; 6.4; -0.0; 8.5; 6.4; -0.0; 8.5
188.0; 21.732; -6.1; -0.0; 8.5; -6.1; -0.0; 8.5; 6.4; -0.0; 8.5; 6.4; -0.0; 8.5
188.2; 21.755; -6.1; -0.0; 8.5; -6.1; -0.0; 8.5; 6.4; -0.0; 8.5; 6.4; -0.0; 8.5
188.4; 21.779; -6.1; -0.0; 8.5; -6.1; -0.0; 8.5; 6.4; -0.0; 8.5; 6.4; -0.0; 8.5
188.6; 21.802; -6.1; -0.0; 8.5; -6.1; -0.0; 8.5; 6.4; -0.0; 8.5; 6.4; -0.0; 8.5
188.8; 21.826; -6.1; -0.0; 8.5; -6.1; -0.0; 8.5; 6.4; -0.0; 8.5; 6.4; -0.0; 8.5
189.0; 21.850; -6.1; -0.0; 8.5; -6.1; -0.0; 8.5; 6.4; -0.0; 8.5; 6.4; -0.0; 8.5
189.2; 21.873; -6.1; -0.0; 8.5; -6.1; -0.0; 8.5; 6.4; -0.0; 8.5; 6.4; -0.0; 8.5
189.4; 21.897; -6.1; -0.0; 8.5; -6.1; -0.0; 8.5; 6.4; -0.0; 8.5; 6.4; -0.0; 8.5
189.6; 21.920; -6.1; 0.0; 8.5; -6.1; 0.0; 8.5; 6.4; -0.0; 8.5; 6.4; -0.0; 8.5
189.8; 21.944; -6.1; 0.0; 8.5; -6.1; 0.0; 8.5; 6.4; 0.0; 8.5; 6.4; 0.0; 8.5
190.0; 21.967; -6.1; 0.0; 8.5; -6.1; 0.0; 8.5; 6.4; 0.0; 8.5; 6.4; 0.0; 8.5
190.2; 21.991; -6.1; 0.0; 8.5; -6.1; 0.0; 8.5; 6.4; 0.0; 8.5; 6.4; 0.0; 8.5
190.4; 22.015; -6.1; 0.0; 8.5; -6.1; 0.0; 8.5; 6.4; 0.0; 8.5; 6.4; 0.0; 8.5
190.6; 22.038; -6.1; 0.1; 8.5; -6.1; 0.1; 8.5; 6.4; 0.1; 8.5; 6.4; 0.1; 8.5
190.8; 22.062; -6.1; 0.1; 8.5; -6.1; 0.1; 8.5; 6.4; 0.1; 8.5; 6.4; 0.1; 8.5
191.0; 22.085; -6.1; 0.1; 8.5; -6.1; 0.1; 8.6; 6.4; 0.1; 8.5; 6.4; 0.1; 8.6
191.2; 22.109; -6.1; 0.1; 8.4; -6.1; 0.1; 8.6; 6.4; 0.1; 8.4; 6.4; 0.1; 8.6
191.4; 22.133; -6.1; 0.1; 8.4; -6.1; 0.1; 8.6; 6.4; 0.2; 8.4; 6.4; 0.2; 8.6
191.6; 22.156; -6.1; 0.2; 8.4; -6.1; 0.2; 8.6; 6.4; 0.2; 8.4; 6.4; 0.2; 8.6
191.8; 22.180; -6.1; 0.2; 8.4; -6.1; 0.2; 8.6; 6.4; 0.2; 8.4; 6.4; 0.2; 8.6
192.0; 22.203; -6.1; 0.2; 8.4; -6.1; 0.2; 8.6; 6.4; 0.3; 8.4; 6.4; 0.3; 8.6
192.2; 22.227; -6.1; 0.2; 8.4; -6.1; 0.3; 8.6; 6.4; 0.3; 8.4; 6.4; 0.3; 8.6
192.4; 22.250; -6.1; 0.3; 8.4; -6.1; 0.3; 8.7; 6.4; 0.3; 8.4; 6.4; 0.3; 8.7
192.6; 22.274; -6.1; 0.3; 8.3; -6.1; 0.3; 8.7; 6.4; 0.4; 8.3; 6.4; 0.4; 8.7
192.8; 22.297; -6.1; 0.3; 8.3; -6.1; 0.3; 8.7; 6.4; 0.4; 8.3; 6.4; 0.4; 8.7
193.0; 22.321; -6.1; 0.4; 8.3; -6.1; 0.4; 8.7; 6.3; 0.4; 8.3; 6.3; 0.4; 8.7
193.2; 22.344; -6.1; 0.4; 8.3; -6.1; 0.4; 8.7; 6.3; 0.4; 8.3; 6.3; 0.5; 8.7
193.4; 22.368; -6.0; 0.4; 8.3; -6.0; 0.4; 8.7; 6.3; 0.5; 8.3; 6.3; 0.5; 8.7
193.6; 22.391; -6.0; 0.4; 8.3; -6.0; 0.4; 8.7; 6.3; 0.5; 8.3; 6.3; 0.5; 8.7
193.8; 22.414; -6.0; 0.4; 8.3; -6.0; 0.4; 8.7; 6.3; 0.5; 8.3; 6.3; 0.5; 8.7
194.0; 22.438; -6.0; 0.4; 8.3; -6.0; 0.4; 8.7; 6.3; 0.5; 8.3; 6.3; 0.5; 8.7
194.2; 22.461; -6.0; 0.4; 8.3; -6.0; 0.4; 8.7; 6.3; 0.4; 8.3; 6.3; 0.5; 8.7
194.4; 22.485; -6.0; 0.3; 8.3; -6.0; 0.3; 8.7; 6.3; 0.4; 8.3; 6.3; 0.4; 8.7
194.6; 22.508; -6.0; 0.2; 8.4; -6.0; 0.3; 8.7; 6.3; 0.3; 8.4; 6.3; 0.3; 8.7
194.8; 22.532; -6.1; 0.2; 8.4; -6.1; 0.2; 8.6; 6.4; 0.2; 8.4; 6.4; 0.2; 8.6
195.0; 22.555; -6.2; 0.1; 8.5; -6.2; 0.1; 8.6; 6.5; 0.1; 8.5; 6.5; 0.1; 8.6
195.2; 22.579; -6.3; -0.1; 8.5; -6.3; -0.1; 8.5; 6.6; -0.0; 8.5; 6.6; -0.0; 8.5
195.4; 22.603; -6.4; -0.3; 8.6; -6.4; -0.2; 8.4; 6.7; -0.2; 8.6; 6.7; -0.2; 8.4
195.6; 22.626; -6.6; -0.5; 8.7; -6.6; -0.4; 8.3; 6.9; -0.5; 8.7; 6.9; -0.4; 8.3
195.8; 22.650; -6.7; -0.7; 8.8; -6.7; -0.7; 8.2; 7.0; -0.7; 8.8; 7.0; -0.7; 8.2
196.0; 22.673; -6.8; -1.0; 9.0; -6.8; -0.9; 8.0; 7.0; -1.1; 9.0; 7.0; -1.0; 8.0
196.2; 22.697; -6.7; -1.4; 9.1; -6.7; -1.2; 7.9; 7.0; -1.5; 9.2; 7.0; -1.3; 7.9
196.4; 22.720; -6.6; -1.8; 9.3; -6.6; -1.5; 7.7; 6.9; -1.9; 9.3; 6.9; -1.6; 7.7
196.6; 22.744; -6.4; -2.3; 9.5; -6.4; -1.8; 7.5; 6.7; -2.5; 9.5; 6.7; -2.0; 7.5
196.8; 22.768; -6.0; -2.8; 9.7; -6.0; -2.1; 7.3; 6.4; -3.1; 9.8; 6.4; -2.3; 7.3
197.0; 22.791; -5.5; -3.4; 10.0; -5.5; -2.4; 7.0; 5.8; -3.7; 10.0; 5.8; -2.7; 7.0
197.2; 22.815; -4.1; -4.0; 10.2; -4.1; -2.7; 6.8; 4.5; -4.5; 10.3; 4.5; -3.0; 6.8
197.4; 22.838; -1.1; -4.7; 10.5; -1.1; -2.9; 6.5; 1.6; -5.3; 10.5; 1.6; -3.3; 6.5
197.6; 22.862; -0.4; -5.4; 10.7; -0.4; -3.1; 6.2; 0.9; -6.2; 10.8; 0.9; -3.6; 6.3
197.8; 22.885; -0.2; -6.1; 11.0; -0.2; -3.3; 6.0; 0.7; -7.0; 11.0; 0.7; -3.9; 6.0
198.0; 22.908; -0.2; -6.8; 11.2; -0.2; -3.5; 5.7; 0.7; -7.8; 11.3; 0.7; -4.1; 5.8
198.2; 22.932; -0.2; -7.4; 11.4; -0.2; -3.6; 5.5; 0.8; -8.6; 11.5; 0.8; -4.3; 5.6
198.4; 22.955; -0.2; -7.9; 11.5; -0.2; -3.7; 5.3; 0.8; -9.2; 11.7; 0.8; -4.4; 5.5
198.6; 22.978; -0.2; -8.4; 11.7; -0.2; -3.7; 5.2; 0.9; -9.8; 11.8; 0.9; -4.5; 5.3
198.8; 23.001; -0.2; -8.7; 11.8; -0.2; -3.8; 5.1; 1.0; -10.3; 12.0; 1.0; -4.6; 5.2
199.0; 23.024; -0.2; -9.0; 11.9; -0.2; -3.8; 5.0; 1.0; -10.7; 12.1; 1.0; -4.6; 5.1
199.2; 23.047; -0.2; -9.3; 12.0; -0.2; -3.8; 4.9; 1.1; -11.0; 12.1; 1.1; -4.6; 5.1
199.4; 23.069; -0.3; -9.4; 12.0; -0.3; -3.8; 4.8; 1.3; -11.3; 12.2; 1.3; -4.7; 5.0
199.6; 23.092; -0.5; -9.5; 12.0; -0.5; -3.8; 4.8; 1.5; -11.5; 12.2; 1.5; -4.7; 5.0
199.8; 23.114; -0.4; -9.6; 12.1; -0.4; -3.8; 4.7; 1.4; -11.6; 12.3; 1.4; -4.7; 5.0
200.0; 23.136; -0.3; -9.7; 12.1; -0.3; -3.8; 4.7; 1.3; -11.7; 12.3; 1.3; -4.7; 4.9
200.2; 23.158; -0.2; -9.7; 12.1; -0.2; -3.8; 4.7; 1.3; -11.8; 12.3; 1.3; -4.7; 4.9
200.4; 23.180; -0.2; -9.7; 12.1; -0.2; -3.8; 4.7; 1.2; -11.9; 12.3; 1.2; -4.8; 4.9
200.6; 23.202; -0.1; -9.8; 12.1; -0.1; -3.8; 4.7; 1.2; -11.9; 12.3; 1.2; -4.8; 4.9
200.8; 23.224; -0.1; -9.8; 12.1; -0.1; -3.8; 4.7; 1.2; -11.9; 12.4; 1.2; -4.8; 4.9
201.0; 23.246; -0.1; -9.8; 12.1; -0.1; -3.8; 4.7; 1.2; -11.9; 12.4; 1.2; -4.8; 4.9
201.2; 23.268; -0.1; -9.8; 12.1; -0.1; -3.8; 4.7; 1.2; -11.9; 12.4; 1.2; -4.8; 4.9
201.4; 23.289; -0.1; -9.8; 12.1; -0.1; -3.8; 4.7; 1.2; -11.9; 12.4; 1.2; -4.8; 4.9
201.6; 23.311; -0.1; -9.8; 12.1; -0.1; -3.8; 4.7; 1.2; -11.9; 12.4; 1.2; -4.8; 4.9
201.8; 23.333; -0.1; -9.8; 12.1; -0.1; -3.8; 4.7; 1.2; -11.9; 12.4; 1.2; -4.8; 4.9
202.0; 23.354; -0.1; -9.8; 12.1; -0.1; -3.8; 4.7; 1.2; -11.9; 12.4; 1.2; -4.8; 4.9
202.2; 23.376; -0.1; -9.8; 12.1; -0.1; -3.8; 4.7; 1.2; -11.9; 12.4; 1.2; -4.8; 4.9
202.4; 23.397; -0.1; -9.8; 12.1; -0.1; -3.8; 4.7; 1.2; -11.9; 12.4; 1.2; -4.8; 4.9
202.6; 23.419; -0.1; -9.8; 12.1; -0.1; -3.8; 4.7; 1.2; -11.9; 12.4; 1.2; -4.8; 4.9
202.8; 23.441; -0.1; -9.8; 12.1; -0.1; -3.8; 4.7; 1.2; -11.9; 12.4; 1.2; -4.8; 4.9
203.0; 23.462; -0.1; -9.8; 12.1; -0.1; -3.8; 4.7; 1.2; -11.9; 12.4; 1.2; -4.8; 4.9
203.2; 23.484; -0.1; -9.8; 12.1; -0.1; -3.8; 4.7; 1.2; -11.9; 12.4; 1.2; -4.8; 4.9
203.4; 23.506; -0.1; -9.8; 12.1; -0.1; -3.8; 4.7; 1.2; -11.9; 12.4; 1.2; -4.8; 4.9
203.6; 23.527; -0.1; -9.8; 12.1; -0.1; -3.8; 4.7; 1.2; -11.9; 12.4; 1.2; -4.8; 4.9
203.8; 23.549; -0.1; -9.8; 12.1; -0.1; -3.8; 4.7; 1.2; -11.9; 12.4; 1.2; -4.8; 4.9
204.0; 23.571; -0.1; -9.8; 12.1; -0.1; -3.8; 4.7; 1.2; -11.9; 12.4; 1.2; -4.8; 4.9
204.2; 23.592; -0.1; -9.8; 12.1; -0.1; -3.8; 4.7; 1.2; -11.9; 12.4; 1.2; -4.8; 4.9
204.4; 23.614; -0.1; -9.8; 12.1; -0.1; -3.8; 4.7; 1.2; -11.9; 12.4; 1.2; -4.8; 4.9
204.6; 23.636; -0.1; -9.8; 12.1; -0.1; -3.8; 4.7; 1.2; -11.9; 12.4; 1.2; -4.8; 4.9
204.8; 23.658; -0.1; -9.8; 12.1; -0.1; -3.8; 4.7; 1.2; -11.9; 12.4; 1.2; -4.8; 4.9
205.0; 23.680; -0.1; -9.8; 12.1; -0.1; -3.8; 4.7; 1.2; -11.9; 12.4; 1.2; -4.8; 4.9
205.2; 23.702; -0.1; -9.8; 12.1; -0.1; -3.8; 4.7; 1.2; -11.9; 12.4; 1.2; -4.8; 4.9
205.4; 23.724; -0.1; -9.8; 12.1; -0.1; -3.8; 4.7; 1.2; -11.9; 12.4; 1.2; -4.8; 4.9
205.6; 23.746; -0.1; -9.8; 12.1; -0.1; -3.8; 4.7; 1.2; -11.9; 12.4; 1.2; -4.8; 4.9
205.8; 23.768; -0.1; -9.8; 12.1; -0.1; -3.8; 4.7; 1.2; -11.9; 12.4; 1.2; -4.8; 4.9
206.0; 23.790; -0.1; -9.8; 12.1; -0.1; -3.8; 4.7; 1.2; -11.9; 12.4; 1.2; -4.8; 4.9
206.2; 23.812; -0.1; -9.8; 12.1; -0.1; -3.8; 4.7; 1.2; -11.9; 12.4; 1.2; -4.8; 4.9
206.4; 23.834; -0.1; -9.8; 12.1; -0.1; -3.8; 4.7; 1.2; -11.9; 12.4; 1.2; -4.8; 4.9
206.6; 23.856; -0.1; -9.8; 12.1; -0.1; -3.8; 4.7; 1.2; -11.9; 12.4; 1.2; -4.8; 4.9
206.8; 23.878; -0.1; -9.8; 12.1; -0.1; -3.8; 4.7; 1.2; -11.9; 12.4; 1.2; -4.8; 4.9
207.0; 23.900; -0.1; -9.8; 12.1; -0.1; -3.8; 4.7; 1.2; -11.9; 12.4; 1.2; -4.8; 4.9
207.2; 23.922; -0.1; -9.8; 12.1; -0.1; -3.8; 4.7; 1.2; -11.9; 12.4; 1.2; -4.8; 4.9
207.4; 23.944; -0.1; -9.8; 12.1; -0.1; -3.8; 4.7; 1.2; -11.9; 12.4; 1.2; -4.8; 4.9
207.6; 23.967; -0.1; -9.8; 12.1; -0.1; -3.8; 4.7; 1.2; -11.9; 12.4; 1.2; -4.8; 4.9
207.8; 23.989; -0.1; -9.8; 12.1; -0.1; -3.8; 4.7; 1.2; -11.9; 12.4; 1.2; -4.8; 4.9
208.0; 24.011; -0.1; -9.7; 12.1; -0.1; -3.8; 4.7; 1.2; -11.9; 12.4; 1.2; -4.8; 4.9
208.2; 24.033; -0.1; -9.6; 12.1; -0.1; -3.8; 4.7; 1.2; -11.9; 12.3; 1.2; -4.8; 4.9
208.4; 24.055; -0.2; -9.5; 12.1; -0.2; -3.8; 4.7; 1.2; -11.8; 12.3; 1.2; -4.8; 5.0
208.6; 24.077; -0.3; -9.3; 12.0; -0.3; -3.7; 4.8; 1.3; -11.7; 12.3; 1.3; -4.8; 5.0
208.8; 24.100; -0.5; -9.0; 12.0; -0.5; -3.7; 4.8; 1.5; -11.4; 12.2; 1.5; -4.8; 5.1
209.0; 24.122; -0.8; -8.6; 11.9; -0.8; -3.6; 4.9; 1.7; -11.1; 12.1; 1.7; -4.8; 5.1
209.2; 24.144; -1.3; -8.1; 11.7; -1.3; -3.6; 5.1; 2.1; -10.6; 11.9; 2.1; -4.7; 5.3
209.4; 24.166; -1.9; -7.4; 11.5; -1.9; -3.4; 5.3; 2.6; -9.8; 11.7; 2.6; -4.6; 5.5
209.6; 24.188; -2.6; -6.5; 11.3; -2.6; -3.3; 5.6; 3.3; -8.7; 11.4; 3.3; -4.4; 5.7
209.8; 24.210; -3.5; -5.6; 10.9; -3.5; -3.1; 6.0; 4.1; -7.4; 11.0; 4.1; -4.1; 6.1
210.0; 24.232; -4.3; -4.6; 10.6; -4.3; -2.8; 6.4; 4.8; -6.1; 10.7; 4.8; -3.7; 6.4
210.2; 24.255; -5.0; -3.8; 10.3; -5.0; -2.5; 6.7; 5.4; -4.9; 10.3; 5.4; -3.3; 6.8
210.4; 24.277; -5.5; -3.1; 10.0; -5.5; -2.2; 7.0; 5.9; -4.0; 10.0; 5.9; -2.8; 7.0
210.6; 24.299; -5.8; -2.7; 9.8; -5.8; -2.0; 7.2; 6.2; -3.4; 9.8; 6.2; -2.5; 7.2
210.8; 24.321; -6.1; -2.4; 9.6; -6.1; -1.8; 7.4; 6.4; -2.9; 9.7; 6.4; -2.2; 7.4
211.0; 24.343; -6.2; -2.2; 9.6; -6.2; -1.7; 7.4; 6.5; -2.7; 9.6; 6.5; -2.1; 7.5
211.2; 24.364; -6.3; -2.2; 9.5; -6.3; -1.7; 7.5; 6.6; -2.6; 9.5; 6.6; -2.0; 7.5
211.4; 24.386; -6.3; -2.2; 9.5; -6.3; -1.7; 7.5; 6.6; -2.6; 9.5; 6.6; -2.0; 7.5
211.6; 24.408; -6.2; -2.3; 9.6; -6.2; -1.8; 7.4; 6.5; -2.6; 9.6; 6.5; -2.1; 7.5
211.8; 24.430; -6.1; -2.4; 9.6; -6.1; -1.9; 7.4; 6.4; -2.8; 9.6; 6.4; -2.2; 7.4
212.0; 24.452; -5.9; -2.7; 9.7; -5.9; -2.0; 7.3; 6.3; -3.0; 9.7; 6.3; -2.3; 7.3
212.2; 24.474; -5.6; -2.9; 9.8; -5.6; -2.1; 7.2; 6.0; -3.3; 9.8; 6.0; -2.4; 7.2
212.4; 24.496; -5.2; -3.2; 9.9; -5.2; -2.3; 7.1; 5.5; -3.6; 9.9; 5.5; -2.6; 7.1
212.6; 24.518; -4.2; -3.5; 10.1; -4.2; -2.4; 6.9; 4.6; -4.0; 10.1; 4.6; -2.8; 7.0
212.8; 24.540; -2.5; -3.8; 10.2; -2.5; -2.6; 6.8; 2.9; -4.4; 10.2; 2.9; -3.0; 6.8
213.0; 24.562; -1.2; -4.2; 10.3; -1.2; -2.7; 6.7; 1.6; -4.9; 10.4; 1.6; -3.2; 6.7
213.2; 24.584; -0.7; -4.5; 10.5; -0.7; -2.8; 6.5; 1.1; -5.3; 10.5; 1.1; -3.4; 6.6
213.4; 24.606; -0.5; -4.8; 10.6; -0.5; -2.9; 6.4; 0.9; -5.7; 10.6; 0.9; -3.5; 6.5
213.6; 24.628; -0.4; -5.1; 10.7; -0.4; -3.0; 6.3; 0.8; -6.1; 10.7; 0.8; -3.6; 6.4
213.8; 24.650; -0.3; -5.3; 10.7; -0.3; -3.1; 6.2; 0.8; -6.3; 10.8; 0.8; -3.7; 6.3
214.0; 24.672; -0.3; -5.4; 10.8; -0.3; -3.1; 6.2; 0.8; -6.6; 10.9; 0.8; -3.8; 6.2
214.2; 24.694; -0.4; -5.5; 10.8; -0.4; -3.1; 6.1; 0.9; -6.7; 10.9; 0.9; -3.8; 6.2
214.4; 24.716; -0.5; -5.5; 10.8; -0.5; -3.1; 6.1; 1.0; -6.7; 10.9; 1.0; -3.9; 6.2
214.6; 24.738; -1.0; -5.4; 10.8; -1.0; -3.1; 6.2; 1.5; -6.6; 10.9; 1.5; -3.8; 6.2
214.8; 24.761; -2.2; -5.2; 10.7; -2.2; -3.0; 6.2; 2.7; -6.4; 10.8; 2.7; -3.8; 6.3
215.0; 24.783; -3.6; -4.9; 10.6; -3.6; -2.9; 6.3; 4.1; -6.1; 10.7; 4.1; -3.7; 6.4
215.2; 24.805; -4.3; -4.6; 10.5; -4.3; -2.8; 6.4; 4.7; -5.7; 10.6; 4.7; -3.6; 6.5
215.4; 24.827; -4.7; -4.2; 10.4; -4.7; -2.7; 6.6; 5.1; -5.3; 10.4; 5.1; -3.4; 6.6
215.6; 24.849; -5.1; -3.9; 10.3; -5.1; -2.5; 6.7; 5.5; -4.8; 10.3; 5.5; -3.2; 6.8
215.8; 24.872; -5.4; -3.5; 10.1; -5.4; -2.4; 6.9; 5.7; -4.4; 10.1; 5.7; -3.0; 6.9
216.0; 24.894; -5.6; -3.2; 10.0; -5.6; -2.2; 7.0; 6.0; -3.9; 10.0; 6.0; -2.8; 7.0
216.2; 24.916; -5.8; -2.9; 9.9; -5.8; -2.1; 7.1; 6.2; -3.6; 9.9; 6.2; -2.6; 7.2
216.4; 24.939; -6.0; -2.6; 9.7; -6.0; -2.0; 7.3; 6.3; -3.2; 9.8; 6.3; -2.4; 7.3
216.6; 24.961; -6.1; -2.4; 9.7; -6.1; -1.8; 7.3; 6.4; -3.0; 9.7; 6.4; -2.3; 7.4
216.8; 24.983; -6.2; -2.3; 9.6; -6.2; -1.8; 7.4; 6.5; -2.8; 9.6; 6.5; -2.2; 7.4
217.0; 25.006; -6.3; -2.2; 9.6; -6.3; -1.7; 7.5; 6.6; -2.6; 9.6; 6.6; -2.1; 7.5
217.2; 25.028; -6.3; -2.2; 9.5; -6.3; -1.7; 7.5; 6.6; -2.6; 9.5; 6.6; -2.0; 7.5
217.4; 25.051; -6.3; -2.2; 9.5; -6.3; -1.7; 7.5; 6.6; -2.6; 9.5; 6.6; -2.0; 7.5
217.6; 25.073; -6.2; -2.2; 9.6; -6.2; -1.7; 7.5; 6.5; -2.6; 9.6; 6.5; -2.1; 7.5
217.8; 25.095; -6.1; -2.3; 9.6; -6.1; -1.8; 7.4; 6.4; -2.7; 9.6; 6.4; -2.1; 7.4
218.0; 25.118; -5.9; -2.5; 9.7; -5.9; -1.9; 7.4; 6.2; -2.9; 9.7; 6.2; -2.2; 7.4
218.2; 25.140; -5.7; -2.7; 9.7; -5.7; -2.0; 7.3; 6.0; -3.1; 9.7; 6.0; -2.3; 7.3
218.4; 25.163; -5.3; -2.9; 9.8; -5.3; -2.1; 7.2; 5.6; -3.3; 9.8; 5.6; -2.4; 7.2
218.6; 25.186; -4.6; -3.1; 9.9; -4.6; -2.2; 7.1; 5.0; -3.6; 9.9; 5.0; -2.6; 7.1
218.8; 25.208; -3.6; -3.3; 10.0; -3.6; -2.3; 7.0; 4.0; -3.8; 10.0; 4.0; -2.7; 7.0
219.0; 25.231; -2.5; -3.5; 10.1; -2.5; -2.4; 6.9; 2.9; -4.1; 10.1; 2.9; -2.9; 6.9
219.2; 25.253; -1.7; -3.7; 10.2; -1.7; -2.5; 6.8; 2.1; -4.4; 10.2; 2.1; -3.0; 6.8
219.4; 25.276; -1.4; -4.0; 10.3; -1.4; -2.6; 6.7; 1.8; -4.7; 10.3; 1.8; -3.1; 6.8
219.6; 25.299; -1.3; -4.1; 10.3; -1.3; -2.7; 6.7; 1.7; -4.9; 10.4; 1.7; -3.2; 6.7
219.8; 25.321; -1.7; -4.3; 10.4; -1.7; -2.7; 6.6; 2.1; -5.1; 10.4; 2.1; -3.3; 6.6
220.0; 25.344; -2.6; -4.4; 10.4; -2.6; -2.8; 6.6; 3.0; -5.3; 10.5; 3.0; -3.4; 6.6
220.2; 25.367; -3.5; -4.5; 10.4; -3.5; -2.8; 6.5; 3.9; -5.3; 10.5; 3.9; -3.4; 6.6
220.4; 25.390; -4.0; -4.5; 10.5; -4.0; -2.8; 6.5; 4.4; -5.4; 10.5; 4.4; -3.4; 6.6
220.6; 25.412; -4.2; -4.5; 10.5; -4.2; -2.8; 6.5; 4.6; -5.4; 10.5; 4.6; -3.4; 6.6
220.8; 25.435; -4.3; -4.6; 10.5; -4.3; -2.8; 6.5; 4.7; -5.5; 10.5; 4.7; -3.4; 6.5
221.0; 25.458; -4.2; -4.6; 10.5; -4.2; -2.8; 6.5; 4.7; -5.5; 10.5; 4.7; -3.4; 6.5
221.2; 25.481; -4.1; -4.6; 10.5; -4.1; -2.8; 6.5; 4.5; -5.5; 10.5; 4.5; -3.4; 6.5
221.4; 25.503; -3.9; -4.6; 10.5; -3.9; -2.8; 6.5; 4.3; -5.5; 10.5; 4.3; -3.4; 6.5
221.6; 25.526; -3.5; -4.6; 10.5; -3.5; -2.8; 6.5; 3.9; -5.5; 10.5; 3.9; -3.4; 6.5
221.8; 25.549; -2.9; -4.6; 10.5; -2.9; -2.8; 6.5; 3.4; -5.5; 10.5; 3.4; -3.4; 6.5
222.0; 25.572; -2.4; -4.5; 10.5; -2.4; -2.8; 6.5; 2.9; -5.5; 10.5; 2.9; -3.4; 6.5
222.2; 25.594; -2.1; -4.5; 10.5; -2.1; -2.8; 6.5; 2.5; -5.5; 10.5; 2.5; -3.4; 6.6
222.4; 25.617; -2.1; -4.4; 10.5; -2.1; -2.8; 6.5; 2.5; -5.4; 10.5; 2.5; -3.4; 6.6
222.6; 25.640; -2.3; -4.3; 10.4; -2.3; -2.7; 6.6; 2.7; -5.3; 10.5; 2.7; -3.4; 6.6
222.8; 25.663; -3.0; -4.2; 10.4; -3.0; -2.7; 6.6; 3.4; -5.2; 10.4; 3.4; -3.3; 6.6
223.0; 25.686; -3.9; -4.1; 10.3; -3.9; -2.6; 6.7; 4.3; -5.0; 10.4; 4.3; -3.3; 6.7
223.2; 25.708; -4.4; -3.9; 10.3; -4.4; -2.6; 6.7; 4.8; -4.8; 10.3; 4.8; -3.2; 6.8
223.4; 25.731; -4.8; -3.7; 10.2; -4.8; -2.5; 6.8; 5.1; -4.6; 10.2; 5.1; -3.1; 6.8
223.6; 25.754; -5.0; -3.6; 10.1; -5.0; -2.4; 6.9; 5.4; -4.4; 10.2; 5.4; -3.0; 6.9
223.8; 25.777; -5.1; -3.4; 10.0; -5.1; -2.3; 6.9; 5.5; -4.1; 10.1; 5.5; -2.9; 7.0
224.0; 25.800; -5.3; -3.2; 10.0; -5.3; -2.2; 7.0; 5.6; -3.9; 10.0; 5.6; -2.8; 7.0
224.2; 25.823; -5.3; -3.0; 9.9; -5.3; -2.2; 7.1; 5.7; -3.7; 9.9; 5.7; -2.7; 7.1
224.4; 25.845; -5.4; -2.9; 9.8; -5.4; -2.1; 7.2; 5.7; -3.5; 9.9; 5.7; -2.6; 7.2
224.6; 25.868; -5.4; -2.7; 9.8; -5.4; -2.0; 7.2; 5.8; -3.3; 9.8; 5.8; -2.5; 7.2
224.8; 25.891; -5.5; -2.6; 9.7; -5.5; -1.9; 7.3; 5.8; -3.1; 9.7; 5.8; -2.4; 7.3
225.0; 25.914; -5.5; -2.4; 9.7; -5.5; -1.9; 7.3; 5.9; -3.0; 9.7; 5.9; -2.3; 7.4
225.2; 25.937; -5.6; -2.3; 9.6; -5.6; -1.8; 7.4; 5.9; -2.8; 9.6; 5.9; -2.2; 7.4
225.4; 25.960; -5.7; -2.2; 9.6; -5.7; -1.7; 7.4; 6.0; -2.7; 9.6; 6.0; -2.1; 7.5
225.6; 25.982; -5.8; -2.1; 9.5; -5.8; -1.7; 7.5; 6.1; -2.6; 9.5; 6.1; -2.0; 7.5
225.8; 26.005; -5.8; -2.0; 9.5; -5.8; -1.6; 7.5; 6.1; -2.5; 9.5; 6.1; -2.0; 7.5
226.0; 26.028; -5.8; -2.0; 9.5; -5.8; -1.6; 7.6; 6.1; -2.4; 9.5; 6.1; -1.9; 7.6
226.2; 26.051; -5.8; -1.9; 9.4; -5.8; -1.5; 7.6; 6.1; -2.3; 9.4; 6.1; -1.9; 7.6
226.4; 26.074; -5.8; -1.8; 9.4; -5.8; -1.5; 7.6; 6.1; -2.2; 9.4; 6.1; -1.8; 7.6
226.6; 26.097; -5.8; -1.8; 9.4; -5.8; -1.5; 7.6; 6.1; -2.2; 9.4; 6.1; -1.8; 7.6
226.8; 26.120; -5.8; -1.8; 9.4; -5.8; -1.4; 7.7; 6.1; -2.1; 9.4; 6.1; -1.7; 7.7
227.0; 26.143; -5.8; -1.7; 9.3; -5.8; -1.4; 7.7; 6.1; -2.1; 9.4; 6.1; -1.7; 7.7
227.2; 26.165; -5.9; -1.7; 9.3; -5.9; -1.4; 7.7; 6.2; -2.0; 9.3; 6.2; -1.7; 7.7
227.4; 26.188; -5.9; -1.7; 9.3; -5.9; -1.4; 7.7; 6.2; -2.0; 9.3; 6.2; -1.7; 7.7
227.6; 26.211; -6.0; -1.6; 9.3; -6.0; -1.4; 7.7; 6.3; -2.0; 9.3; 6.3; -1.6; 7.7
227.8; 26.234; -6.0; -1.6; 9.3; -6.0; -1.4; 7.7; 6.3; -1.9; 9.3; 6.3; -1.6; 7.7
228.0; 26.257; -6.0; -1.6; 9.3; -6.0; -1.4; 7.7; 6.3; -1.9; 9.3; 6.3; -1.6; 7.7
228.2; 26.280; -6.0; -1.6; 9.3; -6.0; -1.4; 7.7; 6.3; -2.0; 9.3; 6.3; -1.6; 7.7
228.4; 26.303; -6.0; -1.7; 9.3; -6.0; -1.4; 7.7; 6.3; -2.0; 9.3; 6.3; -1.6; 7.7
228.6; 26.326; -5.9; -1.7; 9.3; -5.9; -1.4; 7.7; 6.2; -2.0; 9.3; 6.2; -1.7; 7.7
228.8; 26.349; -5.9; -1.7; 9.3; -5.9; -1.4; 7.7; 6.2; -2.1; 9.4; 6.2; -1.7; 7.7
229.0; 26.372; -5.7; -1.8; 9.4; -5.7; -1.5; 7.6; 6.0; -2.1; 9.4; 6.0; -1.7; 7.7
229.2; 26.395; -5.6; -1.9; 9.4; -5.6; -1.5; 7.6; 5.9; -2.2; 9.4; 5.9; -1.8; 7.6
229.4; 26.418; -5.4; -1.9; 9.4; -5.4; -1.5; 7.6; 5.7; -2.3; 9.4; 5.7; -1.8; 7.6
229.6; 26.441; -5.1; -2.0; 9.4; -5.1; -1.6; 7.6; 5.4; -2.3; 9.5; 5.4; -1.9; 7.6
229.8; 26.464; -4.8; -2.0; 9.5; -4.8; -1.6; 7.5; 5.2; -2.4; 9.5; 5.2; -1.9; 7.6
230.0; 26.487; -4.6; -2.0; 9.5; -4.6; -1.6; 7.5; 4.9; -2.4; 9.5; 4.9; -1.9; 7.5
230.2; 26.510; -4.5; -2.1; 9.5; -4.5; -1.6; 7.5; 4.8; -2.5; 9.5; 4.8; -2.0; 7.5
230.4; 26.533; -4.5; -2.0; 9.5; -4.5; -1.6; 7.5; 4.8; -2.5; 9.5; 4.8; -2.0; 7.5
230.6; 26.556; -4.7; -2.0; 9.5; -4.7; -1.6; 7.5; 5.0; -2.4; 9.5; 5.0; -1.9; 7.5
230.8; 26.579; -5.0; -1.9; 9.5; -5.0; -1.6; 7.6; 5.4; -2.4; 9.5; 5.4; -1.9; 7.6
231.0; 26.602; -5.3; -1.9; 9.4; -5.3; -1.5; 7.6; 5.6; -2.3; 9.4; 5.6; -1.8; 7.6
231.2; 26.625; -5.5; -1.8; 9.4; -5.5; -1.4; 7.6; 5.8; -2.2; 9.4; 5.8; -1.8; 7.6
231.4; 26.648; -5.7; -1.6; 9.3; -5.7; -1.4; 7.7; 6.0; -2.0; 9.3; 6.0; -1.7; 7.7
231.6; 26.671; -5.8; -1.5; 9.3; -5.8; -1.3; 7.7; 6.1; -1.9; 9.3; 6.1; -1.6; 7.8
231.8; 26.695; -5.9; -1.4; 9.2; -5.9; -1.2; 7.8; 6.2; -1.7; 9.2; 6.2; -1.5; 7.8
232.0; 26.718; -6.0; -1.3; 9.2; -6.0; -1.1; 7.9; 6.3; -1.6; 9.2; 6.3; -1.4; 7.9
232.2; 26.741; -6.0; -1.1; 9.1; -6.0; -1.0; 7.9; 6.3; -1.4; 9.1; 6.3; -1.2; 7.9
232.4; 26.764; -6.1; -1.0; 9.0; -6.1; -0.9; 8.0; 6.4; -1.3; 9.0; 6.4; -1.1; 8.0
232.6; 26.787; -6.1; -0.9; 9.0; -6.1; -0.8; 8.0; 6.4; -1.1; 9.0; 6.4; -1.0; 8.0
232.8; 26.810; -6.1; -0.8; 8.9; -6.1; -0.7; 8.1; 6.4; -1.0; 8.9; 6.4; -0.9; 8.1
233.0; 26.833; -6.2; -0.7; 8.9; -6.2; -0.6; 8.1; 6.4; -0.9; 8.9; 6.4; -0.8; 8.1
233.2; 26.856; -6.2; -0.6; 8.8; -6.2; -0.6; 8.2; 6.4; -0.8; 8.8; 6.4; -0.7; 8.2
233.4; 26.880; -6.2; -0.5; 8.8; -6.2; -0.5; 8.2; 6.4; -0.7; 8.8; 6.4; -0.6; 8.2
233.6; 26.903; -6.2; -0.5; 8.8; -6.2; -0.4; 8.3; 6.4; -0.6; 8.8; 6.4; -0.5; 8.3
233.8; 26.926; -6.2; -0.4; 8.7; -6.2; -0.4; 8.3; 6.4; -0.5; 8.7; 6.4; -0.5; 8.3
234.0; 26.949; -6.2; -0.3; 8.7; -6.2; -0.3; 8.3; 6.4; -0.4; 8.7; 6.4; -0.4; 8.3
234.2; 26.972; -6.2; -0.3; 8.7; -6.2; -0.3; 8.3; 6.4; -0.4; 8.7; 6.4; -0.4; 8.3
234.4; 26.996; -6.2; -0.3; 8.7; -6.2; -0.3; 8.4; 6.4; -0.3; 8.7; 6.4; -0.3; 8.4
234.6; 27.019; -6.2; -0.2; 8.6; -6.2; -0.2; 8.4; 6.4; -0.3; 8.6; 6.4; -0.3; 8.4
234.8; 27.042; -6.1; -0.2; 8.6; -6.1; -0.2; 8.4; 6.4; -0.3; 8.6; 6.4; -0.3; 8.4
235.0; 27.065; -6.1; -0.2; 8.6; -6.1; -0.2; 8.4; 6.4; -0.3; 8.6; 6.4; -0.3; 8.4
235.2; 27.089; -6.1; -0.2; 8.6; -6.1; -0.2; 8.4; 6.4; -0.2; 8.6; 6.4; -0.2; 8.4
235.4; 27.112; -6.1; -0.2; 8.6; -6.1; -0.2; 8.4; 6.4; -0.2; 8.6; 6.4; -0.2; 8.4
235.6; 27.135; -6.1; -0.2; 8.6; -6.1; -0.2; 8.4; 6.4; -0.2; 8.6; 6.4; -0.2; 8.4
235.8; 27.159; -6.1; -0.2; 8.6; -6.1; -0.2; 8.4; 6.4; -0.2; 8.6; 6.4; -0.2; 8.4
236.0; 27.182; -6.1; -0.2; 8.6; -6.1; -0.2; 8.4; 6.4; -0.2; 8.6; 6.4; -0.2; 8.4
236.2; 27.205; -6.1; -0.2; 8.6; -6.1; -0.2; 8.4; 6.4; -0.2; 8.6; 6.4; -0.2; 8.4
236.4; 27.228; -6.1; -0.2; 8.6; -6.1; -0.2; 8.4; 6.4; -0.2; 8.6; 6.4; -0.2; 8.4
236.6; 27.252; -6.1; -0.2; 8.6; -6.1; -0.2; 8.4; 6.4; -0.2; 8.6; 6.4; -0.2; 8.4
236.8; 27.275; -6.1; -0.2; 8.6; -6.1; -0.2; 8.4; 6.4; -0.2; 8.6; 6.4; -0.2; 8.4
237.0; 27.299; -6.1; -0.2; 8.6; -6.1; -0.2; 8.4; 6.4; -0.2; 8.6; 6.4; -0.2; 8.4
237.2; 27.322; -6.1; -0.2; 8.6; -6.1; -0.2; 8.4; 6.4; -0.2; 8.6; 6.4; -0.2; 8.4
237.4; 27.345; -6.1; -0.2; 8.6; -6.1; -0.1; 8.4; 6.4; -0.2; 8.6; 6.4; -0.2; 8.4
237.6; 27.369; -6.1; -0.1; 8.6; -6.1; -0.1; 8.4; 6.4; -0.2; 8.6; 6.4; -0.2; 8.4
237.8; 27.392; -6.1; -0.1; 8.6; -6.1; -0.1; 8.4; 6.4; -0.2; 8.6; 6.4; -0.2; 8.4
238.0; 27.415; -6.1; -0.1; 8.6; -6.1; -0.1; 8.4; 6.4; -0.2; 8.6; 6.4; -0.2; 8.4
238.2; 27.439; -6.1; -0.1; 8.6; -6.1; -0.1; 8.4; 6.4; -0.1; 8.6; 6.4; -0.1; 8.4
238.4; 27.462; -6.1; -0.1; 8.6; -6.1; -0.1; 8.5; 6.4; -0.1; 8.6; 6.4; -0.1; 8.5
238.6; 27.486; -6.1; -0.1; 8.6; -6.1; -0.1; 8.5; 6.4; -0.1; 8.6; 6.4; -0.1; 8.5
238.8; 27.509; -6.1; -0.1; 8.6; -6.1; -0.1; 8.5; 6.4; -0.1; 8.6; 6.4; -0.1; 8.5
239.0; 27.533; -6.1; -0.1; 8.6; -6.1; -0.1; 8.5; 6.4; -0.1; 8.6; 6.4; -0.1; 8.5
239.2; 27.556; -6.1; -0.1; 8.5; -6.1; -0.1; 8.5; 6.4; -0.1; 8.5; 6.4; -0.1; 8.5
239.4; 27.580; -6.1; -0.1; 8.5; -6.1; -0.1; 8.5; 6.4; -0.1; 8.5; 6.4; -0.1; 8.5
239.6; 27.603; -6.1; -0.1; 8.5; -6.1; -0.1; 8.5; 6.4; -0.1; 8.5; 6.4; -0.1; 8.5
239.8; 27.627; -6.1; -0.0; 8.5; -6.1; -0.0; 8.5; 6.4; -0.1; 8.5; 6.4; -0.1; 8.5
240.0; 27.650; -6.1; -0.0; 8.5; -6.1; -0.0; 8.5; 6.4; -0.0; 8.5; 6.4; -0.0; 8.5
240.2; 27.674; -6.1; -0.0; 8.5; -6.1; -0.0; 8.5; 6.4; -0.0; 8.5; 6.4; -0.0; 8.5
240.4; 27.697; -6.1; -0.0; 8.5; -6.1; -0.0; 8.5; 6.4; -0.0; 8.5; 6.4; -0.0; 8.5
240.6; 27.721; -6.1; -0.0; 8.5; -6.1; -0.0; 8.5; 6.4; -0.0; 8.5; 6.4; -0.0; 8.5
240.8; 27.744; -6.1; -0.0; 8.5; -6.1; -0.0; 8.5; 6.4; -0.0; 8.5; 6.4; -0.0; 8.5
241.0; 27.768; -6.1; -0.0; 8.5; -6.1; -0.0; 8.5; 6.4; -0.0; 8.5; 6.4; -0.0; 8.5
241.2; 27.791; -6.1; -0.0; 8.5; -6.1; -0.0; 8.5; 6.4; -0.0; 8.5; 6.4; -0.0; 8.5
241.4; 27.815; -6.1; 0.0; 8.5; -6.1; 0.0; 8.5; 6.4; 0.0; 8.5; 6.4; 0.0; 8.5
241.6; 27.839; -6.1; 0.0; 8.5; -6.1; 0.0; 8.5; 6.4; 0.0; 8.5; 6.4; 0.0; 8.5
241.8; 27.862; -6.1; 0.0; 8.5; -6.1; 0.0; 8.5; 6.4; 0.0; 8.5; 6.4; 0.0; 8.5
242.0; 27.886; -6.1; 0.0; 8.5; -6.1; 0.0; 8.5; 6.4; 0.0; 8.5; 6.4; 0.0; 8.5
242.2; 27.909; -6.1; 0.0; 8.5; -6.1; 0.0; 8.5; 6.4; 0.0; 8.5; 6.4; 0.0; 8.5
242.4; 27.933; -6.1; 0.0; 8.5; -6.1; 0.0; 8.5; 6.4; 0.0; 8.5; 6.4; 0.0; 8.5
242.6; 27.957; -6.1; 0.0; 8.5; -6.1; 0.0; 8.5; 6.4; 0.0; 8.5; 6.4; 0.0; 8.5
242.8; 27.980; -6.1; 0.0; 8.5; -6.1; 0.0; 8.5; 6.4; 0.0; 8.5; 6.4; 0.0; 8.5
243.0; 28.004; -6.1; 0.0; 8.5; -6.1; 0.0; 8.5; 6.4; 0.0; 8.5; 6.4; 0.0; 8.5
243.2; 28.028; -6.1; -0.0; 8.5; -6.1; -0.0; 8.5; 6.4; -0.0; 8.5; 6.4; -0.0; 8.5
243.4; 28.051; -6.1; -0.0; 8.5; -6.1; -0.0; 8.5; 6.4; -0.0; 8.5; 6.4; -0.0; 8.5
243.6; 28.075; -6.1; -0.0; 8.5; -6.1; -0.0; 8.5; 6.4; -0.0; 8.5; 6.4; -0.0; 8.5
243.8; 28.099; -6.1; -0.0; 8.5; -6.1; -0.0; 8.5; 6.4; -0.0; 8.5; 6.4; -0.0; 8.5
244.0; 28.122; -6.1; -0.0; 8.5; -6.1; -0.0; 8.5; 6.4; -0.0; 8.5; 6.4; -0.0; 8.5
244.2; 28.146; -6.1; -0.0; 8.5; -6.1; -0.0; 8.5; 6.4; -0.0; 8.5; 6.4; -0.0; 8.5
244.4; 28.170; -6.1; -0.1; 8.5; -6.1; -0.1; 8.5; 6.4; -0.1; 8.5; 6.4; -0.1; 8.5
244.6; 28.193; -6.1; -0.1; 8.5; -6.1; -0.1; 8.5; 6.4; -0.1; 8.5; 6.4; -0.1; 8.5
244.8; 28.217; -6.1; -0.1; 8.5; -6.1; -0.1; 8.5; 6.4; -0.1; 8.5; 6.4; -0.1; 8.5
245.0; 28.241; -6.1; -0.1; 8.6; -6.1; -0.1; 8.5; 6.4; -0.1; 8.6; 6.4; -0.1; 8.5
245.2; 28.264; -6.1; -0.1; 8.6; -6.1; -0.1; 8.5; 6.4; -0.1; 8.6; 6.4; -0.1; 8.5
245.4; 28.288; -6.1; -0.1; 8.6; -6.1; -0.1; 8.4; 6.4; -0.1; 8.6; 6.4; -0.1; 8.4
245.6; 28.312; -6.1; -0.1; 8.6; -6.1; -0.1; 8.4; 6.4; -0.2; 8.6; 6.4; -0.2; 8.4
245.8; 28.335; -6.1; -0.2; 8.6; -6.1; -0.2; 8.4; 6.4; -0.2; 8.6; 6.4; -0.2; 8.4
246.0; 28.359; -6.1; -0.2; 8.6; -6.1; -0.2; 8.4; 6.4; -0.2; 8.6; 6.4; -0.2; 8.4
246.2; 28.383; -6.1; -0.2; 8.6; -6.1; -0.2; 8.4; 6.4; -0.2; 8.6; 6.4; -0.2; 8.4
246.4; 28.406; -6.1; -0.2; 8.6; -6.1; -0.2; 8.4; 6.4; -0.2; 8.6; 6.4; -0.2; 8.4
246.6; 28.430; -6.1; -0.2; 8.6; -6.1; -0.2; 8.4; 6.4; -0.3; 8.6; 6.4; -0.3; 8.4
246.8; 28.453; -6.1; -0.2; 8.6; -6.1; -0.2; 8.4; 6.4; -0.3; 8.6; 6.4; -0.3; 8.4
247.0; 28.477; -6.1; -0.3; 8.6; -6.1; -0.2; 8.4; 6.4; -0.3; 8.6; 6.4; -0.3; 8.4
247.2; 28.500; -6.1; -0.3; 8.6; -6.1; -0.3; 8.4; 6.4; -0.3; 8.6; 6.4; -0.3; 8.4
247.4; 28.524; -6.1; -0.3; 8.6; -6.1; -0.3; 8.4; 6.4; -0.3; 8.6; 6.4; -0.3; 8.4
247.6; 28.548; -6.1; -0.3; 8.6; -6.1; -0.3; 8.4; 6.4; -0.3; 8.6; 6.4; -0.3; 8.4
247.8; 28.571; -6.1; -0.3; 8.6; -6.1; -0.3; 8.4; 6.4; -0.3; 8.6; 6.4; -0.3; 8.4
248.0; 28.595; -6.1; -0.3; 8.6; -6.1; -0.2; 8.4; 6.4; -0.3; 8.6; 6.4; -0.3; 8.4
248.2; 28.618; -6.1; -0.2; 8.6; -6.1; -0.2; 8.4; 6.4; -0.3; 8.6; 6.4; -0.3; 8.4
248.4; 28.642; -6.1; -0.2; 8.6; -6.1; -0.2; 8.4; 6.4; -0.3; 8.6; 6.4; -0.3; 8.4
248.6; 28.665; -6.1; -0.2; 8.6; -6.1; -0.2; 8.4; 6.4; -0.2; 8.6; 6.4; -0.2; 8.4
248.8; 28.689; -6.1; -0.2; 8.6; -6.1; -0.2; 8.4; 6.4; -0.2; 8.6; 6.4; -0.2; 8.4
249.0; 28.712; -6.1; -0.1; 8.6; -6.1; -0.1; 8.4; 6.4; -0.2; 8.6; 6.4; -0.2; 8.4
249.2; 28.736; -6.1; -0.1; 8.6; -6.1; -0.1; 8.4; 6.4; -0.2; 8.6; 6.4; -0.2; 8.4
249.4; 28.759; -6.1; -0.1; 8.6; -6.1; -0.1; 8.5; 6.4; -0.1; 8.6; 6.4; -0.1; 8.5
249.6; 28.782; -6.1; -0.1; 8.6; -6.1; -0.1; 8.5; 6.4; -0.1; 8.6; 6.4; -0.1; 8.5
249.8; 28.806; -6.1; -0.0; 8.5; -6.1; -0.0; 8.5; 6.4; -0.1; 8.5; 6.4; -0.1; 8.5
250.0; 28.829; -6.1; -0.0; 8.5; -6.1; -0.0; 8.5; 6.4; -0.0; 8.5; 6.4; -0.0; 8.5
250.2; 28.853; -6.1; -0.0; 8.5; -6.1; -0.0; 8.5; 6.4; -0.0; 8.5; 6.4; -0.0; 8.5
250.4; 28.876; -6.1; 0.0; 8.5; -6.1; 0.0; 8.5; 6.4; 0.0; 8.5; 6.4; 0.0; 8.5
250.6; 28.899; -6.1; 0.0; 8.5; -6.1; 0.0; 8.5; 6.4; 0.0; 8.5; 6.4; 0.0; 8.5
250.8; 28.923; -6.1; 0.0; 8.5; -6.1; 0.0; 8.5; 6.4; 0.0; 8.5; 6.4; 0.0; 8.5
251.0; 28.946; -6.1; 0.0; 8.5; -6.1; 0.0; 8.5; 6.4; 0.0; 8.5; 6.4; 0.0; 8.5
251.2; 28.970; -6.1; 0.0; 8.5; -6.1; 0.0; 8.5; 6.4; 0.0; 8.5; 6.4; 0.0; 8.5
251.4; 28.993; -6.1; 0.0; 8.5; -6.1; 0.0; 8.5; 6.4; 0.0; 8.5; 6.4; 0.0; 8.5
251.6; 29.016; -6.1; 0.0; 8.5; -6.1; 0.0; 8.5; 6.4; 0.0; 8.5; 6.4; 0.0; 8.5
251.8; 29.039; -6.1; -0.0; 8.5; -6.1; -0.0; 8.5; 6.4; -0.0; 8.5; 6.4; -0.0; 8.5
252.0; 29.063; -6.2; -0.0; 8.5; -6.2; -0.0; 8.5; 6.4; -0.0; 8.5; 6.4; -0.0; 8.5
252.2; 29.086; -6.2; -0.1; 8.6; -6.2; -0.1; 8.5; 6.4; -0.1; 8.6; 6.4; -0.1; 8.5
252.4; 29.109; -6.2; -0.1; 8.6; -6.2; -0.1; 8.4; 6.5; -0.1; 8.6; 6.5; -0.1; 8.4
252.6; 29.133; -6.2; -0.2; 8.6; -6.2; -0.2; 8.4; 6.5; -0.2; 8.6; 6.5; -0.2; 8.4
252.8; 29.156; -6.2; -0.3; 8.6; -6.2; -0.3; 8.4; 6.5; -0.3; 8.6; 6.5; -0.3; 8.4
253.0; 29.179; -6.2; -0.4; 8.7; -6.2; -0.4; 8.3; 6.5; -0.4; 8.7; 6.5; -0.4; 8.3
253.2; 29.202; -6.2; -0.5; 8.7; -6.2; -0.4; 8.3; 6.5; -0.5; 8.7; 6.5; -0.5; 8.3
253.4; 29.225; -6.2; -0.6; 8.8; -6.2; -0.5; 8.2; 6.5; -0.6; 8.8; 6.5; -0.6; 8.2
253.6; 29.249; -6.2; -0.7; 8.9; -6.2; -0.6; 8.2; 6.5; -0.8; 8.9; 6.5; -0.7; 8.2
253.8; 29.272; -6.2; -0.8; 8.9; -6.2; -0.8; 8.1; 6.4; -0.9; 8.9; 6.4; -0.8; 8.1
254.0; 29.295; -6.1; -1.0; 9.0; -6.1; -0.9; 8.0; 6.4; -1.1; 9.0; 6.4; -1.0; 8.0
254.2; 29.318; -6.0; -1.1; 9.1; -6.0; -1.0; 8.0; 6.3; -1.3; 9.1; 6.3; -1.1; 8.0
254.4; 29.341; -5.9; -1.3; 9.1; -5.9; -1.1; 7.9; 6.2; -1.5; 9.1; 6.2; -1.3; 7.9
254.6; 29.364; -5.7; -1.5; 9.2; -5.7; -1.2; 7.8; 6.0; -1.7; 9.2; 6.0; -1.4; 7.8
254.8; 29.388; -5.4; -1.6; 9.3; -5.4; -1.4; 7.7; 5.7; -1.9; 9.3; 5.7; -1.6; 7.7
255.0; 29.411; -5.1; -1.8; 9.4; -5.1; -1.5; 7.6; 5.4; -2.1; 9.4; 5.4; -1.7; 7.7
255.2; 29.434; -4.8; -2.0; 9.4; -4.8; -1.6; 7.6; 5.1; -2.3; 9.4; 5.1; -1.8; 7.6
255.4; 29.457; -4.5; -2.1; 9.5; -4.5; -1.7; 7.5; 4.8; -2.5; 9.5; 4.8; -2.0; 7.5
255.6; 29.480; -4.2; -2.2; 9.6; -4.2; -1.7; 7.4; 4.5; -2.6; 9.6; 4.5; -2.1; 7.5
255.8; 29.503; -4.1; -2.4; 9.6; -4.1; -1.8; 7.4; 4.4; -2.8; 9.6; 4.4; -2.2; 7.4
256.0; 29.526; -4.2; -2.4; 9.6; -4.2; -1.9; 7.4; 4.6; -2.9; 9.7; 4.6; -2.2; 7.4
256.2; 29.549; -4.6; -2.5; 9.7; -4.6; -1.9; 7.3; 4.9; -3.0; 9.7; 4.9; -2.3; 7.3
256.4; 29.572; -4.8; -2.5; 9.7; -4.8; -1.9; 7.3; 5.1; -3.0; 9.7; 5.1; -2.3; 7.3
256.6; 29.595; -5.0; -2.5; 9.7; -5.0; -1.9; 7.3; 5.3; -3.0; 9.7; 5.3; -2.3; 7.3
256.8; 29.618; -5.1; -2.5; 9.7; -5.1; -1.9; 7.3; 5.4; -3.1; 9.7; 5.4; -2.3; 7.3
257.0; 29.641; -5.1; -2.5; 9.7; -5.1; -1.9; 7.3; 5.5; -3.0; 9.7; 5.5; -2.3; 7.3
257.2; 29.664; -5.1; -2.5; 9.7; -5.1; -1.9; 7.3; 5.5; -3.0; 9.7; 5.5; -2.3; 7.3
257.4; 29.687; -5.1; -2.5; 9.7; -5.1; -1.9; 7.3; 5.4; -3.0; 9.7; 5.4; -2.3; 7.3
257.6; 29.710; -5.0; -2.4; 9.7; -5.0; -1.9; 7.3; 5.4; -2.9; 9.7; 5.4; -2.3; 7.4
257.8; 29.733; -5.0; -2.4; 9.6; -5.0; -1.8; 7.4; 5.3; -2.9; 9.7; 5.3; -2.2; 7.4
258.0; 29.756; -4.9; -2.3; 9.6; -4.9; -1.8; 7.4; 5.2; -2.8; 9.6; 5.2; -2.2; 7.4
258.2; 29.779; -4.9; -2.2; 9.6; -4.9; -1.7; 7.4; 5.2; -2.7; 9.6; 5.2; -2.1; 7.4
258.4; 29.801; -5.0; -2.2; 9.5; -5.0; -1.7; 7.5; 5.3; -2.6; 9.6; 5.3; -2.1; 7.5
258.6; 29.824; -5.2; -2.1; 9.5; -5.2; -1.6; 7.5; 5.5; -2.5; 9.5; 5.5; -2.0; 7.5
258.8; 29.847; -5.5; -1.9; 9.5; -5.5; -1.5; 7.6; 5.8; -2.4; 9.5; 5.8; -1.9; 7.6
259.0; 29.870; -5.8; -1.8; 9.4; -5.8; -1.5; 7.6; 6.1; -2.2; 9.4; 6.1; -1.8; 7.6
259.2; 29.892; -6.0; -1.7; 9.3; -6.0; -1.4; 7.7; 6.3; -2.1; 9.3; 6.3; -1.7; 7.7
259.4; 29.915; -6.2; -1.6; 9.3; -6.2; -1.3; 7.7; 6.5; -1.9; 9.3; 6.5; -1.6; 7.7
259.6; 29.938; -6.3; -1.5; 9.2; -6.3; -1.2; 7.8; 6.6; -1.8; 9.2; 6.6; -1.5; 7.8
259.8; 29.960; -6.4; -1.4; 9.2; -6.4; -1.2; 7.8; 6.7; -1.7; 9.2; 6.7; -1.4; 7.8
260.0; 29.983; -6.5; -1.3; 9.2; -6.5; -1.1; 7.9; 6.8; -1.6; 9.2; 6.8; -1.4; 7.9
260.2; 30.005; -6.6; -1.3; 9.1; -6.6; -1.1; 7.9; 6.8; -1.5; 9.1; 6.8; -1.3; 7.9
260.4; 30.028; -6.6; -1.3; 9.1; -6.6; -1.1; 7.9; 6.9; -1.5; 9.1; 6.9; -1.3; 7.9
260.6; 30.050; -6.7; -1.3; 9.2; -6.7; -1.2; 7.9; 7.0; -1.6; 9.2; 7.0; -1.3; 7.9
260.8; 30.073; -6.7; -1.5; 9.2; -6.7; -1.2; 7.8; 7.0; -1.7; 9.2; 7.0; -1.4; 7.8
261.0; 30.095; -6.7; -1.6; 9.3; -6.7; -1.3; 7.7; 7.0; -1.8; 9.3; 7.0; -1.5; 7.7
261.2; 30.118; -6.6; -1.8; 9.4; -6.6; -1.5; 7.7; 6.9; -2.0; 9.4; 6.9; -1.7; 7.7
261.4; 30.140; -6.5; -2.1; 9.5; -6.5; -1.7; 7.5; 6.9; -2.3; 9.5; 6.9; -1.9; 7.5
261.6; 30.163; -6.4; -2.4; 9.6; -6.4; -1.9; 7.4; 6.7; -2.7; 9.6; 6.7; -2.1; 7.4
261.8; 30.185; -6.1; -2.9; 9.8; -6.1; -2.1; 7.2; 6.5; -3.2; 9.8; 6.5; -2.4; 7.2
262.0; 30.208; -5.8; -3.3; 10.0; -5.8; -2.4; 7.0; 6.1; -3.7; 10.0; 6.1; -2.6; 7.1
262.2; 30.230; -5.3; -3.9; 10.2; -5.3; -2.6; 6.8; 5.6; -4.3; 10.2; 5.6; -2.9; 6.9
262.4; 30.253; -3.9; -4.4; 10.4; -3.9; -2.8; 6.6; 4.3; -5.0; 10.4; 4.3; -3.2; 6.6
262.6; 30.275; -1.0; -5.0; 10.6; -1.0; -3.0; 6.4; 1.5; -5.7; 10.7; 1.5; -3.5; 6.4
262.8; 30.297; -0.4; -5.7; 10.8; -0.4; -3.2; 6.1; 0.9; -6.5; 10.9; 0.9; -3.8; 6.2
263.0; 30.320; -0.2; -6.3; 11.1; -0.2; -3.4; 5.9; 0.8; -7.3; 11.1; 0.8; -4.0; 6.0
263.2; 30.342; -0.2; -7.0; 11.2; -0.2; -3.5; 5.7; 0.8; -8.0; 11.3; 0.8; -4.1; 5.8
263.4; 30.365; -0.2; -7.5; 11.4; -0.2; -3.6; 5.5; 0.8; -8.7; 11.5; 0.8; -4.3; 5.6
263.6; 30.387; -0.2; -8.0; 11.6; -0.2; -3.7; 5.3; 0.9; -9.4; 11.7; 0.9; -4.4; 5.4
263.8; 30.409; -0.2; -8.4; 11.7; -0.2; -3.7; 5.2; 0.9; -9.9; 11.9; 0.9; -4.5; 5.3
264.0; 30.432; -0.2; -8.8; 11.8; -0.2; -3.8; 5.0; 1.0; -10.4; 12.0; 1.0; -4.6; 5.2
264.2; 30.454; -0.2; -9.1; 11.9; -0.2; -3.8; 5.0; 1.0; -10.7; 12.1; 1.0; -4.6; 5.1
264.4; 30.477; -0.2; -9.3; 12.0; -0.2; -3.8; 4.9; 1.1; -11.0; 12.1; 1.1; -4.6; 5.1
264.6; 30.499; -0.4; -9.4; 12.0; -0.4; -3.8; 4.8; 1.3; -11.3; 12.2; 1.3; -4.7; 5.0
264.8; 30.521; -0.5; -9.6; 12.0; -0.5; -3.8; 4.8; 1.5; -11.5; 12.3; 1.5; -4.7; 5.0
265.0; 30.544; -0.4; -9.6; 12.1; -0.4; -3.8; 4.7; 1.4; -11.6; 12.3; 1.4; -4.7; 5.0
265.2; 30.566; -0.3; -9.7; 12.1; -0.3; -3.8; 4.7; 1.3; -11.7; 12.3; 1.3; -4.7; 4.9
265.4; 30.588; -0.2; -9.7; 12.1; -0.2; -3.8; 4.7; 1.3; -11.8; 12.3; 1.3; -4.7; 4.9
265.6; 30.610; -0.2; -9.7; 12.1; -0.2; -3.8; 4.7; 1.2; -11.9; 12.3; 1.2; -4.8; 4.9
265.8; 30.633; -0.1; -9.8; 12.1; -0.1; -3.8; 4.7; 1.2; -11.9; 12.3; 1.2; -4.8; 4.9
266.0; 30.655; -0.1; -9.8; 12.1; -0.1; -3.8; 4.7; 1.2; -11.9; 12.4; 1.2; -4.8; 4.9
266.2; 30.677; -0.1; -9.8; 12.1; -0.1; -3.8; 4.7; 1.2; -11.9; 12.4; 1.2; -4.8; 4.9
266.4; 30.699; -0.1; -9.8; 12.1; -0.1; -3.8; 4.7; 1.2; -11.9; 12.4; 1.2; -4.8; 4.9
266.6; 30.722; -0.1; -9.8; 12.1; -0.1; -3.8; 4.7; 1.2; -11.9; 12.4; 1.2; -4.8; 4.9
266.8; 30.744; -0.1; -9.8; 12.1; -0.1; -3.8; 4.7; 1.2; -11.9; 12.4; 1.2; -4.8; 4.9
267.0; 30.766; -0.1; -9.8; 12.1; -0.1; -3.8; 4.7; 1.2; -11.9; 12.4; 1.2; -4.8; 4.9
267.2; 30.788; -0.1; -9.8; 12.1; -0.1; -3.8; 4.7; 1.2; -11.9; 12.4; 1.2; -4.8; 4.9
267.4; 30.810; -0.1; -9.8; 12.1; -0.1; -3.8; 4.7; 1.2; -11.9; 12.4; 1.2; -4.8; 4.9
267.6; 30.832; -0.1; -9.8; 12.1; -0.1; -3.8; 4.7; 1.2; -11.9; 12.4; 1.2; -4.8; 4.9
267.8; 30.854; -0.1; -9.8; 12.1; -0.1; -3.8; 4.7; 1.2; -11.9; 12.4; 1.2; -4.8; 4.9
268.0; 30.876; -0.1; -9.8; 12.1; -0.1; -3.8; 4.7; 1.2; -11.9; 12.4; 1.2; -4.8; 4.9
268.2; 30.898; -0.1; -9.8; 12.1; -0.1; -3.8; 4.7; 1.2; -11.9; 12.4; 1.2; -4.8; 4.9
268.4; 30.920; -0.1; -9.8; 12.1; -0.1; -3.8; 4.7; 1.2; -11.9; 12.4; 1.2; -4.8; 4.9
268.6; 30.942; -0.1; -9.8; 12.1; -0.1; -3.8; 4.7; 1.2; -11.9; 12.4; 1.2; -4.8; 4.9
268.8; 30.964; -0.1; -9.8; 12.1; -0.1; -3.8; 4.7; 1.2; -11.9; 12.4; 1.2; -4.8; 4.9
269.0; 30.986; -0.1; -9.8; 12.1; -0.1; -3.8; 4.7; 1.2; -11.9; 12.4; 1.2; -4.8; 4.9
269.2; 31.007; -0.1; -9.8; 12.1; -0.1; -3.8; 4.7; 1.2; -11.9; 12.4; 1.2; -4.8; 4.9
269.4; 31.029; -0.1; -9.8; 12.1; -0.1; -3.8; 4.7; 1.2; -11.9; 12.4; 1.2; -4.8; 4.9
269.6; 31.051; -0.1; -9.8; 12.1; -0.1; -3.8; 4.7; 1.2; -11.9; 12.4; 1.2; -4.8; 4.9
269.8; 31.072; -0.1; -9.8; 12.1; -0.1; -3.8; 4.7; 1.2; -11.9; 12.4; 1.2; -4.8; 4.9
270.0; 31.093; -0.1; -9.8; 12.1; -0.1; -3.8; 4.7; 1.2; -11.9; 12.4; 1.2; -4.8; 4.9
270.2; 31.115; -0.1; -9.8; 12.1; -0.1; -3.8; 4.7; 1.2; -11.9; 12.4; 1.2; -4.8; 4.9
270.4; 31.136; -0.1; -9.8; 12.1; -0.1; -3.8; 4.7; 1.2; -11.9; 12.4; 1.2; -4.8; 4.9
270.6; 31.157; -0.1; -9.8; 12.1; -0.1; -3.8; 4.7; 1.2; -11.9; 12.4; 1.2; -4.8; 4.9
270.8; 31.178; -0.1; -9.8; 12.1; -0.1; -3.8; 4.7; 1.2; -11.9; 12.4; 1.2; -4.8; 4.9
271.0; 31.199; -0.1; -9.8; 12.1; -0.1; -3.8; 4.7; 1.2; -11.9; 12.4; 1.2; -4.8; 4.9
271.2; 31.220; -0.1; -9.8; 12.1; -0.1; -3.8; 4.7; 1.2; -11.9; 12.4; 1.2; -4.8; 4.9
271.4; 31.240; -0.1; -9.8; 12.1; -0.1; -3.8; 4.7; 1.2; -11.9; 12.4; 1.2; -4.8; 4.9
271.6; 31.261; -0.1; -9.8; 12.1; -0.1; -3.8; 4.7; 1.2; -11.9; 12.4; 1.2; -4.8; 4.9
271.8; 31.282; -0.1; -9.8; 12.1; -0.1; -3.8; 4.7; 1.2; -11.9; 12.4; 1.2; -4.8; 4.9
272.0; 31.302; -0.1; -9.8; 12.1; -0.1; -3.8; 4.7; 1.2; -11.9; 12.4; 1.2; -4.8; 4.9
272.2; 31.323; -0.1; -9.8; 12.1; -0.1; -3.8; 4.7; 1.2; -11.9; 12.4; 1.2; -4.8; 4.9
272.4; 31.343; -0.1; -9.8; 12.1; -0.1; -3.8; 4.7; 1.2; -11.9; 12.4; 1.2; -4.8; 4.9
272.6; 31.364; -0.1; -9.8; 12.1; -0.1; -3.8; 4.7; 1.2; -11.9; 12.4; 1.2; -4.8; 4.9
272.8; 31.384; -0.1; -9.8; 12.1; -0.1; -3.8; 4.7; 1.2; -11.9; 12.4; 1.2; -4.8; 4.9
273.0; 31.405; -0.1; -9.8; 12.1; -0.1; -3.8; 4.7; 1.2; -11.9; 12.4; 1.2; -4.8; 4.9
273.2; 31.426; -0.1; -9.8; 12.1; -0.1; -3.8; 4.7; 1.2; -11.9; 12.4; 1.2; -4.8; 4.9
273.4; 31.447; -0.1; -9.8; 12.1; -0.1; -3.8; 4.7; 1.2; -11.9; 12.4; 1.2; -4.8; 4.9
273.6; 31.469; -0.1; -9.8; 12.1; -0.1; -3.8; 4.7; 1.2; -11.9; 12.4; 1.2; -4.8; 4.9
273.8; 31.490; -0.1; -9.8; 12.1; -0.1; -3.8; 4.7; 1.2; -11.9; 12.4; 1.2; -4.8; 4.9
274.0; 31.512; -0.1; -9.8; 12.1; -0.1; -3.8; 4.7; 1.2; -11.9; 12.4; 1.2; -4.8; 4.9
274.2; 31.534; -0.1; -9.8; 12.1; -0.1; -3.8; 4.7; 1.2; -11.9; 12.4; 1.2; -4.8; 4.9
274.4; 31.556; -0.1; -9.8; 12.1; -0.1; -3.8; 4.7; 1.2; -11.9; 12.4; 1.2; -4.8; 4.9
274.6; 31.578; -0.1; -9.8; 12.1; -0.1; -3.8; 4.7; 1.2; -11.9; 12.4; 1.2; -4.8; 4.9
274.8; 31.600; -0.1; -9.8; 12.1; -0.1; -3.8; 4.7; 1.2; -11.9; 12.4; 1.2; -4.8; 4.9
275.0; 31.622; -0.1; -9.8; 12.1; -0.1; -3.8; 4.7; 1.2; -11.9; 12.4; 1.2; -4.8; 4.9
275.2; 31.645; -0.1; -9.8; 12.1; -0.1; -3.8; 4.7; 1.2; -11.9; 12.4; 1.2; -4.8; 4.9
275.4; 31.667; -0.1; -9.7; 12.1; -0.1; -3.8; 4.7; 1.2; -11.9; 12.3; 1.2; -4.8; 4.9
275.6; 31.690; -0.1; -9.6; 12.1; -0.1; -3.8; 4.7; 1.2; -11.9; 12.3; 1.2; -4.8; 4.9
275.8; 31.712; -0.2; -9.4; 12.1; -0.2; -3.7; 4.7; 1.3; -11.8; 12.3; 1.3; -4.8; 5.0
276.0; 31.735; -0.3; -9.2; 12.0; -0.3; -3.7; 4.8; 1.4; -11.6; 12.2; 1.4; -4.8; 5.0
276.2; 31.758; -0.6; -8.8; 11.9; -0.6; -3.7; 4.9; 1.5; -11.3; 12.1; 1.5; -4.8; 5.1
276.4; 31.781; -1.0; -8.3; 11.8; -1.0; -3.6; 5.0; 1.9; -10.9; 12.0; 1.9; -4.8; 5.2
276.6; 31.803; -1.5; -7.6; 11.6; -1.5; -3.5; 5.2; 2.3; -10.1; 11.8; 2.3; -4.7; 5.4
276.8; 31.826; -2.3; -6.7; 11.3; -2.3; -3.3; 5.6; 3.0; -9.0; 11.5; 3.0; -4.5; 5.7
277.0; 31.849; -3.3; -5.5; 11.0; -3.3; -3.0; 6.0; 3.8; -7.5; 11.0; 3.8; -4.2; 6.1
277.2; 31.872; -4.2; -4.3; 10.5; -4.2; -2.7; 6.4; 4.7; -5.9; 10.6; 4.7; -3.7; 6.5
277.4; 31.895; -5.0; -3.3; 10.1; -5.0; -2.2; 6.9; 5.4; -4.4; 10.1; 5.4; -3.0; 6.9
277.6; 31.919; -5.5; -2.4; 9.7; -5.5; -1.8; 7.3; 5.9; -3.2; 9.7; 5.9; -2.4; 7.3
277.8; 31.942; -5.9; -1.7; 9.4; -5.9; -1.4; 7.6; 6.2; -2.3; 9.4; 6.2; -1.9; 7.6
278.0; 31.965; -6.0; -1.2; 9.2; -6.0; -1.1; 7.8; 6.3; -1.7; 9.2; 6.3; -1.4; 7.9
278.2; 31.988; -6.1; -0.9; 9.0; -6.1; -0.8; 8.0; 6.4; -1.2; 9.0; 6.4; -1.1; 8.0
278.4; 32.011; -6.1; -0.6; 8.9; -6.1; -0.6; 8.2; 6.4; -0.8; 8.9; 6.4; -0.8; 8.2
278.6; 32.035; -6.2; -0.4; 8.8; -6.2; -0.4; 8.3; 6.4; -0.6; 8.8; 6.4; -0.6; 8.3
278.8; 32.058; -6.1; -0.3; 8.7; -6.1; -0.3; 8.4; 6.4; -0.4; 8.7; 6.4; -0.4; 8.4
279.0; 32.081; -6.1; -0.2; 8.6; -6.1; -0.2; 8.4; 6.4; -0.2; 8.6; 6.4; -0.2; 8.4
279.2; 32.104; -6.1; -0.1; 8.6; -6.1; -0.1; 8.5; 6.4; -0.1; 8.6; 6.4; -0.1; 8.5
279.4; 32.127; -6.1; 0.0; 8.5; -6.1; 0.0; 8.5; 6.4; -0.0; 8.5; 6.4; -0.0; 8.5
279.6; 32.151; -6.1; 0.1; 8.5; -6.1; 0.1; 8.5; 6.4; 0.0; 8.5; 6.4; 0.0; 8.5
279.8; 32.174; -6.1; 0.1; 8.5; -6.1; 0.1; 8.6; 6.4; 0.1; 8.5; 6.4; 0.1; 8.6
280.0; 32.197; -6.1; 0.1; 8.4; -6.1; 0.1; 8.6; 6.4; 0.1; 8.4; 6.4; 0.1; 8.6
280.2; 32.220; -6.1; 0.1; 8.4; -6.1; 0.1; 8.6; 6.4; 0.2; 8.4; 6.4; 0.2; 8.6
280.4; 32.243; -6.1; 0.2; 8.4; -6.1; 0.2; 8.6; 6.4; 0.2; 8.4; 6.4; 0.2; 8.6
280.6; 32.267; -6.1; 0.2; 8.4; -6.1; 0.2; 8.6; 6.4; 0.2; 8.4; 6.4; 0.2; 8.6
280.8; 32.290; -6.1; 0.2; 8.4; -6.1; 0.2; 8.6; 6.4; 0.2; 8.4; 6.4; 0.2; 8.6
281.0; 32.313; -6.1; 0.2; 8.4; -6.1; 0.2; 8.6; 6.4; 0.2; 8.4; 6.4; 0.2; 8.6
281.2; 32.337; -6.1; 0.1; 8.4; -6.1; 0.2; 8.6; 6.4; 0.2; 8.4; 6.4; 0.2; 8.6
281.4; 32.360; -6.1; 0.1; 8.4; -6.1; 0.1; 8.6; 6.4; 0.2; 8.4; 6.4; 0.2; 8.6
281.6; 32.383; -6.1; 0.1; 8.4; -6.1; 0.1; 8.6; 6.4; 0.2; 8.4; 6.4; 0.2; 8.6
281.8; 32.407; -6.1; 0.1; 8.4; -6.1; 0.1; 8.6; 6.4; 0.1; 8.4; 6.4; 0.1; 8.6
282.0; 32.430; -6.1; 0.1; 8.5; -6.1; 0.1; 8.6; 6.4; 0.1; 8.5; 6.4; 0.1; 8.6
282.2; 32.453; -6.1; 0.1; 8.5; -6.1; 0.1; 8.6; 6.4; 0.1; 8.5; 6.4; 0.1; 8.6
282.4; 32.477; -6.1; 0.1; 8.5; -6.1; 0.1; 8.6; 6.4; 0.1; 8.5; 6.4; 0.1; 8.6
282.6; 32.500; -6.1; 0.1; 8.5; -6.1; 0.1; 8.5; 6.4; 0.1; 8.5; 6.4; 0.1; 8.5
282.8; 32.523; -6.1; 0.1; 8.5; -6.1; 0.1; 8.5; 6.4; 0.1; 8.5; 6.4; 0.1; 8.5
283.0; 32.547; -6.1; 0.1; 8.5; -6.1; 0.1; 8.5; 6.4; 0.1; 8.5; 6.4; 0.1; 8.5
283.2; 32.570; -6.1; 0.0; 8.5; -6.1; 0.0; 8.5; 6.4; 0.1; 8.5; 6.4; 0.1; 8.5
283.4; 32.594; -6.1; 0.0; 8.5; -6.1; 0.0; 8.5; 6.4; 0.1; 8.5; 6.4; 0.1; 8.5
283.6; 32.617; -6.1; 0.0; 8.5; -6.1; 0.0; 8.5; 6.4; 0.1; 8.5; 6.4; 0.1; 8.5
283.8; 32.641; -6.1; 0.0; 8.5; -6.1; 0.0; 8.5; 6.4; 0.1; 8.5; 6.4; 0.1; 8.5
284.0; 32.664; -6.1; 0.1; 8.5; -6.1; 0.1; 8.5; 6.4; 0.1; 8.5; 6.4; 0.1; 8.5
284.2; 32.688; -6.1; 0.1; 8.5; -6.1; 0.1; 8.5; 6.4; 0.1; 8.5; 6.4; 0.1; 8.5
284.4; 32.711; -6.1; 0.1; 8.5; -6.1; 0.1; 8.5; 6.4; 0.1; 8.5; 6.4; 0.1; 8.5
284.6; 32.735; -6.1; 0.1; 8.5; -6.1; 0.1; 8.6; 6.4; 0.1; 8.5; 6.4; 0.1; 8.6
284.8; 32.759; -6.1; 0.1; 8.5; -6.1; 0.1; 8.6; 6.4; 0.1; 8.5; 6.4; 0.1; 8.6
285.0; 32.782; -6.1; 0.1; 8.4; -6.1; 0.1; 8.6; 6.4; 0.1; 8.4; 6.4; 0.2; 8.6
285.2; 32.806; -6.1; 0.2; 8.4; -6.1; 0.2; 8.6; 6.4; 0.2; 8.4; 6.4; 0.2; 8.6
285.4; 32.830; -6.1; 0.2; 8.4; -6.1; 0.2; 8.6; 6.4; 0.2; 8.4; 6.4; 0.2; 8.6
285.6; 32.853; -6.1; 0.2; 8.4; -6.1; 0.2; 8.6; 6.4; 0.2; 8.4; 6.4; 0.2; 8.6
285.8; 32.877; -6.1; 0.2; 8.4; -6.1; 0.3; 8.6; 6.4; 0.3; 8.4; 6.4; 0.3; 8.6
286.0; 32.901; -6.1; 0.3; 8.4; -6.1; 0.3; 8.7; 6.4; 0.3; 8.4; 6.4; 0.3; 8.7
286.2; 32.924; -6.1; 0.3; 8.3; -6.1; 0.3; 8.7; 6.4; 0.4; 8.3; 6.4; 0.4; 8.7
286.4; 32.948; -6.1; 0.3; 8.3; -6.1; 0.4; 8.7; 6.4; 0.4; 8.3; 6.4; 0.4; 8.7
286.6; 32.972; -6.1; 0.4; 8.3; -6.1; 0.4; 8.7; 6.3; 0.4; 8.3; 6.3; 0.4; 8.7
286.8; 32.996; -6.1; 0.4; 8.3; -6.1; 0.4; 8.7; 6.3; 0.5; 8.3; 6.3; 0.5; 8.7
287.0; 33.019; -6.0; 0.4; 8.3; -6.0; 0.4; 8.7; 6.3; 0.5; 8.3; 6.3; 0.5; 8.7
287.2; 33.043; -6.0; 0.4; 8.3; -6.0; 0.5; 8.7; 6.3; 0.5; 8.3; 6.3; 0.5; 8.7
287.4; 33.067; -6.0; 0.4; 8.3; -6.0; 0.5; 8.8; 6.2; 0.5; 8.3; 6.2; 0.6; 8.8
287.6; 33.091; -5.9; 0.4; 8.3; -5.9; 0.5; 8.8; 6.2; 0.5; 8.3; 6.2; 0.6; 8.8
287.8; 33.115; -5.9; 0.4; 8.3; -5.9; 0.4; 8.7; 6.2; 0.5; 8.3; 6.2; 0.5; 8.7
288.0; 33.139; -5.9; 0.4; 8.3; -5.9; 0.4; 8.7; 6.2; 0.5; 8.3; 6.2; 0.5; 8.7
288.2; 33.162; -6.0; 0.3; 8.3; -6.0; 0.4; 8.7; 6.2; 0.4; 8.3; 6.2; 0.5; 8.7
288.4; 33.186; -6.0; 0.3; 8.4; -6.0; 0.3; 8.7; 6.3; 0.4; 8.4; 6.3; 0.4; 8.7
288.6; 33.210; -6.1; 0.2; 8.4; -6.1; 0.2; 8.6; 6.4; 0.2; 8.4; 6.4; 0.3; 8.6
288.8; 33.234; -6.2; 0.0; 8.5; -6.2; 0.0; 8.5; 6.5; 0.1; 8.5; 6.5; 0.1; 8.5
289.0; 33.258; -6.4; -0.1; 8.6; -6.4; -0.1; 8.5; 6.7; -0.1; 8.6; 6.7; -0.1; 8.5
289.2; 33.282; -6.6; -0.3; 8.7; -6.6; -0.3; 8.4; 6.8; -0.3; 8.7; 6.8; -0.3; 8.4
289.4; 33.306; -6.7; -0.6; 8.8; -6.7; -0.6; 8.2; 7.0; -0.6; 8.8; 7.0; -0.6; 8.2
289.6; 33.330; -6.8; -0.9; 8.9; -6.8; -0.8; 8.1; 7.1; -0.9; 8.9; 7.1; -0.8; 8.1
289.8; 33.354; -6.8; -1.3; 9.1; -6.8; -1.1; 7.9; 7.1; -1.3; 9.1; 7.1; -1.2; 7.9
290.0; 33.378; -6.7; -1.7; 9.3; -6.7; -1.4; 7.7; 7.0; -1.8; 9.3; 7.0; -1.5; 7.7
290.2; 33.402; -6.5; -2.2; 9.5; -6.5; -1.7; 7.5; 6.8; -2.4; 9.5; 6.8; -1.9; 7.5
290.4; 33.426; -6.1; -2.8; 9.7; -6.1; -2.1; 7.3; 6.4; -3.0; 9.8; 6.4; -2.3; 7.3
290.6; 33.449; -5.5; -3.4; 10.0; -5.5; -2.4; 7.0; 5.9; -3.8; 10.0; 5.9; -2.7; 7.0
290.8; 33.473; -3.8; -4.1; 10.3; -3.8; -2.7; 6.7; 4.2; -4.6; 10.3; 4.2; -3.0; 6.8
291.0; 33.497; -0.7; -4.8; 10.5; -0.7; -3.0; 6.4; 1.2; -5.5; 10.6; 1.2; -3.4; 6.5
291.2; 33.521; -0.3; -5.6; 10.8; -0.3; -3.2; 6.2; 0.7; -6.4; 10.9; 0.7; -3.7; 6.2
291.4; 33.545; -0.2; -6.4; 11.1; -0.2; -3.4; 5.9; 0.7; -7.3; 11.1; 0.7; -4.0; 6.0
291.6; 33.569; -0.2; -7.1; 11.3; -0.2; -3.5; 5.6; 0.7; -8.2; 11.4; 0.7; -4.2; 5.7
291.8; 33.593; -0.1; -7.7; 11.5; -0.1; -3.6; 5.4; 0.8; -8.9; 11.6; 0.8; -4.3; 5.5
292.0; 33.617; -0.1; -8.2; 11.6; -0.1; -3.7; 5.3; 0.9; -9.6; 11.8; 0.9; -4.4; 5.4
292.2; 33.641; -0.1; -8.6; 11.8; -0.1; -3.7; 5.1; 0.9; -10.1; 11.9; 0.9; -4.5; 5.3
292.4; 33.664; -0.1; -8.9; 11.8; -0.1; -3.8; 5.0; 1.0; -10.5; 12.0; 1.0; -4.6; 5.2
292.6; 33.688; -0.2; -9.0; 11.9; -0.2; -3.8; 4.9; 1.0; -10.8; 12.1; 1.0; -4.6; 5.1
292.8; 33.712; -0.2; -9.1; 11.9; -0.2; -3.8; 4.9; 1.1; -11.0; 12.1; 1.1; -4.7; 5.1
293.0; 33.736; -0.3; -9.0; 11.9; -0.3; -3.7; 4.9; 1.2; -11.1; 12.1; 1.2; -4.7; 5.1
293.2; 33.760; -0.8; -8.7; 11.9; -0.8; -3.7; 5.0; 1.7; -11.0; 12.1; 1.7; -4.7; 5.1
293.4; 33.784; -1.3; -8.3; 11.8; -1.3; -3.6; 5.1; 2.1; -10.7; 12.0; 2.1; -4.7; 5.2
293.6; 33.808; -1.9; -7.7; 11.6; -1.9; -3.5; 5.3; 2.5; -10.1; 11.8; 2.5; -4.7; 5.4
293.8; 33.832; -5.4; -7.4; 12.7; -5.4; -3.9; 6.7; -2.0; -9.1; 10.3; -2.0; -3.9; 4.4
294.0; 33.857; -5.5; -7.2; 12.6; -5.5; -3.8; 6.7; -1.9; -9.2; 10.3; -1.9; -4.0; 4.4
294.2; 33.882; -5.5; -7.1; 12.6; -5.5; -3.8; 6.7; -1.8; -9.3; 10.3; -1.8; -4.0; 4.4
294.4; 33.907; -5.5; -7.1; 12.6; -5.5; -3.8; 6.7; -1.8; -9.3; 10.3; -1.8; -4.0; 4.4
294.6; 33.933; -5.5; -7.0; 12.6; -5.5; -3.8; 6.7; -1.8; -9.3; 10.3; -1.8; -4.0; 4.4
294.8; 33.960; -5.6; -7.0; 12.6; -5.6; -3.8; 6.7; -1.8; -9.3; 10.3; -1.8; -4.0; 4.4
295.0; 33.987; -5.6; -6.9; 12.6; -5.6; -3.8; 6.7; -1.9; -9.2; 10.3; -1.9; -4.0; 4.4
295.2; 34.014; -5.6; -6.9; 12.6; -5.6; -3.8; 6.8; -1.9; -9.2; 10.3; -1.9; -4.0; 4.4
295.4; 34.043; -5.6; -7.0; 12.6; -5.6; -3.8; 6.7; -1.9; -9.2; 10.3; -1.9; -4.0; 4.4
295.6; 34.071; -5.5; -7.1; 12.6; -5.5; -3.8; 6.7; -1.9; -9.2; 10.3; -1.9; -4.0; 4.4
295.8; 34.101; -5.4; -7.3; 12.6; -5.4; -3.9; 6.6; -1.8; -9.3; 10.4; -1.8; -4.0; 4.4
296.0; 34.131; -5.3; -7.5; 12.6; -5.3; -3.9; 6.5; -1.7; -9.5; 10.5; -1.7; -4.0; 4.4
296.2; 34.162; -5.1; -7.7; 12.7; -5.1; -4.0; 6.4; -1.6; -9.8; 10.6; -1.6; -4.1; 4.4
296.4; 34.193; -4.9; -8.0; 12.7; -4.9; -4.0; 6.3; -1.4; -10.0; 10.7; -1.4; -4.1; 4.3
296.6; 34.225; -4.7; -8.3; 12.7; -4.7; -4.0; 6.2; -1.2; -10.3; 10.9; -1.2; -4.1; 4.3
296.8; 34.257; -4.4; -8.6; 12.7; -4.4; -4.1; 6.0; -1.0; -10.6; 11.0; -1.0; -4.2; 4.3
297.0; 34.290; -4.2; -8.8; 12.7; -4.2; -4.1; 5.9; -0.8; -10.8; 11.1; -0.8; -4.2; 4.3
297.2; 34.323; -4.1; -9.0; 12.7; -4.1; -4.1; 5.8; -0.6; -11.1; 11.3; -0.6; -4.3; 4.3
297.4; 34.355; -3.9; -9.2; 12.7; -3.9; -4.1; 5.7; -0.4; -11.2; 11.4; -0.4; -4.3; 4.3
297.6; 34.388; -3.8; -9.3; 12.7; -3.8; -4.1; 5.6; -0.2; -11.4; 11.4; -0.2; -4.3; 4.3
297.8; 34.421; -3.7; -9.4; 12.7; -3.7; -4.1; 5.5; -0.1; -11.5; 11.5; -0.1; -4.3; 4.3
298.0; 34.453; -3.7; -9.4; 12.7; -3.7; -4.1; 5.5; -0.1; -11.5; 11.5; -0.1; -4.3; 4.3
298.2; 34.485; -3.8; -9.3; 12.7; -3.8; -4.1; 5.6; -0.3; -11.4; 11.4; -0.3; -4.3; 4.3
298.4; 34.516; -3.8; -9.2; 12.7; -3.8; -4.1; 5.6; -0.5; -11.4; 11.4; -0.5; -4.3; 4.3
298.6; 34.547; -3.9; -9.1; 12.7; -3.9; -4.1; 5.7; -0.6; -11.3; 11.3; -0.6; -4.2; 4.3
298.8; 34.577; -4.0; -9.0; 12.7; -4.0; -4.1; 5.8; -0.8; -11.2; 11.3; -0.8; -4.2; 4.3
299.0; 34.607; -3.8; -9.0; 12.6; -3.8; -4.1; 5.6; 0.1; -11.3; 11.5; 0.1; -4.3; 4.4
299.2; 34.636; -3.5; -9.2; 12.5; -3.5; -4.0; 5.4; 0.9; -11.5; 11.7; 0.9; -4.4; 4.5
299.4; 34.664; -2.6; -9.3; 12.4; -2.6; -4.0; 5.1; 1.0; -11.7; 11.9; 1.0; -4.5; 4.6
299.6; 34.693; -1.6; -9.5; 12.3; -1.6; -3.9; 4.9; 1.0; -11.9; 12.1; 1.0; -4.6; 4.7
299.8; 34.722; -0.8; -9.7; 12.2; -0.8; -3.8; 4.8; 0.9; -12.1; 12.2; 0.9; -4.7; 4.8
300.0; 34.751; -0.2; -9.8; 12.2; -0.2; -3.8; 4.7; 0.8; -12.2; 12.4; 0.8; -4.7; 4.8
300.2; 34.780; -0.1; -9.9; 12.2; -0.1; -3.8; 4.6; 0.8; -12.3; 12.4; 0.8; -4.7; 4.8
300.4; 34.810; -0.1; -9.9; 12.2; -0.1; -3.8; 4.7; 0.7; -12.3; 12.4; 0.7; -4.7; 4.8
300.6; 34.840; -0.1; -9.9; 12.2; -0.1; -3.8; 4.7; 0.5; -12.3; 12.3; 0.5; -4.7; 4.8
300.8; 34.870; -0.1; -9.9; 12.3; -0.1; -3.8; 4.7; 0.4; -12.3; 12.3; 0.4; -4.7; 4.8
301.0; 34.901; -0.1; -9.9; 12.3; -0.1; -3.8; 4.7; 0.3; -12.3; 12.3; 0.3; -4.7; 4.7
301.2; 34.931; -0.1; -9.9; 12.3; -0.1; -3.8; 4.8; 0.1; -12.3; 12.3; 0.1; -4.7; 4.7
301.4; 34.961; -0.1; -9.9; 12.3; -0.1; -3.8; 4.8; 0.1; -12.2; 12.3; 0.1; -4.7; 4.7
301.6; 34.991; -0.1; -9.9; 12.3; -0.1; -3.8; 4.7; 0.3; -12.2; 12.3; 0.3; -4.7; 4.8
301.8; 35.021; -0.1; -10.0; 12.2; -0.1; -3.7; 4.7; 0.5; -12.2; 12.3; 0.5; -4.8; 4.8
302.0; 35.050; -0.1; -10.0; 12.2; -0.1; -3.7; 4.7; 0.8; -12.1; 12.4; 0.8; -4.8; 4.8
302.2; 35.078; -0.1; -10.0; 12.1; -0.1; -3.7; 4.6; 1.1; -11.9; 12.4; 1.1; -4.8; 4.9
302.4; 35.106; -0.1; -9.9; 12.0; -0.1; -3.7; 4.6; 1.3; -11.8; 12.4; 1.3; -4.8; 5.0
302.6; 35.134; -0.1; -9.8; 12.0; -0.1; -3.7; 4.6; 1.5; -11.6; 12.4; 1.5; -4.8; 5.0
302.8; 35.161; -0.1; -9.7; 11.9; -0.1; -3.7; 4.6; 1.8; -11.4; 12.4; 1.8; -4.8; 5.1
303.0; 35.190; -0.1; -9.7; 11.8; -0.1; -3.6; 4.6; 1.9; -11.2; 12.4; 1.9; -4.8; 5.2
303.2; 35.221; -0.1; -9.6; 11.8; -0.1; -3.6; 4.7; 2.1; -11.1; 12.4; 2.1; -4.8; 5.2
303.4; 35.254; -0.1; -9.5; 11.8; -0.1; -3.6; 4.7; 2.2; -11.0; 12.4; 2.2; -4.8; 5.3
303.6; 35.289; -0.1; -9.5; 11.7; -0.1; -3.6; 4.7; 2.2; -10.9; 12.4; 2.2; -4.8; 5.3
303.8; 35.326; -0.1; -9.5; 11.7; -0.1; -3.6; 4.7; 2.2; -10.9; 12.4; 2.2; -4.8; 5.3
304.0; 35.364; -0.1; -9.5; 11.7; -0.1; -3.6; 4.7; 2.2; -10.9; 12.4; 2.2; -4.8; 5.3
304.2; 35.403; -0.1; -9.5; 11.8; -0.1; -3.6; 4.7; 2.2; -11.0; 12.4; 2.2; -4.8; 5.3
304.4; 35.443; -0.1; -9.6; 11.8; -0.1; -3.6; 4.7; 2.1; -11.0; 12.4; 2.1; -4.8; 5.2
304.6; 35.483; -0.1; -9.5; 11.8; -0.1; -3.6; 4.7; 2.2; -11.0; 12.4; 2.2; -4.8; 5.2
304.8; 35.522; -0.1; -9.3; 11.7; -0.1; -3.6; 4.7; 2.3; -10.9; 12.3; 2.3; -4.8; 5.3
305.0; 35.562; -0.1; -9.1; 11.6; -0.1; -3.6; 4.7; 2.5; -10.6; 12.3; 2.5; -4.8; 5.4
305.2; 35.601; -0.1; -8.7; 11.5; -0.1; -3.5; 4.8; 2.9; -10.2; 12.3; 2.9; -4.8; 5.6
305.4; 35.640; -0.1; -8.3; 11.2; -0.1; -3.5; 4.8; 3.4; -9.7; 12.2; 3.4; -4.7; 5.8
305.6; 35.678; -0.1; -7.8; 11.0; -0.1; -3.4; 4.9; 3.8; -9.1; 12.1; 3.8; -4.6; 6.0
305.8; 35.715; -0.1; -7.4; 10.8; -0.1; -3.3; 5.0; 4.3; -8.5; 12.0; 4.3; -4.5; 6.2
306.0; 35.752; -0.1; -6.9; 10.6; -0.1; -3.2; 5.1; 4.7; -8.0; 12.0; 4.7; -4.4; 6.4
306.2; 35.788; -0.1; -6.5; 10.4; -0.1; -3.1; 5.2; 5.0; -7.5; 11.9; 5.0; -4.3; 6.6
306.4; 35.824; -0.1; -6.1; 10.2; -0.1; -3.0; 5.2; 5.4; -7.0; 11.8; 5.4; -4.2; 6.8
306.6; 35.859; -0.1; -5.7; 10.1; -0.1; -3.0; 5.3; 5.7; -6.6; 11.7; 5.7; -4.0; 7.0
306.8; 35.893; -0.1; -5.4; 9.9; -0.1; -2.9; 5.4; 6.0; -6.2; 11.6; 6.0; -3.9; 7.1
307.0; 35.926; -0.1; -5.0; 9.7; -0.1; -2.8; 5.5; 6.2; -5.8; 11.6; 6.2; -3.7; 7.3
307.2; 35.959; -0.1; -4.7; 9.6; -0.1; -2.7; 5.5; 6.5; -5.5; 11.5; 6.5; -3.6; 7.4
307.4; 35.992; -0.1; -4.4; 9.5; -0.1; -2.6; 5.6; 6.7; -5.1; 11.4; 6.7; -3.5; 7.6
307.6; 36.023; -0.1; -4.2; 9.3; -0.1; -2.5; 5.7; 6.9; -4.8; 11.3; 6.9; -3.3; 7.7
307.8; 36.054; -0.1; -3.9; 9.2; -0.1; -2.4; 5.7; 7.1; -4.6; 11.3; 7.1; -3.2; 7.8
308.0; 36.084; -0.1; -3.7; 9.1; -0.1; -2.3; 5.8; 7.3; -4.3; 11.2; 7.3; -3.1; 7.9
308.2; 36.114; -0.1; -3.6; 9.0; -0.1; -2.3; 5.8; 7.4; -4.2; 11.2; 7.4; -3.0; 8.0
308.4; 36.143; -0.1; -3.4; 9.0; -0.1; -2.2; 5.9; 7.5; -4.0; 11.2; 7.5; -2.9; 8.0
308.6; 36.171; -0.1; -3.3; 8.9; -0.1; -2.2; 5.9; 7.6; -3.9; 11.1; 7.6; -2.9; 8.1
308.8; 36.199; -0.1; -3.3; 8.9; -0.1; -2.2; 5.9; 7.6; -3.9; 11.1; 7.6; -2.8; 8.1
309.0; 36.226; -0.1; -3.3; 8.9; -0.1; -2.2; 5.9; 7.6; -3.8; 11.1; 7.6; -2.8; 8.1
309.2; 36.253; -0.1; -3.4; 8.9; -0.1; -2.2; 5.9; 7.6; -3.9; 11.1; 7.6; -2.9; 8.1
309.4; 36.279; -0.1; -3.5; 9.0; -0.1; -2.3; 5.9; 7.5; -4.0; 11.2; 7.5; -2.9; 8.0
309.6; 36.305; -0.1; -3.7; 9.1; -0.1; -2.3; 5.8; 7.4; -4.2; 11.2; 7.4; -3.0; 7.9
309.8; 36.330; -0.1; -3.9; 9.2; -0.1; -2.4; 5.8; 7.2; -4.4; 11.3; 7.2; -3.1; 7.8
310.0; 36.355; -0.1; -4.2; 9.3; -0.1; -2.5; 5.7; 7.0; -4.8; 11.3; 7.0; -3.3; 7.7
310.2; 36.380; -0.1; -4.5; 9.5; -0.1; -2.7; 5.6; 6.7; -5.1; 11.4; 6.7; -3.4; 7.5
310.4; 36.404; -0.1; -4.9; 9.6; -0.1; -2.8; 5.5; 6.4; -5.5; 11.5; 6.4; -3.6; 7.4
310.6; 36.428; -0.1; -5.2; 9.8; -0.1; -2.9; 5.5; 6.2; -5.9; 11.6; 6.2; -3.7; 7.2
310.8; 36.452; -0.1; -5.5; 10.0; -0.1; -3.0; 5.4; 5.9; -6.3; 11.6; 5.9; -3.9; 7.1
311.0; 36.475; -0.1; -5.6; 10.0; -0.1; -3.0; 5.3; 5.7; -6.5; 11.7; 5.7; -3.9; 7.0
311.2; 36.498; -0.1; -5.6; 10.1; -0.1; -3.0; 5.3; 5.7; -6.6; 11.7; 5.7; -4.0; 6.9
311.4; 36.522; -0.2; -5.8; 10.9; -0.2; -3.2; 6.1; 0.7; -6.7; 11.0; 0.7; -3.8; 6.1
311.6; 36.545; -0.2; -5.6; 10.9; -0.2; -3.1; 6.1; 0.7; -6.9; 11.0; 0.7; -3.9; 6.1
311.8; 36.568; -0.2; -5.3; 10.8; -0.2; -3.0; 6.2; 0.7; -6.7; 10.9; 0.7; -3.9; 6.2
312.0; 36.592; -0.5; -4.6; 10.6; -0.5; -2.8; 6.4; 0.9; -6.1; 10.6; 0.9; -3.7; 6.4
312.2; 36.615; -1.6; -3.6; 10.2; -1.6; -2.4; 6.7; 2.0; -5.0; 10.3; 2.0; -3.3; 6.8
312.4; 36.639; -4.4; -2.4; 9.8; -4.4; -1.8; 7.2; 4.8; -3.6; 9.8; 4.8; -2.7; 7.2
312.6; 36.663; -5.8; -1.2; 9.2; -5.8; -1.0; 7.8; 6.1; -2.0; 9.2; 6.1; -1.7; 7.8
312.8; 36.687; -5.7; 0.0; 8.6; -5.7; 0.0; 8.4; 5.9; -0.5; 8.6; 5.9; -0.5; 8.4
313.0; 36.711; -3.2; 1.0; 8.0; -3.2; 1.2; 9.0; 3.4; 0.8; 8.0; 3.4; 0.9; 9.0
313.2; 36.735; -0.5; 1.9; 7.4; -0.5; 2.4; 9.6; 0.8; 1.9; 7.5; 0.8; 2.4; 9.6
313.4; 36.759; -0.2; 2.5; 6.9; -0.2; 3.7; 10.1; 0.6; 2.7; 6.9; 0.6; 4.0; 10.1
313.6; 36.783; -0.2; 3.0; 6.4; -0.2; 4.9; 10.5; 0.6; 3.4; 6.5; 0.6; 5.4; 10.6
313.8; 36.808; -0.1; 3.3; 6.0; -0.1; 6.0; 10.9; 0.6; 3.8; 6.1; 0.6; 6.8; 11.0
314.0; 36.832; -0.1; 3.5; 5.7; -0.1; 7.0; 11.2; 0.7; 4.1; 5.8; 0.7; 8.0; 11.3
314.2; 36.856; -0.1; 3.7; 5.4; -0.1; 7.8; 11.5; 0.8; 4.3; 5.5; 0.8; 9.0; 11.6
314.4; 36.880; -0.1; 3.7; 5.2; -0.1; 8.4; 11.7; 0.9; 4.5; 5.3; 0.9; 9.8; 11.8
314.6; 36.904; -0.1; 3.8; 5.0; -0.1; 8.9; 11.8; 0.9; 4.6; 5.2; 0.9; 10.4; 12.0
314.8; 36.928; -0.2; 3.8; 4.9; -0.2; 9.2; 11.9; 1.0; 4.6; 5.1; 1.0; 10.9; 12.1
315.0; 36.952; -0.3; 3.8; 4.8; -0.3; 9.4; 12.0; 1.2; 4.7; 5.0; 1.2; 11.2; 12.2
315.2; 36.976; -0.5; 3.8; 4.8; -0.5; 9.6; 12.0; 1.5; 4.7; 5.0; 1.5; 11.5; 12.2
315.4; 37.000; -0.4; 3.8; 4.7; -0.4; 9.7; 12.1; 1.4; 4.7; 5.0; 1.4; 11.6; 12.3
315.6; 37.024; -0.3; 3.8; 4.7; -0.3; 9.7; 12.1; 1.3; 4.7; 4.9; 1.3; 11.8; 12.3
315.8; 37.048; -0.2; 3.8; 4.7; -0.2; 9.7; 12.1; 1.2; 4.8; 4.9; 1.2; 11.8; 12.3
316.0; 37.072; -0.1; 3.8; 4.7; -0.1; 9.7; 12.1; 1.2; 4.8; 4.9; 1.2; 11.9; 12.3
316.2; 37.096; -0.1; 3.8; 4.7; -0.1; 9.8; 12.1; 1.2; 4.8; 4.9; 1.2; 11.9; 12.4
316.4; 37.120; -0.1; 3.8; 4.7; -0.1; 9.8; 12.1; 1.2; 4.8; 4.9; 1.2; 11.9; 12.4
316.6; 37.144; -0.1; 3.8; 4.7; -0.1; 9.8; 12.1; 1.2; 4.8; 4.9; 1.2; 11.9; 12.4
316.8; 37.168; -0.1; 3.8; 4.7; -0.1; 9.8; 12.1; 1.2; 4.8; 4.9; 1.2; 11.9; 12.4
317.0; 37.192; -0.1; 3.8; 4.7; -0.1; 9.8; 12.1; 1.2; 4.8; 4.9; 1.2; 11.9; 12.4
317.2; 37.216; -0.1; 3.8; 4.7; -0.1; 9.8; 12.1; 1.2; 4.8; 4.9; 1.2; 11.9; 12.4
317.4; 37.240; -0.1; 3.8; 4.7; -0.1; 9.9; 12.1; 1.2; 4.7; 4.9; 1.2; 11.9; 12.4
317.6; 37.264; -0.1; 3.8; 4.6; -0.1; 9.9; 12.1; 1.2; 4.7; 4.9; 1.2; 12.0; 12.4
317.8; 37.288; -0.1; 3.8; 4.6; -0.1; 9.9; 12.1; 1.1; 4.7; 4.9; 1.1; 12.0; 12.4
318.0; 37.312; -0.1; 3.8; 4.6; -0.1; 9.9; 12.2; 1.1; 4.7; 4.9; 1.1; 12.0; 12.4
318.2; 37.336; -0.1; 3.8; 4.7; -0.1; 10.0; 12.2; 1.0; 4.7; 4.8; 1.0; 12.0; 12.4
318.4; 37.360; -0.1; 3.8; 4.7; -0.1; 10.0; 12.2; 1.0; 4.7; 4.8; 1.0; 12.1; 12.4
318.6; 37.384; -0.1; 3.8; 4.7; -0.1; 10.0; 12.2; 0.9; 4.7; 4.8; 0.9; 12.1; 12.4
318.8; 37.408; -0.1; 3.8; 4.7; -0.1; 10.0; 12.2; 0.8; 4.7; 4.8; 0.8; 12.1; 12.4
319.0; 37.433; -0.1; 3.8; 4.7; -0.1; 10.0; 12.2; 0.8; 4.7; 4.8; 0.8; 12.1; 12.3
319.2; 37.457; -0.1; 3.9; 4.7; -0.1; 10.0; 12.2; 0.7; 4.7; 4.8; 0.7; 12.2; 12.3
319.4; 37.481; -0.1; 3.9; 4.7; -0.1; 10.0; 12.2; 0.7; 4.7; 4.8; 0.7; 12.2; 12.3
319.6; 37.505; -0.1; 3.9; 4.7; -0.1; 10.0; 12.3; 0.6; 4.7; 4.8; 0.6; 12.2; 12.3
319.8; 37.529; -0.1; 3.9; 4.7; -0.1; 10.0; 12.3; 0.6; 4.7; 4.8; 0.6; 12.2; 12.3
320.0; 37.554; -0.1; 3.9; 4.7; -0.1; 9.9; 12.3; 0.6; 4.7; 4.8; 0.6; 12.2; 12.3
320.2; 37.578; -0.1; 3.9; 4.7; -0.1; 9.9; 12.3; 0.5; 4.7; 4.8; 0.5; 12.2; 12.3
320.4; 37.602; -0.1; 3.9; 4.7; -0.1; 9.9; 12.3; 0.5; 4.7; 4.7; 0.5; 12.2; 12.3
320.6; 37.626; -0.1; 3.9; 4.7; -0.1; 9.9; 12.3; 0.5; 4.7; 4.7; 0.5; 12.2; 12.3
320.8; 37.651; -0.1; 3.9; 4.7; -0.1; 9.9; 12.3; 0.5; 4.7; 4.7; 0.5; 12.2; 12.3
321.0; 37.675; -0.1; 3.9; 4.7; -0.1; 9.9; 12.3; 0.5; 4.7; 4.7; 0.5; 12.2; 12.3
321.2; 37.699; -0.1; 3.9; 4.7; -0.1; 9.9; 12.3; 0.5; 4.7; 4.7; 0.5; 12.2; 12.3
321.4; 37.724; -0.1; 3.9; 4.7; -0.1; 9.9; 12.3; 0.5; 4.7; 4.7; 0.5; 12.2; 12.3
321.6; 37.748; -0.1; 3.9; 4.7; -0.1; 9.9; 12.3; 0.5; 4.7; 4.7; 0.5; 12.2; 12.3
321.8; 37.772; -0.1; 3.9; 4.7; -0.1; 9.9; 12.3; 0.5; 4.7; 4.7; 0.5; 12.2; 12.3
322.0; 37.797; -0.1; 3.9; 4.7; -0.1; 9.9; 12.3; 0.5; 4.7; 4.8; 0.5; 12.2; 12.3
322.2; 37.821; -0.1; 3.8; 4.7; -0.1; 9.9; 12.3; 0.5; 4.7; 4.8; 0.5; 12.2; 12.3
322.4; 37.845; -0.1; 3.8; 4.7; -0.1; 9.9; 12.3; 0.5; 4.7; 4.8; 0.5; 12.2; 12.3
322.6; 37.869; -0.1; 3.8; 4.7; -0.1; 9.9; 12.3; 0.5; 4.7; 4.8; 0.5; 12.2; 12.3
322.8; 37.893; -0.1; 3.8; 4.7; -0.1; 9.9; 12.3; 0.6; 4.7; 4.8; 0.6; 12.2; 12.3
323.0; 37.916; -0.1; 3.8; 4.7; -0.1; 9.9; 12.2; 0.6; 4.7; 4.8; 0.6; 12.2; 12.3
323.2; 37.939; -0.1; 3.8; 4.7; -0.1; 9.9; 12.2; 0.6; 4.7; 4.8; 0.6; 12.2; 12.3
323.4; 37.961; -0.1; 3.8; 4.7; -0.1; 9.9; 12.2; 0.7; 4.7; 4.8; 0.7; 12.2; 12.3
323.6; 37.983; -0.1; 3.8; 4.7; -0.1; 9.9; 12.2; 0.7; 4.7; 4.8; 0.7; 12.2; 12.3
323.8; 38.004; -0.1; 3.8; 4.7; -0.1; 9.9; 12.2; 0.7; 4.7; 4.8; 0.7; 12.1; 12.3
324.0; 38.023; -0.1; 3.8; 4.7; -0.1; 9.9; 12.2; 0.8; 4.7; 4.8; 0.8; 12.1; 12.3
324.2; 38.042; -0.1; 3.8; 4.7; -0.1; 9.9; 12.2; 0.8; 4.7; 4.8; 0.8; 12.1; 12.3
324.4; 38.060; -0.1; 3.8; 4.7; -0.1; 9.9; 12.2; 0.8; 4.7; 4.8; 0.8; 12.1; 12.3
324.6; 38.078; -0.1; 3.8; 4.7; -0.1; 9.9; 12.2; 0.8; 4.7; 4.8; 0.8; 12.1; 12.3
324.8; 38.094; -0.1; 3.8; 4.7; -0.1; 9.9; 12.2; 0.9; 4.7; 4.8; 0.9; 12.1; 12.3
325.0; 38.110; -0.1; 3.8; 4.7; -0.1; 9.9; 12.2; 0.9; 4.7; 4.8; 0.9; 12.1; 12.3
325.2; 38.127; -0.1; 3.8; 4.7; -0.1; 9.9; 12.2; 0.9; 4.8; 4.8; 0.9; 12.1; 12.3
325.4; 38.144; -0.1; 3.8; 4.7; -0.1; 9.9; 12.2; 0.9; 4.8; 4.8; 0.9; 12.1; 12.4
325.6; 38.163; -0.1; 3.8; 4.7; -0.1; 9.8; 12.2; 1.0; 4.8; 4.9; 1.0; 12.0; 12.4
325.8; 38.185; -0.1; 3.8; 4.7; -0.1; 9.8; 12.2; 1.0; 4.8; 4.9; 1.0; 12.0; 12.4
326.0; 38.207; -0.1; 3.8; 4.7; -0.1; 9.8; 12.1; 1.1; 4.8; 4.9; 1.1; 12.0; 12.4
326.2; 38.232; -0.1; 3.8; 4.7; -0.1; 9.8; 12.1; 1.1; 4.8; 4.9; 1.1; 12.0; 12.4
326.4; 38.257; -0.1; 3.8; 4.7; -0.1; 9.8; 12.1; 1.2; 4.8; 4.9; 1.2; 11.9; 12.4
326.6; 38.284; -0.1; 3.8; 4.7; -0.1; 9.7; 12.1; 1.3; 4.8; 4.9; 1.3; 11.9; 12.4
326.8; 38.310; -0.1; 3.8; 4.7; -0.1; 9.7; 12.1; 1.3; 4.8; 5.0; 1.3; 11.8; 12.4
327.0; 38.337; -0.1; 3.8; 4.7; -0.1; 9.7; 12.0; 1.4; 4.8; 5.0; 1.4; 11.8; 12.4
327.2; 38.364; -0.1; 3.8; 4.7; -0.1; 9.6; 12.0; 1.5; 4.8; 5.0; 1.5; 11.7; 12.4
327.4; 38.391; -0.1; 3.8; 4.7; -0.1; 9.6; 12.0; 1.6; 4.8; 5.0; 1.6; 11.6; 12.4
327.6; 38.417; -0.1; 3.7; 4.7; -0.1; 9.5; 12.0; 1.7; 4.8; 5.1; 1.7; 11.6; 12.4
327.8; 38.443; -0.1; 3.7; 4.7; -0.1; 9.5; 11.9; 1.8; 4.8; 5.1; 1.8; 11.5; 12.4
328.0; 38.469; -0.1; 3.7; 4.7; -0.1; 9.4; 11.9; 1.9; 4.8; 5.1; 1.9; 11.4; 12.3
328.2; 38.494; -0.1; 3.7; 4.7; -0.1; 9.4; 11.9; 1.9; 4.8; 5.2; 1.9; 11.3; 12.3
328.4; 38.519; -0.1; 3.7; 4.7; -0.1; 9.3; 11.8; 2.0; 4.8; 5.2; 2.0; 11.3; 12.3
328.6; 38.543; -0.1; 3.7; 4.7; -0.1; 9.3; 11.8; 2.1; 4.8; 5.2; 2.1; 11.2; 12.3
328.8; 38.568; -0.1; 3.7; 4.7; -0.1; 9.3; 11.8; 2.1; 4.8; 5.2; 2.1; 11.1; 12.3
329.0; 38.592; -0.1; 3.7; 4.7; -0.1; 9.3; 11.8; 2.2; 4.8; 5.2; 2.2; 11.1; 12.3
329.2; 38.616; -0.1; 3.7; 4.7; -0.1; 9.3; 11.8; 2.2; 4.8; 5.2; 2.2; 11.1; 12.3
329.4; 38.640; -0.1; 3.7; 4.7; -0.1; 9.3; 11.8; 2.2; 4.8; 5.2; 2.2; 11.1; 12.3
329.6; 38.664; -0.1; 3.7; 4.7; -0.1; 9.3; 11.8; 2.2; 4.8; 5.2; 2.2; 11.1; 12.3
329.8; 38.688; -0.1; 3.7; 4.7; -0.1; 9.3; 11.8; 2.2; 4.8; 5.2; 2.2; 11.1; 12.3
330.0; 38.712; -0.1; 3.7; 4.7; -0.1; 9.3; 11.8; 2.2; 4.8; 5.2; 2.2; 11.1; 12.3
330.2; 38.736; -0.1; 3.7; 4.7; -0.1; 9.3; 11.8; 2.2; 4.8; 5.2; 2.2; 11.1; 12.3
330.4; 38.760; -0.1; 3.7; 4.7; -0.1; 9.2; 11.8; 2.2; 4.8; 5.2; 2.2; 11.1; 12.3
330.6; 38.784; -0.1; 3.7; 4.7; -0.1; 9.0; 11.7; 2.3; 4.8; 5.3; 2.3; 11.0; 12.3
330.8; 38.807; -0.1; 3.6; 4.8; -0.1; 8.8; 11.6; 2.4; 4.8; 5.4; 2.4; 10.8; 12.3
331.0; 38.831; -0.1; 3.5; 4.8; -0.1; 8.4; 11.5; 2.8; 4.8; 5.5; 2.8; 10.5; 12.2
331.2; 38.855; -1.1; 3.6; 5.2; -1.1; 8.0; 11.6; 1.9; 4.6; 5.4; 1.9; 9.9; 11.8
331.4; 38.879; -1.9; 3.5; 5.4; -1.9; 7.5; 11.5; 2.6; 4.5; 5.5; 2.6; 9.4; 11.6
331.6; 38.903; -2.5; 3.4; 5.6; -2.5; 6.9; 11.3; 3.2; 4.4; 5.7; 3.2; 8.8; 11.4
331.8; 38.927; -3.1; 3.2; 5.8; -3.1; 6.1; 11.1; 3.7; 4.2; 5.9; 3.7; 7.9; 11.2
332.0; 38.951; -3.8; 3.0; 6.1; -3.8; 5.3; 10.8; 4.4; 4.0; 6.2; 4.4; 6.9; 10.9
332.2; 38.975; -4.5; 2.7; 6.5; -4.5; 4.4; 10.5; 5.0; 3.6; 6.5; 5.0; 5.7; 10.5
332.4; 39.000; -5.1; 2.4; 6.8; -5.1; 3.5; 10.2; 5.5; 3.1; 6.9; 5.5; 4.6; 10.2
332.6; 39.024; -5.6; 2.0; 7.1; -5.6; 2.8; 9.9; 5.9; 2.7; 7.2; 5.9; 3.7; 9.9
332.8; 39.048; -5.9; 1.7; 7.4; -5.9; 2.2; 9.6; 6.2; 2.2; 7.4; 6.2; 2.8; 9.6
333.0; 39.073; -6.1; 1.4; 7.6; -6.1; 1.7; 9.4; 6.4; 1.8; 7.7; 6.4; 2.2; 9.4
333.2; 39.097; -6.2; 1.1; 7.8; -6.2; 1.3; 9.2; 6.5; 1.4; 7.8; 6.5; 1.7; 9.2
333.4; 39.121; -6.2; 0.8; 8.0; -6.2; 0.9; 9.0; 6.5; 1.1; 8.0; 6.5; 1.2; 9.0
333.6; 39.145; -6.2; 0.6; 8.1; -6.2; 0.7; 8.9; 6.5; 0.8; 8.1; 6.5; 0.9; 8.9
333.8; 39.169; -6.2; 0.4; 8.3; -6.2; 0.5; 8.8; 6.5; 0.6; 8.3; 6.5; 0.6; 8.8
334.0; 39.193; -6.1; 0.3; 8.3; -6.1; 0.3; 8.7; 6.4; 0.4; 8.3; 6.4; 0.4; 8.7
334.2; 39.217; -6.1; 0.1; 8.4; -6.1; 0.1; 8.6; 6.4; 0.2; 8.4; 6.4; 0.2; 8.6
334.4; 39.241; -6.1; 0.0; 8.5; -6.1; 0.0; 8.5; 6.4; 0.1; 8.5; 6.4; 0.1; 8.5
334.6; 39.265; -6.1; -0.1; 8.5; -6.1; -0.1; 8.5; 6.4; -0.0; 8.5; 6.4; -0.0; 8.5
334.8; 39.289; -6.1; -0.1; 8.6; -6.1; -0.1; 8.5; 6.4; -0.1; 8.6; 6.4; -0.1; 8.5
335.0; 39.313; -6.1; -0.2; 8.6; -6.1; -0.2; 8.4; 6.4; -0.2; 8.6; 6.4; -0.2; 8.4
335.2; 39.337; -6.1; -0.2; 8.6; -6.1; -0.2; 8.4; 6.4; -0.2; 8.6; 6.4; -0.2; 8.4
335.4; 39.361; -6.1; -0.2; 8.6; -6.1; -0.2; 8.4; 6.4; -0.3; 8.6; 6.4; -0.3; 8.4
335.6; 39.385; -6.1; -0.3; 8.6; -6.1; -0.2; 8.4; 6.4; -0.3; 8.6; 6.4; -0.3; 8.4
335.8; 39.408; -6.1; -0.3; 8.6; -6.1; -0.2; 8.4; 6.4; -0.3; 8.6; 6.4; -0.3; 8.4
336.0; 39.432; -6.1; -0.3; 8.6; -6.1; -0.2; 8.4; 6.4; -0.3; 8.6; 6.4; -0.3; 8.4
336.2; 39.456; -6.1; -0.2; 8.6; -6.1; -0.2; 8.4; 6.4; -0.3; 8.6; 6.4; -0.3; 8.4
336.4; 39.479; -6.1; -0.2; 8.6; -6.1; -0.2; 8.4; 6.4; -0.3; 8.6; 6.4; -0.3; 8.4
336.6; 39.503; -6.1; -0.2; 8.6; -6.1; -0.2; 8.4; 6.4; -0.3; 8.6; 6.4; -0.3; 8.4
336.8; 39.527; -6.1; -0.2; 8.6; -6.1; -0.2; 8.4; 6.4; -0.3; 8.6; 6.4; -0.2; 8.4
337.0; 39.550; -6.1; -0.2; 8.6; -6.1; -0.2; 8.4; 6.4; -0.2; 8.6; 6.4; -0.2; 8.4
337.2; 39.574; -6.1; -0.2; 8.6; -6.1; -0.2; 8.4; 6.4; -0.2; 8.6; 6.4; -0.2; 8.4
337.4; 39.598; -6.1; -0.1; 8.6; -6.1; -0.1; 8.4; 6.4; -0.2; 8.6; 6.4; -0.2; 8.4
337.6; 39.621; -6.1; -0.1; 8.6; -6.1; -0.1; 8.4; 6.4; -0.2; 8.6; 6.4; -0.2; 8.4
337.8; 39.645; -6.1; -0.1; 8.6; -6.1; -0.1; 8.5; 6.4; -0.1; 8.6; 6.4; -0.1; 8.5
338.0; 39.668; -6.1; -0.1; 8.6; -6.1; -0.1; 8.5; 6.4; -0.1; 8.6; 6.4; -0.1; 8.5
338.2; 39.692; -6.1; -0.1; 8.5; -6.1; -0.1; 8.5; 6.4; -0.1; 8.5; 6.4; -0.1; 8.5
338.4; 39.716; -6.1; -0.1; 8.5; -6.1; -0.1; 8.5; 6.4; -0.1; 8.5; 6.4; -0.1; 8.5
338.6; 39.739; -6.1; -0.0; 8.5; -6.1; -0.0; 8.5; 6.4; -0.1; 8.5; 6.4; -0.1; 8.5
338.8; 39.763; -6.1; -0.0; 8.5; -6.1; -0.0; 8.5; 6.4; -0.0; 8.5; 6.4; -0.0; 8.5
339.0; 39.786; -6.1; -0.0; 8.5; -6.1; -0.0; 8.5; 6.4; -0.0; 8.5; 6.4; -0.0; 8.5
339.2; 39.810; -6.1; -0.0; 8.5; -6.1; -0.0; 8.5; 6.4; -0.0; 8.5; 6.4; -0.0; 8.5
339.4; 39.834; -6.1; 0.0; 8.5; -6.1; 0.0; 8.5; 6.4; 0.0; 8.5; 6.4; 0.0; 8.5
339.6; 39.857; -6.1; 0.0; 8.5; -6.1; 0.0; 8.5; 6.4; 0.0; 8.5; 6.4; 0.0; 8.5
339.8; 39.881; -6.1; 0.0; 8.5; -6.1; 0.0; 8.5; 6.4; 0.0; 8.5; 6.4; 0.0; 8.5
340.0; 39.904; -6.1; 0.0; 8.5; -6.1; 0.0; 8.5; 6.4; 0.0; 8.5; 6.4; 0.0; 8.5
340.2; 39.928; -6.1; 0.0; 8.5; -6.1; 0.0; 8.5; 6.4; 0.0; 8.5; 6.4; 0.0; 8.5
340.4; 39.951; -6.1; 0.0; 8.5; -6.1; 0.0; 8.5; 6.4; 0.0; 8.5; 6.4; 0.0; 8.5
340.6; 39.975; -6.1; 0.0; 8.5; -6.1; 0.0; 8.5; 6.4; 0.0; 8.5; 6.4; 0.0; 8.5
340.8; 39.999; -6.1; 0.0; 8.5; -6.1; 0.0; 8.5; 6.4; 0.0; 8.5; 6.4; 0.0; 8.5
341.0; 40.022; -6.1; -0.0; 8.5; -6.1; -0.0; 8.5; 6.4; 0.0; 8.5; 6.4; 0.0; 8.5
341.2; 40.046; -6.1; -0.0; 8.5; -6.1; -0.0; 8.5; 6.4; -0.0; 8.5; 6.4; -0.0; 8.5
341.4; 40.069; -6.1; -0.0; 8.5; -6.1; -0.0; 8.5; 6.4; -0.0; 8.5; 6.4; -0.0; 8.5
341.6; 40.093; -6.1; -0.0; 8.5; -6.1; -0.0; 8.5; 6.4; -0.0; 8.5; 6.4; -0.0; 8.5
341.8; 40.116; -6.1; -0.1; 8.5; -6.1; -0.1; 8.5; 6.4; -0.1; 8.5; 6.4; -0.1; 8.5
342.0; 40.140; -6.1; -0.1; 8.5; -6.1; -0.1; 8.5; 6.4; -0.1; 8.5; 6.4; -0.1; 8.5
342.2; 40.163; -6.1; -0.1; 8.6; -6.1; -0.1; 8.5; 6.4; -0.1; 8.6; 6.4; -0.1; 8.5
342.4; 40.187; -6.1; -0.1; 8.6; -6.1; -0.1; 8.4; 6.4; -0.1; 8.6; 6.4; -0.1; 8.4
342.6; 40.210; -6.1; -0.1; 8.6; -6.1; -0.1; 8.4; 6.4; -0.2; 8.6; 6.4; -0.2; 8.4
342.8; 40.234; -6.1; -0.2; 8.6; -6.1; -0.2; 8.4; 6.4; -0.2; 8.6; 6.4; -0.2; 8.4
343.0; 40.257; -6.1; -0.2; 8.6; -6.1; -0.2; 8.4; 6.4; -0.2; 8.6; 6.4; -0.2; 8.4
343.2; 40.281; -6.1; -0.2; 8.6; -6.1; -0.2; 8.4; 6.4; -0.3; 8.6; 6.4; -0.3; 8.4
343.4; 40.304; -6.1; -0.3; 8.6; -6.1; -0.3; 8.4; 6.4; -0.3; 8.6; 6.4; -0.3; 8.4
343.6; 40.328; -6.1; -0.3; 8.7; -6.1; -0.3; 8.4; 6.4; -0.3; 8.7; 6.4; -0.3; 8.4
343.8; 40.351; -6.1; -0.3; 8.7; -6.1; -0.3; 8.3; 6.4; -0.4; 8.7; 6.4; -0.4; 8.3
344.0; 40.375; -6.1; -0.4; 8.7; -6.1; -0.3; 8.3; 6.4; -0.4; 8.7; 6.4; -0.4; 8.3
344.2; 40.398; -6.1; -0.4; 8.7; -6.1; -0.4; 8.3; 6.3; -0.4; 8.7; 6.3; -0.4; 8.3
344.4; 40.422; -6.0; -0.4; 8.7; -6.0; -0.4; 8.3; 6.3; -0.5; 8.7; 6.3; -0.4; 8.3
344.6; 40.445; -6.0; -0.4; 8.7; -6.0; -0.4; 8.3; 6.3; -0.5; 8.7; 6.3; -0.5; 8.3
344.8; 40.469; -6.0; -0.4; 8.7; -6.0; -0.4; 8.3; 6.3; -0.5; 8.7; 6.3; -0.5; 8.3
345.0; 40.492; -6.0; -0.4; 8.7; -6.0; -0.4; 8.3; 6.3; -0.5; 8.7; 6.3; -0.5; 8.3
345.2; 40.516; -6.0; -0.4; 8.7; -6.0; -0.4; 8.3; 6.3; -0.5; 8.7; 6.3; -0.4; 8.3
345.4; 40.539; -6.0; -0.3; 8.7; -6.0; -0.3; 8.3; 6.3; -0.4; 8.7; 6.3; -0.4; 8.3
345.6; 40.563; -6.0; -0.3; 8.7; -6.0; -0.3; 8.4; 6.3; -0.4; 8.7; 6.3; -0.4; 8.4
345.8; 40.587; -6.1; -0.2; 8.6; -6.1; -0.2; 8.4; 6.3; -0.3; 8.6; 6.3; -0.3; 8.4
346.0; 40.610; -6.1; -0.1; 8.6; -6.1; -0.1; 8.4; 6.4; -0.2; 8.6; 6.4; -0.2; 8.4
346.2; 40.634; -6.3; 0.0; 8.5; -6.3; 0.0; 8.5; 6.5; -0.0; 8.5; 6.5; -0.0; 8.5
346.4; 40.658; -6.4; 0.2; 8.4; -6.4; 0.2; 8.6; 6.7; 0.1; 8.4; 6.7; 0.1; 8.6
346.6; 40.681; -6.5; 0.4; 8.3; -6.5; 0.4; 8.7; 6.8; 0.3; 8.3; 6.8; 0.4; 8.7
346.8; 40.705; -6.7; 0.6; 8.2; -6.7; 0.6; 8.8; 6.9; 0.6; 8.2; 6.9; 0.6; 8.8
347.0; 40.729; -6.7; 0.8; 8.1; -6.7; 0.9; 8.9; 7.0; 0.9; 8.1; 7.0; 0.9; 8.9
347.2; 40.753; -6.8; 1.1; 7.9; -6.8; 1.2; 9.1; 7.0; 1.2; 7.9; 7.0; 1.3; 9.1
347.4; 40.776; -6.7; 1.4; 7.8; -6.7; 1.6; 9.3; 7.0; 1.5; 7.8; 7.0; 1.8; 9.3
347.6; 40.800; -6.5; 1.7; 7.6; -6.5; 2.1; 9.5; 6.8; 1.8; 7.6; 6.8; 2.3; 9.5
347.8; 40.824; -6.2; 2.0; 7.3; -6.2; 2.6; 9.7; 6.5; 2.2; 7.4; 6.5; 2.9; 9.7
348.0; 40.848; -5.7; 2.3; 7.1; -5.7; 3.2; 9.9; 6.1; 2.5; 7.1; 6.1; 3.5; 9.9
348.2; 40.872; -4.8; 2.6; 6.9; -4.8; 3.8; 10.1; 5.2; 2.9; 6.9; 5.2; 4.2; 10.2
348.4; 40.896; -1.8; 2.8; 6.6; -1.8; 4.5; 10.4; 2.2; 3.2; 6.6; 2.2; 5.1; 10.4
348.6; 40.920; -0.5; 3.1; 6.3; -0.5; 5.2; 10.7; 0.9; 3.6; 6.4; 0.9; 5.9; 10.7
348.8; 40.944; -0.2; 3.3; 6.0; -0.2; 5.9; 10.9; 0.7; 3.8; 6.1; 0.7; 6.8; 11.0
349.0; 40.968; -0.2; 3.4; 5.8; -0.2; 6.6; 11.1; 0.7; 4.0; 5.9; 0.7; 7.6; 11.2
349.2; 40.993; -0.2; 3.6; 5.6; -0.2; 7.2; 11.3; 0.8; 4.2; 5.7; 0.8; 8.4; 11.4
349.4; 41.017; -0.2; 3.6; 5.4; -0.2; 7.8; 11.5; 0.8; 4.4; 5.5; 0.8; 9.1; 11.6
349.6; 41.041; -0.2; 3.7; 5.2; -0.2; 8.3; 11.7; 0.9; 4.5; 5.4; 0.9; 9.7; 11.8
349.8; 41.065; -0.2; 3.8; 5.1; -0.2; 8.7; 11.8; 0.9; 4.5; 5.2; 0.9; 10.2; 11.9
350.0; 41.090; -0.2; 3.8; 5.0; -0.2; 9.0; 11.9; 1.0; 4.6; 5.2; 1.0; 10.6; 12.0
350.2; 41.114; -0.2; 3.8; 4.9; -0.2; 9.2; 11.9; 1.1; 4.6; 5.1; 1.1; 11.0; 12.1
350.4; 41.138; -0.4; 3.8; 4.8; -0.4; 9.4; 12.0; 1.3; 4.7; 5.0; 1.3; 11.2; 12.2
350.6; 41.163; -0.5; 3.8; 4.8; -0.5; 9.5; 12.0; 1.5; 4.7; 5.0; 1.5; 11.4; 12.2
350.8; 41.187; -0.5; 3.8; 4.7; -0.5; 9.6; 12.1; 1.4; 4.7; 5.0; 1.4; 11.6; 12.3
351.0; 41.212; -0.3; 3.8; 4.7; -0.3; 9.7; 12.1; 1.4; 4.7; 4.9; 1.4; 11.7; 12.3
351.2; 41.236; -0.2; 3.8; 4.7; -0.2; 9.7; 12.1; 1.3; 4.7; 4.9; 1.3; 11.8; 12.3
351.4; 41.261; -0.2; 3.8; 4.7; -0.2; 9.8; 12.1; 1.2; 4.7; 4.9; 1.2; 11.9; 12.3
351.6; 41.285; -0.1; 3.8; 4.7; -0.1; 9.8; 12.1; 1.2; 4.8; 4.9; 1.2; 11.9; 12.4
351.8; 41.310; -0.1; 3.8; 4.7; -0.1; 9.9; 12.1; 1.1; 4.7; 4.9; 1.1; 12.0; 12.4
352.0; 41.334; -0.1; 3.8; 4.7; -0.1; 9.9; 12.2; 1.1; 4.7; 4.9; 1.1; 12.0; 12.4
352.2; 41.359; -0.1; 3.8; 4.7; -0.1; 10.0; 12.2; 1.0; 4.7; 4.8; 1.0; 12.0; 12.4
352.4; 41.384; -0.1; 3.8; 4.7; -0.1; 10.0; 12.2; 0.9; 4.7; 4.8; 0.9; 12.1; 12.4
352.6; 41.408; -0.1; 3.9; 4.7; -0.1; 10.0; 12.2; 0.9; 4.7; 4.8; 0.9; 12.1; 12.4
352.8; 41.433; -0.1; 3.9; 4.7; -0.1; 10.0; 12.2; 0.8; 4.7; 4.8; 0.8; 12.1; 12.4
353.0; 41.457; -0.1; 3.9; 4.7; -0.1; 10.0; 12.3; 0.7; 4.7; 4.8; 0.7; 12.2; 12.3
353.2; 41.482; -0.1; 3.9; 4.7; -0.1; 10.0; 12.3; 0.6; 4.7; 4.7; 0.6; 12.2; 12.3
353.4; 41.506; -0.1; 3.9; 4.7; -0.1; 10.0; 12.3; 0.5; 4.7; 4.7; 0.5; 12.2; 12.3
353.6; 41.530; -0.1; 3.9; 4.7; -0.1; 10.0; 12.3; 0.4; 4.7; 4.7; 0.4; 12.2; 12.3
353.8; 41.555; -0.1; 3.9; 4.7; -0.1; 10.0; 12.3; 0.4; 4.7; 4.7; 0.4; 12.2; 12.3
354.0; 41.579; -0.1; 3.9; 4.7; -0.1; 10.0; 12.3; 0.3; 4.7; 4.7; 0.3; 12.2; 12.3
354.2; 41.604; -0.1; 3.9; 4.7; -0.1; 9.9; 12.3; 0.3; 4.7; 4.7; 0.3; 12.2; 12.3
354.4; 41.628; -0.1; 3.9; 4.8; -0.1; 9.9; 12.3; 0.2; 4.7; 4.7; 0.2; 12.2; 12.3
354.6; 41.652; -0.1; 3.9; 4.8; -0.1; 9.8; 12.3; 0.2; 4.7; 4.7; 0.2; 12.2; 12.3
354.8; 41.676; -0.1; 3.8; 4.8; -0.1; 9.7; 12.3; 0.2; 4.7; 4.7; 0.2; 12.2; 12.2
355.0; 41.700; -0.1; 3.8; 4.8; -0.1; 9.6; 12.3; 0.2; 4.7; 4.7; 0.2; 12.2; 12.2
