# s_m; t_s; f_x_fl_N; f_y_fl_N; f_z_fl_N; f_x_fr_N; f_y_fr_N; f_z_fr_N;f_x_rl_N; f_y_rl_N; f_z_rl_N; f_x_rr_N;f_y_rr_N; f_z_rr_N;
0.0; 0.000; -4.6; -8.4; 12.7; -4.6; -4.1; 6.1; -1.3; -10.3; 10.9; -1.3; -4.1; 4.3
0.2; 0.025; -4.3; -8.7; 12.7; -4.3; -4.1; 5.9; -1.0; -10.7; 11.1; -1.0; -4.2; 4.3
0.4; 0.051; -4.0; -9.0; 12.7; -4.0; -4.1; 5.8; -0.7; -11.1; 11.3; -0.7; -4.2; 4.3
0.6; 0.077; -3.7; -9.3; 12.7; -3.7; -4.1; 5.6; -0.4; -11.3; 11.4; -0.4; -4.3; 4.3
0.8; 0.103; -3.0; -9.6; 12.6; -3.0; -4.1; 5.3; 0.1; -11.7; 11.7; 0.1; -4.4; 4.4
1.0; 0.130; -0.1; -9.7; 12.3; -0.1; -3.8; 4.8; 0.1; -12.2; 12.2; 0.1; -4.7; 4.7
1.2; 0.157; -0.1; -9.8; 12.3; -0.1; -3.9; 4.8; 0.1; -12.2; 12.3; 0.1; -4.7; 4.7
1.4; 0.184; -0.1; -9.9; 12.3; -0.1; -3.9; 4.8; 0.1; -12.2; 12.3; 0.1; -4.7; 4.7
1.6; 0.212; -0.1; -9.9; 12.3; -0.1; -3.9; 4.8; 0.1; -12.2; 12.3; 0.1; -4.7; 4.7
1.8; 0.239; -0.1; -9.9; 12.3; -0.1; -3.9; 4.8; 0.1; -12.2; 12.3; 0.1; -4.7; 4.7
2.0; 0.267; -0.1; -9.9; 12.3; -0.1; -3.9; 4.8; 0.1; -12.2; 12.3; 0.1; -4.7; 4.7
2.2; 0.295; -0.1; -9.9; 12.3; -0.1; -3.9; 4.8; 0.1; -12.2; 12.3; 0.1; -4.7; 4.7
2.4; 0.322; -0.1; -9.9; 12.3; -0.1; -3.9; 4.8; 0.2; -12.2; 12.3; 0.2; -4.7; 4.7
2.6; 0.350; -0.1; -9.9; 12.3; -0.1; -3.9; 4.8; 0.2; -12.2; 12.3; 0.2; -4.7; 4.7
2.8; 0.377; -0.1; -9.9; 12.3; -0.1; -3.9; 4.7; 0.2; -12.2; 12.3; 0.2; -4.7; 4.7
3.0; 0.404; -0.1; -9.9; 12.3; -0.1; -3.9; 4.7; 0.3; -12.2; 12.3; 0.3; -4.7; 4.7
3.2; 0.431; -0.1; -9.9; 12.3; -0.1; -3.9; 4.7; 0.3; -12.2; 12.3; 0.3; -4.7; 4.7
3.4; 0.456; -0.1; -9.9; 12.3; -0.1; -3.9; 4.7; 0.4; -12.2; 12.3; 0.4; -4.7; 4.7
3.6; 0.482; -0.1; -9.9; 12.3; -0.1; -3.8; 4.7; 0.4; -12.2; 12.3; 0.4; -4.7; 4.7
3.8; 0.506; -0.1; -9.9; 12.3; -0.1; -3.8; 4.7; 0.5; -12.2; 12.3; 0.5; -4.7; 4.8
4.0; 0.530; -0.1; -9.9; 12.3; -0.1; -3.8; 4.7; 0.5; -12.2; 12.3; 0.5; -4.7; 4.8
4.2; 0.553; -0.1; -9.9; 12.3; -0.1; -3.8; 4.7; 0.6; -12.2; 12.3; 0.6; -4.7; 4.8
4.4; 0.576; -0.1; -9.9; 12.2; -0.1; -3.8; 4.7; 0.6; -12.2; 12.3; 0.6; -4.7; 4.8
4.6; 0.599; -0.1; -9.9; 12.2; -0.1; -3.8; 4.7; 0.6; -12.2; 12.3; 0.6; -4.7; 4.8
4.8; 0.622; -0.1; -9.9; 12.2; -0.1; -3.8; 4.7; 0.7; -12.2; 12.3; 0.7; -4.7; 4.8
5.0; 0.644; -0.1; -9.9; 12.2; -0.1; -3.8; 4.7; 0.7; -12.1; 12.3; 0.7; -4.7; 4.8
5.2; 0.668; -0.1; -9.9; 12.2; -0.1; -3.8; 4.7; 0.8; -12.1; 12.3; 0.8; -4.7; 4.8
5.4; 0.692; -0.1; -9.9; 12.2; -0.1; -3.8; 4.7; 0.8; -12.1; 12.4; 0.8; -4.8; 4.8
5.6; 0.717; -0.1; -9.9; 12.2; -0.1; -3.8; 4.7; 0.9; -12.1; 12.4; 0.9; -4.8; 4.8
5.8; 0.743; -0.1; -9.9; 12.2; -0.1; -3.8; 4.7; 1.0; -12.0; 12.4; 1.0; -4.8; 4.9
6.0; 0.770; -0.1; -9.8; 12.1; -0.1; -3.8; 4.7; 1.0; -12.0; 12.4; 1.0; -4.8; 4.9
6.2; 0.798; -0.1; -9.8; 12.1; -0.1; -3.8; 4.7; 1.1; -12.0; 12.4; 1.1; -4.8; 4.9
6.4; 0.826; -0.1; -9.8; 12.1; -0.1; -3.8; 4.7; 1.2; -11.9; 12.4; 1.2; -4.8; 4.9
6.6; 0.855; -0.1; -9.8; 12.1; -0.1; -3.8; 4.6; 1.2; -11.9; 12.4; 1.2; -4.8; 4.9
6.8; 0.883; -0.1; -9.8; 12.1; -0.1; -3.8; 4.6; 1.3; -11.9; 12.4; 1.3; -4.8; 4.9
7.0; 0.912; -0.1; -9.7; 12.1; -0.1; -3.8; 4.7; 1.3; -11.8; 12.4; 1.3; -4.8; 5.0
7.2; 0.941; -0.1; -9.6; 12.0; -0.1; -3.8; 4.7; 1.4; -11.7; 12.4; 1.4; -4.8; 5.0
7.4; 0.969; -0.1; -9.5; 12.0; -0.1; -3.7; 4.7; 1.6; -11.6; 12.3; 1.6; -4.8; 5.1
7.6; 0.997; -0.1; -9.1; 11.8; -0.1; -3.7; 4.7; 1.9; -11.4; 12.3; 1.9; -4.8; 5.2
7.8; 1.024; -0.1; -8.6; 11.6; -0.1; -3.6; 4.8; 2.4; -10.9; 12.3; 2.4; -4.8; 5.4
8.0; 1.051; -0.1; -7.8; 11.3; -0.1; -3.4; 4.9; 3.2; -10.0; 12.1; 3.2; -4.8; 5.7
8.2; 1.078; -0.1; -6.7; 10.7; -0.1; -3.2; 5.1; 4.3; -8.6; 11.9; 4.3; -4.6; 6.3
8.4; 1.103; -0.1; -5.4; 10.1; -0.1; -2.9; 5.4; 5.6; -6.8; 11.7; 5.6; -4.1; 7.0
8.6; 1.129; -0.1; -4.1; 9.4; -0.1; -2.5; 5.7; 6.8; -5.1; 11.4; 6.8; -3.5; 7.6
8.8; 1.153; -0.1; -3.1; 8.9; -0.1; -2.1; 5.9; 7.6; -3.8; 11.1; 7.6; -2.8; 8.2
9.0; 1.178; -0.1; -2.4; 8.5; -0.1; -1.7; 6.2; 8.2; -2.9; 10.9; 8.2; -2.3; 8.5
9.2; 1.202; -0.1; -1.9; 8.2; -0.1; -1.5; 6.3; 8.6; -2.4; 10.7; 8.6; -1.9; 8.8
9.4; 1.225; -0.1; -1.6; 8.0; -0.1; -1.3; 6.4; 8.8; -2.0; 10.6; 8.8; -1.7; 9.0
9.6; 1.249; -0.1; -1.4; 7.9; -0.1; -1.1; 6.5; 9.0; -1.7; 10.5; 9.0; -1.5; 9.1
9.8; 1.272; -0.1; -1.3; 7.8; -0.1; -1.1; 6.6; 9.1; -1.5; 10.5; 9.1; -1.4; 9.2
10.0; 1.295; -4.4; -1.3; 8.8; -4.4; -1.1; 7.6; 6.8; -1.5; 9.5; 6.8; -1.3; 8.2
10.2; 1.318; -5.8; -1.3; 9.1; -5.8; -1.1; 7.9; 6.1; -1.5; 9.1; 6.1; -1.3; 7.9
10.4; 1.341; -5.9; -1.2; 9.1; -5.9; -1.1; 7.9; 6.2; -1.5; 9.1; 6.2; -1.3; 7.9
10.6; 1.364; -6.0; -1.1; 9.1; -6.0; -1.0; 7.9; 6.2; -1.4; 9.1; 6.2; -1.2; 7.9
10.8; 1.387; -6.0; -1.0; 9.0; -6.0; -0.9; 8.0; 6.3; -1.3; 9.1; 6.3; -1.2; 8.0
11.0; 1.410; -6.1; -0.9; 9.0; -6.1; -0.8; 8.0; 6.4; -1.2; 9.0; 6.4; -1.1; 8.0
11.2; 1.434; -6.1; -0.8; 8.9; -6.1; -0.8; 8.1; 6.4; -1.0; 8.9; 6.4; -0.9; 8.1
11.4; 1.457; -6.1; -0.7; 8.9; -6.1; -0.7; 8.1; 6.4; -0.9; 8.9; 6.4; -0.8; 8.1
11.6; 1.481; -6.2; -0.6; 8.8; -6.2; -0.6; 8.2; 6.4; -0.8; 8.8; 6.4; -0.7; 8.2
11.8; 1.504; -6.2; -0.5; 8.8; -6.2; -0.5; 8.2; 6.4; -0.7; 8.8; 6.4; -0.6; 8.2
12.0; 1.527; -6.2; -0.4; 8.7; -6.2; -0.4; 8.3; 6.4; -0.5; 8.7; 6.4; -0.5; 8.3
12.2; 1.551; -6.2; -0.3; 8.7; -6.2; -0.3; 8.3; 6.4; -0.4; 8.7; 6.4; -0.4; 8.3
12.4; 1.574; -6.2; -0.3; 8.7; -6.2; -0.3; 8.4; 6.4; -0.3; 8.7; 6.4; -0.3; 8.4
12.6; 1.598; -6.2; -0.2; 8.6; -6.2; -0.2; 8.4; 6.4; -0.3; 8.6; 6.4; -0.3; 8.4
12.8; 1.621; -6.1; -0.1; 8.6; -6.1; -0.1; 8.4; 6.4; -0.2; 8.6; 6.4; -0.2; 8.4
13.0; 1.645; -6.1; -0.1; 8.6; -6.1; -0.1; 8.5; 6.4; -0.1; 8.6; 6.4; -0.1; 8.5
13.2; 1.668; -6.1; -0.1; 8.5; -6.1; -0.1; 8.5; 6.4; -0.1; 8.5; 6.4; -0.1; 8.5
13.4; 1.692; -6.1; -0.0; 8.5; -6.1; -0.0; 8.5; 6.4; -0.0; 8.5; 6.4; -0.0; 8.5
13.6; 1.715; -6.1; 0.0; 8.5; -6.1; 0.0; 8.5; 6.4; 0.0; 8.5; 6.4; 0.0; 8.5
13.8; 1.739; -6.1; 0.0; 8.5; -6.1; 0.0; 8.5; 6.4; 0.0; 8.5; 6.4; 0.0; 8.5
14.0; 1.763; -6.1; 0.1; 8.5; -6.1; 0.1; 8.5; 6.4; 0.1; 8.5; 6.4; 0.1; 8.5
14.2; 1.786; -6.1; 0.1; 8.5; -6.1; 0.1; 8.5; 6.4; 0.1; 8.5; 6.4; 0.1; 8.5
14.4; 1.810; -6.1; 0.1; 8.5; -6.1; 0.1; 8.5; 6.4; 0.1; 8.5; 6.4; 0.1; 8.5
14.6; 1.833; -6.1; 0.1; 8.5; -6.1; 0.1; 8.6; 6.4; 0.1; 8.5; 6.4; 0.1; 8.6
14.8; 1.857; -6.1; 0.1; 8.5; -6.1; 0.1; 8.6; 6.4; 0.1; 8.5; 6.4; 0.1; 8.6
15.0; 1.881; -6.1; 0.1; 8.5; -6.1; 0.1; 8.6; 6.4; 0.1; 8.5; 6.4; 0.1; 8.6
15.2; 1.904; -6.1; 0.1; 8.5; -6.1; 0.1; 8.6; 6.4; 0.1; 8.5; 6.4; 0.1; 8.6
15.4; 1.928; -6.1; 0.1; 8.5; -6.1; 0.1; 8.6; 6.4; 0.1; 8.5; 6.4; 0.1; 8.6
15.6; 1.951; -6.1; 0.1; 8.5; -6.1; 0.1; 8.5; 6.4; 0.1; 8.5; 6.4; 0.1; 8.5
15.8; 1.975; -6.1; 0.1; 8.5; -6.1; 0.1; 8.5; 6.4; 0.1; 8.5; 6.4; 0.1; 8.5
16.0; 1.999; -6.1; 0.1; 8.5; -6.1; 0.1; 8.5; 6.4; 0.1; 8.5; 6.4; 0.1; 8.5
16.2; 2.022; -6.1; 0.1; 8.5; -6.1; 0.1; 8.5; 6.4; 0.1; 8.5; 6.4; 0.1; 8.5
16.4; 2.046; -6.1; 0.0; 8.5; -6.1; 0.0; 8.5; 6.4; 0.1; 8.5; 6.4; 0.1; 8.5
16.6; 2.070; -6.1; 0.0; 8.5; -6.1; 0.0; 8.5; 6.4; 0.1; 8.5; 6.4; 0.1; 8.5
16.8; 2.093; -6.1; 0.0; 8.5; -6.1; 0.0; 8.5; 6.4; 0.0; 8.5; 6.4; 0.0; 8.5
17.0; 2.117; -6.1; 0.0; 8.5; -6.1; 0.0; 8.5; 6.4; 0.0; 8.5; 6.4; 0.0; 8.5
17.2; 2.141; -6.1; 0.0; 8.5; -6.1; 0.0; 8.5; 6.4; 0.0; 8.5; 6.4; 0.0; 8.5
17.4; 2.164; -6.1; 0.0; 8.5; -6.1; 0.0; 8.5; 6.4; 0.0; 8.5; 6.4; 0.0; 8.5
17.6; 2.188; -6.1; 0.0; 8.5; -6.1; 0.0; 8.5; 6.4; 0.0; 8.5; 6.4; 0.0; 8.5
17.8; 2.211; -6.1; 0.0; 8.5; -6.1; 0.0; 8.5; 6.4; 0.0; 8.5; 6.4; 0.0; 8.5
18.0; 2.235; -6.1; 0.0; 8.5; -6.1; 0.0; 8.5; 6.4; 0.0; 8.5; 6.4; 0.0; 8.5
18.2; 2.259; -6.1; 0.0; 8.5; -6.1; 0.0; 8.5; 6.4; 0.0; 8.5; 6.4; 0.0; 8.5
18.4; 2.282; -6.1; 0.0; 8.5; -6.1; 0.0; 8.5; 6.4; 0.0; 8.5; 6.4; 0.0; 8.5
18.6; 2.306; -6.1; 0.0; 8.5; -6.1; 0.0; 8.5; 6.4; 0.0; 8.5; 6.4; 0.0; 8.5
18.8; 2.330; -6.1; 0.0; 8.5; -6.1; 0.0; 8.5; 6.4; 0.0; 8.5; 6.4; 0.0; 8.5
19.0; 2.353; -6.1; -0.0; 8.5; -6.1; -0.0; 8.5; 6.4; -0.0; 8.5; 6.4; -0.0; 8.5
19.2; 2.377; -6.1; -0.0; 8.5; -6.1; -0.0; 8.5; 6.4; -0.0; 8.5; 6.4; -0.0; 8.5
19.4; 2.401; -6.1; -0.0; 8.5; -6.1; -0.0; 8.5; 6.4; -0.0; 8.5; 6.4; -0.0; 8.5
19.6; 2.424; -6.1; -0.0; 8.5; -6.1; -0.0; 8.5; 6.4; -0.0; 8.5; 6.4; -0.0; 8.5
19.8; 2.448; -6.1; -0.0; 8.5; -6.1; -0.0; 8.5; 6.4; -0.0; 8.5; 6.4; -0.0; 8.5
20.0; 2.471; -6.1; -0.0; 8.5; -6.1; -0.0; 8.5; 6.4; -0.0; 8.5; 6.4; -0.0; 8.5
20.2; 2.495; -6.1; -0.0; 8.5; -6.1; -0.0; 8.5; 6.4; -0.0; 8.5; 6.4; -0.0; 8.5
20.4; 2.518; -6.1; -0.0; 8.5; -6.1; -0.0; 8.5; 6.4; -0.0; 8.5; 6.4; -0.0; 8.5
20.6; 2.542; -6.1; -0.0; 8.5; -6.1; -0.0; 8.5; 6.4; -0.0; 8.5; 6.4; -0.0; 8.5
20.8; 2.566; -6.1; 0.0; 8.5; -6.1; 0.0; 8.5; 6.4; 0.0; 8.5; 6.4; 0.0; 8.5
21.0; 2.589; -6.1; 0.0; 8.5; -6.1; 0.0; 8.5; 6.4; 0.0; 8.5; 6.4; 0.0; 8.5
21.2; 2.613; -6.1; 0.0; 8.5; -6.1; 0.0; 8.5; 6.4; 0.0; 8.5; 6.4; 0.0; 8.5
21.4; 2.636; -6.1; 0.0; 8.5; -6.1; 0.0; 8.5; 6.4; 0.0; 8.5; 6.4; 0.0; 8.5
21.6; 2.660; -6.1; 0.0; 8.5; -6.1; 0.0; 8.5; 6.4; 0.0; 8.5; 6.4; 0.0; 8.5
21.8; 2.683; -6.1; 0.0; 8.5; -6.1; 0.0; 8.5; 6.4; 0.0; 8.5; 6.4; 0.0; 8.5
22.0; 2.707; -6.1; 0.0; 8.5; -6.1; 0.0; 8.5; 6.4; 0.0; 8.5; 6.4; 0.0; 8.5
22.2; 2.730; -6.1; 0.0; 8.5; -6.1; 0.0; 8.5; 6.4; 0.0; 8.5; 6.4; 0.0; 8.5
22.4; 2.754; -6.1; 0.0; 8.5; -6.1; 0.0; 8.5; 6.4; 0.0; 8.5; 6.4; 0.0; 8.5
22.6; 2.777; -6.1; 0.0; 8.5; -6.1; 0.0; 8.5; 6.4; 0.0; 8.5; 6.4; 0.0; 8.5
22.8; 2.801; -6.1; 0.0; 8.5; -6.1; 0.0; 8.5; 6.4; 0.0; 8.5; 6.4; 0.0; 8.5
23.0; 2.824; -6.1; 0.0; 8.5; -6.1; 0.0; 8.5; 6.4; 0.0; 8.5; 6.4; 0.0; 8.5
23.2; 2.848; -6.1; 0.0; 8.5; -6.1; 0.0; 8.5; 6.4; 0.0; 8.5; 6.4; 0.0; 8.5
23.4; 2.871; -6.1; 0.0; 8.5; -6.1; 0.0; 8.5; 6.4; 0.0; 8.5; 6.4; 0.0; 8.5
23.6; 2.895; -6.1; 0.0; 8.5; -6.1; 0.0; 8.5; 6.4; 0.0; 8.5; 6.4; 0.0; 8.5
23.8; 2.918; -6.1; 0.0; 8.5; -6.1; 0.0; 8.5; 6.4; 0.0; 8.5; 6.4; 0.0; 8.5
24.0; 2.941; -6.1; 0.0; 8.5; -6.1; 0.0; 8.5; 6.4; 0.0; 8.5; 6.4; 0.0; 8.5
24.2; 2.965; -6.1; 0.0; 8.5; -6.1; 0.0; 8.5; 6.4; 0.0; 8.5; 6.4; 0.0; 8.5
24.4; 2.988; -6.1; 0.0; 8.5; -6.1; 0.0; 8.5; 6.4; 0.0; 8.5; 6.4; 0.0; 8.5
24.6; 3.012; -6.1; 0.0; 8.5; -6.1; 0.0; 8.5; 6.4; 0.0; 8.5; 6.4; 0.0; 8.5
24.8; 3.035; -6.1; 0.0; 8.5; -6.1; 0.0; 8.5; 6.4; 0.0; 8.5; 6.4; 0.0; 8.5
25.0; 3.059; -6.1; 0.0; 8.5; -6.1; 0.0; 8.5; 6.4; 0.0; 8.5; 6.4; 0.0; 8.5
25.2; 3.082; -6.1; -0.0; 8.5; -6.1; -0.0; 8.5; 6.4; -0.0; 8.5; 6.4; -0.0; 8.5
25.4; 3.105; -6.1; -0.0; 8.5; -6.1; -0.0; 8.5; 6.4; -0.0; 8.5; 6.4; -0.0; 8.5
25.6; 3.129; -6.1; -0.0; 8.5; -6.1; -0.0; 8.5; 6.4; -0.0; 8.5; 6.4; -0.0; 8.5
25.8; 3.152; -6.1; -0.0; 8.5; -6.1; -0.0; 8.5; 6.4; -0.0; 8.5; 6.4; -0.0; 8.5
26.0; 3.176; -6.1; -0.1; 8.5; -6.1; -0.1; 8.5; 6.4; -0.1; 8.5; 6.4; -0.1; 8.5
26.2; 3.199; -6.1; -0.1; 8.6; -6.1; -0.1; 8.5; 6.4; -0.1; 8.6; 6.4; -0.1; 8.5
26.4; 3.223; -6.1; -0.1; 8.6; -6.1; -0.1; 8.5; 6.4; -0.1; 8.6; 6.4; -0.1; 8.5
26.6; 3.246; -6.1; -0.1; 8.6; -6.1; -0.1; 8.4; 6.4; -0.1; 8.6; 6.4; -0.1; 8.4
26.8; 3.269; -6.1; -0.2; 8.6; -6.1; -0.2; 8.4; 6.4; -0.2; 8.6; 6.4; -0.2; 8.4
27.0; 3.293; -6.1; -0.2; 8.6; -6.1; -0.2; 8.4; 6.4; -0.2; 8.6; 6.4; -0.2; 8.4
27.2; 3.316; -6.1; -0.2; 8.6; -6.1; -0.2; 8.4; 6.4; -0.2; 8.6; 6.4; -0.2; 8.4
27.4; 3.340; -6.1; -0.3; 8.6; -6.1; -0.2; 8.4; 6.4; -0.3; 8.6; 6.4; -0.3; 8.4
27.6; 3.363; -6.1; -0.3; 8.7; -6.1; -0.3; 8.4; 6.4; -0.3; 8.7; 6.4; -0.3; 8.4
27.8; 3.386; -6.1; -0.3; 8.7; -6.1; -0.3; 8.3; 6.4; -0.4; 8.7; 6.4; -0.4; 8.3
28.0; 3.410; -6.1; -0.4; 8.7; -6.1; -0.3; 8.3; 6.4; -0.4; 8.7; 6.4; -0.4; 8.3
28.2; 3.433; -6.1; -0.4; 8.7; -6.1; -0.4; 8.3; 6.4; -0.5; 8.7; 6.4; -0.4; 8.3
28.4; 3.457; -6.1; -0.4; 8.7; -6.1; -0.4; 8.3; 6.3; -0.5; 8.7; 6.3; -0.5; 8.3
28.6; 3.480; -6.0; -0.5; 8.7; -6.0; -0.4; 8.3; 6.3; -0.5; 8.7; 6.3; -0.5; 8.3
28.8; 3.503; -6.0; -0.5; 8.8; -6.0; -0.5; 8.3; 6.3; -0.6; 8.8; 6.3; -0.5; 8.3
29.0; 3.527; -6.0; -0.5; 8.8; -6.0; -0.5; 8.3; 6.3; -0.6; 8.8; 6.3; -0.6; 8.3
29.2; 3.550; -6.0; -0.5; 8.8; -6.0; -0.5; 8.2; 6.3; -0.6; 8.8; 6.3; -0.6; 8.2
29.4; 3.574; -6.0; -0.5; 8.8; -6.0; -0.5; 8.2; 6.3; -0.6; 8.8; 6.3; -0.6; 8.2
29.6; 3.597; -6.0; -0.5; 8.8; -6.0; -0.5; 8.2; 6.3; -0.6; 8.8; 6.3; -0.6; 8.2
29.8; 3.620; -6.0; -0.5; 8.8; -6.0; -0.5; 8.2; 6.3; -0.6; 8.8; 6.3; -0.6; 8.2
30.0; 3.644; -6.1; -0.5; 8.8; -6.1; -0.5; 8.3; 6.3; -0.6; 8.8; 6.3; -0.6; 8.3
30.2; 3.667; -6.1; -0.5; 8.8; -6.1; -0.4; 8.3; 6.4; -0.6; 8.8; 6.4; -0.5; 8.3
30.4; 3.691; -6.1; -0.4; 8.7; -6.1; -0.4; 8.3; 6.4; -0.5; 8.7; 6.4; -0.5; 8.3
30.6; 3.714; -6.1; -0.4; 8.7; -6.1; -0.4; 8.3; 6.4; -0.5; 8.7; 6.4; -0.5; 8.3
30.8; 3.737; -6.1; -0.4; 8.7; -6.1; -0.3; 8.3; 6.4; -0.4; 8.7; 6.4; -0.4; 8.3
31.0; 3.761; -6.1; -0.3; 8.7; -6.1; -0.3; 8.3; 6.4; -0.4; 8.7; 6.4; -0.4; 8.3
31.2; 3.784; -6.1; -0.3; 8.7; -6.1; -0.3; 8.4; 6.4; -0.4; 8.7; 6.4; -0.3; 8.4
31.4; 3.807; -6.1; -0.2; 8.6; -6.1; -0.2; 8.4; 6.4; -0.3; 8.6; 6.4; -0.3; 8.4
31.6; 3.831; -6.1; -0.2; 8.6; -6.1; -0.2; 8.4; 6.4; -0.3; 8.6; 6.4; -0.3; 8.4
31.8; 3.854; -6.1; -0.2; 8.6; -6.1; -0.2; 8.4; 6.4; -0.2; 8.6; 6.4; -0.2; 8.4
32.0; 3.878; -6.1; -0.2; 8.6; -6.1; -0.1; 8.4; 6.4; -0.2; 8.6; 6.4; -0.2; 8.4
32.2; 3.901; -6.1; -0.1; 8.6; -6.1; -0.1; 8.4; 6.4; -0.2; 8.6; 6.4; -0.2; 8.4
32.4; 3.924; -6.1; -0.1; 8.6; -6.1; -0.1; 8.5; 6.4; -0.1; 8.6; 6.4; -0.1; 8.5
32.6; 3.948; -6.1; -0.1; 8.6; -6.1; -0.1; 8.5; 6.4; -0.1; 8.6; 6.4; -0.1; 8.5
32.8; 3.971; -6.1; -0.1; 8.5; -6.1; -0.1; 8.5; 6.4; -0.1; 8.5; 6.4; -0.1; 8.5
33.0; 3.995; -6.1; -0.0; 8.5; -6.1; -0.0; 8.5; 6.4; -0.1; 8.5; 6.4; -0.1; 8.5
33.2; 4.018; -6.1; -0.0; 8.5; -6.1; -0.0; 8.5; 6.4; -0.0; 8.5; 6.4; -0.0; 8.5
33.4; 4.041; -6.1; -0.0; 8.5; -6.1; -0.0; 8.5; 6.4; -0.0; 8.5; 6.4; -0.0; 8.5
33.6; 4.065; -6.1; -0.0; 8.5; -6.1; -0.0; 8.5; 6.4; -0.0; 8.5; 6.4; -0.0; 8.5
33.8; 4.088; -6.1; 0.0; 8.5; -6.1; 0.0; 8.5; 6.4; -0.0; 8.5; 6.4; -0.0; 8.5
34.0; 4.112; -6.1; 0.0; 8.5; -6.1; 0.0; 8.5; 6.4; 0.0; 8.5; 6.4; 0.0; 8.5
34.2; 4.135; -6.1; 0.0; 8.5; -6.1; 0.0; 8.5; 6.4; 0.0; 8.5; 6.4; 0.0; 8.5
34.4; 4.159; -6.1; 0.0; 8.5; -6.1; 0.0; 8.5; 6.4; 0.0; 8.5; 6.4; 0.0; 8.5
34.6; 4.182; -6.1; 0.0; 8.5; -6.1; 0.0; 8.5; 6.4; 0.0; 8.5; 6.4; 0.0; 8.5
34.8; 4.205; -6.1; 0.0; 8.5; -6.1; 0.0; 8.5; 6.4; 0.0; 8.5; 6.4; 0.0; 8.5
35.0; 4.229; -6.1; 0.0; 8.5; -6.1; 0.0; 8.5; 6.4; 0.0; 8.5; 6.4; 0.0; 8.5
35.2; 4.252; -6.1; 0.0; 8.5; -6.1; 0.0; 8.5; 6.4; 0.0; 8.5; 6.4; 0.0; 8.5
35.4; 4.276; -6.1; 0.0; 8.5; -6.1; 0.0; 8.5; 6.4; 0.0; 8.5; 6.4; 0.0; 8.5
35.6; 4.299; -6.1; 0.0; 8.5; -6.1; 0.0; 8.5; 6.4; 0.0; 8.5; 6.4; 0.0; 8.5
35.8; 4.322; -6.1; 0.0; 8.5; -6.1; 0.0; 8.5; 6.4; 0.0; 8.5; 6.4; 0.0; 8.5
36.0; 4.346; -6.1; 0.0; 8.5; -6.1; 0.0; 8.5; 6.4; 0.0; 8.5; 6.4; 0.0; 8.5
36.2; 4.369; -6.1; 0.0; 8.5; -6.1; 0.0; 8.5; 6.4; 0.0; 8.5; 6.4; 0.0; 8.5
36.4; 4.393; -6.1; 0.0; 8.5; -6.1; 0.0; 8.5; 6.4; 0.0; 8.5; 6.4; 0.0; 8.5
36.6; 4.416; -6.1; 0.0; 8.5; -6.1; 0.0; 8.5; 6.4; 0.0; 8.5; 6.4; 0.0; 8.5
36.8; 4.440; -6.1; 0.0; 8.5; -6.1; 0.0; 8.5; 6.4; 0.0; 8.5; 6.4; 0.0; 8.5
37.0; 4.463; -6.1; 0.0; 8.5; -6.1; 0.0; 8.5; 6.4; 0.0; 8.5; 6.4; 0.0; 8.5
37.2; 4.487; -6.1; 0.0; 8.5; -6.1; 0.0; 8.5; 6.4; 0.0; 8.5; 6.4; 0.0; 8.5
37.4; 4.510; -6.1; 0.0; 8.5; -6.1; 0.0; 8.5; 6.4; 0.0; 8.5; 6.4; 0.0; 8.5
37.6; 4.534; -6.1; 0.0; 8.5; -6.1; 0.0; 8.5; 6.4; 0.0; 8.5; 6.4; 0.0; 8.5
37.8; 4.557; -6.1; 0.0; 8.5; -6.1; 0.0; 8.5; 6.4; 0.0; 8.5; 6.4; 0.0; 8.5
38.0; 4.580; -6.1; 0.0; 8.5; -6.1; 0.0; 8.5; 6.4; 0.0; 8.5; 6.4; 0.0; 8.5
38.2; 4.604; -6.1; 0.0; 8.5; -6.1; 0.0; 8.5; 6.4; 0.0; 8.5; 6.4; 0.0; 8.5
38.4; 4.627; -6.1; 0.0; 8.5; -6.1; 0.0; 8.5; 6.4; 0.0; 8.5; 6.4; 0.0; 8.5
38.6; 4.651; -6.1; 0.0; 8.5; -6.1; 0.0; 8.5; 6.4; 0.0; 8.5; 6.4; 0.0; 8.5
38.8; 4.674; -6.1; 0.0; 8.5; -6.1; 0.0; 8.5; 6.4; 0.0; 8.5; 6.4; 0.0; 8.5
39.0; 4.698; -6.1; 0.0; 8.5; -6.1; 0.0; 8.5; 6.4; 0.0; 8.5; 6.4; 0.0; 8.5
39.2; 4.721; -6.1; 0.0; 8.5; -6.1; 0.0; 8.5; 6.4; 0.0; 8.5; 6.4; 0.0; 8.5
39.4; 4.745; -6.1; 0.0; 8.5; -6.1; 0.0; 8.5; 6.4; 0.0; 8.5; 6.4; 0.0; 8.5
39.6; 4.768; -6.1; 0.0; 8.5; -6.1; 0.0; 8.5; 6.4; 0.0; 8.5; 6.4; 0.0; 8.5
39.8; 4.792; -6.1; 0.0; 8.5; -6.1; 0.0; 8.5; 6.4; 0.0; 8.5; 6.4; 0.0; 8.5
40.0; 4.815; -6.1; 0.0; 8.5; -6.1; 0.0; 8.5; 6.4; 0.0; 8.5; 6.4; 0.0; 8.5
40.2; 4.839; -6.1; 0.0; 8.5; -6.1; 0.0; 8.5; 6.4; 0.0; 8.5; 6.4; 0.0; 8.5
40.4; 4.863; -6.1; 0.0; 8.5; -6.1; 0.0; 8.5; 6.4; 0.0; 8.5; 6.4; 0.0; 8.5
40.6; 4.886; -6.1; 0.0; 8.5; -6.1; 0.0; 8.5; 6.4; 0.0; 8.5; 6.4; 0.0; 8.5
40.8; 4.910; -6.1; 0.0; 8.5; -6.1; 0.0; 8.5; 6.4; 0.0; 8.5; 6.4; 0.0; 8.5
41.0; 4.933; -6.1; 0.0; 8.5; -6.1; 0.0; 8.5; 6.4; 0.0; 8.5; 6.4; 0.0; 8.5
41.2; 4.957; -6.1; 0.0; 8.5; -6.1; 0.0; 8.5; 6.4; 0.0; 8.5; 6.4; 0.0; 8.5
41.4; 4.980; -6.1; 0.0; 8.5; -6.1; 0.0; 8.5; 6.4; 0.0; 8.5; 6.4; 0.0; 8.5
41.6; 5.004; -6.1; 0.0; 8.5; -6.1; 0.0; 8.5; 6.4; 0.0; 8.5; 6.4; 0.0; 8.5
41.8; 5.027; -6.1; 0.0; 8.5; -6.1; 0.0; 8.5; 6.4; 0.0; 8.5; 6.4; 0.0; 8.5
42.0; 5.051; -6.1; 0.0; 8.5; -6.1; 0.0; 8.5; 6.4; 0.0; 8.5; 6.4; 0.0; 8.5
42.2; 5.075; -6.1; 0.0; 8.5; -6.1; 0.0; 8.5; 6.4; 0.0; 8.5; 6.4; 0.0; 8.5
42.4; 5.098; -6.1; 0.0; 8.5; -6.1; 0.0; 8.5; 6.4; 0.0; 8.5; 6.4; 0.0; 8.5
42.6; 5.122; -6.1; 0.0; 8.5; -6.1; 0.0; 8.5; 6.4; 0.0; 8.5; 6.4; 0.0; 8.5
42.8; 5.145; -6.1; 0.0; 8.5; -6.1; 0.0; 8.5; 6.4; 0.0; 8.5; 6.4; 0.0; 8.5
43.0; 5.169; -6.1; -0.0; 8.5; -6.1; -0.0; 8.5; 6.4; -0.0; 8.5; 6.4; -0.0; 8.5
43.2; 5.193; -6.1; -0.0; 8.5; -6.1; -0.0; 8.5; 6.4; -0.0; 8.5; 6.4; -0.0; 8.5
43.4; 5.216; -6.1; -0.0; 8.5; -6.1; -0.0; 8.5; 6.4; -0.0; 8.5; 6.4; -0.0; 8.5
43.6; 5.240; -6.1; -0.0; 8.5; -6.1; -0.0; 8.5; 6.4; -0.0; 8.5; 6.4; -0.0; 8.5
43.8; 5.264; -6.1; -0.0; 8.5; -6.1; -0.0; 8.5; 6.4; -0.0; 8.5; 6.4; -0.0; 8.5
44.0; 5.287; -6.1; -0.0; 8.5; -6.1; -0.0; 8.5; 6.4; -0.0; 8.5; 6.4; -0.0; 8.5
44.2; 5.311; -6.1; -0.0; 8.5; -6.1; -0.0; 8.5; 6.4; -0.0; 8.5; 6.4; -0.0; 8.5
44.4; 5.335; -6.1; -0.0; 8.5; -6.1; -0.0; 8.5; 6.4; -0.0; 8.5; 6.4; -0.0; 8.5
44.6; 5.358; -6.1; -0.0; 8.5; -6.1; -0.0; 8.5; 6.4; -0.0; 8.5; 6.4; -0.0; 8.5
44.8; 5.382; -6.1; -0.0; 8.5; -6.1; -0.0; 8.5; 6.4; -0.0; 8.5; 6.4; -0.0; 8.5
45.0; 5.406; -6.1; -0.0; 8.5; -6.1; -0.0; 8.5; 6.4; -0.0; 8.5; 6.4; -0.0; 8.5
45.2; 5.429; -6.1; -0.0; 8.5; -6.1; -0.0; 8.5; 6.4; -0.0; 8.5; 6.4; -0.0; 8.5
45.4; 5.453; -6.1; -0.0; 8.5; -6.1; -0.0; 8.5; 6.4; -0.0; 8.5; 6.4; -0.0; 8.5
45.6; 5.476; -6.1; -0.0; 8.5; -6.1; -0.0; 8.5; 6.4; -0.0; 8.5; 6.4; -0.0; 8.5
45.8; 5.500; -6.1; -0.0; 8.5; -6.1; -0.0; 8.5; 6.4; -0.0; 8.5; 6.4; -0.0; 8.5
46.0; 5.524; -6.1; -0.0; 8.5; -6.1; -0.0; 8.5; 6.4; -0.0; 8.5; 6.4; -0.0; 8.5
46.2; 5.547; -6.1; -0.0; 8.5; -6.1; -0.0; 8.5; 6.4; -0.1; 8.5; 6.4; -0.1; 8.5
46.4; 5.571; -6.1; -0.0; 8.5; -6.1; -0.0; 8.5; 6.4; -0.1; 8.5; 6.4; -0.1; 8.5
46.6; 5.595; -6.1; -0.0; 8.5; -6.1; -0.0; 8.5; 6.4; -0.1; 8.5; 6.4; -0.1; 8.5
46.8; 5.618; -6.1; -0.1; 8.5; -6.1; -0.1; 8.5; 6.4; -0.1; 8.5; 6.4; -0.1; 8.5
47.0; 5.642; -6.1; -0.1; 8.5; -6.1; -0.1; 8.5; 6.4; -0.1; 8.5; 6.4; -0.1; 8.5
47.2; 5.665; -6.1; -0.1; 8.5; -6.1; -0.1; 8.5; 6.4; -0.1; 8.5; 6.4; -0.1; 8.5
47.4; 5.689; -6.1; -0.1; 8.5; -6.1; -0.1; 8.5; 6.4; -0.1; 8.5; 6.4; -0.1; 8.5
47.6; 5.712; -6.1; -0.0; 8.5; -6.1; -0.0; 8.5; 6.4; -0.1; 8.5; 6.4; -0.1; 8.5
47.8; 5.736; -6.1; -0.0; 8.5; -6.1; -0.0; 8.5; 6.4; -0.1; 8.5; 6.4; -0.1; 8.5
48.0; 5.759; -6.1; -0.0; 8.5; -6.1; -0.0; 8.5; 6.4; -0.0; 8.5; 6.4; -0.0; 8.5
48.2; 5.783; -6.1; -0.0; 8.5; -6.1; -0.0; 8.5; 6.4; -0.0; 8.5; 6.4; -0.0; 8.5
48.4; 5.806; -6.1; -0.0; 8.5; -6.1; -0.0; 8.5; 6.4; -0.0; 8.5; 6.4; -0.0; 8.5
48.6; 5.830; -6.1; 0.0; 8.5; -6.1; 0.0; 8.5; 6.4; 0.0; 8.5; 6.4; 0.0; 8.5
48.8; 5.853; -6.1; 0.0; 8.5; -6.1; 0.0; 8.5; 6.4; 0.0; 8.5; 6.4; 0.0; 8.5
49.0; 5.877; -6.2; 0.1; 8.5; -6.2; 0.1; 8.5; 6.4; 0.1; 8.5; 6.4; 0.1; 8.5
49.2; 5.900; -6.2; 0.1; 8.5; -6.2; 0.1; 8.6; 6.4; 0.1; 8.5; 6.4; 0.1; 8.6
49.4; 5.923; -6.2; 0.1; 8.4; -6.2; 0.1; 8.6; 6.4; 0.1; 8.4; 6.4; 0.1; 8.6
49.6; 5.947; -6.2; 0.2; 8.4; -6.2; 0.2; 8.6; 6.4; 0.2; 8.4; 6.4; 0.2; 8.6
49.8; 5.970; -6.2; 0.2; 8.4; -6.2; 0.2; 8.6; 6.4; 0.2; 8.4; 6.4; 0.2; 8.6
50.0; 5.993; -6.2; 0.3; 8.4; -6.2; 0.3; 8.6; 6.4; 0.3; 8.4; 6.4; 0.3; 8.6
50.2; 6.017; -6.2; 0.3; 8.3; -6.2; 0.3; 8.7; 6.4; 0.4; 8.3; 6.4; 0.4; 8.7
50.4; 6.040; -6.2; 0.4; 8.3; -6.2; 0.4; 8.7; 6.4; 0.4; 8.3; 6.4; 0.4; 8.7
50.6; 6.063; -6.1; 0.4; 8.3; -6.1; 0.5; 8.7; 6.4; 0.5; 8.3; 6.4; 0.5; 8.7
50.8; 6.087; -6.1; 0.5; 8.2; -6.1; 0.5; 8.8; 6.4; 0.6; 8.2; 6.4; 0.6; 8.8
51.0; 6.110; -6.1; 0.6; 8.2; -6.1; 0.6; 8.8; 6.4; 0.7; 8.2; 6.4; 0.7; 8.8
51.2; 6.133; -6.0; 0.6; 8.2; -6.0; 0.7; 8.9; 6.3; 0.7; 8.2; 6.3; 0.8; 8.9
51.4; 6.156; -6.0; 0.7; 8.1; -6.0; 0.8; 8.9; 6.3; 0.8; 8.1; 6.3; 0.9; 8.9
51.6; 6.179; -5.9; 0.8; 8.1; -5.9; 0.9; 8.9; 6.2; 0.9; 8.1; 6.2; 1.0; 8.9
51.8; 6.203; -5.8; 0.8; 8.0; -5.8; 0.9; 9.0; 6.1; 1.0; 8.0; 6.1; 1.1; 9.0
52.0; 6.226; -5.7; 0.9; 8.0; -5.7; 1.0; 9.0; 6.0; 1.0; 8.0; 6.0; 1.2; 9.0
52.2; 6.249; -5.6; 0.9; 8.0; -5.6; 1.1; 9.0; 5.9; 1.1; 8.0; 5.9; 1.2; 9.0
52.4; 6.272; -5.5; 1.0; 8.0; -5.5; 1.1; 9.1; 5.8; 1.2; 8.0; 5.8; 1.3; 9.1
52.6; 6.295; -5.5; 1.0; 7.9; -5.5; 1.1; 9.1; 5.8; 1.2; 7.9; 5.8; 1.4; 9.1
52.8; 6.318; -5.5; 1.0; 7.9; -5.5; 1.2; 9.1; 5.8; 1.2; 7.9; 5.8; 1.4; 9.1
53.0; 6.341; -5.6; 1.0; 7.9; -5.6; 1.2; 9.1; 5.9; 1.2; 7.9; 5.9; 1.4; 9.1
53.2; 6.364; -5.8; 1.0; 7.9; -5.8; 1.1; 9.1; 6.1; 1.2; 7.9; 6.1; 1.4; 9.1
53.4; 6.387; -5.9; 1.0; 8.0; -5.9; 1.1; 9.1; 6.2; 1.2; 8.0; 6.2; 1.3; 9.1
53.6; 6.410; -6.0; 0.9; 8.0; -6.0; 1.1; 9.0; 6.3; 1.1; 8.0; 6.3; 1.3; 9.0
53.8; 6.433; -6.1; 0.9; 8.0; -6.1; 1.0; 9.0; 6.4; 1.1; 8.0; 6.4; 1.2; 9.0
54.0; 6.456; -6.1; 0.9; 8.0; -6.1; 1.0; 9.0; 6.4; 1.0; 8.0; 6.4; 1.2; 9.0
54.2; 6.479; -6.2; 0.8; 8.0; -6.2; 0.9; 9.0; 6.5; 1.0; 8.0; 6.5; 1.1; 9.0
54.4; 6.503; -6.2; 0.8; 8.1; -6.2; 0.9; 9.0; 6.5; 1.0; 8.1; 6.5; 1.1; 9.0
54.6; 6.526; -6.3; 0.8; 8.1; -6.3; 0.9; 8.9; 6.5; 0.9; 8.1; 6.5; 1.0; 9.0
54.8; 6.549; -6.3; 0.8; 8.1; -6.3; 0.9; 8.9; 6.6; 0.9; 8.1; 6.6; 1.0; 8.9
55.0; 6.572; -6.3; 0.8; 8.1; -6.3; 0.9; 8.9; 6.6; 0.9; 8.1; 6.6; 1.0; 8.9
55.2; 6.595; -6.3; 0.8; 8.1; -6.3; 0.9; 9.0; 6.6; 0.9; 8.1; 6.6; 1.0; 9.0
55.4; 6.618; -6.3; 0.8; 8.0; -6.3; 0.9; 9.0; 6.6; 1.0; 8.0; 6.6; 1.1; 9.0
55.6; 6.641; -6.3; 0.9; 8.0; -6.3; 1.0; 9.0; 6.6; 1.0; 8.0; 6.6; 1.2; 9.0
55.8; 6.664; -6.3; 1.0; 8.0; -6.3; 1.1; 9.0; 6.6; 1.1; 8.0; 6.6; 1.2; 9.0
56.0; 6.687; -6.3; 1.0; 7.9; -6.3; 1.2; 9.1; 6.5; 1.2; 7.9; 6.5; 1.4; 9.1
56.2; 6.710; -6.2; 1.1; 7.9; -6.2; 1.3; 9.1; 6.5; 1.3; 7.9; 6.5; 1.5; 9.2
56.4; 6.733; -6.1; 1.2; 7.8; -6.1; 1.5; 9.2; 6.4; 1.4; 7.8; 6.4; 1.7; 9.2
56.6; 6.757; -5.9; 1.4; 7.7; -5.9; 1.6; 9.3; 6.2; 1.6; 7.7; 6.2; 1.9; 9.3
56.8; 6.780; -5.7; 1.5; 7.7; -5.7; 1.8; 9.4; 6.0; 1.7; 7.7; 6.0; 2.1; 9.4
57.0; 6.803; -5.4; 1.6; 7.6; -5.4; 2.0; 9.4; 5.7; 1.8; 7.6; 5.7; 2.3; 9.5
57.2; 6.826; -4.9; 1.7; 7.5; -4.9; 2.2; 9.5; 5.2; 2.0; 7.5; 5.2; 2.5; 9.5
57.4; 6.849; -4.3; 1.8; 7.4; -4.3; 2.3; 9.6; 4.6; 2.1; 7.4; 4.6; 2.7; 9.6
57.6; 6.872; -3.6; 1.9; 7.3; -3.6; 2.5; 9.7; 3.9; 2.2; 7.3; 3.9; 2.9; 9.7
57.8; 6.896; -2.9; 2.0; 7.3; -2.9; 2.7; 9.7; 3.3; 2.4; 7.3; 3.3; 3.1; 9.8
58.0; 6.919; -2.5; 2.0; 7.2; -2.5; 2.8; 9.8; 2.8; 2.5; 7.2; 2.8; 3.3; 9.8
58.2; 6.942; -2.3; 2.1; 7.2; -2.3; 2.9; 9.8; 2.6; 2.5; 7.2; 2.6; 3.4; 9.9
58.4; 6.965; -2.5; 2.1; 7.1; -2.5; 2.9; 9.9; 2.8; 2.6; 7.2; 2.8; 3.5; 9.9
58.6; 6.989; -3.0; 2.1; 7.1; -3.0; 2.9; 9.9; 3.3; 2.6; 7.2; 3.3; 3.5; 9.9
58.8; 7.012; -3.5; 2.1; 7.2; -3.5; 2.9; 9.8; 3.8; 2.6; 7.2; 3.8; 3.5; 9.9
59.0; 7.035; -4.0; 2.0; 7.2; -4.0; 2.8; 9.8; 4.3; 2.5; 7.2; 4.3; 3.4; 9.8
59.2; 7.058; -4.4; 2.0; 7.2; -4.4; 2.6; 9.8; 4.7; 2.4; 7.3; 4.7; 3.2; 9.8
59.4; 7.082; -4.8; 1.9; 7.3; -4.8; 2.5; 9.7; 5.1; 2.3; 7.3; 5.1; 3.1; 9.7
59.6; 7.105; -5.1; 1.8; 7.4; -5.1; 2.3; 9.6; 5.4; 2.2; 7.4; 5.4; 2.9; 9.6
59.8; 7.128; -5.4; 1.7; 7.5; -5.4; 2.1; 9.5; 5.8; 2.1; 7.5; 5.8; 2.6; 9.6
60.0; 7.151; -5.7; 1.5; 7.6; -5.7; 1.9; 9.5; 6.0; 1.9; 7.6; 6.0; 2.4; 9.5
60.2; 7.175; -5.8; 1.4; 7.6; -5.8; 1.7; 9.4; 6.1; 1.8; 7.7; 6.1; 2.1; 9.4
60.4; 7.198; -6.0; 1.3; 7.7; -6.0; 1.5; 9.3; 6.2; 1.6; 7.8; 6.2; 1.9; 9.3
60.6; 7.221; -6.0; 1.1; 7.8; -6.0; 1.3; 9.2; 6.3; 1.4; 7.8; 6.3; 1.7; 9.2
60.8; 7.244; -6.1; 1.0; 7.9; -6.1; 1.1; 9.1; 6.4; 1.3; 7.9; 6.4; 1.4; 9.1
61.0; 7.268; -6.1; 0.8; 8.0; -6.1; 1.0; 9.0; 6.4; 1.1; 8.0; 6.4; 1.2; 9.0
61.2; 7.291; -6.2; 0.7; 8.1; -6.2; 0.8; 8.9; 6.4; 0.9; 8.1; 6.4; 1.0; 8.9
61.4; 7.314; -6.2; 0.6; 8.2; -6.2; 0.7; 8.9; 6.5; 0.8; 8.2; 6.5; 0.8; 8.9
61.6; 7.338; -6.2; 0.5; 8.2; -6.2; 0.5; 8.8; 6.4; 0.6; 8.2; 6.4; 0.7; 8.8
61.8; 7.361; -6.2; 0.4; 8.3; -6.2; 0.4; 8.7; 6.4; 0.5; 8.3; 6.4; 0.5; 8.7
62.0; 7.384; -6.2; 0.3; 8.3; -6.2; 0.3; 8.7; 6.4; 0.4; 8.3; 6.4; 0.4; 8.7
62.2; 7.408; -6.2; 0.2; 8.4; -6.2; 0.2; 8.6; 6.4; 0.3; 8.4; 6.4; 0.3; 8.6
62.4; 7.431; -6.1; 0.1; 8.4; -6.1; 0.2; 8.6; 6.4; 0.2; 8.4; 6.4; 0.2; 8.6
62.6; 7.454; -6.1; 0.1; 8.5; -6.1; 0.1; 8.6; 6.4; 0.1; 8.5; 6.4; 0.1; 8.6
62.8; 7.478; -6.1; 0.0; 8.5; -6.1; 0.0; 8.5; 6.4; 0.1; 8.5; 6.4; 0.1; 8.5
63.0; 7.501; -6.1; -0.0; 8.5; -6.1; -0.0; 8.5; 6.4; 0.0; 8.5; 6.4; 0.0; 8.5
63.2; 7.524; -6.1; -0.0; 8.5; -6.1; -0.0; 8.5; 6.4; -0.0; 8.5; 6.4; -0.0; 8.5
63.4; 7.548; -6.1; -0.1; 8.5; -6.1; -0.1; 8.5; 6.4; -0.1; 8.5; 6.4; -0.1; 8.5
63.6; 7.571; -6.1; -0.1; 8.6; -6.1; -0.1; 8.5; 6.4; -0.1; 8.6; 6.4; -0.1; 8.5
63.8; 7.594; -6.1; -0.1; 8.6; -6.1; -0.1; 8.5; 6.4; -0.1; 8.6; 6.4; -0.1; 8.5
64.0; 7.618; -6.1; -0.1; 8.6; -6.1; -0.1; 8.4; 6.4; -0.1; 8.6; 6.4; -0.1; 8.4
64.2; 7.641; -6.1; -0.1; 8.6; -6.1; -0.1; 8.4; 6.4; -0.2; 8.6; 6.4; -0.1; 8.4
64.4; 7.664; -6.1; -0.1; 8.6; -6.1; -0.1; 8.4; 6.4; -0.2; 8.6; 6.4; -0.2; 8.4
64.6; 7.688; -6.1; -0.1; 8.6; -6.1; -0.1; 8.4; 6.4; -0.2; 8.6; 6.4; -0.2; 8.4
64.8; 7.711; -6.1; -0.1; 8.6; -6.1; -0.1; 8.4; 6.4; -0.2; 8.6; 6.4; -0.2; 8.4
65.0; 7.734; -6.1; -0.1; 8.6; -6.1; -0.1; 8.4; 6.4; -0.2; 8.6; 6.4; -0.2; 8.4
65.2; 7.758; -6.1; -0.1; 8.6; -6.1; -0.1; 8.4; 6.4; -0.2; 8.6; 6.4; -0.2; 8.4
65.4; 7.781; -6.1; -0.1; 8.6; -6.1; -0.1; 8.4; 6.4; -0.2; 8.6; 6.4; -0.2; 8.4
65.6; 7.805; -6.1; -0.1; 8.6; -6.1; -0.1; 8.4; 6.4; -0.1; 8.6; 6.4; -0.1; 8.4
65.8; 7.828; -6.1; -0.1; 8.6; -6.1; -0.1; 8.4; 6.4; -0.1; 8.6; 6.4; -0.1; 8.4
66.0; 7.852; -6.1; -0.1; 8.6; -6.1; -0.1; 8.4; 6.4; -0.1; 8.6; 6.4; -0.1; 8.4
66.2; 7.875; -6.1; -0.1; 8.6; -6.1; -0.1; 8.5; 6.4; -0.1; 8.6; 6.4; -0.1; 8.5
66.4; 7.898; -6.1; -0.1; 8.6; -6.1; -0.1; 8.5; 6.4; -0.1; 8.6; 6.4; -0.1; 8.5
66.6; 7.922; -6.1; -0.1; 8.6; -6.1; -0.1; 8.5; 6.4; -0.1; 8.6; 6.4; -0.1; 8.5
66.8; 7.945; -6.1; -0.1; 8.6; -6.1; -0.1; 8.5; 6.4; -0.1; 8.6; 6.4; -0.1; 8.5
67.0; 7.969; -6.1; -0.1; 8.5; -6.1; -0.1; 8.5; 6.4; -0.1; 8.5; 6.4; -0.1; 8.5
67.2; 7.992; -6.1; -0.1; 8.5; -6.1; -0.1; 8.5; 6.4; -0.1; 8.5; 6.4; -0.1; 8.5
67.4; 8.016; -6.1; -0.0; 8.5; -6.1; -0.0; 8.5; 6.4; -0.1; 8.5; 6.4; -0.1; 8.5
67.6; 8.039; -6.1; -0.0; 8.5; -6.1; -0.0; 8.5; 6.4; -0.0; 8.5; 6.4; -0.0; 8.5
67.8; 8.063; -6.1; -0.0; 8.5; -6.1; -0.0; 8.5; 6.4; -0.0; 8.5; 6.4; -0.0; 8.5
68.0; 8.086; -6.1; 0.0; 8.5; -6.1; 0.0; 8.5; 6.4; 0.0; 8.5; 6.4; 0.0; 8.5
68.2; 8.110; -6.1; 0.0; 8.5; -6.1; 0.0; 8.5; 6.4; 0.0; 8.5; 6.4; 0.0; 8.5
68.4; 8.133; -6.2; 0.1; 8.5; -6.2; 0.1; 8.5; 6.4; 0.1; 8.5; 6.4; 0.1; 8.5
68.6; 8.157; -6.2; 0.1; 8.5; -6.2; 0.1; 8.6; 6.4; 0.1; 8.5; 6.4; 0.1; 8.6
68.8; 8.180; -6.2; 0.2; 8.4; -6.2; 0.2; 8.6; 6.4; 0.2; 8.4; 6.4; 0.2; 8.6
69.0; 8.204; -6.2; 0.2; 8.4; -6.2; 0.2; 8.6; 6.4; 0.2; 8.4; 6.4; 0.2; 8.6
69.2; 8.227; -6.2; 0.2; 8.4; -6.2; 0.3; 8.6; 6.4; 0.3; 8.4; 6.4; 0.3; 8.6
69.4; 8.251; -6.2; 0.3; 8.4; -6.2; 0.3; 8.7; 6.4; 0.3; 8.4; 6.4; 0.3; 8.7
69.6; 8.274; -6.2; 0.4; 8.3; -6.2; 0.4; 8.7; 6.4; 0.4; 8.3; 6.4; 0.4; 8.7
69.8; 8.298; -6.1; 0.4; 8.3; -6.1; 0.4; 8.7; 6.4; 0.5; 8.3; 6.4; 0.5; 8.7
70.0; 8.322; -6.1; 0.5; 8.3; -6.1; 0.5; 8.8; 6.4; 0.5; 8.3; 6.4; 0.6; 8.8
70.2; 8.345; -6.1; 0.6; 8.2; -6.1; 0.6; 8.8; 6.4; 0.6; 8.2; 6.4; 0.7; 8.8
70.4; 8.369; -6.1; 0.6; 8.2; -6.1; 0.7; 8.8; 6.3; 0.7; 8.2; 6.3; 0.8; 8.8
70.6; 8.392; -6.0; 0.7; 8.1; -6.0; 0.8; 8.9; 6.3; 0.8; 8.1; 6.3; 0.9; 8.9
70.8; 8.416; -5.9; 0.8; 8.1; -5.9; 0.8; 8.9; 6.2; 0.9; 8.1; 6.2; 1.0; 8.9
71.0; 8.439; -5.8; 0.8; 8.1; -5.8; 0.9; 9.0; 6.1; 0.9; 8.1; 6.1; 1.1; 9.0
71.2; 8.463; -5.7; 0.9; 8.0; -5.7; 1.0; 9.0; 6.0; 1.0; 8.0; 6.0; 1.1; 9.0
71.4; 8.487; -5.6; 0.9; 8.0; -5.6; 1.0; 9.0; 5.8; 1.1; 8.0; 5.8; 1.2; 9.0
71.6; 8.510; -5.4; 1.0; 8.0; -5.4; 1.1; 9.1; 5.7; 1.1; 8.0; 5.7; 1.3; 9.1
71.8; 8.534; -5.3; 1.0; 8.0; -5.3; 1.1; 9.1; 5.6; 1.2; 8.0; 5.6; 1.3; 9.1
72.0; 8.557; -5.2; 1.0; 7.9; -5.2; 1.1; 9.1; 5.5; 1.2; 8.0; 5.5; 1.3; 9.1
72.2; 8.581; -5.1; 1.0; 8.0; -5.1; 1.1; 9.1; 5.4; 1.2; 8.0; 5.4; 1.3; 9.1
72.4; 8.605; -5.2; 0.9; 8.0; -5.2; 1.0; 9.0; 5.5; 1.1; 8.0; 5.5; 1.3; 9.0
72.6; 8.628; -5.4; 0.8; 8.0; -5.4; 0.9; 9.0; 5.6; 1.0; 8.0; 5.6; 1.2; 9.0
72.8; 8.652; -8.6; 0.8; 9.3; -8.6; 0.9; 10.1; 1.1; 0.9; 6.9; 1.1; 1.0; 7.8
73.0; 8.676; -10.5; 0.8; 10.6; -10.5; 0.8; 11.4; -5.6; 0.8; 5.6; -5.6; 1.0; 6.4
73.2; 8.701; -10.6; 0.7; 10.6; -10.6; 0.7; 11.4; -5.6; 0.8; 5.6; -5.6; 0.9; 6.4
73.4; 8.727; -10.7; 0.5; 10.7; -10.7; 0.5; 11.3; -5.6; 0.7; 5.7; -5.6; 0.8; 6.3
73.6; 8.754; -10.9; 0.3; 10.9; -10.9; 0.3; 11.2; -5.8; 0.5; 5.8; -5.8; 0.5; 6.1
73.8; 8.781; -11.1; -0.1; 11.1; -11.1; -0.1; 11.1; -5.9; 0.1; 5.9; -5.9; 0.1; 5.9
74.0; 8.810; -10.7; -0.8; 11.3; -10.7; -0.7; 10.7; -5.7; -0.6; 6.3; -5.7; -0.6; 5.7
74.2; 8.840; -9.9; -1.8; 11.6; -9.9; -1.6; 10.1; -5.2; -1.8; 7.0; -5.2; -1.4; 5.4
74.4; 8.871; -8.9; -3.2; 11.9; -8.9; -2.4; 9.2; -4.6; -3.4; 7.8; -4.6; -2.3; 5.1
74.6; 8.903; -7.8; -4.7; 12.2; -7.8; -3.1; 8.4; -3.8; -5.3; 8.7; -3.8; -3.0; 4.8
74.8; 8.936; -6.6; -6.1; 12.4; -6.6; -3.6; 7.6; -3.0; -7.0; 9.5; -3.0; -3.5; 4.6
75.0; 8.970; -5.7; -7.4; 12.6; -5.7; -3.9; 6.9; -2.3; -8.5; 10.1; -2.3; -3.8; 4.4
75.2; 9.006; -4.9; -8.3; 12.7; -4.9; -4.1; 6.4; -1.6; -9.7; 10.6; -1.6; -4.0; 4.4
75.4; 9.043; -4.4; -8.9; 12.7; -4.4; -4.1; 6.0; -1.2; -10.4; 11.0; -1.2; -4.2; 4.3
75.6; 9.081; -4.2; -9.2; 12.7; -4.2; -4.1; 5.9; -0.8; -10.9; 11.2; -0.8; -4.2; 4.3
75.8; 9.121; -4.1; -9.1; 12.7; -4.1; -4.1; 5.8; -0.6; -11.0; 11.2; -0.6; -4.3; 4.3
76.0; 9.162; -4.1; -9.1; 12.7; -4.1; -4.0; 5.8; -0.5; -11.1; 11.2; -0.5; -4.3; 4.3
76.2; 9.206; -4.2; -9.0; 12.7; -4.2; -4.0; 5.8; -0.4; -11.1; 11.2; -0.4; -4.3; 4.4
76.4; 9.252; -4.3; -8.9; 12.7; -4.3; -3.9; 5.8; -0.5; -11.0; 11.2; -0.5; -4.3; 4.4
76.6; 9.300; -4.5; -8.8; 12.6; -4.5; -3.9; 5.9; -0.6; -10.9; 11.1; -0.6; -4.3; 4.4
76.8; 9.351; -4.7; -8.6; 12.6; -4.7; -3.8; 6.1; -0.7; -10.7; 11.0; -0.7; -4.3; 4.4
77.0; 9.404; -5.0; -8.4; 12.6; -5.0; -3.7; 6.3; -1.0; -10.3; 10.8; -1.0; -4.3; 4.4
77.2; 9.458; -5.5; -8.1; 12.6; -5.5; -3.6; 6.5; -1.4; -9.7; 10.5; -1.4; -4.2; 4.4
77.4; 9.514; -6.0; -7.8; 12.5; -6.0; -3.4; 6.9; -1.8; -8.9; 10.1; -1.8; -4.1; 4.5
77.6; 9.567; -6.6; -7.5; 12.4; -6.6; -3.1; 7.3; -2.3; -8.0; 9.7; -2.3; -4.0; 4.6
77.8; 9.617; -7.3; -7.3; 12.3; -7.3; -2.7; 7.7; -2.8; -7.0; 9.3; -2.8; -3.8; 4.7
78.0; 9.660; -7.8; -7.3; 12.2; -7.8; -2.2; 8.2; -3.2; -6.1; 8.9; -3.2; -3.5; 4.8
78.2; 9.699; -5.2; -6.9; 11.7; -5.2; -1.5; 8.0; -3.5; -5.2; 9.0; -3.5; -3.4; 5.3
78.4; 9.738; -2.7; -6.5; 11.0; -2.7; -1.0; 7.5; -1.9; -4.6; 9.5; -1.9; -3.2; 6.1
78.6; 9.782; -2.0; -6.4; 10.7; -2.0; -0.6; 7.4; -1.4; -4.2; 9.6; -1.4; -3.1; 6.3
78.8; 9.834; -0.4; -6.1; 10.3; -0.4; -0.5; 7.0; -0.3; -4.1; 10.0; -0.3; -3.1; 6.7
79.0; 9.897; -0.1; -6.1; 10.1; -0.1; -0.6; 6.7; 1.0; -4.1; 10.3; 1.0; -3.1; 6.9
79.2; 9.968; -0.1; -6.2; 9.8; -0.1; -1.2; 6.1; 3.8; -4.3; 10.9; 3.8; -3.2; 7.2
79.4; 10.041; -0.1; -6.4; 9.5; -0.1; -1.9; 5.5; 6.6; -4.8; 11.5; 6.6; -3.5; 7.5
79.6; 10.114; -0.1; -6.4; 9.7; -0.1; -2.1; 5.4; 6.3; -5.4; 11.6; 6.3; -3.7; 7.3
79.8; 10.184; -0.1; -6.6; 9.9; -0.1; -2.4; 5.3; 5.9; -5.9; 11.7; 5.9; -3.9; 7.1
80.0; 10.252; -0.1; -6.7; 10.1; -0.1; -2.5; 5.3; 5.6; -6.4; 11.7; 5.6; -4.0; 6.9
80.2; 10.315; -0.1; -6.9; 10.2; -0.1; -2.7; 5.2; 5.4; -6.8; 11.8; 5.4; -4.2; 6.8
80.4; 10.374; -0.1; -7.1; 10.4; -0.1; -2.8; 5.2; 5.1; -7.1; 11.9; 5.1; -4.3; 6.6
80.6; 10.429; -0.1; -7.3; 10.5; -0.1; -2.9; 5.1; 4.9; -7.5; 11.9; 4.9; -4.3; 6.5
80.8; 10.482; -0.1; -7.5; 10.6; -0.1; -3.0; 5.1; 4.7; -7.8; 12.0; 4.7; -4.4; 6.4
81.0; 10.533; -0.1; -7.7; 10.7; -0.1; -3.1; 5.0; 4.5; -8.1; 12.0; 4.5; -4.5; 6.3
81.2; 10.582; -0.1; -7.8; 10.8; -0.1; -3.1; 5.0; 4.3; -8.3; 12.0; 4.3; -4.5; 6.2
81.4; 10.629; -0.1; -7.5; 10.7; -0.1; -3.1; 5.0; 4.5; -8.1; 12.0; 4.5; -4.5; 6.3
81.6; 10.675; -0.1; -6.9; 10.5; -0.1; -3.0; 5.1; 4.9; -7.5; 11.9; 4.9; -4.3; 6.6
81.8; 10.720; -0.1; -6.1; 10.1; -0.1; -2.9; 5.3; 5.6; -6.7; 11.7; 5.6; -4.1; 6.9
82.0; 10.763; -0.1; -5.2; 9.7; -0.1; -2.7; 5.5; 6.3; -5.7; 11.6; 6.3; -3.7; 7.3
82.2; 10.804; -0.1; -4.3; 9.3; -0.1; -2.5; 5.7; 6.9; -4.8; 11.4; 6.9; -3.3; 7.7
82.4; 10.845; -0.1; -3.4; 8.9; -0.1; -2.2; 5.9; 7.6; -3.9; 11.1; 7.6; -2.9; 8.1
82.6; 10.883; -0.1; -2.7; 8.6; -0.1; -1.9; 6.1; 8.1; -3.1; 10.9; 8.1; -2.5; 8.5
82.8; 10.921; -0.1; -2.1; 8.3; -0.1; -1.6; 6.2; 8.5; -2.5; 10.8; 8.5; -2.0; 8.8
83.0; 10.957; -0.1; -1.7; 8.0; -0.1; -1.3; 6.4; 8.8; -2.0; 10.6; 8.8; -1.7; 9.0
83.2; 10.992; -0.1; -1.3; 7.8; -0.1; -1.1; 6.5; 9.1; -1.6; 10.5; 9.1; -1.4; 9.2
83.4; 11.026; -0.1; -1.0; 7.7; -0.1; -0.9; 6.6; 9.3; -1.2; 10.4; 9.3; -1.1; 9.4
83.6; 11.059; -0.1; -0.8; 7.5; -0.1; -0.7; 6.7; 9.5; -1.0; 10.3; 9.5; -0.9; 9.5
83.8; 11.091; -0.1; -0.6; 7.4; -0.1; -0.6; 6.8; 9.6; -0.8; 10.2; 9.6; -0.7; 9.6
84.0; 11.122; -0.1; -0.5; 7.4; -0.1; -0.5; 6.8; 9.7; -0.6; 10.2; 9.7; -0.6; 9.7
84.2; 11.152; -0.1; -0.4; 7.3; -0.1; -0.4; 6.9; 9.7; -0.5; 10.2; 9.7; -0.5; 9.7
84.4; 11.181; -0.1; -0.4; 7.3; -0.1; -0.3; 6.9; 9.7; -0.5; 10.1; 9.7; -0.4; 9.7
84.6; 11.210; -0.1; -0.4; 7.3; -0.1; -0.3; 6.9; 9.7; -0.4; 10.1; 9.7; -0.4; 9.7
84.8; 11.238; -0.1; -0.4; 7.3; -0.1; -0.4; 6.9; 9.7; -0.5; 10.1; 9.7; -0.5; 9.7
85.0; 11.265; -0.1; -0.5; 7.3; -0.1; -0.4; 6.8; 9.7; -0.6; 10.2; 9.7; -0.5; 9.7
85.2; 11.292; -0.1; -0.6; 7.4; -0.1; -0.5; 6.8; 9.6; -0.7; 10.2; 9.6; -0.6; 9.6
85.4; 11.318; -0.1; -0.8; 7.5; -0.1; -0.7; 6.7; 9.5; -0.9; 10.3; 9.5; -0.8; 9.5
85.6; 11.344; -0.1; -1.0; 7.6; -0.1; -0.8; 6.7; 9.3; -1.1; 10.4; 9.3; -1.0; 9.4
85.8; 11.370; -0.1; -1.2; 7.8; -0.1; -1.0; 6.6; 9.2; -1.4; 10.4; 9.2; -1.2; 9.2
86.0; 11.395; -0.1; -1.5; 7.9; -0.1; -1.2; 6.5; 9.0; -1.7; 10.5; 9.0; -1.5; 9.1
86.2; 11.419; -0.1; -1.9; 8.1; -0.1; -1.5; 6.4; 8.7; -2.1; 10.7; 8.7; -1.8; 8.9
86.4; 11.444; -0.1; -2.2; 8.3; -0.1; -1.7; 6.3; 8.5; -2.5; 10.8; 8.5; -2.0; 8.7
86.6; 11.467; -0.1; -2.5; 8.5; -0.1; -1.8; 6.2; 8.2; -2.9; 10.9; 8.2; -2.3; 8.5
86.8; 11.491; -0.3; -3.0; 9.6; -0.3; -2.1; 6.9; 2.6; -3.3; 10.2; 2.6; -2.5; 7.5
87.0; 11.515; -0.4; -3.4; 10.0; -0.4; -2.3; 7.0; 0.7; -3.9; 10.0; 0.7; -2.8; 7.0
87.2; 11.539; -0.5; -3.7; 10.2; -0.5; -2.5; 6.8; 0.9; -4.4; 10.2; 0.9; -3.0; 6.9
87.4; 11.562; -0.7; -3.8; 10.2; -0.7; -2.5; 6.8; 1.1; -4.6; 10.3; 1.1; -3.1; 6.8
87.6; 11.586; -1.2; -3.8; 10.2; -1.2; -2.5; 6.7; 1.5; -4.7; 10.3; 1.5; -3.1; 6.8
87.8; 11.610; -2.1; -3.8; 10.2; -2.1; -2.5; 6.8; 2.5; -4.6; 10.2; 2.5; -3.1; 6.8
88.0; 11.634; -3.4; -3.6; 10.1; -3.4; -2.4; 6.8; 3.8; -4.5; 10.2; 3.8; -3.0; 6.9
88.2; 11.658; -4.4; -3.4; 10.1; -4.4; -2.3; 6.9; 4.8; -4.2; 10.1; 4.8; -2.9; 7.0
88.4; 11.681; -5.0; -3.1; 9.9; -5.0; -2.2; 7.1; 5.3; -3.8; 10.0; 5.3; -2.7; 7.1
88.6; 11.705; -5.3; -2.8; 9.8; -5.3; -2.0; 7.2; 5.7; -3.5; 9.8; 5.7; -2.6; 7.2
88.8; 11.729; -5.6; -2.4; 9.7; -5.6; -1.8; 7.3; 5.9; -3.1; 9.7; 5.9; -2.3; 7.3
89.0; 11.753; -5.8; -2.1; 9.5; -5.8; -1.7; 7.5; 6.1; -2.7; 9.6; 6.1; -2.1; 7.5
89.2; 11.776; -6.0; -1.8; 9.4; -6.0; -1.5; 7.6; 6.3; -2.3; 9.4; 6.3; -1.9; 7.6
89.4; 11.800; -6.1; -1.5; 9.3; -6.1; -1.3; 7.7; 6.4; -2.0; 9.3; 6.4; -1.6; 7.7
89.6; 11.824; -6.2; -1.3; 9.2; -6.2; -1.1; 7.8; 6.4; -1.6; 9.2; 6.4; -1.4; 7.9
89.8; 11.848; -6.2; -1.0; 9.1; -6.2; -0.9; 8.0; 6.5; -1.3; 9.1; 6.5; -1.2; 8.0
90.0; 11.871; -6.2; -0.8; 9.0; -6.2; -0.8; 8.1; 6.5; -1.1; 9.0; 6.5; -1.0; 8.1
90.2; 11.895; -6.2; -0.7; 8.9; -6.2; -0.6; 8.2; 6.5; -0.9; 8.9; 6.5; -0.8; 8.2
90.4; 11.919; -6.2; -0.5; 8.8; -6.2; -0.5; 8.2; 6.5; -0.7; 8.8; 6.5; -0.6; 8.2
90.6; 11.943; -6.2; -0.4; 8.7; -6.2; -0.3; 8.3; 6.4; -0.5; 8.7; 6.4; -0.5; 8.3
90.8; 11.966; -6.2; -0.2; 8.7; -6.2; -0.2; 8.4; 6.4; -0.3; 8.7; 6.4; -0.3; 8.4
91.0; 11.990; -6.1; -0.1; 8.6; -6.1; -0.1; 8.4; 6.4; -0.2; 8.6; 6.4; -0.2; 8.4
91.2; 12.014; -6.1; -0.1; 8.6; -6.1; -0.1; 8.5; 6.4; -0.1; 8.6; 6.4; -0.1; 8.5
91.4; 12.038; -6.1; -0.0; 8.5; -6.1; -0.0; 8.5; 6.4; -0.0; 8.5; 6.4; -0.0; 8.5
91.6; 12.061; -6.1; 0.0; 8.5; -6.1; 0.0; 8.5; 6.4; 0.0; 8.5; 6.4; 0.0; 8.5
91.8; 12.085; -6.1; 0.1; 8.5; -6.1; 0.1; 8.6; 6.4; 0.1; 8.5; 6.4; 0.1; 8.6
92.0; 12.108; -6.1; 0.1; 8.4; -6.1; 0.1; 8.6; 6.4; 0.1; 8.4; 6.4; 0.1; 8.6
92.2; 12.132; -6.1; 0.1; 8.4; -6.1; 0.1; 8.6; 6.4; 0.2; 8.4; 6.4; 0.2; 8.6
92.4; 12.156; -6.1; 0.2; 8.4; -6.1; 0.2; 8.6; 6.4; 0.2; 8.4; 6.4; 0.2; 8.6
92.6; 12.179; -6.1; 0.2; 8.4; -6.1; 0.2; 8.6; 6.4; 0.2; 8.4; 6.4; 0.2; 8.6
92.8; 12.203; -6.1; 0.2; 8.4; -6.1; 0.2; 8.6; 6.4; 0.2; 8.4; 6.4; 0.2; 8.6
93.0; 12.226; -6.1; 0.2; 8.4; -6.1; 0.2; 8.6; 6.4; 0.2; 8.4; 6.4; 0.2; 8.6
93.2; 12.250; -6.1; 0.2; 8.4; -6.1; 0.2; 8.6; 6.4; 0.2; 8.4; 6.4; 0.2; 8.6
93.4; 12.274; -6.1; 0.2; 8.4; -6.1; 0.2; 8.6; 6.4; 0.2; 8.4; 6.4; 0.2; 8.6
93.6; 12.297; -6.1; 0.1; 8.4; -6.1; 0.1; 8.6; 6.4; 0.2; 8.4; 6.4; 0.2; 8.6
93.8; 12.321; -6.1; 0.1; 8.4; -6.1; 0.1; 8.6; 6.4; 0.2; 8.4; 6.4; 0.2; 8.6
94.0; 12.344; -6.1; 0.1; 8.4; -6.1; 0.1; 8.6; 6.4; 0.2; 8.4; 6.4; 0.2; 8.6
94.2; 12.368; -6.1; 0.1; 8.4; -6.1; 0.1; 8.6; 6.4; 0.1; 8.4; 6.4; 0.1; 8.6
94.4; 12.391; -6.1; 0.1; 8.5; -6.1; 0.1; 8.6; 6.4; 0.1; 8.5; 6.4; 0.1; 8.6
94.6; 12.415; -6.1; 0.1; 8.5; -6.1; 0.1; 8.6; 6.4; 0.1; 8.5; 6.4; 0.1; 8.6
94.8; 12.438; -6.1; 0.1; 8.5; -6.1; 0.1; 8.6; 6.4; 0.1; 8.5; 6.4; 0.1; 8.6
95.0; 12.462; -6.1; 0.1; 8.5; -6.1; 0.1; 8.5; 6.4; 0.1; 8.5; 6.4; 0.1; 8.5
95.2; 12.485; -6.1; 0.1; 8.5; -6.1; 0.1; 8.5; 6.4; 0.1; 8.5; 6.4; 0.1; 8.5
95.4; 12.509; -6.1; 0.0; 8.5; -6.1; 0.0; 8.5; 6.4; 0.1; 8.5; 6.4; 0.1; 8.5
95.6; 12.532; -6.1; 0.0; 8.5; -6.1; 0.0; 8.5; 6.4; 0.0; 8.5; 6.4; 0.0; 8.5
95.8; 12.556; -6.1; 0.0; 8.5; -6.1; 0.0; 8.5; 6.4; 0.0; 8.5; 6.4; 0.0; 8.5
96.0; 12.579; -6.1; 0.0; 8.5; -6.1; 0.0; 8.5; 6.4; 0.0; 8.5; 6.4; 0.0; 8.5
96.2; 12.603; -6.1; 0.0; 8.5; -6.1; 0.0; 8.5; 6.4; 0.0; 8.5; 6.4; 0.0; 8.5
96.4; 12.626; -6.1; 0.0; 8.5; -6.1; 0.0; 8.5; 6.4; 0.0; 8.5; 6.4; 0.0; 8.5
96.6; 12.650; -6.1; 0.0; 8.5; -6.1; 0.0; 8.5; 6.4; 0.0; 8.5; 6.4; 0.0; 8.5
96.8; 12.673; -6.1; 0.0; 8.5; -6.1; 0.0; 8.5; 6.4; 0.0; 8.5; 6.4; 0.0; 8.5
97.0; 12.697; -6.1; -0.0; 8.5; -6.1; -0.0; 8.5; 6.4; -0.0; 8.5; 6.4; -0.0; 8.5
97.2; 12.720; -6.1; -0.0; 8.5; -6.1; -0.0; 8.5; 6.4; -0.0; 8.5; 6.4; -0.0; 8.5
97.4; 12.743; -6.1; -0.0; 8.5; -6.1; -0.0; 8.5; 6.4; -0.0; 8.5; 6.4; -0.0; 8.5
97.6; 12.767; -6.1; -0.0; 8.5; -6.1; -0.0; 8.5; 6.4; -0.0; 8.5; 6.4; -0.0; 8.5
97.8; 12.790; -6.1; -0.0; 8.5; -6.1; -0.0; 8.5; 6.4; -0.0; 8.5; 6.4; -0.0; 8.5
98.0; 12.814; -6.1; -0.0; 8.5; -6.1; -0.0; 8.5; 6.4; -0.0; 8.5; 6.4; -0.0; 8.5
98.2; 12.837; -6.1; -0.0; 8.5; -6.1; -0.0; 8.5; 6.4; -0.0; 8.5; 6.4; -0.0; 8.5
98.4; 12.861; -6.1; -0.0; 8.5; -6.1; -0.0; 8.5; 6.4; -0.0; 8.5; 6.4; -0.0; 8.5
98.6; 12.884; -6.1; -0.0; 8.5; -6.1; -0.0; 8.5; 6.4; -0.0; 8.5; 6.4; -0.0; 8.5
98.8; 12.908; -6.1; -0.0; 8.5; -6.1; -0.0; 8.5; 6.4; -0.0; 8.5; 6.4; -0.0; 8.5
99.0; 12.931; -6.1; -0.0; 8.5; -6.1; -0.0; 8.5; 6.4; -0.0; 8.5; 6.4; -0.0; 8.5
99.2; 12.955; -6.1; -0.0; 8.5; -6.1; -0.0; 8.5; 6.4; -0.0; 8.5; 6.4; -0.0; 8.5
99.4; 12.978; -6.1; -0.0; 8.5; -6.1; -0.0; 8.5; 6.4; -0.0; 8.5; 6.4; -0.0; 8.5
99.6; 13.002; -6.1; -0.0; 8.5; -6.1; -0.0; 8.5; 6.4; -0.0; 8.5; 6.4; -0.0; 8.5
99.8; 13.025; -6.1; -0.0; 8.5; -6.1; -0.0; 8.5; 6.4; -0.0; 8.5; 6.4; -0.0; 8.5
100.0; 13.049; -6.1; -0.0; 8.5; -6.1; -0.0; 8.5; 6.4; -0.0; 8.5; 6.4; -0.0; 8.5
100.2; 13.072; -6.1; -0.0; 8.5; -6.1; -0.0; 8.5; 6.4; -0.0; 8.5; 6.4; -0.0; 8.5
100.4; 13.095; -6.1; -0.0; 8.5; -6.1; -0.0; 8.5; 6.4; -0.0; 8.5; 6.4; -0.0; 8.5
100.6; 13.119; -6.1; -0.0; 8.5; -6.1; -0.0; 8.5; 6.4; -0.0; 8.5; 6.4; -0.0; 8.5
100.8; 13.142; -6.1; -0.0; 8.5; -6.1; -0.0; 8.5; 6.4; -0.0; 8.5; 6.4; -0.0; 8.5
101.0; 13.166; -6.1; -0.0; 8.5; -6.1; -0.0; 8.5; 6.4; -0.0; 8.5; 6.4; -0.0; 8.5
101.2; 13.189; -6.1; -0.0; 8.5; -6.1; -0.0; 8.5; 6.4; -0.0; 8.5; 6.4; -0.0; 8.5
101.4; 13.213; -6.1; -0.0; 8.5; -6.1; -0.0; 8.5; 6.4; -0.0; 8.5; 6.4; -0.0; 8.5
101.6; 13.236; -6.1; -0.0; 8.5; -6.1; -0.0; 8.5; 6.4; -0.0; 8.5; 6.4; -0.0; 8.5
101.8; 13.260; -6.1; -0.0; 8.5; -6.1; -0.0; 8.5; 6.4; -0.0; 8.5; 6.4; -0.0; 8.5
102.0; 13.283; -6.1; -0.0; 8.5; -6.1; -0.0; 8.5; 6.4; -0.0; 8.5; 6.4; -0.0; 8.5
102.2; 13.307; -6.1; -0.0; 8.5; -6.1; -0.0; 8.5; 6.4; -0.0; 8.5; 6.4; -0.0; 8.5
102.4; 13.330; -6.1; -0.0; 8.5; -6.1; -0.0; 8.5; 6.4; -0.0; 8.5; 6.4; -0.0; 8.5
102.6; 13.354; -6.1; -0.0; 8.5; -6.1; -0.0; 8.5; 6.4; -0.0; 8.5; 6.4; -0.0; 8.5
102.8; 13.377; -6.1; -0.0; 8.5; -6.1; -0.0; 8.5; 6.4; -0.0; 8.5; 6.4; -0.0; 8.5
103.0; 13.401; -6.1; 0.0; 8.5; -6.1; 0.0; 8.5; 6.4; 0.0; 8.5; 6.4; 0.0; 8.5
103.2; 13.424; -6.1; 0.0; 8.5; -6.1; 0.0; 8.5; 6.4; 0.0; 8.5; 6.4; 0.0; 8.5
103.4; 13.448; -6.1; 0.0; 8.5; -6.1; 0.0; 8.5; 6.4; 0.0; 8.5; 6.4; 0.0; 8.5
103.6; 13.471; -6.1; 0.0; 8.5; -6.1; 0.0; 8.5; 6.4; 0.0; 8.5; 6.4; 0.0; 8.5
103.8; 13.495; -6.1; 0.0; 8.5; -6.1; 0.0; 8.5; 6.4; 0.0; 8.5; 6.4; 0.0; 8.5
104.0; 13.518; -6.1; 0.0; 8.5; -6.1; 0.0; 8.5; 6.4; 0.0; 8.5; 6.4; 0.0; 8.5
104.2; 13.542; -6.1; 0.0; 8.5; -6.1; 0.0; 8.5; 6.4; 0.0; 8.5; 6.4; 0.0; 8.5
104.4; 13.566; -6.1; 0.0; 8.5; -6.1; 0.0; 8.5; 6.4; 0.0; 8.5; 6.4; 0.0; 8.5
104.6; 13.589; -6.1; 0.0; 8.5; -6.1; 0.0; 8.5; 6.4; 0.0; 8.5; 6.4; 0.0; 8.5
104.8; 13.613; -6.1; 0.0; 8.5; -6.1; 0.0; 8.5; 6.4; 0.0; 8.5; 6.4; 0.0; 8.5
105.0; 13.636; -6.1; 0.0; 8.5; -6.1; 0.0; 8.5; 6.4; 0.0; 8.5; 6.4; 0.0; 8.5
105.2; 13.660; -6.1; 0.0; 8.5; -6.1; 0.0; 8.5; 6.4; 0.0; 8.5; 6.4; 0.0; 8.5
105.4; 13.683; -6.1; 0.0; 8.5; -6.1; 0.0; 8.5; 6.4; 0.0; 8.5; 6.4; 0.0; 8.5
105.6; 13.707; -6.1; 0.0; 8.5; -6.1; 0.0; 8.5; 6.4; 0.0; 8.5; 6.4; 0.0; 8.5
105.8; 13.730; -6.1; 0.0; 8.5; -6.1; 0.0; 8.5; 6.4; 0.0; 8.5; 6.4; 0.0; 8.5
106.0; 13.754; -6.1; 0.0; 8.5; -6.1; 0.0; 8.5; 6.4; 0.0; 8.5; 6.4; 0.0; 8.5
106.2; 13.777; -6.1; 0.0; 8.5; -6.1; 0.0; 8.5; 6.4; 0.0; 8.5; 6.4; 0.0; 8.5
106.4; 13.801; -6.1; -0.0; 8.5; -6.1; -0.0; 8.5; 6.4; -0.0; 8.5; 6.4; -0.0; 8.5
106.6; 13.824; -6.1; -0.0; 8.5; -6.1; -0.0; 8.5; 6.4; -0.0; 8.5; 6.4; -0.0; 8.5
106.8; 13.848; -6.1; -0.0; 8.5; -6.1; -0.0; 8.5; 6.4; -0.0; 8.5; 6.4; -0.0; 8.5
107.0; 13.872; -6.1; -0.0; 8.5; -6.1; -0.0; 8.5; 6.4; -0.0; 8.5; 6.4; -0.0; 8.5
107.2; 13.895; -6.1; -0.0; 8.5; -6.1; -0.0; 8.5; 6.4; -0.0; 8.5; 6.4; -0.0; 8.5
107.4; 13.919; -6.1; 0.0; 8.5; -6.1; 0.0; 8.5; 6.4; -0.0; 8.5; 6.4; -0.0; 8.5
107.6; 13.942; -6.1; 0.0; 8.5; -6.1; 0.0; 8.5; 6.4; 0.0; 8.5; 6.4; 0.0; 8.5
107.8; 13.966; -6.1; 0.0; 8.5; -6.1; 0.0; 8.5; 6.4; 0.0; 8.5; 6.4; 0.0; 8.5
108.0; 13.989; -6.1; 0.0; 8.5; -6.1; 0.0; 8.5; 6.4; 0.0; 8.5; 6.4; 0.0; 8.5
108.2; 14.013; -6.1; 0.0; 8.5; -6.1; 0.0; 8.5; 6.4; 0.0; 8.5; 6.4; 0.0; 8.5
108.4; 14.037; -6.1; 0.0; 8.5; -6.1; 0.0; 8.5; 6.4; 0.0; 8.5; 6.4; 0.0; 8.5
108.6; 14.060; -6.1; 0.0; 8.5; -6.1; 0.0; 8.5; 6.4; 0.0; 8.5; 6.4; 0.0; 8.5
108.8; 14.084; -6.1; 0.0; 8.5; -6.1; 0.0; 8.5; 6.4; 0.0; 8.5; 6.4; 0.0; 8.5
109.0; 14.107; -6.1; 0.0; 8.5; -6.1; 0.0; 8.5; 6.4; 0.0; 8.5; 6.4; 0.0; 8.5
109.2; 14.131; -6.1; 0.0; 8.5; -6.1; 0.0; 8.5; 6.4; 0.0; 8.5; 6.4; 0.0; 8.5
109.4; 14.154; -6.1; 0.0; 8.5; -6.1; 0.0; 8.5; 6.4; 0.0; 8.5; 6.4; 0.0; 8.5
109.6; 14.178; -6.1; 0.0; 8.5; -6.1; 0.0; 8.5; 6.4; 0.0; 8.5; 6.4; 0.0; 8.5
109.8; 14.202; -6.1; 0.0; 8.5; -6.1; 0.0; 8.5; 6.4; 0.0; 8.5; 6.4; 0.0; 8.5
110.0; 14.225; -6.1; 0.0; 8.5; -6.1; 0.0; 8.5; 6.4; 0.0; 8.5; 6.4; 0.0; 8.5
110.2; 14.249; -6.1; 0.0; 8.5; -6.1; 0.0; 8.5; 6.4; 0.0; 8.5; 6.4; 0.0; 8.5
110.4; 14.272; -6.1; 0.0; 8.5; -6.1; 0.0; 8.5; 6.4; 0.0; 8.5; 6.4; 0.0; 8.5
110.6; 14.296; -6.1; 0.0; 8.5; -6.1; 0.0; 8.5; 6.4; 0.0; 8.5; 6.4; 0.0; 8.5
110.8; 14.319; -6.1; 0.0; 8.5; -6.1; 0.0; 8.5; 6.4; 0.0; 8.5; 6.4; 0.0; 8.5
111.0; 14.343; -6.1; 0.0; 8.5; -6.1; 0.0; 8.5; 6.4; 0.0; 8.5; 6.4; 0.0; 8.5
111.2; 14.367; -6.1; 0.0; 8.5; -6.1; 0.0; 8.5; 6.4; 0.0; 8.5; 6.4; 0.0; 8.5
111.4; 14.390; -6.1; 0.0; 8.5; -6.1; 0.0; 8.5; 6.4; 0.0; 8.5; 6.4; 0.0; 8.5
111.6; 14.414; -6.1; 0.0; 8.5; -6.1; 0.0; 8.5; 6.4; 0.0; 8.5; 6.4; 0.0; 8.5
111.8; 14.437; -6.1; 0.0; 8.5; -6.1; 0.0; 8.5; 6.4; 0.0; 8.5; 6.4; 0.0; 8.5
112.0; 14.461; -6.1; 0.0; 8.5; -6.1; 0.0; 8.5; 6.4; 0.0; 8.5; 6.4; 0.0; 8.5
112.2; 14.484; -6.1; 0.0; 8.5; -6.1; 0.0; 8.5; 6.4; 0.0; 8.5; 6.4; 0.0; 8.5
112.4; 14.508; -6.1; 0.0; 8.5; -6.1; 0.0; 8.5; 6.4; 0.0; 8.5; 6.4; 0.0; 8.5
112.6; 14.532; -6.1; 0.0; 8.5; -6.1; 0.0; 8.5; 6.4; 0.0; 8.5; 6.4; 0.0; 8.5
112.8; 14.555; -6.1; 0.0; 8.5; -6.1; 0.0; 8.5; 6.4; 0.0; 8.5; 6.4; 0.0; 8.5
113.0; 14.579; -6.1; 0.0; 8.5; -6.1; 0.0; 8.5; 6.4; 0.0; 8.5; 6.4; 0.0; 8.5
113.2; 14.602; -6.1; 0.0; 8.5; -6.1; 0.0; 8.5; 6.4; 0.0; 8.5; 6.4; 0.0; 8.5
113.4; 14.626; -6.1; -0.0; 8.5; -6.1; -0.0; 8.5; 6.4; 0.0; 8.5; 6.4; 0.0; 8.5
113.6; 14.649; -6.1; -0.0; 8.5; -6.1; -0.0; 8.5; 6.4; -0.0; 8.5; 6.4; -0.0; 8.5
113.8; 14.673; -6.1; -0.0; 8.5; -6.1; -0.0; 8.5; 6.4; -0.0; 8.5; 6.4; -0.0; 8.5
114.0; 14.696; -6.1; -0.0; 8.5; -6.1; -0.0; 8.5; 6.4; -0.0; 8.5; 6.4; -0.0; 8.5
114.2; 14.720; -6.1; -0.0; 8.5; -6.1; -0.0; 8.5; 6.4; -0.0; 8.5; 6.4; -0.0; 8.5
114.4; 14.743; -6.1; -0.0; 8.5; -6.1; -0.0; 8.5; 6.4; -0.0; 8.5; 6.4; -0.0; 8.5
114.6; 14.767; -6.1; -0.0; 8.5; -6.1; -0.0; 8.5; 6.4; -0.0; 8.5; 6.4; -0.0; 8.5
114.8; 14.791; -6.1; -0.0; 8.5; -6.1; -0.0; 8.5; 6.4; -0.0; 8.5; 6.4; -0.0; 8.5
115.0; 14.814; -6.1; -0.0; 8.5; -6.1; -0.0; 8.5; 6.4; -0.0; 8.5; 6.4; -0.0; 8.5
115.2; 14.838; -6.1; -0.0; 8.5; -6.1; -0.0; 8.5; 6.4; -0.0; 8.5; 6.4; -0.0; 8.5
115.4; 14.861; -6.1; -0.0; 8.5; -6.1; -0.0; 8.5; 6.4; -0.0; 8.5; 6.4; -0.0; 8.5
115.6; 14.885; -6.1; -0.0; 8.5; -6.1; -0.0; 8.5; 6.4; -0.0; 8.5; 6.4; -0.0; 8.5
115.8; 14.908; -6.1; -0.0; 8.5; -6.1; -0.0; 8.5; 6.4; -0.0; 8.5; 6.4; -0.0; 8.5
116.0; 14.932; -6.1; -0.0; 8.5; -6.1; -0.0; 8.5; 6.4; -0.0; 8.5; 6.4; -0.0; 8.5
116.2; 14.955; -6.1; -0.0; 8.5; -6.1; -0.0; 8.5; 6.4; -0.0; 8.5; 6.4; -0.0; 8.5
116.4; 14.979; -6.1; -0.0; 8.5; -6.1; -0.0; 8.5; 6.4; -0.0; 8.5; 6.4; -0.0; 8.5
116.6; 15.002; -6.1; -0.0; 8.5; -6.1; -0.0; 8.5; 6.4; -0.0; 8.5; 6.4; -0.0; 8.5
116.8; 15.026; -6.1; -0.0; 8.5; -6.1; -0.0; 8.5; 6.4; -0.0; 8.5; 6.4; -0.0; 8.5
117.0; 15.049; -6.1; -0.0; 8.5; -6.1; -0.0; 8.5; 6.4; -0.1; 8.5; 6.4; -0.1; 8.5
117.2; 15.073; -6.1; -0.0; 8.5; -6.1; -0.0; 8.5; 6.4; -0.1; 8.5; 6.4; -0.1; 8.5
117.4; 15.096; -6.1; -0.0; 8.5; -6.1; -0.0; 8.5; 6.4; -0.1; 8.5; 6.4; -0.1; 8.5
117.6; 15.119; -6.1; -0.0; 8.5; -6.1; -0.0; 8.5; 6.4; -0.1; 8.5; 6.4; -0.1; 8.5
117.8; 15.143; -6.1; -0.0; 8.5; -6.1; -0.0; 8.5; 6.4; -0.0; 8.5; 6.4; -0.0; 8.5
118.0; 15.166; -6.1; -0.0; 8.5; -6.1; -0.0; 8.5; 6.4; -0.0; 8.5; 6.4; -0.0; 8.5
118.2; 15.190; -6.1; -0.0; 8.5; -6.1; -0.0; 8.5; 6.4; -0.0; 8.5; 6.4; -0.0; 8.5
118.4; 15.213; -6.1; -0.0; 8.5; -6.1; -0.0; 8.5; 6.4; -0.0; 8.5; 6.4; -0.0; 8.5
118.6; 15.237; -6.1; -0.0; 8.5; -6.1; -0.0; 8.5; 6.4; -0.0; 8.5; 6.4; -0.0; 8.5
118.8; 15.260; -6.1; 0.0; 8.5; -6.1; 0.0; 8.5; 6.4; -0.0; 8.5; 6.4; -0.0; 8.5
119.0; 15.284; -6.1; 0.0; 8.5; -6.1; 0.0; 8.5; 6.4; 0.0; 8.5; 6.4; 0.0; 8.5
119.2; 15.307; -6.1; 0.0; 8.5; -6.1; 0.0; 8.5; 6.4; 0.0; 8.5; 6.4; 0.0; 8.5
119.4; 15.330; -6.1; 0.1; 8.5; -6.1; 0.1; 8.5; 6.4; 0.1; 8.5; 6.4; 0.1; 8.5
119.6; 15.354; -6.2; 0.1; 8.5; -6.2; 0.1; 8.6; 6.4; 0.1; 8.5; 6.4; 0.1; 8.6
119.8; 15.377; -6.2; 0.1; 8.4; -6.2; 0.1; 8.6; 6.4; 0.1; 8.4; 6.4; 0.1; 8.6
120.0; 15.401; -6.2; 0.2; 8.4; -6.2; 0.2; 8.6; 6.4; 0.2; 8.4; 6.4; 0.2; 8.6
120.2; 15.424; -6.2; 0.2; 8.4; -6.2; 0.2; 8.6; 6.4; 0.2; 8.4; 6.4; 0.2; 8.6
120.4; 15.447; -6.2; 0.3; 8.4; -6.2; 0.3; 8.6; 6.4; 0.3; 8.4; 6.4; 0.3; 8.6
120.6; 15.471; -6.2; 0.3; 8.4; -6.2; 0.3; 8.7; 6.4; 0.3; 8.4; 6.4; 0.4; 8.7
120.8; 15.494; -6.1; 0.4; 8.3; -6.1; 0.4; 8.7; 6.4; 0.4; 8.3; 6.4; 0.4; 8.7
121.0; 15.518; -6.1; 0.4; 8.3; -6.1; 0.4; 8.7; 6.4; 0.5; 8.3; 6.4; 0.5; 8.7
121.2; 15.541; -6.1; 0.5; 8.3; -6.1; 0.5; 8.8; 6.4; 0.5; 8.3; 6.4; 0.6; 8.8
121.4; 15.564; -6.1; 0.5; 8.2; -6.1; 0.6; 8.8; 6.4; 0.6; 8.2; 6.4; 0.7; 8.8
121.6; 15.588; -6.0; 0.6; 8.2; -6.0; 0.6; 8.8; 6.3; 0.7; 8.2; 6.3; 0.7; 8.8
121.8; 15.611; -6.0; 0.7; 8.2; -6.0; 0.7; 8.9; 6.3; 0.8; 8.2; 6.3; 0.8; 8.9
122.0; 15.634; -5.9; 0.7; 8.1; -5.9; 0.8; 8.9; 6.2; 0.8; 8.1; 6.2; 0.9; 8.9
122.2; 15.658; -5.9; 0.8; 8.1; -5.9; 0.8; 8.9; 6.2; 0.9; 8.1; 6.2; 1.0; 8.9
122.4; 15.681; -5.8; 0.8; 8.1; -5.8; 0.9; 9.0; 6.1; 0.9; 8.1; 6.1; 1.0; 9.0
122.6; 15.705; -5.8; 0.8; 8.0; -5.8; 1.0; 9.0; 6.1; 1.0; 8.0; 6.1; 1.1; 9.0
122.8; 15.728; -5.8; 0.9; 8.0; -5.8; 1.0; 9.0; 6.1; 1.0; 8.0; 6.1; 1.2; 9.0
123.0; 15.751; -5.8; 0.9; 8.0; -5.8; 1.0; 9.0; 6.1; 1.1; 8.0; 6.1; 1.2; 9.0
123.2; 15.775; -5.8; 0.9; 8.0; -5.8; 1.0; 9.0; 6.1; 1.1; 8.0; 6.1; 1.2; 9.0
123.4; 15.798; -5.8; 0.9; 8.0; -5.8; 1.1; 9.0; 6.1; 1.1; 8.0; 6.1; 1.3; 9.0
123.6; 15.821; -5.8; 0.9; 8.0; -5.8; 1.1; 9.0; 6.1; 1.1; 8.0; 6.1; 1.3; 9.0
123.8; 15.845; -5.8; 0.9; 8.0; -5.8; 1.0; 9.0; 6.1; 1.1; 8.0; 6.1; 1.3; 9.0
124.0; 15.868; -5.8; 0.9; 8.0; -5.8; 1.0; 9.0; 6.1; 1.1; 8.0; 6.1; 1.2; 9.0
124.2; 15.891; -5.9; 0.9; 8.0; -5.9; 1.0; 9.0; 6.1; 1.1; 8.0; 6.1; 1.2; 9.0
124.4; 15.915; -5.9; 0.9; 8.0; -5.9; 1.0; 9.0; 6.2; 1.0; 8.0; 6.2; 1.2; 9.0
124.6; 15.938; -6.0; 0.8; 8.0; -6.0; 0.9; 9.0; 6.2; 1.0; 8.0; 6.2; 1.1; 9.0
124.8; 15.961; -6.0; 0.8; 8.1; -6.0; 0.9; 9.0; 6.3; 1.0; 8.1; 6.3; 1.1; 9.0
125.0; 15.985; -6.0; 0.8; 8.1; -6.0; 0.8; 8.9; 6.3; 0.9; 8.1; 6.3; 1.0; 8.9
125.2; 16.008; -6.1; 0.7; 8.1; -6.1; 0.8; 8.9; 6.3; 0.9; 8.1; 6.3; 1.0; 8.9
125.4; 16.031; -6.1; 0.7; 8.1; -6.1; 0.7; 8.9; 6.4; 0.8; 8.1; 6.4; 0.9; 8.9
125.6; 16.054; -6.1; 0.6; 8.2; -6.1; 0.7; 8.9; 6.4; 0.8; 8.2; 6.4; 0.8; 8.9
125.8; 16.078; -6.1; 0.6; 8.2; -6.1; 0.6; 8.8; 6.4; 0.7; 8.2; 6.4; 0.8; 8.8
126.0; 16.101; -6.1; 0.6; 8.2; -6.1; 0.6; 8.8; 6.4; 0.7; 8.2; 6.4; 0.7; 8.8
126.2; 16.124; -6.1; 0.5; 8.2; -6.1; 0.6; 8.8; 6.4; 0.6; 8.2; 6.4; 0.7; 8.8
126.4; 16.148; -6.1; 0.5; 8.2; -6.1; 0.5; 8.8; 6.4; 0.6; 8.2; 6.4; 0.6; 8.8
126.6; 16.171; -6.1; 0.5; 8.2; -6.1; 0.5; 8.8; 6.4; 0.6; 8.2; 6.4; 0.6; 8.8
126.8; 16.194; -6.1; 0.4; 8.3; -6.1; 0.5; 8.8; 6.4; 0.5; 8.3; 6.4; 0.6; 8.8
127.0; 16.217; -6.1; 0.4; 8.3; -6.1; 0.4; 8.7; 6.4; 0.5; 8.3; 6.4; 0.5; 8.7
127.2; 16.241; -6.1; 0.4; 8.3; -6.1; 0.4; 8.7; 6.4; 0.5; 8.3; 6.4; 0.5; 8.7
127.4; 16.264; -6.1; 0.4; 8.3; -6.1; 0.4; 8.7; 6.4; 0.4; 8.3; 6.4; 0.5; 8.7
127.6; 16.287; -6.1; 0.3; 8.3; -6.1; 0.3; 8.7; 6.4; 0.4; 8.3; 6.4; 0.4; 8.7
127.8; 16.310; -6.1; 0.3; 8.3; -6.1; 0.3; 8.7; 6.4; 0.4; 8.3; 6.4; 0.4; 8.7
128.0; 16.333; -6.1; 0.3; 8.4; -6.1; 0.3; 8.7; 6.4; 0.3; 8.4; 6.4; 0.4; 8.7
128.2; 16.357; -6.1; 0.2; 8.4; -6.1; 0.3; 8.6; 6.4; 0.3; 8.4; 6.4; 0.3; 8.6
128.4; 16.380; -6.1; 0.2; 8.4; -6.1; 0.2; 8.6; 6.4; 0.3; 8.4; 6.4; 0.3; 8.6
128.6; 16.403; -6.1; 0.2; 8.4; -6.1; 0.2; 8.6; 6.4; 0.2; 8.4; 6.4; 0.2; 8.6
128.8; 16.426; -6.1; 0.2; 8.4; -6.1; 0.2; 8.6; 6.4; 0.2; 8.4; 6.4; 0.2; 8.6
129.0; 16.450; -6.1; 0.1; 8.4; -6.1; 0.1; 8.6; 6.4; 0.2; 8.4; 6.4; 0.2; 8.6
129.2; 16.473; -6.1; 0.1; 8.4; -6.1; 0.1; 8.6; 6.4; 0.1; 8.4; 6.4; 0.1; 8.6
129.4; 16.496; -6.1; 0.1; 8.5; -6.1; 0.1; 8.6; 6.4; 0.1; 8.5; 6.4; 0.1; 8.6
129.6; 16.520; -6.1; 0.1; 8.5; -6.1; 0.1; 8.5; 6.4; 0.1; 8.5; 6.4; 0.1; 8.5
129.8; 16.543; -6.1; 0.0; 8.5; -6.1; 0.1; 8.5; 6.4; 0.1; 8.5; 6.4; 0.1; 8.5
130.0; 16.566; -6.1; 0.0; 8.5; -6.1; 0.0; 8.5; 6.4; 0.1; 8.5; 6.4; 0.1; 8.5
130.2; 16.590; -6.1; 0.0; 8.5; -6.1; 0.0; 8.5; 6.4; 0.0; 8.5; 6.4; 0.0; 8.5
130.4; 16.613; -6.1; 0.0; 8.5; -6.1; 0.0; 8.5; 6.4; 0.0; 8.5; 6.4; 0.0; 8.5
130.6; 16.636; -6.1; 0.0; 8.5; -6.1; 0.0; 8.5; 6.4; 0.0; 8.5; 6.4; 0.0; 8.5
130.8; 16.660; -6.1; 0.0; 8.5; -6.1; 0.0; 8.5; 6.4; 0.0; 8.5; 6.4; 0.0; 8.5
131.0; 16.683; -6.1; 0.0; 8.5; -6.1; 0.0; 8.5; 6.4; 0.0; 8.5; 6.4; 0.0; 8.5
131.2; 16.707; -6.1; 0.0; 8.5; -6.1; 0.0; 8.5; 6.4; 0.0; 8.5; 6.4; 0.0; 8.5
131.4; 16.730; -6.1; 0.0; 8.5; -6.1; 0.0; 8.5; 6.4; 0.0; 8.5; 6.4; 0.0; 8.5
131.6; 16.753; -6.1; 0.1; 8.5; -6.1; 0.1; 8.5; 6.4; 0.1; 8.5; 6.4; 0.1; 8.5
131.8; 16.777; -6.1; 0.1; 8.5; -6.1; 0.1; 8.5; 6.4; 0.1; 8.5; 6.4; 0.1; 8.5
132.0; 16.800; -6.1; 0.1; 8.5; -6.1; 0.1; 8.6; 6.4; 0.1; 8.5; 6.4; 0.1; 8.6
132.2; 16.824; -6.1; 0.1; 8.5; -6.1; 0.1; 8.6; 6.4; 0.1; 8.5; 6.4; 0.1; 8.6
132.4; 16.847; -6.1; 0.1; 8.4; -6.1; 0.1; 8.6; 6.4; 0.2; 8.4; 6.4; 0.2; 8.6
132.6; 16.871; -6.1; 0.2; 8.4; -6.1; 0.2; 8.6; 6.4; 0.2; 8.4; 6.4; 0.2; 8.6
132.8; 16.895; -6.1; 0.2; 8.4; -6.1; 0.2; 8.6; 6.4; 0.2; 8.4; 6.4; 0.2; 8.6
133.0; 16.918; -6.1; 0.2; 8.4; -6.1; 0.2; 8.6; 6.4; 0.3; 8.4; 6.4; 0.3; 8.6
133.2; 16.942; -6.1; 0.3; 8.4; -6.1; 0.3; 8.7; 6.4; 0.3; 8.4; 6.4; 0.3; 8.7
133.4; 16.965; -6.1; 0.3; 8.3; -6.1; 0.3; 8.7; 6.4; 0.4; 8.3; 6.4; 0.4; 8.7
133.6; 16.989; -6.1; 0.3; 8.3; -6.1; 0.4; 8.7; 6.4; 0.4; 8.3; 6.4; 0.4; 8.7
133.8; 17.012; -6.1; 0.4; 8.3; -6.1; 0.4; 8.7; 6.3; 0.4; 8.3; 6.3; 0.5; 8.7
134.0; 17.036; -6.1; 0.4; 8.3; -6.1; 0.4; 8.7; 6.3; 0.5; 8.3; 6.3; 0.5; 8.7
134.2; 17.060; -6.0; 0.4; 8.3; -6.0; 0.5; 8.7; 6.3; 0.5; 8.3; 6.3; 0.5; 8.7
134.4; 17.083; -6.0; 0.4; 8.3; -6.0; 0.5; 8.8; 6.3; 0.5; 8.3; 6.3; 0.6; 8.8
134.6; 17.107; -6.0; 0.5; 8.3; -6.0; 0.5; 8.8; 6.2; 0.5; 8.3; 6.2; 0.6; 8.8
134.8; 17.130; -5.9; 0.5; 8.3; -5.9; 0.5; 8.8; 6.2; 0.5; 8.3; 6.2; 0.6; 8.8
135.0; 17.154; -5.9; 0.4; 8.3; -5.9; 0.5; 8.8; 6.2; 0.5; 8.3; 6.2; 0.6; 8.8
135.2; 17.178; -5.9; 0.4; 8.3; -5.9; 0.4; 8.7; 6.2; 0.5; 8.3; 6.2; 0.5; 8.7
135.4; 17.201; -5.9; 0.4; 8.3; -5.9; 0.4; 8.7; 6.2; 0.5; 8.3; 6.2; 0.5; 8.7
135.6; 17.225; -6.0; 0.3; 8.3; -6.0; 0.3; 8.7; 6.2; 0.4; 8.3; 6.2; 0.4; 8.7
135.8; 17.249; -6.1; 0.2; 8.4; -6.1; 0.2; 8.6; 6.3; 0.3; 8.4; 6.3; 0.3; 8.6
136.0; 17.272; -6.2; 0.1; 8.4; -6.2; 0.1; 8.6; 6.4; 0.2; 8.4; 6.4; 0.2; 8.6
136.2; 17.296; -6.3; -0.1; 8.5; -6.3; -0.1; 8.5; 6.6; -0.0; 8.5; 6.6; -0.0; 8.5
136.4; 17.320; -6.5; -0.3; 8.6; -6.5; -0.3; 8.4; 6.7; -0.2; 8.6; 6.7; -0.2; 8.4
136.6; 17.343; -6.6; -0.5; 8.7; -6.6; -0.5; 8.3; 6.9; -0.5; 8.7; 6.9; -0.5; 8.3
136.8; 17.367; -6.6; -0.8; 8.9; -6.6; -0.7; 8.1; 6.9; -0.8; 8.9; 6.9; -0.7; 8.1
137.0; 17.391; -7.8; -1.2; 9.6; -7.8; -1.0; 8.5; 4.6; -1.2; 8.5; 4.6; -1.0; 7.5
137.2; 17.415; -10.0; -1.7; 11.6; -10.0; -1.5; 10.1; -5.3; -1.7; 6.9; -5.3; -1.3; 5.4
137.4; 17.440; -9.5; -2.4; 11.8; -9.5; -2.0; 9.7; -4.9; -2.6; 7.3; -4.9; -1.8; 5.2
137.6; 17.465; -8.9; -3.1; 11.9; -8.9; -2.4; 9.2; -4.5; -3.5; 7.8; -4.5; -2.3; 5.1
137.8; 17.492; -8.3; -3.9; 12.1; -8.3; -2.8; 8.7; -4.1; -4.5; 8.3; -4.1; -2.7; 4.9
138.0; 17.518; -7.7; -4.6; 12.2; -7.7; -3.1; 8.3; -3.7; -5.5; 8.7; -3.7; -3.0; 4.8
138.2; 17.546; -7.1; -5.3; 12.3; -7.1; -3.4; 7.9; -3.3; -6.4; 9.1; -3.3; -3.3; 4.7
138.4; 17.574; -6.6; -5.9; 12.4; -6.6; -3.6; 7.5; -2.9; -7.2; 9.5; -2.9; -3.5; 4.6
138.6; 17.603; -6.1; -6.5; 12.5; -6.1; -3.7; 7.2; -2.5; -8.0; 9.8; -2.5; -3.7; 4.5
138.8; 17.632; -5.7; -7.1; 12.6; -5.7; -3.9; 6.9; -2.2; -8.7; 10.1; -2.2; -3.9; 4.4
139.0; 17.662; -5.3; -7.6; 12.6; -5.3; -4.0; 6.6; -1.9; -9.3; 10.4; -1.9; -4.0; 4.4
139.2; 17.693; -4.9; -8.0; 12.7; -4.9; -4.0; 6.4; -1.6; -9.8; 10.6; -1.6; -4.1; 4.3
139.4; 17.725; -4.6; -8.4; 12.7; -4.6; -4.1; 6.2; -1.3; -10.2; 10.9; -1.3; -4.1; 4.3
139.6; 17.757; -4.4; -8.7; 12.7; -4.4; -4.1; 6.0; -1.0; -10.6; 11.0; -1.0; -4.2; 4.3
139.8; 17.791; -4.1; -9.0; 12.7; -4.1; -4.1; 5.8; -0.8; -10.9; 11.2; -0.8; -4.2; 4.3
140.0; 17.826; -3.9; -9.2; 12.7; -3.9; -4.1; 5.7; -0.5; -11.2; 11.3; -0.5; -4.3; 4.3
140.2; 17.861; -3.8; -9.3; 12.7; -3.8; -4.1; 5.6; -0.3; -11.3; 11.4; -0.3; -4.3; 4.3
140.4; 17.897; -3.7; -9.4; 12.7; -3.7; -4.1; 5.5; -0.1; -11.5; 11.5; -0.1; -4.3; 4.3
140.6; 17.934; -3.7; -9.4; 12.7; -3.7; -4.1; 5.5; -0.1; -11.5; 11.5; -0.1; -4.3; 4.3
140.8; 17.972; -3.8; -9.3; 12.7; -3.8; -4.1; 5.6; -0.3; -11.4; 11.4; -0.3; -4.3; 4.3
141.0; 18.010; -3.8; -9.3; 12.7; -3.8; -4.1; 5.6; -0.5; -11.3; 11.4; -0.5; -4.3; 4.3
141.2; 18.048; -3.6; -9.3; 12.6; -3.6; -4.1; 5.4; 0.3; -11.5; 11.6; 0.3; -4.4; 4.4
141.4; 18.085; -2.7; -9.5; 12.5; -2.7; -4.0; 5.2; 0.7; -11.7; 11.8; 0.7; -4.5; 4.6
141.6; 18.121; -1.5; -9.7; 12.4; -1.5; -3.9; 4.9; 0.7; -12.0; 12.1; 0.7; -4.6; 4.7
141.8; 18.155; -0.3; -9.8; 12.3; -0.3; -3.8; 4.7; 0.4; -12.2; 12.3; 0.4; -4.7; 4.7
142.0; 18.186; -0.1; -10.0; 12.3; -0.1; -3.8; 4.7; 0.5; -12.3; 12.4; 0.5; -4.7; 4.8
142.2; 18.216; -0.1; -10.0; 12.3; -0.1; -3.8; 4.7; 0.4; -12.3; 12.3; 0.4; -4.7; 4.8
142.4; 18.244; -0.1; -10.0; 12.3; -0.1; -3.8; 4.7; 0.3; -12.3; 12.3; 0.3; -4.7; 4.7
142.6; 18.272; -0.1; -10.0; 12.3; -0.1; -3.8; 4.7; 0.2; -12.3; 12.3; 0.2; -4.7; 4.7
142.8; 18.300; -0.1; -9.9; 12.3; -0.1; -3.8; 4.7; 0.1; -12.3; 12.3; 0.1; -4.7; 4.7
143.0; 18.330; -0.1; -9.9; 12.3; -0.1; -3.8; 4.8; 0.1; -12.2; 12.3; 0.1; -4.7; 4.7
143.2; 18.362; -0.1; -10.0; 12.3; -0.1; -3.8; 4.7; 0.2; -12.2; 12.3; 0.2; -4.7; 4.7
143.4; 18.395; -0.1; -10.0; 12.2; -0.1; -3.8; 4.7; 0.4; -12.2; 12.3; 0.4; -4.8; 4.8
143.6; 18.429; -0.1; -10.0; 12.2; -0.1; -3.7; 4.7; 0.7; -12.1; 12.3; 0.7; -4.8; 4.8
143.8; 18.465; -0.1; -10.0; 12.1; -0.1; -3.7; 4.7; 0.9; -12.0; 12.4; 0.9; -4.8; 4.9
144.0; 18.502; -0.1; -9.9; 12.1; -0.1; -3.7; 4.6; 1.2; -11.8; 12.4; 1.2; -4.8; 5.0
144.2; 18.540; -0.1; -9.8; 12.0; -0.1; -3.7; 4.6; 1.5; -11.6; 12.4; 1.5; -4.8; 5.0
144.4; 18.579; -0.1; -9.8; 11.9; -0.1; -3.7; 4.6; 1.7; -11.4; 12.4; 1.7; -4.8; 5.1
144.6; 18.618; -0.1; -9.7; 11.9; -0.1; -3.7; 4.6; 1.9; -11.3; 12.4; 1.9; -4.8; 5.2
144.8; 18.657; -0.1; -9.6; 11.8; -0.1; -3.6; 4.6; 2.0; -11.2; 12.4; 2.0; -4.8; 5.2
145.0; 18.697; -0.1; -9.6; 11.8; -0.1; -3.6; 4.7; 2.1; -11.1; 12.4; 2.1; -4.8; 5.2
145.2; 18.736; -0.1; -9.6; 11.8; -0.1; -3.6; 4.7; 2.1; -11.1; 12.4; 2.1; -4.8; 5.2
145.4; 18.776; -0.1; -9.6; 11.8; -0.1; -3.7; 4.6; 2.1; -11.1; 12.4; 2.1; -4.8; 5.2
145.6; 18.815; -0.1; -9.6; 11.8; -0.1; -3.6; 4.7; 2.1; -11.1; 12.4; 2.1; -4.8; 5.2
145.8; 18.854; -0.1; -9.5; 11.8; -0.1; -3.6; 4.7; 2.2; -11.0; 12.4; 2.2; -4.8; 5.3
146.0; 18.893; -0.1; -9.3; 11.7; -0.1; -3.6; 4.7; 2.3; -10.8; 12.3; 2.3; -4.8; 5.3
146.2; 18.931; -0.1; -9.0; 11.6; -0.1; -3.6; 4.7; 2.7; -10.5; 12.3; 2.7; -4.8; 5.5
146.4; 18.969; -0.1; -8.6; 11.4; -0.1; -3.5; 4.8; 3.1; -10.0; 12.2; 3.1; -4.7; 5.6
146.6; 19.007; -0.1; -8.2; 11.2; -0.1; -3.4; 4.9; 3.5; -9.5; 12.2; 3.5; -4.7; 5.8
146.8; 19.044; -0.1; -7.7; 11.0; -0.1; -3.4; 4.9; 4.0; -8.9; 12.1; 4.0; -4.6; 6.1
147.0; 19.080; -0.1; -7.3; 10.8; -0.1; -3.3; 5.0; 4.4; -8.4; 12.0; 4.4; -4.5; 6.3
147.2; 19.116; -0.1; -6.8; 10.6; -0.1; -3.2; 5.1; 4.8; -7.9; 11.9; 4.8; -4.4; 6.5
147.4; 19.151; -0.1; -6.4; 10.4; -0.1; -3.1; 5.2; 5.1; -7.4; 11.9; 5.1; -4.3; 6.6
147.6; 19.186; -0.1; -6.0; 10.2; -0.1; -3.0; 5.2; 5.4; -6.9; 11.8; 5.4; -4.1; 6.8
147.8; 19.220; -0.1; -5.7; 10.0; -0.1; -2.9; 5.3; 5.7; -6.5; 11.7; 5.7; -4.0; 7.0
148.0; 19.253; -0.1; -5.3; 9.9; -0.1; -2.8; 5.4; 6.0; -6.1; 11.6; 6.0; -3.9; 7.2
148.2; 19.286; -0.1; -5.0; 9.7; -0.1; -2.8; 5.5; 6.3; -5.8; 11.5; 6.3; -3.7; 7.3
148.4; 19.318; -0.1; -4.7; 9.6; -0.1; -2.7; 5.6; 6.5; -5.4; 11.5; 6.5; -3.6; 7.5
148.6; 19.349; -0.1; -4.4; 9.4; -0.1; -2.6; 5.6; 6.8; -5.1; 11.4; 6.8; -3.4; 7.6
148.8; 19.380; -0.1; -4.1; 9.3; -0.1; -2.5; 5.7; 7.0; -4.8; 11.3; 7.0; -3.3; 7.7
149.0; 19.410; -0.1; -3.9; 9.2; -0.1; -2.4; 5.8; 7.2; -4.5; 11.3; 7.2; -3.2; 7.8
149.2; 19.440; -0.1; -3.7; 9.1; -0.1; -2.3; 5.8; 7.3; -4.3; 11.2; 7.3; -3.1; 7.9
149.4; 19.469; -0.1; -3.5; 9.0; -0.1; -2.3; 5.8; 7.4; -4.1; 11.2; 7.4; -3.0; 8.0
149.6; 19.497; -0.1; -3.4; 8.9; -0.1; -2.2; 5.9; 7.5; -3.9; 11.1; 7.5; -2.9; 8.1
149.8; 19.525; -0.1; -3.3; 8.9; -0.1; -2.2; 5.9; 7.6; -3.8; 11.1; 7.6; -2.8; 8.1
150.0; 19.553; -0.1; -3.2; 8.9; -0.1; -2.1; 5.9; 7.6; -3.8; 11.1; 7.6; -2.8; 8.1
150.2; 19.580; -0.1; -3.2; 8.9; -0.1; -2.1; 5.9; 7.7; -3.8; 11.1; 7.7; -2.8; 8.1
150.4; 19.607; -0.1; -3.3; 8.9; -0.1; -2.2; 5.9; 7.6; -3.8; 11.1; 7.6; -2.8; 8.1
150.6; 19.633; -0.1; -3.4; 9.0; -0.1; -2.2; 5.9; 7.5; -3.9; 11.1; 7.5; -2.9; 8.1
150.8; 19.659; -0.1; -3.6; 9.0; -0.1; -2.3; 5.8; 7.4; -4.1; 11.2; 7.4; -3.0; 8.0
151.0; 19.685; -0.1; -3.8; 9.2; -0.1; -2.4; 5.8; 7.2; -4.4; 11.2; 7.2; -3.1; 7.9
151.2; 19.710; -0.1; -4.1; 9.3; -0.1; -2.5; 5.7; 7.0; -4.7; 11.3; 7.0; -3.3; 7.7
151.4; 19.735; -0.1; -4.5; 9.5; -0.1; -2.7; 5.6; 6.7; -5.1; 11.4; 6.7; -3.4; 7.5
151.6; 19.759; -0.1; -4.9; 9.7; -0.1; -2.8; 5.5; 6.4; -5.6; 11.5; 6.4; -3.6; 7.3
151.8; 19.784; -0.1; -5.4; 9.9; -0.1; -2.9; 5.4; 6.1; -6.1; 11.6; 6.1; -3.8; 7.1
152.0; 19.808; -0.1; -5.7; 10.1; -0.1; -3.0; 5.3; 5.7; -6.5; 11.7; 5.7; -3.9; 7.0
152.2; 19.832; -0.1; -6.1; 10.2; -0.1; -3.1; 5.3; 5.4; -7.0; 11.8; 5.4; -4.1; 6.8
152.4; 19.856; -0.2; -6.3; 10.4; -0.2; -3.2; 5.2; 4.9; -7.3; 11.8; 4.9; -4.2; 6.6
152.6; 19.879; -0.2; -6.7; 11.2; -0.2; -3.5; 5.8; 0.7; -7.7; 11.3; 0.7; -4.1; 5.9
152.8; 19.903; -0.2; -7.0; 11.3; -0.2; -3.5; 5.6; 0.8; -8.3; 11.4; 0.8; -4.2; 5.7
153.0; 19.926; -0.4; -7.1; 11.4; -0.4; -3.5; 5.6; 1.0; -8.6; 11.5; 1.0; -4.3; 5.7
153.2; 19.950; -0.9; -7.1; 11.4; -0.9; -3.5; 5.5; 1.5; -8.7; 11.5; 1.5; -4.4; 5.7
153.4; 19.974; -2.2; -6.9; 11.3; -2.2; -3.4; 5.6; 2.8; -8.6; 11.4; 2.8; -4.4; 5.7
153.6; 19.997; -2.9; -6.6; 11.2; -2.9; -3.4; 5.7; 3.5; -8.3; 11.3; 3.5; -4.3; 5.8
153.8; 20.021; -3.3; -6.2; 11.1; -3.3; -3.3; 5.8; 3.9; -7.8; 11.2; 3.9; -4.2; 5.9
154.0; 20.044; -3.8; -5.6; 10.9; -3.8; -3.1; 6.0; 4.3; -7.1; 11.0; 4.3; -4.0; 6.1
154.2; 20.067; -4.3; -4.9; 10.7; -4.3; -2.9; 6.3; 4.8; -6.3; 10.7; 4.8; -3.8; 6.4
154.4; 20.091; -4.8; -4.2; 10.4; -4.8; -2.7; 6.6; 5.3; -5.4; 10.5; 5.3; -3.5; 6.6
154.6; 20.114; -5.3; -3.6; 10.2; -5.3; -2.4; 6.8; 5.7; -4.6; 10.2; 5.7; -3.1; 6.9
154.8; 20.138; -5.7; -3.0; 9.9; -5.7; -2.1; 7.1; 6.1; -3.8; 9.9; 6.1; -2.7; 7.1
155.0; 20.161; -6.0; -2.5; 9.7; -6.0; -1.9; 7.3; 6.3; -3.1; 9.7; 6.3; -2.4; 7.3
155.2; 20.184; -6.2; -2.0; 9.5; -6.2; -1.6; 7.5; 6.5; -2.6; 9.5; 6.5; -2.1; 7.5
155.4; 20.207; -6.4; -1.7; 9.4; -6.4; -1.4; 7.6; 6.7; -2.2; 9.4; 6.7; -1.8; 7.7
155.6; 20.230; -6.4; -1.5; 9.2; -6.4; -1.2; 7.8; 6.7; -1.8; 9.3; 6.7; -1.6; 7.8
155.8; 20.253; -6.5; -1.3; 9.2; -6.5; -1.1; 7.9; 6.8; -1.6; 9.2; 6.8; -1.4; 7.9
156.0; 20.276; -6.5; -1.2; 9.1; -6.5; -1.0; 7.9; 6.8; -1.4; 9.1; 6.8; -1.3; 7.9
156.2; 20.299; -6.5; -1.1; 9.1; -6.5; -1.0; 7.9; 6.8; -1.4; 9.1; 6.8; -1.2; 7.9
156.4; 20.322; -6.5; -1.1; 9.1; -6.5; -1.0; 7.9; 6.8; -1.3; 9.1; 6.8; -1.2; 8.0
156.6; 20.345; -6.5; -1.2; 9.1; -6.5; -1.0; 7.9; 6.8; -1.4; 9.1; 6.8; -1.2; 7.9
156.8; 20.368; -6.4; -1.3; 9.1; -6.4; -1.1; 7.9; 6.7; -1.4; 9.1; 6.7; -1.3; 7.9
157.0; 20.391; -6.3; -1.4; 9.2; -6.3; -1.2; 7.8; 6.6; -1.6; 9.2; 6.6; -1.3; 7.9
157.2; 20.413; -6.2; -1.5; 9.2; -6.2; -1.3; 7.8; 6.5; -1.7; 9.2; 6.5; -1.5; 7.8
157.4; 20.436; -6.0; -1.7; 9.3; -6.0; -1.4; 7.7; 6.3; -1.9; 9.3; 6.3; -1.6; 7.7
157.6; 20.459; -5.7; -1.9; 9.4; -5.7; -1.6; 7.6; 6.0; -2.2; 9.4; 6.0; -1.8; 7.6
157.8; 20.482; -5.2; -2.1; 9.5; -5.2; -1.7; 7.5; 5.5; -2.4; 9.5; 5.5; -1.9; 7.5
158.0; 20.504; -4.5; -2.4; 9.6; -4.5; -1.8; 7.4; 4.9; -2.7; 9.6; 4.9; -2.1; 7.4
158.2; 20.527; -3.7; -2.6; 9.7; -3.7; -1.9; 7.3; 4.0; -3.0; 9.7; 4.0; -2.3; 7.3
158.4; 20.550; -2.8; -2.8; 9.8; -2.8; -2.1; 7.2; 3.1; -3.3; 9.8; 3.1; -2.4; 7.2
158.6; 20.573; -2.1; -3.0; 9.9; -2.1; -2.2; 7.1; 2.5; -3.5; 9.9; 2.5; -2.6; 7.1
158.8; 20.595; -1.8; -3.2; 9.9; -1.8; -2.2; 7.0; 2.2; -3.7; 10.0; 2.2; -2.7; 7.1
159.0; 20.618; -1.8; -3.3; 10.0; -1.8; -2.3; 7.0; 2.2; -3.9; 10.0; 2.2; -2.8; 7.0
159.2; 20.641; -2.5; -3.4; 10.0; -2.5; -2.3; 7.0; 2.8; -4.0; 10.1; 2.8; -2.8; 7.0
159.4; 20.664; -3.7; -3.4; 10.1; -3.7; -2.4; 6.9; 4.0; -4.1; 10.1; 4.0; -2.9; 7.0
159.6; 20.687; -4.6; -3.4; 10.1; -4.6; -2.4; 6.9; 4.9; -4.1; 10.1; 4.9; -2.9; 7.0
159.8; 20.709; -5.0; -3.4; 10.0; -5.0; -2.4; 6.9; 5.4; -4.1; 10.1; 5.4; -2.9; 7.0
160.0; 20.732; -5.3; -3.4; 10.0; -5.3; -2.3; 7.0; 5.6; -4.1; 10.1; 5.6; -2.8; 7.0
160.2; 20.755; -5.4; -3.4; 10.0; -5.4; -2.3; 7.0; 5.8; -4.0; 10.0; 5.8; -2.8; 7.0
160.4; 20.778; -5.5; -3.3; 10.0; -5.5; -2.3; 7.0; 5.9; -4.0; 10.0; 5.9; -2.8; 7.0
160.6; 20.800; -5.5; -3.3; 10.0; -5.5; -2.3; 7.0; 5.9; -4.0; 10.0; 5.9; -2.8; 7.0
160.8; 20.823; -5.6; -3.3; 10.0; -5.6; -2.3; 7.0; 5.9; -4.0; 10.0; 5.9; -2.8; 7.0
161.0; 20.846; -5.5; -3.4; 10.0; -5.5; -2.3; 7.0; 5.9; -4.0; 10.0; 5.9; -2.8; 7.0
161.2; 20.869; -5.5; -3.4; 10.0; -5.5; -2.4; 6.9; 5.8; -4.1; 10.1; 5.8; -2.8; 7.0
161.4; 20.892; -5.3; -3.5; 10.1; -5.3; -2.4; 6.9; 5.7; -4.2; 10.1; 5.7; -2.9; 6.9
161.6; 20.915; -5.1; -3.7; 10.1; -5.1; -2.5; 6.9; 5.5; -4.3; 10.2; 5.5; -2.9; 6.9
161.8; 20.937; -4.7; -3.8; 10.2; -4.7; -2.5; 6.8; 5.1; -4.4; 10.2; 5.1; -3.0; 6.8
162.0; 20.960; -4.0; -3.9; 10.2; -4.0; -2.6; 6.8; 4.4; -4.6; 10.3; 4.4; -3.1; 6.8
162.2; 20.983; -2.9; -4.1; 10.3; -2.9; -2.7; 6.7; 3.3; -4.8; 10.3; 3.3; -3.2; 6.7
162.4; 21.006; -1.8; -4.2; 10.4; -1.8; -2.7; 6.6; 2.2; -5.1; 10.4; 2.2; -3.3; 6.7
162.6; 21.029; -1.2; -4.4; 10.4; -1.2; -2.8; 6.6; 1.6; -5.3; 10.5; 1.6; -3.3; 6.6
162.8; 21.052; -1.0; -4.5; 10.5; -1.0; -2.8; 6.5; 1.4; -5.4; 10.5; 1.4; -3.4; 6.5
163.0; 21.075; -0.9; -4.6; 10.5; -0.9; -2.8; 6.5; 1.3; -5.6; 10.6; 1.3; -3.5; 6.5
163.2; 21.098; -0.9; -4.7; 10.5; -0.9; -2.8; 6.4; 1.3; -5.7; 10.6; 1.3; -3.5; 6.5
163.4; 21.120; -0.9; -4.7; 10.5; -0.9; -2.8; 6.4; 1.3; -5.7; 10.6; 1.3; -3.5; 6.5
163.6; 21.143; -1.0; -4.6; 10.5; -1.0; -2.8; 6.4; 1.4; -5.6; 10.6; 1.4; -3.5; 6.5
163.8; 21.166; -1.2; -4.5; 10.5; -1.2; -2.8; 6.5; 1.6; -5.5; 10.5; 1.6; -3.5; 6.5
164.0; 21.189; -1.5; -4.3; 10.4; -1.5; -2.7; 6.5; 2.0; -5.3; 10.5; 2.0; -3.4; 6.6
164.2; 21.212; -2.4; -4.1; 10.3; -2.4; -2.6; 6.6; 2.8; -5.1; 10.4; 2.8; -3.3; 6.7
164.4; 21.235; -3.7; -3.8; 10.2; -3.7; -2.5; 6.7; 4.1; -4.8; 10.3; 4.1; -3.2; 6.8
164.6; 21.258; -4.5; -3.5; 10.1; -4.5; -2.4; 6.9; 4.9; -4.4; 10.1; 4.9; -3.0; 6.9
164.8; 21.281; -5.0; -3.2; 10.0; -5.0; -2.2; 7.0; 5.4; -4.0; 10.0; 5.4; -2.8; 7.0
165.0; 21.304; -5.4; -2.8; 9.8; -5.4; -2.0; 7.2; 5.7; -3.5; 9.9; 5.7; -2.6; 7.2
165.2; 21.327; -5.6; -2.5; 9.7; -5.6; -1.9; 7.3; 6.0; -3.1; 9.7; 6.0; -2.4; 7.3
165.4; 21.350; -5.9; -2.1; 9.5; -5.9; -1.7; 7.5; 6.2; -2.7; 9.6; 6.2; -2.1; 7.5
165.6; 21.372; -6.0; -1.8; 9.4; -6.0; -1.5; 7.6; 6.3; -2.3; 9.4; 6.3; -1.9; 7.6
165.8; 21.395; -6.1; -1.5; 9.3; -6.1; -1.3; 7.7; 6.4; -2.0; 9.3; 6.4; -1.6; 7.7
166.0; 21.418; -6.2; -1.3; 9.2; -6.2; -1.1; 7.8; 6.5; -1.6; 9.2; 6.5; -1.4; 7.9
166.2; 21.441; -6.2; -1.0; 9.1; -6.2; -0.9; 8.0; 6.5; -1.4; 9.1; 6.5; -1.2; 8.0
166.4; 21.464; -6.2; -0.9; 9.0; -6.2; -0.8; 8.1; 6.5; -1.1; 9.0; 6.5; -1.0; 8.1
166.6; 21.487; -6.2; -0.7; 8.9; -6.2; -0.6; 8.1; 6.5; -0.9; 8.9; 6.5; -0.8; 8.1
166.8; 21.510; -6.2; -0.6; 8.8; -6.2; -0.5; 8.2; 6.5; -0.7; 8.8; 6.5; -0.7; 8.2
167.0; 21.533; -6.2; -0.4; 8.8; -6.2; -0.4; 8.3; 6.5; -0.6; 8.8; 6.5; -0.5; 8.3
167.2; 21.556; -6.2; -0.4; 8.7; -6.2; -0.3; 8.3; 6.5; -0.5; 8.7; 6.5; -0.4; 8.3
167.4; 21.579; -6.2; -0.3; 8.7; -6.2; -0.3; 8.3; 6.5; -0.4; 8.7; 6.5; -0.4; 8.3
167.6; 21.602; -6.2; -0.3; 8.6; -6.2; -0.2; 8.4; 6.5; -0.3; 8.6; 6.5; -0.3; 8.4
167.8; 21.624; -6.2; -0.2; 8.6; -6.2; -0.2; 8.4; 6.5; -0.3; 8.6; 6.5; -0.3; 8.4
168.0; 21.647; -6.2; -0.2; 8.6; -6.2; -0.2; 8.4; 6.5; -0.3; 8.6; 6.5; -0.3; 8.4
168.2; 21.670; -6.2; -0.2; 8.6; -6.2; -0.2; 8.4; 6.5; -0.3; 8.6; 6.5; -0.3; 8.4
168.4; 21.693; -6.2; -0.3; 8.6; -6.2; -0.3; 8.4; 6.5; -0.3; 8.6; 6.5; -0.3; 8.4
168.6; 21.716; -6.2; -0.3; 8.7; -6.2; -0.3; 8.4; 6.5; -0.3; 8.7; 6.5; -0.3; 8.4
168.8; 21.739; -6.2; -0.4; 8.7; -6.2; -0.3; 8.3; 6.5; -0.4; 8.7; 6.5; -0.4; 8.3
169.0; 21.762; -6.2; -0.4; 8.7; -6.2; -0.4; 8.3; 6.4; -0.5; 8.7; 6.4; -0.5; 8.3
169.2; 21.785; -6.1; -0.5; 8.8; -6.1; -0.5; 8.3; 6.4; -0.6; 8.8; 6.4; -0.5; 8.3
169.4; 21.808; -6.1; -0.6; 8.8; -6.1; -0.5; 8.2; 6.4; -0.7; 8.8; 6.4; -0.6; 8.2
169.6; 21.831; -6.1; -0.7; 8.8; -6.1; -0.6; 8.2; 6.3; -0.8; 8.8; 6.3; -0.7; 8.2
169.8; 21.854; -6.0; -0.8; 8.9; -6.0; -0.7; 8.1; 6.3; -0.9; 8.9; 6.3; -0.8; 8.1
170.0; 21.877; -6.0; -0.8; 8.9; -6.0; -0.8; 8.1; 6.2; -1.0; 8.9; 6.2; -0.9; 8.1
170.2; 21.900; -5.9; -0.9; 9.0; -5.9; -0.8; 8.0; 6.2; -1.1; 9.0; 6.2; -1.0; 8.1
170.4; 21.923; -5.9; -1.0; 9.0; -5.9; -0.9; 8.0; 6.2; -1.2; 9.0; 6.2; -1.0; 8.0
170.6; 21.946; -5.9; -1.1; 9.0; -5.9; -1.0; 8.0; 6.1; -1.3; 9.1; 6.1; -1.1; 8.0
170.8; 21.970; -5.8; -1.2; 9.1; -5.8; -1.0; 7.9; 6.1; -1.4; 9.1; 6.1; -1.2; 7.9
171.0; 21.993; -5.7; -1.2; 9.1; -5.7; -1.1; 7.9; 6.0; -1.5; 9.1; 6.0; -1.3; 7.9
171.2; 22.016; -5.6; -1.3; 9.2; -5.6; -1.1; 7.9; 5.9; -1.5; 9.2; 5.9; -1.3; 7.9
171.4; 22.039; -5.5; -1.4; 9.2; -5.5; -1.2; 7.8; 5.8; -1.6; 9.2; 5.8; -1.4; 7.8
171.6; 22.063; -5.4; -1.4; 9.2; -5.4; -1.2; 7.8; 5.6; -1.7; 9.2; 5.6; -1.4; 7.8
171.8; 22.086; -5.2; -1.4; 9.2; -5.2; -1.2; 7.8; 5.5; -1.7; 9.2; 5.5; -1.5; 7.8
172.0; 22.110; -5.0; -1.5; 9.2; -5.0; -1.2; 7.8; 5.3; -1.7; 9.2; 5.3; -1.5; 7.8
172.2; 22.133; -4.8; -1.4; 9.2; -4.8; -1.2; 7.8; 5.1; -1.7; 9.2; 5.1; -1.5; 7.8
172.4; 22.157; -4.6; -1.4; 9.2; -4.6; -1.2; 7.8; 4.9; -1.7; 9.2; 4.9; -1.4; 7.8
172.6; 22.180; -4.5; -1.3; 9.2; -4.5; -1.1; 7.8; 4.8; -1.6; 9.2; 4.8; -1.4; 7.8
172.8; 22.204; -4.6; -1.2; 9.1; -4.6; -1.0; 7.9; 4.9; -1.5; 9.1; 4.9; -1.3; 7.9
173.0; 22.227; -4.8; -1.0; 9.0; -4.8; -0.9; 8.0; 5.1; -1.3; 9.0; 5.1; -1.2; 8.0
173.2; 22.251; -5.2; -0.8; 8.9; -5.2; -0.7; 8.1; 5.5; -1.1; 8.9; 5.5; -1.0; 8.1
173.4; 22.275; -5.8; -0.5; 8.8; -5.8; -0.5; 8.2; 6.1; -0.7; 8.8; 6.1; -0.7; 8.2
173.6; 22.299; -6.5; -0.1; 8.6; -6.5; -0.1; 8.4; 6.8; -0.3; 8.6; 6.8; -0.3; 8.4
173.8; 22.322; -7.0; 0.3; 8.4; -7.0; 0.3; 8.6; 7.3; 0.1; 8.4; 7.3; 0.1; 8.6
174.0; 22.346; -7.2; 0.7; 8.2; -7.2; 0.8; 8.9; 7.5; 0.7; 8.2; 7.5; 0.7; 8.9
174.2; 22.370; -7.1; 1.2; 7.9; -7.1; 1.4; 9.1; 7.4; 1.2; 7.9; 7.4; 1.4; 9.2
174.4; 22.394; -6.7; 1.8; 7.5; -6.7; 2.2; 9.5; 7.0; 1.8; 7.5; 7.0; 2.3; 9.5
174.6; 22.418; -5.9; 2.2; 7.2; -5.9; 3.1; 9.8; 6.2; 2.4; 7.2; 6.2; 3.2; 9.8
174.8; 22.442; -1.0; 2.7; 6.8; -1.0; 4.0; 10.2; 1.4; 3.0; 6.8; 1.4; 4.4; 10.3
175.0; 22.466; -0.2; 3.0; 6.4; -0.2; 5.1; 10.6; 0.6; 3.4; 6.4; 0.6; 5.6; 10.7
175.2; 22.490; -0.1; 3.3; 6.0; -0.1; 6.1; 11.0; 0.6; 3.8; 6.1; 0.6; 6.9; 11.0
175.4; 22.514; -0.1; 3.5; 5.7; -0.1; 7.0; 11.3; 0.7; 4.1; 5.8; 0.7; 8.0; 11.4
175.6; 22.538; -0.1; 3.7; 5.4; -0.1; 7.8; 11.5; 0.8; 4.3; 5.5; 0.8; 9.0; 11.6
175.8; 22.562; -0.1; 3.8; 5.2; -0.1; 8.5; 11.7; 0.9; 4.5; 5.3; 0.9; 9.8; 11.8
176.0; 22.587; -0.1; 3.8; 5.0; -0.1; 8.9; 11.8; 0.9; 4.6; 5.2; 0.9; 10.4; 12.0
176.2; 22.611; -0.2; 3.8; 4.9; -0.2; 9.3; 11.9; 1.0; 4.6; 5.1; 1.0; 10.9; 12.1
176.4; 22.635; -0.2; 3.8; 4.8; -0.2; 9.5; 12.0; 1.2; 4.7; 5.0; 1.2; 11.3; 12.2
176.6; 22.660; -0.5; 3.8; 4.7; -0.5; 9.7; 12.1; 1.4; 4.7; 5.0; 1.4; 11.6; 12.3
176.8; 22.684; -0.3; 3.8; 4.7; -0.3; 9.8; 12.1; 1.3; 4.7; 4.9; 1.3; 11.7; 12.3
177.0; 22.709; -0.2; 3.8; 4.7; -0.2; 9.8; 12.1; 1.2; 4.7; 4.9; 1.2; 11.9; 12.4
177.2; 22.733; -0.1; 3.8; 4.7; -0.1; 9.9; 12.1; 1.1; 4.7; 4.9; 1.1; 12.0; 12.4
177.4; 22.757; -0.1; 3.8; 4.7; -0.1; 9.9; 12.2; 1.0; 4.7; 4.8; 1.0; 12.0; 12.4
177.6; 22.782; -0.1; 3.8; 4.7; -0.1; 10.0; 12.2; 0.9; 4.7; 4.8; 0.9; 12.1; 12.4
177.8; 22.806; -0.1; 3.9; 4.7; -0.1; 10.0; 12.2; 0.8; 4.7; 4.8; 0.8; 12.1; 12.4
178.0; 22.831; -0.1; 3.9; 4.7; -0.1; 10.0; 12.2; 0.7; 4.7; 4.8; 0.7; 12.2; 12.3
178.2; 22.855; -0.1; 3.9; 4.7; -0.1; 10.0; 12.3; 0.7; 4.7; 4.8; 0.7; 12.2; 12.3
178.4; 22.880; -0.1; 3.9; 4.7; -0.1; 10.0; 12.3; 0.6; 4.7; 4.7; 0.6; 12.2; 12.3
178.6; 22.904; -0.1; 3.9; 4.7; -0.1; 10.0; 12.3; 0.5; 4.7; 4.7; 0.5; 12.2; 12.3
178.8; 22.929; -0.1; 3.9; 4.7; -0.1; 10.0; 12.3; 0.4; 4.7; 4.7; 0.4; 12.2; 12.3
179.0; 22.953; -0.1; 3.9; 4.7; -0.1; 10.0; 12.3; 0.4; 4.7; 4.7; 0.4; 12.2; 12.3
179.2; 22.977; -0.1; 3.9; 4.7; -0.1; 10.0; 12.3; 0.3; 4.7; 4.7; 0.3; 12.2; 12.3
179.4; 23.002; -0.1; 3.9; 4.7; -0.1; 9.9; 12.3; 0.3; 4.7; 4.7; 0.3; 12.2; 12.3
179.6; 23.026; -0.1; 3.9; 4.7; -0.1; 9.9; 12.3; 0.3; 4.7; 4.7; 0.3; 12.2; 12.3
179.8; 23.050; -0.1; 3.9; 4.7; -0.1; 9.9; 12.3; 0.3; 4.7; 4.7; 0.3; 12.2; 12.3
180.0; 23.074; -0.1; 3.9; 4.7; -0.1; 9.9; 12.3; 0.2; 4.7; 4.7; 0.2; 12.2; 12.3
180.2; 23.098; -0.1; 3.9; 4.8; -0.1; 9.9; 12.3; 0.2; 4.7; 4.7; 0.2; 12.2; 12.3
180.4; 23.122; -0.1; 3.9; 4.8; -0.1; 9.9; 12.3; 0.2; 4.7; 4.7; 0.2; 12.2; 12.3
180.6; 23.145; -0.1; 3.9; 4.8; -0.1; 9.9; 12.3; 0.2; 4.7; 4.7; 0.2; 12.2; 12.3
180.8; 23.169; -0.1; 3.9; 4.8; -0.1; 9.9; 12.3; 0.2; 4.7; 4.7; 0.2; 12.2; 12.3
181.0; 23.193; -0.1; 3.9; 4.8; -0.1; 9.9; 12.3; 0.2; 4.7; 4.7; 0.2; 12.2; 12.3
181.2; 23.216; -0.1; 3.9; 4.8; -0.1; 9.9; 12.3; 0.2; 4.7; 4.7; 0.2; 12.2; 12.3
181.4; 23.240; -0.1; 3.9; 4.8; -0.1; 9.9; 12.3; 0.2; 4.7; 4.7; 0.2; 12.2; 12.3
181.6; 23.263; -0.1; 3.9; 4.8; -0.1; 9.9; 12.3; 0.2; 4.7; 4.7; 0.2; 12.2; 12.3
181.8; 23.287; -0.1; 3.9; 4.8; -0.1; 9.9; 12.3; 0.2; 4.7; 4.7; 0.2; 12.2; 12.3
182.0; 23.310; -0.1; 3.9; 4.7; -0.1; 9.9; 12.3; 0.3; 4.7; 4.7; 0.3; 12.2; 12.3
182.2; 23.334; -0.1; 3.9; 4.7; -0.1; 9.9; 12.3; 0.3; 4.7; 4.7; 0.3; 12.2; 12.3
182.4; 23.357; -0.1; 3.9; 4.7; -0.1; 9.9; 12.3; 0.3; 4.7; 4.7; 0.3; 12.2; 12.3
182.6; 23.381; -0.1; 3.9; 4.7; -0.1; 9.9; 12.3; 0.3; 4.7; 4.7; 0.3; 12.2; 12.3
182.8; 23.404; -0.1; 3.9; 4.7; -0.1; 9.9; 12.3; 0.3; 4.7; 4.7; 0.3; 12.2; 12.3
183.0; 23.427; -0.1; 3.9; 4.7; -0.1; 9.9; 12.3; 0.4; 4.7; 4.7; 0.4; 12.2; 12.3
183.2; 23.450; -0.1; 3.9; 4.7; -0.1; 9.9; 12.3; 0.4; 4.7; 4.7; 0.4; 12.2; 12.3
183.4; 23.474; -0.1; 3.9; 4.7; -0.1; 9.9; 12.3; 0.4; 4.7; 4.7; 0.4; 12.2; 12.3
183.6; 23.497; -0.1; 3.8; 4.7; -0.1; 9.9; 12.3; 0.5; 4.7; 4.8; 0.5; 12.2; 12.3
183.8; 23.520; -0.1; 3.8; 4.7; -0.1; 9.9; 12.3; 0.5; 4.7; 4.8; 0.5; 12.2; 12.3
184.0; 23.543; -0.1; 3.8; 4.7; -0.1; 9.9; 12.3; 0.5; 4.7; 4.8; 0.5; 12.2; 12.3
184.2; 23.565; -0.1; 3.8; 4.7; -0.1; 9.9; 12.2; 0.6; 4.7; 4.8; 0.6; 12.2; 12.3
184.4; 23.588; -0.1; 3.8; 4.7; -0.1; 9.9; 12.2; 0.6; 4.7; 4.8; 0.6; 12.2; 12.3
184.6; 23.611; -0.1; 3.8; 4.7; -0.1; 9.9; 12.2; 0.7; 4.7; 4.8; 0.7; 12.2; 12.3
184.8; 23.633; -0.1; 3.8; 4.7; -0.1; 9.9; 12.2; 0.7; 4.7; 4.8; 0.7; 12.2; 12.3
185.0; 23.655; -0.1; 3.8; 4.7; -0.1; 9.9; 12.2; 0.7; 4.7; 4.8; 0.7; 12.1; 12.3
185.2; 23.677; -0.1; 3.8; 4.7; -0.1; 9.9; 12.2; 0.8; 4.7; 4.8; 0.8; 12.1; 12.3
185.4; 23.699; -0.1; 3.8; 4.7; -0.1; 9.9; 12.2; 0.8; 4.7; 4.8; 0.8; 12.1; 12.3
185.6; 23.721; -0.1; 3.8; 4.7; -0.1; 9.9; 12.2; 0.9; 4.8; 4.8; 0.9; 12.1; 12.3
185.8; 23.742; -0.1; 3.8; 4.7; -0.1; 9.9; 12.2; 0.9; 4.8; 4.8; 0.9; 12.1; 12.3
186.0; 23.763; -0.1; 3.8; 4.7; -0.1; 9.8; 12.2; 1.0; 4.8; 4.9; 1.0; 12.0; 12.4
186.2; 23.784; -0.1; 3.8; 4.7; -0.1; 9.8; 12.2; 1.0; 4.8; 4.9; 1.0; 12.0; 12.4
186.4; 23.805; -0.1; 3.8; 4.7; -0.1; 9.8; 12.1; 1.0; 4.8; 4.9; 1.0; 12.0; 12.4
186.6; 23.826; -0.1; 3.8; 4.7; -0.1; 9.8; 12.1; 1.1; 4.8; 4.9; 1.1; 12.0; 12.4
186.8; 23.846; -0.1; 3.8; 4.7; -0.1; 9.8; 12.1; 1.1; 4.8; 4.9; 1.1; 11.9; 12.4
187.0; 23.867; -0.1; 3.8; 4.7; -0.1; 9.8; 12.1; 1.2; 4.8; 4.9; 1.2; 11.9; 12.4
187.2; 23.887; -0.1; 3.8; 4.7; -0.1; 9.8; 12.1; 1.2; 4.8; 4.9; 1.2; 11.9; 12.4
187.4; 23.909; -0.1; 3.8; 4.7; -0.1; 9.7; 12.1; 1.3; 4.8; 4.9; 1.3; 11.8; 12.4
187.6; 23.930; -0.1; 3.8; 4.7; -0.1; 9.7; 12.1; 1.4; 4.8; 5.0; 1.4; 11.8; 12.4
187.8; 23.953; -0.1; 3.8; 4.7; -0.1; 9.7; 12.0; 1.4; 4.8; 5.0; 1.4; 11.8; 12.4
188.0; 23.976; -0.1; 3.8; 4.7; -0.1; 9.6; 12.0; 1.5; 4.8; 5.0; 1.5; 11.7; 12.4
188.2; 23.999; -0.1; 3.8; 4.7; -0.1; 9.6; 12.0; 1.6; 4.8; 5.0; 1.6; 11.7; 12.4
188.4; 24.023; -0.1; 3.7; 4.7; -0.1; 9.6; 12.0; 1.6; 4.8; 5.0; 1.6; 11.6; 12.4
188.6; 24.048; -0.1; 3.7; 4.7; -0.1; 9.5; 11.9; 1.7; 4.8; 5.1; 1.7; 11.5; 12.4
188.8; 24.072; -0.1; 3.7; 4.7; -0.1; 9.5; 11.9; 1.8; 4.8; 5.1; 1.8; 11.5; 12.4
189.0; 24.098; -0.1; 3.7; 4.7; -0.1; 9.4; 11.9; 1.9; 4.8; 5.1; 1.9; 11.4; 12.3
189.2; 24.123; -0.1; 3.7; 4.7; -0.1; 9.3; 11.8; 2.0; 4.8; 5.2; 2.0; 11.3; 12.3
189.4; 24.149; -0.1; 3.7; 4.7; -0.1; 9.2; 11.8; 2.1; 4.8; 5.2; 2.1; 11.2; 12.3
189.6; 24.175; -0.1; 3.7; 4.7; -0.1; 9.2; 11.8; 2.2; 4.8; 5.3; 2.2; 11.0; 12.3
189.8; 24.201; -0.1; 3.7; 4.7; -0.1; 9.1; 11.7; 2.4; 4.8; 5.3; 2.4; 10.9; 12.3
190.0; 24.227; -0.1; 3.7; 4.7; -0.1; 9.0; 11.7; 2.5; 4.8; 5.4; 2.5; 10.8; 12.3
190.2; 24.253; -0.1; 3.6; 4.7; -0.1; 8.9; 11.6; 2.6; 4.7; 5.4; 2.6; 10.7; 12.3
190.4; 24.278; -0.1; 3.6; 4.7; -0.1; 8.8; 11.6; 2.7; 4.7; 5.4; 2.7; 10.6; 12.3
190.6; 24.304; -0.1; 3.6; 4.7; -0.1; 8.8; 11.6; 2.8; 4.7; 5.5; 2.8; 10.5; 12.3
190.8; 24.330; -0.1; 3.6; 4.7; -0.1; 8.8; 11.5; 2.8; 4.7; 5.5; 2.8; 10.4; 12.3
191.0; 24.355; -0.1; 3.6; 4.7; -0.1; 8.8; 11.5; 2.8; 4.7; 5.5; 2.8; 10.4; 12.3
191.2; 24.380; -0.1; 3.7; 4.7; -0.1; 8.9; 11.6; 2.7; 4.7; 5.5; 2.7; 10.5; 12.3
191.4; 24.405; -0.1; 3.7; 4.7; -0.1; 9.0; 11.6; 2.7; 4.7; 5.4; 2.7; 10.6; 12.3
191.6; 24.429; -0.1; 3.7; 4.7; -0.1; 9.1; 11.6; 2.6; 4.7; 5.4; 2.6; 10.7; 12.3
191.8; 24.454; -0.1; 3.7; 4.7; -0.1; 9.2; 11.7; 2.4; 4.7; 5.3; 2.4; 10.8; 12.3
192.0; 24.478; -0.1; 3.7; 4.7; -0.1; 9.3; 11.7; 2.3; 4.7; 5.3; 2.3; 11.0; 12.3
192.2; 24.502; -0.1; 3.7; 4.7; -0.1; 9.3; 11.8; 2.2; 4.7; 5.2; 2.2; 11.1; 12.3
192.4; 24.526; -0.1; 3.7; 4.7; -0.1; 9.3; 11.8; 2.2; 4.8; 5.2; 2.2; 11.1; 12.3
192.6; 24.550; -0.1; 3.7; 4.7; -0.1; 9.2; 11.8; 2.2; 4.8; 5.2; 2.2; 11.1; 12.3
192.8; 24.573; -0.1; 3.6; 4.7; -0.1; 8.9; 11.7; 2.3; 4.8; 5.3; 2.3; 11.0; 12.3
193.0; 24.597; -0.1; 3.5; 4.8; -0.1; 8.5; 11.6; 2.5; 4.8; 5.4; 2.5; 10.7; 12.2
193.2; 24.621; -1.0; 3.6; 5.2; -1.0; 8.1; 11.7; 1.8; 4.6; 5.3; 1.8; 10.2; 11.9
193.4; 24.644; -2.0; 3.5; 5.4; -2.0; 7.4; 11.5; 2.8; 4.6; 5.5; 2.8; 9.6; 11.7
193.6; 24.668; -2.7; 3.3; 5.6; -2.7; 6.6; 11.3; 3.4; 4.4; 5.7; 3.4; 8.7; 11.4
193.8; 24.692; -3.6; 3.1; 6.0; -3.6; 5.6; 11.0; 4.2; 4.2; 6.1; 4.2; 7.5; 11.0
194.0; 24.716; -4.5; 2.7; 6.4; -4.5; 4.5; 10.6; 4.9; 3.7; 6.5; 4.9; 6.0; 10.6
194.2; 24.739; -5.2; 2.3; 6.9; -5.2; 3.3; 10.1; 5.6; 3.1; 6.9; 5.6; 4.5; 10.2
194.4; 24.763; -5.7; 1.8; 7.3; -5.7; 2.4; 9.7; 6.1; 2.4; 7.3; 6.1; 3.2; 9.7
194.6; 24.787; -6.0; 1.3; 7.7; -6.0; 1.6; 9.3; 6.3; 1.8; 7.7; 6.3; 2.2; 9.4
194.8; 24.811; -6.0; 0.8; 8.0; -6.0; 0.9; 9.0; 6.3; 1.2; 8.0; 6.3; 1.4; 9.0
195.0; 24.834; -6.0; 0.4; 8.2; -6.0; 0.5; 8.8; 6.2; 0.7; 8.2; 6.2; 0.7; 8.8
195.2; 24.858; -5.9; 0.1; 8.4; -5.9; 0.1; 8.6; 6.1; 0.3; 8.4; 6.1; 0.3; 8.6
195.4; 24.882; -5.7; -0.2; 8.6; -5.7; -0.2; 8.5; 6.0; -0.1; 8.6; 6.0; -0.1; 8.5
195.6; 24.906; -5.7; -0.4; 8.7; -5.7; -0.4; 8.3; 5.9; -0.4; 8.7; 5.9; -0.4; 8.3
195.8; 24.930; -5.6; -0.6; 8.8; -5.6; -0.5; 8.2; 5.9; -0.6; 8.8; 5.9; -0.6; 8.2
196.0; 24.953; -5.6; -0.7; 8.9; -5.6; -0.7; 8.1; 5.8; -0.8; 8.9; 5.8; -0.8; 8.1
196.2; 24.977; -5.5; -0.9; 8.9; -5.5; -0.8; 8.1; 5.8; -1.0; 8.9; 5.8; -0.9; 8.1
196.4; 25.001; -5.5; -0.9; 9.0; -5.5; -0.8; 8.0; 5.8; -1.1; 9.0; 5.8; -1.0; 8.0
196.6; 25.025; -5.5; -1.0; 9.0; -5.5; -0.9; 8.0; 5.8; -1.2; 9.0; 5.8; -1.1; 8.0
196.8; 25.048; -5.5; -1.0; 9.0; -5.5; -0.9; 8.0; 5.7; -1.2; 9.0; 5.7; -1.1; 8.0
197.0; 25.072; -5.5; -1.0; 9.0; -5.5; -0.9; 8.0; 5.7; -1.3; 9.0; 5.7; -1.1; 8.0
197.2; 25.096; -5.5; -1.0; 9.0; -5.5; -0.9; 8.0; 5.7; -1.2; 9.0; 5.7; -1.1; 8.0
197.4; 25.120; -5.5; -1.0; 9.0; -5.5; -0.9; 8.0; 5.8; -1.2; 9.0; 5.8; -1.1; 8.0
197.6; 25.144; -5.5; -0.9; 9.0; -5.5; -0.8; 8.0; 5.8; -1.1; 9.0; 5.8; -1.0; 8.0
197.8; 25.167; -5.6; -0.8; 8.9; -5.6; -0.7; 8.1; 5.9; -1.0; 8.9; 5.9; -0.9; 8.1
198.0; 25.191; -5.7; -0.7; 8.9; -5.7; -0.6; 8.1; 6.0; -0.9; 8.9; 6.0; -0.8; 8.2
198.2; 25.215; -5.8; -0.5; 8.8; -5.8; -0.5; 8.2; 6.1; -0.7; 8.8; 6.1; -0.6; 8.2
198.4; 25.239; -6.0; -0.3; 8.7; -6.0; -0.3; 8.3; 6.3; -0.5; 8.7; 6.3; -0.4; 8.3
198.6; 25.263; -6.3; -0.1; 8.6; -6.3; -0.1; 8.4; 6.6; -0.2; 8.6; 6.6; -0.2; 8.4
198.8; 25.286; -6.5; 0.2; 8.4; -6.5; 0.2; 8.6; 6.8; 0.1; 8.4; 6.8; 0.1; 8.6
199.0; 25.310; -6.7; 0.5; 8.3; -6.7; 0.5; 8.7; 7.0; 0.4; 8.3; 7.0; 0.4; 8.7
199.2; 25.334; -6.9; 0.8; 8.1; -6.9; 0.9; 8.9; 7.1; 0.8; 8.1; 7.1; 0.9; 8.9
199.4; 25.358; -6.8; 1.1; 7.9; -6.8; 1.3; 9.1; 7.1; 1.2; 7.9; 7.1; 1.4; 9.1
199.6; 25.382; -6.7; 1.5; 7.7; -6.7; 1.8; 9.3; 7.0; 1.6; 7.7; 7.0; 1.9; 9.3
199.8; 25.406; -6.3; 1.9; 7.4; -6.3; 2.4; 9.6; 6.7; 2.0; 7.4; 6.7; 2.6; 9.6
200.0; 25.430; -5.8; 2.2; 7.2; -5.8; 3.1; 9.8; 6.1; 2.5; 7.2; 6.1; 3.3; 9.9
200.2; 25.454; -4.5; 2.6; 6.9; -4.5; 3.8; 10.1; 4.8; 2.9; 6.9; 4.8; 4.2; 10.2
200.4; 25.477; -0.9; 2.8; 6.6; -0.9; 4.5; 10.4; 1.3; 3.3; 6.6; 1.3; 5.1; 10.5
200.6; 25.501; -0.3; 3.1; 6.3; -0.3; 5.3; 10.7; 0.7; 3.6; 6.3; 0.7; 6.0; 10.8
200.8; 25.525; -0.2; 3.3; 6.0; -0.2; 6.1; 11.0; 0.7; 3.9; 6.0; 0.7; 7.0; 11.0
201.0; 25.549; -0.2; 3.5; 5.7; -0.2; 6.8; 11.2; 0.7; 4.1; 5.8; 0.7; 7.9; 11.3
201.2; 25.573; -0.1; 3.6; 5.5; -0.1; 7.5; 11.4; 0.8; 4.3; 5.6; 0.8; 8.7; 11.5
201.4; 25.597; -0.1; 3.7; 5.3; -0.1; 8.1; 11.6; 0.8; 4.4; 5.4; 0.8; 9.4; 11.7
201.6; 25.621; -0.1; 3.7; 5.1; -0.1; 8.5; 11.7; 0.9; 4.5; 5.3; 0.9; 10.0; 11.9
201.8; 25.645; -0.2; 3.8; 5.0; -0.2; 8.9; 11.8; 1.0; 4.6; 5.2; 1.0; 10.5; 12.0
202.0; 25.669; -0.2; 3.8; 4.9; -0.2; 9.2; 11.9; 1.0; 4.6; 5.1; 1.0; 10.9; 12.1
202.2; 25.693; -0.2; 3.8; 4.8; -0.2; 9.4; 12.0; 1.2; 4.7; 5.0; 1.2; 11.2; 12.2
202.4; 25.717; -0.5; 3.8; 4.8; -0.5; 9.5; 12.0; 1.4; 4.7; 5.0; 1.4; 11.4; 12.2
202.6; 25.741; -0.4; 3.8; 4.7; -0.4; 9.6; 12.1; 1.4; 4.7; 5.0; 1.4; 11.6; 12.3
202.8; 25.765; -0.3; 3.8; 4.7; -0.3; 9.7; 12.1; 1.3; 4.7; 4.9; 1.3; 11.7; 12.3
203.0; 25.789; -0.2; 3.8; 4.7; -0.2; 9.7; 12.1; 1.3; 4.7; 4.9; 1.3; 11.8; 12.3
203.2; 25.814; -0.2; 3.8; 4.7; -0.2; 9.8; 12.1; 1.2; 4.8; 4.9; 1.2; 11.9; 12.3
203.4; 25.838; -0.1; 3.8; 4.7; -0.1; 9.8; 12.1; 1.2; 4.8; 4.9; 1.2; 11.9; 12.3
203.6; 25.862; -0.1; 3.8; 4.7; -0.1; 9.8; 12.1; 1.2; 4.8; 4.9; 1.2; 11.9; 12.4
203.8; 25.887; -0.1; 3.8; 4.7; -0.1; 9.8; 12.1; 1.2; 4.8; 4.9; 1.2; 11.9; 12.4
204.0; 25.911; -0.1; 3.8; 4.7; -0.1; 9.8; 12.1; 1.2; 4.8; 4.9; 1.2; 11.9; 12.4
204.2; 25.936; -0.1; 3.8; 4.7; -0.1; 9.8; 12.1; 1.2; 4.8; 4.9; 1.2; 11.9; 12.4
204.4; 25.960; -0.1; 3.8; 4.7; -0.1; 9.8; 12.1; 1.2; 4.8; 4.9; 1.2; 11.9; 12.4
204.6; 25.985; -0.1; 3.8; 4.7; -0.1; 9.8; 12.1; 1.2; 4.8; 4.9; 1.2; 11.9; 12.4
204.8; 26.009; -0.1; 3.8; 4.7; -0.1; 9.8; 12.1; 1.2; 4.8; 4.9; 1.2; 11.9; 12.4
205.0; 26.034; -0.1; 3.8; 4.7; -0.1; 9.8; 12.1; 1.2; 4.8; 4.9; 1.2; 11.9; 12.4
205.2; 26.058; -0.1; 3.8; 4.7; -0.1; 9.8; 12.1; 1.2; 4.8; 4.9; 1.2; 11.9; 12.4
205.4; 26.082; -0.1; 3.8; 4.7; -0.1; 9.8; 12.1; 1.2; 4.8; 4.9; 1.2; 11.9; 12.4
205.6; 26.106; -0.1; 3.8; 4.7; -0.1; 9.8; 12.1; 1.2; 4.8; 4.9; 1.2; 11.9; 12.4
205.8; 26.130; -0.1; 3.8; 4.7; -0.1; 9.8; 12.1; 1.2; 4.8; 4.9; 1.2; 11.9; 12.4
206.0; 26.153; -0.1; 3.8; 4.7; -0.1; 9.8; 12.1; 1.2; 4.8; 4.9; 1.2; 11.9; 12.4
206.2; 26.176; -0.1; 3.8; 4.7; -0.1; 9.8; 12.1; 1.2; 4.8; 4.9; 1.2; 11.9; 12.4
206.4; 26.199; -0.1; 3.8; 4.7; -0.1; 9.8; 12.1; 1.2; 4.8; 4.9; 1.2; 11.9; 12.4
206.6; 26.221; -0.1; 3.8; 4.7; -0.1; 9.8; 12.1; 1.2; 4.8; 4.9; 1.2; 11.9; 12.4
206.8; 26.243; -0.1; 3.8; 4.7; -0.1; 9.8; 12.1; 1.2; 4.8; 4.9; 1.2; 11.9; 12.4
207.0; 26.264; -0.1; 3.8; 4.7; -0.1; 9.8; 12.1; 1.2; 4.8; 4.9; 1.2; 11.9; 12.4
207.2; 26.285; -0.1; 3.8; 4.7; -0.1; 9.8; 12.1; 1.2; 4.8; 4.9; 1.2; 11.9; 12.4
207.4; 26.306; -0.1; 3.8; 4.7; -0.1; 9.8; 12.1; 1.2; 4.8; 4.9; 1.2; 11.9; 12.4
207.6; 26.326; -0.1; 3.8; 4.7; -0.1; 9.8; 12.1; 1.2; 4.8; 4.9; 1.2; 11.9; 12.4
207.8; 26.346; -0.1; 3.8; 4.7; -0.1; 9.8; 12.1; 1.2; 4.8; 4.9; 1.2; 11.9; 12.4
208.0; 26.366; -0.1; 3.8; 4.7; -0.1; 9.8; 12.1; 1.2; 4.8; 4.9; 1.2; 11.9; 12.4
208.2; 26.385; -0.1; 3.8; 4.7; -0.1; 9.8; 12.1; 1.2; 4.8; 4.9; 1.2; 11.9; 12.4
208.4; 26.405; -0.1; 3.8; 4.7; -0.1; 9.8; 12.1; 1.2; 4.8; 4.9; 1.2; 11.9; 12.4
208.6; 26.424; -0.1; 3.8; 4.7; -0.1; 9.8; 12.1; 1.2; 4.8; 4.9; 1.2; 11.9; 12.4
208.8; 26.444; -0.1; 3.8; 4.7; -0.1; 9.8; 12.1; 1.2; 4.8; 4.9; 1.2; 11.9; 12.4
209.0; 26.463; -0.1; 3.8; 4.7; -0.1; 9.8; 12.1; 1.2; 4.8; 4.9; 1.2; 11.9; 12.4
209.2; 26.483; -0.1; 3.8; 4.7; -0.1; 9.8; 12.1; 1.2; 4.8; 4.9; 1.2; 11.9; 12.4
209.4; 26.504; -0.1; 3.8; 4.7; -0.1; 9.8; 12.1; 1.2; 4.8; 4.9; 1.2; 11.9; 12.4
209.6; 26.524; -0.1; 3.8; 4.7; -0.1; 9.8; 12.1; 1.2; 4.8; 4.9; 1.2; 11.9; 12.4
209.8; 26.545; -0.1; 3.8; 4.7; -0.1; 9.8; 12.1; 1.2; 4.8; 4.9; 1.2; 11.9; 12.4
210.0; 26.566; -0.1; 3.8; 4.7; -0.1; 9.8; 12.1; 1.2; 4.8; 4.9; 1.2; 11.9; 12.4
210.2; 26.587; -0.1; 3.8; 4.7; -0.1; 9.8; 12.1; 1.2; 4.8; 4.9; 1.2; 11.9; 12.4
210.4; 26.608; -0.1; 3.8; 4.7; -0.1; 9.8; 12.1; 1.2; 4.8; 4.9; 1.2; 11.9; 12.4
210.6; 26.630; -0.1; 3.8; 4.7; -0.1; 9.8; 12.1; 1.2; 4.8; 4.9; 1.2; 11.9; 12.4
210.8; 26.652; -0.1; 3.8; 4.7; -0.1; 9.8; 12.1; 1.2; 4.8; 4.9; 1.2; 11.9; 12.4
211.0; 26.673; -0.1; 3.8; 4.7; -0.1; 9.8; 12.1; 1.2; 4.8; 4.9; 1.2; 11.9; 12.4
211.2; 26.695; -0.1; 3.8; 4.7; -0.1; 9.8; 12.1; 1.2; 4.8; 4.9; 1.2; 11.9; 12.4
211.4; 26.718; -0.1; 3.8; 4.7; -0.1; 9.8; 12.1; 1.2; 4.8; 4.9; 1.2; 11.9; 12.4
211.6; 26.740; -0.1; 3.8; 4.7; -0.1; 9.8; 12.1; 1.2; 4.8; 4.9; 1.2; 11.9; 12.4
211.8; 26.762; -0.1; 3.8; 4.7; -0.1; 9.8; 12.1; 1.2; 4.8; 4.9; 1.2; 11.9; 12.4
212.0; 26.785; -0.1; 3.8; 4.7; -0.1; 9.8; 12.1; 1.2; 4.8; 4.9; 1.2; 11.9; 12.4
212.2; 26.808; -0.1; 3.8; 4.7; -0.1; 9.8; 12.1; 1.2; 4.8; 4.9; 1.2; 11.9; 12.4
212.4; 26.830; -0.1; 3.8; 4.7; -0.1; 9.8; 12.1; 1.2; 4.8; 4.9; 1.2; 11.9; 12.4
212.6; 26.853; -0.1; 3.8; 4.7; -0.1; 9.8; 12.1; 1.2; 4.8; 4.9; 1.2; 11.9; 12.4
212.8; 26.876; -0.1; 3.8; 4.7; -0.1; 9.8; 12.1; 1.2; 4.8; 4.9; 1.2; 11.9; 12.4
213.0; 26.899; -0.1; 3.8; 4.7; -0.1; 9.8; 12.1; 1.2; 4.8; 4.9; 1.2; 11.9; 12.4
213.2; 26.923; -0.1; 3.8; 4.7; -0.1; 9.8; 12.1; 1.2; 4.8; 4.9; 1.2; 11.9; 12.4
213.4; 26.946; -0.1; 3.8; 4.7; -0.1; 9.8; 12.1; 1.2; 4.8; 4.9; 1.2; 11.9; 12.4
213.6; 26.970; -0.1; 3.8; 4.7; -0.1; 9.8; 12.1; 1.2; 4.8; 4.9; 1.2; 11.9; 12.4
213.8; 26.994; -0.1; 3.8; 4.7; -0.1; 9.8; 12.1; 1.2; 4.8; 4.9; 1.2; 11.9; 12.4
214.0; 27.018; -0.1; 3.8; 4.7; -0.1; 9.8; 12.1; 1.2; 4.8; 4.9; 1.2; 11.9; 12.4
214.2; 27.042; -0.1; 3.8; 4.7; -0.1; 9.8; 12.1; 1.2; 4.8; 4.9; 1.2; 11.9; 12.4
214.4; 27.066; -0.1; 3.8; 4.7; -0.1; 9.9; 12.1; 1.2; 4.7; 4.9; 1.2; 11.9; 12.4
214.6; 27.091; -0.1; 3.8; 4.7; -0.1; 9.9; 12.1; 1.2; 4.7; 4.9; 1.2; 12.0; 12.4
214.8; 27.115; -0.1; 3.8; 4.7; -0.1; 9.8; 12.1; 1.1; 4.8; 4.9; 1.1; 12.0; 12.4
215.0; 27.140; -0.1; 3.8; 4.7; -0.1; 9.8; 12.1; 1.1; 4.8; 4.9; 1.1; 12.0; 12.4
215.2; 27.165; -0.1; 3.8; 4.7; -0.1; 9.6; 12.1; 1.2; 4.8; 4.9; 1.2; 11.9; 12.3
215.4; 27.189; -0.1; 3.7; 4.7; -0.1; 9.4; 12.0; 1.3; 4.8; 5.0; 1.3; 11.8; 12.3
215.6; 27.213; -0.3; 3.7; 4.8; -0.3; 8.9; 12.0; 1.3; 4.8; 5.1; 1.3; 11.5; 12.2
215.8; 27.238; -0.7; 3.5; 5.0; -0.7; 8.2; 11.8; 1.6; 4.8; 5.2; 1.6; 11.0; 12.0
216.0; 27.262; -1.5; 3.4; 5.3; -1.5; 7.2; 11.5; 2.3; 4.7; 5.5; 2.3; 9.9; 11.7
216.2; 27.286; -2.7; 3.0; 5.8; -2.7; 5.7; 11.1; 3.3; 4.4; 5.9; 3.3; 8.2; 11.2
216.4; 27.310; -4.0; 2.5; 6.5; -4.0; 3.9; 10.4; 4.5; 3.7; 6.6; 4.5; 5.9; 10.5
216.6; 27.334; -5.0; 1.7; 7.3; -5.0; 2.2; 9.7; 5.3; 2.6; 7.3; 5.3; 3.4; 9.7
216.8; 27.357; -4.9; 0.7; 8.0; -4.9; 0.8; 9.1; 5.2; 1.3; 8.0; 5.2; 1.5; 9.1
217.0; 27.381; -4.0; -0.2; 8.5; -4.0; -0.2; 8.5; 4.3; 0.1; 8.5; 4.3; 0.1; 8.5
217.2; 27.404; -2.8; -1.0; 8.9; -2.8; -0.9; 8.1; 3.1; -0.9; 8.9; 3.1; -0.8; 8.1
217.4; 27.427; -1.6; -1.7; 9.3; -1.6; -1.4; 7.7; 1.9; -1.8; 9.3; 1.9; -1.5; 7.7
217.6; 27.450; -0.9; -2.2; 9.5; -0.9; -1.8; 7.5; 1.2; -2.5; 9.6; 1.2; -2.0; 7.5
217.8; 27.473; -0.7; -2.7; 9.8; -0.7; -2.0; 7.3; 1.1; -3.1; 9.8; 1.1; -2.3; 7.3
218.0; 27.496; -0.8; -3.1; 9.9; -0.8; -2.2; 7.1; 1.2; -3.6; 9.9; 1.2; -2.6; 7.1
218.2; 27.518; -1.3; -3.4; 10.0; -1.3; -2.3; 7.0; 1.7; -4.0; 10.0; 1.7; -2.8; 7.0
218.4; 27.540; -2.4; -3.6; 10.1; -2.4; -2.4; 6.9; 2.8; -4.2; 10.1; 2.8; -2.9; 6.9
218.6; 27.562; -3.8; -3.7; 10.2; -3.8; -2.5; 6.8; 4.2; -4.4; 10.2; 4.2; -3.0; 6.9
218.8; 27.584; -4.7; -3.8; 10.2; -4.7; -2.5; 6.8; 5.0; -4.5; 10.2; 5.0; -3.1; 6.8
219.0; 27.606; -5.0; -3.9; 10.2; -5.0; -2.6; 6.8; 5.4; -4.6; 10.3; 5.4; -3.1; 6.8
219.2; 27.627; -5.1; -4.0; 10.2; -5.1; -2.6; 6.7; 5.5; -4.7; 10.3; 5.5; -3.1; 6.8
219.4; 27.649; -5.2; -4.0; 10.3; -5.2; -2.6; 6.7; 5.6; -4.8; 10.3; 5.6; -3.2; 6.8
219.6; 27.671; -5.2; -4.1; 10.3; -5.2; -2.7; 6.7; 5.6; -4.8; 10.3; 5.6; -3.2; 6.7
219.8; 27.692; -5.1; -4.2; 10.3; -5.1; -2.7; 6.7; 5.5; -4.9; 10.4; 5.5; -3.2; 6.7
220.0; 27.714; -5.1; -4.3; 10.4; -5.1; -2.8; 6.6; 5.5; -5.1; 10.4; 5.5; -3.3; 6.6
220.2; 27.736; -4.9; -4.5; 10.4; -4.9; -2.8; 6.5; 5.4; -5.3; 10.5; 5.4; -3.3; 6.6
220.4; 27.758; -4.8; -4.7; 10.5; -4.8; -2.9; 6.5; 5.2; -5.5; 10.5; 5.2; -3.4; 6.5
220.6; 27.780; -4.5; -4.9; 10.6; -4.5; -3.0; 6.4; 4.9; -5.7; 10.6; 4.9; -3.5; 6.4
220.8; 27.802; -4.0; -5.2; 10.7; -4.0; -3.1; 6.3; 4.5; -6.1; 10.7; 4.5; -3.6; 6.3
221.0; 27.824; -2.9; -5.5; 10.8; -2.9; -3.2; 6.2; 3.4; -6.4; 10.8; 3.4; -3.7; 6.2
221.2; 27.846; -1.3; -5.8; 10.9; -1.3; -3.2; 6.1; 1.8; -6.8; 11.0; 1.8; -3.9; 6.1
221.4; 27.869; -0.7; -6.1; 11.0; -0.7; -3.3; 5.9; 1.2; -7.2; 11.1; 1.2; -4.0; 6.0
221.6; 27.891; -0.5; -6.5; 11.1; -0.5; -3.4; 5.8; 1.0; -7.6; 11.2; 1.0; -4.1; 5.9
221.8; 27.913; -0.4; -6.8; 11.2; -0.4; -3.5; 5.7; 0.9; -8.0; 11.3; 0.9; -4.2; 5.8
222.0; 27.936; -0.3; -7.1; 11.3; -0.3; -3.5; 5.6; 0.9; -8.4; 11.4; 0.9; -4.3; 5.7
222.2; 27.958; -0.3; -7.3; 11.4; -0.3; -3.5; 5.5; 1.0; -8.7; 11.5; 1.0; -4.3; 5.6
222.4; 27.980; -0.3; -7.5; 11.5; -0.3; -3.6; 5.4; 1.0; -9.0; 11.6; 1.0; -4.4; 5.6
222.6; 28.003; -0.4; -7.7; 11.5; -0.4; -3.6; 5.4; 1.1; -9.3; 11.6; 1.1; -4.4; 5.5
222.8; 28.025; -0.5; -7.8; 11.6; -0.5; -3.6; 5.3; 1.2; -9.4; 11.7; 1.2; -4.5; 5.5
223.0; 28.048; -0.6; -7.9; 11.6; -0.6; -3.6; 5.3; 1.3; -9.6; 11.7; 1.3; -4.5; 5.4
223.2; 28.070; -0.8; -7.9; 11.6; -0.8; -3.6; 5.3; 1.5; -9.6; 11.7; 1.5; -4.5; 5.4
223.4; 28.093; -1.0; -7.9; 11.6; -1.0; -3.6; 5.3; 1.7; -9.6; 11.7; 1.7; -4.5; 5.4
223.6; 28.116; -1.3; -7.8; 11.6; -1.3; -3.6; 5.3; 2.0; -9.5; 11.7; 2.0; -4.5; 5.5
223.8; 28.138; -1.6; -7.6; 11.5; -1.6; -3.6; 5.4; 2.3; -9.4; 11.7; 2.3; -4.5; 5.5
224.0; 28.161; -1.9; -7.4; 11.5; -1.9; -3.5; 5.4; 2.6; -9.2; 11.6; 2.6; -4.5; 5.6
224.2; 28.183; -2.3; -7.1; 11.4; -2.3; -3.5; 5.5; 2.9; -8.8; 11.5; 2.9; -4.4; 5.7
224.4; 28.206; -2.7; -6.7; 11.3; -2.7; -3.4; 5.6; 3.3; -8.4; 11.4; 3.3; -4.3; 5.8
224.6; 28.229; -3.1; -6.3; 11.1; -3.1; -3.3; 5.8; 3.7; -7.9; 11.2; 3.7; -4.2; 5.9
224.8; 28.251; -3.5; -5.9; 11.0; -3.5; -3.2; 6.0; 4.1; -7.4; 11.1; 4.1; -4.1; 6.0
225.0; 28.274; -3.9; -5.4; 10.8; -3.9; -3.1; 6.1; 4.4; -6.8; 10.9; 4.4; -3.9; 6.2
225.2; 28.297; -4.3; -5.0; 10.7; -4.3; -2.9; 6.3; 4.8; -6.2; 10.7; 4.8; -3.7; 6.4
225.4; 28.319; -4.6; -4.5; 10.5; -4.6; -2.8; 6.5; 5.0; -5.7; 10.6; 5.0; -3.5; 6.5
225.6; 28.342; -4.8; -4.2; 10.4; -4.8; -2.7; 6.6; 5.3; -5.2; 10.4; 5.3; -3.3; 6.7
225.8; 28.365; -5.0; -3.9; 10.2; -5.0; -2.5; 6.7; 5.4; -4.8; 10.3; 5.4; -3.2; 6.8
226.0; 28.387; -5.1; -3.6; 10.1; -5.1; -2.4; 6.9; 5.5; -4.4; 10.2; 5.5; -3.0; 6.9
226.2; 28.410; -5.2; -3.4; 10.0; -5.2; -2.3; 6.9; 5.6; -4.1; 10.1; 5.6; -2.9; 7.0
226.4; 28.433; -5.2; -3.2; 10.0; -5.2; -2.3; 7.0; 5.6; -3.9; 10.0; 5.6; -2.8; 7.0
226.6; 28.455; -5.2; -3.1; 9.9; -5.2; -2.2; 7.1; 5.5; -3.7; 9.9; 5.5; -2.7; 7.1
226.8; 28.478; -5.1; -2.9; 9.9; -5.1; -2.1; 7.1; 5.4; -3.6; 9.9; 5.4; -2.6; 7.2
227.0; 28.501; -4.9; -2.8; 9.8; -4.9; -2.1; 7.2; 5.2; -3.4; 9.8; 5.2; -2.5; 7.2
227.2; 28.524; -4.7; -2.7; 9.8; -4.7; -2.0; 7.2; 5.0; -3.3; 9.8; 5.0; -2.5; 7.2
227.4; 28.546; -4.5; -2.6; 9.7; -4.5; -2.0; 7.3; 4.8; -3.2; 9.8; 4.8; -2.4; 7.3
227.6; 28.569; -4.5; -2.5; 9.7; -4.5; -1.9; 7.3; 4.8; -3.1; 9.7; 4.8; -2.3; 7.3
227.8; 28.592; -4.5; -2.4; 9.7; -4.5; -1.8; 7.3; 4.9; -3.0; 9.7; 4.9; -2.3; 7.4
228.0; 28.615; -4.8; -2.3; 9.6; -4.8; -1.8; 7.4; 5.1; -2.8; 9.6; 5.1; -2.2; 7.4
228.2; 28.638; -5.2; -2.1; 9.5; -5.2; -1.7; 7.5; 5.5; -2.6; 9.6; 5.5; -2.1; 7.5
228.4; 28.660; -5.5; -2.0; 9.5; -5.5; -1.6; 7.5; 5.8; -2.5; 9.5; 5.8; -2.0; 7.5
228.6; 28.683; -5.7; -1.8; 9.4; -5.7; -1.5; 7.6; 6.0; -2.3; 9.4; 6.0; -1.8; 7.6
228.8; 28.706; -5.9; -1.7; 9.3; -5.9; -1.4; 7.7; 6.1; -2.1; 9.3; 6.1; -1.7; 7.7
229.0; 28.729; -6.0; -1.5; 9.3; -6.0; -1.2; 7.8; 6.3; -1.9; 9.3; 6.3; -1.6; 7.8
229.2; 28.752; -6.1; -1.3; 9.2; -6.1; -1.1; 7.8; 6.3; -1.7; 9.2; 6.3; -1.4; 7.8
229.4; 28.775; -6.1; -1.2; 9.1; -6.1; -1.0; 7.9; 6.4; -1.5; 9.1; 6.4; -1.3; 7.9
229.6; 28.798; -6.2; -1.0; 9.0; -6.2; -0.9; 8.0; 6.4; -1.3; 9.1; 6.4; -1.2; 8.0
229.8; 28.821; -6.2; -0.9; 9.0; -6.2; -0.8; 8.0; 6.5; -1.2; 9.0; 6.5; -1.0; 8.0
230.0; 28.844; -6.2; -0.8; 8.9; -6.2; -0.7; 8.1; 6.5; -1.0; 8.9; 6.5; -0.9; 8.1
230.2; 28.867; -6.2; -0.7; 8.9; -6.2; -0.7; 8.1; 6.5; -0.9; 8.9; 6.5; -0.8; 8.1
230.4; 28.890; -6.2; -0.6; 8.8; -6.2; -0.6; 8.2; 6.5; -0.8; 8.8; 6.5; -0.7; 8.2
230.6; 28.913; -6.2; -0.6; 8.8; -6.2; -0.5; 8.2; 6.5; -0.7; 8.8; 6.5; -0.7; 8.2
230.8; 28.936; -6.2; -0.5; 8.8; -6.2; -0.5; 8.2; 6.5; -0.6; 8.8; 6.5; -0.6; 8.2
231.0; 28.959; -6.2; -0.5; 8.8; -6.2; -0.4; 8.3; 6.4; -0.6; 8.8; 6.4; -0.5; 8.3
231.2; 28.983; -6.2; -0.4; 8.7; -6.2; -0.4; 8.3; 6.4; -0.5; 8.7; 6.4; -0.5; 8.3
231.4; 29.006; -6.2; -0.4; 8.7; -6.2; -0.4; 8.3; 6.4; -0.5; 8.7; 6.4; -0.5; 8.3
231.6; 29.029; -6.1; -0.4; 8.7; -6.1; -0.4; 8.3; 6.4; -0.5; 8.7; 6.4; -0.5; 8.3
231.8; 29.052; -6.1; -0.4; 8.7; -6.1; -0.4; 8.3; 6.4; -0.5; 8.7; 6.4; -0.5; 8.3
232.0; 29.076; -6.1; -0.4; 8.7; -6.1; -0.4; 8.3; 6.4; -0.5; 8.7; 6.4; -0.5; 8.3
232.2; 29.099; -6.1; -0.4; 8.7; -6.1; -0.4; 8.3; 6.4; -0.5; 8.7; 6.4; -0.5; 8.3
232.4; 29.122; -6.1; -0.4; 8.7; -6.1; -0.4; 8.3; 6.4; -0.5; 8.7; 6.4; -0.5; 8.3
232.6; 29.146; -6.1; -0.4; 8.7; -6.1; -0.4; 8.3; 6.4; -0.5; 8.7; 6.4; -0.5; 8.3
232.8; 29.169; -6.1; -0.4; 8.7; -6.1; -0.4; 8.3; 6.4; -0.5; 8.7; 6.4; -0.5; 8.3
233.0; 29.192; -6.1; -0.4; 8.7; -6.1; -0.4; 8.3; 6.4; -0.5; 8.7; 6.4; -0.5; 8.3
233.2; 29.216; -6.1; -0.4; 8.7; -6.1; -0.4; 8.3; 6.3; -0.5; 8.7; 6.3; -0.5; 8.3
233.4; 29.239; -6.1; -0.4; 8.7; -6.1; -0.4; 8.3; 6.4; -0.5; 8.7; 6.4; -0.4; 8.3
233.6; 29.263; -6.1; -0.4; 8.7; -6.1; -0.4; 8.3; 6.4; -0.5; 8.7; 6.4; -0.4; 8.3
233.8; 29.286; -6.1; -0.4; 8.7; -6.1; -0.3; 8.3; 6.4; -0.4; 8.7; 6.4; -0.4; 8.3
234.0; 29.310; -6.1; -0.3; 8.7; -6.1; -0.3; 8.3; 6.4; -0.4; 8.7; 6.4; -0.4; 8.3
234.2; 29.333; -6.1; -0.3; 8.7; -6.1; -0.3; 8.3; 6.4; -0.4; 8.7; 6.4; -0.4; 8.3
234.4; 29.357; -6.1; -0.3; 8.7; -6.1; -0.3; 8.4; 6.4; -0.3; 8.7; 6.4; -0.3; 8.4
234.6; 29.380; -6.1; -0.3; 8.6; -6.1; -0.2; 8.4; 6.4; -0.3; 8.6; 6.4; -0.3; 8.4
234.8; 29.404; -6.1; -0.2; 8.6; -6.1; -0.2; 8.4; 6.4; -0.3; 8.6; 6.4; -0.3; 8.4
235.0; 29.428; -6.1; -0.2; 8.6; -6.1; -0.2; 8.4; 6.4; -0.3; 8.6; 6.4; -0.2; 8.4
235.2; 29.451; -6.1; -0.2; 8.6; -6.1; -0.2; 8.4; 6.4; -0.2; 8.6; 6.4; -0.2; 8.4
235.4; 29.475; -6.1; -0.1; 8.6; -6.1; -0.1; 8.4; 6.4; -0.2; 8.6; 6.4; -0.2; 8.4
235.6; 29.498; -6.1; -0.1; 8.6; -6.1; -0.1; 8.4; 6.4; -0.2; 8.6; 6.4; -0.2; 8.4
235.8; 29.522; -6.1; -0.1; 8.6; -6.1; -0.1; 8.5; 6.4; -0.1; 8.6; 6.4; -0.1; 8.5
236.0; 29.545; -6.1; -0.1; 8.6; -6.1; -0.1; 8.5; 6.4; -0.1; 8.6; 6.4; -0.1; 8.5
236.2; 29.569; -6.1; -0.1; 8.5; -6.1; -0.1; 8.5; 6.4; -0.1; 8.5; 6.4; -0.1; 8.5
236.4; 29.593; -6.1; -0.1; 8.5; -6.1; -0.1; 8.5; 6.4; -0.1; 8.5; 6.4; -0.1; 8.5
236.6; 29.616; -6.1; -0.0; 8.5; -6.1; -0.0; 8.5; 6.4; -0.1; 8.5; 6.4; -0.1; 8.5
236.8; 29.640; -6.1; -0.0; 8.5; -6.1; -0.0; 8.5; 6.4; -0.0; 8.5; 6.4; -0.0; 8.5
237.0; 29.663; -6.1; -0.0; 8.5; -6.1; -0.0; 8.5; 6.4; -0.0; 8.5; 6.4; -0.0; 8.5
237.2; 29.687; -6.1; -0.0; 8.5; -6.1; -0.0; 8.5; 6.4; -0.0; 8.5; 6.4; -0.0; 8.5
237.4; 29.710; -6.1; -0.0; 8.5; -6.1; -0.0; 8.5; 6.4; -0.0; 8.5; 6.4; -0.0; 8.5
237.6; 29.734; -6.1; 0.0; 8.5; -6.1; 0.0; 8.5; 6.4; 0.0; 8.5; 6.4; 0.0; 8.5
237.8; 29.757; -6.1; 0.0; 8.5; -6.1; 0.0; 8.5; 6.4; 0.0; 8.5; 6.4; 0.0; 8.5
238.0; 29.781; -6.1; 0.0; 8.5; -6.1; 0.0; 8.5; 6.4; 0.0; 8.5; 6.4; 0.0; 8.5
238.2; 29.805; -6.1; 0.0; 8.5; -6.1; 0.0; 8.5; 6.4; 0.0; 8.5; 6.4; 0.0; 8.5
238.4; 29.828; -6.1; 0.0; 8.5; -6.1; 0.0; 8.5; 6.4; 0.0; 8.5; 6.4; 0.0; 8.5
238.6; 29.852; -6.1; 0.0; 8.5; -6.1; 0.0; 8.5; 6.4; 0.0; 8.5; 6.4; 0.0; 8.5
238.8; 29.875; -6.1; 0.0; 8.5; -6.1; 0.0; 8.5; 6.4; 0.0; 8.5; 6.4; 0.0; 8.5
239.0; 29.899; -6.1; 0.0; 8.5; -6.1; 0.0; 8.5; 6.4; 0.0; 8.5; 6.4; 0.0; 8.5
239.2; 29.922; -6.1; 0.0; 8.5; -6.1; 0.0; 8.5; 6.4; 0.0; 8.5; 6.4; 0.0; 8.5
239.4; 29.946; -6.1; 0.0; 8.5; -6.1; 0.0; 8.5; 6.4; 0.0; 8.5; 6.4; 0.0; 8.5
239.6; 29.969; -6.1; 0.0; 8.5; -6.1; 0.0; 8.5; 6.4; 0.0; 8.5; 6.4; 0.0; 8.5
239.8; 29.993; -6.1; 0.0; 8.5; -6.1; 0.0; 8.5; 6.4; 0.0; 8.5; 6.4; 0.0; 8.5
240.0; 30.017; -6.1; 0.0; 8.5; -6.1; 0.0; 8.5; 6.4; 0.0; 8.5; 6.4; 0.0; 8.5
240.2; 30.040; -6.1; 0.0; 8.5; -6.1; 0.0; 8.5; 6.4; 0.0; 8.5; 6.4; 0.0; 8.5
240.4; 30.064; -6.1; 0.0; 8.5; -6.1; 0.0; 8.5; 6.4; 0.0; 8.5; 6.4; 0.0; 8.5
240.6; 30.087; -6.1; 0.0; 8.5; -6.1; 0.0; 8.5; 6.4; 0.0; 8.5; 6.4; 0.0; 8.5
240.8; 30.111; -6.1; 0.0; 8.5; -6.1; 0.0; 8.5; 6.4; 0.0; 8.5; 6.4; 0.0; 8.5
241.0; 30.134; -6.1; 0.0; 8.5; -6.1; 0.0; 8.5; 6.4; 0.0; 8.5; 6.4; 0.0; 8.5
241.2; 30.158; -6.1; 0.0; 8.5; -6.1; 0.0; 8.5; 6.4; 0.0; 8.5; 6.4; 0.0; 8.5
241.4; 30.181; -6.1; 0.0; 8.5; -6.1; 0.0; 8.5; 6.4; 0.0; 8.5; 6.4; 0.0; 8.5
241.6; 30.205; -6.1; 0.0; 8.5; -6.1; 0.0; 8.5; 6.4; 0.0; 8.5; 6.4; 0.0; 8.5
241.8; 30.229; -6.1; 0.0; 8.5; -6.1; 0.0; 8.5; 6.4; 0.0; 8.5; 6.4; 0.0; 8.5
242.0; 30.252; -6.1; 0.0; 8.5; -6.1; 0.0; 8.5; 6.4; 0.0; 8.5; 6.4; 0.0; 8.5
242.2; 30.276; -6.1; 0.0; 8.5; -6.1; 0.0; 8.5; 6.4; 0.0; 8.5; 6.4; 0.0; 8.5
242.4; 30.299; -6.1; 0.0; 8.5; -6.1; 0.0; 8.5; 6.4; 0.0; 8.5; 6.4; 0.0; 8.5
242.6; 30.323; -6.1; 0.0; 8.5; -6.1; 0.0; 8.5; 6.4; 0.0; 8.5; 6.4; 0.0; 8.5
242.8; 30.346; -6.1; -0.0; 8.5; -6.1; -0.0; 8.5; 6.4; -0.0; 8.5; 6.4; -0.0; 8.5
243.0; 30.370; -6.1; -0.0; 8.5; -6.1; -0.0; 8.5; 6.4; -0.0; 8.5; 6.4; -0.0; 8.5
243.2; 30.393; -6.1; -0.0; 8.5; -6.1; -0.0; 8.5; 6.4; -0.0; 8.5; 6.4; -0.0; 8.5
243.4; 30.417; -6.1; -0.0; 8.5; -6.1; -0.0; 8.5; 6.4; -0.0; 8.5; 6.4; -0.0; 8.5
243.6; 30.440; -6.1; -0.0; 8.5; -6.1; -0.0; 8.5; 6.4; -0.0; 8.5; 6.4; -0.0; 8.5
243.8; 30.464; -6.1; -0.0; 8.5; -6.1; -0.0; 8.5; 6.4; -0.0; 8.5; 6.4; -0.0; 8.5
244.0; 30.487; -6.1; -0.0; 8.5; -6.1; -0.0; 8.5; 6.4; -0.0; 8.5; 6.4; -0.0; 8.5
244.2; 30.511; -6.1; -0.0; 8.5; -6.1; -0.0; 8.5; 6.4; -0.0; 8.5; 6.4; -0.0; 8.5
244.4; 30.535; -6.1; -0.0; 8.5; -6.1; -0.0; 8.5; 6.4; -0.0; 8.5; 6.4; -0.0; 8.5
244.6; 30.558; -6.1; -0.0; 8.5; -6.1; -0.0; 8.5; 6.4; -0.0; 8.5; 6.4; -0.0; 8.5
244.8; 30.582; -6.1; -0.0; 8.5; -6.1; -0.0; 8.5; 6.4; -0.0; 8.5; 6.4; -0.0; 8.5
245.0; 30.605; -6.1; -0.0; 8.5; -6.1; -0.0; 8.5; 6.4; -0.0; 8.5; 6.4; -0.0; 8.5
245.2; 30.629; -6.1; -0.0; 8.5; -6.1; -0.0; 8.5; 6.4; -0.0; 8.5; 6.4; -0.0; 8.5
245.4; 30.652; -6.1; -0.0; 8.5; -6.1; -0.0; 8.5; 6.4; -0.0; 8.5; 6.4; -0.0; 8.5
245.6; 30.676; -6.1; -0.0; 8.5; -6.1; -0.0; 8.5; 6.4; -0.0; 8.5; 6.4; -0.0; 8.5
245.8; 30.699; -6.1; -0.0; 8.5; -6.1; -0.0; 8.5; 6.4; -0.0; 8.5; 6.4; -0.0; 8.5
246.0; 30.723; -6.1; -0.0; 8.5; -6.1; -0.0; 8.5; 6.4; -0.0; 8.5; 6.4; -0.0; 8.5
246.2; 30.746; -6.1; -0.0; 8.5; -6.1; -0.0; 8.5; 6.4; -0.0; 8.5; 6.4; -0.0; 8.5
246.4; 30.770; -6.1; 0.0; 8.5; -6.1; 0.0; 8.5; 6.4; 0.0; 8.5; 6.4; 0.0; 8.5
246.6; 30.794; -6.1; 0.0; 8.5; -6.1; 0.0; 8.5; 6.4; 0.0; 8.5; 6.4; 0.0; 8.5
246.8; 30.817; -6.1; 0.0; 8.5; -6.1; 0.0; 8.5; 6.4; 0.0; 8.5; 6.4; 0.0; 8.5
247.0; 30.841; -6.1; 0.0; 8.5; -6.1; 0.0; 8.5; 6.4; 0.0; 8.5; 6.4; 0.0; 8.5
247.2; 30.864; -6.1; 0.0; 8.5; -6.1; 0.0; 8.5; 6.4; 0.0; 8.5; 6.4; 0.0; 8.5
247.4; 30.888; -6.1; 0.0; 8.5; -6.1; 0.0; 8.5; 6.4; 0.0; 8.5; 6.4; 0.0; 8.5
247.6; 30.911; -6.1; 0.0; 8.5; -6.1; 0.0; 8.5; 6.4; 0.0; 8.5; 6.4; 0.0; 8.5
247.8; 30.935; -6.1; 0.0; 8.5; -6.1; 0.0; 8.5; 6.4; 0.0; 8.5; 6.4; 0.0; 8.5
248.0; 30.958; -6.1; 0.0; 8.5; -6.1; 0.0; 8.5; 6.4; 0.0; 8.5; 6.4; 0.0; 8.5
248.2; 30.982; -6.1; 0.0; 8.5; -6.1; 0.0; 8.5; 6.4; 0.0; 8.5; 6.4; 0.0; 8.5
248.4; 31.005; -6.1; 0.0; 8.5; -6.1; 0.0; 8.5; 6.4; 0.0; 8.5; 6.4; 0.0; 8.5
248.6; 31.029; -6.1; 0.0; 8.5; -6.1; 0.0; 8.5; 6.4; 0.0; 8.5; 6.4; 0.0; 8.5
248.8; 31.052; -6.1; -0.0; 8.5; -6.1; -0.0; 8.5; 6.4; 0.0; 8.5; 6.4; 0.0; 8.5
249.0; 31.076; -6.1; -0.0; 8.5; -6.1; -0.0; 8.5; 6.4; -0.0; 8.5; 6.4; -0.0; 8.5
249.2; 31.099; -6.1; -0.0; 8.5; -6.1; -0.0; 8.5; 6.4; -0.0; 8.5; 6.4; -0.0; 8.5
249.4; 31.123; -6.1; -0.0; 8.5; -6.1; -0.0; 8.5; 6.4; -0.0; 8.5; 6.4; -0.0; 8.5
249.6; 31.147; -6.1; -0.0; 8.5; -6.1; -0.0; 8.5; 6.4; -0.0; 8.5; 6.4; -0.0; 8.5
249.8; 31.170; -6.1; -0.0; 8.5; -6.1; -0.0; 8.5; 6.4; -0.0; 8.5; 6.4; -0.0; 8.5
250.0; 31.194; -6.1; -0.0; 8.5; -6.1; -0.0; 8.5; 6.4; -0.0; 8.5; 6.4; -0.0; 8.5
250.2; 31.217; -6.1; -0.0; 8.5; -6.1; -0.0; 8.5; 6.4; -0.0; 8.5; 6.4; -0.0; 8.5
250.4; 31.241; -6.1; -0.0; 8.5; -6.1; -0.0; 8.5; 6.4; -0.0; 8.5; 6.4; -0.0; 8.5
250.6; 31.264; -6.1; -0.0; 8.5; -6.1; -0.0; 8.5; 6.4; -0.0; 8.5; 6.4; -0.0; 8.5
250.8; 31.288; -6.1; -0.0; 8.5; -6.1; -0.0; 8.5; 6.4; -0.0; 8.5; 6.4; -0.0; 8.5
251.0; 31.311; -6.1; -0.0; 8.5; -6.1; -0.0; 8.5; 6.4; -0.0; 8.5; 6.4; -0.0; 8.5
251.2; 31.335; -6.1; -0.0; 8.5; -6.1; -0.0; 8.5; 6.4; -0.0; 8.5; 6.4; -0.0; 8.5
251.4; 31.358; -6.1; -0.0; 8.5; -6.1; -0.0; 8.5; 6.4; -0.0; 8.5; 6.4; -0.0; 8.5
251.6; 31.382; -6.1; -0.0; 8.5; -6.1; -0.0; 8.5; 6.4; -0.0; 8.5; 6.4; -0.0; 8.5
251.8; 31.405; -6.1; -0.0; 8.5; -6.1; -0.0; 8.5; 6.4; -0.0; 8.5; 6.4; -0.0; 8.5
252.0; 31.429; -6.1; -0.0; 8.5; -6.1; -0.0; 8.5; 6.4; -0.0; 8.5; 6.4; -0.0; 8.5
252.2; 31.452; -6.1; -0.0; 8.5; -6.1; -0.0; 8.5; 6.4; -0.0; 8.5; 6.4; -0.0; 8.5
252.4; 31.476; -6.1; -0.0; 8.5; -6.1; -0.0; 8.5; 6.4; -0.0; 8.5; 6.4; -0.0; 8.5
252.6; 31.500; -6.1; -0.0; 8.5; -6.1; -0.0; 8.5; 6.4; -0.0; 8.5; 6.4; -0.0; 8.5
252.8; 31.523; -6.1; -0.0; 8.5; -6.1; -0.0; 8.5; 6.4; -0.0; 8.5; 6.4; -0.0; 8.5
253.0; 31.547; -6.1; -0.0; 8.5; -6.1; -0.0; 8.5; 6.4; -0.0; 8.5; 6.4; -0.0; 8.5
253.2; 31.570; -6.1; -0.0; 8.5; -6.1; -0.0; 8.5; 6.4; -0.0; 8.5; 6.4; -0.0; 8.5
253.4; 31.594; -6.1; -0.0; 8.5; -6.1; -0.0; 8.5; 6.4; -0.0; 8.5; 6.4; -0.0; 8.5
253.6; 31.617; -6.1; -0.0; 8.5; -6.1; -0.0; 8.5; 6.4; -0.0; 8.5; 6.4; -0.0; 8.5
253.8; 31.641; -6.1; -0.0; 8.5; -6.1; -0.0; 8.5; 6.4; -0.0; 8.5; 6.4; -0.0; 8.5
254.0; 31.664; -6.1; -0.0; 8.5; -6.1; -0.0; 8.5; 6.4; -0.0; 8.5; 6.4; -0.0; 8.5
254.2; 31.688; -6.1; -0.0; 8.5; -6.1; -0.0; 8.5; 6.4; -0.0; 8.5; 6.4; -0.0; 8.5
254.4; 31.711; -6.1; -0.0; 8.5; -6.1; -0.0; 8.5; 6.4; -0.0; 8.5; 6.4; -0.0; 8.5
254.6; 31.735; -6.1; 0.0; 8.5; -6.1; 0.0; 8.5; 6.4; 0.0; 8.5; 6.4; 0.0; 8.5
254.8; 31.758; -6.1; 0.0; 8.5; -6.1; 0.0; 8.5; 6.4; 0.0; 8.5; 6.4; 0.0; 8.5
255.0; 31.782; -6.1; 0.0; 8.5; -6.1; 0.0; 8.5; 6.4; 0.0; 8.5; 6.4; 0.0; 8.5
255.2; 31.805; -6.1; 0.0; 8.5; -6.1; 0.0; 8.5; 6.4; 0.0; 8.5; 6.4; 0.0; 8.5
255.4; 31.829; -6.1; 0.1; 8.5; -6.1; 0.1; 8.5; 6.4; 0.1; 8.5; 6.4; 0.1; 8.5
255.6; 31.852; -6.1; 0.1; 8.5; -6.1; 0.1; 8.5; 6.4; 0.1; 8.5; 6.4; 0.1; 8.5
255.8; 31.876; -6.1; 0.1; 8.5; -6.1; 0.1; 8.6; 6.4; 0.1; 8.5; 6.4; 0.1; 8.6
256.0; 31.900; -6.1; 0.1; 8.5; -6.1; 0.1; 8.6; 6.4; 0.1; 8.5; 6.4; 0.1; 8.6
256.2; 31.923; -6.1; 0.1; 8.4; -6.1; 0.1; 8.6; 6.4; 0.2; 8.4; 6.4; 0.2; 8.6
256.4; 31.947; -6.1; 0.2; 8.4; -6.1; 0.2; 8.6; 6.4; 0.2; 8.4; 6.4; 0.2; 8.6
256.6; 31.970; -6.1; 0.2; 8.4; -6.1; 0.2; 8.6; 6.4; 0.2; 8.4; 6.4; 0.2; 8.6
256.8; 31.994; -6.1; 0.2; 8.4; -6.1; 0.2; 8.6; 6.4; 0.2; 8.4; 6.4; 0.3; 8.6
257.0; 32.017; -6.1; 0.2; 8.4; -6.1; 0.3; 8.6; 6.4; 0.3; 8.4; 6.4; 0.3; 8.6
257.2; 32.041; -6.1; 0.3; 8.4; -6.1; 0.3; 8.7; 6.4; 0.3; 8.4; 6.4; 0.3; 8.7
257.4; 32.064; -6.1; 0.3; 8.4; -6.1; 0.3; 8.7; 6.4; 0.3; 8.4; 6.4; 0.4; 8.7
257.6; 32.088; -6.1; 0.3; 8.3; -6.1; 0.3; 8.7; 6.4; 0.4; 8.3; 6.4; 0.4; 8.7
257.8; 32.111; -6.1; 0.4; 8.3; -6.1; 0.4; 8.7; 6.3; 0.4; 8.3; 6.3; 0.4; 8.7
258.0; 32.135; -6.1; 0.4; 8.3; -6.1; 0.4; 8.7; 6.3; 0.4; 8.3; 6.3; 0.5; 8.7
258.2; 32.158; -6.0; 0.4; 8.3; -6.0; 0.4; 8.7; 6.3; 0.5; 8.3; 6.3; 0.5; 8.7
258.4; 32.182; -6.0; 0.4; 8.3; -6.0; 0.4; 8.7; 6.3; 0.5; 8.3; 6.3; 0.5; 8.7
258.6; 32.206; -6.0; 0.4; 8.3; -6.0; 0.4; 8.7; 6.3; 0.5; 8.3; 6.3; 0.5; 8.7
258.8; 32.229; -6.0; 0.4; 8.3; -6.0; 0.4; 8.7; 6.3; 0.5; 8.3; 6.3; 0.5; 8.7
259.0; 32.253; -6.0; 0.4; 8.3; -6.0; 0.4; 8.7; 6.3; 0.4; 8.3; 6.3; 0.5; 8.7
259.2; 32.276; -6.0; 0.3; 8.3; -6.0; 0.3; 8.7; 6.3; 0.4; 8.3; 6.3; 0.4; 8.7
259.4; 32.300; -6.0; 0.3; 8.4; -6.0; 0.3; 8.7; 6.3; 0.3; 8.4; 6.3; 0.4; 8.7
259.6; 32.323; -6.1; 0.2; 8.4; -6.1; 0.2; 8.6; 6.4; 0.3; 8.4; 6.4; 0.3; 8.6
259.8; 32.347; -6.2; 0.1; 8.5; -6.2; 0.1; 8.6; 6.4; 0.1; 8.5; 6.4; 0.1; 8.6
260.0; 32.370; -6.3; -0.1; 8.5; -6.3; -0.1; 8.5; 6.6; -0.0; 8.5; 6.6; -0.0; 8.5
260.2; 32.394; -6.4; -0.2; 8.6; -6.4; -0.2; 8.4; 6.7; -0.2; 8.6; 6.7; -0.2; 8.4
260.4; 32.418; -6.6; -0.4; 8.7; -6.6; -0.4; 8.3; 6.8; -0.4; 8.7; 6.8; -0.4; 8.3
260.6; 32.441; -6.7; -0.7; 8.8; -6.7; -0.6; 8.2; 7.0; -0.7; 8.8; 7.0; -0.6; 8.2
260.8; 32.465; -6.8; -1.0; 9.0; -6.8; -0.9; 8.0; 7.0; -1.0; 9.0; 7.0; -0.9; 8.1
261.0; 32.488; -6.7; -1.3; 9.1; -6.7; -1.2; 7.9; 7.0; -1.4; 9.1; 7.0; -1.2; 7.9
261.2; 32.512; -6.6; -1.7; 9.3; -6.6; -1.4; 7.7; 6.9; -1.9; 9.3; 6.9; -1.6; 7.7
261.4; 32.535; -6.4; -2.2; 9.5; -6.4; -1.7; 7.5; 6.7; -2.4; 9.5; 6.7; -1.9; 7.5
261.6; 32.559; -6.1; -2.7; 9.7; -6.1; -2.0; 7.3; 6.4; -3.0; 9.7; 6.4; -2.3; 7.3
261.8; 32.582; -5.6; -3.3; 9.9; -5.6; -2.3; 7.1; 5.9; -3.7; 10.0; 5.9; -2.6; 7.1
262.0; 32.606; -4.4; -3.9; 10.2; -4.4; -2.6; 6.8; 4.8; -4.4; 10.2; 4.8; -3.0; 6.8
262.2; 32.630; -1.4; -4.6; 10.4; -1.4; -2.9; 6.5; 1.8; -5.2; 10.5; 1.8; -3.3; 6.6
262.4; 32.653; -0.4; -5.3; 10.7; -0.4; -3.1; 6.3; 0.9; -6.1; 10.8; 0.9; -3.6; 6.3
262.6; 32.677; -0.2; -6.0; 10.9; -0.2; -3.3; 6.0; 0.7; -6.9; 11.0; 0.7; -3.9; 6.1
262.8; 32.700; -0.2; -6.7; 11.2; -0.2; -3.5; 5.8; 0.7; -7.7; 11.3; 0.7; -4.1; 5.9
263.0; 32.723; -0.2; -7.3; 11.4; -0.2; -3.6; 5.6; 0.8; -8.5; 11.5; 0.8; -4.2; 5.7
263.2; 32.747; -0.2; -7.9; 11.5; -0.2; -3.7; 5.4; 0.8; -9.2; 11.7; 0.8; -4.4; 5.5
263.4; 32.770; -0.2; -8.3; 11.7; -0.2; -3.7; 5.2; 0.9; -9.8; 11.8; 0.9; -4.5; 5.3
263.6; 32.794; -0.2; -8.7; 11.8; -0.2; -3.8; 5.1; 1.0; -10.3; 11.9; 1.0; -4.5; 5.2
263.8; 32.817; -0.2; -9.0; 11.9; -0.2; -3.8; 5.0; 1.0; -10.7; 12.1; 1.0; -4.6; 5.1
264.0; 32.840; -0.2; -9.2; 11.9; -0.2; -3.8; 4.9; 1.1; -11.0; 12.1; 1.1; -4.6; 5.1
264.2; 32.863; -0.3; -9.4; 12.0; -0.3; -3.8; 4.8; 1.3; -11.3; 12.2; 1.3; -4.7; 5.0
264.4; 32.886; -0.5; -9.5; 12.0; -0.5; -3.8; 4.8; 1.5; -11.5; 12.2; 1.5; -4.7; 5.0
264.6; 32.909; -0.4; -9.6; 12.1; -0.4; -3.8; 4.7; 1.4; -11.6; 12.3; 1.4; -4.7; 5.0
264.8; 32.932; -0.3; -9.7; 12.1; -0.3; -3.8; 4.7; 1.3; -11.7; 12.3; 1.3; -4.7; 4.9
265.0; 32.954; -0.2; -9.7; 12.1; -0.2; -3.8; 4.7; 1.3; -11.8; 12.3; 1.3; -4.7; 4.9
265.2; 32.976; -0.2; -9.7; 12.1; -0.2; -3.8; 4.7; 1.2; -11.9; 12.3; 1.2; -4.8; 4.9
265.4; 32.998; -0.1; -9.8; 12.1; -0.1; -3.8; 4.7; 1.2; -11.9; 12.3; 1.2; -4.8; 4.9
265.6; 33.020; -0.1; -9.8; 12.1; -0.1; -3.8; 4.7; 1.2; -11.9; 12.4; 1.2; -4.8; 4.9
265.8; 33.041; -0.1; -9.8; 12.1; -0.1; -3.8; 4.7; 1.2; -11.9; 12.4; 1.2; -4.8; 4.9
266.0; 33.063; -0.1; -9.8; 12.1; -0.1; -3.8; 4.7; 1.2; -11.9; 12.4; 1.2; -4.8; 4.9
266.2; 33.083; -0.1; -9.8; 12.1; -0.1; -3.8; 4.7; 1.2; -11.9; 12.4; 1.2; -4.8; 4.9
266.4; 33.104; -0.1; -9.8; 12.1; -0.1; -3.8; 4.7; 1.2; -11.9; 12.4; 1.2; -4.8; 4.9
266.6; 33.124; -0.1; -9.8; 12.1; -0.1; -3.8; 4.7; 1.2; -11.9; 12.4; 1.2; -4.8; 4.9
266.8; 33.144; -0.1; -9.8; 12.1; -0.1; -3.8; 4.7; 1.2; -11.9; 12.4; 1.2; -4.8; 4.9
267.0; 33.164; -0.1; -9.8; 12.1; -0.1; -3.8; 4.7; 1.2; -11.9; 12.4; 1.2; -4.8; 4.9
267.2; 33.184; -0.1; -9.8; 12.1; -0.1; -3.8; 4.7; 1.2; -11.9; 12.4; 1.2; -4.8; 4.9
267.4; 33.204; -0.1; -9.8; 12.1; -0.1; -3.8; 4.7; 1.2; -11.9; 12.4; 1.2; -4.8; 4.9
267.6; 33.224; -0.1; -9.8; 12.1; -0.1; -3.8; 4.7; 1.2; -11.9; 12.4; 1.2; -4.8; 4.9
267.8; 33.244; -0.1; -9.8; 12.1; -0.1; -3.8; 4.7; 1.2; -11.9; 12.4; 1.2; -4.8; 4.9
268.0; 33.265; -0.1; -9.8; 12.1; -0.1; -3.8; 4.7; 1.2; -11.9; 12.4; 1.2; -4.8; 4.9
268.2; 33.286; -0.1; -9.8; 12.1; -0.1; -3.8; 4.7; 1.2; -11.9; 12.4; 1.2; -4.8; 4.9
268.4; 33.307; -0.1; -9.8; 12.1; -0.1; -3.8; 4.7; 1.2; -11.9; 12.4; 1.2; -4.8; 4.9
268.6; 33.329; -0.1; -9.8; 12.1; -0.1; -3.8; 4.7; 1.2; -11.9; 12.4; 1.2; -4.8; 4.9
268.8; 33.351; -0.1; -9.8; 12.1; -0.1; -3.8; 4.7; 1.2; -11.9; 12.4; 1.2; -4.8; 4.9
269.0; 33.373; -0.1; -9.8; 12.1; -0.1; -3.8; 4.7; 1.2; -11.9; 12.4; 1.2; -4.8; 4.9
269.2; 33.395; -0.1; -9.8; 12.1; -0.1; -3.8; 4.7; 1.2; -11.9; 12.4; 1.2; -4.8; 4.9
269.4; 33.418; -0.1; -9.8; 12.1; -0.1; -3.8; 4.7; 1.2; -11.9; 12.4; 1.2; -4.8; 4.9
269.6; 33.441; -0.1; -9.8; 12.1; -0.1; -3.8; 4.7; 1.2; -11.9; 12.4; 1.2; -4.8; 4.9
269.8; 33.464; -0.1; -9.8; 12.1; -0.1; -3.8; 4.7; 1.2; -11.9; 12.4; 1.2; -4.8; 4.9
270.0; 33.487; -0.1; -9.8; 12.1; -0.1; -3.8; 4.7; 1.2; -11.9; 12.4; 1.2; -4.8; 4.9
270.2; 33.510; -0.1; -9.8; 12.1; -0.1; -3.8; 4.7; 1.2; -11.9; 12.4; 1.2; -4.8; 4.9
270.4; 33.533; -0.1; -9.8; 12.1; -0.1; -3.8; 4.7; 1.2; -11.9; 12.4; 1.2; -4.8; 4.9
270.6; 33.557; -0.1; -9.8; 12.1; -0.1; -3.8; 4.7; 1.2; -11.9; 12.4; 1.2; -4.8; 4.9
270.8; 33.580; -0.1; -9.8; 12.1; -0.1; -3.8; 4.7; 1.2; -11.9; 12.4; 1.2; -4.8; 4.9
271.0; 33.604; -0.1; -9.8; 12.1; -0.1; -3.8; 4.7; 1.2; -11.9; 12.4; 1.2; -4.8; 4.9
271.2; 33.628; -0.1; -9.8; 12.1; -0.1; -3.8; 4.7; 1.2; -11.9; 12.4; 1.2; -4.8; 4.9
271.4; 33.651; -0.1; -9.8; 12.1; -0.1; -3.8; 4.7; 1.2; -11.9; 12.4; 1.2; -4.8; 4.9
271.6; 33.675; -0.1; -9.7; 12.1; -0.1; -3.8; 4.7; 1.2; -11.9; 12.4; 1.2; -4.8; 4.9
271.8; 33.699; -0.1; -9.6; 12.1; -0.1; -3.8; 4.7; 1.2; -11.9; 12.3; 1.2; -4.8; 4.9
272.0; 33.723; -0.2; -9.4; 12.1; -0.2; -3.7; 4.7; 1.2; -11.8; 12.3; 1.2; -4.8; 5.0
272.2; 33.747; -0.4; -9.1; 12.0; -0.4; -3.7; 4.8; 1.4; -11.6; 12.2; 1.4; -4.8; 5.0
272.4; 33.771; -0.6; -8.7; 11.9; -0.6; -3.6; 4.9; 1.6; -11.2; 12.1; 1.6; -4.8; 5.1
272.6; 33.795; -1.1; -8.0; 11.7; -1.1; -3.5; 5.1; 2.0; -10.6; 11.9; 2.0; -4.7; 5.3
272.8; 33.819; -1.9; -7.1; 11.5; -1.9; -3.4; 5.4; 2.6; -9.6; 11.6; 2.6; -4.6; 5.5
273.0; 33.843; -2.8; -5.9; 11.1; -2.8; -3.1; 5.8; 3.5; -8.1; 11.2; 3.5; -4.3; 5.9
273.2; 33.867; -4.0; -4.5; 10.6; -4.0; -2.7; 6.4; 4.5; -6.3; 10.7; 4.5; -3.8; 6.4
273.4; 33.891; -4.9; -3.2; 10.1; -4.9; -2.2; 6.9; 5.3; -4.4; 10.1; 5.3; -3.1; 6.9
273.6; 33.915; -5.6; -2.1; 9.6; -5.6; -1.6; 7.4; 5.9; -2.9; 9.6; 5.9; -2.3; 7.4
273.8; 33.939; -5.9; -1.3; 9.2; -5.9; -1.1; 7.8; 6.2; -1.8; 9.2; 6.2; -1.6; 7.8
274.0; 33.963; -6.0; -0.7; 8.9; -6.0; -0.6; 8.1; 6.2; -1.0; 8.9; 6.2; -0.9; 8.1
274.2; 33.987; -5.9; -0.3; 8.7; -5.9; -0.3; 8.3; 6.2; -0.5; 8.7; 6.2; -0.4; 8.3
274.4; 34.011; -5.8; 0.1; 8.5; -5.8; 0.1; 8.5; 6.0; -0.1; 8.5; 6.0; -0.1; 8.5
274.6; 34.035; -5.6; 0.3; 8.4; -5.6; 0.3; 8.6; 5.8; 0.3; 8.4; 5.8; 0.3; 8.6
274.8; 34.059; -5.4; 0.5; 8.3; -5.4; 0.5; 8.7; 5.7; 0.5; 8.3; 5.7; 0.5; 8.7
275.0; 34.083; -5.2; 0.6; 8.2; -5.2; 0.6; 8.8; 5.5; 0.7; 8.2; 5.5; 0.7; 8.8
275.2; 34.107; -5.1; 0.7; 8.1; -5.1; 0.7; 8.9; 5.4; 0.8; 8.1; 5.4; 0.8; 8.9
275.4; 34.130; -5.0; 0.7; 8.1; -5.0; 0.7; 8.9; 5.3; 0.8; 8.1; 5.3; 0.9; 8.9
275.6; 34.154; -5.1; 0.7; 8.1; -5.1; 0.7; 8.9; 5.4; 0.8; 8.1; 5.4; 0.9; 8.9
275.8; 34.177; -5.3; 0.6; 8.2; -5.3; 0.6; 8.9; 5.5; 0.8; 8.2; 5.5; 0.8; 8.9
276.0; 34.200; -5.6; 0.5; 8.2; -5.6; 0.5; 8.8; 5.9; 0.6; 8.2; 5.9; 0.7; 8.8
276.2; 34.223; -6.0; 0.3; 8.3; -6.0; 0.3; 8.7; 6.3; 0.4; 8.3; 6.3; 0.5; 8.7
276.4; 34.246; -6.5; 0.0; 8.5; -6.5; 0.0; 8.6; 6.8; 0.2; 8.5; 6.8; 0.2; 8.6
276.6; 34.269; -6.9; -0.3; 8.6; -6.9; -0.3; 8.4; 7.2; -0.2; 8.6; 7.2; -0.2; 8.4
276.8; 34.292; -7.1; -0.7; 8.8; -7.1; -0.7; 8.2; 7.4; -0.6; 8.8; 7.4; -0.6; 8.2
277.0; 34.314; -7.1; -1.2; 9.1; -7.1; -1.1; 8.0; 7.4; -1.2; 9.1; 7.4; -1.1; 8.0
277.2; 34.336; -6.9; -1.9; 9.3; -6.9; -1.5; 7.7; 7.2; -1.9; 9.3; 7.2; -1.6; 7.7
277.4; 34.359; -6.4; -2.6; 9.6; -6.4; -2.0; 7.4; 6.8; -2.7; 9.6; 6.8; -2.1; 7.4
277.6; 34.381; -5.7; -3.4; 9.9; -5.7; -2.4; 7.0; 6.1; -3.6; 10.0; 6.1; -2.6; 7.1
277.8; 34.403; -1.9; -4.3; 10.3; -1.9; -2.8; 6.7; 2.3; -4.7; 10.3; 2.3; -3.1; 6.7
278.0; 34.426; -0.3; -5.2; 10.7; -0.3; -3.1; 6.3; 0.7; -5.8; 10.7; 0.7; -3.5; 6.4
278.2; 34.448; -0.2; -6.2; 11.0; -0.2; -3.4; 6.0; 0.7; -7.0; 11.1; 0.7; -3.9; 6.0
278.4; 34.471; -0.1; -7.2; 11.3; -0.1; -3.6; 5.6; 0.7; -8.1; 11.4; 0.7; -4.1; 5.7
278.6; 34.494; -0.1; -8.0; 11.5; -0.1; -3.7; 5.4; 0.8; -9.1; 11.7; 0.8; -4.3; 5.5
278.8; 34.518; -0.1; -8.6; 11.7; -0.1; -3.8; 5.1; 0.9; -10.0; 11.9; 0.9; -4.5; 5.3
279.0; 34.541; -0.1; -9.1; 11.9; -0.1; -3.8; 5.0; 1.0; -10.6; 12.1; 1.0; -4.6; 5.1
279.2; 34.565; -0.1; -9.5; 12.0; -0.1; -3.8; 4.8; 1.0; -11.2; 12.2; 1.0; -4.6; 5.0
279.4; 34.589; -0.1; -9.8; 12.1; -0.1; -3.9; 4.8; 1.0; -11.5; 12.3; 1.0; -4.7; 4.9
279.6; 34.614; -0.1; -9.9; 12.1; -0.1; -3.8; 4.6; 1.3; -11.8; 12.4; 1.3; -4.7; 4.9
279.8; 34.638; -0.1; -10.0; 12.2; -0.1; -3.8; 4.6; 1.1; -12.0; 12.4; 1.1; -4.7; 4.9
280.0; 34.663; -0.1; -10.0; 12.2; -0.1; -3.8; 4.7; 0.9; -12.1; 12.4; 0.9; -4.7; 4.8
280.2; 34.688; -0.1; -10.0; 12.2; -0.1; -3.9; 4.7; 0.8; -12.1; 12.4; 0.8; -4.7; 4.8
280.4; 34.713; -0.1; -10.0; 12.3; -0.1; -3.9; 4.7; 0.6; -12.2; 12.3; 0.6; -4.7; 4.8
280.6; 34.738; -0.1; -10.0; 12.3; -0.1; -3.9; 4.7; 0.5; -12.2; 12.3; 0.5; -4.7; 4.7
280.8; 34.764; -0.1; -10.0; 12.3; -0.1; -3.9; 4.7; 0.5; -12.2; 12.3; 0.5; -4.7; 4.7
281.0; 34.789; -0.1; -9.9; 12.3; -0.1; -3.9; 4.7; 0.4; -12.2; 12.3; 0.4; -4.7; 4.7
281.2; 34.814; -0.1; -9.9; 12.3; -0.1; -3.9; 4.7; 0.4; -12.2; 12.3; 0.4; -4.7; 4.7
281.4; 34.839; -0.1; -9.9; 12.3; -0.1; -3.9; 4.7; 0.3; -12.2; 12.3; 0.3; -4.7; 4.7
281.6; 34.864; -0.1; -9.9; 12.3; -0.1; -3.9; 4.7; 0.3; -12.2; 12.3; 0.3; -4.7; 4.7
281.8; 34.889; -0.1; -9.9; 12.3; -0.1; -3.9; 4.7; 0.3; -12.2; 12.3; 0.3; -4.7; 4.7
282.0; 34.913; -0.1; -9.9; 12.3; -0.1; -3.9; 4.7; 0.3; -12.2; 12.3; 0.3; -4.7; 4.7
282.2; 34.937; -0.1; -9.9; 12.3; -0.1; -3.9; 4.7; 0.3; -12.2; 12.3; 0.3; -4.7; 4.7
282.4; 34.960; -0.1; -9.9; 12.3; -0.1; -3.9; 4.7; 0.3; -12.2; 12.3; 0.3; -4.7; 4.7
282.6; 34.983; -0.1; -9.9; 12.3; -0.1; -3.9; 4.7; 0.4; -12.2; 12.3; 0.4; -4.7; 4.7
282.8; 35.005; -0.1; -9.9; 12.3; -0.1; -3.9; 4.7; 0.4; -12.2; 12.3; 0.4; -4.7; 4.7
283.0; 35.026; -0.1; -9.9; 12.3; -0.1; -3.9; 4.7; 0.4; -12.2; 12.3; 0.4; -4.7; 4.7
283.2; 35.047; -0.1; -9.9; 12.3; -0.1; -3.8; 4.7; 0.4; -12.2; 12.3; 0.4; -4.7; 4.7
283.4; 35.068; -0.1; -9.9; 12.3; -0.1; -3.8; 4.7; 0.5; -12.2; 12.3; 0.5; -4.7; 4.7
283.6; 35.089; -0.1; -9.9; 12.3; -0.1; -3.8; 4.7; 0.5; -12.2; 12.3; 0.5; -4.7; 4.8
283.8; 35.110; -0.1; -9.9; 12.3; -0.1; -3.8; 4.7; 0.5; -12.2; 12.3; 0.5; -4.7; 4.8
284.0; 35.131; -0.1; -9.9; 12.3; -0.1; -3.8; 4.7; 0.6; -12.2; 12.3; 0.6; -4.7; 4.8
284.2; 35.153; -0.1; -9.9; 12.2; -0.1; -3.8; 4.7; 0.6; -12.2; 12.3; 0.6; -4.7; 4.8
284.4; 35.175; -0.1; -9.9; 12.2; -0.1; -3.8; 4.7; 0.6; -12.2; 12.3; 0.6; -4.7; 4.8
284.6; 35.197; -0.1; -9.9; 12.2; -0.1; -3.8; 4.7; 0.7; -12.2; 12.3; 0.7; -4.7; 4.8
284.8; 35.220; -0.1; -9.9; 12.2; -0.1; -3.8; 4.7; 0.7; -12.1; 12.3; 0.7; -4.7; 4.8
285.0; 35.243; -0.1; -9.9; 12.2; -0.1; -3.8; 4.7; 0.8; -12.1; 12.3; 0.8; -4.7; 4.8
285.2; 35.267; -0.1; -9.9; 12.2; -0.1; -3.8; 4.7; 0.8; -12.1; 12.3; 0.8; -4.7; 4.8
285.4; 35.291; -0.1; -9.9; 12.2; -0.1; -3.8; 4.7; 0.8; -12.1; 12.3; 0.8; -4.8; 4.8
285.6; 35.315; -0.1; -9.8; 12.2; -0.1; -3.8; 4.7; 0.9; -12.1; 12.3; 0.9; -4.8; 4.8
285.8; 35.339; -0.1; -9.8; 12.2; -0.1; -3.8; 4.7; 0.9; -12.1; 12.3; 0.9; -4.8; 4.8
286.0; 35.364; -0.1; -9.8; 12.2; -0.1; -3.8; 4.7; 1.0; -12.0; 12.4; 1.0; -4.8; 4.9
286.2; 35.389; -0.1; -9.8; 12.1; -0.1; -3.8; 4.7; 1.1; -12.0; 12.4; 1.1; -4.8; 4.9
286.4; 35.414; -0.1; -9.8; 12.1; -0.1; -3.8; 4.7; 1.1; -12.0; 12.4; 1.1; -4.8; 4.9
286.6; 35.440; -0.1; -9.8; 12.1; -0.1; -3.8; 4.7; 1.2; -11.9; 12.4; 1.2; -4.8; 4.9
286.8; 35.465; -0.1; -9.7; 12.1; -0.1; -3.8; 4.7; 1.3; -11.9; 12.4; 1.3; -4.8; 4.9
287.0; 35.491; -0.1; -9.7; 12.1; -0.1; -3.8; 4.7; 1.3; -11.8; 12.4; 1.3; -4.8; 5.0
287.2; 35.516; -0.1; -9.7; 12.0; -0.1; -3.8; 4.7; 1.4; -11.8; 12.4; 1.4; -4.8; 5.0
287.4; 35.541; -0.1; -9.6; 12.0; -0.1; -3.8; 4.7; 1.5; -11.7; 12.4; 1.5; -4.8; 5.0
287.6; 35.567; -0.1; -9.6; 12.0; -0.1; -3.8; 4.7; 1.6; -11.6; 12.4; 1.6; -4.8; 5.0
287.8; 35.592; -0.1; -9.5; 12.0; -0.1; -3.7; 4.7; 1.7; -11.6; 12.4; 1.7; -4.8; 5.1
288.0; 35.618; -0.1; -9.5; 11.9; -0.1; -3.7; 4.7; 1.8; -11.5; 12.4; 1.8; -4.8; 5.1
288.2; 35.643; -0.1; -9.4; 11.9; -0.1; -3.7; 4.7; 1.9; -11.4; 12.3; 1.9; -4.8; 5.1
288.4; 35.668; -0.1; -9.3; 11.9; -0.1; -3.7; 4.7; 2.0; -11.3; 12.3; 2.0; -4.8; 5.2
288.6; 35.693; -0.1; -9.3; 11.8; -0.1; -3.7; 4.7; 2.1; -11.2; 12.3; 2.1; -4.8; 5.2
288.8; 35.718; -0.1; -9.2; 11.8; -0.1; -3.7; 4.7; 2.2; -11.1; 12.3; 2.2; -4.8; 5.2
289.0; 35.743; -0.1; -9.2; 11.7; -0.1; -3.7; 4.7; 2.3; -11.0; 12.3; 2.3; -4.8; 5.3
289.2; 35.768; -0.1; -9.1; 11.7; -0.1; -3.7; 4.7; 2.4; -10.9; 12.3; 2.4; -4.8; 5.3
289.4; 35.792; -0.1; -9.0; 11.7; -0.1; -3.7; 4.7; 2.4; -10.8; 12.3; 2.4; -4.8; 5.3
289.6; 35.817; -0.1; -8.9; 11.6; -0.1; -3.6; 4.7; 2.5; -10.7; 12.3; 2.5; -4.7; 5.4
289.8; 35.841; -0.1; -8.8; 11.6; -0.1; -3.6; 4.7; 2.6; -10.6; 12.3; 2.6; -4.7; 5.4
290.0; 35.866; -0.1; -8.7; 11.5; -0.1; -3.6; 4.8; 2.8; -10.5; 12.3; 2.8; -4.7; 5.5
290.2; 35.890; -0.1; -8.5; 11.5; -0.1; -3.6; 4.8; 2.9; -10.3; 12.2; 2.9; -4.7; 5.6
290.4; 35.915; -0.1; -8.2; 11.3; -0.1; -3.5; 4.8; 3.2; -10.0; 12.2; 3.2; -4.7; 5.7
290.6; 35.939; -0.2; -8.0; 11.5; -0.2; -3.6; 5.2; 1.8; -9.6; 11.9; 1.8; -4.5; 5.5
290.8; 35.963; -0.4; -7.7; 11.5; -0.4; -3.6; 5.4; 1.1; -9.4; 11.7; 1.1; -4.5; 5.5
291.0; 35.987; -0.9; -7.4; 11.5; -0.9; -3.5; 5.4; 1.5; -9.2; 11.6; 1.5; -4.4; 5.6
291.2; 36.011; -1.8; -7.0; 11.3; -1.8; -3.4; 5.6; 2.5; -8.8; 11.5; 2.5; -4.4; 5.7
291.4; 36.035; -2.7; -6.4; 11.2; -2.7; -3.3; 5.7; 3.3; -8.2; 11.3; 3.3; -4.3; 5.8
291.6; 36.060; -3.4; -5.8; 11.0; -3.4; -3.2; 6.0; 3.9; -7.4; 11.1; 3.9; -4.1; 6.0
291.8; 36.084; -4.0; -5.1; 10.7; -4.0; -3.0; 6.2; 4.5; -6.5; 10.8; 4.5; -3.8; 6.3
292.0; 36.108; -4.6; -4.3; 10.5; -4.6; -2.7; 6.5; 5.0; -5.6; 10.5; 5.0; -3.5; 6.6
292.2; 36.132; -5.1; -3.6; 10.2; -5.1; -2.4; 6.8; 5.5; -4.6; 10.2; 5.5; -3.1; 6.8
292.4; 36.156; -5.6; -2.9; 9.9; -5.6; -2.1; 7.1; 5.9; -3.8; 9.9; 5.9; -2.7; 7.1
292.6; 36.180; -5.9; -2.3; 9.6; -5.9; -1.8; 7.4; 6.2; -3.0; 9.7; 6.2; -2.3; 7.4
292.8; 36.204; -6.1; -1.8; 9.4; -6.1; -1.5; 7.6; 6.4; -2.4; 9.4; 6.4; -1.9; 7.6
293.0; 36.228; -6.2; -1.4; 9.2; -6.2; -1.2; 7.8; 6.5; -1.8; 9.2; 6.5; -1.6; 7.8
293.2; 36.252; -6.2; -1.1; 9.1; -6.2; -0.9; 7.9; 6.5; -1.4; 9.1; 6.5; -1.2; 7.9
293.4; 36.276; -6.2; -0.8; 8.9; -6.2; -0.7; 8.1; 6.5; -1.1; 8.9; 6.5; -1.0; 8.1
293.6; 36.300; -6.2; -0.6; 8.8; -6.2; -0.5; 8.2; 6.5; -0.8; 8.8; 6.5; -0.7; 8.2
293.8; 36.323; -6.2; -0.4; 8.7; -6.2; -0.4; 8.3; 6.4; -0.5; 8.7; 6.4; -0.5; 8.3
294.0; 36.347; -6.1; -0.2; 8.6; -6.1; -0.2; 8.4; 6.4; -0.3; 8.6; 6.4; -0.3; 8.4
294.2; 36.371; -6.1; -0.1; 8.6; -6.1; -0.1; 8.4; 6.4; -0.2; 8.6; 6.4; -0.2; 8.4
294.4; 36.395; -6.1; 0.0; 8.5; -6.1; 0.0; 8.5; 6.4; -0.0; 8.5; 6.4; -0.0; 8.5
294.6; 36.419; -6.1; 0.1; 8.5; -6.1; 0.1; 8.5; 6.4; 0.1; 8.5; 6.4; 0.1; 8.5
294.8; 36.442; -6.1; 0.1; 8.4; -6.1; 0.1; 8.6; 6.4; 0.1; 8.4; 6.4; 0.1; 8.6
295.0; 36.466; -6.1; 0.2; 8.4; -6.1; 0.2; 8.6; 6.4; 0.2; 8.4; 6.4; 0.2; 8.6
295.2; 36.490; -6.1; 0.2; 8.4; -6.1; 0.2; 8.6; 6.4; 0.2; 8.4; 6.4; 0.3; 8.6
295.4; 36.514; -6.1; 0.2; 8.4; -6.1; 0.2; 8.6; 6.4; 0.3; 8.4; 6.4; 0.3; 8.6
295.6; 36.537; -6.1; 0.2; 8.4; -6.1; 0.3; 8.6; 6.4; 0.3; 8.4; 6.4; 0.3; 8.6
295.8; 36.561; -6.1; 0.3; 8.4; -6.1; 0.3; 8.6; 6.4; 0.3; 8.4; 6.4; 0.3; 8.6
296.0; 36.585; -6.1; 0.2; 8.4; -6.1; 0.3; 8.6; 6.4; 0.3; 8.4; 6.4; 0.3; 8.6
296.2; 36.608; -6.1; 0.2; 8.4; -6.1; 0.2; 8.6; 6.4; 0.3; 8.4; 6.4; 0.3; 8.6
296.4; 36.632; -6.1; 0.2; 8.4; -6.1; 0.2; 8.6; 6.4; 0.3; 8.4; 6.4; 0.3; 8.6
296.6; 36.655; -6.1; 0.2; 8.4; -6.1; 0.2; 8.6; 6.4; 0.3; 8.4; 6.4; 0.3; 8.6
296.8; 36.679; -6.1; 0.2; 8.4; -6.1; 0.2; 8.6; 6.4; 0.2; 8.4; 6.4; 0.3; 8.6
297.0; 36.703; -6.1; 0.2; 8.4; -6.1; 0.2; 8.6; 6.4; 0.2; 8.4; 6.4; 0.2; 8.6
297.2; 36.726; -6.1; 0.2; 8.4; -6.1; 0.2; 8.6; 6.4; 0.2; 8.4; 6.4; 0.2; 8.6
297.4; 36.750; -6.1; 0.1; 8.4; -6.1; 0.1; 8.6; 6.4; 0.2; 8.4; 6.4; 0.2; 8.6
297.6; 36.773; -6.1; 0.1; 8.4; -6.1; 0.1; 8.6; 6.4; 0.2; 8.4; 6.4; 0.2; 8.6
297.8; 36.797; -6.1; 0.1; 8.4; -6.1; 0.1; 8.6; 6.4; 0.1; 8.4; 6.4; 0.1; 8.6
298.0; 36.821; -6.1; 0.1; 8.5; -6.1; 0.1; 8.6; 6.4; 0.1; 8.5; 6.4; 0.1; 8.6
298.2; 36.844; -6.1; 0.1; 8.5; -6.1; 0.1; 8.6; 6.4; 0.1; 8.5; 6.4; 0.1; 8.6
298.4; 36.868; -6.1; 0.1; 8.5; -6.1; 0.1; 8.5; 6.4; 0.1; 8.5; 6.4; 0.1; 8.5
298.6; 36.891; -6.1; 0.1; 8.5; -6.1; 0.1; 8.5; 6.4; 0.1; 8.5; 6.4; 0.1; 8.5
298.8; 36.915; -6.1; 0.0; 8.5; -6.1; 0.0; 8.5; 6.4; 0.1; 8.5; 6.4; 0.1; 8.5
299.0; 36.938; -6.1; 0.0; 8.5; -6.1; 0.0; 8.5; 6.4; 0.0; 8.5; 6.4; 0.0; 8.5
299.2; 36.962; -6.1; 0.0; 8.5; -6.1; 0.0; 8.5; 6.4; 0.0; 8.5; 6.4; 0.0; 8.5
299.4; 36.985; -6.1; 0.0; 8.5; -6.1; 0.0; 8.5; 6.4; 0.0; 8.5; 6.4; 0.0; 8.5
299.6; 37.009; -6.1; 0.0; 8.5; -6.1; 0.0; 8.5; 6.4; 0.0; 8.5; 6.4; 0.0; 8.5
299.8; 37.032; -6.1; 0.0; 8.5; -6.1; 0.0; 8.5; 6.4; 0.0; 8.5; 6.4; 0.0; 8.5
300.0; 37.056; -6.1; -0.0; 8.5; -6.1; -0.0; 8.5; 6.4; -0.0; 8.5; 6.4; -0.0; 8.5
300.2; 37.079; -6.1; -0.0; 8.5; -6.1; -0.0; 8.5; 6.4; -0.0; 8.5; 6.4; -0.0; 8.5
300.4; 37.103; -6.1; -0.0; 8.5; -6.1; -0.0; 8.5; 6.4; -0.0; 8.5; 6.4; -0.0; 8.5
300.6; 37.126; -6.1; -0.0; 8.5; -6.1; -0.0; 8.5; 6.4; -0.0; 8.5; 6.4; -0.0; 8.5
300.8; 37.150; -6.1; -0.0; 8.5; -6.1; -0.0; 8.5; 6.4; -0.0; 8.5; 6.4; -0.0; 8.5
301.0; 37.173; -6.1; -0.0; 8.5; -6.1; -0.0; 8.5; 6.4; -0.0; 8.5; 6.4; -0.0; 8.5
301.2; 37.197; -6.1; -0.0; 8.5; -6.1; -0.0; 8.5; 6.4; -0.0; 8.5; 6.4; -0.0; 8.5
301.4; 37.221; -6.1; -0.0; 8.5; -6.1; -0.0; 8.5; 6.4; -0.0; 8.5; 6.4; -0.0; 8.5
301.6; 37.244; -6.1; -0.0; 8.5; -6.1; -0.0; 8.5; 6.4; -0.0; 8.5; 6.4; -0.0; 8.5
301.8; 37.268; -6.1; -0.0; 8.5; -6.1; -0.0; 8.5; 6.4; -0.0; 8.5; 6.4; -0.0; 8.5
302.0; 37.291; -6.1; -0.0; 8.5; -6.1; -0.0; 8.5; 6.4; -0.0; 8.5; 6.4; -0.0; 8.5
302.2; 37.315; -6.1; -0.0; 8.5; -6.1; -0.0; 8.5; 6.4; -0.0; 8.5; 6.4; -0.0; 8.5
302.4; 37.338; -6.1; -0.0; 8.5; -6.1; -0.0; 8.5; 6.4; -0.0; 8.5; 6.4; -0.0; 8.5
302.6; 37.362; -6.1; -0.0; 8.5; -6.1; -0.0; 8.5; 6.4; -0.0; 8.5; 6.4; -0.0; 8.5
302.8; 37.385; -6.1; -0.0; 8.5; -6.1; -0.0; 8.5; 6.4; -0.0; 8.5; 6.4; -0.0; 8.5
303.0; 37.409; -6.1; -0.0; 8.5; -6.1; -0.0; 8.5; 6.4; -0.0; 8.5; 6.4; -0.0; 8.5
303.2; 37.432; -6.1; -0.0; 8.5; -6.1; -0.0; 8.5; 6.4; -0.0; 8.5; 6.4; -0.0; 8.5
303.4; 37.456; -6.1; -0.0; 8.5; -6.1; -0.0; 8.5; 6.4; -0.0; 8.5; 6.4; -0.0; 8.5
303.6; 37.479; -6.1; -0.0; 8.5; -6.1; -0.0; 8.5; 6.4; -0.0; 8.5; 6.4; -0.0; 8.5
303.8; 37.503; -6.1; -0.0; 8.5; -6.1; -0.0; 8.5; 6.4; -0.0; 8.5; 6.4; -0.0; 8.5
304.0; 37.526; -6.1; -0.0; 8.5; -6.1; -0.0; 8.5; 6.4; -0.0; 8.5; 6.4; -0.0; 8.5
304.2; 37.550; -6.1; -0.0; 8.5; -6.1; -0.0; 8.5; 6.4; -0.0; 8.5; 6.4; -0.0; 8.5
304.4; 37.573; -6.1; -0.0; 8.5; -6.1; -0.0; 8.5; 6.4; -0.0; 8.5; 6.4; -0.0; 8.5
304.6; 37.597; -6.1; -0.0; 8.5; -6.1; -0.0; 8.5; 6.4; -0.0; 8.5; 6.4; -0.0; 8.5
304.8; 37.620; -6.1; -0.0; 8.5; -6.1; -0.0; 8.5; 6.4; -0.0; 8.5; 6.4; -0.0; 8.5
305.0; 37.644; -6.1; -0.0; 8.5; -6.1; -0.0; 8.5; 6.4; -0.0; 8.5; 6.4; -0.0; 8.5
305.2; 37.667; -6.1; 0.0; 8.5; -6.1; 0.0; 8.5; 6.4; 0.0; 8.5; 6.4; 0.0; 8.5
305.4; 37.691; -6.1; 0.0; 8.5; -6.1; 0.0; 8.5; 6.4; 0.0; 8.5; 6.4; 0.0; 8.5
305.6; 37.715; -6.1; 0.0; 8.5; -6.1; 0.0; 8.5; 6.4; 0.0; 8.5; 6.4; 0.0; 8.5
305.8; 37.738; -6.1; 0.0; 8.5; -6.1; 0.0; 8.5; 6.4; 0.0; 8.5; 6.4; 0.0; 8.5
306.0; 37.762; -6.1; 0.0; 8.5; -6.1; 0.0; 8.5; 6.4; 0.0; 8.5; 6.4; 0.0; 8.5
306.2; 37.785; -6.1; 0.0; 8.5; -6.1; 0.0; 8.5; 6.4; 0.0; 8.5; 6.4; 0.0; 8.5
306.4; 37.809; -6.1; 0.0; 8.5; -6.1; 0.0; 8.5; 6.4; 0.0; 8.5; 6.4; 0.0; 8.5
306.6; 37.832; -6.1; 0.0; 8.5; -6.1; 0.0; 8.5; 6.4; 0.0; 8.5; 6.4; 0.0; 8.5
306.8; 37.856; -6.1; 0.0; 8.5; -6.1; 0.0; 8.5; 6.4; 0.0; 8.5; 6.4; 0.0; 8.5
307.0; 37.879; -6.1; 0.0; 8.5; -6.1; 0.0; 8.5; 6.4; 0.0; 8.5; 6.4; 0.0; 8.5
307.2; 37.903; -6.1; 0.0; 8.5; -6.1; 0.0; 8.5; 6.4; 0.0; 8.5; 6.4; 0.0; 8.5
307.4; 37.926; -6.1; 0.0; 8.5; -6.1; 0.0; 8.5; 6.4; 0.0; 8.5; 6.4; 0.0; 8.5
307.6; 37.950; -6.1; 0.0; 8.5; -6.1; 0.0; 8.5; 6.4; 0.0; 8.5; 6.4; 0.0; 8.5
307.8; 37.973; -6.1; 0.0; 8.5; -6.1; 0.0; 8.5; 6.4; 0.0; 8.5; 6.4; 0.0; 8.5
308.0; 37.997; -6.1; 0.0; 8.5; -6.1; 0.0; 8.5; 6.4; 0.0; 8.5; 6.4; 0.0; 8.5
308.2; 38.020; -6.1; 0.0; 8.5; -6.1; 0.0; 8.5; 6.4; 0.0; 8.5; 6.4; 0.0; 8.5
308.4; 38.044; -6.1; 0.0; 8.5; -6.1; 0.0; 8.5; 6.4; 0.0; 8.5; 6.4; 0.0; 8.5
308.6; 38.067; -6.1; 0.0; 8.5; -6.1; 0.0; 8.5; 6.4; 0.0; 8.5; 6.4; 0.0; 8.5
308.8; 38.091; -6.1; 0.0; 8.5; -6.1; 0.0; 8.5; 6.4; 0.0; 8.5; 6.4; 0.0; 8.5
309.0; 38.114; -6.1; 0.0; 8.5; -6.1; 0.0; 8.5; 6.4; 0.0; 8.5; 6.4; 0.0; 8.5
309.2; 38.138; -6.1; 0.0; 8.5; -6.1; 0.0; 8.5; 6.4; 0.0; 8.5; 6.4; 0.0; 8.5
309.4; 38.162; -6.1; 0.0; 8.5; -6.1; 0.0; 8.5; 6.4; 0.0; 8.5; 6.4; 0.0; 8.5
309.6; 38.185; -6.1; 0.0; 8.5; -6.1; 0.0; 8.5; 6.4; 0.0; 8.5; 6.4; 0.0; 8.5
309.8; 38.209; -6.1; 0.0; 8.5; -6.1; 0.0; 8.5; 6.4; 0.0; 8.5; 6.4; 0.0; 8.5
310.0; 38.232; -6.1; 0.0; 8.5; -6.1; 0.0; 8.5; 6.4; 0.0; 8.5; 6.4; 0.0; 8.5
310.2; 38.256; -6.1; 0.0; 8.5; -6.1; 0.0; 8.5; 6.4; 0.0; 8.5; 6.4; 0.0; 8.5
310.4; 38.279; -6.1; 0.0; 8.5; -6.1; 0.0; 8.5; 6.4; 0.0; 8.5; 6.4; 0.0; 8.5
310.6; 38.303; -6.1; 0.0; 8.5; -6.1; 0.0; 8.5; 6.4; 0.0; 8.5; 6.4; 0.0; 8.5
310.8; 38.326; -6.1; 0.0; 8.5; -6.1; 0.0; 8.5; 6.4; 0.0; 8.5; 6.4; 0.0; 8.5
311.0; 38.350; -6.1; 0.0; 8.5; -6.1; 0.0; 8.5; 6.4; 0.0; 8.5; 6.4; 0.0; 8.5
311.2; 38.373; -6.1; 0.0; 8.5; -6.1; 0.0; 8.5; 6.4; 0.0; 8.5; 6.4; 0.0; 8.5
311.4; 38.397; -6.1; 0.0; 8.5; -6.1; 0.0; 8.5; 6.4; 0.0; 8.5; 6.4; 0.0; 8.5
311.6; 38.420; -6.1; 0.0; 8.5; -6.1; 0.0; 8.5; 6.4; 0.0; 8.5; 6.4; 0.0; 8.5
311.8; 38.444; -6.1; 0.0; 8.5; -6.1; 0.0; 8.5; 6.4; 0.0; 8.5; 6.4; 0.0; 8.5
312.0; 38.467; -6.1; 0.0; 8.5; -6.1; 0.0; 8.5; 6.4; 0.0; 8.5; 6.4; 0.0; 8.5
312.2; 38.491; -6.1; 0.0; 8.5; -6.1; 0.0; 8.5; 6.4; 0.0; 8.5; 6.4; 0.0; 8.5
312.4; 38.514; -6.1; 0.0; 8.5; -6.1; 0.0; 8.5; 6.4; 0.0; 8.5; 6.4; 0.0; 8.5
312.6; 38.538; -6.1; 0.0; 8.5; -6.1; 0.0; 8.5; 6.4; 0.0; 8.5; 6.4; 0.0; 8.5
312.8; 38.562; -6.1; 0.0; 8.5; -6.1; 0.0; 8.5; 6.4; 0.0; 8.5; 6.4; 0.0; 8.5
313.0; 38.585; -6.1; 0.0; 8.5; -6.1; 0.0; 8.5; 6.4; 0.0; 8.5; 6.4; 0.0; 8.5
313.2; 38.609; -6.1; 0.0; 8.5; -6.1; 0.0; 8.5; 6.4; 0.0; 8.5; 6.4; 0.0; 8.5
313.4; 38.632; -6.1; 0.0; 8.5; -6.1; 0.0; 8.5; 6.4; 0.0; 8.5; 6.4; 0.0; 8.5
313.6; 38.656; -6.1; 0.0; 8.5; -6.1; 0.0; 8.5; 6.4; 0.0; 8.5; 6.4; 0.0; 8.5
313.8; 38.679; -6.1; 0.0; 8.5; -6.1; 0.0; 8.5; 6.4; 0.0; 8.5; 6.4; 0.0; 8.5
314.0; 38.703; -6.1; 0.0; 8.5; -6.1; 0.0; 8.5; 6.4; 0.0; 8.5; 6.4; 0.0; 8.5
314.2; 38.726; -6.1; 0.0; 8.5; -6.1; 0.0; 8.5; 6.4; 0.0; 8.5; 6.4; 0.0; 8.5
314.4; 38.750; -6.1; 0.0; 8.5; -6.1; 0.0; 8.5; 6.4; 0.0; 8.5; 6.4; 0.0; 8.5
314.6; 38.773; -6.1; 0.0; 8.5; -6.1; 0.0; 8.5; 6.4; 0.0; 8.5; 6.4; 0.0; 8.5
314.8; 38.797; -6.1; 0.0; 8.5; -6.1; 0.0; 8.5; 6.4; 0.0; 8.5; 6.4; 0.0; 8.5
315.0; 38.820; -6.1; 0.0; 8.5; -6.1; 0.0; 8.5; 6.4; 0.0; 8.5; 6.4; 0.0; 8.5
315.2; 38.844; -6.1; 0.0; 8.5; -6.1; 0.0; 8.5; 6.4; 0.0; 8.5; 6.4; 0.0; 8.5
315.4; 38.867; -6.1; 0.0; 8.5; -6.1; 0.0; 8.5; 6.4; 0.0; 8.5; 6.4; 0.0; 8.5
315.6; 38.891; -6.1; 0.0; 8.5; -6.1; 0.0; 8.5; 6.4; 0.0; 8.5; 6.4; 0.0; 8.5
315.8; 38.914; -6.1; 0.0; 8.5; -6.1; 0.0; 8.5; 6.4; 0.0; 8.5; 6.4; 0.0; 8.5
316.0; 38.938; -6.1; 0.0; 8.5; -6.1; 0.0; 8.5; 6.4; 0.0; 8.5; 6.4; 0.0; 8.5
316.2; 38.962; -6.1; 0.0; 8.5; -6.1; 0.0; 8.5; 6.4; 0.0; 8.5; 6.4; 0.0; 8.5
316.4; 38.985; -6.1; 0.0; 8.5; -6.1; 0.0; 8.5; 6.4; 0.0; 8.5; 6.4; 0.0; 8.5
316.6; 39.009; -6.1; 0.0; 8.5; -6.1; 0.0; 8.5; 6.4; 0.0; 8.5; 6.4; 0.0; 8.5
316.8; 39.032; -6.1; 0.0; 8.5; -6.1; 0.0; 8.5; 6.4; 0.0; 8.5; 6.4; 0.0; 8.5
317.0; 39.056; -6.1; 0.0; 8.5; -6.1; 0.0; 8.5; 6.4; 0.0; 8.5; 6.4; 0.0; 8.5
317.2; 39.079; -6.1; 0.0; 8.5; -6.1; 0.0; 8.5; 6.4; 0.0; 8.5; 6.4; 0.0; 8.5
317.4; 39.103; -6.1; 0.0; 8.5; -6.1; 0.0; 8.5; 6.4; 0.0; 8.5; 6.4; 0.0; 8.5
317.6; 39.126; -6.1; 0.0; 8.5; -6.1; 0.0; 8.5; 6.4; 0.0; 8.5; 6.4; 0.0; 8.5
317.8; 39.150; -6.1; 0.0; 8.5; -6.1; 0.0; 8.5; 6.4; 0.0; 8.5; 6.4; 0.0; 8.5
318.0; 39.173; -6.1; 0.0; 8.5; -6.1; 0.0; 8.5; 6.4; 0.0; 8.5; 6.4; 0.0; 8.5
318.2; 39.197; -6.1; 0.0; 8.5; -6.1; 0.0; 8.5; 6.4; 0.0; 8.5; 6.4; 0.0; 8.5
318.4; 39.220; -6.1; 0.0; 8.5; -6.1; 0.0; 8.5; 6.4; 0.0; 8.5; 6.4; 0.0; 8.5
318.6; 39.244; -6.1; 0.0; 8.5; -6.1; 0.0; 8.5; 6.4; 0.0; 8.5; 6.4; 0.0; 8.5
318.8; 39.267; -6.1; 0.0; 8.5; -6.1; 0.0; 8.5; 6.4; 0.0; 8.5; 6.4; 0.0; 8.5
319.0; 39.291; -6.1; 0.0; 8.5; -6.1; 0.0; 8.5; 6.4; 0.0; 8.5; 6.4; 0.0; 8.5
319.2; 39.315; -6.1; 0.0; 8.5; -6.1; 0.0; 8.5; 6.4; 0.0; 8.5; 6.4; 0.0; 8.5
319.4; 39.338; -6.1; 0.0; 8.5; -6.1; 0.0; 8.5; 6.4; 0.0; 8.5; 6.4; 0.0; 8.5
319.6; 39.362; -6.1; 0.0; 8.5; -6.1; 0.0; 8.5; 6.4; 0.0; 8.5; 6.4; 0.0; 8.5
319.8; 39.385; -6.1; 0.0; 8.5; -6.1; 0.0; 8.5; 6.4; 0.0; 8.5; 6.4; 0.0; 8.5
320.0; 39.409; -6.1; 0.0; 8.5; -6.1; 0.0; 8.5; 6.4; 0.0; 8.5; 6.4; 0.0; 8.5
320.2; 39.432; -6.1; 0.0; 8.5; -6.1; 0.0; 8.5; 6.4; 0.0; 8.5; 6.4; 0.0; 8.5
320.4; 39.456; -6.1; 0.0; 8.5; -6.1; 0.0; 8.5; 6.4; 0.0; 8.5; 6.4; 0.0; 8.5
320.6; 39.479; -6.1; 0.0; 8.5; -6.1; 0.0; 8.5; 6.4; 0.0; 8.5; 6.4; 0.0; 8.5
320.8; 39.503; -6.1; 0.0; 8.5; -6.1; 0.0; 8.5; 6.4; 0.0; 8.5; 6.4; 0.0; 8.5
321.0; 39.526; -6.1; 0.0; 8.5; -6.1; 0.0; 8.5; 6.4; 0.0; 8.5; 6.4; 0.0; 8.5
321.2; 39.550; -6.1; 0.0; 8.5; -6.1; 0.0; 8.5; 6.4; 0.0; 8.5; 6.4; 0.0; 8.5
321.4; 39.573; -6.1; 0.0; 8.5; -6.1; 0.0; 8.5; 6.4; 0.0; 8.5; 6.4; 0.0; 8.5
321.6; 39.597; -6.1; 0.0; 8.5; -6.1; 0.0; 8.5; 6.4; 0.0; 8.5; 6.4; 0.0; 8.5
321.8; 39.620; -6.1; 0.0; 8.5; -6.1; 0.0; 8.5; 6.4; 0.0; 8.5; 6.4; 0.0; 8.5
322.0; 39.644; -6.1; 0.0; 8.5; -6.1; 0.0; 8.5; 6.4; 0.0; 8.5; 6.4; 0.0; 8.5
322.2; 39.668; -6.1; 0.0; 8.5; -6.1; 0.0; 8.5; 6.4; 0.0; 8.5; 6.4; 0.0; 8.5
322.4; 39.691; -6.1; 0.0; 8.5; -6.1; 0.0; 8.5; 6.4; 0.0; 8.5; 6.4; 0.0; 8.5
322.6; 39.715; -6.1; 0.0; 8.5; -6.1; 0.0; 8.5; 6.4; 0.0; 8.5; 6.4; 0.0; 8.5
322.8; 39.738; -6.1; 0.0; 8.5; -6.1; 0.0; 8.5; 6.4; 0.0; 8.5; 6.4; 0.0; 8.5
323.0; 39.762; -6.1; 0.0; 8.5; -6.1; 0.0; 8.5; 6.4; 0.0; 8.5; 6.4; 0.0; 8.5
323.2; 39.785; -6.1; 0.0; 8.5; -6.1; 0.0; 8.5; 6.4; 0.0; 8.5; 6.4; 0.0; 8.5
323.4; 39.809; -6.1; 0.0; 8.5; -6.1; 0.0; 8.5; 6.4; 0.0; 8.5; 6.4; 0.0; 8.5
323.6; 39.832; -6.1; 0.0; 8.5; -6.1; 0.0; 8.5; 6.4; 0.0; 8.5; 6.4; 0.0; 8.5
323.8; 39.856; -6.1; 0.0; 8.5; -6.1; 0.0; 8.5; 6.4; 0.0; 8.5; 6.4; 0.0; 8.5
324.0; 39.879; -6.1; 0.0; 8.5; -6.1; 0.0; 8.5; 6.4; 0.0; 8.5; 6.4; 0.0; 8.5
324.2; 39.903; -6.1; 0.0; 8.5; -6.1; 0.0; 8.5; 6.4; 0.0; 8.5; 6.4; 0.0; 8.5
324.4; 39.926; -6.1; 0.0; 8.5; -6.1; 0.0; 8.5; 6.4; 0.0; 8.5; 6.4; 0.0; 8.5
324.6; 39.950; -6.1; 0.0; 8.5; -6.1; 0.0; 8.5; 6.4; 0.0; 8.5; 6.4; 0.0; 8.5
324.8; 39.973; -6.1; 0.0; 8.5; -6.1; 0.0; 8.5; 6.4; 0.0; 8.5; 6.4; 0.0; 8.5
325.0; 39.997; -6.1; 0.0; 8.5; -6.1; 0.0; 8.5; 6.4; 0.0; 8.5; 6.4; 0.0; 8.5
325.2; 40.021; -6.1; 0.0; 8.5; -6.1; 0.0; 8.5; 6.4; 0.0; 8.5; 6.4; 0.0; 8.5
325.4; 40.044; -6.1; 0.0; 8.5; -6.1; 0.0; 8.5; 6.4; 0.0; 8.5; 6.4; 0.0; 8.5
325.6; 40.068; -6.1; 0.0; 8.5; -6.1; 0.0; 8.5; 6.4; 0.0; 8.5; 6.4; 0.0; 8.5
325.8; 40.091; -6.1; 0.0; 8.5; -6.1; 0.0; 8.5; 6.4; 0.0; 8.5; 6.4; 0.0; 8.5
326.0; 40.115; -6.1; 0.0; 8.5; -6.1; 0.0; 8.5; 6.4; 0.0; 8.5; 6.4; 0.0; 8.5
326.2; 40.138; -6.1; 0.0; 8.5; -6.1; 0.0; 8.5; 6.4; 0.0; 8.5; 6.4; 0.0; 8.5
326.4; 40.162; -6.1; 0.0; 8.5; -6.1; 0.0; 8.5; 6.4; 0.0; 8.5; 6.4; 0.0; 8.5
326.6; 40.185; -6.1; 0.0; 8.5; -6.1; 0.0; 8.5; 6.4; 0.0; 8.5; 6.4; 0.0; 8.5
326.8; 40.209; -6.1; 0.0; 8.5; -6.1; 0.0; 8.5; 6.4; 0.0; 8.5; 6.4; 0.0; 8.5
327.0; 40.232; -6.1; 0.0; 8.5; -6.1; 0.0; 8.5; 6.4; 0.0; 8.5; 6.4; 0.0; 8.5
327.2; 40.256; -6.1; 0.0; 8.5; -6.1; 0.0; 8.5; 6.4; 0.0; 8.5; 6.4; 0.0; 8.5
327.4; 40.279; -6.1; 0.0; 8.5; -6.1; 0.0; 8.5; 6.4; 0.0; 8.5; 6.4; 0.0; 8.5
327.6; 40.303; -6.1; 0.0; 8.5; -6.1; 0.0; 8.5; 6.4; 0.0; 8.5; 6.4; 0.0; 8.5
327.8; 40.326; -6.1; -0.0; 8.5; -6.1; -0.0; 8.5; 6.4; -0.0; 8.5; 6.4; -0.0; 8.5
328.0; 40.350; -6.1; -0.0; 8.5; -6.1; -0.0; 8.5; 6.4; -0.0; 8.5; 6.4; -0.0; 8.5
328.2; 40.373; -6.1; -0.0; 8.5; -6.1; -0.0; 8.5; 6.4; -0.0; 8.5; 6.4; -0.0; 8.5
328.4; 40.397; -6.1; -0.0; 8.5; -6.1; -0.0; 8.5; 6.4; -0.0; 8.5; 6.4; -0.0; 8.5
328.6; 40.421; -6.1; -0.0; 8.5; -6.1; -0.0; 8.5; 6.4; -0.0; 8.5; 6.4; -0.0; 8.5
328.8; 40.444; -6.1; -0.0; 8.5; -6.1; -0.0; 8.5; 6.4; -0.0; 8.5; 6.4; -0.0; 8.5
329.0; 40.468; -6.1; -0.0; 8.5; -6.1; -0.0; 8.5; 6.4; -0.0; 8.5; 6.4; -0.0; 8.5
329.2; 40.491; -6.1; -0.0; 8.5; -6.1; -0.0; 8.5; 6.4; -0.0; 8.5; 6.4; -0.0; 8.5
329.4; 40.515; -6.1; -0.0; 8.5; -6.1; -0.0; 8.5; 6.4; -0.0; 8.5; 6.4; -0.0; 8.5
329.6; 40.538; -6.1; -0.0; 8.5; -6.1; -0.0; 8.5; 6.4; -0.0; 8.5; 6.4; -0.0; 8.5
329.8; 40.562; -6.1; -0.0; 8.5; -6.1; -0.0; 8.5; 6.4; -0.0; 8.5; 6.4; -0.0; 8.5
330.0; 40.585; -6.1; -0.0; 8.5; -6.1; -0.0; 8.5; 6.4; -0.0; 8.5; 6.4; -0.0; 8.5
330.2; 40.609; -6.1; -0.0; 8.5; -6.1; -0.0; 8.5; 6.4; -0.0; 8.5; 6.4; -0.0; 8.5
330.4; 40.632; -6.1; -0.0; 8.5; -6.1; -0.0; 8.5; 6.4; -0.0; 8.5; 6.4; -0.0; 8.5
330.6; 40.656; -6.1; -0.0; 8.5; -6.1; -0.0; 8.5; 6.4; -0.0; 8.5; 6.4; -0.0; 8.5
330.8; 40.679; -6.1; -0.0; 8.5; -6.1; -0.0; 8.5; 6.4; -0.1; 8.5; 6.4; -0.1; 8.5
331.0; 40.703; -6.1; -0.0; 8.5; -6.1; -0.0; 8.5; 6.4; -0.1; 8.5; 6.4; -0.1; 8.5
331.2; 40.726; -6.1; -0.1; 8.5; -6.1; -0.1; 8.5; 6.4; -0.1; 8.5; 6.4; -0.1; 8.5
331.4; 40.750; -6.1; -0.1; 8.5; -6.1; -0.1; 8.5; 6.4; -0.1; 8.5; 6.4; -0.1; 8.5
331.6; 40.773; -6.1; -0.1; 8.5; -6.1; -0.1; 8.5; 6.4; -0.1; 8.5; 6.4; -0.1; 8.5
331.8; 40.797; -6.1; -0.1; 8.5; -6.1; -0.1; 8.5; 6.4; -0.1; 8.5; 6.4; -0.1; 8.5
332.0; 40.820; -6.1; -0.1; 8.5; -6.1; -0.1; 8.5; 6.4; -0.1; 8.5; 6.4; -0.1; 8.5
332.2; 40.844; -6.1; -0.0; 8.5; -6.1; -0.0; 8.5; 6.4; -0.1; 8.5; 6.4; -0.1; 8.5
332.4; 40.867; -6.1; -0.0; 8.5; -6.1; -0.0; 8.5; 6.4; -0.1; 8.5; 6.4; -0.1; 8.5
332.6; 40.891; -6.1; -0.0; 8.5; -6.1; -0.0; 8.5; 6.4; -0.0; 8.5; 6.4; -0.0; 8.5
332.8; 40.915; -6.1; -0.0; 8.5; -6.1; -0.0; 8.5; 6.4; -0.0; 8.5; 6.4; -0.0; 8.5
333.0; 40.938; -6.1; -0.0; 8.5; -6.1; -0.0; 8.5; 6.4; -0.0; 8.5; 6.4; -0.0; 8.5
333.2; 40.962; -6.1; 0.0; 8.5; -6.1; 0.0; 8.5; 6.4; 0.0; 8.5; 6.4; 0.0; 8.5
333.4; 40.985; -6.1; 0.0; 8.5; -6.1; 0.0; 8.5; 6.4; 0.0; 8.5; 6.4; 0.0; 8.5
333.6; 41.009; -6.2; 0.1; 8.5; -6.2; 0.1; 8.5; 6.4; 0.1; 8.5; 6.4; 0.1; 8.5
333.8; 41.032; -6.2; 0.1; 8.5; -6.2; 0.1; 8.6; 6.4; 0.1; 8.5; 6.4; 0.1; 8.6
334.0; 41.056; -6.2; 0.1; 8.4; -6.2; 0.1; 8.6; 6.4; 0.1; 8.4; 6.4; 0.2; 8.6
334.2; 41.079; -6.2; 0.2; 8.4; -6.2; 0.2; 8.6; 6.4; 0.2; 8.4; 6.4; 0.2; 8.6
334.4; 41.103; -6.2; 0.2; 8.4; -6.2; 0.2; 8.6; 6.4; 0.3; 8.4; 6.4; 0.3; 8.6
334.6; 41.126; -6.2; 0.3; 8.4; -6.2; 0.3; 8.7; 6.4; 0.3; 8.4; 6.4; 0.3; 8.7
334.8; 41.150; -6.2; 0.3; 8.3; -6.2; 0.4; 8.7; 6.4; 0.4; 8.3; 6.4; 0.4; 8.7
335.0; 41.173; -6.1; 0.4; 8.3; -6.1; 0.4; 8.7; 6.4; 0.5; 8.3; 6.4; 0.5; 8.7
335.2; 41.197; -6.1; 0.5; 8.3; -6.1; 0.5; 8.8; 6.4; 0.5; 8.3; 6.4; 0.6; 8.8
335.4; 41.220; -6.1; 0.5; 8.2; -6.1; 0.6; 8.8; 6.4; 0.6; 8.2; 6.4; 0.7; 8.8
335.6; 41.244; -6.1; 0.6; 8.2; -6.1; 0.7; 8.8; 6.3; 0.7; 8.2; 6.3; 0.7; 8.8
335.8; 41.267; -6.0; 0.7; 8.1; -6.0; 0.7; 8.9; 6.3; 0.8; 8.1; 6.3; 0.8; 8.9
336.0; 41.291; -5.9; 0.7; 8.1; -5.9; 0.8; 8.9; 6.2; 0.9; 8.1; 6.2; 0.9; 8.9
336.2; 41.314; -5.8; 0.8; 8.1; -5.8; 0.9; 9.0; 6.1; 0.9; 8.1; 6.1; 1.0; 9.0
336.4; 41.338; -5.7; 0.9; 8.0; -5.7; 1.0; 9.0; 6.0; 1.0; 8.0; 6.0; 1.1; 9.0
336.6; 41.361; -5.6; 0.9; 8.0; -5.6; 1.0; 9.0; 5.8; 1.1; 8.0; 5.8; 1.2; 9.0
336.8; 41.385; -5.4; 1.0; 8.0; -5.4; 1.1; 9.0; 5.7; 1.1; 8.0; 5.7; 1.3; 9.1
337.0; 41.408; -5.2; 1.0; 8.0; -5.2; 1.1; 9.1; 5.5; 1.2; 8.0; 5.5; 1.3; 9.1
337.2; 41.432; -5.1; 1.0; 8.0; -5.1; 1.1; 9.1; 5.4; 1.2; 8.0; 5.4; 1.3; 9.1
337.4; 41.456; -5.0; 0.9; 8.0; -5.0; 1.1; 9.1; 5.2; 1.2; 8.0; 5.2; 1.3; 9.1
337.6; 41.479; -4.9; 0.9; 8.0; -4.9; 1.0; 9.0; 5.2; 1.1; 8.0; 5.2; 1.2; 9.0
337.8; 41.503; -5.0; 0.8; 8.0; -5.0; 0.9; 9.0; 5.3; 1.0; 8.0; 5.3; 1.1; 9.0
338.0; 41.526; -5.3; 0.7; 8.1; -5.3; 0.7; 8.9; 5.6; 0.9; 8.1; 5.6; 1.0; 8.9
338.2; 41.550; -5.7; 0.5; 8.2; -5.7; 0.5; 8.8; 6.0; 0.7; 8.2; 6.0; 0.7; 8.8
338.4; 41.573; -6.2; 0.2; 8.4; -6.2; 0.2; 8.7; 6.5; 0.4; 8.4; 6.5; 0.4; 8.7
338.6; 41.597; -6.7; -0.1; 8.5; -6.7; -0.1; 8.5; 7.0; 0.0; 8.5; 7.0; 0.0; 8.5
338.8; 41.620; -7.1; -0.5; 8.7; -7.1; -0.5; 8.3; 7.4; -0.4; 8.7; 7.4; -0.4; 8.3
339.0; 41.644; -7.1; -1.0; 9.0; -7.1; -0.9; 8.0; 7.4; -1.0; 9.0; 7.4; -0.9; 8.1
339.2; 41.667; -6.9; -1.7; 9.2; -6.9; -1.4; 7.8; 7.2; -1.7; 9.3; 7.2; -1.4; 7.8
339.4; 41.691; -6.3; -2.4; 9.6; -6.3; -1.9; 7.5; 6.6; -2.5; 9.6; 6.6; -2.0; 7.5
339.6; 41.714; -2.6; -3.2; 9.9; -2.6; -2.3; 7.1; 2.9; -3.4; 9.9; 2.9; -2.5; 7.1
339.8; 41.738; -0.3; -4.0; 10.2; -0.3; -2.6; 6.8; 0.6; -4.5; 10.3; 0.6; -3.0; 6.8
340.0; 41.761; -0.2; -4.9; 10.6; -0.2; -3.0; 6.4; 0.6; -5.5; 10.6; 0.6; -3.4; 6.5
340.2; 41.785; -0.1; -5.6; 10.8; -0.1; -3.2; 6.1; 0.6; -6.5; 10.9; 0.6; -3.7; 6.2
340.4; 41.808; -0.1; -6.2; 11.0; -0.1; -3.3; 5.9; 0.7; -7.3; 11.1; 0.7; -4.0; 6.0
340.6; 41.832; -3.3; -7.0; 12.1; -3.3; -3.8; 6.6; -2.2; -7.9; 10.4; -2.2; -3.8; 4.9
340.8; 41.856; -5.4; -7.6; 12.6; -5.4; -4.1; 6.8; -2.2; -8.7; 10.3; -2.2; -3.8; 4.4
341.0; 41.880; -4.9; -8.1; 12.7; -4.9; -4.1; 6.4; -1.7; -9.6; 10.6; -1.7; -4.0; 4.3
341.2; 41.905; -4.6; -8.4; 12.7; -4.6; -4.1; 6.1; -1.3; -10.3; 10.9; -1.3; -4.1; 4.3
