#x_m,y_m,w_tr
-30.420525,-8.155282,1.772048
-30.481554,-8.166631,1.731719
-30.540807,-8.182265,1.772048
-30.599677,-8.198825,1.791144
-30.658548,-8.215385,1.731719
-30.719576,-8.226734,1.731719
-30.778534,-8.243082,1.772048
-30.837404,-8.259642,1.772048
-30.896008,-8.276845,1.731719
-30.954612,-8.294049,1.731719
-31.013482,-8.310609,1.772048
-31.072352,-8.327169,1.772048
-31.130955,-8.344373,1.712318
-31.189738,-8.361145,1.731719
-31.248608,-8.377705,1.791144
-31.308041,-8.392907,1.772048
-31.369069,-8.404255,1.731719
-31.427939,-8.420815,1.772048
-31.486810,-8.437375,1.791144
-31.545413,-8.454579,1.712318
-31.604283,-8.471139,1.731719
-31.663154,-8.487699,1.772048
-31.722024,-8.504259,1.772048
-31.782048,-8.518033,1.712318
-31.842602,-8.530527,1.731719
-31.901472,-8.547087,1.791144
-31.961467,-8.560932,1.772048
-32.022051,-8.573356,1.731719
-32.080921,-8.589916,1.772048
-32.139791,-8.606476,1.731719
-32.198661,-8.623036,1.712318
-32.257265,-8.640239,1.772048
-32.316135,-8.656799,1.772048
-32.375005,-8.673359,1.731719
-32.435592,-8.685775,1.731719
-32.495583,-8.699628,1.772048
-32.554453,-8.716188,1.772048
-32.613324,-8.732748,1.731719
-32.671927,-8.749951,1.731719
-32.730797,-8.766511,1.791144
-32.789667,-8.783071,1.772048
-32.848538,-8.799631,1.731719
-32.907141,-8.816835,1.772048
-32.966011,-8.833395,1.791144
-33.024881,-8.849955,1.731719
-33.086031,-8.861013,1.731719
-33.148330,-8.869293,1.772048
-33.210630,-8.877573,1.731719
-33.272930,-8.885853,1.712318
-33.336384,-8.891347,1.692918
-33.398684,-8.899627,1.673516
-33.460984,-8.907907,1.653199
-33.523284,-8.916187,1.613786
-33.585583,-8.924467,1.692918
-33.647883,-8.932747,1.654116
-33.710183,-8.941027,1.634715
-33.773637,-8.946521,1.615314
-33.836350,-8.953805,1.595913
-33.896312,-8.956441,1.576512
-33.955182,-8.956441,1.576512
-34.014052,-8.956441,1.576512
-34.072922,-8.956441,1.576512
-34.131584,-8.955939,1.576512
-34.187763,-8.948153,1.595913
-34.246220,-8.932589,1.615314
-34.307428,-8.921673,1.634715
-34.369224,-8.912176,1.555584
-34.428269,-8.896039,1.574985
-34.487140,-8.879479,1.594386
-34.545743,-8.862276,1.613786
-34.604347,-8.845072,1.574679
-34.663217,-8.828512,1.634104
-34.721642,-8.810877,1.693528
-34.777820,-8.787818,1.674433
-34.833998,-8.764760,1.733857
-34.887602,-8.735485,1.733857
-34.938930,-8.700717,1.772048
-34.989104,-8.665471,1.772048
-35.032032,-8.622132,1.733857
-35.072655,-8.573230,1.752953
-35.113278,-8.524327,1.733857
-35.153901,-8.475424,1.731719
-35.194524,-8.426521,1.733857
-35.233130,-8.376782,1.733857
-35.269052,-8.325932,1.731719
-35.309675,-8.277029,1.693528
-35.350298,-8.228126,1.712624
-35.385066,-8.176798,1.693528
-35.419834,-8.125470,1.731719
-35.449296,-8.071944,1.712318
-35.480227,-8.019026,1.731719
-35.514995,-7.967698,1.712318
-35.546953,-7.915206,1.712624
-35.575866,-7.861453,1.712624
-35.608680,-7.809315,1.712318
-35.634854,-7.754428,1.731719
-35.663218,-7.700447,1.731719
-35.692132,-7.646694,1.712318
-35.720801,-7.592839,1.731719
-35.745641,-7.537399,1.692918
-35.768700,-7.481221,1.712318
-35.793540,-7.425780,1.653199
-35.819338,-7.370736,1.712318
-35.848251,-7.316983,1.712318
-35.871309,-7.260805,1.712318
-35.894611,-7.204727,1.712318
-35.919451,-7.149286,1.712318
-35.948364,-7.095533,1.712318
-35.977450,-7.041852,1.712318
-36.009613,-6.989444,1.731719
-36.035135,-6.934286,1.712318
-36.064049,-6.880533,1.731719
-36.092962,-6.826780,1.712318
-36.126082,-6.774769,1.712318
-36.154995,-6.721016,1.653199
-36.183869,-6.667246,1.712318
-36.209533,-6.612147,1.653199
-36.241837,-6.559798,1.712318
-36.270782,-6.506058,1.653199
-36.299695,-6.452305,1.712624
-36.324535,-6.396864,1.693528
-36.353448,-6.343111,1.731719
-36.382401,-6.289374,1.712318
-36.414697,-6.237022,1.731719
-36.440353,-6.181919,1.712318
-36.469235,-6.128153,1.712624
-36.498148,-6.074400,1.712624
-36.531268,-6.022389,1.712624
-36.560181,-5.968636,1.693528
-36.589095,-5.914883,1.731719
-36.620480,-5.862153,1.712318
-36.653600,-5.810143,1.731719
-36.688368,-5.758815,1.712624
-36.719087,-5.705809,1.693528
-36.748761,-5.652371,1.731719
-36.783529,-5.601043,1.712624
-36.816743,-5.549071,1.712624
-36.845657,-5.495318,1.731719
-36.879475,-5.443596,1.731719
-36.914243,-5.392268,1.712624
-36.947363,-5.340258,1.731719
-36.982131,-5.288929,1.731719
-37.016900,-5.237601,1.712624
-37.050020,-5.185591,1.731719
-37.084788,-5.134262,1.731719
-37.119556,-5.082934,1.712624
-37.153618,-5.031314,1.731719
-37.188229,-4.979921,1.693528
-37.222997,-4.928592,1.731719
-37.257765,-4.877264,1.712624
-37.290885,-4.825254,1.731719
-37.325653,-4.773925,1.731719
-37.360421,-4.722597,1.712624
-37.395896,-4.671562,1.712624
-37.435804,-4.622363,1.731719
-37.470573,-4.571035,1.731719
-37.505341,-4.519707,1.731719
-37.544959,-4.470388,1.712624
-37.580724,-4.419472,1.731719
-37.615492,-4.368144,1.731719
-37.650260,-4.316816,1.712624
-37.685742,-4.265784,1.712624
-37.725643,-4.216582,1.731719
-37.760412,-4.165254,1.731719
-37.795180,-4.113926,1.731719
-37.834806,-4.064610,1.712624
-37.875429,-4.015707,1.731719
-37.912826,-3.965468,1.752953
-37.947594,-3.914140,1.731719
-37.983084,-3.863111,1.712624
-38.023707,-3.814208,1.731719
-38.064330,-3.765305,1.693528
-38.099224,-3.714029,1.752953
-38.133992,-3.662701,1.731719
-38.171986,-3.612709,1.712624
-38.212609,-3.563806,1.731719
-38.251639,-3.514243,1.752953
-38.286407,-3.462915,1.731719
-38.321175,-3.411587,1.731719
-38.361672,-3.362632,1.712624
-38.402295,-3.313729,1.693528
-38.438822,-3.263129,1.752953
-38.473590,-3.211801,1.731719
-38.509951,-3.161132,1.712624
-38.548973,-3.111566,1.731719
-38.583741,-3.060238,1.752953
-38.618509,-3.008910,1.752953
-38.653277,-2.957582,1.731719
-38.692142,-2.907951,1.712624
-38.728661,-2.857348,1.731719
-38.763429,-2.806020,1.752953
-38.799797,-2.755355,1.712624
-38.840420,-2.706452,1.731719
-38.881043,-2.657549,1.712624
-38.915811,-2.606221,1.752953
-38.950580,-2.554892,1.752953
-38.989452,-2.505264,1.731719
-39.030075,-2.456361,1.731719
-39.068226,-2.406435,1.752953
-39.102994,-2.355107,1.731719
-39.137762,-2.303778,1.712624
-39.178385,-2.254875,1.712624
-39.219008,-2.205973,1.693528
-39.254656,-2.155009,1.752953
-39.289424,-2.103681,1.731719
-39.326664,-2.053376,1.712624
-39.364807,-2.003446,1.731719
-39.399575,-1.952118,1.731719
-39.434343,-1.900790,1.693528
-39.469112,-1.849462,1.712624
-39.503000,-1.797770,1.693528
-39.537768,-1.746441,1.731719
-39.572536,-1.695113,1.731719
-39.609784,-1.644812,1.712624
-39.647920,-1.594879,1.731719
-39.682688,-1.543551,1.731719
-39.717456,-1.492223,1.712624
-39.758079,-1.443320,1.712624
-39.792847,-1.391992,1.693528
-39.827615,-1.340664,1.731719
-39.862383,-1.289336,1.712624
-39.899639,-1.239038,1.712624
-39.937766,-1.189101,1.731719
-39.972535,-1.137773,1.731719
-40.007303,-1.086445,1.712624
-40.047926,-1.037542,1.712624
-40.082694,-0.986214,1.693528
-40.117462,-0.934886,1.731719
-40.152230,-0.883558,1.712624
-40.185350,-0.831547,1.712624
-40.220118,-0.780219,1.731719
-40.254886,-0.728891,1.712624
-40.288007,-0.676880,1.712624
-40.322775,-0.625552,1.731719
-40.357543,-0.574224,1.731719
-40.392311,-0.522896,1.731719
-40.431223,-0.473284,1.712624
-40.467694,-0.422662,1.731719
-40.502463,-0.371333,1.731719
-40.538878,-0.320688,1.693528
-40.577846,-0.271099,1.712624
-40.612614,-0.219771,1.731719
-40.647382,-0.168443,1.731719
-40.682150,-0.117115,1.731719
-40.721069,-0.067506,1.712624
-40.757533,-0.016881,1.731719
-40.792302,0.034448,1.731719
-40.828725,0.085090,1.712624
-40.867685,0.134682,1.731719
-40.902453,0.186010,1.731719
-40.937221,0.237338,1.731719
-40.971989,0.288666,1.712624
-41.005109,0.340677,1.712624
-41.039877,0.392005,1.731719
-41.074645,0.443333,1.731719
-41.111077,0.493972,1.712624
-41.150029,0.543568,1.731719
-41.184797,0.594896,1.731719
-41.219565,0.646224,1.731719
-41.260140,0.695147,1.712624
-41.294948,0.746458,1.712624
-41.329716,0.797786,1.731719
-41.364484,0.849114,1.731719
-41.400923,0.899750,1.712624
-41.439868,0.949349,1.731719
-41.474636,1.000677,1.731719
-41.509404,1.052005,1.731719
-41.549987,1.100924,1.712624
-41.584787,1.152239,1.731719
-41.619555,1.203567,1.731719
-41.654323,1.254895,1.712624
-41.687443,1.306906,1.712624
-41.722211,1.358234,1.731719
-41.756980,1.409562,1.693528
-41.791748,1.460890,1.712624
-41.832338,1.509807,1.712624
-41.867131,1.561125,1.731719
-41.901899,1.612453,1.731719
-41.939994,1.662403,1.712624
-41.977282,1.712687,1.712624
-42.012050,1.764015,1.731719
-42.046819,1.815343,1.693528
-42.081587,1.866671,1.712624
-42.122185,1.915585,1.712624
-42.156970,1.966906,1.731719
-42.191738,2.018234,1.731719
-42.229841,2.068181,1.712624
-42.267121,2.118468,1.712624
-42.301889,2.169796,1.731719
-42.336658,2.221124,1.693528
-42.371426,2.272452,1.712624
-42.412032,2.321362,1.712624
-42.446809,2.372687,1.731719
-42.481577,2.424015,1.731719
-42.519687,2.473959,1.712624
-42.556960,2.524249,1.712624
-42.591728,2.575577,1.731719
-42.626496,2.626905,1.693528
-42.661265,2.678234,1.712624
-42.701879,2.727140,1.712624
-42.736648,2.778468,1.731719
-42.771416,2.829796,1.731719
-42.809534,2.879736,1.712624
-42.846799,2.930030,1.712624
-42.881567,2.981358,1.731719
-42.916335,3.032686,1.693528
-42.951104,3.084015,1.712624
-42.991725,3.132918,1.712624
-43.026494,3.184246,1.731719
-43.061262,3.235574,1.731719
-43.099388,3.285511,1.712624
-43.136645,3.335808,1.712624
-43.171413,3.387137,1.731719
-43.206181,3.438465,1.693528
-43.240949,3.489793,1.712624
-43.281572,3.538696,1.712624
-43.316340,3.590024,1.731719
-43.351108,3.641352,1.731719
-43.389242,3.691286,1.712624
-43.426492,3.741586,1.712624
-43.461260,3.792914,1.731719
-43.496028,3.844243,1.693528
-43.530796,3.895571,1.712624
-43.571419,3.944474,1.712624
-43.606187,3.995802,1.731719
-43.640955,4.047130,1.731719
-43.679097,4.097061,1.712624
-43.716339,4.147364,1.712624
-43.751107,4.198692,1.731719
-43.785875,4.250020,1.693528
-43.820643,4.301348,1.712624
-43.861266,4.350251,1.712624
-43.896034,4.401580,1.731719
-43.930802,4.452908,1.731719
-43.968952,4.502835,1.712624
-44.006185,4.553142,1.712624
-44.040953,4.604470,1.731719
-44.075722,4.655798,1.693528
-44.110490,4.707126,1.712624
-44.151113,4.756029,1.712624
-44.185881,4.807357,1.731719
-44.220649,4.858685,1.731719
-44.258806,4.908610,1.712624
-44.296032,4.958920,1.712624
-44.330800,5.010248,1.731719
-44.365568,5.061576,1.693528
-44.400336,5.112904,1.712624
-44.440959,5.161807,1.712624
-44.475727,5.213135,1.731719
-44.510496,5.264463,1.731719
-44.548661,5.314384,1.712624
-44.585879,5.364698,1.712624
-44.620647,5.416026,1.731719
-44.655415,5.467354,1.693528
-44.690183,5.518682,1.712624
-44.730806,5.567585,1.712624
-44.765574,5.618913,1.731719
-44.800342,5.670241,1.731719
-44.838515,5.720159,1.712624
-44.879138,5.769062,1.712624
-44.917989,5.818699,1.731719
-44.952757,5.870027,1.731719
-44.987525,5.921355,1.712624
-45.028148,5.970258,1.712624
-45.062916,6.021586,1.731719
-45.097684,6.072914,1.731719
-45.132452,6.124242,1.712624
-45.165572,6.176253,1.712624
-45.200341,6.227581,1.731719
-45.235109,6.278909,1.693528
-45.269877,6.330237,1.712624
-45.310500,6.379140,1.712624
-45.345268,6.430469,1.731719
-45.380036,6.481797,1.731719
-45.418224,6.531708,1.712624
-45.458847,6.580611,1.712624
-45.497682,6.630254,1.731719
-45.532451,6.681583,1.731719
-45.567219,6.732911,1.712624
-45.607842,6.781814,1.712624
-45.642610,6.833142,1.731719
-45.677378,6.884470,1.731719
-45.712146,6.935798,1.712624
-45.748702,6.986386,1.712624
-45.787529,7.036032,1.731719
-45.822297,7.087360,1.731719
-45.857065,7.138689,1.712624
-45.897688,7.187591,1.712624
-45.932457,7.238920,1.731719
-45.967225,7.290248,1.731719
-46.001993,7.341576,1.712624
-46.038557,7.392160,1.712624
-46.077376,7.441810,1.731719
-46.112144,7.493138,1.731719
-46.146912,7.544466,1.712624
-46.187535,7.593369,1.712624
-46.222303,7.644697,1.731719
-46.257071,7.696026,1.731719
-46.291840,7.747354,1.712624
-46.324960,7.799364,1.712624
-46.359728,7.850693,1.731719
-46.394496,7.902021,1.693528
-46.429264,7.953349,1.712624
-46.469887,8.002252,1.712624
-46.504655,8.053580,1.731719
-46.539423,8.104908,1.731719
-46.577643,8.154806,1.712624
-46.618266,8.203709,1.712624
-46.657070,8.253366,1.731719
-46.691838,8.304694,1.731719
-46.726606,8.356022,1.712624
-46.767229,8.404925,1.712624
-46.801997,8.456253,1.731719
-46.836765,8.507581,1.731719
-46.871533,8.558909,1.712624
-46.904653,8.610920,1.712624
-46.939421,8.662248,1.731719
-46.974189,8.713576,1.693528
-47.008957,8.764904,1.712624
-47.049580,8.813807,1.712624
-47.084349,8.865135,1.731719
-47.119117,8.916464,1.731719
-47.157352,8.966355,1.712624
-47.194500,9.016698,1.712624
-47.229268,9.068026,1.731719
-47.264036,9.119354,1.693528
-47.297825,9.171088,1.712624
-47.332593,9.222416,1.693528
-47.367361,9.273744,1.731719
-47.402129,9.325072,1.731719
-47.440372,9.374961,1.712624
-47.477513,9.425306,1.731719
-47.512281,9.476634,1.731719
-47.548028,9.527557,1.712624
-47.587664,9.576869,1.731719
-47.622432,9.628197,1.693528
-47.657200,9.679525,1.731719
-47.691968,9.730853,1.712624
-47.725088,9.782864,1.731719
-47.759857,9.834192,1.731719
-47.794625,9.885520,1.712624
-47.827745,9.937531,1.731719
-47.862513,9.988859,1.731719
-47.897281,10.040187,1.712624
-47.931910,10.091573,1.712624
-47.965954,10.143201,1.693528
-48.000722,10.194529,1.731719
-48.035490,10.245857,1.712318
-48.068610,10.297868,1.731719
-48.103378,10.349196,1.712624
-48.134719,10.401944,1.712624
-48.163771,10.455640,1.731719
-48.198539,10.506968,1.712624
-48.232375,10.558682,1.712624
-48.261289,10.612435,1.693528
-48.294409,10.664446,1.731719
-48.323322,10.718199,1.712318
-48.355663,10.770533,1.731719
-48.390431,10.821861,1.712624
-48.420979,10.874937,1.712624
-48.450824,10.928304,1.731719
-48.482227,10.981026,1.712318
-48.511217,11.034748,1.731719
-48.545985,11.086076,1.712624
-48.579884,11.137764,1.712624
-48.608797,11.191517,1.693528
-48.641917,11.243528,1.731719
-48.670831,11.297281,1.712318
-48.703109,11.349641,1.731719
-48.737877,11.400969,1.712318
-48.768487,11.454019,1.712624
-48.798270,11.507412,1.712624
-48.829736,11.560108,1.712318
-48.858663,11.613856,1.731719
-48.890984,11.666197,1.712318
-48.919898,11.719951,1.731719
-48.948811,11.773704,1.653199
-48.981882,11.825735,1.712318
-49.010795,11.879488,1.653199
-49.043010,11.931874,1.712624
-49.072043,11.985577,1.693528
-49.097548,12.040742,1.731719
-49.126462,12.094496,1.712318
-49.155375,12.148249,1.731719
-49.184288,12.202002,1.712318
-49.216672,12.254318,1.731719
-49.245586,12.308071,1.712318
-49.278706,12.360082,1.731719
-49.311161,12.412368,1.653199
-49.340074,12.466121,1.712318
-49.367530,12.520478,1.653199
-49.390588,12.576657,1.712624
-49.415428,12.632097,1.693528
-49.438487,12.688276,1.731719
-49.463073,12.743821,1.712318
-49.494300,12.796616,1.731719
-49.529068,12.847944,1.712318
-49.562188,12.899955,1.731719
-49.593065,12.952895,1.712318
-49.622581,13.006398,1.731719
-49.654314,13.058984,1.712318
-49.683227,13.112737,1.712624
-49.709961,13.167393,1.712624
-49.733019,13.223572,1.712624
-49.757859,13.279012,1.712318
-49.784808,13.333579,1.731719
-49.813721,13.387332,1.712318
-49.845670,13.439828,1.731719
-49.874970,13.493421,1.712318
-49.906063,13.546272,1.731719
-49.936218,13.599510,1.712318
-49.966456,13.652715,1.731719
-49.997467,13.705600,1.712318
-50.026380,13.759353,1.712624
-50.055293,13.813106,1.712318
-50.088413,13.865117,1.712318
-50.115280,13.919718,1.712624
-50.142951,13.973986,1.712624
-50.170674,14.028232,1.693528
-50.197489,14.082854,1.731719
-50.226403,14.136607,1.712318
-50.255316,14.190361,1.731719
-50.280156,14.245801,1.712318
-50.311115,14.298707,1.731719
-50.341404,14.351890,1.712318
-50.371508,14.405150,1.731719
-50.402653,14.457980,1.712318
-50.431566,14.511733,1.731719
-50.457711,14.566633,1.712318
-50.486104,14.620601,1.712624
-50.513105,14.675147,1.712624
-50.540642,14.729470,1.712624
-50.569555,14.783223,1.712318
-50.602092,14.835476,1.731719
-50.631006,14.889229,1.712318
-50.662687,14.941836,1.731719
-50.692254,14.995318,1.712318
-50.723080,15.048279,1.731719
-50.753502,15.101407,1.712318
-50.782416,15.155160,1.731719
-50.807839,15.210359,1.712318
-50.836752,15.264113,1.731719
-50.865665,15.317866,1.712318
-50.898785,15.369877,1.731719
-50.927699,15.423630,1.653199
-50.960819,15.475641,1.712318
-50.988808,15.529777,1.653199
-51.015357,15.584509,1.712318
-51.044270,15.638263,1.653199
-51.073183,15.692016,1.712624
-51.098023,15.747456,1.693528
-51.121084,15.803634,1.731719
-51.144281,15.859755,1.712318
-51.174118,15.913125,1.731719
-51.205530,15.965844,1.712318
-51.234443,16.019597,1.731719
-51.260855,16.074386,1.712318
-51.288981,16.128466,1.731719
-51.322101,16.180477,1.712318
-51.351014,16.234230,1.712318
-51.379137,16.288310,1.731719
-51.405553,16.343099,1.712318
-51.434466,16.396852,1.731719
-51.460025,16.451994,1.712318
-51.488939,16.505747,1.731719
-51.513779,16.561188,1.712318
-51.542692,16.614941,1.731719
-51.567532,16.670382,1.712318
-51.596445,16.724135,1.731719
-51.621350,16.779548,1.712318
-51.650264,16.833302,1.731719
-51.676024,16.888361,1.712318
-51.704802,16.942170,1.731719
-51.733715,16.995924,1.712318
-51.766835,17.047934,1.712318
-51.795748,17.101688,1.653199
-51.828670,17.153781,1.712318
-51.856997,17.207777,1.653199
-51.883208,17.262649,1.712318
-51.912121,17.316403,1.653199
-51.935179,17.372581,1.712318
-51.958895,17.428487,1.712318
-51.982293,17.484525,1.712318
-52.005351,17.540703,1.712318
-52.030191,17.596144,1.712318
-52.059105,17.649897,1.712318
-52.088018,17.703650,1.712318
-52.120622,17.755875,1.712318
-52.146587,17.810849,1.712318
-52.175161,17.864743,1.712318
-52.204074,17.918497,1.653199
-52.237194,17.970507,1.712318
-52.264870,18.024773,1.653199
-52.287928,18.080952,1.712624
-52.312768,18.136392,1.693528
-52.338775,18.191349,1.731719
-52.367688,18.245103,1.692918
-52.396601,18.298856,1.712318
-52.421441,18.354296,1.712318
-52.446281,18.409737,1.712318
-52.475195,18.463490,1.712318
-52.500035,18.518931,1.712318
-52.528948,18.572684,1.712318
-52.554261,18.627928,1.712318
-52.577320,18.684107,1.712318
-52.602160,18.739547,1.712318
-52.630529,18.793526,1.712318
-52.657553,18.848061,1.712318
-52.685067,18.902394,1.712318
-52.712947,18.956576,1.731719
-52.739605,19.011263,1.712318
-52.768341,19.065090,1.731719
-52.794143,19.120132,1.712318
-52.823057,19.173885,1.731719
-52.848004,19.229281,1.712318
-52.876917,19.283034,1.731719
-52.901757,19.338475,1.712318
-52.930671,19.392228,1.731719
-52.955511,19.447668,1.712318
-52.984424,19.501422,1.731719
-53.009941,19.556581,1.712318
-53.038855,19.610335,1.731719
-53.065227,19.665140,1.712318
-53.093393,19.719203,1.731719
-53.120621,19.773655,1.712318
-53.147931,19.828072,1.712318
-53.176015,19.882169,1.731719
-53.200855,19.937609,1.712318
-53.223913,19.993788,1.731719
-53.248753,20.049228,1.712318
-53.271811,20.105407,1.731719
-53.296555,20.160887,1.692918
-53.319613,20.217066,1.712318
-53.343501,20.272900,1.712318
-53.368341,20.328341,1.712318
-53.397254,20.382094,1.712318
-53.422094,20.437535,1.712318
-53.451008,20.491288,1.731719
-53.475944,20.546688,1.712318
-53.500096,20.602414,1.731719
-53.523155,20.658592,1.712318
-53.547995,20.714033,1.731719
-53.571053,20.770211,1.712318
-53.595893,20.825652,1.731719
-53.618951,20.881830,1.712318
-53.643791,20.937271,1.731719
-53.671611,20.991477,1.712318
-53.699185,21.045785,1.712318
-53.726149,21.100345,1.731719
-53.754579,21.154299,1.731719
-53.780687,21.209214,1.731719
-53.809601,21.262967,1.731719
-53.834854,21.318237,1.731719
-53.863767,21.371990,1.731719
-53.888607,21.427430,1.731719
-53.911666,21.483609,1.731719
-53.935208,21.539587,1.731719
-53.958779,21.595553,1.731719
-53.981838,21.651731,1.712318
-54.006264,21.707343,1.731719
-54.029323,21.763521,1.712318
-54.054163,21.818962,1.731719
-54.083076,21.872715,1.712318
-54.109214,21.927618,1.731719
-54.137614,21.981584,1.731719
-54.164607,22.036132,1.731719
-54.192152,22.090452,1.731719
-54.220001,22.144647,1.731719
-54.246690,22.199321,1.731719
-54.275394,22.253161,1.731719
-54.300234,22.308601,1.731719
-54.323293,22.364780,1.731719
-54.348133,22.420220,1.731719
-54.371191,22.476399,1.731719
-54.395314,22.532136,1.712318
-54.418373,22.588314,1.731719
-54.441641,22.644406,1.712318
-54.466481,22.699847,1.731719
-54.495394,22.753600,1.712318
-54.520234,22.809040,1.731719
-54.549147,22.862794,1.731719
-54.574704,22.917937,1.731719
-54.603617,22.971690,1.731719
-54.630029,23.026480,1.731719
-54.658155,23.080559,1.731719
-54.685423,23.134994,1.731719
-54.710263,23.190434,1.731719
-54.733321,23.246613,1.731719
-54.758161,23.302053,1.712318
-54.781220,23.358232,1.731719
-54.806060,23.413672,1.712318
-54.829118,23.469851,1.731719
-54.853822,23.525347,1.712318
-54.879311,23.580519,1.731719
-54.908224,23.634272,1.731719
-54.933064,23.689713,1.731719
-54.956123,23.745891,1.731719
-54.979901,23.801772,1.731719
-55.003236,23.857835,1.731719
-55.026295,23.914014,1.712318
-55.050486,23.969723,1.731719
-55.073544,24.025901,1.712318
-55.098384,24.081342,1.731719
-55.127298,24.135095,1.712318
-55.153200,24.190096,1.731719
-55.181836,24.243964,1.731719
-55.208593,24.298610,1.731719
-55.236374,24.352832,1.731719
-55.263987,24.407124,1.731719
-55.288827,24.462565,1.731719
-55.311885,24.518743,1.731719
-55.336725,24.574184,1.731719
-55.359784,24.630362,1.731719
-55.384624,24.685802,1.731719
-55.407682,24.741981,1.731719
-55.432041,24.797621,1.712318
-55.463039,24.850510,1.731719
-55.493289,24.903710,1.712318
-55.518129,24.959150,1.731719
-55.547042,25.012904,1.731719
-55.571882,25.068344,1.731719
-55.595564,25.124265,1.731719
-55.618622,25.180443,1.731719
-55.637304,25.238434,1.731719
-55.659025,25.295167,1.712318
-55.683865,25.350607,1.731719
-55.706924,25.406785,1.712318
-55.734429,25.461122,1.731719
-55.767549,25.513133,1.712318
-55.794652,25.567636,1.712318
-55.822088,25.622001,1.731719
-55.850046,25.676150,1.712318
-55.876626,25.730870,1.731719
-55.905440,25.784664,1.712318
-55.927614,25.841209,1.731719
-55.945843,25.899388,1.731719
-55.970712,25.954816,1.731719
-55.999625,26.008570,1.731719
-56.024465,26.064010,1.731719
-56.053378,26.117763,1.731719
-56.078218,26.173204,1.712318
-56.103058,26.228644,1.731719
-56.131971,26.282397,1.712318
-56.156783,26.337850,1.731719
-56.179841,26.394028,1.731719
-56.204681,26.449469,1.731719
-56.227740,26.505647,1.731719
-56.252580,26.561088,1.731719
-56.277420,26.616528,1.731719
-56.300478,26.672707,1.712318
-56.325318,26.728147,1.731719
-56.348376,26.784325,1.731719
-56.373216,26.839766,1.712318
-56.396275,26.895944,1.731719
-56.421115,26.951385,1.712318
-56.447349,27.006248,1.731719
-56.476262,27.060001,1.712318
-56.501641,27.115218,1.731719
-56.530554,27.168972,1.731719
-56.555394,27.224412,1.731719
-56.584308,27.278165,1.731719
-56.609148,27.333606,1.731719
-56.632593,27.389624,1.731719
-56.655652,27.445802,1.712318
-56.679953,27.501466,1.731719
-56.703011,27.557644,1.712318
-56.727851,27.613085,1.731719
-56.750910,27.669263,1.712318
-56.775750,27.724704,1.731719
-56.804276,27.778617,1.731719
-56.831143,27.833218,1.731719
-56.858814,27.887486,1.731719
-56.886537,27.941732,1.731719
-56.911377,27.997173,1.731719
-56.934435,28.053351,1.731719
-56.959275,28.108792,1.731719
-56.982334,28.164970,1.731719
-57.007174,28.220410,1.712318
-57.030232,28.276589,1.731719
-57.054481,28.332274,1.712318
-57.079514,28.387635,1.731719
-57.108428,28.441388,1.712318
-57.133268,28.496828,1.731719
-57.162181,28.550582,1.731719
-57.187021,28.606022,1.731719
-57.215934,28.659775,1.731719
-57.241366,28.714971,1.731719
-57.270279,28.768724,1.731719
-57.296566,28.823565,1.712318
-57.321406,28.879006,1.731719
-57.344464,28.935184,1.712318
-57.369304,28.990625,1.731719
-57.392363,29.046803,1.731719
-57.417203,29.102244,1.712318
-57.440261,29.158422,1.731719
-57.465101,29.213862,1.731719
-57.489941,29.269303,1.731719
-57.512999,29.325481,1.731719
-57.537839,29.380922,1.731719
-57.560898,29.437100,1.731719
-57.585657,29.492574,1.731719
-57.608715,29.548753,1.731719
-57.632618,29.604581,1.712318
-57.663161,29.657660,1.731719
-57.693867,29.710670,1.712318
-57.718707,29.766111,1.731719
-57.747620,29.819864,1.731719
-57.772541,29.875271,1.731719
-57.796678,29.931003,1.731719
-57.819736,29.987181,1.731719
-57.842794,30.043360,1.731719
-57.867634,30.098800,1.712318
-57.895540,30.152971,1.731719
-57.923028,30.207314,1.712318
-57.947868,30.262755,1.712318
-57.975703,30.316955,1.731719
-58.003262,30.371269,1.712318
-58.026320,30.427448,1.731719
-58.051160,30.482888,1.712318
-58.074218,30.539067,1.731719
-58.098702,30.594655,1.731719
-58.123542,30.650095,1.731719
-58.146601,30.706273,1.731719
-58.171014,30.761891,1.731719
-58.199927,30.815644,1.731719
-58.224767,30.871084,1.731719
-58.253681,30.924838,1.731719
-58.278877,30.980131,1.712318
-58.308219,31.033706,1.731719
-58.340125,31.086220,1.712318
-58.369038,31.139973,1.731719
-58.395945,31.194557,1.712318
-58.420785,31.249998,1.731719
-58.443844,31.306176,1.731719
-58.468684,31.361617,1.712318
-58.491742,31.417795,1.731719
-58.516582,31.473236,1.692918
-58.539641,31.529414,1.712318
-58.564481,31.584854,1.712318
-58.590330,31.639877,1.712318
-58.619244,31.693630,1.712318
-58.644238,31.749007,1.712318
-58.673151,31.802760,1.731719
-58.703144,31.856066,1.712318
-58.734399,31.908849,1.731719
-58.759239,31.964290,1.712318
-58.788153,32.018043,1.731719
-58.817066,32.071796,1.712318
-58.850032,32.123871,1.731719
-58.876358,32.178696,1.712318
-58.899416,32.234874,1.712624
-58.925988,32.289597,1.653199
-58.959108,32.341608,1.712624
-58.988021,32.395361,1.693528
-59.016934,32.449115,1.731719
-59.041795,32.504546,1.712318
-59.073295,32.557228,1.731719
-59.108064,32.608556,1.712318
-59.139452,32.661284,1.731719
-59.164292,32.716725,1.712318
-59.193205,32.770478,1.731719
-59.222119,32.824231,1.712624
-59.255218,32.876251,1.712624
-59.284131,32.930004,1.693528
-59.313044,32.983757,1.731719
-59.345337,33.036110,1.712318
-59.378457,33.088121,1.731719
-59.413225,33.139449,1.712624
-59.443036,33.192831,1.693528
-59.473618,33.245893,1.731719
-59.508387,33.297221,1.712624
-59.540693,33.349569,1.731719
-59.569607,33.403322,1.731719
-59.604332,33.454667,1.712624
-59.639101,33.505996,1.712624
-59.672971,33.557696,1.693528
-59.707739,33.609024,1.731719
-59.742507,33.660352,1.712624
-59.775627,33.712363,1.731719
-59.810395,33.763691,1.731719
-59.845163,33.815019,1.712624
-59.878318,33.867015,1.731719
-59.913086,33.918343,1.731719
-59.947854,33.969671,1.731719
-59.982622,34.021000,1.712624
-60.015742,34.073010,1.712624
-60.050510,34.124339,1.731719
-60.085278,34.175667,1.712624
-60.118398,34.227677,1.712624
-60.153167,34.279006,1.731719
-60.187935,34.330334,1.693528
-60.222703,34.381662,1.712624
-60.263228,34.430605,1.712624
-60.298086,34.481896,1.731719
-60.332854,34.533224,1.731719
-60.370884,34.583201,1.712624
-60.408237,34.633458,1.731719
-60.443006,34.684787,1.731719
-60.477774,34.736115,1.693528
-60.511768,34.787763,1.712624
-60.546447,34.839128,1.693528
-60.581215,34.890457,1.731719
-60.615983,34.941785,1.712624
-60.649103,34.993795,1.712624
-60.683871,35.045124,1.731719
-60.718639,35.096452,1.712624
-60.751759,35.148462,1.712624
-60.786527,35.199791,1.731719
-60.821295,35.251119,1.693528
-60.856063,35.302447,1.712624
-60.889894,35.354163,1.693528
-60.924662,35.405491,1.731719
-60.959431,35.456819,1.712624
-60.992551,35.508830,1.712624
-61.027319,35.560158,1.731719
-61.062087,35.611486,1.712624
-61.095281,35.663466,1.712624
-61.130049,35.714795,1.731719
-61.164817,35.766123,1.731719
-61.199585,35.817451,1.712624
-61.232705,35.869462,1.731719
-61.267473,35.920790,1.731719
-61.302241,35.972118,1.712624
-61.335361,36.024129,1.731719
-61.370129,36.075457,1.731719
-61.404897,36.126785,1.712624
-61.438939,36.178414,1.731719
-61.473570,36.229799,1.693528
-61.508338,36.281127,1.731719
-61.543107,36.332455,1.712624
-61.576227,36.384466,1.731719
-61.610995,36.435794,1.731719
-61.645763,36.487122,1.712624
-61.678883,36.539133,1.731719
-61.713651,36.590461,1.752953
-61.748419,36.641789,1.693528
-61.783187,36.693117,1.731719
-61.822826,36.742428,1.712624
-61.858570,36.793351,1.731719
-61.893339,36.844679,1.731719
-61.930481,36.895024,1.712624
-61.971104,36.943927,1.731719
-62.011727,36.992830,1.752953
-62.052350,37.041733,1.674433
-62.087232,37.093014,1.731719
-62.126878,37.142321,1.712624
-62.162615,37.193248,1.693528
-62.197383,37.244576,1.733857
-62.232151,37.295904,1.733857
-62.266919,37.347233,1.693528
-62.301687,37.398561,1.712624
-62.342197,37.447511,1.712624
-62.377071,37.498795,1.731719
-62.416725,37.548099,1.752953
-62.459375,37.592108,1.733857
-62.502423,37.635156,1.712624
-62.541433,37.679877,1.733857
-62.578626,37.725351,1.731719
-62.615819,37.770824,1.733857
-62.657219,37.814555,1.733857
-62.694412,37.860028,1.752953
-62.729863,37.909708,1.752953
-62.767057,37.955181,1.733857
-62.808288,37.998982,1.733857
-62.845481,38.044455,1.731719
-62.882675,38.089928,1.733857
-62.921411,38.134762,1.731719
-62.964459,38.177811,1.733857
-63.004887,38.222513,1.733857
-63.039655,38.273841,1.752953
-63.074423,38.325169,1.693528
-63.115046,38.374072,1.733857
-63.158094,38.417120,1.733857
-63.201142,38.460169,1.731719
-63.238567,38.505546,1.733857
-63.278095,38.550052,1.733857
-63.321143,38.593100,1.733857
-63.364192,38.636148,1.733857
-63.407240,38.679196,1.733857
-63.447863,38.728099,1.752953
-63.482631,38.779427,1.752953
-63.523022,38.828426,1.752953
-63.565978,38.871698,1.733857
-63.609026,38.914746,1.731719
-63.647298,38.959772,1.733857
-63.684492,39.005245,1.733857
-63.721685,39.050719,1.733857
-63.765677,39.091487,1.733857
-63.811151,39.128680,1.733857
-63.852867,39.172095,1.733857
-63.890060,39.217568,1.733857
-63.932029,39.261063,1.733857
-63.975077,39.304111,1.733857
-64.018125,39.347159,1.733857
-64.060229,39.392487,1.733857
-64.100852,39.441390,1.733857
-64.142900,39.489703,1.752953
-64.189377,39.536181,1.752953
-64.235855,39.582659,1.772048
-64.282333,39.629137,1.791144
-64.326444,39.676595,1.772048
-64.367067,39.725498,1.752953
-64.407690,39.774401,1.733857
-64.448313,39.823304,1.733857
-64.491361,39.866352,1.733857
-64.534409,39.909400,1.733857
-64.577458,39.952448,1.733857
-64.622872,39.994516,1.733857
-64.671775,40.035139,1.733857
-64.720678,40.075762,1.733857
-64.769581,40.116385,1.733857
-64.810326,40.165237,1.733857
-64.850948,40.214140,1.733857
-64.893592,40.258165,1.733857
-64.936640,40.301213,1.733857
-64.975666,40.345928,1.733857
-65.012859,40.391401,1.733857
-65.051364,40.433707,1.733857
-65.096716,40.470951,1.733857
-65.142189,40.508144,1.733857
-65.184971,40.550493,1.733857
-65.222164,40.595967,1.733857
-65.263380,40.639774,1.733857
-65.306428,40.682822,1.733857
-65.350159,40.724222,1.733857
-65.393207,40.767270,1.733857
-65.436255,40.810318,1.733857
-65.477655,40.854049,1.733857
-65.520703,40.897097,1.733857
-65.563751,40.940145,1.733857
-65.606799,40.983193,1.733857
-65.647853,41.031056,1.733857
-65.688476,41.079959,1.733857
-65.729099,41.128862,1.752953
-65.772041,41.176804,1.772048
-65.818519,41.223282,1.791144
-65.864996,41.269760,1.791144
-65.911474,41.316238,1.793282
-65.957952,41.362716,1.793282
-66.004430,41.409193,1.793282
-66.050908,41.455671,1.791144
-66.097385,41.502149,1.791144
-66.143863,41.548627,1.772048
-66.190341,41.595105,1.752953
-66.236819,41.641582,1.733857
-66.283297,41.688060,1.733857
-66.329774,41.734538,1.733857
-66.371194,41.783111,1.733857
-66.411817,41.832014,1.733857
-66.452440,41.880917,1.733857
-66.493063,41.929820,1.733857
-66.533686,41.978723,1.733857
-66.574309,42.027626,1.733857
-66.617357,42.070674,1.733857
-66.665463,42.111627,1.733857
-66.714366,42.152250,1.733857
-66.763269,42.192873,1.733857
-66.812172,42.233496,1.733857
-66.860930,42.274179,1.733857
-66.903978,42.317227,1.733857
-66.944601,42.366130,1.733857
-66.985224,42.415033,1.733857
-67.025847,42.463936,1.733857
-67.066470,42.512839,1.733857
-67.107511,42.560733,1.733857
-67.150704,42.603721,1.733857
-67.199607,42.644344,1.733857
-67.248510,42.684967,1.733857
-67.292260,42.727724,1.733857
-67.335309,42.770773,1.733857
-67.380136,42.809524,1.733857
-67.425192,42.847725,1.733857
-67.464799,42.892199,1.733857
-67.501992,42.937672,1.733857
-67.540257,42.980560,1.733857
-67.585027,43.018044,1.733857
-67.628770,43.055954,1.733857
-67.666609,43.099869,1.733857
-67.703802,43.145342,1.733857
-67.744437,43.189390,1.733857
-67.787485,43.232438,1.733857
-67.829462,43.278072,1.752953
-67.870085,43.326975,1.772048
-67.912438,43.375161,1.791144
-67.958916,43.421639,1.793282
-68.005393,43.468117,1.793282
-68.051871,43.514595,1.793282
-68.098349,43.561073,1.791144
-68.144827,43.607550,1.772048
-68.191305,43.654028,1.752953
-68.231928,43.702931,1.752953
-68.272551,43.751834,1.733857
-68.315317,43.795562,1.733857
-68.358365,43.838610,1.733857
-68.401413,43.881658,1.733857
-68.444462,43.924706,1.733857
-68.486470,43.968185,1.733857
-68.529518,44.011233,1.733857
-68.572643,44.054097,1.733857
-68.615972,44.096466,1.733857
-68.659020,44.139514,1.733857
-68.696214,44.184987,1.733857
-68.733407,44.230460,1.733857
-68.773757,44.270390,1.733857
-68.819231,44.307584,1.733857
-68.864628,44.344961,1.733857
-68.907676,44.388009,1.733857
-68.950724,44.431057,1.733857
-68.999627,44.471680,1.733857
-69.042675,44.514728,1.733857
-69.083605,44.562889,1.733857
-69.126349,44.606671,1.733857
-69.169397,44.649720,1.733857
-69.208180,44.694534,1.733857
-69.245374,44.740008,1.733857
-69.283979,44.782071,1.733857
-69.329453,44.819265,1.733857
-69.374926,44.856458,1.733857
-69.417364,44.899150,1.733857
-69.454558,44.944623,1.733857
-69.496040,44.988272,1.733857
-69.541513,45.025465,1.733857
-69.585574,45.066068,1.733857
-69.622780,45.111536,1.733857
-69.659973,45.157009,1.733857
-69.698080,45.202104,1.733857
-69.741128,45.245152,1.733857
-69.784152,45.288258,1.733857
-69.824775,45.337161,1.733857
-69.865398,45.386064,1.733857
-69.911864,45.432547,1.752953
-69.958341,45.479025,1.772048
-70.004819,45.525503,1.791144
-70.051297,45.571981,1.793282
-70.097775,45.618458,1.793282
-70.144253,45.664936,1.793282
-70.190730,45.711414,1.793282
-70.237208,45.757892,1.793282
-70.283686,45.804370,1.793282
-70.330164,45.850847,1.793282
-70.376642,45.897325,1.793282
-70.423119,45.943803,1.791144
-70.467656,45.991085,1.772048
-70.508279,46.039988,1.733857
-70.549351,46.087805,1.733857
-70.592399,46.130853,1.733857
-70.635448,46.173901,1.733857
-70.678496,46.216949,1.733857
-70.721544,46.259997,1.733857
-70.762944,46.303728,1.733857
-70.805992,46.346776,1.733857
-70.849723,46.388176,1.733857
-70.892771,46.431224,1.733857
-70.933940,46.475051,1.733857
-70.971133,46.520524,1.733857
-71.008751,46.564974,1.733857
-71.051959,46.603105,1.733857
-71.097264,46.640368,1.733857
-71.135750,46.682721,1.733857
-71.172943,46.728194,1.733857
-71.214440,46.767034,1.733857
-71.259914,46.804228,1.733857
-71.304963,46.842444,1.733857
-71.344555,46.886924,1.733857
-71.381916,46.932328,1.733857
-71.424964,46.975376,1.733857
-71.468410,47.017463,1.733857
-71.511458,47.060511,1.733857
-71.554506,47.103560,1.733857
-71.597554,47.146608,1.733857
-71.638954,47.190338,1.733857
-71.682003,47.233387,1.733857
-71.726811,47.272186,1.733857
-71.771886,47.310340,1.733857
-71.811541,47.354793,1.733857
-71.848734,47.400267,1.733857
-71.886979,47.443202,1.733857
-71.931701,47.480706,1.733857
-71.975492,47.518596,1.733857
-72.013351,47.562463,1.733857
-72.050886,47.607110,1.733857
-72.093898,47.645322,1.733857
-72.139372,47.682516,1.733857
-72.177939,47.724672,1.733857
-72.215132,47.770145,1.733857
-72.256392,47.809166,1.733857
-72.301865,47.846359,1.733857
-72.342096,47.886409,1.733857
-72.379289,47.931883,1.733857
-72.416482,47.977356,1.733857
-72.460526,48.017999,1.733857
-72.505999,48.055193,1.733857
-72.549089,48.098142,1.733857
-72.592137,48.141190,1.733857
-72.640085,48.182208,1.733857
-72.684080,48.224864,1.733857
-72.727128,48.267912,1.733857
-72.770859,48.309312,1.733857
-72.813907,48.352360,1.733857
-72.856955,48.395409,1.733857
-72.900003,48.438457,1.733857
-72.943051,48.481505,1.733857
-72.985153,48.524945,1.733857
-73.028201,48.567993,1.733857
-73.071932,48.609393,1.733857
-73.114980,48.652441,1.733857
-73.153183,48.697496,1.733857
-73.190376,48.742970,1.733857
-73.229222,48.784453,1.733857
-73.274695,48.821646,1.733857
-73.320168,48.858840,1.733857
-73.363280,48.901734,1.733857
-73.406328,48.944782,1.733857
-73.454222,48.985823,1.733857
-73.503125,49.026446,1.752953
-73.550375,49.071059,1.772048
-73.596853,49.117536,1.791144
-73.643331,49.164014,1.793282
-73.689808,49.210492,1.793282
-73.736286,49.256970,1.793282
-73.782764,49.303448,1.793282
-73.829242,49.349925,1.793282
-73.875720,49.396403,1.793282
-73.922197,49.442881,1.793282
-73.968675,49.489359,1.793282
-74.015153,49.535837,1.793282
-74.061631,49.582314,1.793282
-74.108109,49.628792,1.793282
-74.154586,49.675270,1.793282
-74.201064,49.721748,1.793282
-74.247542,49.768226,1.793282
-74.294020,49.814703,1.793282
-74.340498,49.861181,1.793282
-74.386975,49.907659,1.793282
-74.433453,49.954137,1.793282
-74.479931,50.000615,1.793282
-74.526409,50.047092,1.793282
-74.572887,50.093570,1.793282
-74.619364,50.140048,1.793282
-74.665842,50.186526,1.791144
-74.712320,50.233004,1.772048
-74.758798,50.279481,1.752953
-74.804951,50.326093,1.733857
-74.845574,50.374996,1.733857
-74.886197,50.423899,1.733857
-74.929245,50.466947,1.733857
-74.972293,50.509996,1.733857
-75.015342,50.553044,1.733857
-75.054777,50.597588,1.733857
-75.092294,50.642927,1.733857
-75.136485,50.683218,1.733857
-75.181958,50.720411,1.733857
-75.225006,50.763459,1.733857
-75.267793,50.806616,1.733857
-75.304986,50.852089,1.733857
-75.345792,50.896066,1.731719
-75.388840,50.939114,1.712624
-75.426341,50.986744,1.733857
-75.461109,51.038072,1.752953
-75.495877,51.089400,1.733857
-75.530907,51.140620,1.712624
-75.571260,51.189635,1.731719
-75.604974,51.241399,1.731719
-75.632049,51.295914,1.733857
-75.659512,51.350268,1.674433
-75.687442,51.404429,1.693528
-75.708732,51.461340,1.634104
-75.723383,51.521001,1.574679
-75.735001,51.581918,1.613786
-75.751561,51.640788,1.594386
-75.768121,51.699658,1.574985
-75.782057,51.759615,1.555584
-75.794389,51.820236,1.634715
-75.810949,51.879107,1.615314
-75.827509,51.937977,1.595913
-75.840731,51.998230,1.576512
-75.853778,52.058555,1.675044
-75.870338,52.117425,1.694445
-75.886898,52.176295,1.713846
-75.894710,52.234899,1.733247
-75.894710,52.293769,1.752648
-75.894710,52.352639,1.772048
-75.890085,52.409594,1.791450
-75.877038,52.467009,1.810850
-75.860478,52.525879,1.830251
-75.843918,52.584749,1.869664
-75.826715,52.643352,1.850569
-75.810155,52.702223,1.909993
-75.789111,52.759235,1.969418
-75.766052,52.815414,1.950322
-75.740009,52.870356,1.988513
-75.707326,52.922548,1.931227
-75.665435,52.965787,1.931227
-75.619961,53.002980,1.928783
-75.570789,53.038641,1.931227
-75.516921,53.067277,1.909382
-75.460303,53.089274,1.890898
-75.400934,53.104631,1.869664
-75.339905,53.115979,1.850569
-75.281035,53.132539,1.791144
-75.221696,53.147967,1.731719
-75.160667,53.159315,1.792977
-75.101797,53.175875,1.791450
-75.042927,53.192435,1.772048
-74.984057,53.208995,1.752648
-74.924096,53.222924,1.772048
-74.863478,53.235264,1.773576
-74.804608,53.251824,1.773576
-74.744677,53.265823,1.773576
-74.682377,53.274103,1.773576
-74.620078,53.282383,1.675044
-74.557778,53.290663,1.694445
-74.495478,53.298943,1.713846
-74.432024,53.304437,1.733247
-74.369572,53.312350,1.752648
-74.307273,53.320630,1.772048
-74.244973,53.328910,1.773576
-74.182673,53.337190,1.675044
-74.120373,53.345470,1.675044
-74.058073,53.353750,1.675044
-73.995246,53.360756,1.694445
-73.929668,53.361123,1.713846
-73.863962,53.361180,1.752648
-73.801007,53.367877,1.772048
-73.738707,53.376157,1.773576
-73.676407,53.384437,1.773576
-73.614107,53.392717,1.675044
-73.551807,53.400997,1.694445
-73.489507,53.409277,1.713846
-73.427184,53.417500,1.733247
-73.362110,53.419083,1.752648
-73.298325,53.423779,1.772048
-73.236026,53.432059,1.773576
-73.173726,53.440339,1.772048
-73.111426,53.448619,1.713846
-73.049126,53.456899,1.733247
-72.986826,53.465179,1.752648
-72.924526,53.473459,1.772048
-72.861072,53.478953,1.773576
-72.798773,53.487233,1.773576
-72.736473,53.495513,1.773576
-72.674173,53.503793,1.772048
-72.611873,53.512073,1.733247
-72.549573,53.520353,1.752648
-72.487273,53.528633,1.772048
-72.426245,53.539981,1.773576
-72.363945,53.548261,1.773576
-72.301645,53.556541,1.772048
-72.239345,53.564821,1.733247
-72.177045,53.573101,1.752648
-72.114745,53.581381,1.772048
-72.053029,53.591069,1.773576
-71.992000,53.602418,1.773576
-71.929700,53.610698,1.773576
-71.867400,53.618978,1.772048
-71.805100,53.627258,1.713846
-71.742800,53.635538,1.733247
-71.680501,53.643818,1.752648
-71.617618,53.650690,1.772048
-71.554164,53.656184,1.773576
-71.491864,53.664464,1.773576
-71.429564,53.672744,1.773576
-71.367264,53.681024,1.713846
-71.304964,53.689304,1.733247
-71.242665,53.697584,1.752648
-71.180365,53.705864,1.772048
-71.115886,53.708883,1.773576
-71.050156,53.708883,1.773576
-70.984427,53.708883,1.773576
-70.918697,53.708883,1.773576
-70.852968,53.708883,1.773576
-70.787238,53.708883,1.773576
-70.721508,53.708883,1.772048
-70.656655,53.710997,1.752648
-70.594355,53.719277,1.733247
-70.532055,53.727557,1.713846
-70.469755,53.735837,1.694445
-70.407455,53.744117,1.773576
-70.345155,53.752397,1.773576
-70.282856,53.760677,1.773576
-70.219680,53.766843,1.773576
-70.153950,53.766843,1.773576
-70.088593,53.767740,1.773576
-70.025985,53.775278,1.773576
-69.963685,53.783558,1.773576
-69.901386,53.791838,1.773576
-69.839086,53.800118,1.733247
-69.776786,53.808398,1.752648
-69.714486,53.816678,1.772048
-69.651814,53.824060,1.773576
-69.586392,53.824803,1.773576
-69.520663,53.824803,1.773576
-69.454933,53.824803,1.773576
-69.389204,53.824803,1.773576
-69.323474,53.824803,1.773576
-69.257745,53.824803,1.773576
-69.192015,53.824803,1.773576
-69.126286,53.824803,1.773576
-69.060556,53.824803,1.773576
-68.994827,53.824803,1.773576
-68.929097,53.824803,1.773576
-68.863368,53.824803,1.773576
-68.797638,53.824803,1.773576
-68.731909,53.824803,1.773576
-68.666179,53.824803,1.773576
-68.600449,53.824803,1.773576
-68.534720,53.824803,1.773576
-68.468990,53.824803,1.773576
-68.403261,53.824803,1.773576
-68.337531,53.824803,1.773576
-68.271802,53.824803,1.773576
-68.206072,53.824803,1.773576
-68.140343,53.824803,1.773576
-68.074613,53.824803,1.773576
-68.008884,53.824803,1.773576
-67.943154,53.824803,1.773576
-67.877425,53.824803,1.773576
-67.811695,53.824803,1.773576
-67.745965,53.824803,1.773576
-67.680236,53.824803,1.773576
-67.614506,53.824803,1.773576
-67.548777,53.824803,1.773576
-67.483047,53.824803,1.773576
-67.417318,53.824803,1.773576
-67.351588,53.824803,1.773576
-67.285859,53.824803,1.773576
-67.220129,53.824803,1.773576
-67.154400,53.824803,1.773576
-67.088670,53.824803,1.773576
-67.022941,53.824803,1.773576
-66.957211,53.824803,1.773576
-66.891482,53.824803,1.773576
-66.825752,53.824803,1.773576
-66.760022,53.824803,1.773576
-66.694293,53.824803,1.773576
-66.628563,53.824803,1.773576
-66.562834,53.824803,1.773576
-66.497104,53.824803,1.773576
-66.431375,53.824803,1.773576
-66.365645,53.824803,1.773576
-66.299916,53.824803,1.773576
-66.234186,53.824803,1.773576
-66.168457,53.824803,1.773576
-66.102727,53.824803,1.773576
-66.036998,53.824803,1.773576
-65.971268,53.824803,1.773576
-65.905539,53.824803,1.773576
-65.839809,53.824803,1.773576
-65.774079,53.824803,1.773576
-65.708350,53.824803,1.773576
-65.642620,53.824803,1.773576
-65.576891,53.824803,1.773576
-65.511161,53.824803,1.773576
-65.445432,53.824803,1.773576
-65.379702,53.824803,1.773576
-65.313973,53.824803,1.773576
-65.248243,53.824803,1.773576
-65.182514,53.824803,1.773576
-65.116784,53.824803,1.773576
-65.051055,53.824803,1.773576
-64.985325,53.824803,1.773576
-64.919595,53.824803,1.773576
-64.853866,53.824803,1.773576
-64.788136,53.824803,1.773576
-64.722407,53.824803,1.773576
-64.656677,53.824803,1.773576
-64.590948,53.824803,1.773576
-64.525218,53.824803,1.773576
-64.459489,53.824803,1.773576
-64.393759,53.824803,1.773576
-64.328030,53.824803,1.773576
-64.262300,53.824803,1.773576
-64.196571,53.824803,1.773576
-64.130841,53.824803,1.773576
-64.065112,53.824803,1.773576
-63.999382,53.824803,1.773576
-63.933652,53.824803,1.773576
-63.867923,53.824803,1.773576
-63.802193,53.824803,1.773576
-63.736464,53.824803,1.773576
-63.670734,53.824803,1.773576
-63.605005,53.824803,1.773576
-63.539275,53.824803,1.773576
-63.473546,53.824803,1.773576
-63.407816,53.824803,1.773576
-63.342087,53.824803,1.773576
-63.276357,53.824803,1.773576
-63.210628,53.824803,1.773576
-63.144898,53.824803,1.773576
-63.079169,53.824803,1.773576
-63.013439,53.824803,1.773576
-62.947709,53.824803,1.773576
-62.881980,53.824803,1.773576
-62.816250,53.824803,1.773576
-62.750521,53.824803,1.773576
-62.684791,53.824803,1.773576
-62.619062,53.824803,1.773576
-62.553332,53.824803,1.773576
-62.487603,53.824803,1.773576
-62.421873,53.824803,1.773576
-62.356144,53.824803,1.773576
-62.290414,53.824803,1.773576
-62.224685,53.824803,1.773576
-62.158955,53.824803,1.773576
-62.093226,53.824803,1.773576
-62.027496,53.824803,1.773576
-61.961766,53.824803,1.773576
-61.896037,53.824803,1.773576
-61.830307,53.824803,1.773576
-61.764578,53.824803,1.773576
-61.698848,53.824803,1.773576
-61.633119,53.824803,1.773576
-61.567389,53.824803,1.773576
-61.501660,53.824803,1.773576
-61.435930,53.824803,1.773576
-61.370201,53.824803,1.773576
-61.304471,53.824803,1.773576
-61.240769,53.819909,1.773576
-61.178469,53.811629,1.773576
-61.116169,53.803349,1.773576
-61.053869,53.795069,1.772048
-60.991569,53.786789,1.773576
-60.929269,53.778509,1.773576
-60.866970,53.770229,1.773576
-60.802643,53.766843,1.773576
-60.736913,53.766843,1.773576
-60.671184,53.766843,1.773576
-60.605454,53.766843,1.773576
-60.541898,53.761596,1.773576
-60.479598,53.753316,1.773576
-60.417298,53.745036,1.773576
-60.354998,53.736756,1.713846
-60.292699,53.728476,1.733247
-60.230399,53.720196,1.752648
-60.168099,53.711916,1.772048
-60.103626,53.708883,1.773576
-60.037896,53.708883,1.773576
-59.972166,53.708883,1.773576
-59.906437,53.708883,1.773576
-59.840707,53.708883,1.773576
-59.774978,53.708883,1.772048
-59.709793,53.707568,1.752648
-59.647359,53.699613,1.733247
-59.585059,53.691333,1.713846
-59.522759,53.683053,1.694445
-59.460459,53.674773,1.773576
-59.398159,53.666493,1.773576
-59.335859,53.658213,1.773576
-59.273015,53.651248,1.773576
-59.207420,53.650923,1.772048
-59.141731,53.650824,1.733247
-59.078793,53.644086,1.713846
-59.016493,53.635806,1.694445
-58.954193,53.627526,1.675044
-58.891893,53.619246,1.773576
-58.829593,53.610966,1.773576
-58.767294,53.602686,1.773576
-58.704953,53.594504,1.773576
-58.639862,53.592963,1.772048
-58.576095,53.588226,1.752648
-58.513795,53.579946,1.733247
-58.451495,53.571666,1.694445
-58.389195,53.563386,1.773576
-58.326895,53.555106,1.773576
-58.264595,53.546826,1.773576
-58.202295,53.538546,1.773576
-58.138033,53.535003,1.773576
-58.072304,53.535003,1.772048
-58.008033,53.531482,1.752648
-57.945733,53.523202,1.733247
-57.883433,53.514922,1.713846
-57.821133,53.506642,1.694445
-57.758833,53.498362,1.773576
-57.696533,53.490082,1.773576
-57.634234,53.481802,1.773576
-57.570475,53.477043,1.773576
-57.504746,53.477043,1.773576
-57.439016,53.477043,1.772048
-57.374566,53.473954,1.752648
-57.312267,53.465674,1.733247
-57.249967,53.457394,1.713846
-57.187667,53.449114,1.694445
-57.125367,53.440834,1.773576
-57.063067,53.432554,1.773576
-57.000767,53.424274,1.773576
-56.937313,53.418780,1.773576
-56.874460,53.411837,1.772048
-56.812160,53.403557,1.752648
-56.749860,53.395277,1.733247
-56.687560,53.386997,1.752648
-56.626007,53.376915,1.772048
-56.567137,53.360355,1.773576
-56.508141,53.344098,1.773576
-56.446395,53.334481,1.773576
-56.384095,53.326201,1.713846
-56.321795,53.317921,1.733247
-56.259495,53.309641,1.752648
-56.198467,53.298292,1.772048
-56.136167,53.290012,1.773576
-56.073867,53.281732,1.772048
-56.011567,53.273452,1.733247
-55.949267,53.265172,1.752648
-55.886967,53.256892,1.772048
-55.825206,53.247312,1.791450
-55.764177,53.235963,1.772048
-55.701877,53.227683,1.752648
-55.639578,53.219403,1.731719
-55.577278,53.211123,1.772048
-55.514978,53.202843,1.773576
-55.454163,53.190980,1.772048
-55.394754,53.175719,1.752648
-55.332595,53.167099,1.731719
-55.270295,53.158819,1.712318
-55.207995,53.150539,1.772048
-55.147801,53.137176,1.752648
-55.088931,53.120616,1.731719
-55.028576,53.107640,1.712318
-54.966276,53.099360,1.772048
-54.903976,53.091080,1.772048
-54.841978,53.082073,1.752648
-54.782729,53.066426,1.731719
-54.721754,53.054949,1.712318
-54.659454,53.046669,1.692918
-54.597154,53.038389,1.772048
-54.535776,53.027883,1.752648
-54.476906,53.011323,1.731719
-54.417735,52.995490,1.712318
-54.355813,52.986297,1.692918
-54.293513,52.978017,1.772048
-54.232757,52.966012,1.752648
-54.173886,52.949452,1.733247
-54.114094,52.935118,1.713846
-54.051794,52.926838,1.694445
-53.989495,52.918558,1.772048
-53.929359,52.905053,1.752648
-53.870488,52.888493,1.731719
-53.810075,52.875659,1.712318
-53.747775,52.867379,1.791450
-53.685510,52.859015,1.772048
-53.625995,52.844012,1.752648
-53.567125,52.827452,1.731719
-53.506091,52.816116,1.712318
-53.443791,52.807836,1.791450
-53.382147,52.797973,1.772048
-53.323253,52.781471,1.752648
-53.264348,52.764995,1.731719
-53.202693,52.755158,1.712318
-53.140393,52.746878,1.791450
-53.079370,52.735516,1.772048
-53.020500,52.718956,1.752648
-52.960974,52.703979,1.731719
-52.898698,52.695641,1.712318
-52.836398,52.687361,1.791450
-52.775996,52.674500,1.772048
-52.717126,52.657940,1.752648
-52.656979,52.644462,1.731719
-52.594679,52.636182,1.791450
-52.532379,52.627902,1.772048
-52.472598,52.613542,1.752648
-52.413728,52.596982,1.731719
-52.352960,52.585003,1.712318
-52.290660,52.576723,1.791450
-52.228749,52.567504,1.772048
-52.169589,52.551645,1.752648
-52.110719,52.535085,1.731719
-52.049330,52.524605,1.712318
-51.987030,52.516325,1.791450
-51.925740,52.505607,1.772048
-51.866870,52.489047,1.752648
-51.807611,52.473426,1.731719
-51.745602,52.464445,1.712318
-51.683302,52.456165,1.791450
-51.622633,52.443947,1.772048
-51.563763,52.427387,1.752648
-51.503882,52.413266,1.731719
-51.441583,52.404986,1.712318
-51.379283,52.396706,1.772048
-51.319235,52.382989,1.752648
-51.260365,52.366429,1.731719
-51.199864,52.353806,1.712318
-51.137564,52.345526,1.791450
-51.075386,52.336951,1.772048
-51.015959,52.321736,1.752648
-50.957089,52.305176,1.731719
-50.895967,52.294052,1.712318
-50.833667,52.285772,1.791450
-50.772111,52.275697,1.772048
-50.713241,52.259137,1.752648
-50.654248,52.242873,1.731719
-50.592505,52.233248,1.712318
-50.530205,52.224968,1.791450
-50.469270,52.213394,1.772048
-50.410400,52.196834,1.752648
-50.350786,52.182069,1.731719
-50.288486,52.173789,1.712318
-50.226186,52.165509,1.791450
-50.165872,52.152436,1.772048
-50.107002,52.135876,1.752648
-50.046767,52.122610,1.712318
-49.984467,52.114330,1.791450
-49.922167,52.106050,1.772048
-49.862474,52.091478,1.752648
-49.803604,52.074918,1.731719
-49.742748,52.063151,1.712318
-49.680448,52.054871,1.791450
-49.618625,52.045440,1.772048
-49.559553,52.029369,1.752648
-49.500682,52.012809,1.731719
-49.439206,52.002541,1.712318
-49.376906,51.994261,1.791450
-49.315704,51.983330,1.772048
-49.256834,51.966770,1.752648
-49.197487,51.951362,1.731719
-49.135390,51.942592,1.712318
-49.073090,51.934312,1.791450
-49.012509,51.921883,1.772048
-48.953639,51.905323,1.752648
-48.893671,51.891413,1.731719
-48.831371,51.883133,1.791450
-48.769071,51.874853,1.772048
-48.709111,51.860925,1.752648
-48.650241,51.844365,1.731719
-48.589652,51.831954,1.712318
-48.527352,51.823674,1.791450
-48.465262,51.814887,1.772048
-48.405923,51.799459,1.752648
-48.347053,51.782899,1.731719
-48.285843,51.771988,1.712318
-48.223543,51.763708,1.773576
-48.162075,51.753421,1.772048
-48.103205,51.736861,1.752648
-48.044124,51.720809,1.731719
-47.982293,51.711396,1.712318
-47.919994,51.703116,1.772048
-47.859146,51.691330,1.772048
-47.800276,51.674770,1.752648
-47.740574,51.660217,1.731719
-47.678274,51.651937,1.712318
-47.615975,51.643657,1.772048
-47.553675,51.635377,1.752648
-47.493773,51.621307,1.731719
-47.433451,51.608253,1.712318
-47.371151,51.599973,1.692918
-47.308851,51.591693,1.772048
-47.246820,51.582764,1.752648
-47.187539,51.567195,1.731719
-47.128669,51.550635,1.712318
-47.067401,51.539865,1.692918
-47.005101,51.531585,1.772048
-46.943691,51.521157,1.752648
-46.884821,51.504597,1.733247
-46.825682,51.488686,1.713846
-46.763792,51.479415,1.694445
-46.701493,51.471135,1.773576
-46.640704,51.459207,1.772048
-46.581833,51.442647,1.752648
-46.522073,51.428236,1.731719
-46.459774,51.419956,1.712318
-46.397474,51.411676,1.791450
-46.337306,51.398249,1.752648
-46.278435,51.381689,1.731719
-46.218054,51.368776,1.712318
-46.155755,51.360496,1.791450
-46.093457,51.352211,1.772048
-46.033910,51.337286,1.752648
-45.975040,51.320726,1.731719
-45.914038,51.309312,1.712318
-45.851738,51.301032,1.791450
-45.790061,51.291247,1.772048
-45.731135,51.274823,1.752648
-45.672263,51.258268,1.731719
-45.610640,51.248354,1.712318
-45.548340,51.240074,1.791450
-45.487284,51.228790,1.772048
-45.428414,51.212230,1.752648
-45.368921,51.197175,1.731719
-45.306677,51.188759,1.712318
-45.244377,51.180479,1.791450
-45.183943,51.167696,1.772048
-45.125072,51.151136,1.752648
-45.064958,51.137580,1.731719
-45.002658,51.129300,1.791450
-44.940358,51.121020,1.772048
-44.880545,51.106738,1.752648
-44.821674,51.090178,1.731719
-44.760939,51.078121,1.712318
-44.698639,51.069841,1.791450
-44.636696,51.060700,1.772048
-44.577503,51.044919,1.752648
-44.518633,51.028359,1.731719
-44.457277,51.017801,1.712318
-44.394977,51.009521,1.791450
-44.333655,50.998880,1.772048
-44.274785,50.982320,1.752648
-44.215558,50.966622,1.731719
-44.153581,50.957563,1.712318
-44.091281,50.949283,1.773576
-44.030580,50.937143,1.772048
-43.971709,50.920583,1.752648
-43.911862,50.906383,1.731719
-43.849562,50.898103,1.712318
-43.787262,50.889823,1.772048
-43.727182,50.876185,1.752648
-43.668311,50.859625,1.733247
-43.607843,50.846924,1.713846
-43.545543,50.838644,1.772048
-43.483243,50.830364,1.773576
-43.421358,50.821082,1.772048
-43.362224,50.805160,1.752648
-43.301134,50.793958,1.731719
-43.238835,50.785678,1.712318
-43.176535,50.777398,1.791450
-43.115271,50.766616,1.772048
-43.056401,50.750056,1.752648
-42.997116,50.734499,1.731719
-42.935080,50.725581,1.712318
-42.872780,50.717301,1.791450
-42.812137,50.705020,1.772048
-42.753267,50.688460,1.752648
-42.693361,50.674402,1.731719
-42.631061,50.666122,1.712318
-42.568761,50.657842,1.772048
-42.508739,50.644062,1.752648
-42.449869,50.627502,1.731719
-42.389342,50.614943,1.712318
-42.327042,50.606663,1.791450
-42.264891,50.598024,1.772048
-42.205490,50.582745,1.752648
-42.146620,50.566185,1.731719
-42.085472,50.555125,1.712318
-42.023172,50.546845,1.773576
-41.961642,50.536707,1.772048
-41.902771,50.520147,1.752648
-41.843753,50.503946,1.731719
-41.781983,50.494385,1.712318
-41.719684,50.486105,1.772048
-41.658774,50.474467,1.772048
-41.599904,50.457907,1.752648
-41.540264,50.443206,1.733247
-41.477964,50.434926,1.713846
-41.415665,50.426646,1.772048
-41.353365,50.418366,1.772048
-41.293402,50.404445,1.752648
-41.233141,50.391242,1.731719
-41.170841,50.382962,1.712318
-41.108541,50.374682,1.791450
-41.046449,50.365901,1.772048
-40.987106,50.350481,1.752648
-40.928236,50.333921,1.731719
-40.867029,50.323002,1.712318
-40.804729,50.314722,1.791450
-40.743258,50.304443,1.772048
-40.684388,50.287883,1.752648
-40.625310,50.271823,1.731719
-40.563483,50.262403,1.712318
-40.501183,50.254123,1.791450
-40.440332,50.242345,1.772048
-40.381462,50.225785,1.752648
-40.321763,50.211224,1.731719
-40.259464,50.202944,1.712318
-40.197164,50.194664,1.791450
-40.136934,50.181387,1.752648
-40.078064,50.164827,1.731719
-40.017745,50.151765,1.712318
-39.955445,50.143485,1.773576
-39.893145,50.135205,1.772048
-39.833536,50.120429,1.752648
-39.774666,50.103869,1.731719
-39.713726,50.092306,1.712318
-39.651426,50.084026,1.772048
-39.589688,50.074390,1.772048
-39.530700,50.058114,1.752648
-39.471830,50.041554,1.733247
-39.410268,50.031491,1.713846
-39.347969,50.023211,1.772048
-39.285669,50.014931,1.773576
-39.224877,50.003011,1.772048
-39.165445,49.987807,1.752648
-39.103263,49.979243,1.731719
-39.040963,49.970963,1.712318
-38.978663,49.962683,1.791450
-38.918492,49.949264,1.752648
-38.859622,49.932704,1.731719
-38.799244,49.919784,1.712318
-38.736944,49.911504,1.791450
-38.674644,49.903224,1.772048
-38.615094,49.888306,1.752648
-38.556224,49.871746,1.731719
-38.495225,49.860325,1.712318
-38.432925,49.852045,1.773576
-38.371245,49.842267,1.772048
-38.312316,49.825850,1.752648
-38.253446,49.809290,1.731719
-38.191826,49.799368,1.712318
-38.129526,49.791088,1.772048
-38.068468,49.779812,1.772048
-38.009597,49.763252,1.752648
-37.950107,49.748189,1.733247
-37.887866,49.739766,1.713846
-37.825566,49.731486,1.772048
-37.763267,49.723206,1.773576
-37.703154,49.709646,1.772048
-37.643043,49.696082,1.731719
-37.580743,49.687802,1.712318
-37.518443,49.679522,1.791450
-37.456201,49.671103,1.772048
-37.396709,49.656043,1.752648
-37.337839,49.639483,1.731719
-37.276782,49.628204,1.712318
-37.214482,49.619924,1.791450
-37.152861,49.610005,1.772048
-37.093990,49.593447,1.752648
-37.035062,49.577026,1.731719
-36.973384,49.567246,1.712318
-36.911084,49.558966,1.773576
-36.850084,49.547548,1.772048
-36.791214,49.530988,1.752648
-36.731665,49.516067,1.733247
-36.669365,49.507785,1.713846
-36.607066,49.499505,1.772048
-36.546686,49.486588,1.773576
-36.487816,49.470028,1.772048
-36.427646,49.456606,1.733247
-36.365347,49.448326,1.772048
-36.303047,49.440046,1.773576
-36.240863,49.431485,1.773576
-36.181430,49.416284,1.772048
-36.120639,49.404361,1.752648
-36.058339,49.396081,1.731719
-35.996040,49.387801,1.772048
-35.934477,49.377741,1.773576
-35.875607,49.361181,1.772048
-35.816620,49.344902,1.752648
-35.754884,49.335263,1.733247
-35.692584,49.326983,1.752648
-35.630284,49.318703,1.772048
-35.569667,49.306359,1.773576
-35.510060,49.291579,1.772048
-35.447760,49.283299,1.752648
-35.385460,49.275019,1.733247
-35.323160,49.266739,1.772048
-35.260860,49.258459,1.773576
-35.201190,49.243831,1.772048
-35.140636,49.231335,1.752648
-35.078337,49.223055,1.733247
-35.016037,49.214775,1.752648
-34.953737,49.206495,1.772048
-34.892262,49.196223,1.773576
-34.833392,49.179663,1.772048
-34.771893,49.169451,1.752648
-34.709593,49.161171,1.733247
-34.647293,49.152891,1.752648
-34.584993,49.144611,1.772048
-34.522693,49.136331,1.773576
-34.461664,49.124982,1.772048
-34.399365,49.116702,1.733247
-34.337065,49.108422,1.713846
-34.274765,49.100142,1.772048
-34.212465,49.091862,1.773576
-34.150457,49.082877,1.773576
-34.091200,49.067252,1.772048
-34.030233,49.055753,1.752648
-33.967933,49.047473,1.733247
-33.905634,49.039193,1.752648
-33.843334,49.030913,1.772048
-33.781034,49.022633,1.773576
-33.718442,49.015058,1.773576
-33.654988,49.009564,1.772048
-33.592688,49.001284,1.752648
-33.530388,48.993004,1.733247
-33.468089,48.984724,1.772048
-33.405789,48.976444,1.773576
-33.343489,48.968164,1.773576
-33.281189,48.959884,1.772048
-33.217735,48.954390,1.752648
-33.155435,48.946110,1.733247
-33.093135,48.937830,1.713846
-33.030836,48.929550,1.694445
-32.968536,48.921270,1.773576
-32.906236,48.912990,1.773576
-32.843936,48.904710,1.773576
-32.780902,48.898203,1.772048
-32.715172,48.898203,1.733247
-32.652098,48.891792,1.713846
-32.589799,48.883512,1.694445
-32.527499,48.875232,1.675044
-32.465199,48.866952,1.773576
-32.402899,48.858672,1.773576
-32.340599,48.850392,1.772048
-32.278299,48.842112,1.752648
-32.213344,48.840243,1.733247
-32.149441,48.835833,1.713846
-32.087141,48.827553,1.694445
-32.024841,48.819273,1.675044
-31.962541,48.810993,1.773576
-31.900242,48.802713,1.773576
-31.837942,48.794433,1.772048
-31.775642,48.786153,1.752648
-31.711516,48.782283,1.733247
-31.646784,48.779874,1.713846
-31.584484,48.771594,1.694445
-31.522184,48.763314,1.675044
-31.459884,48.755034,1.675044
-31.397584,48.746754,1.773576
-31.335284,48.738474,1.773576
-31.272985,48.730194,1.773576
-31.209687,48.724323,1.752648
-31.144126,48.723916,1.733247
-31.081316,48.716869,1.713846
-31.019016,48.708589,1.694445
-30.956716,48.700309,1.675044
-30.894416,48.692029,1.773576
-30.832116,48.683749,1.773576
-30.769816,48.675469,1.773576
-30.707348,48.667596,1.773576
-30.642129,48.666363,1.773576
-30.578489,48.661317,1.772048
-30.516190,48.653037,1.752648
-30.453890,48.644757,1.713846
-30.391590,48.636477,1.773576
-30.329290,48.628197,1.773576
-30.266990,48.619917,1.773576
-30.204690,48.611637,1.773576
-30.140301,48.608403,1.773576
-30.074571,48.608403,1.773576
-30.008842,48.608403,1.773576
-29.945023,48.603789,1.773576
-29.882723,48.595509,1.772048
-29.820424,48.587229,1.733247
-29.758124,48.578949,1.772048
-29.695824,48.570669,1.773576
-29.633524,48.562389,1.773576
-29.571224,48.554109,1.773576
-29.507013,48.550443,1.773576
-29.441284,48.550443,1.773576
-29.375554,48.550443,1.773576
-29.309825,48.550443,1.773576
-29.244095,48.550443,1.773576
-29.178365,48.550443,1.773576
-29.112636,48.550443,1.772048
-29.047514,48.548976,1.752648
-28.985142,48.540869,1.733247
-28.922842,48.532589,1.713846
-28.860543,48.524309,1.694445
-28.798243,48.516029,1.773576
-28.735943,48.507749,1.773576
-28.673643,48.499469,1.773576
-28.610736,48.492656,1.773576
-28.545078,48.492483,1.773576
-28.479348,48.492483,1.773576
-28.413619,48.492483,1.773576
-28.347889,48.492483,1.773576
-28.282160,48.492483,1.773576
-28.216430,48.492483,1.773576
-28.150701,48.492483,1.773576
-28.084971,48.492483,1.772048
-28.019242,48.492483,1.733247
-27.953512,48.492483,1.713846
-27.887783,48.492483,1.694445
-27.822983,48.490239,1.675044
-27.760683,48.481959,1.675044
-27.698383,48.473679,1.675044
-27.636083,48.465399,1.675044
-27.573783,48.457119,1.773576
-27.511483,48.448839,1.773576
-27.449183,48.440559,1.773576
-27.385954,48.434523,1.773576
-27.320225,48.434523,1.773576
-27.254495,48.434523,1.773576
-27.188766,48.434523,1.773576
-27.123036,48.434523,1.773576
-27.057306,48.434523,1.773576
-26.991577,48.434523,1.773576
-26.925847,48.434523,1.773576
-26.860118,48.434523,1.752648
-26.794388,48.434523,1.733247
-26.728659,48.434523,1.713846
-26.662929,48.434523,1.694445
-26.597200,48.434523,1.675044
-26.531470,48.434523,1.675044
-26.465741,48.434523,1.675044
-26.400011,48.434523,1.675044
-26.336833,48.428362,1.675044
-26.274533,48.420082,1.675044
-26.212234,48.411802,1.675044
-26.149934,48.403522,1.773576
-26.087634,48.395242,1.773576
-26.025334,48.386962,1.773576
-25.963034,48.378682,1.773576
-25.898183,48.376563,1.773576
-25.832453,48.376563,1.773576
-25.766724,48.376563,1.773576
-25.700994,48.376563,1.773576
-25.635264,48.376563,1.773576
-25.569535,48.376563,1.773576
-25.503805,48.376563,1.773576
-25.438076,48.376563,1.773576
-25.372346,48.376563,1.773576
-25.306617,48.376563,1.772048
-25.240887,48.376563,1.733247
-25.175158,48.376563,1.713846
-25.109428,48.376563,1.694445
-25.043699,48.376563,1.675044
-24.977969,48.376563,1.675044
-24.913663,48.373125,1.675044
-24.851364,48.364845,1.675044
-24.789064,48.356565,1.675044
-24.726764,48.348285,1.675044
-24.664464,48.340005,1.773576
-24.602164,48.331725,1.773576
-24.539864,48.323445,1.773576
-24.476141,48.318603,1.773576
-24.410411,48.318603,1.773576
-24.344682,48.318603,1.773576
-24.278952,48.318603,1.773576
-24.213223,48.318603,1.773576
-24.147493,48.318603,1.773576
-24.081763,48.318603,1.773576
-24.016034,48.318603,1.773576
-23.950304,48.318603,1.773576
-23.884575,48.318603,1.773576
-23.818845,48.318603,1.773576
-23.753116,48.318603,1.772048
-23.687386,48.318603,1.752648
-23.621657,48.318603,1.733247
-23.555927,48.318603,1.694445
-23.490198,48.318603,1.675044
-23.424468,48.318603,1.675044
-23.359685,48.316319,1.675044
-23.297385,48.308039,1.675044
-23.235085,48.299759,1.675044
-23.172785,48.291479,1.675044
-23.110485,48.283199,1.773576
-23.048185,48.274919,1.773576
-22.985886,48.266639,1.773576
-22.922640,48.260643,1.773576
-22.856910,48.260643,1.773576
-22.791181,48.260643,1.773576
-22.725451,48.260643,1.773576
-22.659722,48.260643,1.773576
-22.593992,48.260643,1.773576
-22.528262,48.260643,1.773576
-22.462533,48.260643,1.773576
-22.396803,48.260643,1.773576
-22.331074,48.260643,1.772048
-22.265344,48.260643,1.752648
-22.199615,48.260643,1.733247
-22.133885,48.260643,1.713846
-22.068156,48.260643,1.694445
-22.002426,48.260643,1.675044
-21.938940,48.255227,1.675044
-21.876640,48.246947,1.675044
-21.814340,48.238667,1.675044
-21.752040,48.230387,1.773576
-21.689740,48.222107,1.773576
-21.627441,48.213827,1.773576
-21.565141,48.205547,1.773576
-21.500598,48.202683,1.773576
-21.434868,48.202683,1.773576
-21.369139,48.202683,1.773576
-21.303409,48.202683,1.773576
-21.237680,48.202683,1.773576
-21.171950,48.202683,1.773576
-21.106221,48.202683,1.773576
-21.040491,48.202683,1.772048
-20.974761,48.202683,1.752648
-20.909032,48.202683,1.733247
-20.843302,48.202683,1.713846
-20.777573,48.202683,1.675044
-20.711983,48.202345,1.675044
-20.649144,48.195367,1.675044
-20.586844,48.187087,1.675044
-20.524544,48.178807,1.675044
-20.462244,48.170527,1.773576
-20.399945,48.162247,1.773576
-20.337645,48.153967,1.773576
-20.275205,48.146025,1.773576
-20.210015,48.144723,1.773576
-20.144285,48.144723,1.773576
-20.078556,48.144723,1.773576
-20.012826,48.144723,1.773576
-19.947097,48.144723,1.773576
-19.881367,48.144723,1.773576
-19.815638,48.144723,1.773576
-19.749908,48.144723,1.772048
-19.684179,48.144723,1.752648
-19.618449,48.144723,1.713846
-19.552720,48.144723,1.694445
-19.487452,48.143608,1.675044
-19.424934,48.135853,1.675044
-19.362635,48.127573,1.675044
-19.300335,48.119293,1.675044
-19.238035,48.111013,1.773576
-19.175735,48.102733,1.773576
-19.113435,48.094453,1.773576
-19.050673,48.087288,1.773576
-18.985162,48.086763,1.773576
-18.919432,48.086763,1.773576
-18.853702,48.086763,1.773576
-18.787973,48.086763,1.773576
-18.722243,48.086763,1.773576
-18.656514,48.086763,1.773576
-18.590784,48.086763,1.773576
-18.525055,48.086763,1.772048
-18.459325,48.086763,1.733247
-18.393596,48.086763,1.713846
-18.327866,48.086763,1.694445
-18.262137,48.086763,1.675044
-18.197516,48.084086,1.675044
-18.135216,48.075806,1.675044
-18.072916,48.067526,1.675044
-18.010616,48.059246,1.675044
-17.948317,48.050966,1.773576
-17.886017,48.042686,1.773576
-17.823717,48.034406,1.773576
-17.760308,48.028803,1.773576
-17.694579,48.028803,1.773576
-17.628849,48.028803,1.773576
-17.563120,48.028803,1.773576
-17.497390,48.028803,1.773576
-17.431661,48.028803,1.773576
-17.365931,48.028803,1.773576
-17.300201,48.028803,1.772048
-17.234472,48.028803,1.752648
-17.168742,48.028803,1.733247
-17.103013,48.028803,1.713846
-17.037283,48.028803,1.694445
-16.971554,48.028803,1.675044
-16.907580,48.024564,1.675044
-16.845280,48.016284,1.675044
-16.782980,48.008004,1.675044
-16.720681,47.999724,1.773576
-16.658381,47.991444,1.773576
-16.596081,47.983164,1.773576
-16.533781,47.974884,1.773576
-16.469725,47.970843,1.773576
-16.403996,47.970843,1.773576
-16.338266,47.970843,1.773576
-16.272537,47.970843,1.773576
-16.206807,47.970843,1.773576
-16.141078,47.970843,1.773576
-16.075348,47.970843,1.773576
-16.009619,47.970843,1.772048
-15.943889,47.970843,1.752648
-15.878159,47.970843,1.733247
-15.812430,47.970843,1.713846
-15.746700,47.970843,1.694445
-15.680971,47.970843,1.675044
-15.615241,47.970843,1.675044
-15.549815,47.970112,1.675044
-15.487138,47.962741,1.675044
-15.424838,47.954461,1.675044
-15.362538,47.946181,1.675044
-15.300239,47.937901,1.773576
-15.237939,47.929621,1.773576
-15.175639,47.921341,1.773576
-15.113036,47.913792,1.773576
-15.047683,47.912883,1.773576
-14.984178,47.907513,1.773576
-14.921878,47.899233,1.773576
-14.859578,47.890953,1.773576
-14.797278,47.882673,1.675044
-14.734978,47.874393,1.675044
-14.672679,47.866113,1.675044
-14.610379,47.857833,1.694445
-14.545855,47.854923,1.713846
-14.480125,47.854923,1.733247
-14.416116,47.850770,1.752648
-14.353816,47.842490,1.772048
-14.291516,47.834210,1.773576
-14.229216,47.825930,1.675044
-14.166917,47.817650,1.694445
-14.104617,47.809370,1.713846
-14.044983,47.794653,1.733247
-13.984393,47.782246,1.752648
-13.922093,47.773966,1.772048
-13.862430,47.759320,1.692918
-13.803560,47.742760,1.712318
-13.744690,47.726200,1.731719
-13.686002,47.709199,1.673516
-13.627399,47.691995,1.692918
-13.568528,47.675435,1.712318
-13.512237,47.652650,1.731719
-13.454159,47.634177,1.692918
-13.395289,47.617617,1.712318
-13.338968,47.594902,1.731719
-13.283345,47.570503,1.712318
-13.227167,47.547445,1.731719
-13.171726,47.522605,1.712318
-13.115548,47.499546,1.731719
-13.061268,47.471903,1.712624
-13.009258,47.438783,1.731719
-12.955504,47.409870,1.693528
-12.903621,47.376443,1.752953
-12.852293,47.341675,1.733857
-12.802480,47.303248,1.733857
-12.753577,47.262625,1.733857
-12.706700,47.221163,1.733857
-12.664134,47.176952,1.731719
-12.624681,47.127564,1.733857
-12.591868,47.075426,1.712624
-12.562955,47.021673,1.733857
-12.535142,46.967464,1.731719
-12.513968,46.910505,1.693528
-12.497408,46.851635,1.634104
-12.480205,46.793031,1.653199
-12.463645,46.734161,1.613786
-12.447085,46.675291,1.594386
-12.433265,46.615286,1.574679
-12.420816,46.554713,1.613786
-12.404256,46.495842,1.594386
-12.387696,46.436972,1.574985
-12.374591,46.376671,1.634715
-12.366311,46.314371,1.615314
-12.352363,46.254419,1.595913
-12.335803,46.195549,1.576512
-12.323411,46.134952,1.576512
-12.315131,46.072652,1.675044
-12.313233,46.012996,1.675044
-12.313233,45.954126,1.675044
-12.313233,45.895256,1.675044
-12.318901,45.834038,1.576512
-12.327181,45.771738,1.576512
-12.335461,45.709438,1.576512
-12.346552,45.648303,1.595913
-12.356730,45.586789,1.615314
-12.365010,45.524489,1.634715
-12.373290,45.462189,1.654116
-12.381570,45.399889,1.574985
-12.394160,45.339375,1.594386
-12.410720,45.280505,1.613786
-12.424469,45.220470,1.653199
-12.432749,45.158170,1.613786
-12.441029,45.095871,1.653199
-12.455118,45.035977,1.712318
-12.471678,44.977107,1.731719
-12.488882,44.918503,1.731719
-12.505442,44.859633,1.712318
-12.526100,44.802460,1.731719
-12.550940,44.747020,1.712318
-12.579022,44.692922,1.731719
-12.606333,44.638506,1.731719
-12.633561,44.584054,1.712318
-12.661727,44.529991,1.731719
-12.688099,44.475185,1.712318
-12.717012,44.421432,1.731719
-12.742528,44.366272,1.712318
-12.771441,44.312518,1.731719
-12.796281,44.257078,1.712318
-12.825195,44.203325,1.731719
-12.850035,44.147884,1.712318
-12.878948,44.094131,1.731719
-12.907861,44.040378,1.712624
-12.940305,43.988087,1.712624
-12.969218,43.934333,1.731719
-13.003807,43.882931,1.712318
-13.038575,43.831603,1.712318
-13.072309,43.779846,1.653199
-13.107077,43.728518,1.712624
-13.136232,43.674865,1.693528
-13.167470,43.622075,1.731719
-13.202238,43.570746,1.712624
-13.233889,43.518127,1.712624
-13.262802,43.464374,1.731719
-13.297570,43.413046,1.712318
-13.331717,43.361461,1.731719
-13.366243,43.310032,1.693528
-13.401011,43.258704,1.731719
-13.435779,43.207376,1.712624
-13.468899,43.155365,1.731719
-13.503668,43.104037,1.731719
-13.538436,43.052709,1.712624
-13.573825,43.001638,1.712624
-13.613819,42.952475,1.731719
-13.648587,42.901146,1.731719
-13.683355,42.849818,1.731719
-13.722888,42.800464,1.712624
-13.763511,42.751561,1.731719
-13.801002,42.701361,1.752953
-13.835770,42.650032,1.731719
-13.871167,42.598965,1.712624
-13.911153,42.549798,1.731719
-13.945921,42.498470,1.693528
-13.980689,42.447142,1.752953
-14.015457,42.395814,1.731719
-14.053358,42.345783,1.712624
-14.093981,42.296880,1.731719
-14.133104,42.247356,1.752953
-14.168509,42.196292,1.693528
-14.209132,42.147389,1.731719
-14.249755,42.098486,1.712624
-14.284734,42.047245,1.731719
-14.319502,41.995917,1.752953
-14.354270,41.944589,1.731719
-14.390538,41.893882,1.712624
-14.429653,41.844354,1.731719
-14.464421,41.793026,1.733857
-14.499190,41.741698,1.733857
-14.539602,41.692708,1.733857
-14.580225,41.643805,1.733857
-14.620847,41.594902,1.712624
-14.661470,41.545999,1.731719
-14.702870,41.497418,1.733857
-14.743493,41.448515,1.674433
-14.784116,41.399612,1.752953
-14.827164,41.356564,1.733857
-14.870213,41.313516,1.731719
-14.907601,41.268123,1.731719
-14.944794,41.222650,1.712624
-14.977914,41.175490,1.733857
-15.015108,41.130016,1.733857
-15.052301,41.084543,1.733857
-15.087069,41.033215,1.693528
-15.121837,40.981887,1.712624
-15.162265,40.932903,1.733857
-15.202888,40.884000,1.731719
-15.248315,40.837087,1.733857
-15.294793,40.790609,1.733857
-15.341270,40.744132,1.733857
-15.387748,40.697654,1.733857
-15.428480,40.648796,1.752953
-15.469103,40.599893,1.752953
-15.509726,40.550990,1.733857
-15.551695,40.505337,1.731719
-15.594743,40.462289,1.733857
-15.635397,40.418249,1.733857
-15.672590,40.372776,1.733857
-15.715529,40.329682,1.733857
-15.758577,40.286634,1.733857
-15.804051,40.249441,1.733857
-15.848178,40.208998,1.733857
-15.885543,40.163596,1.733857
-15.925131,40.119114,1.733857
-15.968179,40.076066,1.733857
-16.012547,40.036205,1.733857
-16.058020,39.999012,1.733857
-16.098737,39.954998,1.733857
-16.135930,39.909525,1.733857
-16.179418,39.867882,1.733857
-16.224891,39.830688,1.733857
-16.269744,39.793238,1.733857
-16.308042,39.750432,1.733857
-16.345235,39.704959,1.733857
-16.387185,39.666307,1.733857
-16.432658,39.629113,1.733857
-16.477520,39.590444,1.731719
-16.520568,39.547396,1.733857
-16.564237,39.504605,1.752953
-16.613140,39.463982,1.752953
-16.662043,39.423359,1.752953
-16.708521,39.376881,1.733857
-16.756650,39.334391,1.733857
-16.805553,39.293768,1.731719
-16.854456,39.253145,1.733857
-16.903359,39.212522,1.733857
-16.952262,39.171899,1.693528
-17.003590,39.137131,1.733857
-17.054918,39.102363,1.733857
-17.104595,39.063607,1.733857
-17.153498,39.022984,1.712624
-17.202401,38.982361,1.731719
-17.251600,38.942453,1.733857
-17.302928,38.907685,1.674433
-17.351831,38.867062,1.752953
-17.400734,38.826439,1.731719
-17.449637,38.785816,1.712624
-17.499873,38.748411,1.731719
-17.551201,38.713643,1.731719
-17.602233,38.678160,1.693528
-17.651435,38.638260,1.712624
-17.702763,38.603492,1.693528
-17.754091,38.568724,1.731719
-17.805419,38.533956,1.731719
-17.857430,38.500836,1.712624
-17.908758,38.466067,1.731719
-17.960086,38.431299,1.731719
-18.012097,38.398179,1.712624
-18.063425,38.363411,1.731719
-18.115381,38.330158,1.693528
-18.169134,38.301245,1.731719
-18.220872,38.267465,1.712624
-18.272200,38.232697,1.731719
-18.325872,38.203588,1.712624
-18.378644,38.172304,1.712624
-18.429972,38.137536,1.731719
-18.481982,38.104416,1.712318
-18.534946,38.073596,1.731719
-18.588699,38.044683,1.693528
-18.642452,38.015770,1.712624
-18.693862,37.981197,1.653199
-18.745190,37.946429,1.731719
-18.798943,37.917516,1.712318
-18.851386,37.885439,1.731719
-18.903397,37.852319,1.712318
-18.954725,37.817551,1.731719
-19.008017,37.787524,1.712318
-19.064059,37.764136,1.712624
-19.120237,37.741078,1.653199
-19.173990,37.712165,1.712318
-19.228999,37.686281,1.653199
-19.282859,37.657626,1.712318
-19.337513,37.630888,1.653199
-19.391728,37.603088,1.712318
-19.443738,37.569968,1.712318
-19.497492,37.541055,1.731719
-19.551437,37.512605,1.712318
-19.606360,37.486517,1.731719
-19.660114,37.457604,1.712318
-19.715391,37.432371,1.731719
-19.769145,37.403458,1.712318
-19.824585,37.378618,1.731719
-19.878338,37.349704,1.712318
-19.933779,37.324864,1.731719
-19.987532,37.295951,1.712318
-20.042810,37.270719,1.731719
-20.096564,37.241806,1.731719
-20.151487,37.215718,1.731719
-20.206928,37.190878,1.731719
-20.263106,37.167820,1.712318
-20.318547,37.142980,1.731719
-20.374725,37.119921,1.712318
-20.430165,37.095081,1.731719
-20.486344,37.072023,1.731719
-20.541784,37.047183,1.712318
-20.596467,37.020514,1.731719
-20.650299,36.991789,1.712318
-20.705739,36.966949,1.731719
-20.761918,36.943891,1.731719
-20.817358,36.919051,1.731719
-20.873536,36.895993,1.731719
-20.929282,36.871890,1.712318
-20.985480,36.848879,1.731719
-21.044006,36.831487,1.731719
-21.099781,36.807455,1.731719
-21.155950,36.784373,1.731719
-21.214505,36.767052,1.712318
-21.270683,36.743993,1.731719
-21.329248,36.726696,1.731719
-21.387832,36.709445,1.712318
-21.444010,36.686386,1.731719
-21.502545,36.669018,1.712318
-21.561159,36.651838,1.692918
-21.617337,36.628779,1.731719
-21.675843,36.611341,1.712318
-21.734486,36.594231,1.692918
-21.790664,36.571173,1.731719
-21.849141,36.553663,1.712318
-21.907813,36.536624,1.692918
-21.963991,36.513566,1.731719
-22.022439,36.495986,1.712318
-22.081140,36.479017,1.692918
-22.137318,36.455959,1.772048
-22.195737,36.438308,1.731719
-22.254467,36.421410,1.712318
-22.310645,36.398352,1.772048
-22.369035,36.380631,1.772048
-22.427905,36.364071,1.731719
-22.486944,36.347919,1.731719
-22.547973,36.336571,1.791144
-22.606843,36.320011,1.772048
-22.665853,36.303788,1.731719
-22.727613,36.294206,1.712318
-22.789913,36.285926,1.791450
-22.850831,36.274310,1.772048
-22.909701,36.257750,1.731719
-22.969332,36.243027,1.712318
-23.031632,36.234747,1.692918
-23.093932,36.226467,1.772048
-23.154229,36.213352,1.752648
-23.213099,36.196792,1.731719
-23.273351,36.183568,1.692918
-23.335651,36.175288,1.772048
-23.397951,36.167008,1.752648
-23.457627,36.152394,1.733247
-23.516497,36.135834,1.713846
-23.577370,36.124109,1.694445
-23.639501,36.115420,1.773576
-23.698881,36.100092,1.772048
-23.757751,36.083532,1.752648
-23.816622,36.066972,1.733247
-23.878115,36.056746,1.772048
-23.940415,36.048466,1.773576
-24.001600,36.037493,1.773576
-24.060639,36.021342,1.772048
-24.122429,36.011830,1.752648
-24.184729,36.003550,1.733247
-24.247029,35.995270,1.772048
-24.309328,35.986990,1.773576
-24.371628,35.978710,1.773576
-24.435043,35.973123,1.772048
-24.498061,35.966577,1.752648
-24.560361,35.958297,1.733247
-24.622661,35.950017,1.713846
-24.684961,35.941737,1.773576
-24.747261,35.933457,1.773576
-24.809561,35.925177,1.773576
-24.871861,35.916897,1.772048
-24.935314,35.911403,1.752648
-24.997614,35.903123,1.733247
-25.059914,35.894843,1.713846
-25.122214,35.886563,1.694445
-25.184514,35.878283,1.773576
-25.246814,35.870003,1.773576
-25.309113,35.861723,1.772048
-25.372971,35.857203,1.752648
-25.437972,35.855444,1.733247
-25.500272,35.847164,1.713846
-25.562572,35.838884,1.694445
-25.624871,35.830604,1.675044
-25.687171,35.822324,1.773576
-25.749471,35.814044,1.773576
-25.811771,35.805764,1.772048
-25.874799,35.799243,1.752648
-25.940529,35.799243,1.713846
-26.003609,35.792846,1.694445
-26.065908,35.784566,1.675044
-26.128208,35.776286,1.675044
-26.190508,35.768006,1.773576
-26.252808,35.759726,1.773576
-26.315108,35.751446,1.773576
-26.377408,35.743166,1.772048
-26.442357,35.741283,1.752648
-26.508087,35.741283,1.733247
-26.573816,35.741283,1.713846
-26.639546,35.741283,1.675044
-26.705275,35.741283,1.675044
-26.771005,35.741283,1.675044
-26.836734,35.741283,1.675044
-26.902464,35.741283,1.675044
-26.968193,35.741283,1.675044
-27.033923,35.741283,1.675044
-27.097331,35.735678,1.675044
-27.157989,35.731362,1.675044
-27.216859,35.731362,1.675044
-27.275729,35.731362,1.675044
-27.334599,35.731362,1.675044
-27.393470,35.731362,1.675044
-27.452340,35.731362,1.675044
-27.513531,35.736967,1.675044
-27.577473,35.741283,1.675044
-27.643203,35.741283,1.675044
-27.708932,35.741283,1.675044
-27.774662,35.741283,1.675044
-27.840391,35.741283,1.675044
-27.906121,35.741283,1.675044
-27.971850,35.741283,1.694445
-28.037580,35.741283,1.713846
-28.102646,35.742885,1.733247
-28.164962,35.751126,1.752648
-28.227261,35.759406,1.772048
-28.289561,35.767686,1.773576
-28.351861,35.775966,1.675044
-28.414161,35.784246,1.675044
-28.476461,35.792526,1.675044
-28.539424,35.799204,1.694445
-28.605138,35.799243,1.733247
-28.670708,35.799628,1.752648
-28.733527,35.806654,1.772048
-28.795827,35.814934,1.773576
-28.858127,35.823214,1.773576
-28.920427,35.831494,1.694445
-28.982727,35.839774,1.713846
-29.045027,35.848054,1.733247
-29.107486,35.855948,1.752648
-29.172696,35.857203,1.772048
-29.236344,35.862227,1.773576
-29.298644,35.870507,1.773576
-29.360944,35.878787,1.752648
-29.423244,35.887067,1.733247
-29.485544,35.895347,1.752648
-29.547844,35.903627,1.772048
-29.609542,35.913360,1.773576
-29.670570,35.924708,1.773576
-29.732870,35.932988,1.772048
-29.795170,35.941268,1.752648
-29.857470,35.949548,1.733247
-29.919770,35.957828,1.752648
-29.982070,35.966108,1.772048
-30.043098,35.977457,1.773576
-30.105321,35.985925,1.773576
-30.167620,35.994205,1.772048
-30.229920,36.002485,1.752648
-30.292220,36.010765,1.772048
-30.354520,36.019045,1.773576
-30.416426,36.028275,1.773576
-30.477455,36.039624,1.773576
-30.539755,36.047904,1.773576
-30.602054,36.056184,1.772048
-30.664354,36.064464,1.733247
-30.726654,36.072744,1.752648
-30.788954,36.081024,1.772048
-30.851648,36.088353,1.773576
-30.915102,36.093847,1.773576
-30.977401,36.102127,1.773576
-31.039701,36.110407,1.773576
-31.102001,36.118687,1.694445
-31.164301,36.126967,1.713846
-31.226601,36.135247,1.733247
-31.288901,36.143527,1.752648
-31.353191,36.147003,1.772048
-31.418920,36.147003,1.773576
-31.483163,36.150591,1.773576
-31.545463,36.158871,1.773576
-31.607763,36.167151,1.773576
-31.670063,36.175431,1.773576
-31.732363,36.183711,1.694445
-31.794663,36.191991,1.733247
-31.856962,36.200271,1.752648
-31.920749,36.204963,1.772048
-31.985821,36.206549,1.773576
-32.048143,36.214776,1.773576
-32.110443,36.223056,1.773576
-32.172743,36.231336,1.773576
-32.235042,36.239616,1.675044
-32.297342,36.247896,1.675044
-32.359642,36.256176,1.694445
-32.422599,36.262869,1.713846
-32.486053,36.268363,1.733247
-32.548353,36.276643,1.772048
-32.610653,36.284923,1.773576
-32.672953,36.293203,1.675044
-32.735252,36.301483,1.675044
-32.797552,36.309763,1.694445
-32.859852,36.318043,1.713846
-32.924405,36.320883,1.733247
-32.990135,36.320883,1.752648
-33.054115,36.325107,1.772048
-33.116415,36.333387,1.773576
-33.178715,36.341667,1.773576
-33.241014,36.349947,1.713846
-33.303314,36.358227,1.733247
-33.365614,36.366507,1.752648
-33.427644,36.375439,1.772048
-33.488672,36.386788,1.773576
-33.550972,36.395068,1.773576
-33.613272,36.403348,1.772048
-33.675572,36.411628,1.733247
-33.736980,36.422060,1.752648
-33.795850,36.438620,1.772048
-33.854991,36.454527,1.773576
-33.916882,36.463795,1.772048
-33.979182,36.472075,1.713846
-34.039969,36.484006,1.733247
-34.098839,36.500566,1.752648
-34.158601,36.514974,1.772048
-34.220901,36.523254,1.773576
-34.283201,36.531534,1.712318
-34.343367,36.544964,1.752648
-34.402237,36.561524,1.772048
-34.462620,36.574433,1.791450
-34.524920,36.582713,1.712318
-34.587216,36.591002,1.731719
-34.646761,36.605931,1.752648
-34.705632,36.622491,1.772048
-34.766635,36.633901,1.791450
-34.828935,36.642181,1.712318
-34.890610,36.651970,1.731719
-34.949535,36.668398,1.752648
-35.008409,36.684948,1.772048
-35.070033,36.694859,1.791450
-35.132333,36.703139,1.712318
-35.193387,36.714427,1.731719
-35.252257,36.730987,1.752648
-35.311752,36.746038,1.772048
-35.373997,36.754450,1.791450
-35.436297,36.762730,1.712318
-35.496730,36.775517,1.731719
-35.555600,36.792077,1.752648
-35.615716,36.805629,1.772048
-35.678016,36.813909,1.712318
-35.738154,36.827410,1.731719
-35.797024,36.843970,1.772048
-35.855894,36.860530,1.791450
-35.916631,36.872584,1.712318
-35.978931,36.880864,1.731719
-36.040872,36.890009,1.752648
-36.100063,36.905793,1.772048
-36.161096,36.917132,1.791450
-36.223396,36.925412,1.772048
-36.285042,36.935272,1.731719
-36.343937,36.951771,1.752648
-36.402807,36.968331,1.772048
-36.462036,36.984026,1.791450
-36.524014,36.993081,1.712318
-36.585039,37.004439,1.731719
-36.643909,37.020999,1.752648
-36.703434,37.035980,1.772048
-36.765708,37.044321,1.791450
-36.828008,37.052601,1.712318
-36.888412,37.065458,1.731719
-36.947282,37.082018,1.752648
-37.007427,37.095500,1.772048
-37.069727,37.103780,1.712318
-37.132027,37.112060,1.731719
-37.191810,37.126416,1.752648
-37.250680,37.142976,1.772048
-37.311446,37.154959,1.791450
-37.373746,37.163239,1.712318
-37.435658,37.172455,1.731719
-37.494820,37.188310,1.752648
-37.553690,37.204870,1.772048
-37.615078,37.215354,1.791450
-37.677377,37.223634,1.712318
-37.738669,37.234349,1.731719
-37.797539,37.250909,1.752648
-37.856797,37.266533,1.772048
-37.918805,37.275518,1.791450
-37.981104,37.283798,1.712318
-38.041775,37.296011,1.731719
-38.100645,37.312571,1.752648
-38.160524,37.326697,1.772048
-38.222824,37.334977,1.791450
-38.285123,37.343257,1.731719
-38.345173,37.356969,1.752648
-38.404043,37.373529,1.772048
-38.464543,37.386156,1.772048
-38.526842,37.394436,1.712318
-38.586596,37.408863,1.731719
-38.645466,37.425423,1.752648
-38.704336,37.441983,1.772048
-38.765457,37.453110,1.692918
-38.827340,37.462396,1.712318
-38.886473,37.478322,1.731719
-38.945343,37.494882,1.752648
-39.006759,37.505295,1.772048
-39.069059,37.513575,1.692918
-39.131359,37.521855,1.712318
-39.192296,37.533426,1.731719
-39.251583,37.548979,1.772048
-39.313620,37.557893,1.791450
-39.375920,37.566173,1.772048
-39.438220,37.574453,1.731719
-39.498536,37.587522,1.752648
-39.557406,37.604082,1.772048
-39.617639,37.617352,1.772048
-39.679939,37.625632,1.731719
-39.742239,37.633912,1.752648
-39.801934,37.648481,1.772048
-39.860804,37.665041,1.773576
-39.921658,37.676811,1.772048
-39.983958,37.685091,1.713846
-40.046258,37.693371,1.733247
-40.108558,37.701651,1.752648
-40.169732,37.712649,1.772048
-40.231207,37.722920,1.773576
-40.293506,37.731200,1.772048
-40.355806,37.739480,1.752648
-40.418106,37.747760,1.752648
-40.480406,37.756040,1.772048
-40.542706,37.764320,1.773576
-40.606131,37.769883,1.752648
-40.669139,37.776454,1.733247
-40.731439,37.784734,1.713846
-40.793739,37.793014,1.694445
-40.856039,37.801294,1.773576
-40.917746,37.811004,1.773576
-40.976703,37.827354,1.772048
-41.035573,37.843914,1.752648
-41.097165,37.853903,1.733247
-41.159465,37.862183,1.772048
-41.221765,37.870463,1.773576
-41.284065,37.878743,1.773576
-41.345093,37.890092,1.773576
-41.407306,37.898582,1.773576
-41.469606,37.906862,1.772048
-41.531906,37.915142,1.752648
-41.594206,37.923422,1.772048
-41.656506,37.931702,1.773576
-41.718806,37.939982,1.773576
-41.782969,37.943763,1.773576
-41.848699,37.943763,1.773576
-41.914428,37.943763,1.773576
-41.980158,37.943763,1.773576
-42.045887,37.943763,1.773576
-42.111617,37.943763,1.773576
-42.174686,37.950185,1.772048
-42.236986,37.958465,1.752648
-42.299286,37.966745,1.733247
-42.361586,37.975025,1.773576
-42.423886,37.983305,1.773576
-42.486185,37.991585,1.773576
-42.547304,37.997014,1.773576
-42.608835,37.990592,1.773576
-42.671134,37.982312,1.773576
-42.733434,37.974032,1.773576
-42.795734,37.965752,1.694445
-42.858034,37.957472,1.713846
-42.920334,37.949192,1.752648
-42.983815,37.943763,1.772048
-43.049544,37.943763,1.773576
-43.115274,37.943763,1.773576
-43.181003,37.943763,1.773576
-43.245405,37.940558,1.773576
-43.307705,37.932278,1.773576
-43.370005,37.923998,1.773576
-43.431007,37.912585,1.675044
-43.489877,37.896025,1.694445
-43.548747,37.879465,1.713846
-43.607617,37.862905,1.733247
-43.667815,37.849549,1.654116
-43.730115,37.841269,1.673516
-43.792415,37.832989,1.712318
-43.855868,37.827495,1.731719
-43.918704,37.820508,1.752648
-43.981004,37.812228,1.772048
-44.043189,37.803671,1.791144
-44.102623,37.788474,1.712318
-44.161494,37.771914,1.731719
-44.220364,37.755354,1.772048
-44.279378,37.739142,1.692918
-44.340407,37.727793,1.712318
-44.399277,37.711233,1.731719
-44.458262,37.694950,1.791144
-44.519290,37.683601,1.731719
-44.578161,37.667041,1.731719
-44.636679,37.649631,1.731719
-44.692447,37.625581,1.712318
-44.748623,37.602518,1.731719
-44.804745,37.579323,1.731719
-44.860185,37.554483,1.712318
-44.913939,37.525570,1.731719
-44.969379,37.500730,1.712318
-45.025172,37.476740,1.731719
-45.081350,37.453682,1.731719
-45.136791,37.428842,1.712318
-45.192969,37.405783,1.731719
-45.248409,37.380943,1.712318
-45.304588,37.357885,1.731719
-45.360028,37.333045,1.712318
-45.415469,37.308205,1.731719
-45.471647,37.285146,1.712318
-45.526141,37.258020,1.712318
-45.580162,37.229753,1.731719
-45.635009,37.203482,1.712624
-45.688763,37.174569,1.712624
-45.741540,37.143299,1.731719
-45.793550,37.110179,1.712318
-45.844879,37.075411,1.731719
-45.896207,37.040642,1.712624
-45.948217,37.007522,1.712624
-45.999546,36.972754,1.731719
-46.050874,36.937986,1.693528
-46.102202,36.903218,1.712624
-46.151546,36.863660,1.693528
-46.202436,36.827835,1.731719
-46.253764,36.793067,1.731719
-46.304142,36.756005,1.712624
-46.353998,36.717683,1.731719
-46.405327,36.682915,1.752953
-46.455208,36.647548,1.693528
-46.500682,36.610355,1.733857
-46.544412,36.568955,1.733857
-46.589886,36.531762,1.731719
-46.635359,36.494568,1.733857
-46.679879,36.455073,1.712624
-46.722927,36.412025,1.733857
-46.767421,36.369576,1.752953
-46.816927,36.330407,1.733857
-46.868010,36.295048,1.712624
-46.916314,36.254177,1.733857
-46.959362,36.211129,1.733857
-47.002410,36.168081,1.733857
-47.045459,36.125033,1.733857
-47.088507,36.081985,1.733857
-47.130952,36.037483,1.733857
-47.170114,35.987974,1.733857
-47.205480,35.936894,1.674433
-47.246103,35.887991,1.752953
-47.286726,35.839088,1.733857
-47.327349,35.790185,1.733857
-47.367972,35.741282,1.731719
-47.408595,35.692379,1.733857
-47.449995,35.643798,1.733857
-47.490618,35.594895,1.674433
-47.531241,35.545992,1.752953
-47.571864,35.497089,1.731719
-47.612487,35.448186,1.712624
-47.649921,35.397963,1.731719
-47.684689,35.346635,1.731719
-47.717809,35.294624,1.712624
-47.752578,35.243296,1.731719
-47.787346,35.191968,1.731719
-47.822114,35.140640,1.731719
-47.851027,35.086886,1.712318
-47.883129,35.034454,1.731719
-47.912276,34.980797,1.712318
-47.943522,34.928010,1.731719
-47.973524,34.874708,1.712318
-48.002437,34.820955,1.712624
-48.027440,34.765582,1.712624
-48.051658,34.709884,1.712318
-48.074716,34.653705,1.692918
-48.099556,34.598265,1.731719
-48.122615,34.542086,1.712318
-48.147455,34.486646,1.731719
-48.170513,34.430467,1.712318
-48.195353,34.375027,1.731719
-48.220193,34.319586,1.712318
-48.243252,34.263408,1.712318
-48.268092,34.207967,1.731719
-48.288307,34.150611,1.731719
-48.308495,34.093244,1.712318
-48.329566,34.036242,1.731719
-48.346126,33.977372,1.731719
-48.362686,33.918502,1.712318
-48.375547,33.858100,1.731719
-48.388954,33.797924,1.731719
-48.405514,33.739053,1.712318
-48.418446,33.678681,1.692918
-48.431783,33.618475,1.772048
-48.448343,33.559605,1.731719
-48.464903,33.500735,1.712318
-48.481463,33.441865,1.692918
-48.492896,33.380871,1.772048
-48.501176,33.318571,1.752648
-48.510941,33.256886,1.731719
-48.522290,33.195858,1.712318
-48.530570,33.133558,1.692918
-48.538850,33.071258,1.673516
-48.547130,33.008958,1.752648
-48.555410,32.946658,1.733247
-48.563690,32.884358,1.713846
-48.570484,32.821443,1.694445
-48.570639,32.755778,1.675044
-48.570908,32.690160,1.675044
-48.577817,32.627292,1.675044
-48.586097,32.564992,1.675044
-48.594377,32.502692,1.675044
-48.602657,32.440392,1.773576
-48.610937,32.378093,1.773576
-48.619217,32.315793,1.773576
-48.627228,32.253381,1.773576
-48.628599,32.188220,1.773576
-48.628599,32.122490,1.773576
-48.628599,32.056761,1.773576
-48.628599,31.991031,1.773576
-48.628599,31.925302,1.773576
-48.628599,31.859572,1.773576
-48.625622,31.795076,1.773576
-48.617342,31.732776,1.773576
-48.609062,31.670476,1.773576
-48.600782,31.608176,1.773576
-48.592502,31.545876,1.675044
-48.584222,31.483577,1.675044
-48.575942,31.421277,1.675044
-48.570639,31.357744,1.675044
-48.570639,31.292014,1.675044
-48.568879,31.227014,1.694445
-48.560599,31.164714,1.713846
-48.552319,31.102414,1.733247
-48.544039,31.040114,1.752648
-48.535759,30.977815,1.673517
-48.527479,30.915515,1.692918
-48.519199,30.853215,1.712318
-48.512679,30.790186,1.731719
-48.507065,30.726782,1.772049
-48.498785,30.664482,1.791450
-48.490505,30.602182,1.772048
-48.476682,30.542178,1.731719
-48.460122,30.483308,1.752648
-48.443562,30.424438,1.772049
-48.427002,30.365568,1.772048
-48.409798,30.306964,1.712318
-48.393238,30.248094,1.731719
-48.376678,30.189224,1.791144
-48.365330,30.128195,1.712318
-48.350078,30.068783,1.731719
-48.333518,30.009913,1.791144
-48.316696,29.951151,1.731719
-48.299493,29.892547,1.731719
-48.282933,29.833677,1.791144
-48.260327,29.777311,1.731719
-48.235819,29.721733,1.731719
-48.212761,29.665555,1.731719
-48.187921,29.610114,1.712318
-48.159008,29.556361,1.731719
-48.132789,29.501492,1.712318
-48.107949,29.446051,1.731719
-48.084890,29.389873,1.731719
-48.060050,29.334432,1.731719
-48.036992,29.278254,1.731719
-48.012152,29.222814,1.692918
-47.989093,29.166635,1.712318
-47.964253,29.111195,1.731719
-47.939413,29.055754,1.712318
-47.916355,28.999576,1.731719
-47.890673,28.944484,1.712318
-47.861760,28.890731,1.731719
-47.836920,28.835290,1.712318
-47.808006,28.781537,1.731719
-47.783166,28.726097,1.712318
-47.752555,28.673047,1.731719
-47.721918,28.620008,1.712318
-47.693005,28.566254,1.731719
-47.667366,28.511144,1.712318
-47.638467,28.457386,1.712624
-47.611973,28.402630,1.712624
-47.583928,28.348517,1.712318
-47.555015,28.294764,1.693528
-47.521971,28.242721,1.731719
-47.493058,28.188968,1.712318
-47.460870,28.136571,1.731719
-47.431810,28.082879,1.712318
-47.400477,28.030128,1.731719
-47.370561,27.976790,1.712318
-47.341648,27.923037,1.731719
-47.316732,27.867628,1.712624
-47.287819,27.813874,1.712624
-47.258905,27.760121,1.731719
-47.225785,27.708110,1.712318
-47.196872,27.654357,1.731719
-47.163752,27.602346,1.731719
-47.136269,27.548000,1.712318
-47.109214,27.493478,1.731719
-47.080301,27.439724,1.712318
-47.051387,27.385971,1.712624
-47.026547,27.330531,1.712624
-46.997634,27.276777,1.712318
-46.972794,27.221337,1.731719
-46.942450,27.168176,1.712318
-46.907682,27.116848,1.731719
-46.875137,27.064599,1.712318
-46.846224,27.010846,1.731719
-46.813104,26.958835,1.712318
-46.784191,26.905082,1.712318
-46.751071,26.853071,1.731719
-46.722157,26.799318,1.712318
-46.693244,26.745564,1.731719
-46.667962,26.690307,1.712318
-46.639049,26.636554,1.712624
-46.614209,26.581113,1.712624
-46.585296,26.527360,1.712318
-46.560456,26.471919,1.731719
-46.531543,26.418166,1.712318
-46.502629,26.364413,1.731719
-46.469951,26.312219,1.712318
-46.443913,26.257275,1.731719
-46.415413,26.203351,1.712318
-46.388519,26.148761,1.731719
-46.360875,26.094482,1.731719
-46.331962,26.040729,1.712318
-46.303048,25.986975,1.731719
-46.277900,25.931663,1.712318
-46.246112,25.879100,1.712624
-46.216652,25.825573,1.712624
-46.191574,25.770231,1.712318
-46.162661,25.716478,1.731719
-46.133747,25.662725,1.712318
-46.104834,25.608972,1.731719
-46.072022,25.556833,1.712318
-46.043109,25.503080,1.731719
-46.009989,25.451069,1.712318
-45.977107,25.398960,1.712318
-45.948194,25.345207,1.731719
-45.920311,25.291027,1.712318
-45.897252,25.234848,1.731719
-45.872237,25.179480,1.712624
-45.843324,25.125727,1.712624
-45.813310,25.072430,1.731719
-45.780190,25.020419,1.712318
-45.749740,24.967302,1.731719
-45.719797,24.913975,1.712318
-45.688492,24.861213,1.731719
-45.659579,24.807459,1.693528
-45.630666,24.753706,1.712624
-45.602720,24.699552,1.653199
-45.576127,24.644837,1.712624
-45.543007,24.592827,1.712318
-45.514094,24.539073,1.731719
-45.481718,24.486755,1.712318
-45.446950,24.435427,1.731719
-45.416437,24.382336,1.712318
-45.386557,24.328983,1.731719
-45.355189,24.276246,1.693528
-45.326164,24.222540,1.712624
-45.293940,24.170157,1.731719
-45.265027,24.116404,1.712318
-45.236114,24.062651,1.712318
-45.202994,24.010640,1.731719
-45.174081,23.956887,1.712624
-45.141767,23.904542,1.712624
-45.106999,23.853214,1.731719
-45.073879,23.801203,1.712318
-45.039111,23.749875,1.731719
-45.007680,23.697164,1.712318
-44.978718,23.643431,1.731719
-44.946432,23.591075,1.712624
-44.917519,23.537322,1.712624
-44.888605,23.483569,1.693528
-44.855499,23.431552,1.731719
-44.826586,23.377799,1.712318
-44.794335,23.325428,1.731719
-44.765337,23.271710,1.712624
-44.733942,23.218985,1.712624
-44.699174,23.167657,1.731719
-44.667680,23.114972,1.712318
-44.638767,23.061219,1.731719
-44.606418,23.008889,1.712318
-44.577505,22.955135,1.731719
-44.544385,22.903125,1.693528
-44.515472,22.849371,1.712624
-44.486558,22.795618,1.712624
-44.454370,22.743221,1.731719
-44.425310,22.689529,1.712318
-44.393978,22.636778,1.731719
-44.364062,22.583440,1.712624
-44.333585,22.530334,1.712624
-44.302813,22.477351,1.731719
-44.273900,22.423597,1.712318
-44.244987,22.369844,1.731719
-44.211867,22.317833,1.693528
-44.182953,22.264080,1.712624
-44.149833,22.212069,1.712624
-44.120920,22.158316,1.731719
-44.088010,22.106218,1.712318
-44.053242,22.054890,1.731719
-44.023263,22.001578,1.693528
-43.992849,21.948447,1.712624
-43.962015,21.895489,1.712624
-43.932456,21.842003,1.712318
-43.900766,21.789400,1.731719
-43.871853,21.735647,1.712318
-43.842940,21.681893,1.731719
-43.809820,21.629883,1.731719
-43.780907,21.576129,1.712624
-43.748059,21.524005,1.712624
-43.719146,21.470252,1.731719
-43.687154,21.417774,1.712318
-43.652386,21.366446,1.731719
-43.621489,21.313514,1.693528
-43.591993,21.260002,1.712624
-43.560241,21.207425,1.653199
-43.531328,21.153672,1.712318
-43.498720,21.101449,1.731719
-43.469806,21.047696,1.712318
-43.440893,20.993943,1.712318
-43.408109,20.941793,1.731719
-43.379196,20.888040,1.712318
-43.347267,20.835535,1.712624
-43.317947,20.781950,1.712624
-43.286874,20.729092,1.712318
-43.252106,20.677764,1.731719
-43.220290,20.625213,1.712318
-43.191377,20.571459,1.731719
-43.158706,20.519262,1.712318
-43.129793,20.465509,1.731719
-43.096673,20.413498,1.731719
-43.067760,20.359745,1.712624
-43.039233,20.305832,1.712624
-43.013222,20.250876,1.731719
-42.984308,20.197123,1.712318
-42.953298,20.144239,1.731719
-42.923060,20.091034,1.712318
-42.892905,20.037795,1.731719
-42.861811,19.984945,1.693528
-42.836971,19.929504,1.712624
-42.808058,19.875751,1.653199
-42.779145,19.821998,1.712318
-42.750232,19.768245,1.653199
-42.717112,19.716234,1.731719
-42.688198,19.662481,1.712318
-42.655610,19.610249,1.731719
-42.622490,19.558239,1.712318
-42.593577,19.504485,1.731719
-42.564664,19.450732,1.712318
-42.535750,19.396979,1.712624
-42.510910,19.341538,1.712624
-42.481997,19.287785,1.712318
-42.453084,19.234032,1.731719
-42.419964,19.182021,1.712318
-42.385196,19.130693,1.731719
-42.351473,19.078932,1.731719
-42.322560,19.025179,1.712624
-42.289250,18.973247,1.712624
-42.254482,18.921918,1.731719
-42.224903,18.868441,1.693528
-42.194089,18.815475,1.712624
-42.159321,18.764147,1.731719
-42.123507,18.713252,1.712318
-42.083937,18.663913,1.731719
-42.049169,18.612584,1.731719
-42.014401,18.561256,1.731719
-41.974444,18.512078,1.712624
-41.939018,18.461022,1.731719
-41.904250,18.409694,1.731719
-41.869482,18.358366,1.712624
-41.836362,18.306355,1.712624
-41.801594,18.255027,1.731719
-41.766826,18.203699,1.693528
-41.732057,18.152371,1.733857
-41.692092,18.103195,1.731719
-41.651469,18.054292,1.731719
-41.614411,18.003913,1.733857
-41.576941,17.953704,1.752953
-41.535196,17.907510,1.693528
-41.492148,17.864462,1.733857
-41.449100,17.821414,1.733857
-41.406265,17.778277,1.733857
-41.369072,17.732804,1.733857
-41.328314,17.688807,1.733857
-41.285266,17.645759,1.733857
-41.243340,17.600002,1.733857
-41.202717,17.551099,1.733857
-41.162094,17.502196,1.752953
-41.121258,17.453381,1.772048
-41.074780,17.406904,1.772048
-41.026465,17.364862,1.752953
-40.977562,17.324239,1.733857
-40.928659,17.283616,1.733857
-40.879756,17.242993,1.733857
-40.830853,17.202370,1.733857
-40.781950,17.161747,1.733857
-40.733047,17.121124,1.733857
-40.685981,17.076065,1.733857
-40.639504,17.029587,1.733857
-40.592869,16.983488,1.733857
-40.543966,16.942865,1.733857
-40.495063,16.902242,1.733857
-40.446160,16.861619,1.731719
-40.397257,16.820996,1.712624
-40.347161,16.783254,1.731719
-40.295833,16.748486,1.731719
-40.243822,16.715366,1.693528
-40.192494,16.680598,1.712624
-40.141166,16.645830,1.712624
-40.089838,16.611062,1.731719
-40.036084,16.582149,1.712624
-39.983525,16.550354,1.712624
-39.929995,16.520900,1.731719
-39.877081,16.489961,1.712318
-39.823906,16.459652,1.731719
-39.770153,16.430739,1.712318
-39.714907,16.405429,1.731719
-39.661154,16.376516,1.693528
-39.606262,16.350351,1.712624
-39.552285,16.321978,1.653199
-39.497748,16.294957,1.712318
-39.443416,16.267440,1.712318
-39.389233,16.239564,1.692918
-39.334548,16.212901,1.731719
-39.280719,16.184170,1.712318
-39.225279,16.159330,1.731719
-39.169100,16.136272,1.712318
-39.113660,16.111432,1.731719
-39.057110,16.089269,1.712318
-38.998240,16.072709,1.692918
-38.939636,16.055506,1.731719
-38.880766,16.038946,1.712318
-38.822563,16.020775,1.692918
-38.766385,15.997717,1.731719
-38.707514,15.981157,1.712318
-38.648644,15.964597,1.692918
-38.590737,15.945712,1.731719
-38.534275,15.923338,1.712318
-38.475405,15.906778,1.692918
-38.415868,15.891828,1.673516
-38.353580,15.883518,1.752648
-38.291281,15.875238,1.731719
-38.230890,15.862350,1.712318
-38.171057,15.848114,1.692918
-38.108757,15.839834,1.654116
-38.046457,15.831554,1.731719
-37.984157,15.823274,1.712318
-37.921857,15.814994,1.692918
-37.859557,15.806714,1.673516
-37.796104,15.801221,1.654116
-37.733804,15.792941,1.634715
-37.671504,15.784661,1.615314
-37.609204,15.776381,1.595913
-37.546904,15.768101,1.675044
-37.484604,15.759821,1.675044
-37.422304,15.751541,1.675044
-37.359250,15.745083,1.675044
-37.293520,15.745083,1.675044
-37.227791,15.745083,1.675044
-37.162061,15.745083,1.675044
-37.096332,15.745083,1.675044
-37.030602,15.745083,1.675044
-36.964873,15.745083,1.675044
-36.899143,15.745083,1.675044
-36.833414,15.745083,1.675044
-36.767684,15.745083,1.675044
-36.701954,15.745083,1.675044
-36.636977,15.746897,1.675044
-36.574677,15.755177,1.675044
-36.512377,15.763457,1.675044
-36.450077,15.771737,1.694445
-36.387777,15.780017,1.615314
-36.325477,15.788297,1.634715
-36.263177,15.796577,1.654116
-36.200126,15.803043,1.673516
-36.134396,15.803043,1.694445
-36.071340,15.809496,1.713846
-36.009040,15.817776,1.733247
-35.946740,15.826056,1.752648
-35.884440,15.834336,1.673516
-35.822684,15.843928,1.692918
-35.763678,15.860160,1.712318
-35.704808,15.876720,1.731719
-35.643265,15.886827,1.752648
-35.580965,15.895107,1.673516
-35.518665,15.903387,1.692918
-35.457855,15.915263,1.712318
-35.398441,15.930511,1.731719
-35.337412,15.941860,1.772048
-35.278542,15.958420,1.692918
-35.219672,15.974980,1.712318
-35.161908,15.994210,1.731719
-35.106467,16.019050,1.692918
-35.049537,16.040294,1.712318
-34.991744,16.059453,1.731719
-34.935168,16.081552,1.692918
-34.876298,16.098112,1.712318
-34.818475,16.117201,1.731719
-34.761929,16.139371,1.692918
-34.703059,16.155931,1.712318
-34.645207,16.174949,1.731719
-34.588690,16.197190,1.692918
-34.529819,16.213750,1.712318
-34.471938,16.232697,1.731719
-34.415450,16.255009,1.692918
-34.356580,16.271569,1.712318
-34.298670,16.290445,1.731719
-34.242211,16.312827,1.712318
-34.183946,16.330849,1.731719
-34.128432,16.355510,1.692918
-34.072253,16.378568,1.712318
-34.016384,16.402374,1.731719
-33.963266,16.432819,1.712318
-33.910295,16.463622,1.731719
-33.856822,16.493212,1.712318
-33.804206,16.524871,1.731719
-33.748840,16.549890,1.712318
-33.695086,16.578803,1.731719
-33.641333,16.607716,1.712624
-33.587001,16.635231,1.712624
-33.532464,16.662254,1.693528
-33.478711,16.691168,1.731719
-33.426246,16.723190,1.712624
-33.374235,16.756310,1.731719
-33.322907,16.791079,1.731719
-33.271579,16.825847,1.712624
-33.219568,16.858967,1.731719
-33.168240,16.893735,1.752953
-33.116912,16.928503,1.693528
-33.065584,16.963271,1.712624
-33.016552,17.003582,1.731719
-32.967649,17.044205,1.731719
-32.917126,17.080917,1.733857
-32.867060,17.118732,1.752953
-32.818157,17.159355,1.693528
-32.769254,17.199978,1.712624
-32.720351,17.240601,1.733857
-32.677303,17.283649,1.733857
-32.634255,17.326697,1.733857
-32.590524,17.368097,1.733857
-32.547476,17.411146,1.733857
-32.504428,17.454194,1.733857
-32.464442,17.498510,1.733857
-32.427249,17.543983,1.731719
-32.384201,17.587032,1.733857
-32.341719,17.630314,1.733857
-32.306828,17.681346,1.693528
-32.272060,17.732674,1.752953
-32.237292,17.784002,1.733857
-32.199461,17.834062,1.712624
-32.158838,17.882965,1.731719
-32.118216,17.931868,1.733857
-32.077026,17.980536,1.733857
-32.030548,18.027014,1.733857
-31.988859,18.075475,1.752953
-31.948236,18.124378,1.731719
-31.907613,18.173281,1.712624
-31.869284,18.223134,1.731719
-31.834515,18.274462,1.752953
-31.799747,18.325790,1.693528
-31.764979,18.377118,1.731719
-31.725422,18.426463,1.712624
-31.689596,18.477352,1.731719
-31.654828,18.528681,1.731719
-31.617767,18.579059,1.693528
-31.577144,18.627962,1.712624
-31.537181,18.677138,1.731719
-31.502413,18.728466,1.731719
-31.467645,18.779795,1.731719
-31.428080,18.829136,1.712624
-31.392262,18.880029,1.731719
-31.357494,18.931357,1.731719
-31.322726,18.982685,1.712624
-31.287297,19.033740,1.712624
-31.247342,19.082919,1.731719
-31.212574,19.134247,1.731719
-31.177806,19.185576,1.731719
-31.138233,19.234914,1.712624
-31.102423,19.285810,1.731719
-31.067655,19.337138,1.731719
-31.032887,19.388466,1.712624
-30.997450,19.439517,1.712624
-30.957503,19.488700,1.731719
-30.922735,19.540029,1.731719
-30.887967,19.591357,1.731719
-30.848387,19.640691,1.712624
-30.807764,19.689594,1.731719
-30.770321,19.739814,1.752953
-30.735552,19.791143,1.731719
-30.700108,19.842191,1.712624
-30.659485,19.891094,1.731719
-30.618862,19.939996,1.693528
-30.578239,19.988899,1.733857
-30.537616,20.037802,1.733857
-30.493814,20.085388,1.733857
-30.448098,20.132182,1.733857
-30.407475,20.181085,1.731719
-30.366852,20.229988,1.733857
-30.326229,20.278891,1.733857
-30.285606,20.327794,1.733857
-30.244983,20.376697,1.733857
-30.204360,20.425600,1.752953
-30.162975,20.474187,1.772048
-30.116497,20.520665,1.772048
-30.070020,20.567142,1.791144
-30.023542,20.613620,1.793282
-29.977064,20.660098,1.791144
-29.930560,20.706512,1.772048
-29.881657,20.747135,1.772048
-29.832754,20.787758,1.752953
-29.789699,20.830803,1.733857
-29.746651,20.873851,1.733857
-29.701535,20.911907,1.733857
-29.656061,20.949100,1.733857
-29.610615,20.986357,1.733857
-29.567566,21.029405,1.733857
-29.524518,21.072453,1.733857
-29.475622,21.113079,1.712624
-29.424294,21.147847,1.733857
-29.375034,21.187608,1.752953
-29.326131,21.228231,1.731719
-29.277228,21.268854,1.712624
-29.227613,21.307757,1.731719
-29.176285,21.342525,1.752953
-29.124957,21.377293,1.693528
-29.076054,21.417916,1.733857
-29.027151,21.458539,1.731719
-28.978248,21.499162,1.731719
-28.928275,21.537202,1.733857
-28.877659,21.573690,1.752953
-28.828756,21.614313,1.693528
-28.779853,21.654936,1.731719
-28.730950,21.695559,1.712624
-28.682047,21.736182,1.731719
-28.633144,21.776805,1.733857
-28.584563,21.818205,1.733857
-28.535660,21.858828,1.693528
-28.486757,21.899451,1.712624
-28.437854,21.940074,1.712624
-28.386526,21.974842,1.731719
-28.335198,22.009610,1.752953
-28.283870,22.044378,1.731719
-28.233290,22.080952,1.712624
-28.183636,22.119761,1.731719
-28.132308,22.154529,1.752953
-28.080979,22.189297,1.693528
-28.032076,22.229920,1.731719
-27.983174,22.270543,1.712624
-27.932482,22.306849,1.731719
-27.881154,22.341617,1.752953
-27.830577,22.378199,1.693528
-27.781674,22.418822,1.712624
-27.732696,22.459264,1.731719
-27.681368,22.494032,1.731719
-27.630040,22.528800,1.731719
-27.580500,22.567885,1.712624
-27.529806,22.604183,1.712624
-27.478478,22.638951,1.731719
-27.427150,22.673719,1.712624
-27.375139,22.706839,1.712624
-27.323811,22.741608,1.731719
-27.272483,22.776376,1.731719
-27.221155,22.811144,1.712624
-27.169193,22.844382,1.712624
-27.117865,22.879150,1.731719
-27.066537,22.913918,1.712624
-27.014526,22.947038,1.712624
-26.963198,22.981806,1.731719
-26.911870,23.016575,1.712318
-26.860135,23.050361,1.731719
-26.808075,23.083363,1.653199
-26.754322,23.112276,1.712624
-26.700568,23.141189,1.693528
-26.648256,23.173580,1.731719
-26.594502,23.202493,1.712318
-26.540749,23.231406,1.731719
-26.487402,23.261301,1.712318
-26.435392,23.294421,1.731719
-26.382324,23.324990,1.712318
-26.328571,23.353903,1.712624
-26.273432,23.379473,1.712318
-26.219679,23.408386,1.712318
-26.164895,23.434811,1.712318
-26.107361,23.454596,1.712318
-26.050172,23.475214,1.653199
-25.994731,23.500054,1.712318
-25.938553,23.523112,1.712318
-25.883112,23.547952,1.712624
-25.826934,23.571011,1.731719
-25.771493,23.595851,1.712318
-25.716671,23.622183,1.731719
-25.662918,23.651096,1.712318
-25.607741,23.676572,1.731719
-25.553987,23.705485,1.731719
-25.498547,23.730325,1.731719
-25.442368,23.753384,1.731719
-25.386483,23.777149,1.712318
-25.330424,23.800497,1.731719
-25.274246,23.823556,1.712318
-25.218542,23.847759,1.731719
-25.160088,23.865324,1.731719
-25.103819,23.888163,1.712318
-25.048144,23.912437,1.731719
-24.989719,23.930072,1.731719
-24.933420,23.952840,1.712318
-24.875350,23.971331,1.731719
-24.816479,23.987891,1.731719
-24.760152,24.010588,1.731719
-24.702110,24.029149,1.791144
-24.643240,24.045709,1.731719
-24.586883,24.068337,1.731719
-24.528871,24.086968,1.772048
-24.470001,24.103528,1.731719
-24.411131,24.120088,1.712318
-24.350102,24.131437,1.731719
-24.290936,24.147283,1.772048
-24.232066,24.163843,1.731719
-24.170683,24.174336,1.712318
-24.109063,24.184257,1.772048
-24.050192,24.200817,1.731719
-23.991322,24.217377,1.712318
-23.932719,24.234580,1.692918
-23.874115,24.251784,1.772048
-23.815245,24.268344,1.752648
-23.756375,24.284904,1.731719
-23.697771,24.302107,1.772048
-23.638901,24.318667,1.791450
-23.580031,24.335227,1.772048
-23.521427,24.352431,1.731719
-23.462586,24.369061,1.772048
-23.403716,24.385621,1.791450
-23.344846,24.402181,1.772048
-23.285029,24.416457,1.731719
-23.224268,24.428449,1.752648
-23.165397,24.445009,1.772048
-23.105610,24.459356,1.791450
-23.043310,24.467636,1.772048
-22.981011,24.475916,1.752648
-22.918711,24.484196,1.772048
-22.856470,24.492618,1.773576
-22.795441,24.503966,1.772048
-22.733141,24.512246,1.752648
-22.670841,24.520526,1.733247
-22.608541,24.528806,1.752648
-22.546242,24.537086,1.772048
-22.483942,24.545366,1.773576
-22.422913,24.556715,1.772048
-22.361234,24.566493,1.752648
-22.298934,24.574773,1.733247
-22.236634,24.583053,1.713846
-22.174334,24.591333,1.772048
-22.112034,24.599613,1.773576
-22.052010,24.613388,1.772048
-21.991810,24.626737,1.752648
-21.929511,24.635017,1.733247
-21.867211,24.643297,1.752648
-21.804911,24.651577,1.772048
-21.743083,24.660996,1.773576
-21.684005,24.677055,1.773576
-21.622859,24.688120,1.773576
-21.560559,24.696400,1.773576
-21.498259,24.704680,1.713846
-21.435959,24.712960,1.733247
-21.373659,24.721240,1.752648
-21.310888,24.728381,1.772048
-21.245366,24.728883,1.773576
-21.179636,24.728883,1.773576
-21.113907,24.728883,1.773576
-21.048177,24.728883,1.773576
-20.983391,24.731160,1.773576
-20.921091,24.739440,1.772048
-20.858791,24.747720,1.752648
-20.796491,24.756000,1.733247
-20.734192,24.764280,1.772048
-20.671892,24.772560,1.773576
-20.609592,24.780840,1.773576
-20.546349,24.786843,1.773576
-20.480619,24.786843,1.773576
-20.414890,24.786843,1.773576
-20.349160,24.786843,1.773576
-20.283431,24.786843,1.773576
-20.219116,24.790258,1.773576
-20.156816,24.798538,1.773576
-20.094516,24.806818,1.772048
-20.032216,24.815098,1.752648
-19.969916,24.823378,1.772048
-19.907617,24.831658,1.773576
-19.845317,24.839938,1.773576
-19.781602,24.844803,1.773576
-19.715873,24.844803,1.773576
-19.650143,24.844803,1.773576
-19.584414,24.844803,1.773576
-19.518684,24.844803,1.773576
-19.454841,24.849356,1.773576
-19.392541,24.857636,1.773576
-19.330241,24.865916,1.773576
-19.267941,24.874196,1.713846
-19.205641,24.882476,1.733247
-19.143341,24.890756,1.752648
-19.081041,24.899036,1.772048
-19.016856,24.902763,1.773576
-18.951126,24.902763,1.773576
-18.885397,24.902763,1.773576
-18.819667,24.902763,1.773576
-18.753938,24.902763,1.773576
-18.688208,24.902763,1.773576
-18.622478,24.902763,1.773576
-18.557331,24.904169,1.773576
-18.494934,24.912214,1.773576
-18.432635,24.920494,1.773576
-18.370335,24.928774,1.773576
-18.308035,24.937054,1.675044
-18.245735,24.945334,1.675044
-18.183435,24.953614,1.694445
-18.120553,24.960488,1.713846
-18.054921,24.960723,1.733247
-17.989191,24.960723,1.772048
-17.923461,24.960723,1.773576
-17.857732,24.960723,1.773576
-17.792002,24.960723,1.773576
-17.726273,24.960723,1.773576
-17.660543,24.960723,1.773576
-17.594814,24.960723,1.773576
-17.529084,24.960723,1.773576
-17.463609,24.961336,1.773576
-17.400884,24.968589,1.773576
-17.338584,24.976869,1.773576
-17.276284,24.985149,1.773576
-17.213984,24.993429,1.675044
-17.151684,25.001709,1.675044
-17.089384,25.009989,1.675044
-17.026830,25.017656,1.675044
-16.961526,25.018683,1.694445
-16.895797,25.018683,1.713846
-16.830067,25.018683,1.752648
-16.764338,25.018683,1.772048
-16.698608,25.018683,1.773576
-16.632879,25.018683,1.773576
-16.567149,25.018683,1.773576
-16.501419,25.018683,1.773576
-16.435690,25.018683,1.773576
-16.369960,25.018683,1.773576
-16.304231,25.018683,1.773576
-16.239077,25.020073,1.773576
-16.176674,25.028104,1.773576
-16.114374,25.036384,1.773576
-16.052074,25.044664,1.773576
-15.989775,25.052944,1.675044
-15.927475,25.061224,1.675044
-15.865175,25.069504,1.675044
-15.802299,25.076393,1.675044
-15.736673,25.076643,1.694445
-15.670943,25.076643,1.733247
-15.605214,25.076643,1.752648
-15.539484,25.076643,1.772048
-15.473755,25.076643,1.773576
-15.408025,25.076643,1.773576
-15.342296,25.076643,1.773576
-15.276566,25.076643,1.773576
-15.210837,25.076643,1.773576
-15.145107,25.076643,1.773576
-15.079378,25.076643,1.773576
-15.013648,25.076643,1.773576
-14.947918,25.076643,1.773576
-14.882189,25.076643,1.773576
-14.816459,25.076643,1.773576
-14.750730,25.076643,1.773576
-14.685000,25.076643,1.773576
-14.619271,25.076643,1.773576
-14.553541,25.076643,1.773576
-14.487812,25.076643,1.773576
-14.422082,25.076643,1.773576
-14.356353,25.076643,1.773576
-14.290623,25.076643,1.773576
-14.224894,25.076643,1.773576
-14.159164,25.076643,1.773576
-14.093435,25.076643,1.773576
-14.027705,25.076643,1.773576
-13.961975,25.076643,1.773576
-13.896246,25.076643,1.773576
-13.830516,25.076643,1.773576
-13.764787,25.076643,1.773576
-13.699057,25.076643,1.773576
-13.633328,25.076643,1.773576
-13.567598,25.076643,1.773576
-13.501869,25.076643,1.773576
-13.436139,25.076643,1.773576
-13.370410,25.076643,1.773576
-13.304680,25.076643,1.773576
-13.241351,25.082437,1.773576
-13.180771,25.086563,1.773576
-13.121901,25.086563,1.773576
-13.063031,25.086563,1.773576
-13.004161,25.086563,1.773576
-12.945291,25.086563,1.773576
-12.886420,25.086563,1.773576
-12.825150,25.080769,1.773576
-12.761130,25.076643,1.773576
-12.695400,25.076643,1.773576
-12.629671,25.076643,1.773576
-12.563941,25.076643,1.773576
-12.498212,25.076643,1.773576
-12.432482,25.076643,1.773576
-12.366753,25.076643,1.773576
-12.301023,25.076643,1.773576
-12.235294,25.076643,1.773576
-12.169564,25.076643,1.773576
-12.103835,25.076643,1.773576
-12.038105,25.076643,1.773576
-11.972376,25.076643,1.773576
-11.906646,25.076643,1.773576
-11.840916,25.076643,1.773576
-11.775187,25.076643,1.773576
-11.709457,25.076643,1.773576
-11.643728,25.076643,1.773576
-11.577998,25.076643,1.773576
-11.512269,25.076643,1.773576
-11.446539,25.076643,1.773576
-11.380810,25.076643,1.773576
-11.315080,25.076643,1.773576
-11.249351,25.076643,1.773576
-11.183621,25.076643,1.773576
-11.117892,25.076643,1.773576
-11.052162,25.076643,1.773576
-10.986432,25.076643,1.773576
-10.920703,25.076643,1.773576
-10.854973,25.076643,1.773576
-10.789244,25.076643,1.773576
-10.723514,25.076643,1.773576
-10.657785,25.076643,1.773576
-10.592055,25.076643,1.773576
-10.526326,25.076643,1.773576
-10.460596,25.076643,1.773576
-10.394867,25.076643,1.773576
-10.329137,25.076643,1.773576
-10.263408,25.076643,1.773576
-10.197678,25.076643,1.773576
-10.131949,25.076643,1.773576
-10.066219,25.076643,1.773576
-10.000489,25.076643,1.773576
-9.934760,25.076643,1.773576
-9.869030,25.076643,1.773576
-9.803301,25.076643,1.773576
-9.737571,25.076643,1.773576
-9.671842,25.076643,1.773576
-9.606112,25.076643,1.773576
-9.540383,25.076643,1.773576
-9.474653,25.076643,1.773576
-9.408924,25.076643,1.773576
-9.343194,25.076643,1.773576
-9.277465,25.076643,1.773576
-9.211735,25.076643,1.773576
-9.146006,25.076643,1.773576
-9.080276,25.076643,1.773576
-9.014546,25.076643,1.773576
-8.948817,25.076643,1.773576
-8.883087,25.076643,1.773576
-8.817358,25.076643,1.773576
-8.751628,25.076643,1.773576
-8.685899,25.076643,1.773576
-8.620169,25.076643,1.773576
-8.554440,25.076643,1.773576
-8.488710,25.076643,1.773576
-8.422981,25.076643,1.773576
-8.357251,25.076643,1.773576
-8.291522,25.076643,1.773576
-8.225792,25.076643,1.773576
-8.160063,25.076643,1.773576
-8.094333,25.076643,1.773576
-8.028603,25.076643,1.773576
-7.962874,25.076643,1.773576
-7.897144,25.076643,1.773576
-7.831415,25.076643,1.773576
-7.765685,25.076643,1.773576
-7.699956,25.076643,1.773576
-7.634226,25.076643,1.773576
-7.568497,25.076643,1.773576
-7.502767,25.076643,1.773576
-7.437038,25.076643,1.773576
-7.371308,25.076643,1.773576
-7.305579,25.076643,1.773576
-7.239849,25.076643,1.773576
-7.174119,25.076643,1.773576
-7.108390,25.076643,1.773576
-7.042660,25.076643,1.773576
-6.976931,25.076643,1.773576
-6.911201,25.076643,1.773576
-6.845472,25.076643,1.773576
-6.779742,25.076643,1.773576
-6.714013,25.076643,1.773576
-6.648283,25.076643,1.773576
-6.582554,25.076643,1.773576
-6.516824,25.076643,1.773576
-6.451095,25.076643,1.773576
-6.385365,25.076643,1.773576
-6.319636,25.076643,1.773576
-6.253906,25.076643,1.773576
-6.188176,25.076643,1.773576
-6.122447,25.076643,1.773576
-6.056717,25.076643,1.773576
-5.990988,25.076643,1.773576
-5.925258,25.076643,1.773576
-5.859529,25.076643,1.773576
-5.793799,25.076643,1.773576
-5.728070,25.076643,1.773576
-5.662340,25.076643,1.773576
-5.596611,25.076643,1.773576
-5.530881,25.076643,1.773576
-5.465152,25.076643,1.773576
-5.399422,25.076643,1.773576
-5.333693,25.076643,1.773576
-5.267963,25.076643,1.773576
-5.202233,25.076643,1.773576
-5.136504,25.076643,1.773576
-5.072999,25.082014,1.773576
-5.010699,25.090294,1.773576
-4.948400,25.098574,1.773576
-4.886100,25.106854,1.772048
-4.823800,25.115134,1.773576
-4.761500,25.123414,1.773576
-4.699200,25.131694,1.773576
-4.634675,25.134603,1.773576
-4.568946,25.134603,1.773576
-4.503216,25.134603,1.773576
-4.437487,25.134603,1.773576
-4.371757,25.134603,1.773576
-4.306028,25.134603,1.773576
-4.240298,25.134603,1.773576
-4.174569,25.134603,1.773576
-4.108839,25.134603,1.773576
-4.043110,25.134603,1.773576
-3.977380,25.134603,1.773576
-3.911651,25.134603,1.773576
-3.845921,25.134603,1.773576
-3.780192,25.134603,1.773576
-3.714462,25.134603,1.773576
-3.648732,25.134603,1.773576
-3.583003,25.134603,1.773576
-3.517273,25.134603,1.773576
-3.451544,25.134603,1.773576
-3.385814,25.134603,1.773576
-3.320085,25.134603,1.773576
-3.254355,25.134603,1.773576
-3.188626,25.134603,1.773576
-3.122896,25.134603,1.773576
-3.057167,25.134603,1.773576
-2.991437,25.134603,1.773576
-2.925708,25.134603,1.773576
-2.859978,25.134603,1.773576
-2.794248,25.134603,1.773576
-2.728519,25.134603,1.773576
-2.662789,25.134603,1.773576
-2.597060,25.134603,1.773576
-2.533103,25.138884,1.773576
-2.470804,25.147164,1.773576
-2.408504,25.155444,1.773576
-2.346204,25.163724,1.694445
-2.283904,25.172004,1.713846
-2.221604,25.180284,1.733247
-2.159304,25.188564,1.752648
-2.095231,25.192563,1.772048
-2.029502,25.192563,1.773576
-1.963772,25.192563,1.773576
-1.898043,25.192563,1.773576
-1.832313,25.192563,1.773576
-1.766584,25.192563,1.773576
-1.700854,25.192563,1.773576
-1.635125,25.192563,1.773576
-1.569395,25.192563,1.773576
-1.503666,25.192563,1.773576
-1.437936,25.192563,1.773576
-1.372207,25.192563,1.773576
-1.306477,25.192563,1.773576
-1.240747,25.192563,1.773576
-1.175018,25.192563,1.773576
-1.109288,25.192563,1.773576
-1.043559,25.192563,1.773576
-0.977829,25.192563,1.773576
-0.912100,25.192563,1.773576
-0.846370,25.192563,1.773576
-0.780641,25.192563,1.773576
-0.714911,25.192563,1.773576
-0.649182,25.192563,1.773576
-0.583452,25.192563,1.773576
-0.517723,25.192563,1.773576
-0.451993,25.192563,1.773576
-0.386264,25.192563,1.773576
-0.320534,25.192563,1.773576
-0.254804,25.192563,1.773576
-0.189421,25.193398,1.773576
-0.126788,25.200874,1.773576
-0.064488,25.209154,1.773576
-0.002188,25.217434,1.773576
0.060112,25.225714,1.675044
0.122411,25.233994,1.694445
0.184711,25.242274,1.713846
0.247357,25.249718,1.733247
0.312754,25.250523,1.752648
0.378483,25.250523,1.773576
0.444213,25.250523,1.773576
0.509942,25.250523,1.773576
0.575672,25.250523,1.773576
0.641401,25.250523,1.773576
0.707131,25.250523,1.773576
0.772860,25.250523,1.773576
0.838590,25.250523,1.773576
0.904319,25.250523,1.773576
0.970049,25.250523,1.773576
1.035778,25.250523,1.773576
1.101508,25.250523,1.773576
1.167237,25.250523,1.773576
1.232967,25.250523,1.773576
1.298697,25.250523,1.773576
1.364426,25.250523,1.773576
1.430156,25.250523,1.773576
1.495885,25.250523,1.773576
1.561615,25.250523,1.773576
1.627344,25.250523,1.773576
1.693074,25.250523,1.773576
1.758803,25.250523,1.773576
1.824533,25.250523,1.773576
1.890262,25.250523,1.773576
1.955992,25.250523,1.773576
2.021721,25.250523,1.773576
2.087451,25.250523,1.773576
2.153181,25.250523,1.773576
2.217241,25.254553,1.773576
2.279540,25.262833,1.773576
2.341840,25.271113,1.773576
2.404140,25.279393,1.773576
2.466440,25.287673,1.713846
2.528740,25.295953,1.733247
2.591040,25.304233,1.752648
2.655009,25.308483,1.772048
2.720739,25.308483,1.773576
2.786468,25.308483,1.773576
2.852198,25.308483,1.773576
2.917927,25.308483,1.773576
2.983657,25.308483,1.773576
3.049386,25.308483,1.773576
3.115116,25.308483,1.773576
3.180845,25.308483,1.773576
3.246575,25.308483,1.773576
3.312304,25.308483,1.773576
3.378034,25.308483,1.773576
3.443763,25.308483,1.773576
3.509493,25.308483,1.773576
3.575222,25.308483,1.773576
3.640952,25.308483,1.773576
3.706682,25.308483,1.773576
3.772411,25.308483,1.773576
3.838141,25.308483,1.773576
3.903870,25.308483,1.773576
3.969600,25.308483,1.773576
4.035329,25.308483,1.773576
4.101059,25.308483,1.773576
4.166788,25.308483,1.773576
4.232518,25.308483,1.773576
4.298247,25.308483,1.773576
4.363977,25.308483,1.773576
4.429706,25.308483,1.773576
4.495436,25.308483,1.773576
4.558498,25.314923,1.773576
4.620798,25.323203,1.773576
4.683098,25.331483,1.773576
4.745397,25.339763,1.675044
4.807697,25.348043,1.694445
4.869997,25.356323,1.713846
4.932297,25.364603,1.733247
4.997264,25.366443,1.752648
5.062994,25.366443,1.772048
5.128723,25.366443,1.773576
5.194453,25.366443,1.773576
5.260183,25.366443,1.773576
5.325912,25.366443,1.773576
5.391642,25.366443,1.773576
5.457371,25.366443,1.773576
5.523101,25.366443,1.773576
5.588830,25.366443,1.773576
5.654560,25.366443,1.773576
5.720289,25.366443,1.773576
5.786019,25.366443,1.773576
5.851748,25.366443,1.773576
5.917478,25.366443,1.773576
5.983207,25.366443,1.773576
6.048937,25.366443,1.773576
6.114666,25.366443,1.773576
6.180396,25.366443,1.773576
6.246126,25.366443,1.773576
6.311855,25.366443,1.773576
6.377585,25.366443,1.773576
6.443314,25.366443,1.773576
6.509044,25.366443,1.773576
6.574773,25.366443,1.773576
6.640503,25.366443,1.773576
6.706232,25.366443,1.773576
6.771962,25.366443,1.773576
6.837691,25.366443,1.773576
6.903421,25.366443,1.773576
6.969150,25.366443,1.773576
7.032989,25.371007,1.773576
7.095289,25.379287,1.773576
7.157589,25.387567,1.773576
7.219889,25.395847,1.733247
7.282189,25.404127,1.752648
7.344488,25.412407,1.772048
7.406788,25.420687,1.773576
7.470979,25.424403,1.773576
7.536708,25.424403,1.773576
7.602438,25.424403,1.773576
7.668168,25.424403,1.773576
7.733897,25.424403,1.773576
7.799627,25.424403,1.773576
7.865356,25.424403,1.773576
7.931086,25.424403,1.773576
7.996815,25.424403,1.773576
8.062545,25.424403,1.773576
8.128274,25.424403,1.773576
8.194004,25.424403,1.773576
8.259733,25.424403,1.773576
8.325463,25.424403,1.773576
8.391192,25.424403,1.773576
8.456922,25.424403,1.773576
8.522651,25.424403,1.773576
8.588381,25.424403,1.773576
8.654111,25.424403,1.773576
8.719840,25.424403,1.773576
8.785570,25.424403,1.773576
8.851299,25.424403,1.773576
8.917029,25.424403,1.773576
8.982758,25.424403,1.773576
9.048488,25.424403,1.773576
9.114217,25.424403,1.773576
9.179947,25.424403,1.773576
9.245676,25.424403,1.773576
9.311406,25.424403,1.773576
9.377135,25.424403,1.773576
9.442865,25.424403,1.773576
9.508594,25.424403,1.773576
9.574324,25.424403,1.773576
9.640054,25.424403,1.773576
9.705783,25.424403,1.773576
9.771513,25.424403,1.773576
9.836928,25.425161,1.773576
9.899593,25.432560,1.773576
9.961893,25.440840,1.773576
10.024193,25.449120,1.773576
10.086493,25.457400,1.752648
10.148792,25.465680,1.772048
10.211092,25.473960,1.773576
10.273706,25.481481,1.773576
10.339071,25.482363,1.773576
10.404800,25.482363,1.773576
10.470530,25.482363,1.773576
10.536259,25.482363,1.773576
10.601989,25.482363,1.773576
10.667718,25.482363,1.773576
10.733448,25.482363,1.773576
10.799177,25.482363,1.773576
10.864907,25.482363,1.773576
10.930636,25.482363,1.773576
10.996366,25.482363,1.773576
11.062095,25.482363,1.773576
11.127825,25.482363,1.773576
11.193555,25.482363,1.773576
11.259284,25.482363,1.773576
11.325014,25.482363,1.773576
11.390743,25.482363,1.773576
11.456473,25.482363,1.773576
11.522202,25.482363,1.773576
11.587932,25.482363,1.773576
11.653661,25.482363,1.773576
11.719391,25.482363,1.773576
11.785120,25.482363,1.773576
11.850850,25.482363,1.773576
11.916579,25.482363,1.773576
11.981972,25.483177,1.773576
12.044614,25.490630,1.773576
12.106914,25.498910,1.773576
12.169214,25.507190,1.773576
12.231514,25.515470,1.675044
12.293813,25.523750,1.675044
12.356113,25.532030,1.675044
12.418750,25.539496,1.675044
12.484137,25.540323,1.675044
12.549867,25.540323,1.713846
12.615597,25.540323,1.733247
12.681326,25.540323,1.752648
12.747056,25.540323,1.772048
12.812785,25.540323,1.773576
12.878515,25.540323,1.773576
12.944244,25.540323,1.773576
13.009974,25.540323,1.773576
13.075703,25.540323,1.773576
13.141433,25.540323,1.773576
13.207162,25.540323,1.773576
13.272892,25.540323,1.773576
13.338621,25.540323,1.773576
13.404351,25.540323,1.773576
13.468121,25.545053,1.773576
13.530421,25.553333,1.773576
13.592721,25.561613,1.773576
13.655021,25.569893,1.675044
13.717320,25.578173,1.675044
13.779620,25.586453,1.675044
13.841920,25.594733,1.675044
13.906179,25.598283,1.675044
13.971909,25.598283,1.675044
14.037638,25.598283,1.694445
14.103368,25.598283,1.713846
14.169098,25.598283,1.733247
14.234827,25.598283,1.772048
14.300557,25.598283,1.773576
14.366286,25.598283,1.773576
14.432016,25.598283,1.773576
14.497745,25.598283,1.773576
14.563475,25.598283,1.773576
14.629204,25.598283,1.773576
14.694934,25.598283,1.773576
14.760663,25.598283,1.773576
14.826393,25.598283,1.773576
14.892122,25.598283,1.773576
14.956695,25.595491,1.773576
15.018995,25.587211,1.773576
15.081295,25.578931,1.773576
15.143595,25.570651,1.773576
15.205895,25.562371,1.733247
15.268195,25.554091,1.752648
15.330495,25.545811,1.773576
15.393951,25.540323,1.773576
15.459680,25.540323,1.773576
15.525410,25.540323,1.773576
15.591139,25.540323,1.773576
15.655566,25.537177,1.773576
15.717866,25.528897,1.773576
15.780166,25.520617,1.773576
15.842466,25.512337,1.773576
15.903167,25.500198,1.694445
15.962037,25.483638,1.713846
16.020907,25.467078,1.733247
16.081080,25.453663,1.752648
16.143380,25.445383,1.675044
16.205680,25.437103,1.694445
16.267980,25.428823,1.713846
16.331434,25.423329,1.733247
16.393968,25.415616,1.752648
16.456268,25.407336,1.772048
16.518153,25.398054,1.772048
16.577287,25.382131,1.712318
16.636157,25.365571,1.731719
16.695027,25.349011,1.772048
16.754342,25.333524,1.692918
16.815371,25.322176,1.712318
16.874241,25.305616,1.731719
16.933526,25.290058,1.791144
16.994555,25.278710,1.712318
17.053425,25.262150,1.731719
17.111643,25.244014,1.791144
17.167110,25.219239,1.712318
17.223288,25.196180,1.731719
17.279110,25.172260,1.791144
17.334550,25.147420,1.712318
17.388304,25.118507,1.731719
17.443744,25.093667,1.692918
17.499837,25.070403,1.712318
17.556016,25.047344,1.653199
17.611755,25.023225,1.712318
17.670244,25.005744,1.731719
17.726478,24.982821,1.712318
17.782656,24.959763,1.731719
17.838097,24.934923,1.712318
17.891935,24.906215,1.731719
17.946611,24.879529,1.712318
18.002052,24.854689,1.731719
18.055920,24.826053,1.712318
18.109673,24.797139,1.712318
18.163426,24.768226,1.731719
18.215902,24.736230,1.712624
18.269515,24.706978,1.712624
18.322346,24.675837,1.731719
18.372426,24.638057,1.712624
18.422580,24.600454,1.731719
18.473908,24.565686,1.731719
18.525236,24.530918,1.693528
18.576782,24.496674,1.712624
18.628250,24.462245,1.693528
18.679578,24.427477,1.731719
18.730907,24.392709,1.733857
18.776316,24.352987,1.712624
18.819364,24.309939,1.731719
18.862412,24.266891,1.733857
18.906143,24.225491,1.733857
18.949191,24.182443,1.733857
18.992239,24.139395,1.733857
19.035287,24.096347,1.733857
19.083003,24.055232,1.733857
19.131906,24.014609,1.733857
19.180809,23.973986,1.733857
19.228812,23.931191,1.733857
19.275290,23.884713,1.733857
19.321768,23.838236,1.733857
19.363492,23.789789,1.733857
19.404115,23.740886,1.731719
19.444738,23.691983,1.733857
19.485361,23.643080,1.733857
19.525366,23.593921,1.752953
19.560134,23.542593,1.752953
19.594902,23.491265,1.731719
19.634424,23.441906,1.712624
19.670285,23.391030,1.731719
19.705053,23.339702,1.752953
19.739821,23.288374,1.731719
19.772941,23.236363,1.712624
19.807709,23.185035,1.731719
19.841067,23.133123,1.693528
19.869980,23.079369,1.712624
19.903100,23.027359,1.712624
19.932014,22.973605,1.731719
19.960927,22.919852,1.712318
19.986251,22.864612,1.731719
20.015165,22.810859,1.693528
20.040005,22.755419,1.712624
20.068918,22.701665,1.653199
20.093758,22.646225,1.712318
20.122671,22.592472,1.653199
20.147811,22.537156,1.712318
20.172167,22.481514,1.692918
20.195225,22.425336,1.653199
20.223768,22.371429,1.712318
20.250619,22.316822,1.653199
20.275459,22.261381,1.712318
20.294886,22.203699,1.692918
20.315862,22.146658,1.731719
20.340702,22.091217,1.712318
20.363761,22.035039,1.712318
20.384898,21.978065,1.731719
20.401458,21.919195,1.731719
20.421509,21.861770,1.712318
20.446349,21.806330,1.731719
20.466772,21.749060,1.712318
20.486752,21.691606,1.692918
20.508031,21.634691,1.772048
20.524591,21.575821,1.731719
20.544500,21.518338,1.712318
20.565850,21.461452,1.791144
20.582410,21.402581,1.731719
20.602248,21.345069,1.712318
20.623668,21.288212,1.772049
20.640228,21.229342,1.731719
20.659996,21.171801,1.712318
20.681487,21.114973,1.731719
20.698047,21.056103,1.772048
20.714607,20.997233,1.731719
20.731811,20.938629,1.731719
20.748371,20.879759,1.772049
20.764931,20.820889,1.772048
20.782134,20.762285,1.712318
20.798694,20.703415,1.731719
20.815254,20.644545,1.791144
20.831814,20.585675,1.731719
20.849018,20.527071,1.731719
20.865578,20.468201,1.772048
20.882138,20.409331,1.731719
20.899342,20.350727,1.731719
20.915902,20.291857,1.772049
20.932462,20.232987,1.772048
20.949022,20.174117,1.731719
20.966225,20.115513,1.731719
20.982785,20.056643,1.791144
20.999345,19.997773,1.731719
21.011410,19.937041,1.731719
21.025614,19.877195,1.772049
21.042174,19.818324,1.772048
21.058734,19.759454,1.731719
21.075937,19.700851,1.731719
21.092497,19.641980,1.772049
21.109057,19.583110,1.731719
21.125617,19.524240,1.712318
21.142821,19.465637,1.731719
21.159381,19.406766,1.772048
21.175941,19.347896,1.731719
21.187289,19.286868,1.731719
21.202851,19.227584,1.791144
21.219411,19.168713,1.731719
21.236542,19.110080,1.712318
21.253745,19.051476,1.772049
21.270305,18.992606,1.731719
21.287365,18.933943,1.712318
21.310424,18.877765,1.731719
21.327983,18.819308,1.731719
21.344543,18.760438,1.712318
21.361746,18.701835,1.731719
21.378950,18.643231,1.772048
21.395510,18.584361,1.731719
21.412713,18.525757,1.712318
21.429917,18.467154,1.791144
21.446477,18.408283,1.731719
21.464110,18.349858,1.712318
21.487169,18.293679,1.772049
21.504154,18.234986,1.731719
21.521717,18.176531,1.712318
21.544775,18.120352,1.731719
21.561832,18.061688,1.731719
21.578392,18.002818,1.712318
21.595595,17.944214,1.731719
21.612723,17.885579,1.772048
21.629283,17.826709,1.731719
21.646486,17.768105,1.712318
21.663684,17.709499,1.791144
21.680244,17.650629,1.731719
21.698379,17.592411,1.712318
21.721438,17.536233,1.772049
21.737998,17.477363,1.731719
21.756063,17.419116,1.712318
21.779121,17.362938,1.731719
21.795681,17.304067,1.731719
21.812241,17.245197,1.712318
21.829445,17.186594,1.731719
21.846069,17.127750,1.772048
21.862629,17.068880,1.731719
21.879833,17.010277,1.731719
21.896528,16.951463,1.791144
21.913088,16.892592,1.731719
21.931726,16.834583,1.712318
21.954347,16.778223,1.772049
21.970907,16.719353,1.731719
21.989474,16.661314,1.712318
22.012166,16.604984,1.731719
22.028726,16.546114,1.772048
22.045286,16.487244,1.731719
22.062490,16.428640,1.731719
22.079050,16.369770,1.772049
22.095610,16.310900,1.731719
22.112813,16.252296,1.712318
22.129373,16.193426,1.731719
22.145933,16.134556,1.772048
22.162493,16.075686,1.731719
22.179697,16.017082,1.731719
22.196257,15.958212,1.791144
22.212817,15.899342,1.731719
22.230020,15.840738,1.731719
22.246580,15.781868,1.772049
22.263140,15.722998,1.731719
22.282924,15.665463,1.712318
22.304399,15.608629,1.731719
22.320959,15.549759,1.772048
22.337519,15.490888,1.731719
22.354723,15.432285,1.731719
22.371283,15.373415,1.772049
22.387843,15.314545,1.731719
22.405046,15.255941,1.712318
22.421606,15.197071,1.731719
22.438166,15.138201,1.772048
22.454726,15.079331,1.731719
22.471930,15.020727,1.731719
22.488490,14.961857,1.731719
22.505050,14.902987,1.712318
22.522253,14.844383,1.731719
22.538813,14.785513,1.772048
22.555373,14.726643,1.731719
22.571933,14.667773,1.712318
22.589137,14.609169,1.772049
22.605697,14.550299,1.731719
22.622257,14.491429,1.712318
22.639460,14.432825,1.731719
22.656020,14.373955,1.772048
22.672580,14.315085,1.731719
22.689140,14.256215,1.712318
22.706344,14.197611,1.772049
22.722904,14.138741,1.731719
22.739464,14.079871,1.712318
22.756668,14.021267,1.731719
22.773228,13.962397,1.772048
22.789788,13.903527,1.731719
22.806348,13.844657,1.712318
22.823551,13.786053,1.791144
22.840111,13.727183,1.731719
22.856671,13.668313,1.712318
22.873875,13.609709,1.772049
22.890435,13.550839,1.772048
22.906995,13.491969,1.731719
22.929926,13.435738,1.731719
22.948254,13.377600,1.791144
22.964814,13.318730,1.731719
22.981819,13.260044,1.731719
22.999023,13.201440,1.772049
23.015583,13.142570,1.772048
23.032518,13.083855,1.731719
23.049721,13.025252,1.731719
23.066281,12.966382,1.791144
23.082841,12.907511,1.731719
23.100045,12.848908,1.731719
23.117248,12.790304,1.772049
23.133808,12.731434,1.731719
23.151012,12.672831,1.712318
23.168215,12.614227,1.731719
23.184775,12.555357,1.772048
23.201335,12.496487,1.731719
23.218539,12.437883,1.731719
23.235650,12.379241,1.791144
23.252210,12.320371,1.731719
23.269414,12.261768,1.712318
23.286596,12.203155,1.772049
23.303156,12.144285,1.731719
23.321307,12.086074,1.712318
23.344365,12.029895,1.731719
23.360925,11.971025,1.772048
23.377485,11.912155,1.731719
23.394689,11.853551,1.731719
23.411249,11.794681,1.791144
23.427809,11.735811,1.731719
23.445013,11.677208,1.731719
23.461622,11.618358,1.772049
23.478182,11.559488,1.731719
23.496906,11.501514,1.712318
23.519440,11.445118,1.731719
23.536000,11.386248,1.772048
23.552560,11.327378,1.731719
23.569764,11.268774,1.731719
23.586324,11.209904,1.772049
23.602884,11.151034,1.731719
23.617279,11.091267,1.712318
23.625559,11.028968,1.731719
23.633839,10.966668,1.731719
23.642119,10.904368,1.692918
23.647613,10.840914,1.673516
23.654346,10.777973,1.653199
23.662626,10.715673,1.613786
23.670906,10.653373,1.594386
23.679186,10.591074,1.673516
23.687466,10.528774,1.654116
23.695746,10.466474,1.634715
23.707094,10.405445,1.615314
23.716922,10.343786,1.595913
23.725202,10.281487,1.576512
23.733482,10.219187,1.576512
23.741762,10.156887,1.675044
23.745382,10.096517,1.675044
23.745382,10.037647,1.675044
23.742221,9.977468,1.675044
23.733941,9.915168,1.576512
23.725661,9.852868,1.576512
23.711221,9.793119,1.595913
23.694661,9.734249,1.615314
23.682762,9.673449,1.634715
23.674248,9.611246,1.555584
23.659094,9.551793,1.574985
23.642534,9.492923,1.594386
23.625974,9.434053,1.613786
23.614625,9.373024,1.574679
23.598758,9.313867,1.594386
23.582198,9.254997,1.613786
23.564994,9.196393,1.653199
23.547791,9.137790,1.634104
23.531209,9.078929,1.693528
23.507987,9.022818,1.731719
23.479074,8.969065,1.731719
23.450160,8.915311,1.712624
23.417040,8.863301,1.731719
23.382272,8.811972,1.733857
23.347137,8.761530,1.733857
23.304089,8.718481,1.733857
23.261071,8.675421,1.733857
23.223878,8.629948,1.712624
23.186684,8.584474,1.731719
23.145342,8.545536,1.733857
23.099869,8.508343,1.733857
23.054762,8.470264,1.733857
23.011714,8.427216,1.733857
22.968636,8.384181,1.733857
22.919718,8.343595,1.733857
22.868390,8.308827,1.733857
22.819470,8.268245,1.733857
22.776389,8.225211,1.733857
22.733341,8.182162,1.693528
22.688235,8.144081,1.712624
22.642762,8.106887,1.731719
22.597304,8.069656,1.731719
22.554256,8.026608,1.733857
22.510864,7.984390,1.752953
22.459569,7.949609,1.752953
22.408241,7.914841,1.731719
22.358970,7.875106,1.712624
22.308007,7.839457,1.731719
22.256679,7.804689,1.731719
22.205351,7.769921,1.712624
22.153340,7.736801,1.712624
22.102012,7.702033,1.731719
22.050684,7.667265,1.693528
21.999356,7.632497,1.712624
21.947663,7.598609,1.693528
21.896335,7.563841,1.731719
21.845006,7.529073,1.731719
21.792996,7.495953,1.712624
21.741668,7.461185,1.731719
21.690339,7.426417,1.731719
21.638336,7.393279,1.712624
21.587008,7.358511,1.731719
21.535680,7.323743,1.731719
21.484352,7.288975,1.731719
21.432341,7.255855,1.712624
21.381013,7.221087,1.731719
21.329685,7.186319,1.731719
21.277674,7.153199,1.712624
21.226346,7.118431,1.731719
21.174014,7.086086,1.693528
21.120260,7.057173,1.712624
21.068899,7.022485,1.712624
21.017571,6.987717,1.731719
20.963818,6.958803,1.712624
20.911423,6.926611,1.712624
20.860094,6.891843,1.731719
20.808084,6.858723,1.712318
20.756756,6.823955,1.731719
20.704095,6.792403,1.693528
20.650342,6.763490,1.712624
20.599014,6.728722,1.731719
20.547388,6.694674,1.731719
20.493634,6.665760,1.712318
20.441567,6.632776,1.712624
20.387814,6.603862,1.712624
20.335393,6.571733,1.712318
20.284065,6.536965,1.731719
20.231076,6.506206,1.693528
20.177621,6.476572,1.712624
20.124987,6.444957,1.653199
20.071234,6.416044,1.712318
20.019906,6.381276,1.731719
19.968306,6.347165,1.731719
19.914552,6.318252,1.712318
19.862459,6.285330,1.731719
19.808706,6.256417,1.712318
19.756259,6.224350,1.712624
19.702617,6.195168,1.712624
19.646439,6.172110,1.712318
19.590532,6.148394,1.731719
19.536779,6.119481,1.712318
19.483026,6.090568,1.731719
19.430772,6.058034,1.712318
19.377019,6.029121,1.731719
19.325008,5.996001,1.712318
19.273680,5.961233,1.712318
19.222135,5.926989,1.731719
19.167839,5.899384,1.712318
19.111661,5.876326,1.712624
19.056408,5.851032,1.712624
19.002655,5.822119,1.712318
18.947215,5.797279,1.731719
18.893461,5.768366,1.712318
18.838021,5.743526,1.731719
18.784810,5.713304,1.712318
18.731932,5.682277,1.731719
18.678178,5.653364,1.712318
18.623230,5.627337,1.731719
18.569310,5.598826,1.712318
18.514715,5.571943,1.731719
18.460441,5.544288,1.731719
18.406201,5.516550,1.712318
18.351573,5.489750,1.731719
18.297687,5.461156,1.712318
18.242704,5.435212,1.731719
18.188951,5.406298,1.712318
18.133613,5.381209,1.731719
18.079860,5.352296,1.712318
18.024420,5.327456,1.731719
17.970666,5.298543,1.712318
17.915226,5.273703,1.731719
17.861473,5.244790,1.712318
17.806254,5.219414,1.731719
17.752501,5.190500,1.712318
17.697637,5.164269,1.731719
17.643632,5.135962,1.712318
17.589122,5.108876,1.731719
17.534763,5.081424,1.731719
17.480608,5.053482,1.712318
17.425895,5.026886,1.731719
17.372094,4.998089,1.712318
17.317026,4.972348,1.731719
17.263273,4.943435,1.712318
17.207851,4.918550,1.731719
17.154098,4.889637,1.712318
17.098657,4.864797,1.731719
17.044904,4.835883,1.712318
16.989464,4.811043,1.731719
16.935710,4.782130,1.712318
16.880576,4.756550,1.731719
16.826823,4.727637,1.712318
16.772043,4.701202,1.731719
16.717954,4.673099,1.712318
16.663529,4.645808,1.712318
16.608089,4.620968,1.731719
16.551910,4.597910,1.731719
16.496470,4.573070,1.731719
16.439323,4.552348,1.731719
16.381746,4.532666,1.712318
16.324954,4.511089,1.731719
16.266084,4.494529,1.712318
16.208478,4.474918,1.692918
16.151715,4.453270,1.731719
16.092845,4.436710,1.712318
16.035209,4.417170,1.692918
15.978476,4.395452,1.731719
15.919606,4.378892,1.712318
15.861941,4.359422,1.692918
15.805236,4.337633,1.731719
15.746366,4.321073,1.712318
15.688672,4.301674,1.692918
15.631997,4.279814,1.731719
15.573127,4.263254,1.712318
15.515403,4.243926,1.692918
15.458758,4.221995,1.772048
15.399888,4.205435,1.731719
15.342135,4.186178,1.712318
15.285518,4.164177,1.791144
15.226648,4.147617,1.731719
15.168866,4.128430,1.712318
15.112279,4.106358,1.772048
15.053409,4.089798,1.772048
14.995598,4.070681,1.731719
14.939040,4.048539,1.731719
14.880170,4.031979,1.791144
14.821300,4.015419,1.731719
14.762696,3.998216,1.731719
14.703826,3.981656,1.772048
14.644956,3.965096,1.772048
14.586352,3.947892,1.712318
14.527482,3.931332,1.731719
14.468612,3.914772,1.772048
14.409742,3.898212,1.772048
14.351138,3.881008,1.712318
14.292268,3.864448,1.731719
14.233398,3.847888,1.791144
14.173202,3.834528,1.731719
14.112819,3.821620,1.772048
14.053949,3.805060,1.772048
13.995079,3.788500,1.731719
13.936475,3.771296,1.731719
13.877605,3.754736,1.772048
13.818735,3.738176,1.772048
13.759865,3.721616,1.731719
13.701261,3.704413,1.731719
13.642391,3.687853,1.772048
13.583521,3.671293,1.772048
13.522763,3.659291,1.712318
13.460518,3.650879,1.731719
13.401022,3.635828,1.791144
13.342152,3.619268,1.731719
13.281124,3.607919,1.712318
13.221599,3.592939,1.772048
13.162729,3.576379,1.772048
13.103859,3.559819,1.731719
13.045255,3.542615,1.731719
12.986652,3.525412,1.772048
12.927782,3.508852,1.772048
12.869178,3.491648,1.731719
12.810574,3.474445,1.731719
12.751704,3.457885,1.772048
12.692834,3.441325,1.772048
12.634230,3.424121,1.712318
12.575627,3.406917,1.731719
12.516757,3.390357,1.791144
12.457595,3.374502,1.731719
12.395683,3.365286,1.731719
12.334591,3.354088,1.772048
12.275721,3.337528,1.772048
12.216263,3.322387,1.731719
12.155235,3.311038,1.731719
12.096365,3.294478,1.772048
12.037494,3.277918,1.772048
11.978624,3.261358,1.731719
11.920021,3.244155,1.731719
11.861150,3.227595,1.772048
11.802280,3.211035,1.772048
11.743677,3.193831,1.712318
11.684807,3.177271,1.731719
11.625936,3.160711,1.772048
11.567066,3.144151,1.772048
11.506721,3.131152,1.712318
11.446488,3.117883,1.791144
11.387618,3.101323,1.731719
11.327302,3.088253,1.712318
11.265002,3.079973,1.772048
11.205065,3.065989,1.772048
11.146195,3.049429,1.731719
11.087324,3.032869,1.712318
11.028721,3.015666,1.772048
10.969851,2.999106,1.772048
10.910980,2.982546,1.731719
10.854414,2.960423,1.731719
10.796611,2.941287,1.772048
10.737741,2.924727,1.772048
10.678871,2.908167,1.731719
10.620267,2.890963,1.731719
10.561397,2.874403,1.791144
10.502527,2.857843,1.731719
10.441353,2.846846,1.731719
10.379524,2.837430,1.772048
10.320445,2.821374,1.772048
10.261691,2.804533,1.731719
10.203087,2.787330,1.731719
10.144217,2.770770,1.772048
10.085347,2.754210,1.772048
10.026477,2.737650,1.731719
9.967873,2.720446,1.731719
9.909212,2.703382,1.772048
9.850225,2.687103,1.772048
9.788489,2.677463,1.731719
9.727222,2.666689,1.731719
9.668352,2.650129,1.791144
9.609482,2.633569,1.731719
9.550878,2.616365,1.731719
9.492008,2.599805,1.772048
9.433138,2.583245,1.772048
9.374267,2.566685,1.731719
9.315664,2.549482,1.731719
9.256794,2.532922,1.772048
9.197924,2.516362,1.772048
9.139320,2.499158,1.712318
9.080450,2.482598,1.731719
9.021580,2.466038,1.791144
8.962710,2.449478,1.731719
8.904106,2.432275,1.731719
8.845236,2.415715,1.772048
8.786366,2.399155,1.772048
8.727762,2.381951,1.712318
8.668892,2.365391,1.731719
8.610022,2.348831,1.772048
8.551152,2.332271,1.772048
8.490715,2.319492,1.731719
8.430573,2.306003,1.772048
8.371703,2.289443,1.731719
8.311296,2.276593,1.712318
8.251125,2.263174,1.731719
8.192255,2.246614,1.772048
8.133384,2.230054,1.731719
8.074514,2.213494,1.712318
8.015911,2.196291,1.772048
7.957041,2.179731,1.772048
7.898170,2.163171,1.731719
7.837172,2.151750,1.731719
7.777592,2.136902,1.772048
7.718722,2.120342,1.772048
7.659852,2.103782,1.731719
7.601248,2.086579,1.731719
7.542378,2.070019,1.791144
7.483508,2.053459,1.731719
7.424874,2.036328,1.731719
7.366271,2.019124,1.772048
7.307401,2.002564,1.772048
7.248738,1.985503,1.731719
7.190134,1.968300,1.731719
7.131264,1.951740,1.772048
7.072394,1.935180,1.772048
7.013790,1.917976,1.712318
6.955187,1.900773,1.731719
6.896317,1.884213,1.791144
6.837239,1.868153,1.731719
6.776210,1.856805,1.731719
6.717340,1.840245,1.772048
6.658470,1.823685,1.772048
6.599866,1.806481,1.731719
6.541173,1.789495,1.731719
6.482302,1.772935,1.772048
6.423432,1.756375,1.772048
6.364829,1.739172,1.712318
6.305958,1.722612,1.731719
6.247088,1.706052,1.772048
6.187448,1.691350,1.772048
6.126510,1.679783,1.712318
6.067640,1.663223,1.731719
6.008770,1.646663,1.791144
5.948834,1.632676,1.731719
5.888191,1.620395,1.731719
5.829321,1.603835,1.772048
5.770451,1.587275,1.772048
5.711847,1.570071,1.712318
5.652977,1.553511,1.731719
5.594107,1.536951,1.772048
5.535237,1.520391,1.772048
5.476633,1.503188,1.731719
5.417763,1.486628,1.791144
5.358893,1.470068,1.731719
5.298395,1.457438,1.731719
5.238315,1.443799,1.772048
5.179445,1.427239,1.772048
5.120574,1.410679,1.731719
5.061971,1.393476,1.731719
5.003101,1.376916,1.772048
4.944231,1.360356,1.772048
4.885360,1.343796,1.731719
4.824332,1.332447,1.731719
4.764843,1.317380,1.772048
4.705973,1.300820,1.772048
4.644944,1.289471,1.731719
4.585426,1.274475,1.731719
4.526556,1.257915,1.791144
4.467686,1.241355,1.731719
4.409083,1.224151,1.731719
4.350479,1.206947,1.772048
4.291609,1.190387,1.772048
4.233005,1.173184,1.731719
4.174402,1.155980,1.731719
4.115532,1.139420,1.772048
4.056661,1.122860,1.772048
3.998058,1.105657,1.712318
3.939454,1.088453,1.731719
3.880584,1.071893,1.791144
3.821415,1.056054,1.731719
3.759497,1.046854,1.731719
3.698412,1.035640,1.772048
3.639542,1.019080,1.772048
3.580938,1.001876,1.731719
3.522153,0.985111,1.731719
3.463283,0.968551,1.772048
3.404413,0.951991,1.772048
3.346699,0.932638,1.712318
3.290044,0.910732,1.731719
3.231174,0.894172,1.772048
3.171443,0.879690,1.772048
3.110595,0.867904,1.712318
3.051725,0.851344,1.731719
2.992855,0.834784,1.791144
2.932828,0.821016,1.731719
2.872277,0.808515,1.731719
2.813407,0.791955,1.772048
2.754536,0.775395,1.772048
2.695933,0.758192,1.712318
2.637063,0.741632,1.731719
2.578192,0.725072,1.772048
2.519322,0.708512,1.731719
2.460719,0.691308,1.731719
2.401849,0.674748,1.791144
2.342978,0.658188,1.731719
2.282389,0.645778,1.731719
2.222400,0.631920,1.772048
2.163530,0.615360,1.772048
2.104660,0.598800,1.731719
2.043775,0.587104,1.731719
1.984081,0.572531,1.772048
1.925211,0.555971,1.772048
1.866341,0.539411,1.731719
1.805312,0.528062,1.731719
1.745915,0.512775,1.772048
1.687045,0.496215,1.772048
1.628298,0.479359,1.731719
1.569694,0.462155,1.731719
1.510824,0.445595,1.791144
1.451954,0.429035,1.731719
1.393350,0.411831,1.731719
1.334747,0.394628,1.772048
1.275876,0.378068,1.772048
1.217273,0.360864,1.731719
1.158669,0.343661,1.731719
1.099799,0.327101,1.772048
1.040929,0.310541,1.772048
0.981640,0.294992,1.712318
0.920611,0.283643,1.731719
0.861741,0.267083,1.791144
0.802481,0.251463,1.731719
0.740471,0.242483,1.712318
0.679478,0.231050,1.772048
0.620608,0.214490,1.772048
0.562690,0.195632,1.731719
0.506239,0.173231,1.731719
0.447368,0.156671,1.772048
0.388498,0.140111,1.772048
0.329628,0.123551,1.712318
0.271025,0.106347,1.731719
0.212154,0.089787,1.772048
0.152332,0.075526,1.772048
0.091576,0.063519,1.712318
0.032706,0.046959,1.731719
-0.026164,0.030399,1.772048
-0.085034,0.013839,1.731719
-0.143638,-0.003365,1.712318
-0.202508,-0.019925,1.731719
-0.261378,-0.036485,1.731719
-0.321792,-0.049318,1.731719
-0.381957,-0.062753,1.772048
-0.440827,-0.079313,1.772048
-0.499697,-0.095873,1.731719
-0.558301,-0.113077,1.731719
-0.617171,-0.129637,1.791144
-0.676041,-0.146197,1.731719
-0.734911,-0.162757,1.712318
-0.795916,-0.174162,1.772048
-0.855489,-0.189025,1.772048
-0.914359,-0.205585,1.731719
-0.972963,-0.222789,1.712318
-1.031833,-0.239349,1.772048
-1.090703,-0.255909,1.772048
-1.149574,-0.272469,1.731719
-1.205775,-0.295471,1.731719
-1.263943,-0.313727,1.772048
-1.322813,-0.330287,1.772048
-1.383842,-0.341636,1.712318
-1.443177,-0.357072,1.731719
-1.502047,-0.373632,1.791144
-1.560917,-0.390192,1.731719
-1.621946,-0.401541,1.731719
-1.680986,-0.417692,1.772048
-1.739856,-0.434252,1.772048
-1.798940,-0.450295,1.731719
-1.859969,-0.461644,1.731719
-1.918839,-0.478204,1.772048
-1.977709,-0.494764,1.772048
-2.037089,-0.510093,1.731719
-2.098118,-0.521442,1.731719
-2.156988,-0.538002,1.791144
-2.215858,-0.554562,1.772048
-2.274462,-0.571765,1.731719
-2.333332,-0.588325,1.772048
-2.392202,-0.604885,1.791144
-2.450029,-0.623963,1.731719
-2.506571,-0.646144,1.731719
-2.565442,-0.662704,1.772048
-2.624312,-0.679264,1.772048
-2.682915,-0.696468,1.712318
-2.741785,-0.713028,1.731719
-2.800656,-0.729588,1.772048
-2.860569,-0.743630,1.772048
-2.921234,-0.755856,1.712318
-2.980104,-0.772416,1.731719
-3.038974,-0.788976,1.791144
-3.099183,-0.802304,1.731719
-3.159553,-0.815244,1.772048
-3.218423,-0.831804,1.772048
-3.277293,-0.848364,1.731719
-3.335897,-0.865568,1.731719
-3.394767,-0.882128,1.772048
-3.453637,-0.898688,1.772048
-3.512507,-0.915248,1.731719
-3.571111,-0.932452,1.731719
-3.629981,-0.949012,1.791144
-3.688851,-0.965572,1.772048
-3.749622,-0.977542,1.731719
-3.809429,-0.991840,1.772048
-3.868299,-1.008400,1.791144
-3.927170,-1.024960,1.731719
-3.988198,-1.036309,1.731719
-4.047709,-1.051321,1.772048
-4.106580,-1.067881,1.772048
-4.165440,-1.084464,1.731719
-4.224044,-1.101667,1.731719
-4.282914,-1.118227,1.772048
-4.341784,-1.134787,1.772048
-4.400388,-1.151991,1.712318
-4.458991,-1.169194,1.731719
-4.517862,-1.185754,1.791144
-4.576741,-1.202292,1.731719
-4.637770,-1.213641,1.731719
-4.696718,-1.230011,1.772048
-4.755589,-1.246571,1.772048
-4.814764,-1.262395,1.731719
-4.875793,-1.273743,1.731719
-4.934663,-1.290303,1.772048
-4.993533,-1.306863,1.772048
-5.053004,-1.321973,1.731719
-5.114033,-1.333321,1.731719
-5.172903,-1.349881,1.772048
-5.231773,-1.366441,1.772048
-5.290377,-1.383645,1.712318
-5.349247,-1.400205,1.731719
-5.408117,-1.416765,1.791144
-5.466987,-1.433325,1.731719
-5.525591,-1.450529,1.731719
-5.584461,-1.467089,1.772048
-5.643331,-1.483649,1.772048
-5.701935,-1.500852,1.712318
-5.760805,-1.517412,1.731719
-5.819675,-1.533972,1.772048
-5.878545,-1.550532,1.772048
-5.938874,-1.563569,1.712318
-5.999123,-1.576801,1.791144
-6.057994,-1.593361,1.731719
-6.118294,-1.606468,1.712318
-6.178572,-1.619629,1.772048
-6.237442,-1.636189,1.772048
-6.296312,-1.652749,1.731719
-6.355182,-1.669309,1.712318
-6.413786,-1.686513,1.772048
-6.472656,-1.703073,1.772048
-6.531526,-1.719633,1.731719
-6.590130,-1.736836,1.731719
-6.649000,-1.753396,1.772048
-6.707870,-1.769956,1.772048
-6.766740,-1.786516,1.731719
-6.827769,-1.797865,1.731719
-6.887160,-1.813168,1.791144
-6.946030,-1.829728,1.731719
-7.007059,-1.841077,1.712318
-7.066479,-1.856309,1.772048
-7.125349,-1.872869,1.772048
-7.184219,-1.889429,1.731719
-7.242823,-1.906633,1.731719
-7.301426,-1.923837,1.772048
-7.360296,-1.940397,1.772048
-7.419296,-1.956644,1.731719
-7.480325,-1.967992,1.731719
-7.539195,-1.984552,1.791144
-7.598065,-2.001112,1.731719
-7.656669,-2.018316,1.712318
-7.715285,-2.035489,1.772048
-7.774155,-2.052049,1.772048
-7.833025,-2.068609,1.731719
-7.891629,-2.085813,1.731719
-7.950499,-2.102373,1.772048
-8.009369,-2.118933,1.772048
-8.067973,-2.136136,1.712318
-8.126843,-2.152696,1.731719
-8.185713,-2.169256,1.772048
-8.244583,-2.185816,1.772048
-8.304441,-2.199991,1.712318
-8.365161,-2.212085,1.731719
-8.424032,-2.228645,1.791144
-8.483860,-2.242891,1.731719
-8.544610,-2.254913,1.731719
-8.603480,-2.271473,1.772048
-8.662350,-2.288033,1.772048
-8.721220,-2.304593,1.731719
-8.779824,-2.321797,1.731719
-8.838694,-2.338357,1.772048
-8.897564,-2.354917,1.731719
-8.957985,-2.367734,1.731719
-9.018143,-2.381185,1.791144
-9.077013,-2.397745,1.731719
-9.135883,-2.414305,1.712318
-9.194487,-2.431509,1.772048
-9.253357,-2.448069,1.772048
-9.312227,-2.464629,1.731719
-9.369014,-2.486219,1.731719
-9.426596,-2.505888,1.772048
-9.485466,-2.522448,1.772048
-9.544336,-2.539008,1.731719
-9.602940,-2.556211,1.731719
-9.661810,-2.572771,1.772048
-9.720680,-2.589331,1.772048
-9.781634,-2.600861,1.712318
-9.843684,-2.609745,1.731719
-9.902983,-2.625268,1.791144
-9.961854,-2.641828,1.731719
-10.023103,-2.652644,1.712318
-10.084857,-2.662241,1.772048
-10.143861,-2.678479,1.772048
-10.202540,-2.695501,1.731719
-10.258718,-2.718559,1.731719
-10.317159,-2.736156,1.772048
-10.376029,-2.752716,1.772048
-10.434412,-2.770452,1.731719
-10.490590,-2.793511,1.731719
-10.549327,-2.810394,1.791144
-10.608388,-2.826491,1.772048
-10.669417,-2.837840,1.731719
-10.728287,-2.854400,1.772048
-10.787157,-2.870960,1.791144
-10.846515,-2.886344,1.731719
-10.907543,-2.897693,1.731719
-10.966414,-2.914253,1.772048
-11.025284,-2.930813,1.772048
-11.083887,-2.948016,1.712318
-11.142757,-2.964576,1.731719
-11.201628,-2.981136,1.772048
-11.260498,-2.997696,1.772048
-11.319101,-3.014900,1.712318
-11.377971,-3.031460,1.731719
-11.436842,-3.048020,1.791144
-11.496761,-3.062046,1.731719
-11.557420,-3.074288,1.731719
-11.616290,-3.090848,1.772048
-11.675160,-3.107408,1.772048
-11.733764,-3.124612,1.712318
-11.792634,-3.141172,1.731719
-11.851504,-3.157732,1.772048
-11.910374,-3.174292,1.772048
-11.968978,-3.191495,1.731719
-12.027848,-3.208055,1.791144
-12.086718,-3.224615,1.772048
-12.147200,-3.237283,1.731719
-12.207297,-3.250884,1.772048
-12.266167,-3.267444,1.791144
-12.325037,-3.284004,1.731719
-12.385815,-3.295958,1.731719
-12.445615,-3.310272,1.772048
-12.504485,-3.326832,1.772048
-12.563356,-3.343392,1.731719
-12.621959,-3.360596,1.731719
-12.680829,-3.377156,1.772048
-12.739699,-3.393716,1.772048
-12.798554,-3.410314,1.731719
-12.857157,-3.427518,1.731719
-12.916027,-3.444078,1.791144
-12.974898,-3.460638,1.731719
-13.035926,-3.471986,1.731719
-13.095164,-3.487659,1.772048
-13.154034,-3.504219,1.772048
-13.212638,-3.521422,1.731719
-13.271241,-3.538626,1.731719
-13.330112,-3.555186,1.772048
-13.388982,-3.571746,1.772048
-13.448164,-3.587553,1.712318
-13.509192,-3.598902,1.731719
-13.568063,-3.615462,1.791144
-13.627215,-3.631340,1.772048
-13.688244,-3.642689,1.731719
-13.747114,-3.659249,1.772048
-13.805984,-3.675809,1.791144
-13.864854,-3.692369,1.731719
-13.923458,-3.709572,1.731719
-13.982328,-3.726132,1.772048
-14.041198,-3.742692,1.772048
-14.099802,-3.759896,1.712318
-14.158672,-3.776456,1.731719
-14.217542,-3.793016,1.772048
-14.276412,-3.809576,1.772048
-14.335016,-3.826780,1.712318
-14.393886,-3.843340,1.731719
-14.452756,-3.859900,1.791144
-14.512767,-3.873705,1.731719
-14.575067,-3.881985,1.731719
-14.635309,-3.895233,1.772048
-14.694180,-3.911793,1.731719
-14.752783,-3.928996,1.712318
-14.811653,-3.945556,1.772048
-14.870523,-3.962116,1.772048
-14.929394,-3.978676,1.731719
-14.988264,-3.995236,1.731719
-15.046867,-4.012440,1.772048
-15.105737,-4.029000,1.772048
-15.166311,-4.041448,1.731719
-15.226316,-4.055268,1.731719
-15.285186,-4.071828,1.791144
-15.344056,-4.088388,1.731719
-15.402926,-4.104948,1.712318
-15.461530,-4.122152,1.772048
-15.520400,-4.138712,1.772048
-15.579270,-4.155272,1.731719
-15.640299,-4.166621,1.731719
-15.699712,-4.181869,1.772048
-15.758582,-4.198429,1.772048
-15.817346,-4.215248,1.731719
-15.875949,-4.232451,1.731719
-15.934819,-4.249011,1.791144
-15.993689,-4.265571,1.731719
-16.052696,-4.281802,1.731719
-16.113725,-4.293151,1.772048
-16.172595,-4.309711,1.772048
-16.231198,-4.326915,1.731719
-16.289802,-4.344118,1.731719
-16.348672,-4.360678,1.772048
-16.407542,-4.377238,1.772048
-16.466412,-4.393798,1.731719
-16.525016,-4.411002,1.731719
-16.583886,-4.427562,1.772048
-16.643130,-4.443220,1.772048
-16.704159,-4.454569,1.712318
-16.763029,-4.471129,1.731719
-16.821899,-4.487689,1.791144
-16.880769,-4.504249,1.731719
-16.939373,-4.521452,1.731719
-16.998243,-4.538012,1.772048
-17.057113,-4.554572,1.772048
-17.116948,-4.568802,1.731719
-17.177691,-4.580841,1.731719
-17.236561,-4.597401,1.772048
-17.295432,-4.613961,1.772048
-17.354035,-4.631164,1.712318
-17.412905,-4.647724,1.731719
-17.471776,-4.664284,1.791144
-17.530646,-4.680844,1.772048
-17.591073,-4.693645,1.772048
-17.651224,-4.707113,1.791144
-17.710094,-4.723673,1.731719
-17.768698,-4.740876,1.712318
-17.827568,-4.757436,1.772048
-17.886438,-4.773996,1.772048
-17.945308,-4.790556,1.731719
-18.004178,-4.807116,1.731719
-18.062782,-4.824320,1.772048
-18.121652,-4.840880,1.772048
-18.182317,-4.853108,1.731719
-18.242230,-4.867148,1.731719
-18.301101,-4.883708,1.791144
-18.359971,-4.900268,1.731719
-18.418841,-4.916828,1.712318
-18.477445,-4.934032,1.772048
-18.536315,-4.950592,1.772048
-18.595185,-4.967152,1.731719
-18.653788,-4.984355,1.731719
-18.712659,-5.000915,1.772048
-18.771529,-5.017475,1.772048
-18.830201,-5.034514,1.712318
-18.888804,-5.051717,1.731719
-18.947675,-5.068277,1.791144
-19.006545,-5.084837,1.772048
-19.067573,-5.096186,1.731719
-19.126629,-5.112298,1.772048
-19.185499,-5.128858,1.791144
-19.244103,-5.146062,1.731719
-19.302706,-5.163265,1.731719
-19.361577,-5.179825,1.772048
-19.420447,-5.196385,1.772048
-19.479050,-5.213589,1.712318
-19.537735,-5.230597,1.731719
-19.596605,-5.247157,1.772048
-19.655940,-5.262595,1.772048
-19.716969,-5.273943,1.712318
-19.775839,-5.290503,1.731719
-19.834709,-5.307063,1.791144
-19.894340,-5.321787,1.731719
-19.955287,-5.333332,1.731719
-20.014157,-5.349892,1.772048
-20.073028,-5.366452,1.772048
-20.131631,-5.383655,1.712318
-20.190501,-5.400215,1.731719
-20.249372,-5.416775,1.772048
-20.308242,-5.433335,1.772048
-20.366845,-5.450539,1.712318
-20.425715,-5.467099,1.731719
-20.484586,-5.483659,1.791144
-20.544779,-5.497025,1.772048
-20.605164,-5.509927,1.772048
-20.664034,-5.526487,1.791144
-20.722904,-5.543047,1.731719
-20.781508,-5.560251,1.731719
-20.840378,-5.576811,1.772048
-20.899248,-5.593371,1.772048
-20.958118,-5.609931,1.731719
-21.016722,-5.627135,1.731719
-21.075592,-5.643695,1.772048
-21.134462,-5.660255,1.772048
-21.195218,-5.672263,1.712318
-21.255041,-5.686523,1.731719
-21.313911,-5.703083,1.791144
-21.372781,-5.719643,1.731719
-21.433810,-5.730992,1.731719
-21.493337,-5.745966,1.772048
-21.552207,-5.762526,1.772048
-21.611077,-5.779086,1.731719
-21.672106,-5.790435,1.731719
-21.731337,-5.806123,1.772048
-21.790207,-5.822683,1.772048
-21.848811,-5.839887,1.731719
-21.907414,-5.857090,1.731719
-21.966284,-5.873650,1.791144
-22.025154,-5.890210,1.772048
-22.083758,-5.907414,1.731719
-22.142362,-5.924618,1.772048
-22.201232,-5.941178,1.791144
-22.260391,-5.957039,1.731719
-22.321420,-5.968388,1.731719
-22.380290,-5.984948,1.772048
-22.439160,-6.001508,1.772048
-22.497764,-6.018712,1.731719
-22.556539,-6.035500,1.731719
-22.615410,-6.052060,1.772048
-22.674280,-6.068620,1.772048
-22.734031,-6.083053,1.712318
-22.794858,-6.094888,1.731719
-22.853728,-6.111448,1.791144
-22.913450,-6.125952,1.772048
-22.974307,-6.137717,1.731719
-23.033177,-6.154277,1.772048
-23.092047,-6.170837,1.791144
-23.150917,-6.187397,1.731719
-23.209521,-6.204600,1.731719
-23.268391,-6.221160,1.772048
-23.327261,-6.237720,1.772048
-23.385865,-6.254924,1.712318
-23.444735,-6.271484,1.731719
-23.503605,-6.288044,1.772048
-23.562475,-6.304604,1.731719
-23.623084,-6.316965,1.772048
-23.683053,-6.330872,1.791144
-23.741923,-6.347432,1.731719
-23.802503,-6.359864,1.712318
-23.862502,-6.373701,1.772048
-23.921372,-6.390261,1.772048
-23.980242,-6.406821,1.731719
-24.036840,-6.428866,1.731719
-24.094611,-6.448079,1.772048
-24.153481,-6.464639,1.772048
-24.212352,-6.481199,1.731719
-24.273380,-6.492548,1.731719
-24.332787,-6.507813,1.791144
-24.391657,-6.524373,1.772048
-24.452800,-6.535447,1.731719
-24.514661,-6.544786,1.772048
-24.573771,-6.560765,1.791144
-24.632642,-6.577325,1.731719
-24.691245,-6.594529,1.712318
-24.749849,-6.611732,1.772048
-24.808719,-6.628292,1.772048
-24.867209,-6.645770,1.731719
-24.923387,-6.668829,1.731719
-24.982017,-6.685970,1.791144
-25.040887,-6.702530,1.772048
-25.099491,-6.719733,1.731719
-25.158094,-6.736937,1.772048
-25.216964,-6.753497,1.791144
-25.276215,-6.769139,1.731719
-25.337243,-6.780488,1.731719
-25.396114,-6.797048,1.772048
-25.454984,-6.813608,1.772048
-25.514530,-6.828536,1.731719
-25.575559,-6.839884,1.731719
-25.634429,-6.856444,1.772048
-25.693299,-6.873004,1.772048
-25.753141,-6.887218,1.731719
-25.813877,-6.899273,1.731719
-25.872747,-6.915833,1.791144
-25.931618,-6.932393,1.772048
-25.990221,-6.949596,1.731719
-26.049091,-6.966156,1.772048
-26.107962,-6.982716,1.791144
-26.166832,-6.999276,1.731719
-26.225435,-7.016480,1.731719
-26.284305,-7.033040,1.772048
-26.343176,-7.049600,1.731719
-26.403580,-7.062456,1.731719
-26.463754,-7.075868,1.772048
-26.522624,-7.092428,1.772048
-26.581494,-7.108988,1.731719
-26.642195,-7.121130,1.731719
-26.702073,-7.135257,1.791144
-26.760943,-7.151817,1.731719
-26.819813,-7.168377,1.712318
-26.880809,-7.179804,1.772048
-26.940391,-7.194645,1.772048
-26.999261,-7.211205,1.731719
-27.055768,-7.233471,1.712318
-27.113631,-7.252464,1.772048
-27.172501,-7.269024,1.772048
-27.231371,-7.285584,1.731719
-27.287582,-7.308564,1.731719
-27.345740,-7.326843,1.791144
-27.404610,-7.343403,1.772048
-27.465639,-7.354751,1.731719
-27.524984,-7.370165,1.772048
-27.583854,-7.386725,1.791144
-27.642549,-7.403709,1.731719
-27.701152,-7.420913,1.731719
-27.760022,-7.437473,1.772048
-27.818892,-7.454033,1.772048
-27.877496,-7.471236,1.712318
-27.936100,-7.488440,1.731719
-27.994970,-7.505000,1.772048
-28.054015,-7.521136,1.772048
-28.115044,-7.532485,1.712318
-28.173914,-7.549045,1.731719
-28.232784,-7.565605,1.791144
-28.292126,-7.581027,1.731719
-28.353155,-7.592376,1.731719
-28.412025,-7.608936,1.772048
-28.470895,-7.625496,1.772048
-28.529499,-7.642699,1.712318
-28.588369,-7.659259,1.731719
-28.647239,-7.675819,1.772048
-28.706109,-7.692379,1.772048
-28.764713,-7.709583,1.712318
-28.823583,-7.726143,1.731719
-28.882453,-7.742703,1.791144
-28.942357,-7.756767,1.772048
-29.003031,-7.768971,1.731719
-29.061901,-7.785531,1.772048
-29.120772,-7.802091,1.791144
-29.180971,-7.815441,1.731719
-29.241350,-7.828360,1.772048
-29.300220,-7.844920,1.772048
-29.359090,-7.861480,1.731719
-29.417694,-7.878683,1.731719
-29.476564,-7.895243,1.772048
-29.535434,-7.911803,1.772048
-29.594304,-7.928363,1.731719
-29.652908,-7.945567,1.731719
-29.711778,-7.962127,1.791144
-29.770648,-7.978687,1.772048
-29.831410,-7.990679,1.731719
-29.891227,-8.004955,1.772048
-29.950097,-8.021515,1.791144
-30.008967,-8.038075,1.731719
-30.067570,-8.055279,1.731719
-30.126441,-8.071839,1.772048
-30.185311,-8.088399,1.772048
-30.244181,-8.104959,1.731719
-30.302784,-8.122162,1.731719
-30.361655,-8.138722,1.791144
-30.420525,-8.155282,1.772048
