#s_m,x_m,y_m,psi_rad,kappa_radpm,vx_mps,ax_mps2
0.0000000,-30.3199390,-8.8037397,3.3090172,-0.1045199,8.1058741,-3.4222708
0.1999567,-30.5174158,-8.8349329,3.2871959,-0.1135466,8.0210089,-3.1534729
0.3999133,-30.7155521,-8.8616374,3.2636446,-0.1221752,7.9420065,-2.8880727
0.5998700,-30.9142974,-8.8835039,3.2384593,-0.1296717,7.8689573,-2.3104590
0.7998266,-31.1135547,-8.9002026,3.2116296,-0.1389856,7.8100260,-0.9438876
0.9997833,-31.3132147,-8.9113660,3.1830049,-0.1470088,7.7858225,-0.6603368
1.1997399,-31.5131334,-8.9166658,3.1530368,-0.1519986,7.7688451,-0.6755163
1.3996966,-31.7131372,-8.9158854,3.1222076,-0.1562280,7.7514390,-0.6852904
1.5996533,-31.9130308,-8.9088548,3.0905342,-0.1602406,7.7337410,-0.6910948
1.7996099,-32.1126047,-8.8954188,3.0580874,-0.1639200,7.7158520,-0.6936120
1.9995666,-32.3116356,-8.8754436,3.0249371,-0.1671644,7.6978560,-0.6928788
2.1995232,-32.5098905,-8.8488217,2.9911969,-0.1697207,7.6798370,-0.6886403
2.3994799,-32.7071303,-8.8154818,2.9570365,-0.1712571,7.6618862,-0.6805616
2.5994366,-32.9031161,-8.7754026,2.9227055,-0.1713061,7.6441045,-0.6683133
2.7993932,-33.0976141,-8.7286312,2.8885640,-0.1692259,7.6266026,-0.6515725
2.9993499,-33.2904014,-8.6753107,2.8551273,-0.1641340,7.6095003,-0.6299991
3.1993065,-33.4812709,-8.6157187,2.8231242,-0.1548429,7.5929276,-0.6032517
3.3992632,-33.6700461,-8.5503187,2.7935603,-0.1398422,7.5770245,-0.5710986
3.5992198,-33.8566210,-8.4798123,2.7677492,-0.1175021,7.5619383,-0.5275272
3.7991765,-34.0423756,-8.4046076,2.7470668,-0.0877783,7.5479763,-0.4834016
3.9991332,-34.2264116,-8.3263263,2.7329048,-0.0541895,7.5351594,-0.4381761
4.1990898,-34.4091152,-8.2462579,2.7251231,-0.0258028,7.5235227,-0.3824942
4.3990465,-34.5915748,-8.1650571,2.7207861,-0.0223859,7.5133501,-0.3291990
4.5990031,-34.7735818,-8.0829855,2.7142061,-0.0501884,7.5045838,-0.2731641
4.7989598,-34.9552568,-7.9988429,2.7001673,-0.0910442,7.4973020,-0.2089936
4.9989164,-35.1340713,-7.9117487,2.6742031,-0.1612840,7.4917259,-0.1542407
5.1988731,-35.3106829,-7.8187481,2.6388063,-0.1853297,7.4876081,-0.1025774
5.3988298,-35.4841817,-7.7190535,2.6010829,-0.1916912,7.4848682,-0.0554375
5.5987864,-35.6537929,-7.6127374,2.5621945,-0.1944051,7.4833871,-0.0130093
5.7987431,-35.8191606,-7.4998852,2.5234136,-0.1912208,7.4830395,0.0250581
5.9986997,-35.9801039,-7.3807647,2.4856406,-0.1849751,7.4837090,0.0600353
6.1986564,-36.1365238,-7.2557611,2.4493303,-0.1772363,7.4853129,0.0942549
6.3986131,-36.2883776,-7.1253166,2.4147140,-0.1687664,7.4878304,0.1323201
6.5985697,-36.4356497,-6.9899143,2.3819032,-0.1598989,7.4913630,0.1914205
6.7985264,-36.5784324,-6.8499754,2.3509169,-0.1505219,7.4964706,0.2722629
6.9984830,-36.7170336,-6.7057066,2.3217250,-0.1412441,7.5037293,0.3998856
7.1984397,-36.8515343,-6.5575403,2.2943652,-0.1319407,7.5143777,0.6020603
7.3983963,-36.9820659,-6.4058835,2.2689110,-0.1219913,7.5303814,0.9154178
7.5983530,-37.1088114,-6.2511411,2.2455705,-0.1109851,7.5546497,1.3776379
7.7983097,-37.2320529,-6.0936785,2.2246276,-0.0973595,7.5910255,2.0031848
7.9982663,-37.3521645,-5.9339314,2.2069960,-0.0784671,7.6436096,2.7318972
8.1982230,-37.4697223,-5.7724107,2.1937170,-0.0552936,7.7147450,3.4138032
8.3981796,-37.5854508,-5.6094963,2.1834503,-0.0469596,7.8027249,3.9376644
8.5981363,-37.6996902,-5.4454355,2.1749566,-0.0378320,7.9029893,4.3153660
8.7980930,-37.8126897,-5.2804876,2.1681541,-0.0300709,8.0114301,4.5841158
8.9980496,-37.9246835,-5.1148368,2.1625725,-0.0256631,8.1250392,4.7711179
9.1980063,-38.0358194,-4.9486015,2.1577206,-0.0228258,8.2416197,4.9002608
9.3979629,-38.1461873,-4.7818560,2.1533057,-0.0213019,8.3596636,4.7861193
9.5979196,-38.2558398,-4.6146447,2.1491753,-0.0200661,8.4733705,1.1288147
9.7978762,-38.3648089,-4.4469957,2.1451362,-0.0203579,8.4999668,0.0000043
9.9978329,-38.4730886,-4.2789088,2.1409909,-0.0210145,8.4999669,0.0000057
10.1977896,-38.5806608,-4.1103757,2.1367988,-0.0207746,8.4999670,0.0000058
10.3977462,-38.6875331,-3.9414046,2.1327673,-0.0195591,8.4999672,0.0000051
10.5977029,-38.7937519,-3.7720032,2.1289720,-0.0183832,8.4999673,0.0000037
10.7976595,-38.8993618,-3.6021894,2.1254245,-0.0167550,8.4999674,0.0000023
10.9976162,-39.0044009,-3.4320366,2.1223866,-0.0138462,8.4999674,0.0000015
11.1975728,-39.1089594,-3.2616021,2.1198209,-0.0118585,8.4999675,0.0000012
11.3975295,-39.2131164,-3.0909141,2.1176304,-0.0100619,8.4999675,0.0000011
11.5974862,-39.3169285,-2.9200186,2.1157930,-0.0083462,8.4999675,0.0000010
11.7974428,-39.4204556,-2.7489489,2.1142836,-0.0067788,8.4999675,0.0000010
11.9973995,-39.5237504,-2.5777388,2.1130738,-0.0053549,8.4999676,0.0000009
12.1973561,-39.6268617,-2.4064177,2.1121332,-0.0040859,8.4999676,0.0000009
12.3973128,-39.7298327,-2.2350121,2.1114311,-0.0029693,8.4999676,0.0000008
12.5972695,-39.8327017,-2.0635451,2.1109374,-0.0020013,8.4999676,0.0000008
12.7972261,-39.9355020,-1.8920367,2.1106229,-0.0011742,8.4999676,0.0000007
12.9971828,-40.0382617,-1.7205039,2.1104605,-0.0004790,8.4999677,0.0000007
13.1971394,-40.1410048,-1.5489611,2.1104247,0.0000948,8.4999677,0.0000007
13.3970961,-40.2437510,-1.3774200,2.1104923,0.0005582,8.4999677,0.0000006
13.5970527,-40.3465162,-1.2058903,2.1106425,0.0009227,8.4999677,0.0000006
13.7970094,-40.4493129,-1.0343794,2.1108565,0.0011994,8.4999677,0.0000005
13.9969661,-40.5521506,-0.8628931,2.1111180,0.0013994,8.4999677,0.0000005
14.1969227,-40.6550362,-0.6914355,2.1114126,0.0015331,8.4999677,0.0000005
14.3968794,-40.7579742,-0.5200094,2.1117280,0.0016103,8.4999678,0.0000004
14.5968360,-40.8609673,-0.3486163,2.1120540,0.0016402,8.4999678,0.0000004
14.7967927,-40.9640166,-0.1772570,2.1123818,0.0016309,8.4999678,0.0000004
14.9967493,-41.0671217,-0.0059313,2.1127045,0.0015902,8.4999678,0.0000003
15.1967060,-41.1702812,0.1653617,2.1130164,0.0015246,8.4999678,0.0000003
15.3966627,-41.2734930,0.3366232,2.1133131,0.0014402,8.4999678,0.0000002
15.5966193,-41.3767539,0.5078550,2.1135915,0.0013420,8.4999678,0.0000002
15.7965760,-41.4800609,0.6790591,2.1138493,0.0012346,8.4999678,0.0000002
15.9965326,-41.5834100,0.8502377,2.1140849,0.0011216,8.4999678,0.0000001
16.1964893,-41.6867976,1.0213931,2.1142977,0.0010063,8.4999678,0.0000001
16.3964460,-41.7902195,1.1925277,2.1144874,0.0008911,8.4999678,0.0000001
16.5964026,-41.8936720,1.3636438,2.1146542,0.0007783,8.4999678,0.0000000
16.7963593,-41.9971510,1.5347438,2.1147988,0.0006694,8.4999678,-0.0000000
16.9963159,-42.1006530,1.7058299,2.1149222,0.0005657,8.4999678,-0.0000000
17.1962726,-42.2041743,1.8769042,2.1150254,0.0004682,8.4999678,-0.0000001
17.3962292,-42.3077116,2.0479688,2.1151099,0.0003774,8.4999678,-0.0000001
17.5961859,-42.4112618,2.2190255,2.1151768,0.0002938,8.4999678,-0.0000001
17.7961426,-42.5148220,2.3900761,2.1152278,0.0002176,8.4999678,-0.0000002
17.9960992,-42.6183897,2.5611221,2.1152643,0.0001488,8.4999678,-0.0000002
18.1960559,-42.7219625,2.7321649,2.1152878,0.0000874,8.4999678,-0.0000003
18.3960125,-42.8255382,2.9032059,2.1152998,0.0000333,8.4999678,-0.0000003
18.5959692,-42.9291150,3.0742461,2.1153016,-0.0000138,8.4999678,-0.0000003
18.7959259,-43.0326914,3.2452864,2.1152947,-0.0000541,8.4999678,-0.0000003
18.9958825,-43.1362658,3.4163279,2.1152804,-0.0000879,8.4999678,-0.0000004
19.1958392,-43.2398373,3.5873711,2.1152601,-0.0001153,8.4999678,-0.0000004
19.3957958,-43.3434048,3.7584165,2.1152348,-0.0001368,8.4999678,-0.0000004
19.5957525,-43.4469676,3.9294648,2.1152058,-0.0001526,8.4999677,-0.0000005
19.7957091,-43.5505251,4.1005161,2.1151742,-0.0001629,8.4999677,-0.0000005
19.9956658,-43.6540771,4.2715707,2.1151410,-0.0001680,8.4999677,-0.0000005
20.1956225,-43.7576233,4.4426288,2.1151074,-0.0001681,8.4999677,-0.0000005
20.3955791,-43.8611638,4.6136903,2.1150742,-0.0001632,8.4999677,-0.0000006
20.5955358,-43.9646987,4.7847551,2.1150424,-0.0001543,8.4999677,-0.0000006
20.7954924,-44.0682283,4.9558230,2.1150132,-0.0001412,8.4999677,-0.0000006
20.9954491,-44.1717528,5.1268939,2.1149819,-0.0001755,8.4999677,-0.0000006
21.1954057,-44.2752707,5.2979681,2.1149378,-0.0002490,8.4999676,-0.0000005
21.3953624,-44.3787816,5.4690468,2.1149078,-0.0000598,8.4999676,-0.0000004
21.5953191,-44.4822898,5.6401276,2.1148992,-0.0000260,8.4999676,-0.0000004
21.7952757,-44.5857972,5.8112088,2.1148985,0.0000190,8.4999676,-0.0000004
21.9952324,-44.6893052,5.9822896,2.1149062,0.0000584,8.4999676,-0.0000004
22.1951890,-44.7928153,6.1533693,2.1149220,0.0000992,8.4999676,-0.0000004
22.3951457,-44.8963287,6.3244470,2.1149458,0.0001384,8.4999676,-0.0000004
22.5951024,-44.9998469,6.4955218,2.1149771,0.0001754,8.4999676,-0.0000003
22.7950590,-45.1033711,6.6665930,2.1150156,0.0002090,8.4999676,-0.0000003
22.9950157,-45.2069023,6.8376599,2.1150602,0.0002376,8.4999676,-0.0000003
23.1949723,-45.3104417,7.0087219,2.1151100,0.0002598,8.4999676,-0.0000003
23.3949290,-45.4139900,7.1797786,2.1151634,0.0002737,8.4999676,-0.0000003
23.5948856,-45.5175476,7.3508297,2.1152185,0.0002772,8.4999675,-0.0000003
23.7948423,-45.6211145,7.5218751,2.1152730,0.0002681,8.4999675,-0.0000003
23.9947990,-45.7246906,7.6929150,2.1153242,0.0002439,8.4999675,-0.0000002
24.1947556,-45.8282749,7.8639499,2.1153688,0.0002019,8.4999675,-0.0000002
24.3947123,-45.9318661,8.0349807,2.1154030,0.0001393,8.4999675,-0.0000002
24.5946689,-46.0354618,8.2060087,2.1154223,0.0000532,8.4999675,-0.0000002
24.7946256,-46.1390593,8.3770356,2.1154217,-0.0000597,8.4999675,-0.0000002
24.9945822,-46.2426545,8.5480640,2.1153955,-0.0002022,8.4999675,-0.0000002
25.1945389,-46.3462427,8.7190966,2.1153376,-0.0003776,8.4999675,-0.0000002
25.3944956,-46.4498177,8.8901371,2.1152411,-0.0005887,8.4999675,-0.0000001
25.5944522,-46.5533724,9.0611900,2.1150985,-0.0008382,8.4999675,-0.0000001
25.7944089,-46.6568982,9.2322604,2.1149020,-0.0011282,8.4999675,-0.0000001
25.9943655,-46.7603852,9.4033542,2.1146433,-0.0014605,8.4999675,-0.0000001
26.1943222,-46.8638220,9.5744784,2.1143138,-0.0018361,8.4999675,-0.0000001
26.3942789,-46.9671958,9.7456407,2.1139049,-0.0022549,8.4999675,-0.0000001
26.5942355,-47.0704921,9.9168497,2.1134080,-0.0027160,8.4999675,-0.0000000
26.7941922,-47.1736952,10.0881150,2.1128150,-0.0032167,8.4999675,-0.0000000
26.9941488,-47.2767880,10.2594466,2.1121183,-0.0037531,8.4999675,0.0000000
27.1941055,-47.3797520,10.4308557,2.1113113,-0.0043191,8.4999675,0.0000000
27.3940621,-47.4825678,10.6023537,2.1103890,-0.0049066,8.4999675,0.0000001
27.5940188,-47.5852152,10.7739526,2.1093480,-0.0055054,8.4999675,0.0000001
27.7939755,-47.6876737,10.9456643,2.1081874,-0.0061023,8.4999675,0.0000001
27.9939321,-47.7899227,11.1175008,2.1069091,-0.0066821,8.4999675,0.0000000
28.1938888,-47.8919421,11.2894738,2.1055183,-0.0072265,8.4999675,-0.0000000
28.3938454,-47.9937133,11.4615938,2.1040241,-0.0077154,8.4999675,-0.0000002
28.5938021,-48.0952191,11.6338703,2.1024397,-0.0081271,8.4999675,-0.0000004
28.7937587,-48.1964453,11.8063113,2.1007828,-0.0084398,8.4999675,-0.0000006
28.9937154,-48.2973809,11.9789226,2.0990751,-0.0086339,8.4999675,-0.0000004
29.1936721,-48.3980191,12.1517075,2.0973418,-0.0086945,8.4999675,0.0000001
29.3936287,-48.4983573,12.3246667,2.0956104,-0.0086155,8.4999675,0.0000001
29.5935854,-48.5983981,12.4977982,2.0939081,-0.0084043,8.4999675,0.0000001
29.7935420,-48.6981483,12.6710971,2.0922597,-0.0080765,8.4999675,0.0000001
29.9934987,-48.7976190,12.8445567,2.0906867,-0.0076518,8.4999675,0.0000001
30.1934554,-48.8968246,13.0181681,2.0892063,-0.0071523,8.4999675,0.0000001
30.3934120,-48.9957819,13.1919211,2.0878311,-0.0065996,8.4999675,0.0000001
30.5933687,-49.0945101,13.3658044,2.0865699,-0.0060139,8.4999675,0.0000001
30.7933253,-49.1930292,13.5398062,2.0854275,-0.0054130,8.4999675,0.0000000
30.9932820,-49.2913599,13.7139146,2.0844052,-0.0048124,8.4999675,0.0000000
31.1932386,-49.3895229,13.8881175,2.0835019,-0.0042246,8.4999675,0.0000000
31.3931953,-49.4875387,14.0624034,2.0827139,-0.0036599,8.4999675,0.0000000
31.5931520,-49.5854267,14.2367610,2.0820357,-0.0031261,8.4999675,0.0000000
31.7931086,-49.6832056,14.4111798,2.0814607,-0.0026287,8.4999675,0.0000000
31.9930653,-49.7808926,14.5856501,2.0809812,-0.0021717,8.4999675,0.0000000
32.1930219,-49.8785037,14.7601629,2.0805888,-0.0017573,8.4999675,0.0000000
32.3929786,-49.9760532,14.9347101,2.0802749,-0.0013863,8.4999675,0.0000000
32.5929353,-50.0735542,15.1092844,2.0800309,-0.0010584,8.4999675,0.0000001
32.7928919,-50.1710180,15.2838794,2.0798482,-0.0007725,8.4999675,0.0000001
32.9928486,-50.2684548,15.4584896,2.0797187,-0.0005269,8.4999675,0.0000001
33.1928052,-50.3658729,15.6331101,2.0796345,-0.0003190,8.4999675,0.0000001
33.3927619,-50.4632798,15.8077369,2.0795884,-0.0001461,8.4999675,0.0000001
33.5927185,-50.5606815,15.9823666,2.0795735,-0.0000053,8.4999675,0.0000001
33.7926752,-50.6580828,16.1569965,2.0795839,0.0001065,8.4999675,0.0000001
33.9926319,-50.7554878,16.3316244,2.0796141,0.0001925,8.4999675,0.0000001
34.1925885,-50.8528994,16.5062485,2.0796591,0.0002557,8.4999675,0.0000001
34.3925452,-50.9503198,16.6808678,2.0797148,0.0002993,8.4999675,0.0000001
34.5925018,-51.0477506,16.8554812,2.0797775,0.0003259,8.4999675,0.0000002
34.7924585,-51.1451928,17.0300883,2.0798440,0.0003384,8.4999675,0.0000002
34.9924151,-51.2426467,17.2046889,2.0799119,0.0003391,8.4999675,0.0000002
35.1923718,-51.3401124,17.3792828,2.0799789,0.0003304,8.4999675,0.0000002
35.3923285,-51.4375897,17.5538704,2.0800434,0.0003142,8.4999675,0.0000002
35.5922851,-51.5350778,17.7284518,2.0801041,0.0002923,8.4999675,0.0000002
35.7922418,-51.6325762,17.9030275,2.0801600,0.0002664,8.4999675,0.0000002
35.9921984,-51.7300839,18.0775981,2.0802104,0.0002377,8.4999675,0.0000002
36.1921551,-51.8275998,18.2521640,2.0802549,0.0002075,8.4999675,0.0000002
36.3921118,-51.9251230,18.4267259,2.0802934,0.0001767,8.4999675,0.0000002
36.5920684,-52.0226524,18.6012844,2.0803256,0.0001461,8.4999675,0.0000002
36.7920251,-52.1201869,18.7758400,2.0803518,0.0001164,8.4999676,0.0000002
36.9919817,-52.2177254,18.9503933,2.0803723,0.0000881,8.4999676,0.0000003
37.1919384,-52.3152670,19.1249449,2.0803872,0.0000615,8.4999676,0.0000003
37.3918950,-52.4128108,19.2994954,2.0803970,0.0000370,8.4999676,0.0000003
37.5918517,-52.5103559,19.4740451,2.0804022,0.0000147,8.4999676,0.0000003
37.7918084,-52.6079015,19.6485945,2.0804031,-0.0000053,8.4999676,0.0000003
37.9917650,-52.7054469,19.8231440,2.0804002,-0.0000229,8.4999676,0.0000003
38.1917217,-52.8029916,19.9976940,2.0803941,-0.0000381,8.4999676,0.0000003
38.3916783,-52.9005349,20.1722447,2.0803851,-0.0000511,8.4999676,0.0000003
38.5916350,-52.9980765,20.3467964,2.0803738,-0.0000618,8.4999676,0.0000003
38.7915916,-53.0956159,20.5213493,2.0803606,-0.0000705,8.4999676,0.0000003
38.9915483,-53.1931528,20.6959036,2.0803458,-0.0000773,8.4999676,0.0000003
39.1915050,-53.2906871,20.8704594,2.0803298,-0.0000824,8.4999676,0.0000003
39.3914616,-53.3882185,21.0450168,2.0803130,-0.0000858,8.4999676,0.0000003
39.5914183,-53.4857470,21.2195759,2.0802956,-0.0000879,8.4999676,0.0000003
39.7913749,-53.5832723,21.3941368,2.0802779,-0.0000889,8.4999677,0.0000003
39.9913316,-53.6807946,21.5686994,2.0802601,-0.0000889,8.4999677,0.0000003
40.1912883,-53.7783138,21.7432637,2.0802424,-0.0000881,8.4999677,0.0000004
40.3912449,-53.8758299,21.9178297,2.0802249,-0.0000869,8.4999677,0.0000004
40.5912016,-53.9733430,22.0923975,2.0802077,-0.0000854,8.4999677,0.0000004
40.7911582,-54.0708532,22.2669669,2.0801908,-0.0000839,8.4999677,0.0000004
40.9911149,-54.1683604,22.4415380,2.0801741,-0.0000826,8.4999677,0.0000004
41.1910715,-54.2658647,22.6161107,2.0801577,-0.0000818,8.4999677,0.0000004
41.3910282,-54.3633662,22.7906850,2.0801414,-0.0000818,8.4999677,0.0000004
41.5909849,-54.4608648,22.9652610,2.0801249,-0.0000830,8.4999677,0.0000004
41.7909415,-54.5583605,23.1398385,2.0801081,-0.0000852,8.4999677,0.0000004
41.9908982,-54.6558533,23.3144178,2.0800905,-0.0000906,8.4999678,0.0000004
42.1908548,-54.7533429,23.4889989,2.0800722,-0.0000943,8.4999678,0.0000004
42.3908115,-54.8508290,23.6635819,2.0800476,-0.0001561,8.4999678,0.0000004
42.5907682,-54.9483089,23.8381684,2.0799970,-0.0003419,8.4999678,0.0000004
42.7907248,-55.0457791,24.0127605,2.0799496,-0.0001340,8.4999678,0.0000004
42.9906815,-55.1432435,24.1873557,2.0799238,-0.0001240,8.4999678,0.0000004
43.1906381,-55.2407031,24.3619529,2.0798983,-0.0001313,8.4999678,0.0000003
43.3905948,-55.3381582,24.5365527,2.0798708,-0.0001437,8.4999678,0.0000002
43.5905514,-55.4356083,24.7111554,2.0798405,-0.0001596,8.4999678,0.0000002
43.7905081,-55.5330528,24.8857614,2.0798066,-0.0001797,8.4999678,0.0000001
43.9904648,-55.6304911,25.0603709,2.0797682,-0.0002041,8.4999678,0.0000001
44.1904214,-55.7279223,25.2349845,2.0797246,-0.0002330,8.4999678,0.0000000
44.3903781,-55.8253454,25.4096028,2.0796747,-0.0002664,8.4999678,-0.0000001
44.5903347,-55.9227593,25.5842264,2.0796176,-0.0003043,8.4999678,-0.0000001
44.7902914,-56.0201625,25.7588560,2.0795526,-0.0003464,8.4999678,-0.0000002
44.9902480,-56.1175537,25.9334924,2.0794788,-0.0003922,8.4999678,-0.0000002
45.1902047,-56.2149312,26.1081366,2.0793955,-0.0004410,8.4999678,-0.0000003
45.3901614,-56.3122934,26.2827894,2.0793023,-0.0004920,8.4999678,-0.0000004
45.5901180,-56.4096384,26.4574518,2.0791987,-0.0005439,8.4999678,-0.0000004
45.7900747,-56.5069644,26.6321249,2.0790848,-0.0005951,8.4999678,-0.0000005
45.9900313,-56.6042697,26.8068096,2.0789610,-0.0006437,8.4999678,-0.0000006
46.1899880,-56.7015525,26.9815068,2.0788278,-0.0006873,8.4999678,-0.0000006
46.3899447,-56.7988113,27.1562174,2.0786867,-0.0007233,8.4999678,-0.0000007
46.5899013,-56.8960449,27.3309420,2.0785394,-0.0007483,8.4999677,-0.0000007
46.7898580,-56.9932524,27.5056811,2.0783885,-0.0007588,8.4999677,-0.0000008
46.9898146,-57.0904334,27.6804349,2.0782373,-0.0007503,8.4999677,-0.0000008
47.1897713,-57.1875883,27.8552032,2.0780901,-0.0007183,8.4999677,-0.0000009
47.3897279,-57.2847181,28.0299853,2.0779520,-0.0006576,8.4999677,-0.0000009
47.5896846,-57.3818250,28.2047801,2.0778295,-0.0005624,8.4999676,-0.0000010
47.7896413,-57.4789123,28.3795856,2.0777299,-0.0004267,8.4999676,-0.0000010
47.9895979,-57.5759848,28.5543993,2.0776620,-0.0002441,8.4999676,-0.0000010
48.1895546,-57.6730489,28.7292175,2.0776359,-0.0000078,8.4999676,-0.0000011
48.3895112,-57.7701129,28.9040357,2.0776630,0.0002890,8.4999675,-0.0000011
48.5894679,-57.8671870,29.0788481,2.0777560,0.0006530,8.4999675,-0.0000011
48.7894245,-57.9642842,29.2536475,2.0779291,0.0010908,8.4999675,-0.0000011
48.9893812,-58.0614196,29.4284255,2.0781976,0.0016086,8.4999675,-0.0000011
49.1893379,-58.1586115,29.6031720,2.0785781,0.0022116,8.4999674,-0.0000011
49.3892945,-58.2558808,29.7778753,2.0790881,0.0029042,8.4999674,-0.0000011
49.5892512,-58.3532517,29.9525218,2.0797458,0.0036890,8.4999674,-0.0000010
49.7892078,-58.4507517,30.1270962,2.0805697,0.0045670,8.4999674,-0.0000010
49.9891645,-58.5484114,30.3015812,2.0815785,0.0055367,8.4999673,-0.0000009
50.1891212,-58.6462643,30.4759577,2.0827899,0.0065937,8.4999673,-0.0000009
50.3890778,-58.7443473,30.6502048,2.0842209,0.0077301,8.4999673,-0.0000008
50.5890345,-58.8426996,30.8242999,2.0858860,0.0089342,8.4999673,-0.0000007
50.7889911,-58.9413630,30.9982189,2.0877973,0.0101897,8.4999673,-0.0000006
50.9889478,-59.0403805,31.1719364,2.0899630,0.0114752,8.4999673,-0.0000006
51.1889044,-59.1397964,31.3454262,2.0923863,0.0127640,8.4999672,-0.0000006
51.3888611,-59.2396545,31.5186618,2.0950649,0.0140239,8.4999672,-0.0000008
51.5888178,-59.3399978,31.6916167,2.0979890,0.0152169,8.4999672,-0.0000011
51.7887744,-59.4408663,31.8642659,2.1011410,0.0163006,8.4999672,-0.0000018
51.9887311,-59.5422964,32.0365857,2.1044944,0.0172292,8.4999671,-0.0000028
52.1886877,-59.6443185,32.2085557,2.1080135,0.0179569,8.4999671,-0.0000039
52.3886444,-59.7469564,32.3801590,2.1116540,0.0184441,8.4999670,-0.0000030
52.5886010,-59.8502251,32.5513835,2.1153647,0.0186623,8.4999669,-0.0000005
52.7885577,-59.9541306,32.7222224,2.1190910,0.0186036,8.4999669,-0.0000004
52.9885144,-60.0586702,32.8926755,2.1227812,0.0183008,8.4999669,-0.0000003
53.1884710,-60.1638318,33.0627456,2.1263893,0.0177932,8.4999669,-0.0000000
53.3884277,-60.2695976,33.2324387,2.1299097,0.0174059,8.4999669,0.0000003
53.5883843,-60.3759508,33.4017611,2.1333288,0.0167600,8.4999669,0.0000007
53.7883410,-60.4828702,33.5707288,2.1365781,0.0157728,8.4999669,0.0000008
53.9882977,-60.5903244,33.7393584,2.1396721,0.0151837,8.4999669,0.0000008
54.1882543,-60.6982899,33.9076602,2.1426568,0.0146891,8.4999669,0.0000008
54.3882110,-60.8067503,34.0756440,2.1455614,0.0143896,8.4999670,0.0000008
54.5881676,-60.9156943,34.2433145,2.1484277,0.0143120,8.4999670,0.0000008
54.7881243,-61.0251187,34.4106721,2.1513039,0.0144955,8.4999670,0.0000009
54.9880809,-61.1350286,34.5777113,2.1542448,0.0149645,8.4999670,0.0000010
55.1880376,-61.2454389,34.7444205,2.1573094,0.0157359,8.4999670,0.0000012
55.3879943,-61.3563741,34.9107809,2.1605589,0.0168163,8.4999671,0.0000015
55.5879509,-61.4678691,35.0767670,2.1640551,0.0182031,8.4999671,0.0000018
55.7879076,-61.5799684,35.2423458,2.1678580,0.0198830,8.4999671,0.0000022
55.9878642,-61.6927260,35.4074772,2.1720242,0.0218321,8.4999672,0.0000026
56.1878209,-61.8062040,35.5721146,2.1766043,0.0240156,8.4999673,0.0000030
56.3877776,-61.9204719,35.7362049,2.1816408,0.0263876,8.4999673,0.0000032
56.5877342,-62.0356044,35.8996898,2.1871659,0.0288910,8.4999674,0.0000030
56.7876909,-62.1516797,36.0625069,2.1931993,0.0314585,8.4999675,0.0000023
56.9876475,-62.2687768,36.2245905,2.1997465,0.0340117,8.4999675,0.0000005
57.1876042,-62.3869734,36.3858742,2.2067957,0.0364586,8.4999675,-0.0000026
57.3875608,-62.5063422,36.5462921,2.2143152,0.0386926,8.4999675,-0.0000069
57.5875175,-62.6269478,36.7057822,2.2222510,0.0405988,8.4999673,-0.0000093
57.7874742,-62.7488433,36.8642884,2.2305264,0.0420678,8.4999671,-0.0000046
57.9874308,-62.8720667,37.0217645,2.2390439,0.0430025,8.4999670,0.0000013
58.1873875,-62.9966384,37.1781761,2.2476894,0.0433465,8.4999670,0.0000009
58.3873441,-63.1225600,37.3335029,2.2563446,0.0431036,8.4999670,0.0000002
58.5873008,-63.2498146,37.4877397,2.2648948,0.0423033,8.4999670,-0.0000007
58.7872574,-63.3783684,37.6408953,2.2732323,0.0409882,8.4999670,-0.0000006
58.9872141,-63.5081723,37.7929931,2.2812600,0.0392161,8.4999670,0.0000015
59.1871708,-63.6391643,37.9440690,2.2888925,0.0370516,8.4999670,0.0000032
59.3871274,-63.7712715,38.0941710,2.2960588,0.0345701,8.4999671,0.0000026
59.5870841,-63.9044127,38.2433566,2.3027039,0.0318576,8.4999672,0.0000022
59.7870407,-64.0385014,38.3916915,2.3087903,0.0290000,8.4999672,0.0000017
59.9869974,-64.1734479,38.5392465,2.3142973,0.0260780,8.4999673,0.0000013
60.1869541,-64.3091620,38.6860959,2.3192193,0.0231640,8.4999673,0.0000010
60.3869107,-64.4455550,38.8323151,2.3235644,0.0203189,8.4999673,0.0000007
60.5868674,-64.5825412,38.9779788,2.3273514,0.0175912,8.4999673,0.0000004
60.7868240,-64.7200391,39.1231595,2.3306078,0.0150172,8.4999674,0.0000003
60.9867807,-64.8579727,39.2679264,2.3333669,0.0126221,8.4999674,0.0000002
61.1867373,-64.9962714,39.4123444,2.3356662,0.0104218,8.4999674,0.0000001
61.3866940,-65.1348712,39.5564736,2.3375458,0.0084243,8.4999674,0.0000001
61.5866507,-65.2737138,39.7003687,2.3390465,0.0066313,8.4999674,0.0000001
61.7866073,-65.4127474,39.8440794,2.3402088,0.0050396,8.4999674,0.0000001
61.9865640,-65.5519260,39.9876495,2.3410725,0.0036421,8.4999674,0.0000001
62.1865206,-65.6912095,40.1311181,2.3416754,0.0024289,8.4999674,0.0000001
62.3864773,-65.8305628,40.2745186,2.3420532,0.0013882,8.4999674,0.0000002
62.5864339,-65.9699562,40.4178803,2.3422391,0.0005066,8.4999674,0.0000002
62.7863906,-66.1093643,40.5612277,2.3422635,-0.0002300,8.4999674,0.0000002
62.9863473,-66.2487660,40.7045814,2.3421540,-0.0008362,8.4999674,0.0000003
63.1863039,-66.3881440,40.8479582,2.3419352,-0.0013266,8.4999674,0.0000003
63.3862606,-66.5274840,40.9913718,2.3416288,-0.0017154,8.4999674,0.0000003
63.5862172,-66.6667750,41.1348332,2.3412537,-0.0020182,8.4999674,0.0000004
63.7861739,-66.8060082,41.2783507,2.3408253,-0.0022510,8.4999674,0.0000004
63.9861306,-66.9451754,41.4219293,2.3403571,-0.0024115,8.4999674,0.0000004
64.1860872,-67.0842719,41.5655732,2.3398643,-0.0025080,8.4999674,0.0000004
64.3860439,-67.2232963,41.7092867,2.3393564,-0.0025616,8.4999675,0.0000004
64.5860005,-67.3622472,41.8530715,2.3388421,-0.0025736,8.4999675,0.0000004
64.7859572,-67.5011241,41.9969276,2.3383289,-0.0025516,8.4999675,0.0000004
64.9859138,-67.6399276,42.1408546,2.3378231,-0.0025015,8.4999675,0.0000004
65.1858705,-67.7786592,42.2848510,2.3373297,-0.0024282,8.4999675,0.0000005
65.3858272,-67.9173210,42.4289148,2.3368531,-0.0023351,8.4999675,0.0000005
65.5857838,-68.0559156,42.5730434,2.3363969,-0.0022239,8.4999675,0.0000005
65.7857405,-68.1944462,42.7172337,2.3359646,-0.0020956,8.4999675,0.0000005
65.9856971,-68.3329164,42.8614820,2.3355598,-0.0019493,8.4999675,0.0000005
66.1856538,-68.4713306,43.0057844,2.3351862,-0.0017832,8.4999675,0.0000005
66.3856105,-68.6096935,43.1501363,2.3348480,-0.0015944,8.4999676,0.0000005
66.5855671,-68.7480105,43.2945323,2.3345501,-0.0013790,8.4999676,0.0000004
66.7855238,-68.8862879,43.4389665,2.3342983,-0.0011321,8.4999676,0.0000004
66.9854804,-69.0245328,43.5834321,2.3340995,-0.0008483,8.4999676,0.0000004
67.1854371,-69.1627533,43.7279212,2.3339617,-0.0005216,8.4999676,0.0000004
67.3853937,-69.3009590,43.8724247,2.3338939,-0.0001457,8.4999676,0.0000004
67.5853504,-69.4391606,44.0169322,2.3339068,0.0002857,8.4999676,0.0000004
67.7853071,-69.5773707,44.1614317,2.3340121,0.0007789,8.4999676,0.0000004
67.9852637,-69.7156035,44.3059097,2.3342227,0.0013395,8.4999676,0.0000004
68.1852204,-69.8538752,44.4503504,2.3345525,0.0019722,8.4999676,0.0000004
68.3851770,-69.9922040,44.5947364,2.3350164,0.0026808,8.4999677,0.0000004
68.5851337,-70.1306103,44.7390481,2.3356297,0.0034671,8.4999677,0.0000004
68.7850903,-70.2691167,44.8832635,2.3364081,0.0043314,8.4999677,0.0000004
68.9850470,-70.4077481,45.0273585,2.3373670,0.0052713,8.4999677,0.0000004
69.1850037,-70.5465313,45.1713071,2.3385209,0.0062817,8.4999677,0.0000005
69.3849603,-70.6854951,45.3150809,2.3398831,0.0073541,8.4999677,0.0000005
69.5849170,-70.8246701,45.4586498,2.3414650,0.0084764,8.4999677,0.0000006
69.7848736,-70.9640880,45.6019824,2.3432750,0.0096326,8.4999677,0.0000007
69.9848303,-71.1037815,45.7450458,2.3453178,0.0108019,8.4999677,0.0000008
70.1847870,-71.2437833,45.8878069,2.3475937,0.0119590,8.4999678,0.0000009
70.3847436,-71.3841256,46.0302326,2.3500972,0.0130734,8.4999678,0.0000009
70.5847003,-71.5248393,46.1722908,2.3528166,0.0141096,8.4999678,0.0000009
70.7846569,-71.6659526,46.3139514,2.3557321,0.0150267,8.4999678,0.0000007
70.9846136,-71.8074904,46.4551874,2.3588156,0.0157788,8.4999678,0.0000005
71.1845702,-71.9494724,46.5959763,2.3620293,0.0163159,8.4999679,-0.0000000
71.3845269,-72.0919125,46.7363016,2.3653251,0.0165826,8.4999679,-0.0000007
71.5844836,-72.2348166,46.8761544,2.3686434,0.0165272,8.4999678,-0.0000016
71.7844402,-72.3781818,47.0155349,2.3719140,0.0160801,8.4999678,-0.0000027
71.9843969,-72.5219945,47.1544547,2.3750549,0.0152411,8.4999677,-0.0000026
72.1843535,-72.6662300,47.2929370,2.3779803,0.0138137,8.4999677,-2.0157073
72.3843102,-72.8108482,47.4310218,2.3805604,0.0119927,8.4524164,-6.3009963
72.5842668,-72.9557990,47.5687602,2.3828030,0.0107936,8.3020172,-9.0097664
72.7842235,-73.1010499,47.7061856,2.3849276,0.0104773,8.0821015,-9.0229256
72.9841802,-73.2465905,47.8433089,2.3869785,0.0096340,7.8556971,-9.0849926
73.1841368,-73.3923954,47.9801576,2.3886800,0.0069971,7.6209426,-9.1972182
73.3840935,-73.5383915,48.1168100,2.3896496,0.0021175,7.3756814,-9.2833874
73.5840501,-73.6844402,48.2534148,2.3892632,-0.0066917,7.1195594,-8.8954295
73.7840068,-73.8302878,48.3902424,2.3864240,-0.0219989,6.8651821,-8.2646987
73.9839635,-73.9754800,48.5277296,2.3796906,-0.0452604,6.6200878,-7.3919601
74.1839201,-74.1193727,48.6665323,2.3677180,-0.0746489,6.3929195,-6.4474326
74.3838768,-74.2611660,48.8074704,2.3496647,-0.1060906,6.1879726,-5.5320828
74.5838334,-74.3999492,48.9513880,2.3253918,-0.1365464,6.0065507,-4.7253302
74.7837901,-74.5347340,49.0989963,2.2954131,-0.1618065,5.8471300,-4.0612141
74.9837467,-74.6646129,49.2508014,2.2608616,-0.1840678,5.7065573,-3.5536094
75.1837034,-74.7888958,49.4073578,2.2219525,-0.2065460,5.5806505,-3.2099501
75.3836601,-74.9067128,49.5690672,2.1781246,-0.2305136,5.4644266,-3.0221873
75.5836167,-75.0169477,49.7360391,2.1297147,-0.2538207,5.3526951,-2.9598573
75.7835734,-75.1185254,49.9083412,2.0763839,-0.2799317,5.2409597,-2.9596822
75.9835300,-75.2102532,50.0859977,2.0174284,-0.3104858,5.1267965,-3.0391474
76.1834867,-75.2907930,50.2690455,1.9520431,-0.3442700,5.0068600,-3.1661369
76.3834433,-75.3585604,50.4572680,1.8794930,-0.3817805,4.8787772,-3.3559396
76.5834000,-75.4117649,50.6501695,1.7990178,-0.4224170,4.7392385,-3.6226393
76.7833567,-75.4484693,50.8469398,1.7100118,-0.4650267,4.5838456,-3.9884917
76.9833133,-75.4666689,51.0463673,1.6121566,-0.5076717,4.4064259,-4.4877297
77.1832700,-75.4644304,51.2467756,1.5056800,-0.5467285,4.1978431,-5.1712555
77.3832266,-75.4401151,51.4460557,1.3919534,-0.5740485,3.9438347,-6.1039121
77.5831833,-75.3929206,51.6413337,1.2757422,-0.5551936,3.6211596,-7.3434224
77.7831400,-75.3263476,51.8263128,1.1823079,-0.2987785,3.1899944,-7.9239293
77.9830966,-75.2547285,52.0122442,1.3118267,1.8396755,2.6471077,-2.0896236
78.1830533,-75.2246350,52.2094388,1.4533055,-0.1693181,2.4842526,1.4619031
78.3830099,-75.1944568,52.4045022,1.3711335,-0.5177089,2.5992587,3.9562409
78.5829666,-75.1439195,52.5996510,1.2627504,-0.5499549,2.8876113,4.1392666
78.7829232,-75.0725762,52.7872328,1.1517205,-0.5611622,3.1612730,3.7455213
78.9828799,-74.9813508,52.9652334,1.0441965,-0.5213851,3.3899160,3.4411770
79.1828366,-74.8721467,53.1327731,0.9431115,-0.4941689,3.5871581,3.1915145
79.3827932,-74.7469207,53.2888418,0.8472652,-0.4634347,3.7608553,2.9806068
79.5827499,-74.6077473,53.4326941,0.7579099,-0.4270882,3.9161227,2.8010401
79.7827065,-74.4568750,53.5639673,0.6748663,-0.4049936,4.0566230,2.6374268
79.9826632,-74.2960436,53.6824327,0.5949624,-0.3990416,4.1846066,2.4805101
80.1826199,-74.1262633,53.7877892,0.5163224,-0.3851099,4.3015022,2.3437367
80.3825765,-73.9488282,53.8798017,0.4410567,-0.3672102,4.4091056,2.3609846
80.5825332,-73.7651579,53.9585734,0.3702623,-0.3373579,4.5149088,2.5700399
80.7824898,-73.5765737,54.0248150,0.3066800,-0.2969846,4.6273313,2.9033431
80.9824465,-73.3843731,54.0797631,0.2517570,-0.2516652,4.7511347,3.2927465
81.1824031,-73.1896257,54.1249791,0.2060309,-0.2061496,4.8877494,3.6861099
81.3823598,-72.9931605,54.1621275,0.1691224,-0.1641800,5.0362901,4.0495092
81.5823165,-72.7955679,54.1927983,0.1400739,-0.1279786,5.1945809,4.3604875
81.7822731,-72.5972478,54.2183915,0.1175947,-0.0985771,5.3598030,4.6085236
81.9822298,-72.3984584,54.2400586,0.1003115,-0.0756886,5.5290594,4.7988002
82.1821864,-72.1993627,54.2587037,0.0870383,-0.0580838,5.6999651,4.9439485
82.3821431,-72.0000637,54.2750257,0.0768507,-0.0445521,5.8708392,5.0534848
82.5820997,-71.8006272,54.2895628,0.0690265,-0.0342236,6.0405057,5.1346608
82.7820564,-71.6010962,54.3027269,0.0629994,-0.0264095,6.2081501,5.1930656
82.9820131,-71.4014990,54.3148296,0.0583229,-0.0205852,6.3732177,5.2329955
83.1819697,-71.2018546,54.3261036,0.0546430,-0.0163459,6.5353384,5.2576864
83.3819264,-71.0021760,54.3367184,0.0516758,-0.0133838,6.6942712,5.2686363
83.5818830,-70.8024721,54.3467923,0.0491908,-0.0114739,6.8498369,5.2629332
83.7818397,-70.6027457,54.3564020,0.0469970,-0.0104765,7.0017842,5.2522864
83.9817964,-70.4029963,54.3655892,0.0449317,-0.0102262,7.1502057,5.2312691
84.1817530,-70.2032252,54.3743647,0.0428513,-0.0106539,7.2950323,5.1994003
84.3817097,-70.0034336,54.3827122,0.0406265,-0.0116854,7.4361822,5.1556514
84.5816663,-69.8036196,54.3905908,0.0381343,-0.0133579,7.5735473,5.0992047
84.7816230,-69.6037840,54.3979354,0.0352749,-0.0152591,7.7070006,5.0285704
84.9815796,-69.4039425,54.4046679,0.0319937,-0.0177208,7.8363800,4.9407261
85.1815363,-69.2040888,54.4106894,0.0281250,-0.0212952,7.9614517,4.8347517
85.3814930,-69.0042012,54.4158602,0.0234737,-0.0251410,8.0819672,4.7128928
85.5814496,-68.8042870,54.4200262,0.0180716,-0.0289170,8.1977401,4.5793199
85.7814063,-68.6043549,54.4230361,0.0119115,-0.0326536,8.3086867,4.4407699
85.9813629,-68.4044069,54.4247411,0.0050276,-0.0360745,8.4148795,2.9437062
86.1813196,-68.2044529,54.4250033,6.2806553,-0.0398889,8.4845403,0.6551969
86.3812762,-68.0045037,54.4236687,6.2722052,-0.0447388,8.4999674,-0.0000063
86.5812329,-67.8045751,54.4205452,6.2627646,-0.0493787,8.4999673,-0.0000046
86.7811896,-67.6046872,54.4154507,6.2525315,-0.0525879,8.4999672,-0.0000001
86.9811462,-67.4048636,54.4082584,6.2418272,-0.0541633,8.4999672,0.0000037
87.1811029,-67.2051292,54.3989062,6.2309566,-0.0543120,8.4999673,0.0000058
87.3810595,-67.0055075,54.3873892,6.2201862,-0.0532275,8.4999674,0.0000063
87.5810162,-66.8060190,54.3737517,6.2097382,-0.0511429,8.4999675,0.0000059
87.7809729,-66.6066798,54.3580777,6.1997900,-0.0482746,8.4999677,0.0000050
87.9809295,-66.4075008,54.3404828,6.1904777,-0.0448192,8.4999678,0.0000040
88.1808862,-66.2084872,54.3211054,6.1818984,-0.0409705,8.4999679,0.0000029
88.3808428,-66.0096389,54.3000995,6.1741119,-0.0369059,8.4999680,0.0000020
88.5807995,-65.8109512,54.2776271,6.1671452,-0.0327784,8.4999680,0.0000012
88.7807561,-65.6124154,54.2538526,6.1609977,-0.0287128,8.4999680,0.0000005
88.9807128,-65.4140187,54.2289375,6.1556467,-0.0248057,8.4999681,0.0000000
89.1806695,-65.2157443,54.2030365,6.1510540,-0.0211296,8.4999681,-0.0000004
89.3806261,-65.0175812,54.1762964,6.1471701,-0.0177229,8.4999680,-0.0000006
89.5805828,-64.8195144,54.1488524,6.1439389,-0.0146094,8.4999680,-0.0000008
89.7805394,-64.6215289,54.1208284,6.1413007,-0.0117989,8.4999680,-0.0000009
89.9804961,-64.4236105,54.0923358,6.1391947,-0.0092916,8.4999680,-0.0000010
90.1804528,-64.2257457,54.0634741,6.1375610,-0.0070801,8.4999680,-0.0000010
90.3804094,-64.0279225,54.0343312,6.1363414,-0.0051524,8.4999679,-0.0000011
90.5803661,-63.8301299,54.0049835,6.1354805,-0.0034929,8.4999679,-0.0000010
90.7803227,-63.6323582,53.9754967,6.1349266,-0.0020839,8.4999679,-0.0000010
90.9802794,-63.4345992,53.9459268,6.1346312,-0.0009061,8.4999679,-0.0000010
91.1802360,-63.2368460,53.9163203,6.1345501,0.0000607,8.4999678,-0.0000009
91.3801927,-63.0390927,53.8867156,6.1346430,0.0008367,8.4999678,-0.0000009
91.5801494,-62.8413348,53.8571436,6.1348738,0.0014425,8.4999678,-0.0000008
91.7801060,-62.6435686,53.8276282,6.1352105,0.0018979,8.4999678,-0.0000008
91.9800627,-62.4457915,53.7981875,6.1356248,0.0022222,8.4999678,-0.0000007
92.1800193,-62.2480015,53.7688344,6.1360924,0.0024336,8.4999678,-0.0000007
92.3799760,-62.0501973,53.7395773,6.1365923,0.0025494,8.4999677,-0.0000006
92.5799326,-61.8523784,53.7104208,6.1371072,0.0025856,8.4999677,-0.0000006
92.7798893,-61.6545446,53.6813665,6.1376226,0.0025569,8.4999677,-0.0000006
92.9798460,-61.4566960,53.6524132,6.1381268,0.0024764,8.4999677,-0.0000005
93.1798026,-61.2588331,53.6235578,6.1386107,0.0023562,8.4999677,-0.0000005
93.3797593,-61.0609567,53.5947955,6.1390674,0.0022066,8.4999677,-0.0000005
93.5797159,-60.8630676,53.5661205,6.1394920,0.0020368,8.4999677,-0.0000004
93.7796726,-60.6651669,53.5375261,6.1398813,0.0018546,8.4999676,-0.0000004
93.9796293,-60.4672556,53.5090051,6.1402334,0.0016666,8.4999676,-0.0000004
94.1795859,-60.2693348,53.4805500,6.1405478,0.0014783,8.4999676,-0.0000003
94.3795426,-60.0714056,53.4521534,6.1408248,0.0012939,8.4999676,-0.0000003
94.5794992,-59.8734690,53.4238081,6.1410657,0.0011170,8.4999676,-0.0000003
94.7794559,-59.6755261,53.3955070,6.1412721,0.0009503,8.4999676,-0.0000003
94.9794125,-59.4775777,53.3672435,6.1414464,0.0007955,8.4999676,-0.0000002
95.1793692,-59.2796249,53.3390115,6.1415911,0.0006540,8.4999676,-0.0000002
95.3793259,-59.0816683,53.3108055,6.1417088,0.0005263,8.4999676,-0.0000002
95.5792825,-58.8837087,53.2826203,6.1418024,0.0004129,8.4999676,-0.0000002
95.7792392,-58.6857468,53.2544516,6.1418748,0.0003135,8.4999676,-0.0000001
95.9791958,-58.4877831,53.2262952,6.1419286,0.0002277,8.4999676,-0.0000001
96.1791525,-58.2898181,53.1981479,6.1419666,0.0001548,8.4999676,-0.0000001
96.3791091,-58.0918522,53.1700068,6.1419913,0.0000941,8.4999676,-0.0000001
96.5790658,-57.8938857,53.1418694,6.1420049,0.0000445,8.4999676,-0.0000001
96.7790225,-57.6959189,53.1137338,6.1420097,0.0000050,8.4999676,-0.0000001
96.9789791,-57.4979521,53.0855984,6.1420075,-0.0000255,8.4999676,-0.0000000
97.1789358,-57.2999854,53.0574621,6.1420000,-0.0000480,8.4999676,-0.0000000
97.3788924,-57.1020189,53.0293238,6.1419887,-0.0000635,8.4999676,-0.0000000
97.5788491,-56.9040528,53.0011831,6.1419750,-0.0000732,8.4999676,0.0000000
97.7788058,-56.7060870,52.9730394,6.1419598,-0.0000779,8.4999676,0.0000000
97.9787624,-56.5081217,52.9448927,6.1419441,-0.0000786,8.4999676,0.0000000
98.1787191,-56.3101568,52.9167429,6.1419286,-0.0000760,8.4999676,0.0000000
98.3786757,-56.1121923,52.8885901,6.1419138,-0.0000710,8.4999676,0.0000000
98.5786324,-55.9142281,52.8604344,6.1419003,-0.0000642,8.4999676,0.0000001
98.7785890,-55.7162643,52.8322763,6.1418882,-0.0000561,8.4999676,0.0000001
98.9785457,-55.5183008,52.8041159,6.1418779,-0.0000473,8.4999676,0.0000001
99.1785024,-55.3203375,52.7759536,6.1418693,-0.0000382,8.4999676,0.0000001
99.3784590,-55.1223744,52.7477898,6.1418626,-0.0000291,8.4999676,0.0000001
99.5784157,-54.9244115,52.7196249,6.1418577,-0.0000204,8.4999676,0.0000001
99.7783723,-54.7264486,52.6914592,6.1418544,-0.0000122,8.4999676,0.0000001
99.9783290,-54.5284858,52.6632929,6.1418527,-0.0000049,8.4999676,0.0000001
100.1782856,-54.3305230,52.6351265,6.1418524,0.0000016,8.4999676,0.0000001
100.3782423,-54.1325602,52.6069601,6.1418533,0.0000071,8.4999676,0.0000001
100.5781990,-53.9345973,52.5787940,6.1418552,0.0000116,8.4999676,0.0000001
100.7781556,-53.7366344,52.5506283,6.1418578,0.0000150,8.4999676,0.0000001
100.9781123,-53.5386713,52.5224633,6.1418611,0.0000173,8.4999676,0.0000001
101.1780689,-53.3407081,52.4942989,6.1418647,0.0000186,8.4999676,0.0000002
101.3780256,-53.1427449,52.4661352,6.1418685,0.0000190,8.4999676,0.0000002
101.5779823,-52.9447815,52.4379723,6.1418722,0.0000183,8.4999676,0.0000002
101.7779389,-52.7468179,52.4098101,6.1418757,0.0000168,8.4999676,0.0000002
101.9778956,-52.5488543,52.3816486,6.1418788,0.0000144,8.4999676,0.0000002
102.1778522,-52.3508906,52.3534876,6.1418814,0.0000114,8.4999676,0.0000002
102.3778089,-52.1529269,52.3253271,6.1418833,0.0000076,8.4999676,0.0000002
102.5777655,-51.9549630,52.2971669,6.1418844,0.0000032,8.4999676,0.0000002
102.7777222,-51.7569992,52.2690068,6.1418846,-0.0000016,8.4999676,0.0000002
102.9776789,-51.5590354,52.2408466,6.1418837,-0.0000069,8.4999676,0.0000002
103.1776355,-51.3610716,52.2126861,6.1418818,-0.0000126,8.4999676,0.0000002
103.3775922,-51.1631079,52.1845252,6.1418786,-0.0000186,8.4999676,0.0000002
103.5775488,-50.9651443,52.1563635,6.1418743,-0.0000249,8.4999676,0.0000002
103.7775055,-50.7671809,52.1282008,6.1418687,-0.0000313,8.4999677,0.0000002
103.9774622,-50.5692176,52.1000369,6.1418617,-0.0000379,8.4999677,0.0000002
104.1774188,-50.3712546,52.0718715,6.1418535,-0.0000446,8.4999677,0.0000002
104.3773755,-50.1732918,52.0437044,6.1418439,-0.0000513,8.4999677,0.0000002
104.5773321,-49.9753293,52.0155352,6.1418330,-0.0000580,8.4999677,0.0000002
104.7772888,-49.7773672,51.9873637,6.1418207,-0.0000647,8.4999677,0.0000002
104.9772454,-49.5794054,51.9591896,6.1418071,-0.0000713,8.4999677,0.0000001
105.1772021,-49.3814441,51.9310127,6.1417922,-0.0000778,8.4999677,0.0000001
105.3771588,-49.1834832,51.9028328,6.1417760,-0.0000842,8.4999677,0.0000001
105.5771154,-48.9855228,51.8746495,6.1417585,-0.0000904,8.4999677,0.0000001
105.7770721,-48.7875629,51.8464626,6.1417398,-0.0000963,8.4999677,0.0000001
105.9770287,-48.5896036,51.8182719,6.1417200,-0.0001025,8.4999677,0.0000001
106.1769854,-48.3916448,51.7900772,6.1416990,-0.0001069,8.4999677,0.0000001
106.3769420,-48.1936867,51.7618782,6.1416762,-0.0001220,8.4999677,0.0000001
106.5768987,-47.9957293,51.7336744,6.1416511,-0.0001287,8.4999677,0.0000001
106.7768554,-47.7977725,51.7054656,6.1416264,-0.0001164,8.4999677,0.0000001
106.9768120,-47.5998163,51.6772521,6.1416034,-0.0001152,8.4999677,0.0000001
107.1767687,-47.4018608,51.6490341,6.1415805,-0.0001134,8.4999677,0.0000001
107.3767253,-47.2039059,51.6208116,6.1415580,-0.0001113,8.4999677,0.0000001
107.5766820,-47.0059517,51.5925847,6.1415361,-0.0001085,8.4999677,0.0000001
107.7766387,-46.8079980,51.5643535,6.1415147,-0.0001051,8.4999677,0.0000001
107.9765953,-46.6100449,51.5361181,6.1414941,-0.0001011,8.4999677,0.0000001
108.1765520,-46.4120924,51.5078787,6.1414743,-0.0000966,8.4999677,0.0000000
108.3765086,-46.2141404,51.4796355,6.1414555,-0.0000915,8.4999677,0.0000000
108.5764653,-46.0161889,51.4513887,6.1414378,-0.0000858,8.4999677,0.0000000
108.7764219,-45.8182378,51.4231385,6.1414212,-0.0000797,8.4999677,0.0000000
108.9763786,-45.6202872,51.3948851,6.1414059,-0.0000730,8.4999677,0.0000000
109.1763353,-45.4223370,51.3666289,6.1413921,-0.0000658,8.4999677,0.0000000
109.3762919,-45.2243872,51.3383700,6.1413796,-0.0000582,8.4999677,-0.0000000
109.5762486,-45.0264376,51.3101089,6.1413688,-0.0000502,8.4999677,-0.0000000
109.7762052,-44.8284883,51.2818457,6.1413596,-0.0000419,8.4999677,-0.0000000
109.9761619,-44.6305392,51.2535809,6.1413521,-0.0000333,8.4999677,-0.0000000
110.1761185,-44.4325903,51.2253147,6.1413463,-0.0000245,8.4999677,-0.0000000
110.3760752,-44.2346415,51.1970476,6.1413423,-0.0000156,8.4999677,-0.0000001
110.5760319,-44.0366928,51.1687799,6.1413400,-0.0000067,8.4999677,-0.0000001
110.7759885,-43.8387441,51.1405119,6.1413396,0.0000021,8.4999677,-0.0000001
110.9759452,-43.6407954,51.1122440,6.1413409,0.0000106,8.4999677,-0.0000001
111.1759018,-43.4428466,51.0839765,6.1413438,0.0000187,8.4999677,-0.0000001
111.3758585,-43.2448976,51.0557097,6.1413483,0.0000262,8.4999677,-0.0000001
111.5758152,-43.0469485,51.0274440,6.1413542,0.0000329,8.4999677,-0.0000001
111.7757718,-42.8489992,50.9991795,6.1413614,0.0000386,8.4999677,-0.0000001
111.9757285,-42.6510497,50.9709166,6.1413696,0.0000430,8.4999677,-0.0000001
112.1756851,-42.4530999,50.9426554,6.1413785,0.0000458,8.4999677,-0.0000001
112.3756418,-42.2551499,50.9143960,6.1413878,0.0000469,8.4999677,-0.0000001
112.5755984,-42.0571996,50.8861384,6.1413972,0.0000459,8.4999677,-0.0000002
112.7755551,-41.8592490,50.8578827,6.1414061,0.0000426,8.4999677,-0.0000002
112.9755118,-41.6612981,50.8296286,6.1414140,0.0000366,8.4999677,-0.0000002
113.1754684,-41.4633471,50.8013760,6.1414205,0.0000276,8.4999677,-0.0000002
113.3754251,-41.2653959,50.7731244,6.1414249,0.0000153,8.4999677,-0.0000002
113.5753817,-41.0674446,50.7448735,6.1414265,-0.0000004,8.4999677,-0.0000002
113.7753384,-40.8694933,50.7166225,6.1414245,-0.0000199,8.4999677,-0.0000002
113.9752951,-40.6715422,50.6883708,6.1414183,-0.0000433,8.4999677,-0.0000002
114.1752517,-40.4735913,50.6601173,6.1414070,-0.0000707,8.4999677,-0.0000002
114.3752084,-40.2756408,50.6318610,6.1413898,-0.0001023,8.4999677,-0.0000002
114.5751650,-40.0776908,50.6036006,6.1413659,-0.0001378,8.4999676,-0.0000002
114.7751217,-39.8797417,50.5753348,6.1413345,-0.0001772,8.4999676,-0.0000002
114.9750783,-39.6817936,50.5470620,6.1412949,-0.0002201,8.4999676,-0.0000002
115.1750350,-39.4838467,50.5187805,6.1412463,-0.0002660,8.4999676,-0.0000003
115.3749917,-39.2859014,50.4904884,6.1411884,-0.0003143,8.4999676,-0.0000003
115.5749483,-39.0879578,50.4621839,6.1411206,-0.0003639,8.4999676,-0.0000003
115.7749050,-38.8900163,50.4338650,6.1410428,-0.0004138,8.4999676,-0.0000003
115.9748616,-38.6920772,50.4055297,6.1409552,-0.0004624,8.4999676,-0.0000003
116.1748183,-38.4941407,50.3771761,6.1408580,-0.0005080,8.4999676,-0.0000003
116.3747749,-38.2962071,50.3488025,6.1407522,-0.0005485,8.4999676,-0.0000003
116.5747316,-38.0982766,50.3204071,6.1406390,-0.0005813,8.4999676,-0.0000003
116.7746883,-37.9003495,50.2919887,6.1405203,-0.0006037,8.4999676,-0.0000003
116.9746449,-37.7024258,50.2635465,6.1403983,-0.0006122,8.4999676,-0.0000003
117.1746016,-37.5045056,50.2350801,6.1402763,-0.0006033,8.4999676,-0.0000003
117.3745582,-37.3065888,50.2065898,6.1401581,-0.0005728,8.4999676,-0.0000003
117.5745149,-37.1086754,50.1780770,6.1400485,-0.0005162,8.4999676,-0.0000003
117.7744716,-36.9107648,50.1495437,6.1399532,-0.0004287,8.4999675,-0.0000003
117.9744282,-36.7128568,50.1209935,6.1398789,-0.0003050,8.4999675,-0.0000003
118.1743849,-36.5149504,50.0924314,6.1398333,-0.0001398,8.4999675,-0.0000003
118.3743415,-36.3170449,50.0638638,6.1398254,0.0000727,8.4999675,-0.0000003
118.5742982,-36.1191390,50.0352991,6.1398651,0.0003382,8.4999675,-0.0000003
118.7742548,-35.9212311,50.0067480,6.1399636,0.0006622,8.4999675,-0.0000003
118.9742115,-35.7233195,49.9782232,6.1401332,0.0010502,8.4999675,-0.0000003
119.1741682,-35.5254018,49.9497400,6.1403871,0.0015072,8.4999675,-0.0000003
119.3741248,-35.3274756,49.9213167,6.1407396,0.0020373,8.4999675,-0.0000003
119.5740815,-35.1295378,49.8929741,6.1412058,0.0026440,8.4999675,-0.0000002
119.7740381,-34.9315850,49.8647362,6.1418011,0.0033293,8.4999675,-0.0000002
119.9739948,-34.7336134,49.8366304,6.1425413,0.0040934,8.4999675,-0.0000002
120.1739514,-34.5356189,49.8086867,6.1434421,0.0049349,8.4999675,-0.0000001
120.3739081,-34.3375969,49.7809385,6.1445186,0.0058497,8.4999675,-0.0000001
120.5738648,-34.1395425,49.7534221,6.1457849,0.0068309,8.4999675,-0.0000000
120.7738214,-33.9414508,49.7261764,6.1472533,0.0078684,8.4999675,0.0000000
120.9737781,-33.7433164,49.6992424,6.1489338,0.0089484,8.4999675,0.0000000
121.1737347,-33.5451341,49.6726630,6.1508333,0.0100533,8.4999675,-0.0000000
121.3736914,-33.3468988,49.6464821,6.1529546,0.0111615,8.4999675,-0.0000001
121.5736481,-33.1486055,49.6207437,6.1552959,0.0122476,8.4999675,-0.0000004
121.7736047,-32.9502498,49.5954909,6.1578501,0.0132832,8.4999675,-0.0000008
121.9735614,-32.7518278,49.5707649,6.1606041,0.0142388,8.4999674,-0.0000010
122.1735180,-32.5533362,49.5466037,6.1635390,0.0150855,8.4999674,-0.0000004
122.3734747,-32.3547727,49.5230412,6.1666303,0.0157988,8.4999674,-0.0000000
122.5734313,-32.1561357,49.5001058,6.1698497,0.0163639,8.4999674,-0.0000001
122.7733880,-31.9574248,49.4778203,6.1731668,0.0167760,8.4999674,-0.0000002
122.9733447,-31.7586403,49.4562011,6.1765510,0.0170355,8.4999674,-0.0000004
123.1733013,-31.5597833,49.4352590,6.1799719,0.0171441,8.4999674,-0.0000006
123.3732580,-31.3608557,49.4149985,6.1833996,0.0171039,8.4999674,-0.0000010
123.5732146,-31.1618600,49.3954181,6.1868046,0.0169172,8.4999674,-0.0000009
123.7731713,-30.9627992,49.3765108,6.1901579,0.0165877,8.4999673,-0.0000003
123.9731279,-30.7636768,49.3582636,6.1934315,0.0161232,8.4999673,0.0000002
124.1730846,-30.5644966,49.3406583,6.1965998,0.0155405,8.4999673,0.0000001
124.3730413,-30.3652627,49.3236718,6.1996416,0.0148649,8.4999673,0.0000000
124.5729979,-30.1659793,49.3072775,6.2025412,0.0141251,8.4999673,-0.0000000
124.7729546,-29.9666503,49.2914460,6.2052887,0.0133498,8.4999673,-0.0000001
124.9729112,-29.7672799,49.2761467,6.2078796,0.0125654,8.4999673,-0.0000001
125.1728679,-29.5678717,49.2613483,6.2103144,0.0117938,8.4999673,-0.0000002
125.3728246,-29.3684291,49.2470203,6.2125976,0.0110518,8.4999673,-0.0000002
125.5727812,-29.1689555,49.2331332,6.2147363,0.0103505,8.4999673,-0.0000003
125.7727379,-28.9694536,49.2196591,6.2167393,0.0096952,8.4999673,-0.0000003
125.9726945,-28.7699260,49.2065718,6.2186160,0.0090858,8.4999673,-0.0000004
126.1726512,-28.5703750,49.1938471,6.2203751,0.0085176,8.4999673,-0.0000004
126.3726078,-28.3708027,49.1814624,6.2220239,0.0079813,8.4999673,-0.0000005
126.5725645,-28.1712109,49.1693962,6.2235679,0.0074651,8.4999673,-0.0000006
126.7725212,-27.9716014,49.1576280,6.2250096,0.0069559,8.4999673,-0.0000005
126.9724778,-27.7719758,49.1461374,6.2263492,0.0064416,8.4999672,-0.0000003
127.1724345,-27.5723355,49.1349038,6.2275846,0.0059116,8.4999672,-0.0000002
127.3723911,-27.3726826,49.1239063,6.2287128,0.0053712,8.4999672,-0.0000002
127.5723478,-27.1730169,49.1131231,6.2297304,0.0048003,8.4999672,-0.0000000
127.7723045,-26.9733425,49.1025323,6.2306477,0.0044203,8.4999672,0.0000003
127.9722611,-26.7736647,49.0921176,6.2314847,0.0039122,8.4999672,0.0000006
128.1722178,-26.5739768,49.0818583,6.2321983,0.0031951,8.4999672,0.0000008
128.3721744,-26.3742774,49.0717274,6.2327807,0.0026699,8.4999673,0.0000009
128.5721311,-26.1745722,49.0617031,6.2332677,0.0022025,8.4999673,0.0000009
128.7720877,-25.9748627,49.0517670,6.2336651,0.0017791,8.4999673,0.0000009
128.9720444,-25.7751493,49.0419021,6.2339827,0.0014023,8.4999673,0.0000009
129.1720011,-25.5754330,49.0320934,6.2342301,0.0010770,8.4999674,0.0000009
129.3719577,-25.3757143,49.0223280,6.2344180,0.0008065,8.4999674,0.0000009
129.5719144,-25.1759940,49.0125951,6.2345575,0.0005932,8.4999674,0.0000009
129.7718710,-24.9762724,49.0028862,6.2346604,0.0004389,8.4999674,0.0000009
129.9718277,-24.7765499,48.9931952,6.2347384,0.0003449,8.4999674,0.0000009
130.1717843,-24.5768266,48.9835183,6.2348039,0.0003120,8.4999675,0.0000009
130.3717410,-24.3771027,48.9738543,6.2348690,0.0003404,8.4999675,0.0000009
130.5716977,-24.1773782,48.9642042,6.2349459,0.0004302,8.4999675,0.0000009
130.7716543,-23.9776529,48.9545717,6.2350470,0.0005810,8.4999675,0.0000009
130.9716110,-23.7779274,48.9449629,6.2351843,0.0007920,8.4999676,0.0000008
131.1715676,-23.5782009,48.9353861,6.2353696,0.0010618,8.4999676,0.0000008
131.3715243,-23.3784721,48.9258520,6.2356145,0.0013883,8.4999676,0.0000008
131.5714810,-23.1787405,48.9163738,6.2359301,0.0017688,8.4999676,0.0000008
131.7714376,-22.9790054,48.9069665,6.2363269,0.0021998,8.4999676,0.0000008
131.9713943,-22.7792660,48.8976474,6.2368144,0.0026765,8.4999676,0.0000007
132.1713509,-22.5795214,48.8884355,6.2374013,0.0031929,8.4999677,0.0000007
132.3713076,-22.3797708,48.8793512,6.2380946,0.0037415,8.4999677,0.0000007
132.5712642,-22.1800132,48.8704166,6.2389000,0.0043129,8.4999677,0.0000007
132.7712209,-21.9802482,48.8616544,6.2398208,0.0048959,8.4999677,0.0000007
132.9711776,-21.7804763,48.8530878,6.2408579,0.0054767,8.4999677,0.0000007
133.1711342,-21.5806954,48.8447398,6.2420093,0.0060388,8.4999677,0.0000007
133.3710909,-21.3809048,48.8366329,6.2432694,0.0065632,8.4999678,0.0000007
133.5710475,-21.1811040,48.8287879,6.2446284,0.0070279,8.4999678,0.0000006
133.7710042,-20.9812927,48.8212232,6.2460721,0.0074077,8.4999678,0.0000006
133.9709608,-20.7814707,48.8139538,6.2475806,0.0076742,8.4999678,0.0000005
134.1709175,-20.5816381,48.8069902,6.2491282,0.0077957,8.4999678,0.0000004
134.3708742,-20.3817952,48.8003372,6.2506827,0.0077375,8.4999678,0.0000003
134.5708308,-20.1819426,48.7939924,6.2522044,0.0074617,8.4999678,0.0000001
134.7707875,-19.9820811,48.7879446,6.2536460,0.0069282,8.4999678,-0.0000001
134.9707441,-19.7822117,48.7821723,6.2549519,0.0060948,8.4999678,-0.0000003
135.1707008,-19.5823357,48.7766423,6.2560581,0.0049188,8.4999678,-0.0000005
135.3706575,-19.3824545,48.7713075,6.2568921,0.0033579,8.4999678,-0.0000006
135.5706141,-19.1825699,48.7661056,6.2573729,0.0013718,8.4999678,-0.0000005
135.7705708,-18.9826839,48.7609571,6.2574121,-0.0010726,8.4999678,0.0000001
135.9705274,-18.7827989,48.7557645,6.2569150,-0.0040087,8.4999678,0.0000015
136.1704841,-18.5829179,48.7504107,6.2557825,-0.0074305,8.4999678,0.0000043
136.3704407,-18.3830447,48.7447587,6.2539138,-0.0114089,8.4999679,-1.1630853
136.5703974,-18.1831843,48.7386501,6.2511990,-0.0158437,8.4725629,-5.6788830
136.7703541,-17.9833437,48.7319049,6.2474782,-0.0221434,8.3374613,-8.3943872
136.9703107,-17.7835343,48.7242699,6.2421872,-0.0317264,8.1336482,-7.8947345
137.1702674,-17.5837770,48.7153643,6.2346847,-0.0435446,7.9371924,-7.3681286
137.3702240,-17.3841048,48.7047188,6.2247410,-0.0560792,7.7493491,-6.8419699
137.5701807,-17.1845648,48.6918346,6.2122387,-0.0690111,7.5707474,-6.3332031
137.7701374,-16.9852215,48.6761983,6.1971430,-0.0819628,7.4015866,-5.8515568
137.9700940,-16.7861610,48.6572977,6.1794720,-0.0947293,7.2417794,-5.4018740
138.1700507,-16.5874909,48.6346310,6.1592830,-0.1071418,7.0910568,-4.9861653
138.3700073,-16.3893489,48.6077140,6.1366439,-0.1191807,6.9490325,-4.6050512
138.5699640,-16.1918924,48.5760850,6.1116925,-0.1303004,6.8152353,-4.2522061
138.7699206,-15.9953382,48.5393167,6.0844169,-0.1425248,6.6893137,-3.9306901
138.9698773,-15.7999745,48.4970158,6.0553038,-0.1481940,6.5707673,-3.6521306
139.1698340,-15.6060023,48.4489112,6.0243994,-0.1618052,6.4586722,-3.4063463
139.3697906,-15.4136117,48.3945276,5.9904158,-0.1790174,6.3523385,-3.1983609
139.5697473,-15.2231972,48.3332656,5.9528633,-0.1959016,6.2508509,-3.0238214
139.7697039,-15.0353007,48.2645745,5.9119796,-0.2126949,6.1533625,-2.8798085
139.9696606,-14.8504844,48.1879379,5.8676450,-0.2301054,6.0590591,-2.7692437
140.1696172,-14.6694024,48.1028700,5.8197706,-0.2477586,5.9669707,-2.7285760
140.3695739,-14.4927912,48.0089403,5.7684035,-0.2649899,5.8748230,-2.8186137
140.5695306,-14.3214460,47.9058051,5.7137358,-0.2811253,5.7780917,-3.0272603
140.7694872,-14.1561895,47.7932287,5.6560810,-0.2958988,5.6723630,-3.1706377
140.9694439,-13.9978442,47.6710577,5.5954305,-0.3113621,5.5594714,-2.5914731
141.1694005,-13.8472639,47.5391577,5.5316660,-0.3251728,5.4654696,-1.8453039
141.3693572,-13.7053257,47.3975670,5.4663055,-0.3235329,5.3975361,-1.0938252
141.5693139,-13.5727907,47.2471457,5.4041363,-0.2867509,5.3568611,-0.6158831
141.7692705,-13.4497780,47.0905909,5.3557140,-0.1909109,5.3338224,-0.6082124
141.9692272,-13.3324292,46.9293133,5.3325162,-0.0341108,5.3109725,-0.7120719
142.1691838,-13.2167072,46.7672592,5.3324257,-0.0238521,5.2840952,-0.7747147
142.3691405,-13.1018810,46.6042118,5.3152886,-0.1506285,5.2546972,-0.6336197
142.5690971,-12.9916283,46.4374313,5.2743023,-0.2517393,5.2305306,-0.3841900
142.7690538,-12.8899590,46.2657077,5.2177272,-0.3080704,5.2158228,-0.1360074
142.9690105,-12.7986097,46.0873647,5.1529715,-0.3340140,5.2106061,0.1137063
143.1689671,-12.7192961,45.9032364,5.0850644,-0.3420286,5.2149678,0.3526614
143.3689238,-12.6529015,45.7147192,5.0170723,-0.3386053,5.2284723,0.5299393
143.5688804,-12.5993795,45.5221898,4.9502321,-0.3305560,5.2487001,0.6486290
143.7688371,-12.5586546,45.3264561,4.8850863,-0.3220817,5.2733526,0.7190390
143.9687937,-12.5306207,45.1284989,4.8211995,-0.3174854,5.3005473,0.7496844
144.1687504,-12.5152074,44.9291613,4.7580137,-0.3142662,5.3287531,0.7507003
144.3687071,-12.5123437,44.7292333,4.6955229,-0.3105058,5.3568484,0.7388393
144.5686637,-12.5218916,44.5295081,4.6338604,-0.3057656,5.3843567,0.7488778
144.7686204,-12.5436229,44.3307360,4.5733324,-0.2991477,5.4120960,0.8102057
144.9685770,-12.5771936,44.1336153,4.5143500,-0.2903284,5.4419477,0.9330088
145.1685337,-12.6221377,43.9387693,4.4573913,-0.2789809,5.4761225,1.1175432
145.3684904,-12.6778658,43.7467236,4.4029953,-0.2648889,5.5167779,1.3509099
145.5684470,-12.7436725,43.5578863,4.3516824,-0.2483899,5.5655265,1.6116038
145.7684037,-12.8187569,43.3725578,4.3038309,-0.2304415,5.6231296,1.8744478
145.9683603,-12.9022668,43.1909397,4.2595831,-0.2124408,5.6893939,2.0988587
146.1683170,-12.9934210,43.0130209,4.2188250,-0.1954772,5.7626873,2.2972144
146.3682736,-13.0914686,42.8387895,4.1813232,-0.1798745,5.8418534,2.4747279
146.5682303,-13.1957293,42.6681857,4.1468056,-0.1656127,5.9259538,2.6367493
146.7681870,-13.3055923,42.5011178,4.1150150,-0.1525695,6.0142663,2.7869884
146.9681436,-13.4205099,42.3374708,4.0857200,-0.1406298,6.1062225,2.9275300
147.1681003,-13.5399910,42.1771146,4.0587089,-0.1297115,6.2013475,3.0593609
147.3680569,-13.6635956,42.0199097,4.0337835,-0.1197580,6.2992214,3.1828807
147.5680136,-13.7909304,41.8657126,4.0107544,-0.1107254,6.3994583,3.2982409
147.7679702,-13.9216452,41.7143802,3.9894404,-0.1025732,6.5016980,3.4055177
147.9679269,-14.0554293,41.5657736,3.9696682,-0.0952621,6.6056029,3.5076151
148.1678836,-14.1920263,41.4197415,3.9512710,-0.0887912,6.7109411,3.5978917
148.3678402,-14.3312110,41.2761462,3.9340906,-0.0831092,6.8172997,3.6788305
148.5677969,-14.4727714,41.1348794,3.9179786,-0.0781308,6.9243620,3.7517086
148.7677535,-14.6165270,40.9958400,3.9027902,-0.0739254,7.0318666,3.8163312
148.9677102,-14.7623219,40.8589426,3.8883929,-0.0700670,7.1395622,3.8717426
149.1676669,-14.9100047,40.7241183,3.8747219,-0.0669890,7.2471864,3.9152008
149.3676235,-15.0594626,40.5913014,3.8615606,-0.0648852,7.3544171,3.9432317
149.5675802,-15.2106279,40.4604386,3.8487464,-0.0633605,7.4608580,3.9529619
149.7675368,-15.3634368,40.3315035,3.8362067,-0.0622338,7.5660587,3.9417896
149.9674935,-15.5178362,40.2044839,3.8238182,-0.0618243,7.6695253,3.9067775
150.1674501,-15.6737944,40.0793852,3.8114347,-0.0621566,7.7707137,3.8451090
150.3674068,-15.8312968,39.9562371,3.7989055,-0.0632474,7.8690343,3.7543805
150.5673635,-15.9903466,39.8350930,3.7860802,-0.0650827,7.9638639,3.6333991
150.7673201,-16.1509629,39.7160311,3.7728176,-0.0675938,8.0545746,3.4752582
150.9672768,-16.3132061,39.5991318,3.7589954,-0.0706551,8.1403916,3.3003483
151.1672334,-16.4770842,39.4845388,3.7445324,-0.0740134,8.2210600,3.1123128
151.3671901,-16.6426370,39.3723859,3.7293949,-0.0773924,8.2964139,2.9239211
151.5671468,-16.8099018,39.2628086,3.7136125,-0.0804274,8.3665882,2.7508233
151.7671034,-16.9789038,39.1559347,3.6972707,-0.0829647,8.4320750,2.4700802
151.9670601,-17.1496509,39.0518751,3.6805357,-0.0842389,8.4904480,0.4042744
152.1670167,-17.3221294,38.9507152,3.6634180,-0.0873121,8.4999636,0.0000086
152.3669734,-17.4963472,38.8525850,3.6455681,-0.0913227,8.4999638,0.0000226
152.5669300,-17.6723237,38.7576468,3.6270183,-0.0939298,8.4999644,0.0000353
152.7668867,-17.8500489,38.6660250,3.6081262,-0.0947555,8.4999652,0.0000359
152.9668434,-18.0294753,38.5777812,3.5892445,-0.0938270,8.4999660,0.0000282
153.1668000,-18.2105232,38.4929135,3.5707218,-0.0911709,8.4999667,0.0000202
153.3667567,-18.3930855,38.4113542,3.5529105,-0.0866996,8.4999672,0.0000130
153.5667133,-18.5770320,38.3329659,3.5361716,-0.0804667,8.4999675,0.0000069
153.7666700,-18.7622138,38.2575422,3.5208343,-0.0727349,8.4999677,0.0000023
153.9666266,-18.9484710,38.1848167,3.5071498,-0.0640197,8.4999677,-0.0000010
154.1665833,-19.1356426,38.1144812,3.4952467,-0.0550078,8.4999677,-0.0000031
154.3665400,-19.3235756,38.0462112,3.4851149,-0.0463687,8.4999676,-0.0000043
154.5664966,-19.5121332,37.9796918,3.4766265,-0.0385942,8.4999675,-0.0000050
154.7664533,-19.7011988,37.9146362,3.4695784,-0.0319524,8.4999674,-0.0000052
154.9664099,-19.8906822,37.8507959,3.4637325,-0.0265445,8.4999673,-0.0000050
155.1663666,-20.0805226,37.7879637,3.4588440,-0.0223842,8.4999672,-0.0000047
155.3663233,-20.2706423,37.7259888,3.4546768,-0.0193705,8.4999670,-0.0000041
155.5662799,-20.4609997,37.6647567,3.4510086,-0.0174265,8.4999669,-0.0000034
155.7662366,-20.6515677,37.6041933,3.4476323,-0.0164733,8.4999669,-0.0000026
155.9661932,-20.8423324,37.5442619,3.4443569,-0.0164320,8.4999668,-0.0000016
156.1661499,-21.0332912,37.4849609,3.4410073,-0.0172205,8.4999668,-0.0000005
156.3661065,-21.2244517,37.4263202,3.4374255,-0.0187512,8.4999668,0.0000006
156.5660632,-21.4158297,37.3683985,3.4334720,-0.0209270,8.4999668,0.0000017
156.7660199,-21.6074479,37.3112793,3.4290276,-0.0236398,8.4999668,0.0000026
156.9659765,-21.7993340,37.2550673,3.4239963,-0.0267709,8.4999669,0.0000028
157.1659332,-21.9915188,37.1998836,3.4183069,-0.0301919,8.4999669,0.0000022
157.3658898,-22.1840342,37.1458611,3.4119150,-0.0337661,8.4999670,-0.0000001
157.5658465,-22.3769109,37.0931392,3.4048049,-0.0373426,8.4999670,-0.0000047
157.7658031,-22.5701772,37.0418580,3.3969935,-0.0407496,8.4999669,-0.0000119
157.9657598,-22.7638560,36.9921516,3.3885341,-0.0438031,8.4999666,-0.0000201
158.1657165,-22.9579637,36.9441410,3.3795145,-0.0463487,8.4999661,-0.0000146
158.3656731,-23.1525088,36.8979281,3.3700506,-0.0482595,8.4999658,0.0000032
158.5656298,-23.3474869,36.8535912,3.3602798,-0.0494321,8.4999659,0.0000047
158.7655864,-23.5428885,36.8111811,3.3503389,-0.0499650,8.4999660,0.0000054
158.9655431,-23.7387035,36.7707230,3.3403367,-0.0500425,8.4999661,0.0000056
159.1654998,-23.9349135,36.7322248,3.3303508,-0.0498145,8.4999662,0.0000054
159.3654564,-24.1314975,36.6956823,3.3204269,-0.0494436,8.4999664,0.0000051
159.5654131,-24.3284336,36.6610848,3.3105787,-0.0490829,8.4999665,0.0000049
159.7653697,-24.5257004,36.6284220,3.3007909,-0.0488649,8.4999666,0.0000048
159.9653264,-24.7232776,36.5976885,3.2910240,-0.0488961,8.4999667,0.0000049
160.1652830,-24.9211466,36.5688887,3.2812198,-0.0492525,8.4999668,0.0000052
160.3652397,-25.1192904,36.5420395,3.2713082,-0.0499770,8.4999669,0.0000055
160.5651964,-25.3176934,36.5171722,3.2612138,-0.0510789,8.4999671,0.0000056
160.7651530,-25.5163408,36.4943332,3.2508626,-0.0525368,8.4999672,0.0000053
160.9651097,-25.7152179,36.4735827,3.2401873,-0.0543056,8.4999673,0.0000040
161.1650663,-25.9143092,36.4549935,3.2291312,-0.0563305,8.4999674,0.0000011
161.3650230,-26.1135977,36.4386482,3.2176514,-0.0585170,8.4999674,-0.0000038
161.5649797,-26.3130641,36.4246356,3.2057318,-0.0606915,8.4999674,-0.0000098
161.7649363,-26.5126862,36.4130439,3.1933936,-0.0626758,8.4999671,-0.0000084
161.9648930,-26.7124381,36.4039537,3.1806907,-0.0643248,8.4999669,-0.0000013
162.1648496,-26.9122905,36.3974315,3.1677038,-0.0655075,8.4999669,-0.0000037
162.3648063,-27.1122112,36.3935251,3.1545366,-0.0661303,8.4999668,-0.0000083
162.5647629,-27.3121662,36.3922595,3.1413089,-0.0661208,8.4999666,-0.0000132
162.7647196,-27.5121206,36.3936339,3.1281540,-0.0654139,8.4999663,-0.0000162
162.9646763,-27.7120399,36.3976193,3.1152163,-0.0639657,8.4999659,-0.0000044
163.1646329,-27.9118886,36.4041561,3.1026491,-0.0617200,8.4999658,0.0000112
163.3645896,-28.1116383,36.4131535,3.0906109,-0.0586739,8.4999661,0.0000087
163.5645462,-28.3112697,36.4244898,3.0792472,-0.0549687,8.4999663,0.0000071
163.7645029,-28.5107652,36.4380166,3.0686744,-0.0507637,8.4999665,0.0000055
163.9644595,-28.7101139,36.4535658,3.0589772,-0.0462186,8.4999666,0.0000041
164.1644162,-28.9093109,36.4709557,3.0502061,-0.0415147,8.4999667,0.0000028
164.3643729,-29.1083572,36.4899985,3.0423764,-0.0368167,8.4999668,0.0000018
164.5643295,-29.3072581,36.5105066,3.0354732,-0.0322622,8.4999668,0.0000010
164.7642862,-29.5060227,36.5322983,3.0294568,-0.0279572,8.4999668,0.0000005
164.9642428,-29.7046623,36.5552021,3.0242698,-0.0239768,8.4999668,0.0000001
165.1641995,-29.9031897,36.5790593,3.0198421,-0.0203690,8.4999668,-0.0000002
165.3641562,-30.1016181,36.6037263,3.0160964,-0.0171605,8.4999668,-0.0000003
165.5641128,-30.2999605,36.6290755,3.0129514,-0.0143621,8.4999668,-0.0000004
165.7640695,-30.4982291,36.6549955,3.0103251,-0.0119732,8.4999668,-0.0000004
165.9640261,-30.6964348,36.6813915,3.0081363,-0.0099859,8.4999668,-0.0000003
166.1639828,-30.8945873,36.7081845,3.0063059,-0.0083866,8.4999668,-0.0000002
166.3639394,-31.0926944,36.7353109,3.0047580,-0.0071585,8.4999668,-0.0000001
166.5638961,-31.2907624,36.7627220,3.0034202,-0.0062821,8.4999668,0.0000001
166.7638528,-31.4887957,36.7903829,3.0022242,-0.0057360,8.4999668,0.0000002
166.9638094,-31.6867972,36.8182719,3.0011063,-0.0054972,8.4999668,0.0000004
167.1637661,-31.8847680,36.8463794,3.0000074,-0.0055414,8.4999668,0.0000006
167.3637227,-32.0827076,36.8747071,2.9988734,-0.0058426,8.4999668,0.0000007
167.5636794,-32.2806141,36.9032668,2.9976557,-0.0063738,8.4999668,0.0000009
167.7636360,-32.4784842,36.9320794,2.9963111,-0.0071063,8.4999669,0.0000010
167.9635927,-32.6763134,36.9611737,2.9948023,-0.0080100,8.4999669,0.0000011
168.1635494,-32.8740959,36.9905853,2.9930981,-0.0090537,8.4999669,0.0000011
168.3635060,-33.0718250,37.0203554,2.9911740,-0.0102047,8.4999669,0.0000010
168.5634627,-33.2694932,37.0505293,2.9890117,-0.0114300,8.4999670,0.0000008
168.7634193,-33.4670921,37.0811550,2.9865996,-0.0126971,8.4999670,0.0000005
168.9633760,-33.6646128,37.1122824,2.9839331,-0.0139728,8.4999670,0.0000007
169.1633327,-33.8620460,37.1439616,2.9810116,-0.0152385,8.4999670,0.0000015
169.3632893,-34.0593827,37.1762420,2.9778445,-0.0164498,8.4999670,0.0000019
169.5632460,-34.2566074,37.2091711,2.9744244,-0.0178147,8.4999671,0.0000027
169.7632026,-34.4537086,37.2428042,2.9706800,-0.0194861,8.4999671,0.0000036
169.9631593,-34.6506888,37.2771983,2.9667732,-0.0196117,8.4999672,0.0000040
170.1631159,-34.8475365,37.3123680,2.9627946,-0.0201902,8.4999673,0.0000041
170.3630726,-35.0442388,37.3483323,2.9586921,-0.0208408,8.4999674,0.0000039
170.5630293,-35.2407835,37.3851138,2.9544747,-0.0213463,8.4999675,0.0000036
170.7629859,-35.4371649,37.4227320,2.9501697,-0.0217145,8.4999676,0.0000033
170.9629426,-35.6333831,37.4612018,2.9458091,-0.0218959,8.4999677,0.0000028
171.1628992,-35.8294330,37.5005293,2.9414346,-0.0218440,8.4999677,0.0000022
171.3628559,-36.0253112,37.5407116,2.9370985,-0.0214954,8.4999678,0.0000015
171.5628125,-36.2210166,37.5817342,2.9328674,-0.0207754,8.4999678,0.0000005
171.7627692,-36.4165514,37.6235679,2.9288236,-0.0195969,8.4999678,-0.0000005
171.9627259,-36.6119218,37.6661658,2.9250680,-0.0178616,8.4999678,-0.0000017
172.1626825,-36.8071397,37.7094594,2.9217224,-0.0154626,8.4999678,-0.0000028
172.3626392,-37.0022236,37.7533545,2.9189303,-0.0122888,8.4999677,-0.0000035
172.5625958,-37.1971994,37.7977268,2.9168575,-0.0082301,8.4999676,-0.0000035
172.7625525,-37.3921023,37.8424180,2.9156918,-0.0031822,8.4999676,-0.0000016
172.9625092,-37.5869770,37.8872312,2.9156409,0.0029521,8.4999675,0.0000044
173.1624658,-37.7818783,37.9319273,2.9169306,0.0102478,8.4999676,0.0000176
173.3624225,-37.9768708,37.9762218,2.9197994,0.0187604,8.4999680,0.0000415
173.5623791,-38.1720281,38.0197827,2.9244894,0.0284092,8.4999690,0.0000765
173.7623358,-38.3674296,38.0622321,2.9312196,0.0392444,8.4999708,0.0001041
173.9622924,-38.5631576,38.1031447,2.9402396,0.0511342,8.4999733,0.0000914
174.1622491,-38.7592930,38.1420528,2.9516889,0.0632950,8.4999754,0.0000376
174.3622058,-38.9559037,38.1784758,2.9655326,0.0749835,8.4999763,-0.0000378
174.5621624,-39.1530371,38.2119481,2.9816320,0.0857254,8.4999754,-0.0001507
174.7621191,-39.3507138,38.2420390,2.9997426,0.0950599,8.4999719,-0.0003204
174.9620757,-39.5489257,38.2683705,3.0195618,0.1028276,8.4999643,-0.0005569
175.1620324,-39.7476361,38.2906250,3.0407766,0.1090666,8.4999512,-0.0007853
175.3619891,-39.9467841,38.3085445,3.0630974,0.1139492,8.4999327,-0.0007237
175.5619457,-40.1462885,38.3219254,3.0862759,0.1176924,8.4999157,-0.0001561
175.7619024,-40.3460525,38.3306107,3.1101044,0.1205086,8.4999120,0.0004176
175.9618590,-40.5459680,38.3344826,3.1344243,0.1226443,8.4999219,0.0011201
176.1618157,-40.7459186,38.3334528,3.1591168,0.1242380,8.4999482,-0.0062285
176.3617723,-40.9457823,38.3274584,3.1840735,0.1253172,8.4998017,-0.0552329
176.5617290,-41.1454336,38.3164594,3.2092083,0.1260414,8.4985023,-0.1303012
176.7616857,-41.3447447,38.3004334,3.2344625,0.1265135,8.4954359,-0.1991860
176.9616423,-41.5435873,38.2793718,3.2597867,0.1267471,8.4907464,-0.2636411
177.1615990,-41.7418329,38.2532786,3.2851373,0.1267811,8.4845354,-0.3242430
177.3615556,-41.9393538,38.2221691,3.3104775,0.1266456,8.4768904,-0.3809043
177.5615123,-42.1360240,38.1860685,3.3357760,0.1263677,8.4679007,-0.4332596
177.7614689,-42.3317192,38.1450107,3.3610069,0.1259722,8.4576638,-0.4808975
177.9614256,-42.5263177,38.0990375,3.3861489,0.1254840,8.4462867,-0.5234758
178.1613823,-42.7197004,38.0481969,3.4111859,0.1249295,8.4338849,-0.5607655
178.3613389,-42.9117511,37.9925425,3.4361073,0.1243371,8.4205794,-0.5926570
178.5612956,-43.1023563,37.9321320,3.4609082,0.1237374,8.4064942,-0.6191508
178.7612522,-43.2914055,37.8670258,3.4855902,0.1231627,8.3917542,-0.6403440
178.9612089,-43.4787906,37.7972857,3.5101613,0.1226456,8.3764823,-0.6564168
179.1611656,-43.6644056,37.7229736,3.5346362,0.1222175,8.3607982,-0.6676187
179.3611222,-43.8481461,37.6441500,3.5590358,0.1219065,8.3448162,-0.6742497
179.5610789,-44.0299085,37.5608734,3.5833862,0.1217349,8.3286443,-0.6766390
179.7610355,-44.2095890,37.4731988,3.6077172,0.1217165,8.3123835,-0.6751220
179.9609922,-44.3870834,37.3811780,3.6320606,0.1218568,8.2961273,-0.6700271
180.1609488,-44.5622844,37.2848601,3.6564482,0.1221385,8.2799623,-0.6616631
180.3609055,-44.7350858,37.1842902,3.6809080,0.1225872,8.2639680,-0.6503853
180.5608622,-44.9053692,37.0795134,3.7055184,0.1236961,8.2482162,-0.6364672
180.7608188,-45.0730166,36.9705554,3.7303365,0.1244778,8.2327722,-0.6206054
180.9607755,-45.2379182,36.8574460,3.7553082,0.1254010,8.2176852,-0.6038376
181.1607321,-45.3999362,36.7402320,3.7805278,0.1269271,8.2029792,-0.5864883
181.3606888,-45.5589252,36.6189484,3.8060367,0.1281962,8.1886704,-0.5685324
181.5606454,-45.7147518,36.4936317,3.8317874,0.1294052,8.1747758,-0.5499738
181.7606021,-45.8672835,36.3643274,3.8577731,0.1305467,8.1613122,-0.5307776
181.9605588,-46.0163879,36.2310876,3.8839845,0.1316815,8.1482975,-0.5108734
182.1605154,-46.1619327,36.0939702,3.9104230,0.1328254,8.1357512,-0.4901567
182.3604721,-46.3037842,35.9530383,3.9370914,0.1339935,8.1236954,-0.4685043
182.5604287,-46.4418081,35.8083603,3.9639944,0.1351855,8.1121554,-0.4458025
182.7603854,-46.5758688,35.6600103,3.9911353,0.1363922,8.1011594,-0.4220008
182.9603421,-46.7058299,35.5080687,4.0185139,0.1375928,8.0907367,-0.3968862
183.1602987,-46.8315704,35.3526043,4.0461278,0.1387417,8.0809220,-0.3707579
183.3602554,-46.9529800,35.1936772,4.0739684,0.1397728,8.0717426,-0.3450802
183.5602120,-47.0699125,35.0314060,4.1020061,0.1406323,8.0631896,-0.3199696
183.7601687,-47.1822450,34.8658992,4.1301950,0.1411947,8.0552509,-0.2948062
183.9601253,-47.2898640,34.6972815,4.1584601,0.1413193,8.0479295,-0.2687408
184.1600820,-47.3926705,34.5256978,4.1866999,0.1408951,8.0412497,-0.2414114
184.3600387,-47.4905858,34.3513156,4.2147850,0.1397688,8.0352444,-0.2123609
184.5599953,-47.5835600,34.1743258,4.2425481,0.1377390,8.0299581,-0.1812670
184.7599520,-47.6715834,33.9949387,4.2697807,0.1345946,8.0254430,-0.1475932
184.9599086,-47.7547184,33.8133323,4.2962468,0.1301689,8.0217648,-0.1065488
185.1598653,-47.8332733,33.6292234,4.3217619,0.1245807,8.0191085,-0.0678785
185.3598220,-47.9071459,33.4433992,4.3460335,0.1182573,8.0174158,-0.0271356
185.5597786,-47.9765628,33.2560150,4.3689307,0.1104956,8.0167390,0.0172503
185.7597353,-48.0417381,33.0671816,4.3914293,0.1162268,8.0171692,0.0692710
185.9596919,-48.1025000,32.8770816,4.4145505,0.1152263,8.0188967,0.1164922
186.1596486,-48.1589258,32.6853994,4.4377947,0.1195045,8.0218010,0.1656350
186.3596052,-48.2108122,32.4922205,4.4624217,0.1265582,8.0259287,0.2166423
186.5595619,-48.2578315,32.2976343,4.4883793,0.1326527,8.0313242,0.2698066
186.7595186,-48.2996762,32.1018540,4.5154260,0.1373316,8.0380388,0.3285483
186.9594752,-48.3360581,31.9054198,4.5431841,0.1404049,8.0462078,0.3851009
187.1594319,-48.3669383,31.7079401,4.5714222,0.1420150,8.0557722,0.4441468
187.3593885,-48.3922147,31.5095974,4.5998650,0.1423860,8.0667891,0.5058340
187.5593452,-48.4118436,31.3105740,4.6282806,0.1417319,8.0793178,0.5701377
187.7593018,-48.4258307,31.1110496,4.6564785,0.1402480,8.0934160,0.6367384
187.9592585,-48.4342220,30.9111994,4.6843055,0.1381037,8.1091320,0.7048914
188.1592152,-48.4370965,30.7111924,4.7116413,0.1354472,8.1264948,0.7781211
188.3591718,-48.4345634,30.5113223,4.7383781,0.1322968,8.1456184,0.8447706
188.5591285,-48.4267493,30.3115607,4.7644780,0.1289109,8.1663293,0.9053491
188.7590851,-48.4137893,30.1120333,4.7899051,0.1254305,8.1884672,0.9565692
188.9590418,-48.3958264,29.9128660,4.8146473,0.1219817,8.2117927,0.9950025
189.1589985,-48.3730070,29.7141777,4.8387171,0.1186818,8.2359853,1.0177071
189.3589551,-48.3454751,29.5160787,4.8621503,0.1156266,8.2606567,1.0226154
189.5589118,-48.3133680,29.3186715,4.8850017,0.1129037,8.2853730,1.0088387
189.7588684,-48.2768120,29.1220504,4.9073431,0.1105512,8.3096844,0.9768956
189.9588251,-48.2359206,28.9263044,4.9292486,0.1086142,8.3331583,0.9288478
190.1587817,-48.1907912,28.7315149,4.9508121,0.1071170,8.3554166,0.8683665
190.3587384,-48.1415057,28.5377592,4.9720989,0.1057546,8.3761720,0.8008878
190.5586951,-48.0881495,28.3451148,4.9929855,0.1033805,8.3952691,0.7314113
190.7586517,-48.0307941,28.1535698,5.0136683,0.1033157,8.4126717,0.6714485
190.9586084,-47.9694646,27.9632357,5.0346517,0.1065232,8.4286159,0.6341018
191.1585650,-47.9041135,27.7742505,5.0559767,0.1065469,8.4436456,0.6324648
191.3585217,-47.8347503,27.5867050,5.0773010,0.1067418,8.4586100,0.6870021
191.5584783,-47.7614065,27.4006891,5.0986003,0.1061675,8.4748347,0.8276021
191.7584350,-47.6841377,27.2162715,5.1196251,0.1037477,8.4943389,0.2349462
191.9583917,-47.6030640,27.0334977,5.1400253,0.1001303,8.4998677,0.0042306
192.1583483,-47.5183487,26.8523833,5.1596360,0.0959373,8.4999672,0.0000759
192.3583050,-47.4301797,26.6729246,5.1782706,0.0899101,8.4999690,0.0000157
192.5582616,-47.3388033,26.4950757,5.1954424,0.0811926,8.4999694,-0.0000101
192.7582183,-47.2445549,26.3187287,5.2106030,0.0698447,8.4999692,-0.0000112
192.9581750,-47.1478539,26.1437111,5.2232950,0.0568391,8.4999689,-0.0000085
193.1581316,-47.0491687,25.9698018,5.2333328,0.0437200,8.4999687,-0.0000071
193.3580883,-46.9489648,25.7967620,5.2408386,0.0317812,8.4999685,-0.0000057
193.5580449,-46.8476609,25.6243638,5.2461287,0.0216233,8.4999684,-0.0000044
193.7580016,-46.7456105,25.4524071,5.2495729,0.0132701,8.4999683,-0.0000033
193.9579582,-46.6431026,25.2807238,5.2515112,0.0064804,8.4999682,-0.0000025
194.1579149,-46.5403710,25.1091752,5.2522266,0.0009628,8.4999681,-0.0000018
194.3578716,-46.4376054,24.9376479,5.2519465,-0.0035347,8.4999681,-0.0000013
194.5578282,-46.3349603,24.7660494,5.2508542,-0.0072045,8.4999681,-0.0000009
194.7577849,-46.2325618,24.5943044,5.2491000,-0.0101865,8.4999681,-0.0000006
194.9577415,-46.1305127,24.4223521,5.2468105,-0.0125798,8.4999680,-0.0000004
195.1576982,-46.0288960,24.2501446,5.2440959,-0.0144531,8.4999680,-0.0000002
195.3576548,-45.9277767,24.0776448,5.2410551,-0.0158530,8.4999680,-0.0000001
195.5576115,-45.8272043,23.9048262,5.2377793,-0.0168084,8.4999680,0.0000000
195.7575682,-45.7272126,23.7316711,5.2343558,-0.0173338,8.4999680,0.0000000
195.9575248,-45.6278211,23.5581711,5.2308699,-0.0174315,8.4999680,-0.0000001
196.1574815,-45.5290343,23.3843264,5.2274078,-0.0170929,8.4999680,-0.0000002
196.3574381,-45.4308415,23.2101455,5.2240583,-0.0162994,8.4999680,-0.0000003
196.5573948,-45.3332161,23.0356460,5.2209149,-0.0150240,8.4999680,-0.0000005
196.7573515,-45.2361145,22.8608545,5.2180772,-0.0132326,8.4999680,-0.0000008
196.9573081,-45.1394747,22.6858071,5.2156521,-0.0108862,8.4999680,-0.0000010
197.1572648,-45.0432151,22.5105501,5.2137548,-0.0079425,8.4999680,-0.0000011
197.3572214,-44.9472327,22.3351407,5.2125090,-0.0043595,8.4999679,-0.0000011
197.5571781,-44.8514021,22.1596481,5.2120464,-0.0000977,8.4999679,-0.0000006
197.7571347,-44.7555735,21.9841538,5.2125065,0.0048765,8.4999679,0.0000005
197.9570914,-44.6595724,21.8087533,5.2140344,0.0105877,8.4999679,0.0000029
198.1570481,-44.5631989,21.6335567,5.2167789,0.0170459,8.4999680,0.0000074
198.3570047,-44.4662274,21.4586899,5.2208888,0.0242369,8.4999681,0.0000148
198.5569614,-44.3684085,21.2842955,5.2265068,0.0321158,8.4999685,0.0000258
198.7569180,-44.2694707,21.1105333,5.2337630,0.0405871,8.4999691,0.0000386
198.9568747,-44.1691253,20.9375805,5.2427661,0.0496324,8.4999700,0.0000478
199.1568314,-44.0670678,20.7656329,5.2536381,0.0591447,8.4999711,0.0000466
199.3567880,-43.9629845,20.5949050,5.2664153,0.0685504,8.4999722,0.0000315
199.5567447,-43.8565724,20.4256201,5.2810237,0.0774264,8.4999730,0.0000014
199.7567013,-43.7475543,20.2580030,5.2973396,0.0855533,8.4999730,-0.0000417
199.9566580,-43.6356874,20.0922751,5.3151820,0.0926664,8.4999720,-0.0000938
200.1566146,-43.5207716,19.9286475,5.3343350,0.0986575,8.4999698,-0.0001463
200.3565713,-43.4026531,19.7673175,5.3545709,0.1035144,8.4999664,-0.0001854
200.5565280,-43.2812231,19.6084651,5.3756686,0.1073080,8.4999620,-0.0001938
200.7564846,-43.1564148,19.4522529,5.3974273,0.1101586,8.4999575,-0.0001602
200.9564413,-43.0281972,19.2988250,5.4196712,0.1122006,8.4999537,-0.0000901
201.1563979,-42.8965711,19.1483103,5.4422560,0.1135746,8.4999516,-0.0000254
201.3563546,-42.7615602,19.0008192,5.4650469,0.1143843,8.4999510,-0.0000104
201.5563112,-42.6232104,18.8564540,5.4880053,0.1149802,8.4999507,0.0000118
201.7562679,-42.4815874,18.7153055,5.5108887,0.1140308,8.4999510,0.0000524
201.9562246,-42.3367683,18.5774156,5.5336952,0.1141848,8.4999522,0.0001768
202.1561812,-42.1888197,18.4428663,5.5567453,0.1163261,8.4999564,0.0005947
202.3561379,-42.0377932,18.3117951,5.5801090,0.1174498,8.4999704,0.0009220
202.5560945,-41.8837573,18.1843254,5.6036858,0.1184821,8.4999921,-0.0003915
202.7560512,-41.7267336,18.0605304,5.6274887,0.1196826,8.4999829,-0.0014035
202.9560079,-41.5667814,17.9405191,5.6515425,0.1209346,8.4999498,-0.0009172
203.1559645,-41.4039642,17.8244034,5.6758524,0.1221969,8.4999283,-0.0000355
203.3559212,-41.2383502,17.7122955,5.7004166,0.1234256,8.4999274,0.0005351
203.5558778,-41.0700138,17.6043061,5.7252242,0.1245919,8.4999400,0.0006360
203.7558345,-40.8990353,17.5005434,5.7502592,0.1256653,8.4999550,0.0004281
203.9557911,-40.7255018,17.4011107,5.7754985,0.1266069,8.4999651,0.0001424
204.1557478,-40.5495066,17.3061052,5.8009101,0.1273677,8.4999684,-0.0000745
204.3557045,-40.3711498,17.2156154,5.8264514,0.1278869,8.4999667,-0.0001791
204.5556611,-40.1905394,17.1297188,5.8520661,0.1280909,8.4999624,-0.0001864
204.7556178,-40.0077916,17.0484794,5.8776823,0.1278965,8.4999581,-0.0001336
204.9555744,-39.8230332,16.9719439,5.9032104,0.1272141,8.4999549,-0.0000611
205.1555311,-39.6364029,16.9001387,5.9285421,0.1259531,8.4999535,-0.0000066
205.3554877,-39.4480530,16.8330657,5.9535506,0.1240305,8.4999533,-0.0000088
205.5554444,-39.2581498,16.7706984,5.9780941,0.1213845,8.4999531,-0.0001095
205.7554011,-39.0668699,16.7129780,6.0020239,0.1180014,8.4999505,-0.0003483
205.9553577,-38.8742888,16.6597833,6.0252136,0.1139733,8.4999423,-0.0007481
206.1553144,-38.6801685,16.6108982,6.0476120,0.1097442,8.4999247,-0.0011388
206.3552710,-38.4851714,16.5663220,6.0691442,0.1057568,8.4998980,-0.0014203
206.5552277,-38.2894417,16.5259129,6.0899378,0.1026506,8.4998645,-0.0015496
206.7551844,-38.0930166,16.4895479,6.1102902,0.1016231,8.4998281,-0.0017395
206.9551410,-37.8958061,16.4571963,6.1310671,0.1071084,8.4997872,-0.0024650
207.1550977,-37.6981372,16.4291005,6.1530741,0.1118198,8.4997292,-0.0036230
207.3550543,-37.4996394,16.4053861,6.1756034,0.1153490,8.4996439,-0.0043906
207.5550110,-37.3004237,16.3862362,6.1992765,0.1206490,8.4995407,-0.0044063
207.7549676,-37.1008732,16.3719023,6.2238084,0.1244745,8.4994370,-0.0035786
207.9549243,-36.9013376,16.3625461,6.2489347,0.1269196,8.4993528,-0.0022181
208.1548810,-36.7015236,16.3582474,6.2744662,0.1283895,8.4993006,-0.0005759
208.3548376,-36.5015972,16.3590763,0.0170355,0.1290731,8.4992871,0.0010622
208.5547943,-36.3017199,16.3650648,0.0428732,0.1291849,8.4993121,0.0024528
208.7547509,-36.1020455,16.3762158,0.0686920,0.1288839,8.4993698,0.0034351
208.9547076,-35.9027188,16.3925104,0.0944205,0.1282979,8.4994506,0.0039427
209.1546643,-35.7038764,16.4139142,0.1200107,0.1275243,8.4995433,0.0039961
209.3546209,-35.5056478,16.4403822,0.1454327,0.1266358,8.4996373,0.0036805
209.5545776,-35.3081567,16.4718618,0.1706690,0.1256851,8.4997239,0.0031176
209.7545342,-35.1115222,16.5082953,0.1957116,0.1247089,8.4997973,0.0024345
209.9544909,-34.9158593,16.5496215,0.2205581,0.1237307,8.4998545,0.0017370
210.1544475,-34.7212800,16.5957767,0.2452097,0.1227617,8.4998954,0.0010916
210.3544042,-34.5278932,16.6466953,0.2696687,0.1218061,8.4999211,0.0005204
210.5543609,-34.3358049,16.7023097,0.2939372,0.1208505,8.4999333,0.0000123
210.7543175,-34.1451180,16.7625503,0.3180140,0.1198950,8.4999336,-0.0004426
210.9542742,-33.9559318,16.8273454,0.3418952,0.1188692,8.4999232,-0.0008041
211.1542308,-33.7683429,16.8966184,0.3655656,0.1178498,8.4999043,-0.0009536
211.3541875,-33.5824410,16.9702918,0.3890195,0.1165319,8.4998818,-0.0007252
211.5541441,-33.3983097,17.0482767,0.4122004,0.1156709,8.4998648,-0.0000092
211.7541008,-33.2160574,17.1304906,0.4353550,0.1162912,8.4998646,0.0010672
211.9540575,-33.0357880,17.2169061,0.4586492,0.1159203,8.4998897,0.0019373
212.1540141,-32.8575526,17.3074800,0.4816292,0.1146790,8.4999353,0.0018039
212.3539708,-32.6814250,17.4021297,0.5046170,0.1153377,8.4999777,0.0002292
212.5539274,-32.5075220,17.5008191,0.5277678,0.1162433,8.4999831,-0.0048536
212.7538841,-32.3359529,17.6035287,0.5511172,0.1172787,8.4998689,-0.0158321
212.9538408,-32.1668358,17.7102362,0.5746779,0.1183117,8.4994964,-0.0285736
213.1537974,-32.0002885,17.8209162,0.5984338,0.1192107,8.4988242,-0.0361240
213.3537541,-31.8364268,17.9355345,0.6223473,0.1198700,8.4979743,-0.0262793
213.5537107,-31.6753606,18.0540456,0.6463554,0.1201548,8.4973559,0.0210286
213.7536674,-31.5171900,18.1763886,0.6703690,0.1198461,8.4978507,0.0861190
213.9536240,-31.3619972,18.3024807,0.6942039,0.1183440,8.4998769,0.0036874
214.1535807,-31.2098299,18.4322023,0.7175794,0.1152070,8.4999636,0.0000937
214.3535374,-31.0606865,18.5653857,0.7401035,0.1096545,8.4999658,0.0000532
214.5534940,-30.9144871,18.7017928,0.7611081,0.0998094,8.4999671,0.0000298
214.7534507,-30.7710180,18.8410699,0.7795148,0.0836175,8.4999678,0.0000170
214.9534073,-30.6298729,18.9827059,0.7940031,0.0609682,8.4999682,0.0000097
215.1533640,-30.4904530,19.1260466,0.8036847,0.0360512,8.4999684,0.0000038
215.3533206,-30.3520756,19.2704012,0.8086335,0.0138923,8.4999685,-0.0000029
215.5532773,-30.2141114,19.4151577,0.8096015,-0.0037307,8.4999684,-0.0000122
215.7532340,-30.0760488,19.5598266,0.8074538,-0.0173082,8.4999681,-0.0000264
215.9531906,-29.9374927,19.7040278,0.8029096,-0.0277316,8.4999675,-0.0000411
216.1531473,-29.7981443,19.8474652,0.7965314,-0.0356727,8.4999665,-0.0000375
216.3531039,-29.6577818,19.9899074,0.7887689,-0.0415999,8.4999657,-0.0000228
216.5530606,-29.5162460,20.1311758,0.7799914,-0.0458597,8.4999651,-0.0000174
216.7530173,-29.3734345,20.2711307,0.7705035,-0.0487414,8.4999647,-0.0000128
216.9529739,-29.2292662,20.4096882,0.7605223,-0.0513104,8.4999644,-0.0000072
217.1529306,-29.0837453,20.5466957,0.7498772,-0.0556282,8.4999642,0.0000002
217.3528872,-28.9367664,20.6820510,0.7386737,-0.0547331,8.4999642,0.0000066
217.5528439,-28.7882112,20.8158684,0.7278027,-0.0550535,8.4999644,0.0000100
217.7528005,-28.6381592,20.9480719,0.7166459,-0.0564439,8.4999646,0.0000115
217.9527572,-28.4866385,21.0785585,0.7051968,-0.0580809,8.4999649,0.0000128
218.1527139,-28.3336440,21.2072490,0.6934041,-0.0599093,8.4999652,0.0000143
218.3526705,-28.1791125,21.3341011,0.6812155,-0.0620625,8.4999655,0.0000159
218.5526272,-28.0230124,21.4590297,0.6685636,-0.0645582,8.4999659,0.0000173
218.7525838,-27.8653064,21.5819368,0.6553779,-0.0674035,8.4999663,0.0000180
218.9525405,-27.7059527,21.7027106,0.6415905,-0.0705795,8.4999668,0.0000173
219.1524971,-27.5449059,21.8212263,0.6271348,-0.0740915,8.4999672,0.0000132
219.3524538,-27.3821172,21.9373452,0.6119477,-0.0778293,8.4999675,0.0000040
219.5524105,-27.2175387,22.0509183,0.5960094,-0.0815533,8.4999676,-0.0000095
219.7523671,-27.0511286,22.1617938,0.5793393,-0.0851308,8.4999673,-0.0000254
219.9523238,-26.8828546,22.2698213,0.5619754,-0.0884605,8.4999667,-0.0000377
220.1522804,-26.7126962,22.3748562,0.5439784,-0.0914477,8.4999659,-0.0000273
220.3522371,-26.5406461,22.4767626,0.5254232,-0.0940353,8.4999652,-0.0000018
220.5521938,-26.3667111,22.5754164,0.5063939,-0.0961880,8.4999652,0.0000034
220.7521504,-26.1909120,22.6707072,0.4869790,-0.0978970,8.4999652,0.0000009
220.9521071,-26.0132825,22.7625390,0.4672672,-0.0991651,8.4999653,0.0000031
221.1520637,-25.8338683,22.8508314,0.4473468,-0.0999876,8.4999653,0.0000054
221.3520204,-25.6527263,22.9355200,0.4273087,-0.1003472,8.4999655,0.0000011
221.5519770,-25.4699230,23.0165582,0.4072480,-0.1002178,8.4999655,-0.0000042
221.7519337,-25.2855343,23.0939184,0.3872665,-0.0995574,8.4999654,-0.0000084
221.9518904,-25.0996442,23.1675946,0.3674764,-0.0983059,8.4999652,-0.0000092
222.1518470,-24.9123441,23.2376049,0.3480031,-0.0963918,8.4999650,0.0000093
222.3518037,-24.7237319,23.3039948,0.3289826,-0.0937915,8.4999652,0.0000255
222.5517603,-24.5339136,23.3668386,0.3105649,-0.0903380,8.4999658,0.0000164
222.7517170,-24.3429950,23.4262468,0.2929274,-0.0860060,8.4999662,0.0000107
222.9516737,-24.1510836,23.4823665,0.2762238,-0.0810340,8.4999664,0.0000067
223.1516303,-23.9582838,23.5353729,0.2605587,-0.0756296,8.4999666,0.0000038
223.3515870,-23.7646997,23.5854593,0.2459845,-0.0701391,8.4999667,0.0000018
223.5515436,-23.5704329,23.6328242,0.2324879,-0.0648795,8.4999667,0.0000004
223.7515003,-23.3755683,23.6776624,0.2199985,-0.0600953,8.4999667,-0.0000006
223.9514569,-23.1801795,23.7201528,0.2084069,-0.0559244,8.4999667,-0.0000009
224.1514136,-22.9843281,23.7604530,0.1975854,-0.0524067,8.4999667,0.0000006
224.3513703,-22.7880655,23.7986963,0.1874058,-0.0495059,8.4999667,0.0000018
224.5513269,-22.5914344,23.8349932,0.1777522,-0.0471406,8.4999668,0.0000009
224.7512836,-22.3944701,23.8694337,0.1685268,-0.0452081,8.4999668,-0.0000001
224.9512402,-22.1972027,23.9020916,0.1596540,-0.0435930,8.4999668,-0.0000018
225.1511969,-21.9996581,23.9330283,0.1510823,-0.0421725,8.4999667,-0.0000041
225.3511535,-21.8018595,23.9622980,0.1427849,-0.0408211,8.4999666,-0.0000067
225.5511102,-21.6038283,23.9899523,0.1347602,-0.0394191,8.4999665,-0.0000057
225.7510669,-21.4055850,24.0160453,0.1270290,-0.0378632,8.4999663,0.0000009
225.9510235,-21.2071494,24.0406371,0.1196304,-0.0360793,8.4999664,0.0000041
226.1509802,-21.0085411,24.0637973,0.1126135,-0.0340494,8.4999665,0.0000036
226.3509368,-20.8097791,24.0856053,0.1060250,-0.0318050,8.4999665,0.0000033
226.5508935,-20.6108819,24.1061491,0.0999027,-0.0294009,8.4999666,0.0000030
226.7508502,-20.4118669,24.1255234,0.0942718,-0.0269059,8.4999667,0.0000026
226.9508068,-20.2127499,24.1438269,0.0891431,-0.0243925,8.4999668,0.0000023
227.1507635,-20.0135455,24.1611588,0.0845133,-0.0219285,8.4999668,0.0000021
227.3507201,-19.8142666,24.1776168,0.0803662,-0.0195726,8.4999669,0.0000019
227.5506768,-19.6149242,24.1932943,0.0766752,-0.0173720,8.4999669,0.0000017
227.7506334,-19.4155282,24.2082785,0.0734054,-0.0153621,8.4999669,0.0000016
227.9505901,-19.2160867,24.2226493,0.0705160,-0.0135670,8.4999670,0.0000016
228.1505468,-19.0166067,24.2364781,0.0679625,-0.0120006,8.4999670,0.0000015
228.3505034,-18.8170938,24.2498272,0.0656986,-0.0106675,8.4999671,0.0000015
228.5504601,-18.6175527,24.2627495,0.0636778,-0.0095644,8.4999671,0.0000015
228.7504167,-18.4179872,24.2752891,0.0618551,-0.0086816,8.4999671,0.0000015
228.9503734,-18.2184003,24.2874811,0.0601880,-0.0080034,8.4999672,0.0000016
229.1503300,-18.0187941,24.2993526,0.0586378,-0.0075093,8.4999672,0.0000016
229.3502867,-17.8191705,24.3109235,0.0571701,-0.0071749,8.4999672,0.0000015
229.5502434,-17.6195306,24.3222071,0.0557559,-0.0069727,8.4999673,0.0000015
229.7502000,-17.4198781,24.3332115,0.0543717,-0.0068733,8.4999673,0.0000014
229.9501567,-17.2202107,24.3439410,0.0530002,-0.0068453,8.4999673,0.0000014
230.1501133,-17.0205285,24.3543970,0.0516302,-0.0068585,8.4999674,0.0000015
230.3500700,-16.8208319,24.3645791,0.0502561,-0.0068855,8.4999674,0.0000014
230.5500267,-16.6211211,24.3744863,0.0488774,-0.0069038,8.4999674,0.0000013
230.7499833,-16.4213967,24.3841179,0.0474977,-0.0068943,8.4999675,0.0000012
230.9499400,-16.2216590,24.3934745,0.0461244,-0.0068404,8.4999675,0.0000010
231.1498966,-16.0219086,24.4025583,0.0447675,-0.0067291,8.4999675,0.0000011
231.3498533,-15.8221460,24.4113736,0.0434397,-0.0065504,8.4999675,0.0000012
231.5498099,-15.6223719,24.4199278,0.0421546,-0.0063014,8.4999676,0.0000012
231.7497666,-15.4225872,24.4282307,0.0409262,-0.0059847,8.4999676,0.0000011
231.9497233,-15.2227927,24.4362948,0.0397661,-0.0056175,8.4999676,0.0000011
232.1496799,-15.0229892,24.4441348,0.0386858,-0.0051885,8.4999677,0.0000010
232.3496366,-14.8231777,24.4517675,0.0376886,-0.0047827,8.4999677,0.0000008
232.5495932,-14.6233589,24.4592109,0.0368020,-0.0040870,8.4999677,0.0000005
232.7495499,-14.4235348,24.4664905,0.0360466,-0.0034706,8.4999677,0.0000002
232.9495066,-14.2237054,24.4736280,0.0353620,-0.0033792,8.4999677,-0.0000000
233.1494632,-14.0238714,24.4806326,0.0347284,-0.0029540,8.4999677,-0.0000001
233.3494199,-13.8240334,24.4875191,0.0341788,-0.0025434,8.4999677,-0.0000001
233.5493765,-13.6241919,24.4943039,0.0337090,-0.0021562,8.4999677,-0.0000001
233.7493332,-13.4243475,24.5010022,0.0333139,-0.0017962,8.4999677,-0.0000001
233.9492898,-13.2245006,24.5076287,0.0329878,-0.0014667,8.4999677,-0.0000001
234.1492465,-13.0246519,24.5141963,0.0327245,-0.0011686,8.4999677,-0.0000001
234.3492032,-12.8248015,24.5207171,0.0325177,-0.0009025,8.4999677,-0.0000001
234.5491598,-12.6249501,24.5272016,0.0323609,-0.0006677,8.4999677,-0.0000001
234.7491165,-12.4250977,24.5336593,0.0322480,-0.0004635,8.4999677,-0.0000001
234.9490731,-12.2252447,24.5400983,0.0321731,-0.0002883,8.4999677,-0.0000001
235.1490298,-12.0253914,24.5465257,0.0321304,-0.0001404,8.4999677,-0.0000000
235.3489864,-11.8255378,24.5529473,0.0321149,-0.0000177,8.4999677,-0.0000000
235.5489431,-11.6256843,24.5593681,0.0321215,0.0000820,8.4999677,-0.0000000
235.7488998,-11.4258308,24.5657921,0.0321460,0.0001610,8.4999677,-0.0000000
235.9488564,-11.2259775,24.5722225,0.0321845,0.0002215,8.4999677,-0.0000000
236.1488131,-11.0261245,24.5786616,0.0322334,0.0002658,8.4999677,-0.0000000
236.3487697,-10.8262719,24.5851113,0.0322897,0.0002961,8.4999677,-0.0000000
236.5487264,-10.6264196,24.5915728,0.0323509,0.0003144,8.4999677,-0.0000000
236.7486831,-10.4265677,24.5980468,0.0324147,0.0003226,8.4999677,-0.0000000
236.9486397,-10.2267162,24.6045337,0.0324793,0.0003224,8.4999677,-0.0000000
237.1485964,-10.0268652,24.6110334,0.0325432,0.0003156,8.4999677,-0.0000000
237.3485530,-9.8270146,24.6175457,0.0326052,0.0003035,8.4999677,-0.0000000
237.5485097,-9.6271643,24.6240702,0.0326643,0.0002874,8.4999677,-0.0000000
237.7484663,-9.4273144,24.6306061,0.0327199,0.0002684,8.4999677,-0.0000000
237.9484230,-9.2274649,24.6371527,0.0327715,0.0002475,8.4999677,-0.0000000
238.1483797,-9.0276157,24.6437092,0.0328189,0.0002256,8.4999677,-0.0000000
238.3483363,-8.8277668,24.6502747,0.0328617,0.0002032,8.4999677,-0.0000000
238.5482930,-8.6279181,24.6568484,0.0329001,0.0001810,8.4999677,-0.0000000
238.7482496,-8.4280697,24.6634293,0.0329342,0.0001594,8.4999677,-0.0000000
238.9482063,-8.2282215,24.6700165,0.0329640,0.0001388,8.4999677,-0.0000000
239.1481629,-8.0283735,24.6766094,0.0329898,0.0001194,8.4999677,-0.0000000
239.3481196,-7.8285256,24.6832070,0.0330118,0.0001015,8.4999677,-0.0000000
239.5480763,-7.6286779,24.6898086,0.0330304,0.0000850,8.4999677,-0.0000000
239.7480329,-7.4288303,24.6964137,0.0330459,0.0000702,8.4999677,-0.0000000
239.9479896,-7.2289827,24.7030215,0.0330586,0.0000570,8.4999677,-0.0000000
240.1479462,-7.0291353,24.7096317,0.0330688,0.0000453,8.4999677,-0.0000000
240.3479029,-6.8292879,24.7162436,0.0330768,0.0000352,8.4999677,-0.0000000
240.5478596,-6.6294405,24.7228570,0.0330830,0.0000266,8.4999677,-0.0000000
240.7478162,-6.4295932,24.7294714,0.0330875,0.0000194,8.4999677,-0.0000000
240.9477729,-6.2297459,24.7360866,0.0330908,0.0000135,8.4999677,-0.0000000
241.1477295,-6.0298987,24.7427024,0.0330930,0.0000088,8.4999677,-0.0000000
241.3476862,-5.8300514,24.7493185,0.0330944,0.0000051,8.4999677,-0.0000000
241.5476428,-5.6302041,24.7559348,0.0330951,0.0000024,8.4999677,-0.0000000
241.7475995,-5.4303569,24.7625512,0.0330954,0.0000006,8.4999677,-0.0000000
241.9475562,-5.2305096,24.7691677,0.0330954,-0.0000005,8.4999677,-0.0000000
242.1475128,-5.0306624,24.7757841,0.0330952,-0.0000009,8.4999677,-0.0000000
242.3474695,-4.8308151,24.7824005,0.0330950,-0.0000008,8.4999677,-0.0000000
242.5474261,-4.6309679,24.7890168,0.0330949,-0.0000001,8.4999677,-0.0000000
242.7473828,-4.4311206,24.7956332,0.0330950,0.0000010,8.4999677,-0.0000000
242.9473394,-4.2312734,24.8022496,0.0330953,0.0000024,8.4999677,-0.0000000
243.1472961,-4.0314261,24.8088660,0.0330960,0.0000040,8.4999677,-0.0000000
243.3472528,-3.8315789,24.8154827,0.0330969,0.0000059,8.4999677,-0.0000000
243.5472094,-3.6317316,24.8220996,0.0330983,0.0000080,8.4999677,-0.0000000
243.7471661,-3.4318844,24.8287168,0.0331001,0.0000102,8.4999677,-0.0000000
243.9471227,-3.2320372,24.8353344,0.0331024,0.0000124,8.4999677,-0.0000000
244.1470794,-3.0321900,24.8419525,0.0331051,0.0000146,8.4999677,-0.0000000
244.3470361,-2.8323428,24.8485712,0.0331082,0.0000168,8.4999677,-0.0000000
244.5469927,-2.6324956,24.8551905,0.0331118,0.0000188,8.4999677,-0.0000000
244.7469494,-2.4326485,24.8618106,0.0331158,0.0000207,8.4999677,-0.0000000
244.9469060,-2.2328014,24.8684316,0.0331201,0.0000224,8.4999677,-0.0000000
245.1468627,-2.0329543,24.8750534,0.0331247,0.0000238,8.4999677,-0.0000000
245.3468193,-1.8331073,24.8816762,0.0331296,0.0000249,8.4999677,-0.0000000
245.5467760,-1.6332603,24.8883000,0.0331346,0.0000254,8.4999677,-0.0000000
245.7467327,-1.4334133,24.8949248,0.0331397,0.0000255,8.4999677,-0.0000000
245.9466893,-1.2335664,24.9015506,0.0331448,0.0000249,8.4999677,-0.0000000
246.1466460,-1.0337195,24.9081774,0.0331496,0.0000235,8.4999677,-0.0000000
246.3466026,-0.8338726,24.9148051,0.0331541,0.0000213,8.4999677,-0.0000000
246.5465593,-0.6340258,24.9214337,0.0331581,0.0000181,8.4999677,-0.0000000
246.7465160,-0.4341789,24.9280630,0.0331613,0.0000138,8.4999677,-0.0000000
246.9464726,-0.2343321,24.9346928,0.0331635,0.0000082,8.4999677,-0.0000000
247.1464293,-0.0344853,24.9413230,0.0331645,0.0000013,8.4999677,-0.0000000
247.3463859,0.1653615,24.9479533,0.0331640,-0.0000072,8.4999677,-0.0000000
247.5463426,0.3652083,24.9545832,0.0331616,-0.0000172,8.4999677,-0.0000000
247.7462992,0.5650551,24.9612124,0.0331570,-0.0000290,8.4999677,-0.0000000
247.9462559,0.7649019,24.9678405,0.0331499,-0.0000426,8.4999677,-0.0000000
248.1462126,0.9647489,24.9744669,0.0331399,-0.0000581,8.4999677,-0.0000000
248.3461692,1.1645959,24.9810910,0.0331266,-0.0000754,8.4999677,-0.0000000
248.5461259,1.3644430,24.9877120,0.0331096,-0.0000946,8.4999677,-0.0000000
248.7460825,1.5642902,24.9943292,0.0330886,-0.0001156,8.4999677,-0.0000000
248.9460392,1.7641376,25.0009419,0.0330633,-0.0001383,8.4999677,-0.0000000
249.1459958,1.9639851,25.0075490,0.0330333,-0.0001623,8.4999677,-0.0000000
249.3459525,2.1638329,25.0141496,0.0329983,-0.0001875,8.4999677,-0.0000000
249.5459092,2.3636809,25.0207427,0.0329582,-0.0002133,8.4999677,-0.0000000
249.7458658,2.5635292,25.0273273,0.0329130,-0.0002393,8.4999677,-0.0000000
249.9458225,2.7633778,25.0339023,0.0328626,-0.0002647,8.4999677,-0.0000000
250.1457791,2.9632268,25.0404668,0.0328072,-0.0002888,8.4999677,-0.0000000
250.3457358,3.1630761,25.0470197,0.0327472,-0.0003104,8.4999677,-0.0000000
250.5456925,3.3629259,25.0535602,0.0326832,-0.0003285,8.4999677,-0.0000000
250.7456491,3.5627760,25.0600876,0.0326161,-0.0003416,8.4999677,-0.0000000
250.9456058,3.7626267,25.0666014,0.0325469,-0.0003483,8.4999677,-0.0000000
251.1455624,3.9624777,25.0731013,0.0324772,-0.0003467,8.4999677,-0.0000000
251.3455191,4.1623292,25.0795873,0.0324088,-0.0003349,8.4999677,-0.0000000
251.5454757,4.3621812,25.0860599,0.0323439,-0.0003106,8.4999677,-0.0000000
251.7454324,4.5620336,25.0925202,0.0322853,-0.0002717,8.4999677,-0.0000000
251.9453891,4.7618862,25.0989696,0.0322361,-0.0002156,8.4999677,-0.0000000
252.1453457,4.9617392,25.1054105,0.0322001,-0.0001395,8.4999677,-0.0000000
252.3453024,5.1615924,25.1118458,0.0321815,-0.0000409,8.4999677,-0.0000000
252.5452590,5.3614456,25.1182796,0.0321850,0.0000831,8.4999677,-0.0000000
252.7452157,5.5612987,25.1247167,0.0322161,0.0002352,8.4999677,-0.0000000
252.9451723,5.7611514,25.1311632,0.0322806,0.0004181,8.4999677,-0.0000000
253.1451290,5.9610037,25.1376265,0.0323850,0.0006340,8.4999677,-0.0000000
253.3450857,6.1608551,25.1441152,0.0325360,0.0008855,8.4999677,-0.0000000
253.5450423,6.3607053,25.1506394,0.0327409,0.0011724,8.4999677,0.0000000
253.7449990,6.5605540,25.1572105,0.0330071,0.0015021,8.4999677,0.0000000
253.9449556,6.7604008,25.1638416,0.0333409,0.0018238,8.4999677,0.0000001
254.1449123,6.9602436,25.1705456,0.0337379,0.0021641,8.4999677,0.0000001
254.3448690,7.1600812,25.1773362,0.0342138,0.0026398,8.4999677,0.0000001
254.5448256,7.3599153,25.1842323,0.0347932,0.0031328,8.4999677,0.0000002
254.7447823,7.5597454,25.1912536,0.0354660,0.0036037,8.4999677,0.0000002
254.9447389,7.7595703,25.1984189,0.0362351,0.0040916,8.4999677,0.0000002
255.1446956,7.9593893,25.2057476,0.0371024,0.0045842,8.4999677,0.0000002
255.3446522,8.1592016,25.2132595,0.0380679,0.0050699,8.4999677,0.0000002
255.5446089,8.3590062,25.2209739,0.0391286,0.0055330,8.4999677,0.0000002
255.7445656,8.5588021,25.2289093,0.0402782,0.0059554,8.4999677,0.0000002
255.9445222,8.7585885,25.2370824,0.0415067,0.0063157,8.4999677,0.0000002
256.1444789,8.9583644,25.2455076,0.0427990,0.0065894,8.4999677,0.0000001
256.3444355,9.1581290,25.2541958,0.0441354,0.0067489,8.4999677,0.0000001
256.5443922,9.3578817,25.2631532,0.0454900,0.0067637,8.4999677,-0.0000000
256.7443489,9.5576221,25.2723804,0.0468305,0.0066003,8.4999677,-0.0000002
256.9443055,9.7573501,25.2818708,0.0481178,0.0062230,8.4999677,-0.0000003
257.1442622,9.9570660,25.2916091,0.0493055,0.0055940,8.4999677,-0.0000005
257.3442188,10.1567709,25.3015703,0.0503394,0.0046743,8.4999677,-0.0000007
257.5441755,10.3564664,25.3117174,0.0511574,0.0034248,8.4999677,-0.0000009
257.7441321,10.5561548,25.3220007,0.0516899,0.0018073,8.4999676,-0.0000011
257.9440888,10.7558393,25.3323553,0.0518596,-0.0002143,8.4999676,-0.0000012
258.1440455,10.9555243,25.3427007,0.0515824,-0.0026723,8.4999676,-0.0000012
258.3440021,11.1552147,25.3529387,0.0507683,-0.0055935,8.4999676,-0.0000009
258.5439588,11.3549164,25.3629526,0.0493224,-0.0089976,8.4999675,-0.0000003
258.7439154,11.5546358,25.3726065,0.0471469,-0.0128958,8.4999675,0.0000010
258.9438721,11.7543793,25.3817447,0.0441427,-0.0172869,8.4999676,0.0000031
259.1438287,11.9541536,25.3901919,0.0402121,-0.0221584,8.4999676,0.0000065
259.3437854,12.1539618,25.3977534,0.0352672,-0.0273425,8.4999678,0.0000112
259.5437421,12.3538149,25.4042232,0.0292958,-0.0321118,8.4999681,0.0000175
259.7436987,12.5537268,25.4094104,0.0224034,-0.0379189,8.4999685,0.0000254
259.9436554,12.7536769,25.4130733,0.0139436,-0.0464493,8.4999691,0.0000337
260.1436120,12.9536433,25.4148809,0.0038745,-0.0542715,8.4999699,0.0000381
260.3435687,13.1536167,25.4145177,6.2754141,-0.0621796,8.4999708,0.0000330
260.5435254,13.3535652,25.4116683,6.2621953,-0.0700012,8.4999715,0.0000168
260.7434820,13.5534491,25.4060212,6.2474295,-0.0776450,8.4999719,-0.0000098
260.9434387,13.7532147,25.3972737,6.2311748,-0.0849145,8.4999717,-0.0000450
261.1433953,13.9527963,25.3851394,6.2135205,-0.0916862,8.4999706,-0.0000852
261.3433520,14.1521151,25.3693537,6.1945759,-0.0978745,8.4999686,-0.0001242
261.5433086,14.3510893,25.3496762,6.1744615,-0.1034288,8.4999657,-0.0001517
261.7432653,14.5496398,25.3258916,6.1533002,-0.1083217,8.4999621,-0.0001564
261.9432220,14.7476291,25.2978180,6.1312199,-0.1125954,8.4999585,-0.0001348
262.1431786,14.9449339,25.2652999,6.1083447,-0.1162588,8.4999553,-0.0000842
262.3431353,15.1414233,25.2282107,6.0847983,-0.1193085,8.4999533,-0.0000463
262.5430919,15.3369608,25.1864526,6.0607028,-0.1217693,8.4999522,-0.0000376
262.7430486,15.5314055,25.1399567,6.0361805,-0.1236130,8.4999513,-0.0000239
262.9430052,15.7246664,25.0886698,6.0113580,-0.1247396,8.4999508,0.0000065
263.1429619,15.9166755,25.0325591,5.9863739,-0.1250647,8.4999509,0.0001257
263.3429186,16.1072417,24.9716612,5.9613979,-0.1245473,8.4999539,0.0005376
263.5428752,16.2962341,24.9060376,5.9366094,-0.1231232,8.4999665,0.0008445
263.7428319,16.4835268,24.8357925,5.9122011,-0.1207545,8.4999864,-0.0003439
263.9427885,16.6690066,24.7610733,5.8883684,-0.1174797,8.4999783,-0.0014752
264.1427452,16.8525843,24.6820633,5.8652803,-0.1134772,8.4999436,-0.0010735
264.3427019,17.0342189,24.5989617,5.8430529,-0.1090082,8.4999183,-0.0000883
264.5426585,17.2141752,24.5118325,5.8216465,-0.1050631,8.4999163,0.0004148
264.7426152,17.3922785,24.4209229,5.8008354,-0.1051031,8.4999260,0.0004228
264.9425718,17.5681968,24.3264108,5.7794218,-0.1082988,8.4999360,0.0003139
265.1425285,17.7422512,24.2280075,5.7578241,-0.1081843,8.4999434,0.0002985
265.3424851,17.9141355,24.1258383,5.7358009,-0.1124398,8.4999504,0.0002276
265.5424418,18.0834942,24.0199471,5.7128655,-0.1169874,8.4999557,-0.0000710
265.7423985,18.2504383,23.9100597,5.6891087,-0.1205992,8.4999541,-0.0002662
265.9423551,18.4147627,23.7961291,5.6647044,-0.1233239,8.4999478,-0.0002675
266.1423118,18.5762753,23.6781486,5.6398332,-0.1252161,8.4999415,-0.0002193
266.3422684,18.7348021,23.5561477,5.6146567,-0.1263798,8.4999364,-0.0001965
266.5422251,18.8901945,23.4301812,5.5893137,-0.1269307,8.4999317,-0.0002301
266.7421817,19.0423285,23.3003223,5.5639177,-0.1269836,8.4999263,-0.0002772
266.9421384,19.1911015,23.1666582,5.5385576,-0.1266462,8.4999198,-0.0002280
267.1420951,19.3364286,23.0292857,5.5133004,-0.1260147,8.4999144,0.0000300
267.3420517,19.4782383,22.8883090,5.4881945,-0.1251731,8.4999151,0.0004971
267.5420084,19.6164698,22.7438371,5.4632727,-0.1241943,8.4999268,0.0009519
267.7419650,19.7510698,22.5959826,5.4385541,-0.1231400,8.4999492,0.0010310
267.9419217,19.8819902,22.4448602,5.4140474,-0.1220634,8.4999735,0.0006923
268.1418784,20.0091871,22.2905855,5.3897528,-0.1209969,8.4999898,-0.0005835
268.3418350,20.1326191,22.1332741,5.3656639,-0.1199813,8.4999760,-0.0048466
268.5417917,20.2522465,21.9730410,5.3417700,-0.1190175,8.4998620,-0.0101135
268.7417483,20.3680311,21.8100004,5.3180635,-0.1180725,8.4996241,-0.0124562
268.9417050,20.4799375,21.6442662,5.2945445,-0.1171126,8.4993311,-0.0054750
269.1416616,20.5879342,21.4759524,5.2712195,-0.1161056,8.4992023,0.0192370
269.3416183,20.6919953,21.3051739,5.2481092,-0.1149053,8.4996548,0.0126295
269.5415750,20.7921054,21.1320481,5.2252693,-0.1133586,8.4999519,0.0005545
269.7415316,20.8882647,20.9566984,5.2027860,-0.1112738,8.4999650,0.0000651
269.9414883,20.9804984,20.7792525,5.1807810,-0.1086220,8.4999665,0.0000400
270.1414449,21.0688563,20.5998467,5.1593855,-0.1048660,8.4999675,0.0000244
270.3414016,21.1534251,20.4186530,5.1389709,-0.0982777,8.4999680,0.0000139
270.5413583,21.2344141,20.2358585,5.1202887,-0.0878575,8.4999684,0.0000070
270.7413149,21.3121868,20.0516722,5.1040376,-0.0736862,8.4999685,0.0000028
270.9412716,21.3872448,19.8663613,5.0909948,-0.0565265,8.4999686,0.0000005
271.1412282,21.4602056,19.6802127,5.0814482,-0.0394658,8.4999686,-0.0000008
271.3411849,21.5316935,19.4934901,5.0750980,-0.0249069,8.4999686,-0.0000015
271.5411415,21.6022471,19.3064089,5.0713267,-0.0136371,8.4999685,-0.0000019
271.7410982,21.6722869,19.1191313,5.0694971,-0.0053264,8.4999685,-0.0000023
271.9410549,21.7421246,18.9317753,5.0690797,0.0006473,8.4999684,-0.0000029
272.1410115,21.8119845,18.7444251,5.0696660,0.0048299,8.4999684,-0.0000037
272.3409682,21.8820237,18.5571400,5.0709401,0.0076059,8.4999683,-0.0000048
272.5409248,21.9523461,18.3699600,5.0726481,0.0092202,8.4999682,-0.0000061
272.7408815,22.0230118,18.1829091,5.0745741,0.0098186,8.4999680,-0.0000076
272.9408381,22.0940426,17.9959971,5.0765243,0.0094838,8.4999679,-0.0000094
273.1407948,22.1654254,17.8092206,5.0783171,0.0082625,8.4999676,-0.0000112
273.3407515,22.2371140,17.6225632,5.0797786,0.0061853,8.4999674,-0.0000129
273.5407081,22.3090306,17.4359956,5.0807404,0.0032859,8.4999671,-0.0000144
273.7406648,22.3810669,17.2494761,5.0810424,-0.0003937,8.4999667,-0.0000151
273.9406214,22.4530861,17.0629504,5.0805360,-0.0047678,8.4999664,-0.0000143
274.1405781,22.5249252,16.8763548,5.0790885,-0.0097820,8.4999660,-0.0000107
274.3405348,22.5963993,16.6896138,5.0765952,-0.0151795,8.4999658,-0.0000021
274.5404914,22.6673051,16.5026515,5.0729707,-0.0210699,8.4999657,0.0000153
274.7404481,22.7374260,16.3153864,5.0681921,-0.0266805,8.4999661,0.0000468
274.9404047,22.8065524,16.1277982,5.0626359,-0.0289867,8.4999672,0.0000906
275.1403614,22.8745548,15.9398283,5.0561795,-0.0356142,8.4999693,0.0001316
275.3403180,22.9412043,15.7513093,5.0478674,-0.0470859,8.4999724,0.0001303
275.5402747,23.0061076,15.5621324,5.0376420,-0.0551338,8.4999755,0.0000930
275.7402314,23.0689208,15.3722428,5.0257762,-0.0633860,8.4999777,0.0000247
275.9401880,23.1292814,15.1817056,5.0123231,-0.0711725,8.4999783,-0.0000767
276.1401447,23.1869312,14.9903226,4.9973847,-0.0782338,8.4999765,-0.0003170
276.3401013,23.2415896,14.7980431,4.9811036,-0.0845814,8.4999690,-0.0010686
276.5400580,23.2929990,14.6048386,4.9636105,-0.0903022,8.4999439,-0.0053371
276.7400146,23.3409209,14.4107058,4.9450232,-0.0954619,8.4998183,-0.0410728
276.9399713,23.3851350,14.2156632,4.9254374,-0.1003097,8.4988520,-0.0043129
277.1399280,23.4254314,14.0197503,4.9048988,-0.1049116,8.4987505,0.0401097
277.3398846,23.4616091,13.8230261,4.8834696,-0.1092192,8.4996942,-0.0584512
277.5398413,23.4934791,13.6255696,4.8612142,-0.1133151,8.4983190,-0.1559525
277.7397979,23.5208618,13.4274778,4.8381483,-0.1174746,8.4946488,-0.2472523
277.9397546,23.5435857,13.2288091,4.8142646,-0.1215735,8.4888267,-0.3188114
278.1397113,23.5614801,13.0295950,4.7895498,-0.1256374,8.4813137,-0.3771196
278.3396679,23.5743651,12.8299643,4.7640087,-0.1296602,8.4724180,-0.4270073
278.5396246,23.5820670,12.6300580,4.7376600,-0.1335719,8.4623342,-0.4693676
278.7395812,23.5844220,12.4300281,4.7105416,-0.1372694,8.4512363,-0.5049323
278.9395379,23.5812815,12.2300338,4.6827180,-0.1406033,8.4392811,-0.5343017
279.1394945,23.5725176,12.0302372,4.6542890,-0.1433578,8.4266121,-0.5579632
279.3394512,23.5580315,11.8307968,4.6254034,-0.1452231,8.4133616,-0.5762972
279.5394079,23.5377634,11.6318627,4.5962789,-0.1457594,8.3996539,-0.5895747
279.7393645,23.5117085,11.4335746,4.5672314,-0.1443552,8.3856071,-0.5979478
279.9393212,23.4799405,11.2360661,4.5387185,-0.1401860,8.3713368,-0.6014419
280.1392778,23.4426493,11.0394755,4.5113922,-0.1322044,8.3569584,-0.5999480
280.3392345,23.4001929,10.8439631,4.4861475,-0.1191430,8.3425912,-0.5933030
280.5391912,23.3531443,10.6496693,4.4640057,-0.1031768,8.3283586,-0.5817908
280.7391478,23.3022120,10.4567881,4.4449258,-0.0877840,8.3143786,-0.5618077
280.9391045,23.2479315,10.2647025,4.4299921,-0.0617625,8.3008564,-0.5309038
281.1390611,23.1910559,10.0730880,4.4177214,-0.0618451,8.2880578,-0.4981403
281.3390178,23.1318260,9.8822630,4.4049158,-0.0682485,8.2760310,-0.4626579
281.5389744,23.0698916,9.6919808,4.3900941,-0.0802743,8.2648452,-0.4213173
281.7389311,23.0050613,9.5032059,4.3725973,-0.0947768,8.2546457,-0.3860752
281.9388878,22.9366158,9.3155328,4.3523137,-0.1080127,8.2452883,-0.3505407
282.1388444,22.8640722,9.1291950,4.3295809,-0.1189896,8.2367829,-0.3143630
282.3388011,22.7870751,8.9445186,4.3048851,-0.1274683,8.2291479,-0.2771975
282.5387577,22.7053834,8.7618241,4.2787301,-0.1336021,8.2224096,-0.2388899
282.7387144,22.6188526,8.5813913,4.2515679,-0.1377144,8.2165981,-0.1989989
282.9386710,22.5274393,8.4034966,4.2237800,-0.1401445,8.2117539,-0.1579607
283.1386277,22.4311348,8.2283167,4.1956618,-0.1412301,8.2079067,-0.1173565
283.3385844,22.3299092,8.0558863,4.1674212,-0.1413354,8.2050472,-0.0759274
283.5385410,22.2238443,7.8863605,4.1392336,-0.1407008,8.2031966,-0.0336419
283.7384977,22.1130499,7.7198710,4.1112309,-0.1395163,8.2023766,0.0107775
283.9384543,21.9976877,7.5565725,4.0835173,-0.1378941,8.2026393,0.0563707
284.1384110,21.8778854,7.3965308,4.0561572,-0.1359658,8.2040133,0.1027349
284.3383677,21.7537710,7.2397905,4.0291929,-0.1338502,8.2065169,0.1506730
284.5383243,21.6254970,7.0864133,4.0026544,-0.1316275,8.2101873,0.2004354
284.7382810,21.4932204,6.9364521,3.9765588,-0.1293555,8.2150674,0.2522386
284.9382376,21.3570995,6.7899529,3.9509120,-0.1270982,8.2212047,0.3062229
285.1381943,21.2172915,6.6469540,3.9257108,-0.1248675,8.2286493,0.3624071
285.3381509,21.0739526,6.5074893,3.9009446,-0.1227734,8.2374511,0.4206409
285.5381076,20.9272297,6.3715846,3.8765897,-0.1206753,8.2476554,0.4806312
285.7380643,20.7772760,6.2392674,3.8526694,-0.1183529,8.2592997,0.5418194
285.9380209,20.6242622,6.1105615,3.8292264,-0.1168149,8.2724066,0.6031247
286.1379776,20.4682968,5.9854787,3.8058675,-0.1167705,8.2869723,0.6631853
286.3379342,20.3094444,5.8640628,3.7825498,-0.1163695,8.3029589,0.7211851
286.5378909,20.1478108,5.7463743,3.7593611,-0.1156001,8.3203087,0.7769202
286.7378475,19.9835011,5.6324536,3.7363179,-0.1148770,8.3389591,0.8312920
286.9378042,19.8166179,5.5223356,3.7134336,-0.1140195,8.3588685,0.8870663
287.1377609,19.6472677,5.4160496,3.6907332,-0.1130355,8.3800616,0.9501969
287.3377175,19.4755544,5.3136139,3.6682515,-0.1118319,8.4027037,1.0313899
287.5376742,19.3015815,5.2150334,3.6460500,-0.1102117,8.4272116,1.1382544
287.7376308,19.1254817,5.1203096,3.6242135,-0.1081658,8.4541764,1.2867494
287.9375875,18.9473792,5.0294112,3.6029069,-0.1048161,8.4845558,0.5756092
288.1375442,18.7674117,4.9422663,3.5822883,-0.1014202,8.4981104,0.0788454
288.3375008,18.5857130,4.8587938,3.5622586,-0.0990981,8.4999654,0.0000446
288.5374575,18.4023970,4.7789374,3.5426692,-0.0967979,8.4999665,0.0000334
288.7374141,18.2175717,4.7026408,3.5236195,-0.0935201,8.4999672,0.0000236
288.9373708,18.0313536,4.6298099,3.5053556,-0.0888662,8.4999678,0.0000158
289.1373274,17.8438716,4.5602954,3.4881715,-0.0826716,8.4999682,0.0000098
289.3372841,17.6552664,4.4938862,3.4723730,-0.0750365,8.4999684,0.0000053
289.5372408,17.4656857,4.4303120,3.4582163,-0.0663581,8.4999685,0.0000021
289.7371974,17.2752777,4.3692580,3.4458553,-0.0572325,8.4999686,0.0000000
289.9371541,17.0841830,4.3103873,3.4353174,-0.0482732,8.4999686,-0.0000013
290.1371107,16.8925287,4.2533649,3.4265178,-0.0399440,8.4999685,-0.0000021
290.3370674,16.7004250,4.1978765,3.4193000,-0.0324952,8.4999685,-0.0000025
290.5370240,16.5079650,4.1436391,3.4134768,-0.0259963,8.4999684,-0.0000027
290.7369807,16.3152259,4.0904043,3.4088601,-0.0204079,8.4999684,-0.0000027
290.9369374,16.1222714,4.0379578,3.4052758,-0.0156423,8.4999683,-0.0000026
291.1368940,15.9291538,3.9861162,3.4025694,-0.0116016,8.4999682,-0.0000025
291.3368507,15.7359166,3.9347239,3.4006053,-0.0081941,8.4999682,-0.0000023
291.5368073,15.5425955,3.8836491,3.3992652,-0.0053400,8.4999681,-0.0000021
291.7367640,15.3492198,3.8327816,3.3984456,-0.0029710,8.4999681,-0.0000019
291.9367207,15.1558138,3.7820296,3.3980556,-0.0010287,8.4999680,-0.0000017
292.1366773,14.9623972,3.7313181,3.3980151,0.0005383,8.4999680,-0.0000015
292.3366340,14.7689858,3.6805864,3.3982539,0.0017757,8.4999680,-0.0000013
292.5365906,14.5755922,3.6297864,3.3987102,0.0027248,8.4999679,-0.0000012
292.7365473,14.3822259,3.5788816,3.3993304,0.0034237,8.4999679,-0.0000010
292.9365039,14.1888943,3.5278447,3.4000679,0.0039073,8.4999679,-0.0000009
293.1364606,13.9956024,3.4766571,3.4008831,0.0042079,8.4999679,-0.0000008
293.3364173,13.8023533,3.4253071,3.4017424,0.0043551,8.4999678,-0.0000007
293.5363739,13.6091486,3.3737891,3.4026178,0.0043758,8.4999678,-0.0000006
293.7363306,13.4159889,3.3221022,3.4034867,0.0042946,8.4999678,-0.0000006
293.9362872,13.2228734,3.2702495,3.4043308,0.0041332,8.4999678,-0.0000005
294.1362439,13.0298006,3.2182374,3.4051361,0.0039111,8.4999678,-0.0000005
294.3362006,12.8367683,3.1660743,3.4058924,0.0036452,8.4999678,-0.0000005
294.5361572,12.6437740,3.1137706,3.4065922,0.0033502,8.4999678,-0.0000005
294.7361139,12.4508145,3.0613376,3.4072311,0.0030383,8.4999678,-0.0000004
294.9360705,12.2578868,3.0087874,3.4078068,0.0027201,8.4999677,-0.0000004
295.1360272,12.0649876,2.9561322,3.4083190,0.0024040,8.4999677,-0.0000004
295.3359838,11.8721137,2.9033842,3.4087687,0.0020969,8.4999677,-0.0000004
295.5359405,11.6792618,2.8505553,3.4091583,0.0018040,8.4999677,-0.0000004
295.7358972,11.4864289,2.7976569,3.4094912,0.0015289,8.4999677,-0.0000005
295.9358538,11.2936123,2.7446994,3.4097709,0.0012759,8.4999677,-0.0000005
296.1358105,11.1008090,2.6916926,3.4100029,0.0010429,8.4999677,-0.0000004
296.3357671,10.9080168,2.6386456,3.4101905,0.0008991,8.4999677,-0.0000003
296.5357238,10.7152376,2.5855642,3.4103756,0.0009025,8.4999677,-0.0000002
296.7356804,10.5224687,2.5324487,3.4105374,0.0006612,8.4999677,-0.0000001
296.9356371,10.3297032,2.4793075,3.4106295,0.0003272,8.4999677,-0.0000000
297.1355938,10.1369406,2.4261526,3.4106845,0.0002199,8.4999677,-0.0000000
297.3355504,9.9441809,2.3729895,3.4107167,0.0001084,8.4999677,-0.0000000
297.5355071,9.7514221,2.3198220,3.4107296,0.0000230,8.4999677,-0.0000000
297.7354637,9.5586637,2.2666536,3.4107268,-0.0000480,8.4999677,-0.0000000
297.9354204,9.3659048,2.2134871,3.4107114,-0.0001035,8.4999677,0.0000000
298.1353771,9.1731447,2.1603245,3.4106862,-0.0001459,8.4999677,0.0000000
298.3353337,8.9803831,2.1071675,3.4106538,-0.0001766,8.4999677,0.0000000
298.5352904,8.7876197,2.0540172,3.4106162,-0.0001973,8.4999677,0.0000000
298.7352470,8.5948542,2.0008746,3.4105754,-0.0002094,8.4999677,0.0000000
298.9352037,8.4020864,1.9477400,3.4105329,-0.0002144,8.4999677,0.0000000
299.1351603,8.2093164,1.8946136,3.4104901,-0.0002134,8.4999677,0.0000000
299.3351170,8.0165441,1.8414955,3.4104479,-0.0002077,8.4999677,0.0000000
299.5350737,7.8237696,1.7883853,3.4104072,-0.0001983,8.4999677,0.0000000
299.7350303,7.6309930,1.7352828,3.4103688,-0.0001861,8.4999677,0.0000000
299.9349870,7.4382144,1.6821874,3.4103329,-0.0001720,8.4999677,0.0000000
300.1349436,7.2454340,1.6290987,3.4103001,-0.0001565,8.4999677,0.0000000
300.3349003,7.0526520,1.5760160,3.4102704,-0.0001403,8.4999677,0.0000000
300.5348569,6.8598684,1.5229387,3.4102440,-0.0001240,8.4999677,0.0000000
300.7348136,6.6670836,1.4698662,3.4102208,-0.0001078,8.4999677,0.0000000
300.9347703,6.4742976,1.4167979,3.4102008,-0.0000921,8.4999677,0.0000000
301.1347269,6.2815106,1.3637331,3.4101839,-0.0000772,8.4999677,0.0000000
301.3346836,6.0887228,1.3106713,3.4101699,-0.0000631,8.4999677,0.0000000
301.5346402,5.8959343,1.2576119,3.4101586,-0.0000502,8.4999677,0.0000000
301.7345969,5.7031453,1.2045544,3.4101498,-0.0000384,8.4999677,0.0000000
301.9345536,5.5103559,1.1514985,3.4101432,-0.0000277,8.4999677,0.0000000
302.1345102,5.3175662,1.0984436,3.4101386,-0.0000182,8.4999677,0.0000000
302.3344669,5.1247763,1.0453894,3.4101358,-0.0000099,8.4999677,0.0000000
302.5344235,4.9319863,0.9923356,3.4101346,-0.0000027,8.4999677,0.0000000
302.7343802,4.7391963,0.9392819,3.4101347,0.0000035,8.4999677,0.0000000
302.9343368,4.5464063,0.8862281,3.4101359,0.0000086,8.4999677,0.0000000
303.1342935,4.3536164,0.8331740,3.4101380,0.0000129,8.4999677,0.0000000
303.3342502,4.1608267,0.7801193,3.4101410,0.0000163,8.4999677,0.0000000
303.5342068,3.9680371,0.7270641,3.4101445,0.0000190,8.4999677,0.0000000
303.7341635,3.7752477,0.6740081,3.4101485,0.0000210,8.4999677,0.0000000
303.9341201,3.5824585,0.6209513,3.4101529,0.0000225,8.4999677,0.0000000
304.1340768,3.3896696,0.5678937,3.4101575,0.0000234,8.4999677,0.0000000
304.3340335,3.1968810,0.5148351,3.4101622,0.0000239,8.4999677,0.0000000
304.5339901,3.0040925,0.4617756,3.4101670,0.0000241,8.4999677,0.0000000
304.7339468,2.8113044,0.4087152,3.4101718,0.0000240,8.4999677,0.0000000
304.9339034,2.6185165,0.3556539,3.4101766,0.0000237,8.4999677,0.0000000
305.1338601,2.4257288,0.3025916,3.4101813,0.0000231,8.4999677,0.0000000
305.3338167,2.2329415,0.2495285,3.4101858,0.0000225,8.4999677,0.0000000
305.5337734,2.0401543,0.1964645,3.4101902,0.0000217,8.4999677,0.0000000
305.7337301,1.8473674,0.1433997,3.4101945,0.0000209,8.4999677,0.0000000
305.9336867,1.6545807,0.0903340,3.4101986,0.0000201,8.4999677,0.0000000
306.1336434,1.4617942,0.0372676,3.4102025,0.0000192,8.4999677,0.0000000
306.3336000,1.2690079,-0.0157995,3.4102063,0.0000183,8.4999677,0.0000000
306.5335567,1.0762218,-0.0688674,3.4102099,0.0000175,8.4999677,0.0000000
306.7335133,0.8834359,-0.1219359,3.4102133,0.0000167,8.4999677,0.0000000
306.9334700,0.6906502,-0.1750051,3.4102165,0.0000160,8.4999677,0.0000000
307.1334267,0.4978647,-0.2280749,3.4102197,0.0000153,8.4999677,0.0000000
307.3333833,0.3050793,-0.2811452,3.4102227,0.0000146,8.4999677,0.0000000
307.5333400,0.1122941,-0.3342162,3.4102255,0.0000141,8.4999677,0.0000000
307.7332966,-0.0804909,-0.3872876,3.4102283,0.0000135,8.4999677,0.0000000
307.9332533,-0.2732759,-0.4403597,3.4102309,0.0000131,8.4999677,0.0000000
308.1332100,-0.4660607,-0.4934322,3.4102335,0.0000126,8.4999677,0.0000000
308.3331666,-0.6588453,-0.5465052,3.4102360,0.0000123,8.4999677,0.0000000
308.5331233,-0.8516299,-0.5995786,3.4102384,0.0000120,8.4999677,0.0000000
308.7330799,-1.0444143,-0.6526526,3.4102408,0.0000117,8.4999677,0.0000000
308.9330366,-1.2371986,-0.7057270,3.4102431,0.0000115,8.4999677,0.0000000
309.1329932,-1.4299828,-0.7588018,3.4102454,0.0000113,8.4999677,0.0000000
309.3329499,-1.6227668,-0.8118771,3.4102476,0.0000111,8.4999677,0.0000000
309.5329066,-1.8155508,-0.8649528,3.4102498,0.0000110,8.4999677,0.0000000
309.7328632,-2.0083346,-0.9180289,3.4102520,0.0000109,8.4999677,0.0000000
309.9328199,-2.2011183,-0.9711055,3.4102542,0.0000108,8.4999677,0.0000000
310.1327765,-2.3939019,-1.0241824,3.4102564,0.0000108,8.4999677,0.0000000
310.3327332,-2.5866854,-1.0772598,3.4102585,0.0000108,8.4999677,0.0000000
310.5326898,-2.7794688,-1.1303376,3.4102607,0.0000107,8.4999677,0.0000000
310.7326465,-2.9722521,-1.1834158,3.4102628,0.0000107,8.4999677,0.0000000
310.9326032,-3.1650352,-1.2364944,3.4102650,0.0000108,8.4999677,0.0000000
311.1325598,-3.3578183,-1.2895735,3.4102671,0.0000108,8.4999677,0.0000000
311.3325165,-3.5506012,-1.3426529,3.4102693,0.0000108,8.4999677,0.0000000
311.5324731,-3.7433840,-1.3957328,3.4102715,0.0000108,8.4999677,0.0000000
311.7324298,-3.9361667,-1.4488131,3.4102736,0.0000109,8.4999677,0.0000000
311.9323865,-4.1289493,-1.5018938,3.4102758,0.0000110,8.4999677,0.0000000
312.1323431,-4.3217318,-1.5549749,3.4102780,0.0000110,8.4999677,0.0000000
312.3322998,-4.5145141,-1.6080565,3.4102802,0.0000111,8.4999677,0.0000000
312.5322564,-4.7072964,-1.6611385,3.4102824,0.0000112,8.4999677,0.0000000
312.7322131,-4.9000785,-1.7142209,3.4102847,0.0000112,8.4999677,0.0000000
312.9321697,-5.0928605,-1.7673038,3.4102869,0.0000113,8.4999677,0.0000000
313.1321264,-5.2856424,-1.8203871,3.4102892,0.0000114,8.4999677,0.0000000
313.3320831,-5.4784242,-1.8734708,3.4102915,0.0000115,8.4999677,0.0000000
313.5320397,-5.6712058,-1.9265550,3.4102938,0.0000116,8.4999677,0.0000000
313.7319964,-5.8639873,-1.9796396,3.4102961,0.0000117,8.4999677,0.0000000
313.9319530,-6.0567687,-2.0327246,3.4102985,0.0000118,8.4999677,0.0000000
314.1319097,-6.2495500,-2.0858102,3.4103008,0.0000119,8.4999677,0.0000000
314.3318663,-6.4423312,-2.1388962,3.4103032,0.0000120,8.4999677,0.0000000
314.5318230,-6.6351122,-2.1919826,3.4103056,0.0000120,8.4999677,0.0000000
314.7317797,-6.8278931,-2.2450695,3.4103080,0.0000121,8.4999677,0.0000000
314.9317363,-7.0206738,-2.2981569,3.4103105,0.0000122,8.4999677,0.0000000
315.1316930,-7.2134545,-2.3512447,3.4103129,0.0000123,8.4999677,0.0000000
315.3316496,-7.4062350,-2.4043330,3.4103154,0.0000124,8.4999677,0.0000000
315.5316063,-7.5990154,-2.4574218,3.4103179,0.0000124,8.4999677,0.0000000
315.7315630,-7.7917956,-2.5105111,3.4103204,0.0000125,8.4999677,0.0000000
315.9315196,-7.9845757,-2.5636009,3.4103229,0.0000126,8.4999677,0.0000000
316.1314763,-8.1773557,-2.6166911,3.4103254,0.0000126,8.4999677,0.0000000
316.3314329,-8.3701355,-2.6697818,3.4103279,0.0000127,8.4999677,0.0000000
316.5313896,-8.5629152,-2.7228730,3.4103305,0.0000127,8.4999677,0.0000000
316.7313462,-8.7556948,-2.7759648,3.4103330,0.0000128,8.4999677,0.0000000
316.9313029,-8.9484742,-2.8290570,3.4103356,0.0000129,8.4999677,0.0000000
317.1312596,-9.1412535,-2.8821496,3.4103381,0.0000129,8.4999677,0.0000000
317.3312162,-9.3340327,-2.9352428,3.4103407,0.0000130,8.4999677,0.0000000
317.5311729,-9.5268117,-2.9883365,3.4103433,0.0000130,8.4999677,0.0000000
317.7311295,-9.7195906,-3.0414307,3.4103460,0.0000136,8.4999677,0.0000000
317.9310862,-9.9123694,-3.0945254,3.4103483,0.0000084,8.4999677,0.0000000
318.1310429,-10.1051481,-3.1476205,3.4103497,0.0000070,8.4999677,-0.0000000
318.3309995,-10.2979266,-3.2007158,3.4103516,0.0000125,8.4999677,-0.0000000
318.5309562,-10.4907048,-3.2538116,3.4103543,0.0000136,8.4999677,-0.0000000
318.7309128,-10.6834829,-3.3069078,3.4103570,0.0000138,8.4999677,-0.0000000
318.9308695,-10.8762609,-3.3600046,3.4103598,0.0000139,8.4999677,-0.0000000
319.1308261,-11.0690387,-3.4131020,3.4103626,0.0000142,8.4999677,-0.0000000
319.3307828,-11.2618164,-3.4661998,3.4103655,0.0000145,8.4999677,-0.0000000
319.5307395,-11.4545939,-3.5192983,3.4103684,0.0000150,8.4999677,-0.0000000
319.7306961,-11.6473712,-3.5723973,3.4103715,0.0000156,8.4999677,-0.0000000
319.9306528,-11.8401484,-3.6254969,3.4103747,0.0000163,8.4999677,-0.0000000
320.1306094,-12.0329254,-3.6785971,3.4103780,0.0000173,8.4999677,-0.0000000
320.3305661,-12.2257022,-3.7316981,3.4103816,0.0000184,8.4999677,-0.0000000
320.5305227,-12.4184788,-3.7847997,3.4103854,0.0000198,8.4999677,-0.0000000
320.7304794,-12.6112552,-3.8379021,3.4103895,0.0000214,8.4999677,-0.0000000
320.9304361,-12.8040314,-3.8910053,3.4103940,0.0000232,8.4999677,-0.0000000
321.1303927,-12.9968073,-3.9441094,3.4103988,0.0000253,8.4999677,-0.0000000
321.3303494,-13.1895830,-3.9972145,3.4104041,0.0000276,8.4999677,-0.0000000
321.5303060,-13.3823583,-4.0503206,3.4104099,0.0000302,8.4999677,-0.0000000
321.7302627,-13.5751334,-4.1034279,3.4104162,0.0000329,8.4999677,-0.0000000
321.9302194,-13.7679081,-4.1565365,3.4104230,0.0000359,8.4999677,-0.0000000
322.1301760,-13.9606824,-4.2096465,3.4104305,0.0000391,8.4999677,-0.0000000
322.3301327,-14.1534563,-4.2627579,3.4104387,0.0000423,8.4999677,-0.0000000
322.5300893,-14.3462298,-4.3158710,3.4104475,0.0000456,8.4999677,-0.0000000
322.7300460,-14.5390027,-4.3689859,3.4104569,0.0000488,8.4999677,-0.0000000
322.9300026,-14.7317752,-4.4221026,3.4104670,0.0000519,8.4999677,-0.0000000
323.1299593,-14.9245471,-4.4752214,3.4104776,0.0000547,8.4999677,-0.0000000
323.3299160,-15.1173184,-4.5283422,3.4104888,0.0000571,8.4999677,-0.0000000
323.5298726,-15.3100891,-4.5814653,3.4105004,0.0000589,8.4999677,-0.0000000
323.7298293,-15.5028592,-4.6345906,3.4105123,0.0000599,8.4999677,-0.0000000
323.9297859,-15.6956287,-4.6877182,3.4105243,0.0000599,8.4999677,-0.0000000
324.1297426,-15.8883975,-4.7408481,3.4105362,0.0000587,8.4999677,-0.0000000
324.3296992,-16.0811657,-4.7939803,3.4105477,0.0000559,8.4999677,-0.0000000
324.5296559,-16.2739333,-4.8471147,3.4105585,0.0000513,8.4999677,-0.0000000
324.7296126,-16.4667003,-4.9002510,3.4105681,0.0000446,8.4999677,-0.0000000
324.9295692,-16.6594669,-4.9533890,3.4105761,0.0000354,8.4999677,-0.0000000
325.1295259,-16.8522331,-5.0065284,3.4105821,0.0000234,8.4999677,-0.0000000
325.3294825,-17.0449991,-5.0596686,3.4105853,0.0000082,8.4999677,-0.0000000
325.5294392,-17.2377650,-5.1128092,3.4105851,-0.0000105,8.4999677,-0.0000000
325.7293959,-17.4305310,-5.1659494,3.4105808,-0.0000330,8.4999677,-0.0000000
325.9293525,-17.6232973,-5.2190882,3.4105717,-0.0000597,8.4999677,-0.0000000
326.1293092,-17.8160643,-5.2722248,3.4105567,-0.0000908,8.4999677,-0.0000000
326.3292658,-18.0088323,-5.3253578,3.4105351,-0.0001265,8.4999677,-0.0000000
326.5292225,-18.2016016,-5.3784860,3.4105058,-0.0001670,8.4999677,-0.0000000
326.7291791,-18.3943726,-5.4316077,3.4104680,-0.0002123,8.4999677,-0.0000000
326.9291358,-18.5871460,-5.4847212,3.4104206,-0.0002623,8.4999677,-0.0000000
327.1290925,-18.7799221,-5.5378246,3.4103628,-0.0003168,8.4999677,-0.0000000
327.3290491,-18.9727015,-5.5909157,3.4102937,-0.0003753,8.4999677,-0.0000000
327.5290058,-19.1654850,-5.6439924,3.4102125,-0.0004373,8.4999677,-0.0000000
327.7289624,-19.3582731,-5.6970522,3.4101187,-0.0005018,8.4999677,-0.0000000
327.9289191,-19.5510665,-5.7500927,3.4100117,-0.0005678,8.4999677,-0.0000000
328.1288758,-19.7438659,-5.8031113,3.4098916,-0.0006339,8.4999677,-0.0000000
328.3288324,-19.9366721,-5.8561054,3.4097584,-0.0006981,8.4999677,-0.0000000
328.5287891,-20.1294856,-5.9090727,3.4096127,-0.0007584,8.4999677,-0.0000000
328.7287457,-20.3223072,-5.9620107,3.4094555,-0.0008122,8.4999677,-0.0000000
328.9287024,-20.5151373,-6.0149174,3.4092885,-0.0008565,8.4999677,-0.0000000
329.1286590,-20.7079765,-6.0677912,3.4091138,-0.0008879,8.4999677,-0.0000000
329.3286157,-20.9008250,-6.1206307,3.4089344,-0.0009024,8.4999677,-0.0000000
329.5285724,-21.0936831,-6.1734355,3.4087542,-0.0008956,8.4999677,-0.0000000
329.7285290,-21.2865506,-6.2262058,3.4085778,-0.0008629,8.4999677,-0.0000000
329.9284857,-21.4794271,-6.2789430,3.4084110,-0.0007987,8.4999677,-0.0000000
330.1284423,-21.6723121,-6.3316494,3.4082606,-0.0006976,8.4999676,-0.0000000
330.3283990,-21.8652043,-6.3843290,3.4081346,-0.0005534,8.4999676,-0.0000000
330.5283556,-22.0581024,-6.4369874,3.4080421,-0.0003599,8.4999676,-0.0000000
330.7283123,-22.2510042,-6.4896320,3.4079938,-0.0001107,8.4999676,-0.0000000
330.9282690,-22.4439071,-6.5422725,3.4080014,0.0002007,8.4999676,-0.0000000
331.1282256,-22.6368079,-6.5949208,3.4080779,0.0005806,8.4999676,-0.0000000
331.3281823,-22.8297025,-6.6475918,3.4082377,0.0010349,8.4999676,-0.0000000
331.5281389,-23.0225862,-6.7003028,3.4084961,0.0015689,8.4999676,-0.0000000
331.7280956,-23.2154532,-6.7530744,3.4088697,0.0021872,8.4999676,-0.0000000
331.9280523,-23.4082972,-6.8059306,3.4093755,0.0028930,8.4999676,0.0000000
332.1280089,-23.6011104,-6.8588985,3.4100313,0.0036879,8.4999676,0.0000001
332.3279656,-23.7938845,-6.9120087,3.4108550,0.0045718,8.4999676,0.0000001
332.5279222,-23.9866099,-6.9652953,3.4118641,0.0055420,8.4999676,0.0000002
332.7278789,-24.1792760,-7.0187956,3.4130754,0.0065928,8.4999677,0.0000003
332.9278355,-24.3718715,-7.0725499,3.4145042,0.0077154,8.4999677,0.0000004
333.1277922,-24.5643837,-7.1266013,3.4161637,0.0088968,8.4999677,0.0000005
333.3277489,-24.7567994,-7.1809952,3.4180641,0.0101196,8.4999677,0.0000006
333.5277055,-24.9491046,-7.2357783,3.4202115,0.0113613,8.4999677,0.0000007
333.7276622,-25.1412848,-7.2909982,3.4226070,0.0125936,8.4999677,0.0000008
333.9276188,-25.3333253,-7.3467017,3.4252455,0.0137819,8.4999677,0.0000008
334.1275755,-25.5252117,-7.4029340,3.4281142,0.0148847,8.4999677,0.0000008
334.3275321,-25.7169298,-7.4597370,3.4311914,0.0158531,8.4999678,0.0000007
334.5274888,-25.9084670,-7.5171471,3.4344446,0.0166298,8.4999678,0.0000005
334.7274455,-26.0998124,-7.5751935,3.4378291,0.0171489,8.4999678,0.0000001
334.9274021,-26.2909579,-7.6338951,3.4412863,0.0173358,8.4999678,-0.0000005
335.1273588,-26.4818990,-7.6932583,3.4447415,0.0171065,8.4999678,-0.0000012
335.3273154,-26.6726363,-7.7532736,3.4481024,0.0163696,8.4999678,-0.0000022
335.5272721,-26.8631768,-7.8139119,3.4512577,0.0150271,8.4999677,-0.0000032
335.7272288,-27.0535348,-7.8751215,3.4540764,0.0129785,8.4999676,-0.0000041
335.9271854,-27.2437341,-7.9368235,3.4564070,0.0101254,8.4999675,-0.0000047
336.1271421,-27.4338089,-7.9989090,3.4580791,0.0063773,8.4999674,-0.0000042
336.3270987,-27.6238054,-8.0612350,3.4589056,0.0016565,8.4999673,-0.0000015
336.5270554,-27.8137821,-8.1236219,3.4586851,-0.0040948,8.4999673,0.0000059
336.7270120,-28.0038106,-8.1858508,3.4572080,-0.0109079,8.4999674,0.0000213
336.9269687,-28.1939751,-8.2476626,3.4542612,-0.0187554,8.4999679,0.0000485
337.1269254,-28.3843704,-8.3087581,3.4496505,-0.0275562,8.4999691,0.0000882
337.3268820,-28.5750996,-8.3688007,3.4431794,-0.0372941,8.4999711,0.0001238
337.5268387,-28.7662709,-8.4274168,3.4346947,-0.0475411,8.4999741,0.0001054
337.7267953,-28.9579895,-8.4842134,3.4241827,-0.0574516,8.4999765,-0.0000100
337.9267520,-29.1503459,-8.5388072,3.4117891,-0.0663675,8.4999763,-0.0002814
338.1267087,-29.3434082,-8.5908474,3.3977232,-0.0738830,8.4999697,-0.3866161
338.3266653,-29.5372149,-8.6400453,3.3825158,-0.0782655,8.4908699,-3.5100800
338.5266220,-29.7317683,-8.6862020,3.3663830,-0.0833899,8.4078026,-4.6109405
338.7265786,-29.9270707,-8.7290905,3.3488589,-0.0918791,8.2974193,-4.0002935
338.9265353,-30.1231276,-8.7683798,3.3295792,-0.1008386,8.2004510,-3.8563398
339.1264919,-30.3199390,-8.8037397,3.3090172,-0.1045199,8.1058741,-3.4222708
