
******************************************************************************
This program contains Ipopt, a library for large-scale nonlinear optimization.
 Ipopt is released as open source code under the Eclipse Public License (EPL).
         For more information visit https://github.com/coin-or/Ipopt
******************************************************************************

This is Ipopt version 3.14.11, running with linear solver MUMPS 5.4.1.

Number of nonzeros in equality constraint Jacobian...:   386290
Number of nonzeros in inequality constraint Jacobian.:    96032
Number of nonzeros in Lagrangian Hessian.............:   311098

Total number of variables............................:    50117
                     variables with only lower bounds:        0
                variables with lower and upper bounds:    16709
                     variables with only upper bounds:        0
Total number of equality constraints.................:    43853
Total number of inequality constraints...............:    20876
        inequality constraints with only lower bounds:     2087
   inequality constraints with lower and upper bounds:    12527
        inequality constraints with only upper bounds:     4175

iter    objective    inf_pr   inf_du lg(mu)  ||d||  lg(rg) alpha_du alpha_pr  ls
   0  2.0880000e+01 1.39e+00 9.13e-01  -1.0 0.00e+00    -  0.00e+00 0.00e+00   0
   1  2.0829008e+01 1.38e+00 2.64e+03  -1.0 2.31e+00   4.0 4.41e-02 8.52e-03h  1
   2  2.0837123e+01 1.37e+00 2.58e+03  -1.0 2.31e+00   3.5 1.91e-03 2.70e-03f  1
   3  2.0871817e+01 1.36e+00 1.95e+03  -1.0 2.39e+00   3.0 7.81e-04 8.86e-03f  1
   4  2.0876913e+01 1.36e+00 1.86e+03  -1.0 1.52e+01   2.6 9.33e-04 2.06e-03f  1
   5  2.0887321e+01 1.36e+00 1.75e+03  -1.0 2.38e+00   3.0 7.58e-05 1.46e-03f  1
   6  2.0887410e+01 1.36e+00 1.86e+03  -1.0 2.29e+00   3.4 1.40e-03 1.65e-05h  1
   7  2.0895399e+01 1.36e+00 1.83e+03  -1.0 3.39e+00   2.9 5.15e-04 7.91e-04f  1
   8  2.0914556e+01 1.35e+00 3.32e+03  -1.0 3.32e+00   3.4 1.25e-03 2.51e-03f  1
   9  2.0926396e+01 1.35e+00 3.56e+03  -1.0 3.28e+00   2.9 6.04e-04 9.52e-04f  1
iter    objective    inf_pr   inf_du lg(mu)  ||d||  lg(rg) alpha_du alpha_pr  ls
  10  2.0939790e+01 1.35e+00 5.59e+03  -1.0 3.19e+00   3.3 6.37e-04 1.53e-03f  1
  11  2.0946434e+01 1.35e+00 8.63e+03  -1.0 3.14e+00   3.7 6.19e-04 1.09e-03h  1
  12  2.0949013e+01 1.35e+00 8.51e+03  -1.0 3.58e+00   3.3 3.04e-04 2.45e-04f  1
  13  2.0959367e+01 1.35e+00 8.60e+03  -1.0 3.08e+00   2.8 4.81e-04 6.60e-04f  1
  14  2.0970024e+01 1.34e+00 9.25e+03  -1.0 3.03e+00   3.2 6.05e-04 9.80e-04f  1
  15  2.0970120e+01 1.34e+00 5.42e+03  -1.0 3.02e+00   3.6 7.66e-04 1.25e-05h  1
  16  2.0978016e+01 1.34e+00 5.54e+03  -1.0 2.99e+00   3.2 5.16e-04 5.96e-04f  1
  17  2.0980456e+01 1.34e+00 5.51e+03  -1.0 2.99e+00   3.6 1.19e-03 2.67e-04f  1
  18  2.0981377e+01 1.34e+00 6.42e+03  -1.0 4.28e+00   3.1 4.13e-04 5.23e-05f  1
  19  2.0983699e+01 1.34e+00 1.10e+04  -1.0 4.42e+00   3.5 8.49e-04 1.93e-04f  1
iter    objective    inf_pr   inf_du lg(mu)  ||d||  lg(rg) alpha_du alpha_pr  ls
  20  2.1004907e+01 1.34e+00 9.59e+03  -1.0 4.40e+00   3.1 4.52e-04 1.09e-03f  1
  21  2.1036129e+01 1.34e+00 7.11e+03  -1.0 4.34e+00   3.5 6.60e-04 2.36e-03f  1
  22  2.1046593e+01 1.34e+00 6.60e+03  -1.0 4.20e+00   3.9 9.82e-04 9.54e-04h  1
  23  2.1055928e+01 1.34e+00 6.36e+03  -1.0 4.06e+00   3.4 5.77e-04 5.37e-04f  1
  24  2.1070807e+01 1.34e+00 1.44e+04  -1.0 4.09e+00   3.9 6.88e-04 1.19e-03f  1
  25  2.1077780e+01 1.33e+00 1.54e+04  -1.0 4.04e+00   4.3 1.21e-03 6.43e-04h  1
  26  2.1085624e+01 1.33e+00 1.50e+04  -1.0 3.91e+00   3.8 4.81e-04 5.13e-04f  1
  27  2.1093884e+01 1.33e+00 6.11e+04  -1.0 3.95e+00   4.2 1.92e-03 6.80e-04h  1
  28  2.1103400e+01 1.33e+00 2.81e+05  -1.0 3.93e+00   4.7 2.99e-03 8.63e-04h  1
  29  2.1111621e+01 1.33e+00 1.03e+06  -1.0 3.89e+00   5.1 3.40e-03 7.49e-04h  1
iter    objective    inf_pr   inf_du lg(mu)  ||d||  lg(rg) alpha_du alpha_pr  ls
  30  2.1119162e+01 1.33e+00 3.42e+06  -1.0 3.85e+00   5.5 3.85e-03 6.70e-04h  1
  31  2.1126959e+01 1.33e+00 9.70e+06  -1.0 3.81e+00   5.9 3.79e-03 6.72e-04h  1
  32  2.1132892e+01 1.33e+00 2.18e+07  -1.0 3.77e+00   6.4 2.75e-03 4.95e-04h  1
  33  2.1136876e+01 1.33e+00 8.06e+07  -1.0 3.74e+00   6.8 4.40e-03 3.26e-04h  1
  34  2.1148002e+01 1.33e+00 8.15e+07  -1.0 3.69e+00   6.3 1.05e-03 8.43e-04f  1
  35  2.1152797e+01 1.33e+00 8.80e+07  -1.0 3.71e+00   6.7 8.73e-04 3.63e-04h  1
  36  2.1155966e+01 1.33e+00 9.03e+07  -1.0 3.67e+00   6.3 7.57e-04 2.14e-04f  1
  37  2.1157389e+01 1.33e+00 9.49e+07  -1.0 3.73e+00   6.7 5.03e-04 1.03e-04h  1
  38  2.1158916e+01 1.33e+00 9.62e+07  -1.0 3.67e+00   6.2 4.58e-04 9.89e-05f  1
  39  2.1163266e+01 1.33e+00 1.00e+08  -1.0 3.74e+00   6.6 7.03e-04 3.09e-04f  1
iter    objective    inf_pr   inf_du lg(mu)  ||d||  lg(rg) alpha_du alpha_pr  ls
  40  2.1164797e+01 1.32e+00 1.01e+08  -1.0 3.66e+00   6.2 3.02e-04 9.35e-05f  1
  41  2.1170731e+01 1.32e+00 1.07e+08  -1.0 3.75e+00   6.6 1.04e-03 4.08e-04f  1
  42  2.1175805e+01 1.32e+00 1.05e+08  -1.0 3.80e+00   7.0 3.19e-04 3.60e-04h  1
  43  2.1177078e+01 1.32e+00 1.11e+08  -1.0 3.75e+00   6.5 8.23e-04 8.07e-05f  1
  44  2.1185250e+01 1.32e+00 1.06e+08  -1.0 3.81e+00   7.0 3.01e-04 5.60e-04h  1
  45  2.1186524e+01 1.32e+00 1.27e+08  -1.0 3.86e+00   7.4 4.46e-04 8.80e-05h  1
  46r 2.1186524e+01 1.32e+00 1.00e+03   0.1 0.00e+00   6.9 0.00e+00 4.71e-07R  3
  47r 3.1864948e+01 4.72e-01 1.05e+03   0.1 9.68e+02    -  4.35e-03 1.02e-03f  1
  48  3.1878752e+01 4.72e-01 1.60e+01  -1.0 2.96e+01    -  3.17e-04 6.27e-04f  1
  49  3.1918772e+01 4.71e-01 1.67e+02  -1.0 8.03e+00    -  6.54e-03 1.80e-03f  1
iter    objective    inf_pr   inf_du lg(mu)  ||d||  lg(rg) alpha_du alpha_pr  ls
  50r 3.1918772e+01 4.71e-01 9.99e+02  -0.3 0.00e+00   6.4 0.00e+00 1.90e-07R  2
  51r 4.2234811e+01 3.24e-01 9.98e+02  -0.3 3.19e+02    -  5.65e-04 9.90e-04f  1
  52  4.2430600e+01 3.22e-01 4.72e+02  -1.0 1.95e+01    -  9.84e-03 7.14e-03f  1
  53  4.2441109e+01 3.22e-01 9.54e+02  -1.0 1.36e+00   6.0 2.08e-03 2.73e-04h  1
  54r 4.2441109e+01 3.22e-01 9.99e+02  -0.5 0.00e+00   5.5 0.00e+00 4.15e-07R  4
  55r 4.6930868e+01 4.42e-01 9.97e+02  -0.5 6.16e+01    -  3.00e-03 2.10e-03f  1
  56r 4.8245344e+01 4.61e-01 9.94e+02  -0.5 4.63e+00   2.0 2.04e-03 8.46e-03f  1
  57r 4.8355840e+01 4.62e-01 9.96e+02  -0.5 3.20e-01   3.3 8.50e-02 9.71e-03f  1
  58r 4.8554450e+01 4.65e-01 1.53e+03  -0.5 1.08e-01   3.8 2.19e-01 5.31e-02f  1
  59r 4.8695779e+01 4.67e-01 1.94e+03  -0.5 3.33e-02   4.2 1.03e-01 1.98e-01f  1
iter    objective    inf_pr   inf_du lg(mu)  ||d||  lg(rg) alpha_du alpha_pr  ls
  60r 4.8757348e+01 4.65e-01 1.57e+03  -0.5 1.52e-02   4.6 2.13e-01 2.65e-01f  1
  61r 4.8822212e+01 4.63e-01 3.95e+03  -0.5 5.41e-03   5.0 7.55e-01 7.11e-01f  1
  62r 4.8894447e+01 4.60e-01 2.63e+03  -0.5 1.59e-02   4.6 5.29e-01 3.60e-01f  1
  63r 4.8943363e+01 4.59e-01 1.21e+03  -0.5 6.05e-03   5.0 1.00e+00 5.91e-01f  1
  64r 4.9016620e+01 4.56e-01 8.74e+02  -0.5 1.80e-02   4.5 9.65e-01 3.58e-01f  1
  65r 4.9119280e+01 4.50e-01 4.86e+03  -0.5 5.41e-02   4.0 5.22e-01 2.26e-01f  1
  66r 4.9188493e+01 4.47e-01 2.94e+03  -0.5 2.03e-02   4.5 1.00e+00 3.28e-01f  1
  67r 4.9297635e+01 4.41e-01 2.22e+03  -0.5 6.03e-02   4.0 1.00e+00 2.36e-01f  1
  68r 4.9385595e+01 4.36e-01 1.31e+03  -0.5 2.27e-02   4.4 1.00e+00 4.10e-01f  1
  69r 4.9496044e+01 4.29e-01 9.79e+02  -0.5 6.68e-02   3.9 8.85e-01 2.33e-01f  1
iter    objective    inf_pr   inf_du lg(mu)  ||d||  lg(rg) alpha_du alpha_pr  ls
  70r 4.9575738e+01 4.25e-01 6.21e+02  -0.5 2.50e-02   4.4 1.00e+00 3.73e-01f  1
  71r 4.9688062e+01 4.16e-01 6.18e+02  -0.5 6.89e-02   3.9 1.00e+00 2.27e-01f  1
  72r 4.9770892e+01 4.11e-01 4.58e+02  -0.5 2.37e-02   4.3 1.00e+00 3.78e-01f  1
  73r 4.9821032e+01 4.07e-01 4.04e+02  -0.5 7.81e-03   4.7 1.00e+00 6.04e-01f  1
  74r 4.9915587e+01 3.97e-01 4.05e+02  -0.5 2.33e-02   4.2 1.00e+00 4.19e-01f  1
  75r 4.9969712e+01 3.92e-01 4.11e+02  -0.5 8.84e-03   4.7 1.00e+00 6.18e-01f  1
  76r 5.0049843e+01 3.83e-01 4.07e+02  -0.5 2.61e-02   4.2 1.00e+00 3.36e-01f  1
  77r 5.0175125e+01 3.67e-01 1.23e+03  -0.5 7.86e-02   3.7 1.00e+00 2.11e-01f  1
  78r 5.0368936e+01 3.33e-01 1.09e+03  -0.5 2.32e-01   3.2 1.00e+00 1.48e-01f  1
  79r 5.0534620e+01 2.91e-01 4.31e+03  -0.5 6.91e-01   2.8 5.70e-02 6.02e-02f  1
iter    objective    inf_pr   inf_du lg(mu)  ||d||  lg(rg) alpha_du alpha_pr  ls
  80r 5.0734703e+01 1.93e-01 4.01e+03  -0.5 2.04e+00   2.3 2.13e-01 4.79e-02f  1
  81  5.1813643e+01 1.86e-01 5.85e+02  -1.0 3.02e+00    -  1.19e-01 3.71e-02f  1
  82  5.3974642e+01 1.77e-01 5.73e+02  -1.0 1.97e+00    -  9.57e-02 4.72e-02f  1
  83  5.3978184e+01 1.77e-01 1.27e+04  -1.0 8.38e-01   5.0 2.38e-02 4.63e-05h  1
  84  5.4070566e+01 1.77e-01 1.67e+05  -1.0 8.34e-01   4.5 4.77e-02 1.19e-03f  1
  85  5.4875031e+01 1.75e-01 2.03e+05  -1.0 9.31e-01   4.1 5.07e-02 9.79e-03f  1
  86  5.4933820e+01 1.75e-01 1.95e+06  -1.0 1.10e+00   5.4 6.41e-02 7.38e-04f  1
  87  5.5193226e+01 1.75e-01 2.01e+06  -1.0 2.43e+00   4.9 1.08e-02 3.27e-03f  1
  88  5.5293342e+01 1.74e-01 3.57e+06  -1.0 1.20e+00   5.3 6.54e-02 1.25e-03h  1
  89  5.5819530e+01 1.73e-01 8.57e+06  -1.0 1.09e+00   5.8 8.21e-02 6.42e-03f  1
iter    objective    inf_pr   inf_du lg(mu)  ||d||  lg(rg) alpha_du alpha_pr  ls
  90  5.5847671e+01 1.73e-01 1.56e+07  -1.0 2.47e+00   6.2 4.43e-02 3.60e-04h  4
  91  5.5907121e+01 1.73e-01 5.12e+07  -1.0 1.29e+00   6.6 7.42e-02 7.44e-04h  4
  92  5.6069385e+01 1.73e-01 1.08e+08  -1.0 9.36e-01   7.0 4.13e-02 2.01e-03f  3
  93  5.6232793e+01 1.72e-01 4.75e+08  -1.0 9.67e-01   7.5 9.76e-02 2.03e-03h  3
  94  5.6389832e+01 1.72e-01 9.45e+08  -1.0 9.29e-01   7.9 4.86e-02 1.94e-03h  3
  95  5.6531847e+01 1.72e-01 2.17e+09  -1.0 1.01e+00   8.3 4.78e-02 1.76e-03h  3
  96  5.6591938e+01 1.72e-01 6.08e+09  -1.0 9.13e-01   8.7 5.60e-02 7.48e-04h  4
  97  5.6600774e+01 1.72e-01 6.14e+09  -1.0 1.91e+01   8.3 3.21e-03 1.18e-04h  3
  98  5.6757060e+01 1.71e-01 9.83e+09  -1.0 1.06e+00   8.7 6.16e-02 1.93e-03h  3
  99  5.6924277e+01 1.71e-01 2.29e+10  -1.0 1.01e+00   9.1 8.02e-02 2.07e-03h  3
iter    objective    inf_pr   inf_du lg(mu)  ||d||  lg(rg) alpha_du alpha_pr  ls
 100  5.7559720e+01 1.70e-01 4.47e+10  -1.0 9.46e-01   9.5 5.73e-02 7.73e-03w  1
 101  5.7658634e+01 1.69e-01 8.87e+10  -1.0 2.70e+00  10.0 4.13e-02 1.24e-03w  1
 102  5.7813960e+01 1.69e-01 2.30e+11  -1.0 9.71e-01  10.4 5.03e-02 1.92e-03w  1
 103  5.7081045e+01 1.71e-01 4.74e+10  -1.0 8.58e-01  10.8 5.73e-02 1.93e-03h  2
 104  5.7313694e+01 1.70e-01 1.61e+11  -1.0 8.27e-01  10.3 4.47e-02 2.88e-03h  2
 105  5.7457512e+01 1.70e-01 5.13e+11  -1.0 8.46e-01  10.8 5.07e-02 1.78e-03h  2
 106  5.7599381e+01 1.70e-01 1.64e+12  -1.0 9.17e-01  11.2 5.99e-02 1.75e-03h  2
 107  5.7806317e+01 1.69e-01 5.20e+12  -1.0 8.75e-01  11.6 7.07e-02 2.54e-03h  1
 108  5.8026223e+01 1.69e-01 1.34e+13  -1.0 8.58e-01  12.0 6.32e-02 2.71e-03h  1
MUMPS returned INFO(1) = -9 and requires more memory, reallocating.  Attempt 1
  Increasing icntl[13] from 1000 to 2000.
 109  5.8106279e+01 1.68e-01 2.56e+13  -1.0 9.58e-01  12.5 3.74e-02 9.96e-04h  1
iter    objective    inf_pr   inf_du lg(mu)  ||d||  lg(rg) alpha_du alpha_pr  ls
 110  5.8152695e+01 1.68e-01 2.84e+13  -1.0 3.26e+00  12.0 3.15e-02 5.86e-04h  1
 111  5.8242304e+01 1.68e-01 3.89e+13  -1.0 1.46e+00  12.4 3.66e-02 1.11e-03h  2
 112  5.8299692e+01 1.68e-01 7.39e+13  -1.0 8.95e-01  12.8 4.22e-02 7.09e-04h  3
 113  5.8312912e+01 1.68e-01 1.82e+14  -1.0 7.65e-01  13.3 4.61e-02 1.64e-04h  5
 114  5.8318985e+01 1.68e-01 2.22e+14  -1.0 1.17e+00  12.8 6.10e-02 7.46e-05h  7
 115  5.8320717e+01 1.68e-01 3.50e+14  -1.0 7.68e-01  13.2 6.47e-02 2.14e-05h  8
 116  5.8535751e+01 1.68e-01 3.72e+14  -1.0 1.39e+00  12.7 5.91e-02 2.62e-03h  2
 117  5.8826753e+01 1.67e-01 4.32e+14  -1.0 9.16e-01  13.2 4.22e-02 3.55e-03h  1
 118  5.9032882e+01 1.67e-01 6.46e+14  -1.0 8.14e-01  13.6 5.15e-02 2.53e-03h  2
MUMPS returned INFO(1) = -9 and requires more memory, reallocating.  Attempt 1
  Increasing icntl[13] from 2000 to 4000.
 119  5.9259038e+01 1.66e-01 9.20e+14  -1.0 8.26e-01  14.0 2.75e-02 2.81e-03h  1
iter    objective    inf_pr   inf_du lg(mu)  ||d||  lg(rg) alpha_du alpha_pr  ls
 120  5.9368547e+01 1.66e-01 1.67e+15  -1.0 1.10e+00  14.4 2.81e-02 1.37e-03h  1
 121  5.9405791e+01 1.66e-01 1.69e+15  -1.0 1.01e+01  14.0 3.16e-03 4.83e-04h  1
 122  5.9429901e+01 1.66e-01 2.48e+15  -1.0 1.09e+00  14.4 2.91e-02 3.00e-04h  1
 123  5.9617526e+01 1.65e-01 4.44e+15  -1.0 7.71e-01  14.8 3.11e-02 2.34e-03h  1
 124  5.9681296e+01 1.65e-01 9.47e+15  -1.0 8.14e-01  15.2 3.37e-02 7.94e-04h  1
MUMPS returned INFO(1) = -9 and requires more memory, reallocating.  Attempt 1
  Increasing icntl[13] from 4000 to 8000.
 125r 5.9681296e+01 1.65e-01 1.00e+03  -0.8 0.00e+00  14.8 0.00e+00 2.71e-07R  8
 126r 5.9849678e+01 1.95e-01 1.11e+03  -0.8 8.18e+01    -  8.28e-03 2.00e-03f  1
 127r 6.0802107e+01 2.11e-01 1.33e+03  -0.8 3.52e+01    -  1.92e-02 9.66e-03f  1
 128r 6.1481561e+01 2.11e-01 2.39e+03  -0.8 2.99e-01   2.0 1.47e-01 3.25e-02f  1
 129r 6.1753574e+01 2.11e-01 5.75e+03  -0.8 2.78e-02   3.3 4.35e-01 1.40e-01f  1
iter    objective    inf_pr   inf_du lg(mu)  ||d||  lg(rg) alpha_du alpha_pr  ls
 130r 6.2054536e+01 2.11e-01 3.79e+03  -0.8 1.14e-02   3.8 4.88e-01 3.96e-01f  1
 131r 6.3558017e+01 2.11e-01 3.01e+03  -0.8 1.78e-02   3.3 6.30e-01 6.30e-01f  1
 132r 6.3681050e+01 2.11e-01 7.10e+03  -0.8 2.96e-03   4.6 9.75e-01 1.00e+00f  1
 133r 6.4079491e+01 2.11e-01 1.86e+03  -0.8 6.91e-03   4.1 1.00e+00 1.00e+00f  1
 134r 6.5205246e+01 2.11e-01 2.52e+03  -0.8 7.38e-03   3.7 1.00e+00 8.70e-01f  1
 135r 6.5706651e+01 2.11e-01 2.38e+03  -0.8 4.21e-03   4.1 1.00e+00 1.00e+00f  1
 136r 6.7015283e+01 2.11e-01 1.86e+03  -0.8 9.00e-03   3.6 1.00e+00 7.76e-01f  1
 137r 6.7084095e+01 2.11e-01 9.12e+03  -0.8 2.81e-03   4.9 1.00e+00 1.00e+00f  1
 138r 6.7326592e+01 2.11e-01 1.22e+03  -0.8 1.49e-03   4.5 1.00e+00 1.00e+00f  1
 139r 6.8092232e+01 2.11e-01 6.44e+02  -0.8 4.52e-03   4.0 1.00e+00 1.00e+00f  1
iter    objective    inf_pr   inf_du lg(mu)  ||d||  lg(rg) alpha_du alpha_pr  ls
 140r 6.9473927e+01 2.11e-01 8.89e+02  -0.8 1.73e-02   3.5 1.00e+00 5.23e-01f  1
 141r 7.1379585e+01 2.14e-01 1.86e+03  -0.8 1.17e-01   3.0 2.94e-01 1.52e-01f  1
 142r 7.2635821e+01 2.11e-01 4.51e+02  -0.8 3.48e-02   3.4 1.00e+00 3.35e-01f  1
 143r 7.4935026e+01 5.01e-01 6.80e+02  -0.8 1.96e-01   3.0 1.64e-01 1.23e-01f  1
 144r 7.5839258e+01 4.23e-01 2.74e+03  -0.8 4.57e-02   3.4 1.00e+00 1.91e-01f  1
 145r 7.8401545e+01 4.73e-01 2.10e+03  -0.8 1.51e-01   2.9 3.16e-01 1.13e-01f  1
 146r 7.9790917e+01 3.79e-01 2.92e+03  -0.8 4.49e-02   3.3 7.75e-01 2.84e-01f  1
 147r 8.0417012e+01 2.24e-01 2.29e+03  -0.8 1.53e-02   3.8 1.00e+00 4.18e-01f  1
 148r 8.1670245e+01 2.11e-01 2.02e+03  -0.8 4.39e-02   3.3 5.03e-01 2.40e-01f  1
 149r 8.2261207e+01 2.11e-01 3.07e+03  -0.8 1.47e-02   3.7 1.00e+00 3.36e-01f  1
iter    objective    inf_pr   inf_du lg(mu)  ||d||  lg(rg) alpha_du alpha_pr  ls
 150r 8.2661602e+01 2.11e-01 2.59e+03  -0.8 5.26e-03   4.1 1.00e+00 6.64e-01f  1
 151r 8.3381912e+01 2.11e-01 1.26e+03  -0.8 1.73e-02   3.7 1.00e+00 3.53e-01f  1
 152r 8.4833185e+01 2.11e-01 9.60e+02  -0.8 5.38e-02   3.2 5.76e-01 2.17e-01f  1
 153r 8.8740080e+01 7.18e-01 1.33e+03  -0.8 3.64e-01   2.7 4.72e-02 8.91e-02f  1
 154r 8.9745688e+01 6.84e-01 1.19e+03  -0.8 9.16e-02   3.1 8.43e-01 9.55e-02f  1
 155r 9.0597044e+01 4.49e-01 8.77e+02  -0.8 2.11e-02   3.6 1.00e+00 3.51e-01f  1
 156r 9.3007914e+01 3.53e-01 7.33e+02  -0.8 8.18e-02   3.1 3.89e-01 2.69e-01f  1
 157r 9.3976677e+01 2.56e-01 6.29e+02  -0.8 2.64e-02   3.5 1.00e+00 3.41e-01f  1
 158r 9.5627691e+01 3.01e-01 6.09e+02  -0.8 1.04e-01   3.0 2.34e-01 1.46e-01f  1
 159r 9.6216797e+01 2.56e-01 3.60e+04  -0.8 1.28e-01   3.5 3.32e-01 1.75e-01f  1
iter    objective    inf_pr   inf_du lg(mu)  ||d||  lg(rg) alpha_du alpha_pr  ls
 160r 9.6242128e+01 2.50e-01 3.52e+04  -0.8 1.28e-02   3.9 7.91e-01 2.28e-02f  1
 161r 9.7628143e+01 2.11e-01 2.49e+04  -0.8 3.91e-02   3.4 9.23e-02 3.55e-01f  1
 162r 9.8392497e+01 2.18e-01 2.38e+04  -0.8 5.75e-01   2.9 1.21e-01 4.25e-02f  1
 163r 9.9524918e+01 2.09e-01 1.84e+04  -0.8 4.55e-02   3.4 8.01e-01 2.37e-01f  1
 164r 1.0006045e+02 2.09e-01 1.20e+04  -0.8 1.64e-02   3.8 5.13e-01 3.37e-01f  1
 165r 1.0006125e+02 2.09e-01 2.27e+04  -0.8 7.98e-03   5.1 7.60e-01 3.48e-01f  1
 166r 1.0005974e+02 2.09e-01 2.05e+04  -0.8 4.99e-03   5.5 1.35e-01 7.31e-02f  1
 167r 1.0008652e+02 2.09e-01 1.66e+04  -0.8 1.34e-02   5.1 1.01e-01 6.15e-01f  1
 168r 1.0033672e+02 2.09e-01 1.29e+03  -0.8 6.63e-03   4.6 9.02e-01 1.00e+00f  1
 169r 1.0092268e+02 2.09e-01 3.17e+02  -0.8 7.39e-03   4.1 1.00e+00 7.24e-01f  1
iter    objective    inf_pr   inf_du lg(mu)  ||d||  lg(rg) alpha_du alpha_pr  ls
 170r 1.0152237e+02 2.09e-01 6.21e+02  -0.8 2.32e-02   3.6 1.00e+00 2.43e-01f  1
 171r 1.0352142e+02 2.09e-01 4.35e+03  -0.8 8.40e-02   3.2 4.90e-01 2.17e-01f  1
 172r 1.0364685e+02 2.09e-01 1.02e+05  -0.8 2.10e-02   4.5 1.84e-01 4.32e-01f  1
 173r 1.0374409e+02 2.09e-01 3.03e+04  -0.8 5.88e-03   4.9 1.00e+00 9.95e-01f  1
 174r 1.0378354e+02 2.09e-01 2.87e+04  -0.8 5.45e-03   5.3 8.36e-01 7.89e-01f  1
 175r 1.0379288e+02 2.09e-01 2.70e+04  -0.8 6.41e-03   4.9 1.00e+00 6.25e-02f  1
 176r 1.0394884e+02 2.09e-01 4.83e+04  -0.8 1.54e-02   4.4 3.29e-01 3.52e-01f  1
 177r 1.0409333e+02 2.09e-01 1.16e+04  -0.8 4.14e-03   4.8 1.00e+00 8.62e-01f  1
 178r 1.0411289e+02 2.09e-01 8.57e+04  -0.8 2.11e-02   5.2 4.98e-02 3.11e-01f  1
 179r 1.0420812e+02 2.09e-01 3.02e+04  -0.8 1.93e-02   4.8 6.02e-02 5.07e-01f  1
iter    objective    inf_pr   inf_du lg(mu)  ||d||  lg(rg) alpha_du alpha_pr  ls
 180r 1.0420907e+02 2.09e-01 2.60e+04  -0.8 8.30e-03   6.1 1.39e-01 1.34e-01f  1
 181r 1.0422509e+02 2.09e-01 8.39e+04  -0.8 9.41e-03   5.6 2.93e-01 6.47e-01f  1
 182r 1.0423798e+02 2.09e-01 6.99e+04  -0.8 8.16e-03   5.1 4.26e-01 1.65e-01f  1
 183r 1.0433621e+02 2.09e-01 4.20e+04  -0.8 6.19e-03   4.7 7.60e-01 4.21e-01f  1
 184r 1.0497850e+02 2.09e-01 6.65e+03  -0.8 1.26e-02   4.2 2.74e-01 9.16e-01f  1
 185r 1.0572678e+02 2.09e-01 4.60e+03  -0.8 1.84e-02   3.7 1.00e+00 3.60e-01f  1
 186r 1.0620307e+02 2.08e-01 2.62e+03  -0.8 6.89e-03   4.1 1.00e+00 6.52e-01f  1
 187r 1.0717940e+02 2.08e-01 5.52e+03  -0.8 2.07e-02   3.7 1.00e+00 4.46e-01f  1
 188r 1.0725293e+02 2.08e-01 1.28e+04  -0.8 2.59e-03   5.0 1.00e+00 9.03e-01f  1
 189r 1.0754687e+02 2.08e-01 1.92e+03  -0.8 2.87e-03   4.5 1.00e+00 1.00e+00f  1
iter    objective    inf_pr   inf_du lg(mu)  ||d||  lg(rg) alpha_du alpha_pr  ls
 190r 1.0819564e+02 2.08e-01 1.73e+02  -0.8 8.34e-03   4.0 1.00e+00 7.38e-01f  1
 191r 1.0883998e+02 2.08e-01 1.11e+03  -0.8 2.52e-02   3.5 1.00e+00 2.47e-01f  1
 192r 1.0900892e+02 2.08e-01 1.73e+04  -0.8 5.66e-02   4.0 1.54e-01 1.91e-01f  1
 193r 1.0903490e+02 2.08e-01 1.60e+04  -0.8 9.77e-03   4.4 1.00e+00 7.95e-02f  1
 194r 1.0967588e+02 2.08e-01 1.36e+04  -0.8 1.01e-02   3.9 2.94e-01 6.39e-01f  1
 195r 1.1025329e+02 2.07e-01 2.17e+04  -0.8 1.04e-01   3.4 4.51e-01 1.88e-01f  1
 196r 1.1029586e+02 2.07e-01 1.57e+04  -0.8 3.29e-03   4.8 9.71e-01 3.36e-01f  1
 197r 1.1070336e+02 2.07e-01 7.15e+03  -0.8 4.40e-03   4.3 1.00e+00 1.00e+00f  1
 198r 1.1091216e+02 2.07e-01 7.78e+03  -0.8 2.96e-02   3.8 1.09e-01 1.73e-01f  1
 199r 1.1091267e+02 2.07e-01 1.50e+04  -0.8 5.09e-03   6.1 6.49e-02 1.40e-01f  1
iter    objective    inf_pr   inf_du lg(mu)  ||d||  lg(rg) alpha_du alpha_pr  ls
 200r 1.1091405e+02 2.07e-01 1.19e+04  -0.8 1.11e-02   5.6 7.05e-02 6.98e-02f  1
 201r 1.1097617e+02 2.07e-01 2.32e+03  -0.8 4.58e-03   5.1 3.10e-01 1.00e+00f  1
 202r 1.1116913e+02 2.07e-01 1.06e+03  -0.8 4.66e-03   4.6 1.00e+00 1.00e+00f  1
 203r 1.1159666e+02 2.07e-01 8.62e+02  -0.8 6.94e-03   4.1 8.56e-01 7.50e-01f  1
 204r 1.1210253e+02 2.07e-01 8.18e+02  -0.8 1.97e-02   3.7 1.00e+00 3.01e-01f  1
 205r 1.1322045e+02 2.06e-01 1.25e+03  -0.8 6.17e-02   3.2 6.14e-01 2.13e-01f  1
 206r 1.1382198e+02 2.06e-01 1.29e+03  -0.8 2.28e-02   3.6 1.00e+00 3.48e-01f  1
 207r 1.1388169e+02 2.06e-01 1.06e+03  -0.8 1.12e-03   4.9 1.00e+00 1.00e+00f  1
 208r 1.1412346e+02 2.06e-01 7.23e+03  -0.8 3.21e-03   4.5 1.00e+00 1.00e+00f  1
 209r 1.1443354e+02 2.06e-01 4.08e+03  -0.8 9.62e-03   4.0 1.00e+00 4.46e-01f  1
iter    objective    inf_pr   inf_du lg(mu)  ||d||  lg(rg) alpha_du alpha_pr  ls
 210r 1.1508956e+02 2.06e-01 2.66e+03  -0.8 2.82e-02   3.5 1.00e+00 3.27e-01f  1
 211r 1.1562176e+02 2.05e-01 1.10e+03  -0.8 9.92e-03   3.9 1.00e+00 7.48e-01f  1
 212r 1.1564664e+02 2.05e-01 1.49e+03  -0.8 1.34e-03   5.3 1.00e+00 1.00e+00f  1
 213r 1.1574522e+02 2.05e-01 8.95e+03  -0.8 1.47e-03   4.8 1.00e+00 1.00e+00f  1
 214r 1.1602660e+02 2.05e-01 8.81e+02  -0.8 3.90e-03   4.3 1.00e+00 9.56e-01f  1
 215r 1.1676853e+02 2.04e-01 5.85e+02  -0.8 1.22e-02   3.8 1.00e+00 8.31e-01f  1
 216r 1.1725216e+02 2.04e-01 1.59e+03  -0.8 3.84e-02   3.4 1.00e+00 1.73e-01f  1
 217r 1.1779561e+02 2.04e-01 6.18e+02  -0.8 1.42e-02   3.8 1.00e+00 5.54e-01f  1
 218r 1.1836312e+02 2.03e-01 1.61e+03  -0.8 4.41e-02   3.3 1.00e+00 1.91e-01f  1
 219r 1.1843450e+02 2.03e-01 3.04e+04  -0.8 6.21e-03   4.6 8.67e-01 6.30e-01f  1
iter    objective    inf_pr   inf_du lg(mu)  ||d||  lg(rg) alpha_du alpha_pr  ls
 220r 1.1844356e+02 2.03e-01 2.45e+04  -0.8 1.65e-03   5.1 1.00e+00 2.12e-01f  1
 221r 1.1858615e+02 2.03e-01 1.21e+04  -0.8 2.28e-03   4.6 1.00e+00 1.00e+00f  1
 222r 1.1864032e+02 2.03e-01 1.26e+04  -0.8 1.96e-03   5.0 1.00e+00 1.00e+00f  1
 223r 1.1875013e+02 2.03e-01 4.80e+03  -0.8 2.57e-03   4.5 1.00e+00 6.83e-01f  1
 224r 1.1916025e+02 2.03e-01 1.99e+03  -0.8 7.73e-03   4.1 1.00e+00 8.59e-01f  1
 225r 1.1973649e+02 2.02e-01 1.17e+03  -0.8 2.35e-02   3.6 1.00e+00 4.05e-01f  1
 226r 1.2043312e+02 2.02e-01 1.09e+03  -0.8 7.21e-02   3.1 8.31e-01 1.53e-01f  1
 227r 1.2099528e+02 2.01e-01 6.43e+02  -0.8 2.65e-02   3.5 1.00e+00 3.66e-01f  1
 228r 1.2177786e+02 2.00e-01 9.17e+02  -0.8 5.92e-02   3.1 6.99e-01 1.61e-01f  1
 229r 1.2267761e+02 1.99e-01 4.90e+02  -0.8 2.16e-02   3.5 1.00e+00 5.43e-01f  1
iter    objective    inf_pr   inf_du lg(mu)  ||d||  lg(rg) alpha_du alpha_pr  ls
 230r 1.2318090e+02 1.99e-01 8.18e+01  -0.8 8.41e-03   3.9 1.00e+00 8.67e-01f  1
 231r 1.2369037e+02 1.98e-01 6.94e+03  -0.8 3.73e-02   3.4 1.00e+00 2.84e-01f  1
 232r 1.2372551e+02 1.98e-01 7.17e+03  -0.8 2.60e-03   4.8 8.56e-01 4.94e-01f  1
 233r 1.2375150e+02 1.98e-01 2.87e+04  -0.8 4.10e-03   5.2 2.94e-01 1.00e+00f  1
 234r 1.2383419e+02 1.98e-01 8.92e+03  -0.8 2.04e-03   4.7 1.00e+00 9.00e-01f  1
 235r 1.2399188e+02 1.97e-01 4.89e+03  -0.8 5.04e-03   4.2 1.00e+00 5.84e-01f  1
 236r 1.2442002e+02 1.97e-01 3.15e+03  -0.8 1.14e-02   3.8 1.00e+00 5.77e-01f  1
 237r 1.2504306e+02 1.96e-01 2.58e+03  -0.8 3.28e-02   3.3 1.00e+00 2.87e-01f  1
 238r 1.2563980e+02 1.94e-01 9.15e+01  -0.8 1.28e-02   3.7 1.00e+00 7.77e-01f  1
 239r 1.2603900e+02 1.93e-01 3.89e+02  -0.8 4.97e-02   3.2 1.00e+00 1.77e-01f  1
iter    objective    inf_pr   inf_du lg(mu)  ||d||  lg(rg) alpha_du alpha_pr  ls
 240r 1.2661886e+02 1.91e-01 2.51e+02  -0.8 1.51e-02   3.7 1.00e+00 7.95e-01f  1
 241r 1.2685570e+02 1.90e-01 8.88e+02  -0.8 6.04e-03   4.1 1.00e+00 9.14e-01f  1
 242r 1.2686616e+02 1.90e-01 1.01e+03  -0.8 9.31e-04   5.4 1.00e+00 1.00e+00f  1
 243r 1.2690176e+02 1.90e-01 7.05e+04  -0.8 5.63e-03   4.9 7.77e-01 1.00e+00f  1
 244r 1.2691193e+02 1.90e-01 3.47e+04  -0.8 2.20e-03   5.4 1.00e+00 7.74e-01f  1
 245r 1.2695168e+02 1.90e-01 1.00e+04  -0.8 2.26e-03   4.9 1.00e+00 1.00e+00f  1
 246r 1.2706781e+02 1.89e-01 9.93e+02  -0.8 3.68e-03   4.4 1.00e+00 1.00e+00f  1
 247r 1.2711043e+02 1.89e-01 2.27e+03  -0.8 2.39e-03   4.8 1.00e+00 1.00e+00f  1
 248r 1.2711697e+02 1.89e-01 3.96e+03  -0.8 2.14e-03   5.3 6.40e-01 4.09e-01f  1
 249r 1.2716434e+02 1.89e-01 6.25e+04  -0.8 4.21e-03   4.8 7.00e-01 1.00e+00f  1
iter    objective    inf_pr   inf_du lg(mu)  ||d||  lg(rg) alpha_du alpha_pr  ls
 250r 1.2718200e+02 1.89e-01 2.71e+04  -0.8 2.16e-03   5.2 1.00e+00 1.00e+00f  1
 251r 1.2723459e+02 1.89e-01 2.22e+03  -0.8 2.61e-03   4.7 1.00e+00 1.00e+00f  1
 252r 1.2724604e+02 1.89e-01 1.58e+04  -0.8 4.67e-03   5.2 8.23e-01 5.86e-01f  1
 253r 1.2725079e+02 1.89e-01 1.69e+04  -0.8 1.84e-03   5.6 9.76e-01 6.64e-01f  1
 254r 1.2727244e+02 1.89e-01 8.24e+03  -0.8 4.73e-03   5.1 1.00e+00 1.00e+00f  1
 255r 1.2731454e+02 1.88e-01 2.33e+03  -0.8 2.27e-03   4.6 1.00e+00 6.52e-01f  1
 256r 1.2733880e+02 1.88e-01 3.95e+03  -0.8 2.47e-03   5.0 1.00e+00 1.00e+00f  1
 257r 1.2740390e+02 1.88e-01 7.76e+04  -0.8 7.84e-03   4.6 6.42e-01 9.06e-01f  1
 258r 1.2743049e+02 1.88e-01 3.26e+04  -0.8 3.47e-03   5.0 1.00e+00 1.00e+00f  1
 259r 1.2751021e+02 1.87e-01 4.02e+03  -0.8 3.64e-03   4.5 1.00e+00 1.00e+00f  1
iter    objective    inf_pr   inf_du lg(mu)  ||d||  lg(rg) alpha_du alpha_pr  ls
 260r 1.2751654e+02 1.87e-01 1.66e+05  -0.8 4.02e-02   4.9 6.76e-02 2.16e-01f  1
 261r 1.2752408e+02 1.87e-01 8.83e+04  -0.8 4.43e-03   5.4 9.82e-01 6.95e-01f  1
 262r 1.2753250e+02 1.87e-01 5.85e+04  -0.8 9.02e-03   4.9 1.97e-01 2.50e-01h  3
 263r 1.2753311e+02 1.87e-01 1.74e+05  -0.8 3.65e-03   6.2 2.82e-01 5.40e-01h  1
 264r 1.2753589e+02 1.87e-01 1.56e+04  -0.8 3.72e-03   5.7 5.32e-01 6.53e-01f  1
 265r 1.2753900e+02 1.87e-01 1.24e+04  -0.8 4.03e-03   5.3 1.00e+00 2.23e-01f  1
 266r 1.2755731e+02 1.87e-01 6.71e+03  -0.8 9.57e-03   4.8 3.22e-01 4.25e-01f  1
 267r 1.2765417e+02 1.87e-01 1.32e+03  -0.8 6.65e-03   4.3 1.00e+00 7.71e-01f  1
 268r 1.2770070e+02 1.87e-01 4.35e+02  -0.8 1.73e-03   4.7 1.00e+00 1.00e+00f  1
 269r 1.2771798e+02 1.87e-01 1.25e+02  -0.8 6.50e-04   5.2 1.00e+00 1.00e+00f  1
iter    objective    inf_pr   inf_du lg(mu)  ||d||  lg(rg) alpha_du alpha_pr  ls
 270r 1.2776841e+02 1.86e-01 1.59e+04  -0.8 2.77e-03   4.7 1.00e+00 1.00e+00f  1
 271r 1.2778675e+02 1.86e-01 9.53e+03  -0.8 1.25e-03   5.1 1.00e+00 1.00e+00f  1
 272r 1.2779059e+02 1.86e-01 6.33e+03  -0.8 1.09e-03   5.5 7.24e-01 5.57e-01f  1
 273r 1.2781126e+02 1.86e-01 1.61e+03  -0.8 8.20e-04   5.1 1.00e+00 1.00e+00f  1
 274r 1.2787256e+02 1.86e-01 8.13e+02  -0.8 2.45e-03   4.6 1.00e+00 1.00e+00f  1
 275r 1.2805162e+02 1.85e-01 1.10e+03  -0.8 7.25e-03   4.1 1.00e+00 1.00e+00f  1
 276r 1.2817480e+02 1.84e-01 8.27e+02  -0.8 1.65e-02   3.6 1.00e+00 2.45e-01f  1
 277r 1.2819577e+02 1.84e-01 7.08e+02  -0.8 1.00e-03   5.0 1.00e+00 1.00e+00f  1
 278r 1.2826358e+02 1.84e-01 3.81e+03  -0.8 4.23e-03   4.5 1.00e+00 1.00e+00f  1
 279r 1.2846152e+02 1.83e-01 1.02e+03  -0.8 6.18e-03   4.0 1.00e+00 1.00e+00f  1
iter    objective    inf_pr   inf_du lg(mu)  ||d||  lg(rg) alpha_du alpha_pr  ls
 280r 1.2846914e+02 1.83e-01 1.53e+03  -0.8 5.97e-04   5.3 1.00e+00 1.00e+00f  1
 281r 1.2849578e+02 1.82e-01 4.61e+03  -0.8 1.19e-03   4.9 1.00e+00 1.00e+00f  1
 282r 1.2857474e+02 1.82e-01 8.97e+01  -0.8 3.43e-03   4.4 1.00e+00 1.00e+00f  1
 283r 1.2880482e+02 1.80e-01 1.05e+03  -0.8 1.04e-02   3.9 1.00e+00 1.00e+00f  1
 284r 1.2899596e+02 1.79e-01 7.30e+02  -0.8 2.85e-02   3.4 1.00e+00 2.95e-01f  1
 285r 1.2921432e+02 1.77e-01 5.63e+01  -0.8 7.87e-03   3.9 1.00e+00 1.00e+00f  1
 286r 1.2937046e+02 1.76e-01 3.87e+02  -0.8 2.65e-02   3.4 1.00e+00 2.56e-01f  1
 287r 1.2948319e+02 1.75e-01 5.92e+02  -0.8 7.19e-03   3.8 1.00e+00 6.64e-01f  1
 288r 1.2949060e+02 1.75e-01 8.73e+02  -0.8 5.22e-04   5.1 1.00e+00 1.00e+00f  1
 289r 1.2951446e+02 1.75e-01 6.56e+02  -0.8 1.02e-03   4.7 1.00e+00 1.00e+00f  1
iter    objective    inf_pr   inf_du lg(mu)  ||d||  lg(rg) alpha_du alpha_pr  ls
 290r 1.2958220e+02 1.74e-01 1.08e+04  -0.8 3.70e-03   4.2 1.00e+00 1.00e+00f  1
 291r 1.2960716e+02 1.73e-01 1.07e+03  -0.8 1.31e-03   4.6 1.00e+00 1.00e+00f  1
 292r 1.2961650e+02 1.73e-01 1.41e+02  -0.8 4.26e-04   5.0 1.00e+00 1.00e+00f  1
 293r 1.2963525e+02 1.73e-01 2.52e+04  -0.8 4.74e-03   4.6 1.00e+00 6.88e-01f  1
 294r 1.2966974e+02 1.73e-01 5.43e+03  -0.8 1.68e-02   4.1 1.24e-01 4.20e-01f  1
 295r 1.2966972e+02 1.73e-01 1.75e+04  -0.8 3.02e-03   6.3 2.73e-01 1.50e-01h  1
 296r 1.2967011e+02 1.73e-01 6.89e+03  -0.8 3.73e-03   5.8 2.81e-01 5.11e-01f  1
 297r 1.2967474e+02 1.73e-01 6.23e+03  -0.8 4.82e-03   5.4 1.43e-01 1.00e+00h  1
 298r 1.2968109e+02 1.73e-01 3.51e+03  -0.8 3.06e-03   4.9 1.00e+00 4.75e-01f  1
 299r 1.2971370e+02 1.72e-01 1.66e+03  -0.8 2.65e-03   4.4 1.00e+00 8.23e-01f  1
iter    objective    inf_pr   inf_du lg(mu)  ||d||  lg(rg) alpha_du alpha_pr  ls
 300r 1.2982780e+02 1.71e-01 2.48e+03  -0.8 5.45e-03   3.9 1.00e+00 1.00e+00f  1
 301r 1.2983310e+02 1.71e-01 1.13e+03  -0.8 4.68e-04   5.3 1.00e+00 1.00e+00f  1
 302r 1.2984918e+02 1.70e-01 2.13e+02  -0.8 8.93e-04   4.8 1.00e+00 1.00e+00f  1
 303r 1.2989657e+02 1.70e-01 1.14e+03  -0.8 2.30e-03   4.3 1.00e+00 1.00e+00f  1
 304r 1.3003504e+02 1.68e-01 9.34e+02  -0.8 6.93e-03   3.8 1.00e+00 1.00e+00f  1
 305r 1.3042537e+02 1.62e-01 3.33e+02  -0.8 2.12e-02   3.3 1.00e+00 1.00e+00f  1
 306r 1.3055999e+02 1.59e-01 1.40e+03  -0.8 8.09e-02   2.9 2.55e-01 1.35e-01f  1
 307r 1.3091426e+02 1.52e-01 2.81e+02  -0.8 2.51e-02   3.3 1.00e+00 8.91e-01f  1
 308r 1.3105707e+02 1.48e-01 8.27e+01  -0.8 9.65e-03   3.7 1.00e+00 1.00e+00f  1
 309  1.2419496e+02 6.85e-01 9.17e+02  -1.0 2.37e+00    -  8.58e-02 1.03e-01f  1
iter    objective    inf_pr   inf_du lg(mu)  ||d||  lg(rg) alpha_du alpha_pr  ls
 310  1.2432384e+02 6.48e-01 2.96e+14  -1.0 1.60e-01  14.3 9.40e-01 6.34e-02h  1
 311  1.2442644e+02 6.20e-01 1.01e+16  -1.0 1.74e-01  15.6 6.45e-04 5.19e-02h  1
 312  1.2450984e+02 5.96e-01 7.01e+16  -1.0 2.15e-01  16.9 1.22e-03 4.41e-02h  1
 313  1.2462216e+02 8.45e-01 8.54e+18  -1.0 1.23e+00  17.4 1.58e-04 6.76e-02h  1
 314  1.2462803e+02 8.38e-01 8.51e+18  -1.0 2.76e-01  18.7 4.58e-02 3.59e-03h  1
 315  1.2470605e+02 7.51e-01 8.07e+18  -1.0 5.04e-01  18.2 1.22e-05 4.90e-02h  1
 316  1.2470749e+02 7.49e-01 8.06e+18  -1.0 1.39e-01  18.7 9.13e-02 8.69e-04h  1
 317r 1.2470749e+02 7.49e-01 9.99e+02   0.2 0.00e+00  19.1 0.00e+00 4.94e-07R  5
 318r 1.2448891e+02 3.38e-01 9.98e+02   0.2 1.43e+03    -  8.66e-04 1.19e-03f  1
 319  1.2445754e+02 3.37e-01 3.20e+02  -1.0 2.24e+01    -  5.14e-02 2.74e-03f  1
iter    objective    inf_pr   inf_du lg(mu)  ||d||  lg(rg) alpha_du alpha_pr  ls
 320  1.1802866e+02 1.72e+00 6.12e+03  -1.0 4.60e+00    -  6.18e-02 2.80e-01f  1
 321  1.1802867e+02 1.72e+00 6.96e+11  -1.0 5.24e-07  18.1 9.96e-01 1.00e+00h  1
 322  1.1829997e+02 1.27e+00 1.04e+18  -1.0 1.20e-01  17.6 2.37e-03 1.68e-01h  1
 323  1.1830302e+02 1.27e+00 1.04e+18  -1.0 7.19e-02  19.0 1.85e-01 2.30e-03h  1
 324  1.1830305e+02 1.27e+00 1.04e+18  -1.0 8.22e-02  18.5 2.75e-01 2.11e-05h  1
 325r 1.1830305e+02 1.27e+00 1.00e+03   0.4 0.00e+00  18.9 0.00e+00 1.13e-07R  2
 326r 1.1814037e+02 3.60e-01 9.99e+02   0.4 1.70e+03    -  6.46e-04 1.32e-03f  1
 327  1.1486205e+02 1.55e+00 1.39e+03  -1.0 2.92e+00    -  1.37e-01 2.40e-01f  1
 328  1.1486206e+02 1.55e+00 6.55e+11  -1.0 7.01e-07  18.0 9.96e-01 1.00e+00h  1
 329  1.1537062e+02 2.72e-01 1.03e+19  -1.0 1.08e-01  17.5 1.54e-02 5.66e-01h  1
iter    objective    inf_pr   inf_du lg(mu)  ||d||  lg(rg) alpha_du alpha_pr  ls
 330  1.1542498e+02 9.64e-02 1.25e+19  -1.0 9.71e-02  18.8 2.05e-01 1.69e-01h  1
 331  1.1545825e+02 8.05e-02 6.63e+19  -1.0 1.00e-01  19.2 7.39e-03 1.71e-01h  1
WARNING: Problem in step computation; switching to emergency mode.
 332r 1.1545825e+02 8.05e-02 9.99e+02  -0.1 0.00e+00  20.0 0.00e+00 0.00e+00R  1
 333r 1.1538805e+02 9.17e-02 9.97e+02  -0.1 7.08e+02    -  1.71e-03 1.12e-03f  1
 334  1.1337102e+02 6.15e-01 1.59e+03  -1.0 2.00e+00    -  1.07e-01 2.30e-01f  1
 335  1.1343217e+02 2.30e-02 1.99e+05  -1.0 6.05e-02   4.0 9.96e-01 1.00e+00f  1
 336  1.1341035e+02 1.79e-02 2.12e+05  -1.0 8.71e-02   4.4 2.22e-01 2.26e-01h  1
 337  1.1338723e+02 1.68e-02 5.26e+06  -1.0 1.06e-01   4.9 2.90e-02 6.23e-02H  1
 338  1.1336373e+02 9.45e-03 3.12e+06  -1.0 3.74e-02   5.3 3.80e-01 4.47e-01h  1
 339  1.1331664e+02 2.17e-02 4.49e+07  -1.0 7.96e-02   5.7 1.32e-01 9.98e-01h  1
iter    objective    inf_pr   inf_du lg(mu)  ||d||  lg(rg) alpha_du alpha_pr  ls
 340  1.1328559e+02 6.42e-03 2.82e+07  -1.0 3.27e-02   7.0 4.78e-01 1.00e+00h  1
 341  1.1328050e+02 6.09e-04 2.50e+07  -1.0 1.25e-02   7.5 3.05e-01 1.00e+00h  1
 342  1.1328032e+02 2.36e-05 2.71e+06  -1.0 4.46e-03   7.0 1.00e+00 1.00e+00h  1
 343  1.1328035e+02 5.44e-08 1.74e+04  -1.0 1.12e-04   6.5 1.00e+00 1.00e+00h  1
 344  1.1328043e+02 2.61e-10 1.59e+01  -1.0 6.65e-06   6.0 1.00e+00 1.00e+00f  1
 345  1.1328041e+02 9.92e-11 1.42e+00  -1.7 4.01e-06   5.6 1.00e+00 1.00e+00f  1
 346  1.1328019e+02 8.22e-11 3.31e-01  -2.5 2.79e-06   5.1 1.00e+00 1.00e+00h  1
 347  1.1327953e+02 7.38e-10 3.31e-01  -2.5 8.38e-06   4.6 1.00e+00 1.00e+00f  1
 348  1.1327755e+02 6.79e-09 3.30e-01  -2.5 2.51e-05   4.1 1.00e+00 1.00e+00f  1
 349  1.1327160e+02 6.53e-08 3.29e-01  -2.5 7.49e-05   3.6 1.00e+00 1.00e+00f  1
iter    objective    inf_pr   inf_du lg(mu)  ||d||  lg(rg) alpha_du alpha_pr  ls
 350  1.1325375e+02 7.18e-07 3.56e-01  -2.5 2.44e-04   3.2 1.00e+00 1.00e+00f  1
 351  1.1320019e+02 1.18e-05 3.88e+00  -2.5 1.00e-03   2.7 1.00e+00 1.00e+00f  1
 352  1.1304142e+02 9.48e-05 6.49e+01  -2.5 3.33e-03   2.2 1.00e+00 1.00e+00f  1
 353  1.1298528e+02 5.86e-06 2.98e+00  -2.5 1.46e-03   2.6 1.00e+00 1.00e+00h  1
 354  1.1281455e+02 1.92e-05 7.06e+00  -2.5 1.82e-03   2.2 1.00e+00 1.00e+00f  1
 355  1.1275006e+02 3.34e-05 8.89e+00  -2.5 2.13e-03   2.6 1.00e+00 1.00e+00h  1
 356  1.1256130e+02 5.46e-05 1.37e+02  -2.5 6.67e-03   2.1 1.00e+00 1.00e+00f  1
 357  1.1201247e+02 4.62e-04 1.48e+02  -2.5 1.56e-02   1.6 1.00e+00 1.00e+00f  1
 358  1.1182127e+02 3.41e-04 5.43e+01  -2.5 5.74e-03   2.1 1.00e+00 1.00e+00h  1
 359  1.1173669e+02 1.06e-03 3.35e+02  -2.5 9.71e-03   2.5 1.00e+00 1.00e+00h  1
iter    objective    inf_pr   inf_du lg(mu)  ||d||  lg(rg) alpha_du alpha_pr  ls
 360  1.1171524e+02 3.42e-04 2.48e+02  -2.5 5.61e-03   2.9 1.00e+00 1.00e+00h  1
 361  1.1163445e+02 4.84e-05 2.26e+01  -2.5 7.30e-03   2.4 1.00e+00 1.00e+00h  1
 362  1.1138883e+02 2.60e-05 2.66e+01  -2.5 2.49e-03   2.0 1.00e+00 1.00e+00f  1
 363  1.1066740e+02 1.43e-03 1.86e+01  -2.5 7.44e-03   1.5 1.00e+00 1.00e+00f  1
 364  1.1040982e+02 4.03e-04 3.83e+01  -2.5 4.16e-03   1.9 1.00e+00 1.00e+00h  1
 365  1.1031899e+02 8.59e-05 7.46e+01  -2.5 3.59e-03   2.3 1.00e+00 1.00e+00h  1
 366  1.1003123e+02 1.81e-04 1.42e+01  -2.5 3.03e-03   1.9 1.00e+00 1.00e+00f  1
 367  1.0992551e+02 1.49e-05 1.30e+01  -2.5 2.16e-03   2.3 1.00e+00 1.00e+00h  1
 368  1.0960716e+02 4.92e-04 2.42e+01  -2.5 5.01e-03   1.8 1.00e+00 1.00e+00f  1
 369  1.0949332e+02 1.46e-04 5.46e+01  -2.5 2.66e-03   2.2 1.00e+00 1.00e+00h  1
iter    objective    inf_pr   inf_du lg(mu)  ||d||  lg(rg) alpha_du alpha_pr  ls
 370  1.0945021e+02 1.53e-05 2.04e+01  -2.5 2.89e-03   2.7 1.00e+00 1.00e+00h  1
 371  1.0932133e+02 7.20e-06 1.08e+01  -2.5 1.23e-03   2.2 1.00e+00 1.00e+00f  1
 372  1.0894224e+02 1.30e-04 3.11e+00  -2.5 3.37e-03   1.7 1.00e+00 1.00e+00f  1
 373  1.0788401e+02 4.88e-04 3.43e+00  -2.5 8.24e-03   1.2 1.00e+00 1.00e+00f  1
 374  1.0519301e+02 3.66e-03 4.11e+00  -2.5 1.76e-02   0.7 1.00e+00 1.00e+00f  1
 375  1.0426866e+02 6.22e-04 6.32e-01  -2.5 6.66e-03   1.2 1.00e+00 1.00e+00h  1
 376  1.0393001e+02 7.63e-05 3.33e-01  -2.5 2.41e-03   1.6 1.00e+00 1.00e+00h  1
 377  1.0297245e+02 5.85e-04 7.79e+01  -2.5 1.60e-02   1.1 1.00e+00 1.00e+00f  1
 378  1.0262394e+02 1.41e-04 3.44e+01  -2.5 7.90e-03   1.5 1.00e+00 1.00e+00h  1
 379  1.0248610e+02 2.46e-03 3.96e+02  -2.5 1.73e-02   2.0 9.46e-01 1.00e+00h  1
iter    objective    inf_pr   inf_du lg(mu)  ||d||  lg(rg) alpha_du alpha_pr  ls
 380  1.0211420e+02 6.67e-04 5.05e+01  -2.5 9.18e-03   1.5 1.00e+00 1.00e+00h  1
 381  1.0106401e+02 8.28e-04 7.77e+00  -2.5 1.38e-02   1.0 1.00e+00 1.00e+00f  1
 382  1.0084025e+02 9.68e-03 4.35e+03  -2.5 5.64e-02   1.4 1.00e+00 5.12e-01h  1
 383  9.9790090e+01 3.15e-03 1.58e+04  -2.5 3.82e-02   1.0 3.16e-02 1.00e+00f  1
 384  9.7161589e+01 6.74e-03 3.57e+03  -2.5 2.59e-02   0.5 7.89e-01 1.00e+00f  1
 385  9.7159490e+01 6.73e-03 3.93e+03  -2.5 6.87e+00   0.9 3.73e-02 4.34e-04h  2
 386  9.6713274e+01 1.94e-02 4.62e+03  -2.5 3.75e-01   0.4 3.53e-01 1.63e-01h  1
 387  9.1150061e+01 7.35e-02 2.00e+04  -2.5 2.90e-01  -0.0 2.86e-01 1.00e+00f  1
 388  9.0929014e+01 1.54e-02 5.35e+03  -2.5 9.04e-02   1.3 1.00e+00 9.50e-01h  1
 389  9.0188868e+01 3.68e-02 5.61e+03  -2.5 1.39e-01   0.8 9.78e-01 1.00e+00h  1
iter    objective    inf_pr   inf_du lg(mu)  ||d||  lg(rg) alpha_du alpha_pr  ls
 390  9.0116101e+01 2.96e-02 1.88e+04  -2.5 3.43e-01   1.2 3.73e-02 2.54e-01h  1
 391  9.0077956e+01 4.82e-02 1.86e+05  -2.5 7.42e-01   2.6 2.30e-01 7.80e-02h  1
 392  9.0022675e+01 3.21e-02 1.11e+05  -2.5 2.96e-01   2.1 2.19e-01 6.86e-01f  1
 393  9.0017222e+01 3.25e-02 1.15e+05  -2.5 3.24e-01   4.3 9.08e-01 2.63e-02h  2
 394  9.0035716e+01 6.00e-02 4.83e+06  -2.5 4.86e-01   3.8 1.55e-02 2.18e-01h  2
 395  8.9971610e+01 6.23e-02 2.73e+06  -2.5 1.27e-01   3.4 3.39e-01 1.00e+00h  1
 396  8.9961846e+01 6.47e-02 2.73e+06  -2.5 8.93e+00   3.8 7.79e-03 1.19e-02h  2
 397  8.9992821e+01 9.98e-02 2.63e+08  -2.5 9.56e-01   6.0 2.31e-03 7.24e-02h  3
 398  8.9965621e+01 6.04e-02 2.84e+08  -2.5 1.23e-01   6.5 1.90e-04 1.00e+00f  1
 399  8.9992623e+01 2.32e-02 5.76e+08  -2.5 2.07e-01   6.9 2.90e-01 1.00e+00h  1
iter    objective    inf_pr   inf_du lg(mu)  ||d||  lg(rg) alpha_du alpha_pr  ls
 400  8.9993532e+01 6.59e-04 9.77e+07  -2.5 1.81e-01   6.4 1.00e+00 1.00e+00h  1
 401  8.9992831e+01 1.05e-04 3.79e+06  -2.5 5.45e-03   6.8 1.00e+00 1.00e+00h  1
 402  8.9992887e+01 3.14e-08 3.16e+04  -2.5 1.48e-03   6.4 1.00e+00 1.00e+00h  1
 403  8.9992881e+01 3.56e-13 3.19e+00  -2.5 3.02e-07   5.9 1.00e+00 1.00e+00h  1
 404  8.9992865e+01 4.27e-13 5.89e-02  -2.5 2.37e-07   5.4 1.00e+00 1.00e+00f  1
 405  8.9992815e+01 3.87e-12 5.89e-02  -2.5 7.10e-07   4.9 1.00e+00 1.00e+00f  1
 406  8.9992665e+01 3.49e-11 5.89e-02  -2.5 2.13e-06   4.4 1.00e+00 1.00e+00f  1
 407  8.9992215e+01 3.14e-10 5.89e-02  -2.5 6.39e-06   4.0 1.00e+00 1.00e+00f  1
 408  8.9990867e+01 2.82e-09 5.89e-02  -2.5 1.92e-05   3.5 1.00e+00 1.00e+00f  1
 409  8.9986822e+01 2.54e-08 5.89e-02  -2.5 5.75e-05   3.0 1.00e+00 1.00e+00f  1
iter    objective    inf_pr   inf_du lg(mu)  ||d||  lg(rg) alpha_du alpha_pr  ls
 410  8.9974698e+01 2.28e-07 5.88e-02  -2.5 1.72e-04   2.5 1.00e+00 1.00e+00f  1
 411  8.9938423e+01 2.07e-06 5.86e-02  -2.5 5.15e-04   2.1 1.00e+00 1.00e+00f  1
 412  8.9830446e+01 2.13e-05 5.81e-02  -2.5 1.53e-03   1.6 1.00e+00 1.00e+00f  1
 413  8.9514041e+01 2.83e-04 1.20e+00  -2.5 4.79e-03   1.1 1.00e+00 1.00e+00f  1
 414  8.8631576e+01 1.47e-03 2.90e+01  -2.5 1.95e-02   0.6 1.00e+00 1.00e+00f  1
 415  8.8590420e+01 7.56e-05 1.15e+02  -2.5 9.60e-03   2.0 1.00e+00 1.00e+00h  1
 416  8.8469939e+01 2.51e-05 1.63e+01  -2.5 3.47e-03   1.5 1.00e+00 1.00e+00f  1
 417  8.8120013e+01 1.02e-03 1.41e+02  -2.5 1.68e-02   1.0 1.00e+00 1.00e+00f  1
 418  8.7142088e+01 2.40e-03 4.37e+01  -2.5 1.73e-02   0.5 1.00e+00 1.00e+00f  1
 419  8.6792956e+01 3.67e-03 1.30e+02  -2.5 1.75e-02   0.9 9.40e-01 1.00e+00h  1
iter    objective    inf_pr   inf_du lg(mu)  ||d||  lg(rg) alpha_du alpha_pr  ls
 420  8.6662171e+01 2.14e-03 2.34e+01  -2.5 1.26e-02   1.4 1.00e+00 1.00e+00h  1
 421  8.6612795e+01 1.90e-03 7.72e+02  -2.5 3.09e-02   1.8 1.00e+00 1.00e+00h  1
 422  8.6471975e+01 8.24e-05 1.31e+02  -2.5 2.64e-02   1.3 1.00e+00 1.00e+00h  1
 423  8.6058405e+01 5.62e-04 3.42e+00  -2.5 1.35e-02   0.8 1.00e+00 1.00e+00f  1
 424  8.5905161e+01 4.69e-04 8.10e+00  -2.5 5.86e-03   1.3 1.00e+00 1.00e+00h  1
 425  8.5467830e+01 6.93e-04 1.12e+01  -2.5 1.52e-02   0.8 1.00e+00 1.00e+00f  1
 426  8.4293505e+01 3.21e-03 3.34e+00  -2.5 2.71e-02   0.3 1.00e+00 1.00e+00f  1
 427  8.4239685e+01 9.69e-05 2.54e+01  -2.5 7.47e-03   1.6 1.00e+00 1.00e+00h  1
 428  8.4080707e+01 6.08e-05 1.91e+00  -2.5 4.01e-03   1.2 1.00e+00 1.00e+00f  1
 429  8.3624262e+01 5.25e-04 1.04e+00  -2.5 1.10e-02   0.7 1.00e+00 1.00e+00f  1
iter    objective    inf_pr   inf_du lg(mu)  ||d||  lg(rg) alpha_du alpha_pr  ls
 430  8.2702221e+01 1.86e-02 1.09e+03  -2.5 4.01e-02   0.2 1.00e+00 7.51e-01f  1
 431  8.2259999e+01 2.89e-03 2.30e+03  -2.5 1.08e-02   0.6 1.72e-01 1.00e+00h  1
 432  8.2097452e+01 1.05e-03 2.70e+00  -2.5 7.13e-03   1.1 1.00e+00 1.00e+00h  1
 433  8.1612111e+01 1.93e-02 4.99e+01  -2.5 3.86e-02   0.6 1.00e+00 1.00e+00f  1
 434  8.1453621e+01 4.20e-03 3.49e+01  -2.5 1.29e-02   1.0 1.00e+00 1.00e+00h  1
 435  8.0975763e+01 8.43e-04 7.55e+00  -2.5 1.70e-02   0.5 1.00e+00 1.00e+00f  1
 436  7.9708503e+01 2.26e-02 5.08e+02  -2.5 6.89e-02   0.1 8.74e-01 1.00e+00f  1
 437  7.9244842e+01 5.61e-03 1.07e+01  -2.5 1.55e-02   0.5 1.00e+00 1.00e+00h  1
 438  7.9077424e+01 4.17e-04 1.89e+00  -2.5 7.84e-03   0.9 1.00e+00 1.00e+00h  1
 439  7.8608117e+01 8.87e-04 2.22e+00  -2.5 1.26e-02   0.4 1.00e+00 1.00e+00f  1
iter    objective    inf_pr   inf_du lg(mu)  ||d||  lg(rg) alpha_du alpha_pr  ls
 440  7.8437816e+01 1.56e-04 4.25e+00  -2.5 5.58e-03   0.9 1.00e+00 1.00e+00h  1
 441  7.7951083e+01 1.80e-03 4.88e-01  -2.5 1.49e-02   0.4 1.00e+00 1.00e+00f  1
 442  7.6687271e+01 1.40e-02 1.94e+01  -2.5 4.58e-02  -0.1 1.00e+00 1.00e+00f  1
 443  7.6130020e+01 4.77e-02 4.83e+03  -2.5 6.71e-01  -0.6 8.31e-01 1.96e-01f  1
 444  7.1076305e+01 1.75e-01 5.16e+03  -2.5 2.16e-01  -1.0 5.40e-01 1.00e+00f  1
 445  7.1027653e+01 1.30e-01 2.79e+03  -2.5 1.33e-01   0.3 4.25e-01 2.56e-01h  1
 446  7.0944986e+01 3.55e-02 1.68e+03  -2.5 7.70e-02   0.7 1.17e-01 1.00e+00h  1
 447  7.0949226e+01 1.02e-01 2.34e+03  -2.5 1.04e-01   1.1 1.79e-01 1.00e+00h  1
 448  7.0931791e+01 3.01e-02 8.36e+02  -2.5 4.77e-02   1.6 1.00e+00 1.00e+00h  1
 449  7.0901715e+01 4.21e-03 1.29e+02  -2.5 5.39e-02   1.1 1.00e+00 1.00e+00h  1
iter    objective    inf_pr   inf_du lg(mu)  ||d||  lg(rg) alpha_du alpha_pr  ls
 450  7.0816418e+01 1.13e-03 1.58e+01  -2.5 1.78e-02   0.6 1.00e+00 1.00e+00h  1
 451  7.0812696e+01 1.47e-04 3.23e+02  -2.5 3.13e-02   1.9 8.04e-01 1.00e+00h  1
 452  7.0800802e+01 3.53e-06 1.61e+00  -2.5 4.81e-03   1.5 1.00e+00 1.00e+00h  1
 453  7.0765148e+01 4.70e-05 5.11e+00  -2.5 5.32e-03   1.0 1.00e+00 1.00e+00f  1
 454  7.0658908e+01 2.50e-04 4.22e+00  -2.5 2.11e-02   0.5 1.00e+00 1.00e+00f  1
 455  7.0354719e+01 1.45e-03 2.59e+00  -2.5 3.49e-02   0.0 1.00e+00 1.00e+00f  1
 456  7.0340446e+01 4.36e-05 1.25e+00  -2.5 2.43e-03   1.4 1.00e+00 1.00e+00h  1
 457  7.0316769e+01 8.38e-02 3.78e+03  -2.5 1.43e-01   0.9 2.35e-01 5.30e-01f  1
 458  7.0194874e+01 1.47e-02 2.23e+02  -2.5 4.70e-02   0.4 1.00e+00 1.00e+00h  1
 459  6.9854074e+01 4.84e-03 2.27e+02  -2.5 3.46e-02  -0.1 7.84e-01 1.00e+00h  1
iter    objective    inf_pr   inf_du lg(mu)  ||d||  lg(rg) alpha_du alpha_pr  ls
 460  6.9733599e+01 8.74e-04 9.46e+01  -2.5 2.34e-02   0.4 9.18e-01 1.00e+00h  1
 461  6.9402964e+01 1.15e-02 1.28e+02  -2.5 3.95e-02  -0.1 9.56e-01 1.00e+00f  1
 462  6.9286431e+01 3.41e-03 1.62e+01  -2.5 2.15e-02   0.3 1.00e+00 1.00e+00h  1
 463  6.9243796e+01 4.05e-04 5.49e+00  -2.5 1.30e-02   0.7 1.00e+00 1.00e+00h  1
 464  6.9124784e+01 2.81e-03 4.18e+00  -2.5 2.57e-02   0.2 1.00e+00 1.00e+00f  1
 465  6.8783283e+01 4.53e-03 3.33e+00  -2.5 4.84e-02  -0.2 1.00e+00 1.00e+00f  1
 466  6.8668264e+01 4.62e-04 3.68e+00  -2.5 2.54e-02   0.2 1.00e+00 1.00e+00h  1
 467  6.8356720e+01 5.66e-03 1.41e+00  -2.5 4.34e-02  -0.3 1.00e+00 1.00e+00f  1
 468  6.8249583e+01 4.26e-04 2.05e-01  -2.5 2.05e-02   0.1 1.00e+00 1.00e+00h  1
 469  6.8210203e+01 6.45e-05 3.27e-01  -2.5 5.91e-03   0.6 1.00e+00 1.00e+00h  1
iter    objective    inf_pr   inf_du lg(mu)  ||d||  lg(rg) alpha_du alpha_pr  ls
 470  6.8099096e+01 5.15e-04 1.07e+00  -2.5 1.64e-02   0.1 1.00e+00 1.00e+00f  1
 471  6.8068101e+01 5.61e-03 2.04e+01  -2.5 1.45e-02   0.5 1.00e+00 1.00e+00h  1
 472  6.7943680e+01 9.31e-04 1.93e+00  -2.5 2.02e-02   0.0 1.00e+00 1.00e+00h  1
 473  6.7663268e+01 5.00e-02 3.15e+02  -2.5 6.90e-02  -0.4 8.72e-01 1.00e+00f  1
 474  6.7031420e+01 3.14e-02 2.36e+01  -2.5 1.79e-01  -0.9 1.00e+00 1.00e+00h  1
 475  6.6840274e+01 2.57e-02 2.56e+01  -2.5 5.11e-02  -0.5 1.00e+00 1.00e+00h  1
 476  6.6764739e+01 2.70e-02 2.92e+03  -2.5 4.58e-01  -1.0 1.00e+00 1.70e-01h  1
 477  6.6650909e+01 7.26e-01 5.74e+03  -2.5 1.41e+00  -0.5 1.93e-01 3.79e-01h  1
 478  6.6633021e+01 5.07e-01 5.47e+03  -2.5 1.82e-01   0.8 7.98e-01 1.31e-01h  2
 479  6.6636290e+01 2.85e-02 1.43e+03  -2.5 2.59e-01   0.3 7.87e-01 1.00e+00h  1
iter    objective    inf_pr   inf_du lg(mu)  ||d||  lg(rg) alpha_du alpha_pr  ls
 480  6.6630032e+01 3.44e-02 1.41e+03  -2.5 3.51e-01   1.6 4.09e-02 7.88e-02h  2
 481  6.6644577e+01 2.44e-02 2.82e+03  -2.5 2.62e-01   1.2 1.82e-01 1.00e+00h  1
 482  6.6645533e+01 3.52e-03 1.09e+03  -2.5 2.99e-01   0.7 5.30e-01 1.00e+00h  1
 483  6.6618522e+01 5.04e-05 2.98e+01  -2.5 2.64e-02   0.2 1.00e+00 1.00e+00h  1
 484  6.6541554e+01 4.21e-04 2.30e+00  -2.5 1.51e-02  -0.3 1.00e+00 1.00e+00h  1
 485  6.6346896e+01 3.09e-03 8.46e-01  -2.5 5.25e-02  -0.7 1.00e+00 1.00e+00h  1
 486  6.6279421e+01 8.85e-04 7.49e-01  -2.5 2.56e-02  -0.3 1.00e+00 1.00e+00h  1
 487  6.6256920e+01 2.05e-03 4.52e+00  -2.5 1.26e-02   0.1 1.00e+00 1.00e+00h  1
 488  6.6188523e+01 4.58e-04 1.03e-01  -2.5 3.03e-02  -0.4 1.00e+00 1.00e+00h  1
 489  6.6174093e+01 1.52e-03 1.45e+03  -2.5 1.05e+00  -0.8 1.83e-01 8.37e-02h  1
iter    objective    inf_pr   inf_du lg(mu)  ||d||  lg(rg) alpha_du alpha_pr  ls
 490  6.6157442e+01 2.67e-03 4.76e+01  -2.5 2.70e-02   0.5 1.00e+00 1.00e+00h  1
 491  6.6160240e+01 1.12e-03 1.18e+01  -2.5 9.52e-03   0.9 1.00e+00 1.00e+00h  1
 492  6.6166439e+01 1.19e-03 1.57e+03  -2.5 3.19e-02   2.2 6.69e-01 1.00e+00h  1
 493  6.6164896e+01 4.13e-05 2.04e+02  -2.5 2.17e-02   1.8 1.00e+00 1.00e+00h  1
 494  6.6163468e+01 6.27e-07 7.35e+00  -2.5 2.17e-03   1.3 1.00e+00 1.00e+00h  1
 495  6.6160172e+01 5.89e-05 1.57e+00  -2.5 1.02e-02   0.8 1.00e+00 1.00e+00h  1
 496  6.6158794e+01 3.89e-06 1.28e-01  -2.5 3.55e-03   1.2 1.00e+00 1.00e+00h  1
 497  6.6157609e+01 5.39e-04 2.00e+01  -2.5 1.87e-02   0.8 1.00e+00 1.00e+00h  1
 498  6.6153328e+01 5.85e-04 2.89e+02  -2.5 1.07e-02   1.2 1.00e+00 5.00e-01h  2
 499  6.6159580e+01 1.42e-03 8.01e+01  -2.5 1.12e-02   1.6 1.00e+00 1.00e+00h  1
iter    objective    inf_pr   inf_du lg(mu)  ||d||  lg(rg) alpha_du alpha_pr  ls
 500  6.6153904e+01 3.02e-04 7.60e+00  -2.5 1.14e-02   1.1 1.00e+00 1.00e+00h  1
 501  6.6147767e+01 3.63e-05 4.62e+00  -2.5 1.33e-02   0.7 1.00e+00 1.00e+00h  1
 502  6.6129933e+01 5.76e-04 6.90e-01  -2.5 2.93e-02   0.2 1.00e+00 1.00e+00h  1
 503  6.6074470e+01 3.64e-04 3.79e-01  -2.5 5.87e-02  -0.3 1.00e+00 1.00e+00h  1
 504  6.5939646e+01 2.28e-03 1.16e+00  -2.5 9.94e-02  -0.8 1.00e+00 1.00e+00h  1
 505  6.5922506e+01 4.07e-03 9.56e+02  -2.5 2.89e-01  -0.3 5.94e-01 3.43e-01h  1
 506  6.5799706e+01 4.82e-03 4.27e+00  -2.5 8.95e-02  -0.8 1.00e+00 1.00e+00h  1
 507  6.5799396e+01 5.49e-03 4.13e+02  -2.5 2.52e-02   1.4 9.39e-01 1.00e+00h  1
 508  6.5797299e+01 1.12e-03 5.43e+01  -2.5 4.48e-02   0.9 1.00e+00 1.00e+00h  1
 509  6.5791350e+01 4.69e-04 4.67e+00  -2.5 2.17e-02   0.5 1.00e+00 1.00e+00h  1
iter    objective    inf_pr   inf_du lg(mu)  ||d||  lg(rg) alpha_du alpha_pr  ls
 510  6.5773616e+01 6.35e-04 7.09e+00  -2.5 4.90e-02  -0.0 1.00e+00 1.00e+00h  1
 511  6.5766972e+01 1.46e-05 3.27e-01  -2.5 1.35e-02   0.4 1.00e+00 1.00e+00h  1
 512  6.5747461e+01 5.12e-04 1.31e+01  -2.5 4.31e-02  -0.1 1.00e+00 1.00e+00h  1
 513  6.5743366e+01 7.86e-04 1.17e+02  -2.5 1.80e-02   1.3 1.00e+00 1.00e+00h  1
 514  6.5742266e+01 5.85e-05 2.10e+01  -2.5 1.76e-02   0.8 1.00e+00 1.00e+00h  1
 515  6.5741855e+01 1.11e-05 2.74e+00  -2.5 2.36e-03   1.2 1.00e+00 1.00e+00h  1
 516  6.5741784e+01 4.54e-06 1.78e-01  -2.5 8.92e-04   1.6 1.00e+00 1.00e+00h  1
 517  6.5742830e+01 3.54e-04 1.63e+01  -2.5 8.53e-03   1.2 1.00e+00 1.00e+00h  1
 518  6.5741244e+01 9.10e-05 2.77e+01  -2.5 4.46e-03   1.6 1.00e+00 1.00e+00h  1
 519  6.5741152e+01 5.64e-05 6.14e+00  -2.5 5.41e-03   1.1 1.00e+00 1.00e+00h  1
iter    objective    inf_pr   inf_du lg(mu)  ||d||  lg(rg) alpha_du alpha_pr  ls
 520  6.5742638e+01 1.68e-04 1.36e+01  -2.5 5.27e-03   1.5 1.00e+00 1.00e+00h  1
 521  6.5741734e+01 4.98e-05 3.28e+00  -2.5 9.90e-03   1.0 1.00e+00 1.00e+00h  1
 522  6.5737215e+01 1.47e-04 5.35e+00  -2.5 1.56e-02   0.6 1.00e+00 1.00e+00h  1
 523  6.5721951e+01 3.68e-04 2.60e+00  -2.5 3.69e-02   0.1 1.00e+00 1.00e+00h  1
 524  6.5682263e+01 4.50e-04 1.71e+00  -2.5 6.12e-02  -0.4 1.00e+00 1.00e+00h  1
 525  6.5589706e+01 2.10e-03 6.80e-01  -2.5 1.08e-01  -0.9 1.00e+00 1.00e+00h  1
 526  6.5556383e+01 3.02e-04 1.96e-01  -2.5 4.33e-02  -0.4 1.00e+00 1.00e+00h  1
 527  6.5544561e+01 3.94e-05 1.60e-01  -2.5 1.51e-02  -0.0 1.00e+00 1.00e+00h  1
 528  6.5540205e+01 5.36e-06 7.44e-02  -2.5 5.55e-03   0.4 1.00e+00 1.00e+00h  1
 529  6.5527470e+01 5.66e-04 1.16e+01  -2.5 3.96e-02  -0.1 1.00e+00 1.00e+00h  1
iter    objective    inf_pr   inf_du lg(mu)  ||d||  lg(rg) alpha_du alpha_pr  ls
 530  6.5524467e+01 4.15e-04 8.64e+01  -2.5 1.87e-02   1.3 1.00e+00 1.00e+00h  1
 531  6.5523479e+01 1.62e-05 1.27e+01  -2.5 1.13e-02   0.8 1.00e+00 1.00e+00h  1
 532  6.5518769e+01 3.29e-05 5.54e+00  -2.5 6.36e-03   0.3 1.00e+00 1.00e+00h  1
 533  6.5518944e+01 1.06e-05 3.35e-01  -2.5 1.24e-03   1.6 1.00e+00 1.00e+00h  1
 534  6.5519890e+01 2.21e-04 5.72e+00  -2.5 5.72e-03   1.2 1.00e+00 1.00e+00h  1
 535  6.5537424e+01 3.52e-02 1.51e+03  -2.5 1.62e-01   0.7 4.00e-01 1.00e+00h  1
 536  6.5511870e+01 7.82e-03 1.71e+02  -2.5 1.23e-01   0.2 1.00e+00 1.00e+00h  1
 537  6.5488974e+01 2.02e-04 7.54e+00  -2.5 3.54e-02  -0.3 1.00e+00 1.00e+00h  1
 538  6.5484333e+01 6.70e-04 1.47e+01  -2.5 3.39e-02   0.2 1.00e+00 1.00e+00h  1
 539  6.5479459e+01 6.15e-04 1.29e+02  -2.5 1.46e-02   1.5 1.00e+00 1.00e+00h  1
iter    objective    inf_pr   inf_du lg(mu)  ||d||  lg(rg) alpha_du alpha_pr  ls
 540  6.5479485e+01 3.48e-05 1.99e+01  -2.5 1.46e-02   1.0 1.00e+00 1.00e+00h  1
 541  6.5476992e+01 1.35e-05 6.61e+00  -2.5 3.36e-03   0.5 1.00e+00 1.00e+00h  1
 542  6.5478655e+01 2.86e-04 1.03e+01  -2.5 6.81e-03   1.0 1.00e+00 1.00e+00h  1
 543  6.5477243e+01 2.49e-05 1.05e+01  -2.5 6.58e-03   1.4 1.00e+00 1.00e+00h  1
 544  6.5476750e+01 3.46e-05 7.60e+00  -2.5 3.33e-03   0.9 1.00e+00 1.00e+00h  1
 545  6.5477421e+01 1.39e-03 1.94e+01  -2.5 2.98e-02   0.4 1.00e+00 1.00e+00h  1
 546  6.5463516e+01 1.50e-04 3.21e+00  -2.5 4.14e-02  -0.0 1.00e+00 1.00e+00h  1
 547  6.5464953e+01 1.28e-04 3.34e+00  -2.5 4.06e-03   1.3 1.00e+00 1.00e+00h  1
 548  6.5478535e+01 8.72e-03 5.47e+01  -2.5 3.36e-02   0.8 1.00e+00 1.00e+00h  1
 549  6.5461732e+01 2.03e-03 5.40e+00  -2.5 2.68e-02   0.3 1.00e+00 1.00e+00h  1
iter    objective    inf_pr   inf_du lg(mu)  ||d||  lg(rg) alpha_du alpha_pr  ls
 550  6.5457176e+01 7.39e-04 9.16e+00  -2.5 1.04e-02   0.8 1.00e+00 1.00e+00h  1
 551  6.5456134e+01 2.09e-04 1.97e+01  -2.5 6.54e-03   1.2 1.00e+00 1.00e+00h  1
 552  6.5454088e+01 3.89e-05 3.60e+00  -2.5 8.33e-03   0.7 1.00e+00 1.00e+00h  1
 553  6.5448274e+01 8.32e-04 2.03e+00  -2.5 2.10e-02   0.2 1.00e+00 1.00e+00h  1
 554  6.5448816e+01 7.77e-05 5.68e+00  -2.5 3.04e-03   1.6 1.00e+00 1.00e+00h  1
 555  6.5449423e+01 1.03e-04 4.40e+00  -2.5 3.88e-03   1.1 1.00e+00 1.00e+00h  1
 556  6.5449849e+01 4.13e-05 2.30e+00  -2.5 4.34e-03   1.5 1.00e+00 1.00e+00h  1
 557  6.5452164e+01 7.87e-04 2.13e+01  -2.5 1.00e-02   1.0 1.00e+00 1.00e+00h  1
 558  6.5448229e+01 3.44e-04 4.85e+00  -2.5 1.77e-02   0.6 1.00e+00 1.00e+00h  1
 559  6.5436155e+01 2.65e-04 2.75e+00  -2.5 3.05e-02   0.1 1.00e+00 1.00e+00h  1
iter    objective    inf_pr   inf_du lg(mu)  ||d||  lg(rg) alpha_du alpha_pr  ls
 560  6.5408661e+01 6.95e-04 6.82e-01  -2.5 6.09e-02  -0.4 1.00e+00 1.00e+00h  1
 561  6.5346548e+01 1.19e-03 1.57e+00  -2.5 1.06e-01  -0.9 1.00e+00 1.00e+00h  1
 562  6.5343113e+01 1.05e-04 1.86e+00  -2.5 6.09e-03   0.5 1.00e+00 1.00e+00h  1
 563  6.5344835e+01 3.17e-04 8.32e+00  -2.5 8.07e-03   0.9 1.00e+00 1.00e+00h  1
 564  6.5343522e+01 2.15e-05 1.05e+01  -2.5 8.50e-03   1.3 1.00e+00 1.00e+00h  1
 565  6.5342952e+01 3.14e-05 8.41e+00  -2.5 2.45e-03   0.8 1.00e+00 1.00e+00h  1
 566  6.5367744e+01 2.83e-01 1.29e+03  -2.5 1.31e-01   0.3 5.75e-01 1.00e+00h  1
 567  6.5342694e+01 1.63e-02 4.43e+01  -2.5 4.44e-02   0.8 1.00e+00 1.00e+00h  1
 568  6.5331914e+01 8.38e-04 1.96e+01  -2.5 3.40e-02   0.3 1.00e+00 1.00e+00h  1
 569  6.5329271e+01 4.83e-05 5.73e-01  -2.5 3.93e-03   0.7 1.00e+00 1.00e+00h  1
iter    objective    inf_pr   inf_du lg(mu)  ||d||  lg(rg) alpha_du alpha_pr  ls
 570  6.5323735e+01 2.54e-04 2.54e-01  -2.5 1.11e-02   0.2 1.00e+00 1.00e+00h  1
 571  6.5322254e+01 8.65e-06 2.17e-01  -2.5 4.27e-03   0.7 1.00e+00 1.00e+00h  1
 572  6.5321715e+01 2.91e-06 8.38e-02  -2.5 1.61e-03   1.1 1.00e+00 1.00e+00h  1
 573  6.5321049e+01 1.39e-04 4.34e+00  -2.5 1.20e-02   0.6 1.00e+00 1.00e+00h  1
 574  6.5321566e+01 1.43e-05 1.85e+01  -2.5 5.24e-03   2.0 1.00e+00 1.00e+00h  1
 575  6.5321416e+01 2.43e-06 6.72e+00  -2.5 7.23e-04   1.5 1.00e+00 1.00e+00h  1
 576  6.5323236e+01 3.53e-04 4.72e+00  -2.5 6.85e-03   1.0 1.00e+00 1.00e+00h  1
 577  6.5319387e+01 5.77e-05 1.02e+00  -2.5 1.89e-02   0.5 1.00e+00 1.00e+00h  1
 578  6.5307847e+01 1.45e-03 2.99e+00  -2.5 2.90e-02   0.0 1.00e+00 1.00e+00h  1
 579  6.5287974e+01 5.29e-04 1.02e+00  -2.5 6.53e-02  -0.4 1.00e+00 1.00e+00h  1
iter    objective    inf_pr   inf_du lg(mu)  ||d||  lg(rg) alpha_du alpha_pr  ls
 580  6.5280403e+01 2.49e-05 5.69e-01  -2.5 2.47e-02  -0.0 1.00e+00 1.00e+00h  1
 581  6.5278112e+01 6.25e-05 1.74e+00  -2.5 8.85e-03   0.4 1.00e+00 1.00e+00h  1
 582  6.5281637e+01 2.21e-03 7.24e+01  -2.5 2.61e-02   0.8 1.00e+00 1.00e+00h  1
 583  6.5279338e+01 1.87e-03 4.44e+02  -2.5 4.68e-02   0.4 1.00e+00 2.11e-01h  3
 584  6.5279005e+01 1.87e-03 2.86e+03  -2.5 1.08e+00  -0.1 3.49e-01 3.43e-03h  4
 585  6.5243244e+01 1.83e-02 3.03e+02  -2.5 1.40e-01  -0.6 9.50e-01 1.00e+00h  1
 586  6.5239727e+01 1.31e-02 1.30e+03  -2.5 1.90e-01  -0.2 8.30e-01 2.99e-01h  2
 587  6.5236812e+01 1.18e-02 1.48e+03  -2.5 1.84e-01   0.3 1.00e+00 1.11e-01h  2
 588  6.5238030e+01 1.15e-02 1.86e+03  -2.5 1.14e-01   1.6 5.46e-01 6.27e-02h  2
 589  6.5232163e+01 1.17e-02 1.13e+03  -2.5 6.41e-01   1.1 2.77e-01 2.08e-02h  4
iter    objective    inf_pr   inf_du lg(mu)  ||d||  lg(rg) alpha_du alpha_pr  ls
 590  6.5230875e+01 1.15e-02 1.75e+04  -2.5 1.16e-01   3.3 3.08e-02 5.17e-02h  4
 591  6.5236088e+01 7.56e-04 6.69e+03  -2.5 1.20e-01   2.9 5.08e-02 1.00e+00h  1
 592  6.5236432e+01 1.03e-05 6.61e+02  -2.5 1.91e-02   2.4 1.00e+00 1.00e+00h  1
 593  6.5236564e+01 1.59e-07 6.58e+00  -2.5 1.98e-04   1.9 1.00e+00 1.00e+00h  1
 594  6.5237411e+01 3.08e-05 2.29e-01  -2.5 1.65e-03   1.4 1.00e+00 1.00e+00h  1
 595  6.5240016e+01 3.96e-04 9.04e+00  -2.5 6.14e-03   1.0 1.00e+00 1.00e+00h  1
 596  6.5240852e+01 1.30e-03 1.85e+01  -2.5 2.51e-02   0.5 1.00e+00 1.00e+00h  1
 597  6.5240648e+01 7.45e-04 2.19e+01  -2.5 8.04e-03   0.9 1.00e+00 1.00e+00h  1
 598  6.5240608e+01 1.12e-03 2.39e+00  -2.5 1.36e-02   0.4 1.00e+00 1.00e+00h  1
 599  6.5235946e+01 2.80e-04 7.23e-01  -2.5 4.14e-02  -0.0 1.00e+00 1.00e+00h  1
iter    objective    inf_pr   inf_du lg(mu)  ||d||  lg(rg) alpha_du alpha_pr  ls
 600  6.5218450e+01 3.13e-03 1.75e+01  -2.5 1.14e-01  -0.5 1.00e+00 1.00e+00h  1
 601  6.5209454e+01 5.01e-03 3.67e+01  -2.5 2.27e-02   0.8 1.00e+00 1.00e+00h  1
 602  6.5212905e+01 1.76e-03 2.91e+00  -2.5 1.55e-02   0.3 1.00e+00 1.00e+00h  1
 603  6.5212750e+01 2.46e-02 1.24e+02  -2.5 4.87e-02  -0.1 9.38e-01 1.00e+00h  1
 604  6.5185088e+01 6.66e-03 1.14e+01  -2.5 5.87e-02  -0.6 1.00e+00 1.00e+00h  1
 605  6.5134202e+01 3.30e-03 3.78e+00  -2.5 1.64e-01  -1.1 1.00e+00 1.00e+00h  1
 606  6.5121040e+01 2.03e-03 4.69e+02  -2.5 1.28e-01  -0.7 1.00e+00 7.16e-01h  1
 607  6.5113543e+01 1.51e-03 2.71e+02  -2.5 3.90e-02   1.6 1.00e+00 1.00e+00h  1
 608  6.5115100e+01 7.54e-04 7.49e+01  -2.5 1.49e-02   1.1 7.33e-01 1.00e+00h  1
 609  6.5117648e+01 2.10e-04 5.26e+00  -2.5 2.74e-02   0.6 1.00e+00 1.00e+00h  1
iter    objective    inf_pr   inf_du lg(mu)  ||d||  lg(rg) alpha_du alpha_pr  ls
 610  6.5121838e+01 2.67e-04 7.15e+00  -2.5 6.65e-03   1.0 1.00e+00 1.00e+00h  1
 611  6.5121967e+01 1.17e-05 1.35e+00  -2.5 3.99e-03   1.5 1.00e+00 1.00e+00h  1
 612  6.5149836e+01 2.88e-02 4.73e+02  -2.5 5.19e-02   1.0 8.41e-01 1.00e+00h  1
 613  6.5132346e+01 1.04e-02 1.66e+02  -2.5 3.01e-02   1.4 1.00e+00 1.00e+00h  1
 614  6.5122172e+01 2.52e-03 2.86e+01  -2.5 1.69e-02   0.9 1.00e+00 1.00e+00h  1
 615  6.5118426e+01 6.97e-04 2.46e+01  -2.5 3.40e-02   0.5 1.00e+00 1.00e+00h  1
 616  6.5115990e+01 4.22e-04 5.84e+00  -2.5 3.38e-02  -0.0 1.00e+00 1.00e+00h  1
 617  6.5120701e+01 8.51e-04 5.52e+01  -2.5 1.10e-02   1.3 1.00e+00 1.00e+00h  1
 618  6.5119549e+01 8.73e-05 4.27e+00  -2.5 1.50e-02   0.8 1.00e+00 1.00e+00h  1
 619  6.5124490e+01 7.87e-04 9.84e+00  -2.5 7.44e-03   1.3 1.00e+00 1.00e+00h  1
iter    objective    inf_pr   inf_du lg(mu)  ||d||  lg(rg) alpha_du alpha_pr  ls
 620  6.5122103e+01 7.47e-05 3.47e+00  -2.5 1.04e-02   0.8 1.00e+00 1.00e+00h  1
 621  6.5119201e+01 2.80e-04 3.05e+00  -2.5 1.75e-02   0.3 1.00e+00 1.00e+00h  1
 622  6.5108662e+01 6.79e-04 1.33e+00  -2.5 4.72e-02  -0.2 1.00e+00 1.00e+00h  1
 623  6.5084515e+01 7.95e-04 1.14e+00  -2.5 7.74e-02  -0.7 1.00e+00 1.00e+00h  1
 624  6.5073915e+01 1.20e-03 2.68e-01  -2.5 3.14e-02  -0.2 1.00e+00 1.00e+00h  1
 625  6.5073732e+01 9.74e-05 8.83e-01  -2.5 1.11e-02   0.2 1.00e+00 1.00e+00h  1
 626  6.5073015e+01 2.49e-06 5.95e-02  -2.5 4.06e-03   0.6 1.00e+00 1.00e+00h  1
 627  6.5071580e+01 2.12e-04 4.74e+00  -2.5 2.17e-02   0.1 1.00e+00 1.00e+00h  1
 628  6.5074275e+01 1.69e-04 2.49e+01  -2.5 5.65e-03   1.5 1.00e+00 1.00e+00h  1
 629  6.5073908e+01 9.79e-06 2.15e+00  -2.5 8.00e-03   1.0 1.00e+00 1.00e+00h  1
iter    objective    inf_pr   inf_du lg(mu)  ||d||  lg(rg) alpha_du alpha_pr  ls
 630  6.5073535e+01 1.89e-04 4.28e+00  -2.5 1.19e-02   0.5 1.00e+00 1.00e+00h  1
 631  6.5068638e+01 4.15e-04 2.97e+00  -2.5 3.94e-02   0.0 1.00e+00 1.00e+00h  1
 632  6.5055355e+01 4.06e-04 1.87e+00  -2.5 6.12e-02  -0.4 1.00e+00 1.00e+00h  1
 633  6.5020137e+01 3.03e-02 3.68e+01  -2.5 1.77e-01  -0.9 1.00e+00 1.00e+00h  1
 634  6.5018332e+01 7.15e-03 1.31e+01  -2.5 4.34e-02  -0.5 1.00e+00 1.00e+00h  1
 635  6.5020269e+01 7.41e-03 1.56e+03  -2.5 8.53e-02  -0.1 8.05e-01 1.25e-01h  4
 636  6.5019295e+01 5.07e-04 1.13e+03  -2.5 1.82e-01   1.3 3.83e-01 1.00e+00h  1
 637  6.5018976e+01 7.53e-07 6.90e+00  -2.5 1.02e-02   0.8 1.00e+00 1.00e+00h  1
 638  6.5017579e+01 1.20e-05 1.26e+00  -2.5 6.52e-03   0.3 1.00e+00 1.00e+00h  1
 639  6.5013251e+01 2.25e-04 5.93e-01  -2.5 1.80e-02  -0.2 1.00e+00 1.00e+00h  1
iter    objective    inf_pr   inf_du lg(mu)  ||d||  lg(rg) alpha_du alpha_pr  ls
 640  6.5013231e+01 1.63e-04 2.44e+00  -2.5 1.37e-02   0.3 1.00e+00 1.00e+00h  1
 641  6.5014716e+01 5.64e-05 7.99e+00  -2.5 2.59e-03   1.6 1.00e+00 1.00e+00h  1
 642  6.5015391e+01 3.40e-05 3.64e+00  -2.5 1.73e-03   1.1 1.00e+00 1.00e+00h  1
 643  6.5019959e+01 1.22e-03 9.14e+00  -2.5 1.27e-02   0.6 1.00e+00 1.00e+00h  1
 644  6.5013550e+01 1.35e-05 4.08e-02  -2.5 2.82e-02   0.2 1.00e+00 1.00e+00h  1
 645  6.5005551e+01 5.00e-04 2.09e+00  -2.5 4.42e-02  -0.3 1.00e+00 1.00e+00h  1
 646  6.5004533e+01 1.49e-03 1.47e+03  -2.5 1.19e+00  -0.8 2.01e-01 6.26e-02h  2
 647  6.5003461e+01 8.81e-04 2.81e+02  -2.5 3.62e-02   1.4 1.00e+00 1.00e+00h  1
 648  6.5003286e+01 1.96e-05 3.27e+01  -2.5 1.98e-02   1.0 1.00e+00 1.00e+00h  1
 649  6.5002288e+01 8.52e-06 2.40e+00  -2.5 8.28e-03   0.5 1.00e+00 1.00e+00h  1
iter    objective    inf_pr   inf_du lg(mu)  ||d||  lg(rg) alpha_du alpha_pr  ls
 650  6.4999766e+01 1.40e-03 1.26e+01  -2.5 3.65e-02   0.0 1.00e+00 1.00e+00h  1
 651  6.4998798e+01 1.25e-03 2.50e+02  -2.5 1.34e-02   0.4 1.00e+00 5.00e-01h  2
 652  6.5000191e+01 1.15e-02 1.03e+02  -2.5 3.04e-02   0.9 1.00e+00 1.00e+00h  1
 653  6.4998201e+01 2.86e-03 1.41e+01  -2.5 2.93e-02   0.4 1.00e+00 1.00e+00h  1
 654  6.4995018e+01 4.73e-05 7.91e-01  -2.5 3.84e-02  -0.1 1.00e+00 1.00e+00h  1
 655  6.4986621e+01 6.44e-04 2.08e+00  -2.5 5.32e-02  -0.6 1.00e+00 1.00e+00h  1
 656  6.4985919e+01 3.37e-03 1.16e+03  -2.5 1.55e-01  -0.1 9.90e-01 4.10e-01h  2
 657  6.4984737e+01 2.64e-03 1.48e+02  -2.5 1.72e-02   0.3 1.00e+00 5.00e-01h  2
 658  6.4984062e+01 1.94e-03 9.12e+02  -2.5 5.08e-02   1.6 1.00e+00 1.00e+00h  1
 659  6.4984146e+01 7.74e-05 1.39e+02  -2.5 3.74e-02   1.1 1.00e+00 1.00e+00h  1
iter    objective    inf_pr   inf_du lg(mu)  ||d||  lg(rg) alpha_du alpha_pr  ls
 660  6.4983691e+01 1.81e-06 2.85e+00  -2.5 3.96e-03   0.7 1.00e+00 1.00e+00h  1
 661  6.4982309e+01 1.42e-05 2.59e-01  -2.5 1.12e-02   0.2 1.00e+00 1.00e+00h  1
 662  6.4978370e+01 6.53e-04 4.30e+00  -2.5 3.81e-02  -0.3 1.00e+00 1.00e+00h  1
 663  6.4978421e+01 2.66e-04 2.83e+01  -2.5 2.01e-02   1.0 1.00e+00 1.00e+00h  1
 664  6.4977896e+01 7.51e-06 3.42e+00  -2.5 8.18e-03   0.6 1.00e+00 1.00e+00h  1
 665  6.4976582e+01 6.55e-04 1.91e-01  -2.5 2.24e-02   0.1 1.00e+00 1.00e+00h  1
 666  6.4971682e+01 4.41e-04 7.02e-01  -2.5 5.25e-02  -0.4 1.00e+00 1.00e+00h  1
 667  6.4970622e+01 4.99e-04 6.98e+00  -2.5 2.90e-02   0.0 1.00e+00 1.00e+00h  1
 668  6.4970968e+01 9.62e-06 1.07e+01  -2.5 1.86e-02   1.4 1.00e+00 1.00e+00h  1
 669  6.4970787e+01 4.49e-06 7.90e+00  -2.5 2.60e-03   0.9 1.00e+00 1.00e+00h  1
iter    objective    inf_pr   inf_du lg(mu)  ||d||  lg(rg) alpha_du alpha_pr  ls
 670  6.5004544e+01 2.33e-01 9.72e+02  -2.5 2.04e-01   0.4 2.91e-01 4.54e-01f  2
 671  6.4968710e+01 1.55e-02 7.20e+01  -2.5 9.09e-02  -0.1 1.00e+00 1.00e+00h  1
 672  6.4958658e+01 2.68e-04 3.72e+00  -2.5 6.30e-02  -0.6 1.00e+00 1.00e+00h  1
 673  6.4942681e+01 7.66e-04 8.35e-01  -2.5 9.06e-02  -1.0 1.00e+00 1.00e+00h  1
 674  6.4908479e+01 2.89e-03 1.45e+00  -2.5 1.45e-01  -1.5 1.00e+00 1.00e+00h  1
 675  6.4904422e+01 4.73e-03 2.17e+01  -2.5 5.66e-02  -0.2 1.00e+00 1.00e+00h  1
 676  6.4905828e+01 3.97e-03 4.66e+00  -2.5 1.69e-02   0.2 1.00e+00 1.00e+00h  1
 677  6.4903544e+01 1.27e-02 3.78e+01  -2.5 3.00e-02   0.7 1.00e+00 1.00e+00h  1
 678  6.4903304e+01 6.18e-03 1.85e+01  -2.5 2.11e-02   0.2 1.00e+00 1.00e+00h  1
 679  6.4903233e+01 5.70e-03 1.14e+03  -2.5 3.67e-02   0.6 1.00e+00 1.25e-01h  4
iter    objective    inf_pr   inf_du lg(mu)  ||d||  lg(rg) alpha_du alpha_pr  ls
 680  6.4904426e+01 1.90e-04 4.94e+02  -2.5 9.50e-02   1.0 5.00e-01 1.00e+00h  1
 681  6.4904080e+01 3.46e-06 5.30e+00  -2.5 3.15e-03   0.6 1.00e+00 1.00e+00h  1
 682  6.4901413e+01 3.89e-03 1.29e+01  -2.5 3.49e-02   0.1 1.00e+00 1.00e+00h  1
 683  6.4900308e+01 8.94e-05 7.18e-01  -2.5 5.06e-02  -0.4 1.00e+00 1.00e+00h  1
 684  6.4894550e+01 8.93e-04 1.14e+00  -2.5 7.32e-02  -0.9 1.00e+00 1.00e+00h  1
 685  6.4894850e+01 6.77e-04 4.33e+02  -2.5 8.42e-02  -0.4 1.00e+00 5.00e-01h  2
 686  6.4926302e+01 2.48e-02 4.14e+02  -2.5 3.18e-01   0.9 1.43e-01 1.39e-01h  2
 687  6.4900682e+01 8.41e-03 2.46e+01  -2.5 2.62e-02   0.4 1.00e+00 1.00e+00h  1
 688  6.4892454e+01 8.80e-04 5.08e+00  -2.5 3.07e-02  -0.1 1.00e+00 1.00e+00h  1
 689  6.4890993e+01 1.22e-03 9.48e-01  -2.5 7.50e-02  -0.5 1.00e+00 1.00e+00h  1
iter    objective    inf_pr   inf_du lg(mu)  ||d||  lg(rg) alpha_du alpha_pr  ls
 690  6.4883115e+01 1.25e-03 9.72e-01  -2.5 1.18e-01  -1.0 1.00e+00 1.00e+00h  1
 691  6.4868411e+01 1.88e-03 1.44e+00  -2.5 1.64e-01  -1.5 1.00e+00 1.00e+00h  1
 692  6.4869758e+01 8.24e-03 3.24e+01  -2.5 6.74e-02  -0.2 1.00e+00 1.00e+00h  1
 693  6.4868719e+01 4.08e-03 6.54e+01  -2.5 1.69e-02   1.2 1.00e+00 1.00e+00h  1
 694  6.4869062e+01 1.05e-04 2.23e+01  -2.5 7.06e-02   0.7 1.00e+00 1.00e+00h  1
 695  6.4869446e+01 1.05e-03 4.13e+00  -2.5 1.42e-02   0.2 1.00e+00 1.00e+00h  1
 696  6.4869575e+01 2.43e-04 1.82e+00  -2.5 8.97e-03   0.6 1.00e+00 1.00e+00h  1
 697  6.4869614e+01 1.14e-06 6.61e-02  -2.5 5.62e-03   1.1 1.00e+00 1.00e+00h  1
 698  6.4869806e+01 4.85e-05 2.46e+00  -2.5 6.83e-03   0.6 1.00e+00 1.00e+00h  1
 699  6.4870564e+01 6.15e-04 2.35e+00  -2.5 2.21e-02   0.1 1.00e+00 1.00e+00h  1
iter    objective    inf_pr   inf_du lg(mu)  ||d||  lg(rg) alpha_du alpha_pr  ls
 700  6.4870779e+01 7.80e-06 9.89e-02  -2.5 8.20e-03   0.5 1.00e+00 1.00e+00h  1
 701  6.4877424e+01 3.27e-03 3.90e+01  -2.5 6.99e-02   0.1 1.00e+00 1.00e+00h  1
 702  6.4874935e+01 2.63e-03 4.71e+02  -2.5 1.71e-02   0.5 1.00e+00 2.50e-01h  3
 703  6.4874830e+01 2.63e-03 4.94e+03  -2.5 2.63e+00   0.0 2.41e-01 4.57e-04h  6
 704  6.4874570e+01 2.56e-03 2.54e+03  -2.5 4.65e-02  -0.5 1.00e+00 3.12e-02h  6
 705  6.4874567e+01 2.56e-03 2.39e+03  -2.5 4.63e-02  -0.0 1.00e+00 1.95e-04h 13
 706  6.4865299e+01 1.92e-02 4.49e+02  -2.5 1.10e-01  -0.5 8.15e-01 8.15e-01s 22
 707  6.4874237e+01 8.62e-02 1.12e+02  -2.5 4.97e-01  -1.0 9.37e-01 9.37e-01s 22
 708r 6.4874237e+01 8.62e-02 9.99e+02  -0.5 0.00e+00   1.2 0.00e+00 0.00e+00R  1
 709r 6.5043934e+01 1.23e-01 9.97e+02  -0.5 7.40e+02    -  1.55e-03 3.74e-04f  1
iter    objective    inf_pr   inf_du lg(mu)  ||d||  lg(rg) alpha_du alpha_pr  ls
 710r 6.5585483e+01 1.24e-01 9.97e+02  -0.5 2.58e+02    -  2.09e-04 1.25e-03f  1
 711r 6.6717145e+01 1.24e-01 9.86e+02  -0.5 4.35e+01    -  1.15e-02 2.68e-03f  1
 712r 7.1544073e+01 1.26e-01 8.16e+02  -0.5 1.29e+01    -  3.14e-01 1.49e-02f  1
 713r 9.1087126e+01 1.45e+00 6.44e+02  -0.5 3.59e+00    -  2.11e-01 3.40e-01f  1
 714r 9.0985702e+01 8.97e-02 7.06e+03  -0.5 7.90e-02   2.0 1.00e+00 1.00e+00f  1
 715r 9.1133881e+01 1.80e-02 6.89e+03  -0.5 1.24e-01   2.4 9.08e-01 1.00e+00f  1
 716r 9.1210801e+01 2.28e-03 7.82e+03  -0.5 6.60e-02   2.9 1.00e+00 1.00e+00f  1
 717r 9.1350817e+01 2.92e-03 2.08e+03  -0.5 3.28e-02   2.4 1.00e+00 1.00e+00f  1
 718r 9.1400015e+01 2.53e-03 6.15e+02  -0.5 9.53e-03   2.8 1.00e+00 1.00e+00f  1
 719r 9.1421528e+01 5.04e-03 6.23e+01  -0.5 1.38e-02   3.2 1.00e+00 1.00e+00f  1
iter    objective    inf_pr   inf_du lg(mu)  ||d||  lg(rg) alpha_du alpha_pr  ls
 720r 9.1479479e+01 2.24e-03 1.28e+03  -0.5 8.28e-03   2.7 1.00e+00 1.00e+00f  1
 721r 9.1501762e+01 2.81e-03 8.75e+03  -0.5 1.49e-02   3.2 1.00e+00 1.00e+00f  1
 722r 9.1566878e+01 1.72e-04 1.99e+03  -0.5 2.29e-02   2.7 1.00e+00 1.00e+00f  1
 723r 9.1753246e+01 3.65e-04 3.28e+02  -0.5 1.43e-02   2.2 1.00e+00 1.00e+00f  1
 724r 9.1821711e+01 1.70e-04 3.64e+02  -0.5 6.34e-03   2.6 1.00e+00 1.00e+00f  1
 725r 9.1853899e+01 1.20e-02 9.02e+03  -0.5 2.08e-02   3.1 1.00e+00 1.00e+00f  1
 726r 9.1933834e+01 2.41e-03 1.98e+03  -0.5 1.55e-02   2.6 1.00e+00 1.00e+00f  1
 727r 9.2154717e+01 2.89e-04 4.62e+01  -0.5 2.12e-02   2.1 1.00e+00 1.00e+00f  1
 728r 9.2235479e+01 1.55e-04 8.93e+00  -0.5 7.04e-03   2.5 1.00e+00 1.00e+00f  1
 729r 9.2384567e+01 4.18e-04 6.35e+01  -1.2 1.91e-02   2.1 1.00e+00 9.62e-01f  1
iter    objective    inf_pr   inf_du lg(mu)  ||d||  lg(rg) alpha_du alpha_pr  ls
 730r 9.2398215e+01 1.48e-04 5.12e+02  -1.2 2.22e-03   3.4 1.00e+00 1.00e+00f  1
 731r 9.2422925e+01 8.81e-05 7.98e+01  -1.2 3.38e-03   2.9 1.00e+00 1.00e+00f  1
 732r 9.2469995e+01 1.80e-04 7.32e+01  -1.2 6.67e-03   2.4 1.00e+00 1.00e+00f  1
 733r 9.2552821e+01 2.53e-04 3.04e+01  -1.2 1.20e-02   2.0 1.00e+00 1.00e+00f  1
 734r 9.2707039e+01 1.44e-03 6.45e+01  -1.2 3.19e-02   1.5 1.00e+00 1.00e+00f  1
 735r 9.2712434e+01 3.61e-04 1.27e+03  -1.2 1.47e-02   2.8 1.00e+00 1.00e+00h  1
 736r 9.2729903e+01 1.10e-05 1.25e+02  -1.2 4.90e-03   2.3 1.00e+00 1.00e+00f  1
 737r 9.2781134e+01 2.81e-05 3.38e+01  -1.2 7.11e-03   1.9 1.00e+00 1.00e+00f  1
 738r 9.2800445e+01 4.22e-05 1.44e+00  -1.2 2.60e-03   2.3 1.00e+00 1.00e+00h  1
 739r 9.2742081e+01 7.75e-04 7.82e+01  -1.9 5.12e-03   1.8 1.00e+00 1.00e+00f  1
iter    objective    inf_pr   inf_du lg(mu)  ||d||  lg(rg) alpha_du alpha_pr  ls
 740r 9.2712120e+01 2.14e-05 1.49e+00  -1.9 5.90e-03   1.3 1.00e+00 1.00e+00f  1
 741r 9.2621734e+01 1.57e-04 4.96e+00  -1.9 1.15e-02   0.9 1.00e+00 1.00e+00f  1
 742r 9.2412968e+01 1.11e-03 3.52e+00  -1.9 2.95e-02   0.4 1.00e+00 1.00e+00h  1
 743r 9.2063659e+01 1.68e-03 1.63e+00  -1.9 6.17e-02  -0.1 1.00e+00 1.00e+00h  1
 744r 9.1716214e+01 6.08e-03 3.72e+00  -1.9 1.04e-01  -0.6 1.00e+00 1.00e+00h  1
 745r 9.1499162e+01 4.45e-02 8.90e+00  -1.9 8.97e-01    -  1.00e+00 1.00e+00h  1
 746r 9.1498522e+01 1.90e-03 2.27e+00  -1.9 9.24e-02    -  1.00e+00 1.00e+00h  1
 747r 9.1501359e+01 7.46e-05 1.32e-01  -1.9 4.63e-03  -0.1 1.00e+00 1.00e+00h  1
 748r 8.4755919e+01 7.76e-02 2.66e+01  -2.8 1.93e-01    -  5.74e-01 1.00e+00f  1
 749r 8.4661763e+01 2.49e-02 3.06e+01  -2.8 8.60e-02  -0.6 6.52e-01 1.00e+00h  1
iter    objective    inf_pr   inf_du lg(mu)  ||d||  lg(rg) alpha_du alpha_pr  ls
 750r 8.4345109e+01 7.21e-02 1.29e+01  -2.8 1.31e-01  -1.1 1.00e+00 1.00e+00h  1
 751r 8.4216346e+01 6.01e-02 3.16e+01  -2.8 4.85e-01  -1.6 7.55e-01 3.62e-01h  1
 752r 8.4216698e+01 1.81e-01 1.83e+02  -2.8 5.34e-01  -0.2 2.43e-01 2.09e-01h  2
 753r 8.4084125e+01 1.54e-01 9.69e+01  -2.8 1.53e-01  -0.7 1.00e+00 1.00e+00h  1
 754r 8.4088718e+01 1.50e-01 9.88e+01  -2.8 3.45e-01   0.6 3.18e-01 6.41e-02h  3
 755r 8.4083349e+01 1.49e-01 9.09e+01  -2.8 7.03e-01   0.1 2.79e-01 3.45e-02h  2
 756r 8.4097050e+01 1.55e-01 5.61e+03  -2.8 5.33e-01   1.5 1.45e-02 1.20e-01h  2
 757r 8.4100115e+01 5.60e-03 1.08e+03  -2.8 5.05e-01   1.0 1.00e+00 1.00e+00h  1
 758r 8.4099568e+01 8.44e-05 3.58e+01  -2.8 3.31e-02   1.4 1.00e+00 1.00e+00h  1
 759r 8.4097155e+01 3.60e-08 8.71e-02  -2.8 4.11e-04   0.9 1.00e+00 1.00e+00h  1
iter    objective    inf_pr   inf_du lg(mu)  ||d||  lg(rg) alpha_du alpha_pr  ls
 760r 8.3903449e+01 1.85e-02 4.19e-01  -2.8 1.96e-01    -  1.00e+00 1.00e+00f  1
 761r 8.3923562e+01 2.51e-03 2.59e+01  -2.8 6.00e-02   0.4 1.00e+00 1.00e+00h  1
 762r 8.3923958e+01 1.10e-04 1.04e+00  -2.8 1.66e-02  -0.0 1.00e+00 1.00e+00h  1
 763r 8.3925877e+01 1.27e-03 1.37e+00  -2.8 2.07e-02  -0.5 1.00e+00 1.00e+00h  1
 764r 8.3924890e+01 1.58e-04 6.80e+00  -2.8 1.28e-02   0.8 1.00e+00 1.00e+00h  1
 765r 8.3925136e+01 1.44e-05 1.03e+00  -2.8 3.79e-03   0.3 1.00e+00 1.00e+00h  1
 766r 8.3927657e+01 9.81e-04 6.20e-01  -2.8 1.15e-02  -0.1 1.00e+00 1.00e+00h  1
 767r 8.3933495e+01 2.96e-03 3.17e+00  -2.8 5.38e-02  -0.6 1.00e+00 1.00e+00h  1
 768r 8.3936996e+01 9.75e-03 1.59e+00  -2.8 1.63e-01    -  1.00e+00 1.00e+00h  1
 769r 8.3940167e+01 4.35e-04 8.46e-02  -2.8 3.43e-02  -1.1 1.00e+00 1.00e+00h  1
iter    objective    inf_pr   inf_du lg(mu)  ||d||  lg(rg) alpha_du alpha_pr  ls
 770r 8.3945739e+01 5.32e-03 1.95e-01  -2.8 1.37e-01    -  1.00e+00 1.00e+00h  1
 771r 8.3945682e+01 7.98e-05 5.08e-02  -2.8 3.50e-02  -1.6 1.00e+00 1.00e+00h  1
 772r 7.9412062e+01 1.82e-02 2.08e+01  -4.2 1.35e-01  -2.0 6.92e-01 8.15e-01f  1
 773r 7.9443038e+01 4.92e-03 1.61e+01  -4.2 4.70e-02   0.2 8.07e-01 7.65e-01f  1
 774r 7.9383753e+01 1.09e-04 1.98e+00  -4.2 3.25e-02  -0.3 1.00e+00 1.00e+00f  1
 775r 7.9174627e+01 6.08e-05 9.02e-02  -4.2 3.27e-03  -0.8 1.00e+00 1.00e+00h  1
 776r 7.8621578e+01 5.21e-04 3.54e-03  -4.2 8.50e-03  -1.2 1.00e+00 1.00e+00h  1
 777r 7.7451922e+01 5.77e-03 1.78e-02  -4.2 2.30e-02  -1.7 1.00e+00 1.00e+00h  1
 778r 7.5860671e+01 4.10e-03 1.11e-01  -4.2 5.07e-02  -2.2 1.00e+00 1.00e+00h  1
 779r 7.5447427e+01 1.67e-03 9.36e-02  -4.2 2.16e-02  -1.8 1.00e+00 1.00e+00h  1
iter    objective    inf_pr   inf_du lg(mu)  ||d||  lg(rg) alpha_du alpha_pr  ls
 780r 7.4862790e+01 3.87e-04 1.37e-02  -4.2 3.56e-02  -2.2 1.00e+00 1.00e+00h  1
 781r 7.4712288e+01 8.69e-04 8.71e-02  -4.2 2.96e-02  -1.8 1.00e+00 1.00e+00h  1
 782r 7.4711701e+01 3.90e-04 7.34e-01  -4.2 1.73e-02  -0.5 1.00e+00 1.00e+00h  1
 783r 7.4691567e+01 2.82e-06 4.33e-02  -4.2 7.63e-03  -1.0 1.00e+00 1.00e+00h  1
 784r 7.4643232e+01 3.94e-04 3.59e-02  -4.2 1.43e-02  -1.4 1.00e+00 1.00e+00h  1
 785r 7.4536677e+01 7.25e-04 1.43e-02  -4.2 4.21e-02  -1.9 1.00e+00 1.00e+00h  1
 786r 7.4379594e+01 8.41e-04 1.61e-02  -4.2 7.10e-02  -2.4 1.00e+00 1.00e+00h  1
 787r 7.4337190e+01 3.16e-04 6.39e-03  -4.2 2.82e-02  -2.0 1.00e+00 1.00e+00h  1
 788r 7.4324793e+01 8.85e-04 1.56e-03  -4.2 1.00e-02  -1.5 1.00e+00 1.00e+00h  1
 789r 7.4319615e+01 3.64e-05 2.59e-02  -4.2 8.33e-03  -1.1 1.00e+00 1.00e+00h  1
iter    objective    inf_pr   inf_du lg(mu)  ||d||  lg(rg) alpha_du alpha_pr  ls
 790r 7.4306893e+01 5.30e-05 2.26e-02  -4.2 1.06e-02  -1.6 1.00e+00 1.00e+00h  1
 791r 7.4280836e+01 1.94e-03 3.06e-02  -4.2 2.77e-02  -2.1 1.00e+00 1.00e+00h  1
 792r 7.4236842e+01 7.52e-04 1.53e-02  -4.2 6.09e-02  -2.6 1.00e+00 1.00e+00h  1
 793r 7.4235883e+01 4.55e-04 3.72e-02  -4.2 4.31e-03  -1.2 1.00e+00 1.00e+00h  1
 794r 7.4232451e+01 7.71e-04 8.24e-03  -4.2 1.24e-02  -1.7 1.00e+00 1.00e+00h  1
 795r 7.4222183e+01 6.11e-04 4.69e-03  -4.2 3.34e-02  -2.2 1.00e+00 1.00e+00h  1
 796r 7.4204157e+01 9.63e-04 5.21e-03  -4.2 5.61e-02  -2.7 1.00e+00 1.00e+00h  1
 797r 7.4187297e+01 1.27e-03 1.46e-02  -4.2 9.18e-02  -3.1 1.00e+00 1.00e+00h  1
 798r 7.4188581e+01 3.09e-03 5.55e-02  -4.2 1.30e-02  -1.8 1.00e+00 1.00e+00h  1
 799r 7.4186572e+01 1.23e-03 1.26e-01  -4.2 8.91e-03  -1.4 1.00e+00 1.00e+00h  1
iter    objective    inf_pr   inf_du lg(mu)  ||d||  lg(rg) alpha_du alpha_pr  ls
 800r 7.4186981e+01 2.39e-04 1.88e-02  -4.2 1.70e-02  -1.9 1.00e+00 1.00e+00h  1
 801r 7.4184807e+01 1.75e-02 7.34e-02  -4.2 2.14e-01    -  1.00e+00 1.00e+00h  1
 802r 7.4185066e+01 4.26e-03 3.05e-03  -4.2 1.74e-01    -  1.00e+00 1.00e+00h  1
 803r 7.4185535e+01 4.46e-03 3.85e+00  -4.2 1.19e-01    -  1.00e+00 5.00e-01h  2
 804r 7.4185676e+01 8.12e-04 8.41e-04  -4.2 3.80e-02    -  1.00e+00 1.00e+00h  1
 805r 7.4185664e+01 1.40e-05 1.07e-05  -4.2 5.49e-03    -  1.00e+00 1.00e+00h  1
 806r 6.9774275e+01 3.00e-02 1.01e+01  -6.3 1.74e-01    -  7.95e-01 9.30e-01f  1
 807r 6.9737045e+01 1.31e-02 1.60e+01  -6.3 5.30e-02  -2.3 6.72e-01 1.00e+00h  1
 808r 6.9430734e+01 1.56e-03 2.29e+00  -6.3 9.21e-02  -2.8 8.53e-01 1.00e+00h  1
 809r 6.8729487e+01 9.53e-03 8.61e-03  -6.3 7.86e-02  -3.3 1.00e+00 1.00e+00h  1
iter    objective    inf_pr   inf_du lg(mu)  ||d||  lg(rg) alpha_du alpha_pr  ls
 810r 6.8525428e+01 1.04e-02 1.16e-02  -6.3 2.51e-02  -2.9 1.00e+00 1.00e+00h  1
 811r 6.8058084e+01 3.68e-02 4.21e-02  -6.3 1.31e-01  -3.3 1.00e+00 1.00e+00h  1
 812r 6.7941968e+01 1.44e-02 1.78e-02  -6.3 4.27e-02  -2.9 1.00e+00 1.00e+00h  1
 813r 6.7912977e+01 3.03e-02 8.22e-01  -6.3 2.40e-01  -2.5 7.49e-01 1.25e-01h  2
 814r 6.7934041e+01 1.82e-02 4.83e-01  -6.3 2.97e-02  -2.1 6.98e-01 1.00e+00h  1
 815r 6.7886529e+01 1.05e-03 1.25e-01  -6.3 2.32e-01  -2.5 5.52e-01 1.00e+00h  1
 816r 6.7771686e+01 1.21e-04 1.51e-03  -6.3 1.71e-02  -3.0 1.00e+00 1.00e+00h  1
 817r 6.7557347e+01 2.09e-03 7.82e-04  -6.3 1.73e-02  -3.5 1.00e+00 1.00e+00h  1
 818r 6.7292147e+01 1.10e-03 8.13e-04  -6.3 4.00e-02  -4.0 1.00e+00 1.00e+00h  1
 819r 6.7219554e+01 6.19e-04 2.26e-04  -6.3 1.19e-02  -3.5 1.00e+00 1.00e+00h  1
iter    objective    inf_pr   inf_du lg(mu)  ||d||  lg(rg) alpha_du alpha_pr  ls
 820r 6.7093117e+01 8.92e-03 1.31e-03  -6.3 4.89e-02  -4.0 1.00e+00 1.00e+00h  1
 821r 6.7062508e+01 2.71e-03 2.09e-03  -6.3 2.07e-02  -3.6 1.00e+00 1.00e+00h  1
 822r 6.6997009e+01 2.77e-04 3.31e-04  -6.3 5.26e-02  -4.1 1.00e+00 1.00e+00h  1
 823r 6.6904622e+01 1.26e-03 3.73e-04  -6.3 4.06e-02  -4.5 1.00e+00 1.00e+00h  1
 824r 6.6880985e+01 4.06e-04 4.24e-05  -6.3 1.50e-02  -4.1 1.00e+00 1.00e+00h  1
 825r 6.6840308e+01 1.02e-02 5.64e-04  -6.3 7.31e-02  -4.6 1.00e+00 1.00e+00h  1
 826r 6.6832417e+01 2.33e-03 7.93e-04  -6.3 2.05e-02  -4.2 1.00e+00 1.00e+00h  1
 827r 6.6816816e+01 6.09e-04 1.06e-04  -6.3 5.31e-02  -4.6 1.00e+00 1.00e+00h  1
 828r 6.6812053e+01 2.07e-04 6.90e-05  -6.3 1.12e-02  -4.2 1.00e+00 1.00e+00h  1
 829r 6.6806483e+01 2.56e-03 2.27e-01  -6.3 2.39e-01    -  1.00e+00 2.50e-01h  3
iter    objective    inf_pr   inf_du lg(mu)  ||d||  lg(rg) alpha_du alpha_pr  ls
 830r 6.6801267e+01 5.49e-04 1.17e-04  -6.3 2.73e-02  -4.7 1.00e+00 1.00e+00h  1
 831r 6.6793840e+01 1.52e-03 9.79e-05  -6.3 4.58e-02    -  1.00e+00 1.00e+00h  1
 832r 6.6793838e+01 2.19e-05 6.33e-06  -6.3 3.16e-02    -  1.00e+00 1.00e+00h  1
 833r 6.6793851e+01 3.84e-07 6.14e-08  -6.3 8.53e-04    -  1.00e+00 1.00e+00h  1
 834  6.6791225e+01 3.89e-07 7.63e+03  -2.5 1.75e-02    -  9.89e-01 1.56e-02f  7
 835  6.5130239e+01 1.33e-01 5.50e+01  -2.5 6.72e-01    -  9.72e-01 1.00e+00f  1
 836  6.5131991e+01 8.37e-04 3.84e+01  -2.5 5.06e-02   0.8 1.00e+00 1.00e+00h  1
 837  6.5104367e+01 6.17e-05 3.87e+00  -2.5 9.88e-03   0.3 1.00e+00 1.00e+00h  1
 838  6.5044309e+01 2.49e-03 4.02e+00  -2.5 3.52e-02  -0.2 1.00e+00 1.00e+00h  1
 839  6.5031700e+01 1.32e-03 7.75e+00  -2.5 9.04e-03   0.2 1.00e+00 1.00e+00h  1
iter    objective    inf_pr   inf_du lg(mu)  ||d||  lg(rg) alpha_du alpha_pr  ls
 840  6.5014246e+01 1.19e-02 2.72e+03  -2.5 1.33e-01  -0.2 1.00e+00 2.83e-01h  2
 841  6.4950930e+01 2.06e-03 2.78e+00  -2.5 5.58e-02  -0.7 1.00e+00 1.00e+00h  1
 842  6.4887542e+01 3.77e-03 4.57e+00  -2.5 1.02e-01  -1.2 1.00e+00 1.00e+00h  1
 843  6.4879885e+01 4.15e-03 1.25e+01  -2.5 1.88e-02   0.1 1.00e+00 1.00e+00h  1
 844  6.4878941e+01 2.82e-04 1.19e+00  -2.5 3.40e-02  -0.4 1.00e+00 1.00e+00h  1
 845  6.4868214e+01 1.83e-04 1.02e+00  -2.5 2.03e-02  -0.8 1.00e+00 1.00e+00h  1
 846  6.4852233e+01 3.35e-03 1.21e+00  -2.5 7.85e-02  -1.3 1.00e+00 1.00e+00h  1
 847  6.4848965e+01 4.44e-03 1.15e+01  -2.5 1.98e-02   0.0 1.00e+00 1.00e+00h  1
 848  6.4851826e+01 8.51e-04 2.20e+00  -2.5 1.32e-02   0.4 1.00e+00 1.00e+00h  1
 849  6.4853372e+01 8.64e-05 9.86e-01  -2.5 7.18e-03   0.9 1.00e+00 1.00e+00h  1
iter    objective    inf_pr   inf_du lg(mu)  ||d||  lg(rg) alpha_du alpha_pr  ls
 850  6.4854211e+01 2.10e-05 1.22e-01  -2.5 1.31e-03   1.3 1.00e+00 1.00e+00h  1
 851  6.4903659e+01 3.10e-01 1.23e+03  -2.5 7.36e-02   0.8 5.86e-01 1.00e+00h  1
 852  6.4881427e+01 4.04e-02 9.33e+02  -2.5 4.77e-02   0.3 1.00e+00 5.00e-01h  2
 853  6.4865567e+01 2.35e-02 6.70e+02  -2.5 3.37e-02  -0.1 1.00e+00 5.00e-01h  2
 854  6.4862944e+01 2.07e-02 8.83e+02  -2.5 3.93e-02  -0.6 1.00e+00 1.25e-01h  4
 855  6.4860819e+01 1.82e-02 8.54e+02  -2.5 2.30e-02  -0.2 1.00e+00 1.25e-01h  4
 856  6.4860297e+01 1.77e-02 9.44e+02  -2.5 3.67e-02  -0.7 1.00e+00 3.12e-02h  6
 857  6.4845353e+01 5.71e-03 2.21e+01  -2.5 2.22e-02  -0.2 1.00e+00 1.00e+00h  1
 858  6.4843303e+01 5.42e-03 1.30e+03  -2.5 8.63e-02   0.2 1.00e+00 9.75e-02h  3
 859  6.4837765e+01 4.80e-03 1.08e+03  -2.5 4.76e-02   1.5 3.98e-01 2.50e-01h  3
iter    objective    inf_pr   inf_du lg(mu)  ||d||  lg(rg) alpha_du alpha_pr  ls
 860  6.4843909e+01 6.67e-04 3.08e+01  -2.5 6.14e-02   1.0 1.00e+00 1.00e+00h  1
 861  6.4844745e+01 1.64e-06 4.50e+00  -2.5 1.73e-02   0.6 1.00e+00 1.00e+00h  1
 862  6.4847166e+01 2.47e-04 7.96e+00  -2.5 5.43e-03   0.1 1.00e+00 1.00e+00h  1
 863  6.4855538e+01 2.52e-02 3.71e+02  -2.5 3.39e-01  -0.4 3.55e-01 4.88e-01h  2
 864  6.4842267e+01 2.13e-03 1.02e+01  -2.5 1.50e-01  -0.9 1.00e+00 1.00e+00h  1
 865  6.4841436e+01 2.86e-05 4.61e-02  -2.5 1.84e-02  -0.4 1.00e+00 1.00e+00h  1
 866  6.4836168e+01 4.06e-03 4.10e+00  -2.5 7.12e-02  -0.9 1.00e+00 1.00e+00h  1
 867  6.4845951e+01 2.68e-03 1.52e+01  -2.5 1.61e-02   0.4 1.00e+00 1.00e+00h  1
 868  6.4839907e+01 4.61e-04 1.16e+00  -2.5 2.60e-02  -0.1 1.00e+00 1.00e+00h  1
 869  6.4837720e+01 1.47e-04 1.68e+00  -2.5 1.58e-02  -0.5 1.00e+00 1.00e+00h  1
iter    objective    inf_pr   inf_du lg(mu)  ||d||  lg(rg) alpha_du alpha_pr  ls
 870  6.4830866e+01 2.82e-03 4.23e+00  -2.5 1.29e-02  -0.1 1.00e+00 1.00e+00h  1
 871  6.4834869e+01 9.53e-05 1.48e-01  -2.5 3.26e-02  -0.6 1.00e+00 1.00e+00h  1
 872  6.4833682e+01 4.21e-04 6.16e-01  -2.5 3.85e-02  -1.1 1.00e+00 1.00e+00h  1
 873  6.4832121e+01 8.00e-04 8.32e-02  -2.5 6.24e-02  -1.5 1.00e+00 1.00e+00h  1
 874  6.4830944e+01 4.93e-03 8.58e+02  -2.5 3.68e-01  -2.0 1.00e+00 3.78e-01h  2
 875  6.4848701e+01 1.74e-02 9.14e+01  -2.5 5.63e-02   0.2 1.00e+00 1.00e+00h  1
 876  6.4830070e+01 7.49e-03 2.29e+01  -2.5 2.41e-02  -0.3 1.00e+00 1.00e+00h  1
 877  6.4829243e+01 7.13e-03 1.04e+03  -2.5 4.29e-02   0.2 1.00e+00 5.41e-02h  5
 878  6.4828987e+01 7.08e-03 5.17e+03  -2.5 2.43e-01  -0.3 1.00e+00 8.94e-03h  5
 879  6.4828961e+01 7.07e-03 9.46e+03  -2.5 8.21e-01  -0.8 3.46e-01 1.25e-03h  9
iter    objective    inf_pr   inf_du lg(mu)  ||d||  lg(rg) alpha_du alpha_pr  ls
 880  6.4828949e+01 7.07e-03 9.48e+03  -2.5 1.04e-01  -0.4 1.00e+00 9.68e-04h 11
 881  6.4828947e+01 7.07e-03 9.09e+03  -2.5 5.58e-02   0.1 1.00e+00 1.22e-04h 14
 882  6.4828346e+01 6.97e-03 1.24e+04  -2.5 1.65e-01  -0.4 1.00e+00 3.52e-02h  5
 883  6.4826340e+01 6.85e-03 2.27e+04  -2.5 8.48e-02   0.9 1.00e+00 3.34e-02h  5
 884  6.4852093e+01 1.54e-02 2.98e+04  -2.5 9.33e-02   1.3 2.50e-01 1.00e+00h  1
 885  6.4842253e+01 1.48e-03 4.50e+02  -2.5 1.29e-01   0.9 1.00e+00 1.00e+00h  1
 886  6.4838561e+01 2.72e-06 8.59e+00  -2.5 1.39e-02   0.4 1.00e+00 1.00e+00h  1
 887  6.4834691e+01 4.10e-05 5.88e-01  -2.5 1.75e-02  -0.1 1.00e+00 1.00e+00h  1
 888  6.4831900e+01 2.56e-04 1.21e-02  -2.5 4.53e-02  -0.6 1.00e+00 1.00e+00h  1
 889  6.2082745e+01 1.65e-02 5.75e+02  -3.8 1.70e-01  -1.1 8.30e-01 6.59e-01f  1
iter    objective    inf_pr   inf_du lg(mu)  ||d||  lg(rg) alpha_du alpha_pr  ls
 890  6.1565025e+01 4.43e-03 9.59e+02  -3.8 3.92e-02   0.3 1.00e+00 7.83e-01h  1
 891  6.1383593e+01 1.46e-02 2.67e+03  -3.8 7.12e-02   0.7 1.00e+00 5.96e-01h  1
 892  6.1093682e+01 9.34e-03 1.12e+05  -3.8 1.09e-01   0.2 2.17e-02 4.53e-01h  1
 893  6.1089977e+01 8.09e-03 1.04e+05  -3.8 1.69e-02   1.6 1.00e+00 1.45e-01h  1
 894  6.1054245e+01 5.95e-03 6.35e+04  -3.8 1.87e-02   1.1 2.72e-01 3.93e-01h  1
 895  6.1049717e+01 5.23e-03 4.88e+04  -3.8 5.05e-02   1.5 2.56e-01 2.30e-01h  1
 896  6.0962601e+01 1.41e-03 8.94e+03  -3.8 9.15e-02   1.0 6.21e-01 8.25e-01h  1
 897  6.0935121e+01 1.25e-03 7.40e+03  -3.8 2.76e-02   0.6 1.00e+00 1.14e-01h  1
 898  6.0846965e+01 1.42e-04 9.85e+00  -3.8 2.25e-02   1.0 1.00e+00 1.00e+00f  1
 899  6.0813910e+01 7.98e-05 2.55e+00  -3.8 2.39e-03   1.4 1.00e+00 1.00e+00h  1
iter    objective    inf_pr   inf_du lg(mu)  ||d||  lg(rg) alpha_du alpha_pr  ls
 900  6.0724607e+01 1.11e-03 3.56e+00  -3.8 7.97e-03   0.9 1.00e+00 1.00e+00h  1
 901  6.0544388e+01 3.80e-04 3.83e+02  -3.8 4.29e-02   0.4 1.00e+00 8.14e-01h  1
 902  6.0470022e+01 1.01e-04 3.54e+01  -3.8 1.77e-02   0.9 1.00e+00 1.00e+00f  1
 903  6.0440903e+01 4.24e-05 8.57e+00  -3.8 4.00e-03   1.3 1.00e+00 1.00e+00h  1
 904  6.0372095e+01 5.97e-05 4.67e+02  -3.8 1.15e-02   0.8 1.00e+00 8.46e-01h  1
 905  6.0348995e+01 5.73e-05 7.67e+03  -3.8 3.67e-03   1.2 3.40e-01 7.83e-01f  1
 906  6.0265446e+01 5.17e-05 8.08e+00  -3.8 9.24e-03   0.8 1.00e+00 1.00e+00f  1
 907  6.0215080e+01 1.53e-04 4.03e+03  -3.8 4.36e-02   0.3 1.00e+00 2.18e-01h  1
 908  6.0129188e+01 1.03e-03 5.50e+00  -3.8 1.43e-02   0.7 1.00e+00 1.00e+00f  1
 909  6.0098751e+01 2.01e-04 1.97e+01  -3.8 9.14e-03   1.1 1.00e+00 1.00e+00h  1
iter    objective    inf_pr   inf_du lg(mu)  ||d||  lg(rg) alpha_du alpha_pr  ls
 910  6.0012814e+01 7.13e-05 4.49e+00  -3.8 9.90e-03   0.7 1.00e+00 1.00e+00h  1
 911  6.0007928e+01 9.75e-05 1.69e+04  -3.8 4.45e-01   0.2 3.98e-01 1.72e-02h  1
 912  5.9918184e+01 1.69e-04 1.45e+04  -3.8 9.55e-03   0.6 5.60e-01 1.00e+00h  1
 913  5.9844975e+01 3.01e-04 1.53e+04  -3.8 7.08e-02   0.1 8.72e-01 2.92e-01h  1
 914  5.9765753e+01 1.94e-04 6.35e+04  -3.8 2.01e-02   0.6 2.94e-02 8.79e-01f  1
 915  5.9578618e+01 6.40e-04 1.27e+04  -3.8 2.56e-02   0.1 1.00e+00 8.08e-01f  1
 916  5.9519220e+01 2.48e-04 3.28e+03  -3.8 1.16e-02   0.5 1.00e+00 7.44e-01h  1
 917  5.9472440e+01 3.74e-04 2.59e+03  -3.8 7.52e-02   0.0 1.75e-01 2.10e-01h  1
 918  5.9390205e+01 1.12e-04 8.82e+00  -3.8 1.38e-02   0.5 1.00e+00 1.00e+00f  1
 919  5.9359833e+01 2.48e-05 1.28e+00  -3.8 6.14e-03   0.9 1.00e+00 1.00e+00h  1
iter    objective    inf_pr   inf_du lg(mu)  ||d||  lg(rg) alpha_du alpha_pr  ls
 920  5.9345555e+01 8.40e-05 4.10e+03  -3.8 5.75e-02   0.4 1.00e+00 1.52e-01h  1
 921  5.9211905e+01 3.38e-03 5.58e+02  -3.8 1.25e-01  -0.1 7.07e-01 5.36e-01f  1
 922  5.9204144e+01 2.05e-03 2.50e+04  -3.8 1.44e-02   1.3 6.60e-02 1.00e+00f  1
 923  5.9170114e+01 3.11e-04 6.30e+00  -3.8 2.81e-02   0.8 1.00e+00 1.00e+00h  1
 924  5.9075140e+01 2.41e-04 7.52e+00  -3.8 1.79e-02   0.3 1.00e+00 1.00e+00h  1
 925  5.8996145e+01 4.19e-04 1.94e+03  -3.8 1.24e-01  -0.2 1.00e+00 3.02e-01h  1
 926  5.8902789e+01 2.78e-03 2.59e+03  -3.8 3.61e-02   0.3 1.41e-01 1.00e+00h  1
 927  5.8872160e+01 1.52e-03 2.13e+01  -3.8 8.60e-03   0.7 1.00e+00 1.00e+00h  1
 928  5.8805844e+01 2.06e-03 1.93e+02  -3.8 1.72e-02   0.2 1.00e+00 6.69e-01h  1
 929  5.8773167e+01 1.83e-03 4.96e+03  -3.8 2.84e-01  -0.3 1.00e+00 1.13e-01h  1
iter    objective    inf_pr   inf_du lg(mu)  ||d||  lg(rg) alpha_du alpha_pr  ls
 930  5.8761688e+01 4.55e-04 5.25e+04  -3.8 1.82e-02   1.1 1.05e-01 1.00e+00h  1
 931  5.8722554e+01 8.11e-05 4.18e+00  -3.8 1.11e-02   0.6 1.00e+00 1.00e+00h  1
 932  5.8667525e+01 2.38e-02 2.21e+03  -3.8 2.54e-01   0.1 1.00e+00 4.13e-01h  1
 933  5.8599115e+01 1.90e-02 1.30e+03  -3.8 3.91e-01  -0.4 5.55e-01 2.34e-01h  1
 934  5.8489931e+01 5.72e-03 3.23e+03  -3.8 2.51e-02   0.1 5.94e-01 1.00e+00h  1
 935  5.8489462e+01 5.89e-03 3.54e+03  -3.8 3.04e-01   0.5 2.31e-01 4.13e-02h  2
 936  5.8493448e+01 6.98e-03 2.35e+03  -3.8 1.55e-01   1.8 7.50e-02 2.50e-01h  3
 937  5.8484278e+01 1.28e-03 1.11e+02  -3.8 1.23e-01   1.3 1.00e+00 1.00e+00h  1
 938  5.8466421e+01 1.55e-05 1.30e+01  -3.8 2.41e-02   0.9 1.00e+00 1.00e+00h  1
 939  5.8413861e+01 3.46e-04 5.58e+00  -3.8 1.88e-02   0.4 1.00e+00 1.00e+00h  1
iter    objective    inf_pr   inf_du lg(mu)  ||d||  lg(rg) alpha_du alpha_pr  ls
 940  5.8391477e+01 1.48e-03 2.70e+00  -3.8 8.91e-03   0.8 1.00e+00 1.00e+00h  1
 941  5.8337548e+01 4.20e-04 1.07e+01  -3.8 1.47e-02   0.3 1.00e+00 1.00e+00h  1
 942  5.8327379e+01 4.08e-04 1.09e+04  -3.8 1.75e-01  -0.1 1.00e+00 6.17e-02h  1
 943  5.8052001e+01 3.31e-03 1.39e+04  -3.8 7.72e-02  -0.6 3.72e-01 6.86e-01f  1
 944  5.7951706e+01 1.01e-03 4.69e+03  -3.8 4.54e-02  -0.2 7.91e-01 7.15e-01h  1
 945  5.7901801e+01 2.37e-04 5.21e+03  -3.8 2.33e-02   0.2 5.97e-01 1.00e+00h  1
 946  5.7811825e+01 1.85e-03 2.83e+03  -3.8 9.78e-02  -0.3 1.00e+00 6.32e-01h  1
 947  5.7807193e+01 6.01e-04 7.81e+01  -3.8 2.99e-02   1.1 1.00e+00 1.00e+00f  1
 948  5.7787752e+01 2.13e-05 1.01e+01  -3.8 1.10e-02   0.6 1.00e+00 1.00e+00h  1
 949  5.7731284e+01 1.99e-04 5.36e+00  -3.8 1.23e-02   0.1 1.00e+00 1.00e+00h  1
iter    objective    inf_pr   inf_du lg(mu)  ||d||  lg(rg) alpha_du alpha_pr  ls
 950  5.7707914e+01 2.16e-03 6.49e+00  -3.8 1.19e-02   0.5 1.00e+00 1.00e+00h  1
 951  5.7650597e+01 2.35e-04 2.69e+00  -3.8 1.79e-02   0.1 1.00e+00 1.00e+00h  1
 952  5.7629182e+01 1.06e-04 1.85e+00  -3.8 8.30e-03   0.5 1.00e+00 1.00e+00h  1
 953  5.7620885e+01 4.78e-05 3.41e-01  -3.8 2.52e-03   0.9 1.00e+00 1.00e+00h  1
 954  5.7595292e+01 1.88e-03 8.17e+00  -3.8 1.55e-02   0.4 1.00e+00 1.00e+00h  1
 955  5.7565040e+01 1.24e-03 7.50e+02  -3.8 4.63e-02  -0.0 1.00e+00 4.62e-01h  1
 956  5.7541617e+01 1.51e-03 2.52e+04  -3.8 1.12e-02   0.4 6.49e-02 1.00e+00f  1
 957  5.7470732e+01 1.36e-03 5.38e+00  -3.8 2.17e-02  -0.1 1.00e+00 1.00e+00h  1
 958  5.7385882e+01 4.91e-03 4.98e+02  -3.8 2.88e-01  -0.6 1.00e+00 4.27e-01h  1
 959  5.7341233e+01 2.33e-03 4.37e+02  -3.8 4.10e-02  -0.1 1.00e+00 6.68e-01h  1
iter    objective    inf_pr   inf_du lg(mu)  ||d||  lg(rg) alpha_du alpha_pr  ls
 960  5.7337640e+01 2.05e-04 1.30e+04  -3.8 6.78e-02   1.2 1.22e-01 1.00e+00h  1
 961  5.7327158e+01 1.89e-05 6.08e+00  -3.8 6.84e-03   0.7 9.96e-01 1.00e+00h  1
 962  5.7297206e+01 2.77e-04 2.41e+00  -3.8 9.77e-03   0.2 1.00e+00 1.00e+00h  1
 963  5.7245069e+01 2.84e-04 2.83e+02  -3.8 3.95e-02  -0.2 1.00e+00 6.42e-01h  1
 964  5.7094204e+01 1.58e-03 3.00e+02  -3.8 7.99e-02  -0.7 6.27e-01 7.37e-01f  1
 965  5.7074867e+01 1.18e-03 1.53e+03  -3.8 2.95e-02  -0.3 1.00e+00 2.68e-01h  1
 966  5.7048072e+01 1.15e-04 2.22e+03  -3.8 1.85e-02   0.1 5.36e-01 1.00e+00h  1
 967  5.7037943e+01 4.82e-05 4.64e-01  -3.8 3.47e-03   0.6 1.00e+00 1.00e+00h  1
 968  5.7005044e+01 2.40e-02 6.96e+02  -3.8 6.48e-02   0.1 3.10e-01 1.00e+00h  1
 969  5.6979227e+01 1.77e-02 1.41e+03  -3.8 1.08e-01  -0.4 1.00e+00 2.98e-01h  1
iter    objective    inf_pr   inf_du lg(mu)  ||d||  lg(rg) alpha_du alpha_pr  ls
 970  5.6970850e+01 1.32e-02 8.85e+02  -3.8 3.47e-02   0.0 9.36e-01 2.86e-01h  1
 971  5.6960211e+01 4.47e-03 9.97e+02  -3.8 2.63e-02   0.5 8.63e-01 1.00e+00h  1
 972  5.6932517e+01 1.56e-03 3.48e+03  -3.8 3.03e-02  -0.0 4.46e-01 1.00e+00h  1
 973  5.6935461e+01 2.56e-03 2.34e+03  -3.8 3.89e-02   1.3 4.20e-01 1.00e+00h  1
 974  5.6928179e+01 1.91e-04 4.78e+01  -3.8 3.19e-02   0.8 1.00e+00 1.00e+00h  1
 975  5.6914557e+01 7.13e-05 4.16e+00  -3.8 6.77e-03   0.4 1.00e+00 1.00e+00h  1
 976  5.6909069e+01 5.85e-05 6.29e-01  -3.8 2.67e-03   0.8 1.00e+00 1.00e+00h  1
 977  5.6892670e+01 8.54e-04 5.07e+00  -3.8 1.01e-02   0.3 1.00e+00 1.00e+00h  1
 978  5.6887622e+01 1.29e-04 2.06e+00  -3.8 4.65e-03   0.7 1.00e+00 1.00e+00h  1
 979  5.6885494e+01 2.94e-05 9.43e-01  -3.8 2.09e-03   1.2 1.00e+00 1.00e+00h  1
iter    objective    inf_pr   inf_du lg(mu)  ||d||  lg(rg) alpha_du alpha_pr  ls
 980  5.6879106e+01 1.06e-04 3.08e-01  -3.8 2.80e-03   0.7 1.00e+00 1.00e+00h  1
 981  5.6861418e+01 2.23e-04 1.87e+00  -3.8 9.98e-03   0.2 1.00e+00 1.00e+00h  1
 982  5.6812759e+01 3.19e-04 5.33e-01  -3.8 2.49e-02  -0.3 1.00e+00 1.00e+00h  1
 983  5.6794383e+01 3.70e-04 8.29e-01  -3.8 9.44e-03   0.2 1.00e+00 1.00e+00h  1
 984  5.6788269e+01 1.56e-05 1.99e+00  -3.8 9.19e-03   0.6 1.00e+00 1.00e+00h  1
 985  5.6769253e+01 5.44e-05 1.41e+00  -3.8 7.18e-03   0.1 1.00e+00 1.00e+00h  1
 986  5.6715142e+01 1.20e-03 2.06e+00  -3.8 2.25e-02  -0.4 1.00e+00 1.00e+00h  1
 987  5.6696219e+01 7.28e-04 4.80e-01  -3.8 1.05e-02   0.1 1.00e+00 1.00e+00h  1
 988  5.6689722e+01 6.08e-05 3.09e+00  -3.8 1.16e-02   0.5 1.00e+00 1.00e+00h  1
 989  5.6668703e+01 8.29e-05 1.44e+00  -3.8 9.35e-03   0.0 1.00e+00 1.00e+00h  1
iter    objective    inf_pr   inf_du lg(mu)  ||d||  lg(rg) alpha_du alpha_pr  ls
 990  5.6613100e+01 2.02e-03 4.16e+01  -3.8 6.42e-02  -0.5 1.00e+00 9.43e-01h  1
 991  5.6611504e+01 3.17e-03 9.84e+01  -3.8 2.52e-01  -0.0 2.74e-01 1.40e-01h  1
 992  5.6590511e+01 2.75e-03 6.49e+02  -3.8 4.40e-02  -0.5 1.00e+00 3.40e-01h  1
 993  5.6592854e+01 4.63e-04 1.54e+03  -3.8 7.19e-02   1.7 8.06e-02 1.00e+00f  1
 994  5.6590584e+01 5.34e-06 5.74e+01  -3.8 1.69e-02   1.2 1.00e+00 1.00e+00h  1
 995  5.6586134e+01 2.98e-06 2.11e+00  -3.8 1.99e-03   0.8 1.00e+00 1.00e+00h  1
 996  5.6576251e+01 3.42e-05 2.43e-01  -3.8 6.55e-03   0.3 1.00e+00 1.00e+00h  1
 997  5.6547657e+01 2.10e-03 7.77e+00  -3.8 4.74e-02  -0.2 1.00e+00 1.00e+00h  1
 998  5.6541198e+01 2.64e-03 1.49e+00  -3.8 1.93e-02   0.2 1.00e+00 1.00e+00h  1
 999  5.6538638e+01 3.54e-03 2.18e+03  -3.8 1.50e+00  -0.3 4.28e-01 3.09e-02h  1
iter    objective    inf_pr   inf_du lg(mu)  ||d||  lg(rg) alpha_du alpha_pr  ls
1000  5.6535120e+01 5.77e-03 9.28e+02  -3.8 3.58e-01   1.1 2.96e-03 4.04e-02h  2
1001  5.6532119e+01 1.34e-04 1.03e+03  -3.8 1.44e-01   0.6 4.16e-01 1.00e+00h  1
1002  5.6520560e+01 4.43e-05 2.24e+01  -3.8 6.31e-03   0.1 9.79e-01 1.00e+00h  1
1003  5.6486300e+01 3.80e-04 2.06e-01  -3.8 1.94e-02  -0.4 1.00e+00 1.00e+00h  1
1004  5.6473580e+01 5.73e-05 2.76e-01  -3.8 8.44e-03   0.1 1.00e+00 1.00e+00h  1
1005  5.6468781e+01 1.89e-05 1.22e-01  -3.8 3.46e-03   0.5 1.00e+00 1.00e+00h  1
1006  5.6463725e+01 2.19e-03 1.88e+01  -3.8 1.43e-01   0.0 2.23e-01 2.55e-01h  1
1007  5.6445760e+01 1.35e-03 1.26e+02  -3.8 1.96e-02  -0.5 1.00e+00 4.37e-01h  1
1008  5.6368752e+01 3.36e-03 1.44e+02  -3.8 1.19e-01  -0.9 1.00e+00 7.35e-01f  1
1009  5.6368435e+01 3.29e-03 1.43e+02  -3.8 3.63e-01  -0.5 1.72e-01 2.28e-02h  1
iter    objective    inf_pr   inf_du lg(mu)  ||d||  lg(rg) alpha_du alpha_pr  ls
1010  5.6367997e+01 3.23e-03 1.39e+02  -3.8 3.22e-01   0.8 3.76e-02 1.83e-02h  2
1011  5.6368579e+01 3.16e-03 1.36e+02  -3.8 9.24e-01   0.3 1.64e-02 2.23e-02f  3
1012  5.6353415e+01 1.65e-03 5.19e+00  -3.8 1.53e-02  -0.1 1.00e+00 1.00e+00h  1
1013  5.6352707e+01 1.55e-03 8.04e+01  -3.8 1.34e-02   1.2 6.34e-01 1.00e+00h  1
1014  5.6347017e+01 2.02e-04 5.30e+00  -3.8 3.60e-02   0.7 1.00e+00 1.00e+00h  1
1015  5.6346380e+01 5.91e-06 7.45e-01  -3.8 6.92e-03   1.1 1.00e+00 1.00e+00h  1
1016  5.6343771e+01 3.62e-05 1.30e+00  -3.8 3.41e-03   0.7 1.00e+00 1.00e+00h  1
1017  5.6338707e+01 3.10e-03 6.05e+01  -3.8 6.50e-02   0.2 1.00e+00 3.10e-01h  1
1018  5.6315994e+01 5.44e-04 2.26e+00  -3.8 1.78e-02  -0.3 1.00e+00 1.00e+00h  1
1019  5.6317863e+01 9.16e-05 2.44e+00  -3.8 5.72e-03   1.0 1.00e+00 1.00e+00h  1
iter    objective    inf_pr   inf_du lg(mu)  ||d||  lg(rg) alpha_du alpha_pr  ls
1020  5.6313045e+01 1.37e-05 8.58e-01  -3.8 3.91e-03   0.6 1.00e+00 1.00e+00h  1
1021  5.6305883e+01 2.76e-04 2.38e+01  -3.8 2.05e-02   0.1 1.00e+00 6.37e-01h  1
1022  5.6300365e+01 8.96e-05 4.91e+00  -3.8 6.66e-03   0.5 1.00e+00 1.00e+00f  1
1023  5.6290345e+01 2.59e-04 5.56e+01  -3.8 1.45e-02   0.0 4.41e-01 1.00e+00h  1
1024  5.6282361e+01 4.37e-03 1.43e+01  -3.8 2.08e-02   0.5 1.00e+00 1.00e+00h  1
1025  5.6274281e+01 1.16e-03 9.60e+00  -3.8 1.38e-02  -0.0 1.00e+00 1.00e+00h  1
1026  5.6256417e+01 2.86e-03 9.88e+01  -3.8 8.54e-02  -0.5 1.00e+00 6.66e-01h  1
1027  5.6198480e+01 4.76e-03 1.46e+02  -3.8 1.34e-01  -1.0 1.00e+00 6.95e-01h  1
1028  5.6195163e+01 4.57e-03 4.55e+02  -3.8 1.43e-01  -0.5 9.22e-01 1.47e-01h  1
1029  5.6191487e+01 6.30e-03 5.55e+02  -3.8 8.04e-02   0.8 1.27e-01 1.77e-01h  2
iter    objective    inf_pr   inf_du lg(mu)  ||d||  lg(rg) alpha_du alpha_pr  ls
1030  5.6190960e+01 3.15e-03 2.61e+02  -3.8 4.66e-02   0.3 1.00e+00 1.00e+00h  1
1031  5.6187328e+01 4.13e-03 1.34e+03  -3.8 6.09e-02   0.7 1.00e+00 3.26e-01h  1
1032  5.6186985e+01 4.15e-03 3.83e+03  -3.8 8.67e-01   1.2 1.95e-01 1.50e-02h  2
1033  5.6189588e+01 4.47e-03 6.79e+04  -3.8 2.76e-01   3.4 4.44e-03 7.37e-02h  4
1034  5.6187463e+01 7.32e-04 1.47e+04  -3.8 1.27e-01   2.9 6.40e-05 1.00e+00f  1
1035  5.6186915e+01 6.51e-05 1.84e+02  -3.8 7.21e-03   2.4 9.88e-01 1.00e+00h  1
1036  5.6186979e+01 6.15e-07 1.35e+01  -3.8 1.32e-03   2.0 1.00e+00 1.00e+00h  1
1037  5.6187021e+01 1.28e-06 1.49e-01  -3.8 4.80e-04   1.5 1.00e+00 1.00e+00h  1
1038  5.6186313e+01 7.96e-06 1.52e-02  -3.8 1.38e-03   1.0 1.00e+00 1.00e+00h  1
1039  5.6183397e+01 1.12e-04 3.61e-01  -3.8 4.52e-03   0.5 1.00e+00 1.00e+00h  1
iter    objective    inf_pr   inf_du lg(mu)  ||d||  lg(rg) alpha_du alpha_pr  ls
1040  5.6175521e+01 1.99e-04 2.01e+00  -3.8 9.90e-03   0.1 1.00e+00 1.00e+00h  1
1041  5.6172321e+01 2.52e-04 2.58e+00  -3.8 5.16e-03   0.5 1.00e+00 1.00e+00h  1
1042  5.6164612e+01 5.02e-05 2.35e-01  -3.8 9.27e-03   0.0 1.00e+00 1.00e+00h  1
1043  5.6142155e+01 4.14e-04 7.25e-01  -3.8 2.62e-02  -0.5 1.00e+00 1.00e+00h  1
1044  5.6141515e+01 8.93e-06 2.48e+00  -3.8 1.37e-02   0.9 1.00e+00 1.00e+00h  1
1045  5.6138350e+01 8.22e-06 1.02e+00  -3.8 2.82e-03   0.4 1.00e+00 1.00e+00h  1
1046  5.6129298e+01 2.79e-04 2.92e-01  -3.8 7.79e-03  -0.1 1.00e+00 1.00e+00h  1
1047  5.6103609e+01 5.74e-04 2.36e-01  -3.8 2.09e-02  -0.6 1.00e+00 1.00e+00h  1
1048  5.6038957e+01 3.80e-03 5.77e-01  -3.8 5.45e-02  -1.1 1.00e+00 1.00e+00h  1
1049  5.6035407e+01 5.27e-04 4.24e+00  -3.8 7.63e-03   0.3 1.00e+00 1.00e+00h  1
iter    objective    inf_pr   inf_du lg(mu)  ||d||  lg(rg) alpha_du alpha_pr  ls
1050  5.6027344e+01 6.49e-05 1.26e-01  -3.8 1.66e-02  -0.2 1.00e+00 1.00e+00h  1
1051  5.6003418e+01 5.74e-04 1.19e+00  -3.8 3.18e-02  -0.7 1.00e+00 1.00e+00h  1
1052  5.6003047e+01 2.96e-05 2.87e+00  -3.8 1.79e-02   0.7 1.00e+00 1.00e+00h  1
1053  5.5999440e+01 3.54e-05 1.51e+00  -3.8 3.26e-03   0.2 1.00e+00 1.00e+00h  1
1054  5.5998009e+01 5.51e-05 4.85e-01  -3.8 2.66e-03   0.6 1.00e+00 1.00e+00h  1
1055  5.5993941e+01 2.05e-03 4.30e+00  -3.8 1.67e-02   0.1 1.00e+00 1.00e+00h  1
1056  5.5982227e+01 8.39e-04 5.55e+00  -3.8 2.77e-02  -0.4 1.00e+00 1.00e+00h  1
1057  5.5953909e+01 6.67e-04 2.08e+00  -3.8 3.23e-02  -0.8 1.00e+00 1.00e+00h  1
1058  5.5952735e+01 3.56e-05 3.15e+00  -3.8 9.37e-03   0.5 1.00e+00 1.00e+00h  1
1059  5.5949309e+01 1.25e-05 1.14e+00  -3.8 4.81e-03   0.0 1.00e+00 1.00e+00h  1
iter    objective    inf_pr   inf_du lg(mu)  ||d||  lg(rg) alpha_du alpha_pr  ls
1060  5.5947833e+01 2.81e-05 3.21e-01  -3.8 2.91e-03   0.4 1.00e+00 1.00e+00h  1
1061  5.5942816e+01 2.48e-04 7.45e-01  -3.8 6.96e-03  -0.0 1.00e+00 1.00e+00h  1
1062  5.5942066e+01 3.74e-05 1.49e+00  -3.8 5.04e-03   0.4 1.00e+00 1.00e+00h  1
1063  5.5936987e+01 2.12e-05 5.30e-01  -3.8 6.18e-03  -0.1 1.00e+00 1.00e+00h  1
1064  5.5922974e+01 4.26e-04 7.44e-01  -3.8 2.86e-02  -0.6 1.00e+00 1.00e+00h  1
1065  5.5921537e+01 2.14e-04 7.71e+00  -3.8 6.69e-03   0.8 1.00e+00 1.00e+00h  1
1066  5.5920080e+01 6.58e-06 5.49e-01  -3.8 7.60e-03   0.3 1.00e+00 1.00e+00h  1
1067  5.5914518e+01 2.32e-04 8.48e-01  -3.8 8.44e-03  -0.2 1.00e+00 1.00e+00h  1
1068  5.5899285e+01 3.97e-04 1.27e+00  -3.8 2.99e-02  -0.7 1.00e+00 1.00e+00h  1
1069  5.5880651e+01 2.78e-02 4.51e+02  -3.8 5.82e-01  -1.1 1.00e+00 4.21e-01h  1
iter    objective    inf_pr   inf_du lg(mu)  ||d||  lg(rg) alpha_du alpha_pr  ls
1070  5.5869300e+01 6.99e-03 3.70e+01  -3.8 7.25e-02  -0.7 1.00e+00 8.88e-01h  1
1071  5.5835542e+01 1.04e-02 8.84e+00  -3.8 5.43e-02  -1.2 1.00e+00 1.00e+00h  1
1072  5.5834605e+01 9.93e-03 8.71e+01  -3.8 2.01e-01  -0.8 3.26e-01 5.07e-02h  1
1073  5.5832966e+01 9.27e-03 2.22e+02  -3.8 1.02e-01   0.6 7.56e-01 8.02e-02h  1
1074  5.5832020e+01 9.67e-03 3.07e+02  -3.8 5.60e-02   0.1 8.33e-01 2.50e-01h  1
1075  5.5832534e+01 1.12e-02 1.30e+02  -3.8 5.83e-01  -0.4 2.64e-01 1.22e-01h  2
1076  5.5832041e+01 1.08e-02 3.53e+02  -3.8 5.44e-02   0.9 1.00e+00 4.40e-02h  2
1077  5.5831862e+01 1.06e-02 3.55e+02  -3.8 1.63e-01   1.4 1.01e-01 1.87e-02h  2
1078  5.5835136e+01 9.88e-03 7.25e+03  -3.8 1.22e-01   2.7 1.01e-02 9.00e-02h  2
1079  5.5830550e+01 5.96e-03 4.69e+03  -3.8 2.13e-01   2.2 1.43e-01 5.03e-01h  1
iter    objective    inf_pr   inf_du lg(mu)  ||d||  lg(rg) alpha_du alpha_pr  ls
1080  5.5833137e+01 5.24e-03 4.13e+03  -3.8 1.41e-01   1.7 7.26e-02 1.22e-01f  1
1081  5.5832957e+01 9.74e-05 3.81e+02  -3.8 1.29e-01   1.3 3.21e-01 1.00e+00h  1
1082  5.5832413e+01 1.53e-07 1.67e+00  -3.8 5.12e-04   0.8 1.00e+00 1.00e+00h  1
1083  5.5831688e+01 8.69e-05 6.90e-01  -3.8 4.48e-03   0.3 1.00e+00 1.00e+00h  1
1084  5.5827856e+01 4.28e-05 1.35e-01  -3.8 1.10e-02  -0.2 1.00e+00 1.00e+00h  1
1085  5.5818193e+01 1.51e-04 2.49e-01  -3.8 1.93e-02  -0.6 1.00e+00 1.00e+00h  1
1086  5.5793907e+01 8.28e-04 1.26e-01  -3.8 4.34e-02  -1.1 1.00e+00 1.00e+00h  1
1087  5.5784517e+01 2.25e-03 2.66e+02  -3.8 5.94e-01  -1.6 1.00e+00 1.59e-01h  1
1088  5.5764864e+01 4.08e-03 2.30e+01  -3.8 5.03e-02  -1.2 1.00e+00 1.00e+00h  1
1089  5.5760041e+01 2.42e-03 8.43e+00  -3.8 2.12e-02   0.2 1.00e+00 1.00e+00h  1
iter    objective    inf_pr   inf_du lg(mu)  ||d||  lg(rg) alpha_du alpha_pr  ls
1090  5.5758408e+01 2.44e-03 3.53e+02  -3.8 3.67e-02  -0.3 1.00e+00 3.11e-01h  1
1091  5.5757786e+01 5.82e-03 2.31e+02  -3.8 4.63e-01  -0.8 5.19e-01 2.09e-01h  2
1092  5.5752279e+01 5.40e-03 4.06e+01  -3.8 3.42e-02  -0.4 1.00e+00 1.00e+00h  1
1093  5.5752320e+01 5.38e-03 1.20e+03  -3.8 1.15e+00   0.1 2.21e-01 3.94e-03h  3
1094  5.5752534e+01 5.34e-03 3.03e+03  -3.8 5.36e-01   0.5 5.09e-01 1.11e-02h  5
1095  5.5752761e+01 5.34e-03 2.96e+03  -3.8 3.56e-01   1.8 2.39e-01 4.05e-03h  6
1096  5.5752622e+01 5.33e-03 1.83e+03  -3.8 3.32e-01   2.2 2.80e-01 2.58e-03h  6
1097  5.5752988e+01 5.33e-03 1.75e+03  -3.8 2.60e-01   2.7 2.39e-02 9.89e-03h  6
1098  5.5753199e+01 7.62e-05 1.84e+03  -3.8 1.10e-01   2.2 4.41e-03 1.00e+00h  1
1099  5.5753213e+01 4.65e-07 3.38e+00  -3.8 2.04e-03   1.7 1.00e+00 1.00e+00h  1
iter    objective    inf_pr   inf_du lg(mu)  ||d||  lg(rg) alpha_du alpha_pr  ls
1100  5.5753109e+01 6.31e-07 2.76e-01  -3.8 5.52e-04   1.2 1.00e+00 1.00e+00h  1
1101  5.5752821e+01 1.17e-06 8.06e-02  -3.8 8.55e-04   0.8 1.00e+00 1.00e+00h  1
1102  5.5752061e+01 1.05e-05 5.12e-02  -3.8 2.39e-03   0.3 1.00e+00 1.00e+00h  1
1103  5.5749902e+01 1.20e-04 2.40e-01  -3.8 6.53e-03  -0.2 1.00e+00 1.00e+00h  1
1104  5.5744307e+01 1.08e-04 9.33e-02  -3.8 1.69e-02  -0.7 1.00e+00 1.00e+00h  1
1105  5.5742451e+01 1.28e-05 1.07e-02  -3.8 6.60e-03  -0.3 1.00e+00 1.00e+00h  1
1106  5.5741661e+01 1.78e-06 3.44e-03  -3.8 2.32e-03   0.2 1.00e+00 1.00e+00h  1
1107  5.5739299e+01 1.57e-05 1.03e-01  -3.8 6.52e-03  -0.3 1.00e+00 1.00e+00h  1
1108  5.5738490e+01 3.53e-05 2.01e-01  -3.8 3.54e-03   0.1 1.00e+00 1.00e+00h  1
1109  5.5738220e+01 1.18e-05 7.45e-01  -3.8 3.05e-03   0.5 1.00e+00 1.00e+00h  1
iter    objective    inf_pr   inf_du lg(mu)  ||d||  lg(rg) alpha_du alpha_pr  ls
1110  5.5737049e+01 1.58e-05 3.42e-01  -3.8 3.20e-03   0.1 1.00e+00 1.00e+00h  1
1111  5.5734099e+01 1.40e-04 6.92e-01  -3.8 1.39e-02  -0.4 1.00e+00 1.00e+00h  1
1112  5.5726027e+01 2.11e-04 1.06e-01  -3.8 2.37e-02  -0.9 1.00e+00 1.00e+00h  1
1113  5.5723052e+01 3.27e-05 3.64e-02  -3.8 9.70e-03  -0.5 1.00e+00 1.00e+00h  1
1114  5.5721811e+01 1.17e-05 1.23e-02  -3.8 3.47e-03  -0.0 1.00e+00 1.00e+00h  1
1115  5.5716067e+01 6.79e-03 2.45e+01  -3.8 5.08e-02  -0.5 1.00e+00 9.30e-01h  1
1116  5.5717652e+01 1.31e-03 2.42e+01  -3.8 2.27e-02  -0.1 8.17e-01 1.00e+00h  1
1117  5.5714807e+01 5.60e-04 2.64e+00  -3.8 1.00e-02  -0.6 1.00e+00 1.00e+00h  1
1118  5.5713728e+01 1.40e-04 1.74e+00  -3.8 1.53e-02  -0.1 1.00e+00 1.00e+00h  1
1119  5.5709480e+01 7.11e-05 7.89e-01  -3.8 9.75e-03  -0.6 1.00e+00 1.00e+00h  1
iter    objective    inf_pr   inf_du lg(mu)  ||d||  lg(rg) alpha_du alpha_pr  ls
1120  5.5699220e+01 1.55e-03 2.73e+00  -3.8 4.70e-02  -1.1 1.00e+00 1.00e+00h  1
1121  5.5681233e+01 8.67e-03 3.78e+01  -3.8 2.32e-01  -1.6 1.00e+00 8.06e-01h  1
1122  5.5643933e+01 1.89e-02 4.37e-01  -3.8 1.18e-01  -2.0 1.00e+00 1.00e+00h  1
1123  5.5643539e+01 7.76e-03 3.64e+01  -3.8 4.32e-02   0.2 9.64e-01 1.00e+00h  1
1124  5.5642544e+01 1.76e-03 5.78e+00  -3.8 5.07e-02  -0.3 1.00e+00 1.00e+00h  1
1125  5.5640608e+01 6.62e-05 9.75e-01  -3.8 5.10e-02  -0.8 1.00e+00 1.00e+00h  1
1126  5.5635779e+01 4.66e-04 7.35e-01  -3.8 1.80e-02  -1.2 1.00e+00 1.00e+00h  1
1127  5.5624284e+01 3.19e-03 5.96e-01  -3.8 9.41e-02  -1.7 1.00e+00 1.00e+00h  1
1128  5.5604463e+01 1.63e-02 2.46e-01  -3.8 1.25e-01  -2.2 1.00e+00 1.00e+00h  1
1129  5.5603291e+01 1.30e-03 2.09e+00  -3.8 1.93e-02  -0.9 1.00e+00 1.00e+00h  1
iter    objective    inf_pr   inf_du lg(mu)  ||d||  lg(rg) alpha_du alpha_pr  ls
1130  5.5601255e+01 3.81e-04 1.01e+00  -3.8 1.82e-02  -1.3 1.00e+00 1.00e+00h  1
1131  5.5601147e+01 2.31e-06 3.96e-01  -3.8 2.15e-02  -0.0 1.00e+00 1.00e+00h  1
1132  5.5600815e+01 7.66e-06 7.06e-01  -3.8 2.54e-03  -0.5 1.00e+00 1.00e+00h  1
1133  5.5600472e+01 4.53e-05 3.07e-01  -3.8 4.21e-03  -0.1 1.00e+00 1.00e+00h  1
1134  5.5600218e+01 4.47e-05 1.90e-02  -3.8 1.05e-02  -0.5 1.00e+00 1.00e+00h  1
1135  5.5599180e+01 1.31e-04 3.50e-02  -3.8 2.52e-02  -1.0 1.00e+00 1.00e+00h  1
1136  5.5596381e+01 5.08e-04 2.84e-02  -3.8 4.94e-02  -1.5 1.00e+00 1.00e+00h  1
1137  5.5590928e+01 2.25e-03 9.31e+00  -3.8 9.17e-02  -2.0 1.00e+00 8.17e-01h  1
1138  5.5590535e+01 1.14e-03 3.77e+00  -3.8 2.47e-02  -0.6 1.00e+00 1.00e+00h  1
1139  5.5592270e+01 3.05e-04 7.35e+00  -3.8 8.71e-03   0.7 6.31e-01 1.00e+00h  1
iter    objective    inf_pr   inf_du lg(mu)  ||d||  lg(rg) alpha_du alpha_pr  ls
1140  5.5591549e+01 5.56e-05 8.34e-02  -3.8 8.14e-03   0.2 1.00e+00 1.00e+00h  1
1141  5.5590676e+01 1.59e-04 1.18e+00  -3.8 8.08e-03  -0.3 1.00e+00 1.00e+00h  1
1142  5.5590473e+01 1.08e-05 7.10e-01  -3.8 7.17e-03   0.2 1.00e+00 1.00e+00h  1
1143  5.5590641e+01 2.46e-06 1.01e-01  -3.8 1.46e-03   0.6 1.00e+00 1.00e+00h  1
1144  5.5590569e+01 2.23e-05 5.24e-02  -3.8 3.50e-03   0.1 1.00e+00 1.00e+00h  1
1145  5.5590896e+01 3.07e-03 8.25e+00  -3.8 2.94e-02  -0.4 8.51e-01 1.00e+00h  1
1146  5.5588431e+01 5.48e-04 7.11e-01  -3.8 2.92e-02  -0.9 1.00e+00 1.00e+00h  1
1147  5.5587778e+01 1.58e-04 2.40e-01  -3.8 4.67e-02  -1.3 1.00e+00 1.00e+00h  1
1148  5.5584377e+01 1.14e-03 8.88e-02  -3.8 7.51e-02  -1.8 1.00e+00 1.00e+00h  1
1149  5.5577937e+01 5.82e-03 9.93e-02  -3.8 1.42e-01  -2.3 1.00e+00 1.00e+00h  1
iter    objective    inf_pr   inf_du lg(mu)  ||d||  lg(rg) alpha_du alpha_pr  ls
1150  5.5569512e+01 1.58e-02 4.69e-01  -3.8 2.02e-01  -2.8 1.00e+00 1.00e+00h  1
1151  5.5567693e+01 1.57e-02 3.06e+01  -3.8 4.41e-02  -0.5 1.00e+00 1.00e+00h  1
1152  5.5567891e+01 2.91e-03 7.22e+00  -3.8 1.91e-02  -0.1 1.00e+00 1.00e+00h  1
1153  5.5568616e+01 8.13e-04 2.04e+00  -3.8 3.14e-02  -0.6 1.00e+00 1.00e+00h  1
1154  5.5568186e+01 1.42e-02 7.95e+01  -3.8 1.01e-01  -1.1 4.34e-01 1.00e+00h  1
1155  5.5567043e+01 2.09e-03 2.00e+00  -3.8 1.30e-01  -1.5 1.00e+00 1.00e+00h  1
1156  5.5566457e+01 3.29e-04 6.51e-02  -3.8 7.90e-02  -2.0 1.00e+00 1.00e+00h  1
1157  5.5564705e+01 1.50e-03 4.93e-02  -3.8 1.20e-01  -2.5 1.00e+00 1.00e+00h  1
1158  5.5562776e+01 2.88e-03 1.28e-02  -3.8 1.33e-01  -3.0 1.00e+00 1.00e+00h  1
1159  5.5562340e+01 2.23e-04 1.20e-02  -3.8 3.49e-02  -2.5 1.00e+00 1.00e+00h  1
iter    objective    inf_pr   inf_du lg(mu)  ||d||  lg(rg) alpha_du alpha_pr  ls
1160  5.5562188e+01 2.91e-05 9.06e-03  -3.8 1.01e-02  -2.1 1.00e+00 1.00e+00h  1
1161  5.5562075e+01 2.19e-04 3.85e+01  -3.8 6.33e-02  -2.6 1.00e+00 2.50e-01h  3
1162  5.5562019e+01 3.04e-04 1.06e+02  -3.8 1.09e-01  -2.2 1.00e+00 9.77e-02h  3
1163  5.5561882e+01 2.21e-04 2.37e+00  -3.8 1.15e-02  -0.8 1.00e+00 1.00e+00h  1
1164  5.5561687e+01 1.43e-04 9.48e+00  -3.8 6.47e-03   0.5 1.00e+00 5.00e-01h  2
1165  5.5561882e+01 5.78e-05 9.08e-01  -3.8 1.24e-02   0.0 1.00e+00 1.00e+00h  1
1166  5.5561100e+01 8.86e-04 1.38e+00  -3.8 7.06e-02    -  1.00e+00 1.00e+00h  1
1167  5.5561098e+01 1.28e-05 1.51e-01  -3.8 1.54e-02  -0.5 1.00e+00 1.00e+00h  1
1168  5.5561035e+01 7.05e-05 1.34e-01  -3.8 2.23e-02  -0.9 1.00e+00 1.00e+00h  1
1169  5.5561081e+01 3.18e-03 3.36e+01  -3.8 2.72e+00    -  4.55e-02 2.47e-02h  3
iter    objective    inf_pr   inf_du lg(mu)  ||d||  lg(rg) alpha_du alpha_pr  ls
1170  5.5561069e+01 9.64e-03 1.04e+01  -3.8 1.14e-01    -  7.20e-01 1.00e+00h  1
1171  5.5560559e+01 5.00e-04 4.84e-01  -3.8 4.42e-01    -  1.00e+00 1.00e+00h  1
1172  5.5560707e+01 4.91e-05 4.00e-02  -3.8 3.10e-02    -  1.00e+00 1.00e+00h  1
1173  5.5560702e+01 7.47e-06 3.11e-04  -3.8 1.92e-02    -  1.00e+00 1.00e+00h  1
1174  5.5366076e+01 3.60e-02 4.71e+02  -5.7 4.21e-01    -  6.01e-01 2.98e-01f  1
1175  5.5216596e+01 9.49e-02 4.84e+02  -5.7 7.81e-01    -  4.03e-01 3.07e-01h  1
1176  5.5135158e+01 6.07e-02 4.89e+02  -5.7 1.61e-01  -1.4 1.52e-01 3.69e-01h  1
1177  5.5126089e+01 5.42e-02 5.66e+02  -5.7 6.93e-02  -0.1 7.43e-02 1.08e-01h  1
1178  5.5113208e+01 4.24e-02 1.15e+03  -5.7 6.22e-02   0.3 3.53e-02 2.17e-01h  1
1179  5.5112827e+01 4.08e-02 1.16e+03  -5.7 4.50e-02   1.7 2.57e-02 3.85e-02h  1
iter    objective    inf_pr   inf_du lg(mu)  ||d||  lg(rg) alpha_du alpha_pr  ls
1180  5.5112805e+01 4.01e-02 6.07e+02  -5.7 4.33e-02   2.1 1.51e-01 1.60e-02h  1
1181  5.5111286e+01 3.37e-02 8.14e+02  -5.7 4.45e-02   1.6 6.80e-02 1.61e-01h  1
1182  5.5111235e+01 3.17e-02 3.68e+02  -5.7 3.97e-02   2.0 3.43e-01 5.81e-02h  1
1183  5.5110005e+01 2.70e-02 5.28e+02  -5.7 4.02e-02   1.6 3.03e-01 1.49e-01h  1
1184  5.5109937e+01 2.21e-02 1.04e+03  -5.7 3.39e-02   2.0 7.00e-01 1.82e-01h  1
1185  5.5106959e+01 1.53e-02 8.91e+02  -5.7 3.01e-02   1.5 7.59e-01 3.08e-01h  1
1186  5.5105743e+01 7.83e-03 5.04e+02  -5.7 2.04e-02   1.9 1.00e+00 4.89e-01h  1
1187  5.5103536e+01 6.44e-03 4.14e+02  -5.7 1.13e-02   1.5 5.35e-01 1.77e-01h  1
1188  5.5097277e+01 5.14e-03 3.28e+02  -5.7 1.00e-02   1.0 5.03e-01 2.02e-01h  1
1189  5.5092748e+01 2.82e-03 1.80e+02  -5.7 7.54e-03   1.4 1.00e+00 4.51e-01h  1
iter    objective    inf_pr   inf_du lg(mu)  ||d||  lg(rg) alpha_du alpha_pr  ls
1190  5.5086757e+01 1.97e-03 1.23e+02  -5.7 4.98e-03   0.9 6.48e-01 3.02e-01h  1
1191  5.5084778e+01 1.87e-03 1.17e+02  -5.7 5.33e-03   0.5 1.00e+00 5.30e-02h  1
1192  5.5075652e+01 5.99e-04 3.80e+01  -5.7 3.77e-03   0.9 1.00e+00 6.80e-01h  1
1193  5.5072031e+01 5.13e-04 1.12e+02  -5.7 5.51e-03   0.4 1.00e+00 1.44e-01h  1
1194  5.5064250e+01 4.29e-04 1.78e+02  -5.7 1.67e-02  -0.1 1.00e+00 1.66e-01h  1
1195  5.5056004e+01 3.81e-04 2.46e+02  -5.7 6.37e-02  -0.5 9.05e-01 1.20e-01h  1
1196  5.5043275e+01 2.02e-04 1.12e+02  -5.7 9.30e-03  -0.1 1.00e+00 5.02e-01h  1
1197  5.5035017e+01 1.73e-04 8.41e+01  -5.7 2.76e-02  -0.6 3.31e-01 1.98e-01h  1
1198  5.5031467e+01 1.38e-04 1.02e+02  -5.7 9.24e-03  -0.2 1.00e+00 2.11e-01h  1
1199  5.5023707e+01 1.58e-04 9.29e+01  -5.7 2.18e-02  -0.6 6.68e-01 2.49e-01h  1
iter    objective    inf_pr   inf_du lg(mu)  ||d||  lg(rg) alpha_du alpha_pr  ls
1200  5.5017601e+01 1.28e-04 5.72e+01  -5.7 7.79e-03  -0.2 1.00e+00 5.02e-01h  1
1201  5.5014257e+01 1.30e-04 8.53e+01  -5.7 2.44e-02  -0.7 4.50e-01 1.44e-01h  1
1202  5.5012238e+01 1.08e-04 6.46e+01  -5.7 7.66e-03  -0.3 6.02e-01 2.17e-01h  1
1203  5.5007980e+01 1.48e-04 7.46e+01  -5.7 2.00e-02  -0.7 6.70e-01 2.08e-01h  1
1204  5.5001122e+01 4.24e-04 6.76e+01  -5.7 1.01e-01  -1.2 2.17e-01 1.59e-01h  1
1205  5.4996504e+01 4.50e-04 1.08e+02  -5.7 3.39e-02  -0.8 1.00e+00 2.71e-01h  1
1206  5.4994643e+01 3.41e-04 6.31e+01  -5.7 1.16e-02  -0.4 4.03e-01 2.92e-01h  1
1207  5.4991834e+01 4.71e-03 1.65e+02  -5.7 4.14e-01  -0.9 4.60e-01 1.42e-01h  1
1208  5.4986567e+01 3.94e-03 1.11e+02  -5.7 7.21e-02  -1.3 2.94e-01 1.56e-01h  1
1209  5.4982911e+01 2.85e-03 5.71e+01  -5.7 2.84e-02  -0.9 5.71e-01 2.84e-01h  1
iter    objective    inf_pr   inf_du lg(mu)  ||d||  lg(rg) alpha_du alpha_pr  ls
1210  5.4978112e+01 2.28e-03 4.76e+01  -5.7 1.68e-01  -1.4 1.77e-01 1.69e-01h  1
1211  5.4978421e+01 2.91e-03 1.05e+02  -5.7 7.83e-02   0.9 3.13e-03 1.02e-01h  1
1212  5.4977751e+01 8.56e-04 4.64e+01  -5.7 5.61e-02   0.4 1.16e-02 7.27e-01f  1
1213  5.4977423e+01 5.80e-05 8.04e+00  -5.7 2.11e-02   0.8 8.35e-01 9.64e-01h  1
1214  5.4976590e+01 8.36e-06 1.08e+00  -5.7 1.72e-03   0.3 1.00e+00 1.00e+00f  1
1215  5.4974505e+01 1.69e-04 3.77e-01  -5.7 5.08e-03  -0.2 1.00e+00 1.00e+00h  1
1216  5.4972648e+01 5.46e-04 3.26e+01  -5.7 2.05e-02  -0.6 1.00e+00 3.49e-01h  1
1217  5.4970245e+01 4.63e-04 6.90e+01  -5.7 4.24e-02  -1.1 6.34e-01 1.92e-01h  1
1218  5.4969697e+01 4.56e-04 1.10e+02  -5.7 9.99e-01  -1.6 1.01e-01 1.59e-02h  1
1219  5.4967411e+01 4.08e-04 9.32e+01  -5.7 4.59e-02  -1.2 2.12e-01 1.86e-01h  1
iter    objective    inf_pr   inf_du lg(mu)  ||d||  lg(rg) alpha_du alpha_pr  ls
1220  5.4964265e+01 4.84e-04 1.11e+02  -5.7 1.82e-02  -0.7 2.94e-01 6.65e-01f  1
1221  5.4960635e+01 8.56e-04 8.43e+01  -5.7 4.67e-02  -1.2 4.68e-01 3.10e-01f  1
1222  5.4957503e+01 6.66e-04 3.69e+01  -5.7 1.75e-02  -0.8 1.00e+00 7.40e-01f  1
1223  5.4955810e+01 7.79e-04 9.81e+01  -5.7 5.47e-02  -1.3 3.23e-01 1.47e-01h  1
1224  5.4954954e+01 8.10e-04 6.21e+01  -5.7 3.04e-01  -1.7 1.36e-01 2.72e-02h  1
1225  5.4950436e+01 1.90e-03 3.01e+01  -5.7 5.19e-02  -1.3 4.59e-01 4.01e-01h  1
1226  5.4949017e+01 1.92e-03 5.77e+01  -5.7 1.93e-01  -1.8 1.51e-01 5.37e-02h  1
1227  5.4946971e+01 1.70e-03 2.03e+02  -5.7 4.08e-02  -1.4 7.90e-01 2.04e-01f  1
1228  5.4945954e+01 1.42e-03 1.61e+02  -5.7 4.32e-02  -0.9 1.20e-01 2.53e-01h  1
1229  5.4945837e+01 1.31e-03 9.84e+01  -5.7 6.45e-02  -0.5 3.69e-01 7.53e-02h  1
iter    objective    inf_pr   inf_du lg(mu)  ||d||  lg(rg) alpha_du alpha_pr  ls
1230  5.4943620e+01 7.48e-04 2.60e+01  -5.7 1.72e-02  -1.0 7.87e-01 6.32e-01f  1
1231  5.4940331e+01 1.37e-03 2.52e+01  -5.7 5.95e-02  -1.5 5.92e-01 3.38e-01h  1
1232  5.4939737e+01 1.18e-03 2.24e+01  -5.7 1.86e-02  -1.0 2.47e-01 1.61e-01h  1
1233  5.4938434e+01 3.55e-04 1.01e+01  -5.7 8.66e-03  -0.6 1.66e-01 8.65e-01f  1
1234  5.4936108e+01 8.17e-04 1.26e+01  -5.7 2.60e-02  -1.1 9.34e-01 5.75e-01h  1
1235  5.4935794e+01 9.56e-04 2.69e+02  -5.7 1.31e+00  -1.6 1.76e-01 1.73e-02h  1
1236  5.4935617e+01 9.16e-04 6.12e+02  -5.7 2.74e-02  -1.1 1.70e-01 4.19e-02h  1
1237  5.4932819e+01 1.60e-03 4.81e+02  -5.7 7.66e-02  -1.6 2.56e-01 2.49e-01f  1
1238  5.4931623e+01 1.32e-03 9.56e+02  -5.7 3.56e-02  -1.2 6.63e-01 2.83e-01h  1
1239  5.4930842e+01 1.34e-03 1.70e+02  -5.7 9.52e-02  -1.7 1.81e-01 6.95e-02h  1
iter    objective    inf_pr   inf_du lg(mu)  ||d||  lg(rg) alpha_du alpha_pr  ls
1240  5.4929993e+01 1.21e-03 1.24e+03  -5.7 3.59e-02  -1.2 1.12e-01 1.91e-01f  1
1241  5.4927618e+01 1.84e-03 1.27e+03  -5.7 1.21e-01  -1.7 4.81e-01 2.05e-01h  1
1242  5.4924788e+01 1.87e-03 5.34e+02  -5.7 3.98e-02  -1.3 5.45e-01 6.64e-01h  1
1243  5.4923894e+01 1.88e-03 5.19e+02  -5.7 1.19e-01  -1.8 2.06e-01 8.07e-02h  1
1244  5.4922653e+01 4.30e-03 5.08e+02  -5.7 1.39e+00  -2.2 3.51e-02 2.48e-02f  1
1245  5.4920535e+01 3.36e-03 3.97e+02  -5.7 9.23e-02  -1.8 2.47e-01 2.25e-01h  1
1246  5.4920157e+01 1.35e-03 1.36e+02  -5.7 3.21e-02  -0.5 5.36e-01 6.32e-01f  1
1247  5.4918608e+01 4.43e-04 4.12e+01  -5.7 1.46e-02  -1.0 5.04e-01 9.41e-01f  1
1248  5.4918541e+01 1.85e-06 4.04e-01  -5.7 8.54e-04   0.4 1.00e+00 1.00e+00f  1
1249  5.4918293e+01 1.37e-05 9.64e-03  -5.7 2.44e-03  -0.1 1.00e+00 1.00e+00h  1
iter    objective    inf_pr   inf_du lg(mu)  ||d||  lg(rg) alpha_du alpha_pr  ls
1250  5.4917580e+01 1.19e-04 1.16e-02  -5.7 7.25e-03  -0.6 1.00e+00 1.00e+00h  1
1251  5.4916021e+01 6.19e-04 3.82e+00  -5.7 2.14e-02  -1.1 1.00e+00 7.69e-01h  1
1252  5.4914659e+01 9.40e-04 1.50e+01  -5.7 6.04e-02  -1.6 4.52e-01 2.51e-01f  1
1253  5.4912400e+01 1.83e-03 6.45e+01  -5.7 1.91e-01  -2.0 3.16e-01 1.62e-01f  1
1254  5.4910510e+01 2.01e-03 5.76e+01  -5.7 6.89e-02  -1.6 4.56e-01 3.51e-01h  1
1255  5.4909389e+01 2.16e-03 5.25e+02  -5.7 2.23e-01  -2.1 6.04e-01 7.87e-02h  1
1256  5.4905344e+01 8.89e-03 6.06e+02  -5.7 7.77e-01  -2.6 4.25e-02 1.11e-01h  1
1257  5.4902705e+01 9.76e-03 6.70e+02  -5.7 1.96e-01  -2.1 4.35e-02 1.91e-01f  1
1258  5.4902722e+01 6.41e-03 3.95e+02  -5.7 1.66e-02   0.1 4.01e-01 3.44e-01f  1
1259  5.4902713e+01 6.34e-03 3.77e+02  -5.7 1.22e-02  -0.4 1.69e-01 1.03e-02h  1
iter    objective    inf_pr   inf_du lg(mu)  ||d||  lg(rg) alpha_du alpha_pr  ls
1260  5.4902315e+01 4.18e-03 2.20e+02  -5.7 2.20e-02  -0.9 6.72e-01 3.63e-01f  1
1261  5.4900338e+01 3.40e-03 5.85e+01  -5.7 3.96e-02  -1.3 1.00e+00 7.39e-01f  1
1262  5.4897949e+01 5.79e-03 3.67e+01  -5.7 1.44e-01  -1.8 2.29e-01 3.62e-01h  1
1263  5.4895245e+01 4.64e-03 2.93e+01  -5.7 2.13e-01  -2.3 2.58e-01 2.11e-01f  1
1264  5.4894051e+01 3.69e-03 2.21e+01  -5.7 1.56e-01  -1.9 6.74e-01 2.89e-01h  1
1265  5.4892655e+01 4.50e-03 2.07e+01  -5.7 1.85e+00  -2.3 4.76e-02 6.00e-02h  1
1266  5.4892638e+01 4.48e-03 2.07e+01  -5.7 6.14e+00  -1.9 7.74e-03 3.99e-03h  1
1267  5.4892621e+01 4.48e-03 2.07e+01  -5.7 2.04e+00   0.3 4.08e-03 6.10e-04h  1
1268  5.4892591e+01 4.46e-03 9.21e+01  -5.7 7.23e-01   0.7 1.42e-03 4.07e-03f  1
1269  5.4892590e+01 4.44e-03 9.42e+01  -5.7 3.76e-01   1.2 3.82e-03 4.55e-03h  1
iter    objective    inf_pr   inf_du lg(mu)  ||d||  lg(rg) alpha_du alpha_pr  ls
1270  5.4892591e+01 4.44e-03 8.84e+01  -5.7 1.64e-01   1.6 4.40e-04 1.21e-03h  1
1271  5.4892607e+01 4.42e-03 8.12e+01  -5.7 6.90e-02   2.0 4.05e-03 4.88e-03f  2
1272  5.4892643e+01 4.40e-03 8.14e+01  -5.7 3.79e-01   1.5 8.35e-04 2.31e-03h  1
1273  5.4892668e+01 3.63e-03 3.48e+02  -5.7 9.42e-03   2.0 8.56e-03 1.76e-01f  1
1274  5.4892667e+01 3.37e-03 3.23e+02  -5.7 3.05e-03   3.3 1.02e-01 7.18e-02h  1
1275  5.4892665e+01 3.20e-03 3.07e+02  -5.7 2.04e-03   3.7 2.43e-01 5.14e-02f  2
1276  5.4892671e+01 3.01e-03 2.89e+02  -5.7 2.76e-03   3.3 3.32e-01 5.93e-02h  1
1277  5.4892674e+01 2.76e-03 2.65e+02  -5.7 1.84e-03   3.7 2.23e-01 8.32e-02h  1
1278  5.4892734e+01 1.81e-03 2.00e+02  -5.7 2.32e-03   3.2 4.78e-01 3.44e-01h  1
1279  5.4892741e+01 1.75e-03 2.11e+02  -5.7 5.25e-02   2.7 4.84e-02 3.18e-02h  1
iter    objective    inf_pr   inf_du lg(mu)  ||d||  lg(rg) alpha_du alpha_pr  ls
1280  5.4892803e+01 9.86e-04 2.03e+02  -5.7 1.12e-03   3.2 7.78e-01 4.37e-01h  1
1281  5.4892841e+01 4.97e-04 1.53e+02  -5.7 1.31e-03   2.7 1.00e+00 4.96e-01f  2
1282  5.4892880e+01 9.94e-07 1.21e+02  -5.7 2.50e-03   2.2 9.06e-01 1.00e+00h  1
1283  5.4892807e+01 7.14e-08 6.63e-01  -5.7 1.75e-04   1.7 1.00e+00 1.00e+00h  1
1284  5.4892698e+01 4.93e-07 3.16e-02  -5.7 4.82e-04   1.2 1.00e+00 1.00e+00h  1
1285  5.4892601e+01 1.15e-06 4.76e+00  -5.7 1.35e-03   0.8 1.00e+00 5.82e-01h  1
1286  5.4892528e+01 1.54e-06 1.35e+01  -5.7 2.93e-03   0.3 1.00e+00 2.27e-01f  1
1287  5.4892317e+01 1.19e-05 1.46e+01  -5.7 6.79e-03  -0.2 1.00e+00 4.56e-01f  1
1288  5.4892134e+01 2.13e-05 1.16e+01  -5.7 1.52e-02  -0.7 1.00e+00 2.17e-01f  1
1289  5.4891634e+01 1.34e-04 2.28e+01  -5.7 2.21e-02  -1.1 1.00e+00 3.41e-01f  1
iter    objective    inf_pr   inf_du lg(mu)  ||d||  lg(rg) alpha_du alpha_pr  ls
1290  5.4890041e+01 1.61e-03 3.43e+01  -5.7 6.42e-02  -1.6 9.36e-01 4.16e-01f  1
1291  5.4886639e+01 7.42e-03 2.87e+01  -5.7 2.29e-01  -2.1 4.89e-01 3.19e-01h  1
1292  5.4884650e+01 6.41e-03 1.48e+01  -5.7 1.09e-01  -1.7 4.13e-01 4.35e-01h  1
1293  5.4882556e+01 3.70e-03 8.40e+01  -5.7 5.06e-02  -1.2 1.79e-02 1.00e+00f  1
1294  5.4882557e+01 3.67e-03 8.05e+01  -5.7 3.16e-03   1.0 3.72e-02 4.13e-02h  1
1295  5.4882553e+01 3.44e-03 7.79e+01  -5.7 2.75e-02   0.5 3.79e-03 3.29e-02f  1
1296  5.4882552e+01 3.43e-03 7.72e+01  -5.7 4.66e-02   0.9 7.91e-03 9.23e-03f  2
1297  5.4882552e+01 3.42e-03 7.50e+01  -5.7 3.11e-03   1.4 5.57e-01 2.84e-02h  1
1298  5.4882556e+01 2.36e-03 5.55e+01  -5.7 1.25e-02   0.9 7.51e-02 3.22e-01f  1
1299  5.4882530e+01 6.43e-04 1.88e+01  -5.7 9.93e-03   0.4 5.57e-01 8.28e-01f  1
iter    objective    inf_pr   inf_du lg(mu)  ||d||  lg(rg) alpha_du alpha_pr  ls
1300  5.4882521e+01 6.65e-04 1.64e+01  -5.7 1.25e-03   0.8 1.00e+00 1.30e-01f  1
1301  5.4882417e+01 2.99e-06 2.87e+00  -5.7 6.95e-03   0.4 1.00e+00 1.00e+00f  1
1302  5.4882376e+01 2.85e-06 5.58e+00  -5.7 3.59e-03  -0.1 1.00e+00 2.11e-01h  1
1303  5.4881912e+01 9.55e-05 3.61e-01  -5.7 1.11e-02  -0.6 1.00e+00 1.00e+00f  1
1304  5.4880520e+01 7.92e-04 1.19e+00  -5.7 3.60e-02  -1.1 1.00e+00 1.00e+00h  1
1305  5.4879642e+01 8.56e-04 2.04e+00  -5.7 1.59e-01  -1.6 1.87e-01 1.69e-01h  1
1306  5.4877916e+01 4.17e-03 1.21e+01  -5.7 1.81e-01  -2.0 1.47e-01 2.44e-01f  1
1307  5.4877647e+01 2.90e-03 1.77e+01  -5.7 1.99e-02  -0.7 3.73e-02 3.07e-01f  1
1308  5.4876661e+01 2.18e-03 3.13e+01  -5.7 1.24e-01  -1.2 1.05e-02 2.78e-01f  1
1309  5.4876494e+01 1.86e-03 2.92e+01  -5.7 2.96e-02  -0.8 5.00e-01 1.45e-01h  1
iter    objective    inf_pr   inf_du lg(mu)  ||d||  lg(rg) alpha_du alpha_pr  ls
1310  5.4876482e+01 1.79e-03 2.72e+01  -5.7 3.89e-02  -1.2 1.94e-02 4.23e-02f  1
1311  5.4875267e+01 8.57e-04 4.98e+01  -5.7 3.13e-02  -0.8 3.52e-01 1.00e+00f  1
1312  5.4875151e+01 8.40e-04 3.70e+01  -5.7 8.30e-02  -1.3 2.97e-01 2.98e-02h  1
1313  5.4874187e+01 6.05e-04 1.79e+01  -5.7 2.44e-02  -0.9 4.05e-01 8.34e-01f  1
1314  5.4874038e+01 5.80e-04 1.74e+01  -5.7 7.11e-02  -1.3 1.00e+00 5.32e-02f  1
1315  5.4871270e+01 4.46e-03 1.65e+01  -5.7 2.87e-01  -1.8 4.35e-02 2.98e-01f  1
1316  5.4869827e+01 5.08e-03 1.78e+01  -5.7 3.12e-01  -2.3 1.56e-01 1.37e-01h  1
1317  5.4869381e+01 4.62e-03 1.76e+01  -5.7 8.98e-02  -1.9 1.67e-01 1.35e-01h  1
1318  5.4868732e+01 4.87e-03 1.79e+01  -5.7 2.95e-01  -2.3 7.75e-02 6.11e-02h  1
1319  5.4868541e+01 4.83e-03 2.65e+01  -5.7 7.37e-01  -1.9 8.08e-02 1.06e-02h  1
iter    objective    inf_pr   inf_du lg(mu)  ||d||  lg(rg) alpha_du alpha_pr  ls
1320  5.4868019e+01 4.45e-03 2.29e+01  -5.7 1.63e-01  -1.5 3.31e-02 8.50e-02h  1
1321  5.4866626e+01 7.20e-03 2.31e+01  -5.7 1.69e-01  -2.0 3.76e-01 2.82e-01f  1
1322  5.4865302e+01 6.64e-03 2.22e+01  -5.7 4.06e-01  -2.4 1.84e-01 1.22e-01h  1
1323  5.4863997e+01 5.87e-03 1.26e+01  -5.7 9.10e-02  -2.0 3.74e-02 2.21e-01h  1
1324  5.4863585e+01 5.44e-03 1.53e+01  -5.7 7.85e-02  -1.6 2.71e-01 8.70e-02h  1
1325  5.4862074e+01 5.43e-03 1.27e+01  -5.7 1.84e-01  -2.1 1.03e-01 1.38e-01h  1
1326  5.4860772e+01 6.49e-03 4.76e+01  -5.7 2.65e-01  -2.5 1.84e-02 1.41e-01h  1
1327  5.4860898e+01 5.81e-03 5.85e+01  -5.7 4.15e-02  -0.3 1.62e-01 1.05e-01h  2
1328  5.4861273e+01 4.16e-03 4.32e+01  -5.7 5.76e-02  -0.8 3.04e-01 2.86e-01h  1
1329  5.4861191e+01 4.14e-03 4.35e+01  -5.7 2.79e+00  -1.3 4.36e-03 5.12e-03h  1
iter    objective    inf_pr   inf_du lg(mu)  ||d||  lg(rg) alpha_du alpha_pr  ls
1330  5.4861196e+01 4.14e-03 7.99e+02  -5.7 6.33e+00   1.9 4.09e-06 8.56e-05h  1
1331  5.4861190e+01 4.14e-03 6.78e+02  -5.7 5.07e-01   3.2 1.78e-08 3.65e-04f  1
1332  5.4861202e+01 3.66e-03 6.00e+02  -5.7 2.56e-03   3.6 1.30e-03 1.16e-01h  1
1333  5.4861207e+01 3.44e-03 5.65e+02  -5.7 2.29e-03   4.1 2.43e-01 5.90e-02f  1
1334  5.4861215e+01 3.16e-03 5.19e+02  -5.7 2.19e-03   3.6 3.26e-01 8.29e-02h  1
1335  5.4861229e+01 2.71e-03 5.51e+02  -5.7 2.01e-03   4.0 3.35e-01 1.41e-01h  1
1336  5.4861231e+01 2.62e-03 5.70e+02  -5.7 1.77e-03   3.5 2.55e-01 3.47e-02h  1
1337  5.4861239e+01 2.36e-03 2.20e+03  -5.7 1.69e-03   4.0 1.00e+00 9.98e-02f  2
1338  5.4861252e+01 1.94e-03 1.45e+03  -5.7 1.56e-03   3.5 3.74e-01 1.75e-01h  1
1339  5.4861258e+01 1.75e-03 1.14e+03  -5.7 1.36e-03   3.0 1.94e-01 9.98e-02h  1
iter    objective    inf_pr   inf_du lg(mu)  ||d||  lg(rg) alpha_du alpha_pr  ls
1340  5.4861275e+01 1.24e-03 7.13e+02  -5.7 1.17e-03   3.4 3.98e-01 2.90e-01f  2
1341  5.4861312e+01 1.97e-07 3.39e+01  -5.7 8.54e-04   2.9 1.00e+00 1.00e+00h  1
1342  5.4861295e+01 5.39e-09 2.02e-01  -5.7 3.22e-05   2.5 1.00e+00 1.00e+00h  1
1343  5.4861271e+01 2.28e-08 1.84e-02  -5.7 1.88e-04   2.0 1.00e+00 1.00e+00h  1
1344  5.4861222e+01 8.93e-08 2.58e-02  -5.7 1.65e-04   1.5 1.00e+00 1.00e+00h  1
1345  5.4861171e+01 1.71e-07 2.14e-02  -5.7 3.82e-04   1.0 1.00e+00 1.00e+00h  1
1346  5.4861111e+01 1.31e-06 3.79e-03  -5.7 1.04e-03   0.6 1.00e+00 1.00e+00h  1
1347  5.4860995e+01 1.02e-05 1.24e-02  -5.7 2.78e-03   0.1 1.00e+00 1.00e+00h  1
1348  5.4860669e+01 7.94e-05 1.30e-01  -5.7 7.31e-03  -0.4 1.00e+00 1.00e+00h  1
1349  5.4860122e+01 2.55e-04 1.55e+01  -5.7 1.97e-02  -0.9 1.00e+00 6.28e-01h  1
iter    objective    inf_pr   inf_du lg(mu)  ||d||  lg(rg) alpha_du alpha_pr  ls
1350  5.4858212e+01 2.91e-03 2.71e+00  -5.7 5.69e-02  -1.3 8.12e-01 8.23e-01f  1
1351  5.4857287e+01 2.09e-03 1.20e+01  -5.7 7.84e-02  -1.8 8.21e-02 4.83e-01f  1
1352  5.4857255e+01 5.03e-04 6.64e+00  -5.7 3.91e-03   0.4 5.55e-01 7.60e-01f  1
1353  5.4857127e+01 1.45e-05 6.39e-01  -5.7 3.51e-03  -0.1 8.48e-01 1.00e+00f  1
1354  5.4856779e+01 1.17e-04 1.67e-01  -5.7 1.02e-02  -0.5 1.00e+00 1.00e+00h  1
1355  5.4855793e+01 9.04e-04 1.46e+00  -5.7 2.76e-02  -1.0 5.29e-01 1.00e+00h  1
1356  5.4854798e+01 1.34e-03 3.58e+00  -5.7 7.18e-02  -1.5 9.44e-01 3.77e-01h  1
1357  5.4853805e+01 1.79e-03 5.97e+00  -5.7 2.10e-01  -2.0 2.27e-01 1.52e-01f  1
1358  5.4850690e+01 7.14e-03 6.66e+00  -5.7 2.61e-01  -2.5 3.17e-02 2.68e-01f  1
1359  5.4850386e+01 2.77e-03 2.06e+01  -5.7 4.35e-02  -1.1 1.39e-01 6.56e-01f  1
iter    objective    inf_pr   inf_du lg(mu)  ||d||  lg(rg) alpha_du alpha_pr  ls
1360  5.4850328e+01 2.36e-03 1.19e+01  -5.7 1.43e-02  -0.7 8.99e-01 1.50e-01f  1
1361  5.4850204e+01 2.10e-03 1.13e+01  -5.7 4.76e-02  -1.2 3.95e-01 1.15e-01f  1
1362  5.4849871e+01 1.26e-04 5.48e-01  -5.7 1.11e-02  -0.8 9.44e-01 1.00e+00f  1
1363  5.4848959e+01 9.10e-04 8.23e-02  -5.7 3.16e-02  -1.2 1.00e+00 1.00e+00h  1
1364  5.4847984e+01 1.56e-03 5.05e+00  -5.7 7.40e-02  -1.7 1.00e+00 4.24e-01h  1
1365  5.4846549e+01 3.05e-03 1.48e+00  -5.7 1.39e-01  -2.2 1.11e-01 3.02e-01f  1
1366  5.4844239e+01 7.37e-03 7.04e+00  -5.7 3.81e-01  -2.7 3.17e-02 2.22e-01f  1
1367  5.4844173e+01 1.16e-03 1.86e+01  -5.7 5.10e-03  -0.4 6.94e-02 8.42e-01f  1
1368  5.4843959e+01 4.22e-04 5.42e+00  -5.7 9.33e-03  -0.9 1.00e+00 6.88e-01f  1
1369  5.4843218e+01 7.23e-04 8.04e-01  -5.7 3.10e-02  -1.4 1.00e+00 1.00e+00f  1
iter    objective    inf_pr   inf_du lg(mu)  ||d||  lg(rg) alpha_du alpha_pr  ls
1370  5.4842194e+01 2.12e-03 1.41e+00  -5.7 7.61e-02  -1.9 3.36e-01 4.88e-01h  1
1371  5.4841195e+01 4.16e-03 5.24e+00  -5.7 3.17e-01  -2.3 6.81e-02 2.05e-01h  1
1372  5.4841183e+01 3.31e-03 6.62e+00  -5.7 1.54e-02  -0.1 5.12e-02 2.05e-01f  1
1373  5.4841164e+01 1.28e-03 5.00e+00  -5.7 1.13e-03   0.3 1.00e+00 6.13e-01f  1
1374  5.4841111e+01 4.46e-06 1.13e+00  -5.7 2.65e-03  -0.2 8.64e-01 1.00e+00f  1
1375  5.4840974e+01 2.95e-05 1.40e-01  -5.7 5.36e-03  -0.6 1.00e+00 1.00e+00h  1
1376  5.4840603e+01 2.41e-04 8.67e-02  -5.7 1.32e-02  -1.1 1.00e+00 9.78e-01h  1
1377  5.4839605e+01 2.06e-03 2.22e-01  -5.7 3.95e-02  -1.6 1.00e+00 1.00e+00f  1
1378  5.4839495e+01 1.99e-03 2.44e+00  -5.7 9.98e-02  -2.1 2.21e-01 4.45e-02h  1
1379  5.4838494e+01 2.22e-03 2.09e-01  -5.7 4.22e-02  -1.6 1.00e+00 1.00e+00f  1
iter    objective    inf_pr   inf_du lg(mu)  ||d||  lg(rg) alpha_du alpha_pr  ls
1380  5.4837353e+01 5.08e-03 2.40e+00  -5.7 1.40e-01  -2.1 2.48e-01 4.14e-01h  1
1381  5.4836697e+01 5.45e-03 2.64e+00  -5.7 3.48e-01  -2.6 2.56e-01 1.00e-01f  1
1382  5.4834606e+01 1.28e-02 6.82e+00  -5.7 1.31e-01  -2.2 2.37e-01 8.20e-01f  1
1383  5.4833982e+01 1.29e-02 6.73e+00  -5.7 3.97e-01  -2.6 5.19e-02 8.40e-02h  1
1384  5.4833612e+01 1.11e-02 3.06e+01  -5.7 3.27e-01  -2.2 2.88e-01 1.43e-01f  1
1385  5.4832759e+01 1.06e-02 9.36e+01  -5.7 2.98e-01  -2.7 8.42e-02 1.43e-01h  1
1386  5.4832293e+01 8.85e-03 4.44e+02  -5.7 1.64e-01  -2.3 7.46e-01 1.96e-01f  1
1387  5.4831221e+01 8.19e-03 2.36e+02  -5.7 3.93e-01  -2.7 2.79e-01 2.17e-01h  1
1388  5.4830149e+01 8.22e-03 2.23e+02  -5.7 8.03e-01  -3.2 2.20e-01 1.21e-01h  1
1389  5.4830218e+01 8.96e-03 2.19e+02  -5.7 2.15e+00  -2.8 2.29e-02 2.05e-02h  3
iter    objective    inf_pr   inf_du lg(mu)  ||d||  lg(rg) alpha_du alpha_pr  ls
1390  5.4828842e+01 9.03e-03 7.04e+01  -5.7 2.15e-01  -2.4 4.95e-01 6.23e-01h  1
1391  5.4827666e+01 6.58e-03 1.37e+01  -5.7 2.06e-01  -2.8 5.03e-02 4.42e-01f  1
1392  5.4827636e+01 5.90e-03 4.94e+01  -5.7 8.23e-02  -0.6 1.03e-02 1.03e-01h  1
1393  5.4827622e+01 5.35e-03 4.63e+01  -5.7 6.94e-02  -0.2 2.41e-04 9.34e-02h  1
1394  5.4827649e+01 4.58e-03 4.15e+01  -5.7 3.73e-03   2.0 1.31e-01 1.44e-01h  1
1395  5.4827658e+01 4.15e-03 3.51e+01  -5.7 3.39e-03   1.6 2.15e-01 9.37e-02h  1
1396  5.4827677e+01 3.75e-03 3.17e+01  -5.7 3.13e-03   2.0 3.24e-01 9.54e-02f  2
1397  5.4827705e+01 2.98e-03 2.50e+01  -5.7 2.96e-03   1.5 4.85e-01 2.07e-01h  1
1398  5.4827727e+01 2.16e-06 3.21e+00  -5.7 2.64e-03   1.0 8.22e-01 1.00e+00f  1
1399  5.4827644e+01 9.00e-07 6.63e+00  -5.7 1.17e-03   0.6 1.00e+00 6.18e-01h  1
iter    objective    inf_pr   inf_du lg(mu)  ||d||  lg(rg) alpha_du alpha_pr  ls
1400  5.4827591e+01 3.66e-07 5.27e+00  -5.7 1.25e-03   0.1 1.00e+00 6.47e-01f  1
1401  5.4827538e+01 3.76e-06 1.52e-02  -5.7 3.01e-03  -0.4 1.00e+00 1.00e+00f  1
1402  5.4827467e+01 2.27e-05 6.60e-01  -5.7 7.72e-03  -0.9 1.00e+00 8.43e-01h  1
1403  5.4827284e+01 2.48e-04 1.63e-02  -5.7 2.16e-02  -1.3 1.00e+00 1.00e+00f  1
1404  5.4826920e+01 9.29e-04 2.62e+01  -5.7 5.85e-02  -1.8 1.00e+00 7.26e-01h  1
1405  5.4825961e+01 6.18e-03 1.13e+02  -5.7 1.38e-01  -2.3 5.31e-01 8.88e-01f  1
1406  5.4825226e+01 3.99e-03 2.21e+01  -5.7 1.41e-01  -2.8 5.87e-02 3.71e-01f  1
1407  5.4825236e+01 3.79e-03 1.41e+01  -5.7 1.46e-02   0.4 8.94e-03 5.21e-02h  2
1408  5.4825236e+01 3.76e-03 1.34e+01  -5.7 3.76e-01  -0.1 1.68e-03 6.39e-03h  1
1409  5.4825228e+01 3.50e-03 1.92e+01  -5.7 8.66e-03   0.3 1.14e-01 7.06e-02h  1
iter    objective    inf_pr   inf_du lg(mu)  ||d||  lg(rg) alpha_du alpha_pr  ls
1410  5.4825232e+01 3.09e-03 1.20e+01  -5.7 6.08e-03   0.7 8.04e-02 1.18e-01f  2
1411  5.4825235e+01 1.64e-05 5.91e-01  -5.7 6.31e-03   0.3 1.00e+00 1.00e+00h  1
1412  5.4825188e+01 3.45e-06 1.04e-01  -5.7 1.10e-03  -0.2 1.00e+00 1.00e+00h  1
1413  5.4825145e+01 7.99e-06 5.58e-01  -5.7 3.14e-03  -0.7 1.00e+00 9.12e-01h  1
1414  5.4825060e+01 7.34e-05 3.44e-02  -5.7 9.63e-03  -1.2 1.00e+00 1.00e+00f  1
1415  5.4824838e+01 5.15e-04 4.99e-02  -5.7 2.81e-02  -1.7 1.00e+00 1.00e+00h  1
1416  5.4824258e+01 2.97e-03 3.62e-01  -5.7 7.22e-02  -2.1 1.00e+00 1.00e+00h  1
1417  5.4824021e+01 2.88e-03 4.75e+00  -5.7 1.28e-01  -2.6 3.90e-01 1.66e-01h  1
1418  5.4823651e+01 4.33e-03 4.03e+00  -5.7 4.74e-01  -3.1 8.51e-02 9.22e-02h  1
1419  5.4823332e+01 3.99e-03 4.03e+00  -5.7 8.14e-01  -3.6 8.37e-02 7.89e-02h  1
iter    objective    inf_pr   inf_du lg(mu)  ||d||  lg(rg) alpha_du alpha_pr  ls
1420  5.4822440e+01 8.87e-03 2.81e+01  -5.7 2.40e-01  -3.1 1.98e-01 4.86e-01h  1
1421  5.4822450e+01 8.21e-03 2.51e+01  -5.7 2.76e-02   0.9 1.54e-02 7.42e-02h  1
1422  5.4822445e+01 7.72e-03 2.41e+01  -5.7 2.71e-02   0.4 9.73e-02 5.95e-02h  1
1423  5.4822424e+01 5.68e-03 1.76e+01  -5.7 2.67e-02  -0.1 2.48e-01 2.65e-01f  1
1424  5.4822440e+01 1.45e-03 1.02e+01  -5.7 2.06e-02   0.4 4.29e-01 7.45e-01f  1
1425  5.4822392e+01 7.57e-04 1.17e+01  -5.7 6.75e-03  -0.1 1.00e+00 4.79e-01f  1
1426  5.4822312e+01 9.10e-07 8.11e-02  -5.7 5.11e-03  -0.6 1.00e+00 1.00e+00f  1
1427  5.4822284e+01 4.84e-06 8.68e-03  -5.7 3.11e-03  -1.1 1.00e+00 1.00e+00h  1
1428  5.4822195e+01 4.92e-05 2.24e-02  -5.7 8.98e-03  -1.5 1.00e+00 1.00e+00h  1
1429  5.4821956e+01 4.44e-04 2.63e-01  -5.7 2.48e-02  -2.0 1.00e+00 1.00e+00h  1
iter    objective    inf_pr   inf_du lg(mu)  ||d||  lg(rg) alpha_du alpha_pr  ls
1430  5.4821415e+01 2.92e-03 3.68e+00  -5.7 5.73e-02  -2.5 8.32e-01 1.00e+00h  1
1431  5.4821239e+01 2.10e-03 3.81e+01  -5.7 1.61e-01  -3.0 1.00e+00 3.16e-01h  1
1432  5.4820759e+01 3.70e-03 2.48e+01  -5.7 2.00e-01  -3.4 1.21e-01 5.10e-01h  1
1433  5.4820787e+01 3.40e-03 2.01e+01  -5.7 1.88e-02   2.4 1.26e-01 8.12e-02h  1
1434  5.4820791e+01 3.39e-03 1.81e+01  -5.7 6.48e-02   1.9 4.39e-02 4.33e-03h  1
1435  5.4820899e+01 5.65e-04 1.04e+02  -5.7 6.96e-03   1.4 7.65e-01 8.33e-01h  1
1436  5.4820834e+01 1.68e-04 3.59e+01  -5.7 1.74e-03   1.0 9.93e-01 7.03e-01f  1
1437  5.4820791e+01 4.12e-05 9.94e+00  -5.7 6.39e-04   0.5 1.00e+00 7.55e-01f  1
1438  5.4820752e+01 3.12e-06 2.24e+00  -5.7 7.08e-04   0.0 1.00e+00 1.00e+00f  1
1439  5.4820733e+01 3.86e-06 1.47e+00  -5.7 1.04e-03  -0.5 8.46e-01 1.00e+00h  1
iter    objective    inf_pr   inf_du lg(mu)  ||d||  lg(rg) alpha_du alpha_pr  ls
1440  5.4820699e+01 7.44e-04 1.07e+00  -5.7 2.36e-03  -0.0 1.00e+00 1.00e+00h  1
1441  5.4820692e+01 7.19e-04 7.67e-01  -5.7 1.05e-03  -0.5 1.00e+00 2.81e-01h  1
1442  5.4820674e+01 7.30e-05 5.49e-01  -5.7 3.50e-03  -1.0 1.00e+00 1.00e+00f  1
1443  5.4820673e+01 7.30e-05 1.83e+01  -5.7 7.82e+02    -  5.20e-04 1.08e-05h  5
1444  5.4820400e+01 3.16e-03 1.75e+01  -5.7 2.77e+00    -  5.60e-02 4.39e-02h  1
1445  5.4820015e+01 3.45e-03 1.43e+01  -5.7 1.54e+00    -  7.45e-02 1.61e-01h  1
1446  5.4820011e+01 3.17e-03 1.20e+01  -5.7 1.20e-02  -1.5 1.44e-01 7.98e-02h  1
1447  5.4820011e+01 3.17e-03 1.11e+01  -5.7 2.93e-02  -0.1 6.63e-02 2.35e-03h  2
1448  5.4820010e+01 3.14e-03 9.35e+00  -5.7 9.86e-03  -0.6 1.25e-01 9.27e-03h  1
1449  5.4820006e+01 3.13e-03 9.46e+00  -5.7 2.08e+01    -  8.06e-03 1.13e-03h  3
iter    objective    inf_pr   inf_du lg(mu)  ||d||  lg(rg) alpha_du alpha_pr  ls
1450  5.4819967e+01 1.42e-03 9.33e+00  -5.7 1.31e-02  -1.1 1.34e-01 5.54e-01h  1
1451  5.4819936e+01 6.69e-04 1.98e+00  -5.7 9.84e-03  -1.6 1.00e+00 5.34e-01f  1
1452  5.4819824e+01 1.91e-04 7.26e-02  -5.7 2.34e-02  -2.0 1.00e+00 1.00e+00f  1
1453  5.4819581e+01 1.91e-03 8.56e-01  -5.7 7.46e-02  -2.5 7.21e-01 6.97e-01h  1
1454  5.4819575e+01 1.98e-03 3.52e+00  -5.7 1.04e+00  -3.0 1.00e-01 5.55e-02h  2
1455  5.4819406e+01 2.29e-03 3.10e+00  -5.7 1.38e-01  -2.6 1.23e-01 2.81e-01h  1
1456  5.4819314e+01 2.07e-03 3.72e+01  -5.7 8.77e-01    -  4.95e-01 1.02e-01f  1
1457  5.4818949e+01 1.97e-02 3.00e+01  -5.7 4.72e-01    -  1.23e-01 4.40e-01h  1
1458  5.4818899e+01 7.42e-03 2.05e+01  -5.7 1.37e-01    -  4.34e-01 1.02e-01h  1
1459  5.4818609e+01 6.14e-03 1.19e+00  -5.7 1.32e-01    -  1.00e+00 1.00e+00h  1
iter    objective    inf_pr   inf_du lg(mu)  ||d||  lg(rg) alpha_du alpha_pr  ls
1460  5.4818521e+01 4.43e-03 9.62e-01  -5.7 1.44e-01    -  1.78e-01 2.79e-01h  1
1461  5.4818535e+01 2.10e-03 1.14e+00  -5.7 6.00e-02    -  1.00e+00 5.25e-01h  1
1462  5.4818453e+01 7.56e-04 2.56e+01  -5.7 2.44e-02    -  1.64e-01 1.00e+00f  1
1463  5.4818457e+01 7.12e-04 1.99e+01  -5.7 7.31e-04   1.5 8.74e-01 2.28e-01h  1
1464  5.4818475e+01 3.44e-06 5.90e+00  -5.7 9.64e-04   1.0 1.00e+00 1.00e+00f  1
1465  5.4818467e+01 2.11e-08 8.24e-03  -5.7 1.35e-04   0.5 1.00e+00 1.00e+00h  1
1466  5.4818467e+01 1.95e-08 1.36e-03  -5.7 1.12e-04   0.0 1.00e+00 1.00e+00h  1
1467  5.4818447e+01 3.39e-04 4.12e+00  -5.7 1.05e+00    -  1.84e-01 7.66e-02h  2
1468  5.4818416e+01 2.52e-03 4.50e+00  -5.7 1.20e+00    -  6.19e-02 5.90e-02h  1
1469  5.4818408e+01 2.15e-03 8.64e+00  -5.7 5.09e-02    -  3.11e-01 1.65e-01h  1
iter    objective    inf_pr   inf_du lg(mu)  ||d||  lg(rg) alpha_du alpha_pr  ls
1470  5.4818393e+01 1.72e-01 5.56e+01  -5.7 5.25e-01    -  6.92e-02 3.83e-01f  1
1471  5.4818388e+01 4.17e-03 3.75e+01  -5.7 2.00e+00    -  2.18e-01 9.90e-02h  1
1472  5.4818383e+01 2.74e-03 4.44e-01  -5.7 1.07e-01    -  1.00e+00 1.00e+00h  1
1473  5.4818372e+01 4.69e-04 3.06e-01  -5.7 9.48e-02    -  1.00e+00 1.00e+00h  1
1474  5.4818372e+01 3.60e-05 4.38e-03  -5.7 3.73e-02    -  1.00e+00 1.00e+00h  1
1475  5.4818373e+01 4.64e-06 8.28e-04  -5.7 3.48e-02    -  1.00e+00 1.00e+00h  1
1476  5.4818373e+01 1.29e-07 4.88e-05  -5.7 6.86e-03    -  1.00e+00 1.00e+00h  1
1477  5.4818373e+01 2.45e-11 4.79e-08  -5.7 1.09e-04    -  1.00e+00 1.00e+00h  1
1478  5.4816014e+01 1.42e-03 2.05e+01  -7.0 3.02e-01    -  4.68e-01 3.51e-01f  1
1479  5.4814308e+01 1.99e-03 1.54e+01  -7.0 3.37e-01    -  4.32e-01 3.99e-01h  1
iter    objective    inf_pr   inf_du lg(mu)  ||d||  lg(rg) alpha_du alpha_pr  ls
1480  5.4813225e+01 1.95e-03 2.30e+01  -7.0 3.53e-01    -  6.89e-01 4.23e-01h  1
1481  5.4812570e+01 1.65e-03 2.38e+01  -7.0 4.79e-01    -  7.64e-01 4.40e-01h  1
1482  5.4812142e+01 1.15e-03 1.20e+01  -7.0 3.40e-01    -  8.47e-01 5.18e-01h  1
1483  5.4811928e+01 6.45e-04 5.73e+00  -7.0 1.61e-01    -  5.21e-01 5.41e-01h  1
1484  5.4811844e+01 3.68e-04 7.31e+00  -7.0 7.45e-02    -  6.21e-01 4.58e-01h  1
1485  5.4811823e+01 2.91e-04 2.36e+01  -7.0 3.91e-02    -  4.06e-01 2.14e-01h  1
1486  5.4811762e+01 6.77e-05 3.24e+00  -7.0 3.06e-02    -  1.00e+00 8.07e-01h  1
1487  5.4811747e+01 7.04e-07 1.09e+01  -7.0 6.69e-03    -  7.17e-01 1.00e+00h  1
1488  5.4811747e+01 5.63e-09 3.61e-05  -7.0 1.22e-03    -  1.00e+00 1.00e+00h  1
1489  5.4811747e+01 1.72e-11 2.21e-07  -7.0 4.33e-05    -  1.00e+00 1.00e+00h  1

Number of Iterations....: 1489

                                   (scaled)                 (unscaled)
Objective...............:   5.4811747469300691e+01    5.4811747469300691e+01
Dual infeasibility......:   2.2098939822176589e-07    2.2098939822176589e-07
Constraint violation....:   3.5291214395272164e-12    1.7239543126379431e-11
Variable bound violation:   4.6244106421137965e-09    4.6244106421137965e-09
Complementarity.........:   9.0919825775303521e-08    9.0919825775303521e-08
Overall NLP error.......:   2.2098939822176589e-07    2.2098939822176589e-07


Number of objective function evaluations             = 1910
Number of objective gradient evaluations             = 1158
Number of equality constraint evaluations            = 1910
Number of inequality constraint evaluations          = 1910
Number of equality constraint Jacobian evaluations   = 1497
Number of inequality constraint Jacobian evaluations = 1497
Number of Lagrangian Hessian evaluations             = 1489
Total seconds in IPOPT                               = 2491.827

EXIT: Optimal Solution Found.
