#x_m,y_m
-16.396661062734516,28.784569364878163
-16.461121062734513,28.784569364878163
-16.52558106273451,28.849029364878167
-16.590041062734514,28.913489364878163
-16.65450106273451,28.97794936487816
-16.718961062734515,29.042409364878164
-16.78342106273451,29.042409364878164
-16.847881062734515,29.10686936487816
-16.912341062734512,29.171329364878165
-16.976801062734516,29.235789364878162
-17.041261062734513,29.300249364878166
-17.10572106273451,29.300249364878166
-17.170181062734514,29.364709364878163
-17.23464106273451,29.429169364878167
-17.299101062734515,29.493629364878164
-17.36356106273451,29.55808936487816
-17.428021062734516,29.622549364878164
-17.492481062734512,29.622549364878164
-17.55694106273451,29.68700936487816
-17.621401062734513,29.751469364878165
-17.68586106273451,29.815929364878162
-17.750321062734514,29.880389364878166
-17.81478106273451,29.944849364878163
-17.879241062734515,29.944849364878163
-17.94370106273451,30.009309364878167
-18.008161062734516,30.073769364878164
-18.072621062734513,30.13822936487816
-18.13708106273451,30.202689364878164
-18.201541062734513,30.26714936487816
-18.26600106273451,30.26714936487816
-18.330461062734514,30.331609364878165
-18.39492106273451,30.396069364878162
-18.459381062734515,30.460529364878166
-18.523841062734512,30.524989364878163
-18.588301062734516,30.524989364878163
-18.652761062734513,30.589449364878167
-18.71722106273451,30.653909364878164
-18.781681062734513,30.71836936487816
-18.84614106273451,30.782829364878165
-18.910601062734514,30.84728936487816
-18.97506106273451,30.84728936487816
-19.039521062734515,30.911749364878165
-19.103981062734512,30.976209364878162
-19.168441062734516,31.040669364878166
-19.232901062734513,31.105129364878163
-19.29736106273451,31.169589364878167
-19.361821062734514,31.169589364878167
-19.42628106273451,31.234049364878164
-19.490741062734514,31.29850936487816
-19.55520106273451,31.362969364878165
-19.619661062734515,31.42742936487816
-19.684121062734512,31.491889364878165
-19.748581062734516,31.491889364878165
-19.813041062734513,31.556349364878162
-19.87750106273451,31.620809364878166
-19.941961062734514,31.685269364878163
-20.00642106273451,31.749729364878167
-20.070881062734514,31.814189364878164
-20.13534106273451,31.814189364878164
-20.199801062734515,31.87864936487816
-20.264261062734512,31.943109364878165
-20.328721062734516,32.007569364878165
-20.393181062734513,32.07202936487816
-20.45764106273451,32.13648936487816
-20.522101062734514,32.13648936487816
-20.58656106273451,32.20094936487817
-20.651021062734515,32.26540936487817
-20.71548106273451,32.329869364878164
-20.779941062734515,32.39432936487816
-20.844401062734512,32.45878936487816
-20.908861062734516,32.52324936487817
-20.973321062734513,32.587709364878165
-21.03778106273451,32.587709364878165
-21.102241062734514,32.65216936487816
-21.16670106273451,32.71662936487816
-21.231161062734515,32.78108936487817
-21.29562106273451,32.84554936487817
-21.360081062734515,32.84554936487817
-21.424541062734512,32.910009364878164
-21.489001062734516,32.97446936487816
-21.553461062734513,33.03892936487816
-21.61792106273451,33.10338936487817
-21.682381062734514,33.167849364878165
-21.74684106273451,33.167849364878165
-21.811301062734515,33.23230936487816
-21.87576106273451,33.29676936487816
-21.940221062734516,33.36122936487817
-22.004681062734512,33.42568936487817
-22.069141062734516,33.490149364878164
-22.133601062734513,33.490149364878164
-22.19806106273451,33.55460936487816
-22.262521062734514,33.61906936487816
-22.32698106273451,33.68352936487817
-22.391441062734515,33.747989364878165
-22.45590106273451,33.81244936487816
-22.520361062734516,33.81244936487816
-22.584821062734513,33.87690936487816
-22.649281062734516,33.94136936487817
-22.713741062734513,34.00582936487817
-22.77820106273451,34.070289364878164
-22.842661062734514,34.070289364878164
-22.90712106273451,34.13474936487816
-22.971581062734515,34.19920936487816
-23.036041062734512,34.26366936487817
-23.100501062734516,34.328129364878166
-23.164961062734513,34.39258936487816
-23.229421062734517,34.39258936487816
-23.293881062734513,34.45704936487816
-23.35834106273451,34.52150936487817
-23.422801062734514,34.58596936487817
-23.48726106273451,34.650429364878164
-23.551721062734515,34.650429364878164
-23.616181062734512,34.71488936487816
-23.680641062734516,34.77934936487816
-23.745101062734513,34.84380936487817
-23.809561062734517,34.84380936487817
-23.874021062734514,34.908269364878166
-23.93848106273451,34.97272936487816
-24.002941062734514,35.03718936487816
-24.06740106273451,35.03718936487816
-24.131861062734515,35.10164936487817
-24.196321062734512,35.16610936487817
-24.260781062734516,35.230569364878164
-24.325241062734513,35.230569364878164
-24.38970106273451,35.29502936487816
-24.454161062734514,35.35948936487816
-24.51862106273451,35.42394936487817
-24.583081062734514,35.42394936487817
-24.64754106273451,35.488409364878166
-24.712001062734515,35.55286936487816
-24.776461062734512,35.55286936487816
-24.840921062734516,35.61732936487816
-24.905381062734513,35.68178936487817
-24.96984106273451,35.68178936487817
-25.034301062734514,35.74624936487817
-25.09876106273451,35.810709364878164
-25.163221062734515,35.810709364878164
-25.22768106273451,35.87516936487816
-25.292141062734515,35.93962936487816
-25.356601062734512,35.93962936487816
-25.421061062734516,36.00408936487817
-25.485521062734513,36.068549364878166
-25.54998106273451,36.068549364878166
-25.614441062734514,36.13300936487816
-25.67890106273451,36.19746936487816
-25.743361062734515,36.19746936487816
-25.80782106273451,36.26192936487817
-25.872281062734515,36.32638936487817
-25.936741062734512,36.32638936487817
-26.001201062734516,36.390849364878164
-26.065661062734513,36.390849364878164
-26.13012106273451,36.45530936487816
-26.194581062734514,36.51976936487816
-26.25904106273451,36.51976936487816
-26.323501062734515,36.58422936487817
-26.38796106273451,36.648689364878166
-26.452421062734516,36.648689364878166
-26.516881062734512,36.648689364878166
-26.581341062734516,36.71314936487816
-26.645801062734513,36.77760936487816
-26.71026106273451,36.77760936487816
-26.774721062734514,36.84206936487817
-26.83918106273451,36.84206936487817
-26.903641062734515,36.90652936487817
-26.96810106273451,36.970989364878164
-27.032561062734516,36.970989364878164
-27.097021062734512,37.03544936487816
-27.161481062734516,37.03544936487816
-27.225941062734513,37.09990936487816
-27.29040106273451,37.09990936487816
-27.354861062734514,37.16436936487817
-27.41932106273451,37.16436936487817
-27.483781062734515,37.228829364878166
-27.548241062734512,37.228829364878166
-27.612701062734516,37.29328936487816
-27.677161062734513,37.29328936487816
-27.741621062734517,37.35774936487816
-27.806081062734513,37.35774936487816
-27.87054106273451,37.42220936487817
-27.935001062734514,37.42220936487817
-27.99946106273451,37.42220936487817
-28.063921062734515,37.48666936487817
-28.128381062734512,37.551129364878165
-28.192841062734516,37.551129364878165
-28.257301062734513,37.551129364878165
-28.321761062734513,37.61558936487816
-28.386221062734514,37.61558936487816
-28.450681062734514,37.68004936487816
-28.515141062734514,37.68004936487816
-28.579601062734515,37.68004936487816
-28.644061062734515,37.74450936487817
-28.708521062734512,37.74450936487817
-28.772981062734512,37.808969364878166
-28.837441062734513,37.808969364878166
-28.901901062734513,37.808969364878166
-28.966361062734514,37.87342936487816
-29.030821062734514,37.87342936487816
-29.095281062734514,37.87342936487816
-29.159741062734515,37.93788936487816
-29.22420106273451,37.93788936487816
-29.288661062734512,38.00234936487817
-29.353121062734512,38.00234936487817
-29.417581062734513,38.00234936487817
-29.482041062734513,38.06680936487817
-29.546501062734514,38.06680936487817
-29.610961062734514,38.06680936487817
-29.675421062734515,38.131269364878165
-29.739881062734515,38.131269364878165
-29.804341062734512,38.131269364878165
-29.868801062734512,38.19572936487816
-29.933261062734513,38.19572936487816
-29.997721062734513,38.19572936487816
-30.062181062734513,38.26018936487816
-30.126641062734514,38.26018936487816
-30.191101062734514,38.26018936487816
-30.255561062734515,38.32464936487817
-30.320021062734515,38.32464936487817
-30.384481062734512,38.32464936487817
-30.448941062734512,38.389109364878166
-30.513401062734513,38.389109364878166
-30.577861062734513,38.389109364878166
-30.642321062734514,38.45356936487816
-30.706781062734514,38.45356936487816
-30.771241062734514,38.45356936487816
-30.835701062734515,38.45356936487816
-30.900161062734515,38.51802936487816
-30.964621062734512,38.51802936487816
-31.029081062734512,38.51802936487816
-31.093541062734513,38.58248936487817
-31.158001062734513,38.58248936487817
-31.222461062734514,38.58248936487817
-31.286921062734514,38.58248936487817
-31.351381062734514,38.64694936487817
-31.415841062734515,38.64694936487817
-31.480301062734515,38.64694936487817
-31.544761062734512,38.64694936487817
-31.609221062734512,38.711409364878165
-31.673681062734513,38.711409364878165
-31.738141062734513,38.711409364878165
-31.802601062734514,38.711409364878165
-31.867061062734514,38.711409364878165
-31.931521062734515,38.77586936487816
-31.995981062734515,38.77586936487816
-32.06044106273451,38.77586936487816
-32.12490106273451,38.77586936487816
-32.18936106273451,38.84032936487816
-32.25382106273452,38.84032936487816
-32.31828106273451,38.84032936487816
-32.38274106273451,38.84032936487816
-32.447201062734514,38.84032936487816
-32.51166106273452,38.90478936487817
-32.576121062734515,38.90478936487817
-32.64058106273451,38.90478936487817
-32.70504106273451,38.90478936487817
-32.76950106273451,38.969249364878166
-32.83396106273452,38.969249364878166
-32.89842106273451,38.969249364878166
-32.96288106273451,38.969249364878166
-33.027341062734514,38.969249364878166
-33.09180106273452,39.03370936487816
-33.156261062734515,39.03370936487816
-33.22072106273451,39.03370936487816
-33.28518106273451,39.03370936487816
-33.34964106273451,39.09816936487816
-33.41410106273452,39.09816936487816
-33.478561062734514,39.09816936487816
-33.54302106273451,39.09816936487816
-33.607481062734514,39.09816936487816
-33.67194106273452,39.16262936487817
-33.736401062734515,39.16262936487817
-33.80086106273451,39.16262936487817
-33.86532106273451,39.16262936487817
-33.92978106273451,39.16262936487817
-33.99424106273452,39.22708936487817
-34.058701062734514,39.22708936487817
-34.12316106273451,39.22708936487817
-34.187621062734515,39.22708936487817
-34.25208106273452,39.22708936487817
-34.316541062734515,39.22708936487817
-34.38100106273451,39.22708936487817
-34.44546106273451,39.291549364878165
-34.50992106273451,39.291549364878165
-34.57438106273452,39.291549364878165
-34.638841062734514,39.291549364878165
-34.70330106273451,39.291549364878165
-34.767761062734515,39.291549364878165
-34.83222106273452,39.291549364878165
-34.896681062734515,39.291549364878165
-34.96114106273451,39.35600936487816
-35.02560106273451,39.35600936487816
-35.09006106273451,39.35600936487816
-35.15452106273452,39.35600936487816
-35.218981062734514,39.35600936487816
-35.28344106273451,39.35600936487816
-35.347901062734515,39.35600936487816
-35.41236106273452,39.35600936487816
-35.476821062734516,39.42046936487816
-35.54128106273451,39.42046936487816
-35.60574106273451,39.42046936487816
-35.67020106273451,39.42046936487816
-35.73466106273452,39.42046936487816
-35.799121062734514,39.42046936487816
-35.86358106273451,39.42046936487816
-35.928041062734515,39.48492936487817
-35.99250106273452,39.48492936487817
-36.056961062734516,39.48492936487817
-36.12142106273451,39.48492936487817
-36.18588106273451,39.48492936487817
-36.25034106273451,39.48492936487817
-36.31480106273452,39.48492936487817
-36.379261062734514,39.54938936487817
-36.44372106273451,39.54938936487817
-36.508181062734515,39.54938936487817
-36.57264106273452,39.54938936487817
-36.637101062734516,39.54938936487817
-36.70156106273451,39.54938936487817
-36.76602106273451,39.54938936487817
-36.83048106273451,39.54938936487817
-36.89494106273452,39.54938936487817
-36.959401062734514,39.54938936487817
-37.02386106273451,39.54938936487817
-37.088321062734515,39.54938936487817
-37.15278106273452,39.54938936487817
-37.217241062734516,39.54938936487817
-37.28170106273451,39.54938936487817
-37.34616106273451,39.54938936487817
-37.41062106273451,39.54938936487817
-37.47508106273452,39.61384936487816
-37.539541062734514,39.61384936487816
-37.60400106273451,39.61384936487816
-37.668461062734515,39.61384936487816
-37.73292106273452,39.61384936487816
-37.797381062734516,39.61384936487816
-37.86184106273451,39.61384936487816
-37.92630106273451,39.61384936487816
-37.990761062734514,39.61384936487816
-38.05522106273452,39.61384936487816
-38.119681062734514,39.61384936487816
-38.18414106273451,39.61384936487816
-38.248601062734515,39.61384936487816
-38.31306106273452,39.61384936487816
-38.377521062734516,39.67830936487816
-38.44198106273451,39.67830936487816
-38.50644106273451,39.67830936487816
-38.570901062734514,39.67830936487816
-38.63536106273452,39.67830936487816
-38.699821062734514,39.67830936487816
-38.76428106273451,39.67830936487816
-38.828741062734515,39.67830936487816
-38.89320106273451,39.67830936487816
-38.957661062734516,39.67830936487816
-39.02212106273451,39.67830936487816
-39.08658106273451,39.67830936487816
-39.151041062734514,39.67830936487816
-39.21550106273452,39.67830936487816
-39.279961062734515,39.67830936487816
-39.34442106273451,39.67830936487816
-39.408881062734515,39.67830936487816
-39.47334106273451,39.67830936487816
-39.537801062734516,39.67830936487816
-39.60226106273451,39.67830936487816
-39.66672106273451,39.67830936487816
-39.731181062734514,39.67830936487816
-39.79564106273452,39.67830936487816
-39.860101062734515,39.67830936487816
-39.92456106273451,39.67830936487816
-39.989021062734516,39.67830936487816
-40.05348106273451,39.67830936487816
-40.117941062734516,39.67830936487816
-40.18240106273451,39.67830936487816
-40.24686106273451,39.61384936487816
-40.311321062734514,39.61384936487816
-40.37578106273452,39.61384936487816
-40.440241062734515,39.61384936487816
-40.50470106273451,39.61384936487816
-40.569161062734516,39.61384936487816
-40.63362106273451,39.61384936487816
-40.698081062734516,39.61384936487816
-40.76254106273451,39.61384936487816
-40.82700106273451,39.61384936487816
-40.891461062734514,39.61384936487816
-40.95592106273452,39.61384936487816
-41.020381062734515,39.61384936487816
-41.08484106273451,39.61384936487816
-41.149301062734516,39.54938936487817
-41.21376106273451,39.54938936487817
-41.27822106273452,39.54938936487817
-41.34268106273451,39.54938936487817
-41.40714106273451,39.54938936487817
-41.471601062734514,39.48492936487817
-41.53606106273452,39.48492936487817
-41.600521062734515,39.48492936487817
-41.66498106273451,39.48492936487817
-41.729441062734516,39.48492936487817
-41.79390106273451,39.48492936487817
-41.85836106273452,39.48492936487817
-41.92282106273451,39.42046936487816
-41.98728106273451,39.42046936487816
-42.051741062734514,39.42046936487816
-42.11620106273452,39.42046936487816
-42.180661062734515,39.35600936487816
-42.24512106273451,39.35600936487816
-42.30958106273451,39.35600936487816
-42.37404106273451,39.35600936487816
-42.43850106273452,39.291549364878165
-42.502961062734514,39.291549364878165
-42.56742106273451,39.291549364878165
-42.631881062734514,39.22708936487817
-42.69634106273452,39.22708936487817
-42.760801062734515,39.22708936487817
-42.82526106273451,39.16262936487817
-42.88972106273451,39.16262936487817
-42.95418106273451,39.16262936487817
-43.01864106273452,39.09816936487816
-43.083101062734514,39.03370936487816
-43.14756106273451,39.03370936487816
-43.212021062734514,38.969249364878166
-43.27648106273452,38.969249364878166
-43.340941062734515,38.90478936487817
-43.40540106273451,38.84032936487816
-43.46986106273451,38.77586936487816
-43.53432106273451,38.711409364878165
-43.59878106273452,38.64694936487817
-43.59878106273452,38.58248936487817
-43.663241062734514,38.51802936487816
-43.663241062734514,38.45356936487816
-43.663241062734514,38.389109364878166
-43.663241062734514,38.32464936487817
-43.72770106273451,38.26018936487816
-43.72770106273451,38.19572936487816
-43.72770106273451,38.131269364878165
-43.72770106273451,38.06680936487817
-43.792161062734515,38.00234936487817
-43.792161062734515,37.93788936487816
-43.792161062734515,37.87342936487816
-43.792161062734515,37.808969364878166
-43.85662106273452,37.74450936487817
-43.85662106273452,37.68004936487816
-43.85662106273452,37.61558936487816
-43.85662106273452,37.551129364878165
-43.85662106273452,37.48666936487817
-43.85662106273452,37.42220936487817
-43.792161062734515,37.35774936487816
-43.792161062734515,37.29328936487816
-43.792161062734515,37.228829364878166
-43.792161062734515,37.16436936487817
-43.792161062734515,37.09990936487816
-43.72770106273451,37.03544936487816
-43.72770106273451,36.970989364878164
-43.72770106273451,36.90652936487817
-43.72770106273451,36.84206936487817
-43.663241062734514,36.77760936487816
-43.663241062734514,36.71314936487816
-43.663241062734514,36.648689364878166
-43.663241062734514,36.58422936487817
-43.663241062734514,36.51976936487816
-43.59878106273452,36.45530936487816
-43.53432106273451,36.390849364878164
-43.53432106273451,36.32638936487817
-43.46986106273451,36.26192936487817
-43.46986106273451,36.19746936487816
-43.40540106273451,36.13300936487816
-43.40540106273451,36.068549364878166
-43.340941062734515,36.00408936487817
-43.27648106273452,35.93962936487816
-43.212021062734514,35.87516936487816
-43.212021062734514,35.810709364878164
-43.14756106273451,35.74624936487817
-43.083101062734514,35.68178936487817
-43.01864106273452,35.61732936487816
-42.95418106273451,35.55286936487816
-42.88972106273451,35.488409364878166
-42.82526106273451,35.42394936487817
-42.760801062734515,35.35948936487816
-42.69634106273452,35.29502936487816
-42.631881062734514,35.230569364878164
-42.56742106273451,35.16610936487817
-42.502961062734514,35.10164936487817
-42.43850106273452,35.03718936487816
-42.37404106273451,34.97272936487816
-42.30958106273451,34.908269364878166
-42.24512106273451,34.84380936487817
-42.180661062734515,34.77934936487816
-42.11620106273452,34.71488936487816
-42.051741062734514,34.650429364878164
-41.98728106273451,34.58596936487817
-41.92282106273451,34.58596936487817
-41.85836106273452,34.52150936487817
-41.79390106273451,34.45704936487816
-41.729441062734516,34.39258936487816
-41.66498106273451,34.39258936487816
-41.600521062734515,34.328129364878166
-41.53606106273452,34.26366936487817
-41.471601062734514,34.19920936487816
-41.40714106273451,34.13474936487816
-41.34268106273451,34.070289364878164
-41.27822106273452,34.070289364878164
-41.21376106273451,34.00582936487817
-41.149301062734516,33.94136936487817
-41.08484106273451,33.87690936487816
-41.020381062734515,33.81244936487816
-40.95592106273452,33.747989364878165
-40.891461062734514,33.747989364878165
-40.82700106273451,33.68352936487817
-40.76254106273451,33.61906936487816
-40.698081062734516,33.55460936487816
-40.63362106273451,33.490149364878164
-40.569161062734516,33.490149364878164
-40.50470106273451,33.42568936487817
-40.440241062734515,33.36122936487817
-40.37578106273452,33.29676936487816
-40.311321062734514,33.23230936487816
-40.24686106273451,33.167849364878165
-40.18240106273451,33.10338936487817
-40.117941062734516,33.10338936487817
-40.05348106273451,33.03892936487816
-39.989021062734516,32.97446936487816
-39.92456106273451,32.910009364878164
-39.860101062734515,32.84554936487817
-39.79564106273452,32.84554936487817
-39.731181062734514,32.78108936487817
-39.66672106273451,32.71662936487816
-39.60226106273451,32.65216936487816
-39.537801062734516,32.587709364878165
-39.47334106273451,32.52324936487817
-39.408881062734515,32.52324936487817
-39.34442106273451,32.45878936487816
-39.279961062734515,32.39432936487816
-39.21550106273452,32.329869364878164
-39.151041062734514,32.26540936487817
-39.08658106273451,32.26540936487817
-39.02212106273451,32.20094936487817
-38.957661062734516,32.13648936487816
-38.89320106273451,32.07202936487816
-38.828741062734515,32.007569364878165
-38.76428106273451,31.943109364878165
-38.699821062734514,31.87864936487816
-38.63536106273452,31.87864936487816
-38.570901062734514,31.814189364878164
-38.50644106273451,31.749729364878167
-38.44198106273451,31.685269364878163
-38.377521062734516,31.620809364878166
-38.31306106273452,31.556349364878162
-38.248601062734515,31.556349364878162
-38.18414106273451,31.491889364878165
-38.119681062734514,31.42742936487816
-38.05522106273452,31.362969364878165
-37.990761062734514,31.29850936487816
-37.92630106273451,31.29850936487816
-37.86184106273451,31.234049364878164
-37.797381062734516,31.169589364878167
-37.73292106273452,31.105129364878163
-37.668461062734515,31.040669364878166
-37.60400106273451,30.976209364878162
-37.539541062734514,30.976209364878162
-37.47508106273452,30.911749364878165
-37.41062106273451,30.84728936487816
-37.34616106273451,30.782829364878165
-37.28170106273451,30.71836936487816
-37.217241062734516,30.653909364878164
-37.15278106273452,30.653909364878164
-37.088321062734515,30.589449364878167
-37.02386106273451,30.524989364878163
-36.959401062734514,30.460529364878166
-36.89494106273452,30.396069364878162
-36.83048106273451,30.331609364878165
-36.76602106273451,30.331609364878165
-36.70156106273451,30.26714936487816
-36.637101062734516,30.202689364878164
-36.57264106273452,30.13822936487816
-36.508181062734515,30.073769364878164
-36.44372106273451,30.073769364878164
-36.379261062734514,30.009309364878167
-36.31480106273452,29.944849364878163
-36.25034106273451,29.880389364878166
-36.18588106273451,29.815929364878162
-36.12142106273451,29.751469364878165
-36.056961062734516,29.68700936487816
-35.99250106273452,29.68700936487816
-35.928041062734515,29.622549364878164
-35.86358106273451,29.55808936487816
-35.799121062734514,29.493629364878164
-35.73466106273452,29.429169364878167
-35.67020106273451,29.364709364878163
-35.60574106273451,29.364709364878163
-35.54128106273451,29.300249364878166
-35.476821062734516,29.235789364878162
-35.41236106273452,29.171329364878165
-35.347901062734515,29.10686936487816
-35.28344106273451,29.042409364878164
-35.218981062734514,29.042409364878164
-35.15452106273452,28.97794936487816
-35.09006106273451,28.913489364878163
-35.02560106273451,28.849029364878167
-34.96114106273451,28.849029364878167
-34.896681062734515,28.784569364878163
-34.83222106273452,28.720109364878166
-34.767761062734515,28.655649364878162
-34.70330106273451,28.591189364878165
-34.638841062734514,28.52672936487816
-34.57438106273452,28.462269364878164
-34.50992106273451,28.462269364878164
-34.44546106273451,28.39780936487816
-34.38100106273451,28.333349364878163
-34.316541062734515,28.268889364878167
-34.25208106273452,28.204429364878163
-34.187621062734515,28.204429364878163
-34.12316106273451,28.139969364878166
-34.058701062734514,28.07550936487816
-33.99424106273452,28.011049364878165
-33.92978106273451,27.94658936487816
-33.86532106273451,27.882129364878164
-33.80086106273451,27.81766936487816
-33.736401062734515,27.81766936487816
-33.67194106273452,27.753209364878163
-33.607481062734514,27.688749364878166
-33.54302106273451,27.624289364878162
-33.478561062734514,27.559829364878166
-33.41410106273452,27.49536936487816
-33.34964106273451,27.49536936487816
-33.28518106273451,27.430909364878165
-33.22072106273451,27.36644936487816
-33.156261062734515,27.301989364878164
-33.09180106273452,27.237529364878167
-33.027341062734514,27.237529364878167
-32.96288106273451,27.173069364878163
-32.89842106273451,27.108609364878166
-32.83396106273452,27.044149364878162
-32.76950106273451,26.979689364878165
-32.70504106273451,26.91522936487816
-32.64058106273451,26.91522936487816
-32.576121062734515,26.850769364878165
-32.51166106273452,26.78630936487816
-32.447201062734514,26.721849364878164
-32.38274106273451,26.657389364878167
-32.31828106273451,26.592929364878163
-32.25382106273452,26.592929364878163
-32.18936106273451,26.528469364878166
-32.12490106273451,26.464009364878162
-32.06044106273451,26.399549364878165
-31.995981062734515,26.33508936487816
-31.931521062734515,26.270629364878165
-31.867061062734514,26.270629364878165
-31.802601062734514,26.20616936487816
-31.738141062734513,26.141709364878164
-31.673681062734513,26.077249364878167
-31.609221062734512,26.012789364878163
-31.544761062734512,25.948329364878166
-31.480301062734515,25.948329364878166
-31.415841062734515,25.883869364878162
-31.351381062734514,25.819409364878165
-31.286921062734514,25.75494936487816
-31.222461062734514,25.75494936487816
-31.158001062734513,25.690489364878164
-31.093541062734513,25.62602936487816
-31.029081062734512,25.561569364878164
-30.964621062734512,25.497109364878167
-30.900161062734515,25.432649364878163
-30.835701062734515,25.368189364878166
-30.771241062734514,25.368189364878166
-30.706781062734514,25.303729364878162
-30.642321062734514,25.239269364878165
-30.577861062734513,25.17480936487816
-30.513401062734513,25.17480936487816
-30.448941062734512,25.110349364878164
-30.384481062734512,25.04588936487816
-30.320021062734515,24.981429364878164
-30.255561062734515,24.916969364878167
-30.191101062734514,24.852509364878163
-30.126641062734514,24.788049364878166
-30.062181062734513,24.788049364878166
-29.997721062734513,24.723589364878162
-29.933261062734513,24.659129364878165
-29.868801062734512,24.59466936487816
-29.804341062734512,24.59466936487816
-29.739881062734515,24.530209364878164
-29.675421062734515,24.46574936487816
-29.610961062734514,24.401289364878163
-29.546501062734514,24.336829364878167
-29.482041062734513,24.272369364878163
-29.417581062734513,24.207909364878166
-29.353121062734512,24.207909364878166
-29.288661062734512,24.143449364878162
-29.22420106273451,24.078989364878165
-29.159741062734515,24.01452936487816
-29.095281062734514,23.950069364878164
-29.030821062734514,23.950069364878164
-28.966361062734514,23.88560936487816
-28.901901062734513,23.821149364878163
-28.837441062734513,23.756689364878167
-28.772981062734512,23.692229364878163
-28.708521062734512,23.692229364878163
-28.644061062734515,23.627769364878166
-28.579601062734515,23.56330936487816
-28.515141062734514,23.498849364878165
-28.450681062734514,23.43438936487816
-28.386221062734514,23.369929364878164
-28.321761062734513,23.30546936487816
-28.257301062734513,23.30546936487816
-28.192841062734516,23.241009364878163
-28.128381062734512,23.176549364878166
-28.063921062734515,23.112089364878162
-27.99946106273451,23.112089364878162
-27.935001062734514,23.047629364878166
-27.87054106273451,22.98316936487816
-27.806081062734513,22.918709364878165
-27.741621062734517,22.85424936487816
-27.677161062734513,22.789789364878164
-27.612701062734516,22.72532936487816
-27.548241062734512,22.72532936487816
-27.483781062734515,22.660869364878163
-27.41932106273451,22.596409364878166
-27.354861062734514,22.531949364878162
-27.29040106273451,22.467489364878166
-27.225941062734513,22.40302936487816
-27.161481062734516,22.40302936487816
-27.097021062734512,22.338569364878165
-27.032561062734516,22.27410936487816
-26.96810106273451,22.209649364878164
-26.903641062734515,22.14518936487816
-26.83918106273451,22.14518936487816
-26.774721062734514,22.080729364878163
-26.71026106273451,22.016269364878166
-26.645801062734513,21.951809364878162
-26.581341062734516,21.887349364878165
-26.516881062734512,21.82288936487816
-26.452421062734516,21.82288936487816
-26.38796106273451,21.758429364878165
-26.323501062734515,21.69396936487816
-26.25904106273451,21.629509364878164
-26.194581062734514,21.56504936487816
-26.13012106273451,21.56504936487816
-26.065661062734513,21.500589364878163
-26.001201062734516,21.436129364878166
-25.936741062734512,21.371669364878162
-25.872281062734515,21.307209364878165
-25.80782106273451,21.24274936487816
-25.743361062734515,21.24274936487816
-25.67890106273451,21.178289364878164
-25.614441062734514,21.11382936487816
-25.54998106273451,21.049369364878164
-25.485521062734513,20.984909364878167
-25.421061062734516,20.984909364878167
-25.356601062734512,20.920449364878163
-25.292141062734515,20.855989364878166
-25.22768106273451,20.791529364878162
-25.163221062734515,20.727069364878165
-25.09876106273451,20.66260936487816
-25.034301062734514,20.66260936487816
-24.96984106273451,20.598149364878164
-24.905381062734513,20.53368936487816
-24.840921062734516,20.469229364878164
-24.776461062734512,20.404769364878167
-24.712001062734515,20.340309364878163
-24.64754106273451,20.340309364878163
-24.583081062734514,20.275849364878166
-24.51862106273451,20.211389364878162
-24.454161062734514,20.146929364878165
-24.38970106273451,20.08246936487816
-24.325241062734513,20.08246936487816
-24.260781062734516,20.018009364878164
-24.196321062734512,19.95354936487816
-24.131861062734515,19.889089364878163
-24.06740106273451,19.824629364878167
-24.002941062734514,19.824629364878167
-23.93848106273451,19.760169364878163
-23.874021062734514,19.695709364878166
-23.809561062734517,19.631249364878162
-23.745101062734513,19.566789364878165
-23.680641062734516,19.566789364878165
-23.616181062734512,19.50232936487816
-23.551721062734515,19.437869364878164
-23.48726106273451,19.37340936487816
-23.422801062734514,19.308949364878163
-23.35834106273451,19.244489364878167
-23.293881062734513,19.180029364878163
-23.229421062734517,19.180029364878163
-23.164961062734513,19.115569364878166
-23.100501062734516,19.05110936487816
-23.036041062734512,18.986649364878165
-22.971581062734515,18.92218936487816
-22.90712106273451,18.857729364878164
-22.842661062734514,18.857729364878164
-22.77820106273451,18.79326936487816
-22.713741062734513,18.728809364878163
-22.649281062734516,18.664349364878166
-22.584821062734513,18.599889364878162
-22.520361062734516,18.599889364878162
-22.45590106273451,18.535429364878166
-22.391441062734515,18.47096936487816
-22.32698106273451,18.406509364878165
-22.262521062734514,18.34204936487816
-22.19806106273451,18.34204936487816
-22.133601062734513,18.277589364878164
-22.069141062734516,18.21312936487816
-22.004681062734512,18.148669364878163
-21.940221062734516,18.084209364878166
-21.87576106273451,18.019749364878162
-21.811301062734515,18.019749364878162
-21.74684106273451,17.955289364878166
-21.682381062734514,17.89082936487816
-21.61792106273451,17.826369364878165
-21.553461062734513,17.76190936487816
-21.489001062734516,17.697449364878164
-21.424541062734512,17.697449364878164
-21.360081062734515,17.63298936487816
-21.29562106273451,17.568529364878163
-21.231161062734515,17.504069364878166
-21.16670106273451,17.439609364878162
-21.102241062734514,17.439609364878162
-21.03778106273451,17.375149364878165
-20.973321062734513,17.31068936487816
-20.908861062734516,17.246229364878165
-20.844401062734512,17.18176936487816
-20.779941062734515,17.117309364878164
-20.71548106273451,17.117309364878164
-20.651021062734515,17.05284936487816
-20.58656106273451,16.988389364878163
-20.522101062734514,16.923929364878166
-20.45764106273451,16.859469364878162
-20.393181062734513,16.795009364878165
-20.328721062734516,16.795009364878165
-20.264261062734512,16.73054936487816
-20.199801062734515,16.666089364878165
-20.13534106273451,16.60162936487816
-20.070881062734514,16.537169364878164
-20.00642106273451,16.47270936487816
-19.941961062734514,16.47270936487816
-19.87750106273451,16.408249364878163
-19.813041062734513,16.343789364878166
-19.748581062734516,16.279329364878162
-19.684121062734512,16.214869364878165
-19.619661062734515,16.214869364878165
-19.55520106273451,16.15040936487816
-19.490741062734514,16.085949364878164
-19.42628106273451,16.02148936487816
-19.361821062734514,15.957029364878164
-19.29736106273451,15.89256936487816
-19.232901062734513,15.89256936487816
-19.168441062734516,15.828109364878163
-19.103981062734512,15.763649364878166
-19.039521062734515,15.699189364878162
-18.97506106273451,15.634729364878165
-18.910601062734514,15.570269364878161
-18.84614106273451,15.570269364878161
-18.781681062734513,15.505809364878164
-18.71722106273451,15.44134936487816
-18.652761062734513,15.376889364878163
-18.588301062734516,15.31242936487816
-18.523841062734512,15.247969364878163
-18.459381062734515,15.247969364878163
-18.39492106273451,15.183509364878166
-18.330461062734514,15.119049364878162
-18.26600106273451,15.054589364878165
-18.201541062734513,14.990129364878161
-18.13708106273451,14.990129364878161
-18.072621062734513,14.925669364878164
-18.008161062734516,14.86120936487816
-17.94370106273451,14.796749364878163
-17.879241062734515,14.73228936487816
-17.81478106273451,14.667829364878163
-17.750321062734514,14.667829364878163
-17.68586106273451,14.603369364878166
-17.621401062734513,14.538909364878162
-17.55694106273451,14.474449364878165
-17.492481062734512,14.409989364878161
-17.428021062734516,14.345529364878164
-17.36356106273451,14.345529364878164
-17.299101062734515,14.28106936487816
-17.23464106273451,14.216609364878163
-17.170181062734514,14.152149364878166
-17.10572106273451,14.152149364878166
-17.041261062734513,14.087689364878162
-16.976801062734516,14.023229364878166
-16.912341062734512,13.958769364878162
-16.847881062734515,13.894309364878165
-16.78342106273451,13.82984936487816
-16.718961062734515,13.765389364878164
-16.65450106273451,13.765389364878164
-16.590041062734514,13.70092936487816
-16.52558106273451,13.636469364878163
-16.461121062734513,13.572009364878166
-16.396661062734516,13.507549364878162
-16.332201062734512,13.443089364878166
-16.267741062734515,13.443089364878166
-16.20328106273451,13.378629364878162
-16.138821062734515,13.314169364878165
-16.07436106273451,13.24970936487816
-16.009901062734514,13.185249364878164
-15.94544106273451,13.185249364878164
-15.880981062734513,13.12078936487816
-15.816521062734516,13.056329364878163
-15.752061062734512,12.991869364878166
-15.687601062734515,12.927409364878162
-15.623141062734511,12.927409364878162
-15.558681062734514,12.862949364878165
-15.49422106273451,12.798489364878161
-15.429761062734514,12.734029364878165
-15.36530106273451,12.66956936487816
-15.300841062734513,12.605109364878164
-15.236381062734516,12.54064936487816
-15.171921062734512,12.54064936487816
-15.107461062734515,12.476189364878163
-15.043001062734511,12.411729364878166
-14.978541062734514,12.347269364878162
-14.91408106273451,12.282809364878165
-14.849621062734514,12.218349364878161
-14.78516106273451,12.218349364878161
-14.720701062734513,12.153889364878165
-14.656241062734516,12.08942936487816
-14.591781062734512,12.024969364878164
-14.527321062734515,11.96050936487816
-14.462861062734511,11.96050936487816
-14.398401062734514,11.896049364878163
-14.33394106273451,11.831589364878166
-14.269481062734513,11.767129364878162
-14.20502106273451,11.702669364878165
-14.140561062734513,11.638209364878161
-14.076101062734516,11.638209364878161
-14.011641062734512,11.573749364878164
-13.947181062734515,11.50928936487816
-13.882721062734511,11.444829364878164
-13.818261062734514,11.38036936487816
-13.75380106273451,11.315909364878163
-13.689341062734513,11.315909364878163
-13.62488106273451,11.251449364878166
-13.560421062734513,11.186989364878162
-13.495961062734516,11.122529364878165
-13.431501062734512,11.122529364878165
-13.367041062734515,11.058069364878161
-13.302581062734511,10.993609364878164
-13.238121062734514,10.92914936487816
-13.17366106273451,10.864689364878164
-13.109201062734513,10.80022936487816
-13.04474106273451,10.735769364878163
-12.980281062734512,10.735769364878163
-12.915821062734516,10.671309364878166
-12.851361062734512,10.606849364878162
-12.786901062734515,10.542389364878165
-12.72244106273451,10.477929364878161
-12.657981062734514,10.413469364878164
-12.59352106273451,10.413469364878164
-12.529061062734513,10.34900936487816
-12.46460106273451,10.284549364878163
-12.400141062734512,10.220089364878163
-12.335681062734515,10.155629364878163
-12.271221062734512,10.155629364878163
-12.206761062734515,10.091169364878162
-12.14230106273451,10.026709364878162
-12.077841062734514,9.962249364878161
-12.01338106273451,9.897789364878161
-11.948921062734513,9.833329364878164
-11.884461062734509,9.833329364878164
-11.820001062734512,9.768869364878164
-11.755541062734515,9.704409364878163
-11.691081062734511,9.639949364878163
-11.626621062734515,9.575489364878162
-11.56216106273451,9.511029364878162
-11.497701062734514,9.511029364878162
-11.43324106273451,9.446569364878162
-11.368781062734513,9.382109364878161
-11.304321062734509,9.317649364878164
-11.239861062734512,9.253189364878164
-11.175401062734515,9.188729364878164
-11.110941062734511,9.188729364878164
-11.046481062734514,9.124269364878163
-10.98202106273451,9.059809364878163
-10.917561062734514,8.995349364878162
-10.85310106273451,8.930889364878162
-10.788641062734513,8.930889364878162
-10.724181062734516,8.866429364878162
-10.659721062734512,8.801969364878161
-10.595261062734515,8.737509364878164
-10.530801062734511,8.673049364878164
-10.466341062734514,8.608589364878164
-10.40188106273451,8.608589364878164
-10.337421062734514,8.544129364878163
-10.27296106273451,8.479669364878163
-10.208501062734513,8.415209364878162
-10.144041062734516,8.350749364878162
-10.079581062734512,8.286289364878161
-10.015121062734515,8.286289364878161
-9.950661062734511,8.221829364878161
-9.886201062734514,8.157369364878164
-9.82174106273451,8.092909364878164
-9.757281062734513,8.092909364878164
-9.69282106273451,8.028449364878163
-9.628361062734513,7.963989364878163
-9.563901062734516,7.899529364878163
-9.499441062734512,7.835069364878162
-9.434981062734515,7.770609364878162
-9.370521062734511,7.706149364878161
-9.306061062734514,7.706149364878161
-9.24160106273451,7.641689364878161
-9.177141062734513,7.577229364878164
-9.11268106273451,7.512769364878164
-9.048221062734513,7.448309364878163
-8.983761062734516,7.448309364878163
-8.919301062734512,7.383849364878163
-8.854841062734515,7.3193893648781625
-8.790381062734511,7.254929364878162
-8.725921062734514,7.190469364878162
-8.66146106273451,7.190469364878162
-8.597001062734513,7.126009364878161
-8.53254106273451,7.061549364878161
-8.468081062734512,6.997089364878164
-8.403621062734516,6.932629364878164
-8.339161062734512,6.868169364878163
-8.274701062734515,6.803709364878163
-8.21024106273451,6.803709364878163
-8.145781062734514,6.739249364878162
-8.08132106273451,6.674789364878162
-8.016861062734513,6.610329364878162
-7.952401062734509,6.545869364878161
-7.887941062734512,6.481409364878161
-7.8234810627345155,6.481409364878161
-7.7590210627345115,6.416949364878164
-7.694561062734515,6.3524893648781635
-7.630101062734511,6.288029364878163
-7.565641062734514,6.288029364878163
-7.50118106273451,6.223569364878163
-7.436721062734513,6.159109364878162
-7.372261062734509,6.094649364878162
-7.307801062734512,6.0301893648781615
-7.243341062734515,5.965729364878161
-7.178881062734511,5.965729364878161
-7.114421062734515,5.901269364878164
-7.049961062734511,5.836809364878164
-6.985501062734514,5.772349364878163
-6.92104106273451,5.707889364878163
-6.856581062734513,5.643429364878163
-6.792121062734509,5.578969364878162
-6.727661062734512,5.578969364878162
-6.663201062734515,5.514509364878162
-6.598741062734511,5.450049364878161
-6.5342810627345145,5.385589364878161
-6.4698210627345105,5.321129364878164
-6.405361062734514,5.256669364878164
-6.34090106273451,5.256669364878164
-6.276441062734513,5.192209364878163
-6.211981062734509,5.127749364878163
-6.147521062734512,5.0632893648781625
-6.083061062734515,4.998829364878162
-6.018601062734511,4.998829364878162
-5.954141062734514,4.934369364878162
-5.88968106273451,4.869909364878161
-5.825221062734514,4.805449364878161
-5.76076106273451,4.740989364878164
-5.696301062734513,4.676529364878164
-5.631841062734509,4.676529364878164
-5.567381062734512,4.612069364878163
-5.502921062734515,4.547609364878163
-5.438461062734511,4.483149364878162
-5.374001062734514,4.418689364878162
-5.30954106273451,4.354229364878162
-5.2450810627345135,4.354229364878162
-5.1806210627345095,4.289769364878161
-5.116161062734513,4.225309364878161
-5.051701062734509,4.160849364878164
-4.987241062734512,4.0963893648781635
-4.922781062734515,4.0963893648781635
-4.858321062734511,4.031929364878163
-4.793861062734514,3.9674693648781627
-4.72940106273451,3.9030093648781623
-4.664941062734513,3.838549364878162
-4.600481062734509,3.838549364878162
-4.5360210627345126,3.7740893648781615
-4.471561062734509,3.709629364878161
-4.407101062734512,3.6451693648781607
-4.342641062734515,3.580709364878164
-4.278181062734511,3.5162493648781634
-4.213721062734514,3.451789364878163
-4.14926106273451,3.451789364878163
-4.084801062734513,3.3873293648781626
-4.020341062734509,3.322869364878162
-3.9558810627345125,3.258409364878162
-3.8914210627345156,3.1939493648781614
-3.8269610627345116,3.1939493648781614
-3.762501062734515,3.129489364878161
-3.698041062734511,3.0650293648781606
-3.633581062734514,3.0005693648781637
-3.56912106273451,2.9361093648781633
-3.504661062734513,2.9361093648781633
-3.440201062734509,2.871649364878163
-3.3757410627345124,2.8071893648781625
-3.3112810627345155,2.742729364878162
-3.2468210627345115,2.6782693648781617
-3.1823610627345147,2.6138093648781613
-3.1179010627345107,2.6138093648781613
-3.053441062734514,2.549349364878161
-2.98898106273451,2.484889364878164
-2.924521062734513,2.4204293648781636
-2.860061062734509,2.355969364878163
-2.7956010627345123,2.291509364878163
-2.7311410627345154,2.2270493648781624
-2.6666810627345114,2.2270493648781624
-2.6022210627345146,2.162589364878162
-2.5377610627345106,2.0981293648781616
-2.4733010627345138,2.033669364878161
-2.40884106273451,1.9692093648781608
-2.344381062734513,1.9692093648781608
-2.279921062734509,1.904749364878164
-2.215461062734512,1.8402893648781635
-2.1510010627345153,1.7758293648781631
-2.0865410627345113,1.7113693648781627
-2.0220810627345145,1.7113693648781627
-1.9576210627345105,1.6469093648781623
-1.8931610627345137,1.582449364878162
-1.8287010627345097,1.5179893648781615
-1.7642410627345129,1.453529364878161
-1.699781062734509,1.3890693648781607
-1.635321062734512,1.3246093648781638
-1.5708610627345152,1.3246093648781638
-1.5064010627345112,1.2601493648781634
-1.4419410627345144,1.195689364878163
-1.3774810627345104,1.1312293648781626
-1.3130210627345136,1.0667693648781622
-1.2485610627345096,1.0023093648781618
-1.1841010627345128,1.0023093648781618
-1.1196410627345088,0.9378493648781614
-1.055181062734512,0.873389364878161
-0.9907210627345151,0.8089293648781606
-0.9262610627345111,0.7444693648781637
-0.8618010627345143,0.7444693648781637
-0.7973410627345103,0.6800093648781633
-0.7328810627345135,0.6155493648781629
-0.6684210627345095,0.5510893648781625
-0.6039610627345127,0.4866293648781621
-0.5395010627345087,0.4866293648781621
-0.47504106273451185,0.4221693648781617
-0.410581062734515,0.3577093648781613
-0.34612106273451104,0.2932493648781609
-0.2816610627345142,0.22878936487816048
-0.21720106273451023,0.22878936487816048
-0.15274106273451338,0.16432936487816363
-0.15274106273451338,0.09986936487816322
-0.08828106273450942,0.03540936487816282
-0.023821062734512566,0.03540936487816282
0.04063893726549139,-0.029050635121837587
0.10509893726548825,-0.09351063512183799
0.1695589372654851,-0.1579706351218384
0.23401893726548906,-0.1579706351218384
0.2984789372654859,-0.2224306351218388
0.36293893726548987,-0.2868906351218392
0.4273989372654867,-0.35135063512183606
0.4918589372654907,-0.41581063512183647
0.5563189372654875,-0.4802706351218369
0.6207789372654915,-0.4802706351218369
0.6852389372654883,-0.5447306351218373
0.7496989372654852,-0.6091906351218377
0.8141589372654892,-0.6736506351218381
0.878618937265486,-0.7381106351218385
0.94307893726549,-0.8025706351218389
1.0075389372654868,-0.8025706351218389
1.0719989372654908,-0.8670306351218393
1.1364589372654876,-0.9314906351218362
1.2009189372654916,-0.9959506351218366
1.2653789372654884,-1.060410635121837
1.3298389372654853,-1.060410635121837
1.3942989372654893,-1.1248706351218374
1.458758937265486,-1.1893306351218378
1.52321893726549,-1.2537906351218382
1.587678937265487,-1.3182506351218386
1.6521389372654909,-1.382710635121839
1.7165989372654877,-1.4471706351218394
1.7810589372654917,-1.4471706351218394
1.8455189372654885,-1.5116306351218363
1.9099789372654854,-1.5760906351218367
1.9744389372654894,-1.640550635121837
2.038898937265486,-1.7050106351218375
2.10335893726549,-1.7050106351218375
2.167818937265487,-1.7694706351218379
2.232278937265491,-1.8339306351218383
2.296738937265488,-1.8983906351218387
2.361198937265492,-1.962850635121839
2.4256589372654886,-1.962850635121839
2.4901189372654855,-2.0273106351218395
2.5545789372654895,-2.0917706351218364
2.6190389372654863,-2.1562306351218368
2.6834989372654903,-2.220690635121837
2.747958937265487,-2.2851506351218376
2.812418937265491,-2.2851506351218376
2.876878937265488,-2.349610635121838
2.941338937265485,-2.4140706351218384
3.0057989372654887,-2.478530635121839
3.0702589372654856,-2.542990635121839
3.1347189372654896,-2.6074506351218396
3.1991789372654864,-2.6719106351218365
3.2636389372654904,-2.6719106351218365
3.3280989372654872,-2.736370635121837
3.392558937265491,-2.8008306351218373
3.457018937265488,-2.8652906351218377
3.521478937265485,-2.8652906351218377
3.585938937265489,-2.929750635121838
3.6503989372654857,-2.9942106351218385
3.7148589372654897,-3.058670635121839
3.7793189372654865,-3.1231306351218393
3.8437789372654834,-3.1875906351218397
3.9082389372654944,-3.1875906351218397
3.9726989372654913,-3.2520506351218366
4.037158937265488,-3.316510635121837
4.101618937265485,-3.3809706351218374
4.166078937265482,-3.445430635121838
4.230538937265493,-3.509890635121838
4.29499893726549,-3.5743506351218386
4.359458937265487,-3.5743506351218386
4.4239189372654835,-3.638810635121839
4.4883789372654945,-3.7032706351218394
4.552838937265491,-3.7677306351218363
4.617298937265488,-3.8321906351218367
4.681758937265485,-3.8321906351218367
4.746218937265482,-3.896650635121837
4.810678937265493,-3.9611106351218375
4.87513893726549,-4.025570635121838
4.939598937265487,-4.090030635121838
5.004058937265484,-4.154490635121839
5.068518937265495,-4.154490635121839
5.1329789372654915,-4.218950635121839
5.197438937265488,-4.2834106351218395
5.261898937265485,-4.347870635121836
5.326358937265482,-4.412330635121837
5.390818937265493,-4.476790635121837
5.45527893726549,-4.476790635121837
5.519738937265487,-4.541250635121838
5.584198937265484,-4.605710635121838
5.648658937265495,-4.670170635121838
5.713118937265492,-4.734630635121839
5.777578937265488,-4.734630635121839
5.842038937265485,-4.799090635121839
5.906498937265482,-4.86355063512184
5.970958937265493,-4.9280106351218365
6.03541893726549,-4.992470635121837
6.099878937265487,-5.056930635121837
6.164338937265484,-5.056930635121837
6.228798937265495,-5.121390635121838
6.293258937265492,-5.185850635121838
6.3577189372654885,-5.2503106351218385
6.422178937265485,-5.314770635121839
6.486638937265482,-5.314770635121839
6.551098937265493,-5.379230635121839
6.61555893726549,-5.44369063512184
6.680018937265487,-5.508150635121837
6.744478937265484,-5.572610635121837
6.808938937265495,-5.637070635121837
6.873398937265492,-5.637070635121837
6.937858937265489,-5.701530635121838
7.0023189372654855,-5.765990635121838
7.066778937265482,-5.830450635121839
7.131238937265493,-5.894910635121839
7.19569893726549,-5.959370635121838
7.260158937265487,-5.959370635121838
7.324618937265484,-6.023830635121838
7.389078937265495,-6.088290635121838
7.453538937265492,-6.152750635121839
7.517998937265489,-6.2172106351218375
7.582458937265486,-6.2172106351218375
7.646918937265482,-6.281670635121838
7.7113789372654935,-6.346130635121838
7.77583893726549,-6.410590635121839
7.840298937265487,-6.475050635121837
7.904758937265484,-6.475050635121837
7.969218937265495,-6.539510635121838
8.033678937265492,-6.603970635121838
8.098138937265489,-6.6684306351218385
8.162598937265486,-6.732890635121839
8.227058937265483,-6.797350635121838
8.291518937265494,-6.861810635121838
8.35597893726549,-6.861810635121838
8.420438937265487,-6.926270635121838
8.484898937265484,-6.990730635121839
8.549358937265495,-7.055190635121837
8.613818937265492,-7.119650635121838
8.678278937265489,-7.119650635121838
8.742738937265486,-7.184110635121838
8.807198937265483,-7.248570635121839
8.871658937265494,-7.313030635121839
8.93611893726549,-7.377490635121838
9.000578937265487,-7.377490635121838
9.065038937265484,-7.441950635121838
9.129498937265495,-7.5064106351218385
9.193958937265492,-7.570870635121839
9.258418937265489,-7.6353306351218375
9.322878937265486,-7.699790635121838
9.387338937265483,-7.699790635121838
9.451798937265494,-7.764250635121838
9.51625893726549,-7.828710635121839
9.580718937265488,-7.893170635121837
9.645178937265484,-7.957630635121838
9.709638937265495,-8.022090635121838
9.774098937265492,-8.086550635121839
9.83855893726549,-8.151010635121839
9.903018937265486,-8.151010635121839
9.967478937265483,-8.215470635121838
10.031938937265494,-8.279930635121838
10.09639893726549,-8.344390635121838
10.160858937265488,-8.408850635121839
10.225318937265484,-8.408850635121839
10.289778937265496,-8.473310635121837
10.354238937265492,-8.537770635121838
10.41869893726549,-8.602230635121838
10.483158937265486,-8.666690635121839
10.547618937265483,-8.731150635121839
10.612078937265494,-8.795610635121838
10.67653893726549,-8.795610635121838
10.740998937265488,-8.860070635121838
10.805458937265485,-8.924530635121839
10.869918937265496,-8.988990635121839
10.934378937265492,-9.053450635121838
10.99883893726549,-9.117910635121838
11.063298937265486,-9.182370635121838
11.127758937265483,-9.182370635121838
11.192218937265494,-9.246830635121839
11.256678937265491,-9.31129063512184
11.321138937265488,-9.375750635121838
11.385598937265485,-9.440210635121838
11.450058937265496,-9.504670635121839
11.514518937265493,-9.504670635121839
11.57897893726549,-9.569130635121839
11.643438937265486,-9.633590635121838
11.707898937265483,-9.698050635121838
11.772358937265494,-9.762510635121838
11.836818937265491,-9.762510635121838
11.901278937265488,-9.826970635121839
11.965738937265485,-9.891430635121838
12.030198937265496,-9.955890635121838
12.094658937265493,-10.020350635121838
12.15911893726549,-10.020350635121838
12.223578937265486,-10.084810635121839
12.288038937265483,-10.14927063512184
12.352498937265494,-10.213730635121838
12.416958937265491,-10.213730635121838
12.481418937265488,-10.278190635121838
12.545878937265485,-10.342650635121839
12.610338937265482,-10.407110635121839
12.674798937265493,-10.407110635121839
12.73925893726549,-10.471570635121838
12.803718937265486,-10.536030635121838
12.868178937265483,-10.536030635121838
12.932638937265494,-10.600490635121838
12.997098937265491,-10.664950635121839
13.061558937265488,-10.72941063512184
13.126018937265485,-10.72941063512184
13.190478937265482,-10.793870635121838
13.254938937265493,-10.858330635121838
13.31939893726549,-10.858330635121838
13.383858937265487,-10.922790635121839
13.448318937265483,-10.987250635121839
13.512778937265495,-10.987250635121839
13.577238937265491,-10.987250635121839
13.641698937265488,-11.051710635121838
13.706158937265485,-11.116170635121838
13.770618937265482,-11.116170635121838
13.835078937265493,-11.180630635121839
13.89953893726549,-11.180630635121839
13.963998937265487,-11.245090635121839
14.028458937265484,-11.245090635121839
14.092918937265495,-11.245090635121839
14.157378937265491,-11.309550635121838
14.221838937265488,-11.309550635121838
14.286298937265485,-11.374010635121838
14.350758937265482,-11.438470635121838
14.415218937265493,-11.438470635121838
14.47967893726549,-11.438470635121838
14.544138937265487,-11.502930635121839
14.608598937265484,-11.502930635121839
14.673058937265495,-11.56739063512184
14.737518937265492,-11.56739063512184
14.801978937265488,-11.631850635121838
14.866438937265485,-11.631850635121838
14.930898937265482,-11.631850635121838
14.995358937265493,-11.696310635121838
15.05981893726549,-11.696310635121838
15.124278937265487,-11.696310635121838
15.188738937265484,-11.696310635121838
15.253198937265495,-11.760770635121839
15.317658937265492,-11.760770635121839
15.382118937265489,-11.760770635121839
15.446578937265485,-11.760770635121839
15.511038937265482,-11.825230635121839
15.575498937265493,-11.825230635121839
15.63995893726549,-11.825230635121839
15.704418937265487,-11.889690635121838
15.768878937265484,-11.889690635121838
15.833338937265495,-11.889690635121838
15.897798937265492,-11.889690635121838
15.962258937265489,-11.889690635121838
16.026718937265485,-11.889690635121838
16.091178937265482,-11.889690635121838
16.155638937265493,-11.954150635121838
16.22009893726549,-11.954150635121838
16.284558937265487,-11.954150635121838
16.349018937265484,-11.954150635121838
16.413478937265495,-11.954150635121838
16.477938937265492,-11.954150635121838
16.54239893726549,-11.954150635121838
16.606858937265486,-11.954150635121838
16.671318937265482,-11.954150635121838
16.735778937265493,-12.018610635121838
16.80023893726549,-12.018610635121838
16.864698937265487,-12.018610635121838
16.929158937265484,-12.018610635121838
16.993618937265495,-12.018610635121838
17.058078937265492,-12.018610635121838
17.12253893726549,-12.018610635121838
17.186998937265486,-12.018610635121838
17.251458937265483,-12.018610635121838
17.315918937265494,-12.018610635121838
17.38037893726549,-12.018610635121838
17.444838937265487,-12.018610635121838
17.509298937265484,-11.954150635121838
17.573758937265495,-11.954150635121838
17.638218937265492,-11.954150635121838
17.70267893726549,-11.954150635121838
17.767138937265486,-11.954150635121838
17.831598937265483,-11.954150635121838
17.896058937265494,-11.954150635121838
17.96051893726549,-11.954150635121838
18.024978937265487,-11.889690635121838
18.089438937265484,-11.889690635121838
18.153898937265495,-11.889690635121838
18.218358937265492,-11.889690635121838
18.28281893726549,-11.889690635121838
18.347278937265486,-11.889690635121838
18.411738937265483,-11.889690635121838
18.476198937265494,-11.825230635121839
18.54065893726549,-11.825230635121839
18.605118937265487,-11.825230635121839
18.669578937265484,-11.760770635121839
18.734038937265495,-11.760770635121839
18.798498937265492,-11.760770635121839
18.86295893726549,-11.760770635121839
18.927418937265486,-11.760770635121839
18.991878937265483,-11.696310635121838
19.056338937265494,-11.696310635121838
19.12079893726549,-11.631850635121838
19.185258937265488,-11.631850635121838
19.249718937265484,-11.56739063512184
19.314178937265496,-11.56739063512184
19.378638937265492,-11.56739063512184
19.44309893726549,-11.502930635121839
19.507558937265486,-11.438470635121838
19.572018937265483,-11.438470635121838
19.636478937265494,-11.438470635121838
19.70093893726549,-11.374010635121838
19.765398937265488,-11.309550635121838
19.829858937265485,-11.309550635121838
19.894318937265496,-11.309550635121838
19.958778937265492,-11.245090635121839
20.02323893726549,-11.180630635121839
20.087698937265486,-11.116170635121838
20.152158937265483,-11.116170635121838
20.216618937265494,-11.051710635121838
20.28107893726549,-10.987250635121839
20.345538937265488,-10.922790635121839
20.409998937265485,-10.922790635121839
20.474458937265496,-10.858330635121838
20.538918937265493,-10.793870635121838
20.60337893726549,-10.72941063512184
20.667838937265486,-10.72941063512184
20.732298937265483,-10.664950635121839
20.796758937265494,-10.600490635121838
20.86121893726549,-10.536030635121838
20.86121893726549,-10.471570635121838
20.925678937265488,-10.407110635121839
20.990138937265485,-10.407110635121839
21.054598937265496,-10.342650635121839
21.119058937265493,-10.278190635121838
21.119058937265493,-10.213730635121838
21.18351893726549,-10.14927063512184
21.247978937265486,-10.084810635121839
21.312438937265483,-10.020350635121838
21.312438937265483,-9.955890635121838
21.376898937265494,-9.891430635121838
21.44135893726549,-9.826970635121839
21.505818937265488,-9.762510635121838
21.505818937265488,-9.698050635121838
21.570278937265485,-9.633590635121838
21.634738937265496,-9.569130635121839
21.634738937265496,-9.504670635121839
21.699198937265493,-9.440210635121838
21.76365893726549,-9.375750635121838
21.76365893726549,-9.31129063512184
21.828118937265486,-9.246830635121839
21.828118937265486,-9.182370635121838
21.892578937265483,-9.117910635121838
21.892578937265483,-9.053450635121838
21.892578937265483,-8.988990635121839
21.957038937265494,-8.924530635121839
22.02149893726549,-8.860070635121838
22.02149893726549,-8.795610635121838
22.02149893726549,-8.731150635121839
22.085958937265488,-8.666690635121839
22.085958937265488,-8.602230635121838
22.150418937265485,-8.537770635121838
22.150418937265485,-8.473310635121837
22.214878937265496,-8.408850635121839
22.214878937265496,-8.344390635121838
22.214878937265496,-8.279930635121838
22.214878937265496,-8.215470635121838
22.214878937265496,-8.151010635121839
22.279338937265493,-8.086550635121839
22.279338937265493,-8.022090635121838
22.279338937265493,-7.957630635121838
22.34379893726549,-7.893170635121837
22.34379893726549,-7.828710635121839
22.34379893726549,-7.764250635121838
22.34379893726549,-7.699790635121838
22.408258937265487,-7.6353306351218375
22.408258937265487,-7.570870635121839
22.408258937265487,-7.5064106351218385
22.408258937265487,-7.441950635121838
22.408258937265487,-7.377490635121838
22.408258937265487,-7.313030635121839
22.472718937265483,-7.248570635121839
22.472718937265483,-7.184110635121838
22.472718937265483,-7.119650635121838
22.472718937265483,-7.055190635121837
22.472718937265483,-6.990730635121839
22.472718937265483,-6.926270635121838
22.472718937265483,-6.861810635121838
22.472718937265483,-6.797350635121838
22.472718937265483,-6.732890635121839
22.472718937265483,-6.6684306351218385
22.537178937265494,-6.603970635121838
22.537178937265494,-6.539510635121838
22.537178937265494,-6.475050635121837
22.537178937265494,-6.410590635121839
22.537178937265494,-6.346130635121838
22.537178937265494,-6.281670635121838
22.537178937265494,-6.2172106351218375
22.537178937265494,-6.152750635121839
22.537178937265494,-6.088290635121838
22.537178937265494,-6.023830635121838
22.537178937265494,-5.959370635121838
22.472718937265483,-5.894910635121839
22.472718937265483,-5.830450635121839
22.472718937265483,-5.765990635121838
22.472718937265483,-5.701530635121838
22.472718937265483,-5.637070635121837
22.472718937265483,-5.572610635121837
22.472718937265483,-5.508150635121837
22.472718937265483,-5.44369063512184
22.472718937265483,-5.379230635121839
22.472718937265483,-5.314770635121839
22.408258937265487,-5.2503106351218385
22.408258937265487,-5.185850635121838
22.408258937265487,-5.121390635121838
22.408258937265487,-5.056930635121837
22.408258937265487,-4.992470635121837
22.408258937265487,-4.9280106351218365
22.34379893726549,-4.86355063512184
22.34379893726549,-4.799090635121839
22.34379893726549,-4.734630635121839
22.34379893726549,-4.670170635121838
22.279338937265493,-4.605710635121838
22.279338937265493,-4.541250635121838
22.279338937265493,-4.476790635121837
22.279338937265493,-4.412330635121837
22.214878937265496,-4.347870635121836
22.214878937265496,-4.2834106351218395
22.214878937265496,-4.218950635121839
22.214878937265496,-4.154490635121839
22.150418937265485,-4.090030635121838
22.150418937265485,-4.025570635121838
22.150418937265485,-3.9611106351218375
22.085958937265488,-3.896650635121837
22.02149893726549,-3.8321906351218367
22.02149893726549,-3.7677306351218363
22.02149893726549,-3.7032706351218394
21.957038937265494,-3.638810635121839
21.957038937265494,-3.5743506351218386
21.892578937265483,-3.509890635121838
21.892578937265483,-3.445430635121838
21.828118937265486,-3.3809706351218374
21.828118937265486,-3.316510635121837
21.828118937265486,-3.2520506351218366
21.76365893726549,-3.1875906351218397
21.699198937265493,-3.1231306351218393
21.634738937265496,-3.058670635121839
21.634738937265496,-2.9942106351218385
21.570278937265485,-2.929750635121838
21.505818937265488,-2.8652906351218377
21.44135893726549,-2.8008306351218373
21.376898937265494,-2.736370635121837
21.312438937265483,-2.6719106351218365
21.247978937265486,-2.6074506351218396
21.18351893726549,-2.542990635121839
21.119058937265493,-2.478530635121839
21.054598937265496,-2.4140706351218384
20.990138937265485,-2.349610635121838
20.925678937265488,-2.2851506351218376
20.86121893726549,-2.220690635121837
20.796758937265494,-2.1562306351218368
20.732298937265483,-2.0917706351218364
20.667838937265486,-2.0273106351218395
20.60337893726549,-1.962850635121839
20.538918937265493,-1.962850635121839
20.474458937265496,-1.8983906351218387
20.409998937265485,-1.8339306351218383
20.345538937265488,-1.7694706351218379
20.28107893726549,-1.7050106351218375
20.216618937265494,-1.7050106351218375
20.152158937265483,-1.640550635121837
20.087698937265486,-1.5760906351218367
20.02323893726549,-1.5116306351218363
19.958778937265492,-1.4471706351218394
19.894318937265496,-1.382710635121839
19.829858937265485,-1.382710635121839
19.765398937265488,-1.3182506351218386
19.70093893726549,-1.2537906351218382
19.636478937265494,-1.1893306351218378
19.572018937265483,-1.1248706351218374
19.507558937265486,-1.060410635121837
19.44309893726549,-1.060410635121837
19.378638937265492,-0.9959506351218366
19.314178937265496,-0.9314906351218362
19.249718937265484,-0.8670306351218393
19.185258937265488,-0.8025706351218389
19.12079893726549,-0.7381106351218385
19.056338937265494,-0.7381106351218385
18.991878937265483,-0.6736506351218381
18.927418937265486,-0.6091906351218377
18.86295893726549,-0.5447306351218373
18.798498937265492,-0.4802706351218369
18.734038937265495,-0.4802706351218369
18.669578937265484,-0.41581063512183647
18.605118937265487,-0.35135063512183606
18.54065893726549,-0.2868906351218392
18.476198937265494,-0.2224306351218388
18.411738937265483,-0.1579706351218384
18.347278937265486,-0.1579706351218384
18.28281893726549,-0.09351063512183799
18.218358937265492,-0.029050635121837587
18.153898937265495,0.03540936487816282
18.089438937265484,0.09986936487816322
18.024978937265487,0.09986936487816322
17.96051893726549,0.16432936487816363
17.896058937265494,0.22878936487816048
17.831598937265483,0.2932493648781609
17.767138937265486,0.3577093648781613
17.70267893726549,0.4221693648781617
17.638218937265492,0.4221693648781617
17.573758937265495,0.4866293648781621
17.509298937265484,0.5510893648781625
17.444838937265487,0.6155493648781629
17.38037893726549,0.6155493648781629
17.315918937265494,0.6800093648781633
17.251458937265483,0.7444693648781637
17.186998937265486,0.8089293648781606
17.12253893726549,0.873389364878161
17.058078937265492,0.9378493648781614
16.993618937265495,0.9378493648781614
16.929158937265484,1.0023093648781618
16.864698937265487,1.0667693648781622
16.80023893726549,1.1312293648781626
16.735778937265493,1.195689364878163
16.671318937265482,1.195689364878163
16.606858937265486,1.2601493648781634
16.54239893726549,1.3246093648781638
16.477938937265492,1.3890693648781607
16.413478937265495,1.453529364878161
16.349018937265484,1.5179893648781615
16.284558937265487,1.5179893648781615
16.22009893726549,1.582449364878162
16.155638937265493,1.6469093648781623
16.091178937265482,1.7113693648781627
16.026718937265485,1.7758293648781631
15.962258937265489,1.7758293648781631
15.897798937265492,1.8402893648781635
15.833338937265495,1.904749364878164
15.768878937265484,1.9692093648781608
15.704418937265487,2.033669364878161
15.63995893726549,2.033669364878161
15.575498937265493,2.0981293648781616
15.511038937265482,2.162589364878162
15.446578937265485,2.2270493648781624
15.382118937265489,2.291509364878163
15.317658937265492,2.355969364878163
15.253198937265495,2.4204293648781636
15.188738937265484,2.4204293648781636
15.124278937265487,2.484889364878164
15.05981893726549,2.549349364878161
14.995358937265493,2.6138093648781613
14.930898937265482,2.6782693648781617
14.866438937265485,2.742729364878162
14.801978937265488,2.742729364878162
14.737518937265492,2.8071893648781625
14.673058937265495,2.871649364878163
14.608598937265484,2.9361093648781633
14.544138937265487,3.0005693648781637
14.47967893726549,3.0005693648781637
14.415218937265493,3.0650293648781606
14.350758937265482,3.129489364878161
14.286298937265485,3.1939493648781614
14.221838937265488,3.258409364878162
14.157378937265491,3.322869364878162
14.092918937265495,3.322869364878162
14.028458937265484,3.3873293648781626
13.963998937265487,3.451789364878163
13.89953893726549,3.5162493648781634
13.835078937265493,3.580709364878164
13.770618937265482,3.6451693648781607
13.706158937265485,3.6451693648781607
13.641698937265488,3.709629364878161
13.577238937265491,3.7740893648781615
13.512778937265495,3.838549364878162
13.448318937265483,3.9030093648781623
13.383858937265487,3.9030093648781623
13.31939893726549,3.9674693648781627
13.254938937265493,4.031929364878163
13.190478937265482,4.0963893648781635
13.126018937265485,4.0963893648781635
13.061558937265488,4.160849364878164
12.997098937265491,4.225309364878161
12.932638937265494,4.289769364878161
12.868178937265483,4.354229364878162
12.803718937265486,4.354229364878162
12.73925893726549,4.418689364878162
12.674798937265493,4.483149364878162
12.610338937265482,4.547609364878163
12.545878937265485,4.547609364878163
12.481418937265488,4.612069364878163
12.416958937265491,4.676529364878164
12.352498937265494,4.740989364878164
12.288038937265483,4.805449364878161
12.223578937265486,4.805449364878161
12.15911893726549,4.869909364878161
12.094658937265493,4.934369364878162
12.030198937265496,4.998829364878162
11.965738937265485,5.0632893648781625
11.901278937265488,5.0632893648781625
11.836818937265491,5.127749364878163
11.772358937265494,5.192209364878163
11.707898937265483,5.256669364878164
11.643438937265486,5.321129364878164
11.57897893726549,5.385589364878161
11.514518937265493,5.450049364878161
11.450058937265496,5.450049364878161
11.385598937265485,5.514509364878162
11.321138937265488,5.578969364878162
11.256678937265491,5.643429364878163
11.192218937265494,5.707889364878163
11.127758937265483,5.772349364878163
11.127758937265483,5.836809364878164
11.063298937265486,5.901269364878164
10.99883893726549,5.901269364878164
10.934378937265492,5.965729364878161
10.934378937265492,6.0301893648781615
10.869918937265496,6.094649364878162
10.805458937265485,6.159109364878162
10.740998937265488,6.223569364878163
10.740998937265488,6.288029364878163
10.67653893726549,6.3524893648781635
10.67653893726549,6.416949364878164
10.612078937265494,6.481409364878161
10.547618937265483,6.545869364878161
10.547618937265483,6.610329364878162
10.483158937265486,6.674789364878162
10.483158937265486,6.739249364878162
10.41869893726549,6.803709364878163
10.354238937265492,6.868169364878163
10.354238937265492,6.932629364878164
10.354238937265492,6.997089364878164
10.289778937265496,7.061549364878161
10.289778937265496,7.126009364878161
10.289778937265496,7.190469364878162
10.225318937265484,7.254929364878162
10.225318937265484,7.3193893648781625
10.225318937265484,7.383849364878163
10.160858937265488,7.448309364878163
10.160858937265488,7.512769364878164
10.160858937265488,7.577229364878164
10.160858937265488,7.641689364878161
10.160858937265488,7.706149364878161
10.09639893726549,7.770609364878162
10.09639893726549,7.835069364878162
10.09639893726549,7.899529364878163
10.09639893726549,7.963989364878163
10.09639893726549,8.028449364878163
10.09639893726549,8.092909364878164
10.09639893726549,8.157369364878164
10.031938937265494,8.221829364878161
10.031938937265494,8.286289364878161
10.031938937265494,8.350749364878162
10.031938937265494,8.415209364878162
10.031938937265494,8.479669364878163
10.031938937265494,8.544129364878163
10.031938937265494,8.608589364878164
10.031938937265494,8.673049364878164
10.031938937265494,8.737509364878164
10.09639893726549,8.801969364878161
10.09639893726549,8.866429364878162
10.09639893726549,8.930889364878162
10.09639893726549,8.995349364878162
10.09639893726549,9.059809364878163
10.09639893726549,9.124269364878163
10.160858937265488,9.188729364878164
10.160858937265488,9.253189364878164
10.160858937265488,9.317649364878164
10.160858937265488,9.382109364878161
10.160858937265488,9.446569364878162
10.160858937265488,9.511029364878162
10.225318937265484,9.575489364878162
10.225318937265484,9.639949364878163
10.225318937265484,9.704409364878163
10.289778937265496,9.768869364878164
10.289778937265496,9.833329364878164
10.354238937265492,9.897789364878161
10.354238937265492,9.962249364878161
10.41869893726549,10.026709364878162
10.41869893726549,10.091169364878162
10.483158937265486,10.155629364878163
10.483158937265486,10.220089364878163
10.547618937265483,10.284549364878163
10.612078937265494,10.34900936487816
10.612078937265494,10.413469364878164
10.67653893726549,10.477929364878161
10.740998937265488,10.542389364878165
10.805458937265485,10.606849364878162
10.869918937265496,10.671309364878166
10.934378937265492,10.735769364878163
10.99883893726549,10.80022936487816
11.063298937265486,10.864689364878164
11.127758937265483,10.92914936487816
11.192218937265494,10.993609364878164
11.256678937265491,11.058069364878161
11.321138937265488,11.122529364878165
11.385598937265485,11.122529364878165
11.450058937265496,11.186989364878162
11.514518937265493,11.186989364878162
11.57897893726549,11.251449364878166
11.643438937265486,11.251449364878166
11.707898937265483,11.315909364878163
11.772358937265494,11.38036936487816
11.836818937265491,11.38036936487816
11.901278937265488,11.444829364878164
11.965738937265485,11.444829364878164
12.030198937265496,11.50928936487816
12.094658937265493,11.50928936487816
12.15911893726549,11.50928936487816
12.223578937265486,11.50928936487816
12.288038937265483,11.573749364878164
12.352498937265494,11.573749364878164
12.416958937265491,11.638209364878161
12.481418937265488,11.638209364878161
12.545878937265485,11.638209364878161
12.610338937265482,11.638209364878161
12.674798937265493,11.702669364878165
12.73925893726549,11.702669364878165
12.803718937265486,11.702669364878165
12.868178937265483,11.702669364878165
12.932638937265494,11.767129364878162
12.997098937265491,11.767129364878162
13.061558937265488,11.767129364878162
13.126018937265485,11.767129364878162
13.190478937265482,11.767129364878162
13.254938937265493,11.767129364878162
13.31939893726549,11.767129364878162
13.383858937265487,11.767129364878162
13.448318937265483,11.831589364878166
13.512778937265495,11.831589364878166
13.577238937265491,11.831589364878166
13.641698937265488,11.831589364878166
13.706158937265485,11.831589364878166
13.770618937265482,11.831589364878166
13.835078937265493,11.831589364878166
13.89953893726549,11.831589364878166
13.963998937265487,11.831589364878166
14.028458937265484,11.831589364878166
14.092918937265495,11.831589364878166
14.157378937265491,11.896049364878163
14.221838937265488,11.831589364878166
14.286298937265485,11.831589364878166
14.350758937265482,11.831589364878166
14.415218937265493,11.831589364878166
14.47967893726549,11.831589364878166
14.544138937265487,11.831589364878166
14.608598937265484,11.831589364878166
14.673058937265495,11.767129364878162
14.737518937265492,11.767129364878162
14.801978937265488,11.767129364878162
14.866438937265485,11.767129364878162
14.930898937265482,11.767129364878162
14.995358937265493,11.767129364878162
15.05981893726549,11.702669364878165
15.124278937265487,11.702669364878165
15.188738937265484,11.702669364878165
15.253198937265495,11.702669364878165
15.317658937265492,11.702669364878165
15.382118937265489,11.638209364878161
15.446578937265485,11.638209364878161
15.511038937265482,11.638209364878161
15.575498937265493,11.638209364878161
15.63995893726549,11.573749364878164
15.704418937265487,11.573749364878164
15.768878937265484,11.50928936487816
15.833338937265495,11.50928936487816
15.897798937265492,11.444829364878164
15.962258937265489,11.38036936487816
16.026718937265485,11.38036936487816
16.091178937265482,11.315909364878163
16.155638937265493,11.315909364878163
16.22009893726549,11.251449364878166
16.284558937265487,11.186989364878162
16.349018937265484,11.186989364878162
16.413478937265495,11.122529364878165
16.477938937265492,11.058069364878161
16.54239893726549,10.993609364878164
16.606858937265486,10.993609364878164
16.671318937265482,10.92914936487816
16.735778937265493,10.864689364878164
16.80023893726549,10.80022936487816
16.864698937265487,10.735769364878163
16.929158937265484,10.735769364878163
16.993618937265495,10.671309364878166
16.993618937265495,10.606849364878162
17.058078937265492,10.542389364878165
17.12253893726549,10.542389364878165
17.186998937265486,10.477929364878161
17.251458937265483,10.413469364878164
17.315918937265494,10.34900936487816
17.38037893726549,10.284549364878163
17.444838937265487,10.220089364878163
17.509298937265484,10.220089364878163
17.573758937265495,10.155629364878163
17.638218937265492,10.091169364878162
17.70267893726549,10.026709364878162
17.767138937265486,9.962249364878161
17.831598937265483,9.897789364878161
17.896058937265494,9.833329364878164
17.96051893726549,9.768869364878164
18.024978937265487,9.768869364878164
18.089438937265484,9.704409364878163
18.153898937265495,9.639949364878163
18.218358937265492,9.575489364878162
18.28281893726549,9.511029364878162
18.347278937265486,9.511029364878162
18.411738937265483,9.446569364878162
18.476198937265494,9.382109364878161
18.54065893726549,9.317649364878164
18.605118937265487,9.253189364878164
18.669578937265484,9.253189364878164
18.734038937265495,9.188729364878164
18.798498937265492,9.124269364878163
18.86295893726549,9.059809364878163
18.927418937265486,8.995349364878162
18.991878937265483,8.995349364878162
19.056338937265494,8.930889364878162
19.12079893726549,8.866429364878162
19.185258937265488,8.801969364878161
19.249718937265484,8.737509364878164
19.314178937265496,8.673049364878164
19.378638937265492,8.673049364878164
19.44309893726549,8.608589364878164
19.507558937265486,8.544129364878163
19.572018937265483,8.479669364878163
19.636478937265494,8.415209364878162
19.70093893726549,8.415209364878162
19.765398937265488,8.350749364878162
19.829858937265485,8.286289364878161
19.894318937265496,8.221829364878161
19.958778937265492,8.157369364878164
20.02323893726549,8.092909364878164
20.087698937265486,8.028449364878163
20.152158937265483,7.963989364878163
20.216618937265494,7.963989364878163
20.28107893726549,7.899529364878163
20.345538937265488,7.835069364878162
20.409998937265485,7.770609364878162
20.474458937265496,7.706149364878161
20.538918937265493,7.641689364878161
20.60337893726549,7.577229364878164
20.667838937265486,7.512769364878164
20.732298937265483,7.448309364878163
20.796758937265494,7.383849364878163
20.86121893726549,7.3193893648781625
20.925678937265488,7.254929364878162
20.990138937265485,7.190469364878162
21.054598937265496,7.126009364878161
21.119058937265493,7.061549364878161
21.18351893726549,6.997089364878164
21.247978937265486,6.932629364878164
21.312438937265483,6.868169364878163
21.376898937265494,6.803709364878163
21.44135893726549,6.739249364878162
21.44135893726549,6.674789364878162
21.505818937265488,6.610329364878162
21.570278937265485,6.610329364878162
21.634738937265496,6.545869364878161
21.634738937265496,6.481409364878161
21.699198937265493,6.416949364878164
21.76365893726549,6.3524893648781635
21.828118937265486,6.288029364878163
21.892578937265483,6.223569364878163
21.957038937265494,6.159109364878162
22.02149893726549,6.094649364878162
22.02149893726549,6.0301893648781615
22.085958937265488,5.965729364878161
22.150418937265485,5.965729364878161
22.214878937265496,5.901269364878164
22.214878937265496,5.836809364878164
22.279338937265493,5.772349364878163
22.34379893726549,5.707889364878163
22.408258937265487,5.643429364878163
22.472718937265483,5.578969364878162
22.537178937265494,5.514509364878162
22.537178937265494,5.450049364878161
22.60163893726549,5.385589364878161
22.666098937265488,5.321129364878164
22.730558937265485,5.256669364878164
22.795018937265496,5.192209364878163
22.859478937265493,5.127749364878163
22.92393893726549,5.0632893648781625
22.988398937265487,4.998829364878162
23.052858937265484,4.934369364878162
23.052858937265484,4.869909364878161
23.117318937265495,4.805449364878161
23.18177893726549,4.740989364878164
23.24623893726549,4.676529364878164
23.310698937265485,4.612069364878163
23.375158937265496,4.547609364878163
23.375158937265496,4.483149364878162
23.439618937265493,4.418689364878162
23.50407893726549,4.354229364878162
23.568538937265487,4.289769364878161
23.632998937265484,4.225309364878161
23.697458937265495,4.160849364878164
23.697458937265495,4.0963893648781635
23.76191893726549,4.031929364878163
23.82637893726549,3.9674693648781627
23.890838937265485,3.9030093648781623
23.955298937265496,3.838549364878162
24.019758937265493,3.7740893648781615
24.08421893726549,3.709629364878161
24.148678937265487,3.6451693648781607
24.213138937265484,3.580709364878164
24.277598937265495,3.5162493648781634
24.277598937265495,3.451789364878163
24.34205893726549,3.3873293648781626
24.40651893726549,3.322869364878162
24.470978937265485,3.258409364878162
24.535438937265496,3.1939493648781614
24.599898937265493,3.129489364878161
24.66435893726549,3.0650293648781606
24.66435893726549,3.0005693648781637
24.728818937265487,2.9361093648781633
24.793278937265484,2.871649364878163
24.857738937265495,2.8071893648781625
24.92219893726549,2.742729364878162
24.98665893726549,2.6782693648781617
25.051118937265485,2.6138093648781613
25.051118937265485,2.549349364878161
25.115578937265497,2.484889364878164
25.180038937265493,2.4204293648781636
25.24449893726549,2.355969364878163
25.308958937265487,2.291509364878163
25.373418937265484,2.2270493648781624
25.437878937265495,2.162589364878162
25.437878937265495,2.0981293648781616
25.502338937265492,2.033669364878161
25.56679893726549,1.9692093648781608
25.631258937265486,1.904749364878164
25.695718937265482,1.8402893648781635
25.760178937265493,1.7758293648781631
25.82463893726549,1.7113693648781627
25.82463893726549,1.6469093648781623
25.889098937265487,1.582449364878162
25.953558937265484,1.5179893648781615
26.018018937265495,1.453529364878161
26.082478937265492,1.3890693648781607
26.14693893726549,1.3246093648781638
26.14693893726549,1.2601493648781634
26.211398937265486,1.195689364878163
26.275858937265482,1.1312293648781626
26.340318937265494,1.0667693648781622
26.40477893726549,1.0023093648781618
26.469238937265487,0.9378493648781614
26.533698937265484,0.873389364878161
26.598158937265495,0.8089293648781606
26.662618937265492,0.7444693648781637
26.662618937265492,0.6800093648781633
26.72707893726549,0.6155493648781629
26.791538937265486,0.5510893648781625
26.855998937265483,0.4866293648781621
26.920458937265494,0.4221693648781617
26.920458937265494,0.3577093648781613
26.98491893726549,0.2932493648781609
27.049378937265487,0.22878936487816048
27.113838937265484,0.22878936487816048
27.178298937265495,0.16432936487816363
27.178298937265495,0.09986936487816322
27.242758937265492,0.03540936487816282
27.30721893726549,-0.029050635121837587
27.371678937265486,-0.09351063512183799
27.436138937265483,-0.1579706351218384
27.500598937265494,-0.2224306351218388
27.56505893726549,-0.2868906351218392
27.629518937265487,-0.35135063512183606
27.693978937265484,-0.41581063512183647
27.758438937265495,-0.4802706351218369
27.822898937265492,-0.5447306351218373
27.88735893726549,-0.6091906351218377
27.951818937265486,-0.6091906351218377
28.016278937265483,-0.6736506351218381
28.080738937265494,-0.7381106351218385
28.14519893726549,-0.8025706351218389
28.209658937265488,-0.8025706351218389
28.274118937265484,-0.8670306351218393
28.338578937265495,-0.8670306351218393
28.403038937265492,-0.9314906351218362
28.46749893726549,-0.9314906351218362
28.531958937265486,-0.9314906351218362
28.596418937265483,-0.9959506351218366
28.660878937265494,-0.9959506351218366
28.72533893726549,-0.9959506351218366
28.789798937265488,-0.9959506351218366
28.854258937265485,-0.9959506351218366
28.918718937265496,-1.060410635121837
28.983178937265492,-1.060410635121837
29.04763893726549,-1.060410635121837
29.112098937265486,-1.060410635121837
29.176558937265483,-1.060410635121837
29.241018937265494,-1.1248706351218374
29.30547893726549,-1.1248706351218374
29.369938937265488,-1.1248706351218374
29.434398937265485,-1.1248706351218374
29.498858937265496,-1.1248706351218374
29.563318937265493,-1.1248706351218374
29.62777893726549,-1.1248706351218374
29.692238937265486,-1.1248706351218374
29.756698937265483,-1.1248706351218374
29.821158937265494,-1.1248706351218374
29.88561893726549,-1.060410635121837
29.950078937265488,-1.060410635121837
30.014538937265485,-1.060410635121837
30.078998937265496,-1.060410635121837
30.143458937265493,-1.060410635121837
30.20791893726549,-0.9959506351218366
30.272378937265486,-0.9959506351218366
30.336838937265483,-0.9959506351218366
30.401298937265494,-0.9959506351218366
30.46575893726549,-0.9314906351218362
30.530218937265488,-0.9314906351218362
30.594678937265485,-0.9314906351218362
30.659138937265496,-0.9314906351218362
30.723598937265493,-0.8670306351218393
30.78805893726549,-0.8025706351218389
30.852518937265486,-0.8025706351218389
30.916978937265483,-0.7381106351218385
30.981438937265494,-0.6736506351218381
31.04589893726549,-0.6091906351218377
31.110358937265488,-0.5447306351218373
31.174818937265485,-0.4802706351218369
31.239278937265496,-0.41581063512183647
31.303738937265493,-0.35135063512183606
31.36819893726549,-0.2868906351218392
31.432658937265487,-0.2224306351218388
31.497118937265483,-0.1579706351218384
31.561578937265494,-0.09351063512183799
31.62603893726549,-0.029050635121837587
31.690498937265488,0.03540936487816282
31.754958937265485,0.09986936487816322
31.819418937265496,0.16432936487816363
31.883878937265493,0.22878936487816048
31.94833893726549,0.2932493648781609
31.94833893726549,0.3577093648781613
32.01279893726549,0.4221693648781617
32.07725893726548,0.4221693648781617
32.141718937265495,0.4866293648781621
32.141718937265495,0.5510893648781625
32.20617893726549,0.6155493648781629
32.27063893726549,0.6155493648781629
32.335098937265485,0.6800093648781633
32.335098937265485,0.7444693648781637
32.399558937265496,0.8089293648781606
32.46401893726549,0.873389364878161
32.52847893726549,0.9378493648781614
32.59293893726549,1.0023093648781618
32.657398937265484,1.0667693648781622
32.721858937265495,1.1312293648781626
32.78631893726549,1.195689364878163
32.85077893726549,1.2601493648781634
32.915238937265485,1.3246093648781638
32.979698937265496,1.3890693648781607
33.04415893726549,1.453529364878161
33.10861893726549,1.5179893648781615
33.17307893726549,1.582449364878162
33.237538937265484,1.6469093648781623
33.301998937265495,1.7113693648781627
33.36645893726549,1.7758293648781631
33.43091893726549,1.8402893648781635
33.43091893726549,1.904749364878164
33.495378937265485,1.9692093648781608
33.559838937265496,2.033669364878161
33.62429893726549,2.0981293648781616
33.68875893726549,2.162589364878162
33.75321893726549,2.2270493648781624
33.817678937265484,2.291509364878163
33.882138937265495,2.355969364878163
33.94659893726549,2.4204293648781636
34.01105893726549,2.484889364878164
34.075518937265485,2.549349364878161
34.1399789372655,2.6138093648781613
34.1399789372655,2.6782693648781617
34.20443893726549,2.742729364878162
34.26889893726549,2.742729364878162
34.33335893726549,2.8071893648781625
34.397818937265484,2.871649364878163
34.462278937265495,2.9361093648781633
34.462278937265495,3.0005693648781637
34.52673893726549,3.0650293648781606
34.59119893726549,3.129489364878161
34.655658937265486,3.1939493648781614
34.7201189372655,3.258409364878162
34.78457893726549,3.322869364878162
34.84903893726549,3.3873293648781626
34.91349893726549,3.451789364878163
34.977958937265484,3.5162493648781634
34.977958937265484,3.580709364878164
35.042418937265495,3.6451693648781607
35.10687893726549,3.6451693648781607
35.17133893726549,3.709629364878161
35.235798937265486,3.7740893648781615
35.3002589372655,3.838549364878162
35.36471893726549,3.9030093648781623
35.36471893726549,3.9674693648781627
35.42917893726549,4.031929364878163
35.49363893726549,4.0963893648781635
35.558098937265484,4.160849364878164
35.622558937265495,4.225309364878161
35.68701893726549,4.289769364878161
35.75147893726549,4.354229364878162
35.815938937265486,4.418689364878162
35.8803989372655,4.483149364878162
35.8803989372655,4.547609364878163
35.944858937265494,4.612069364878163
36.00931893726549,4.612069364878163
36.07377893726549,4.676529364878164
36.138238937265484,4.740989364878164
36.202698937265495,4.805449364878161
36.202698937265495,4.869909364878161
36.26715893726549,4.934369364878162
36.33161893726549,4.998829364878162
36.396078937265486,5.0632893648781625
36.4605389372655,5.127749364878163
36.524998937265494,5.192209364878163
36.58945893726549,5.256669364878164
36.65391893726549,5.321129364878164
36.718378937265484,5.385589364878161
36.718378937265484,5.450049364878161
36.782838937265495,5.514509364878162
36.84729893726549,5.578969364878162
36.91175893726549,5.578969364878162
36.976218937265486,5.643429364878163
37.0406789372655,5.707889364878163
37.0406789372655,5.772349364878163
37.105138937265494,5.836809364878164
37.16959893726549,5.901269364878164
37.23405893726549,5.965729364878161
37.298518937265484,6.0301893648781615
37.362978937265495,6.094649364878162
37.42743893726549,6.159109364878162
37.49189893726549,6.223569364878163
37.556358937265486,6.288029364878163
37.6208189372655,6.3524893648781635
37.685278937265494,6.416949364878164
37.685278937265494,6.481409364878161
37.74973893726549,6.545869364878161
37.81419893726549,6.545869364878161
37.878658937265484,6.610329364878162
37.943118937265496,6.674789364878162
37.943118937265496,6.739249364878162
38.00757893726549,6.803709364878163
38.07203893726549,6.868169364878163
38.136498937265486,6.932629364878164
38.2009589372655,6.997089364878164
38.265418937265494,7.061549364878161
38.32987893726549,7.126009364878161
38.39433893726549,7.190469364878162
38.458798937265485,7.254929364878162
38.523258937265496,7.3193893648781625
38.58771893726549,7.383849364878163
38.65217893726549,7.448309364878163
38.716638937265486,7.512769364878164
38.78109893726548,7.577229364878164
38.845558937265494,7.641689364878161
38.845558937265494,7.706149364878161
38.91001893726549,7.770609364878162
38.97447893726549,7.835069364878162
39.038938937265485,7.899529364878163
39.103398937265496,7.963989364878163
39.16785893726549,8.028449364878163
39.23231893726549,8.092909364878164
39.296778937265486,8.157369364878164
39.36123893726548,8.221829364878161
39.425698937265494,8.286289364878161
39.49015893726549,8.350749364878162
39.55461893726549,8.415209364878162
39.55461893726549,8.479669364878163
39.619078937265485,8.544129364878163
39.683538937265496,8.544129364878163
39.74799893726549,8.608589364878164
39.74799893726549,8.673049364878164
39.81245893726549,8.737509364878164
39.876918937265486,8.801969364878161
39.94137893726548,8.866429364878162
40.005838937265494,8.930889364878162
40.07029893726549,8.995349364878162
40.13475893726549,9.059809364878163
40.199218937265485,9.124269364878163
40.263678937265496,9.188729364878164
40.32813893726549,9.253189364878164
40.39259893726549,9.317649364878164
40.45705893726549,9.382109364878161
40.45705893726549,9.446569364878162
40.52151893726548,9.511029364878162
40.585978937265494,9.511029364878162
40.65043893726549,9.575489364878162
40.65043893726549,9.639949364878163
40.71489893726549,9.704409364878163
40.779358937265485,9.768869364878164
40.843818937265496,9.833329364878164
40.90827893726549,9.897789364878161
40.97273893726549,9.962249364878161
41.03719893726549,10.026709364878162
41.10165893726548,10.091169364878162
41.166118937265495,10.155629364878163
41.23057893726549,10.220089364878163
41.29503893726549,10.284549364878163
41.359498937265485,10.34900936487816
41.423958937265496,10.413469364878164
41.48841893726549,10.477929364878161
41.55287893726549,10.542389364878165
41.61733893726549,10.606849364878162
41.681798937265484,10.671309364878166
41.681798937265484,10.735769364878163
41.746258937265495,10.80022936487816
41.81071893726549,10.864689364878164
41.87517893726549,10.92914936487816
41.939638937265485,10.993609364878164
42.004098937265496,11.058069364878161
42.06855893726549,11.122529364878165
42.13301893726549,11.186989364878162
42.19747893726549,11.251449364878166
42.261938937265484,11.315909364878163
42.326398937265495,11.38036936487816
42.39085893726549,11.444829364878164
42.45531893726549,11.50928936487816
42.519778937265485,11.573749364878164
42.584238937265496,11.638209364878161
42.64869893726549,11.702669364878165
42.71315893726549,11.767129364878162
42.71315893726549,11.831589364878166
42.77761893726549,11.896049364878163
42.842078937265484,11.96050936487816
42.906538937265495,12.024969364878164
42.97099893726549,12.08942936487816
43.03545893726549,12.153889364878165
43.099918937265485,12.218349364878161
43.1643789372655,12.282809364878165
43.22883893726549,12.347269364878162
43.29329893726549,12.411729364878166
43.35775893726549,12.476189364878163
43.422218937265484,12.54064936487816
43.486678937265495,12.605109364878164
43.55113893726549,12.66956936487816
43.55113893726549,12.734029364878165
43.61559893726549,12.798489364878161
43.680058937265485,12.798489364878161
43.7445189372655,12.862949364878165
43.80897893726549,12.927409364878162
43.87343893726549,12.991869364878166
43.87343893726549,13.056329364878163
43.93789893726549,13.12078936487816
44.002358937265484,13.185249364878164
44.066818937265495,13.24970936487816
44.13127893726549,13.314169364878165
44.19573893726549,13.378629364878162
44.260198937265486,13.443089364878166
44.3246589372655,13.507549364878162
44.38911893726549,13.572009364878166
44.45357893726549,13.636469364878163
44.51803893726549,13.70092936487816
44.582498937265484,13.765389364878164
44.582498937265484,13.82984936487816
44.646958937265495,13.894309364878165
44.71141893726549,13.958769364878162
44.77587893726549,13.958769364878162
44.840338937265486,14.023229364878166
44.9047989372655,14.087689364878162
44.9047989372655,14.152149364878166
44.969258937265494,14.216609364878163
45.03371893726549,14.28106936487816
45.09817893726549,14.345529364878164
45.162638937265484,14.409989364878161
45.227098937265495,14.474449364878165
45.29155893726549,14.538909364878162
45.35601893726549,14.603369364878166
45.420478937265486,14.667829364878163
45.4849389372655,14.73228936487816
45.549398937265494,14.796749364878163
45.61385893726549,14.86120936487816
45.67831893726549,14.925669364878164
45.742778937265484,14.990129364878161
45.742778937265484,15.054589364878165
45.807238937265495,15.119049364878162
45.87169893726549,15.119049364878162
45.93615893726549,15.183509364878166
45.93615893726549,15.247969364878163
46.000618937265486,15.31242936487816
46.0650789372655,15.376889364878163
46.129538937265494,15.44134936487816
46.19399893726549,15.505809364878164
46.25845893726549,15.570269364878161
46.322918937265484,15.634729364878165
46.387378937265495,15.699189364878162
46.45183893726549,15.763649364878166
46.51629893726549,15.828109364878163
46.580758937265486,15.89256936487816
46.6452189372655,15.957029364878164
46.709678937265494,16.02148936487816
46.77413893726549,16.085949364878164
46.83859893726549,16.15040936487816
46.903058937265484,16.214869364878165
46.967518937265496,16.279329364878162
47.03197893726549,16.343789364878166
47.03197893726549,16.408249364878163
47.09643893726549,16.47270936487816
47.160898937265486,16.537169364878164
47.2253589372655,16.60162936487816
47.289818937265494,16.666089364878165
47.35427893726549,16.73054936487816
47.41873893726549,16.795009364878165
47.483198937265485,16.859469364878162
47.547658937265496,16.923929364878166
47.61211893726549,16.988389364878163
47.67657893726549,17.05284936487816
47.741038937265486,17.117309364878164
47.741038937265486,17.18176936487816
47.8054989372655,17.246229364878165
47.869958937265494,17.246229364878165
47.93441893726549,17.31068936487816
47.99887893726549,17.375149364878165
48.063338937265485,17.439609364878162
48.063338937265485,17.504069364878166
48.127798937265496,17.568529364878163
48.19225893726549,17.63298936487816
48.25671893726549,17.697449364878164
48.321178937265486,17.76190936487816
48.3856389372655,17.826369364878165
48.450098937265494,17.89082936487816
48.51455893726549,17.955289364878166
48.57901893726549,18.019749364878162
48.643478937265485,18.084209364878166
48.707938937265496,18.148669364878163
48.77239893726549,18.21312936487816
48.83685893726549,18.277589364878164
48.901318937265486,18.34204936487816
48.9657789372655,18.406509364878165
49.030238937265494,18.47096936487816
49.030238937265494,18.535429364878166
49.09469893726549,18.599889364878162
49.15915893726549,18.664349364878166
49.223618937265485,18.728809364878163
49.288078937265496,18.79326936487816
49.35253893726549,18.857729364878164
49.41699893726549,18.92218936487816
49.48145893726549,18.986649364878165
49.5459189372655,19.05110936487816
49.610378937265494,19.115569364878166
49.67483893726549,19.180029364878163
49.73929893726549,19.244489364878167
49.73929893726549,19.308949364878163
49.803758937265485,19.37340936487816
49.868218937265496,19.37340936487816
49.93267893726549,19.437869364878164
49.93267893726549,19.50232936487816
49.99713893726549,19.566789364878165
50.06159893726549,19.566789364878165
50.1260589372655,19.631249364878162
50.1260589372655,19.695709364878166
50.190518937265495,19.760169364878163
50.25497893726549,19.824629364878167
50.31943893726549,19.889089364878163
50.383898937265485,19.95354936487816
50.448358937265496,20.018009364878164
50.51281893726549,20.08246936487816
50.57727893726549,20.146929364878165
50.64173893726549,20.211389364878162
50.7061989372655,20.275849364878166
50.770658937265495,20.340309364878163
50.770658937265495,20.404769364878167
50.83511893726549,20.469229364878164
50.89957893726549,20.469229364878164
50.964038937265485,20.53368936487816
51.028498937265496,20.598149364878164
51.028498937265496,20.66260936487816
51.09295893726549,20.727069364878165
51.15741893726549,20.791529364878162
51.22187893726549,20.855989364878166
51.2863389372655,20.920449364878163
51.350798937265495,20.984909364878167
51.41525893726549,21.049369364878164
51.47971893726549,21.11382936487816
51.544178937265485,21.178289364878164
51.608638937265496,21.24274936487816
51.67309893726549,21.307209364878165
51.73755893726549,21.371669364878162
51.80201893726549,21.436129364878166
51.8664789372655,21.500589364878163
51.930938937265495,21.56504936487816
51.99539893726549,21.629509364878164
51.99539893726549,21.69396936487816
52.05985893726549,21.758429364878165
52.124318937265485,21.82288936487816
52.188778937265496,21.887349364878165
52.25323893726549,21.951809364878162
52.31769893726549,22.016269364878166
52.38215893726549,22.080729364878163
52.446618937265484,22.14518936487816
52.446618937265484,22.209649364878164
52.511078937265495,22.27410936487816
52.57553893726549,22.338569364878165
52.63999893726549,22.40302936487816
52.704458937265485,22.467489364878166
52.7689189372655,22.531949364878162
52.83337893726549,22.596409364878166
52.83337893726549,22.660869364878163
52.89783893726549,22.72532936487816
52.96229893726549,22.789789364878164
53.026758937265484,22.85424936487816
53.091218937265495,22.918709364878165
53.15567893726549,22.98316936487816
53.22013893726549,23.047629364878166
53.22013893726549,23.112089364878162
53.284598937265486,23.176549364878166
53.3490589372655,23.241009364878163
53.41351893726549,23.30546936487816
53.41351893726549,23.369929364878164
53.47797893726549,23.43438936487816
53.54243893726549,23.498849364878165
53.606898937265484,23.56330936487816
53.606898937265484,23.627769364878166
53.671358937265495,23.692229364878163
53.73581893726549,23.756689364878167
53.73581893726549,23.821149364878163
53.80027893726549,23.88560936487816
53.80027893726549,23.950069364878164
53.864738937265486,24.01452936487816
53.864738937265486,24.078989364878165
53.9291989372655,24.143449364878162
53.993658937265494,24.207909364878166
53.993658937265494,24.272369364878163
54.05811893726549,24.336829364878167
54.05811893726549,24.401289364878163
54.12257893726549,24.46574936487816
54.12257893726549,24.530209364878164
54.187038937265484,24.59466936487816
54.187038937265484,24.659129364878165
54.187038937265484,24.723589364878162
54.251498937265495,24.788049364878166
54.251498937265495,24.852509364878163
54.31595893726549,24.916969364878167
54.31595893726549,24.981429364878164
54.38041893726549,25.04588936487816
54.38041893726549,25.110349364878164
54.38041893726549,25.17480936487816
54.444878937265486,25.239269364878165
54.444878937265486,25.303729364878162
54.444878937265486,25.368189364878166
54.444878937265486,25.432649364878163
54.5093389372655,25.497109364878167
54.5093389372655,25.561569364878164
54.5093389372655,25.62602936487816
54.5093389372655,25.690489364878164
54.573798937265494,25.75494936487816
54.573798937265494,25.819409364878165
54.573798937265494,25.883869364878162
54.573798937265494,25.948329364878166
54.63825893726549,26.012789364878163
54.63825893726549,26.077249364878167
54.63825893726549,26.141709364878164
54.63825893726549,26.20616936487816
54.63825893726549,26.270629364878165
54.63825893726549,26.33508936487816
54.70271893726549,26.399549364878165
54.70271893726549,26.464009364878162
54.70271893726549,26.528469364878166
54.70271893726549,26.592929364878163
54.70271893726549,26.657389364878167
54.70271893726549,26.721849364878164
54.70271893726549,26.78630936487816
54.70271893726549,26.850769364878165
54.70271893726549,26.91522936487816
54.70271893726549,26.979689364878165
54.767178937265484,27.044149364878162
54.767178937265484,27.108609364878166
54.767178937265484,27.173069364878163
54.767178937265484,27.237529364878167
54.767178937265484,27.301989364878164
54.767178937265484,27.36644936487816
54.767178937265484,27.430909364878165
54.767178937265484,27.49536936487816
54.767178937265484,27.559829364878166
54.767178937265484,27.624289364878162
54.767178937265484,27.688749364878166
54.767178937265484,27.753209364878163
54.767178937265484,27.81766936487816
54.767178937265484,27.882129364878164
54.767178937265484,27.94658936487816
54.767178937265484,28.011049364878165
54.767178937265484,28.07550936487816
54.767178937265484,28.139969364878166
54.767178937265484,28.204429364878163
54.70271893726549,28.268889364878167
54.70271893726549,28.333349364878163
54.70271893726549,28.39780936487816
54.70271893726549,28.462269364878164
54.70271893726549,28.52672936487816
54.70271893726549,28.591189364878165
54.70271893726549,28.655649364878162
54.70271893726549,28.720109364878166
54.63825893726549,28.784569364878163
54.63825893726549,28.849029364878167
54.63825893726549,28.913489364878163
54.63825893726549,28.97794936487816
54.63825893726549,29.042409364878164
54.63825893726549,29.10686936487816
54.573798937265494,29.171329364878165
54.573798937265494,29.235789364878162
54.573798937265494,29.300249364878166
54.573798937265494,29.364709364878163
54.5093389372655,29.429169364878167
54.5093389372655,29.493629364878164
54.5093389372655,29.55808936487816
54.5093389372655,29.622549364878164
54.444878937265486,29.68700936487816
54.444878937265486,29.751469364878165
54.444878937265486,29.815929364878162
54.38041893726549,29.880389364878166
54.38041893726549,29.944849364878163
54.31595893726549,30.009309364878167
54.31595893726549,30.073769364878164
54.251498937265495,30.13822936487816
54.251498937265495,30.202689364878164
54.187038937265484,30.26714936487816
54.187038937265484,30.331609364878165
54.12257893726549,30.396069364878162
54.12257893726549,30.460529364878166
54.12257893726549,30.524989364878163
54.05811893726549,30.589449364878167
54.05811893726549,30.653909364878164
53.993658937265494,30.71836936487816
53.993658937265494,30.782829364878165
53.9291989372655,30.84728936487816
53.864738937265486,30.911749364878165
53.864738937265486,30.976209364878162
53.80027893726549,31.040669364878166
53.73581893726549,31.105129364878163
53.73581893726549,31.169589364878167
53.671358937265495,31.234049364878164
53.671358937265495,31.29850936487816
53.606898937265484,31.362969364878165
53.606898937265484,31.42742936487816
53.54243893726549,31.491889364878165
53.54243893726549,31.556349364878162
53.47797893726549,31.620809364878166
53.41351893726549,31.685269364878163
53.3490589372655,31.749729364878167
53.3490589372655,31.814189364878164
53.284598937265486,31.87864936487816
53.284598937265486,31.943109364878165
53.22013893726549,32.007569364878165
53.15567893726549,32.07202936487816
53.15567893726549,32.13648936487816
53.091218937265495,32.20094936487817
53.091218937265495,32.26540936487817
53.026758937265484,32.329869364878164
52.96229893726549,32.39432936487816
52.96229893726549,32.45878936487816
52.89783893726549,32.52324936487817
52.89783893726549,32.587709364878165
52.83337893726549,32.65216936487816
52.7689189372655,32.71662936487816
52.7689189372655,32.78108936487817
52.704458937265485,32.84554936487817
52.63999893726549,32.910009364878164
52.57553893726549,32.97446936487816
52.57553893726549,33.03892936487816
52.511078937265495,33.10338936487817
52.511078937265495,33.167849364878165
52.446618937265484,33.23230936487816
52.38215893726549,33.29676936487816
52.38215893726549,33.36122936487817
52.31769893726549,33.42568936487817
52.31769893726549,33.490149364878164
52.25323893726549,33.55460936487816
52.188778937265496,33.61906936487816
52.188778937265496,33.68352936487817
52.124318937265485,33.747989364878165
52.05985893726549,33.81244936487816
52.05985893726549,33.87690936487816
51.99539893726549,33.94136936487817
51.930938937265495,34.00582936487817
51.930938937265495,34.070289364878164
51.8664789372655,34.13474936487816
51.80201893726549,34.19920936487816
51.80201893726549,34.26366936487817
51.73755893726549,34.328129364878166
51.73755893726549,34.39258936487816
51.67309893726549,34.45704936487816
51.608638937265496,34.52150936487817
51.608638937265496,34.58596936487817
51.544178937265485,34.650429364878164
51.544178937265485,34.71488936487816
51.47971893726549,34.77934936487816
51.41525893726549,34.84380936487817
51.41525893726549,34.908269364878166
51.350798937265495,34.97272936487816
51.350798937265495,35.03718936487816
51.2863389372655,35.10164936487817
51.22187893726549,35.16610936487817
51.15741893726549,35.230569364878164
51.15741893726549,35.29502936487816
51.09295893726549,35.35948936487816
51.09295893726549,35.42394936487817
51.028498937265496,35.488409364878166
50.964038937265485,35.55286936487816
50.964038937265485,35.61732936487816
50.89957893726549,35.68178936487817
50.89957893726549,35.74624936487817
50.83511893726549,35.810709364878164
50.770658937265495,35.87516936487816
50.770658937265495,35.93962936487816
50.7061989372655,36.00408936487817
50.7061989372655,36.068549364878166
50.64173893726549,36.13300936487816
50.57727893726549,36.19746936487816
50.51281893726549,36.26192936487817
50.51281893726549,36.32638936487817
50.448358937265496,36.390849364878164
50.448358937265496,36.45530936487816
50.383898937265485,36.51976936487816
50.31943893726549,36.58422936487817
50.31943893726549,36.648689364878166
50.25497893726549,36.71314936487816
50.25497893726549,36.77760936487816
50.190518937265495,36.84206936487817
50.1260589372655,36.90652936487817
50.1260589372655,36.970989364878164
50.06159893726549,37.03544936487816
49.99713893726549,37.09990936487816
49.99713893726549,37.16436936487817
49.93267893726549,37.228829364878166
49.868218937265496,37.29328936487816
49.868218937265496,37.35774936487816
49.803758937265485,37.42220936487817
49.73929893726549,37.48666936487817
49.73929893726549,37.551129364878165
49.67483893726549,37.61558936487816
49.67483893726549,37.68004936487816
49.610378937265494,37.74450936487817
49.5459189372655,37.808969364878166
49.5459189372655,37.87342936487816
49.48145893726549,37.93788936487816
49.48145893726549,38.00234936487817
49.41699893726549,38.06680936487817
49.35253893726549,38.131269364878165
49.35253893726549,38.19572936487816
49.288078937265496,38.26018936487816
49.223618937265485,38.32464936487817
49.15915893726549,38.389109364878166
49.15915893726549,38.45356936487816
49.15915893726549,38.51802936487816
49.09469893726549,38.58248936487817
49.09469893726549,38.64694936487817
49.030238937265494,38.711409364878165
48.9657789372655,38.77586936487816
48.9657789372655,38.84032936487816
48.901318937265486,38.90478936487817
48.901318937265486,38.969249364878166
48.83685893726549,39.03370936487816
48.83685893726549,39.09816936487816
48.77239893726549,39.16262936487817
48.707938937265496,39.22708936487817
48.707938937265496,39.291549364878165
48.643478937265485,39.35600936487816
48.643478937265485,39.42046936487816
48.57901893726549,39.48492936487817
48.57901893726549,39.54938936487817
48.51455893726549,39.61384936487816
48.51455893726549,39.67830936487816
48.51455893726549,39.74276936487817
48.450098937265494,39.80722936487817
48.450098937265494,39.871689364878165
48.3856389372655,39.93614936487816
48.3856389372655,40.00060936487816
48.321178937265486,40.06506936487817
48.321178937265486,40.12952936487817
48.321178937265486,40.19398936487816
48.25671893726549,40.25844936487816
48.25671893726549,40.32290936487817
48.25671893726549,40.38736936487817
48.19225893726549,40.451829364878165
48.19225893726549,40.51628936487816
48.127798937265496,40.58074936487816
48.127798937265496,40.64520936487817
48.127798937265496,40.70966936487817
48.063338937265485,40.77412936487816
48.063338937265485,40.83858936487816
48.063338937265485,40.90304936487817
47.99887893726549,40.96750936487817
47.99887893726549,41.031969364878165
47.99887893726549,41.09642936487816
47.93441893726549,41.16088936487816
47.93441893726549,41.22534936487817
47.93441893726549,41.28980936487817
47.93441893726549,41.354269364878164
47.93441893726549,41.41872936487816
47.93441893726549,41.48318936487816
47.869958937265494,41.54764936487817
47.869958937265494,41.612109364878165
47.869958937265494,41.67656936487816
47.869958937265494,41.74102936487816
47.8054989372655,41.80548936487817
47.8054989372655,41.86994936487817
47.8054989372655,41.934409364878164
47.8054989372655,41.99886936487816
47.8054989372655,42.06332936487816
47.8054989372655,42.12778936487817
47.8054989372655,42.192249364878165
47.8054989372655,42.25670936487816
47.741038937265486,42.32116936487816
47.741038937265486,42.385629364878156
47.741038937265486,42.45008936487817
47.741038937265486,42.514549364878164
47.741038937265486,42.57900936487816
47.741038937265486,42.64346936487816
47.741038937265486,42.707929364878154
47.741038937265486,42.772389364878165
47.741038937265486,42.83684936487816
47.741038937265486,42.90130936487816
47.741038937265486,42.965769364878156
47.741038937265486,43.03022936487817
47.67657893726549,43.094689364878164
47.67657893726549,43.15914936487816
47.67657893726549,43.22360936487816
47.67657893726549,43.288069364878154
47.67657893726549,43.352529364878166
47.67657893726549,43.41698936487816
47.67657893726549,43.48144936487816
47.67657893726549,43.545909364878156
47.67657893726549,43.61036936487817
47.741038937265486,43.674829364878164
47.741038937265486,43.73928936487816
47.741038937265486,43.80374936487816
47.741038937265486,43.868209364878155
47.741038937265486,43.932669364878166
47.741038937265486,43.99712936487816
47.741038937265486,44.06158936487816
47.741038937265486,44.126049364878156
47.741038937265486,44.19050936487817
47.741038937265486,44.254969364878164
47.741038937265486,44.31942936487816
47.741038937265486,44.38388936487816
47.741038937265486,44.448349364878155
47.741038937265486,44.512809364878166
47.741038937265486,44.57726936487816
47.8054989372655,44.64172936487816
47.8054989372655,44.706189364878156
47.8054989372655,44.77064936487817
47.8054989372655,44.835109364878164
47.8054989372655,44.89956936487816
47.8054989372655,44.96402936487816
47.8054989372655,45.028489364878155
47.869958937265494,45.092949364878166
47.869958937265494,45.15740936487816
47.869958937265494,45.22186936487816
47.869958937265494,45.286329364878156
47.869958937265494,45.35078936487817
47.869958937265494,45.415249364878164
47.869958937265494,45.47970936487816
47.869958937265494,45.54416936487816
47.869958937265494,45.608629364878155
47.93441893726549,45.673089364878166
47.93441893726549,45.73754936487816
47.93441893726549,45.80200936487816
47.93441893726549,45.86646936487816
47.93441893726549,45.93092936487817
47.93441893726549,45.995389364878164
47.93441893726549,46.05984936487816
47.99887893726549,46.12430936487816
47.99887893726549,46.188769364878155
47.99887893726549,46.253229364878166
47.99887893726549,46.31768936487816
47.99887893726549,46.38214936487816
47.99887893726549,46.44660936487816
47.99887893726549,46.51106936487817
48.063338937265485,46.575529364878165
48.063338937265485,46.63998936487816
48.063338937265485,46.70444936487816
48.063338937265485,46.768909364878155
48.063338937265485,46.833369364878166
48.063338937265485,46.89782936487816
48.063338937265485,46.96228936487816
48.127798937265496,47.02674936487816
48.127798937265496,47.09120936487817
48.127798937265496,47.155669364878165
48.127798937265496,47.22012936487816
48.127798937265496,47.28458936487816
48.127798937265496,47.349049364878155
48.19225893726549,47.413509364878166
48.19225893726549,47.47796936487816
48.19225893726549,47.54242936487816
48.19225893726549,47.60688936487816
48.19225893726549,47.67134936487817
48.19225893726549,47.735809364878165
48.25671893726549,47.80026936487816
48.25671893726549,47.86472936487816
48.25671893726549,47.929189364878155
48.25671893726549,47.993649364878166
48.25671893726549,48.05810936487816
48.25671893726549,48.12256936487816
48.321178937265486,48.18702936487816
48.321178937265486,48.25148936487817
48.321178937265486,48.315949364878165
48.321178937265486,48.38040936487816
48.321178937265486,48.44486936487816
48.321178937265486,48.509329364878155
48.3856389372655,48.57378936487817
48.3856389372655,48.63824936487816
48.3856389372655,48.70270936487816
48.3856389372655,48.76716936487816
48.3856389372655,48.83162936487817
48.3856389372655,48.896089364878165
48.450098937265494,48.96054936487816
48.450098937265494,49.02500936487816
48.450098937265494,49.089469364878155
48.450098937265494,49.15392936487817
48.450098937265494,49.21838936487816
48.450098937265494,49.28284936487816
48.51455893726549,49.34730936487816
48.51455893726549,49.41176936487817
48.51455893726549,49.476229364878165
48.51455893726549,49.54068936487816
48.51455893726549,49.60514936487816
48.51455893726549,49.669609364878156
48.57901893726549,49.73406936487817
48.57901893726549,49.79852936487816
48.57901893726549,49.86298936487816
48.57901893726549,49.92744936487816
48.57901893726549,49.99190936487817
48.57901893726549,50.056369364878165
48.643478937265485,50.12082936487816
48.643478937265485,50.18528936487816
48.643478937265485,50.249749364878156
48.643478937265485,50.31420936487817
48.643478937265485,50.378669364878164
48.643478937265485,50.44312936487816
48.707938937265496,50.50758936487816
48.707938937265496,50.57204936487817
48.707938937265496,50.636509364878165
48.707938937265496,50.70096936487816
48.707938937265496,50.76542936487816
48.707938937265496,50.829889364878156
48.77239893726549,50.89434936487817
48.77239893726549,50.958809364878164
48.77239893726549,51.02326936487816
48.77239893726549,51.08772936487816
48.77239893726549,51.152189364878154
48.77239893726549,51.216649364878165
48.83685893726549,51.28110936487816
48.83685893726549,51.34556936487816
48.83685893726549,51.410029364878156
48.83685893726549,51.47448936487817
48.83685893726549,51.538949364878164
48.83685893726549,51.60340936487816
48.901318937265486,51.66786936487816
48.901318937265486,51.732329364878154
48.901318937265486,51.796789364878165
48.901318937265486,51.86124936487816
48.901318937265486,51.92570936487816
48.901318937265486,51.990169364878156
48.9657789372655,52.05462936487817
48.9657789372655,52.119089364878164
48.9657789372655,52.18354936487816
48.9657789372655,52.24800936487816
48.9657789372655,52.312469364878154
48.9657789372655,52.376929364878166
49.030238937265494,52.44138936487816
49.030238937265494,52.50584936487816
49.030238937265494,52.570309364878156
49.030238937265494,52.63476936487817
49.030238937265494,52.699229364878164
49.030238937265494,52.76368936487816
49.09469893726549,52.82814936487816
49.09469893726549,52.892609364878155
49.09469893726549,52.957069364878166
49.09469893726549,53.02152936487816
49.09469893726549,53.08598936487816
49.09469893726549,53.150449364878156
49.15915893726549,53.21490936487817
49.15915893726549,53.279369364878164
49.15915893726549,53.34382936487816
49.15915893726549,53.40828936487816
49.15915893726549,53.472749364878155
49.15915893726549,53.537209364878166
49.15915893726549,53.60166936487816
49.223618937265485,53.66612936487816
49.223618937265485,53.730589364878156
49.223618937265485,53.79504936487817
49.223618937265485,53.859509364878164
49.223618937265485,53.92396936487816
49.223618937265485,53.98842936487816
49.288078937265496,54.052889364878155
49.288078937265496,54.117349364878166
49.288078937265496,54.18180936487816
49.288078937265496,54.24626936487816
49.288078937265496,54.310729364878156
49.288078937265496,54.37518936487817
49.35253893726549,54.439649364878164
49.35253893726549,54.50410936487816
49.35253893726549,54.56856936487816
49.35253893726549,54.633029364878155
49.35253893726549,54.697489364878166
49.35253893726549,54.76194936487816
49.41699893726549,54.82640936487816
49.41699893726549,54.89086936487816
49.41699893726549,54.95532936487817
49.41699893726549,55.019789364878164
49.41699893726549,55.08424936487816
49.41699893726549,55.14870936487816
49.48145893726549,55.213169364878155
49.48145893726549,55.277629364878166
49.48145893726549,55.34208936487816
49.48145893726549,55.40654936487816
49.48145893726549,55.47100936487816
49.48145893726549,55.53546936487817
49.5459189372655,55.599929364878165
49.5459189372655,55.66438936487816
49.5459189372655,55.72884936487816
49.5459189372655,55.793309364878155
49.5459189372655,55.857769364878166
49.5459189372655,55.92222936487816
49.610378937265494,55.98668936487816
49.610378937265494,56.05114936487816
49.610378937265494,56.11560936487817
49.610378937265494,56.180069364878165
49.610378937265494,56.24452936487816
49.610378937265494,56.30898936487816
49.610378937265494,56.373449364878155
49.610378937265494,56.437909364878166
49.610378937265494,56.50236936487816
49.610378937265494,56.56682936487816
49.610378937265494,56.63128936487816
49.610378937265494,56.69574936487817
49.67483893726549,56.760209364878165
49.67483893726549,56.82466936487816
49.67483893726549,56.88912936487816
49.67483893726549,56.953589364878155
49.67483893726549,57.018049364878166
49.67483893726549,57.08250936487816
49.67483893726549,57.14696936487816
49.67483893726549,57.21142936487816
49.67483893726549,57.27588936487817
49.67483893726549,57.340349364878165
49.67483893726549,57.40480936487816
49.67483893726549,57.46926936487816
49.67483893726549,57.533729364878155
49.67483893726549,57.598189364878166
49.67483893726549,57.66264936487816
49.67483893726549,57.72710936487816
49.67483893726549,57.79156936487816
49.67483893726549,57.85602936487817
49.610378937265494,57.920489364878165
49.610378937265494,57.98494936487816
49.610378937265494,58.04940936487816
49.610378937265494,58.113869364878155
49.610378937265494,58.17832936487817
49.610378937265494,58.24278936487816
49.610378937265494,58.30724936487816
49.610378937265494,58.37170936487816
49.5459189372655,58.43616936487817
49.5459189372655,58.500629364878165
49.5459189372655,58.56508936487816
49.5459189372655,58.62954936487816
49.5459189372655,58.694009364878156
49.5459189372655,58.75846936487817
49.48145893726549,58.82292936487816
49.48145893726549,58.88738936487816
49.48145893726549,58.95184936487816
49.48145893726549,59.01630936487817
49.48145893726549,59.080769364878165
49.41699893726549,59.14522936487816
49.41699893726549,59.20968936487816
49.41699893726549,59.274149364878156
49.35253893726549,59.33860936487817
49.35253893726549,59.403069364878164
49.288078937265496,59.46752936487816
49.288078937265496,59.53198936487816
49.223618937265485,59.59644936487817
49.223618937265485,59.660909364878165
49.15915893726549,59.72536936487816
49.15915893726549,59.78982936487816
49.09469893726549,59.854289364878156
49.09469893726549,59.91874936487817
49.09469893726549,59.983209364878164
49.030238937265494,60.04766936487816
48.9657789372655,60.11212936487816
48.901318937265486,60.17658936487817
48.901318937265486,60.241049364878165
48.83685893726549,60.30550936487816
48.77239893726549,60.36996936487816
48.707938937265496,60.434429364878156
48.643478937265485,60.49888936487817
48.57901893726549,60.563349364878164
48.51455893726549,60.62780936487816
48.51455893726549,60.69226936487816
48.450098937265494,60.75672936487817
48.3856389372655,60.821189364878165
48.321178937265486,60.88564936487816
48.25671893726549,60.88564936487816
48.19225893726549,60.95010936487816
48.127798937265496,61.014569364878156
48.063338937265485,61.014569364878156
47.99887893726549,61.07902936487817
47.93441893726549,61.143489364878164
47.869958937265494,61.143489364878164
47.8054989372655,61.20794936487816
47.741038937265486,61.20794936487816
47.67657893726549,61.27240936487816
47.61211893726549,61.27240936487816
47.547658937265496,61.33686936487817
47.483198937265485,61.33686936487817
47.41873893726549,61.401329364878166
47.35427893726549,61.401329364878166
47.289818937265494,61.46578936487816
47.2253589372655,61.46578936487816
47.160898937265486,61.46578936487816
47.09643893726549,61.53024936487816
47.03197893726549,61.53024936487816
46.967518937265496,61.53024936487816
46.903058937265484,61.594709364878156
46.83859893726549,61.594709364878156
46.77413893726549,61.65916936487817
46.709678937265494,61.65916936487817
46.6452189372655,61.65916936487817
46.580758937265486,61.723629364878164
46.51629893726549,61.723629364878164
46.45183893726549,61.723629364878164
46.387378937265495,61.723629364878164
46.322918937265484,61.723629364878164
46.25845893726549,61.78808936487816
46.19399893726549,61.78808936487816
46.129538937265494,61.78808936487816
46.0650789372655,61.78808936487816
46.000618937265486,61.85254936487816
45.93615893726549,61.85254936487816
45.87169893726549,61.85254936487816
45.807238937265495,61.85254936487816
45.742778937265484,61.91700936487817
45.67831893726549,61.91700936487817
45.61385893726549,61.91700936487817
45.549398937265494,61.91700936487817
45.4849389372655,61.91700936487817
45.420478937265486,61.981469364878166
45.35601893726549,61.981469364878166
45.29155893726549,61.981469364878166
45.227098937265495,61.981469364878166
45.162638937265484,61.981469364878166
45.09817893726549,61.981469364878166
45.03371893726549,61.981469364878166
44.969258937265494,61.981469364878166
44.9047989372655,61.981469364878166
44.840338937265486,62.04592936487816
44.77587893726549,62.04592936487816
44.71141893726549,62.04592936487816
44.646958937265495,62.04592936487816
44.582498937265484,62.04592936487816
44.51803893726549,62.04592936487816
44.45357893726549,62.11038936487816
44.38911893726549,62.11038936487816
44.3246589372655,62.11038936487816
44.260198937265486,62.11038936487816
44.19573893726549,62.11038936487816
44.13127893726549,62.11038936487816
44.066818937265495,62.11038936487816
44.002358937265484,62.174849364878156
43.93789893726549,62.174849364878156
43.87343893726549,62.174849364878156
43.80897893726549,62.174849364878156
43.7445189372655,62.174849364878156
43.680058937265485,62.174849364878156
43.61559893726549,62.174849364878156
43.55113893726549,62.174849364878156
43.486678937265495,62.23930936487817
43.422218937265484,62.23930936487817
43.35775893726549,62.23930936487817
43.29329893726549,62.23930936487817
43.22883893726549,62.23930936487817
43.1643789372655,62.23930936487817
43.099918937265485,62.23930936487817
43.03545893726549,62.23930936487817
42.97099893726549,62.23930936487817
42.906538937265495,62.23930936487817
42.842078937265484,62.303769364878164
42.77761893726549,62.303769364878164
42.71315893726549,62.303769364878164
42.64869893726549,62.303769364878164
42.584238937265496,62.303769364878164
42.519778937265485,62.303769364878164
42.45531893726549,62.303769364878164
42.39085893726549,62.303769364878164
42.326398937265495,62.36822936487816
42.261938937265484,62.36822936487816
42.19747893726549,62.36822936487816
42.13301893726549,62.36822936487816
42.06855893726549,62.36822936487816
42.004098937265496,62.36822936487816
41.939638937265485,62.36822936487816
41.87517893726549,62.36822936487816
41.81071893726549,62.43268936487816
41.746258937265495,62.43268936487816
41.681798937265484,62.43268936487816
41.61733893726549,62.43268936487816
41.55287893726549,62.43268936487816
41.48841893726549,62.43268936487816
41.423958937265496,62.43268936487816
41.359498937265485,62.43268936487816
41.29503893726549,62.49714936487817
41.23057893726549,62.49714936487817
41.166118937265495,62.49714936487817
41.10165893726548,62.49714936487817
41.03719893726549,62.49714936487817
40.97273893726549,62.49714936487817
40.90827893726549,62.49714936487817
40.843818937265496,62.561609364878166
40.779358937265485,62.561609364878166
40.71489893726549,62.561609364878166
40.65043893726549,62.561609364878166
40.585978937265494,62.561609364878166
40.52151893726548,62.561609364878166
40.45705893726549,62.561609364878166
40.39259893726549,62.62606936487816
40.32813893726549,62.62606936487816
40.263678937265496,62.62606936487816
40.199218937265485,62.62606936487816
40.13475893726549,62.62606936487816
40.07029893726549,62.62606936487816
40.005838937265494,62.62606936487816
39.94137893726548,62.69052936487816
39.876918937265486,62.69052936487816
39.81245893726549,62.69052936487816
39.74799893726549,62.69052936487816
39.683538937265496,62.754989364878156
39.619078937265485,62.754989364878156
39.55461893726549,62.754989364878156
39.49015893726549,62.754989364878156
39.425698937265494,62.754989364878156
39.36123893726548,62.81944936487817
39.296778937265486,62.81944936487817
39.23231893726549,62.81944936487817
39.16785893726549,62.883909364878164
39.103398937265496,62.883909364878164
39.038938937265485,62.883909364878164
38.97447893726549,62.883909364878164
38.91001893726549,62.94836936487816
38.845558937265494,62.94836936487816
38.78109893726548,63.01282936487816
38.716638937265486,63.01282936487816
38.65217893726549,63.01282936487816
38.58771893726549,63.07728936487817
38.523258937265496,63.07728936487817
38.458798937265485,63.141749364878166
38.39433893726549,63.141749364878166
38.32987893726549,63.20620936487816
38.265418937265494,63.27066936487816
38.2009589372655,63.27066936487816
38.136498937265486,63.335129364878156
38.07203893726549,63.39958936487817
38.00757893726549,63.464049364878164
37.943118937265496,63.464049364878164
37.878658937265484,63.52850936487816
37.81419893726549,63.59296936487816
37.74973893726549,63.65742936487817
37.685278937265494,63.721889364878166
37.6208189372655,63.78634936487816
37.556358937265486,63.85080936487816
37.49189893726549,63.91526936487816
37.42743893726549,63.97972936487817
37.362978937265495,64.04418936487816
37.298518937265484,64.10864936487816
37.23405893726549,64.17310936487816
37.16959893726549,64.23756936487815
37.105138937265494,64.30202936487817
37.105138937265494,64.36648936487816
37.0406789372655,64.43094936487816
36.976218937265486,64.49540936487816
36.976218937265486,64.55986936487817
36.91175893726549,64.62432936487816
36.84729893726549,64.68878936487816
36.84729893726549,64.75324936487816
36.782838937265495,64.81770936487816
36.782838937265495,64.88216936487817
36.718378937265484,64.94662936487816
36.718378937265484,65.01108936487816
36.65391893726549,65.07554936487816
36.58945893726549,65.14000936487817
36.58945893726549,65.20446936487816
36.58945893726549,65.26892936487816
36.524998937265494,65.33338936487816
36.524998937265494,65.39784936487816
36.4605389372655,65.46230936487817
36.4605389372655,65.52676936487816
36.4605389372655,65.59122936487816
36.396078937265486,65.65568936487816
36.396078937265486,65.72014936487817
36.396078937265486,65.78460936487816
36.33161893726549,65.84906936487816
36.33161893726549,65.91352936487816
36.26715893726549,65.97798936487816
36.26715893726549,66.04244936487817
36.26715893726549,66.10690936487816
36.202698937265495,66.17136936487816
36.202698937265495,66.23582936487816
36.202698937265495,66.30028936487817
36.138238937265484,66.36474936487816
36.138238937265484,66.42920936487816
36.138238937265484,66.49366936487816
36.07377893726549,66.55812936487816
36.07377893726549,66.62258936487817
36.07377893726549,66.68704936487816
36.07377893726549,66.75150936487816
36.07377893726549,66.81596936487816
36.00931893726549,66.88042936487817
36.00931893726549,66.94488936487816
36.00931893726549,67.00934936487816
36.00931893726549,67.07380936487816
35.944858937265494,67.13826936487816
35.944858937265494,67.20272936487817
35.944858937265494,67.26718936487816
35.944858937265494,67.33164936487816
35.8803989372655,67.39610936487816
35.8803989372655,67.46056936487817
35.8803989372655,67.52502936487816
35.8803989372655,67.58948936487816
35.815938937265486,67.65394936487816
35.815938937265486,67.71840936487816
35.815938937265486,67.78286936487817
35.815938937265486,67.84732936487816
35.75147893726549,67.91178936487816
35.75147893726549,67.97624936487816
35.75147893726549,68.04070936487817
35.75147893726549,68.10516936487817
35.75147893726549,68.16962936487816
35.68701893726549,68.23408936487816
35.68701893726549,68.29854936487816
35.68701893726549,68.36300936487817
35.68701893726549,68.42746936487816
35.622558937265495,68.49192936487816
35.622558937265495,68.55638936487816
35.622558937265495,68.62084936487817
35.622558937265495,68.68530936487817
35.558098937265484,68.74976936487816
35.558098937265484,68.81422936487816
35.558098937265484,68.87868936487816
35.558098937265484,68.94314936487817
35.49363893726549,69.00760936487816
35.49363893726549,69.07206936487816
35.49363893726549,69.13652936487816
35.49363893726549,69.20098936487817
35.42917893726549,69.26544936487817
35.42917893726549,69.32990936487816
35.42917893726549,69.39436936487816
35.42917893726549,69.45882936487816
35.36471893726549,69.52328936487817
35.36471893726549,69.58774936487816
35.36471893726549,69.65220936487816
35.36471893726549,69.71666936487816
35.3002589372655,69.78112936487817
35.3002589372655,69.84558936487817
35.3002589372655,69.91004936487816
35.3002589372655,69.97450936487816
35.235798937265486,70.03896936487816
35.235798937265486,70.10342936487817
35.235798937265486,70.16788936487816
35.235798937265486,70.23234936487816
35.17133893726549,70.29680936487816
35.17133893726549,70.36126936487817
35.17133893726549,70.42572936487817
35.17133893726549,70.49018936487816
35.10687893726549,70.55464936487816
35.10687893726549,70.61910936487816
35.10687893726549,70.68356936487817
35.10687893726549,70.74802936487816
35.042418937265495,70.81248936487816
35.042418937265495,70.87694936487816
35.042418937265495,70.94140936487817
35.042418937265495,71.00586936487817
34.977958937265484,71.07032936487816
34.977958937265484,71.13478936487816
34.977958937265484,71.19924936487816
34.977958937265484,71.26370936487817
34.91349893726549,71.32816936487816
34.91349893726549,71.39262936487816
34.91349893726549,71.45708936487816
34.91349893726549,71.52154936487817
34.91349893726549,71.58600936487817
34.84903893726549,71.65046936487816
34.84903893726549,71.71492936487816
34.84903893726549,71.77938936487816
34.84903893726549,71.84384936487817
34.78457893726549,71.90830936487816
34.78457893726549,71.97276936487816
34.78457893726549,72.03722936487816
34.78457893726549,72.10168936487817
34.7201189372655,72.16614936487817
34.7201189372655,72.23060936487816
34.7201189372655,72.29506936487816
34.7201189372655,72.35952936487816
34.655658937265486,72.42398936487817
34.655658937265486,72.48844936487816
34.655658937265486,72.55290936487816
34.655658937265486,72.61736936487816
34.59119893726549,72.68182936487817
34.59119893726549,72.74628936487817
34.59119893726549,72.81074936487816
34.59119893726549,72.87520936487816
34.52673893726549,72.93966936487816
34.52673893726549,73.00412936487817
34.52673893726549,73.06858936487816
34.52673893726549,73.13304936487816
34.462278937265495,73.19750936487816
34.462278937265495,73.26196936487817
34.462278937265495,73.32642936487817
34.462278937265495,73.39088936487816
34.462278937265495,73.45534936487816
34.397818937265484,73.51980936487816
34.397818937265484,73.58426936487817
34.397818937265484,73.64872936487816
34.397818937265484,73.71318936487816
34.33335893726549,73.77764936487816
34.33335893726549,73.84210936487817
34.33335893726549,73.90656936487817
34.33335893726549,73.97102936487816
34.26889893726549,74.03548936487816
34.26889893726549,74.09994936487816
34.26889893726549,74.16440936487817
34.26889893726549,74.22886936487816
34.20443893726549,74.29332936487816
34.20443893726549,74.35778936487816
34.20443893726549,74.42224936487817
34.20443893726549,74.48670936487817
34.1399789372655,74.55116936487816
34.1399789372655,74.61562936487816
34.1399789372655,74.68008936487816
34.1399789372655,74.74454936487817
34.075518937265485,74.80900936487816
34.075518937265485,74.87346936487816
34.075518937265485,74.93792936487816
34.075518937265485,75.00238936487817
34.01105893726549,75.06684936487817
34.01105893726549,75.13130936487816
34.01105893726549,75.19576936487816
34.01105893726549,75.26022936487816
33.94659893726549,75.32468936487817
33.94659893726549,75.38914936487816
33.94659893726549,75.45360936487816
33.94659893726549,75.51806936487816
33.882138937265495,75.58252936487817
33.882138937265495,75.64698936487817
33.882138937265495,75.71144936487816
33.882138937265495,75.77590936487816
33.817678937265484,75.84036936487816
33.817678937265484,75.90482936487817
33.817678937265484,75.96928936487816
33.817678937265484,76.03374936487816
33.75321893726549,76.09820936487816
33.75321893726549,76.16266936487817
33.75321893726549,76.22712936487817
33.75321893726549,76.29158936487816
33.68875893726549,76.35604936487816
33.68875893726549,76.42050936487816
33.68875893726549,76.48496936487817
33.62429893726549,76.54942936487816
33.62429893726549,76.61388936487816
33.62429893726549,76.67834936487816
33.62429893726549,76.74280936487817
33.559838937265496,76.80726936487817
33.559838937265496,76.87172936487816
33.559838937265496,76.93618936487816
33.559838937265496,77.00064936487816
33.495378937265485,77.06510936487817
33.495378937265485,77.12956936487817
33.495378937265485,77.19402936487816
33.495378937265485,77.25848936487816
33.495378937265485,77.32294936487816
33.43091893726549,77.38740936487817
33.43091893726549,77.45186936487816
33.43091893726549,77.51632936487816
33.43091893726549,77.58078936487816
33.43091893726549,77.64524936487817
33.36645893726549,77.70970936487817
33.36645893726549,77.77416936487816
33.36645893726549,77.83862936487816
33.36645893726549,77.90308936487816
33.36645893726549,77.96754936487817
33.36645893726549,78.03200936487816
33.36645893726549,78.09646936487816
33.36645893726549,78.16092936487816
33.36645893726549,78.22538936487817
33.301998937265495,78.28984936487817
33.301998937265495,78.35430936487816
33.301998937265495,78.41876936487816
33.301998937265495,78.48322936487816
33.301998937265495,78.54768936487817
33.36645893726549,78.61214936487816
33.36645893726549,78.67660936487816
33.36645893726549,78.74106936487816
33.36645893726549,78.80552936487817
33.36645893726549,78.86998936487817
33.43091893726549,78.93444936487816
33.43091893726549,78.99890936487816
33.43091893726549,79.06336936487816
33.43091893726549,79.12782936487817
33.495378937265485,79.19228936487816
33.495378937265485,79.25674936487816
33.495378937265485,79.32120936487816
33.495378937265485,79.38566936487817
33.559838937265496,79.45012936487817
33.559838937265496,79.51458936487816
33.62429893726549,79.57904936487816
33.62429893726549,79.64350936487816
33.68875893726549,79.70796936487817
33.75321893726549,79.77242936487816
33.817678937265484,79.83688936487816
33.882138937265495,79.90134936487816
33.94659893726549,79.96580936487817
34.01105893726549,80.03026936487817
34.075518937265485,80.09472936487816
34.1399789372655,80.15918936487816
34.20443893726549,80.22364936487816
34.26889893726549,80.28810936487817
34.33335893726549,80.35256936487816
34.397818937265484,80.41702936487816
34.462278937265495,80.48148936487816
34.462278937265495,80.54594936487817
34.52673893726549,80.61040936487817
34.59119893726549,80.67486936487816
34.655658937265486,80.73932936487816
34.655658937265486,80.80378936487816
34.7201189372655,80.86824936487817
34.78457893726549,80.93270936487816
34.78457893726549,80.99716936487816
34.78457893726549,81.06162936487816
34.84903893726549,81.12608936487817
34.84903893726549,81.19054936487817
34.91349893726549,81.25500936487816
34.91349893726549,81.31946936487816
34.91349893726549,81.38392936487816
34.91349893726549,81.44838936487817
34.91349893726549,81.51284936487816
34.977958937265484,81.57730936487816
34.977958937265484,81.64176936487816
34.977958937265484,81.70622936487817
34.977958937265484,81.77068936487817
34.977958937265484,81.83514936487816
35.042418937265495,81.89960936487816
35.042418937265495,81.96406936487816
35.042418937265495,82.02852936487817
35.042418937265495,82.09298936487816
35.042418937265495,82.15744936487816
35.042418937265495,82.22190936487816
35.042418937265495,82.28636936487817
35.042418937265495,82.35082936487817
35.042418937265495,82.41528936487816
34.977958937265484,82.47974936487816
34.977958937265484,82.54420936487816
34.977958937265484,82.60866936487817
34.977958937265484,82.67312936487816
34.977958937265484,82.73758936487816
34.91349893726549,82.80204936487816
34.91349893726549,82.86650936487817
34.91349893726549,82.93096936487817
34.91349893726549,82.99542936487816
34.84903893726549,83.05988936487816
34.84903893726549,83.12434936487816
34.84903893726549,83.18880936487817
34.84903893726549,83.25326936487816
34.78457893726549,83.31772936487816
34.7201189372655,83.38218936487816
34.655658937265486,83.44664936487817
34.655658937265486,83.51110936487817
34.59119893726549,83.57556936487816
34.52673893726549,83.64002936487816
34.462278937265495,83.70448936487816
34.462278937265495,83.76894936487817
34.397818937265484,83.83340936487816
34.33335893726549,83.89786936487816
34.26889893726549,83.96232936487816
34.20443893726549,84.02678936487817
34.20443893726549,84.09124936487817
34.1399789372655,84.15570936487816
34.075518937265485,84.22016936487816
34.01105893726549,84.28462936487816
33.94659893726549,84.34908936487817
33.882138937265495,84.41354936487816
33.817678937265484,84.47800936487816
33.75321893726549,84.54246936487816
33.75321893726549,84.60692936487817
33.68875893726549,84.67138936487817
33.62429893726549,84.73584936487816
33.559838937265496,84.80030936487816
33.495378937265485,84.86476936487816
33.43091893726549,84.92922936487817
33.36645893726549,84.99368936487816
33.301998937265495,85.05814936487816
33.237538937265484,85.12260936487816
33.17307893726549,85.18706936487817
33.17307893726549,85.25152936487817
33.10861893726549,85.31598936487816
33.04415893726549,85.38044936487816
32.979698937265496,85.44490936487816
32.915238937265485,85.50936936487817
32.85077893726549,85.57382936487816
32.78631893726549,85.63828936487816
32.721858937265495,85.70274936487816
32.657398937265484,85.76720936487817
32.657398937265484,85.83166936487817
32.59293893726549,85.89612936487816
32.52847893726549,85.96058936487816
32.46401893726549,86.02504936487816
32.399558937265496,86.08950936487817
32.335098937265485,86.15396936487817
32.27063893726549,86.21842936487816
32.20617893726549,86.28288936487816
32.141718937265495,86.34734936487817
32.07725893726548,86.41180936487817
32.01279893726549,86.47626936487816
32.01279893726549,86.54072936487816
31.94833893726549,86.60518936487816
31.883878937265493,86.66964936487817
31.819418937265496,86.73410936487817
31.754958937265485,86.79856936487816
31.690498937265488,86.86302936487816
31.62603893726549,86.92748936487817
31.561578937265494,86.99194936487817
31.497118937265483,87.05640936487816
31.432658937265487,87.12086936487816
31.36819893726549,87.18532936487816
31.36819893726549,87.24978936487817
31.303738937265493,87.31424936487817
31.239278937265496,87.37870936487816
31.174818937265485,87.44316936487816
31.110358937265488,87.50762936487817
31.04589893726549,87.57208936487817
30.981438937265494,87.63654936487816
30.916978937265483,87.70100936487816
30.916978937265483,87.76546936487816
30.852518937265486,87.82992936487817
30.78805893726549,87.89438936487817
30.723598937265493,87.95884936487816
30.659138937265496,88.02330936487816
30.594678937265485,88.08776936487817
30.530218937265488,88.15222936487817
30.46575893726549,88.21668936487816
30.401298937265494,88.28114936487816
30.336838937265483,88.34560936487816
30.272378937265486,88.41006936487817
30.20791893726549,88.47452936487817
30.20791893726549,88.53898936487816
30.143458937265493,88.60344936487816
30.078998937265496,88.66790936487817
30.014538937265485,88.73236936487817
29.950078937265488,88.79682936487816
29.88561893726549,88.86128936487816
29.821158937265494,88.92574936487816
29.821158937265494,88.99020936487817
29.756698937265483,89.05466936487817
29.692238937265486,89.11912936487816
29.62777893726549,89.18358936487816
29.563318937265493,89.24804936487817
29.498858937265496,89.31250936487817
29.434398937265485,89.37696936487816
29.369938937265488,89.44142936487816
29.30547893726549,89.50588936487816
29.241018937265494,89.57034936487817
29.241018937265494,89.63480936487817
29.176558937265483,89.69926936487816
29.112098937265486,89.76372936487816
29.04763893726549,89.82818936487817
28.983178937265492,89.89264936487817
28.918718937265496,89.95710936487816
28.854258937265485,90.02156936487816
28.789798937265488,90.08602936487816
28.789798937265488,90.15048936487817
28.72533893726549,90.21494936487817
28.660878937265494,90.27940936487816
28.596418937265483,90.34386936487816
28.531958937265486,90.40832936487817
28.46749893726549,90.47278936487817
28.46749893726549,90.53724936487816
28.403038937265492,90.60170936487816
28.338578937265495,90.66616936487816
28.274118937265484,90.73062936487817
28.209658937265488,90.79508936487817
28.14519893726549,90.85954936487816
28.080738937265494,90.92400936487816
28.016278937265483,90.98846936487816
28.016278937265483,91.05292936487817
27.951818937265486,91.11738936487816
27.88735893726549,91.18184936487816
27.822898937265492,91.24630936487816
27.758438937265495,91.31076936487817
27.693978937265484,91.37522936487817
27.629518937265487,91.43968936487816
27.56505893726549,91.50414936487816
27.500598937265494,91.56860936487816
27.436138937265483,91.63306936487817
27.371678937265486,91.69752936487816
27.371678937265486,91.76198936487816
27.30721893726549,91.82644936487816
27.242758937265492,91.89090936487817
27.178298937265495,91.95536936487817
27.113838937265484,92.01982936487816
27.049378937265487,92.08428936487816
27.049378937265487,92.14874936487816
26.98491893726549,92.21320936487817
26.920458937265494,92.21320936487817
26.855998937265483,92.27766936487816
26.855998937265483,92.34212936487816
26.791538937265486,92.40658936487816
26.72707893726549,92.47104936487817
26.662618937265492,92.53550936487817
26.598158937265495,92.59996936487816
26.533698937265484,92.66442936487816
26.469238937265487,92.72888936487816
26.40477893726549,92.79334936487817
26.340318937265494,92.85780936487816
26.340318937265494,92.92226936487816
26.275858937265482,92.98672936487816
26.211398937265486,92.98672936487816
26.14693893726549,93.05118936487817
26.082478937265492,93.11564936487817
26.018018937265495,93.18010936487816
26.018018937265495,93.24456936487816
25.953558937265484,93.30902936487816
25.889098937265487,93.37348936487817
25.82463893726549,93.43794936487816
25.760178937265493,93.50240936487816
25.695718937265482,93.56686936487816
25.631258937265486,93.63132936487817
25.56679893726549,93.69578936487817
25.502338937265492,93.76024936487816
25.437878937265495,93.82470936487816
25.373418937265484,93.88916936487816
25.308958937265487,93.95362936487817
25.24449893726549,94.01808936487816
25.180038937265493,94.08254936487816
25.115578937265497,94.14700936487816
25.051118937265485,94.21146936487817
24.98665893726549,94.21146936487817
24.92219893726549,94.27592936487817
24.92219893726549,94.34038936487816
24.857738937265495,94.40484936487816
24.793278937265484,94.46930936487816
24.728818937265487,94.53376936487817
24.66435893726549,94.53376936487817
24.599898937265493,94.59822936487816
24.535438937265496,94.66268936487816
24.470978937265485,94.72714936487816
24.40651893726549,94.79160936487817
24.34205893726549,94.85606936487817
24.277598937265495,94.92052936487816
24.213138937265484,94.98498936487816
24.148678937265487,94.98498936487816
24.08421893726549,95.04944936487816
24.019758937265493,95.11390936487817
23.955298937265496,95.17836936487817
23.890838937265485,95.24282936487816
23.82637893726549,95.30728936487816
23.76191893726549,95.37174936487817
23.697458937265495,95.43620936487817
23.632998937265484,95.43620936487817
23.568538937265487,95.50066936487816
23.50407893726549,95.56512936487816
23.439618937265493,95.62958936487816
23.375158937265496,95.69404936487817
23.310698937265485,95.75850936487817
23.24623893726549,95.75850936487817
23.18177893726549,95.82296936487816
23.117318937265495,95.88742936487816
23.052858937265484,95.95188936487817
22.988398937265487,96.01634936487817
22.92393893726549,96.01634936487817
22.859478937265493,96.08080936487816
22.795018937265496,96.14526936487816
22.730558937265485,96.20972936487816
22.666098937265488,96.20972936487816
22.60163893726549,96.27418936487817
22.537178937265494,96.33864936487817
22.472718937265483,96.40310936487816
22.408258937265487,96.40310936487816
22.34379893726549,96.46756936487816
22.279338937265493,96.53202936487817
22.214878937265496,96.59648936487817
22.150418937265485,96.59648936487817
22.085958937265488,96.66094936487816
22.02149893726549,96.72540936487816
21.957038937265494,96.72540936487816
21.892578937265483,96.78986936487816
21.828118937265486,96.85432936487817
21.76365893726549,96.91878936487817
21.699198937265493,96.91878936487817
21.634738937265496,96.98324936487816
21.570278937265485,97.04770936487816
21.505818937265488,97.04770936487816
21.44135893726549,97.11216936487817
21.376898937265494,97.17662936487817
21.312438937265483,97.17662936487817
21.247978937265486,97.24108936487816
21.18351893726549,97.30554936487816
21.119058937265493,97.30554936487816
21.054598937265496,97.37000936487816
20.990138937265485,97.43446936487817
20.925678937265488,97.43446936487817
20.86121893726549,97.49892936487817
20.796758937265494,97.56338936487816
20.732298937265483,97.56338936487816
20.667838937265486,97.62784936487816
20.60337893726549,97.69230936487817
20.538918937265493,97.69230936487817
20.474458937265496,97.75676936487817
20.409998937265485,97.75676936487817
20.345538937265488,97.82122936487816
20.28107893726549,97.88568936487816
20.216618937265494,97.88568936487816
20.152158937265483,97.95014936487816
20.087698937265486,98.01460936487817
20.02323893726549,98.07906936487817
19.958778937265492,98.07906936487817
19.894318937265496,98.07906936487817
19.829858937265485,98.14352936487816
19.765398937265488,98.20798936487816
19.70093893726549,98.20798936487816
19.636478937265494,98.27244936487817
19.572018937265483,98.27244936487817
19.507558937265486,98.33690936487817
19.44309893726549,98.33690936487817
19.378638937265492,98.40136936487816
19.314178937265496,98.46582936487816
19.249718937265484,98.46582936487816
19.185258937265488,98.53028936487816
19.12079893726549,98.53028936487816
19.056338937265494,98.59474936487817
18.991878937265483,98.59474936487817
18.927418937265486,98.65920936487817
18.86295893726549,98.72366936487816
18.798498937265492,98.72366936487816
18.734038937265495,98.72366936487816
18.669578937265484,98.78812936487816
18.605118937265487,98.78812936487816
18.54065893726549,98.78812936487816
18.476198937265494,98.85258936487817
18.411738937265483,98.85258936487817
18.347278937265486,98.85258936487817
18.28281893726549,98.91704936487817
18.218358937265492,98.91704936487817
18.153898937265495,98.98150936487816
18.089438937265484,98.98150936487816
18.024978937265487,98.98150936487816
17.96051893726549,98.98150936487816
17.896058937265494,98.98150936487816
17.831598937265483,98.98150936487816
17.767138937265486,99.04596936487816
17.70267893726549,99.04596936487816
17.638218937265492,99.04596936487816
17.573758937265495,99.11042936487816
17.509298937265484,99.11042936487816
17.444838937265487,99.11042936487816
17.38037893726549,99.11042936487816
17.315918937265494,99.11042936487816
17.251458937265483,99.11042936487816
17.186998937265486,99.11042936487816
17.12253893726549,99.11042936487816
17.058078937265492,99.17488936487817
16.993618937265495,99.17488936487817
16.929158937265484,99.17488936487817
16.864698937265487,99.17488936487817
16.80023893726549,99.17488936487817
16.735778937265493,99.17488936487817
16.671318937265482,99.17488936487817
16.606858937265486,99.17488936487817
16.54239893726549,99.17488936487817
16.477938937265492,99.17488936487817
16.413478937265495,99.17488936487817
16.349018937265484,99.17488936487817
16.284558937265487,99.17488936487817
16.22009893726549,99.17488936487817
16.155638937265493,99.11042936487816
16.091178937265482,99.11042936487816
16.026718937265485,99.11042936487816
15.962258937265489,99.11042936487816
15.897798937265492,99.11042936487816
15.833338937265495,99.11042936487816
15.768878937265484,99.11042936487816
15.704418937265487,99.11042936487816
15.63995893726549,99.11042936487816
15.575498937265493,99.04596936487816
15.511038937265482,99.04596936487816
15.446578937265485,98.98150936487816
15.382118937265489,98.98150936487816
15.317658937265492,98.98150936487816
15.253198937265495,98.98150936487816
15.188738937265484,98.98150936487816
15.124278937265487,98.98150936487816
15.05981893726549,98.98150936487816
14.995358937265493,98.91704936487817
14.930898937265482,98.91704936487817
14.866438937265485,98.85258936487817
14.801978937265488,98.85258936487817
14.737518937265492,98.85258936487817
14.673058937265495,98.78812936487816
14.608598937265484,98.78812936487816
14.544138937265487,98.78812936487816
14.47967893726549,98.72366936487816
14.415218937265493,98.72366936487816
14.350758937265482,98.65920936487817
14.286298937265485,98.65920936487817
14.221838937265488,98.65920936487817
14.157378937265491,98.59474936487817
14.092918937265495,98.59474936487817
14.028458937265484,98.53028936487816
13.963998937265487,98.53028936487816
13.89953893726549,98.46582936487816
13.835078937265493,98.46582936487816
13.770618937265482,98.40136936487816
13.706158937265485,98.33690936487817
13.641698937265488,98.33690936487817
13.577238937265491,98.27244936487817
13.512778937265495,98.27244936487817
13.448318937265483,98.20798936487816
13.383858937265487,98.20798936487816
13.31939893726549,98.14352936487816
13.254938937265493,98.07906936487817
13.190478937265482,98.07906936487817
13.126018937265485,98.01460936487817
13.061558937265488,97.95014936487816
12.997098937265491,97.95014936487816
12.932638937265494,97.88568936487816
12.868178937265483,97.82122936487816
12.803718937265486,97.75676936487817
12.73925893726549,97.75676936487817
12.674798937265493,97.69230936487817
12.610338937265482,97.62784936487816
12.545878937265485,97.56338936487816
12.481418937265488,97.49892936487817
12.416958937265491,97.43446936487817
12.352498937265494,97.43446936487817
12.288038937265483,97.37000936487816
12.288038937265483,97.30554936487816
12.223578937265486,97.24108936487816
12.15911893726549,97.17662936487817
12.094658937265493,97.11216936487817
12.030198937265496,97.11216936487817
11.965738937265485,97.04770936487816
11.965738937265485,96.98324936487816
11.901278937265488,96.91878936487817
11.836818937265491,96.85432936487817
11.772358937265494,96.78986936487816
11.772358937265494,96.72540936487816
11.707898937265483,96.66094936487816
11.643438937265486,96.59648936487817
11.57897893726549,96.53202936487817
11.57897893726549,96.46756936487816
11.514518937265493,96.40310936487816
11.450058937265496,96.33864936487817
11.385598937265485,96.27418936487817
11.385598937265485,96.20972936487816
11.321138937265488,96.14526936487816
11.321138937265488,96.08080936487816
11.256678937265491,96.01634936487817
11.256678937265491,95.95188936487817
11.192218937265494,95.88742936487816
11.192218937265494,95.82296936487816
11.127758937265483,95.75850936487817
11.127758937265483,95.69404936487817
11.127758937265483,95.62958936487816
11.063298937265486,95.56512936487816
11.063298937265486,95.50066936487816
11.063298937265486,95.43620936487817
10.99883893726549,95.37174936487817
10.99883893726549,95.30728936487816
10.99883893726549,95.24282936487816
10.934378937265492,95.17836936487817
10.934378937265492,95.11390936487817
10.934378937265492,95.04944936487816
10.934378937265492,94.98498936487816
10.934378937265492,94.92052936487816
10.869918937265496,94.85606936487817
10.869918937265496,94.79160936487817
10.869918937265496,94.72714936487816
10.869918937265496,94.66268936487816
10.869918937265496,94.59822936487816
10.869918937265496,94.53376936487817
10.869918937265496,94.46930936487816
10.805458937265485,94.40484936487816
10.805458937265485,94.34038936487816
10.805458937265485,94.27592936487817
10.805458937265485,94.21146936487817
10.805458937265485,94.14700936487816
10.805458937265485,94.08254936487816
10.805458937265485,94.01808936487816
10.805458937265485,93.95362936487817
10.805458937265485,93.88916936487816
10.805458937265485,93.82470936487816
10.805458937265485,93.76024936487816
10.805458937265485,93.69578936487817
10.805458937265485,93.63132936487817
10.805458937265485,93.56686936487816
10.805458937265485,93.50240936487816
10.805458937265485,93.43794936487816
10.805458937265485,93.37348936487817
10.805458937265485,93.30902936487816
10.869918937265496,93.24456936487816
10.869918937265496,93.18010936487816
10.869918937265496,93.11564936487817
10.869918937265496,93.05118936487817
10.869918937265496,92.98672936487816
10.869918937265496,92.92226936487816
10.869918937265496,92.85780936487816
10.869918937265496,92.79334936487817
10.934378937265492,92.72888936487816
10.934378937265492,92.66442936487816
10.934378937265492,92.59996936487816
10.934378937265492,92.53550936487817
10.934378937265492,92.47104936487817
10.934378937265492,92.40658936487816
10.99883893726549,92.34212936487816
10.99883893726549,92.27766936487816
10.99883893726549,92.21320936487817
10.99883893726549,92.14874936487816
11.063298937265486,92.08428936487816
11.063298937265486,92.01982936487816
11.063298937265486,91.95536936487817
11.063298937265486,91.89090936487817
11.063298937265486,91.82644936487816
11.127758937265483,91.76198936487816
11.127758937265483,91.69752936487816
11.127758937265483,91.63306936487817
11.127758937265483,91.56860936487816
11.127758937265483,91.50414936487816
11.192218937265494,91.43968936487816
11.192218937265494,91.37522936487817
11.192218937265494,91.31076936487817
11.192218937265494,91.24630936487816
11.256678937265491,91.18184936487816
11.256678937265491,91.11738936487816
11.256678937265491,91.05292936487817
11.256678937265491,90.98846936487816
11.321138937265488,90.92400936487816
11.321138937265488,90.85954936487816
11.321138937265488,90.79508936487817
11.321138937265488,90.73062936487817
11.385598937265485,90.66616936487816
11.385598937265485,90.60170936487816
11.385598937265485,90.53724936487816
11.385598937265485,90.47278936487817
11.450058937265496,90.40832936487817
11.450058937265496,90.34386936487816
11.450058937265496,90.27940936487816
11.450058937265496,90.21494936487817
11.514518937265493,90.15048936487817
11.514518937265493,90.08602936487816
11.514518937265493,90.02156936487816
11.57897893726549,89.95710936487816
11.57897893726549,89.89264936487817
11.57897893726549,89.82818936487817
11.57897893726549,89.76372936487816
11.643438937265486,89.69926936487816
11.643438937265486,89.63480936487817
11.643438937265486,89.57034936487817
11.643438937265486,89.50588936487816
11.707898937265483,89.44142936487816
11.707898937265483,89.37696936487816
11.707898937265483,89.31250936487817
11.707898937265483,89.24804936487817
11.772358937265494,89.18358936487816
11.772358937265494,89.11912936487816
11.772358937265494,89.05466936487817
11.772358937265494,88.99020936487817
11.836818937265491,88.92574936487816
11.836818937265491,88.86128936487816
11.836818937265491,88.79682936487816
11.836818937265491,88.73236936487817
11.901278937265488,88.66790936487817
11.901278937265488,88.60344936487816
11.901278937265488,88.53898936487816
11.901278937265488,88.47452936487817
11.965738937265485,88.41006936487817
11.965738937265485,88.34560936487816
11.965738937265485,88.28114936487816
11.965738937265485,88.21668936487816
12.030198937265496,88.15222936487817
12.030198937265496,88.08776936487817
12.030198937265496,88.02330936487816
12.030198937265496,87.95884936487816
12.094658937265493,87.89438936487817
12.094658937265493,87.82992936487817
12.094658937265493,87.76546936487816
12.094658937265493,87.70100936487816
12.15911893726549,87.63654936487816
12.15911893726549,87.57208936487817
12.15911893726549,87.50762936487817
12.15911893726549,87.44316936487816
12.223578937265486,87.37870936487816
12.223578937265486,87.31424936487817
12.223578937265486,87.24978936487817
12.223578937265486,87.18532936487816
12.288038937265483,87.12086936487816
12.288038937265483,87.05640936487816
12.288038937265483,86.99194936487817
12.288038937265483,86.92748936487817
12.352498937265494,86.86302936487816
12.352498937265494,86.79856936487816
12.352498937265494,86.73410936487817
12.352498937265494,86.66964936487817
12.416958937265491,86.60518936487816
12.416958937265491,86.54072936487816
12.416958937265491,86.47626936487816
12.416958937265491,86.41180936487817
12.481418937265488,86.34734936487817
12.481418937265488,86.28288936487816
12.481418937265488,86.21842936487816
12.481418937265488,86.15396936487817
12.545878937265485,86.08950936487817
12.545878937265485,86.02504936487816
12.545878937265485,85.96058936487816
12.545878937265485,85.89612936487816
12.610338937265482,85.83166936487817
12.610338937265482,85.76720936487817
12.610338937265482,85.70274936487816
12.610338937265482,85.63828936487816
12.674798937265493,85.57382936487816
12.674798937265493,85.50936936487817
12.674798937265493,85.44490936487816
12.674798937265493,85.38044936487816
12.73925893726549,85.31598936487816
12.73925893726549,85.25152936487817
12.73925893726549,85.18706936487817
12.73925893726549,85.12260936487816
12.803718937265486,85.05814936487816
12.803718937265486,84.99368936487816
12.803718937265486,84.92922936487817
12.803718937265486,84.86476936487816
12.868178937265483,84.80030936487816
12.868178937265483,84.73584936487816
12.868178937265483,84.67138936487817
12.868178937265483,84.60692936487817
12.932638937265494,84.54246936487816
12.932638937265494,84.47800936487816
12.932638937265494,84.41354936487816
12.932638937265494,84.34908936487817
12.997098937265491,84.28462936487816
12.997098937265491,84.22016936487816
12.997098937265491,84.15570936487816
12.997098937265491,84.09124936487817
13.061558937265488,84.02678936487817
13.061558937265488,83.96232936487816
13.061558937265488,83.89786936487816
13.061558937265488,83.83340936487816
13.126018937265485,83.76894936487817
13.126018937265485,83.70448936487816
13.126018937265485,83.64002936487816
13.126018937265485,83.57556936487816
13.190478937265482,83.51110936487817
13.190478937265482,83.44664936487817
13.190478937265482,83.38218936487816
13.190478937265482,83.31772936487816
13.254938937265493,83.25326936487816
13.254938937265493,83.18880936487817
13.254938937265493,83.12434936487816
13.254938937265493,83.05988936487816
13.31939893726549,82.99542936487816
13.31939893726549,82.93096936487817
13.31939893726549,82.86650936487817
13.31939893726549,82.80204936487816
13.383858937265487,82.73758936487816
13.383858937265487,82.67312936487816
13.383858937265487,82.60866936487817
13.383858937265487,82.54420936487816
13.448318937265483,82.47974936487816
13.448318937265483,82.41528936487816
13.448318937265483,82.35082936487817
13.448318937265483,82.28636936487817
13.512778937265495,82.22190936487816
13.512778937265495,82.15744936487816
13.512778937265495,82.09298936487816
13.512778937265495,82.02852936487817
13.577238937265491,81.96406936487816
13.577238937265491,81.89960936487816
13.577238937265491,81.83514936487816
13.577238937265491,81.77068936487817
13.577238937265491,81.70622936487817
13.641698937265488,81.64176936487816
13.641698937265488,81.57730936487816
13.641698937265488,81.51284936487816
13.641698937265488,81.44838936487817
13.706158937265485,81.38392936487816
13.706158937265485,81.31946936487816
13.706158937265485,81.25500936487816
13.706158937265485,81.19054936487817
13.770618937265482,81.12608936487817
13.770618937265482,81.06162936487816
13.770618937265482,80.99716936487816
13.770618937265482,80.93270936487816
13.835078937265493,80.86824936487817
13.835078937265493,80.80378936487816
13.835078937265493,80.73932936487816
13.835078937265493,80.67486936487816
13.89953893726549,80.61040936487817
13.89953893726549,80.54594936487817
13.89953893726549,80.48148936487816
13.89953893726549,80.41702936487816
13.963998937265487,80.35256936487816
13.963998937265487,80.28810936487817
13.963998937265487,80.22364936487816
13.963998937265487,80.15918936487816
14.028458937265484,80.09472936487816
14.028458937265484,80.03026936487817
14.028458937265484,79.96580936487817
14.028458937265484,79.90134936487816
14.092918937265495,79.83688936487816
14.092918937265495,79.77242936487816
14.092918937265495,79.70796936487817
14.092918937265495,79.64350936487816
14.157378937265491,79.57904936487816
14.157378937265491,79.51458936487816
14.157378937265491,79.45012936487817
14.157378937265491,79.38566936487817
14.221838937265488,79.32120936487816
14.221838937265488,79.25674936487816
14.221838937265488,79.19228936487816
14.221838937265488,79.12782936487817
14.286298937265485,79.06336936487816
14.286298937265485,78.99890936487816
14.286298937265485,78.93444936487816
14.286298937265485,78.86998936487817
14.286298937265485,78.80552936487817
14.286298937265485,78.74106936487816
14.286298937265485,78.67660936487816
14.350758937265482,78.61214936487816
14.350758937265482,78.54768936487817
14.350758937265482,78.48322936487816
14.350758937265482,78.41876936487816
14.350758937265482,78.35430936487816
14.350758937265482,78.28984936487817
14.415218937265493,78.22538936487817
14.415218937265493,78.16092936487816
14.415218937265493,78.09646936487816
14.415218937265493,78.03200936487816
14.415218937265493,77.96754936487817
14.415218937265493,77.90308936487816
14.415218937265493,77.83862936487816
14.415218937265493,77.77416936487816
14.415218937265493,77.70970936487817
14.415218937265493,77.64524936487817
14.47967893726549,77.58078936487816
14.47967893726549,77.51632936487816
14.47967893726549,77.45186936487816
14.47967893726549,77.38740936487817
14.47967893726549,77.32294936487816
14.415218937265493,77.25848936487816
14.415218937265493,77.19402936487816
14.415218937265493,77.12956936487817
14.415218937265493,77.06510936487817
14.415218937265493,77.00064936487816
14.415218937265493,76.93618936487816
14.415218937265493,76.87172936487816
14.350758937265482,76.80726936487817
14.350758937265482,76.74280936487817
14.350758937265482,76.67834936487816
14.350758937265482,76.61388936487816
14.350758937265482,76.54942936487816
14.350758937265482,76.48496936487817
14.286298937265485,76.42050936487816
14.286298937265485,76.35604936487816
14.286298937265485,76.29158936487816
14.286298937265485,76.22712936487817
14.221838937265488,76.16266936487817
14.221838937265488,76.09820936487816
14.221838937265488,76.03374936487816
14.157378937265491,75.96928936487816
14.092918937265495,75.90482936487817
14.092918937265495,75.84036936487816
14.092918937265495,75.77590936487816
14.028458937265484,75.71144936487816
14.028458937265484,75.64698936487817
14.028458937265484,75.58252936487817
13.963998937265487,75.51806936487816
13.89953893726549,75.45360936487816
13.89953893726549,75.38914936487816
13.835078937265493,75.32468936487817
13.770618937265482,75.26022936487816
13.706158937265485,75.19576936487816
13.706158937265485,75.13130936487816
13.641698937265488,75.06684936487817
13.577238937265491,75.00238936487817
13.512778937265495,74.93792936487816
13.448318937265483,74.87346936487816
13.383858937265487,74.80900936487816
13.31939893726549,74.74454936487817
13.254938937265493,74.68008936487816
13.190478937265482,74.61562936487816
13.126018937265485,74.55116936487816
13.061558937265488,74.55116936487816
12.997098937265491,74.48670936487817
12.997098937265491,74.42224936487817
12.932638937265494,74.35778936487816
12.868178937265483,74.29332936487816
12.803718937265486,74.22886936487816
12.73925893726549,74.22886936487816
12.674798937265493,74.16440936487817
12.610338937265482,74.09994936487816
12.545878937265485,74.03548936487816
12.481418937265488,73.97102936487816
12.416958937265491,73.90656936487817
12.352498937265494,73.84210936487817
12.288038937265483,73.77764936487816
12.223578937265486,73.71318936487816
12.15911893726549,73.64872936487816
12.094658937265493,73.58426936487817
12.094658937265493,73.51980936487816
12.030198937265496,73.45534936487816
11.965738937265485,73.39088936487816
11.901278937265488,73.32642936487817
11.836818937265491,73.26196936487817
11.772358937265494,73.19750936487816
11.707898937265483,73.13304936487816
11.643438937265486,73.06858936487816
11.57897893726549,73.00412936487817
11.514518937265493,72.93966936487816
11.450058937265496,72.87520936487816
11.450058937265496,72.81074936487816
11.385598937265485,72.74628936487817
11.321138937265488,72.68182936487817
11.256678937265491,72.61736936487816
11.192218937265494,72.55290936487816
11.127758937265483,72.48844936487816
11.127758937265483,72.42398936487817
11.063298937265486,72.35952936487816
10.99883893726549,72.29506936487816
10.934378937265492,72.23060936487816
10.869918937265496,72.16614936487817
10.869918937265496,72.10168936487817
10.805458937265485,72.03722936487816
10.740998937265488,71.97276936487816
10.67653893726549,71.90830936487816
10.612078937265494,71.84384936487817
10.612078937265494,71.77938936487816
10.547618937265483,71.71492936487816
10.483158937265486,71.65046936487816
10.41869893726549,71.58600936487817
10.41869893726549,71.52154936487817
10.354238937265492,71.45708936487816
10.289778937265496,71.39262936487816
10.225318937265484,71.32816936487816
10.225318937265484,71.26370936487817
10.160858937265488,71.19924936487816
10.09639893726549,71.13478936487816
10.031938937265494,71.07032936487816
10.031938937265494,71.00586936487817
9.967478937265483,70.94140936487817
9.903018937265486,70.87694936487816
9.903018937265486,70.81248936487816
9.83855893726549,70.74802936487816
9.774098937265492,70.68356936487817
9.709638937265495,70.61910936487816
9.709638937265495,70.55464936487816
9.645178937265484,70.49018936487816
9.580718937265488,70.42572936487817
9.580718937265488,70.36126936487817
9.51625893726549,70.29680936487816
9.451798937265494,70.23234936487816
9.387338937265483,70.16788936487816
9.387338937265483,70.10342936487817
9.322878937265486,70.03896936487816
9.258418937265489,69.97450936487816
9.258418937265489,69.91004936487816
9.193958937265492,69.84558936487817
9.129498937265495,69.78112936487817
9.129498937265495,69.71666936487816
9.065038937265484,69.65220936487816
9.000578937265487,69.58774936487816
8.93611893726549,69.52328936487817
8.93611893726549,69.45882936487816
8.871658937265494,69.39436936487816
8.807198937265483,69.32990936487816
8.807198937265483,69.26544936487817
8.742738937265486,69.20098936487817
8.678278937265489,69.13652936487816
8.678278937265489,69.07206936487816
8.613818937265492,69.00760936487816
8.613818937265492,68.94314936487817
8.549358937265495,68.87868936487816
8.484898937265484,68.81422936487816
8.420438937265487,68.74976936487816
8.420438937265487,68.68530936487817
8.35597893726549,68.62084936487817
8.35597893726549,68.55638936487816
8.291518937265494,68.49192936487816
8.291518937265494,68.42746936487816
8.227058937265483,68.36300936487817
8.162598937265486,68.29854936487816
8.162598937265486,68.23408936487816
8.098138937265489,68.16962936487816
8.033678937265492,68.10516936487817
8.033678937265492,68.04070936487817
7.969218937265495,67.97624936487816
7.904758937265484,67.91178936487816
7.904758937265484,67.84732936487816
7.904758937265484,67.78286936487817
7.840298937265487,67.71840936487816
7.840298937265487,67.65394936487816
7.77583893726549,67.58948936487816
7.7113789372654935,67.52502936487816
7.646918937265482,67.46056936487817
7.646918937265482,67.39610936487816
7.646918937265482,67.33164936487816
7.582458937265486,67.26718936487816
7.582458937265486,67.20272936487817
7.517998937265489,67.13826936487816
7.453538937265492,67.07380936487816
7.453538937265492,67.00934936487816
7.389078937265495,66.94488936487816
7.389078937265495,66.88042936487817
7.324618937265484,66.81596936487816
7.324618937265484,66.75150936487816
7.260158937265487,66.68704936487816
7.260158937265487,66.62258936487817
7.19569893726549,66.55812936487816
7.131238937265493,66.49366936487816
7.131238937265493,66.42920936487816
7.066778937265482,66.36474936487816
7.066778937265482,66.30028936487817
7.0023189372654855,66.23582936487816
7.0023189372654855,66.17136936487816
6.937858937265489,66.10690936487816
6.937858937265489,66.04244936487817
6.873398937265492,65.97798936487816
6.873398937265492,65.91352936487816
6.808938937265495,65.84906936487816
6.808938937265495,65.78460936487816
6.744478937265484,65.72014936487817
6.744478937265484,65.65568936487816
6.680018937265487,65.59122936487816
6.680018937265487,65.52676936487816
6.61555893726549,65.46230936487817
6.61555893726549,65.39784936487816
6.551098937265493,65.33338936487816
6.551098937265493,65.26892936487816
6.486638937265482,65.20446936487816
6.486638937265482,65.14000936487817
6.422178937265485,65.07554936487816
6.422178937265485,65.01108936487816
6.3577189372654885,64.94662936487816
6.3577189372654885,64.88216936487817
6.293258937265492,64.81770936487816
6.228798937265495,64.75324936487816
6.228798937265495,64.68878936487816
6.164338937265484,64.62432936487816
6.164338937265484,64.55986936487817
6.099878937265487,64.49540936487816
6.099878937265487,64.43094936487816
6.03541893726549,64.36648936487816
6.03541893726549,64.30202936487817
5.970958937265493,64.23756936487815
5.970958937265493,64.17310936487816
5.906498937265482,64.10864936487816
5.906498937265482,64.04418936487816
5.842038937265485,63.97972936487817
5.842038937265485,63.91526936487816
5.777578937265488,63.85080936487816
5.777578937265488,63.78634936487816
5.713118937265492,63.721889364878166
5.713118937265492,63.65742936487817
5.648658937265495,63.59296936487816
5.648658937265495,63.52850936487816
5.584198937265484,63.464049364878164
5.584198937265484,63.39958936487817
5.519738937265487,63.335129364878156
5.519738937265487,63.27066936487816
5.45527893726549,63.20620936487816
5.390818937265493,63.141749364878166
5.390818937265493,63.07728936487817
5.326358937265482,63.01282936487816
5.326358937265482,62.94836936487816
5.261898937265485,62.883909364878164
5.261898937265485,62.81944936487817
5.197438937265488,62.754989364878156
5.197438937265488,62.69052936487816
5.1329789372654915,62.62606936487816
5.1329789372654915,62.561609364878166
5.068518937265495,62.49714936487817
5.068518937265495,62.43268936487816
5.004058937265484,62.36822936487816
5.004058937265484,62.303769364878164
4.939598937265487,62.23930936487817
4.939598937265487,62.174849364878156
4.87513893726549,62.11038936487816
4.87513893726549,62.04592936487816
4.810678937265493,61.981469364878166
4.746218937265482,61.91700936487817
4.746218937265482,61.85254936487816
4.681758937265485,61.78808936487816
4.681758937265485,61.723629364878164
4.617298937265488,61.65916936487817
4.617298937265488,61.594709364878156
4.552838937265491,61.53024936487816
4.552838937265491,61.46578936487816
4.4883789372654945,61.401329364878166
4.4883789372654945,61.33686936487817
4.4239189372654835,61.27240936487816
4.4239189372654835,61.20794936487816
4.359458937265487,61.143489364878164
4.359458937265487,61.07902936487817
4.29499893726549,61.014569364878156
4.29499893726549,60.95010936487816
4.230538937265493,60.88564936487816
4.230538937265493,60.821189364878165
4.166078937265482,60.75672936487817
4.166078937265482,60.69226936487816
4.101618937265485,60.62780936487816
4.037158937265488,60.563349364878164
4.037158937265488,60.49888936487817
3.9726989372654913,60.434429364878156
3.9726989372654913,60.36996936487816
3.9082389372654944,60.30550936487816
3.9082389372654944,60.241049364878165
3.8437789372654834,60.17658936487817
3.8437789372654834,60.11212936487816
3.7793189372654865,60.04766936487816
3.7793189372654865,59.983209364878164
3.7148589372654897,59.91874936487817
3.7148589372654897,59.854289364878156
3.6503989372654857,59.78982936487816
3.6503989372654857,59.72536936487816
3.585938937265489,59.660909364878165
3.585938937265489,59.59644936487817
3.521478937265485,59.53198936487816
3.521478937265485,59.46752936487816
3.457018937265488,59.403069364878164
3.392558937265491,59.33860936487817
3.392558937265491,59.274149364878156
3.3280989372654872,59.20968936487816
3.3280989372654872,59.14522936487816
3.2636389372654904,59.080769364878165
3.2636389372654904,59.01630936487817
3.1991789372654864,58.95184936487816
3.1991789372654864,58.88738936487816
3.1347189372654896,58.82292936487816
3.1347189372654896,58.75846936487817
3.0702589372654856,58.694009364878156
3.0702589372654856,58.62954936487816
3.0057989372654887,58.56508936487816
3.0057989372654887,58.500629364878165
2.941338937265485,58.43616936487817
2.941338937265485,58.37170936487816
2.876878937265488,58.30724936487816
2.876878937265488,58.24278936487816
2.812418937265491,58.17832936487817
2.747958937265487,58.113869364878155
2.747958937265487,58.04940936487816
2.6834989372654903,57.98494936487816
2.6834989372654903,57.920489364878165
2.6190389372654863,57.85602936487817
2.6190389372654863,57.79156936487816
2.5545789372654895,57.72710936487816
2.5545789372654895,57.66264936487816
2.4901189372654855,57.598189364878166
2.4901189372654855,57.533729364878155
2.4256589372654886,57.46926936487816
2.4256589372654886,57.40480936487816
2.361198937265492,57.340349364878165
2.361198937265492,57.27588936487817
2.296738937265488,57.21142936487816
2.296738937265488,57.14696936487816
2.232278937265491,57.08250936487816
2.232278937265491,57.018049364878166
2.167818937265487,56.953589364878155
2.167818937265487,56.88912936487816
2.10335893726549,56.82466936487816
2.038898937265486,56.760209364878165
2.038898937265486,56.69574936487817
1.9744389372654894,56.63128936487816
1.9744389372654894,56.56682936487816
1.9099789372654854,56.50236936487816
1.9099789372654854,56.437909364878166
1.8455189372654885,56.373449364878155
1.8455189372654885,56.30898936487816
1.7810589372654917,56.24452936487816
1.7810589372654917,56.180069364878165
1.7165989372654877,56.11560936487817
1.7165989372654877,56.05114936487816
1.6521389372654909,55.98668936487816
1.6521389372654909,55.92222936487816
1.587678937265487,55.857769364878166
1.587678937265487,55.793309364878155
1.52321893726549,55.72884936487816
1.52321893726549,55.66438936487816
1.458758937265486,55.599929364878165
1.3942989372654893,55.53546936487817
1.3942989372654893,55.47100936487816
1.3298389372654853,55.40654936487816
1.3298389372654853,55.34208936487816
1.2653789372654884,55.277629364878166
1.2653789372654884,55.213169364878155
1.2009189372654916,55.14870936487816
1.2009189372654916,55.08424936487816
1.1364589372654876,55.019789364878164
1.1364589372654876,54.95532936487817
1.0719989372654908,54.89086936487816
1.0719989372654908,54.82640936487816
1.0075389372654868,54.76194936487816
1.0075389372654868,54.697489364878166
0.94307893726549,54.633029364878155
0.94307893726549,54.56856936487816
0.878618937265486,54.50410936487816
0.878618937265486,54.439649364878164
0.8141589372654892,54.37518936487817
0.7496989372654852,54.310729364878156
0.7496989372654852,54.24626936487816
0.6852389372654883,54.18180936487816
0.6852389372654883,54.117349364878166
0.6207789372654915,54.052889364878155
0.6207789372654915,53.98842936487816
0.5563189372654875,53.92396936487816
0.5563189372654875,53.859509364878164
0.4918589372654907,53.79504936487817
0.4918589372654907,53.730589364878156
0.4273989372654867,53.66612936487816
0.4273989372654867,53.60166936487816
0.36293893726548987,53.537209364878166
0.36293893726548987,53.472749364878155
0.2984789372654859,53.40828936487816
0.2984789372654859,53.34382936487816
0.23401893726548906,53.279369364878164
0.23401893726548906,53.21490936487817
0.1695589372654851,53.150449364878156
0.1695589372654851,53.08598936487816
0.10509893726548825,53.02152936487816
0.04063893726549139,52.957069364878166
0.04063893726549139,52.892609364878155
-0.023821062734512566,52.82814936487816
-0.023821062734512566,52.76368936487816
-0.08828106273450942,52.699229364878164
-0.08828106273450942,52.63476936487817
-0.15274106273451338,52.570309364878156
-0.15274106273451338,52.50584936487816
-0.21720106273451023,52.44138936487816
-0.21720106273451023,52.376929364878166
-0.2816610627345142,52.312469364878154
-0.2816610627345142,52.24800936487816
-0.34612106273451104,52.18354936487816
-0.34612106273451104,52.119089364878164
-0.410581062734515,52.05462936487817
-0.410581062734515,51.990169364878156
-0.47504106273451185,51.92570936487816
-0.47504106273451185,51.86124936487816
-0.5395010627345087,51.796789364878165
-0.5395010627345087,51.732329364878154
-0.6039610627345127,51.66786936487816
-0.6684210627345095,51.60340936487816
-0.6684210627345095,51.538949364878164
-0.7328810627345135,51.47448936487817
-0.7328810627345135,51.410029364878156
-0.7973410627345103,51.34556936487816
-0.7973410627345103,51.28110936487816
-0.8618010627345143,51.216649364878165
-0.8618010627345143,51.152189364878154
-0.9262610627345111,51.08772936487816
-0.9262610627345111,51.02326936487816
-0.9907210627345151,50.958809364878164
-0.9907210627345151,50.89434936487817
-1.055181062734512,50.829889364878156
-1.055181062734512,50.76542936487816
-1.1196410627345088,50.70096936487816
-1.1196410627345088,50.636509364878165
-1.1841010627345128,50.57204936487817
-1.1841010627345128,50.50758936487816
-1.2485610627345096,50.44312936487816
-1.2485610627345096,50.378669364878164
-1.3130210627345136,50.31420936487817
-1.3130210627345136,50.249749364878156
-1.3774810627345104,50.18528936487816
-1.4419410627345144,50.12082936487816
-1.4419410627345144,50.056369364878165
-1.5064010627345112,49.99190936487817
-1.5064010627345112,49.92744936487816
-1.5708610627345152,49.86298936487816
-1.5708610627345152,49.79852936487816
-1.635321062734512,49.73406936487817
-1.635321062734512,49.669609364878156
-1.699781062734509,49.60514936487816
-1.699781062734509,49.54068936487816
-1.7642410627345129,49.476229364878165
-1.7642410627345129,49.41176936487817
-1.8287010627345097,49.34730936487816
-1.8287010627345097,49.28284936487816
-1.8931610627345137,49.21838936487816
-1.8931610627345137,49.15392936487817
-1.9576210627345105,49.089469364878155
-1.9576210627345105,49.02500936487816
-2.0220810627345145,48.96054936487816
-2.0220810627345145,48.896089364878165
-2.0865410627345113,48.83162936487817
-2.0865410627345113,48.76716936487816
-2.1510010627345153,48.70270936487816
-2.1510010627345153,48.63824936487816
-2.215461062734512,48.57378936487817
-2.215461062734512,48.509329364878155
-2.279921062734509,48.44486936487816
-2.279921062734509,48.38040936487816
-2.344381062734513,48.315949364878165
-2.40884106273451,48.25148936487817
-2.40884106273451,48.18702936487816
-2.4733010627345138,48.12256936487816
-2.4733010627345138,48.05810936487816
-2.5377610627345106,47.993649364878166
-2.5377610627345106,47.929189364878155
-2.6022210627345146,47.86472936487816
-2.6022210627345146,47.80026936487816
-2.6666810627345114,47.735809364878165
-2.6666810627345114,47.67134936487817
-2.7311410627345154,47.60688936487816
-2.7311410627345154,47.54242936487816
-2.7956010627345123,47.47796936487816
-2.7956010627345123,47.413509364878166
-2.860061062734509,47.349049364878155
-2.860061062734509,47.28458936487816
-2.924521062734513,47.22012936487816
-2.924521062734513,47.155669364878165
-2.98898106273451,47.09120936487817
-2.98898106273451,47.02674936487816
-3.053441062734514,46.96228936487816
-3.053441062734514,46.89782936487816
-3.1179010627345107,46.833369364878166
-3.1179010627345107,46.768909364878155
-3.1823610627345147,46.70444936487816
-3.1823610627345147,46.63998936487816
-3.2468210627345115,46.575529364878165
-3.2468210627345115,46.51106936487817
-3.3112810627345155,46.44660936487816
-3.3757410627345124,46.38214936487816
-3.3757410627345124,46.31768936487816
-3.440201062734509,46.253229364878166
-3.440201062734509,46.188769364878155
-3.504661062734513,46.12430936487816
-3.504661062734513,46.05984936487816
-3.56912106273451,45.995389364878164
-3.56912106273451,45.93092936487817
-3.633581062734514,45.86646936487816
-3.633581062734514,45.80200936487816
-3.698041062734511,45.73754936487816
-3.698041062734511,45.673089364878166
-3.762501062734515,45.608629364878155
-3.762501062734515,45.54416936487816
-3.8269610627345116,45.47970936487816
-3.8269610627345116,45.415249364878164
-3.8914210627345156,45.35078936487817
-3.8914210627345156,45.286329364878156
-3.9558810627345125,45.22186936487816
-3.9558810627345125,45.15740936487816
-4.020341062734509,45.092949364878166
-4.020341062734509,45.028489364878155
-4.084801062734513,44.96402936487816
-4.084801062734513,44.89956936487816
-4.14926106273451,44.835109364878164
-4.14926106273451,44.77064936487817
-4.213721062734514,44.706189364878156
-4.278181062734511,44.64172936487816
-4.278181062734511,44.57726936487816
-4.342641062734515,44.512809364878166
-4.342641062734515,44.448349364878155
-4.407101062734512,44.38388936487816
-4.407101062734512,44.31942936487816
-4.471561062734509,44.254969364878164
-4.471561062734509,44.19050936487817
-4.5360210627345126,44.126049364878156
-4.5360210627345126,44.06158936487816
-4.600481062734509,43.99712936487816
-4.600481062734509,43.932669364878166
-4.664941062734513,43.868209364878155
-4.664941062734513,43.80374936487816
-4.72940106273451,43.73928936487816
-4.72940106273451,43.674829364878164
-4.793861062734514,43.61036936487817
-4.793861062734514,43.545909364878156
-4.858321062734511,43.48144936487816
-4.858321062734511,43.41698936487816
-4.922781062734515,43.352529364878166
-4.922781062734515,43.288069364878154
-4.987241062734512,43.22360936487816
-4.987241062734512,43.15914936487816
-5.051701062734509,43.094689364878164
-5.116161062734513,43.03022936487817
-5.116161062734513,42.965769364878156
-5.1806210627345095,42.90130936487816
-5.1806210627345095,42.83684936487816
-5.2450810627345135,42.772389364878165
-5.2450810627345135,42.707929364878154
-5.30954106273451,42.64346936487816
-5.30954106273451,42.57900936487816
-5.374001062734514,42.514549364878164
-5.374001062734514,42.45008936487817
-5.438461062734511,42.385629364878156
-5.438461062734511,42.32116936487816
-5.502921062734515,42.25670936487816
-5.502921062734515,42.192249364878165
-5.567381062734512,42.12778936487817
-5.567381062734512,42.06332936487816
-5.631841062734509,41.99886936487816
-5.631841062734509,41.934409364878164
-5.696301062734513,41.86994936487817
-5.696301062734513,41.80548936487817
-5.76076106273451,41.74102936487816
-5.76076106273451,41.67656936487816
-5.825221062734514,41.612109364878165
-5.825221062734514,41.54764936487817
-5.88968106273451,41.48318936487816
-5.88968106273451,41.41872936487816
-5.954141062734514,41.354269364878164
-6.018601062734511,41.28980936487817
-6.018601062734511,41.22534936487817
-6.083061062734515,41.16088936487816
-6.083061062734515,41.09642936487816
-6.147521062734512,41.031969364878165
-6.147521062734512,40.96750936487817
-6.211981062734509,40.90304936487817
-6.211981062734509,40.83858936487816
-6.276441062734513,40.77412936487816
-6.276441062734513,40.70966936487817
-6.276441062734513,40.64520936487817
-6.34090106273451,40.58074936487816
-6.34090106273451,40.51628936487816
-6.405361062734514,40.451829364878165
-6.405361062734514,40.38736936487817
-6.405361062734514,40.32290936487817
-6.4698210627345105,40.25844936487816
-6.5342810627345145,40.19398936487816
-6.5342810627345145,40.12952936487817
-6.5342810627345145,40.06506936487817
-6.598741062734511,40.00060936487816
-6.598741062734511,39.93614936487816
-6.598741062734511,39.871689364878165
-6.663201062734515,39.80722936487817
-6.663201062734515,39.74276936487817
-6.663201062734515,39.67830936487816
-6.727661062734512,39.61384936487816
-6.727661062734512,39.54938936487817
-6.792121062734509,39.48492936487817
-6.792121062734509,39.42046936487816
-6.792121062734509,39.35600936487816
-6.792121062734509,39.291549364878165
-6.792121062734509,39.22708936487817
-6.792121062734509,39.16262936487817
-6.856581062734513,39.09816936487816
-6.856581062734513,39.03370936487816
-6.856581062734513,38.969249364878166
-6.856581062734513,38.90478936487817
-6.856581062734513,38.84032936487816
-6.856581062734513,38.77586936487816
-6.856581062734513,38.711409364878165
-6.92104106273451,38.64694936487817
-6.92104106273451,38.58248936487817
-6.92104106273451,38.51802936487816
-6.92104106273451,38.45356936487816
-6.92104106273451,38.389109364878166
-6.92104106273451,38.32464936487817
-6.92104106273451,38.26018936487816
-6.856581062734513,38.19572936487816
-6.856581062734513,38.131269364878165
-6.856581062734513,38.06680936487817
-6.856581062734513,38.00234936487817
-6.856581062734513,37.93788936487816
-6.856581062734513,37.87342936487816
-6.856581062734513,37.808969364878166
-6.792121062734509,37.74450936487817
-6.792121062734509,37.68004936487816
-6.792121062734509,37.61558936487816
-6.792121062734509,37.551129364878165
-6.792121062734509,37.48666936487817
-6.792121062734509,37.42220936487817
-6.727661062734512,37.35774936487816
-6.727661062734512,37.29328936487816
-6.727661062734512,37.228829364878166
-6.663201062734515,37.16436936487817
-6.663201062734515,37.09990936487816
-6.663201062734515,37.03544936487816
-6.598741062734511,36.970989364878164
-6.598741062734511,36.90652936487817
-6.598741062734511,36.84206936487817
-6.5342810627345145,36.77760936487816
-6.5342810627345145,36.71314936487816
-6.4698210627345105,36.648689364878166
-6.4698210627345105,36.58422936487817
-6.4698210627345105,36.51976936487816
-6.405361062734514,36.45530936487816
-6.405361062734514,36.390849364878164
-6.34090106273451,36.32638936487817
-6.34090106273451,36.26192936487817
-6.276441062734513,36.19746936487816
-6.276441062734513,36.13300936487816
-6.211981062734509,36.068549364878166
-6.211981062734509,36.00408936487817
-6.147521062734512,35.93962936487816
-6.147521062734512,35.87516936487816
-6.083061062734515,35.810709364878164
-6.083061062734515,35.74624936487817
-6.018601062734511,35.68178936487817
-6.018601062734511,35.61732936487816
-5.954141062734514,35.55286936487816
-5.954141062734514,35.488409364878166
-5.88968106273451,35.42394936487817
-5.88968106273451,35.35948936487816
-5.825221062734514,35.29502936487816
-5.825221062734514,35.230569364878164
-5.76076106273451,35.16610936487817
-5.696301062734513,35.10164936487817
-5.696301062734513,35.03718936487816
-5.631841062734509,34.97272936487816
-5.631841062734509,34.908269364878166
-5.567381062734512,34.84380936487817
-5.567381062734512,34.77934936487816
-5.502921062734515,34.71488936487816
-5.502921062734515,34.650429364878164
-5.438461062734511,34.58596936487817
-5.438461062734511,34.52150936487817
-5.374001062734514,34.45704936487816
-5.374001062734514,34.39258936487816
-5.30954106273451,34.328129364878166
-5.30954106273451,34.26366936487817
-5.2450810627345135,34.19920936487816
-5.2450810627345135,34.13474936487816
-5.1806210627345095,34.070289364878164
-5.1806210627345095,34.00582936487817
-5.116161062734513,33.94136936487817
-5.051701062734509,33.87690936487816
-5.051701062734509,33.81244936487816
-4.987241062734512,33.747989364878165
-4.987241062734512,33.68352936487817
-4.922781062734515,33.61906936487816
-4.922781062734515,33.55460936487816
-4.858321062734511,33.490149364878164
-4.858321062734511,33.42568936487817
-4.793861062734514,33.36122936487817
-4.793861062734514,33.29676936487816
-4.72940106273451,33.23230936487816
-4.72940106273451,33.167849364878165
-4.664941062734513,33.10338936487817
-4.664941062734513,33.03892936487816
-4.600481062734509,32.97446936487816
-4.600481062734509,32.910009364878164
-4.5360210627345126,32.84554936487817
-4.5360210627345126,32.78108936487817
-4.471561062734509,32.71662936487816
-4.407101062734512,32.65216936487816
-4.407101062734512,32.587709364878165
-4.342641062734515,32.52324936487817
-4.342641062734515,32.45878936487816
-4.278181062734511,32.39432936487816
-4.278181062734511,32.329869364878164
-4.213721062734514,32.26540936487817
-4.213721062734514,32.20094936487817
-4.14926106273451,32.13648936487816
-4.14926106273451,32.07202936487816
-4.084801062734513,32.007569364878165
-4.084801062734513,31.943109364878165
-4.020341062734509,31.87864936487816
-4.020341062734509,31.814189364878164
-3.9558810627345125,31.749729364878167
-3.8914210627345156,31.685269364878163
-3.8914210627345156,31.620809364878166
-3.8269610627345116,31.556349364878162
-3.8269610627345116,31.491889364878165
-3.762501062734515,31.42742936487816
-3.762501062734515,31.362969364878165
-3.698041062734511,31.29850936487816
-3.698041062734511,31.234049364878164
-3.633581062734514,31.169589364878167
-3.633581062734514,31.105129364878163
-3.56912106273451,31.040669364878166
-3.56912106273451,30.976209364878162
-3.504661062734513,30.911749364878165
-3.504661062734513,30.84728936487816
-3.440201062734509,30.782829364878165
-3.3757410627345124,30.71836936487816
-3.3757410627345124,30.653909364878164
-3.3112810627345155,30.589449364878167
-3.3112810627345155,30.524989364878163
-3.2468210627345115,30.460529364878166
-3.2468210627345115,30.396069364878162
-3.1823610627345147,30.331609364878165
-3.1823610627345147,30.26714936487816
-3.1179010627345107,30.202689364878164
-3.1179010627345107,30.13822936487816
-3.053441062734514,30.073769364878164
-3.053441062734514,30.009309364878167
-2.98898106273451,29.944849364878163
-2.924521062734513,29.880389364878166
-2.924521062734513,29.815929364878162
-2.860061062734509,29.751469364878165
-2.860061062734509,29.68700936487816
-2.7956010627345123,29.622549364878164
-2.7956010627345123,29.55808936487816
-2.7311410627345154,29.493629364878164
-2.7311410627345154,29.429169364878167
-2.6666810627345114,29.364709364878163
-2.6666810627345114,29.300249364878166
-2.6022210627345146,29.235789364878162
-2.6022210627345146,29.171329364878165
-2.5377610627345106,29.10686936487816
-2.5377610627345106,29.042409364878164
-2.4733010627345138,28.97794936487816
-2.4733010627345138,28.913489364878163
-2.40884106273451,28.849029364878167
-2.40884106273451,28.784569364878163
-2.40884106273451,28.720109364878166
-2.344381062734513,28.655649364878162
-2.344381062734513,28.591189364878165
-2.279921062734509,28.52672936487816
-2.279921062734509,28.462269364878164
-2.215461062734512,28.39780936487816
-2.215461062734512,28.333349364878163
-2.215461062734512,28.268889364878167
-2.1510010627345153,28.204429364878163
-2.1510010627345153,28.139969364878166
-2.0865410627345113,28.07550936487816
-2.0865410627345113,28.011049364878165
-2.0220810627345145,27.94658936487816
-2.0220810627345145,27.882129364878164
-2.0220810627345145,27.81766936487816
-1.9576210627345105,27.753209364878163
-1.9576210627345105,27.688749364878166
-1.9576210627345105,27.624289364878162
-1.9576210627345105,27.559829364878166
-1.8931610627345137,27.49536936487816
-1.8931610627345137,27.430909364878165
-1.8931610627345137,27.36644936487816
-1.8931610627345137,27.301989364878164
-1.8931610627345137,27.237529364878167
-1.8931610627345137,27.173069364878163
-1.8931610627345137,27.108609364878166
-1.8287010627345097,27.044149364878162
-1.8287010627345097,26.979689364878165
-1.8287010627345097,26.91522936487816
-1.8287010627345097,26.850769364878165
-1.8287010627345097,26.78630936487816
-1.8287010627345097,26.721849364878164
-1.8287010627345097,26.657389364878167
-1.8287010627345097,26.592929364878163
-1.7642410627345129,26.528469364878166
-1.7642410627345129,26.464009364878162
-1.7642410627345129,26.399549364878165
-1.7642410627345129,26.33508936487816
-1.7642410627345129,26.270629364878165
-1.7642410627345129,26.20616936487816
-1.7642410627345129,26.141709364878164
-1.7642410627345129,26.077249364878167
-1.7642410627345129,26.012789364878163
-1.8287010627345097,25.948329364878166
-1.8287010627345097,25.883869364878162
-1.8287010627345097,25.819409364878165
-1.8287010627345097,25.75494936487816
-1.8287010627345097,25.690489364878164
-1.8287010627345097,25.62602936487816
-1.8287010627345097,25.561569364878164
-1.8287010627345097,25.497109364878167
-1.8287010627345097,25.432649364878163
-1.8931610627345137,25.368189364878166
-1.8931610627345137,25.303729364878162
-1.8931610627345137,25.239269364878165
-1.8931610627345137,25.17480936487816
-1.8931610627345137,25.110349364878164
-1.8931610627345137,25.04588936487816
-1.8931610627345137,24.981429364878164
-1.8931610627345137,24.916969364878167
-1.9576210627345105,24.852509364878163
-1.9576210627345105,24.788049364878166
-2.0220810627345145,24.723589364878162
-2.0220810627345145,24.659129364878165
-2.0220810627345145,24.59466936487816
-2.0220810627345145,24.530209364878164
-2.0220810627345145,24.46574936487816
-2.0865410627345113,24.401289364878163
-2.0865410627345113,24.336829364878167
-2.0865410627345113,24.272369364878163
-2.0865410627345113,24.207909364878166
-2.1510010627345153,24.143449364878162
-2.1510010627345153,24.078989364878165
-2.215461062734512,24.01452936487816
-2.215461062734512,23.950069364878164
-2.279921062734509,23.88560936487816
-2.279921062734509,23.821149364878163
-2.344381062734513,23.756689364878167
-2.344381062734513,23.692229364878163
-2.40884106273451,23.627769364878166
-2.40884106273451,23.56330936487816
-2.4733010627345138,23.498849364878165
-2.4733010627345138,23.43438936487816
-2.4733010627345138,23.369929364878164
-2.5377610627345106,23.30546936487816
-2.6022210627345146,23.241009364878163
-2.6022210627345146,23.176549364878166
-2.6666810627345114,23.112089364878162
-2.7311410627345154,23.047629364878166
-2.7311410627345154,22.98316936487816
-2.7956010627345123,22.918709364878165
-2.860061062734509,22.85424936487816
-2.924521062734513,22.789789364878164
-2.924521062734513,22.72532936487816
-2.98898106273451,22.660869364878163
-3.053441062734514,22.660869364878163
-3.1179010627345107,22.596409364878166
-3.1823610627345147,22.531949364878162
-3.2468210627345115,22.467489364878166
-3.3112810627345155,22.40302936487816
-3.3757410627345124,22.40302936487816
-3.440201062734509,22.338569364878165
-3.504661062734513,22.27410936487816
-3.56912106273451,22.27410936487816
-3.633581062734514,22.209649364878164
-3.698041062734511,22.14518936487816
-3.762501062734515,22.14518936487816
-3.8269610627345116,22.14518936487816
-3.8914210627345156,22.080729364878163
-3.9558810627345125,22.080729364878163
-4.020341062734509,22.016269364878166
-4.084801062734513,22.016269364878166
-4.14926106273451,21.951809364878162
-4.213721062734514,21.951809364878162
-4.278181062734511,21.887349364878165
-4.342641062734515,21.887349364878165
-4.407101062734512,21.82288936487816
-4.471561062734509,21.82288936487816
-4.5360210627345126,21.758429364878165
-4.600481062734509,21.758429364878165
-4.664941062734513,21.758429364878165
-4.72940106273451,21.69396936487816
-4.793861062734514,21.69396936487816
-4.858321062734511,21.69396936487816
-4.922781062734515,21.69396936487816
-4.987241062734512,21.69396936487816
-5.051701062734509,21.629509364878164
-5.116161062734513,21.629509364878164
-5.1806210627345095,21.629509364878164
-5.2450810627345135,21.629509364878164
-5.30954106273451,21.629509364878164
-5.374001062734514,21.629509364878164
-5.438461062734511,21.56504936487816
-5.502921062734515,21.56504936487816
-5.567381062734512,21.56504936487816
-5.631841062734509,21.56504936487816
-5.696301062734513,21.56504936487816
-5.76076106273451,21.56504936487816
-5.825221062734514,21.56504936487816
-5.88968106273451,21.56504936487816
-5.954141062734514,21.500589364878163
-6.018601062734511,21.500589364878163
-6.083061062734515,21.500589364878163
-6.147521062734512,21.500589364878163
-6.211981062734509,21.500589364878163
-6.276441062734513,21.500589364878163
-6.34090106273451,21.500589364878163
-6.405361062734514,21.500589364878163
-6.4698210627345105,21.56504936487816
-6.5342810627345145,21.56504936487816
-6.598741062734511,21.56504936487816
-6.663201062734515,21.56504936487816
-6.727661062734512,21.56504936487816
-6.792121062734509,21.56504936487816
-6.856581062734513,21.629509364878164
-6.92104106273451,21.629509364878164
-6.985501062734514,21.629509364878164
-7.049961062734511,21.629509364878164
-7.114421062734515,21.629509364878164
-7.178881062734511,21.629509364878164
-7.243341062734515,21.69396936487816
-7.307801062734512,21.69396936487816
-7.372261062734509,21.69396936487816
-7.436721062734513,21.69396936487816
-7.50118106273451,21.758429364878165
-7.565641062734514,21.758429364878165
-7.630101062734511,21.82288936487816
-7.694561062734515,21.82288936487816
-7.7590210627345115,21.82288936487816
-7.8234810627345155,21.887349364878165
-7.887941062734512,21.887349364878165
-7.952401062734509,21.951809364878162
-8.016861062734513,21.951809364878162
-8.08132106273451,22.016269364878166
-8.145781062734514,22.016269364878166
-8.21024106273451,22.080729364878163
-8.274701062734515,22.14518936487816
-8.339161062734512,22.14518936487816
-8.403621062734516,22.209649364878164
-8.468081062734512,22.27410936487816
-8.53254106273451,22.27410936487816
-8.597001062734513,22.338569364878165
-8.66146106273451,22.40302936487816
-8.725921062734514,22.467489364878166
-8.790381062734511,22.467489364878166
-8.854841062734515,22.531949364878162
-8.919301062734512,22.596409364878166
-8.983761062734516,22.660869364878163
-9.048221062734513,22.660869364878163
-9.11268106273451,22.72532936487816
-9.177141062734513,22.789789364878164
-9.24160106273451,22.85424936487816
-9.306061062734514,22.918709364878165
-9.370521062734511,22.918709364878165
-9.434981062734515,22.98316936487816
-9.499441062734512,23.047629364878166
-9.563901062734516,23.112089364878162
-9.628361062734513,23.112089364878162
-9.69282106273451,23.176549364878166
-9.757281062734513,23.241009364878163
-9.82174106273451,23.30546936487816
-9.886201062734514,23.369929364878164
-9.950661062734511,23.369929364878164
-10.015121062734515,23.43438936487816
-10.079581062734512,23.498849364878165
-10.144041062734516,23.56330936487816
-10.208501062734513,23.627769364878166
-10.27296106273451,23.692229364878163
-10.337421062734514,23.756689364878167
-10.40188106273451,23.821149364878163
-10.466341062734514,23.821149364878163
-10.530801062734511,23.88560936487816
-10.595261062734515,23.950069364878164
-10.659721062734512,24.01452936487816
-10.724181062734516,24.078989364878165
-10.788641062734513,24.143449364878162
-10.85310106273451,24.143449364878162
-10.917561062734514,24.207909364878166
-10.98202106273451,24.272369364878163
-11.046481062734514,24.336829364878167
-11.110941062734511,24.401289364878163
-11.175401062734515,24.401289364878163
-11.239861062734512,24.46574936487816
-11.304321062734509,24.530209364878164
-11.368781062734513,24.59466936487816
-11.43324106273451,24.659129364878165
-11.497701062734514,24.723589364878162
-11.56216106273451,24.788049364878166
-11.626621062734515,24.788049364878166
-11.691081062734511,24.852509364878163
-11.755541062734515,24.916969364878167
-11.820001062734512,24.981429364878164
-11.884461062734509,25.04588936487816
-11.948921062734513,25.04588936487816
-12.01338106273451,25.110349364878164
-12.077841062734514,25.17480936487816
-12.14230106273451,25.239269364878165
-12.206761062734515,25.303729364878162
-12.271221062734512,25.368189364878166
-12.335681062734515,25.368189364878166
-12.400141062734512,25.432649364878163
-12.46460106273451,25.497109364878167
-12.529061062734513,25.561569364878164
-12.59352106273451,25.62602936487816
-12.657981062734514,25.690489364878164
-12.72244106273451,25.690489364878164
-12.786901062734515,25.75494936487816
-12.851361062734512,25.819409364878165
-12.915821062734516,25.883869364878162
-12.980281062734512,25.948329364878166
-13.04474106273451,26.012789364878163
-13.109201062734513,26.012789364878163
-13.17366106273451,26.077249364878167
-13.238121062734514,26.141709364878164
-13.302581062734511,26.20616936487816
-13.367041062734515,26.270629364878165
-13.431501062734512,26.33508936487816
-13.495961062734516,26.33508936487816
-13.560421062734513,26.399549364878165
-13.62488106273451,26.464009364878162
-13.689341062734513,26.528469364878166
-13.75380106273451,26.592929364878163
-13.818261062734514,26.592929364878163
-13.882721062734511,26.657389364878167
-13.947181062734515,26.721849364878164
-14.011641062734512,26.78630936487816
-14.076101062734516,26.850769364878165
-14.140561062734513,26.91522936487816
-14.20502106273451,26.979689364878165
-14.269481062734513,26.979689364878165
-14.33394106273451,27.044149364878162
-14.398401062734514,27.108609364878166
-14.462861062734511,27.173069364878163
-14.527321062734515,27.237529364878167
-14.591781062734512,27.237529364878167
-14.656241062734516,27.301989364878164
-14.720701062734513,27.36644936487816
-14.78516106273451,27.430909364878165
-14.849621062734514,27.49536936487816
-14.91408106273451,27.49536936487816
-14.978541062734514,27.559829364878166
-15.043001062734511,27.624289364878162
-15.107461062734515,27.688749364878166
-15.171921062734512,27.753209364878163
-15.236381062734516,27.81766936487816
-15.300841062734513,27.81766936487816
-15.36530106273451,27.882129364878164
-15.429761062734514,27.94658936487816
-15.49422106273451,28.011049364878165
-15.558681062734514,28.07550936487816
-15.623141062734511,28.139969364878166
-15.687601062734515,28.139969364878166
-15.752061062734512,28.204429364878163
-15.816521062734516,28.268889364878167
-15.880981062734513,28.333349364878163
-15.94544106273451,28.39780936487816
-16.009901062734514,28.39780936487816
-16.07436106273451,28.462269364878164
-16.138821062734515,28.52672936487816
-16.20328106273451,28.591189364878165
-16.267741062734515,28.655649364878162
-16.332201062734512,28.720109364878166
-16.396661062734516,28.784569364878163
-16.396661062734516,28.784569364878163
