
******************************************************************************
This program contains Ipopt, a library for large-scale nonlinear optimization.
 Ipopt is released as open source code under the Eclipse Public License (EPL).
         For more information visit https://github.com/coin-or/Ipopt
******************************************************************************

This is Ipopt version 3.14.11, running with linear solver MUMPS 5.4.1.

Number of nonzeros in equality constraint Jacobian...:   315620
Number of nonzeros in inequality constraint Jacobian.:    78460
Number of nonzeros in Lagrangian Hessian.............:   254180

Total number of variables............................:    40949
                     variables with only lower bounds:        0
                variables with lower and upper bounds:    13653
                     variables with only upper bounds:        0
Total number of equality constraints.................:    35831
Total number of inequality constraints...............:    17056
        inequality constraints with only lower bounds:     1705
   inequality constraints with lower and upper bounds:    10235
        inequality constraints with only upper bounds:     3411

iter    objective    inf_pr   inf_du lg(mu)  ||d||  lg(rg) alpha_du alpha_pr  ls
   0  1.7060000e+01 1.39e+00 9.13e-01  -1.0 0.00e+00    -  0.00e+00 0.00e+00   0
   1  1.7051139e+01 1.38e+00 5.37e+03  -1.0 2.38e+00   4.0 8.09e-02 8.57e-03h  1
   2  1.7141110e+01 1.36e+00 4.42e+03  -1.0 2.32e+00   3.5 2.21e-03 1.40e-02f  1
   3  1.7191099e+01 1.35e+00 3.99e+03  -1.0 2.25e+00   3.0 1.29e-03 6.53e-03f  1
   4  1.7209533e+01 1.35e+00 3.94e+03  -1.0 2.09e+00   3.5 1.31e-03 1.93e-03f  1
   5  1.7231811e+01 1.34e+00 3.86e+03  -1.0 2.17e+00   3.0 8.60e-04 1.73e-03f  1
   6  1.7234896e+01 1.34e+00 3.91e+03  -1.0 2.06e+00   3.4 9.16e-04 2.54e-04f  1
   7  1.7236049e+01 1.34e+00 3.93e+03  -1.0 3.00e+00   2.9 2.73e-04 5.74e-05f  1
   8  1.7248875e+01 1.34e+00 3.90e+03  -1.0 3.06e+00   3.4 5.10e-04 8.17e-04f  1
   9  1.7274402e+01 1.34e+00 3.85e+03  -1.0 3.05e+00   2.9 3.27e-04 1.09e-03f  1
iter    objective    inf_pr   inf_du lg(mu)  ||d||  lg(rg) alpha_du alpha_pr  ls
  10  1.7302252e+01 1.34e+00 4.08e+03  -1.0 2.98e+00   3.3 3.12e-04 1.63e-03f  1
  11  1.7325954e+01 1.34e+00 4.26e+03  -1.0 3.00e+00   2.8 3.61e-04 7.89e-04f  1
  12  1.7354223e+01 1.34e+00 5.95e+03  -1.0 2.88e+00   3.3 5.24e-04 1.43e-03f  1
  13  1.7367188e+01 1.34e+00 5.97e+03  -1.0 3.84e+00   2.8 2.56e-04 3.47e-04f  1
  14  1.7396477e+01 1.33e+00 7.40e+03  -1.0 2.82e+00   3.2 4.50e-04 1.35e-03f  1
  15  1.7404778e+01 1.33e+00 7.40e+03  -1.0 7.55e+00   2.7 1.68e-04 1.81e-04f  1
  16  1.7435486e+01 1.33e+00 8.52e+03  -1.0 2.80e+00   3.2 4.61e-04 1.29e-03f  1
  17  1.7437338e+01 1.33e+00 8.52e+03  -1.0 7.78e+01   2.7 3.26e-05 2.70e-05f  1
  18  1.7458154e+01 1.33e+00 8.96e+03  -1.0 2.81e+00   3.1 4.11e-04 7.97e-04f  1
  19  1.7486280e+01 1.33e+00 1.28e+04  -1.0 2.94e+00   3.5 5.52e-04 1.57e-03f  1
iter    objective    inf_pr   inf_du lg(mu)  ||d||  lg(rg) alpha_du alpha_pr  ls
  20  1.7502588e+01 1.33e+00 1.57e+04  -1.0 3.03e+00   4.0 8.39e-04 1.11e-03h  1
  21  1.7522475e+01 1.33e+00 1.66e+04  -1.0 2.95e+00   3.5 6.59e-04 9.46e-04f  1
  22  1.7549722e+01 1.33e+00 1.69e+04  -1.0 2.79e+00   3.0 3.23e-04 7.45e-04f  1
  23  1.7594762e+01 1.32e+00 2.05e+04  -1.0 2.96e+00   3.4 6.18e-04 1.90e-03f  1
  24  1.7636561e+01 1.32e+00 2.07e+04  -1.0 6.26e+00   3.0 3.37e-04 8.96e-04f  1
  25  1.7685539e+01 1.32e+00 2.29e+04  -1.0 2.96e+00   3.4 8.66e-04 1.84e-03f  1
  26  1.7731688e+01 1.32e+00 2.30e+04  -1.0 2.91e+00   2.9 4.54e-04 8.30e-04f  1
  27  1.7779869e+01 1.32e+00 2.46e+04  -1.0 2.96e+00   3.3 7.32e-04 1.61e-03f  1
  28  1.7821231e+01 1.31e+00 3.08e+04  -1.0 3.11e+00   3.8 9.37e-04 1.92e-03f  1
  29  1.7828890e+01 1.31e+00 3.02e+04  -1.0 2.93e+00   3.3 5.63e-04 2.17e-04f  1
iter    objective    inf_pr   inf_du lg(mu)  ||d||  lg(rg) alpha_du alpha_pr  ls
  30  1.7829158e+01 1.31e+00 2.58e+04  -1.0 3.11e+00   3.7 8.26e-04 1.04e-05h  1
  31  1.7888013e+01 1.31e+00 2.71e+04  -1.0 3.22e+00   3.2 3.35e-04 1.43e-03f  1
  32  1.7932473e+01 1.31e+00 3.01e+04  -1.0 3.10e+00   3.7 9.33e-04 1.59e-03f  1
  33  1.7969395e+01 1.31e+00 3.79e+04  -1.0 3.20e+00   4.1 1.01e-03 1.59e-03h  1
  34  1.7973082e+01 1.31e+00 3.78e+04  -1.0 1.16e+01   3.6 1.40e-04 1.09e-04f  1
  35  1.8014512e+01 1.30e+00 4.72e+04  -1.0 3.19e+00   4.0 8.62e-04 1.66e-03h  1
  36  1.8014643e+01 1.30e+00 4.72e+04  -1.0 2.11e+02   3.6 7.88e-06 2.15e-06f  3
  37  1.8052872e+01 1.30e+00 5.44e+04  -1.0 3.16e+00   4.0 7.08e-04 1.43e-03f  1
  38  1.8074166e+01 1.30e+00 5.41e+04  -1.0 3.23e+00   4.4 9.04e-04 8.93e-04h  1
  39  1.8076816e+01 1.30e+00 5.41e+04  -1.0 1.66e+01   3.9 7.83e-05 8.20e-05h  1
iter    objective    inf_pr   inf_du lg(mu)  ||d||  lg(rg) alpha_du alpha_pr  ls
  40  1.8097556e+01 1.30e+00 5.97e+04  -1.0 3.22e+00   4.4 6.06e-04 8.33e-04h  1
  41  1.8112329e+01 1.30e+00 6.14e+04  -1.0 3.34e+00   3.9 2.25e-04 4.58e-04f  1
  42  1.8134791e+01 1.30e+00 6.79e+04  -1.0 3.21e+00   4.3 5.57e-04 8.58e-04h  1
  43  1.8142525e+01 1.30e+00 6.85e+04  -1.0 7.45e+00   3.8 1.27e-04 2.19e-04f  1
  44  1.8164895e+01 1.30e+00 7.32e+04  -1.0 3.19e+00   4.3 5.65e-04 8.17e-04f  1
  45  1.8174683e+01 1.30e+00 7.38e+04  -1.0 6.54e+00   3.8 1.40e-04 2.60e-04f  1
  46  1.8210241e+01 1.30e+00 8.49e+04  -1.0 3.17e+00   4.2 5.68e-04 1.24e-03f  1
  47  1.8211860e+01 1.30e+00 8.50e+04  -1.0 5.10e+01   3.7 1.95e-05 3.55e-05f  1
  48  1.8245017e+01 1.29e+00 9.33e+04  -1.0 3.14e+00   4.2 5.14e-04 1.10e-03f  1
  49  1.8253362e+01 1.29e+00 9.36e+04  -1.0 9.97e+00   3.7 9.23e-05 1.89e-04f  1
iter    objective    inf_pr   inf_du lg(mu)  ||d||  lg(rg) alpha_du alpha_pr  ls
  50  1.8273523e+01 1.29e+00 9.48e+04  -1.0 3.12e+00   4.1 5.29e-04 6.35e-04f  1
  51  1.8285441e+01 1.29e+00 9.52e+04  -1.0 7.54e+00   3.6 1.07e-04 2.55e-04f  1
  52  1.8311190e+01 1.29e+00 9.82e+04  -1.0 3.09e+00   4.1 4.85e-04 7.76e-04f  1
  53  1.8322404e+01 1.29e+00 9.84e+04  -1.0 8.07e+00   3.6 1.06e-04 2.23e-04f  1
  54  1.8353953e+01 1.29e+00 1.02e+05  -1.0 3.07e+00   4.0 4.87e-04 9.07e-04f  1
  55  1.8364330e+01 1.29e+00 1.02e+05  -1.0 1.05e+01   3.5 1.01e-04 1.92e-04f  1
  56  1.8393130e+01 1.29e+00 1.04e+05  -1.0 3.05e+00   3.9 5.34e-04 7.89e-04f  1
  57  1.8405377e+01 1.29e+00 1.04e+05  -1.0 9.01e+00   3.5 9.75e-05 2.12e-04f  1
  58  1.8405566e+01 1.29e+00 1.04e+05  -1.0 1.80e+03   3.0 1.12e-06 6.71e-07f  2
  59  1.8441732e+01 1.29e+00 1.04e+05  -1.0 3.01e+00   3.4 2.68e-04 5.97e-04f  1
iter    objective    inf_pr   inf_du lg(mu)  ||d||  lg(rg) alpha_du alpha_pr  ls
  60  1.8459244e+01 1.29e+00 1.04e+05  -1.0 1.64e+01   2.9 7.81e-05 1.22e-04f  1
  61  1.8510949e+01 1.29e+00 1.04e+05  -1.0 3.06e+00   3.4 2.70e-04 8.01e-04f  1
  62  1.8525848e+01 1.29e+00 1.04e+05  -1.0 2.81e+01   2.9 6.91e-05 8.92e-05f  1
  63  1.8579838e+01 1.29e+00 1.04e+05  -1.0 3.27e+00   3.3 2.58e-04 7.83e-04f  1
  64  1.8598195e+01 1.29e+00 1.03e+05  -1.0 2.49e+01   2.8 7.24e-05 9.20e-05f  1
  65  1.8649469e+01 1.28e+00 1.03e+05  -1.0 3.22e+00   3.3 2.50e-04 6.96e-04f  1
  66  1.8682701e+01 1.28e+00 1.02e+05  -1.0 1.49e+01   2.8 6.94e-05 1.33e-04f  1
  67  1.8732776e+01 1.28e+00 1.02e+05  -1.0 3.33e+00   3.2 3.02e-04 6.36e-04f  1
  68  1.8778602e+01 1.28e+00 1.01e+05  -1.0 2.53e+01   2.7 6.84e-05 1.33e-04f  1
  69  1.8844316e+01 1.28e+00 1.01e+05  -1.0 3.47e+00   3.2 3.28e-04 7.78e-04f  1
iter    objective    inf_pr   inf_du lg(mu)  ||d||  lg(rg) alpha_du alpha_pr  ls
  70  1.8932514e+01 1.28e+00 9.95e+04  -1.0 5.30e+01   2.7 7.01e-05 1.56e-04f  1
  71  1.8988252e+01 1.28e+00 9.90e+04  -1.0 3.65e+00   3.1 3.24e-04 6.25e-04f  1
  72  1.9058501e+01 1.28e+00 9.80e+04  -1.0 2.69e+02   2.6 8.33e-06 3.27e-05f  1
  73  1.9094785e+01 1.28e+00 9.94e+04  -1.0 3.09e+00   4.0 7.54e-04 9.54e-04f  1
  74  1.9124247e+01 1.28e+00 9.87e+04  -1.0 3.15e+00   4.4 9.48e-04 9.19e-04h  1
  75  1.9136510e+01 1.28e+00 9.54e+04  -1.0 3.08e+00   3.9 8.45e-04 3.03e-04f  1
  76  1.9205782e+01 1.28e+00 9.54e+04  -1.0 3.17e+00   3.4 4.72e-04 1.14e-03f  1
  77  1.9234978e+01 1.28e+00 9.59e+04  -1.0 4.47e+00   3.0 4.02e-04 2.47e-04f  1
  78  1.9314811e+01 1.27e+00 9.56e+04  -1.0 3.24e+00   3.4 5.21e-04 1.26e-03f  1
  79  1.9364713e+01 1.27e+00 9.53e+04  -1.0 4.76e+00   2.9 2.86e-04 4.00e-04f  1
iter    objective    inf_pr   inf_du lg(mu)  ||d||  lg(rg) alpha_du alpha_pr  ls
  80  1.9423206e+01 1.27e+00 9.50e+04  -1.0 3.33e+00   3.3 5.14e-04 8.92e-04f  1
  81  1.9475524e+01 1.27e+00 9.44e+04  -1.0 5.88e+00   2.9 2.11e-04 3.90e-04f  1
  82  1.9489742e+01 1.27e+00 8.74e+04  -1.0 3.15e+00   4.2 9.55e-04 3.97e-04f  1
  83  1.9583826e+01 1.27e+00 9.13e+04  -1.0 3.15e+00   3.7 4.59e-04 1.98e-03f  1
  84  1.9600742e+01 1.27e+00 9.12e+04  -1.0 3.54e+00   3.2 1.53e-04 2.30e-04f  1
  85  1.9601623e+01 1.27e+00 8.93e+04  -1.0 8.34e+00   3.7 9.64e-04 1.75e-05h  1
  86  1.9650375e+01 1.27e+00 8.36e+04  -1.0 3.17e+00   4.1 1.85e-03 1.24e-03f  1
  87  2.0135511e+01 1.26e+00 9.34e+04  -1.0 3.22e+00   3.6 1.67e-03 8.83e-03f  1
  88  2.0476120e+01 1.25e+00 2.09e+05  -1.0 1.44e+01   3.1 2.04e-05 4.28e-03f  1
  89  2.0542945e+01 1.25e+00 2.09e+05  -1.0 3.76e+01   2.7 2.53e-04 1.88e-04f  1
iter    objective    inf_pr   inf_du lg(mu)  ||d||  lg(rg) alpha_du alpha_pr  ls
  90  2.0745794e+01 1.25e+00 2.09e+05  -1.0 3.90e+00   3.1 1.85e-03 2.69e-03f  1
  91  2.0944177e+01 1.24e+00 2.08e+05  -1.0 3.53e+00   3.5 4.93e-03 3.88e-03f  1
  92  2.0969089e+01 1.24e+00 2.17e+05  -1.0 3.28e+00   4.8 6.30e-03 7.26e-04h  1
  93  2.1067159e+01 1.24e+00 3.20e+05  -1.0 3.35e+00   4.4 8.98e-03 2.69e-03f  1
  94  2.1327195e+01 1.23e+00 3.12e+05  -1.0 3.46e+00   3.9 4.69e-03 6.25e-03f  1
  95  2.1385560e+01 1.23e+00 3.01e+05  -1.0 3.41e+00   4.3 8.23e-04 1.61e-03f  1
  96  2.1467344e+01 1.23e+00 2.96e+05  -1.0 5.53e+00   3.8 4.66e-04 2.02e-03f  1
  97  2.1494160e+01 1.23e+00 2.94e+05  -1.0 3.80e+00   3.4 2.35e-03 5.36e-04f  1
  98  2.1552007e+01 1.23e+00 2.95e+05  -1.0 5.93e+00   2.9 4.51e-04 6.25e-04f  1
  99  2.1637470e+01 1.22e+00 2.94e+05  -1.0 3.85e+00   3.3 1.85e-03 1.67e-03f  1
iter    objective    inf_pr   inf_du lg(mu)  ||d||  lg(rg) alpha_du alpha_pr  ls
 100  2.1669411e+01 1.22e+00 5.34e+05  -1.0 3.38e+00   4.6 8.84e-03 9.25e-04h  1
 101  2.1788260e+01 1.22e+00 5.11e+05  -1.0 3.48e+00   4.2 6.19e-04 3.27e-03f  1
 102  2.1847573e+01 1.22e+00 5.10e+05  -1.0 3.67e+00   3.7 8.82e-04 1.46e-03f  1
 103  2.1897745e+01 1.21e+00 5.10e+05  -1.0 5.95e+00   3.2 6.13e-04 9.45e-04f  1
 104  2.1981267e+01 1.21e+00 5.09e+05  -1.0 3.72e+00   3.6 3.87e-03 2.04e-03f  1
 105  2.2087860e+01 1.21e+00 5.11e+05  -1.0 4.28e+00   3.1 4.87e-04 1.98e-03f  1
 106  2.2110248e+01 1.21e+00 6.07e+05  -1.0 3.42e+00   4.5 5.70e-03 6.61e-04h  1
 107  2.2246801e+01 1.20e+00 5.91e+05  -1.0 3.57e+00   4.0 4.72e-04 3.81e-03f  1
 108  2.2259049e+01 1.20e+00 6.65e+05  -1.0 3.45e+00   4.4 4.92e-03 3.66e-04h  1
 109  2.2266926e+01 1.20e+00 6.68e+05  -1.0 4.12e+00   3.9 7.34e-04 2.22e-04h  1
iter    objective    inf_pr   inf_du lg(mu)  ||d||  lg(rg) alpha_du alpha_pr  ls
 110  2.2268778e+01 1.20e+00 7.61e+05  -1.0 4.78e+00   4.4 2.94e-03 5.49e-05h  1
 111  2.2308962e+01 1.20e+00 8.92e+05  -1.0 4.70e+00   4.8 2.65e-03 1.20e-03h  1
 112  2.2325384e+01 1.20e+00 9.04e+05  -1.0 4.96e+00   4.3 9.06e-04 4.88e-04h  1
 113  2.2326701e+01 1.20e+00 1.10e+06  -1.0 5.93e+00   4.7 1.90e-03 3.85e-05h  1
 114  2.2365991e+01 1.20e+00 1.10e+06  -1.0 6.26e+00   4.3 1.38e-03 1.13e-03f  1
 115  2.2367663e+01 1.20e+00 1.13e+06  -1.0 6.52e+00   4.7 2.92e-04 4.93e-05h  1
 116  2.2395090e+01 1.20e+00 1.10e+06  -1.0 6.82e+00   4.2 6.13e-06 7.92e-04f  1
 117  2.2401708e+01 1.20e+00 1.08e+06  -1.0 6.18e+00   4.6 9.96e-06 1.95e-04f  1
 118  2.2418686e+01 1.20e+00 1.14e+06  -1.0 6.38e+00   4.2 2.54e-03 4.90e-04f  1
 119  2.2453709e+01 1.20e+00 1.11e+06  -1.0 6.21e+00   4.6 7.46e-04 1.03e-03h  1
iter    objective    inf_pr   inf_du lg(mu)  ||d||  lg(rg) alpha_du alpha_pr  ls
 120  2.2522656e+01 1.20e+00 1.08e+06  -1.0 6.44e+00   4.1 6.57e-04 1.99e-03f  1
 121  2.2525585e+01 1.19e+00 1.20e+06  -1.0 6.25e+00   4.5 2.01e-03 8.80e-05h  1
 122  2.2559286e+01 1.19e+00 1.18e+06  -1.0 6.13e+00   5.0 8.67e-04 1.00e-03h  1
 123  2.2611793e+01 1.19e+00 1.16e+06  -1.0 6.30e+00   4.5 1.30e-03 1.59e-03f  1
 124  2.2620486e+01 1.19e+00 1.30e+06  -1.0 6.17e+00   4.9 1.16e-03 2.64e-04h  1
 125  2.2728197e+01 1.19e+00 1.19e+06  -1.0 6.34e+00   4.4 1.07e-03 3.28e-03f  1
 126  2.2729106e+01 1.19e+00 1.37e+06  -1.0 6.17e+00   4.9 1.36e-03 2.82e-05h  1
 127  2.2788797e+01 1.19e+00 9.39e+05  -1.0 6.09e+00   5.3 6.38e-04 1.81e-03h  1
 128  2.2814408e+01 1.18e+00 1.01e+06  -1.0 6.26e+00   4.8 1.44e-03 8.12e-04h  1
 129r 2.2814408e+01 1.18e+00 1.00e+03   0.1 0.00e+00   5.2 0.00e+00 2.75e-07R  6
iter    objective    inf_pr   inf_du lg(mu)  ||d||  lg(rg) alpha_du alpha_pr  ls
 130r 3.1760835e+01 6.97e-01 1.01e+03   0.1 1.03e+03    -  1.14e-03 9.61e-04f  1
 131  3.1783999e+01 6.97e-01 1.05e+00  -1.0 4.22e+01    -  1.01e-04 8.89e-05f  1
 132  3.1801287e+01 6.97e-01 2.25e+01  -1.0 5.38e+01    -  2.72e-05 1.46e-04f  1
 133  3.1961794e+01 6.96e-01 5.45e+02  -1.0 5.36e+01    -  1.43e-04 1.51e-03f  1
 134  3.1968627e+01 6.96e-01 5.02e+03  -1.0 1.68e+00   4.8 1.24e-01 2.02e-04h  1
 135  3.1975567e+01 6.95e-01 5.08e+04  -1.0 2.38e+00   4.3 9.04e-03 2.04e-04h  1
 136  3.2061453e+01 6.94e-01 7.41e+04  -1.0 2.71e+00   3.8 1.09e-02 2.38e-03h  1
 137  3.2093914e+01 6.93e-01 1.44e+05  -1.0 2.96e+00   4.2 8.31e-03 8.22e-04h  1
 138  3.2265799e+01 6.90e-01 1.41e+05  -1.0 3.75e+00   3.8 3.18e-03 3.98e-03h  1
 139  3.2340941e+01 6.89e-01 1.43e+05  -1.0 3.77e+00   4.2 2.04e-03 1.75e-03h  1
iter    objective    inf_pr   inf_du lg(mu)  ||d||  lg(rg) alpha_du alpha_pr  ls
 140  3.2358395e+01 6.89e-01 4.46e+05  -1.0 3.84e+00   4.6 1.23e-02 4.14e-04h  1
 141  3.2562398e+01 6.86e-01 4.80e+05  -1.0 4.02e+00   4.1 8.95e-03 4.55e-03h  1
 142  3.2643279e+01 6.85e-01 7.07e+05  -1.0 4.10e+00   4.6 1.19e-02 1.83e-03h  1
 143  3.2728369e+01 6.83e-01 1.29e+06  -1.0 4.11e+00   5.0 1.14e-02 1.92e-03h  1
 144  3.2827904e+01 6.82e-01 1.28e+06  -1.0 4.21e+00   4.5 2.05e-03 2.30e-03h  1
 145  3.2877189e+01 6.81e-01 1.43e+06  -1.0 4.18e+00   4.9 4.04e-03 1.13e-03h  1
 146  3.2928890e+01 6.80e-01 2.97e+06  -1.0 4.17e+00   5.4 1.18e-02 1.19e-03h  1
 147  3.2991283e+01 6.79e-01 7.33e+06  -1.0 4.19e+00   5.8 1.25e-02 1.43e-03h  1
 148  3.3110225e+01 6.77e-01 6.89e+06  -1.0 4.50e+00   5.3 1.90e-04 2.85e-03h  1
 149  3.3129161e+01 6.77e-01 6.79e+06  -1.0 4.17e+00   5.7 1.79e-04 4.47e-04h  1
iter    objective    inf_pr   inf_du lg(mu)  ||d||  lg(rg) alpha_du alpha_pr  ls
 150  3.3139692e+01 6.77e-01 7.25e+06  -1.0 4.15e+00   6.2 7.53e-04 2.48e-04h  1
 151  3.3175923e+01 6.76e-01 8.64e+06  -1.0 4.17e+00   5.7 5.66e-03 8.65e-04h  1
 152  3.3219690e+01 6.75e-01 9.44e+06  -1.0 4.15e+00   6.1 2.04e-03 1.04e-03h  1
 153  3.3252332e+01 6.75e-01 1.07e+07  -1.0 4.15e+00   5.6 5.94e-03 8.04e-04h  1
 154  3.3314295e+01 6.74e-01 1.44e+07  -1.0 4.13e+00   6.1 6.91e-03 1.49e-03h  1
 155  3.3360737e+01 6.73e-01 4.28e+07  -1.0 4.10e+00   6.5 1.64e-02 1.12e-03h  1
 156  3.3395295e+01 6.73e-01 4.30e+07  -1.0 4.48e+00   6.0 1.31e-03 8.63e-04h  1
 157  3.3413315e+01 6.72e-01 5.31e+07  -1.0 4.09e+00   6.4 6.81e-03 4.39e-04h  1
 158  3.3518081e+01 6.71e-01 1.25e+08  -1.0 4.08e+00   6.9 1.89e-02 2.53e-03h  1
 159  3.3584016e+01 6.69e-01 1.24e+08  -1.0 4.30e+00   6.4 1.42e-03 1.71e-03h  1
iter    objective    inf_pr   inf_du lg(mu)  ||d||  lg(rg) alpha_du alpha_pr  ls
 160  3.3598653e+01 6.69e-01 1.25e+08  -1.0 4.28e+00   6.8 6.91e-04 3.76e-04h  1
 161  3.3614183e+01 6.69e-01 1.21e+08  -1.0 4.15e+00   7.2 4.86e-06 3.92e-04h  1
 162  3.3630653e+01 6.69e-01 1.20e+08  -1.0 4.00e+00   6.8 1.78e-04 4.18e-04h  1
 163  3.3636136e+01 6.69e-01 1.25e+08  -1.0 3.99e+00   7.2 7.22e-04 1.37e-04h  1
 164  3.3670200e+01 6.68e-01 1.30e+08  -1.0 3.99e+00   6.7 2.61e-03 8.73e-04h  1
 165  3.3678426e+01 6.68e-01 1.45e+08  -1.0 3.97e+00   7.1 2.24e-03 2.08e-04h  1
 166  3.3706331e+01 6.67e-01 3.88e+08  -1.0 3.96e+00   7.6 1.23e-02 7.01e-04h  1
 167  3.3760957e+01 6.66e-01 3.98e+08  -1.0 3.95e+00   7.1 2.96e-03 1.40e-03h  1
 168  3.3788394e+01 6.66e-01 7.53e+08  -1.0 3.92e+00   7.5 2.01e-02 6.98e-04h  1
 169  3.3841945e+01 6.65e-01 9.67e+08  -1.0 3.90e+00   7.9 5.74e-03 1.36e-03h  1
iter    objective    inf_pr   inf_du lg(mu)  ||d||  lg(rg) alpha_du alpha_pr  ls
 170  3.3895607e+01 6.64e-01 1.12e+09  -1.0 3.89e+00   7.5 1.18e-02 1.40e-03h  1
 171  3.3924084e+01 6.64e-01 1.70e+09  -1.0 3.87e+00   7.9 1.51e-02 7.36e-04h  1
 172  3.3933500e+01 6.63e-01 3.46e+09  -1.0 4.23e+00   8.3 1.19e-02 2.58e-04h  1
 173  3.4038747e+01 6.61e-01 3.30e+09  -1.0 4.44e+00   7.8 6.76e-05 2.95e-03h  1
 174  3.4044236e+01 6.61e-01 3.53e+09  -1.0 4.26e+00   8.3 1.87e-03 1.54e-04h  1
 175  3.4051339e+01 6.61e-01 3.46e+09  -1.0 4.21e+00   8.7 1.44e-05 1.98e-04h  1
 176  3.4078718e+01 6.61e-01 3.39e+09  -1.0 4.05e+00   8.2 4.60e-05 7.50e-04h  1
 177  3.4080949e+01 6.61e-01 3.59e+09  -1.0 4.03e+00   8.6 7.86e-04 6.10e-05h  1
 178  3.4101484e+01 6.60e-01 3.64e+09  -1.0 4.03e+00   8.2 1.15e-03 5.66e-04h  1
 179  3.4107370e+01 6.60e-01 4.54e+09  -1.0 4.01e+00   8.6 3.88e-03 1.62e-04h  1
iter    objective    inf_pr   inf_du lg(mu)  ||d||  lg(rg) alpha_du alpha_pr  ls
 180  3.4142271e+01 6.60e-01 5.56e+09  -1.0 4.00e+00   9.0 2.51e-03 9.57e-04h  1
 181  3.4190936e+01 6.59e-01 6.19e+09  -1.0 3.99e+00   8.5 4.44e-03 1.35e-03h  1
 182  3.4199367e+01 6.59e-01 1.13e+10  -1.0 3.94e+00   9.0 9.05e-03 2.34e-04h  1
 183  3.4228045e+01 6.58e-01 3.00e+10  -1.0 3.93e+00   9.4 1.26e-02 7.94e-04h  1
 184  3.4307530e+01 6.57e-01 3.20e+10  -1.0 3.92e+00   8.9 6.48e-03 2.22e-03h  1
 185  3.4344586e+01 6.56e-01 4.23e+10  -1.0 3.86e+00   9.3 8.58e-03 1.04e-03h  1
 186  3.4348181e+01 6.56e-01 8.65e+10  -1.0 3.83e+00   9.8 1.22e-02 1.01e-04h  1
 187  3.4417397e+01 6.55e-01 1.06e+11  -1.0 3.85e+00   9.3 1.87e-02 1.96e-03h  1
 188  3.4429323e+01 6.54e-01 1.29e+11  -1.0 3.85e+00   9.7 7.56e-03 3.41e-04h  1
 189  3.4502440e+01 6.53e-01 1.21e+11  -1.0 3.79e+00  10.1 1.24e-03 2.07e-03h  1
iter    objective    inf_pr   inf_du lg(mu)  ||d||  lg(rg) alpha_du alpha_pr  ls
 190  3.4505106e+01 6.53e-01 2.03e+11  -1.0 3.73e+00  10.6 3.65e-03 7.65e-05h  1
 191  3.4576144e+01 6.52e-01 2.11e+11  -1.0 3.73e+00  10.1 3.18e-03 2.04e-03h  1
 192  3.4577765e+01 6.52e-01 3.21e+11  -1.0 3.67e+00  10.5 5.55e-03 4.69e-05h  1
 193  3.4620022e+01 6.51e-01 9.66e+11  -1.0 3.67e+00  10.9 1.33e-02 1.22e-03h  1
 194  3.4626561e+01 6.51e-01 9.71e+11  -1.0 1.14e+01  10.5 5.34e-04 1.93e-04h  1
 195  3.4635458e+01 6.50e-01 1.24e+12  -1.0 3.63e+00  10.9 6.10e-03 2.58e-04h  1
 196  3.4665195e+01 6.50e-01 2.47e+12  -1.0 3.62e+00  11.3 1.07e-02 8.62e-04h  1
 197  3.4695725e+01 6.49e-01 6.31e+12  -1.0 3.59e+00  11.7 1.24e-02 8.87e-04h  1
 198  3.4731943e+01 6.49e-01 6.25e+12  -1.0 8.67e+00  11.3 5.28e-04 1.07e-03h  1
 199  3.4764369e+01 6.48e-01 6.03e+12  -1.0 3.54e+00  11.7 1.86e-04 9.47e-04h  1
iter    objective    inf_pr   inf_du lg(mu)  ||d||  lg(rg) alpha_du alpha_pr  ls
 200  3.4777549e+01 6.48e-01 6.97e+12  -1.0 3.51e+00  12.1 1.60e-03 3.86e-04h  1
MUMPS returned INFO(1) = -9 and requires more memory, reallocating.  Attempt 1
  Increasing icntl[13] from 1000 to 2000.
 201  3.4782628e+01 6.48e-01 7.20e+12  -1.0 3.51e+00  11.6 1.09e-03 1.50e-04h  1
 202  3.4784522e+01 6.48e-01 1.10e+13  -1.0 3.50e+00  12.1 5.65e-03 5.56e-05h  1
 203  3.4876197e+01 6.46e-01 1.07e+13  -1.0 3.50e+00  11.6 1.17e-03 2.70e-03h  1
 204  3.4877178e+01 6.46e-01 1.51e+13  -1.0 3.42e+00  12.0 7.57e-03 2.91e-05h  1
 205  3.4880903e+01 6.46e-01 3.38e+13  -1.0 3.42e+00  12.4 1.18e-02 1.10e-04h  1
 206  3.4924510e+01 6.45e-01 4.74e+13  -1.0 3.45e+00  12.0 2.83e-02 1.30e-03h  1
 207  3.4950992e+01 6.44e-01 4.82e+13  -1.0 3.51e+00  12.4 1.40e-03 8.01e-04h  1
 208  3.4979210e+01 6.44e-01 4.82e+13  -1.0 3.40e+00  11.9 1.04e-03 8.49e-04h  1
 209  3.4980997e+01 6.44e-01 5.04e+13  -1.0 3.36e+00  12.3 1.85e-03 5.35e-05h  1
iter    objective    inf_pr   inf_du lg(mu)  ||d||  lg(rg) alpha_du alpha_pr  ls
 210  3.4985715e+01 6.44e-01 5.62e+13  -1.0 3.36e+00  12.8 1.91e-03 1.41e-04h  1
 211  3.5017505e+01 6.43e-01 5.73e+13  -1.0 3.36e+00  12.3 2.04e-03 9.53e-04h  1
 212  3.5028428e+01 6.43e-01 6.51e+13  -1.0 3.32e+00  12.7 3.02e-03 3.28e-04h  1
 213  3.5050433e+01 6.43e-01 1.47e+14  -1.0 3.31e+00  13.1 1.11e-02 6.60e-04h  1
 214  3.5062337e+01 6.42e-01 1.68e+14  -1.0 3.30e+00  12.7 9.08e-03 3.59e-04h  1
 215  3.5103966e+01 6.41e-01 2.12e+14  -1.0 3.28e+00  13.1 7.80e-03 1.25e-03h  1
 216  3.5109005e+01 6.41e-01 5.51e+14  -1.0 3.24e+00  13.5 1.88e-02 1.52e-04h  1
 217  3.5158522e+01 6.40e-01 5.87e+14  -1.0 3.24e+00  13.0 8.20e-03 1.50e-03h  1
 218  3.5178737e+01 6.40e-01 8.22e+14  -1.0 3.20e+00  13.5 1.58e-02 6.12e-04h  1
 219  3.5200148e+01 6.40e-01 1.42e+15  -1.0 3.18e+00  13.9 1.50e-02 6.49e-04h  1
MUMPS returned INFO(1) = -9 and requires more memory, reallocating.  Attempt 1
  Increasing icntl[13] from 2000 to 4000.
iter    objective    inf_pr   inf_du lg(mu)  ||d||  lg(rg) alpha_du alpha_pr  ls
 220  3.5235668e+01 6.39e-01 1.49e+15  -1.0 3.17e+00  13.4 6.14e-03 1.08e-03h  1
 221  3.5263170e+01 6.38e-01 1.78e+15  -1.0 3.13e+00  13.8 9.02e-03 8.38e-04h  1
 222  3.5290658e+01 6.38e-01 2.48e+15  -1.0 3.11e+00  14.3 8.00e-03 8.38e-04h  1
 223  3.5292974e+01 6.38e-01 2.48e+15  -1.0 1.45e+02  13.8 2.33e-05 8.48e-05h  1
 224  3.5319855e+01 6.37e-01 2.43e+15  -1.0 3.08e+00  14.2 1.73e-04 8.21e-04h  1
 225  3.5331941e+01 6.37e-01 2.68e+15  -1.0 3.06e+00  14.6 1.47e-03 3.70e-04h  1
 226  3.5341483e+01 6.37e-01 2.74e+15  -1.0 3.05e+00  14.2 1.16e-03 2.93e-04h  1
 227  3.5348642e+01 6.37e-01 3.29e+15  -1.0 3.04e+00  14.6 2.90e-03 2.20e-04h  1
 228  3.5379515e+01 6.36e-01 3.31e+15  -1.0 3.05e+00  14.1 1.33e-03 9.51e-04h  1
 229  3.5380448e+01 6.36e-01 4.00e+15  -1.0 3.01e+00  14.5 3.86e-03 2.87e-05h  1
iter    objective    inf_pr   inf_du lg(mu)  ||d||  lg(rg) alpha_du alpha_pr  ls
 230  3.5406949e+01 6.36e-01 4.11e+15  -1.0 3.04e+00  14.0 2.85e-03 8.21e-04h  1
 231  3.5419316e+01 6.35e-01 4.25e+15  -1.0 3.07e+00  14.5 1.27e-03 3.87e-04h  1
 232  3.5429278e+01 6.35e-01 4.17e+15  -1.0 3.00e+00  14.9 1.27e-04 3.08e-04h  1
 233  3.5429834e+01 6.35e-01 4.22e+15  -1.0 3.00e+00  14.4 4.27e-04 1.73e-05h  1
 234  3.5434573e+01 6.35e-01 4.33e+15  -1.0 3.00e+00  14.9 4.44e-04 1.47e-04h  1
 235  3.5444360e+01 6.35e-01 4.36e+15  -1.0 3.01e+00  14.4 5.87e-04 3.05e-04h  1
 236  3.5445048e+01 6.35e-01 4.08e+15  -1.0 3.26e+00  14.8 8.24e-04 2.22e-05h  1
 237  3.5475584e+01 6.34e-01 4.06e+15  -1.0 3.89e+00  14.3 8.46e-04 9.92e-04h  1
 238  3.5476276e+01 6.34e-01 5.35e+15  -1.0 3.27e+00  14.7 3.56e-03 2.25e-05h  1
 239  3.5489262e+01 6.34e-01 5.79e+15  -1.0 3.26e+00  15.2 6.53e-04 4.23e-04h  1
iter    objective    inf_pr   inf_du lg(mu)  ||d||  lg(rg) alpha_du alpha_pr  ls
 240r 3.5489262e+01 6.34e-01 1.00e+03  -0.2 0.00e+00  14.7 0.00e+00 3.06e-07R  5
 241r 5.1989576e+01 8.14e-01 1.24e+03  -0.2 3.88e+02    -  5.54e-04 1.44e-03f  1
 242r 5.3675586e+01 8.01e-01 1.17e+03  -0.2 9.94e+00   2.0 8.85e-03 6.18e-03f  1
 243r 5.3908514e+01 7.82e-01 8.20e+03  -0.2 5.39e-01   3.3 1.07e-03 1.76e-02f  1
 244r 5.3981221e+01 7.68e-01 8.04e+03  -0.2 2.16e-01   3.8 2.54e-02 1.57e-02f  1
 245r 5.4047616e+01 7.32e-01 7.63e+03  -0.2 9.60e-02   4.2 5.77e-02 4.45e-02f  1
 246r 5.4015256e+01 5.89e-01 1.29e+04  -0.2 1.17e-02   5.5 2.28e-01 2.06e-01f  1
 247r 5.3982136e+01 4.59e-01 2.47e+04  -0.2 9.76e-03   5.9 2.58e-01 2.34e-01f  1
 248  5.4056705e+01 4.57e-01 4.64e+01  -1.0 1.35e+01    -  3.99e-03 3.00e-03f  1
 249  5.4460481e+01 1.09e+00 2.97e+02  -1.0 6.96e+00    -  4.66e-03 2.53e-02f  1
iter    objective    inf_pr   inf_du lg(mu)  ||d||  lg(rg) alpha_du alpha_pr  ls
 250  5.4562183e+01 1.08e+00 1.51e+13  -1.0 6.21e-01  14.2 2.00e-01 4.54e-03h  1
 251  5.4563213e+01 1.08e+00 1.51e+13  -1.0 1.14e+00  13.7 4.98e-03 4.79e-05h  1
 252r 5.4563213e+01 1.08e+00 9.99e+02   0.3 0.00e+00  14.2 0.00e+00 2.30e-07R  2
 253r 5.5067359e+01 3.23e-01 9.99e+02   0.3 1.59e+03    -  1.04e-03 1.22e-03f  1
 254  5.5873999e+01 2.34e+00 1.49e+03  -1.0 1.35e+01    -  4.16e-02 4.56e-02f  1
 255  5.5972798e+01 2.33e+00 3.31e+12  -1.0 1.28e+00  13.7 1.85e-01 4.67e-03h  1
 256  5.5973804e+01 2.33e+00 3.31e+12  -1.0 1.21e+00  14.1 3.08e-01 4.78e-05h  1
 257r 5.5973804e+01 2.33e+00 9.99e+02   0.5 0.00e+00  13.6 0.00e+00 2.77e-07R  2
 258r 5.6338349e+01 4.75e-01 9.98e+02   0.5 2.34e+03    -  1.13e-03 1.25e-03f  1
 259  5.6609896e+01 4.67e-01 4.55e+02  -1.0 1.73e+01    -  4.67e-02 1.76e-02f  1
iter    objective    inf_pr   inf_du lg(mu)  ||d||  lg(rg) alpha_du alpha_pr  ls
 260  5.6684851e+01 4.65e-01 6.20e+11  -1.0 4.73e-01  13.2 1.64e-01 3.73e-03h  1
 261  5.6685615e+01 4.65e-01 6.20e+11  -1.0 4.71e-01  12.7 6.60e-02 3.79e-05h  1
 262r 5.6685615e+01 4.65e-01 9.99e+02  -0.1 0.00e+00  13.1 0.00e+00 2.00e-07R  2
 263r 5.7415318e+01 3.02e-01 1.02e+03  -0.1 7.61e+02    -  2.65e-03 1.02e-03f  1
 264  5.7977912e+01 1.16e+00 1.61e+03  -1.0 2.46e+01    -  3.39e-02 3.26e-02f  1
 265  5.8136829e+01 1.14e+00 3.93e+11  -1.0 3.72e-01  12.6 2.89e-01 8.44e-03h  1
 266  5.8138402e+01 1.14e+00 3.93e+11  -1.0 3.68e-01  13.1 5.37e-02 8.46e-05h  1
 267r 5.8138402e+01 1.14e+00 9.99e+02   0.3 0.00e+00  12.6 0.00e+00 4.37e-07R  2
 268r 5.8526387e+01 4.58e-01 9.97e+02   0.3 1.58e+03    -  1.81e-03 1.31e-03f  1
 269  5.9223301e+01 1.23e+00 2.49e+03  -1.0 2.32e+01    -  3.68e-02 4.48e-02f  1
iter    objective    inf_pr   inf_du lg(mu)  ||d||  lg(rg) alpha_du alpha_pr  ls
 270  5.9687386e+01 1.17e+00 2.11e+12  -1.0 3.83e-01  12.1 3.00e-01 2.67e-02h  1
 271  5.9692119e+01 1.17e+00 2.11e+12  -1.0 5.17e-01  12.5 7.08e-02 2.85e-04h  1
 272r 5.9692119e+01 1.17e+00 9.99e+02   0.3 0.00e+00  13.0 0.00e+00 3.54e-07R  4
 273r 6.0034881e+01 4.73e-01 1.00e+03   0.3 1.61e+03    -  2.10e-03 1.33e-03f  1
 274  6.2055915e+01 4.97e-01 2.55e+03  -1.0 4.25e+00    -  7.16e-02 1.40e-01f  1
 275  6.3645965e+01 4.14e-01 1.24e+14  -1.0 5.42e-01  12.5 1.67e-01 1.10e-01h  1
 276  6.3852656e+01 4.07e-01 1.19e+14  -1.0 5.00e-01  13.8 7.28e-02 1.70e-02h  1
 277  6.3855690e+01 4.07e-01 1.19e+14  -1.0 6.24e-01  14.2 6.25e-02 2.58e-04h  1
 278r 6.3855690e+01 4.07e-01 9.99e+02  -0.0 0.00e+00  14.7 0.00e+00 2.69e-07R  4
 279r 6.4230432e+01 5.93e-01 9.98e+02  -0.0 7.49e+02    -  6.59e-04 1.21e-03f  1
iter    objective    inf_pr   inf_du lg(mu)  ||d||  lg(rg) alpha_du alpha_pr  ls
 280  6.4409329e+01 5.81e-01 1.33e+03  -1.0 2.50e+01    -  2.66e-02 2.07e-02f  1
 281  6.4803175e+01 5.62e-01 1.36e+14  -1.0 2.82e-01  14.2 2.16e-01 3.41e-02h  1
 282  6.4806262e+01 5.61e-01 1.36e+14  -1.0 3.79e-01  14.6 5.23e-02 2.78e-04h  1
 283r 6.4806262e+01 5.61e-01 9.99e+02  -0.2 0.00e+00  15.0 0.00e+00 3.46e-07R  4
 284r 6.5202434e+01 5.85e-01 9.96e+02  -0.2 5.49e+02    -  3.51e-03 1.12e-03f  1
 285  6.5481432e+01 7.10e-01 4.71e+03  -1.0 2.53e+01    -  2.06e-02 3.40e-02f  1
 286  6.5693127e+01 6.96e-01 9.20e+13  -1.0 3.33e-01  14.6 1.69e-01 2.00e-02h  1
 287  6.5695230e+01 6.96e-01 9.19e+13  -1.0 3.35e-01  15.0 7.55e-02 2.03e-04h  1
 288r 6.5695230e+01 6.96e-01 9.99e+02   0.1 0.00e+00  14.5 0.00e+00 2.67e-07R  4
 289r 6.5973340e+01 5.71e-01 1.19e+03   0.1 7.96e+02    -  1.55e-03 1.49e-03f  1
iter    objective    inf_pr   inf_du lg(mu)  ||d||  lg(rg) alpha_du alpha_pr  ls
 290  6.6413678e+01 5.76e-01 4.91e+03  -1.0 2.08e+01    -  2.29e-02 5.18e-02f  1
 291  6.7733626e+01 5.01e-01 1.15e+15  -1.0 2.99e-01  14.0 2.17e-01 1.31e-01h  1
 292  6.7781903e+01 4.99e-01 1.14e+15  -1.0 2.76e-01  15.4 4.15e-02 5.52e-03h  1
 293  6.7782386e+01 4.99e-01 1.14e+15  -1.0 2.74e-01  15.8 1.22e-01 5.56e-05h  1
 294r 6.7782386e+01 4.99e-01 9.99e+02   0.0 0.00e+00  15.3 0.00e+00 2.79e-07R  2
 295r 6.8047642e+01 4.85e-01 1.84e+03   0.0 5.84e+02    -  1.99e-03 1.79e-03f  1
 296r 6.8125427e+01 1.40e+00 6.94e+03   0.0 1.17e+03    -  9.99e-05 6.91e-04f  1
 297r 6.8423560e+01 1.39e+00 6.92e+03   0.0 2.73e+01   0.0 8.71e-03 2.38e-03f  1
 298r 7.0000403e+01 1.36e+00 6.83e+03   0.0 2.36e+01    -  1.25e-02 1.25e-02f  1
 299r 7.1025863e+01 1.29e+00 6.64e+03   0.0 1.07e+00   2.2 1.23e-02 3.01e-02f  1
iter    objective    inf_pr   inf_du lg(mu)  ||d||  lg(rg) alpha_du alpha_pr  ls
 300r 7.1504389e+01 1.14e+00 1.26e+04   0.0 1.33e-01   3.6 4.23e-01 6.78e-02f  1
 301r 7.2112284e+01 4.71e-01 8.73e+03   0.0 5.74e-02   4.0 2.78e-01 3.31e-01f  1
 302r 7.2285747e+01 1.72e-01 5.18e+04   0.0 4.12e-02   4.4 3.00e-01 3.88e-01f  1
 303  7.2731594e+01 1.01e+00 4.61e+02  -1.0 2.07e+00    -  1.22e-01 1.17e-01f  1
 304  7.3513845e+01 6.98e-01 1.15e+16  -1.0 3.49e-01  14.8 5.72e-02 1.65e-01h  1
 305  7.3755292e+01 6.08e-01 2.89e+16  -1.0 3.64e-01  16.2 1.13e-02 5.59e-02h  1
 306  7.3758216e+01 6.07e-01 2.89e+16  -1.0 3.49e-01  16.6 2.91e-02 6.98e-04h  1
 307r 7.3758216e+01 6.07e-01 9.99e+02   0.2 0.00e+00  17.0 0.00e+00 4.36e-07R  5
 308r 7.3874686e+01 1.24e-01 1.00e+03   0.2 1.36e+03    -  3.30e-04 1.14e-03f  1
 309  7.3897617e+01 1.54e-01 2.81e+03  -1.0 1.60e+01    -  2.28e-02 3.47e-02f  1
iter    objective    inf_pr   inf_du lg(mu)  ||d||  lg(rg) alpha_du alpha_pr  ls
 310  7.4420725e+01 1.35e-01 1.30e+17  -1.0 2.66e-01  16.5 5.67e-01 1.25e-01h  1
 311  7.4431525e+01 1.34e-01 1.30e+17  -1.0 2.27e-01  17.9 6.02e-02 2.88e-03h  1
 312  7.4431643e+01 1.34e-01 1.30e+17  -1.0 2.28e-01  17.4 1.05e-01 3.18e-05h  1
 313r 7.4431643e+01 1.34e-01 1.00e+03  -0.3 0.00e+00  17.8 0.00e+00 1.53e-07R  2
 314r 7.4468143e+01 1.25e-01 9.97e+02  -0.3 3.70e+02    -  3.04e-03 1.34e-03f  1
 315r 7.4505234e+01 1.19e-01 9.92e+02  -0.3 7.03e+00   2.0 3.52e-02 4.01e-03f  1
 316r 7.4696364e+01 1.23e-01 1.10e+03  -0.3 2.17e+00   2.4 1.65e-01 3.00e-02f  1
 317r 7.5040967e+01 1.15e-01 1.22e+03  -0.3 1.22e+00   1.9 1.27e-01 4.72e-02f  1
 318r 7.6662676e+01 9.22e-02 1.80e+03  -0.3 2.86e-01   1.5 5.08e-01 1.97e-01f  1
 319r 7.8069638e+01 4.38e-02 3.94e+03  -0.3 5.94e-02   2.8 6.57e-01 7.14e-01f  1
iter    objective    inf_pr   inf_du lg(mu)  ||d||  lg(rg) alpha_du alpha_pr  ls
 320  7.5248643e+01 2.91e-01 1.44e+03  -1.0 1.27e+00    -  1.95e-01 5.69e-01f  1
 321  7.5493063e+01 1.92e-01 4.14e+18  -1.0 1.50e-01  17.3 4.08e-01 3.30e-01h  2
 322  7.5667971e+01 1.72e-01 2.15e+19  -1.0 1.09e-01  18.7 3.03e-01 2.62e-01h  2
 323  7.5711741e+01 1.57e-01 5.90e+19  -1.0 9.98e-02  20.0 4.47e-01 9.72e-02h  1
WARNING: Problem in step computation; switching to emergency mode.
 324r 7.5711741e+01 1.57e-01 9.99e+02  -0.3 0.00e+00  20.0 0.00e+00 0.00e+00R  1
 325r 7.5749811e+01 9.70e-02 9.98e+02  -0.3 4.06e+02    -  1.54e-03 1.15e-03f  1
 326  7.5638668e+01 2.89e-01 5.22e+02  -1.0 4.60e+00    -  3.95e-02 2.33e-02f  2
 327  7.5942939e+01 1.42e-01 2.65e+03  -1.0 9.25e-02   2.0 8.97e-01 5.29e-01f  1
 328  7.6091595e+01 7.59e-02 3.49e+04  -1.0 5.89e-02   3.3 3.65e-01 6.47e-01h  1
 329  7.6145835e+01 1.84e-02 2.86e+05  -1.0 3.39e-02   4.7 6.02e-01 9.86e-01h  1
iter    objective    inf_pr   inf_du lg(mu)  ||d||  lg(rg) alpha_du alpha_pr  ls
 330  7.6143393e+01 4.23e-03 4.97e+05  -1.0 1.60e-02   5.1 5.89e-01 1.00e+00h  1
 331  7.6146873e+01 3.72e-04 1.81e+06  -1.0 1.78e-02   5.5 3.80e-01 1.00e+00f  1
 332  7.6147144e+01 2.13e-04 2.10e+05  -1.0 1.06e-02   5.0 1.00e+00 1.00e+00f  1
 333  7.6147406e+01 9.19e-06 2.28e+04  -1.0 7.10e-03   4.6 1.00e+00 1.00e+00f  1
 334  7.6147353e+01 8.20e-05 2.14e+02  -1.0 9.34e-04   4.1 1.00e+00 1.00e+00f  1
 335  7.6146964e+01 3.23e-03 1.67e+05  -1.0 2.79e-02   3.6 8.02e-01 1.00e+00f  1
 336  7.6147782e+01 8.79e-04 5.51e+03  -1.0 1.41e-02   4.0 1.00e+00 1.00e+00h  1
 337  7.6148105e+01 1.52e-04 4.17e+03  -1.0 6.15e-03   4.5 1.00e+00 1.00e+00h  1
 338  7.6148827e+01 6.87e-05 9.39e+02  -1.0 2.54e-03   4.0 1.00e+00 1.00e+00f  1
 339  7.6149077e+01 9.33e-06 3.04e+02  -1.0 6.24e-04   4.4 1.00e+00 1.00e+00f  1
iter    objective    inf_pr   inf_du lg(mu)  ||d||  lg(rg) alpha_du alpha_pr  ls
 340  7.6149973e+01 7.34e-05 3.19e+02  -1.0 1.04e-03   3.9 1.00e+00 1.00e+00f  1
 341  7.6152474e+01 4.91e-04 1.31e+03  -1.0 5.84e-03   3.4 1.00e+00 1.00e+00f  1
 342  7.6169303e+01 2.45e-03 1.68e+02  -1.0 8.18e-03   3.0 1.00e+00 1.00e+00f  1
 343  7.6176314e+01 2.45e-04 1.08e+02  -1.0 2.72e-03   3.4 1.00e+00 1.00e+00f  1
 344  7.6178953e+01 3.65e-05 2.09e+01  -1.0 1.22e-03   3.8 1.00e+00 1.00e+00f  1
 345  7.6177966e+01 1.37e-06 9.80e+01  -1.7 4.29e-04   4.2 1.00e+00 1.00e+00h  1
 346  7.6174958e+01 1.24e-05 5.45e+01  -1.7 2.26e-04   3.8 1.00e+00 1.00e+00f  1
 347  7.6166060e+01 1.08e-04 1.20e+01  -1.7 1.30e-03   3.3 1.00e+00 1.00e+00f  1
 348  7.6139984e+01 8.96e-04 3.67e+02  -1.7 4.34e-03   2.8 1.00e+00 1.00e+00f  1
 349  7.6065035e+01 6.64e-03 5.78e+02  -1.7 1.13e-02   2.3 1.00e+00 1.00e+00f  1
iter    objective    inf_pr   inf_du lg(mu)  ||d||  lg(rg) alpha_du alpha_pr  ls
 350  7.6036110e+01 8.78e-04 4.67e+02  -1.7 6.34e-03   2.8 1.00e+00 1.00e+00h  1
 351  7.6025586e+01 1.19e-04 8.90e+02  -1.7 7.14e-03   3.2 1.00e+00 1.00e+00h  1
 352  7.6021782e+01 1.64e-05 3.63e+01  -1.7 2.10e-03   3.6 1.00e+00 1.00e+00h  1
 353  7.6010338e+01 1.46e-04 8.34e+01  -1.7 2.25e-03   3.1 1.00e+00 1.00e+00f  1
 354  7.5969682e+01 4.69e-03 1.19e+04  -1.7 1.90e-02   2.7 6.96e-01 1.00e+00f  1
 355  7.5960987e+01 6.87e-04 1.69e+03  -1.7 1.06e-02   3.1 1.00e+00 1.00e+00h  1
 356  7.5916306e+01 2.28e-01 1.22e+05  -1.7 8.77e-02   2.6 2.66e-01 1.00e+00f  1
 357  7.5906981e+01 1.28e-02 1.46e+04  -1.7 5.33e-02   3.0 5.84e-01 1.00e+00h  1
 358  7.5870442e+01 1.58e-03 5.51e+03  -1.7 2.03e-02   2.6 5.89e-01 1.00e+00h  1
 359  7.5855958e+01 2.24e-04 2.42e+02  -1.7 6.82e-03   3.0 1.00e+00 1.00e+00h  1
iter    objective    inf_pr   inf_du lg(mu)  ||d||  lg(rg) alpha_du alpha_pr  ls
 360  7.5850878e+01 1.66e-05 2.76e+01  -1.7 1.76e-03   3.4 1.00e+00 1.00e+00h  1
 361  7.5834757e+01 2.17e-04 3.14e+01  -1.7 3.80e-03   2.9 1.00e+00 1.00e+00f  1
 362  7.5787282e+01 1.73e-03 1.66e+02  -1.7 7.87e-03   2.5 1.00e+00 1.00e+00f  1
 363  7.5713430e+01 4.45e-03 2.20e+04  -1.7 2.99e-02   2.0 1.00e+00 5.61e-01f  1
 364  7.5706806e+01 1.32e-04 1.45e+03  -1.7 5.74e-03   3.3 1.00e+00 1.00e+00f  1
 365  7.5688443e+01 2.27e-04 1.98e+03  -1.7 6.52e-03   2.8 5.79e-01 1.00e+00f  1
 366  7.5681592e+01 3.18e-05 8.77e+01  -1.7 1.21e-03   3.3 1.00e+00 1.00e+00h  1
 367  7.5661438e+01 2.70e-04 5.46e+01  -1.7 2.31e-03   2.8 1.00e+00 1.00e+00f  1
 368  7.5603262e+01 2.12e-03 1.65e+02  -1.7 9.35e-03   2.3 1.00e+00 1.00e+00f  1
 369  7.5600666e+01 5.53e-06 2.07e+02  -1.7 4.13e-03   3.6 1.00e+00 1.00e+00h  1
iter    objective    inf_pr   inf_du lg(mu)  ||d||  lg(rg) alpha_du alpha_pr  ls
 370  7.5592611e+01 3.92e-05 1.58e+02  -1.7 1.01e-03   3.2 1.00e+00 1.00e+00f  1
 371  7.5570765e+01 1.78e-03 1.42e+03  -1.7 2.02e-02   2.7 1.00e+00 1.00e+00f  1
 372  7.5500643e+01 2.59e-03 3.15e+01  -1.7 1.09e-02   2.2 1.00e+00 1.00e+00f  1
 373  7.5314285e+01 1.59e-02 3.97e+01  -1.7 1.70e-02   1.7 1.00e+00 1.00e+00f  1
 374  7.5306875e+01 5.32e-05 2.51e+01  -1.7 1.50e-03   3.1 1.00e+00 1.00e+00h  1
 375  7.5280438e+01 8.61e-04 6.26e+02  -1.7 1.21e-02   2.6 1.00e+00 1.00e+00f  1
 376  7.5209359e+01 1.37e-03 3.28e+02  -1.7 6.84e-03   2.1 1.00e+00 1.00e+00f  1
 377  7.5013026e+01 1.19e-02 1.68e+03  -1.7 2.32e-02   1.6 7.11e-01 1.00e+00f  1
 378  7.4945572e+01 1.28e-03 7.31e+01  -1.7 8.28e-03   2.1 1.00e+00 1.00e+00f  1
 379  7.4943001e+01 4.41e-06 2.29e+02  -1.7 4.08e-03   3.4 1.00e+00 1.00e+00h  1
iter    objective    inf_pr   inf_du lg(mu)  ||d||  lg(rg) alpha_du alpha_pr  ls
 380  7.4933499e+01 2.37e-05 1.02e+02  -1.7 1.06e-03   2.9 1.00e+00 1.00e+00f  1
 381  7.4908320e+01 3.85e-04 1.92e+02  -1.7 6.47e-03   2.4 1.00e+00 1.00e+00f  1
 382  7.4825450e+01 1.53e-03 2.68e+01  -1.7 1.12e-02   1.9 1.00e+00 1.00e+00f  1
 383  7.4598945e+01 8.91e-03 3.79e+01  -1.7 1.81e-02   1.5 1.00e+00 1.00e+00f  1
 384  7.4036089e+01 3.05e-02 1.13e+01  -1.7 3.84e-02   1.0 1.00e+00 1.00e+00f  1
 385  7.3987348e+01 2.28e-02 3.15e+04  -1.7 6.70e-02   1.4 6.57e-01 2.57e-01f  1
 386  7.3964959e+01 2.19e-02 2.84e+04  -1.7 6.99e-01   0.9 8.76e-02 4.25e-02f  1
 387  7.3747602e+01 3.46e-03 2.00e+04  -1.7 3.76e-02   1.4 1.00e+00 1.00e+00f  1
 388  7.3740348e+01 3.30e-04 5.93e+03  -1.7 1.02e-02   2.7 1.00e+00 1.00e+00h  1
 389  7.3738167e+01 2.92e-04 1.93e+04  -1.7 1.20e-02   3.1 6.81e-01 1.00e+00h  1
iter    objective    inf_pr   inf_du lg(mu)  ||d||  lg(rg) alpha_du alpha_pr  ls
 390  7.3737904e+01 5.77e-06 1.21e+04  -1.7 1.69e-02   4.5 4.39e-02 1.00e+00f  1
 391  7.3737400e+01 1.78e-08 1.64e+02  -1.7 3.90e-04   4.0 1.00e+00 1.00e+00h  1
 392  7.3736028e+01 1.45e-06 3.32e+01  -1.7 5.60e-04   3.5 1.00e+00 1.00e+00f  1
 393  7.3732171e+01 4.33e-05 5.78e+01  -1.7 3.05e-03   3.0 1.00e+00 1.00e+00f  1
 394  7.3730419e+01 9.31e-07 4.98e+01  -1.7 1.59e-03   3.4 1.00e+00 1.00e+00h  1
 395  7.3725600e+01 1.04e-05 7.59e+01  -1.7 1.68e-03   3.0 1.00e+00 1.00e+00f  1
 396  7.3711268e+01 2.61e-04 3.81e+02  -1.7 7.39e-03   2.5 1.00e+00 1.00e+00f  1
 397  7.3666230e+01 1.21e-04 1.81e+01  -1.7 1.05e-02   2.0 1.00e+00 1.00e+00f  1
 398  7.3534982e+01 9.02e-04 3.63e+01  -1.7 1.97e-02   1.5 1.00e+00 1.00e+00f  1
 399  7.3486593e+01 1.14e-04 2.08e+00  -1.7 8.16e-03   2.0 1.00e+00 1.00e+00f  1
iter    objective    inf_pr   inf_du lg(mu)  ||d||  lg(rg) alpha_du alpha_pr  ls
 400  7.3347257e+01 9.48e-04 1.00e+02  -1.7 1.80e-02   1.5 1.00e+00 1.00e+00f  1
 401  7.3342027e+01 3.38e-04 5.13e+02  -1.7 8.49e-03   2.8 1.00e+00 1.00e+00h  1
 402  7.3322399e+01 3.35e-05 5.06e+01  -1.7 7.80e-03   2.3 1.00e+00 1.00e+00f  1
 403  7.3325243e+01 3.12e-03 7.72e+03  -1.7 4.01e-01   1.9 1.18e-01 9.14e-02f  1
 404  7.3147781e+01 1.10e-03 3.52e+02  -1.7 1.92e-02   1.4 1.00e+00 1.00e+00f  1
 405  7.3141739e+01 1.16e-03 6.43e+04  -1.7 1.93e-01   1.8 1.00e+00 4.00e-02h  2
 406  7.3140681e+01 1.18e-03 4.64e+05  -1.7 8.96e-02   3.1 1.00e+00 1.09e-02h  5
 407  7.3143882e+01 2.41e-03 2.20e+05  -1.7 4.12e-02   2.7 2.65e-01 1.68e-01h  2
 408  7.3103362e+01 1.43e-03 8.57e+02  -1.7 8.66e-03   2.2 1.00e+00 1.00e+00h  1
 409  7.3114911e+01 2.67e-03 3.89e+05  -1.7 2.71e-02   4.4 8.94e-02 1.00e+00f  1
iter    objective    inf_pr   inf_du lg(mu)  ||d||  lg(rg) alpha_du alpha_pr  ls
 410  7.3112992e+01 2.47e-04 6.96e+04  -1.7 3.14e-02   3.9 7.11e-01 1.00e+00h  1
 411  7.3111589e+01 1.42e-06 2.29e+03  -1.7 3.37e-03   3.5 1.00e+00 1.00e+00h  1
 412  7.3107593e+01 6.43e-07 2.08e+01  -1.7 8.68e-04   3.0 1.00e+00 1.00e+00f  1
 413  7.3095680e+01 5.63e-06 8.04e-01  -1.7 2.49e-03   2.5 1.00e+00 1.00e+00f  1
 414  7.2983828e+01 1.97e-04 2.08e+00  -2.5 1.28e-03   2.0 1.00e+00 1.00e+00f  1
 415  7.2656114e+01 1.56e-03 1.36e-01  -2.5 3.78e-03   1.6 1.00e+00 1.00e+00f  1
 416  7.1755893e+01 9.52e-03 6.73e-01  -2.5 1.10e-02   1.1 1.00e+00 1.00e+00f  1
 417  6.9583533e+01 3.50e-02 4.16e+00  -2.5 3.66e-02   0.6 1.00e+00 1.00e+00f  1
 418  6.8860249e+01 3.00e-03 1.06e+01  -2.5 1.94e-02   1.0 1.00e+00 1.00e+00h  1
 419  6.8586152e+01 2.14e-03 8.18e+01  -2.5 1.15e-02   1.5 1.00e+00 1.00e+00h  1
iter    objective    inf_pr   inf_du lg(mu)  ||d||  lg(rg) alpha_du alpha_pr  ls
 420  6.7861791e+01 2.23e-03 2.33e+00  -2.5 2.37e-02   1.0 1.00e+00 1.00e+00f  1
 421  6.6072178e+01 1.10e-02 1.58e+01  -2.5 4.02e-02   0.5 1.00e+00 1.00e+00f  1
 422  6.5472133e+01 1.38e-03 2.44e+00  -2.5 1.89e-02   0.9 1.00e+00 1.00e+00h  1
 423  6.5278537e+01 8.58e-02 3.57e+03  -2.5 3.30e+00   0.4 2.16e-01 7.32e-02f  1
 424  6.4943029e+01 7.30e-02 3.59e+03  -2.5 4.32e-01  -0.0 2.94e-02 9.61e-02h  1
 425  6.2994117e+01 6.34e-02 1.55e+03  -2.5 6.51e-01  -0.5 4.88e-01 2.92e-01f  1
 426  6.3005763e+01 2.13e-02 4.36e+03  -2.5 4.42e-02   1.7 3.35e-01 1.00e+00h  1
 427  6.2971571e+01 3.81e-02 4.24e+03  -2.5 1.25e-01   1.2 5.99e-01 2.89e-01h  1
 428  6.2329618e+01 6.49e-02 1.62e+03  -2.5 7.52e-02   0.8 6.13e-01 1.00e+00h  1
 429  6.2333615e+01 2.48e-02 1.21e+03  -2.5 3.61e-02   2.1 1.00e+00 1.00e+00h  1
iter    objective    inf_pr   inf_du lg(mu)  ||d||  lg(rg) alpha_du alpha_pr  ls
 430  6.2303375e+01 2.89e-02 4.30e+03  -2.5 1.56e-01   1.6 6.02e-01 1.38e-01h  1
 431  6.2323351e+01 5.16e-02 2.37e+03  -2.5 8.58e-02   2.0 4.52e-01 5.00e-01h  2
 432  6.2159417e+01 6.88e-02 7.13e+03  -2.5 7.58e-02   1.6 1.00e+00 1.00e+00h  1
 433  6.1928648e+01 5.45e-02 4.97e+03  -2.5 1.86e-01   1.1 1.00e+00 6.60e-01h  1
 434  6.1787401e+01 1.65e-01 1.90e+04  -2.5 5.69e+00   1.5 6.72e-02 2.29e-02h  1
 435  6.1830161e+01 1.17e-01 1.19e+05  -2.5 1.71e-01   2.9 1.21e-02 5.00e-01h  2
 436  6.1802730e+01 1.25e-01 1.61e+05  -2.5 9.22e-02   3.3 7.51e-01 1.00e+00h  1
 437  6.1853967e+01 5.53e-02 1.90e+05  -2.5 1.22e-01   2.8 7.13e-01 9.94e-01h  1
 438  6.1835407e+01 5.62e-02 1.84e+05  -2.5 1.26e+00   2.3 5.08e-01 2.38e-02h  1
 439  6.1833917e+01 5.60e-02 1.83e+05  -2.5 5.38e-01   2.7 1.00e+00 3.72e-03h  1
iter    objective    inf_pr   inf_du lg(mu)  ||d||  lg(rg) alpha_du alpha_pr  ls
 440  6.1788716e+01 7.06e-02 3.75e+05  -2.5 2.54e-01   3.2 1.00e+00 2.27e-01h  2
 441  6.1782389e+01 7.33e-02 6.24e+05  -2.5 4.75e-01   3.6 3.05e-01 1.52e-01h  3
 442  6.1765577e+01 7.47e-02 2.97e+05  -2.5 4.74e-01   4.0 1.00e+00 6.18e-02h  2
 443  6.1768473e+01 7.48e-02 5.29e+05  -2.5 1.37e+00   5.4 2.60e-02 5.09e-03h  7
 444  6.1759187e+01 7.78e-02 1.79e+06  -2.5 2.58e+00   4.9 2.36e-01 8.23e-03h  2
 445  6.1749339e+01 8.37e-02 6.39e+06  -2.5 9.83e-01   4.4 2.02e-01 8.80e-02h  3
 446  6.1748026e+01 8.25e-02 6.27e+06  -2.5 2.70e-01   5.7 2.50e-01 1.62e-02h  3
 447  6.1747982e+01 8.25e-02 6.27e+06  -2.5 3.95e-01   5.3 1.00e+00 2.21e-04h  5
 448  6.1735041e+01 8.26e-02 6.21e+06  -2.5 1.32e+01   4.8 1.60e-02 9.03e-04h  3
 449  6.1733038e+01 8.18e-02 5.91e+06  -2.5 4.66e-01   5.2 8.99e-01 1.13e-02h  2
iter    objective    inf_pr   inf_du lg(mu)  ||d||  lg(rg) alpha_du alpha_pr  ls
 450  6.1726207e+01 8.14e-02 5.24e+06  -2.5 1.16e+00   4.7 3.38e-01 9.61e-03w  1
 451  6.1670576e+01 1.07e-01 1.65e+08  -2.5 1.02e+00   5.2 1.00e+00 1.12e-01w  1
 452  6.1589721e+01 1.03e-01 2.92e+08  -2.5 2.88e-01   4.7 3.69e-01 1.00e+00w  1
 453  6.1729619e+01 8.15e-02 5.73e+06  -2.5 3.80e-01   5.1 3.38e-01 4.81e-03h  1
 454  6.1700075e+01 8.20e-02 2.16e+06  -2.5 2.00e+00   4.6 8.91e-01 2.70e-02h  3
 455  6.1702461e+01 8.19e-02 3.32e+06  -2.5 3.96e+00   6.0 3.25e-02 1.76e-03h  8
 456  6.1715604e+01 8.67e-02 1.64e+08  -2.5 1.63e+00   6.4 1.32e-03 1.85e-02h  5
 457  6.1721728e+01 8.48e-02 3.45e+08  -2.5 7.11e-01   5.9 1.21e-01 1.89e-01h  3
 458  6.1784279e+01 1.04e-01 9.33e+08  -2.5 6.21e-01   6.3 1.31e-04 2.24e-01f  3
 459  6.1790824e+01 4.64e-02 2.70e+08  -2.5 5.60e-01   6.8 1.55e-03 1.00e+00f  1
iter    objective    inf_pr   inf_du lg(mu)  ||d||  lg(rg) alpha_du alpha_pr  ls
 460  6.1798209e+01 2.14e-02 1.44e+08  -2.5 4.12e-02   7.2 1.00e+00 1.00e+00h  1
 461  6.1812819e+01 1.18e-02 1.76e+09  -2.5 1.54e-01   7.6 1.00e+00 1.00e+00h  1
 462  6.1816799e+01 3.01e-03 2.81e+08  -2.5 3.02e-02   8.0 1.00e+00 1.00e+00h  1
 463  6.1817806e+01 3.40e-05 2.81e+07  -2.5 2.87e-02   7.6 1.00e+00 1.00e+00h  1
 464  6.1817810e+01 3.91e-10 3.74e+04  -2.5 9.76e-05   7.1 1.00e+00 1.00e+00h  1
 465  6.1817809e+01 9.96e-15 4.20e-01  -2.5 1.06e-07   6.6 1.00e+00 1.00e+00h  1
 466  6.1817807e+01 7.46e-14 4.20e-01  -2.5 3.18e-07   6.1 1.00e+00 1.00e+00h  1
 467  6.1817800e+01 6.83e-13 4.20e-01  -2.5 9.53e-07   5.6 1.00e+00 1.00e+00f  1
 468  6.1817779e+01 6.14e-12 4.20e-01  -2.5 2.86e-06   5.2 1.00e+00 1.00e+00f  1
 469  6.1817717e+01 5.52e-11 4.19e-01  -2.5 8.56e-06   4.7 1.00e+00 1.00e+00f  1
iter    objective    inf_pr   inf_du lg(mu)  ||d||  lg(rg) alpha_du alpha_pr  ls
 470  6.1817532e+01 4.95e-10 4.17e-01  -2.5 2.56e-05   4.2 1.00e+00 1.00e+00f  1
 471  6.1816974e+01 4.42e-09 4.11e-01  -2.5 7.56e-05   3.7 1.00e+00 1.00e+00f  1
 472  6.1815304e+01 3.89e-08 3.95e-01  -2.5 2.18e-04   3.3 1.00e+00 1.00e+00f  1
 473  6.1810303e+01 3.27e-07 3.56e-01  -2.5 5.89e-04   2.8 1.00e+00 1.00e+00f  1
 474  6.1795386e+01 2.42e-06 2.82e-01  -2.5 1.40e-03   2.3 1.00e+00 1.00e+00f  1
 475  6.1751286e+01 1.35e-05 2.78e-01  -2.5 2.84e-03   1.8 1.00e+00 1.00e+00f  1
 476  6.1623361e+01 4.92e-05 9.04e-01  -2.5 6.21e-03   1.3 1.00e+00 1.00e+00f  1
 477  6.1576522e+01 7.62e-06 2.06e-01  -2.5 2.36e-03   1.8 1.00e+00 1.00e+00h  1
 478  6.1440431e+01 3.54e-04 6.83e+00  -2.5 6.08e-03   1.3 1.00e+00 1.00e+00f  1
 479  6.1388476e+01 8.50e-05 1.54e+01  -2.5 2.83e-03   1.7 1.00e+00 1.00e+00h  1
iter    objective    inf_pr   inf_du lg(mu)  ||d||  lg(rg) alpha_du alpha_pr  ls
 480  6.1369478e+01 1.05e-06 3.19e-01  -2.5 1.78e-03   2.2 1.00e+00 1.00e+00h  1
 481  6.1313357e+01 1.80e-05 3.07e+00  -2.5 2.41e-03   1.7 1.00e+00 1.00e+00f  1
 482  6.1292584e+01 9.16e-06 6.31e+00  -2.5 1.41e-03   2.1 1.00e+00 1.00e+00h  1
 483  6.1230850e+01 4.07e-05 5.45e-01  -2.5 2.99e-03   1.6 1.00e+00 1.00e+00f  1
 484  6.1051614e+01 1.07e-04 9.32e+00  -2.5 9.99e-03   1.1 1.00e+00 1.00e+00f  1
 485  6.0985427e+01 1.68e-05 9.29e-01  -2.5 3.76e-03   1.6 1.00e+00 1.00e+00h  1
 486  6.0961073e+01 1.27e-05 1.89e-01  -2.5 1.13e-03   2.0 1.00e+00 1.00e+00h  1
 487  6.0952043e+01 3.89e-06 1.77e+00  -2.5 4.26e-04   2.4 1.00e+00 1.00e+00h  1
 488  6.0925044e+01 3.07e-05 1.47e+00  -2.5 1.24e-03   1.9 1.00e+00 1.00e+00f  1
 489  6.0845668e+01 3.38e-04 2.93e+01  -2.5 6.77e-03   1.5 1.00e+00 1.00e+00f  1
iter    objective    inf_pr   inf_du lg(mu)  ||d||  lg(rg) alpha_du alpha_pr  ls
 490  6.0611987e+01 1.44e-04 1.33e+00  -2.5 1.02e-02   1.0 1.00e+00 1.00e+00f  1
 491  6.0527187e+01 2.65e-05 1.20e+00  -2.5 3.38e-03   1.4 1.00e+00 1.00e+00h  1
 492  6.0496048e+01 3.00e-05 2.63e-01  -2.5 1.22e-03   1.8 1.00e+00 1.00e+00h  1
 493  6.0484550e+01 9.80e-06 5.71e+00  -2.5 8.31e-04   2.3 1.00e+00 1.00e+00h  1
 494  6.0449749e+01 1.91e-05 3.06e+00  -2.5 1.33e-03   1.8 1.00e+00 1.00e+00f  1
 495  6.0350182e+01 2.07e-03 2.47e+02  -2.5 2.68e-02   1.3 1.00e+00 1.00e+00f  1
 496  6.0309774e+01 7.56e-04 1.16e+02  -2.5 1.21e-02   1.7 1.00e+00 1.00e+00h  1
 497  6.0294434e+01 4.25e-04 2.62e+02  -2.5 9.07e-03   2.2 9.93e-01 1.00e+00h  1
 498  6.0252586e+01 3.12e-05 2.51e+01  -2.5 1.46e-02   1.7 1.00e+00 1.00e+00h  1
 499  6.0128827e+01 1.04e-04 1.48e+01  -2.5 6.42e-03   1.2 1.00e+00 1.00e+00f  1
iter    objective    inf_pr   inf_du lg(mu)  ||d||  lg(rg) alpha_du alpha_pr  ls
 500  6.0083232e+01 1.32e-04 7.76e+00  -2.5 5.05e-03   1.6 1.00e+00 1.00e+00h  1
 501  5.9949399e+01 2.18e-04 5.72e+01  -2.5 1.95e-02   1.2 1.00e+00 1.00e+00f  1
 502  5.9899218e+01 7.95e-06 3.03e+00  -2.5 4.00e-03   1.6 1.00e+00 1.00e+00h  1
 503  5.9754889e+01 1.71e-04 2.52e+01  -2.5 1.25e-02   1.1 1.00e+00 1.00e+00f  1
 504  5.9747404e+01 3.48e-05 1.50e+02  -2.5 6.86e-03   2.4 1.00e+00 1.00e+00h  1
 505  5.9727206e+01 1.34e-06 1.68e+01  -2.5 1.63e-03   2.0 1.00e+00 1.00e+00h  1
 506  5.9668002e+01 7.14e-05 1.80e+01  -2.5 4.04e-03   1.5 1.00e+00 1.00e+00f  1
 507  5.9645642e+01 1.64e-06 1.35e+00  -2.5 3.83e-03   1.9 1.00e+00 1.00e+00h  1
 508  5.9579912e+01 2.24e-05 1.09e+01  -2.5 3.71e-03   1.4 1.00e+00 1.00e+00f  1
 509  5.9555467e+01 4.23e-06 1.18e+00  -2.5 2.54e-03   1.9 1.00e+00 1.00e+00h  1
iter    objective    inf_pr   inf_du lg(mu)  ||d||  lg(rg) alpha_du alpha_pr  ls
 510  5.9483962e+01 1.66e-04 7.33e+00  -2.5 5.47e-03   1.4 1.00e+00 1.00e+00f  1
 511  5.9456884e+01 3.15e-06 4.38e-01  -2.5 4.57e-03   1.8 1.00e+00 1.00e+00h  1
 512  5.9377392e+01 3.47e-05 8.68e+00  -2.5 5.64e-03   1.3 1.00e+00 1.00e+00f  1
 513  5.9348605e+01 6.98e-05 1.90e+00  -2.5 2.16e-03   1.8 1.00e+00 1.00e+00h  1
 514  5.9337727e+01 2.72e-06 5.57e+00  -2.5 2.17e-03   2.2 1.00e+00 1.00e+00h  1
 515  5.9304979e+01 7.79e-06 6.59e+00  -2.5 2.26e-03   1.7 1.00e+00 1.00e+00f  1
 516  5.9210290e+01 4.77e-04 3.52e+01  -2.5 1.22e-02   1.2 1.00e+00 1.00e+00f  1
 517  5.9171233e+01 4.50e-04 2.82e+01  -2.5 5.06e-03   1.7 1.00e+00 1.00e+00h  1
 518  5.9159912e+01 3.68e-04 8.45e+01  -2.5 4.55e-03   2.1 1.00e+00 1.00e+00h  1
 519  5.9119301e+01 1.67e-05 2.80e+00  -2.5 8.66e-03   1.6 1.00e+00 1.00e+00h  1
iter    objective    inf_pr   inf_du lg(mu)  ||d||  lg(rg) alpha_du alpha_pr  ls
 520  5.9001135e+01 5.97e-05 1.34e+01  -2.5 6.69e-03   1.1 1.00e+00 1.00e+00f  1
 521  5.8671396e+01 2.13e-03 6.00e+01  -2.5 3.61e-02   0.7 1.00e+00 1.00e+00f  1
 522  5.8543239e+01 8.07e-04 7.45e+00  -2.5 8.62e-03   1.1 1.00e+00 1.00e+00h  1
 523  5.8500362e+01 3.15e-05 1.14e+01  -2.5 8.78e-03   1.5 1.00e+00 1.00e+00h  1
 524  5.8370712e+01 6.54e-05 7.38e+00  -2.5 7.96e-03   1.0 1.00e+00 1.00e+00f  1
 525  5.8364971e+01 1.08e-05 2.03e+01  -2.5 2.16e-03   2.4 1.00e+00 1.00e+00h  1
 526  5.8346788e+01 3.80e-06 9.52e+00  -2.5 9.00e-04   1.9 1.00e+00 1.00e+00h  1
 527  5.8294710e+01 4.02e-04 1.41e+01  -2.5 8.15e-03   1.4 1.00e+00 1.00e+00f  1
 528  5.8291416e+01 6.49e-05 7.86e+01  -2.5 3.32e-03   2.7 1.00e+00 1.00e+00h  1
 529  5.8283772e+01 5.48e-07 1.73e+01  -2.5 1.54e-03   2.3 1.00e+00 1.00e+00h  1
iter    objective    inf_pr   inf_du lg(mu)  ||d||  lg(rg) alpha_du alpha_pr  ls
 530  5.8262368e+01 2.29e-04 3.86e+01  -2.5 8.00e-03   1.8 1.00e+00 1.00e+00f  1
 531  5.8195282e+01 2.23e-05 1.74e+00  -2.5 9.56e-03   1.3 1.00e+00 1.00e+00h  1
 532  5.8170550e+01 2.93e-06 8.37e-01  -2.5 3.01e-03   1.7 1.00e+00 1.00e+00h  1
 533  5.8098142e+01 1.42e-04 1.16e+01  -2.5 7.45e-03   1.2 1.00e+00 1.00e+00f  1
 534  5.8094452e+01 6.49e-06 4.52e+01  -2.5 4.58e-03   2.6 1.00e+00 1.00e+00h  1
 535  5.8084220e+01 4.11e-07 1.12e+01  -2.5 1.06e-03   2.1 1.00e+00 1.00e+00h  1
 536  5.8055378e+01 2.65e-04 2.41e-01  -2.5 4.08e-03   1.6 1.00e+00 1.00e+00f  1
 537  5.7965022e+01 3.05e-05 1.69e+00  -2.5 1.01e-02   1.1 1.00e+00 1.00e+00h  1
 538  5.7710594e+01 3.99e-03 9.29e+01  -2.5 4.82e-02   0.7 1.00e+00 1.00e+00f  1
 539  5.7611354e+01 4.06e-03 2.00e+03  -2.5 2.43e-01   0.2 1.00e+00 1.40e-01h  1
iter    objective    inf_pr   inf_du lg(mu)  ||d||  lg(rg) alpha_du alpha_pr  ls
 540  5.7331309e+01 7.59e-03 4.69e+02  -2.5 2.17e-02   0.6 1.00e+00 1.00e+00h  1
 541  5.7323987e+01 2.72e-03 1.90e+02  -2.5 1.16e-02   1.9 1.00e+00 1.00e+00h  1
 542  5.7339142e+01 3.66e-02 2.16e+04  -2.5 6.37e-02   2.4 6.45e-02 1.00e+00h  1
 543  5.7314982e+01 9.77e-03 6.28e+03  -2.5 9.23e-02   1.9 8.35e-01 1.00e+00h  1
 544  5.7273894e+01 3.30e-04 4.82e+02  -2.5 3.60e-02   1.4 1.00e+00 1.00e+00h  1
 545  5.7258757e+01 2.67e-05 7.19e+00  -2.5 1.45e-03   1.8 1.00e+00 1.00e+00h  1
 546  5.7253388e+01 1.50e-05 8.50e+00  -2.5 1.02e-03   2.3 1.00e+00 1.00e+00h  1
 547  5.7236648e+01 3.56e-05 9.56e-01  -2.5 1.68e-03   1.8 1.00e+00 1.00e+00h  1
 548  5.7185963e+01 8.58e-05 4.00e+00  -2.5 6.70e-03   1.3 1.00e+00 1.00e+00f  1
 549  5.7036582e+01 1.05e-04 2.81e+00  -2.5 1.28e-02   0.8 1.00e+00 1.00e+00f  1
iter    objective    inf_pr   inf_du lg(mu)  ||d||  lg(rg) alpha_du alpha_pr  ls
 550  5.6984327e+01 1.67e-03 7.73e+01  -2.5 1.54e-02   1.3 1.00e+00 1.00e+00h  1
 551  5.6865245e+01 2.45e-03 4.13e+02  -2.5 5.86e-02   0.8 1.00e+00 7.04e-01h  1
 552  5.6345851e+01 6.84e-02 1.17e+04  -2.5 2.89e-01   0.3 4.33e-01 1.00e+00f  1
 553  5.6337451e+01 1.51e-02 7.09e+03  -2.5 3.74e-02   1.6 1.00e+00 1.00e+00h  1
 554  5.6317438e+01 8.07e-03 5.13e+02  -2.5 3.56e-02   2.1 6.45e-01 1.00e+00h  1
 555  5.6314711e+01 8.08e-03 2.23e+03  -2.5 2.73e-01   1.6 2.82e-01 4.13e-02h  2
 556  5.6310797e+01 8.12e-03 1.91e+03  -2.5 2.24e-01   2.0 7.90e-01 2.93e-02h  4
 557  5.6332845e+01 1.51e+00 4.93e+05  -2.5 2.03e-01   3.3 1.41e-01 4.95e-01h  1
 558  5.6332280e+01 1.31e+00 4.62e+05  -2.5 1.25e-01   3.8 4.30e-01 8.16e-02h  2
 559  5.6330694e+01 1.07e+00 4.18e+05  -2.5 9.67e-02   3.3 1.66e-02 1.06e-01h  1
iter    objective    inf_pr   inf_du lg(mu)  ||d||  lg(rg) alpha_du alpha_pr  ls
 560  5.6330687e+01 1.06e+00 4.18e+05  -2.5 5.98e-02   3.7 1.84e-01 4.86e-04h  2
 561  5.6331078e+01 9.50e-01 3.97e+05  -2.5 7.25e-02   3.2 5.90e-03 5.76e-02h  2
 562  5.6329413e+01 6.96e-01 3.57e+05  -2.5 7.64e-02   3.7 1.00e+00 1.38e-01h  2
 563  5.6313562e+01 5.16e-02 1.69e+05  -2.5 5.13e-02   3.2 2.81e-01 1.00e+00h  1
 564  5.6310186e+01 4.32e-02 1.37e+05  -2.5 1.55e-01   2.7 9.26e-01 1.73e-01h  2
 565  5.6306666e+01 3.94e-02 1.24e+05  -2.5 1.45e-01   2.2 1.00e+00 9.31e-02h  2
 566  5.6305626e+01 3.76e-02 1.18e+05  -2.5 1.40e-01   2.7 1.00e+00 4.83e-02h  2
 567  5.6304626e+01 3.67e-02 1.15e+05  -2.5 1.49e-01   2.2 1.00e+00 2.27e-02h  2
 568  5.6306041e+01 3.57e-02 1.11e+05  -2.5 1.29e-01   2.6 5.77e-03 2.82e-02h  2
 569  5.6283618e+01 1.17e-02 2.05e+04  -2.5 6.72e-02   2.1 5.19e-02 1.00e+00h  1
iter    objective    inf_pr   inf_du lg(mu)  ||d||  lg(rg) alpha_du alpha_pr  ls
 570  5.6285404e+01 9.32e-03 1.07e+04  -2.5 2.58e-02   3.5 6.24e-01 4.81e-01h  1
 571  5.6276780e+01 9.45e-03 3.12e+04  -2.5 9.22e-02   3.0 1.00e+00 1.64e-01h  3
 572  5.6270832e+01 9.59e-03 7.03e+04  -2.5 3.54e-01   3.4 2.11e-01 5.33e-02h  2
 573  5.6269434e+01 9.53e-03 6.43e+04  -2.5 2.32e-01   3.8 1.00e+00 9.79e-03h  5
 574  5.6269323e+01 9.52e-03 6.41e+04  -2.5 2.22e-01   4.3 1.00e+00 9.55e-04h  9
 575  5.6269310e+01 9.51e-03 6.41e+04  -2.5 1.23e-01   4.7 1.00e+00 2.84e-04h 11
 576  5.6269301e+01 9.51e-03 2.55e+05  -2.5 3.12e-01   4.2 1.00e+00 4.83e-05h 13
 577  5.6269299e+01 9.51e-03 8.03e+05  -2.5 1.35e-01   4.6 1.00e+00 3.41e-05h 14
 578  5.6266865e+01 9.51e-03 2.79e+06  -2.5 3.75e-01   4.2 6.73e-01 1.12e-02h  5
 579  5.6266768e+01 9.50e-03 6.73e+06  -2.5 3.77e-01   5.5 1.24e-01 2.20e-03h  6
iter    objective    inf_pr   inf_du lg(mu)  ||d||  lg(rg) alpha_du alpha_pr  ls
 580  5.6266876e+01 9.50e-03 8.77e+05  -2.5 5.65e-01   5.0 4.35e-02 1.22e-03h  1
 581  5.6267071e+01 9.49e-03 8.96e+05  -2.5 4.33e-01   5.4 5.91e-03 2.93e-03h  6
 582  5.6325931e+01 3.60e-02 7.31e+07  -2.5 2.90e-01   5.0 4.13e-05 3.12e-01f  2
 583  5.6320931e+01 4.37e-03 1.78e+07  -2.5 1.71e-01   5.4 7.08e-04 1.00e+00f  1
 584  5.6320174e+01 1.24e-04 1.96e+06  -2.5 1.00e-02   5.8 9.70e-01 1.00e+00h  1
 585  5.6320171e+01 1.74e-06 2.96e+04  -2.5 7.45e-04   5.3 1.00e+00 1.00e+00h  1
 586  5.6320162e+01 2.20e-09 9.38e+01  -2.5 2.06e-05   4.9 1.00e+00 1.00e+00h  1
 587  5.6320128e+01 6.99e-12 6.11e-02  -2.5 2.54e-06   4.4 1.00e+00 1.00e+00h  1
 588  5.6320027e+01 6.29e-11 6.11e-02  -2.5 7.62e-06   3.9 1.00e+00 1.00e+00f  1
 589  5.6319722e+01 5.66e-10 6.11e-02  -2.5 2.29e-05   3.4 1.00e+00 1.00e+00f  1
iter    objective    inf_pr   inf_du lg(mu)  ||d||  lg(rg) alpha_du alpha_pr  ls
 590  5.6318809e+01 5.09e-09 6.11e-02  -2.5 6.85e-05   2.9 1.00e+00 1.00e+00f  1
 591  5.6316072e+01 4.58e-08 6.09e-02  -2.5 2.05e-04   2.5 1.00e+00 1.00e+00f  1
 592  5.6307876e+01 4.43e-07 6.05e-02  -2.5 6.11e-04   2.0 1.00e+00 1.00e+00f  1
 593  5.6283483e+01 1.05e-05 1.03e+00  -2.5 2.31e-03   1.5 1.00e+00 1.00e+00f  1
 594  5.6274556e+01 8.96e-06 3.36e-01  -2.5 9.62e-04   1.9 1.00e+00 1.00e+00h  1
 595  5.6271303e+01 3.45e-06 9.98e-01  -2.5 5.16e-04   2.4 1.00e+00 1.00e+00h  1
 596  5.6261931e+01 7.88e-05 3.79e+00  -2.5 2.47e-03   1.9 1.00e+00 1.00e+00h  1
 597  5.6242084e+01 8.13e-03 8.78e+02  -2.5 4.50e-02   1.4 7.57e-01 1.00e+00h  1
 598  5.6144949e+01 1.33e-03 1.52e+02  -2.5 4.40e-02   0.9 1.00e+00 1.00e+00h  1
 599  5.6113688e+01 4.51e-03 1.17e+02  -2.5 1.70e-02   1.4 1.00e+00 1.00e+00h  1
iter    objective    inf_pr   inf_du lg(mu)  ||d||  lg(rg) alpha_du alpha_pr  ls
 600  5.6005319e+01 2.25e-03 4.67e+01  -2.5 2.00e-02   0.9 1.00e+00 1.00e+00h  1
 601  5.5997367e+01 1.93e-03 8.48e+02  -2.5 1.13e-02   2.2 1.00e+00 1.00e+00h  1
 602  5.5984912e+01 2.55e-04 1.34e+02  -2.5 2.42e-02   1.7 1.00e+00 1.00e+00h  1
 603  5.5944617e+01 1.52e-03 9.30e+01  -2.5 1.68e-02   1.3 1.00e+00 1.00e+00h  1
 604  5.5813058e+01 1.53e-03 1.13e+01  -2.5 2.04e-02   0.8 1.00e+00 1.00e+00h  1
 605  5.5775696e+01 2.46e-03 2.28e+01  -2.5 1.23e-02   1.2 1.00e+00 1.00e+00h  1
 606  5.5615031e+01 3.93e-02 6.55e+02  -2.5 7.72e-02   0.7 1.00e+00 9.49e-01h  1
 607  5.5622810e+01 7.49e-03 3.92e+02  -2.5 1.56e-02   2.1 1.00e+00 1.00e+00h  1
 608  5.5618969e+01 4.24e-03 1.14e+03  -2.5 1.64e-02   1.6 6.25e-01 1.00e+00h  1
 609  5.5625421e+01 3.90e-03 5.20e+02  -2.5 1.99e-02   2.0 1.00e+00 1.00e+00h  1
iter    objective    inf_pr   inf_du lg(mu)  ||d||  lg(rg) alpha_du alpha_pr  ls
 610  5.5602849e+01 5.47e-04 2.74e+01  -2.5 3.85e-02   1.5 1.00e+00 1.00e+00h  1
 611  5.5595655e+01 2.29e-05 9.96e+00  -2.5 6.83e-03   2.0 1.00e+00 1.00e+00h  1
 612  5.5574935e+01 3.58e-04 1.71e+01  -2.5 5.72e-03   1.5 1.00e+00 1.00e+00h  1
 613  5.5505811e+01 1.33e-04 5.39e-01  -2.5 1.16e-02   1.0 1.00e+00 1.00e+00h  1
 614  5.5309010e+01 1.01e-03 7.34e+00  -2.5 2.28e-02   0.5 1.00e+00 1.00e+00f  1
 615  5.5303171e+01 9.39e-05 1.02e+01  -2.5 2.56e-03   1.9 1.00e+00 1.00e+00h  1
 616  5.5282193e+01 2.50e-03 5.16e+01  -2.5 1.45e-02   1.4 1.00e+00 1.00e+00h  1
 617  5.5202256e+01 8.29e-04 1.57e+01  -2.5 1.40e-02   0.9 1.00e+00 1.00e+00h  1
 618  5.4977490e+01 3.46e-04 6.73e+00  -2.5 3.16e-02   0.4 1.00e+00 1.00e+00f  1
 619  5.4401440e+01 2.77e-03 5.51e+00  -2.5 4.64e-02  -0.0 1.00e+00 1.00e+00f  1
iter    objective    inf_pr   inf_du lg(mu)  ||d||  lg(rg) alpha_du alpha_pr  ls
 620  5.4374412e+01 3.09e-04 2.19e+01  -2.5 6.49e-03   1.3 1.00e+00 1.00e+00h  1
 621  5.4364674e+01 2.81e-05 7.29e+00  -2.5 5.32e-03   1.7 1.00e+00 1.00e+00h  1
 622  5.4338444e+01 4.82e-04 7.51e+01  -2.5 1.62e-02   1.2 1.00e+00 1.00e+00h  1
 623  5.4338068e+01 4.81e-04 6.83e+03  -2.5 4.35e-01   0.8 6.46e-01 3.01e-03h  4
 624  5.4303262e+01 4.01e-04 6.96e+00  -2.5 8.87e-03   1.2 1.00e+00 1.00e+00h  1
 625  5.4304197e+01 3.13e-04 6.26e+02  -2.5 7.99e-03   2.5 8.04e-01 1.00e+00h  1
 626  5.4299200e+01 1.29e-05 6.11e+01  -2.5 1.07e-02   2.0 1.00e+00 1.00e+00h  1
 627  5.4285889e+01 2.43e-06 1.82e+01  -2.5 1.92e-03   1.6 1.00e+00 1.00e+00h  1
 628  5.4247739e+01 2.19e-04 2.25e+01  -2.5 1.43e-02   1.1 1.00e+00 1.00e+00f  1
 629  5.4232593e+01 5.41e-06 6.38e-01  -2.5 4.61e-03   1.5 1.00e+00 1.00e+00h  1
iter    objective    inf_pr   inf_du lg(mu)  ||d||  lg(rg) alpha_du alpha_pr  ls
 630  5.4227193e+01 1.90e-06 1.57e-01  -2.5 1.38e-03   1.9 1.00e+00 1.00e+00h  1
 631  5.4211816e+01 1.22e-04 1.45e+01  -2.5 6.07e-03   1.4 1.00e+00 1.00e+00f  1
 632  5.4206706e+01 6.98e-05 5.80e+01  -2.5 6.99e-03   1.9 1.00e+00 1.00e+00h  1
 633  5.4188819e+01 2.23e-05 8.25e+00  -2.5 4.35e-03   1.4 1.00e+00 1.00e+00h  1
 634  5.4183609e+01 1.55e-04 8.58e+00  -2.5 5.66e-03   1.8 1.00e+00 1.00e+00h  1
 635  5.4164191e+01 8.64e-05 6.28e+01  -2.5 1.65e-02   1.3 1.00e+00 1.00e+00h  1
 636  5.4156327e+01 8.77e-07 1.34e+00  -2.5 2.89e-03   1.8 1.00e+00 1.00e+00h  1
 637  5.4134085e+01 4.10e-05 5.82e+00  -2.5 5.50e-03   1.3 1.00e+00 1.00e+00f  1
 638  5.4151708e+01 2.21e-02 3.90e+03  -2.5 2.28e-01   1.7 1.35e-01 2.84e-01h  1
 639  5.4113135e+01 7.26e-03 4.23e+02  -2.5 3.91e-02   1.2 1.00e+00 1.00e+00h  1
iter    objective    inf_pr   inf_du lg(mu)  ||d||  lg(rg) alpha_du alpha_pr  ls
 640  5.4097753e+01 1.34e-03 5.47e+02  -2.5 1.61e-02   1.7 5.12e-01 1.00e+00h  1
 641  5.4066743e+01 2.85e-04 3.70e+02  -2.5 9.52e-03   1.2 7.20e-01 1.00e+00h  1
 642  5.3984019e+01 7.86e-04 1.66e+02  -2.5 2.05e-02   0.7 7.49e-01 1.00e+00h  1
 643  5.3747666e+01 6.84e-03 4.83e+02  -2.5 4.15e-02   0.2 7.59e-01 1.00e+00f  1
 644  5.3657983e+01 3.63e-03 1.80e+01  -2.5 1.66e-02   0.7 1.00e+00 1.00e+00h  1
 645  5.3626428e+01 3.09e-03 1.18e+02  -2.5 1.78e-02   1.1 1.00e+00 1.00e+00h  1
 646  5.3540303e+01 3.09e-02 1.37e+03  -2.5 9.41e-02   0.6 6.77e-01 1.00e+00h  1
 647  5.3469483e+01 4.28e-02 4.93e+03  -2.5 4.49e-01   0.1 5.98e-01 1.76e-01h  1
 648  5.3387572e+01 1.11e-02 8.57e+03  -2.5 9.18e-02   0.6 2.90e-02 1.00e+00h  1
 649  5.3357702e+01 7.90e-03 2.09e+01  -2.5 2.27e-02   1.0 1.00e+00 1.00e+00h  1
iter    objective    inf_pr   inf_du lg(mu)  ||d||  lg(rg) alpha_du alpha_pr  ls
 650  5.3352383e+01 4.79e-03 8.10e+01  -2.5 1.75e-02   1.4 1.00e+00 1.00e+00h  1
 651  5.3310961e+01 1.15e-02 1.13e+02  -2.5 2.76e-02   0.9 1.00e+00 1.00e+00h  1
 652  5.3299450e+01 3.32e-03 3.23e+01  -2.5 1.45e-02   1.4 1.00e+00 1.00e+00h  1
 653  5.3297542e+01 4.48e-03 5.96e+02  -2.5 2.77e-02   1.8 1.00e+00 1.00e+00h  1
 654  5.3281394e+01 7.76e-04 5.83e+01  -2.5 5.10e-02   1.3 1.00e+00 1.00e+00h  1
 655  5.3277044e+01 2.13e-04 1.69e+01  -2.5 1.22e-02   1.7 1.00e+00 1.00e+00h  1
 656  5.3273971e+01 5.00e-05 4.24e+01  -2.5 2.72e-03   2.2 1.00e+00 1.00e+00h  1
 657  5.3267516e+01 8.07e-06 8.21e+00  -2.5 2.65e-03   1.7 1.00e+00 1.00e+00h  1
 658  5.3248710e+01 1.87e-04 3.07e-01  -2.5 6.78e-03   1.2 1.00e+00 1.00e+00h  1
 659  5.3190540e+01 1.69e-03 1.45e+01  -2.5 1.80e-02   0.7 1.00e+00 1.00e+00h  1
iter    objective    inf_pr   inf_du lg(mu)  ||d||  lg(rg) alpha_du alpha_pr  ls
 660  5.3167879e+01 5.94e-04 1.93e+01  -2.5 6.63e-03   1.2 1.00e+00 1.00e+00h  1
 661  5.3160049e+01 6.72e-05 1.59e+01  -2.5 7.72e-03   1.6 1.00e+00 1.00e+00h  1
 662  5.3157530e+01 1.19e-05 2.97e-01  -2.5 1.61e-03   2.0 1.00e+00 1.00e+00h  1
 663  5.3156666e+01 3.18e-06 2.98e+00  -2.5 5.71e-04   2.4 1.00e+00 1.00e+00h  1
 664  5.3153963e+01 2.25e-05 2.61e+00  -2.5 1.52e-03   2.0 1.00e+00 1.00e+00h  1
 665  5.3146036e+01 2.40e-04 3.13e+01  -2.5 7.20e-03   1.5 1.00e+00 1.00e+00h  1
 666  5.3114857e+01 5.40e-05 1.26e+00  -2.5 1.13e-02   1.0 1.00e+00 1.00e+00h  1
 667  5.3025178e+01 1.60e-04 3.14e+00  -2.5 1.99e-02   0.5 1.00e+00 1.00e+00f  1
 668  5.2991534e+01 1.33e-04 9.87e-01  -2.5 8.69e-03   1.0 1.00e+00 1.00e+00h  1
 669  5.2979284e+01 2.01e-05 4.63e+00  -2.5 4.36e-03   1.4 1.00e+00 1.00e+00h  1
iter    objective    inf_pr   inf_du lg(mu)  ||d||  lg(rg) alpha_du alpha_pr  ls
 670  5.2942714e+01 3.47e-05 3.06e+00  -2.5 8.34e-03   0.9 1.00e+00 1.00e+00f  1
 671  5.2838030e+01 4.72e-04 3.04e+00  -2.5 2.02e-02   0.4 1.00e+00 1.00e+00f  1
 672  5.2799308e+01 2.73e-04 2.91e+00  -2.5 7.50e-03   0.9 1.00e+00 1.00e+00h  1
 673  5.2785043e+01 6.07e-06 1.76e+00  -2.5 7.00e-03   1.3 1.00e+00 1.00e+00h  1
 674  5.2743007e+01 4.12e-05 4.56e+00  -2.5 7.77e-03   0.8 1.00e+00 1.00e+00f  1
 675  5.2624924e+01 2.21e-03 1.36e+01  -2.5 2.61e-02   0.3 1.00e+00 1.00e+00f  1
 676  5.2580030e+01 1.39e-03 9.34e+00  -2.5 1.17e-02   0.8 1.00e+00 1.00e+00h  1
 677  5.2564681e+01 8.19e-04 2.20e+01  -2.5 8.33e-03   1.2 1.00e+00 1.00e+00h  1
 678  5.2517845e+01 6.73e-05 1.75e+00  -2.5 2.14e-02   0.7 1.00e+00 1.00e+00h  1
 679  5.2500550e+01 1.25e-04 2.88e+00  -2.5 3.46e-03   1.1 1.00e+00 1.00e+00h  1
iter    objective    inf_pr   inf_du lg(mu)  ||d||  lg(rg) alpha_du alpha_pr  ls
 680  5.2494120e+01 2.36e-06 3.19e-01  -2.5 3.52e-03   1.6 1.00e+00 1.00e+00h  1
 681  5.2474890e+01 2.30e-05 3.34e+00  -2.5 3.28e-03   1.1 1.00e+00 1.00e+00f  1
 682  5.2419033e+01 4.60e-04 5.08e+00  -2.5 1.20e-02   0.6 1.00e+00 1.00e+00f  1
 683  5.2398111e+01 1.31e-05 2.75e-01  -2.5 5.03e-03   1.0 1.00e+00 1.00e+00h  1
 684  5.2338175e+01 7.01e-05 5.48e+00  -2.5 1.13e-02   0.5 1.00e+00 1.00e+00f  1
 685  5.2336293e+01 4.31e-05 9.55e+00  -2.5 2.69e-03   1.9 1.00e+00 1.00e+00h  1
 686  5.2329752e+01 1.90e-04 4.73e+00  -2.5 5.62e-03   1.4 1.00e+00 1.00e+00h  1
 687  5.2304803e+01 2.38e-05 2.75e+00  -2.5 1.46e-02   0.9 1.00e+00 1.00e+00h  1
 688  5.2271821e+01 1.05e-03 1.77e+03  -2.5 8.04e-02   0.4 1.00e+00 5.00e-01f  1
 689  5.2267483e+01 6.46e-04 7.95e+01  -2.5 1.30e-02   1.8 1.00e+00 1.00e+00h  1
iter    objective    inf_pr   inf_du lg(mu)  ||d||  lg(rg) alpha_du alpha_pr  ls
 690  5.2259197e+01 4.49e-04 1.45e+02  -2.5 1.41e-02   1.3 5.38e-01 1.00e+00h  1
 691  5.2228595e+01 7.10e-05 6.97e+00  -2.5 1.84e-02   0.8 1.00e+00 1.00e+00h  1
 692  5.2217622e+01 1.63e-05 6.35e-01  -2.5 6.30e-03   1.2 1.00e+00 1.00e+00h  1
 693  5.2185478e+01 1.17e-04 8.24e+00  -2.5 1.34e-02   0.8 1.00e+00 1.00e+00f  1
 694  5.2184969e+01 6.19e-05 4.31e+01  -2.5 3.74e-03   2.1 1.00e+00 1.00e+00h  1
 695  5.2180531e+01 5.06e-06 7.10e+00  -2.5 3.21e-03   1.6 1.00e+00 1.00e+00h  1
 696  5.2167981e+01 1.44e-04 2.41e+00  -2.5 7.14e-03   1.1 1.00e+00 1.00e+00h  1
 697  5.2126303e+01 1.03e-04 1.81e+00  -2.5 1.93e-02   0.7 1.00e+00 1.00e+00h  1
 698  5.2005986e+01 2.69e-04 2.97e+00  -2.5 3.23e-02   0.2 1.00e+00 1.00e+00f  1
 699  5.1961401e+01 3.89e-05 1.53e-01  -2.5 1.38e-02   0.6 1.00e+00 1.00e+00h  1
iter    objective    inf_pr   inf_du lg(mu)  ||d||  lg(rg) alpha_du alpha_pr  ls
 700  5.1940827e+01 3.86e-04 2.71e+03  -2.5 1.91e-01   0.1 4.31e-01 1.71e-01h  1
 701  5.1891804e+01 5.81e-04 8.23e+01  -2.5 1.32e-02   0.6 1.00e+00 1.00e+00f  1
 702  5.1887728e+01 5.64e-04 3.51e+03  -2.5 5.52e-01   0.1 1.56e-01 3.25e-02h  2
 703  5.1889289e+01 9.38e-04 5.60e+02  -2.5 7.39e-02   1.4 1.00e+00 1.94e-01h  2
 704  5.1882552e+01 6.53e-04 8.74e+02  -2.5 2.96e-02   0.9 1.00e+00 3.55e-01h  1
 705  5.1879053e+01 7.91e-04 2.45e+03  -2.5 4.23e-02   1.4 1.00e+00 2.08e-01h  3
 706  5.1860077e+01 2.25e-03 1.44e+03  -2.5 7.20e-02   0.9 1.00e+00 8.37e-01h  1
 707  5.1857702e+01 1.67e-03 1.76e+03  -2.5 1.40e-01   1.3 8.78e-01 2.37e-01h  1
 708  5.1877822e+01 1.73e-02 7.36e+05  -2.5 8.63e-02   2.6 2.23e-01 1.00e+00h  1
 709  5.1880634e+01 9.86e-03 3.11e+05  -2.5 5.36e-01   2.2 1.00e+00 7.04e-01h  1
iter    objective    inf_pr   inf_du lg(mu)  ||d||  lg(rg) alpha_du alpha_pr  ls
 710  5.1880649e+01 9.84e-03 3.10e+05  -2.5 4.75e-01   2.6 9.40e-01 2.24e-03h  1
 711  5.1878858e+01 6.83e-03 2.23e+05  -2.5 4.08e-02   2.1 1.00e+00 3.09e-01h  2
 712  5.1878243e+01 7.00e-03 2.50e+05  -2.5 1.14e+00   1.6 2.50e-01 5.25e-02h  2
 713  5.1877610e+01 6.34e-03 1.56e+06  -2.5 1.01e-01   2.1 1.00e+00 9.56e-02h  2
 714  5.1877308e+01 6.32e-03 2.06e+07  -2.5 1.84e+00   1.6 1.94e-01 8.61e-03h  2
 715  5.1856115e+01 8.54e-03 2.39e+06  -2.5 2.38e-01   1.1 7.96e-01 8.72e-01h  1
 716  5.1840410e+01 2.30e-02 7.89e+06  -2.5 3.30e-01   1.5 3.45e-03 9.55e-01f  1
 717  5.1840614e+01 2.26e-02 2.02e+07  -2.5 1.09e-01   2.9 3.06e-02 1.50e-02h  2
 718  5.1842236e+01 1.94e-02 1.39e+07  -2.5 6.16e-02   3.3 9.65e-04 1.69e-01f  1
 719  5.1835422e+01 2.50e-02 1.23e+07  -2.5 2.74e-01   3.7 3.90e-03 1.03e-01h  2
iter    objective    inf_pr   inf_du lg(mu)  ||d||  lg(rg) alpha_du alpha_pr  ls
 720  5.1835209e+01 2.34e-02 1.15e+07  -2.5 2.74e-01   3.2 1.94e-01 6.85e-02h  1
 721  5.1836933e+01 1.29e-02 5.23e+06  -2.5 1.49e-01   3.7 2.19e-01 1.00e+00f  1
 722  5.1831068e+01 1.14e-02 4.96e+06  -2.5 1.67e+00   3.2 1.96e-01 4.03e-02h  3
 723  5.1818026e+01 2.71e-02 1.28e+06  -2.5 3.23e-01   3.6 1.00e+00 5.05e-01h  1
 724  5.1843091e+01 4.90e-01 9.09e+09  -2.5 4.64e-01   6.7 7.71e-04 3.51e-01f  1
 725  5.1826993e+01 9.59e-02 3.93e+09  -2.5 8.56e-02   8.1 3.24e-05 1.00e+00f  1
 726  5.1824761e+01 2.06e-03 1.39e+09  -2.5 1.24e-01   7.6 4.83e-01 1.00e+00h  1
 727  5.1825284e+01 5.53e-05 5.97e+07  -2.5 8.57e-02   7.1 1.00e+00 1.00e+00h  1
 728  5.1825300e+01 1.18e-07 9.81e+04  -2.5 2.42e-04   6.6 1.00e+00 1.00e+00h  1
 729  5.1825300e+01 1.61e-12 4.50e+00  -2.5 3.20e-07   6.2 1.00e+00 1.00e+00h  1
iter    objective    inf_pr   inf_du lg(mu)  ||d||  lg(rg) alpha_du alpha_pr  ls
 730  5.1825299e+01 3.06e-13 1.19e-01  -2.5 2.42e-07   5.7 1.00e+00 1.00e+00h  1
 731  5.1825299e+01 2.75e-12 1.19e-01  -2.5 7.25e-07   5.2 1.00e+00 1.00e+00h  1
 732  5.1825297e+01 2.47e-11 1.19e-01  -2.5 2.17e-06   4.7 1.00e+00 1.00e+00h  1
 733  5.1825290e+01 2.22e-10 1.18e-01  -2.5 6.52e-06   4.3 1.00e+00 1.00e+00h  1
 734  5.1825271e+01 1.99e-09 1.18e-01  -2.5 1.96e-05   3.8 1.00e+00 1.00e+00h  1
 735  5.1825214e+01 1.77e-08 1.18e-01  -2.5 5.86e-05   3.3 1.00e+00 1.00e+00h  1
 736  5.1825041e+01 1.53e-07 1.18e-01  -2.5 1.76e-04   2.8 1.00e+00 1.00e+00h  1
 737  5.1824516e+01 1.23e-06 1.17e-01  -2.5 5.23e-04   2.4 1.00e+00 1.00e+00h  1
 738  5.1822885e+01 8.09e-06 1.14e-01  -2.5 1.53e-03   1.9 1.00e+00 1.00e+00h  1
 739  5.1817657e+01 4.02e-05 4.31e-01  -2.5 4.20e-03   1.4 1.00e+00 1.00e+00h  1
iter    objective    inf_pr   inf_du lg(mu)  ||d||  lg(rg) alpha_du alpha_pr  ls
 740  5.1800690e+01 1.23e-04 1.35e+00  -2.5 1.01e-02   0.9 1.00e+00 1.00e+00h  1
 741  5.1747338e+01 2.76e-04 2.16e+00  -2.5 2.15e-02   0.4 1.00e+00 1.00e+00h  1
 742  5.1592926e+01 6.26e-04 2.20e+00  -2.5 4.36e-02  -0.0 1.00e+00 1.00e+00f  1
 743  5.1535806e+01 1.34e-04 5.36e+00  -2.5 1.79e-02   0.4 1.00e+00 1.00e+00h  1
 744  5.1533572e+01 6.30e-05 7.72e+00  -2.5 3.28e-03   1.7 1.00e+00 1.00e+00h  1
 745  5.1527275e+01 4.49e-04 2.47e+00  -2.5 8.73e-03   1.2 1.00e+00 1.00e+00h  1
 746  5.1503465e+01 2.74e-05 1.12e+00  -2.5 1.86e-02   0.8 1.00e+00 1.00e+00h  1
 747  5.1433975e+01 5.95e-04 6.95e+00  -2.5 2.45e-02   0.3 1.00e+00 1.00e+00f  1
 748  5.1407402e+01 2.10e-04 4.20e+00  -2.5 1.27e-02   0.7 1.00e+00 1.00e+00h  1
 749  5.1337857e+01 2.05e-04 5.54e+00  -2.5 2.69e-02   0.2 1.00e+00 1.00e+00f  1
iter    objective    inf_pr   inf_du lg(mu)  ||d||  lg(rg) alpha_du alpha_pr  ls
 750  5.1336603e+01 1.67e-04 4.36e+00  -2.5 5.01e-03   1.6 1.00e+00 1.00e+00h  1
 751  5.1330567e+01 7.59e-04 8.73e+01  -2.5 2.33e-02   1.1 1.00e+00 1.00e+00h  1
 752  5.1300038e+01 2.76e-05 3.44e+00  -2.5 2.22e-02   0.6 1.00e+00 1.00e+00h  1
 753  5.1218093e+01 2.34e-04 1.10e+01  -2.5 2.89e-02   0.1 1.00e+00 1.00e+00f  1
 754  5.1218941e+01 6.89e-05 1.93e+02  -2.5 9.50e-03   2.4 1.00e+00 1.00e+00h  1
 755  5.1217525e+01 1.04e-07 6.55e+00  -2.5 2.68e-03   1.9 1.00e+00 1.00e+00h  1
 756  5.1214180e+01 4.44e-05 8.12e+00  -2.5 3.20e-03   1.4 1.00e+00 1.00e+00f  1
 757  5.1203008e+01 1.86e-04 9.88e+00  -2.5 1.48e-02   0.9 1.00e+00 1.00e+00h  1
 758  5.1165180e+01 6.96e-05 3.51e+00  -2.5 2.24e-02   0.5 1.00e+00 1.00e+00h  1
 759  5.1060595e+01 4.24e-04 4.51e+00  -2.5 4.41e-02  -0.0 1.00e+00 1.00e+00f  1
iter    objective    inf_pr   inf_du lg(mu)  ||d||  lg(rg) alpha_du alpha_pr  ls
 760  5.1056644e+01 2.73e-04 7.23e+00  -2.5 5.17e-03   1.3 1.00e+00 1.00e+00h  1
 761  5.1054206e+01 3.96e-05 2.55e+01  -2.5 6.44e-03   1.7 1.00e+00 1.00e+00h  1
 762  5.1049071e+01 1.22e-05 1.15e+01  -2.5 2.72e-03   1.3 1.00e+00 1.00e+00h  1
 763  5.1061608e+01 8.88e-01 4.78e+03  -2.5 9.38e-02   0.8 3.54e-01 1.00e+00f  1
 764  5.0989497e+01 3.35e-02 1.43e+02  -2.5 9.09e-02   0.3 1.00e+00 1.00e+00h  1
 765  5.0967061e+01 2.23e-03 7.27e+01  -2.5 5.00e-02   0.7 8.66e-01 1.00e+00h  1
 766  5.0917827e+01 1.09e-04 2.97e+00  -2.5 1.95e-02   0.3 1.00e+00 1.00e+00h  1
 767  5.0787724e+01 8.55e-04 6.33e+00  -2.5 4.56e-02  -0.2 1.00e+00 1.00e+00f  1
 768  5.0789591e+01 2.08e-03 1.44e+03  -2.5 4.61e-02   1.1 7.91e-01 3.57e-01h  2
 769  5.0767014e+01 1.11e-03 2.82e+01  -2.5 1.08e-02   0.6 1.00e+00 1.00e+00h  1
iter    objective    inf_pr   inf_du lg(mu)  ||d||  lg(rg) alpha_du alpha_pr  ls
 770  5.0764705e+01 9.04e-04 4.19e+02  -2.5 1.63e-02   2.0 8.47e-01 5.00e-01h  2
 771  5.0763426e+01 8.37e-05 2.13e+01  -2.5 1.98e-02   1.5 1.00e+00 1.00e+00h  1
 772  5.0756241e+01 3.37e-06 1.12e+01  -2.5 2.72e-03   1.0 1.00e+00 1.00e+00h  1
 773  5.0754751e+01 1.57e-04 8.32e+00  -2.5 4.10e-03   1.4 1.00e+00 1.00e+00h  1
 774  5.0752796e+01 3.51e-03 2.54e+02  -2.5 4.92e-02   1.0 8.64e-01 1.00e+00h  1
 775  5.0725795e+01 2.29e-04 3.24e+01  -2.5 4.18e-02   0.5 1.00e+00 1.00e+00h  1
 776  5.0656089e+01 2.72e-04 3.85e+00  -2.5 2.68e-02  -0.0 1.00e+00 1.00e+00h  1
 777  5.0483842e+01 1.95e-03 4.03e-01  -2.5 7.19e-02  -0.5 1.00e+00 1.00e+00f  1
 778  5.0423915e+01 2.75e-04 2.62e-01  -2.5 2.61e-02  -0.1 1.00e+00 1.00e+00h  1
 779  5.0402463e+01 3.66e-05 2.22e-02  -2.5 9.38e-03   0.4 1.00e+00 1.00e+00h  1
iter    objective    inf_pr   inf_du lg(mu)  ||d||  lg(rg) alpha_du alpha_pr  ls
 780  4.8962931e+01 1.22e-02 2.04e+03  -3.8 9.59e-02  -0.1 5.42e-01 9.41e-01f  1
 781  4.8862635e+01 1.01e-02 1.34e+03  -3.8 1.47e-01   0.3 4.48e-01 1.72e-01h  1
 782  4.8857139e+01 8.55e-03 1.31e+03  -3.8 5.36e-02   1.7 5.18e-02 1.57e-01h  1
 783  4.8839789e+01 6.71e-03 1.47e+03  -3.8 8.41e-02   1.2 7.83e-01 2.21e-01h  1
 784  4.8678922e+01 2.48e-03 7.14e+02  -3.8 6.63e-02   0.7 1.00e+00 6.47e-01h  1
 785  4.8630826e+01 2.31e-03 2.35e+04  -3.8 1.45e-01   0.2 1.00e+00 6.74e-02h  1
 786  4.8508272e+01 1.21e-03 9.70e+04  -3.8 2.36e-02   0.6 1.16e-01 4.78e-01h  1
 787  4.8423838e+01 1.11e-04 2.23e+03  -3.8 1.20e-02   1.1 8.86e-01 1.00e+00h  1
 788  4.8365062e+01 1.09e-04 1.22e+04  -3.8 2.80e-02   0.6 5.73e-01 2.26e-01h  1
 789  4.8268801e+01 2.37e-04 1.31e+02  -3.8 7.29e-03   1.0 1.00e+00 9.72e-01f  1
iter    objective    inf_pr   inf_du lg(mu)  ||d||  lg(rg) alpha_du alpha_pr  ls
 790  4.8236092e+01 2.25e-04 9.63e+03  -3.8 7.77e-02   0.5 9.78e-01 1.18e-01f  1
 791  4.8223748e+01 1.39e-05 4.31e+03  -3.8 5.02e-03   1.9 7.41e-01 1.00e+00h  1
 792  4.8203702e+01 6.92e-06 4.55e+03  -3.8 3.02e-03   1.4 1.00e+00 6.11e-01h  1
 793  4.8108657e+01 9.10e-05 5.84e+00  -3.8 1.10e-02   0.9 1.00e+00 1.00e+00f  1
 794  4.8072259e+01 4.13e-05 3.52e+00  -3.8 4.98e-03   1.3 1.00e+00 1.00e+00h  1
 795  4.8065463e+01 6.67e-05 1.86e+04  -3.8 5.32e-02   0.9 1.00e+00 5.70e-02h  1
 796  4.7807877e+01 5.38e-04 2.58e+03  -3.8 2.40e-02   0.4 8.63e-01 8.67e-01f  1
 797  4.7794643e+01 3.82e-03 2.46e+03  -3.8 5.19e-01   0.8 6.92e-02 6.46e-02h  1
 798  4.7785724e+01 3.72e-03 1.08e+04  -3.8 5.48e-02   0.3 1.00e+00 2.68e-02h  1
 799  4.7670565e+01 1.30e-03 3.76e+03  -3.8 2.03e-02   0.8 7.13e-01 1.00e+00f  1
iter    objective    inf_pr   inf_du lg(mu)  ||d||  lg(rg) alpha_du alpha_pr  ls
 800  4.7627168e+01 5.75e-04 1.62e+03  -3.8 1.32e-02   1.2 5.90e-01 1.00e+00h  1
 801  4.7586967e+01 4.02e-04 9.64e+02  -3.8 2.56e-02   0.7 5.08e-01 3.11e-01h  1
 802  4.7538711e+01 2.64e-05 9.56e+02  -3.8 1.93e-02   1.1 4.56e-01 1.00e+00f  1
 803  4.7447627e+01 9.49e-04 7.20e+02  -3.8 4.83e-02   0.7 1.00e+00 6.27e-01h  1
 804  4.7390241e+01 2.63e-03 8.05e+03  -3.8 3.06e-01   0.2 1.00e+00 1.38e-01h  1
 805  4.7376513e+01 1.21e-03 4.34e+03  -3.8 1.56e-02   1.5 6.55e-01 1.00e+00h  1
 806  4.7318714e+01 8.15e-05 1.71e+03  -3.8 2.26e-02   1.0 5.49e-01 1.00e+00h  1
 807  4.7177557e+01 2.54e-04 2.65e+02  -3.8 2.79e-02   0.6 1.00e+00 8.68e-01h  1
 808  4.7123932e+01 2.16e-04 2.38e+02  -3.8 1.23e-02   1.0 1.00e+00 9.11e-01f  1
 809  4.7101619e+01 7.74e-05 1.85e+01  -3.8 4.43e-03   1.4 1.00e+00 1.00e+00f  1
iter    objective    inf_pr   inf_du lg(mu)  ||d||  lg(rg) alpha_du alpha_pr  ls
 810  4.7040215e+01 5.39e-05 2.63e+00  -3.8 5.84e-03   0.9 1.00e+00 1.00e+00h  1
 811  4.6972526e+01 1.55e-04 1.61e+03  -3.8 1.76e-02   0.5 1.00e+00 4.08e-01h  1
 812  4.6910573e+01 3.12e-04 4.08e+00  -3.8 9.22e-03   0.9 1.00e+00 1.00e+00f  1
 813  4.6829615e+01 8.72e-04 1.21e+03  -3.8 6.93e-02   0.4 1.00e+00 4.79e-01h  1
 814  4.6781047e+01 3.86e-04 4.11e+02  -3.8 1.07e-02   0.8 1.00e+00 8.45e-01h  1
 815  4.6761215e+01 1.91e-04 1.12e+03  -3.8 1.44e-02   1.3 4.01e-01 1.00e+00f  1
 816  4.6724364e+01 7.56e-05 5.27e+02  -3.8 8.35e-03   0.8 1.00e+00 6.20e-01h  1
 817  4.6704194e+01 3.13e-05 6.26e+00  -3.8 2.48e-03   1.2 1.00e+00 1.00e+00f  1
 818  4.6695937e+01 6.19e-06 9.67e-01  -3.8 1.32e-03   1.6 1.00e+00 1.00e+00h  1
 819  4.6671641e+01 9.56e-05 1.59e+00  -3.8 5.71e-03   1.2 1.00e+00 1.00e+00h  1
iter    objective    inf_pr   inf_du lg(mu)  ||d||  lg(rg) alpha_du alpha_pr  ls
 820  4.6663295e+01 1.19e-05 6.09e+00  -3.8 3.10e-03   1.6 1.00e+00 1.00e+00h  1
 821  4.6638453e+01 2.21e-05 2.69e+00  -3.8 2.34e-03   1.1 1.00e+00 1.00e+00h  1
 822  4.6567101e+01 1.15e-04 1.11e+00  -3.8 7.75e-03   0.6 1.00e+00 1.00e+00h  1
 823  4.6541471e+01 2.33e-05 1.01e+00  -3.8 3.81e-03   1.1 1.00e+00 1.00e+00h  1
 824  4.6531554e+01 2.08e-05 4.04e+00  -3.8 2.84e-03   1.5 1.00e+00 1.00e+00h  1
 825  4.6502910e+01 5.46e-05 3.91e+00  -3.8 4.46e-03   1.0 1.00e+00 1.00e+00h  1
 826  4.6492616e+01 3.63e-06 4.69e-01  -3.8 2.65e-03   1.4 1.00e+00 1.00e+00h  1
 827  4.6462010e+01 3.44e-05 1.48e+00  -3.8 3.98e-03   1.0 1.00e+00 1.00e+00h  1
 828  4.6401303e+01 3.71e-04 2.99e+02  -3.8 2.29e-02   0.5 1.00e+00 6.83e-01h  1
 829  4.6369620e+01 1.15e-04 1.12e+01  -3.8 7.31e-03   0.9 1.00e+00 1.00e+00f  1
iter    objective    inf_pr   inf_du lg(mu)  ||d||  lg(rg) alpha_du alpha_pr  ls
 830  4.6276044e+01 7.67e-04 3.58e+02  -3.8 2.11e-02   0.4 4.53e-01 1.00e+00h  1
 831  4.6237845e+01 4.81e-03 8.17e+01  -3.8 1.44e-02   0.8 1.00e+00 1.00e+00h  1
 832  4.6226780e+01 9.04e-04 4.31e+01  -3.8 8.07e-03   1.3 9.36e-01 1.00e+00h  1
 833  4.6223620e+01 1.26e-04 3.65e+00  -3.8 4.23e-03   1.7 1.00e+00 1.00e+00h  1
 834  4.6207973e+01 3.75e-05 1.80e+00  -3.8 4.40e-03   1.2 1.00e+00 1.00e+00h  1
 835  4.6158713e+01 3.10e-03 3.71e+02  -3.8 4.66e-02   0.7 1.83e-01 1.00e+00h  1
 836  4.6146087e+01 9.14e-04 6.89e+01  -3.8 1.89e-02   1.2 1.00e+00 8.68e-01h  1
 837  4.6143148e+01 9.10e-05 2.10e+01  -3.8 7.17e-03   1.6 7.20e-01 1.00e+00h  1
 838  4.6126978e+01 1.01e-05 4.93e+00  -3.8 2.72e-03   1.1 1.00e+00 1.00e+00h  1
 839  4.6078003e+01 1.31e-04 4.40e+00  -3.8 8.00e-03   0.6 1.00e+00 1.00e+00h  1
iter    objective    inf_pr   inf_du lg(mu)  ||d||  lg(rg) alpha_du alpha_pr  ls
 840  4.6060484e+01 6.51e-05 1.34e+00  -3.8 5.50e-03   1.1 1.00e+00 1.00e+00h  1
 841  4.6010334e+01 1.13e-04 2.21e+02  -3.8 1.47e-02   0.6 5.98e-01 1.00e+00h  1
 842  4.5993365e+01 2.25e-05 1.09e+00  -3.8 3.28e-03   1.0 1.00e+00 1.00e+00h  1
 843  4.5986429e+01 4.06e-06 1.94e+00  -3.8 2.09e-03   1.4 1.00e+00 1.00e+00h  1
 844  4.5966404e+01 1.97e-05 1.71e+00  -3.8 3.19e-03   1.0 1.00e+00 1.00e+00h  1
 845  4.5932984e+01 6.78e-05 1.56e+02  -3.8 8.57e-03   0.5 1.00e+00 5.93e-01h  1
 846  4.5833221e+01 4.10e-04 3.54e+02  -3.8 4.37e-02   0.0 1.00e+00 6.36e-01f  1
 847  4.5786811e+01 7.78e-03 7.58e+02  -3.8 5.70e-02   0.4 2.01e-01 7.64e-01h  1
 848  4.5784904e+01 5.54e-03 5.92e+02  -3.8 2.45e-02   1.8 1.00e+00 3.21e-01h  1
 849  4.5782025e+01 3.34e-03 7.20e+02  -3.8 2.02e-02   1.3 9.43e-01 4.60e-01h  1
iter    objective    inf_pr   inf_du lg(mu)  ||d||  lg(rg) alpha_du alpha_pr  ls
 850  4.5762309e+01 8.20e-04 7.20e+00  -3.8 1.47e-02   0.8 1.00e+00 1.00e+00h  1
 851  4.5738919e+01 5.37e-04 1.16e+02  -3.8 2.51e-02   0.3 6.61e-01 3.51e-01h  1
 852  4.5714397e+01 3.92e-05 3.22e+01  -3.8 9.55e-03   0.8 7.65e-01 1.00e+00f  1
 853  4.5640869e+01 1.40e-03 1.51e+01  -3.8 3.33e-02   0.3 1.00e+00 1.00e+00h  1
 854  4.5639563e+01 1.03e-03 2.18e+03  -3.8 9.95e-03   1.6 1.00e+00 3.10e-01h  1
 855  4.5630669e+01 4.13e-04 3.09e+01  -3.8 1.32e-02   1.1 1.00e+00 1.00e+00h  1
 856  4.5600812e+01 6.49e-05 2.70e+02  -3.8 1.41e-02   0.7 6.99e-01 1.00e+00h  1
 857  4.5589573e+01 1.64e-05 1.20e+00  -3.8 3.47e-03   1.1 1.00e+00 1.00e+00h  1
 858  4.5585467e+01 7.06e-06 1.45e+00  -3.8 1.59e-03   1.5 1.00e+00 1.00e+00h  1
 859  4.5572475e+01 4.06e-05 5.49e-01  -3.8 3.80e-03   1.0 1.00e+00 1.00e+00h  1
iter    objective    inf_pr   inf_du lg(mu)  ||d||  lg(rg) alpha_du alpha_pr  ls
 860  4.5542640e+01 1.46e-02 1.48e+02  -3.8 9.60e-02   0.6 2.69e-01 6.52e-01h  1
 861  4.5533518e+01 4.58e-03 1.79e+01  -3.8 3.59e-02   1.0 1.00e+00 1.00e+00h  1
 862  4.5525900e+01 1.15e-03 6.63e+01  -3.8 1.31e-02   1.4 8.06e-01 1.00e+00h  1
 863  4.5514260e+01 4.23e-04 5.53e+01  -3.8 1.38e-02   0.9 1.00e+00 7.55e-01h  1
 864  4.5468602e+01 5.32e-03 2.92e+01  -3.8 1.48e-02   0.5 1.00e+00 1.00e+00f  1
 865  4.5453478e+01 9.30e-04 1.58e+02  -3.8 1.52e-02   0.9 7.26e-01 1.00e+00h  1
 866  4.5434711e+01 5.63e-04 1.64e+02  -3.8 3.46e-02   0.4 8.81e-01 4.00e-01h  1
 867  4.5309840e+01 6.90e-04 1.62e+00  -3.8 2.44e-02  -0.1 1.00e+00 1.00e+00f  1
 868  4.5267377e+01 2.79e-04 8.67e+01  -3.8 1.00e-02   0.4 1.00e+00 9.37e-01h  1
 869  4.5250175e+01 1.86e-04 3.37e+02  -3.8 7.21e-03   0.8 2.58e-01 1.00e+00f  1
iter    objective    inf_pr   inf_du lg(mu)  ||d||  lg(rg) alpha_du alpha_pr  ls
 870  4.5243570e+01 2.71e-05 5.99e+00  -3.8 4.41e-03   1.2 1.00e+00 1.00e+00h  1
 871  4.5225923e+01 3.42e-05 1.08e+01  -3.8 5.96e-03   0.7 1.00e+00 9.40e-01h  1
 872  4.5215626e+01 5.62e-04 1.15e+02  -3.8 1.59e-01   0.3 4.67e-01 1.67e-01f  1
 873  4.5095886e+01 8.57e-04 4.38e+02  -3.8 3.63e-02  -0.2 2.26e-01 8.11e-01f  1
 874  4.5090122e+01 7.87e-05 1.42e+03  -3.8 1.80e-02   1.1 2.92e-01 1.00e+00f  1
 875  4.5069076e+01 1.08e-04 1.23e+02  -3.8 8.46e-03   0.6 7.83e-01 9.84e-01h  1
 876  4.5060882e+01 5.09e-05 1.93e+02  -3.8 6.67e-03   1.1 3.44e-01 1.00e+00f  1
 877  4.5035971e+01 2.22e-03 1.22e+01  -3.8 1.66e-02   0.6 1.00e+00 1.00e+00h  1
 878  4.5037235e+01 5.94e-04 8.38e+01  -3.8 5.19e-03   1.9 3.82e-01 1.00e+00h  1
 879  4.5033896e+01 2.93e-05 1.90e+00  -3.8 1.15e-02   1.4 1.00e+00 1.00e+00h  1
iter    objective    inf_pr   inf_du lg(mu)  ||d||  lg(rg) alpha_du alpha_pr  ls
 880  4.5023082e+01 2.89e-05 6.95e+00  -3.8 4.30e-03   1.0 9.55e-01 1.00e+00h  1
 881  4.5019128e+01 7.51e-06 4.92e-01  -3.8 2.21e-03   1.4 1.00e+00 1.00e+00h  1
 882  4.5007715e+01 1.63e-04 2.28e+00  -3.8 8.67e-03   0.9 1.00e+00 1.00e+00h  1
 883  4.5002880e+01 5.08e-05 5.09e+00  -3.8 3.36e-03   1.3 1.00e+00 1.00e+00h  1
 884  4.4991297e+01 1.18e-04 1.13e+00  -3.8 3.76e-03   0.8 1.00e+00 1.00e+00h  1
 885  4.4987035e+01 2.49e-06 5.17e-01  -3.8 3.05e-03   1.3 1.00e+00 1.00e+00h  1
 886  4.4973315e+01 2.29e-04 9.20e+00  -3.8 1.01e-02   0.8 1.00e+00 1.00e+00h  1
 887  4.4968049e+01 7.15e-05 1.25e+01  -3.8 5.74e-03   1.2 1.00e+00 1.00e+00h  1
 888  4.4954324e+01 3.81e-05 2.70e+00  -3.8 7.07e-03   0.7 1.00e+00 1.00e+00h  1
 889  4.4949083e+01 2.78e-06 1.57e+00  -3.8 4.55e-03   1.2 1.00e+00 1.00e+00h  1
iter    objective    inf_pr   inf_du lg(mu)  ||d||  lg(rg) alpha_du alpha_pr  ls
 890  4.4933471e+01 2.45e-05 3.25e+00  -3.8 4.48e-03   0.7 1.00e+00 1.00e+00h  1
 891  4.4927777e+01 7.85e-06 1.09e+00  -3.8 2.26e-03   1.1 1.00e+00 1.00e+00h  1
 892  4.4910439e+01 3.84e-05 5.03e-01  -3.8 4.61e-03   0.6 1.00e+00 1.00e+00h  1
 893  4.4859456e+01 1.55e-03 1.74e+01  -3.8 3.88e-02   0.2 1.00e+00 1.00e+00h  1
 894  4.4857352e+01 9.61e-04 9.11e+01  -3.8 1.22e-02   1.5 1.00e+00 5.10e-01h  1
 895  4.4852213e+01 4.41e-04 3.92e+01  -3.8 1.44e-02   1.0 5.24e-01 1.00e+00f  1
 896  4.4832905e+01 3.44e-05 4.42e+00  -3.8 1.80e-02   0.5 1.00e+00 1.00e+00h  1
 897  4.4805855e+01 8.52e-05 1.82e+02  -3.8 1.50e-02   0.1 1.00e+00 4.72e-01h  1
 898  4.4783017e+01 5.48e-04 7.16e+02  -3.8 1.51e-02   0.5 1.00e+00 1.00e+00f  1
 899  4.4721388e+01 1.38e-03 1.66e+02  -3.8 2.17e-02   0.0 1.00e+00 1.00e+00h  1
iter    objective    inf_pr   inf_du lg(mu)  ||d||  lg(rg) alpha_du alpha_pr  ls
 900  4.4690727e+01 3.62e-03 3.26e+02  -3.8 7.29e-01  -0.5 6.95e-01 1.76e-01h  1
 901  4.4695813e+01 5.45e-03 1.79e+03  -3.8 8.64e-02   2.7 2.07e-02 3.82e-01h  1
 902  4.4690573e+01 1.30e-03 2.10e+02  -3.8 1.92e-02   2.2 6.68e-01 1.00e+00f  1
 903  4.4688834e+01 6.36e-04 9.86e+01  -3.8 1.35e-02   1.7 6.92e-01 6.21e-01h  1
 904  4.4686706e+01 4.89e-05 8.99e+01  -3.8 3.70e-02   1.2 1.60e-01 1.00e+00f  1
 905  4.4675945e+01 1.98e-04 2.75e+01  -3.8 2.46e-02   0.8 1.00e+00 1.00e+00h  1
 906  4.4675507e+01 9.71e-05 5.74e+01  -3.8 7.36e-03   2.1 6.55e-01 6.17e-01h  1
 907  4.4674383e+01 9.24e-07 3.62e+00  -3.8 5.32e-03   1.6 1.00e+00 1.00e+00f  1
 908  4.4670346e+01 3.39e-06 3.67e+00  -3.8 1.76e-03   1.1 1.00e+00 1.00e+00h  1
 909  4.4668747e+01 3.07e-06 6.00e-01  -3.8 1.06e-03   1.6 1.00e+00 1.00e+00h  1
iter    objective    inf_pr   inf_du lg(mu)  ||d||  lg(rg) alpha_du alpha_pr  ls
 910  4.4663412e+01 2.70e-05 3.39e-01  -3.8 4.26e-03   1.1 1.00e+00 1.00e+00h  1
 911  4.4647576e+01 3.61e-05 2.51e+01  -3.8 9.09e-03   0.6 6.81e-01 1.00e+00h  1
 912  4.4604013e+01 1.89e-04 2.40e+00  -3.8 1.33e-02   0.1 1.00e+00 1.00e+00h  1
 913  4.4587844e+01 3.75e-04 4.40e+00  -3.8 8.56e-03   0.6 1.00e+00 1.00e+00h  1
 914  4.4581315e+01 8.72e-05 7.67e+00  -3.8 7.70e-03   1.0 1.00e+00 1.00e+00h  1
 915  4.4563159e+01 5.75e-05 6.07e+00  -3.8 7.95e-03   0.5 1.00e+00 1.00e+00h  1
 916  4.4544145e+01 1.39e-03 4.09e+01  -3.8 1.08e-01   0.0 1.47e-01 3.21e-01h  1
 917  4.4543891e+01 7.83e-04 2.09e+03  -3.8 1.46e-02   1.4 4.53e-01 1.00e+00f  1
 918  4.4538287e+01 1.80e-04 5.23e+02  -3.8 8.53e-03   1.8 1.00e+00 9.98e-01h  1
 919  4.4539238e+01 4.60e-05 1.25e+02  -3.8 5.70e-03   1.3 1.91e-01 1.00e+00f  1
iter    objective    inf_pr   inf_du lg(mu)  ||d||  lg(rg) alpha_du alpha_pr  ls
 920  4.4538837e+01 5.12e-05 1.53e+02  -3.8 6.25e-02   0.8 1.00e+00 5.79e-02h  2
 921  4.4538722e+01 5.11e-05 7.73e+02  -3.8 3.67e-02   2.2 1.00e+00 1.42e-02h  4
 922  4.4549683e+01 4.05e-03 4.36e+06  -3.8 4.06e-02   3.5 3.61e-02 1.00e+00h  1
 923  4.4547578e+01 3.38e-04 6.95e+05  -3.8 1.30e-01   3.9 7.99e-03 1.00e+00h  1
 924  4.4546944e+01 1.46e-06 1.11e+04  -3.8 6.58e-03   3.4 9.77e-01 1.00e+00h  1
 925  4.4546678e+01 1.20e-08 8.94e+00  -3.8 3.67e-05   3.0 1.00e+00 1.00e+00h  1
 926  4.4545801e+01 6.26e-07 2.47e-01  -3.8 1.75e-04   2.5 1.00e+00 1.00e+00h  1
 927  4.4543360e+01 5.45e-06 1.73e-01  -3.8 5.19e-04   2.0 1.00e+00 1.00e+00h  1
 928  4.4537564e+01 3.31e-05 1.04e+00  -3.8 1.28e-03   1.5 1.00e+00 1.00e+00h  1
 929  4.4527670e+01 5.36e-05 8.45e-01  -3.8 3.33e-03   1.1 1.00e+00 1.00e+00h  1
iter    objective    inf_pr   inf_du lg(mu)  ||d||  lg(rg) alpha_du alpha_pr  ls
 930  4.4511507e+01 9.51e-05 8.96e-01  -3.8 6.08e-03   0.6 1.00e+00 1.00e+00h  1
 931  4.4507144e+01 2.06e-05 6.50e-01  -3.8 2.95e-03   1.0 1.00e+00 1.00e+00h  1
 932  4.4489577e+01 7.61e-04 1.83e+01  -3.8 1.97e-02   0.5 1.00e+00 1.00e+00h  1
 933  4.4450048e+01 3.59e-04 2.71e+01  -3.8 1.36e-02   0.0 1.00e+00 8.64e-01h  1
 934  4.4434769e+01 6.59e-04 3.54e+00  -3.8 1.46e-02   0.5 1.00e+00 1.00e+00f  1
 935  4.4428106e+01 2.56e-04 7.84e+00  -3.8 8.69e-03   0.9 1.00e+00 1.00e+00h  1
 936  4.4426573e+01 1.58e-04 6.56e+01  -3.8 1.44e-02   1.3 2.63e-01 1.00e+00h  1
 937  4.4417746e+01 6.67e-06 3.69e+00  -3.8 8.25e-03   0.8 1.00e+00 1.00e+00h  1
 938  4.4396930e+01 3.58e-04 3.19e+00  -3.8 9.13e-03   0.4 1.00e+00 1.00e+00h  1
 939  4.4394096e+01 5.39e-04 2.04e+02  -3.8 3.62e-01  -0.1 6.61e-01 4.94e-02h  1
iter    objective    inf_pr   inf_du lg(mu)  ||d||  lg(rg) alpha_du alpha_pr  ls
 940  4.4393707e+01 6.18e-04 2.30e+02  -3.8 1.22e-01   1.2 2.08e-03 4.52e-02h  2
 941  4.4385290e+01 1.50e-05 1.25e+02  -3.8 3.61e-02   0.7 2.05e-01 1.00e+00h  1
 942  4.4382210e+01 5.41e-05 2.62e+01  -3.8 1.10e-02   1.2 1.00e+00 1.00e+00h  1
 943  4.4381483e+01 3.18e-05 1.35e+01  -3.8 2.65e-03   1.6 1.00e+00 1.00e+00h  1
 944  4.4377357e+01 9.22e-06 1.91e+00  -3.8 1.41e-03   1.1 1.00e+00 1.00e+00h  1
 945  4.4366217e+01 1.60e-05 5.20e-01  -3.8 3.47e-03   0.6 1.00e+00 1.00e+00h  1
 946  4.4335600e+01 1.66e-04 7.91e+00  -3.8 8.92e-03   0.2 1.00e+00 9.53e-01h  1
 947  4.4324118e+01 3.80e-05 5.07e+01  -3.8 4.21e-03   0.6 2.40e-01 1.00e+00f  1
 948  4.4319661e+01 2.66e-06 1.80e+00  -3.8 2.86e-03   1.0 1.00e+00 1.00e+00h  1
 949  4.4318075e+01 5.98e-07 2.13e-01  -3.8 6.53e-04   1.4 1.00e+00 1.00e+00h  1
iter    objective    inf_pr   inf_du lg(mu)  ||d||  lg(rg) alpha_du alpha_pr  ls
 950  4.4317489e+01 1.54e-07 8.71e-02  -3.8 3.40e-04   1.9 1.00e+00 1.00e+00h  1
 951  4.4315673e+01 3.36e-06 1.52e-01  -3.8 1.66e-03   1.4 1.00e+00 1.00e+00h  1
 952  4.4309795e+01 3.58e-04 1.17e+02  -3.8 1.75e-02   0.9 2.68e-01 1.00e+00h  1
 953  4.4296734e+01 1.14e-04 4.10e+01  -3.8 2.32e-02   0.4 1.00e+00 7.08e-01h  1
 954  4.4291003e+01 9.84e-06 3.20e+00  -3.8 4.80e-03   0.9 1.00e+00 1.00e+00f  1
 955  4.4272437e+01 3.09e-04 4.70e-01  -3.8 8.19e-03   0.4 1.00e+00 1.00e+00h  1
 956  4.4220094e+01 4.03e-04 1.15e+00  -3.8 1.90e-02  -0.1 1.00e+00 1.00e+00h  1
 957  4.4213481e+01 2.90e-04 3.07e+01  -3.8 3.72e-02   0.3 5.07e-01 2.94e-01h  1
 958  4.4205839e+01 8.14e-05 6.56e+00  -3.8 6.62e-03   0.8 1.00e+00 1.00e+00f  1
 959  4.4204742e+01 1.65e-06 1.41e+01  -3.8 6.67e-03   1.2 6.53e-01 1.00e+00h  1
iter    objective    inf_pr   inf_du lg(mu)  ||d||  lg(rg) alpha_du alpha_pr  ls
 960  4.4196138e+01 2.15e-04 1.08e+01  -3.8 1.17e-02   0.7 1.00e+00 1.00e+00h  1
 961  4.4179272e+01 5.54e-04 1.25e+01  -3.8 2.79e-02   0.2 5.54e-01 6.20e-01h  1
 962  4.4171905e+01 2.15e-04 9.90e+00  -3.8 9.24e-03   0.7 8.67e-01 1.00e+00f  1
 963  4.4146066e+01 4.79e-04 3.45e+00  -3.8 1.81e-02   0.2 1.00e+00 1.00e+00h  1
 964  4.4137646e+01 2.84e-03 2.10e+01  -3.8 2.04e-02   0.6 1.00e+00 6.44e-01h  1
 965  4.4134952e+01 5.79e-04 9.03e+00  -3.8 6.26e-03   1.0 7.97e-01 1.00e+00h  1
 966  4.4124752e+01 1.13e-03 1.27e+01  -3.8 8.66e-03   0.6 7.72e-01 1.00e+00h  1
 967  4.4105236e+01 4.41e-04 5.57e+01  -3.8 1.67e-02   0.1 1.00e+00 6.25e-01h  1
 968  4.4094945e+01 5.82e-05 2.04e-01  -3.8 6.96e-03   0.5 1.00e+00 1.00e+00f  1
 969  4.4061007e+01 9.26e-04 6.53e-01  -3.8 1.18e-02   0.0 1.00e+00 1.00e+00h  1
iter    objective    inf_pr   inf_du lg(mu)  ||d||  lg(rg) alpha_du alpha_pr  ls
 970  4.4049994e+01 4.20e-04 6.69e+00  -3.8 1.18e-02   0.5 1.00e+00 1.00e+00h  1
 971  4.4015454e+01 2.46e-04 3.85e+00  -3.8 1.04e-02  -0.0 1.00e+00 1.00e+00h  1
 972  4.4003202e+01 3.49e-05 1.77e+01  -3.8 1.03e-02   0.4 7.64e-01 1.00e+00h  1
 973  4.3967037e+01 2.95e-04 2.14e+00  -3.8 1.18e-02  -0.1 1.00e+00 1.00e+00h  1
 974  4.3868316e+01 2.38e-03 1.15e+02  -3.8 3.87e-02  -0.5 6.66e-01 1.00e+00h  1
 975  4.3833679e+01 3.60e-04 3.28e-01  -3.8 1.80e-02  -0.1 1.00e+00 1.00e+00h  1
 976  4.3820423e+01 2.15e-04 3.93e-01  -3.8 9.02e-03   0.3 1.00e+00 1.00e+00h  1
 977  4.3814765e+01 1.92e-04 1.87e+00  -3.8 3.87e-03   0.7 1.00e+00 1.00e+00h  1
 978  4.3812992e+01 4.09e-05 1.35e+00  -3.8 4.32e-03   1.2 1.00e+00 1.00e+00h  1
 979  4.3807275e+01 1.43e-04 1.52e+00  -3.8 3.15e-03   0.7 1.00e+00 1.00e+00h  1
iter    objective    inf_pr   inf_du lg(mu)  ||d||  lg(rg) alpha_du alpha_pr  ls
 980  4.3803472e+01 1.30e-04 9.92e+01  -3.8 4.21e-02   0.2 1.00e+00 2.29e-01h  1
 981  4.3797357e+01 8.83e-05 6.43e-01  -3.8 6.90e-03   0.6 1.00e+00 1.00e+00f  1
 982  4.3780233e+01 1.02e-04 3.63e+00  -3.8 9.66e-03   0.1 1.00e+00 1.00e+00h  1
 983  4.3779422e+01 1.24e-05 1.94e+01  -3.8 4.39e-03   1.5 4.12e-01 1.00e+00h  1
 984  4.3777153e+01 1.79e-06 1.88e+00  -3.8 1.33e-03   1.0 1.00e+00 1.00e+00h  1
 985  4.3770073e+01 1.02e-04 4.95e+00  -3.8 7.37e-03   0.5 1.00e+00 1.00e+00h  1
 986  4.3748596e+01 1.95e-04 2.32e+00  -3.8 1.29e-02   0.0 9.98e-01 1.00e+00h  1
 987  4.3688634e+01 1.12e-03 9.25e-01  -3.8 2.56e-02  -0.4 1.00e+00 1.00e+00h  1
 988  4.3565151e+01 5.20e-03 3.26e+01  -3.8 7.08e-02  -0.9 7.20e-01 8.00e-01h  1
 989  4.3513233e+01 1.68e-03 1.96e+00  -3.8 4.52e-02  -0.5 1.00e+00 1.00e+00h  1
iter    objective    inf_pr   inf_du lg(mu)  ||d||  lg(rg) alpha_du alpha_pr  ls
 990  4.3509377e+01 7.47e-04 4.08e+01  -3.8 2.15e-02   0.8 1.00e+00 1.00e+00h  1
 991  4.3503537e+01 2.04e-05 4.37e+00  -3.8 1.74e-02   0.4 1.00e+00 1.00e+00h  1
 992  4.3481919e+01 7.91e-04 1.76e+00  -3.8 8.55e-03  -0.1 1.00e+00 1.00e+00h  1
 993  4.3429254e+01 1.09e-03 2.46e+01  -3.8 3.18e-02  -0.6 1.00e+00 8.96e-01h  1
 994  4.3340972e+01 4.16e-03 1.72e+02  -3.8 7.25e-02  -1.1 1.00e+00 6.07e-01f  1
 995  4.3288767e+01 1.57e-03 5.13e-01  -3.8 3.48e-02  -0.6 1.00e+00 1.00e+00h  1
 996  4.3285874e+01 8.61e-05 5.52e-01  -3.8 4.22e-03   0.7 1.00e+00 1.00e+00h  1
 997  4.3284617e+01 1.03e-05 1.38e-01  -3.8 3.37e-03   1.1 1.00e+00 1.00e+00h  1
 998  4.3281868e+01 2.86e-05 1.49e+00  -3.8 1.98e-03   0.6 1.00e+00 1.00e+00h  1
 999  4.3273982e+01 1.11e-02 1.37e+02  -3.8 8.92e-02   0.2 1.00e+00 3.84e-01h  1
iter    objective    inf_pr   inf_du lg(mu)  ||d||  lg(rg) alpha_du alpha_pr  ls
1000  4.3251953e+01 2.22e-03 5.85e+01  -3.8 2.44e-02  -0.3 7.22e-01 1.00e+00h  1
1001  4.3245521e+01 1.14e-03 5.94e+00  -3.8 1.14e-02   0.1 9.14e-01 1.00e+00h  1
1002  4.3243948e+01 8.12e-04 1.30e+01  -3.8 1.37e-02   0.5 9.26e-01 1.00e+00h  1
1003  4.3233116e+01 2.48e-04 1.53e+00  -3.8 2.22e-02   0.1 1.00e+00 1.00e+00h  1
1004  4.3206025e+01 4.20e-04 2.14e+00  -3.8 2.11e-02  -0.4 1.00e+00 1.00e+00h  1
1005  4.3131343e+01 9.41e-03 1.21e+01  -3.8 6.80e-02  -0.9 1.00e+00 1.00e+00h  1
1006  4.3107550e+01 1.60e-03 2.89e+00  -3.8 3.31e-02  -0.5 1.00e+00 1.00e+00h  1
1007  4.3098326e+01 1.18e-03 3.87e+00  -3.8 1.28e-02  -0.0 1.00e+00 1.00e+00h  1
1008  4.3072014e+01 1.72e-03 1.05e+00  -3.8 1.89e-02  -0.5 1.00e+00 1.00e+00h  1
1009  4.3054321e+01 2.82e-03 1.98e+02  -3.8 3.85e-01  -1.0 1.00e+00 2.35e-01h  1
iter    objective    inf_pr   inf_du lg(mu)  ||d||  lg(rg) alpha_du alpha_pr  ls
1010  4.3029005e+01 1.44e-03 2.51e+00  -3.8 2.80e-02  -0.6 1.00e+00 1.00e+00h  1
1011  4.3016802e+01 3.21e-03 1.58e+01  -3.8 1.82e-02  -0.1 1.00e+00 1.00e+00h  1
1012  4.3002011e+01 2.85e-02 7.52e+01  -3.8 2.72e-01  -0.6 1.00e+00 4.69e-01h  1
1013  4.3001964e+01 2.76e-02 8.16e+01  -3.8 2.46e-01  -0.2 2.15e-01 3.18e-02h  1
1014  4.3000435e+01 2.67e-02 1.20e+02  -3.8 1.46e-01   1.1 1.77e-01 3.15e-02h  1
1015  4.3010777e+01 1.05e-02 2.71e+03  -3.8 5.73e-02   0.7 3.15e-01 1.00e+00h  1
1016  4.2998555e+01 6.48e-03 8.89e+02  -3.8 8.83e-02   0.2 7.80e-01 1.00e+00h  1
1017  4.2999078e+01 6.99e-03 5.24e+02  -3.8 7.06e-02   0.6 7.69e-01 4.64e-01h  1
1018  4.2999333e+01 6.58e-03 5.25e+02  -3.8 7.21e-02   1.9 9.46e-02 1.11e-01h  1
1019  4.2995461e+01 6.49e-03 8.62e+02  -3.8 9.46e-02   2.4 5.90e-01 5.17e-02h  1
iter    objective    inf_pr   inf_du lg(mu)  ||d||  lg(rg) alpha_du alpha_pr  ls
1020  4.2995418e+01 6.48e-03 1.75e+03  -3.8 3.79e-01   2.8 2.22e-04 1.44e-02h  2
1021  4.2995361e+01 6.48e-03 2.63e+03  -3.8 2.41e-01   3.2 5.17e-01 2.63e-04h  2
1022  4.2995324e+01 6.47e-03 1.39e+04  -3.8 1.38e-01   3.6 1.00e+00 6.70e-04h  2
1023  4.2994945e+01 6.48e-03 2.29e+04  -3.8 2.66e-01   3.2 4.71e-01 1.31e-02h  2
1024  4.2994942e+01 6.48e-03 2.31e+04  -3.8 2.53e+00   3.6 3.94e-02 1.64e-04h  8
1025  4.2994931e+01 6.47e-03 7.93e+03  -3.8 4.40e-01   4.0 1.31e-01 3.92e-03h  7
1026  4.2994902e+01 6.47e-03 3.24e+03  -3.8 4.62e-01   4.4 8.75e-02 1.97e-04h  1
1027  4.2992759e+01 9.84e-03 3.96e+07  -3.8 2.89e-01   4.9 6.66e-04 1.75e-01h  2
1028  4.2992986e+01 8.56e-03 3.45e+07  -3.8 7.55e-02   4.4 4.09e-02 1.33e-01h  2
1029  4.2992766e+01 7.05e-03 2.73e+07  -3.8 2.58e-01   3.9 2.28e-04 2.14e-01h  1
iter    objective    inf_pr   inf_du lg(mu)  ||d||  lg(rg) alpha_du alpha_pr  ls
1030  4.2992565e+01 5.30e-03 1.94e+07  -3.8 1.83e-01   4.3 8.78e-01 3.00e-01f  1
1031  4.2992565e+01 5.30e-03 1.94e+07  -3.8 9.06e-02   4.8 8.17e-01 5.60e-05h  2
1032  4.2992538e+01 5.15e-03 1.88e+07  -3.8 1.26e-01   4.3 1.00e+00 2.95e-02h  2
1033  4.2991349e+01 3.08e-03 2.56e+06  -3.8 1.42e-01   3.8 7.79e-01 8.98e-01h  1
1034  4.2992809e+01 2.78e-03 1.45e+06  -3.8 4.35e-02   4.2 9.29e-02 5.00e-01h  2
1035  4.2992550e+01 2.80e-03 1.30e+06  -3.8 2.67e-01   3.8 7.57e-01 6.00e-02h  2
1036  4.2992368e+01 2.75e-03 1.18e+06  -3.8 1.64e-01   4.2 1.00e+00 4.64e-02h  2
1037  4.2992238e+01 2.71e-03 1.14e+06  -3.8 1.23e-01   4.6 1.00e+00 2.94e-02h  2
1038  4.2992142e+01 2.68e-03 1.12e+06  -3.8 1.17e-01   5.0 1.00e+00 1.70e-02h  2
1039  4.2992008e+01 2.67e-03 2.35e+06  -3.8 1.41e-01   5.5 1.00e+00 1.63e-02h  2
iter    objective    inf_pr   inf_du lg(mu)  ||d||  lg(rg) alpha_du alpha_pr  ls
1040  4.2991841e+01 2.68e-03 9.85e+06  -3.8 2.05e-01   6.8 3.69e-02 1.16e-02h  2
1041  4.2992998e+01 4.44e-03 2.67e+08  -3.8 9.83e-02   6.3 1.20e-02 2.50e-01h  3
1042  4.2992612e+01 4.68e-03 1.68e+08  -3.8 9.64e-02   5.8 7.14e-02 1.00e+00h  1
1043  4.2993003e+01 1.09e-03 3.49e+07  -3.8 6.18e-02   5.4 3.46e-05 1.00e+00f  1
1044  4.2993014e+01 6.36e-08 2.90e+04  -3.8 1.46e-03   4.9 9.95e-01 1.00e+00h  1
1045  4.2993017e+01 1.53e-12 6.87e+00  -3.8 7.60e-07   4.4 1.00e+00 1.00e+00h  1
1046  4.2993763e+01 4.23e-07 2.96e+01  -3.8 4.19e-04   3.9 1.00e+00 1.00e+00f  1
1047  4.2993784e+01 1.27e-10 1.19e+00  -3.8 1.31e-05   3.5 9.99e-01 1.00e+00h  1
1048  4.2993877e+01 1.13e-09 2.20e-02  -3.8 2.18e-05   3.0 1.00e+00 1.00e+00h  1
1049  4.2994111e+01 1.06e-08 1.74e-02  -3.8 5.51e-05   2.5 1.00e+00 1.00e+00h  1
iter    objective    inf_pr   inf_du lg(mu)  ||d||  lg(rg) alpha_du alpha_pr  ls
1050  4.2994610e+01 1.04e-07 1.47e-02  -3.8 1.40e-04   2.0 1.00e+00 1.00e+00h  1
1051  4.2995328e+01 1.05e-06 1.09e-02  -3.8 3.01e-04   1.5 1.00e+00 1.00e+00h  1
1052  4.2995603e+01 8.98e-06 4.94e-02  -3.8 8.14e-04   1.1 1.00e+00 1.00e+00h  1
1053  4.2994105e+01 4.14e-05 1.78e-01  -3.8 2.00e-03   0.6 1.00e+00 1.00e+00h  1
1054  4.2988672e+01 6.12e-05 4.25e-02  -3.8 5.94e-03   0.1 1.00e+00 1.00e+00h  1
1055  4.2973539e+01 1.73e-04 2.10e-01  -3.8 1.44e-02  -0.4 1.00e+00 1.00e+00h  1
1056  4.2933519e+01 1.47e-03 1.27e-01  -3.8 3.14e-02  -0.8 1.00e+00 1.00e+00h  1
1057  4.2919610e+01 2.28e-04 8.47e-02  -3.8 1.29e-02  -0.4 1.00e+00 1.00e+00h  1
1058  4.2914538e+01 9.78e-05 4.93e-02  -3.8 4.68e-03   0.0 1.00e+00 1.00e+00h  1
1059  4.2912825e+01 3.21e-03 4.74e+01  -3.8 5.01e-01  -0.5 1.66e-01 1.04e-01h  1
iter    objective    inf_pr   inf_du lg(mu)  ||d||  lg(rg) alpha_du alpha_pr  ls
1060  4.2875288e+01 2.13e-03 3.39e+00  -3.8 3.25e-02  -0.9 1.00e+00 1.00e+00h  1
1061  4.2864243e+01 3.02e-03 9.27e+00  -3.8 2.50e-02  -0.5 1.00e+00 1.00e+00h  1
1062  4.2832618e+01 2.56e-03 1.07e+00  -3.8 3.52e-02  -1.0 1.00e+00 1.00e+00h  1
1063  4.2832799e+01 2.46e-03 6.74e+01  -3.8 1.21e-01   0.3 2.52e-01 4.05e-02h  2
1064  4.2831038e+01 2.07e-03 1.01e+02  -3.8 6.61e-02   0.8 1.00e+00 1.58e-01h  2
1065  4.2831324e+01 2.26e-03 2.14e+01  -3.8 1.98e-02   0.3 1.00e+00 1.00e+00h  1
1066  4.2826825e+01 1.82e-03 6.83e+00  -3.8 1.90e-02   0.7 1.00e+00 1.00e+00h  1
1067  4.2827061e+01 1.64e-03 3.39e+01  -3.8 5.76e-02   0.2 6.71e-01 2.19e-01H  1
1068  4.2826683e+01 1.79e-03 1.33e+02  -3.8 8.05e-02   0.7 1.00e+00 8.54e-02h  2
1069  4.2826198e+01 1.82e-03 1.39e+02  -3.8 2.74e-01   0.2 4.10e-01 1.00e-01h  2
iter    objective    inf_pr   inf_du lg(mu)  ||d||  lg(rg) alpha_du alpha_pr  ls
1070  4.2826136e+01 1.81e-03 3.98e+02  -3.8 8.18e-02   1.5 1.00e+00 4.48e-03h  5
1071  4.2826136e+01 1.81e-03 5.82e+02  -3.8 2.81e+00   1.0 6.39e-02 1.58e-04h  7
1072  4.2826137e+01 1.81e-03 1.29e+03  -3.8 1.54e-01   1.5 1.00e+00 5.03e-04h 10
1073  4.2826137e+01 1.81e-03 2.60e+03  -3.8 1.02e-01   1.9 1.00e+00 5.47e-05h 14
1074r 4.2826137e+01 1.81e-03 9.99e+02  -1.1 0.00e+00   1.4 0.00e+00 2.71e-07R 21
1075r 4.2909913e+01 2.68e-02 9.98e+02  -1.1 8.49e+02    -  8.68e-04 5.30e-04f  1
1076r 4.3170921e+01 2.70e-02 9.96e+02  -1.1 1.03e+02    -  2.17e-03 1.80e-03f  1
1077r 4.3727592e+01 2.68e-02 9.93e+02  -1.1 1.88e+01  -2.0 3.31e-03 4.61e-03f  1
1078r 4.6233490e+01 1.21e-01 9.85e+02  -1.1 8.85e+00  -1.6 8.02e-03 2.19e-02f  1
1079r 4.7452489e+01 1.21e-01 9.70e+02  -1.1 2.06e+00  -0.2 1.50e-02 2.66e-02f  1
iter    objective    inf_pr   inf_du lg(mu)  ||d||  lg(rg) alpha_du alpha_pr  ls
1080r 4.7722815e+01 1.12e-01 8.39e+02  -1.1 1.51e-01   1.1 1.81e-01 7.43e-02f  1
1081r 4.8192546e+01 7.34e-02 6.32e+02  -1.1 1.14e-01   1.5 2.04e-01 3.46e-01f  1
1082r 5.1181752e+01 1.64e-02 4.94e+02  -1.1 7.57e-02   1.0 2.19e-01 1.00e+00f  1
1083r 5.1936418e+01 3.93e-03 2.84e+02  -1.1 2.56e-02   1.5 7.53e-01 8.00e-01f  1
1084r 5.2298395e+01 7.97e-03 1.00e+04  -1.1 3.50e-02   1.9 1.00e+00 1.00e+00f  1
1085r 5.3253865e+01 7.51e-03 2.48e+03  -1.1 4.00e-02   1.4 1.00e+00 1.00e+00f  1
1086r 5.3614856e+01 1.98e-03 4.31e+02  -1.1 2.25e-02   1.8 1.00e+00 1.00e+00f  1
1087r 5.3634941e+01 6.73e-03 3.73e+04  -1.1 3.13e-02   3.2 3.97e-01 1.00e+00f  1
1088r 5.3688086e+01 1.66e-03 6.76e+03  -1.1 4.13e-02   2.7 1.00e+00 1.00e+00h  1
1089r 5.3843726e+01 1.79e-04 6.42e+02  -1.1 1.99e-02   2.2 1.00e+00 1.00e+00f  1
iter    objective    inf_pr   inf_du lg(mu)  ||d||  lg(rg) alpha_du alpha_pr  ls
1090r 5.4292285e+01 1.59e-03 1.34e+02  -1.1 1.88e-02   1.7 1.00e+00 1.00e+00f  1
1091r 5.4461399e+01 1.58e-04 6.63e+00  -1.1 8.60e-03   2.2 1.00e+00 1.00e+00f  1
1092r 5.4963184e+01 1.43e-02 1.04e+03  -1.1 5.57e-02   1.7 1.00e+00 1.00e+00f  1
1093r 5.5139203e+01 6.75e-03 8.38e+02  -1.1 2.02e-02   2.1 1.00e+00 1.00e+00f  1
1094r 5.5206619e+01 7.30e-04 2.42e+03  -1.1 4.42e-02   2.5 1.00e+00 1.00e+00f  1
1095r 5.5232184e+01 5.18e-05 3.62e+02  -1.1 7.81e-03   3.0 1.00e+00 1.00e+00f  1
1096r 5.5309917e+01 3.50e-04 1.24e+02  -1.1 5.59e-03   2.5 1.00e+00 1.00e+00f  1
1097r 5.5339404e+01 2.99e-05 5.85e+01  -1.1 4.27e-03   2.9 1.00e+00 1.00e+00f  1
1098r 5.5427710e+01 2.37e-04 1.02e+02  -1.1 4.44e-03   2.4 1.00e+00 1.00e+00f  1
1099r 5.5693896e+01 3.19e-03 3.21e+02  -1.1 1.36e-02   2.0 1.00e+00 1.00e+00f  1
iter    objective    inf_pr   inf_du lg(mu)  ||d||  lg(rg) alpha_du alpha_pr  ls
1100r 5.6415927e+01 2.51e-03 5.38e+01  -1.1 2.81e-02   1.5 1.00e+00 1.00e+00f  1
1101r 5.6688012e+01 2.07e-03 3.42e+02  -1.1 1.62e-02   1.9 1.00e+00 1.00e+00f  1
1102r 5.6788716e+01 4.52e-05 1.78e+01  -1.1 7.10e-03   2.3 1.00e+00 1.00e+00f  1
1103r 5.7097934e+01 2.09e-02 3.13e+03  -1.1 7.48e-02   1.9 1.00e+00 1.00e+00f  1
1104r 5.7609011e+01 2.13e-02 4.63e+02  -1.1 2.36e-01   1.4 1.00e+00 6.66e-01f  1
1105r 5.7609984e+01 2.00e-02 6.04e+03  -1.1 1.38e-01   3.6 2.19e-02 8.53e-02h  1
1106r 5.7637161e+01 4.98e-03 4.93e+04  -1.1 1.84e-01   3.1 2.75e-01 1.00e+00h  1
1107r 5.7648522e+01 3.65e-03 3.46e+04  -1.1 5.93e-02   2.7 9.43e-01 3.03e-01f  1
1108r 5.7787640e+01 4.81e-04 4.95e+02  -1.1 2.12e-02   2.2 1.00e+00 1.00e+00f  1
1109r 5.8173730e+01 1.21e-03 1.20e+02  -1.1 1.28e-02   1.7 1.00e+00 1.00e+00f  1
iter    objective    inf_pr   inf_du lg(mu)  ||d||  lg(rg) alpha_du alpha_pr  ls
1110r 5.9218096e+01 2.61e-03 2.95e+01  -1.1 4.04e-02   1.2 1.00e+00 1.00e+00f  1
1111r 5.9602679e+01 1.87e-04 3.99e+00  -1.1 1.34e-02   1.6 1.00e+00 1.00e+00f  1
1112r 6.0632760e+01 2.25e-02 1.99e+03  -1.1 1.92e-01   1.2 9.66e-01 9.76e-01f  1
1113r 6.0998160e+01 7.95e-03 5.52e+02  -1.1 8.05e-02   1.6 1.00e+00 1.00e+00f  1
1114r 6.1107416e+01 3.30e-02 9.34e+03  -1.1 4.00e-02   2.0 1.00e+00 1.00e+00h  1
1115r 6.1164777e+01 7.26e-03 3.66e+03  -1.1 1.45e-02   2.4 1.00e+00 1.00e+00h  1
1116r 6.1358240e+01 2.99e-02 9.72e+02  -1.1 3.58e-02   2.0 8.98e-01 1.00e+00f  1
1117r 6.1356639e+01 2.86e-02 8.96e+02  -1.1 2.26e-01   2.4 6.69e-01 4.32e-02h  1
1118r 6.1356663e+01 2.85e-02 8.92e+02  -1.1 8.56e-02   3.7 7.57e-02 4.48e-03h  1
1119r 6.1357945e+01 2.78e-02 9.79e+02  -1.1 2.17e-01   3.2 6.27e-02 2.24e-02f  3
iter    objective    inf_pr   inf_du lg(mu)  ||d||  lg(rg) alpha_du alpha_pr  ls
1120r 6.1358347e+01 2.02e-02 1.16e+04  -1.1 4.60e-02   2.8 1.00e+00 3.00e-01h  1
1121r 6.1362821e+01 1.88e-02 9.26e+03  -1.1 1.17e-01   2.3 2.03e-02 7.21e-02h  4
1122r 6.1362847e+01 1.70e-02 1.73e+04  -1.1 3.97e-02   4.5 5.70e-02 1.17e-01f  1
1123r 6.1362873e+01 1.69e-02 1.71e+04  -1.1 7.77e-02   4.0 4.00e-02 1.01e-02h  1
1124r 6.1363728e+01 1.61e-02 1.69e+04  -1.1 1.52e-01   3.6 2.53e-01 4.78e-02f  1
1125r 6.1381144e+01 9.24e-03 5.42e+03  -1.1 1.19e-01   3.1 5.84e-02 1.00e+00h  1
1126r 6.1394208e+01 9.90e-03 3.11e+03  -1.1 8.42e-02   2.6 1.00e+00 3.37e-01f  1
1127r 6.1400014e+01 9.56e-03 2.96e+03  -1.1 1.18e-01   2.1 1.00e+00 4.91e-02f  1
1128r 6.1650845e+01 1.59e-03 3.76e+02  -1.1 1.45e-02   1.7 1.00e+00 8.34e-01f  1
1129r 6.2479120e+01 1.01e-03 1.77e+02  -1.1 2.57e-02   1.2 1.00e+00 1.00e+00f  1
iter    objective    inf_pr   inf_du lg(mu)  ||d||  lg(rg) alpha_du alpha_pr  ls
1130r 6.2521025e+01 2.88e-04 1.27e+02  -1.1 4.55e-03   2.5 1.00e+00 1.00e+00h  1
1131r 6.2641723e+01 9.51e-05 7.32e+00  -1.1 1.01e-02   2.0 1.00e+00 1.00e+00f  1
1132r 6.2983663e+01 5.46e-04 3.66e+01  -1.1 1.99e-02   1.6 1.00e+00 1.00e+00f  1
1133r 6.3877600e+01 2.91e-03 1.67e+01  -1.1 4.79e-02   1.1 1.00e+00 1.00e+00f  1
1134r 6.4204174e+01 1.62e-03 1.04e+02  -1.1 1.69e-02   1.5 1.00e+00 1.00e+00f  1
1135r 6.5042003e+01 1.51e-03 1.69e+01  -1.1 4.09e-02   1.0 1.00e+00 1.00e+00f  1
1136r 6.6806448e+01 7.99e-03 7.80e+00  -1.1 8.14e-02   0.6 1.00e+00 1.00e+00f  1
1137r 6.7400741e+01 1.30e-03 9.64e+00  -1.1 2.86e-02   1.0 1.00e+00 1.00e+00h  1
1138r 6.7615742e+01 7.34e-04 1.16e+01  -1.1 1.09e-02   1.4 1.00e+00 1.00e+00h  1
1139r 6.8186287e+01 3.15e-02 1.52e+01  -1.1 5.70e-02   0.9 1.00e+00 1.00e+00f  1
iter    objective    inf_pr   inf_du lg(mu)  ||d||  lg(rg) alpha_du alpha_pr  ls
1140r 6.9302020e+01 3.88e-03 6.17e+01  -1.1 5.93e-02   0.5 1.00e+00 1.00e+00f  1
1141r 7.1002021e+01 2.39e-02 5.12e+01  -1.1 1.87e-01  -0.0 1.00e+00 1.00e+00f  1
1142r 7.1075217e+01 1.12e-03 2.62e+02  -1.1 8.77e-02   1.3 1.00e+00 1.00e+00h  1
1143r 7.1283532e+01 2.54e-04 5.80e+01  -1.1 1.56e-02   0.8 1.00e+00 1.00e+00f  1
1144r 7.1794143e+01 8.52e-02 6.49e+01  -1.1 8.20e-02   0.4 9.09e-01 1.00e+00f  1
1145r 7.3490677e+01 1.53e-01 4.84e+01  -1.1 4.13e-01    -  1.00e+00 1.00e+00f  1
1146r 7.3516979e+01 2.42e-02 1.44e+02  -1.1 1.45e-01  -0.1 1.00e+00 1.00e+00h  1
1147r 7.3530022e+01 3.05e-03 5.59e+01  -1.1 1.25e-01  -0.6 1.00e+00 1.00e+00h  1
1148r 7.3625829e+01 6.92e-01 4.51e+02  -1.1 3.71e-01  -0.2 7.08e-01 1.00e+00h  1
1149r 7.3585431e+01 4.07e-02 1.70e+02  -1.1 2.95e-01    -  1.00e+00 1.00e+00h  1
iter    objective    inf_pr   inf_du lg(mu)  ||d||  lg(rg) alpha_du alpha_pr  ls
1150r 7.3579291e+01 2.79e-03 6.51e+00  -1.1 6.47e-02    -  1.00e+00 1.00e+00h  1
1151r 7.3578076e+01 8.49e-05 6.30e-02  -1.1 1.66e-02    -  1.00e+00 1.00e+00h  1
1152r 6.7739792e+01 1.15e-01 7.59e+01  -4.1 4.63e-01    -  7.11e-01 8.73e-01f  1
1153r 6.7572272e+01 6.22e-03 2.25e+01  -4.1 5.24e-02  -0.7 7.22e-01 9.82e-01f  1
1154r 6.7025794e+01 1.11e-03 7.71e+00  -4.1 1.66e-02  -1.1 9.19e-01 8.62e-01f  1
1155r 6.6429354e+01 6.24e-04 9.94e+01  -4.1 6.63e-03  -0.7 1.00e+00 7.76e-01f  1
1156r 6.4220716e+01 6.28e-03 1.55e-01  -4.1 2.44e-02  -1.2 1.00e+00 1.00e+00h  1
1157r 5.9925130e+01 2.06e-02 1.44e-01  -4.1 8.58e-02  -1.7 1.00e+00 1.00e+00h  1
1158r 5.8804207e+01 1.75e+00 1.24e+02  -4.1 9.83e-02  -1.2 3.22e-01 1.00e+00h  1
1159r 5.7695436e+01 7.14e-01 8.03e+01  -4.1 1.65e-01  -1.7 1.00e+00 4.18e-01h  1
iter    objective    inf_pr   inf_du lg(mu)  ||d||  lg(rg) alpha_du alpha_pr  ls
1160r 5.6660038e+01 7.78e-02 1.30e+00  -4.1 6.08e-02  -1.3 1.00e+00 1.00e+00h  1
1161r 5.4771403e+01 3.10e-02 3.83e+01  -4.1 1.32e-01  -1.8 3.92e-01 1.00e+00h  1
1162r 5.4278496e+01 4.89e-02 2.62e+00  -4.1 9.52e-02  -1.3 1.00e+00 1.00e+00h  1
1163r 5.3230291e+01 2.68e-02 1.96e+00  -4.1 8.92e-02  -1.8 1.00e+00 1.00e+00h  1
1164r 5.2903295e+01 5.89e-02 8.36e+00  -4.1 9.13e-02  -1.4 1.00e+00 9.34e-01h  1
1165r 5.2362037e+01 9.04e-03 2.42e+00  -4.1 7.52e-02  -1.9 1.00e+00 1.00e+00h  1
1166r 5.2211807e+01 2.29e-02 3.18e+01  -4.1 5.10e-02  -1.4 5.01e-01 1.00e+00h  1
1167r 5.1839624e+01 6.92e-02 2.98e+01  -4.1 1.09e-01  -1.9 1.00e+00 1.00e+00h  1
1168r 5.1766902e+01 1.09e-02 8.25e+00  -4.1 4.63e-02  -1.5 1.00e+00 1.00e+00h  1
1169r 5.1765228e+01 1.09e-02 4.76e+01  -4.1 8.18e-01  -1.1 1.73e-01 1.80e-02h  2
iter    objective    inf_pr   inf_du lg(mu)  ||d||  lg(rg) alpha_du alpha_pr  ls
1170r 5.1791086e+01 3.50e-02 5.50e+01  -4.1 2.23e-01   0.3 9.54e-01 1.71e-01h  2
1171r 5.1789567e+01 3.40e-02 5.33e+01  -4.1 6.41e-02  -0.2 1.00e+00 3.12e-02h  6
1172r 5.1789420e+01 3.39e-02 5.32e+01  -4.1 1.00e-01  -0.7 1.00e+00 1.95e-03h 10
1173r 5.1789379e+01 3.39e-02 5.32e+01  -4.1 2.86e-01  -1.2 1.00e+00 2.44e-04h 13
1174r 5.1789374e+01 3.39e-02 5.32e+01  -4.1 1.08e-01  -0.7 1.00e+00 6.10e-05h 15
1175r 5.1616339e+01 1.97e-01 2.57e+02  -4.1 3.49e-01  -1.2 9.25e-01 9.25e-01s 22
1176r 5.1612345e+01 4.46e-02 9.31e+01  -4.1 1.85e-01  -0.8 8.46e-01 8.46e-01s 22
1177r 5.1612345e+01 4.46e-02 9.31e+01  -4.1 5.19e-01   0.5 0.00e+00 0.00e+00R  1
1178r 5.1603540e+01 4.63e-02 1.11e+02  -4.1 2.50e+00   0.1 2.24e-01 9.92e-03f  1
1179r 5.1699340e+01 1.75e+00 1.33e+03  -4.1 1.50e+00   1.4 5.77e-02 1.19e-01f  1
iter    objective    inf_pr   inf_du lg(mu)  ||d||  lg(rg) alpha_du alpha_pr  ls
1180r 5.1560947e+01 3.24e-01 5.24e+03  -4.1 5.53e-01   0.9 6.32e-01 7.53e-01f  1
1181r 5.1554417e+01 1.95e-01 2.50e+03  -4.1 3.74e-01   1.3 2.59e-04 5.28e-01f  1
1182r 5.1568311e+01 1.99e-01 2.70e+04  -4.1 1.09e+00   1.8 1.92e-05 8.31e-02f  1
1183r 5.1564177e+01 1.36e-01 1.22e+05  -4.1 2.61e-01   2.2 1.04e-02 4.39e-01f  1
1184r 5.1592334e+01 5.87e-02 5.99e+04  -4.1 4.72e-01   2.6 5.82e-02 5.87e-01f  1
1185r 5.1592760e+01 4.35e-02 4.36e+04  -4.1 2.22e-01   3.0 2.29e-01 2.67e-01f  1
1186r 5.1609019e+01 2.71e-02 2.50e+04  -4.1 1.90e-01   2.6 2.55e-04 9.82e-01f  1
1187r 5.1583734e+01 2.11e-02 1.96e+04  -4.1 1.17e-01   2.1 8.21e-01 2.26e-01f  1
1188r 5.1576402e+01 1.67e-02 1.55e+04  -4.1 5.48e-02   2.5 2.70e-01 2.13e-01f  1
1189r 5.1580482e+01 1.16e-02 1.08e+04  -4.1 4.67e-02   2.0 1.00e+00 3.22e-01h  1
iter    objective    inf_pr   inf_du lg(mu)  ||d||  lg(rg) alpha_du alpha_pr  ls
1190r 5.1584674e+01 1.07e-03 1.57e+03  -4.1 6.68e-02   1.6 1.00e+00 1.00e+00f  1
1191r 5.1585168e+01 9.69e-06 5.00e+01  -4.1 6.89e-03   1.1 1.00e+00 1.00e+00h  1
1192r 5.1584896e+01 6.84e-07 1.01e-02  -4.1 4.74e-04   0.6 1.00e+00 1.00e+00h  1
1193r 5.1584068e+01 6.41e-06 1.93e-03  -4.1 1.44e-03   0.1 1.00e+00 1.00e+00h  1
1194r 5.1514736e+01 2.65e-05 3.75e+01  -6.2 3.44e-03  -0.3 1.00e+00 7.99e-01f  1
1195r 5.1492030e+01 4.34e-06 4.06e+00  -6.2 1.04e-03  -0.8 9.59e-01 1.00e+00f  1
1196r 5.1425349e+01 3.04e-05 1.46e-04  -6.2 2.94e-03  -1.3 1.00e+00 1.00e+00h  1
1197r 5.1231726e+01 3.17e-04 1.07e-03  -6.2 9.13e-03  -1.8 1.00e+00 1.00e+00h  1
1198r 5.0906847e+01 2.93e-02 6.11e-01  -6.2 9.34e-02  -2.3 1.00e+00 5.96e-01h  1
1199r 5.0016564e+01 9.37e-02 2.80e+00  -6.2 8.26e-02  -2.7 1.35e-02 7.03e-01h  1
iter    objective    inf_pr   inf_du lg(mu)  ||d||  lg(rg) alpha_du alpha_pr  ls
1200r 4.9854112e+01 2.23e-02 5.63e+00  -6.2 2.56e-01  -2.3 1.00e+00 3.88e-01h  1
1201r 4.9367133e+01 1.37e-02 9.52e+01  -6.2 1.19e-01  -2.8 5.76e-02 4.71e-01h  1
1202r 4.9010540e+01 3.09e-03 2.96e+00  -6.2 6.86e-02  -2.4 7.34e-01 9.42e-01h  1
1203r 4.8530289e+01 1.54e-03 1.94e+01  -6.2 7.61e-02  -2.8 1.08e-01 5.31e-01h  1
1204r 4.8195839e+01 1.61e-03 4.04e+00  -6.2 2.89e-02  -2.4 4.79e-01 9.72e-01f  1
1205r 4.8079503e+01 1.39e-03 1.23e+01  -6.2 1.99e-02  -2.0 3.09e-01 1.00e+00f  1
1206r 4.7783544e+01 5.02e-04 3.98e-01  -6.2 1.97e-02  -2.5 1.00e+00 9.73e-01h  1
1207r 4.7313773e+01 1.49e-03 9.89e-01  -6.2 5.68e-02  -2.9 1.00e+00 7.32e-01f  1
1208r 4.7297740e+01 1.48e-03 1.60e+01  -6.2 8.20e+00  -3.4 9.88e-02 8.53e-03h  1
1209r 4.6772340e+01 1.97e-03 1.42e+01  -6.2 3.79e-02  -3.0 5.29e-01 1.00e+00h  1
iter    objective    inf_pr   inf_du lg(mu)  ||d||  lg(rg) alpha_du alpha_pr  ls
1210r 4.6501929e+01 2.02e-03 1.63e+01  -6.2 1.27e-01  -3.5 8.91e-01 3.55e-01h  1
1211r 4.6182715e+01 1.50e-03 4.67e+00  -6.2 4.61e-02  -3.0 7.61e-01 1.00e+00h  1
1212r 4.6099752e+01 1.14e-03 2.61e+00  -6.2 1.67e-02  -2.6 1.00e+00 7.61e-01h  1
1213r 4.6062948e+01 5.01e-04 4.39e+01  -6.2 1.27e-02  -2.2 1.17e-01 1.00e+00f  1
1214r 4.5970503e+01 1.71e-04 1.16e-03  -6.2 1.09e-02  -2.7 1.00e+00 1.00e+00h  1
1215r 4.5782198e+01 9.96e-04 1.11e-03  -6.2 3.20e-02  -3.1 1.00e+00 1.00e+00h  1
1216r 4.5595001e+01 1.98e-03 4.37e-01  -6.2 1.14e-01  -3.6 1.00e+00 7.37e-01h  1
1217r 4.5401451e+01 7.23e-03 4.18e-01  -6.2 1.79e-01  -4.1 1.00e+00 8.15e-01h  1
1218r 4.5383122e+01 6.38e-03 3.47e-02  -6.2 6.44e-02  -2.8 1.00e+00 1.00e+00h  1
1219r 4.5234686e+01 3.83e-02 1.03e-01  -6.2 6.89e-01    -  7.03e-01 7.24e-01h  1
iter    objective    inf_pr   inf_du lg(mu)  ||d||  lg(rg) alpha_du alpha_pr  ls
1220r 4.5262841e+01 2.56e-02 1.55e+01  -6.2 1.62e-01  -3.2 8.06e-02 1.00e+00h  1
1221r 4.5215393e+01 2.97e-02 1.01e+00  -6.2 5.52e-02  -1.9 1.00e+00 1.00e+00h  1
1222r 4.5223642e+01 5.03e-03 2.40e-01  -6.2 1.36e-01  -2.4 1.00e+00 1.00e+00h  1
1223r 4.5233342e+01 1.25e-04 3.64e-02  -6.2 9.02e-02  -2.9 1.00e+00 1.00e+00h  1
1224r 4.5238295e+01 6.49e-05 9.52e-04  -6.2 1.12e-02  -3.3 1.00e+00 1.00e+00h  1
1225r 4.5232618e+01 1.67e-03 1.79e-04  -6.2 1.77e-02  -3.8 1.00e+00 1.00e+00h  1
1226r 4.5225992e+01 1.26e-02 4.42e-01  -6.2 2.23e-01  -4.3 1.00e+00 3.24e-01h  2
1227r 4.5214678e+01 4.92e-03 7.53e-04  -6.2 1.20e-01    -  1.00e+00 1.00e+00h  1
1228r 4.5214683e+01 1.66e-03 1.96e-04  -6.2 1.27e-01    -  1.00e+00 1.00e+00h  1
1229r 4.5214983e+01 1.97e-04 1.91e-05  -6.2 2.70e-02    -  1.00e+00 1.00e+00h  1
iter    objective    inf_pr   inf_du lg(mu)  ||d||  lg(rg) alpha_du alpha_pr  ls
1230r 4.5215004e+01 1.54e-06 7.79e-08  -6.2 1.41e-03    -  1.00e+00 1.00e+00h  1
1231r 4.5215004e+01 1.11e-10 6.14e-12  -6.2 1.18e-05    -  1.00e+00 1.00e+00h  1
1232  4.5214956e+01 1.12e-10 1.21e+03  -3.8 2.50e-02    -  6.14e-01 1.86e-04f 13
1233  4.4957285e+01 1.10e-03 1.03e+03  -3.8 5.58e-02    -  6.57e-01 4.50e-01f  1
1234  4.4779955e+01 1.59e-03 7.25e+03  -3.8 1.49e-01    -  7.90e-01 1.65e-01f  1
1235  4.4689037e+01 6.43e-04 2.67e+03  -3.8 1.68e-02   0.9 9.66e-01 5.98e-01h  1
1236  4.4524733e+01 4.87e-04 4.50e+03  -3.8 6.50e-02   0.5 1.00e+00 3.72e-01f  1
1237  4.4505524e+01 6.07e-04 5.61e+03  -3.8 3.15e+00  -0.0 1.39e-01 1.28e-02h  1
1238  4.4282669e+01 7.06e-04 8.93e+04  -3.8 3.35e-02   0.4 2.41e-02 5.06e-01h  1
1239  4.4248350e+01 5.63e-04 5.69e+04  -3.8 1.15e-02   0.8 9.89e-01 2.06e-01h  1
iter    objective    inf_pr   inf_du lg(mu)  ||d||  lg(rg) alpha_du alpha_pr  ls
1240  4.4047560e+01 8.98e-04 5.19e+04  -3.8 6.12e-02   0.4 9.52e-02 4.53e-01f  1
1241  4.3976154e+01 5.77e-04 3.22e+04  -3.8 3.71e-02   0.8 1.00e+00 4.35e-01f  1
1242  4.3762464e+01 2.17e-03 1.52e+04  -3.8 5.83e-02   0.3 1.39e-01 5.18e-01f  1
1243  4.3728819e+01 1.70e-03 1.22e+04  -3.8 2.61e-02   0.7 1.00e+00 2.26e-01h  1
1244  4.3723238e+01 1.72e-03 1.07e+04  -3.8 5.95e+00   0.2 7.22e-02 4.66e-03h  1
1245  4.3638190e+01 5.49e-04 1.31e+04  -3.8 1.90e-02   0.7 3.68e-01 7.11e-01h  1
1246  4.3538944e+01 3.15e-04 1.42e+04  -3.8 4.19e-02   0.2 8.72e-01 4.30e-01f  1
1247  4.3486294e+01 6.88e-05 8.67e+03  -3.8 1.20e-02   0.6 5.67e-01 8.39e-01h  1
1248  4.3457412e+01 3.62e-04 1.05e+04  -3.8 1.49e-01   0.1 1.00e+00 1.97e-01f  1
1249  4.3386878e+01 1.16e-03 7.42e+03  -3.8 2.05e-01  -0.3 5.26e-01 2.53e-01h  1
iter    objective    inf_pr   inf_du lg(mu)  ||d||  lg(rg) alpha_du alpha_pr  ls
1250  4.3287055e+01 3.25e-04 3.97e+03  -3.8 3.82e-02   0.1 5.50e-01 9.08e-01h  1
1251  4.3282441e+01 3.27e-04 7.20e+03  -3.8 2.78e-02   0.5 1.00e+00 1.17e-01h  1
1252  4.3205033e+01 1.35e-04 2.61e+04  -3.8 1.83e-02   0.0 2.04e-01 1.00e+00h  1
1253  4.3133195e+01 5.81e-04 1.38e+04  -3.8 9.80e-02  -0.4 8.30e-01 5.46e-01h  1
1254  4.3100820e+01 4.75e-04 3.40e+03  -3.8 2.73e-02  -0.0 6.90e-01 8.41e-01f  1
1255  4.3025499e+01 1.46e-03 2.80e+00  -3.8 4.64e-02  -0.5 1.00e+00 1.00e+00f  1
1256  4.3015722e+01 1.22e-03 8.90e+02  -3.8 1.31e-02  -0.1 1.00e+00 4.61e-01h  1
1257  4.2982307e+01 3.94e-04 1.25e+04  -3.8 3.16e-02  -0.5 1.07e-01 7.20e-01f  1
1258  4.2977749e+01 4.34e-04 1.32e+04  -3.8 9.51e-01  -1.0 4.29e-01 4.02e-02h  1
1259  4.2934541e+01 1.13e-03 1.03e+04  -3.8 4.27e-01  -1.5 4.76e-01 2.18e-01h  1
iter    objective    inf_pr   inf_du lg(mu)  ||d||  lg(rg) alpha_du alpha_pr  ls
1260  4.2860813e+01 3.01e-03 1.25e+04  -3.8 6.35e-02  -1.1 1.72e-01 9.48e-01h  1
1261  4.2856766e+01 2.93e-03 1.30e+04  -3.8 7.95e-01  -1.5 4.02e-01 3.28e-02h  1
1262  4.2789794e+01 9.08e-03 9.08e+03  -3.8 3.98e-01  -2.0 3.59e-01 3.08e-01h  1
1263  4.2706708e+01 1.45e-02 2.32e+03  -3.8 8.65e-02  -1.6 5.25e-01 1.00e+00h  1
1264  4.2705586e+01 1.68e-03 6.00e+02  -3.8 2.43e-02  -0.3 8.58e-01 1.00e+00h  1
1265  4.2704314e+01 2.10e-04 4.22e+00  -3.8 3.53e-02   0.2 1.00e+00 1.00e+00h  1
1266  4.2700739e+01 3.34e-05 2.44e-01  -3.8 1.51e-02  -0.3 1.00e+00 1.00e+00h  1
1267  4.2691455e+01 2.18e-04 5.38e+00  -3.8 2.05e-02  -0.8 1.00e+00 9.19e-01h  1
1268  4.2690682e+01 6.30e-05 6.04e+00  -3.8 9.02e-03   0.5 1.00e+00 1.00e+00f  1
1269  4.2689235e+01 1.42e-03 3.78e+00  -3.8 2.29e-02   0.1 9.16e-01 1.00e+00h  1
iter    objective    inf_pr   inf_du lg(mu)  ||d||  lg(rg) alpha_du alpha_pr  ls
1270  4.2687073e+01 3.36e-04 2.31e+00  -3.8 1.09e-02   0.5 9.87e-01 1.00e+00h  1
1271  4.2687736e+01 3.55e-05 7.77e-01  -3.8 3.53e-03   0.9 1.00e+00 1.00e+00h  1
1272  4.2687925e+01 8.56e-06 6.68e-01  -3.8 3.47e-03   0.4 1.00e+00 1.00e+00h  1
1273  4.2686365e+01 7.03e-05 1.08e+00  -3.8 9.72e-03  -0.0 1.00e+00 1.00e+00h  1
1274  4.2681370e+01 6.57e-05 2.04e-01  -3.8 1.70e-02  -0.5 1.00e+00 1.00e+00h  1
1275  4.2668385e+01 1.49e-03 4.70e-01  -3.8 4.45e-02  -1.0 1.00e+00 1.00e+00h  1
1276  4.2667657e+01 9.27e-05 3.65e+00  -3.8 1.94e-02   0.3 1.00e+00 1.00e+00h  1
1277  4.2666194e+01 8.28e-06 6.23e-01  -3.8 5.40e-03  -0.1 1.00e+00 1.00e+00h  1
1278  4.2661126e+01 3.96e-04 5.47e-02  -3.8 1.45e-02  -0.6 1.00e+00 1.00e+00h  1
1279  4.2659400e+01 9.57e-06 3.76e-02  -3.8 7.91e-03  -0.2 1.00e+00 1.00e+00h  1
iter    objective    inf_pr   inf_du lg(mu)  ||d||  lg(rg) alpha_du alpha_pr  ls
1280  4.2658686e+01 2.54e-06 1.90e-02  -3.8 1.99e-03   0.2 1.00e+00 1.00e+00h  1
1281  4.2656567e+01 3.71e-05 1.66e+00  -3.8 8.60e-03  -0.2 1.00e+00 1.00e+00h  1
1282  4.2656552e+01 5.51e-07 9.37e-01  -3.8 5.36e-03   1.1 1.00e+00 1.00e+00h  1
1283  4.2656219e+01 1.64e-06 1.72e+00  -3.8 1.04e-03   0.6 1.00e+00 1.00e+00h  1
1284  4.2656220e+01 4.28e-03 9.29e+01  -3.8 4.79e-02   0.1 2.60e-01 1.00e+00h  1
1285  4.2650592e+01 7.21e-04 1.50e+01  -3.8 6.70e-02  -0.3 1.00e+00 1.00e+00h  1
1286  4.2645241e+01 1.59e-04 3.78e-01  -3.8 2.77e-02  -0.8 1.00e+00 1.00e+00h  1
1287  4.2627616e+01 1.26e-03 9.01e-01  -3.8 5.19e-02  -1.3 1.00e+00 1.00e+00h  1
1288  4.2627354e+01 1.36e-03 6.45e+00  -3.8 1.85e-02   0.0 8.52e-01 1.00e+00h  1
1289  4.2623570e+01 2.03e-04 1.36e+00  -3.8 1.84e-02  -0.5 9.17e-01 1.00e+00h  1
iter    objective    inf_pr   inf_du lg(mu)  ||d||  lg(rg) alpha_du alpha_pr  ls
1290  4.2617953e+01 3.50e-04 6.93e-01  -3.8 3.45e-02  -0.9 1.00e+00 1.00e+00h  1
1291  4.2615470e+01 2.27e-04 5.93e-02  -3.8 1.47e-02  -0.5 1.00e+00 1.00e+00h  1
1292  4.2614495e+01 1.23e-04 1.12e-01  -3.8 5.84e-03  -0.1 1.00e+00 1.00e+00h  1
1293  4.2611698e+01 2.57e-03 2.89e-01  -3.8 1.83e-02  -0.6 1.00e+00 1.00e+00h  1
1294  4.2605294e+01 3.05e-04 5.48e-01  -3.8 2.58e-02  -1.0 1.00e+00 1.00e+00h  1
1295  4.2588710e+01 2.29e-03 1.05e-01  -3.8 6.39e-02  -1.5 1.00e+00 1.00e+00h  1
1296  4.2555360e+01 1.27e-02 9.40e-01  -3.8 1.98e-01  -2.0 1.00e+00 1.00e+00h  1
1297  4.2555418e+01 1.02e-02 7.06e+00  -3.8 3.80e-02  -0.7 1.00e+00 1.00e+00h  1
1298  4.2550319e+01 3.45e-03 9.43e-01  -3.8 4.95e-02  -1.1 1.00e+00 1.00e+00h  1
1299  4.2541139e+01 1.59e-03 4.79e-01  -3.8 4.58e-02  -1.6 1.00e+00 1.00e+00h  1
iter    objective    inf_pr   inf_du lg(mu)  ||d||  lg(rg) alpha_du alpha_pr  ls
1300  4.2520469e+01 2.38e-02 1.27e+00  -3.8 9.85e-02  -2.1 1.00e+00 1.00e+00h  1
1301  4.2520224e+01 3.47e-03 1.39e+00  -3.8 2.30e-02  -0.8 1.00e+00 1.00e+00h  1
1302  4.2520122e+01 1.30e-03 1.42e+00  -3.8 1.66e-02  -0.3 1.00e+00 1.00e+00h  1
1303  4.2520242e+01 3.97e-04 1.84e+00  -3.8 1.17e-02   0.1 1.00e+00 1.00e+00h  1
1304  4.2520532e+01 3.36e-05 5.69e-01  -3.8 8.19e-03   0.5 1.00e+00 1.00e+00h  1
1305  4.2519863e+01 3.91e-05 4.17e-01  -3.8 3.85e-03   0.0 1.00e+00 1.00e+00h  1
1306  4.2519206e+01 1.52e-04 8.55e-01  -3.8 1.45e-02  -0.4 1.00e+00 1.00e+00h  1
1307  4.2517838e+01 1.17e-04 1.21e-01  -3.8 2.30e-02  -0.9 1.00e+00 1.00e+00h  1
1308  4.2514684e+01 2.78e-04 5.27e-02  -3.8 4.49e-02  -1.4 1.00e+00 1.00e+00h  1
1309  4.2507235e+01 1.84e-03 5.69e-02  -3.8 8.77e-02  -1.9 1.00e+00 1.00e+00h  1
iter    objective    inf_pr   inf_du lg(mu)  ||d||  lg(rg) alpha_du alpha_pr  ls
1310  4.2494283e+01 7.40e-03 7.76e-02  -3.8 1.39e-01  -2.3 1.00e+00 1.00e+00h  1
1311  4.2493853e+01 3.33e-05 4.33e-02  -3.8 8.80e-03  -1.0 1.00e+00 1.00e+00h  1
1312  4.2493620e+01 1.03e-05 3.04e-02  -3.8 3.20e-03  -0.6 1.00e+00 1.00e+00h  1
1313  4.2493540e+01 5.10e-06 1.28e-02  -3.8 1.65e-03  -0.2 1.00e+00 1.00e+00h  1
1314  4.2493513e+01 1.49e-06 1.17e-03  -3.8 6.36e-04   0.3 1.00e+00 1.00e+00h  1
1315  4.2431766e+01 4.30e-05 2.47e+03  -5.7 1.31e-02  -0.2 9.56e-01 3.00e-01f  1
1316  4.2351563e+01 2.06e-03 1.62e+03  -5.7 8.39e-02  -0.7 4.42e-01 3.60e-01h  1
1317  4.2323705e+01 1.56e-03 2.03e+03  -5.7 1.65e-02  -0.3 1.00e+00 2.74e-01h  1
1318  4.2311049e+01 1.23e-03 2.06e+03  -5.7 1.18e-02   0.2 1.00e+00 2.34e-01h  1
1319  4.2278781e+01 7.51e-04 1.30e+03  -5.7 2.82e-02  -0.3 1.00e+00 4.05e-01h  1
iter    objective    inf_pr   inf_du lg(mu)  ||d||  lg(rg) alpha_du alpha_pr  ls
1320  4.2266815e+01 4.75e-04 8.72e+02  -5.7 1.89e-02   0.1 1.00e+00 3.79e-01h  1
1321  4.2258008e+01 2.03e-04 3.50e+02  -5.7 1.15e-02   0.5 7.16e-01 6.02e-01h  1
1322  4.2249444e+01 1.24e-04 2.12e+02  -5.7 1.32e-02   0.1 1.00e+00 4.04e-01h  1
1323  4.2240027e+01 1.19e-04 1.62e+02  -5.7 2.36e-02  -0.4 6.63e-01 2.36e-01h  1
1324  4.2235180e+01 8.93e-05 1.08e+02  -5.7 7.48e-03   0.0 1.00e+00 3.36e-01h  1
1325  4.2226087e+01 1.26e-04 9.30e+01  -5.7 5.01e-02  -0.5 7.29e-01 2.74e-01h  1
1326  4.2219591e+01 4.12e-04 4.34e+01  -5.7 2.51e-02  -0.0 6.72e-01 5.01e-01h  1
1327  4.2219483e+01 4.02e-04 3.83e+01  -5.7 7.58e-03   0.4 1.00e+00 2.50e-02h  1
1328  4.2216553e+01 3.44e-04 2.78e+01  -5.7 3.54e-02  -0.1 7.58e-01 2.74e-01f  1
1329  4.2206422e+01 2.79e-04 6.58e+01  -5.7 4.18e-02  -0.6 1.00e+00 3.39e-01f  1
iter    objective    inf_pr   inf_du lg(mu)  ||d||  lg(rg) alpha_du alpha_pr  ls
1330  4.2204536e+01 4.36e-05 5.46e+01  -5.7 1.74e-02   0.8 8.23e-02 1.00e+00h  1
1331  4.2200804e+01 1.74e-05 7.60e+00  -5.7 3.32e-03   0.3 1.00e+00 9.03e-01h  1
1332  4.2200644e+01 1.72e-05 1.35e+01  -5.7 6.71e-02  -0.2 1.90e-01 1.36e-02h  1
1333  4.2199823e+01 1.76e-05 1.07e+02  -5.7 4.03e-02  -0.7 9.87e-01 2.60e-02h  1
1334  4.2192037e+01 9.73e-05 5.86e+01  -5.7 9.42e-03  -0.2 6.35e-02 6.78e-01f  1
1335  4.2187719e+01 2.85e-05 1.13e+00  -5.7 4.32e-03   0.2 1.00e+00 1.00e+00h  1
1336  4.2184801e+01 1.10e-03 1.10e+01  -5.7 1.15e-01  -0.3 3.94e-01 1.92e-01h  1
1337  4.2184782e+01 9.50e-04 9.51e+00  -5.7 1.28e-02   1.0 1.37e-01 1.46e-01h  1
1338  4.2184147e+01 5.72e-04 5.44e+00  -5.7 1.09e-02   0.6 3.21e-01 4.57e-01h  1
1339  4.2181398e+01 2.77e-04 3.47e+00  -5.7 1.18e-02   0.1 4.87e-01 5.89e-01f  1
iter    objective    inf_pr   inf_du lg(mu)  ||d||  lg(rg) alpha_du alpha_pr  ls
1340  4.2181370e+01 2.72e-04 9.14e+00  -5.7 2.65e-02   0.5 3.27e-01 1.89e-02h  1
1341  4.2181412e+01 2.64e-04 1.40e+02  -5.7 9.23e-03   2.7 5.67e-03 2.63e-02h  1
1342  4.2181446e+01 2.41e-04 1.19e+02  -5.7 4.78e-03   2.3 1.50e-02 9.22e-02f  3
1343  4.2181636e+01 8.24e-05 7.38e+01  -5.7 6.06e-03   1.8 6.10e-02 8.11e-01h  1
1344  4.2181261e+01 5.66e-06 4.53e+00  -5.7 5.57e-03   1.3 1.00e+00 9.39e-01f  1
1345  4.2180832e+01 3.21e-06 4.82e+00  -5.7 9.28e-04   0.8 1.00e+00 4.57e-01f  1
1346  4.2179820e+01 2.22e-06 8.89e+00  -5.7 2.32e-03   0.3 1.00e+00 4.09e-01f  1
1347  4.2178092e+01 7.14e-06 2.32e+01  -5.7 6.64e-03  -0.1 1.00e+00 2.50e-01f  1
1348  4.2175806e+01 1.58e-05 1.15e+02  -5.7 4.19e-02  -0.6 9.27e-01 1.15e-01f  1
1349  4.2169959e+01 7.31e-05 2.24e+01  -5.7 6.70e-03  -0.2 1.00e+00 8.11e-01h  1
iter    objective    inf_pr   inf_du lg(mu)  ||d||  lg(rg) alpha_du alpha_pr  ls
1350  4.2166026e+01 2.06e-04 6.03e+01  -5.7 5.32e-02  -0.7 6.67e-01 1.83e-01h  1
1351  4.2162635e+01 1.09e-04 2.85e+01  -5.7 1.50e-02  -0.2 3.57e-01 4.72e-01h  1
1352  4.2159847e+01 2.40e-05 1.47e+01  -5.7 7.35e-03   0.2 7.42e-03 1.00e+00f  1
1353  4.2156603e+01 4.16e-05 9.03e+00  -5.7 7.13e-03  -0.3 3.86e-01 4.38e-01h  1
1354  4.2151530e+01 1.13e-04 1.84e+01  -5.7 1.81e-02  -0.8 2.33e-02 2.50e-01f  1
1355  4.2149834e+01 9.63e-05 2.96e+01  -5.7 7.74e-03  -0.3 6.22e-01 2.47e-01f  1
1356  4.2148611e+01 5.87e-05 1.94e+01  -5.7 3.55e-03   0.1 7.94e-02 4.45e-01f  1
1357  4.2147674e+01 5.32e-05 3.79e+01  -5.7 2.71e-02  -0.4 6.34e-01 1.32e-01f  1
1358  4.2144939e+01 3.30e-04 1.27e+03  -5.7 4.00e-02   0.0 1.00e+00 1.00e+00h  1
1359  4.2144746e+01 2.51e-05 2.50e+02  -5.7 4.21e-03   1.4 2.70e-01 1.00e+00h  1
iter    objective    inf_pr   inf_du lg(mu)  ||d||  lg(rg) alpha_du alpha_pr  ls
1360  4.2144713e+01 2.56e-05 1.63e+02  -5.7 1.05e-02   1.8 4.99e-02 2.09e-01h  1
1361  4.2144690e+01 2.53e-05 1.45e+02  -5.7 1.07e-02   3.1 6.18e-02 1.04e-02h  1
1362  4.2144689e+01 2.52e-05 1.44e+02  -5.7 1.57e-02   3.6 1.52e-02 3.72e-03h  1
1363  4.2144691e+01 2.50e-05 3.94e+01  -5.7 4.93e-02   3.1 4.52e-03 5.00e-03h  2
1364  4.2144689e+01 2.42e-05 9.66e+03  -5.7 2.07e-02   4.4 1.14e-03 1.90e-02h  1
1365  4.2144689e+01 2.42e-05 9.66e+03  -5.7 3.22e-02   3.9 4.59e-04 9.51e-05f  2
1366  4.2144706e+01 1.09e-05 4.06e+03  -5.7 9.64e-04   3.5 1.03e-01 5.49e-01f  1
1367  4.2144709e+01 2.87e-09 7.04e+01  -5.7 4.26e-04   3.0 5.55e-01 1.00e+00f  1
1368  4.2144703e+01 6.09e-10 4.98e-01  -5.7 2.67e-05   2.5 1.00e+00 1.00e+00h  1
1369  4.2144675e+01 3.16e-09 1.09e-02  -5.7 1.04e-04   2.0 1.00e+00 1.00e+00h  1
iter    objective    inf_pr   inf_du lg(mu)  ||d||  lg(rg) alpha_du alpha_pr  ls
1370  4.2144589e+01 2.42e-08 1.02e-01  -5.7 1.46e-04   1.5 1.00e+00 9.18e-01h  1
1371  4.2144334e+01 2.78e-07 8.30e-03  -5.7 3.68e-04   1.1 1.00e+00 1.00e+00f  1
1372  4.2143572e+01 2.66e-06 1.49e-02  -5.7 1.08e-03   0.6 1.00e+00 1.00e+00h  1
1373  4.2142627e+01 5.81e-06 1.01e+01  -5.7 3.11e-03   0.1 9.83e-01 4.25e-01h  1
1374  4.2139313e+01 5.98e-05 9.61e+00  -5.7 8.49e-03  -0.4 6.89e-01 5.53e-01f  1
1375  4.2137116e+01 2.81e-05 1.93e+00  -5.7 3.45e-03   0.1 9.54e-01 1.00e+00f  1
1376  4.2135210e+01 4.28e-05 1.83e+01  -5.7 9.43e-03  -0.4 6.74e-01 3.14e-01h  1
1377  4.2132973e+01 3.49e-05 7.87e+00  -5.7 3.78e-03   0.0 8.19e-01 1.00e+00f  1
1378  4.2128825e+01 1.39e-04 1.58e+01  -5.7 1.09e-02  -0.5 1.00e+00 6.52e-01h  1
1379  4.2126565e+01 4.28e-05 1.09e-01  -5.7 4.74e-03  -0.0 1.00e+00 1.00e+00f  1
iter    objective    inf_pr   inf_du lg(mu)  ||d||  lg(rg) alpha_du alpha_pr  ls
1380  4.2124916e+01 5.43e-05 3.76e+01  -5.7 1.64e-02  -0.5 1.00e+00 2.52e-01h  1
1381  4.2123756e+01 3.97e-05 1.87e+01  -5.7 5.36e-03  -0.1 5.65e-01 4.88e-01f  1
1382  4.2121703e+01 6.36e-05 1.22e+01  -5.7 1.35e-02  -0.6 1.88e-01 3.06e-01f  1
1383  4.2118365e+01 1.39e-04 1.98e+01  -5.7 3.84e-02  -1.0 2.63e-01 1.82e-01f  1
1384  4.2115934e+01 1.38e-04 6.49e+00  -5.7 1.36e-02  -0.6 2.41e-01 3.53e-01f  1
1385  4.2111543e+01 2.45e-04 1.15e+01  -5.7 6.37e-02  -1.1 3.09e-01 2.32e-01f  1
1386  4.2110611e+01 2.19e-04 7.72e+01  -5.7 1.17e-02  -0.7 1.00e+00 1.36e-01h  1
1387  4.2107366e+01 2.43e-04 7.04e+01  -5.7 8.72e-02  -1.2 3.88e-01 1.74e-01h  1
1388  4.2105918e+01 2.07e-04 5.97e+01  -5.7 1.12e-02  -0.7 3.45e-01 2.12e-01h  1
1389  4.2104100e+01 2.03e-04 6.72e+01  -5.7 3.65e-02  -1.2 2.41e-01 9.80e-02h  1
iter    objective    inf_pr   inf_du lg(mu)  ||d||  lg(rg) alpha_du alpha_pr  ls
1390  4.2099970e+01 2.05e-04 5.65e+01  -5.7 1.17e-02  -0.8 1.96e-01 5.91e-01h  1
1391  4.2097693e+01 2.41e-04 1.59e+02  -5.7 3.47e-02  -1.3 4.30e-01 1.25e-01h  1
1392  4.2096613e+01 2.05e-04 1.16e+02  -5.7 1.39e-02  -0.8 9.55e-01 1.58e-01h  1
1393  4.2093148e+01 2.47e-04 1.62e+02  -5.7 3.85e-02  -1.3 6.84e-01 1.90e-01f  1
1394  4.2092293e+01 2.22e-04 6.72e+01  -5.7 1.74e-02  -0.9 9.15e-01 1.27e-01h  1
1395  4.2089795e+01 6.28e-05 2.05e+01  -5.7 8.70e-03  -0.5 9.75e-01 1.00e+00h  1
1396  4.2088024e+01 7.74e-05 1.54e+01  -5.7 2.32e-02  -0.9 2.99e-01 2.55e-01h  1
1397  4.2085391e+01 7.22e-05 2.65e+00  -5.7 9.36e-03  -0.5 1.00e+00 1.00e+00f  1
1398  4.2085391e+01 7.05e-05 1.29e+00  -5.7 2.90e-02   0.8 8.01e-02 2.37e-02h  1
1399  4.2085387e+01 7.04e-05 1.08e+00  -5.7 3.67e-02   2.2 9.39e-03 2.15e-03h  1
iter    objective    inf_pr   inf_du lg(mu)  ||d||  lg(rg) alpha_du alpha_pr  ls
1400  4.2085451e+01 6.90e-05 6.02e+01  -5.7 6.26e-02   1.7 2.32e-03 2.01e-02f  6
1401  4.2085448e+01 6.07e-05 3.64e+01  -5.7 6.20e-03   1.2 1.70e-02 1.19e-01h  1
1402  4.2085267e+01 1.05e-05 9.74e+00  -5.7 9.79e-04   0.7 2.84e-01 8.30e-01f  1
1403  4.2084896e+01 2.32e-06 7.26e+00  -5.7 2.20e-03   0.2 3.93e-01 1.00e+00f  1
1404  4.2083551e+01 1.95e-05 1.15e+01  -5.7 5.76e-03  -0.2 5.15e-01 9.71e-01h  1
1405  4.2083117e+01 2.88e-06 9.49e+00  -5.7 1.93e-03   0.2 3.92e-01 1.00e+00f  1
1406  4.2081654e+01 2.53e-05 1.73e+00  -5.7 3.02e-03  -0.3 9.26e-01 1.00e+00h  1
1407  4.2077714e+01 2.00e-04 1.23e+00  -5.7 9.46e-03  -0.8 1.00e+00 9.71e-01h  1
1408  4.2075565e+01 2.53e-04 5.64e+01  -5.7 4.33e-02  -1.2 3.59e-01 1.90e-01h  1
1409  4.2075348e+01 1.38e-04 4.46e+01  -5.7 5.75e-03   0.1 3.45e-01 4.53e-01f  1
iter    objective    inf_pr   inf_du lg(mu)  ||d||  lg(rg) alpha_du alpha_pr  ls
1410  4.2073793e+01 2.43e-05 6.03e-02  -5.7 3.37e-03  -0.4 1.00e+00 1.00e+00f  1
1411  4.2071822e+01 6.16e-05 2.79e+01  -5.7 1.02e-02  -0.9 1.00e+00 4.50e-01h  1
1412  4.2070378e+01 6.56e-05 1.17e+02  -5.7 3.38e-02  -1.3 9.72e-01 1.25e-01h  1
1413  4.2070315e+01 5.61e-05 1.08e+02  -5.7 8.15e-03  -0.0 1.13e-02 1.45e-01h  1
1414  4.2068650e+01 3.20e-05 4.90e+01  -5.7 4.11e-03  -0.5 9.75e-02 1.00e+00f  1
1415  4.2068328e+01 3.10e-05 6.02e+01  -5.7 1.36e-02  -1.0 8.25e-01 6.81e-02h  1
1416  4.2068168e+01 1.25e-05 4.37e+01  -5.7 3.01e-03   0.4 3.67e-01 6.05e-01h  1
1417  4.2067999e+01 9.82e-06 3.39e+01  -5.7 1.76e-03  -0.1 1.00e+00 2.39e-01f  1
1418  4.2066015e+01 4.71e-05 8.23e+00  -5.7 9.97e-03  -0.6 1.00e+00 1.00e+00f  1
1419  4.2065920e+01 4.09e-05 2.86e+00  -5.7 2.81e-02  -0.2 3.54e-01 1.34e-01h  1
iter    objective    inf_pr   inf_du lg(mu)  ||d||  lg(rg) alpha_du alpha_pr  ls
1420  4.2065931e+01 4.04e-05 7.53e+01  -5.7 1.12e-02   3.0 1.01e-03 1.26e-02h  1
1421  4.2065946e+01 1.93e-05 1.16e+02  -5.7 6.08e-04   2.5 7.54e-03 5.21e-01f  1
1422  4.2065990e+01 1.85e-09 5.11e+01  -5.7 3.13e-04   3.8 5.53e-01 1.00e+00f  1
1423  4.2065985e+01 6.62e-11 1.32e-01  -5.7 5.51e-06   3.3 1.00e+00 1.00e+00h  1
1424  4.2065956e+01 3.05e-11 6.76e-03  -5.7 9.12e-06   2.9 1.00e+00 1.00e+00h  1
1425  4.2065937e+01 2.03e-10 4.81e-03  -5.7 1.95e-05   2.4 1.00e+00 1.00e+00h  1
1426  4.2065920e+01 1.67e-09 3.68e-03  -5.7 4.46e-05   1.9 1.00e+00 1.00e+00h  1
1427  4.2065895e+01 4.10e-09 2.60e-03  -5.7 6.06e-05   1.4 1.00e+00 1.00e+00h  1
1428  4.2065836e+01 3.68e-08 1.57e-03  -5.7 1.48e-04   1.0 1.00e+00 1.00e+00h  1
1429  4.2065664e+01 3.33e-07 3.92e-02  -5.7 6.02e-04   0.5 1.00e+00 1.00e+00h  1
iter    objective    inf_pr   inf_du lg(mu)  ||d||  lg(rg) alpha_du alpha_pr  ls
1430  4.2065154e+01 3.00e-06 2.46e+00  -5.7 1.56e-03   0.0 6.59e-01 1.00e+00h  1
1431  4.2064096e+01 1.46e-05 6.52e+00  -5.7 4.23e-03  -0.5 1.00e+00 7.18e-01h  1
1432  4.2061972e+01 9.60e-05 2.89e+01  -5.7 1.37e-02  -0.9 8.72e-01 5.13e-01f  1
1433  4.2060479e+01 8.16e-05 2.51e+01  -5.7 5.88e-02  -1.4 1.38e-01 1.32e-01h  1
1434  4.2058822e+01 1.01e-04 3.18e+01  -5.7 1.49e-02  -1.0 1.00e+00 4.28e-01f  1
1435  4.2057381e+01 4.69e-05 8.79e+00  -5.7 4.43e-03  -0.6 1.70e-01 1.00e+00f  1
1436  4.2055212e+01 1.59e-04 3.53e+01  -5.7 1.08e-02  -1.0 8.89e-01 5.44e-01h  1
1437  4.2052786e+01 2.18e-04 6.15e+01  -5.7 3.87e-02  -1.5 4.01e-01 2.24e-01f  1
1438  4.2052278e+01 6.72e-06 6.49e-02  -5.7 4.07e-03  -0.2 1.00e+00 1.00e+00f  1
1439  4.2052075e+01 8.79e-07 4.48e-01  -5.7 5.52e-04   0.2 1.00e+00 1.00e+00h  1
iter    objective    inf_pr   inf_du lg(mu)  ||d||  lg(rg) alpha_du alpha_pr  ls
1440  4.2051484e+01 7.73e-06 3.96e-01  -5.7 1.77e-03  -0.2 1.00e+00 1.00e+00h  1
1441  4.2049810e+01 6.21e-05 2.90e+00  -5.7 5.64e-03  -0.7 8.87e-01 9.59e-01h  1
1442  4.2049162e+01 6.38e-05 1.09e+01  -5.7 1.83e-02  -1.2 6.57e-03 1.36e-01f  1
1443  4.2046433e+01 2.80e-04 1.65e+01  -5.7 7.65e-02  -1.7 1.48e-01 2.09e-01f  1
1444  4.2044890e+01 2.52e-04 1.25e+02  -5.7 2.10e-02  -1.3 1.00e+00 3.03e-01f  1
1445  4.2043650e+01 2.40e-04 6.78e+01  -5.7 1.73e-01  -1.7 3.40e-01 8.80e-02h  1
1446  4.2042792e+01 2.23e-04 1.07e+02  -5.7 2.74e-02  -1.3 5.99e-02 1.64e-01h  1
1447  4.2041836e+01 3.17e-04 9.85e+01  -5.7 3.46e-01  -1.8 5.61e-02 6.32e-02f  1
1448  4.2039324e+01 3.26e-04 9.89e+01  -5.7 2.36e-02  -1.4 7.30e-01 4.52e-01h  1
1449  4.2038096e+01 1.78e-04 4.96e+01  -5.7 1.05e-02  -0.9 9.50e-02 6.26e-01h  1
iter    objective    inf_pr   inf_du lg(mu)  ||d||  lg(rg) alpha_du alpha_pr  ls
1450  4.2037498e+01 1.71e-04 3.50e+01  -5.7 1.73e-02  -1.4 3.71e-01 1.11e-01f  1
1451  4.2033591e+01 8.28e-04 9.86e+01  -5.7 4.60e-02  -1.9 6.03e-01 2.75e-01f  1
1452  4.2032849e+01 8.36e-04 5.92e+02  -5.7 1.03e+00  -2.4 1.69e-01 2.16e-02h  1
1453  4.2031451e+01 8.60e-04 1.51e+03  -5.7 5.21e-02  -1.9 4.22e-02 9.83e-02h  1
1454  4.2028258e+01 1.34e-03 2.73e+03  -5.7 3.95e-01  -2.4 2.73e-01 9.19e-02h  1
1455  4.2026156e+01 1.41e-03 3.14e+03  -5.7 6.78e-02  -2.0 1.05e-01 1.47e-01h  1
1456  4.2025257e+01 1.24e-03 3.18e+03  -5.7 2.22e-02  -1.6 1.00e+00 1.62e-01f  1
1457  4.2020527e+01 2.18e-03 2.34e+03  -5.7 9.11e-02  -2.0 1.41e-01 3.39e-01h  1
1458  4.2020490e+01 3.46e-04 3.59e+03  -5.7 8.20e-03   0.2 2.67e-01 8.42e-01f  1
1459  4.2020211e+01 5.37e-06 9.52e+01  -5.7 1.58e-03  -0.3 4.81e-01 1.00e+00f  1
iter    objective    inf_pr   inf_du lg(mu)  ||d||  lg(rg) alpha_du alpha_pr  ls
1460  4.2019394e+01 4.25e-05 5.21e-01  -5.7 3.40e-03  -0.8 1.00e+00 1.00e+00h  1
1461  4.2017612e+01 2.33e-04 1.71e+01  -5.7 1.04e-02  -1.2 3.40e-01 7.96e-01h  1
1462  4.2016299e+01 3.09e-04 2.01e+01  -5.7 3.79e-02  -1.7 5.28e-01 2.20e-01f  1
1463  4.2010209e+01 2.91e-03 2.66e+01  -5.7 1.19e-01  -2.2 5.07e-01 3.90e-01f  1
1464  4.2009526e+01 6.51e-05 1.14e+02  -5.7 2.09e-02  -0.9 2.30e-01 1.00e+00h  1
1465  4.2008036e+01 2.06e-04 3.59e+01  -5.7 2.07e-02  -1.3 6.27e-01 6.90e-01h  1
1466  4.2007508e+01 2.11e-04 2.56e+01  -5.7 4.99e-02  -1.8 6.72e-01 9.06e-02h  1
1467  4.2004982e+01 7.62e-04 2.13e+01  -5.7 1.87e-01  -2.3 1.60e-01 1.72e-01f  1
1468  4.2002526e+01 9.47e-04 1.17e+01  -5.7 6.33e-02  -1.9 3.99e-01 4.59e-01h  1
1469  4.1999572e+01 1.73e-03 1.16e+01  -5.7 3.12e-01  -2.3 3.55e-01 2.33e-01h  1
iter    objective    inf_pr   inf_du lg(mu)  ||d||  lg(rg) alpha_du alpha_pr  ls
1470  4.1997806e+01 1.52e-03 1.52e+01  -5.7 1.05e-01  -1.9 1.79e-01 3.67e-01h  1
1471  4.1996590e+01 7.16e-04 3.86e+00  -5.7 2.87e-02  -1.5 5.92e-01 6.81e-01f  1
1472  4.1995944e+01 1.08e-04 8.08e-02  -5.7 1.39e-02  -1.1 1.00e+00 1.00e+00f  1
1473  4.1995910e+01 1.66e-06 4.60e-03  -5.7 6.26e-04   0.3 1.00e+00 1.00e+00h  1
1474  4.1995817e+01 1.57e-06 1.03e-02  -5.7 1.84e-03  -0.2 1.00e+00 1.00e+00h  1
1475  4.1995651e+01 5.89e-06 5.13e+00  -5.7 9.79e-02  -0.7 2.11e-01 6.00e-01H  1
1476  4.1994851e+01 1.60e-04 2.39e-01  -5.7 1.76e-02  -1.2 1.00e+00 1.00e+00f  1
1477  4.1994298e+01 1.44e-04 4.03e+01  -5.7 2.99e-02  -1.6 4.99e-01 2.62e-01h  1
1478  4.1994019e+01 1.01e-04 1.53e+01  -5.7 1.29e-02  -1.2 1.00e+00 3.59e-01f  1
1479  4.1991943e+01 1.46e-03 2.11e+01  -5.7 3.61e-02  -1.7 4.82e-01 1.00e+00f  1
iter    objective    inf_pr   inf_du lg(mu)  ||d||  lg(rg) alpha_du alpha_pr  ls
1480  4.1990992e+01 1.11e-02 2.18e+01  -5.7 3.88e-01  -2.2 6.98e-01 1.67e-01h  1
1481  4.1989383e+01 9.61e-03 1.90e+01  -5.7 6.19e-01  -2.7 1.40e-01 1.34e-01h  1
1482  4.1986755e+01 8.64e-03 3.76e+01  -5.7 3.48e-01  -3.1 1.93e-01 1.17e-01h  1
1483  4.1985825e+01 7.85e-03 3.09e+02  -5.7 1.65e-01  -2.7 5.55e-01 9.57e-02h  1
1484  4.1983232e+01 7.31e-03 2.56e+02  -5.7 4.05e-01  -3.2 1.54e-01 1.56e-01h  1
1485  4.1982091e+01 6.51e-03 4.84e+02  -5.7 2.61e-01  -2.8 3.25e-01 1.54e-01h  1
1486  4.1980891e+01 6.46e-03 4.96e+02  -5.7 6.48e-01  -3.2 2.95e-01 9.44e-02h  1
1487  4.1978073e+01 8.16e-03 3.73e+02  -5.7 1.34e-01  -2.8 2.26e-01 5.05e-01h  1
1488  4.1976235e+01 9.85e-03 6.85e+02  -5.7 3.03e-01  -3.3 6.92e-01 2.15e-01h  1
1489  4.1975446e+01 8.40e-03 9.24e+01  -5.7 1.40e-01  -2.9 5.24e-01 2.36e-01h  1
iter    objective    inf_pr   inf_du lg(mu)  ||d||  lg(rg) alpha_du alpha_pr  ls
1490  4.1973895e+01 1.02e-02 1.71e+03  -5.7 3.18e-01  -3.3 1.11e-01 2.73e-01h  1
1491  4.1973260e+01 1.06e-02 1.57e+03  -5.7 5.40e-01  -3.8 1.84e-01 1.06e-01h  1
1492  4.1972415e+01 1.45e-02 1.38e+03  -5.7 8.53e-01    -  2.18e-01 1.31e-01h  1
1493  4.1972003e+01 1.47e-02 1.27e+03  -5.7 1.71e+00    -  3.76e-02 7.93e-02h  1
1494  4.1971442e+01 1.61e-02 1.13e+03  -5.7 8.35e-01    -  6.94e-01 1.37e-01h  1
1495  4.1970575e+01 2.50e-02 7.37e+02  -5.7 5.23e-01    -  3.92e-01 3.48e-01h  1
1496  4.1970046e+01 2.14e-02 3.45e+02  -5.7 2.60e-01    -  1.00e+00 5.29e-01h  1
1497  4.1969824e+01 8.55e-03 1.02e-02  -5.7 2.46e-01    -  1.00e+00 1.00e+00h  1
1498  4.1969827e+01 1.44e-05 1.33e-04  -5.7 3.99e-02    -  1.00e+00 1.00e+00h  1
1499  4.1969826e+01 1.29e-08 7.08e-07  -5.7 1.23e-03    -  1.00e+00 1.00e+00h  1
iter    objective    inf_pr   inf_du lg(mu)  ||d||  lg(rg) alpha_du alpha_pr  ls
1500  4.1967846e+01 1.31e-03 3.98e+01  -7.0 2.20e-01    -  6.79e-01 4.51e-01f  1
1501  4.1966791e+01 1.24e-03 2.98e+01  -7.0 4.11e-01    -  5.74e-01 4.40e-01h  1
1502  4.1966221e+01 8.77e-04 2.45e+01  -7.0 5.70e-01    -  7.21e-01 4.22e-01h  1
1503  4.1965826e+01 5.24e-04 1.67e+01  -7.0 4.43e-01    -  1.00e+00 4.96e-01h  1
1504  4.1965577e+01 2.44e-04 6.45e+00  -7.0 2.55e-01    -  5.70e-01 6.14e-01h  1
1505  4.1965496e+01 1.24e-04 8.54e+00  -7.0 7.79e-02    -  4.19e-01 5.10e-01h  1
1506  4.1965455e+01 6.08e-05 4.85e+00  -7.0 3.60e-02    -  5.84e-01 5.22e-01h  1
1507  4.1965419e+01 1.61e-06 1.86e+01  -7.0 1.56e-02    -  5.28e-01 1.00e+00h  1
1508  4.1965419e+01 4.55e-08 1.28e-04  -7.0 2.59e-03    -  1.00e+00 1.00e+00h  1
1509  4.1965419e+01 8.60e-10 8.60e-06  -7.0 3.18e-04    -  1.00e+00 1.00e+00h  1
iter    objective    inf_pr   inf_du lg(mu)  ||d||  lg(rg) alpha_du alpha_pr  ls
1510  4.1965419e+01 2.55e-12 2.06e-08  -7.0 2.00e-05    -  1.00e+00 1.00e+00h  1

Number of Iterations....: 1510

                                   (scaled)                 (unscaled)
Objective...............:   4.1965418930389852e+01    4.1965418930389852e+01
Dual infeasibility......:   2.0564968988574100e-08    2.0564968988574100e-08
Constraint violation....:   6.7346128673761996e-13    2.5526247782181599e-12
Variable bound violation:   4.5163119144129181e-09    4.5163119144129181e-09
Complementarity.........:   9.0909098565822530e-08    9.0909098565822530e-08
Overall NLP error.......:   9.0909098565822530e-08    9.0909098565822530e-08


Number of objective function evaluations             = 1983
Number of objective gradient evaluations             = 1336
Number of equality constraint evaluations            = 1984
Number of inequality constraint evaluations          = 1984
Number of equality constraint Jacobian evaluations   = 1526
Number of inequality constraint Jacobian evaluations = 1526
Number of Lagrangian Hessian evaluations             = 1510
Total seconds in IPOPT                               = 2799.670

EXIT: Optimal Solution Found.
