#x_m,y_m
7.700000000000003,2.750000000000001
7.75,2.750000000000001
7.800000000000004,2.7
7.850000000000001,2.7
7.900000000000006,2.7
7.950000000000003,2.6500000000000004
8.0,2.6500000000000004
8.050000000000004,2.6500000000000004
8.100000000000001,2.6500000000000004
8.150000000000006,2.6000000000000005
8.200000000000003,2.6000000000000005
8.25,2.6000000000000005
8.300000000000004,2.5500000000000007
8.350000000000001,2.5500000000000007
8.400000000000006,2.5500000000000007
8.450000000000003,2.500000000000001
8.5,2.500000000000001
8.550000000000004,2.500000000000001
8.600000000000001,2.45
8.650000000000006,2.45
8.700000000000003,2.45
8.75,2.45
8.800000000000004,2.4000000000000004
8.850000000000001,2.4000000000000004
8.900000000000006,2.4000000000000004
8.950000000000003,2.4000000000000004
9.0,2.3500000000000005
9.050000000000004,2.3500000000000005
9.100000000000001,2.3500000000000005
9.150000000000006,2.3000000000000007
9.200000000000003,2.3000000000000007
9.25,2.3000000000000007
9.300000000000004,2.25
9.350000000000001,2.25
9.400000000000006,2.25
9.450000000000003,2.25
9.5,2.2
9.550000000000004,2.2
9.600000000000001,2.2
9.650000000000006,2.2
9.700000000000003,2.1500000000000004
9.75,2.1500000000000004
9.800000000000004,2.1500000000000004
9.850000000000001,2.1000000000000005
9.900000000000006,2.1000000000000005
9.950000000000003,2.1000000000000005
10.0,2.0500000000000007
10.050000000000004,2.0500000000000007
10.100000000000001,2.0500000000000007
10.150000000000006,2.0500000000000007
10.200000000000003,2.0
10.25,2.0
10.300000000000004,2.0
10.350000000000001,2.0
10.400000000000006,1.9500000000000002
10.450000000000003,1.9500000000000002
10.5,1.9500000000000002
10.550000000000004,1.9000000000000004
10.600000000000001,1.9000000000000004
10.650000000000006,1.9000000000000004
10.700000000000003,1.8500000000000005
10.75,1.8500000000000005
10.800000000000004,1.8500000000000005
10.850000000000001,1.8000000000000007
10.900000000000006,1.8000000000000007
10.950000000000003,1.8000000000000007
11.0,1.8000000000000007
11.050000000000004,1.75
11.100000000000001,1.75
11.150000000000006,1.75
11.200000000000003,1.7000000000000002
11.25,1.7000000000000002
11.300000000000004,1.7000000000000002
11.350000000000001,1.7000000000000002
11.400000000000006,1.6500000000000004
11.450000000000003,1.6500000000000004
11.5,1.6500000000000004
11.550000000000004,1.6500000000000004
11.600000000000001,1.6000000000000005
11.650000000000006,1.6000000000000005
11.700000000000003,1.6000000000000005
11.75,1.5500000000000003
11.800000000000004,1.5500000000000003
11.850000000000001,1.5500000000000003
11.900000000000006,1.5000000000000004
11.950000000000003,1.5000000000000004
12.0,1.5000000000000004
12.050000000000004,1.5000000000000004
12.100000000000001,1.4500000000000002
12.150000000000006,1.4500000000000002
12.200000000000003,1.4500000000000002
12.25,1.4000000000000004
12.300000000000004,1.4000000000000004
12.350000000000001,1.4000000000000004
12.400000000000006,1.3500000000000005
12.450000000000003,1.3500000000000005
12.5,1.3500000000000005
12.550000000000004,1.3500000000000005
12.600000000000001,1.3000000000000003
12.650000000000006,1.3000000000000003
12.700000000000003,1.3000000000000003
12.75,1.3000000000000003
12.800000000000004,1.2500000000000004
12.850000000000001,1.2500000000000004
12.900000000000006,1.2500000000000004
12.950000000000003,1.2000000000000002
13.0,1.2000000000000002
13.050000000000004,1.2000000000000002
13.100000000000001,1.1500000000000004
13.150000000000006,1.1500000000000004
13.200000000000003,1.1500000000000004
13.25,1.1000000000000005
13.300000000000004,1.1000000000000005
13.350000000000001,1.1000000000000005
13.400000000000006,1.1000000000000005
13.450000000000003,1.1000000000000005
13.5,1.0500000000000003
13.550000000000004,1.0500000000000003
13.600000000000001,1.0500000000000003
13.650000000000006,1.0000000000000004
13.700000000000003,1.0000000000000004
13.75,1.0000000000000004
13.800000000000004,0.9500000000000002
13.850000000000001,0.9500000000000002
13.900000000000006,0.9500000000000002
13.950000000000003,0.9500000000000002
14.0,0.9000000000000004
14.049999999999997,0.9000000000000004
14.100000000000009,0.9000000000000004
14.150000000000006,0.8500000000000005
14.200000000000003,0.8500000000000005
14.25,0.8500000000000005
14.299999999999997,0.8500000000000005
14.350000000000009,0.8000000000000003
14.400000000000006,0.8000000000000003
14.450000000000003,0.8000000000000003
14.5,0.7500000000000004
14.549999999999997,0.7500000000000004
14.600000000000009,0.7500000000000004
14.650000000000006,0.7000000000000002
14.700000000000003,0.7000000000000002
14.75,0.7000000000000002
14.799999999999997,0.7000000000000002
14.850000000000009,0.6500000000000004
14.900000000000006,0.6500000000000004
14.950000000000003,0.6500000000000004
15.0,0.6500000000000004
15.049999999999997,0.6000000000000005
15.100000000000009,0.6000000000000005
15.150000000000006,0.6000000000000005
15.200000000000003,0.6000000000000005
15.25,0.5500000000000003
15.299999999999997,0.5000000000000004
15.350000000000009,0.5000000000000004
15.400000000000006,0.5000000000000004
15.450000000000003,0.5000000000000004
15.5,0.5000000000000004
15.549999999999997,0.4500000000000002
15.600000000000009,0.4500000000000002
15.650000000000006,0.4500000000000002
15.700000000000003,0.40000000000000036
15.75,0.40000000000000036
15.799999999999997,0.40000000000000036
15.850000000000009,0.40000000000000036
15.900000000000006,0.35000000000000053
15.950000000000003,0.35000000000000053
16.0,0.30000000000000027
16.049999999999997,0.30000000000000027
16.10000000000001,0.30000000000000027
16.150000000000006,0.30000000000000027
16.200000000000003,0.25000000000000044
16.25,0.25000000000000044
16.299999999999997,0.25000000000000044
16.35000000000001,0.25000000000000044
16.400000000000006,0.20000000000000018
16.450000000000003,0.20000000000000018
16.5,0.20000000000000018
16.549999999999997,0.15000000000000036
16.60000000000001,0.15000000000000036
16.650000000000006,0.15000000000000036
16.700000000000003,0.10000000000000053
16.75,0.10000000000000053
16.799999999999997,0.10000000000000053
16.85000000000001,0.050000000000000266
16.900000000000006,0.050000000000000266
16.950000000000003,0.050000000000000266
17.0,0.050000000000000266
17.049999999999997,4.440892098500626e-16
17.10000000000001,4.440892098500626e-16
17.150000000000006,4.440892098500626e-16
17.200000000000003,-0.04999999999999982
17.25,-0.04999999999999982
17.299999999999997,-0.04999999999999982
17.35000000000001,-0.04999999999999982
17.400000000000006,-0.09999999999999964
17.450000000000003,-0.09999999999999964
17.5,-0.1499999999999999
17.549999999999997,-0.1499999999999999
17.60000000000001,-0.1499999999999999
17.650000000000006,-0.1499999999999999
17.700000000000003,-0.19999999999999973
17.75,-0.19999999999999973
17.799999999999997,-0.19999999999999973
17.85000000000001,-0.24999999999999956
17.900000000000006,-0.24999999999999956
17.950000000000003,-0.24999999999999956
18.0,-0.24999999999999956
18.049999999999997,-0.24999999999999956
18.10000000000001,-0.2999999999999998
18.150000000000006,-0.2999999999999998
18.200000000000003,-0.2999999999999998
18.25,-0.2999999999999998
18.299999999999997,-0.2999999999999998
18.35000000000001,-0.2999999999999998
18.400000000000006,-0.34999999999999964
18.450000000000003,-0.34999999999999964
18.5,-0.34999999999999964
18.549999999999997,-0.34999999999999964
18.60000000000001,-0.3999999999999997
18.650000000000006,-0.3999999999999997
18.700000000000003,-0.3999999999999997
18.75,-0.3999999999999997
18.799999999999997,-0.3999999999999997
18.85000000000001,-0.3999999999999997
18.900000000000006,-0.3999999999999997
18.950000000000003,-0.3999999999999997
19.0,-0.3999999999999997
19.049999999999997,-0.44999999999999973
19.10000000000001,-0.44999999999999973
19.150000000000006,-0.44999999999999973
19.200000000000003,-0.44999999999999973
19.25,-0.44999999999999973
19.299999999999997,-0.44999999999999973
19.35000000000001,-0.44999999999999973
19.400000000000006,-0.44999999999999973
19.450000000000003,-0.3999999999999997
19.5,-0.3999999999999997
19.549999999999997,-0.3999999999999997
19.60000000000001,-0.3999999999999997
19.650000000000006,-0.3999999999999997
19.700000000000003,-0.3999999999999997
19.75,-0.3999999999999997
19.799999999999997,-0.34999999999999964
19.85000000000001,-0.34999999999999964
19.900000000000006,-0.34999999999999964
19.950000000000003,-0.34999999999999964
20.0,-0.34999999999999964
20.049999999999997,-0.2999999999999998
20.10000000000001,-0.2999999999999998
20.150000000000006,-0.24999999999999956
20.200000000000003,-0.24999999999999956
20.25,-0.24999999999999956
20.299999999999997,-0.24999999999999956
20.35000000000001,-0.19999999999999973
20.400000000000006,-0.1499999999999999
20.450000000000003,-0.1499999999999999
20.5,-0.09999999999999964
20.549999999999997,-0.04999999999999982
20.60000000000001,-0.04999999999999982
20.650000000000006,4.440892098500626e-16
20.700000000000003,0.050000000000000266
20.75,0.10000000000000053
20.799999999999997,0.15000000000000036
20.85000000000001,0.20000000000000018
20.900000000000006,0.25000000000000044
20.950000000000003,0.30000000000000027
20.950000000000003,0.35000000000000053
21.0,0.40000000000000036
21.049999999999997,0.4500000000000002
21.049999999999997,0.5000000000000004
21.10000000000001,0.5500000000000003
21.150000000000006,0.6000000000000005
21.150000000000006,0.6500000000000004
21.200000000000003,0.7000000000000002
21.200000000000003,0.7500000000000004
21.25,0.8000000000000003
21.299999999999997,0.8500000000000005
21.299999999999997,0.9000000000000004
21.299999999999997,0.9500000000000002
21.35000000000001,1.0000000000000004
21.35000000000001,1.0500000000000003
21.35000000000001,1.1000000000000005
21.35000000000001,1.1500000000000004
21.400000000000006,1.2000000000000002
21.400000000000006,1.2500000000000004
21.400000000000006,1.3000000000000003
21.400000000000006,1.3500000000000005
21.400000000000006,1.4000000000000004
21.450000000000003,1.4500000000000002
21.450000000000003,1.5000000000000004
21.450000000000003,1.5500000000000003
21.450000000000003,1.6000000000000005
21.450000000000003,1.6500000000000004
21.450000000000003,1.7000000000000002
21.450000000000003,1.75
21.5,1.8000000000000007
21.5,1.8500000000000005
21.5,1.9000000000000004
21.5,1.9500000000000002
21.5,2.0
21.5,2.0500000000000007
21.5,2.1000000000000005
21.5,2.1500000000000004
21.5,2.2
21.5,2.25
21.5,2.3000000000000007
21.5,2.3500000000000005
21.450000000000003,2.4000000000000004
21.450000000000003,2.45
21.450000000000003,2.500000000000001
21.450000000000003,2.5500000000000007
21.450000000000003,2.6000000000000005
21.450000000000003,2.6500000000000004
21.450000000000003,2.7
21.450000000000003,2.750000000000001
21.450000000000003,2.8000000000000007
21.400000000000006,2.8500000000000005
21.400000000000006,2.9000000000000004
21.400000000000006,2.95
21.400000000000006,3.000000000000001
21.400000000000006,3.0500000000000007
21.400000000000006,3.1000000000000005
21.35000000000001,3.1500000000000004
21.35000000000001,3.2
21.35000000000001,3.250000000000001
21.35000000000001,3.3000000000000007
21.299999999999997,3.3500000000000005
21.299999999999997,3.4000000000000004
21.299999999999997,3.45
21.299999999999997,3.500000000000001
21.25,3.5500000000000007
21.25,3.6000000000000005
21.25,3.6500000000000004
21.25,3.7
21.200000000000003,3.750000000000001
21.150000000000006,3.8000000000000007
21.150000000000006,3.8500000000000005
21.150000000000006,3.9000000000000004
21.150000000000006,3.95
21.10000000000001,4.000000000000001
21.10000000000001,4.050000000000001
21.10000000000001,4.1000000000000005
21.049999999999997,4.15
21.049999999999997,4.2
21.049999999999997,4.250000000000001
21.049999999999997,4.300000000000001
21.0,4.3500000000000005
20.950000000000003,4.4
20.950000000000003,4.45
20.950000000000003,4.500000000000001
20.950000000000003,4.550000000000001
20.900000000000006,4.6000000000000005
20.900000000000006,4.65
20.900000000000006,4.7
20.85000000000001,4.750000000000001
20.85000000000001,4.800000000000001
20.85000000000001,4.8500000000000005
20.799999999999997,4.9
20.799999999999997,4.95
20.799999999999997,5.000000000000001
20.75,5.050000000000001
20.75,5.1000000000000005
20.75,5.15
20.700000000000003,5.2
20.700000000000003,5.250000000000001
20.650000000000006,5.300000000000001
20.650000000000006,5.3500000000000005
20.650000000000006,5.4
20.60000000000001,5.45
20.60000000000001,5.500000000000001
20.60000000000001,5.550000000000001
20.60000000000001,5.6000000000000005
20.549999999999997,5.65
20.549999999999997,5.7
20.5,5.750000000000001
20.5,5.8
20.5,5.8500000000000005
20.450000000000003,5.900000000000001
20.450000000000003,5.95
20.400000000000006,6.000000000000001
20.400000000000006,6.05
20.400000000000006,6.1000000000000005
20.400000000000006,6.150000000000001
20.35000000000001,6.2
20.35000000000001,6.250000000000001
20.299999999999997,6.3
20.299999999999997,6.3500000000000005
20.299999999999997,6.400000000000001
20.25,6.45
20.25,6.500000000000001
20.25,6.55
20.200000000000003,6.6000000000000005
20.200000000000003,6.650000000000001
20.150000000000006,6.7
20.150000000000006,6.750000000000001
20.150000000000006,6.8
20.150000000000006,6.8500000000000005
20.10000000000001,6.900000000000001
20.10000000000001,6.95
20.10000000000001,7.000000000000001
20.049999999999997,7.05
20.049999999999997,7.1000000000000005
20.0,7.150000000000001
20.0,7.2
20.0,7.250000000000001
19.950000000000003,7.300000000000002
19.950000000000003,7.3500000000000005
19.950000000000003,7.400000000000001
19.900000000000006,7.45
19.900000000000006,7.500000000000001
19.900000000000006,7.550000000000002
19.85000000000001,7.6000000000000005
19.85000000000001,7.650000000000001
19.85000000000001,7.7
19.799999999999997,7.750000000000001
19.799999999999997,7.800000000000002
19.799999999999997,7.8500000000000005
19.75,7.900000000000001
19.75,7.95
19.700000000000003,8.0
19.700000000000003,8.05
19.700000000000003,8.100000000000001
19.650000000000006,8.150000000000002
19.650000000000006,8.2
19.60000000000001,8.25
19.60000000000001,8.3
19.60000000000001,8.350000000000001
19.60000000000001,8.400000000000002
19.549999999999997,8.45
19.549999999999997,8.5
19.5,8.55
19.5,8.600000000000001
19.5,8.650000000000002
19.450000000000003,8.7
19.450000000000003,8.75
19.450000000000003,8.8
19.400000000000006,8.850000000000001
19.400000000000006,8.900000000000002
19.35000000000001,8.95
19.35000000000001,9.0
19.35000000000001,9.05
19.35000000000001,9.100000000000001
19.299999999999997,9.150000000000002
19.299999999999997,9.2
19.299999999999997,9.25
19.25,9.3
19.25,9.350000000000001
19.200000000000003,9.400000000000002
19.200000000000003,9.45
19.150000000000006,9.5
19.150000000000006,9.55
19.150000000000006,9.600000000000001
19.10000000000001,9.650000000000002
19.10000000000001,9.7
19.10000000000001,9.75
19.10000000000001,9.8
19.049999999999997,9.850000000000001
19.049999999999997,9.900000000000002
19.049999999999997,9.95
19.0,10.0
19.0,10.05
18.950000000000003,10.100000000000001
18.950000000000003,10.150000000000002
18.950000000000003,10.2
18.900000000000006,10.25
18.900000000000006,10.3
18.900000000000006,10.350000000000001
18.85000000000001,10.400000000000002
18.85000000000001,10.45
18.85000000000001,10.5
18.799999999999997,10.55
18.799999999999997,10.600000000000001
18.799999999999997,10.650000000000002
18.75,10.7
18.75,10.75
18.75,10.8
18.700000000000003,10.850000000000001
18.700000000000003,10.900000000000002
18.650000000000006,10.95
18.650000000000006,11.0
18.650000000000006,11.05
18.650000000000006,11.100000000000001
18.60000000000001,11.150000000000002
18.60000000000001,11.2
18.549999999999997,11.25
18.549999999999997,11.3
18.549999999999997,11.350000000000001
18.5,11.400000000000002
18.5,11.45
18.5,11.5
18.450000000000003,11.55
18.450000000000003,11.600000000000001
18.450000000000003,11.650000000000002
18.400000000000006,11.7
18.400000000000006,11.75
18.400000000000006,11.8
18.35000000000001,11.850000000000001
18.35000000000001,11.900000000000002
18.299999999999997,11.95
18.299999999999997,12.0
18.25,12.05
18.25,12.100000000000001
18.25,12.150000000000002
18.200000000000003,12.2
18.200000000000003,12.25
18.150000000000006,12.3
18.150000000000006,12.350000000000001
18.150000000000006,12.400000000000002
18.10000000000001,12.45
18.049999999999997,12.5
18.049999999999997,12.55
18.0,12.600000000000001
18.0,12.650000000000002
17.950000000000003,12.7
17.950000000000003,12.75
17.900000000000006,12.8
17.85000000000001,12.850000000000001
17.85000000000001,12.900000000000002
17.85000000000001,12.95
17.799999999999997,13.0
17.75,13.05
17.700000000000003,13.100000000000001
17.650000000000006,13.150000000000002
17.60000000000001,13.2
17.549999999999997,13.25
17.5,13.3
17.450000000000003,13.350000000000001
17.400000000000006,13.400000000000002
17.35000000000001,13.400000000000002
17.299999999999997,13.400000000000002
17.25,13.45
17.200000000000003,13.5
17.150000000000006,13.5
17.10000000000001,13.5
17.049999999999997,13.55
17.0,13.55
16.950000000000003,13.600000000000001
16.900000000000006,13.600000000000001
16.85000000000001,13.650000000000002
16.799999999999997,13.650000000000002
16.75,13.650000000000002
16.700000000000003,13.7
16.650000000000006,13.7
16.60000000000001,13.7
16.549999999999997,13.75
16.5,13.75
16.450000000000003,13.75
16.400000000000006,13.75
16.35000000000001,13.8
16.299999999999997,13.8
16.25,13.8
16.200000000000003,13.850000000000001
16.150000000000006,13.850000000000001
16.10000000000001,13.850000000000001
16.049999999999997,13.850000000000001
16.0,13.850000000000001
15.950000000000003,13.850000000000001
15.900000000000006,13.899999999999999
15.850000000000009,13.899999999999999
15.799999999999997,13.899999999999999
15.75,13.899999999999999
15.700000000000003,13.899999999999999
15.650000000000006,13.899999999999999
15.600000000000009,13.95
15.549999999999997,13.95
15.5,13.95
15.450000000000003,13.95
15.400000000000006,13.95
15.350000000000009,14.0
15.299999999999997,14.0
15.25,14.0
15.200000000000003,14.0
15.150000000000006,14.0
15.100000000000009,14.0
15.049999999999997,14.05
15.0,14.05
14.950000000000003,14.05
14.900000000000006,14.05
14.850000000000009,14.05
14.799999999999997,14.05
14.75,14.05
14.700000000000003,14.05
14.650000000000006,14.100000000000001
14.600000000000009,14.100000000000001
14.549999999999997,14.100000000000001
14.5,14.100000000000001
14.450000000000003,14.100000000000001
14.400000000000006,14.100000000000001
14.350000000000009,14.100000000000001
14.299999999999997,14.100000000000001
14.25,14.149999999999999
14.200000000000003,14.149999999999999
14.150000000000006,14.149999999999999
14.100000000000009,14.149999999999999
14.049999999999997,14.149999999999999
14.0,14.149999999999999
13.950000000000003,14.149999999999999
13.900000000000006,14.149999999999999
13.850000000000001,14.149999999999999
13.800000000000004,14.2
13.75,14.2
13.700000000000003,14.2
13.650000000000006,14.2
13.600000000000001,14.2
13.550000000000004,14.2
13.5,14.25
13.450000000000003,14.25
13.400000000000006,14.25
13.350000000000001,14.25
13.300000000000004,14.25
13.25,14.25
13.200000000000003,14.25
13.150000000000006,14.3
13.100000000000001,14.3
13.050000000000004,14.3
13.0,14.3
12.950000000000003,14.3
12.900000000000006,14.3
12.850000000000001,14.3
12.800000000000004,14.3
12.75,14.3
12.700000000000003,14.3
12.650000000000006,14.350000000000001
12.600000000000001,14.350000000000001
12.550000000000004,14.350000000000001
12.5,14.350000000000001
12.450000000000003,14.350000000000001
12.400000000000006,14.350000000000001
12.350000000000001,14.350000000000001
12.300000000000004,14.350000000000001
12.25,14.399999999999999
12.200000000000003,14.399999999999999
12.150000000000006,14.399999999999999
12.100000000000001,14.399999999999999
12.050000000000004,14.399999999999999
12.0,14.399999999999999
11.950000000000003,14.45
11.900000000000006,14.45
11.850000000000001,14.45
11.800000000000004,14.45
11.75,14.45
11.700000000000003,14.45
11.650000000000006,14.45
11.600000000000001,14.5
11.550000000000004,14.5
11.5,14.5
11.450000000000003,14.5
11.400000000000006,14.5
11.350000000000001,14.5
11.300000000000004,14.5
11.25,14.5
11.200000000000003,14.5
11.150000000000006,14.5
11.100000000000001,14.55
11.050000000000004,14.55
11.0,14.55
10.950000000000003,14.55
10.900000000000006,14.55
10.850000000000001,14.55
10.800000000000004,14.55
10.75,14.55
10.700000000000003,14.55
10.650000000000006,14.600000000000001
10.600000000000001,14.600000000000001
10.550000000000004,14.600000000000001
10.5,14.600000000000001
10.450000000000003,14.600000000000001
10.400000000000006,14.649999999999999
10.350000000000001,14.649999999999999
10.300000000000004,14.649999999999999
10.25,14.649999999999999
10.200000000000003,14.649999999999999
10.150000000000006,14.649999999999999
10.100000000000001,14.649999999999999
10.050000000000004,14.7
10.0,14.7
9.950000000000003,14.7
9.900000000000006,14.7
9.850000000000001,14.7
9.800000000000004,14.7
9.75,14.7
9.700000000000003,14.7
9.650000000000006,14.7
9.600000000000001,14.7
9.550000000000004,14.75
9.5,14.75
9.450000000000003,14.75
9.400000000000006,14.75
9.350000000000001,14.75
9.300000000000004,14.75
9.25,14.75
9.200000000000003,14.75
9.150000000000006,14.8
9.100000000000001,14.8
9.050000000000004,14.8
9.0,14.8
8.950000000000003,14.8
8.900000000000006,14.8
8.850000000000001,14.8
8.800000000000004,14.850000000000001
8.75,14.850000000000001
8.700000000000003,14.850000000000001
8.650000000000006,14.850000000000001
8.600000000000001,14.850000000000001
8.550000000000004,14.850000000000001
8.5,14.899999999999999
8.450000000000003,14.899999999999999
8.400000000000006,14.899999999999999
8.350000000000001,14.899999999999999
8.300000000000004,14.899999999999999
8.25,14.899999999999999
8.200000000000003,14.899999999999999
8.150000000000006,14.899999999999999
8.100000000000001,14.899999999999999
8.050000000000004,14.899999999999999
8.0,14.95
7.950000000000003,14.95
7.900000000000006,14.95
7.850000000000001,14.95
7.800000000000004,14.95
7.75,14.95
7.700000000000003,14.95
7.650000000000006,14.95
7.600000000000001,15.0
7.550000000000004,15.0
7.5,15.0
7.450000000000003,15.0
7.400000000000006,15.0
7.350000000000001,15.0
7.300000000000004,15.0
7.25,15.05
7.200000000000003,15.05
7.150000000000006,15.05
7.100000000000001,15.05
7.050000000000004,15.05
7.0,15.05
6.950000000000003,15.100000000000001
6.900000000000006,15.100000000000001
6.850000000000001,15.100000000000001
6.800000000000004,15.100000000000001
6.75,15.100000000000001
6.700000000000003,15.100000000000001
6.650000000000006,15.100000000000001
6.600000000000001,15.100000000000001
6.550000000000004,15.100000000000001
6.5,15.100000000000001
6.450000000000003,15.149999999999999
6.400000000000006,15.149999999999999
6.350000000000001,15.149999999999999
6.300000000000004,15.149999999999999
6.25,15.149999999999999
6.200000000000003,15.149999999999999
6.150000000000006,15.149999999999999
6.100000000000001,15.149999999999999
6.050000000000004,15.2
6.0,15.2
5.950000000000003,15.2
5.900000000000006,15.2
5.850000000000001,15.2
5.800000000000004,15.2
5.75,15.2
5.700000000000003,15.2
5.650000000000006,15.25
5.600000000000001,15.25
5.550000000000004,15.25
5.5,15.25
5.450000000000003,15.25
5.400000000000006,15.25
5.350000000000001,15.25
5.300000000000004,15.3
5.25,15.3
5.200000000000003,15.3
5.150000000000006,15.3
5.100000000000001,15.3
5.050000000000004,15.3
5.0,15.3
4.950000000000003,15.3
4.900000000000006,15.3
4.850000000000001,15.350000000000001
4.800000000000004,15.350000000000001
4.75,15.350000000000001
4.700000000000003,15.350000000000001
4.650000000000006,15.350000000000001
4.600000000000001,15.350000000000001
4.550000000000004,15.350000000000001
4.5,15.350000000000001
4.450000000000003,15.350000000000001
4.400000000000006,15.399999999999999
4.350000000000001,15.399999999999999
4.300000000000004,15.399999999999999
4.25,15.399999999999999
4.200000000000003,15.399999999999999
4.150000000000006,15.399999999999999
4.100000000000001,15.399999999999999
4.050000000000004,15.399999999999999
4.0,15.399999999999999
3.950000000000003,15.45
3.9000000000000057,15.45
3.8500000000000014,15.45
3.8000000000000043,15.45
3.75,15.45
3.700000000000003,15.45
3.6500000000000057,15.45
3.6000000000000014,15.5
3.5500000000000043,15.5
3.5,15.5
3.450000000000003,15.5
3.4000000000000057,15.5
3.3500000000000014,15.5
3.3000000000000043,15.5
3.25,15.5
3.200000000000003,15.55
3.1500000000000057,15.55
3.1000000000000014,15.55
3.0500000000000043,15.55
3.0,15.55
2.950000000000003,15.55
2.9000000000000057,15.55
2.8500000000000014,15.600000000000001
2.8000000000000043,15.600000000000001
2.75,15.600000000000001
2.700000000000003,15.600000000000001
2.6500000000000057,15.600000000000001
2.6000000000000014,15.649999999999999
2.5500000000000043,15.649999999999999
2.5,15.649999999999999
2.450000000000003,15.649999999999999
2.4000000000000057,15.649999999999999
2.3500000000000014,15.7
2.3000000000000043,15.7
2.25,15.7
2.200000000000003,15.7
2.1500000000000057,15.75
2.1000000000000014,15.75
2.0500000000000043,15.75
2.0,15.75
1.9500000000000028,15.8
1.9000000000000057,15.8
1.8500000000000014,15.8
1.8000000000000043,15.8
1.75,15.8
1.7000000000000028,15.850000000000001
1.6500000000000057,15.850000000000001
1.6000000000000014,15.899999999999999
1.5500000000000043,15.899999999999999
1.5,15.899999999999999
1.4500000000000028,15.95
1.4000000000000057,15.95
1.3500000000000014,15.95
1.3000000000000043,16.0
1.25,16.0
1.2000000000000028,16.05
1.1500000000000057,16.1
1.1000000000000014,16.1
1.0500000000000043,16.15
1.0,16.15
0.9500000000000028,16.2
0.9000000000000057,16.25
0.8500000000000014,16.3
0.8000000000000043,16.35
0.75,16.4
0.7000000000000028,16.45
0.6500000000000057,16.5
0.6000000000000014,16.55
0.5500000000000043,16.6
0.5500000000000043,16.65
0.5,16.7
0.45000000000000284,16.75
0.4000000000000057,16.8
0.4000000000000057,16.85
0.3500000000000014,16.900000000000002
0.3500000000000014,16.95
0.30000000000000426,17.0
0.30000000000000426,17.05
0.25,17.1
0.25,17.150000000000002
0.20000000000000284,17.2
0.20000000000000284,17.25
0.15000000000000568,17.3
0.15000000000000568,17.35
0.10000000000000142,17.400000000000002
0.10000000000000142,17.45
0.10000000000000142,17.5
0.05000000000000426,17.55
0.05000000000000426,17.6
0.0,17.650000000000002
0.0,17.7
-0.04999999999999716,17.75
-0.04999999999999716,17.8
-0.09999999999999432,17.85
-0.09999999999999432,17.900000000000002
-0.14999999999999858,17.95
-0.14999999999999858,18.0
-0.14999999999999858,18.05
-0.19999999999999574,18.1
-0.19999999999999574,18.150000000000002
-0.25,18.2
-0.25,18.25
-0.25,18.3
-0.29999999999999716,18.35
-0.29999999999999716,18.400000000000002
-0.3499999999999943,18.45
-0.3499999999999943,18.5
-0.3499999999999943,18.55
-0.3999999999999986,18.6
-0.3999999999999986,18.650000000000002
-0.44999999999999574,18.7
-0.44999999999999574,18.75
-0.44999999999999574,18.8
-0.5,18.85
-0.5,18.900000000000002
-0.5,18.95
-0.5499999999999972,19.0
-0.5499999999999972,19.05
-0.5999999999999943,19.1
-0.5999999999999943,19.150000000000002
-0.5999999999999943,19.2
-0.6499999999999986,19.25
-0.6499999999999986,19.3
-0.6999999999999957,19.35
-0.6999999999999957,19.400000000000002
-0.6999999999999957,19.45
-0.6999999999999957,19.5
-0.75,19.55
-0.75,19.6
-0.7999999999999972,19.650000000000002
-0.7999999999999972,19.7
-0.8499999999999943,19.75
-0.8499999999999943,19.8
-0.8499999999999943,19.85
-0.8999999999999986,19.900000000000002
-0.8999999999999986,19.95
-0.8999999999999986,20.0
-0.9499999999999957,20.05
-0.9499999999999957,20.1
-0.9499999999999957,20.150000000000002
-1.0,20.2
-1.0,20.25
-1.0,20.3
-1.0499999999999972,20.35
-1.0499999999999972,20.400000000000002
-1.0999999999999943,20.45
-1.0999999999999943,20.5
-1.0999999999999943,20.55
-1.1499999999999986,20.6
-1.1499999999999986,20.650000000000002
-1.1499999999999986,20.7
-1.1999999999999957,20.75
-1.1999999999999957,20.8
-1.25,20.85
-1.25,20.900000000000002
-1.2999999999999972,20.95
-1.2999999999999972,21.0
-1.2999999999999972,21.05
-1.3499999999999943,21.1
-1.3499999999999943,21.150000000000002
-1.3999999999999986,21.2
-1.3999999999999986,21.25
-1.4499999999999957,21.3
-1.4499999999999957,21.35
-1.5,21.400000000000002
-1.5,21.45
-1.5499999999999972,21.5
-1.5999999999999943,21.55
-1.5999999999999943,21.6
-1.5999999999999943,21.650000000000002
-1.6499999999999986,21.7
-1.6999999999999957,21.75
-1.75,21.8
-1.75,21.85
-1.7999999999999972,21.900000000000002
-1.8499999999999943,21.95
-1.8499999999999943,22.0
-1.8999999999999986,22.05
-1.9499999999999957,22.1
-2.0,22.150000000000002
-2.049999999999997,22.2
-2.0999999999999943,22.25
-2.1499999999999986,22.3
-2.1999999999999957,22.3
-2.25,22.35
-2.299999999999997,22.35
-2.3499999999999943,22.400000000000002
-2.3999999999999986,22.400000000000002
-2.4499999999999957,22.400000000000002
-2.5,22.45
-2.549999999999997,22.5
-2.5999999999999943,22.5
-2.6499999999999986,22.55
-2.6999999999999957,22.55
-2.75,22.55
-2.799999999999997,22.55
-2.8499999999999943,22.6
-2.8999999999999986,22.6
-2.9499999999999957,22.6
-3.0,22.6
-3.049999999999997,22.650000000000002
-3.0999999999999943,22.650000000000002
-3.1499999999999986,22.650000000000002
-3.1999999999999957,22.7
-3.25,22.7
-3.299999999999997,22.7
-3.3499999999999943,22.75
-3.3999999999999986,22.75
-3.4499999999999957,22.75
-3.5,22.75
-3.549999999999997,22.8
-3.5999999999999943,22.8
-3.6499999999999986,22.8
-3.6999999999999957,22.8
-3.75,22.8
-3.799999999999997,22.8
-3.8499999999999943,22.85
-3.8999999999999986,22.85
-3.9499999999999957,22.85
-4.0,22.85
-4.049999999999997,22.900000000000002
-4.099999999999994,22.900000000000002
-4.149999999999999,22.900000000000002
-4.199999999999996,22.900000000000002
-4.25,22.900000000000002
-4.299999999999997,22.900000000000002
-4.349999999999994,22.95
-4.399999999999999,22.95
-4.449999999999996,22.95
-4.5,22.95
-4.549999999999997,22.95
-4.599999999999994,23.0
-4.649999999999999,23.0
-4.699999999999996,23.0
-4.75,23.0
-4.799999999999997,23.05
-4.849999999999994,23.05
-4.899999999999999,23.05
-4.949999999999996,23.05
-5.0,23.05
-5.049999999999997,23.1
-5.099999999999994,23.1
-5.149999999999999,23.1
-5.199999999999996,23.1
-5.25,23.1
-5.299999999999997,23.1
-5.349999999999994,23.150000000000002
-5.399999999999999,23.150000000000002
-5.449999999999996,23.150000000000002
-5.5,23.150000000000002
-5.549999999999997,23.150000000000002
-5.599999999999994,23.2
-5.649999999999999,23.2
-5.699999999999996,23.2
-5.75,23.2
-5.799999999999997,23.2
-5.849999999999994,23.25
-5.899999999999999,23.25
-5.949999999999996,23.25
-6.0,23.25
-6.049999999999997,23.3
-6.099999999999994,23.3
-6.149999999999999,23.3
-6.199999999999996,23.3
-6.25,23.3
-6.299999999999997,23.3
-6.349999999999994,23.35
-6.399999999999999,23.35
-6.449999999999996,23.35
-6.5,23.35
-6.549999999999997,23.35
-6.599999999999994,23.400000000000002
-6.649999999999999,23.400000000000002
-6.699999999999996,23.400000000000002
-6.75,23.400000000000002
-6.799999999999997,23.400000000000002
-6.849999999999994,23.45
-6.899999999999999,23.45
-6.949999999999996,23.45
-7.0,23.45
-7.049999999999997,23.5
-7.099999999999994,23.5
-7.149999999999999,23.5
-7.199999999999996,23.5
-7.25,23.5
-7.299999999999997,23.5
-7.349999999999994,23.55
-7.399999999999999,23.55
-7.449999999999996,23.55
-7.5,23.55
-7.549999999999997,23.55
-7.599999999999994,23.6
-7.649999999999999,23.6
-7.699999999999996,23.6
-7.75,23.6
-7.799999999999997,23.6
-7.849999999999994,23.650000000000002
-7.899999999999999,23.650000000000002
-7.949999999999996,23.650000000000002
-8.0,23.650000000000002
-8.049999999999997,23.7
-8.099999999999994,23.7
-8.149999999999999,23.7
-8.199999999999996,23.7
-8.25,23.7
-8.299999999999997,23.75
-8.349999999999994,23.75
-8.399999999999999,23.75
-8.449999999999996,23.75
-8.5,23.75
-8.549999999999997,23.75
-8.599999999999994,23.8
-8.649999999999999,23.8
-8.699999999999996,23.8
-8.75,23.8
-8.799999999999997,23.8
-8.849999999999994,23.85
-8.899999999999999,23.85
-8.949999999999996,23.85
-9.0,23.85
-9.049999999999997,23.900000000000002
-9.099999999999994,23.900000000000002
-9.149999999999999,23.900000000000002
-9.199999999999996,23.900000000000002
-9.25,23.900000000000002
-9.299999999999997,23.95
-9.349999999999994,23.95
-9.399999999999999,23.95
-9.449999999999996,23.95
-9.5,23.95
-9.549999999999997,24.0
-9.599999999999994,24.0
-9.649999999999999,24.0
-9.699999999999996,24.0
-9.75,24.0
-9.799999999999997,24.0
-9.849999999999994,24.05
-9.899999999999999,24.05
-9.949999999999996,24.05
-10.0,24.05
-10.049999999999997,24.05
-10.099999999999994,24.1
-10.149999999999999,24.1
-10.199999999999996,24.1
-10.25,24.1
-10.299999999999997,24.150000000000002
-10.349999999999994,24.150000000000002
-10.399999999999999,24.150000000000002
-10.449999999999996,24.150000000000002
-10.5,24.150000000000002
-10.549999999999997,24.150000000000002
-10.599999999999994,24.2
-10.649999999999999,24.2
-10.699999999999996,24.2
-10.75,24.2
-10.799999999999997,24.2
-10.849999999999994,24.25
-10.899999999999999,24.25
-10.949999999999996,24.25
-11.0,24.25
-11.049999999999997,24.25
-11.099999999999994,24.3
-11.149999999999999,24.3
-11.199999999999996,24.3
-11.25,24.3
-11.299999999999997,24.35
-11.349999999999994,24.35
-11.399999999999999,24.35
-11.449999999999996,24.35
-11.5,24.35
-11.549999999999997,24.35
-11.599999999999994,24.400000000000002
-11.649999999999999,24.400000000000002
-11.699999999999996,24.400000000000002
-11.75,24.400000000000002
-11.799999999999997,24.400000000000002
-11.850000000000001,24.45
-11.899999999999999,24.45
-11.949999999999996,24.45
-12.0,24.45
-12.049999999999997,24.45
-12.100000000000001,24.5
-12.149999999999999,24.5
-12.199999999999996,24.5
-12.25,24.5
-12.299999999999997,24.55
-12.350000000000001,24.55
-12.399999999999999,24.55
-12.449999999999996,24.55
-12.5,24.55
-12.549999999999997,24.55
-12.600000000000001,24.6
-12.649999999999999,24.6
-12.699999999999996,24.6
-12.75,24.6
-12.799999999999997,24.6
-12.850000000000001,24.650000000000002
-12.899999999999999,24.650000000000002
-12.949999999999996,24.650000000000002
-13.0,24.650000000000002
-13.049999999999997,24.650000000000002
-13.100000000000001,24.7
-13.149999999999999,24.7
-13.199999999999996,24.7
-13.25,24.7
-13.299999999999997,24.75
-13.350000000000001,24.75
-13.399999999999999,24.75
-13.449999999999996,24.75
-13.5,24.75
-13.549999999999997,24.8
-13.600000000000001,24.8
-13.649999999999999,24.8
-13.699999999999996,24.8
-13.75,24.8
-13.799999999999997,24.8
-13.850000000000001,24.85
-13.899999999999999,24.85
-13.949999999999996,24.85
-14.0,24.85
-14.049999999999997,24.85
-14.100000000000001,24.900000000000002
-14.149999999999999,24.900000000000002
-14.199999999999996,24.900000000000002
-14.25,24.900000000000002
-14.299999999999997,24.900000000000002
-14.350000000000001,24.95
-14.399999999999999,24.95
-14.449999999999996,24.95
-14.5,24.95
-14.549999999999997,25.0
-14.600000000000001,25.0
-14.649999999999999,25.0
-14.699999999999996,25.0
-14.75,25.0
-14.799999999999997,25.0
-14.850000000000001,25.05
-14.899999999999999,25.05
-14.949999999999996,25.05
-15.0,25.05
-15.049999999999997,25.05
-15.100000000000001,25.1
-15.149999999999999,25.1
-15.199999999999996,25.1
-15.25,25.1
-15.299999999999997,25.1
-15.350000000000001,25.1
-15.399999999999999,25.150000000000002
-15.449999999999996,25.150000000000002
-15.5,25.150000000000002
-15.549999999999997,25.2
-15.600000000000001,25.2
-15.649999999999999,25.2
-15.699999999999996,25.2
-15.75,25.2
-15.799999999999997,25.2
-15.850000000000001,25.25
-15.899999999999999,25.25
-15.949999999999996,25.25
-16.0,25.25
-16.049999999999997,25.25
-16.1,25.25
-16.15,25.3
-16.199999999999996,25.3
-16.25,25.3
-16.299999999999997,25.3
-16.35,25.3
-16.4,25.35
-16.449999999999996,25.35
-16.5,25.35
-16.549999999999997,25.35
-16.6,25.400000000000002
-16.65,25.400000000000002
-16.699999999999996,25.400000000000002
-16.75,25.400000000000002
-16.799999999999997,25.400000000000002
-16.85,25.45
-16.9,25.45
-16.949999999999996,25.45
-17.0,25.45
-17.049999999999997,25.45
-17.1,25.45
-17.15,25.5
-17.199999999999996,25.5
-17.25,25.5
-17.299999999999997,25.5
-17.35,25.5
-17.4,25.5
-17.449999999999996,25.55
-17.5,25.55
-17.549999999999997,25.55
-17.6,25.55
-17.65,25.55
-17.699999999999996,25.6
-17.75,25.6
-17.799999999999997,25.6
-17.85,25.6
-17.9,25.6
-17.949999999999996,25.650000000000002
-18.0,25.650000000000002
-18.049999999999997,25.650000000000002
-18.099999999999998,25.650000000000002
-18.15,25.650000000000002
-18.2,25.7
-18.25,25.7
-18.299999999999997,25.7
-18.349999999999998,25.7
-18.4,25.7
-18.45,25.7
-18.5,25.75
-18.549999999999997,25.75
-18.599999999999998,25.75
-18.65,25.75
-18.7,25.75
-18.75,25.8
-18.799999999999997,25.8
-18.849999999999998,25.8
-18.9,25.8
-18.95,25.8
-19.0,25.85
-19.049999999999997,25.85
-19.099999999999998,25.85
-19.15,25.85
-19.2,25.85
-19.25,25.900000000000002
-19.299999999999997,25.900000000000002
-19.349999999999998,25.900000000000002
-19.4,25.900000000000002
-19.45,25.900000000000002
-19.5,25.900000000000002
-19.549999999999997,25.95
-19.599999999999998,25.95
-19.65,25.95
-19.7,25.95
-19.75,25.95
-19.799999999999997,26.0
-19.849999999999998,26.0
-19.9,26.0
-19.95,26.0
-20.0,26.0
-20.049999999999997,26.05
-20.099999999999998,26.05
-20.15,26.05
-20.2,26.05
-20.25,26.05
-20.299999999999997,26.1
-20.349999999999998,26.1
-20.4,26.1
-20.45,26.1
-20.5,26.1
-20.549999999999997,26.150000000000002
-20.599999999999998,26.150000000000002
-20.65,26.150000000000002
-20.7,26.150000000000002
-20.75,26.150000000000002
-20.799999999999997,26.150000000000002
-20.849999999999998,26.2
-20.9,26.2
-20.95,26.2
-21.0,26.2
-21.049999999999997,26.2
-21.099999999999998,26.2
-21.15,26.25
-21.2,26.25
-21.25,26.25
-21.299999999999997,26.25
-21.349999999999998,26.3
-21.4,26.3
-21.45,26.3
-21.5,26.3
-21.549999999999997,26.3
-21.599999999999998,26.35
-21.65,26.35
-21.7,26.35
-21.75,26.35
-21.799999999999997,26.35
-21.849999999999998,26.35
-21.9,26.400000000000002
-21.95,26.400000000000002
-22.0,26.400000000000002
-22.049999999999997,26.400000000000002
-22.099999999999998,26.400000000000002
-22.15,26.400000000000002
-22.2,26.45
-22.25,26.45
-22.299999999999997,26.45
-22.349999999999998,26.45
-22.4,26.45
-22.45,26.5
-22.5,26.5
-22.549999999999997,26.5
-22.599999999999998,26.5
-22.65,26.55
-22.7,26.55
-22.75,26.55
-22.799999999999997,26.55
-22.849999999999998,26.55
-22.9,26.55
-22.95,26.6
-23.0,26.6
-23.049999999999997,26.6
-23.099999999999998,26.6
-23.15,26.6
-23.2,26.6
-23.25,26.650000000000002
-23.299999999999997,26.650000000000002
-23.349999999999998,26.650000000000002
-23.4,26.650000000000002
-23.45,26.650000000000002
-23.5,26.7
-23.549999999999997,26.7
-23.599999999999998,26.7
-23.65,26.7
-23.7,26.75
-23.75,26.75
-23.799999999999997,26.75
-23.849999999999998,26.75
-23.9,26.75
-23.95,26.75
-24.0,26.8
-24.049999999999997,26.8
-24.099999999999998,26.8
-24.15,26.8
-24.2,26.8
-24.25,26.8
-24.299999999999997,26.85
-24.349999999999998,26.85
-24.4,26.85
-24.45,26.85
-24.5,26.85
-24.549999999999997,26.900000000000002
-24.599999999999998,26.900000000000002
-24.65,26.900000000000002
-24.7,26.900000000000002
-24.75,26.95
-24.799999999999997,26.95
-24.849999999999998,26.95
-24.9,26.95
-24.95,26.95
-25.0,26.95
-25.049999999999997,27.0
-25.099999999999998,27.0
-25.15,27.0
-25.2,27.0
-25.25,27.0
-25.299999999999997,27.0
-25.349999999999998,27.05
-25.4,27.05
-25.45,27.05
-25.5,27.05
-25.549999999999997,27.05
-25.599999999999998,27.1
-25.65,27.1
-25.7,27.1
-25.75,27.1
-25.799999999999997,27.150000000000002
-25.849999999999998,27.150000000000002
-25.9,27.150000000000002
-25.95,27.150000000000002
-26.0,27.150000000000002
-26.049999999999997,27.150000000000002
-26.099999999999998,27.2
-26.15,27.2
-26.2,27.2
-26.25,27.2
-26.299999999999997,27.2
-26.349999999999998,27.2
-26.4,27.25
-26.45,27.25
-26.5,27.25
-26.549999999999997,27.25
-26.599999999999998,27.25
-26.65,27.3
-26.7,27.3
-26.75,27.3
-26.799999999999997,27.3
-26.849999999999998,27.3
-26.9,27.35
-26.95,27.35
-27.0,27.35
-27.049999999999997,27.35
-27.099999999999998,27.400000000000002
-27.15,27.400000000000002
-27.2,27.400000000000002
-27.25,27.400000000000002
-27.299999999999997,27.400000000000002
-27.349999999999998,27.400000000000002
-27.4,27.400000000000002
-27.45,27.45
-27.5,27.45
-27.549999999999997,27.45
-27.599999999999998,27.45
-27.65,27.45
-27.7,27.5
-27.75,27.5
-27.799999999999997,27.5
-27.849999999999998,27.5
-27.9,27.5
-27.95,27.55
-28.0,27.55
-28.049999999999997,27.55
-28.099999999999998,27.55
-28.15,27.6
-28.2,27.6
-28.25,27.6
-28.299999999999997,27.6
-28.349999999999998,27.6
-28.4,27.6
-28.45,27.650000000000002
-28.5,27.650000000000002
-28.549999999999997,27.650000000000002
-28.599999999999998,27.650000000000002
-28.65,27.650000000000002
-28.7,27.7
-28.75,27.7
-28.799999999999997,27.7
-28.849999999999998,27.7
-28.9,27.7
-28.95,27.75
-29.0,27.75
-29.049999999999997,27.75
-29.099999999999998,27.75
-29.15,27.75
-29.2,27.8
-29.25,27.8
-29.299999999999997,27.8
-29.349999999999998,27.8
-29.4,27.8
-29.45,27.8
-29.5,27.85
-29.549999999999997,27.85
-29.599999999999998,27.85
-29.65,27.85
-29.7,27.85
-29.75,27.900000000000002
-29.799999999999997,27.900000000000002
-29.849999999999998,27.900000000000002
-29.9,27.900000000000002
-29.95,27.900000000000002
-30.0,27.95
-30.049999999999997,27.95
-30.099999999999998,27.95
-30.15,27.95
-30.2,27.95
-30.25,28.0
-30.299999999999997,28.0
-30.349999999999998,28.0
-30.4,28.0
-30.45,28.0
-30.5,28.05
-30.549999999999997,28.05
-30.599999999999998,28.05
-30.65,28.05
-30.7,28.1
-30.75,28.1
-30.799999999999997,28.1
-30.849999999999998,28.1
-30.9,28.1
-30.95,28.1
-31.0,28.150000000000002
-31.05,28.150000000000002
-31.099999999999998,28.150000000000002
-31.15,28.150000000000002
-31.2,28.150000000000002
-31.25,28.2
-31.3,28.2
-31.349999999999998,28.2
-31.4,28.2
-31.45,28.2
-31.5,28.25
-31.55,28.25
-31.599999999999998,28.25
-31.65,28.25
-31.7,28.25
-31.75,28.3
-31.8,28.3
-31.849999999999998,28.3
-31.9,28.3
-31.95,28.3
-32.0,28.35
-32.05,28.35
-32.099999999999994,28.35
-32.15,28.35
-32.2,28.35
-32.25,28.400000000000002
-32.3,28.400000000000002
-32.349999999999994,28.400000000000002
-32.4,28.400000000000002
-32.45,28.400000000000002
-32.5,28.400000000000002
-32.55,28.45
-32.599999999999994,28.45
-32.65,28.45
-32.7,28.45
-32.75,28.5
-32.8,28.5
-32.849999999999994,28.5
-32.9,28.5
-32.95,28.5
-33.0,28.55
-33.05,28.55
-33.099999999999994,28.55
-33.15,28.55
-33.2,28.55
-33.25,28.55
-33.3,28.6
-33.349999999999994,28.6
-33.4,28.6
-33.45,28.6
-33.5,28.6
-33.55,28.650000000000002
-33.599999999999994,28.650000000000002
-33.65,28.650000000000002
-33.7,28.650000000000002
-33.75,28.7
-33.8,28.7
-33.849999999999994,28.7
-33.9,28.7
-33.95,28.7
-34.0,28.75
-34.05,28.75
-34.1,28.75
-34.15,28.75
-34.2,28.75
-34.25,28.75
-34.3,28.8
-34.35,28.8
-34.4,28.8
-34.45,28.8
-34.5,28.8
-34.55,28.8
-34.6,28.85
-34.65,28.85
-34.7,28.85
-34.75,28.900000000000002
-34.8,28.900000000000002
-34.85,28.900000000000002
-34.9,28.900000000000002
-34.95,28.900000000000002
-35.0,28.95
-35.05,28.95
-35.1,28.95
-35.15,28.95
-35.2,28.95
-35.25,29.0
-35.3,29.0
-35.35,29.0
-35.4,29.0
-35.45,29.0
-35.5,29.0
-35.55,29.05
-35.6,29.05
-35.65,29.05
-35.7,29.05
-35.75,29.1
-35.8,29.1
-35.85,29.1
-35.9,29.1
-35.95,29.1
-36.0,29.150000000000002
-36.05,29.150000000000002
-36.1,29.150000000000002
-36.15,29.150000000000002
-36.2,29.150000000000002
-36.25,29.2
-36.3,29.2
-36.35,29.2
-36.4,29.2
-36.45,29.2
-36.5,29.2
-36.55,29.2
-36.6,29.25
-36.65,29.25
-36.7,29.25
-36.75,29.25
-36.8,29.25
-36.85,29.25
-36.9,29.25
-36.95,29.3
-37.0,29.3
-37.05,29.3
-37.1,29.3
-37.15,29.3
-37.2,29.3
-37.25,29.35
-37.3,29.35
-37.35,29.35
-37.4,29.35
-37.45,29.35
-37.5,29.35
-37.55,29.35
-37.6,29.35
-37.65,29.35
-37.7,29.35
-37.75,29.35
-37.8,29.35
-37.85,29.400000000000002
-37.9,29.400000000000002
-37.95,29.400000000000002
-38.0,29.400000000000002
-38.05,29.400000000000002
-38.1,29.400000000000002
-38.15,29.400000000000002
-38.2,29.400000000000002
-38.25,29.35
-38.3,29.35
-38.35,29.35
-38.4,29.35
-38.45,29.35
-38.5,29.35
-38.55,29.35
-38.6,29.35
-38.65,29.35
-38.7,29.35
-38.75,29.3
-38.8,29.3
-38.85,29.3
-38.9,29.3
-38.95,29.3
-39.0,29.3
-39.05,29.3
-39.1,29.3
-39.15,29.25
-39.2,29.25
-39.25,29.25
-39.3,29.25
-39.35,29.2
-39.4,29.2
-39.45,29.150000000000002
-39.5,29.150000000000002
-39.55,29.150000000000002
-39.6,29.150000000000002
-39.65,29.150000000000002
-39.7,29.1
-39.75,29.1
-39.8,29.1
-39.85,29.05
-39.9,29.05
-39.95,29.0
-40.0,29.0
-40.05,29.0
-40.1,28.95
-40.15,28.95
-40.2,28.900000000000002
-40.25,28.900000000000002
-40.3,28.85
-40.35,28.85
-40.4,28.8
-40.45,28.8
-40.5,28.75
-40.55,28.75
-40.6,28.7
-40.65,28.7
-40.7,28.650000000000002
-40.75,28.650000000000002
-40.8,28.6
-40.85,28.6
-40.9,28.55
-40.95,28.5
-41.0,28.45
-41.05,28.45
-41.1,28.400000000000002
-41.15,28.35
-41.2,28.3
-41.25,28.25
-41.3,28.25
-41.35,28.2
-41.4,28.150000000000002
-41.45,28.1
-41.5,28.05
-41.55,28.0
-41.6,27.95
-41.65,27.900000000000002
-41.7,27.85
-41.75,27.8
-41.8,27.75
-41.85,27.7
-41.9,27.650000000000002
-41.95,27.6
-41.95,27.55
-42.0,27.5
-42.05,27.45
-42.1,27.400000000000002
-42.15,27.35
-42.15,27.3
-42.2,27.25
-42.2,27.2
-42.25,27.150000000000002
-42.25,27.1
-42.3,27.05
-42.35,27.0
-42.4,26.95
-42.4,26.900000000000002
-42.4,26.85
-42.45,26.8
-42.45,26.75
-42.5,26.7
-42.5,26.650000000000002
-42.55,26.6
-42.55,26.55
-42.6,26.5
-42.6,26.45
-42.6,26.400000000000002
-42.65,26.35
-42.65,26.3
-42.7,26.25
-42.7,26.2
-42.7,26.150000000000002
-42.7,26.1
-42.75,26.05
-42.75,26.0
-42.75,25.95
-42.75,25.900000000000002
-42.8,25.85
-42.8,25.8
-42.8,25.75
-42.85,25.7
-42.85,25.650000000000002
-42.85,25.6
-42.85,25.55
-42.85,25.5
-42.85,25.45
-42.9,25.400000000000002
-42.9,25.35
-42.9,25.3
-42.9,25.25
-42.9,25.2
-42.9,25.150000000000002
-42.9,25.1
-42.9,25.05
-42.9,25.0
-42.9,24.95
-42.9,24.900000000000002
-42.9,24.85
-42.95,24.8
-42.95,24.75
-42.95,24.7
-42.95,24.650000000000002
-42.95,24.6
-42.95,24.55
-42.95,24.5
-42.95,24.45
-42.95,24.400000000000002
-42.95,24.35
-42.95,24.3
-42.95,24.25
-42.95,24.2
-42.95,24.150000000000002
-42.95,24.1
-42.95,24.05
-42.95,24.0
-42.95,23.95
-42.95,23.900000000000002
-42.95,23.85
-42.95,23.8
-42.95,23.75
-42.95,23.7
-43.0,23.650000000000002
-43.0,23.6
-43.0,23.55
-43.0,23.5
-43.0,23.45
-43.0,23.400000000000002
-43.0,23.35
-43.05,23.3
-43.05,23.25
-43.05,23.2
-43.05,23.150000000000002
-43.05,23.1
-43.1,23.05
-43.1,23.0
-43.15,22.95
-43.15,22.900000000000002
-43.15,22.85
-43.15,22.8
-43.2,22.75
-43.25,22.7
-43.25,22.650000000000002
-43.3,22.6
-43.3,22.55
-43.35,22.5
-43.4,22.45
-43.45,22.400000000000002
-43.5,22.35
-43.55,22.3
-43.6,22.25
-43.65,22.2
-43.7,22.150000000000002
-43.75,22.150000000000002
-43.8,22.1
-43.85,22.05
-43.9,22.05
-43.95,22.0
-44.0,21.95
-44.05,21.900000000000002
-44.1,21.900000000000002
-44.15,21.85
-44.2,21.8
-44.25,21.8
-44.3,21.75
-44.35,21.7
-44.4,21.650000000000002
-44.45,21.650000000000002
-44.5,21.6
-44.55,21.55
-44.6,21.5
-44.65,21.45
-44.7,21.400000000000002
-44.75,21.35
-44.8,21.3
-44.85,21.25
-44.85,21.2
-44.85,21.150000000000002
-44.9,21.1
-44.9,21.05
-44.95,21.0
-44.95,20.95
-44.95,20.900000000000002
-45.0,20.85
-45.0,20.8
-45.0,20.75
-45.0,20.7
-45.05,20.650000000000002
-45.05,20.6
-45.05,20.55
-45.05,20.5
-45.05,20.45
-45.1,20.400000000000002
-45.1,20.35
-45.1,20.3
-45.1,20.25
-45.1,20.2
-45.15,20.150000000000002
-45.15,20.1
-45.15,20.05
-45.15,20.0
-45.15,19.95
-45.15,19.900000000000002
-45.15,19.85
-45.15,19.8
-45.2,19.75
-45.2,19.7
-45.2,19.650000000000002
-45.2,19.6
-45.2,19.55
-45.2,19.5
-45.2,19.45
-45.2,19.400000000000002
-45.2,19.35
-45.2,19.3
-45.2,19.25
-45.2,19.2
-45.2,19.150000000000002
-45.2,19.1
-45.2,19.05
-45.2,19.0
-45.2,18.95
-45.2,18.900000000000002
-45.2,18.85
-45.2,18.8
-45.2,18.75
-45.2,18.7
-45.2,18.650000000000002
-45.2,18.6
-45.2,18.55
-45.2,18.5
-45.2,18.45
-45.2,18.400000000000002
-45.2,18.35
-45.2,18.3
-45.2,18.25
-45.2,18.2
-45.2,18.150000000000002
-45.2,18.1
-45.2,18.05
-45.2,18.0
-45.2,17.95
-45.2,17.900000000000002
-45.2,17.85
-45.2,17.8
-45.2,17.75
-45.2,17.7
-45.2,17.650000000000002
-45.2,17.6
-45.2,17.55
-45.2,17.5
-45.2,17.45
-45.2,17.400000000000002
-45.2,17.35
-45.2,17.3
-45.2,17.25
-45.2,17.2
-45.2,17.150000000000002
-45.2,17.1
-45.2,17.05
-45.2,17.0
-45.2,16.95
-45.25,16.900000000000002
-45.25,16.85
-45.25,16.8
-45.25,16.75
-45.25,16.7
-45.25,16.65
-45.25,16.6
-45.25,16.55
-45.25,16.5
-45.25,16.45
-45.25,16.4
-45.25,16.35
-45.25,16.3
-45.25,16.25
-45.25,16.2
-45.25,16.15
-45.25,16.1
-45.25,16.05
-45.25,16.0
-45.25,15.95
-45.25,15.899999999999999
-45.25,15.850000000000001
-45.25,15.8
-45.25,15.75
-45.25,15.7
-45.25,15.649999999999999
-45.25,15.600000000000001
-45.25,15.55
-45.25,15.5
-45.25,15.45
-45.25,15.399999999999999
-45.25,15.350000000000001
-45.25,15.3
-45.25,15.25
-45.25,15.2
-45.25,15.149999999999999
-45.25,15.100000000000001
-45.25,15.05
-45.25,15.0
-45.25,14.95
-45.25,14.899999999999999
-45.25,14.850000000000001
-45.25,14.8
-45.25,14.75
-45.25,14.7
-45.25,14.649999999999999
-45.25,14.600000000000001
-45.25,14.55
-45.25,14.5
-45.25,14.45
-45.25,14.399999999999999
-45.25,14.350000000000001
-45.3,14.3
-45.3,14.25
-45.3,14.2
-45.3,14.149999999999999
-45.3,14.100000000000001
-45.3,14.05
-45.3,14.0
-45.3,13.95
-45.3,13.899999999999999
-45.3,13.850000000000001
-45.3,13.8
-45.3,13.75
-45.3,13.7
-45.3,13.650000000000002
-45.3,13.600000000000001
-45.3,13.55
-45.3,13.5
-45.3,13.45
-45.3,13.400000000000002
-45.3,13.350000000000001
-45.3,13.3
-45.3,13.25
-45.3,13.2
-45.3,13.150000000000002
-45.3,13.100000000000001
-45.3,13.05
-45.3,13.0
-45.3,12.95
-45.3,12.900000000000002
-45.3,12.850000000000001
-45.3,12.8
-45.3,12.75
-45.3,12.7
-45.3,12.650000000000002
-45.3,12.600000000000001
-45.3,12.55
-45.3,12.5
-45.3,12.45
-45.3,12.400000000000002
-45.3,12.350000000000001
-45.3,12.3
-45.3,12.25
-45.3,12.2
-45.3,12.150000000000002
-45.3,12.100000000000001
-45.3,12.05
-45.3,12.0
-45.3,11.95
-45.3,11.900000000000002
-45.3,11.850000000000001
-45.3,11.8
-45.3,11.75
-45.3,11.7
-45.3,11.650000000000002
-45.3,11.600000000000001
-45.3,11.55
-45.3,11.5
-45.3,11.45
-45.3,11.400000000000002
-45.3,11.350000000000001
-45.3,11.3
-45.3,11.25
-45.3,11.2
-45.3,11.150000000000002
-45.3,11.100000000000001
-45.3,11.05
-45.3,11.0
-45.3,10.95
-45.3,10.900000000000002
-45.3,10.850000000000001
-45.3,10.8
-45.3,10.75
-45.25,10.7
-45.25,10.650000000000002
-45.25,10.600000000000001
-45.25,10.55
-45.25,10.5
-45.25,10.45
-45.25,10.400000000000002
-45.25,10.350000000000001
-45.25,10.3
-45.25,10.25
-45.25,10.2
-45.2,10.150000000000002
-45.2,10.100000000000001
-45.2,10.05
-45.2,10.0
-45.2,9.95
-45.2,9.900000000000002
-45.15,9.850000000000001
-45.15,9.8
-45.15,9.75
-45.15,9.7
-45.1,9.650000000000002
-45.1,9.600000000000001
-45.1,9.55
-45.1,9.5
-45.05,9.45
-45.0,9.400000000000002
-45.0,9.350000000000001
-44.95,9.3
-44.95,9.25
-44.95,9.2
-44.9,9.150000000000002
-44.9,9.100000000000001
-44.9,9.05
-44.85,9.0
-44.8,8.95
-44.75,8.900000000000002
-44.75,8.850000000000001
-44.7,8.8
-44.65,8.75
-44.65,8.7
-44.6,8.650000000000002
-44.55,8.600000000000001
-44.5,8.55
-44.45,8.5
-44.4,8.45
-44.35,8.400000000000002
-44.3,8.350000000000001
-44.25,8.3
-44.2,8.25
-44.15,8.2
-44.1,8.150000000000002
-44.05,8.100000000000001
-44.0,8.100000000000001
-43.95,8.05
-43.9,8.0
-43.85,8.0
-43.8,7.95
-43.75,7.95
-43.7,7.900000000000001
-43.65,7.8500000000000005
-43.6,7.8500000000000005
-43.55,7.800000000000002
-43.5,7.800000000000002
-43.45,7.750000000000001
-43.4,7.750000000000001
-43.35,7.750000000000001
-43.3,7.7
-43.25,7.7
-43.2,7.7
-43.15,7.7
-43.1,7.650000000000001
-43.05,7.650000000000001
-43.0,7.6000000000000005
-42.95,7.6000000000000005
-42.9,7.6000000000000005
-42.85,7.6000000000000005
-42.8,7.6000000000000005
-42.75,7.6000000000000005
-42.7,7.550000000000002
-42.65,7.550000000000002
-42.6,7.550000000000002
-42.55,7.550000000000002
-42.5,7.550000000000002
-42.45,7.550000000000002
-42.4,7.550000000000002
-42.35,7.500000000000001
-42.3,7.500000000000001
-42.25,7.500000000000001
-42.2,7.500000000000001
-42.15,7.500000000000001
-42.1,7.500000000000001
-42.05,7.500000000000001
-42.0,7.500000000000001
-41.95,7.500000000000001
-41.9,7.500000000000001
-41.85,7.500000000000001
-41.8,7.500000000000001
-41.75,7.500000000000001
-41.7,7.500000000000001
-41.65,7.550000000000002
-41.6,7.550000000000002
-41.55,7.550000000000002
-41.5,7.550000000000002
-41.45,7.550000000000002
-41.4,7.550000000000002
-41.35,7.550000000000002
-41.3,7.6000000000000005
-41.25,7.6000000000000005
-41.2,7.6000000000000005
-41.15,7.6000000000000005
-41.1,7.6000000000000005
-41.05,7.6000000000000005
-41.0,7.650000000000001
-40.95,7.650000000000001
-40.9,7.7
-40.85,7.7
-40.8,7.7
-40.75,7.7
-40.7,7.750000000000001
-40.65,7.750000000000001
-40.6,7.750000000000001
-40.55,7.800000000000002
-40.5,7.800000000000002
-40.45,7.8500000000000005
-40.4,7.8500000000000005
-40.35,7.900000000000001
-40.3,7.900000000000001
-40.25,7.95
-40.2,8.0
-40.15,8.0
-40.1,8.0
-40.05,8.05
-40.0,8.100000000000001
-39.95,8.150000000000002
-39.9,8.150000000000002
-39.85,8.2
-39.8,8.25
-39.75,8.3
-39.7,8.350000000000001
-39.65,8.400000000000002
-39.6,8.45
-39.55,8.5
-39.5,8.55
-39.45,8.600000000000001
-39.4,8.650000000000002
-39.4,8.7
-39.35,8.75
-39.3,8.8
-39.3,8.850000000000001
-39.25,8.900000000000002
-39.2,8.95
-39.2,9.0
-39.15,9.05
-39.1,9.100000000000001
-39.1,9.150000000000002
-39.05,9.2
-39.05,9.25
-39.05,9.3
-39.0,9.350000000000001
-39.0,9.400000000000002
-38.95,9.45
-38.95,9.5
-38.95,9.55
-38.9,9.600000000000001
-38.9,9.650000000000002
-38.9,9.7
-38.85,9.75
-38.85,9.8
-38.85,9.850000000000001
-38.85,9.900000000000002
-38.85,9.95
-38.85,10.0
-38.8,10.05
-38.8,10.100000000000001
-38.8,10.150000000000002
-38.8,10.2
-38.8,10.25
-38.8,10.3
-38.8,10.350000000000001
-38.8,10.400000000000002
-38.75,10.45
-38.75,10.5
-38.75,10.55
-38.75,10.600000000000001
-38.75,10.650000000000002
-38.75,10.7
-38.75,10.75
-38.75,10.8
-38.75,10.850000000000001
-38.8,10.900000000000002
-38.8,10.95
-38.8,11.0
-38.8,11.05
-38.8,11.100000000000001
-38.8,11.150000000000002
-38.8,11.2
-38.85,11.25
-38.85,11.3
-38.85,11.350000000000001
-38.85,11.400000000000002
-38.85,11.45
-38.9,11.5
-38.9,11.55
-38.9,11.600000000000001
-38.95,11.650000000000002
-38.95,11.7
-38.95,11.75
-38.95,11.8
-39.0,11.850000000000001
-39.0,11.900000000000002
-39.05,11.95
-39.05,12.0
-39.05,12.05
-39.1,12.100000000000001
-39.1,12.150000000000002
-39.15,12.2
-39.15,12.25
-39.2,12.3
-39.25,12.350000000000001
-39.25,12.400000000000002
-39.3,12.45
-39.3,12.5
-39.35,12.55
-39.4,12.600000000000001
-39.4,12.650000000000002
-39.4,12.7
-39.45,12.75
-39.5,12.8
-39.55,12.850000000000001
-39.55,12.900000000000002
-39.6,12.95
-39.65,13.0
-39.65,13.05
-39.7,13.100000000000001
-39.7,13.150000000000002
-39.75,13.2
-39.8,13.25
-39.8,13.3
-39.85,13.350000000000001
-39.85,13.400000000000002
-39.9,13.45
-39.9,13.5
-39.9,13.55
-39.95,13.600000000000001
-39.95,13.650000000000002
-39.95,13.7
-39.95,13.75
-39.95,13.8
-40.0,13.850000000000001
-40.0,13.899999999999999
-40.0,13.95
-40.0,14.0
-40.05,14.05
-40.05,14.100000000000001
-40.05,14.149999999999999
-40.05,14.2
-40.05,14.25
-40.05,14.3
-40.05,14.350000000000001
-40.05,14.399999999999999
-40.1,14.45
-40.1,14.5
-40.1,14.55
-40.1,14.600000000000001
-40.1,14.649999999999999
-40.1,14.7
-40.1,14.75
-40.1,14.8
-40.05,14.850000000000001
-40.05,14.899999999999999
-40.05,14.95
-40.05,15.0
-40.05,15.05
-40.05,15.100000000000001
-40.05,15.149999999999999
-40.05,15.2
-40.05,15.25
-40.05,15.3
-40.05,15.350000000000001
-40.05,15.399999999999999
-40.05,15.45
-40.05,15.5
-40.0,15.55
-40.0,15.600000000000001
-40.0,15.649999999999999
-40.0,15.7
-40.0,15.75
-39.95,15.8
-39.95,15.850000000000001
-39.95,15.899999999999999
-39.95,15.95
-39.95,16.0
-39.95,16.05
-39.95,16.1
-39.95,16.15
-39.95,16.2
-39.9,16.25
-39.9,16.3
-39.9,16.35
-39.9,16.4
-39.9,16.45
-39.85,16.5
-39.85,16.55
-39.85,16.6
-39.85,16.65
-39.8,16.7
-39.8,16.75
-39.8,16.8
-39.8,16.85
-39.8,16.900000000000002
-39.8,16.95
-39.8,17.0
-39.75,17.05
-39.75,17.1
-39.75,17.150000000000002
-39.75,17.2
-39.75,17.25
-39.75,17.3
-39.7,17.35
-39.7,17.400000000000002
-39.7,17.45
-39.7,17.5
-39.7,17.55
-39.7,17.6
-39.7,17.650000000000002
-39.65,17.7
-39.65,17.75
-39.65,17.8
-39.65,17.85
-39.65,17.900000000000002
-39.65,17.95
-39.65,18.0
-39.65,18.05
-39.65,18.1
-39.6,18.150000000000002
-39.6,18.2
-39.6,18.25
-39.6,18.3
-39.6,18.35
-39.6,18.400000000000002
-39.6,18.45
-39.6,18.5
-39.55,18.55
-39.55,18.6
-39.55,18.650000000000002
-39.55,18.7
-39.5,18.75
-39.5,18.8
-39.5,18.85
-39.5,18.900000000000002
-39.5,18.95
-39.5,19.0
-39.45,19.05
-39.45,19.1
-39.45,19.150000000000002
-39.45,19.2
-39.45,19.25
-39.45,19.3
-39.4,19.35
-39.4,19.400000000000002
-39.4,19.45
-39.4,19.5
-39.35,19.55
-39.35,19.6
-39.3,19.650000000000002
-39.3,19.7
-39.3,19.75
-39.3,19.8
-39.3,19.85
-39.25,19.900000000000002
-39.25,19.95
-39.2,20.0
-39.2,20.05
-39.15,20.1
-39.15,20.150000000000002
-39.1,20.2
-39.1,20.25
-39.1,20.3
-39.05,20.35
-39.0,20.400000000000002
-39.0,20.45
-38.95,20.5
-38.95,20.55
-38.9,20.6
-38.85,20.650000000000002
-38.8,20.7
-38.8,20.75
-38.75,20.8
-38.7,20.85
-38.65,20.900000000000002
-38.6,20.95
-38.55,21.0
-38.5,21.05
-38.45,21.1
-38.4,21.150000000000002
-38.35,21.2
-38.3,21.25
-38.25,21.3
-38.2,21.35
-38.15,21.35
-38.1,21.400000000000002
-38.05,21.45
-38.0,21.5
-37.95,21.55
-37.9,21.55
-37.85,21.6
-37.8,21.650000000000002
-37.75,21.650000000000002
-37.7,21.7
-37.65,21.75
-37.6,21.75
-37.55,21.8
-37.5,21.85
-37.45,21.85
-37.4,21.900000000000002
-37.35,21.900000000000002
-37.3,21.95
-37.25,21.95
-37.2,22.0
-37.15,22.05
-37.1,22.05
-37.05,22.1
-37.0,22.1
-36.95,22.150000000000002
-36.9,22.2
-36.85,22.25
-36.8,22.25
-36.75,22.25
-36.7,22.3
-36.65,22.35
-36.6,22.35
-36.55,22.400000000000002
-36.5,22.45
-36.45,22.45
-36.4,22.5
-36.35,22.5
-36.3,22.55
-36.25,22.6
-36.2,22.6
-36.15,22.650000000000002
-36.1,22.7
-36.05,22.75
-36.0,22.75
-35.95,22.8
-35.9,22.8
-35.85,22.85
-35.8,22.900000000000002
-35.75,22.95
-35.7,22.95
-35.65,23.0
-35.6,23.05
-35.55,23.1
-35.5,23.1
-35.45,23.1
-35.4,23.150000000000002
-35.35,23.2
-35.3,23.25
-35.25,23.25
-35.2,23.3
-35.15,23.3
-35.1,23.35
-35.05,23.400000000000002
-35.0,23.400000000000002
-34.95,23.45
-34.9,23.45
-34.85,23.5
-34.8,23.55
-34.75,23.55
-34.7,23.6
-34.65,23.6
-34.6,23.650000000000002
-34.55,23.7
-34.5,23.7
-34.45,23.75
-34.4,23.75
-34.35,23.8
-34.3,23.8
-34.25,23.8
-34.2,23.85
-34.15,23.85
-34.1,23.900000000000002
-34.05,23.900000000000002
-34.0,23.95
-33.95,23.95
-33.9,24.0
-33.849999999999994,24.0
-33.8,24.0
-33.75,24.05
-33.7,24.05
-33.65,24.05
-33.599999999999994,24.1
-33.55,24.1
-33.5,24.1
-33.45,24.1
-33.4,24.150000000000002
-33.349999999999994,24.150000000000002
-33.3,24.150000000000002
-33.25,24.150000000000002
-33.2,24.2
-33.15,24.2
-33.099999999999994,24.2
-33.05,24.2
-33.0,24.2
-32.95,24.2
-32.9,24.2
-32.849999999999994,24.25
-32.8,24.25
-32.75,24.25
-32.7,24.25
-32.65,24.25
-32.599999999999994,24.25
-32.55,24.25
-32.5,24.25
-32.45,24.25
-32.4,24.25
-32.349999999999994,24.25
-32.3,24.25
-32.25,24.25
-32.2,24.25
-32.15,24.25
-32.099999999999994,24.25
-32.05,24.25
-32.0,24.25
-31.95,24.25
-31.9,24.25
-31.849999999999998,24.2
-31.8,24.2
-31.75,24.2
-31.7,24.2
-31.65,24.2
-31.599999999999998,24.150000000000002
-31.55,24.150000000000002
-31.5,24.150000000000002
-31.45,24.150000000000002
-31.4,24.150000000000002
-31.349999999999998,24.150000000000002
-31.3,24.150000000000002
-31.25,24.150000000000002
-31.2,24.150000000000002
-31.15,24.1
-31.099999999999998,24.1
-31.05,24.1
-31.0,24.1
-30.95,24.1
-30.9,24.05
-30.849999999999998,24.05
-30.799999999999997,24.05
-30.75,24.05
-30.7,24.05
-30.65,24.0
-30.599999999999998,24.0
-30.549999999999997,24.0
-30.5,24.0
-30.45,24.0
-30.4,24.0
-30.349999999999998,23.95
-30.299999999999997,23.95
-30.25,23.95
-30.2,23.95
-30.15,23.95
-30.099999999999998,23.900000000000002
-30.049999999999997,23.900000000000002
-30.0,23.900000000000002
-29.95,23.900000000000002
-29.9,23.900000000000002
-29.849999999999998,23.900000000000002
-29.799999999999997,23.85
-29.75,23.85
-29.7,23.85
-29.65,23.85
-29.599999999999998,23.85
-29.549999999999997,23.8
-29.5,23.8
-29.45,23.8
-29.4,23.8
-29.349999999999998,23.8
-29.299999999999997,23.75
-29.25,23.75
-29.2,23.75
-29.15,23.75
-29.099999999999998,23.75
-29.049999999999997,23.7
-29.0,23.7
-28.95,23.7
-28.9,23.7
-28.849999999999998,23.7
-28.799999999999997,23.7
-28.75,23.650000000000002
-28.7,23.650000000000002
-28.65,23.650000000000002
-28.599999999999998,23.650000000000002
-28.549999999999997,23.650000000000002
-28.5,23.6
-28.45,23.6
-28.4,23.6
-28.349999999999998,23.6
-28.299999999999997,23.6
-28.25,23.55
-28.2,23.55
-28.15,23.55
-28.099999999999998,23.55
-28.049999999999997,23.55
-28.0,23.5
-27.95,23.5
-27.9,23.5
-27.849999999999998,23.5
-27.799999999999997,23.5
-27.75,23.5
-27.7,23.5
-27.65,23.45
-27.599999999999998,23.45
-27.549999999999997,23.45
-27.5,23.45
-27.45,23.400000000000002
-27.4,23.400000000000002
-27.349999999999998,23.400000000000002
-27.299999999999997,23.400000000000002
-27.25,23.400000000000002
-27.2,23.35
-27.15,23.35
-27.099999999999998,23.35
-27.049999999999997,23.35
-27.0,23.35
-26.95,23.35
-26.9,23.3
-26.849999999999998,23.3
-26.799999999999997,23.3
-26.75,23.3
-26.7,23.3
-26.65,23.3
-26.599999999999998,23.25
-26.549999999999997,23.25
-26.5,23.25
-26.45,23.25
-26.4,23.25
-26.349999999999998,23.2
-26.299999999999997,23.2
-26.25,23.2
-26.2,23.2
-26.15,23.150000000000002
-26.099999999999998,23.150000000000002
-26.049999999999997,23.150000000000002
-26.0,23.150000000000002
-25.95,23.150000000000002
-25.9,23.150000000000002
-25.849999999999998,23.1
-25.799999999999997,23.1
-25.75,23.1
-25.7,23.1
-25.65,23.1
-25.599999999999998,23.1
-25.549999999999997,23.05
-25.5,23.05
-25.45,23.05
-25.4,23.05
-25.349999999999998,23.05
-25.299999999999997,23.0
-25.25,23.0
-25.2,23.0
-25.15,23.0
-25.099999999999998,23.0
-25.049999999999997,22.95
-25.0,22.95
-24.95,22.95
-24.9,22.95
-24.849999999999998,22.95
-24.799999999999997,22.900000000000002
-24.75,22.900000000000002
-24.7,22.900000000000002
-24.65,22.900000000000002
-24.599999999999998,22.900000000000002
-24.549999999999997,22.900000000000002
-24.5,22.85
-24.45,22.85
-24.4,22.85
-24.349999999999998,22.85
-24.299999999999997,22.85
-24.25,22.85
-24.2,22.8
-24.15,22.8
-24.099999999999998,22.8
-24.049999999999997,22.8
-24.0,22.8
-23.95,22.75
-23.9,22.75
-23.849999999999998,22.75
-23.799999999999997,22.75
-23.75,22.7
-23.7,22.7
-23.65,22.7
-23.599999999999998,22.7
-23.549999999999997,22.7
-23.5,22.7
-23.45,22.7
-23.4,22.650000000000002
-23.349999999999998,22.650000000000002
-23.299999999999997,22.650000000000002
-23.25,22.650000000000002
-23.2,22.650000000000002
-23.15,22.650000000000002
-23.099999999999998,22.6
-23.049999999999997,22.6
-23.0,22.6
-22.95,22.6
-22.9,22.6
-22.849999999999998,22.55
-22.799999999999997,22.55
-22.75,22.55
-22.7,22.55
-22.65,22.5
-22.599999999999998,22.5
-22.549999999999997,22.5
-22.5,22.5
-22.45,22.5
-22.4,22.5
-22.349999999999998,22.45
-22.299999999999997,22.45
-22.25,22.45
-22.2,22.45
-22.15,22.45
-22.099999999999998,22.45
-22.049999999999997,22.400000000000002
-22.0,22.400000000000002
-21.95,22.400000000000002
-21.9,22.400000000000002
-21.849999999999998,22.400000000000002
-21.799999999999997,22.400000000000002
-21.75,22.35
-21.7,22.35
-21.65,22.35
-21.599999999999998,22.35
-21.549999999999997,22.3
-21.5,22.3
-21.45,22.3
-21.4,22.3
-21.349999999999998,22.3
-21.299999999999997,22.25
-21.25,22.25
-21.2,22.25
-21.15,22.25
-21.099999999999998,22.25
-21.049999999999997,22.25
-21.0,22.25
-20.95,22.2
-20.9,22.2
-20.849999999999998,22.2
-20.799999999999997,22.2
-20.75,22.2
-20.7,22.150000000000002
-20.65,22.150000000000002
-20.599999999999998,22.150000000000002
-20.549999999999997,22.150000000000002
-20.5,22.150000000000002
-20.45,22.1
-20.4,22.1
-20.349999999999998,22.1
-20.299999999999997,22.1
-20.25,22.1
-20.2,22.05
-20.15,22.05
-20.099999999999998,22.05
-20.049999999999997,22.05
-20.0,22.05
-19.95,22.05
-19.9,22.0
-19.849999999999998,22.0
-19.799999999999997,22.0
-19.75,22.0
-19.7,22.0
-19.65,22.0
-19.599999999999998,21.95
-19.549999999999997,21.95
-19.5,21.95
-19.45,21.95
-19.4,21.95
-19.349999999999998,21.95
-19.299999999999997,21.900000000000002
-19.25,21.900000000000002
-19.2,21.900000000000002
-19.15,21.900000000000002
-19.099999999999998,21.85
-19.049999999999997,21.85
-19.0,21.85
-18.95,21.85
-18.9,21.85
-18.849999999999998,21.85
-18.799999999999997,21.8
-18.75,21.8
-18.7,21.8
-18.65,21.8
-18.599999999999998,21.8
-18.549999999999997,21.75
-18.5,21.75
-18.45,21.75
-18.4,21.75
-18.349999999999998,21.75
-18.299999999999997,21.75
-18.25,21.75
-18.2,21.7
-18.15,21.7
-18.099999999999998,21.7
-18.049999999999997,21.7
-18.0,21.650000000000002
-17.949999999999996,21.650000000000002
-17.9,21.650000000000002
-17.85,21.650000000000002
-17.799999999999997,21.650000000000002
-17.75,21.6
-17.699999999999996,21.6
-17.65,21.6
-17.6,21.6
-17.549999999999997,21.6
-17.5,21.55
-17.449999999999996,21.55
-17.4,21.55
-17.35,21.55
-17.299999999999997,21.55
-17.25,21.55
-17.199999999999996,21.55
-17.15,21.5
-17.1,21.5
-17.049999999999997,21.5
-17.0,21.5
-16.949999999999996,21.45
-16.9,21.45
-16.85,21.45
-16.799999999999997,21.45
-16.75,21.45
-16.699999999999996,21.400000000000002
-16.65,21.400000000000002
-16.6,21.400000000000002
-16.549999999999997,21.400000000000002
-16.5,21.400000000000002
-16.449999999999996,21.35
-16.4,21.35
-16.35,21.35
-16.299999999999997,21.35
-16.25,21.35
-16.199999999999996,21.35
-16.15,21.35
-16.1,21.3
-16.049999999999997,21.3
-16.0,21.3
-15.949999999999996,21.3
-15.899999999999999,21.3
-15.850000000000001,21.25
-15.799999999999997,21.25
-15.75,21.25
-15.699999999999996,21.25
-15.649999999999999,21.2
-15.600000000000001,21.2
-15.549999999999997,21.2
-15.5,21.2
-15.449999999999996,21.2
-15.399999999999999,21.150000000000002
-15.350000000000001,21.150000000000002
-15.299999999999997,21.150000000000002
-15.25,21.150000000000002
-15.199999999999996,21.150000000000002
-15.149999999999999,21.150000000000002
-15.100000000000001,21.150000000000002
-15.049999999999997,21.1
-15.0,21.1
-14.949999999999996,21.1
-14.899999999999999,21.1
-14.850000000000001,21.1
-14.799999999999997,21.05
-14.75,21.05
-14.699999999999996,21.05
-14.649999999999999,21.05
-14.600000000000001,21.0
-14.549999999999997,21.0
-14.5,21.0
-14.449999999999996,21.0
-14.399999999999999,20.95
-14.350000000000001,20.95
-14.299999999999997,20.95
-14.25,20.95
-14.199999999999996,20.95
-14.149999999999999,20.95
-14.100000000000001,20.95
-14.049999999999997,20.900000000000002
-14.0,20.900000000000002
-13.949999999999996,20.900000000000002
-13.899999999999999,20.900000000000002
-13.850000000000001,20.900000000000002
-13.799999999999997,20.900000000000002
-13.75,20.85
-13.699999999999996,20.85
-13.649999999999999,20.85
-13.600000000000001,20.85
-13.549999999999997,20.8
-13.5,20.8
-13.449999999999996,20.8
-13.399999999999999,20.8
-13.350000000000001,20.75
-13.299999999999997,20.75
-13.25,20.75
-13.199999999999996,20.75
-13.149999999999999,20.75
-13.100000000000001,20.75
-13.049999999999997,20.75
-13.0,20.7
-12.949999999999996,20.7
-12.899999999999999,20.7
-12.850000000000001,20.7
-12.799999999999997,20.7
-12.75,20.7
-12.699999999999996,20.7
-12.649999999999999,20.650000000000002
-12.600000000000001,20.650000000000002
-12.549999999999997,20.650000000000002
-12.5,20.650000000000002
-12.449999999999996,20.6
-12.399999999999999,20.6
-12.350000000000001,20.6
-12.299999999999997,20.6
-12.25,20.55
-12.199999999999996,20.55
-12.149999999999999,20.55
-12.100000000000001,20.55
-12.049999999999997,20.55
-12.0,20.55
-11.949999999999996,20.55
-11.899999999999999,20.5
-11.850000000000001,20.5
-11.799999999999997,20.5
-11.75,20.5
-11.699999999999996,20.5
-11.649999999999999,20.45
-11.599999999999994,20.45
-11.549999999999997,20.45
-11.5,20.45
-11.449999999999996,20.400000000000002
-11.399999999999999,20.400000000000002
-11.349999999999994,20.400000000000002
-11.299999999999997,20.35
-11.25,20.35
-11.199999999999996,20.35
-11.149999999999999,20.3
-11.099999999999994,20.3
-11.049999999999997,20.3
-11.0,20.25
-10.949999999999996,20.25
-10.899999999999999,20.2
-10.849999999999994,20.2
-10.799999999999997,20.2
-10.75,20.150000000000002
-10.699999999999996,20.150000000000002
-10.649999999999999,20.1
-10.599999999999994,20.1
-10.549999999999997,20.05
-10.5,20.05
-10.449999999999996,20.0
-10.399999999999999,19.95
-10.349999999999994,19.900000000000002
-10.299999999999997,19.900000000000002
-10.25,19.85
-10.199999999999996,19.8
-10.149999999999999,19.75
-10.099999999999994,19.7
-10.049999999999997,19.650000000000002
-10.0,19.6
-9.949999999999996,19.55
-9.899999999999999,19.5
-9.849999999999994,19.45
-9.799999999999997,19.400000000000002
-9.799999999999997,19.35
-9.75,19.3
-9.75,19.25
-9.699999999999996,19.2
-9.699999999999996,19.150000000000002
-9.649999999999999,19.1
-9.599999999999994,19.05
-9.549999999999997,19.0
-9.549999999999997,18.95
-9.549999999999997,18.900000000000002
-9.549999999999997,18.85
-9.5,18.8
-9.5,18.75
-9.5,18.7
-9.449999999999996,18.650000000000002
-9.449999999999996,18.6
-9.449999999999996,18.55
-9.399999999999999,18.5
-9.399999999999999,18.45
-9.399999999999999,18.400000000000002
-9.399999999999999,18.35
-9.399999999999999,18.3
-9.349999999999994,18.25
-9.349999999999994,18.2
-9.349999999999994,18.150000000000002
-9.349999999999994,18.1
-9.349999999999994,18.05
-9.349999999999994,18.0
-9.349999999999994,17.95
-9.349999999999994,17.900000000000002
-9.299999999999997,17.85
-9.299999999999997,17.8
-9.299999999999997,17.75
-9.299999999999997,17.7
-9.299999999999997,17.650000000000002
-9.299999999999997,17.6
-9.299999999999997,17.55
-9.299999999999997,17.5
-9.299999999999997,17.45
-9.349999999999994,17.400000000000002
-9.349999999999994,17.35
-9.349999999999994,17.3
-9.349999999999994,17.25
-9.349999999999994,17.2
-9.349999999999994,17.150000000000002
-9.349999999999994,17.1
-9.399999999999999,17.05
-9.399999999999999,17.0
-9.399999999999999,16.95
-9.399999999999999,16.900000000000002
-9.399999999999999,16.85
-9.449999999999996,16.8
-9.449999999999996,16.75
-9.449999999999996,16.7
-9.5,16.65
-9.5,16.6
-9.5,16.55
-9.5,16.5
-9.549999999999997,16.45
-9.549999999999997,16.4
-9.549999999999997,16.35
-9.599999999999994,16.3
-9.599999999999994,16.25
-9.649999999999999,16.2
-9.649999999999999,16.15
-9.699999999999996,16.1
-9.699999999999996,16.05
-9.75,16.0
-9.75,15.95
-9.799999999999997,15.899999999999999
-9.849999999999994,15.850000000000001
-9.899999999999999,15.8
-9.899999999999999,15.75
-9.949999999999996,15.7
-10.0,15.649999999999999
-10.049999999999997,15.600000000000001
-10.049999999999997,15.55
-10.099999999999994,15.5
-10.149999999999999,15.45
-10.199999999999996,15.399999999999999
-10.25,15.350000000000001
-10.299999999999997,15.3
-10.349999999999994,15.3
-10.399999999999999,15.25
-10.449999999999996,15.2
-10.5,15.149999999999999
-10.549999999999997,15.100000000000001
-10.599999999999994,15.100000000000001
-10.649999999999999,15.05
-10.699999999999996,15.0
-10.75,15.0
-10.799999999999997,14.95
-10.849999999999994,14.95
-10.899999999999999,14.899999999999999
-10.949999999999996,14.899999999999999
-11.0,14.850000000000001
-11.049999999999997,14.850000000000001
-11.099999999999994,14.850000000000001
-11.149999999999999,14.8
-11.199999999999996,14.8
-11.25,14.8
-11.299999999999997,14.75
-11.349999999999994,14.75
-11.399999999999999,14.75
-11.449999999999996,14.75
-11.5,14.75
-11.549999999999997,14.75
-11.599999999999994,14.7
-11.649999999999999,14.7
-11.699999999999996,14.7
-11.75,14.7
-11.799999999999997,14.7
-11.850000000000001,14.7
-11.899999999999999,14.649999999999999
-11.949999999999996,14.649999999999999
-12.0,14.649999999999999
-12.049999999999997,14.649999999999999
-12.100000000000001,14.649999999999999
-12.149999999999999,14.649999999999999
-12.199999999999996,14.649999999999999
-12.25,14.649999999999999
-12.299999999999997,14.649999999999999
-12.350000000000001,14.649999999999999
-12.399999999999999,14.649999999999999
-12.449999999999996,14.649999999999999
-12.5,14.649999999999999
-12.549999999999997,14.649999999999999
-12.600000000000001,14.649999999999999
-12.649999999999999,14.649999999999999
-12.699999999999996,14.649999999999999
-12.75,14.649999999999999
-12.799999999999997,14.7
-12.850000000000001,14.7
-12.899999999999999,14.7
-12.949999999999996,14.7
-13.0,14.7
-13.049999999999997,14.7
-13.100000000000001,14.7
-13.149999999999999,14.7
-13.199999999999996,14.7
-13.25,14.7
-13.299999999999997,14.7
-13.350000000000001,14.75
-13.399999999999999,14.75
-13.449999999999996,14.75
-13.5,14.75
-13.549999999999997,14.75
-13.600000000000001,14.75
-13.649999999999999,14.75
-13.699999999999996,14.75
-13.75,14.75
-13.799999999999997,14.8
-13.850000000000001,14.8
-13.899999999999999,14.8
-13.949999999999996,14.8
-14.0,14.8
-14.049999999999997,14.8
-14.100000000000001,14.850000000000001
-14.149999999999999,14.850000000000001
-14.199999999999996,14.850000000000001
-14.25,14.850000000000001
-14.299999999999997,14.850000000000001
-14.350000000000001,14.850000000000001
-14.399999999999999,14.850000000000001
-14.449999999999996,14.899999999999999
-14.5,14.899999999999999
-14.549999999999997,14.899999999999999
-14.600000000000001,14.899999999999999
-14.649999999999999,14.899999999999999
-14.699999999999996,14.899999999999999
-14.75,14.899999999999999
-14.799999999999997,14.899999999999999
-14.850000000000001,14.899999999999999
-14.899999999999999,14.899999999999999
-14.949999999999996,14.95
-15.0,14.95
-15.049999999999997,14.95
-15.100000000000001,14.95
-15.149999999999999,14.95
-15.199999999999996,14.95
-15.25,14.95
-15.299999999999997,14.95
-15.350000000000001,14.95
-15.399999999999999,15.0
-15.449999999999996,15.0
-15.5,15.0
-15.549999999999997,15.0
-15.600000000000001,15.0
-15.649999999999999,15.0
-15.699999999999996,15.0
-15.75,15.05
-15.799999999999997,15.05
-15.850000000000001,15.05
-15.899999999999999,15.05
-15.949999999999996,15.05
-16.0,15.05
-16.049999999999997,15.100000000000001
-16.1,15.100000000000001
-16.15,15.100000000000001
-16.199999999999996,15.100000000000001
-16.25,15.100000000000001
-16.299999999999997,15.100000000000001
-16.35,15.100000000000001
-16.4,15.100000000000001
-16.449999999999996,15.100000000000001
-16.5,15.149999999999999
-16.549999999999997,15.149999999999999
-16.6,15.149999999999999
-16.65,15.149999999999999
-16.699999999999996,15.149999999999999
-16.75,15.149999999999999
-16.799999999999997,15.149999999999999
-16.85,15.149999999999999
-16.9,15.2
-16.949999999999996,15.2
-17.0,15.2
-17.049999999999997,15.2
-17.1,15.2
-17.15,15.2
-17.199999999999996,15.2
-17.25,15.2
-17.299999999999997,15.25
-17.35,15.25
-17.4,15.25
-17.449999999999996,15.25
-17.5,15.25
-17.549999999999997,15.25
-17.6,15.25
-17.65,15.3
-17.699999999999996,15.3
-17.75,15.3
-17.799999999999997,15.3
-17.85,15.3
-17.9,15.3
-17.949999999999996,15.3
-18.0,15.3
-18.049999999999997,15.350000000000001
-18.099999999999998,15.350000000000001
-18.15,15.350000000000001
-18.2,15.350000000000001
-18.25,15.350000000000001
-18.299999999999997,15.350000000000001
-18.349999999999998,15.350000000000001
-18.4,15.350000000000001
-18.45,15.399999999999999
-18.5,15.399999999999999
-18.549999999999997,15.399999999999999
-18.599999999999998,15.399999999999999
-18.65,15.399999999999999
-18.7,15.399999999999999
-18.75,15.399999999999999
-18.799999999999997,15.399999999999999
-18.849999999999998,15.399999999999999
-18.9,15.45
-18.95,15.45
-19.0,15.45
-19.049999999999997,15.45
-19.099999999999998,15.45
-19.15,15.45
-19.2,15.45
-19.25,15.5
-19.299999999999997,15.5
-19.349999999999998,15.5
-19.4,15.5
-19.45,15.5
-19.5,15.5
-19.549999999999997,15.5
-19.599999999999998,15.55
-19.65,15.55
-19.7,15.55
-19.75,15.55
-19.799999999999997,15.55
-19.849999999999998,15.55
-19.9,15.55
-19.95,15.55
-20.0,15.600000000000001
-20.049999999999997,15.600000000000001
-20.099999999999998,15.600000000000001
-20.15,15.600000000000001
-20.2,15.600000000000001
-20.25,15.600000000000001
-20.299999999999997,15.600000000000001
-20.349999999999998,15.600000000000001
-20.4,15.600000000000001
-20.45,15.649999999999999
-20.5,15.649999999999999
-20.549999999999997,15.649999999999999
-20.599999999999998,15.649999999999999
-20.65,15.649999999999999
-20.7,15.649999999999999
-20.75,15.649999999999999
-20.799999999999997,15.649999999999999
-20.849999999999998,15.7
-20.9,15.7
-20.95,15.7
-21.0,15.7
-21.049999999999997,15.7
-21.099999999999998,15.7
-21.15,15.75
-21.2,15.75
-21.25,15.75
-21.299999999999997,15.75
-21.349999999999998,15.75
-21.4,15.75
-21.45,15.75
-21.5,15.8
-21.549999999999997,15.8
-21.599999999999998,15.8
-21.65,15.8
-21.7,15.8
-21.75,15.8
-21.799999999999997,15.8
-21.849999999999998,15.8
-21.9,15.8
-21.95,15.8
-22.0,15.850000000000001
-22.049999999999997,15.850000000000001
-22.099999999999998,15.850000000000001
-22.15,15.850000000000001
-22.2,15.850000000000001
-22.25,15.850000000000001
-22.299999999999997,15.850000000000001
-22.349999999999998,15.850000000000001
-22.4,15.899999999999999
-22.45,15.899999999999999
-22.5,15.899999999999999
-22.549999999999997,15.899999999999999
-22.599999999999998,15.899999999999999
-22.65,15.899999999999999
-22.7,15.899999999999999
-22.75,15.95
-22.799999999999997,15.95
-22.849999999999998,15.95
-22.9,15.95
-22.95,15.95
-23.0,15.95
-23.049999999999997,16.0
-23.099999999999998,16.0
-23.15,16.0
-23.2,16.0
-23.25,16.0
-23.299999999999997,16.0
-23.349999999999998,16.0
-23.4,16.0
-23.45,16.0
-23.5,16.05
-23.549999999999997,16.05
-23.599999999999998,16.05
-23.65,16.05
-23.7,16.05
-23.75,16.05
-23.799999999999997,16.05
-23.849999999999998,16.05
-23.9,16.1
-23.95,16.1
-24.0,16.1
-24.049999999999997,16.1
-24.099999999999998,16.1
-24.15,16.1
-24.2,16.1
-24.25,16.1
-24.299999999999997,16.15
-24.349999999999998,16.15
-24.4,16.15
-24.45,16.15
-24.5,16.15
-24.549999999999997,16.15
-24.599999999999998,16.2
-24.65,16.2
-24.7,16.2
-24.75,16.2
-24.799999999999997,16.2
-24.849999999999998,16.2
-24.9,16.2
-24.95,16.2
-25.0,16.25
-25.049999999999997,16.25
-25.099999999999998,16.25
-25.15,16.25
-25.2,16.25
-25.25,16.25
-25.299999999999997,16.25
-25.349999999999998,16.25
-25.4,16.25
-25.45,16.3
-25.5,16.3
-25.549999999999997,16.3
-25.599999999999998,16.3
-25.65,16.3
-25.7,16.3
-25.75,16.3
-25.799999999999997,16.3
-25.849999999999998,16.35
-25.9,16.35
-25.95,16.35
-26.0,16.35
-26.049999999999997,16.35
-26.099999999999998,16.35
-26.15,16.4
-26.2,16.4
-26.25,16.4
-26.299999999999997,16.4
-26.349999999999998,16.4
-26.4,16.4
-26.45,16.4
-26.5,16.45
-26.549999999999997,16.45
-26.599999999999998,16.45
-26.65,16.45
-26.7,16.45
-26.75,16.45
-26.799999999999997,16.45
-26.849999999999998,16.45
-26.9,16.45
-26.95,16.5
-27.0,16.5
-27.049999999999997,16.5
-27.099999999999998,16.5
-27.15,16.5
-27.2,16.5
-27.25,16.5
-27.299999999999997,16.5
-27.349999999999998,16.55
-27.4,16.55
-27.45,16.55
-27.5,16.55
-27.549999999999997,16.55
-27.599999999999998,16.55
-27.65,16.55
-27.7,16.6
-27.75,16.6
-27.799999999999997,16.6
-27.849999999999998,16.6
-27.9,16.6
-27.95,16.6
-28.0,16.65
-28.049999999999997,16.65
-28.099999999999998,16.65
-28.15,16.65
-28.2,16.65
-28.25,16.65
-28.299999999999997,16.65
-28.349999999999998,16.65
-28.4,16.65
-28.45,16.7
-28.5,16.7
-28.549999999999997,16.7
-28.599999999999998,16.7
-28.65,16.7
-28.7,16.7
-28.75,16.7
-28.799999999999997,16.7
-28.849999999999998,16.7
-28.9,16.7
-28.95,16.7
-29.0,16.7
-29.049999999999997,16.7
-29.099999999999998,16.7
-29.15,16.7
-29.2,16.7
-29.25,16.7
-29.299999999999997,16.75
-29.349999999999998,16.75
-29.4,16.75
-29.45,16.75
-29.5,16.75
-29.549999999999997,16.75
-29.599999999999998,16.75
-29.65,16.75
-29.7,16.75
-29.75,16.75
-29.799999999999997,16.75
-29.849999999999998,16.75
-29.9,16.75
-29.95,16.75
-30.0,16.75
-30.049999999999997,16.75
-30.099999999999998,16.75
-30.15,16.75
-30.2,16.75
-30.25,16.75
-30.299999999999997,16.75
-30.349999999999998,16.75
-30.4,16.75
-30.45,16.7
-30.5,16.7
-30.549999999999997,16.7
-30.599999999999998,16.7
-30.65,16.7
-30.7,16.7
-30.75,16.7
-30.799999999999997,16.7
-30.849999999999998,16.7
-30.9,16.65
-30.95,16.65
-31.0,16.65
-31.05,16.65
-31.099999999999998,16.65
-31.15,16.6
-31.2,16.6
-31.25,16.6
-31.3,16.6
-31.349999999999998,16.6
-31.4,16.55
-31.45,16.55
-31.5,16.55
-31.55,16.5
-31.599999999999998,16.45
-31.65,16.45
-31.7,16.45
-31.75,16.45
-31.8,16.4
-31.849999999999998,16.4
-31.9,16.35
-31.95,16.3
-32.0,16.3
-32.05,16.25
-32.099999999999994,16.2
-32.15,16.2
-32.2,16.15
-32.25,16.1
-32.3,16.05
-32.349999999999994,16.0
-32.4,15.95
-32.45,15.899999999999999
-32.5,15.850000000000001
-32.55,15.8
-32.599999999999994,15.75
-32.65,15.7
-32.7,15.649999999999999
-32.75,15.600000000000001
-32.8,15.55
-32.8,15.5
-32.849999999999994,15.45
-32.9,15.399999999999999
-32.95,15.350000000000001
-33.0,15.3
-33.0,15.25
-33.0,15.2
-33.05,15.149999999999999
-33.099999999999994,15.100000000000001
-33.099999999999994,15.05
-33.15,15.0
-33.15,14.95
-33.2,14.899999999999999
-33.2,14.850000000000001
-33.2,14.8
-33.25,14.75
-33.25,14.7
-33.3,14.649999999999999
-33.3,14.600000000000001
-33.349999999999994,14.55
-33.349999999999994,14.5
-33.4,14.45
-33.4,14.399999999999999
-33.4,14.350000000000001
-33.4,14.3
-33.4,14.25
-33.45,14.2
-33.45,14.149999999999999
-33.45,14.100000000000001
-33.45,14.05
-33.45,14.0
-33.45,13.95
-33.5,13.899999999999999
-33.5,13.850000000000001
-33.5,13.8
-33.5,13.75
-33.5,13.7
-33.5,13.650000000000002
-33.5,13.600000000000001
-33.5,13.55
-33.5,13.5
-33.5,13.45
-33.55,13.400000000000002
-33.55,13.350000000000001
-33.55,13.3
-33.55,13.25
-33.5,13.2
-33.5,13.150000000000002
-33.5,13.100000000000001
-33.5,13.05
-33.5,13.0
-33.5,12.95
-33.5,12.900000000000002
-33.5,12.850000000000001
-33.5,12.8
-33.5,12.75
-33.45,12.7
-33.45,12.650000000000002
-33.45,12.600000000000001
-33.45,12.55
-33.45,12.5
-33.45,12.45
-33.4,12.400000000000002
-33.4,12.350000000000001
-33.4,12.3
-33.4,12.25
-33.4,12.2
-33.349999999999994,12.150000000000002
-33.349999999999994,12.100000000000001
-33.349999999999994,12.05
-33.3,12.0
-33.3,11.95
-33.25,11.900000000000002
-33.25,11.850000000000001
-33.2,11.8
-33.2,11.75
-33.2,11.7
-33.15,11.650000000000002
-33.15,11.600000000000001
-33.099999999999994,11.55
-33.099999999999994,11.5
-33.05,11.45
-33.05,11.400000000000002
-33.0,11.350000000000001
-32.95,11.3
-32.95,11.25
-32.9,11.2
-32.849999999999994,11.150000000000002
-32.849999999999994,11.100000000000001
-32.8,11.05
-32.75,11.0
-32.7,10.95
-32.65,10.900000000000002
-32.65,10.850000000000001
-32.599999999999994,10.8
-32.55,10.75
-32.5,10.7
-32.45,10.650000000000002
-32.4,10.600000000000001
-32.349999999999994,10.55
-32.3,10.55
-32.25,10.5
-32.2,10.45
-32.15,10.400000000000002
-32.099999999999994,10.350000000000001
-32.05,10.3
-32.0,10.3
-31.95,10.25
-31.9,10.25
-31.849999999999998,10.2
-31.8,10.150000000000002
-31.75,10.150000000000002
-31.7,10.100000000000001
-31.65,10.100000000000001
-31.599999999999998,10.05
-31.55,10.05
-31.5,10.0
-31.45,10.0
-31.4,10.0
-31.349999999999998,9.95
-31.3,9.95
-31.25,9.95
-31.2,9.95
-31.15,9.900000000000002
-31.099999999999998,9.900000000000002
-31.05,9.850000000000001
-31.0,9.850000000000001
-30.95,9.850000000000001
-30.9,9.850000000000001
-30.849999999999998,9.850000000000001
-30.799999999999997,9.8
-30.75,9.8
-30.7,9.8
-30.65,9.8
-30.599999999999998,9.8
-30.549999999999997,9.8
-30.5,9.8
-30.45,9.8
-30.4,9.75
-30.349999999999998,9.75
-30.299999999999997,9.75
-30.25,9.75
-30.2,9.75
-30.15,9.75
-30.099999999999998,9.75
-30.049999999999997,9.75
-30.0,9.8
-29.95,9.8
-29.9,9.8
-29.849999999999998,9.8
-29.799999999999997,9.8
-29.75,9.8
-29.7,9.8
-29.65,9.8
-29.599999999999998,9.850000000000001
-29.549999999999997,9.850000000000001
-29.5,9.850000000000001
-29.45,9.850000000000001
-29.4,9.850000000000001
-29.349999999999998,9.850000000000001
-29.299999999999997,9.900000000000002
-29.25,9.900000000000002
-29.2,9.95
-29.15,9.95
-29.099999999999998,9.95
-29.049999999999997,9.95
-29.0,10.0
-28.95,10.0
-28.9,10.05
-28.849999999999998,10.05
-28.799999999999997,10.05
-28.75,10.05
-28.7,10.100000000000001
-28.65,10.100000000000001
-28.599999999999998,10.150000000000002
-28.549999999999997,10.150000000000002
-28.5,10.2
-28.45,10.2
-28.4,10.25
-28.349999999999998,10.3
-28.299999999999997,10.3
-28.25,10.350000000000001
-28.2,10.350000000000001
-28.15,10.400000000000002
-28.099999999999998,10.45
-28.049999999999997,10.45
-28.0,10.5
-27.95,10.55
-27.9,10.55
-27.849999999999998,10.600000000000001
-27.799999999999997,10.650000000000002
-27.75,10.650000000000002
-27.7,10.7
-27.65,10.75
-27.599999999999998,10.8
-27.549999999999997,10.8
-27.5,10.850000000000001
-27.45,10.900000000000002
-27.4,10.95
-27.349999999999998,11.0
-27.299999999999997,11.0
-27.25,11.05
-27.2,11.100000000000001
-27.15,11.150000000000002
-27.099999999999998,11.2
-27.049999999999997,11.25
-27.0,11.3
-26.95,11.3
-26.9,11.350000000000001
-26.849999999999998,11.400000000000002
-26.799999999999997,11.45
-26.75,11.5
-26.7,11.5
-26.65,11.55
-26.599999999999998,11.600000000000001
-26.549999999999997,11.650000000000002
-26.5,11.650000000000002
-26.45,11.7
-26.4,11.75
-26.349999999999998,11.75
-26.299999999999997,11.8
-26.25,11.8
-26.2,11.850000000000001
-26.15,11.900000000000002
-26.099999999999998,11.900000000000002
-26.049999999999997,11.95
-26.0,11.95
-25.95,11.95
-25.9,12.0
-25.849999999999998,12.0
-25.799999999999997,12.05
-25.75,12.05
-25.7,12.05
-25.65,12.05
-25.599999999999998,12.05
-25.549999999999997,12.100000000000001
-25.5,12.100000000000001
-25.45,12.100000000000001
-25.4,12.100000000000001
-25.349999999999998,12.100000000000001
-25.299999999999997,12.150000000000002
-25.25,12.150000000000002
-25.2,12.150000000000002
-25.15,12.150000000000002
-25.099999999999998,12.150000000000002
-25.049999999999997,12.150000000000002
-25.0,12.150000000000002
-24.95,12.150000000000002
-24.9,12.150000000000002
-24.849999999999998,12.150000000000002
-24.799999999999997,12.150000000000002
-24.75,12.150000000000002
-24.7,12.150000000000002
-24.65,12.100000000000001
-24.599999999999998,12.100000000000001
-24.549999999999997,12.100000000000001
-24.5,12.100000000000001
-24.45,12.100000000000001
-24.4,12.100000000000001
-24.349999999999998,12.100000000000001
-24.299999999999997,12.05
-24.25,12.05
-24.2,12.05
-24.15,12.05
-24.099999999999998,12.0
-24.049999999999997,12.0
-24.0,12.0
-23.95,12.0
-23.9,11.95
-23.849999999999998,11.95
-23.799999999999997,11.95
-23.75,11.95
-23.7,11.900000000000002
-23.65,11.900000000000002
-23.599999999999998,11.900000000000002
-23.549999999999997,11.900000000000002
-23.5,11.850000000000001
-23.45,11.850000000000001
-23.4,11.850000000000001
-23.349999999999998,11.8
-23.299999999999997,11.8
-23.25,11.8
-23.2,11.8
-23.15,11.75
-23.099999999999998,11.75
-23.049999999999997,11.75
-23.0,11.7
-22.95,11.7
-22.9,11.7
-22.849999999999998,11.7
-22.799999999999997,11.650000000000002
-22.75,11.650000000000002
-22.7,11.650000000000002
-22.65,11.600000000000001
-22.599999999999998,11.600000000000001
-22.549999999999997,11.600000000000001
-22.5,11.55
-22.45,11.55
-22.4,11.55
-22.349999999999998,11.55
-22.299999999999997,11.5
-22.25,11.5
-22.2,11.5
-22.15,11.5
-22.099999999999998,11.45
-22.049999999999997,11.45
-22.0,11.45
-21.95,11.400000000000002
-21.9,11.400000000000002
-21.849999999999998,11.400000000000002
-21.799999999999997,11.350000000000001
-21.75,11.350000000000001
-21.7,11.350000000000001
-21.65,11.3
-21.599999999999998,11.3
-21.549999999999997,11.3
-21.5,11.3
-21.45,11.3
-21.4,11.25
-21.349999999999998,11.25
-21.299999999999997,11.2
-21.25,11.2
-21.2,11.2
-21.15,11.150000000000002
-21.099999999999998,11.150000000000002
-21.049999999999997,11.150000000000002
-21.0,11.150000000000002
-20.95,11.150000000000002
-20.9,11.100000000000001
-20.849999999999998,11.100000000000001
-20.799999999999997,11.100000000000001
-20.75,11.05
-20.7,11.05
-20.65,11.05
-20.599999999999998,11.0
-20.549999999999997,11.0
-20.5,11.0
-20.45,11.0
-20.4,10.95
-20.349999999999998,10.95
-20.299999999999997,10.900000000000002
-20.25,10.900000000000002
-20.2,10.900000000000002
-20.15,10.900000000000002
-20.099999999999998,10.850000000000001
-20.049999999999997,10.850000000000001
-20.0,10.850000000000001
-19.95,10.850000000000001
-19.9,10.8
-19.849999999999998,10.8
-19.799999999999997,10.8
-19.75,10.75
-19.7,10.75
-19.65,10.75
-19.599999999999998,10.7
-19.549999999999997,10.7
-19.5,10.7
-19.45,10.7
-19.4,10.650000000000002
-19.349999999999998,10.650000000000002
-19.299999999999997,10.650000000000002
-19.25,10.650000000000002
-19.2,10.600000000000001
-19.15,10.600000000000001
-19.099999999999998,10.600000000000001
-19.049999999999997,10.55
-19.0,10.55
-18.95,10.5
-18.9,10.5
-18.849999999999998,10.5
-18.799999999999997,10.5
-18.75,10.45
-18.7,10.45
-18.65,10.45
-18.599999999999998,10.45
-18.549999999999997,10.400000000000002
-18.5,10.400000000000002
-18.45,10.400000000000002
-18.4,10.400000000000002
-18.349999999999998,10.350000000000001
-18.299999999999997,10.350000000000001
-18.25,10.3
-18.2,10.3
-18.15,10.3
-18.099999999999998,10.3
-18.049999999999997,10.25
-18.0,10.25
-17.949999999999996,10.25
-17.9,10.25
-17.85,10.2
-17.799999999999997,10.2
-17.75,10.2
-17.699999999999996,10.150000000000002
-17.65,10.150000000000002
-17.6,10.150000000000002
-17.549999999999997,10.150000000000002
-17.5,10.100000000000001
-17.449999999999996,10.100000000000001
-17.4,10.05
-17.35,10.05
-17.299999999999997,10.05
-17.25,10.05
-17.199999999999996,10.0
-17.15,10.0
-17.1,10.0
-17.049999999999997,10.0
-17.0,9.95
-16.949999999999996,9.95
-16.9,9.95
-16.85,9.900000000000002
-16.799999999999997,9.900000000000002
-16.75,9.900000000000002
-16.699999999999996,9.850000000000001
-16.65,9.850000000000001
-16.6,9.850000000000001
-16.549999999999997,9.850000000000001
-16.5,9.8
-16.449999999999996,9.8
-16.4,9.8
-16.35,9.75
-16.299999999999997,9.75
-16.25,9.75
-16.199999999999996,9.75
-16.15,9.7
-16.1,9.7
-16.049999999999997,9.7
-16.0,9.650000000000002
-15.949999999999996,9.650000000000002
-15.899999999999999,9.650000000000002
-15.850000000000001,9.600000000000001
-15.799999999999997,9.600000000000001
-15.75,9.600000000000001
-15.699999999999996,9.600000000000001
-15.649999999999999,9.55
-15.600000000000001,9.55
-15.549999999999997,9.55
-15.5,9.55
-15.449999999999996,9.5
-15.399999999999999,9.5
-15.350000000000001,9.5
-15.299999999999997,9.45
-15.25,9.45
-15.199999999999996,9.45
-15.149999999999999,9.400000000000002
-15.100000000000001,9.400000000000002
-15.049999999999997,9.400000000000002
-15.0,9.350000000000001
-14.949999999999996,9.350000000000001
-14.899999999999999,9.350000000000001
-14.850000000000001,9.350000000000001
-14.799999999999997,9.3
-14.75,9.3
-14.699999999999996,9.3
-14.649999999999999,9.3
-14.600000000000001,9.25
-14.549999999999997,9.25
-14.5,9.25
-14.449999999999996,9.2
-14.399999999999999,9.2
-14.350000000000001,9.2
-14.299999999999997,9.150000000000002
-14.25,9.150000000000002
-14.199999999999996,9.150000000000002
-14.149999999999999,9.150000000000002
-14.100000000000001,9.100000000000001
-14.049999999999997,9.100000000000001
-14.0,9.100000000000001
-13.949999999999996,9.100000000000001
-13.899999999999999,9.05
-13.850000000000001,9.05
-13.799999999999997,9.05
-13.75,9.0
-13.699999999999996,9.0
-13.649999999999999,8.95
-13.600000000000001,8.95
-13.549999999999997,8.95
-13.5,8.95
-13.449999999999996,8.900000000000002
-13.399999999999999,8.900000000000002
-13.350000000000001,8.900000000000002
-13.299999999999997,8.900000000000002
-13.25,8.850000000000001
-13.199999999999996,8.850000000000001
-13.149999999999999,8.850000000000001
-13.100000000000001,8.8
-13.049999999999997,8.8
-13.0,8.8
-12.949999999999996,8.75
-12.899999999999999,8.75
-12.850000000000001,8.75
-12.799999999999997,8.75
-12.75,8.7
-12.699999999999996,8.7
-12.649999999999999,8.7
-12.600000000000001,8.7
-12.549999999999997,8.650000000000002
-12.5,8.650000000000002
-12.449999999999996,8.650000000000002
-12.399999999999999,8.600000000000001
-12.350000000000001,8.600000000000001
-12.299999999999997,8.55
-12.25,8.55
-12.199999999999996,8.55
-12.149999999999999,8.55
-12.100000000000001,8.5
-12.049999999999997,8.5
-12.0,8.5
-11.949999999999996,8.5
-11.899999999999999,8.45
-11.850000000000001,8.45
-11.799999999999997,8.45
-11.75,8.400000000000002
-11.699999999999996,8.400000000000002
-11.649999999999999,8.400000000000002
-11.599999999999994,8.400000000000002
-11.549999999999997,8.350000000000001
-11.5,8.350000000000001
-11.449999999999996,8.350000000000001
-11.399999999999999,8.3
-11.349999999999994,8.3
-11.299999999999997,8.3
-11.25,8.3
-11.199999999999996,8.25
-11.149999999999999,8.25
-11.099999999999994,8.25
-11.049999999999997,8.2
-11.0,8.2
-10.949999999999996,8.2
-10.899999999999999,8.150000000000002
-10.849999999999994,8.150000000000002
-10.799999999999997,8.150000000000002
-10.75,8.100000000000001
-10.699999999999996,8.100000000000001
-10.649999999999999,8.100000000000001
-10.599999999999994,8.100000000000001
-10.549999999999997,8.05
-10.5,8.05
-10.449999999999996,8.05
-10.399999999999999,8.0
-10.349999999999994,8.0
-10.299999999999997,8.0
-10.25,8.0
-10.199999999999996,7.95
-10.149999999999999,7.95
-10.099999999999994,7.95
-10.049999999999997,7.900000000000001
-10.0,7.900000000000001
-9.949999999999996,7.900000000000001
-9.899999999999999,7.900000000000001
-9.849999999999994,7.8500000000000005
-9.799999999999997,7.8500000000000005
-9.75,7.8500000000000005
-9.699999999999996,7.800000000000002
-9.649999999999999,7.800000000000002
-9.599999999999994,7.800000000000002
-9.549999999999997,7.800000000000002
-9.5,7.750000000000001
-9.449999999999996,7.750000000000001
-9.399999999999999,7.750000000000001
-9.349999999999994,7.7
-9.299999999999997,7.7
-9.25,7.7
-9.199999999999996,7.7
-9.149999999999999,7.650000000000001
-9.099999999999994,7.650000000000001
-9.049999999999997,7.650000000000001
-9.0,7.6000000000000005
-8.949999999999996,7.6000000000000005
-8.899999999999999,7.6000000000000005
-8.849999999999994,7.6000000000000005
-8.799999999999997,7.550000000000002
-8.75,7.550000000000002
-8.699999999999996,7.550000000000002
-8.649999999999999,7.500000000000001
-8.599999999999994,7.500000000000001
-8.549999999999997,7.500000000000001
-8.5,7.500000000000001
-8.449999999999996,7.45
-8.399999999999999,7.45
-8.349999999999994,7.400000000000001
-8.299999999999997,7.400000000000001
-8.25,7.400000000000001
-8.199999999999996,7.400000000000001
-8.149999999999999,7.3500000000000005
-8.099999999999994,7.3500000000000005
-8.049999999999997,7.3500000000000005
-8.0,7.3500000000000005
-7.949999999999996,7.300000000000002
-7.899999999999999,7.300000000000002
-7.849999999999994,7.300000000000002
-7.799999999999997,7.250000000000001
-7.75,7.250000000000001
-7.699999999999996,7.250000000000001
-7.649999999999999,7.2
-7.599999999999994,7.2
-7.549999999999997,7.2
-7.5,7.2
-7.449999999999996,7.150000000000001
-7.399999999999999,7.150000000000001
-7.349999999999994,7.150000000000001
-7.299999999999997,7.150000000000001
-7.25,7.1000000000000005
-7.199999999999996,7.1000000000000005
-7.149999999999999,7.1000000000000005
-7.099999999999994,7.05
-7.049999999999997,7.05
-7.0,7.000000000000001
-6.949999999999996,7.000000000000001
-6.899999999999999,7.000000000000001
-6.849999999999994,7.000000000000001
-6.799999999999997,6.95
-6.75,6.95
-6.699999999999996,6.95
-6.649999999999999,6.95
-6.599999999999994,6.900000000000001
-6.549999999999997,6.900000000000001
-6.5,6.900000000000001
-6.449999999999996,6.8500000000000005
-6.399999999999999,6.8500000000000005
-6.349999999999994,6.8500000000000005
-6.299999999999997,6.8
-6.25,6.8
-6.199999999999996,6.8
-6.149999999999999,6.8
-6.099999999999994,6.750000000000001
-6.049999999999997,6.750000000000001
-6.0,6.750000000000001
-5.949999999999996,6.750000000000001
-5.899999999999999,6.7
-5.849999999999994,6.7
-5.799999999999997,6.7
-5.75,6.650000000000001
-5.699999999999996,6.650000000000001
-5.649999999999999,6.650000000000001
-5.599999999999994,6.6000000000000005
-5.549999999999997,6.6000000000000005
-5.5,6.6000000000000005
-5.449999999999996,6.55
-5.399999999999999,6.55
-5.349999999999994,6.55
-5.299999999999997,6.55
-5.25,6.500000000000001
-5.199999999999996,6.500000000000001
-5.149999999999999,6.500000000000001
-5.099999999999994,6.500000000000001
-5.049999999999997,6.500000000000001
-5.0,6.45
-4.949999999999996,6.45
-4.899999999999999,6.400000000000001
-4.849999999999994,6.400000000000001
-4.799999999999997,6.400000000000001
-4.75,6.3500000000000005
-4.699999999999996,6.3500000000000005
-4.649999999999999,6.3500000000000005
-4.599999999999994,6.3500000000000005
-4.549999999999997,6.3
-4.5,6.3
-4.449999999999996,6.3
-4.399999999999999,6.250000000000001
-4.349999999999994,6.250000000000001
-4.299999999999997,6.250000000000001
-4.25,6.250000000000001
-4.199999999999996,6.2
-4.149999999999999,6.2
-4.099999999999994,6.2
-4.049999999999997,6.150000000000001
-4.0,6.150000000000001
-3.9499999999999957,6.150000000000001
-3.8999999999999986,6.150000000000001
-3.8499999999999943,6.1000000000000005
-3.799999999999997,6.1000000000000005
-3.75,6.1000000000000005
-3.6999999999999957,6.05
-3.6499999999999986,6.05
-3.5999999999999943,6.05
-3.549999999999997,6.000000000000001
-3.5,6.000000000000001
-3.4499999999999957,6.000000000000001
-3.3999999999999986,5.95
-3.3499999999999943,5.95
-3.299999999999997,5.95
-3.25,5.95
-3.1999999999999957,5.900000000000001
-3.1499999999999986,5.900000000000001
-3.0999999999999943,5.900000000000001
-3.049999999999997,5.900000000000001
-3.0,5.8500000000000005
-2.9499999999999957,5.8500000000000005
-2.8999999999999986,5.8500000000000005
-2.8499999999999943,5.8
-2.799999999999997,5.8
-2.75,5.8
-2.6999999999999957,5.8
-2.6499999999999986,5.750000000000001
-2.5999999999999943,5.750000000000001
-2.549999999999997,5.750000000000001
-2.5,5.750000000000001
-2.4499999999999957,5.7
-2.3999999999999986,5.7
-2.3499999999999943,5.65
-2.299999999999997,5.65
-2.25,5.65
-2.1999999999999957,5.65
-2.1499999999999986,5.6000000000000005
-2.0999999999999943,5.6000000000000005
-2.049999999999997,5.6000000000000005
-2.0,5.550000000000001
-1.9499999999999957,5.550000000000001
-1.8999999999999986,5.550000000000001
-1.8499999999999943,5.550000000000001
-1.7999999999999972,5.500000000000001
-1.75,5.500000000000001
-1.6999999999999957,5.45
-1.6499999999999986,5.45
-1.5999999999999943,5.45
-1.5499999999999972,5.45
-1.5,5.4
-1.4499999999999957,5.4
-1.3999999999999986,5.4
-1.3499999999999943,5.4
-1.2999999999999972,5.3500000000000005
-1.25,5.3500000000000005
-1.1999999999999957,5.3500000000000005
-1.1499999999999986,5.3500000000000005
-1.0999999999999943,5.300000000000001
-1.0499999999999972,5.300000000000001
-1.0,5.300000000000001
-0.9499999999999957,5.250000000000001
-0.8999999999999986,5.250000000000001
-0.8499999999999943,5.250000000000001
-0.7999999999999972,5.2
-0.75,5.2
-0.6999999999999957,5.2
-0.6499999999999986,5.2
-0.5999999999999943,5.15
-0.5499999999999972,5.15
-0.5,5.15
-0.44999999999999574,5.15
-0.3999999999999986,5.1000000000000005
-0.3499999999999943,5.1000000000000005
-0.29999999999999716,5.050000000000001
-0.25,5.050000000000001
-0.19999999999999574,5.050000000000001
-0.14999999999999858,5.050000000000001
-0.09999999999999432,5.000000000000001
-0.04999999999999716,5.000000000000001
0.0,5.000000000000001
0.05000000000000426,5.000000000000001
0.10000000000000142,4.95
0.15000000000000568,4.95
0.20000000000000284,4.95
0.25,4.9
0.30000000000000426,4.9
0.3500000000000014,4.9
0.4000000000000057,4.8500000000000005
0.45000000000000284,4.8500000000000005
0.5,4.8500000000000005
0.5500000000000043,4.800000000000001
0.6000000000000014,4.800000000000001
0.6500000000000057,4.800000000000001
0.7000000000000028,4.800000000000001
0.75,4.750000000000001
0.8000000000000043,4.750000000000001
0.8500000000000014,4.750000000000001
0.9000000000000057,4.750000000000001
0.9500000000000028,4.7
1.0,4.7
1.0500000000000043,4.65
1.1000000000000014,4.65
1.1500000000000057,4.65
1.2000000000000028,4.65
1.25,4.6000000000000005
1.3000000000000043,4.6000000000000005
1.3500000000000014,4.6000000000000005
1.4000000000000057,4.6000000000000005
1.4500000000000028,4.550000000000001
1.5,4.550000000000001
1.5500000000000043,4.550000000000001
1.6000000000000014,4.550000000000001
1.6500000000000057,4.500000000000001
1.7000000000000028,4.500000000000001
1.75,4.45
1.8000000000000043,4.45
1.8500000000000014,4.45
1.9000000000000057,4.45
1.9500000000000028,4.4
2.0,4.4
2.0500000000000043,4.4
2.1000000000000014,4.3500000000000005
2.1500000000000057,4.3500000000000005
2.200000000000003,4.3500000000000005
2.25,4.3500000000000005
2.3000000000000043,4.300000000000001
2.3500000000000014,4.300000000000001
2.4000000000000057,4.300000000000001
2.450000000000003,4.250000000000001
2.5,4.250000000000001
2.5500000000000043,4.250000000000001
2.6000000000000014,4.2
2.6500000000000057,4.2
2.700000000000003,4.2
2.75,4.2
2.8000000000000043,4.15
2.8500000000000014,4.15
2.9000000000000057,4.15
2.950000000000003,4.15
3.0,4.1000000000000005
3.0500000000000043,4.1000000000000005
3.1000000000000014,4.1000000000000005
3.1500000000000057,4.050000000000001
3.200000000000003,4.050000000000001
3.25,4.050000000000001
3.3000000000000043,4.050000000000001
3.3500000000000014,4.000000000000001
3.4000000000000057,4.000000000000001
3.450000000000003,3.95
3.5,3.95
3.5500000000000043,3.95
3.6000000000000014,3.95
3.6500000000000057,3.9000000000000004
3.700000000000003,3.9000000000000004
3.75,3.9000000000000004
3.8000000000000043,3.9000000000000004
3.8500000000000014,3.8500000000000005
3.9000000000000057,3.8500000000000005
3.950000000000003,3.8500000000000005
4.0,3.8000000000000007
4.050000000000004,3.8000000000000007
4.100000000000001,3.8000000000000007
4.150000000000006,3.750000000000001
4.200000000000003,3.750000000000001
4.25,3.750000000000001
4.300000000000004,3.750000000000001
4.350000000000001,3.7
4.400000000000006,3.7
4.450000000000003,3.7
4.5,3.6500000000000004
4.550000000000004,3.6500000000000004
4.600000000000001,3.6500000000000004
4.650000000000006,3.6500000000000004
4.700000000000003,3.6000000000000005
4.75,3.6000000000000005
4.800000000000004,3.6000000000000005
4.850000000000001,3.5500000000000007
4.900000000000006,3.5500000000000007
4.950000000000003,3.5500000000000007
5.0,3.500000000000001
5.050000000000004,3.500000000000001
5.100000000000001,3.500000000000001
5.150000000000006,3.500000000000001
5.200000000000003,3.45
5.25,3.45
5.300000000000004,3.45
5.350000000000001,3.45
5.400000000000006,3.4000000000000004
5.450000000000003,3.4000000000000004
5.5,3.4000000000000004
5.550000000000004,3.4000000000000004
5.600000000000001,3.3500000000000005
5.650000000000006,3.3500000000000005
5.700000000000003,3.3500000000000005
5.75,3.3000000000000007
5.800000000000004,3.3000000000000007
5.850000000000001,3.250000000000001
5.900000000000006,3.250000000000001
5.950000000000003,3.250000000000001
6.0,3.250000000000001
6.050000000000004,3.250000000000001
6.100000000000001,3.2
6.150000000000006,3.2
6.200000000000003,3.2
6.25,3.1500000000000004
6.300000000000004,3.1500000000000004
6.350000000000001,3.1500000000000004
6.400000000000006,3.1000000000000005
6.450000000000003,3.1000000000000005
6.5,3.1000000000000005
6.550000000000004,3.1000000000000005
6.600000000000001,3.0500000000000007
6.650000000000006,3.0500000000000007
6.700000000000003,3.0500000000000007
6.75,3.000000000000001
6.800000000000004,3.000000000000001
6.850000000000001,3.000000000000001
6.900000000000006,3.000000000000001
6.950000000000003,2.95
7.0,2.95
7.050000000000004,2.9000000000000004
7.100000000000001,2.9000000000000004
7.150000000000006,2.9000000000000004
7.200000000000003,2.9000000000000004
7.25,2.8500000000000005
7.300000000000004,2.8500000000000005
7.350000000000001,2.8500000000000005
7.400000000000006,2.8500000000000005
7.450000000000003,2.8000000000000007
7.5,2.8000000000000007
7.550000000000004,2.8000000000000007
7.600000000000001,2.8000000000000007
7.650000000000006,2.750000000000001
7.700000000000003,2.750000000000001
7.700000000000003,2.750000000000001
