
******************************************************************************
This program contains Ipopt, a library for large-scale nonlinear optimization.
 Ipopt is released as open source code under the Eclipse Public License (EPL).
         For more information visit https://github.com/coin-or/Ipopt
******************************************************************************

This is Ipopt version 3.14.11, running with linear solver MUMPS 5.4.1.

Number of nonzeros in equality constraint Jacobian...:    32385
Number of nonzeros in inequality constraint Jacobian.:     8034
Number of nonzeros in Lagrangian Hessian.............:    26061

Total number of variables............................:     4205
                     variables with only lower bounds:        0
                variables with lower and upper bounds:     1405
                     variables with only upper bounds:        0
Total number of equality constraints.................:     3680
Total number of inequality constraints...............:     1746
        inequality constraints with only lower bounds:      174
   inequality constraints with lower and upper bounds:     1049
        inequality constraints with only upper bounds:      349

iter    objective    inf_pr   inf_du lg(mu)  ||d||  lg(rg) alpha_du alpha_pr  ls
   0  1.7500000e+00 1.39e+00 9.13e-01  -1.0 0.00e+00    -  0.00e+00 0.00e+00   0
   1  1.7421308e+00 1.38e+00 1.30e+04  -1.0 4.22e+00   4.0 1.84e-01 8.70e-03h  1
   2  1.7448681e+00 1.37e+00 1.29e+04  -1.0 4.19e+00   3.5 1.20e-03 2.52e-03f  1
   3  1.7674585e+00 1.37e+00 1.25e+04  -1.0 6.48e+00   3.0 2.77e-04 4.68e-03f  1
   4  1.7799062e+00 1.36e+00 1.24e+04  -1.0 3.90e+00   3.5 2.37e-04 1.89e-03f  1
   5  1.8608920e+00 1.36e+00 1.21e+04  -1.0 6.18e+00   3.0 4.75e-04 3.33e-03f  1
   6  2.2732171e+00 1.33e+00 1.94e+04  -1.0 3.60e+00   3.4 2.22e-03 2.16e-02f  1
   7  2.3134317e+00 1.33e+00 1.55e+04  -1.0 1.11e+01   2.9 5.84e-03 1.48e-03h  1
   8  2.5223905e+00 1.32e+00 1.80e+04  -1.0 4.72e+00   3.4 3.84e-03 9.89e-03h  1
   9  2.5407022e+00 1.31e+00 1.27e+04  -1.0 2.36e+01   2.9 4.47e-03 8.24e-04h  1
iter    objective    inf_pr   inf_du lg(mu)  ||d||  lg(rg) alpha_du alpha_pr  ls
  10  2.6304895e+00 1.30e+00 1.24e+04  -1.0 6.81e+00   3.3 9.30e-03 7.32e-03h  1
  11  2.6425957e+00 1.30e+00 1.49e+04  -1.0 4.82e+01   2.8 2.41e-03 4.15e-04h  1
  12  2.6428209e+00 1.30e+00 2.66e+04  -1.0 6.76e+00   3.3 8.55e-03 3.61e-05h  1
  13  2.6474922e+00 1.30e+00 4.77e+04  -1.0 9.56e+00   2.8 8.03e-03 1.01e-03h  1
  14  2.6610709e+00 1.30e+00 5.15e+04  -1.0 7.94e+00   3.2 4.57e-03 3.77e-03f  1
  15  2.6777588e+00 1.29e+00 9.42e+04  -1.0 1.08e+01   2.7 1.79e-02 4.14e-03h  1
  16  2.7259179e+00 1.27e+00 2.98e+04  -1.0 8.86e+00   3.2 7.10e-03 1.97e-02f  1
  17  2.7277105e+00 1.26e+00 2.63e+04  -1.0 8.68e+00   3.6 4.63e-03 4.94e-03h  1
  18  2.7467546e+00 1.25e+00 2.07e+05  -1.0 1.38e+01   3.1 4.15e-02 5.87e-03h  1
  19  2.7624469e+00 1.24e+00 7.84e+05  -1.0 9.84e+00   3.5 6.84e-02 1.00e-02h  1
iter    objective    inf_pr   inf_du lg(mu)  ||d||  lg(rg) alpha_du alpha_pr  ls
  20  2.7824385e+00 1.22e+00 1.03e+06  -1.0 8.47e+00   4.0 3.00e-02 1.83e-02h  1
  21  2.7864067e+00 1.22e+00 1.45e+06  -1.0 7.36e+00   4.4 9.91e-03 1.52e-03h  1
  22  2.7868329e+00 1.22e+00 1.45e+06  -1.0 8.75e+00   3.9 2.32e-04 2.05e-04h  1
  23  2.7872514e+00 1.22e+00 1.66e+06  -1.0 6.72e+00   4.3 6.89e-03 2.69e-04h  1
  24  2.8122315e+00 1.20e+00 1.59e+06  -1.0 9.45e+00   3.9 9.56e-04 1.16e-02h  1
  25  2.8127700e+00 1.20e+00 1.64e+06  -1.0 6.40e+00   4.3 3.56e-03 2.56e-04h  1
  26  2.8210042e+00 1.20e+00 1.66e+06  -1.0 2.25e+01   3.8 2.21e-04 1.70e-03h  1
  27  2.8249350e+00 1.20e+00 1.64e+06  -1.0 6.77e+00   4.2 2.18e-04 1.62e-03f  1
  28  2.8250473e+00 1.20e+00 1.64e+06  -1.0 5.62e+00   4.7 5.50e-05 6.17e-05h  1
  29  2.8265536e+00 1.20e+00 1.64e+06  -1.0 7.19e+00   4.2 1.58e-04 5.68e-04f  1
iter    objective    inf_pr   inf_du lg(mu)  ||d||  lg(rg) alpha_du alpha_pr  ls
  30  2.8270780e+00 1.20e+00 1.67e+06  -1.0 5.66e+00   4.6 1.01e-03 2.77e-04h  1
  31  2.8294571e+00 1.20e+00 1.67e+06  -1.0 7.79e+00   4.1 6.81e-04 8.33e-04f  1
  32  2.8326711e+00 1.19e+00 1.62e+06  -1.0 5.70e+00   4.6 3.17e-04 1.63e-03f  1
  33  2.8332207e+00 1.19e+00 1.62e+06  -1.0 2.67e+01   4.1 1.36e-03 1.82e-04h  1
  34  2.8337112e+00 1.19e+00 1.62e+06  -1.0 5.78e+00   4.5 2.84e-04 2.39e-04h  1
  35  2.8397004e+00 1.19e+00 1.63e+06  -1.0 1.07e+01   4.0 1.54e-05 1.67e-03f  1
  36  2.8410798e+00 1.19e+00 1.68e+06  -1.0 5.89e+00   4.5 3.27e-03 6.56e-04f  1
  37  2.8435411e+00 1.19e+00 1.68e+06  -1.0 1.60e+01   4.0 3.45e-04 5.64e-04h  1
  38  2.8436103e+00 1.19e+00 1.68e+06  -1.0 6.09e+00   4.4 1.48e-05 3.19e-05h  1
  39  2.8488642e+00 1.19e+00 1.69e+06  -1.0 2.53e+01   3.9 4.29e-04 8.26e-04f  1
iter    objective    inf_pr   inf_du lg(mu)  ||d||  lg(rg) alpha_du alpha_pr  ls
  40  2.8499014e+00 1.19e+00 1.71e+06  -1.0 6.37e+00   4.4 3.10e-03 4.62e-04h  1
  41  2.8512460e+00 1.19e+00 1.71e+06  -1.0 1.19e+02   3.9 7.20e-05 6.50e-05h  1
  42  2.8543362e+00 1.19e+00 1.70e+06  -1.0 6.73e+00   4.3 1.98e-05 1.32e-03f  1
  43  2.8543905e+00 1.19e+00 1.83e+06  -1.0 5.34e+00   4.7 3.11e-03 3.43e-05h  1
  44  2.8638962e+00 1.18e+00 1.82e+06  -1.0 7.23e+00   4.3 9.50e-04 3.81e-03f  1
  45  2.8643124e+00 1.18e+00 1.91e+06  -1.0 5.40e+00   4.7 2.76e-03 2.55e-04h  1
  46  2.8810779e+00 1.17e+00 1.89e+06  -1.0 8.19e+00   4.2 2.76e-03 6.39e-03h  1
  47  2.8814874e+00 1.17e+00 2.02e+06  -1.0 5.48e+00   4.6 4.78e-03 2.41e-04h  1
  48  2.8847614e+00 1.17e+00 1.95e+06  -1.0 4.79e+00   5.1 1.94e-03 2.62e-03h  1
  49  2.8865111e+00 1.17e+00 2.44e+06  -1.0 4.40e+00   5.5 3.37e-03 1.60e-03h  1
iter    objective    inf_pr   inf_du lg(mu)  ||d||  lg(rg) alpha_du alpha_pr  ls
  50  2.8865231e+00 1.17e+00 3.96e+06  -1.0 4.20e+00   5.9 2.08e-03 1.16e-05h  1
  51  2.8874945e+00 1.17e+00 5.54e+06  -1.0 4.50e+00   5.4 7.41e-03 7.92e-04h  1
  52  2.8894271e+00 1.17e+00 5.47e+06  -1.0 5.11e+00   5.0 2.77e-04 1.17e-03h  1
  53  2.8894860e+00 1.17e+00 5.49e+06  -1.0 4.71e+00   4.5 2.01e-03 4.12e-05h  1
  54  2.8902265e+00 1.17e+00 5.46e+06  -1.0 4.65e+00   4.9 2.03e-04 7.36e-04f  1
  55  2.8911696e+00 1.16e+00 5.45e+06  -1.0 5.43e+00   4.4 4.34e-04 7.44e-04h  1
  56  2.8938711e+00 1.16e+00 5.37e+06  -1.0 4.69e+00   4.9 9.09e-04 2.56e-03f  1
  57  2.8940571e+00 1.16e+00 5.37e+06  -1.0 4.42e+00   5.3 2.53e-04 2.18e-04h  1
  58  2.8940804e+00 1.16e+00 5.43e+06  -1.0 4.76e+00   4.8 1.67e-03 2.08e-05h  1
  59  2.8947933e+00 1.16e+00 5.38e+06  -1.0 4.44e+00   5.2 3.93e-04 8.11e-04f  1
iter    objective    inf_pr   inf_du lg(mu)  ||d||  lg(rg) alpha_du alpha_pr  ls
  60  2.8952351e+00 1.16e+00 5.38e+06  -1.0 4.88e+00   4.7 4.82e-04 3.79e-04h  1
  61  2.8957300e+00 1.16e+00 5.36e+06  -1.0 4.46e+00   5.2 4.11e-04 5.33e-04f  1
  62  2.8960804e+00 1.16e+00 5.41e+06  -1.0 5.01e+00   4.7 2.19e-03 2.90e-04h  1
  63  2.9011869e+00 1.15e+00 5.00e+06  -1.0 4.49e+00   5.1 1.07e-03 5.21e-03f  1
  64  2.9012178e+00 1.15e+00 5.13e+06  -1.0 4.24e+00   5.5 5.34e-04 3.49e-05h  1
  65  2.9024784e+00 1.15e+00 5.05e+06  -1.0 4.54e+00   5.1 2.68e-04 1.15e-03f  1
  66  2.9027303e+00 1.15e+00 5.03e+06  -1.0 4.24e+00   5.5 2.08e-04 2.75e-04h  1
  67  2.9063074e+00 1.15e+00 4.81e+06  -1.0 4.61e+00   5.0 4.41e-05 3.12e-03f  1
  68  2.9063340e+00 1.15e+00 5.07e+06  -1.0 4.20e+00   5.4 1.34e-03 2.68e-05h  1
  69  2.9063515e+00 1.15e+00 5.07e+06  -1.0 4.08e+00   5.9 1.89e-05 2.03e-05h  1
iter    objective    inf_pr   inf_du lg(mu)  ||d||  lg(rg) alpha_du alpha_pr  ls
  70  2.9090240e+00 1.14e+00 4.65e+06  -1.0 4.23e+00   5.4 3.25e-04 2.65e-03f  1
  71  2.9091694e+00 1.14e+00 4.98e+06  -1.0 4.04e+00   5.8 8.57e-04 1.57e-04h  1
  72  2.9096594e+00 1.14e+00 4.48e+06  -1.0 3.99e+00   6.2 1.74e-04 5.64e-04h  1
  73  2.9096739e+00 1.14e+00 4.87e+06  -1.0 4.06e+00   5.8 9.27e-04 1.51e-05h  1
  74  2.9098239e+00 1.14e+00 4.93e+06  -1.0 3.99e+00   6.2 2.22e-04 1.70e-04h  1
  75  2.9117187e+00 1.14e+00 4.19e+06  -1.0 4.09e+00   5.7 1.31e-05 1.92e-03f  1
  76  2.9117284e+00 1.14e+00 5.21e+06  -1.0 3.96e+00   6.1 1.00e-03 1.04e-05h  1
  77  2.9133478e+00 1.14e+00 4.95e+06  -1.0 4.11e+00   5.7 7.89e-04 1.54e-03h  1
  78  2.9133812e+00 1.14e+00 5.09e+06  -1.0 4.75e+00   5.2 1.48e-03 2.62e-05h  1
  79  2.9137083e+00 1.14e+00 5.28e+06  -1.0 4.13e+00   5.6 9.45e-04 3.02e-04h  1
iter    objective    inf_pr   inf_du lg(mu)  ||d||  lg(rg) alpha_du alpha_pr  ls
  80  2.9146446e+00 1.14e+00 5.46e+06  -1.0 4.93e+00   5.1 2.83e-03 7.14e-04f  1
  81  2.9160353e+00 1.14e+00 5.29e+06  -1.0 4.16e+00   5.6 6.22e-04 1.25e-03h  1
  82  2.9262925e+00 1.13e+00 5.21e+06  -1.0 5.22e+00   5.1 6.87e-03 7.36e-03f  1
  83  2.9264084e+00 1.13e+00 5.38e+06  -1.0 4.02e+00   5.5 8.63e-04 9.48e-05h  1
  84  2.9267201e+00 1.13e+00 5.40e+06  -1.0 5.79e+00   5.0 6.44e-04 1.98e-04h  1
  85  2.9272854e+00 1.13e+00 5.39e+06  -1.0 4.07e+00   5.5 3.95e-04 4.53e-04h  1
  86  2.9296864e+00 1.13e+00 5.32e+06  -1.0 6.50e+00   5.0 1.31e-05 1.43e-03f  1
  87  2.9324985e+00 1.12e+00 5.52e+06  -1.0 4.19e+00   5.4 3.48e-03 2.17e-03f  1
  88  2.9327283e+00 1.12e+00 5.57e+06  -1.0 8.51e+00   4.9 1.55e-03 1.16e-04h  1
  89  2.9332466e+00 1.12e+00 5.55e+06  -1.0 4.34e+00   5.4 3.17e-04 3.87e-04h  1
iter    objective    inf_pr   inf_du lg(mu)  ||d||  lg(rg) alpha_du alpha_pr  ls
  90  2.9337355e+00 1.12e+00 5.85e+06  -1.0 3.79e+00   5.8 1.15e-03 4.26e-04h  1
  91  2.9428827e+00 1.12e+00 5.56e+06  -1.0 4.49e+00   5.3 4.53e-03 6.58e-03f  1
  92  2.9430051e+00 1.12e+00 5.53e+06  -1.0 3.80e+00   5.7 2.55e-05 1.03e-04h  1
  93  2.9430244e+00 1.12e+00 5.53e+06  -1.0 4.60e+00   5.3 2.10e-05 1.32e-05h  1
  94  2.9489384e+00 1.11e+00 4.74e+06  -1.0 3.83e+00   5.7 2.40e-03 4.86e-03h  1
  95  2.9489728e+00 1.11e+00 4.80e+06  -1.0 3.60e+00   6.1 9.86e-05 3.11e-05h  1
  96  2.9508240e+00 1.11e+00 4.94e+06  -1.0 3.85e+00   5.6 2.04e-03 1.49e-03h  1
  97  2.9508423e+00 1.11e+00 5.80e+06  -1.0 3.61e+00   6.1 1.15e-03 1.65e-05h  1
  98  2.9573976e+00 1.10e+00 5.24e+06  -1.0 3.90e+00   5.6 2.95e-03 5.15e-03h  1
  99  2.9592870e+00 1.10e+00 4.45e+06  -1.0 3.53e+00   6.0 4.98e-04 1.68e-03h  1
iter    objective    inf_pr   inf_du lg(mu)  ||d||  lg(rg) alpha_du alpha_pr  ls
 100  2.9609907e+00 1.10e+00 3.92e+06  -1.0 3.49e+00   6.4 2.19e-05 1.60e-03h  1
 101  2.9610028e+00 1.10e+00 7.80e+06  -1.0 3.47e+00   6.9 1.31e-03 1.16e-05h  1
 102  2.9612793e+00 1.10e+00 8.29e+06  -1.0 3.46e+00   6.4 5.72e-04 2.60e-04h  1
 103  2.9616024e+00 1.10e+00 7.55e+06  -1.0 3.47e+00   6.8 1.33e-04 3.09e-04h  1
 104  2.9616486e+00 1.10e+00 7.59e+06  -1.0 3.44e+00   6.3 7.10e-05 4.29e-05h  1
 105  2.9622078e+00 1.10e+00 8.69e+06  -1.0 3.52e+00   5.9 2.87e-03 4.74e-04f  1
 106  2.9624968e+00 1.10e+00 8.69e+06  -1.0 5.29e+00   5.4 2.83e-04 2.10e-04h  1
 107  2.9685717e+00 1.09e+00 7.10e+06  -1.0 3.57e+00   5.8 1.20e-03 5.04e-03f  1
 108  2.9686111e+00 1.09e+00 7.08e+06  -1.0 9.66e+00   5.3 5.48e-04 3.16e-05h  1
 109  2.9690725e+00 1.09e+00 7.03e+06  -1.0 3.65e+00   5.8 2.40e-04 3.81e-04h  1
iter    objective    inf_pr   inf_du lg(mu)  ||d||  lg(rg) alpha_du alpha_pr  ls
 110  2.9704599e+00 1.09e+00 5.81e+06  -1.0 3.30e+00   6.2 1.93e-05 1.26e-03h  1
 111  2.9715626e+00 1.09e+00 6.53e+06  -1.0 3.77e+00   5.7 3.28e-03 8.97e-04h  1
 112  2.9738228e+00 1.09e+00 5.61e+06  -1.0 3.32e+00   6.1 9.92e-04 2.04e-03h  1
 113  2.9739183e+00 1.09e+00 5.63e+06  -1.0 3.96e+00   5.7 1.55e-04 7.69e-05h  1
 114  2.9742276e+00 1.09e+00 6.01e+06  -1.0 3.36e+00   6.1 7.85e-04 2.77e-04h  1
 115  2.9743814e+00 1.09e+00 5.99e+06  -1.0 4.22e+00   5.6 1.49e-05 1.22e-04h  1
 116  2.9745365e+00 1.09e+00 6.27e+06  -1.0 3.40e+00   6.0 5.56e-04 1.37e-04h  1
 117  2.9757020e+00 1.09e+00 6.12e+06  -1.0 4.63e+00   5.5 3.24e-06 9.10e-04f  1
 118  2.9757776e+00 1.08e+00 7.24e+06  -1.0 3.44e+00   6.0 1.94e-03 6.63e-05h  1
 119  2.9802830e+00 1.08e+00 6.88e+06  -1.0 5.23e+00   5.5 4.14e-04 3.47e-03f  1
iter    objective    inf_pr   inf_du lg(mu)  ||d||  lg(rg) alpha_du alpha_pr  ls
 120  2.9804115e+00 1.08e+00 9.25e+06  -1.0 3.43e+00   5.9 4.76e-03 1.12e-04h  1
 121  2.9830416e+00 1.08e+00 9.20e+06  -1.0 6.85e+00   5.4 1.14e-04 2.11e-03h  1
 122  2.9831143e+00 1.08e+00 1.11e+07  -1.0 3.42e+00   5.9 4.45e-03 6.31e-05h  1
 123  2.9838911e+00 1.08e+00 1.04e+07  -1.0 3.10e+00   6.3 1.98e-04 7.34e-04h  1
 124  2.9854558e+00 1.08e+00 1.02e+07  -1.0 3.52e+00   5.8 7.15e-04 1.34e-03h  1
 125  2.9861760e+00 1.08e+00 1.05e+07  -1.0 3.10e+00   6.2 9.38e-04 6.76e-04h  1
 126  2.9878390e+00 1.07e+00 1.03e+07  -1.0 3.63e+00   5.8 9.00e-04 1.41e-03h  1
 127  2.9880002e+00 1.07e+00 1.26e+07  -1.0 3.12e+00   6.2 2.52e-03 1.51e-04h  1
 128  2.9885098e+00 1.07e+00 1.16e+07  -1.0 3.03e+00   6.6 1.33e-04 5.02e-04h  1
 129  2.9889280e+00 1.07e+00 1.21e+07  -1.0 3.18e+00   6.1 9.52e-04 3.87e-04h  1
iter    objective    inf_pr   inf_du lg(mu)  ||d||  lg(rg) alpha_du alpha_pr  ls
 130  2.9894557e+00 1.07e+00 1.18e+07  -1.0 3.01e+00   6.6 3.90e-04 5.18e-04h  1
 131  2.9897879e+00 1.07e+00 1.16e+07  -1.0 3.25e+00   6.1 1.46e-05 3.05e-04h  1
 132  2.9902836e+00 1.07e+00 1.60e+07  -1.0 2.98e+00   6.5 2.65e-03 4.84e-04h  1
 133  2.9911364e+00 1.07e+00 1.56e+07  -1.0 3.32e+00   6.0 2.04e-04 7.72e-04h  1
 134  2.9923054e+00 1.07e+00 1.55e+07  -1.0 2.99e+00   6.5 1.10e-03 1.13e-03h  1
 135  2.9926590e+00 1.07e+00 1.54e+07  -1.0 3.45e+00   6.0 5.70e-05 3.19e-04h  1
 136  2.9953394e+00 1.07e+00 2.10e+07  -1.0 3.03e+00   6.4 6.11e-03 2.58e-03h  1
 137  2.9963419e+00 1.07e+00 2.06e+07  -1.0 3.65e+00   5.9 6.53e-05 8.98e-04h  1
 138  2.9965003e+00 1.07e+00 2.08e+07  -1.0 3.07e+00   6.4 2.83e-04 1.52e-04h  1
 139  2.9970793e+00 1.06e+00 2.10e+07  -1.0 3.86e+00   5.9 1.10e-03 5.12e-04h  1
iter    objective    inf_pr   inf_du lg(mu)  ||d||  lg(rg) alpha_du alpha_pr  ls
 140  2.9975791e+00 1.06e+00 2.08e+07  -1.0 3.11e+00   6.3 3.41e-04 4.76e-04h  1
 141  2.9976208e+00 1.06e+00 2.13e+07  -1.0 3.99e+00   5.8 1.39e-03 3.68e-05h  1
 142r 2.9976208e+00 1.06e+00 1.00e+03   0.0 0.00e+00   6.3 0.00e+00 3.30e-07R  4
 143r 3.8044408e+00 7.32e-01 1.33e+03   0.0 9.02e+02    -  9.36e-04 9.68e-04f  1
 144  3.7656009e+00 7.27e-01 1.52e+03  -1.0 1.87e+01    -  1.10e-04 6.66e-03f  1
 145  3.7687466e+00 7.26e-01 3.07e+03  -1.0 9.43e-01   5.8 2.25e-03 7.54e-04h  1
 146r 3.7687466e+00 7.26e-01 9.99e+02  -0.1 0.00e+00   5.3 0.00e+00 4.74e-07R  5
 147r 3.8438469e+00 7.07e-01 9.99e+02  -0.1 4.61e+02    -  7.65e-05 7.47e-05f  1
 148r 4.0304684e+00 6.16e-01 9.99e+02  -0.1 1.07e+01   2.0 3.66e-02 8.78e-03f  1
 149  4.0354030e+00 6.14e-01 2.67e+02  -1.0 6.13e+00    -  6.63e-02 2.81e-03h  1
iter    objective    inf_pr   inf_du lg(mu)  ||d||  lg(rg) alpha_du alpha_pr  ls
 150  4.0645778e+00 6.06e-01 2.48e+02  -1.0 8.63e+00    -  2.15e-02 1.45e-02f  1
 151  4.1356265e+00 5.86e-01 2.19e+02  -1.0 8.09e+00    -  2.82e-02 3.29e-02h  1
 152  4.2039824e+00 5.63e-01 1.93e+02  -1.0 6.96e+00    -  4.66e-02 3.86e-02f  1
 153  4.2888025e+00 5.44e-01 1.86e+02  -1.0 5.46e+00    -  3.91e-02 3.39e-02h  1
 154  4.2891293e+00 5.44e-01 1.51e+04  -1.0 8.73e-01   4.8 6.92e-03 1.02e-04h  1
 155  4.2904982e+00 5.44e-01 6.44e+04  -1.0 1.72e+00   4.4 5.53e-03 3.98e-04h  1
 156  4.2905419e+00 5.44e-01 1.89e+05  -1.0 2.04e+00   3.9 2.82e-02 1.24e-05h  1
 157  4.3069961e+00 5.41e-01 1.86e+05  -1.0 2.89e+00   3.4 3.66e-03 4.83e-03h  1
 158  4.3106542e+00 5.40e-01 2.51e+05  -1.0 3.24e+00   3.8 1.27e-02 1.21e-03h  1
 159  4.3218283e+00 5.38e-01 7.99e+05  -1.0 3.22e+00   4.3 3.94e-02 3.92e-03h  1
iter    objective    inf_pr   inf_du lg(mu)  ||d||  lg(rg) alpha_du alpha_pr  ls
 160  4.3322086e+00 5.36e-01 8.81e+05  -1.0 3.13e+00   4.7 6.17e-03 4.12e-03h  1
 161  4.3323199e+00 5.36e-01 1.22e+06  -1.0 3.04e+00   5.1 3.01e-03 4.79e-05h  1
 162  4.3446705e+00 5.33e-01 1.02e+06  -1.0 3.04e+00   4.6 4.80e-05 5.32e-03h  1
 163  4.3453612e+00 5.33e-01 4.68e+06  -1.0 2.95e+00   5.1 3.72e-02 3.26e-04h  1
 164  4.3481802e+00 5.32e-01 4.69e+06  -1.0 2.96e+00   5.5 1.41e-03 1.35e-03h  1
 165  4.3555250e+00 5.30e-01 5.95e+06  -1.0 3.96e+00   5.0 1.88e-02 3.44e-03h  1
 166  4.3564173e+00 5.30e-01 5.90e+06  -1.0 2.90e+00   5.4 2.48e-04 4.44e-04h  1
 167  4.3565054e+00 5.30e-01 6.53e+06  -1.0 2.88e+00   5.9 1.04e-03 4.40e-05h  1
 168  4.3641441e+00 5.28e-01 7.16e+06  -1.0 2.89e+00   5.4 6.88e-03 3.71e-03h  1
 169  4.3647737e+00 5.28e-01 9.20e+06  -1.0 2.84e+00   5.8 4.01e-03 3.33e-04h  1
iter    objective    inf_pr   inf_du lg(mu)  ||d||  lg(rg) alpha_du alpha_pr  ls
 170  4.3694859e+00 5.27e-01 1.39e+07  -1.0 2.83e+00   5.3 2.90e-02 2.50e-03h  1
 171  4.3698786e+00 5.27e-01 1.87e+07  -1.0 3.18e+00   5.8 6.93e-03 1.76e-04h  1
 172  4.3944175e+00 5.21e-01 1.73e+07  -1.0 3.20e+00   5.3 5.14e-03 1.03e-02h  1
 173  4.4061906e+00 5.19e-01 1.48e+07  -1.0 3.08e+00   5.7 1.17e-03 4.98e-03h  1
 174  4.4063812e+00 5.19e-01 2.73e+07  -1.0 3.02e+00   6.1 7.38e-03 8.20e-05h  1
 175  4.4087454e+00 5.18e-01 3.50e+07  -1.0 2.99e+00   5.7 1.53e-02 9.75e-04h  1
 176  4.4088442e+00 5.18e-01 3.70e+07  -1.0 3.02e+00   6.1 1.34e-03 4.06e-05h  1
 177  4.4100983e+00 5.18e-01 3.48e+07  -1.0 3.03e+00   6.5 5.10e-06 5.23e-04h  1
 178  4.4161208e+00 5.16e-01 3.17e+07  -1.0 2.99e+00   6.0 1.38e-04 2.48e-03h  1
 179  4.4164543e+00 5.16e-01 1.12e+08  -1.0 2.97e+00   6.5 2.27e-02 1.45e-04h  1
iter    objective    inf_pr   inf_du lg(mu)  ||d||  lg(rg) alpha_du alpha_pr  ls
 180  4.4310961e+00 5.13e-01 1.08e+08  -1.0 2.95e+00   6.0 3.02e-03 6.26e-03h  1
 181  4.4313820e+00 5.13e-01 2.29e+08  -1.0 2.88e+00   6.4 4.00e-02 1.23e-04h  1
 182  4.4441421e+00 5.10e-01 2.75e+08  -1.0 2.88e+00   6.8 1.12e-02 5.50e-03h  1
 183  4.4560577e+00 5.08e-01 3.28e+08  -1.0 2.78e+00   6.3 2.77e-02 4.84e-03h  1
 184  4.4645938e+00 5.06e-01 3.07e+08  -1.0 2.74e+00   6.8 7.31e-04 3.59e-03h  1
 185  4.4648195e+00 5.06e-01 3.79e+08  -1.0 2.70e+00   7.2 3.91e-03 9.60e-05h  1
 186  4.4684569e+00 5.05e-01 6.28e+08  -1.0 2.68e+00   6.7 4.43e-02 1.51e-03h  1
 187  4.4787846e+00 5.03e-01 8.68e+08  -1.0 2.67e+00   7.1 1.93e-02 4.31e-03h  1
 188  4.4841685e+00 5.02e-01 8.25e+08  -1.0 2.62e+00   7.6 1.28e-03 2.21e-03h  1
 189  4.4965151e+00 4.99e-01 7.80e+08  -1.0 2.75e+00   7.1 1.76e-03 4.83e-03h  1
iter    objective    inf_pr   inf_du lg(mu)  ||d||  lg(rg) alpha_du alpha_pr  ls
 190  4.4972766e+00 4.99e-01 1.02e+09  -1.0 3.50e+00   7.5 6.83e-03 3.07e-04h  1
 191  4.5017670e+00 4.98e-01 4.10e+09  -1.0 2.53e+00   8.0 3.21e-02 1.85e-03h  1
 192  4.5045287e+00 4.98e-01 1.16e+10  -1.0 2.51e+00   8.4 2.91e-02 1.14e-03h  1
 193  4.5045686e+00 4.98e-01 1.38e+10  -1.0 2.50e+00   7.9 2.63e-02 1.79e-05h  1
 194  4.5100762e+00 4.96e-01 1.40e+10  -1.0 2.83e+00   7.4 1.36e-02 2.77e-03h  1
 195  4.5180015e+00 4.94e-01 1.65e+10  -1.0 2.46e+00   7.8 3.71e-02 4.19e-03h  1
 196  4.5207433e+00 4.94e-01 1.67e+10  -1.0 3.79e+00   7.4 1.73e-02 1.32e-03h  1
 197  4.5234592e+00 4.93e-01 1.97e+10  -1.0 2.47e+00   7.8 4.89e-02 1.40e-03h  1
 198  4.5290960e+00 4.92e-01 1.97e+10  -1.0 2.84e+00   7.3 1.11e-02 2.66e-03h  1
 199  4.5358533e+00 4.90e-01 2.08e+10  -1.0 2.67e+00   7.7 2.59e-02 3.39e-03h  1
iter    objective    inf_pr   inf_du lg(mu)  ||d||  lg(rg) alpha_du alpha_pr  ls
 200  4.5372295e+00 4.90e-01 2.07e+10  -1.0 1.31e+01   7.3 1.51e-02 6.57e-04h  1
 201  4.5427405e+00 4.88e-01 2.18e+10  -1.0 2.90e+00   7.7 2.90e-02 2.70e-03h  1
 202  4.5509847e+00 4.87e-01 2.16e+10  -1.0 3.57e+00   7.2 2.63e-02 3.58e-03h  1
 203  4.5529075e+00 4.86e-01 2.24e+10  -1.0 2.96e+00   7.6 2.82e-02 9.20e-04h  1
 204  4.5647890e+00 4.83e-01 3.10e+10  -1.0 2.90e+00   8.1 7.57e-02 5.90e-03h  1
 205  4.5740500e+00 4.81e-01 3.12e+10  -1.0 2.97e+00   7.6 2.73e-02 4.23e-03h  1
 206  4.5872830e+00 4.78e-01 3.88e+10  -1.0 2.83e+00   8.0 8.98e-02 6.35e-03h  1
 207  4.6011904e+00 4.75e-01 4.65e+10  -1.0 2.57e+00   8.4 3.33e-02 6.78e-03h  1
 208  4.6077992e+00 4.74e-01 4.85e+10  -1.0 2.95e+00   8.0 4.56e-02 2.99e-03h  1
 209  4.6094403e+00 4.73e-01 5.28e+10  -1.0 2.81e+00   8.4 1.94e-02 7.77e-04h  1
iter    objective    inf_pr   inf_du lg(mu)  ||d||  lg(rg) alpha_du alpha_pr  ls
 210  4.6149824e+00 4.72e-01 5.34e+10  -1.0 5.78e+00   7.9 2.72e-02 2.43e-03h  1
 211  4.6157665e+00 4.72e-01 6.29e+10  -1.0 2.78e+00   8.3 4.95e-02 3.68e-04h  1
 212  4.6614424e+00 4.63e-01 6.18e+10  -1.0 2.74e+00   7.9 3.53e-02 1.94e-02h  1
 213  4.6629253e+00 4.62e-01 1.95e+11  -1.0 2.18e+00   9.2 8.24e-02 6.75e-04h  1
 214  4.6783732e+00 4.60e-01 2.02e+11  -1.0 2.77e+00   8.7 2.74e-02 6.13e-03h  1
 215  4.6799229e+00 4.59e-01 2.07e+11  -1.0 2.37e+00   9.1 4.95e-03 6.98e-04h  1
 216  4.6862735e+00 4.58e-01 2.06e+11  -1.0 2.55e+00   8.7 1.11e-04 2.59e-03h  1
 217  4.6864922e+00 4.58e-01 2.08e+11  -1.0 2.48e+00   9.1 1.55e-03 8.90e-05h  1
 218  4.6904136e+00 4.57e-01 2.09e+11  -1.0 2.75e+00   8.6 3.10e-03 1.25e-03h  1
 219  4.6958334e+00 4.57e-01 2.32e+11  -1.0 2.78e+00   9.0 1.40e-02 1.76e-03h  1
iter    objective    inf_pr   inf_du lg(mu)  ||d||  lg(rg) alpha_du alpha_pr  ls
 220  4.7448375e+00 4.50e-01 2.26e+11  -1.0 3.11e+00   8.6 8.19e-03 1.37e-02h  1
 221  4.7458311e+00 4.50e-01 2.34e+11  -1.0 4.95e+00   9.0 5.37e-03 2.59e-04h  1
 222  4.7493504e+00 4.50e-01 2.86e+11  -1.0 2.99e+00   9.4 1.18e-02 9.96e-04h  1
 223  4.7581029e+00 4.49e-01 3.73e+11  -1.0 2.97e+00   9.8 9.12e-03 2.51e-03h  1
 224  4.7679866e+00 4.47e-01 2.77e+11  -1.0 2.93e+00  10.3 3.55e-05 2.77e-03h  1
 225  4.7737280e+00 4.47e-01 2.61e+11  -1.0 3.13e+00   9.8 6.99e-06 1.69e-03h  1
 226  4.7930346e+00 4.45e-01 2.51e+11  -1.0 6.47e+00   9.3 2.23e-04 4.36e-03h  1
 227  4.7931327e+00 4.45e-01 4.67e+11  -1.0 2.33e+00  10.6 3.51e-03 3.09e-05h  1
 228  4.8047212e+00 4.43e-01 4.59e+11  -1.0 5.37e+00  10.2 2.91e-03 3.25e-03h  1
 229  4.8076838e+00 4.43e-01 6.39e+11  -1.0 2.35e+00  10.6 4.25e-03 9.27e-04h  1
iter    objective    inf_pr   inf_du lg(mu)  ||d||  lg(rg) alpha_du alpha_pr  ls
 230r 4.8076838e+00 4.43e-01 1.00e+03  -0.4 0.00e+00  11.0 0.00e+00 2.98e-07R  6
 231r 5.3118456e+00 1.01e+00 1.03e+03  -0.4 4.12e+02    -  8.21e-04 7.05e-04f  1
 232r 5.4652486e+00 9.92e-01 4.40e+03  -0.4 1.56e+01   2.0 9.63e-04 4.11e-03f  1
 233  5.4726268e+00 9.93e-01 1.33e+02  -1.0 6.27e+01    -  2.26e-03 2.64e-03f  1
 234  5.4727260e+00 9.93e-01 1.34e+06  -1.0 7.62e-01  10.5 5.01e-03 5.10e-05h  1
 235r 5.4727260e+00 9.93e-01 9.99e+02  -0.4 0.00e+00  10.1 0.00e+00 2.60e-07R  2
 236r 5.5908337e+00 9.75e-01 9.99e+02  -0.4 2.97e+02    -  1.54e-04 2.09e-04f  1
 237r 5.6947700e+00 8.84e-01 1.05e+03  -0.4 1.03e+01   2.0 8.85e-04 2.47e-03f  1
 238r 5.7177498e+00 8.49e-01 1.02e+03  -0.4 7.08e+00   2.4 2.21e-03 1.43e-03f  1
 239r 5.7528017e+00 7.63e-01 1.23e+03  -0.4 1.67e+00   2.9 2.81e-02 5.99e-03f  1
iter    objective    inf_pr   inf_du lg(mu)  ||d||  lg(rg) alpha_du alpha_pr  ls
 240  5.7661411e+00 7.59e-01 3.16e+02  -1.0 1.67e+01    -  1.34e-03 4.52e-03f  1
 241  5.8108548e+00 7.49e-01 3.10e+02  -1.0 5.09e+00    -  1.43e-02 1.37e-02f  1
 242  5.8170971e+00 7.47e-01 1.89e+08  -1.0 8.36e-01   9.6 2.23e-02 2.35e-03h  1
 243  5.8171622e+00 7.47e-01 1.89e+08  -1.0 1.38e+00   9.1 6.73e-02 2.39e-05h  1
 244r 5.8171622e+00 7.47e-01 9.99e+02  -0.5 0.00e+00   9.5 0.00e+00 4.92e-07R  2
 245r 6.3504286e+00 8.21e-01 1.00e+03  -0.5 2.09e+02    -  4.65e-04 1.01e-03f  1
 246r 6.4788842e+00 7.88e-01 1.02e+03  -0.5 8.19e+00   2.0 1.57e-03 2.98e-03f  1
 247r 6.5457905e+00 7.59e-01 1.24e+03  -0.5 3.62e+00   2.4 8.30e-03 3.63e-03f  1
 248r 6.6933527e+00 7.55e-01 7.75e+03  -0.5 2.00e+01   1.9 9.38e-04 3.27e-03f  1
 249r 6.8013787e+00 7.43e-01 7.70e+03  -0.5 7.03e+00   2.4 8.39e-03 4.79e-03f  1
iter    objective    inf_pr   inf_du lg(mu)  ||d||  lg(rg) alpha_du alpha_pr  ls
 250r 6.8815875e+00 7.24e-01 7.63e+03  -0.5 3.88e+00   2.8 1.18e-02 7.91e-03f  1
 251r 7.0037423e+00 6.69e-01 7.30e+03  -0.5 5.70e-01   3.2 1.03e-02 2.77e-02f  1
 252r 7.0630129e+00 6.24e-01 8.65e+03  -0.5 2.18e-01   3.7 1.24e-01 3.23e-02f  1
 253r 7.1578254e+00 5.98e-01 7.81e+03  -0.5 9.01e-01   3.2 1.60e-02 2.17e-02f  1
 254r 7.2491478e+00 5.52e-01 6.74e+03  -0.5 2.11e-01   3.6 4.12e-02 4.80e-02f  1
 255r 7.2973722e+00 5.05e-01 9.42e+03  -0.5 7.98e-02   4.0 1.04e-01 6.47e-02f  1
 256r 7.4041124e+00 4.65e-01 8.90e+03  -0.5 3.15e-01   3.6 5.82e-02 5.83e-02f  1
 257r 7.4799199e+00 4.07e-01 6.65e+03  -0.5 8.68e-02   4.0 6.77e-02 1.05e-01f  1
 258r 7.5828264e+00 3.76e-01 6.56e+03  -0.5 2.72e-01   3.5 5.04e-02 6.25e-02f  1
 259r 7.6151991e+00 3.51e-01 9.38e+03  -0.5 9.26e-02   3.9 1.54e-01 5.04e-02f  1
iter    objective    inf_pr   inf_du lg(mu)  ||d||  lg(rg) alpha_du alpha_pr  ls
 260r 7.6367602e+00 3.45e-01 1.22e+04  -0.5 4.02e+00   3.4 1.32e-03 1.49e-02f  1
 261r 7.6474740e+00 3.39e-01 1.88e+04  -0.5 9.38e-02   3.9 1.48e-01 1.65e-02f  1
 262r 7.7372188e+00 3.17e-01 1.64e+04  -0.5 3.31e-01   3.4 3.25e-02 5.86e-02f  1
 263r 7.8050416e+00 2.83e-01 1.48e+04  -0.5 8.49e-02   3.8 1.01e-01 1.01e-01f  1
 264r 7.8755300e+00 2.43e-01 8.66e+03  -0.5 3.73e-02   4.2 1.43e-01 2.59e-01f  1
 265r 7.8818229e+00 2.49e-01 3.59e+04  -0.5 1.89e-02   4.7 3.99e-01 6.53e-02f  1
 266r 7.9502369e+00 3.05e-01 2.75e+04  -0.5 4.23e-02   4.2 2.66e-01 2.44e-01f  1
 267  7.9545444e+00 3.04e-01 9.76e+01  -1.0 2.82e+01    -  5.28e-03 2.54e-03f  1
 268  7.9971001e+00 2.96e-01 1.07e+02  -1.0 2.76e+00    -  4.95e-02 2.54e-02f  1
 269  7.9973898e+00 2.96e-01 1.64e+05  -1.0 1.24e+00   9.1 9.27e-03 1.16e-04h  1
iter    objective    inf_pr   inf_du lg(mu)  ||d||  lg(rg) alpha_du alpha_pr  ls
 270r 7.9973898e+00 2.96e-01 9.99e+02  -0.6 0.00e+00   8.6 0.00e+00 2.95e-07R  3
 271r 8.2009413e+00 2.99e-01 9.97e+02  -0.6 1.73e+02    -  2.60e-03 1.09e-03f  1
 272r 8.2569989e+00 2.97e-01 1.35e+03  -0.6 5.61e+00   2.0 1.59e-02 3.38e-03f  1
 273  8.3238693e+00 4.10e-01 2.88e+03  -1.0 3.07e+01    -  6.91e-03 1.97e-02f  1
 274  8.3247723e+00 4.10e-01 1.50e+05  -1.0 1.53e+00   8.1 1.07e-02 4.24e-04h  1
 275r 8.3247723e+00 4.10e-01 9.99e+02  -0.3 0.00e+00   7.6 0.00e+00 3.05e-07R  5
 276r 8.4238288e+00 2.93e-01 9.98e+02  -0.3 4.39e+02    -  6.58e-04 1.21e-03f  1
 277  8.4031642e+00 2.88e-01 1.38e+03  -1.0 2.14e+01    -  7.99e-03 1.92e-02f  1
 278  8.4033056e+00 2.88e-01 1.52e+03  -1.0 1.43e+00   7.1 1.90e-02 7.56e-05h  1
 279r 8.4033056e+00 2.88e-01 9.99e+02  -0.8 0.00e+00   6.7 0.00e+00 4.20e-07R  4
iter    objective    inf_pr   inf_du lg(mu)  ||d||  lg(rg) alpha_du alpha_pr  ls
 280r 8.5240326e+00 2.88e-01 9.98e+02  -0.8 1.09e+02    -  2.84e-03 6.23e-04f  1
 281r 8.8048609e+00 2.99e-01 9.96e+02  -0.8 8.38e+01    -  2.36e-03 1.80e-03f  1
 282r 9.0235954e+00 3.16e-01 9.94e+02  -0.8 7.17e+01    -  4.45e-03 1.79e-03f  1
 283r 9.4409823e+00 9.68e-01 9.90e+02  -0.8 5.64e+01    -  5.64e-03 4.20e-03f  1
 284r 9.5845893e+00 1.04e+00 9.87e+02  -0.8 5.16e+01    -  9.27e-03 2.41e-03f  1
 285r 9.8506317e+00 1.23e+00 9.82e+02  -0.8 5.07e+01    -  8.13e-03 5.77e-03f  1
 286r 9.8509191e+00 1.19e+00 5.24e+03  -0.8 8.70e-02   4.0 1.06e-01 2.58e-02f  1
 287r 9.8587385e+00 1.16e+00 5.44e+03  -0.8 1.54e-01   3.5 2.65e-02 2.28e-02f  1
 288r 9.9092579e+00 1.10e+00 7.64e+03  -0.8 2.54e-01   3.0 8.88e-02 5.27e-02f  1
 289r 9.9933192e+00 1.06e+00 9.40e+03  -0.8 3.72e-01   2.6 8.13e-02 4.17e-02f  1
iter    objective    inf_pr   inf_du lg(mu)  ||d||  lg(rg) alpha_du alpha_pr  ls
 290r 1.0205307e+01 1.07e+00 8.47e+03  -0.8 9.67e-01   2.1 4.27e-02 5.17e-02f  1
 291r 1.0259931e+01 1.04e+00 1.18e+04  -0.8 2.28e-01   2.5 1.13e-01 3.65e-02f  1
 292r 1.0402645e+01 1.01e+00 1.13e+04  -0.8 9.76e-01   2.0 6.40e-02 5.71e-02f  1
 293r 1.0495306e+01 9.14e-01 1.00e+04  -0.8 2.13e-01   2.5 1.09e-01 1.08e-01f  1
 294r 1.0495600e+01 6.90e-01 7.63e+03  -0.8 3.19e-02   3.8 2.46e-01 2.46e-01f  1
 295r 1.0505432e+01 5.58e-01 6.98e+03  -0.8 2.96e-02   3.3 2.44e-01 1.91e-01f  1
 296r 1.0502199e+01 2.87e-01 4.79e+03  -0.8 1.85e-02   3.7 5.52e-01 4.87e-01f  1
 297r 1.0510638e+01 2.04e-01 2.70e+03  -0.8 4.11e-02   3.3 4.27e-01 2.89e-01f  1
 298r 1.0528681e+01 1.49e-01 3.67e+03  -0.8 9.13e-02   2.8 3.57e-01 2.74e-01f  1
 299r 1.0530175e+01 1.47e-01 5.53e+03  -0.8 5.66e+00   2.3 9.98e-03 1.00e-02f  1
iter    objective    inf_pr   inf_du lg(mu)  ||d||  lg(rg) alpha_du alpha_pr  ls
 300r 1.0530358e+01 1.23e-01 1.96e+04  -0.8 2.49e-02   3.6 8.50e-01 1.64e-01f  1
 301  1.0526770e+01 2.37e-01 6.03e+02  -1.0 5.49e+00    -  2.41e-02 4.79e-02f  1
 302  1.0425542e+01 1.76e-01 1.60e+03  -1.0 4.82e+00    -  6.53e-02 1.66e-01f  1
 303  1.0424411e+01 1.75e-01 1.47e+05  -1.0 6.98e-01   6.2 1.25e-01 5.26e-03h  1
 304  1.0424239e+01 1.75e-01 3.16e+06  -1.0 7.13e-01   5.7 3.21e-01 6.39e-04h  1
 305  1.0422913e+01 1.74e-01 3.15e+06  -1.0 8.80e-01   5.2 1.15e-01 4.98e-03h  1
 306  1.0420977e+01 1.72e-01 2.06e+07  -1.0 1.05e+00   5.7 5.76e-01 9.36e-03h  1
 307  1.0420667e+01 1.70e-01 2.04e+07  -1.0 1.81e+00   5.2 1.78e-02 9.90e-03h  1
 308  1.0420255e+01 1.70e-01 2.14e+07  -1.0 1.36e+00   5.6 4.42e-02 3.42e-03h  1
 309  1.0422443e+01 1.66e-01 2.12e+07  -1.0 5.63e+00   5.1 8.53e-03 8.41e-03h  1
iter    objective    inf_pr   inf_du lg(mu)  ||d||  lg(rg) alpha_du alpha_pr  ls
 310  1.0422212e+01 1.65e-01 2.50e+07  -1.0 1.44e+00   5.6 1.49e-01 1.72e-03h  1
 311  1.0421464e+01 1.63e-01 2.46e+07  -1.0 1.90e+00   5.1 2.21e-02 1.50e-02h  1
 312  1.0420971e+01 1.63e-01 3.30e+07  -1.0 1.51e+00   5.5 1.43e-01 2.93e-03h  1
 313  1.0416874e+01 1.61e-01 3.25e+07  -1.0 3.59e+00   5.0 2.36e-02 1.53e-02h  1
 314  1.0416831e+01 1.61e-01 1.61e+08  -1.0 1.04e+00   6.4 2.01e-01 2.07e-04h  1
 315  1.0412813e+01 1.58e-01 1.72e+08  -1.0 1.16e+00   5.9 1.18e-01 2.32e-02h  1
 316  1.0412293e+01 1.57e-01 1.78e+08  -1.0 1.09e+00   6.3 1.58e-02 3.47e-03h  1
 317  1.0412764e+01 1.57e-01 1.75e+08  -1.0 8.40e+00   5.8 5.15e-03 2.40e-03h  1
 318  1.0412762e+01 1.57e-01 1.53e+08  -1.0 9.82e-01   6.3 4.39e-02 5.12e-05h  1
 319  1.0411750e+01 1.56e-01 1.57e+08  -1.0 1.72e+00   5.8 2.87e-02 7.42e-03h  1
iter    objective    inf_pr   inf_du lg(mu)  ||d||  lg(rg) alpha_du alpha_pr  ls
 320  1.0408663e+01 1.54e-01 1.67e+08  -1.0 1.13e+00   6.2 3.37e-02 1.81e-02h  1
 321  1.0408468e+01 1.54e-01 1.57e+08  -1.0 5.87e+00   5.7 1.02e-02 1.61e-04h  1
 322  1.0408463e+01 1.54e-01 2.43e+08  -1.0 9.83e-01   6.2 1.21e-01 4.64e-05h  1
 323  1.0409740e+01 1.69e-01 2.32e+08  -1.0 2.44e+00   5.7 9.88e-02 5.94e-02h  1
 324  1.0409727e+01 1.69e-01 4.10e+08  -1.0 9.31e-01   7.0 3.47e-02 1.49e-04h  1
 325  1.0409479e+01 1.68e-01 4.43e+08  -1.0 1.05e+00   6.5 2.16e-02 2.69e-03h  1
 326  1.0407919e+01 1.66e-01 4.34e+08  -1.0 1.41e+00   6.1 1.83e-02 1.98e-02h  1
 327  1.0407790e+01 1.66e-01 4.52e+08  -1.0 1.11e+00   6.5 1.59e-02 1.82e-03h  1
 328  1.0407391e+01 1.65e-01 4.56e+08  -1.0 8.49e-01   6.9 8.69e-03 7.13e-03h  1
 329  1.0406801e+01 1.63e-01 4.52e+08  -1.0 1.01e+00   6.4 1.47e-02 1.28e-02h  1
iter    objective    inf_pr   inf_du lg(mu)  ||d||  lg(rg) alpha_du alpha_pr  ls
 330  1.0406790e+01 1.63e-01 6.85e+08  -1.0 1.16e+00   6.9 7.42e-02 1.46e-04h  1
 331  1.0408180e+01 1.62e-01 6.75e+08  -1.0 3.10e+00   6.4 8.83e-03 1.53e-02h  1
 332  1.0407922e+01 1.61e-01 6.89e+08  -1.0 2.40e+00   6.8 5.96e-03 2.07e-03h  1
 333  1.0407718e+01 1.61e-01 1.08e+09  -1.0 9.60e-01   7.2 3.71e-02 2.43e-03h  1
 334  1.0407135e+01 1.60e-01 1.05e+09  -1.0 1.53e+00   6.8 9.84e-04 7.22e-03h  1
 335  1.0407131e+01 1.60e-01 1.05e+09  -1.0 3.17e+00   6.3 2.83e-05 6.50e-05h  1
 336  1.0407131e+01 1.60e-01 1.05e+09  -1.0 1.10e+00   6.7 1.69e-06 9.45e-05h  1
 337  1.0409548e+01 1.59e-01 1.03e+09  -1.0 3.61e+00   6.2 1.27e-02 6.84e-03f  1
 338  1.0409560e+01 1.59e-01 1.04e+09  -1.0 1.03e+00   6.7 1.13e-02 2.33e-04h  1
 339  1.0409133e+01 1.58e-01 1.04e+09  -1.0 1.32e+00   6.2 6.93e-02 3.77e-03h  1
iter    objective    inf_pr   inf_du lg(mu)  ||d||  lg(rg) alpha_du alpha_pr  ls
 340  1.0408572e+01 1.57e-01 1.09e+09  -1.0 1.06e+00   6.6 2.85e-02 5.16e-03h  1
 341  1.0408530e+01 1.57e-01 1.09e+09  -1.0 1.10e+00   7.0 2.06e-04 4.36e-04h  1
 342  1.0408350e+01 1.57e-01 1.08e+09  -1.0 1.05e+00   6.6 6.69e-04 1.71e-03h  1
 343  1.0408146e+01 1.57e-01 1.07e+09  -1.0 1.09e+00   7.0 8.44e-04 3.35e-03h  1
 344  1.0408666e+01 1.55e-01 1.06e+09  -1.0 1.42e+00   6.5 1.31e-03 8.32e-03h  1
 345  1.0408595e+01 1.55e-01 1.11e+09  -1.0 1.23e+00   6.9 1.94e-02 3.32e-03h  1
 346  1.0408515e+01 1.55e-01 1.79e+09  -1.0 1.13e+00   7.4 5.73e-02 2.04e-03h  1
 347  1.0408499e+01 1.55e-01 1.88e+09  -1.0 1.25e+00   6.9 4.11e-02 4.35e-04h  1
 348  1.0407922e+01 1.52e-01 1.93e+09  -1.0 1.16e+00   7.3 2.40e-02 1.57e-02h  1
 349  1.0407802e+01 1.52e-01 2.36e+09  -1.0 9.77e-01   7.7 1.79e-02 2.90e-03h  1
iter    objective    inf_pr   inf_du lg(mu)  ||d||  lg(rg) alpha_du alpha_pr  ls
 350  1.0407402e+01 1.49e-01 2.29e+09  -1.0 1.03e+00   7.2 1.66e-02 1.96e-02h  1
 351  1.0407401e+01 1.49e-01 2.86e+09  -1.0 9.05e-01   7.7 2.74e-02 1.06e-03h  1
 352  1.0407890e+01 1.48e-01 2.94e+09  -1.0 8.69e-01   7.2 4.51e-02 9.03e-03h  1
 353  1.0407882e+01 1.48e-01 3.66e+09  -1.0 8.81e-01   7.6 3.48e-02 3.39e-04h  1
 354  1.0408451e+01 1.47e-01 3.64e+09  -1.0 1.27e+00   7.1 8.37e-03 4.48e-03h  1
 355  1.0408452e+01 1.47e-01 4.00e+09  -1.0 8.50e-01   7.6 2.44e-02 6.44e-05h  1
 356  1.0406763e+01 1.46e-01 3.98e+09  -1.0 6.73e+00   7.1 1.02e-02 8.73e-03h  1
 357  1.0406748e+01 1.46e-01 5.62e+09  -1.0 8.55e-01   8.4 1.08e-02 2.67e-04h  1
 358  1.0406263e+01 1.44e-01 4.82e+09  -1.0 1.07e+00   7.9 2.86e-03 1.72e-02h  1
 359  1.0408347e+01 1.43e-01 4.85e+09  -1.0 5.66e+00   7.5 1.46e-03 2.25e-03h  1
iter    objective    inf_pr   inf_du lg(mu)  ||d||  lg(rg) alpha_du alpha_pr  ls
 360  1.0408303e+01 1.43e-01 4.87e+09  -1.0 1.44e+00   7.0 8.49e-02 3.31e-04h  1
 361  1.0405718e+01 1.42e-01 4.57e+09  -1.0 1.24e+00   7.4 3.01e-03 1.51e-02h  1
 362  1.0405589e+01 1.41e-01 4.52e+09  -1.0 1.18e+00   7.8 1.19e-05 7.15e-04h  1
 363  1.0405740e+01 1.41e-01 4.51e+09  -1.0 1.27e+00   7.4 3.95e-06 1.91e-03f  1
 364  1.0406170e+01 1.39e-01 4.16e+09  -1.0 1.06e+00   7.8 2.73e-03 1.52e-02h  1
 365  1.0406176e+01 1.39e-01 1.27e+10  -1.0 8.47e-01   8.2 1.31e-01 1.73e-04h  1
 366  1.0408666e+01 1.37e-01 1.26e+10  -1.0 1.11e+00   7.7 3.46e-03 1.34e-02h  1
 367  1.0408684e+01 1.37e-01 1.31e+10  -1.0 7.45e-01   8.2 2.22e-02 1.47e-04h  1
 368r 1.0408684e+01 1.37e-01 1.00e+03  -0.6 0.00e+00   7.7 0.00e+00 3.28e-07R  5
 369r 1.0420589e+01 7.66e-02 1.24e+03  -0.6 2.40e+02    -  2.74e-03 1.07e-03f  1
iter    objective    inf_pr   inf_du lg(mu)  ||d||  lg(rg) alpha_du alpha_pr  ls
 370  1.0420515e+01 7.66e-02 6.08e+00  -1.0 1.39e+02    -  6.82e-05 1.58e-05f  1
 371  1.0433085e+01 7.66e-02 4.21e+02  -1.0 6.44e+01    -  5.87e-05 1.69e-03f  1
 372  1.0432932e+01 7.65e-02 4.85e+04  -1.0 4.61e-01   7.2 3.20e-01 1.24e-03h  1
 373  1.0432927e+01 7.65e-02 9.56e+04  -1.0 5.43e-01   6.7 1.58e-02 5.07e-05h  1
 374  1.0432682e+01 7.63e-02 2.27e+05  -1.0 5.63e-01   6.3 4.99e-02 2.61e-03h  1
 375  1.0432566e+01 7.62e-02 1.16e+06  -1.0 5.78e-01   6.7 2.60e-02 1.22e-03h  1
 376  1.0432208e+01 7.60e-02 5.79e+06  -1.0 5.59e-01   6.2 1.20e-01 3.61e-03h  1
 377  1.0432083e+01 7.57e-02 5.84e+06  -1.0 1.52e+00   5.7 2.02e-02 3.46e-03h  1
 378  1.0432135e+01 7.55e-02 7.84e+06  -1.0 4.41e-01   6.2 6.96e-02 3.28e-03h  1
 379  1.0433026e+01 7.50e-02 7.90e+06  -1.0 6.22e-01   5.7 1.64e-02 6.91e-03h  1
iter    objective    inf_pr   inf_du lg(mu)  ||d||  lg(rg) alpha_du alpha_pr  ls
 380  1.0433225e+01 7.49e-02 1.27e+07  -1.0 6.68e-01   6.1 2.87e-02 1.28e-03h  1
 381  1.0434135e+01 7.46e-02 3.71e+07  -1.0 6.65e-01   5.6 1.95e-01 4.57e-03h  1
 382  1.0435765e+01 7.40e-02 3.68e+07  -1.0 6.15e-01   5.2 1.18e-02 8.78e-03h  1
 383  1.0436159e+01 7.39e-02 3.61e+07  -1.0 8.34e-01   4.7 2.85e-02 1.38e-03h  1
 384  1.0436737e+01 7.35e-02 3.62e+07  -1.0 6.99e-01   5.1 4.26e-02 5.81e-03h  1
 385  1.0437980e+01 7.30e-02 3.60e+07  -1.0 8.74e-01   4.6 1.77e-03 7.42e-03h  1
 386  1.0438027e+01 7.29e-02 3.60e+07  -1.0 6.37e-01   5.1 8.91e-03 3.50e-04h  1
 387  1.0441802e+01 7.20e-02 3.37e+07  -1.0 9.21e-01   4.6 7.86e-02 1.68e-02h  1
 388  1.0442029e+01 7.19e-02 3.36e+07  -1.0 6.49e-01   5.0 2.66e-02 1.50e-03h  1
 389  1.0457262e+01 7.12e-02 2.69e+07  -1.0 1.04e+00   4.5 2.30e-01 6.25e-02h  1
iter    objective    inf_pr   inf_du lg(mu)  ||d||  lg(rg) alpha_du alpha_pr  ls
 390  1.0458053e+01 7.08e-02 2.67e+07  -1.0 1.17e+00   4.9 6.24e-03 6.63e-03h  1
 391  1.0458139e+01 7.07e-02 3.00e+07  -1.0 5.26e-01   5.4 9.27e-02 7.14e-04h  1
 392  1.0461433e+01 6.92e-02 2.71e+07  -1.0 5.64e-01   5.8 1.40e-02 2.79e-02h  1
 393  1.0461494e+01 6.92e-02 2.68e+07  -1.0 2.15e+00   5.3 1.49e-01 8.33e-04h  1
 394  1.0465802e+01 6.74e-02 2.30e+07  -1.0 5.31e-01   5.7 9.43e-03 3.49e-02h  1
 395  1.0466141e+01 6.71e-02 2.49e+07  -1.0 7.61e-01   6.2 1.28e-02 4.25e-03h  1
 396  1.0466227e+01 6.71e-02 3.25e+07  -1.0 6.79e-01   7.5 1.36e-03 6.13e-04h  1
 397  1.0466279e+01 6.71e-02 3.16e+07  -1.0 6.06e-01   7.0 7.56e-05 3.61e-04h  1
 398  1.0468580e+01 6.61e-02 1.64e+07  -1.0 5.07e-01   6.6 2.22e-04 1.77e-02h  1
 399  1.0468636e+01 6.61e-02 3.01e+07  -1.0 4.75e-01   7.0 7.11e-03 4.76e-04h  1
iter    objective    inf_pr   inf_du lg(mu)  ||d||  lg(rg) alpha_du alpha_pr  ls
 400  1.0469156e+01 6.57e-02 2.87e+07  -1.0 1.15e+00   6.5 2.03e-03 5.74e-03h  1
 401  1.0469167e+01 6.57e-02 5.43e+07  -1.0 4.31e-01   6.9 1.25e-02 9.43e-05h  1
 402  1.0470384e+01 6.52e-02 6.61e+07  -1.0 5.02e-01   6.4 2.08e-02 7.69e-03h  1
 403  1.0477761e+01 6.35e-02 5.76e+07  -1.0 5.69e-01   6.0 1.50e-02 4.17e-02h  1
 404  1.0477891e+01 6.35e-02 8.08e+07  -1.0 4.96e-01   6.4 3.23e-02 8.60e-04h  1
 405  1.0478003e+01 6.34e-02 8.10e+07  -1.0 8.77e-01   5.9 3.50e-03 8.53e-04h  1
 406  1.0480257e+01 6.25e-02 1.29e+08  -1.0 4.78e-01   6.3 9.62e-02 1.53e-02h  1
 407  1.0484871e+01 6.10e-02 9.72e+07  -1.0 4.41e-01   6.8 1.72e-02 3.24e-02h  1
 408  1.0486095e+01 6.05e-02 1.64e+08  -1.0 4.16e-01   7.2 2.34e-02 9.59e-03h  1
 409  1.0486098e+01 6.05e-02 1.70e+08  -1.0 6.48e-01   6.7 4.43e-03 3.59e-05h  1
iter    objective    inf_pr   inf_du lg(mu)  ||d||  lg(rg) alpha_du alpha_pr  ls
 410  1.0488107e+01 5.99e-02 2.14e+08  -1.0 6.06e-01   6.2 1.67e-01 1.02e-02h  1
 411  1.0493036e+01 5.86e-02 1.76e+08  -1.0 4.91e-01   6.7 9.39e-04 2.82e-02h  1
 412  1.0497092e+01 5.76e-02 1.70e+08  -1.0 7.05e-01   6.2 1.89e-03 1.92e-02h  1
 413  1.0497605e+01 5.74e-02 3.52e+08  -1.0 5.15e-01   6.6 1.96e-01 2.95e-03h  1
 414  1.0519451e+01 5.49e-02 3.27e+08  -1.0 8.38e-01   6.1 2.03e-02 9.53e-02h  1
 415  1.0519934e+01 5.46e-02 3.29e+08  -1.0 3.58e+00   6.6 1.18e-02 4.64e-03h  1
 416  1.0520928e+01 5.43e-02 6.21e+08  -1.0 9.01e-01   7.0 1.52e-01 7.19e-03h  1
 417  1.0524152e+01 5.32e-02 5.09e+08  -1.0 4.85e-01   7.4 5.55e-03 2.25e-02h  1
 418  1.0524175e+01 5.32e-02 8.32e+08  -1.0 3.28e-01   7.8 2.02e-02 1.74e-04h  1
 419  1.0524228e+01 5.32e-02 3.70e+09  -1.0 4.44e-01   7.4 6.28e-01 3.24e-04h  1
iter    objective    inf_pr   inf_du lg(mu)  ||d||  lg(rg) alpha_du alpha_pr  ls
 420  1.0530641e+01 5.17e-02 3.64e+09  -1.0 5.66e-01   6.9 4.64e-03 3.49e-02h  1
 421  1.0530723e+01 5.17e-02 3.69e+09  -1.0 4.55e-01   7.3 9.04e-02 5.06e-04h  1
 422  1.0532136e+01 5.12e-02 3.44e+09  -1.0 7.12e-01   6.8 1.18e-01 9.85e-03h  1
 423  1.0533841e+01 5.06e-02 3.38e+09  -1.0 4.69e-01   7.3 1.21e-03 1.23e-02h  1
 424  1.0534947e+01 5.02e-02 3.37e+09  -1.0 1.42e+00   6.8 7.84e-06 7.91e-03f  1
 425  1.0535449e+01 5.01e-02 3.47e+09  -1.0 6.22e-01   7.2 1.08e-01 3.32e-03h  1
 426  1.0540531e+01 4.87e-02 2.99e+09  -1.0 4.37e-01   7.6 1.44e-03 3.57e-02h  1
 427  1.0540546e+01 4.87e-02 2.99e+09  -1.0 1.46e+01   7.2 2.33e-04 4.57e-04f  2
 428  1.0540709e+01 4.86e-02 3.18e+09  -1.0 4.77e-01   7.6 2.50e-02 1.20e-03h  1
 429  1.0540718e+01 4.86e-02 4.68e+09  -1.0 2.93e-01   8.0 5.37e-02 6.14e-05h  1
iter    objective    inf_pr   inf_du lg(mu)  ||d||  lg(rg) alpha_du alpha_pr  ls
 430  1.0541847e+01 4.82e-02 4.64e+09  -1.0 5.33e-01   7.5 8.55e-03 8.10e-03h  1
 431  1.0541863e+01 4.82e-02 4.57e+09  -1.0 3.67e-01   7.1 2.75e-02 9.95e-05h  1
 432  1.0553755e+01 4.57e-02 4.54e+09  -1.0 6.71e-01   6.6 1.20e-02 5.72e-02h  1
 433  1.0553963e+01 4.56e-02 4.47e+09  -1.0 4.50e-01   7.0 2.07e-02 1.35e-03h  1
 434  1.0554768e+01 4.54e-02 4.48e+09  -1.0 3.93e-01   7.4 2.14e-02 5.39e-03h  1
 435  1.0562971e+01 4.34e-02 4.25e+09  -1.0 5.29e-01   7.0 5.03e-02 5.16e-02h  1
 436  1.0563764e+01 4.31e-02 4.36e+09  -1.0 4.28e-01   7.4 2.62e-01 5.79e-03h  1
 437  1.0568492e+01 4.19e-02 5.12e+09  -1.0 3.74e-01   7.8 1.21e-01 3.47e-02h  1
 438  1.0568602e+01 4.18e-02 5.07e+09  -1.0 1.66e+00   7.3 2.27e-02 1.64e-03h  1
 439  1.0569646e+01 4.15e-02 4.97e+09  -1.0 4.45e-01   7.8 7.59e-05 8.05e-03h  1
iter    objective    inf_pr   inf_du lg(mu)  ||d||  lg(rg) alpha_du alpha_pr  ls
 440  1.0578407e+01 3.96e-02 2.62e+09  -1.0 3.53e-01   8.2 6.50e-04 6.84e-02h  1
 441  1.0578677e+01 3.95e-02 4.65e+09  -1.0 3.45e-01   8.6 2.80e-02 2.67e-03h  1
 442  1.0577859e+01 3.95e-02 4.62e+09  -1.0 6.13e+00   8.1 1.54e-05 1.31e-03f  1
 443  1.0577866e+01 3.95e-02 4.61e+09  -1.0 3.85e-01   8.6 1.23e-05 1.01e-04h  1
 444r 1.0577866e+01 3.95e-02 1.00e+03  -1.0 0.00e+00   9.0 0.00e+00 2.65e-07R  4
 445r 1.0583779e+01 3.29e-02 1.12e+03  -1.0 5.29e+01    -  4.00e-03 1.40e-03f  1
 446  1.0595023e+01 2.06e-01 1.91e+03  -1.0 1.61e+02    -  4.05e-04 2.12e-03f  1
 447  1.0594915e+01 2.05e-01 6.98e+05  -1.0 1.54e-01   8.5 9.29e-01 3.84e-03h  1
 448  1.0594913e+01 2.05e-01 6.97e+05  -1.0 1.57e-01   8.0 5.85e-02 7.01e-05h  1
 449  1.0594844e+01 2.05e-01 5.30e+06  -1.0 1.63e-01   7.6 7.35e-01 3.13e-03h  1
iter    objective    inf_pr   inf_du lg(mu)  ||d||  lg(rg) alpha_du alpha_pr  ls
 450  1.0594604e+01 2.02e-01 5.07e+06  -1.0 1.75e-01   7.1 6.36e-02 1.34e-02h  1
 451  1.0594859e+01 2.00e-01 4.58e+06  -1.0 2.32e-01   6.6 1.05e-01 1.35e-02h  1
 452  1.0595393e+01 1.98e-01 1.54e+07  -1.0 1.87e-01   7.0 2.31e-01 1.02e-02h  1
 453  1.0597896e+01 1.90e-01 3.67e+08  -1.0 1.84e-01   7.5 1.00e+00 3.74e-02h  1
 454  1.0599040e+01 1.87e-01 4.26e+08  -1.0 1.70e-01   7.9 1.28e-01 1.68e-02h  1
 455  1.0601042e+01 1.82e-01 3.29e+08  -1.0 2.11e-01   7.4 5.44e-01 2.52e-02h  1
 456  1.0601704e+01 1.79e-01 2.91e+08  -1.0 3.48e-01   6.9 1.28e-01 1.95e-02h  1
 457  1.0602177e+01 1.77e-01 2.40e+08  -1.0 1.60e-01   7.4 5.89e-01 7.76e-03h  1
 458  1.0603058e+01 1.75e-01 6.38e+08  -1.0 1.19e-01   7.8 1.00e+00 1.43e-02h  1
 459  1.0608934e+01 1.60e-01 5.09e+08  -1.0 1.61e-01   7.3 2.43e-01 8.54e-02h  1
iter    objective    inf_pr   inf_du lg(mu)  ||d||  lg(rg) alpha_du alpha_pr  ls
 460  1.0609075e+01 1.60e-01 6.28e+08  -1.0 1.87e-01   7.7 4.67e-02 1.93e-03h  1
 461  1.0610353e+01 1.56e-01 9.10e+08  -1.0 2.00e-01   8.2 3.32e-02 2.21e-02h  1
 462  1.0611611e+01 1.53e-01 9.87e+08  -1.0 2.31e-01   7.7 3.72e-02 1.95e-02h  1
 463  1.0611619e+01 1.53e-01 1.53e+09  -1.0 2.10e-01   8.1 3.21e-02 1.20e-04h  1
 464  1.0611706e+01 1.53e-01 1.71e+09  -1.0 2.38e-01   7.6 5.62e-02 1.56e-03h  1
 465  1.0612762e+01 1.50e-01 1.26e+10  -1.0 2.11e-01   8.0 8.02e-01 1.88e-02h  1
 466  1.0620712e+01 1.29e-01 9.06e+09  -1.0 2.00e-01   8.5 8.26e-02 1.41e-01h  1
 467  1.0620866e+01 1.29e-01 7.09e+10  -1.0 1.68e-01   8.9 1.00e+00 3.14e-03h  1
 468  1.0621423e+01 1.27e-01 1.01e+11  -1.0 1.59e-01   9.3 2.35e-01 1.13e-02h  1
 469  1.0624172e+01 1.20e-01 6.21e+10  -1.0 1.78e-01   8.8 7.65e-01 5.36e-02h  1
iter    objective    inf_pr   inf_du lg(mu)  ||d||  lg(rg) alpha_du alpha_pr  ls
 470  1.0624262e+01 1.20e-01 8.23e+10  -1.0 1.39e-01   9.3 2.94e-01 2.12e-03h  1
 471  1.0625231e+01 1.17e-01 1.18e+11  -1.0 1.31e-01   9.7 1.41e-01 2.31e-02h  1
 472  1.0625469e+01 1.17e-01 1.16e+11  -1.0 1.56e-01   9.2 1.55e-02 8.12e-03h  1
 473  1.0625636e+01 1.16e-01 1.16e+11  -1.0 4.09e-01   8.7 4.18e-03 2.85e-03h  1
 474  1.0625654e+01 1.16e-01 1.94e+11  -1.0 1.11e-01  10.1 1.13e-01 4.43e-04h  1
 475  1.0625829e+01 1.16e-01 2.25e+11  -1.0 1.23e-01   9.6 9.80e-01 4.05e-03h  1
 476  1.0627638e+01 1.11e-01 2.03e+11  -1.0 1.57e-01   9.1 9.68e-02 4.26e-02h  1
 477  1.0627690e+01 1.11e-01 3.01e+11  -1.0 9.39e-02   9.5 6.06e-01 1.26e-03h  1
 478  1.0629669e+01 1.05e-01 2.87e+11  -1.0 1.45e-01   9.1 4.10e-02 5.05e-02h  1
 479  1.0629689e+01 1.05e-01 3.30e+11  -1.0 1.28e-01   9.5 3.54e-01 5.59e-04h  1
iter    objective    inf_pr   inf_du lg(mu)  ||d||  lg(rg) alpha_du alpha_pr  ls
 480  1.0629935e+01 1.04e-01 3.02e+11  -1.0 1.35e-01   9.0 1.25e-01 6.72e-03h  1
 481  1.0635340e+01 9.20e-02 4.67e+10  -1.0 2.31e-01   8.5 8.93e-01 1.18e-01h  1
 482  1.0636049e+01 9.07e-02 4.60e+10  -1.0 1.68e-01   9.0 1.53e-02 1.46e-02h  1
 483  1.0636596e+01 9.06e-02 4.66e+10  -1.0 1.21e+01   8.5 2.50e-04 1.34e-03f  3
 484  1.0639479e+01 8.31e-02 4.42e+10  -1.0 2.39e-01   8.9 3.97e-03 8.32e-02h  1
 485  1.0639495e+01 8.30e-02 4.67e+10  -1.0 1.25e-01   9.3 7.85e-02 5.98e-04h  1
 486  1.0639489e+01 8.30e-02 3.56e+10  -1.0 2.82e+00   8.9 1.35e-02 1.60e-04h  1
 487  1.0640345e+01 8.13e-02 3.37e+10  -1.0 1.47e-01   9.3 6.35e-03 2.05e-02h  1
 488  1.0643507e+01 7.51e-02 4.01e+10  -1.0 6.97e-02   9.7 1.14e-01 7.64e-02h  1
 489  1.0645274e+01 7.18e-02 4.74e+11  -1.0 6.01e-02  10.1 6.73e-01 4.47e-02h  1
iter    objective    inf_pr   inf_du lg(mu)  ||d||  lg(rg) alpha_du alpha_pr  ls
 490  1.0645326e+01 7.17e-02 4.29e+11  -1.0 6.75e-02   9.7 1.22e-01 1.31e-03h  1
 491  1.0645751e+01 7.09e-02 4.75e+11  -1.0 6.84e-02  10.1 1.71e-01 1.11e-02h  1
 492  1.0651777e+01 6.06e-02 4.42e+11  -1.0 7.58e-02   9.6 3.98e-03 1.46e-01h  1
 493  1.0651826e+01 6.05e-02 4.42e+11  -1.0 5.87e-02  10.0 2.34e-03 1.34e-03h  1
MUMPS returned INFO(1) = -9 and requires more memory, reallocating.  Attempt 1
  Increasing icntl[13] from 1000 to 2000.
 494  1.0651827e+01 6.05e-02 4.52e+11  -1.0 5.77e-02  10.5 9.13e-03 1.80e-05h  1
 495  1.0651831e+01 6.05e-02 4.55e+11  -1.0 5.87e-02  10.0 7.72e-02 1.41e-04h  1
 496  1.0653263e+01 5.76e-02 4.50e+11  -1.0 5.70e-02   9.5 2.39e-03 4.88e-02h  1
 497  1.0653291e+01 5.75e-02 4.49e+11  -1.0 5.60e-02   9.9 1.33e-02 9.18e-04h  1
 498r 1.0653291e+01 5.75e-02 1.00e+03  -1.0 0.00e+00   9.5 0.00e+00 3.52e-07R  5
 499r 1.0651380e+01 2.37e-02 1.53e+03  -1.0 3.25e+01    -  4.64e-02 1.75e-03f  1
iter    objective    inf_pr   inf_du lg(mu)  ||d||  lg(rg) alpha_du alpha_pr  ls
 500  1.0651473e+01 2.37e-02 2.35e+02  -1.0 1.39e+02    -  1.44e-03 6.08e-05f  1
 501  1.0922318e+01 6.07e-02 2.08e+02  -1.0 1.93e+01    -  1.72e-03 7.42e-03f  1
 502  1.0908878e+01 5.80e-02 7.87e+02  -1.0 3.77e+00    -  8.35e-03 3.54e-02f  1
 503  1.0907381e+01 4.29e-02 5.44e+08  -1.0 2.79e-02   9.0 9.95e-01 2.63e-01h  1
 504  1.0907374e+01 4.28e-02 5.44e+08  -1.0 2.88e-02   9.4 3.59e-01 1.46e-03h  1
 505  1.0907371e+01 4.28e-02 7.76e+08  -1.0 3.05e-02   8.9 1.00e+00 8.35e-04h  1
 506  1.0907138e+01 3.91e-02 1.70e+09  -1.0 2.88e-02   9.4 5.78e-01 8.64e-02h  1
 507  1.0907127e+01 3.90e-02 1.56e+09  -1.0 4.86e-02   8.9 3.03e-02 9.43e-04h  1
 508  1.0907122e+01 3.90e-02 2.34e+10  -1.0 3.28e-02   9.3 1.00e+00 1.64e-03h  1
 509  1.0907070e+01 3.74e-02 7.88e+09  -1.0 4.13e-02   8.8 9.20e-01 4.15e-02h  1
iter    objective    inf_pr   inf_du lg(mu)  ||d||  lg(rg) alpha_du alpha_pr  ls
 510  1.0907063e+01 3.71e-02 4.02e+10  -1.0 3.40e-02   9.3 1.00e+00 5.77e-03h  1
 511  1.0907048e+01 3.50e-02 1.32e+10  -1.0 4.40e-02   8.8 1.00e+00 5.71e-02h  1
 512  1.0907063e+01 3.33e-02 3.54e+09  -1.0 6.15e-02   8.3 1.00e+00 4.82e-02h  1
 513  1.0907129e+01 3.26e-02 9.36e+08  -1.0 7.23e-02   7.8 1.00e+00 2.07e-02h  1
 514  1.0907290e+01 3.15e-02 4.81e+09  -1.0 6.08e-02   8.3 1.00e+00 3.45e-02h  1
 515  1.0908244e+01 2.67e-02 2.06e+09  -1.0 6.93e-02   7.8 6.33e-01 1.52e-01h  1
 516  1.0908893e+01 2.32e-02 2.15e+09  -1.0 5.25e-02   8.2 4.08e-01 1.34e-01h  1
 517  1.0909432e+01 1.96e-02 9.74e+08  -1.0 5.16e-02   7.7 1.00e+00 1.55e-01h  1
 518  1.0909446e+01 1.95e-02 1.81e+09  -1.0 3.97e-02   8.2 4.27e-01 4.83e-03h  1
 519  1.0908285e+01 1.58e-02 1.63e+09  -1.0 8.47e-02   7.7 2.68e-02 1.90e-01h  1
iter    objective    inf_pr   inf_du lg(mu)  ||d||  lg(rg) alpha_du alpha_pr  ls
 520  1.0908340e+01 1.52e-02 1.77e+09  -1.0 3.21e-02   8.1 1.00e+00 3.71e-02h  1
 521  1.0908390e+01 1.47e-02 2.32e+09  -1.0 2.65e-02   8.5 2.06e-01 3.11e-02h  1
 522  1.0908446e+01 1.43e-02 1.25e+09  -1.0 3.08e-02   8.0 1.00e+00 3.04e-02h  1
 523  1.0908830e+01 1.18e-02 1.39e+09  -1.0 2.68e-02   8.5 2.91e-01 1.74e-01h  1
 524  1.0908848e+01 1.16e-02 1.13e+09  -1.0 2.54e-02   8.0 1.00e+00 1.35e-02h  1
 525  1.0909206e+01 8.71e-03 4.36e+08  -1.0 2.27e-02   8.4 4.64e-01 2.52e-01h  1
 526  1.0909344e+01 7.50e-03 1.68e+09  -1.0 1.92e-02   7.9 1.00e+00 1.39e-01h  1
 527  1.0909407e+01 6.99e-03 5.59e+08  -1.0 1.50e-02   8.4 8.84e-01 6.87e-02h  1
 528  1.0909693e+01 4.68e-03 1.28e+09  -1.0 1.55e-02   7.9 1.00e+00 3.31e-01h  1
 529  1.0909790e+01 3.31e-03 1.28e+09  -1.0 1.10e-02   7.4 1.00e+00 2.93e-01h  1
iter    objective    inf_pr   inf_du lg(mu)  ||d||  lg(rg) alpha_du alpha_pr  ls
 530  1.0909884e+01 2.48e-03 8.61e+08  -1.0 7.12e-03   7.8 1.00e+00 2.52e-01h  1
 531  1.0909903e+01 2.31e-03 9.99e+08  -1.0 5.75e-03   7.4 1.00e+00 6.98e-02h  1
 532  1.0909906e+01 2.29e-03 9.92e+08  -1.0 4.90e-03   7.8 2.01e-02 4.90e-03h  1
 533  1.0910124e+01 1.08e-03 4.59e+08  -1.0 5.34e-03   7.3 2.18e-02 5.30e-01h  1
 534  1.0910222e+01 4.60e-06 2.09e+07  -1.0 2.58e-03   6.8 6.72e-01 1.00e+00h  1
 535  1.0910243e+01 9.20e-09 5.61e+05  -1.0 9.11e-05   6.4 9.81e-01 1.00e+00f  1
 536  1.0910416e+01 1.86e-06 4.95e+03  -1.0 7.36e-04   5.9 1.00e+00 1.00e+00f  1
 537  1.0910594e+01 4.34e-07 2.16e+03  -1.0 3.38e-04   5.4 1.00e+00 1.00e+00f  1
 538  1.0911207e+01 3.77e-06 2.50e+06  -1.0 1.13e-03   4.9 7.26e-01 1.00e+00f  1
 539  1.0911807e+01 6.13e-06 1.19e+05  -1.0 1.58e-03   4.5 9.59e-01 1.00e+00f  1
iter    objective    inf_pr   inf_du lg(mu)  ||d||  lg(rg) alpha_du alpha_pr  ls
 540  1.0913263e+01 2.86e-05 4.00e+03  -1.0 3.85e-03   4.0 1.00e+00 1.00e+00f  1
 541  1.0915512e+01 1.02e-04 2.85e+05  -1.0 6.18e-03   3.5 7.96e-01 1.00e+00f  1
 542  1.0918921e+01 2.53e-04 7.12e+04  -1.0 7.16e-03   3.0 9.67e-01 1.00e+00f  1
 543  1.0925602e+01 6.87e-04 3.74e+04  -1.0 1.69e-02   2.5 9.70e-01 1.00e+00f  1
 544  1.0939974e+01 1.43e-03 5.57e+02  -1.0 3.06e-02   2.1 1.00e+00 1.00e+00f  1
 545  1.0975588e+01 7.50e-03 9.13e+02  -1.0 6.97e-02   1.6 1.00e+00 1.00e+00f  1
 546  1.1020649e+01 1.51e-01 4.39e+05  -1.0 6.99e-01   1.1 2.25e-01 6.28e-01f  1
 547  1.1011360e+01 1.04e-01 2.91e+04  -1.0 1.30e-01   2.4 1.00e+00 1.00e+00h  1
 548  1.1018874e+01 3.25e-02 9.83e+04  -1.0 2.73e-01   2.9 9.27e-01 1.00e+00f  1
 549  1.1017757e+01 8.18e-03 1.65e+05  -1.0 4.43e-02   4.2 1.00e+00 1.00e+00h  1
iter    objective    inf_pr   inf_du lg(mu)  ||d||  lg(rg) alpha_du alpha_pr  ls
 550  1.1018097e+01 1.83e-05 1.22e+04  -1.0 2.70e-02   3.7 1.00e+00 1.00e+00h  1
 551  1.1018427e+01 3.41e-05 6.07e+02  -1.0 1.78e-03   3.2 1.00e+00 1.00e+00f  1
 552  1.1018906e+01 8.30e-04 9.22e+01  -1.0 5.77e-03   2.8 1.00e+00 1.00e+00f  1
 553  1.1022605e+01 9.97e-03 1.91e+03  -1.0 2.43e-02   2.3 1.00e+00 1.00e+00f  1
 554  1.1039323e+01 2.59e-03 2.72e+02  -1.0 4.31e-02   1.8 1.00e+00 1.00e+00f  1
 555  1.1079363e+01 3.59e-01 2.49e+05  -1.0 1.38e-01   1.3 4.80e-01 1.00e+00f  1
 556  1.1087707e+01 5.68e-02 1.54e+03  -1.0 7.08e-02   1.8 1.00e+00 1.00e+00f  1
 557  1.1091264e+01 8.36e-03 2.05e+03  -1.0 5.98e-02   2.2 1.00e+00 1.00e+00h  1
 558  1.1103119e+01 1.36e-03 3.11e+02  -1.0 4.98e-02   1.7 1.00e+00 1.00e+00f  1
 559  1.1105948e+01 2.95e-03 4.52e+02  -1.0 3.02e-02   2.1 1.00e+00 1.00e+00f  1
iter    objective    inf_pr   inf_du lg(mu)  ||d||  lg(rg) alpha_du alpha_pr  ls
 560  1.1108151e+01 6.23e-04 1.61e+03  -1.0 3.43e-02   2.6 1.00e+00 1.00e+00f  1
 561  1.1114183e+01 3.31e-04 4.25e+02  -1.0 1.06e-02   2.1 1.00e+00 1.00e+00f  1
 562  1.1129712e+01 3.38e-03 7.07e+01  -1.0 4.34e-02   1.6 1.00e+00 1.00e+00f  1
 563  1.1177580e+01 1.00e-01 1.24e+04  -1.0 2.37e-01   1.1 9.12e-01 1.00e+00f  1
 564  1.1180762e+01 5.53e-02 7.12e+03  -1.0 6.14e-02   1.6 8.88e-01 1.00e+00f  1
 565  1.1187413e+01 5.63e-03 3.03e+05  -1.0 2.00e-01   3.8 1.00e+00 1.00e+00h  1
 566  1.1188091e+01 1.03e-05 9.63e+03  -1.0 2.83e-02   3.3 1.00e+00 1.00e+00h  1
 567  1.1188956e+01 4.31e-06 2.14e+02  -1.0 1.64e-03   2.8 1.00e+00 1.00e+00f  1
 568  1.1191726e+01 2.14e-04 1.57e+01  -1.0 4.86e-03   2.4 1.00e+00 1.00e+00f  1
 569  1.1189595e+01 1.50e-04 4.64e+01  -1.7 3.65e-03   1.9 1.00e+00 1.00e+00h  1
iter    objective    inf_pr   inf_du lg(mu)  ||d||  lg(rg) alpha_du alpha_pr  ls
 570  1.1183161e+01 2.39e-04 5.42e+00  -1.7 8.80e-03   1.4 1.00e+00 1.00e+00f  1
 571  1.1164261e+01 1.00e-03 2.61e+00  -1.7 2.44e-02   0.9 1.00e+00 1.00e+00f  1
 572  1.1113066e+01 2.29e-02 1.17e+01  -1.7 7.13e-02   0.4 1.00e+00 1.00e+00f  1
 573  1.1098075e+01 1.07e-02 6.37e+01  -1.7 3.57e-02   0.9 1.00e+00 1.00e+00h  1
 574  1.1051138e+01 4.85e-02 1.00e+02  -1.7 1.09e-01   0.4 1.00e+00 1.00e+00f  1
 575  1.1032258e+01 2.12e-02 1.30e+02  -1.7 4.49e-02   0.8 1.00e+00 1.00e+00h  1
 576  1.1026413e+01 1.07e-02 3.11e+02  -1.7 7.61e-02   1.2 1.00e+00 1.00e+00h  1
 577  1.1009568e+01 2.03e-03 2.76e+01  -1.7 3.04e-02   0.8 1.00e+00 1.00e+00h  1
 578  1.1003601e+01 2.70e-04 1.83e+01  -1.7 1.07e-02   1.2 1.00e+00 1.00e+00h  1
 579  1.0985964e+01 1.82e-03 5.20e+00  -1.7 2.72e-02   0.7 1.00e+00 1.00e+00f  1
iter    objective    inf_pr   inf_du lg(mu)  ||d||  lg(rg) alpha_du alpha_pr  ls
 580  1.0980164e+01 5.52e-04 8.27e+00  -1.7 9.12e-03   1.1 1.00e+00 1.00e+00h  1
 581  1.0963857e+01 7.32e-03 1.13e+01  -1.7 2.69e-02   0.7 1.00e+00 1.00e+00f  1
 582  1.0915720e+01 1.17e-02 4.48e+01  -1.7 9.59e-02   0.2 1.00e+00 1.00e+00f  1
 583  1.0896074e+01 4.18e-03 7.80e+01  -1.7 3.15e-02   0.6 1.00e+00 1.00e+00h  1
 584  1.0890720e+01 9.28e-04 1.54e+01  -1.7 2.49e-02   1.0 1.00e+00 1.00e+00h  1
 585  1.0872727e+01 1.41e-03 2.02e+01  -1.7 2.69e-02   0.6 1.00e+00 1.00e+00h  1
 586  1.0866596e+01 4.65e-04 2.18e+00  -1.7 9.82e-03   1.0 1.00e+00 1.00e+00h  1
 587  1.0864440e+01 2.20e-04 7.62e+00  -1.7 3.45e-03   1.4 1.00e+00 1.00e+00h  1
 588  1.0858028e+01 1.22e-03 1.65e+00  -1.7 8.27e-03   0.9 1.00e+00 1.00e+00h  1
 589  1.0838849e+01 2.53e-03 1.66e+01  -1.7 3.51e-02   0.5 1.00e+00 1.00e+00h  1
iter    objective    inf_pr   inf_du lg(mu)  ||d||  lg(rg) alpha_du alpha_pr  ls
 590  1.0784545e+01 1.28e-02 1.58e+01  -1.7 9.49e-02  -0.0 1.00e+00 1.00e+00h  1
 591  1.0782572e+01 1.26e-03 1.18e+02  -1.7 4.23e-02   1.3 1.00e+00 1.00e+00h  1
 592  1.0775941e+01 3.72e-04 1.42e+01  -1.7 1.33e-02   0.8 1.00e+00 1.00e+00h  1
 593  1.0760008e+01 4.32e-01 1.26e+04  -1.7 3.47e-01   0.4 4.68e-01 8.64e-01f  1
 594  1.0752915e+01 5.84e-02 2.58e+02  -1.7 1.58e-01   0.8 1.00e+00 1.00e+00h  1
 595  1.0732228e+01 1.25e-02 6.78e+01  -1.7 5.10e-02   0.3 1.00e+00 1.00e+00h  1
 596  1.0732103e+01 5.91e-04 5.46e+02  -1.7 1.22e-01   1.6 1.00e+00 1.00e+00h  1
 597  1.0731888e+01 3.69e-05 3.54e+01  -1.7 7.28e-03   2.1 1.00e+00 1.00e+00h  1
 598  1.0730919e+01 1.50e-05 1.15e+01  -1.7 1.61e-03   1.6 1.00e+00 1.00e+00h  1
 599  1.0728212e+01 1.02e-03 1.01e+01  -1.7 8.82e-03   1.1 1.00e+00 1.00e+00h  1
iter    objective    inf_pr   inf_du lg(mu)  ||d||  lg(rg) alpha_du alpha_pr  ls
 600  1.0727216e+01 2.87e-05 1.09e+01  -1.7 9.47e-03   1.5 1.00e+00 1.00e+00h  1
 601  1.0724130e+01 1.24e-04 1.57e+01  -1.7 5.73e-03   1.1 1.00e+00 1.00e+00h  1
 602  1.0715518e+01 2.44e-03 1.64e+01  -1.7 2.93e-02   0.6 1.00e+00 1.00e+00h  1
 603  1.0712179e+01 3.23e-04 6.85e+00  -1.7 1.12e-02   1.0 1.00e+00 1.00e+00h  1
 604  1.0711034e+01 3.47e-04 1.08e+01  -1.7 4.18e-03   1.4 1.00e+00 1.00e+00h  1
 605  1.0707780e+01 2.79e-03 4.03e+01  -1.7 1.65e-02   1.0 1.00e+00 1.00e+00h  1
 606  1.0698042e+01 1.36e-03 3.32e+00  -1.7 3.14e-02   0.5 1.00e+00 1.00e+00h  1
 607  1.0669667e+01 6.97e-03 1.03e+01  -1.7 6.60e-02   0.0 1.00e+00 1.00e+00h  1
 608  1.0667784e+01 1.50e-03 5.64e+01  -1.7 1.06e-02   1.3 1.00e+00 1.00e+00h  1
 609  1.0664299e+01 1.30e-04 1.51e+00  -1.7 2.19e-02   0.9 1.00e+00 1.00e+00h  1
iter    objective    inf_pr   inf_du lg(mu)  ||d||  lg(rg) alpha_du alpha_pr  ls
 610  1.0653788e+01 1.15e-03 1.42e+01  -1.7 2.10e-02   0.4 1.00e+00 1.00e+00h  1
 611  1.0625981e+01 7.95e-03 1.19e+01  -1.7 8.82e-02  -0.1 1.00e+00 1.00e+00h  1
 612  1.0626543e+01 1.28e+00 1.44e+04  -1.7 1.61e-01   0.3 4.76e-01 1.00e+00h  1
 613  1.0614709e+01 1.39e-01 1.57e+02  -1.7 1.14e-01   0.8 1.00e+00 1.00e+00h  1
 614  1.0602565e+01 1.21e-02 7.56e+01  -1.7 1.23e-01   0.3 1.00e+00 1.00e+00h  1
 615  1.0599006e+01 1.45e-03 2.25e+01  -1.7 2.69e-02   0.7 1.00e+00 1.00e+00h  1
 616  1.0589818e+01 1.39e-03 5.03e+00  -1.7 4.29e-02   0.2 1.00e+00 1.00e+00h  1
 617  1.0565880e+01 9.86e-03 4.20e+00  -1.7 8.47e-02  -0.3 1.00e+00 1.00e+00h  1
 618  1.0564133e+01 3.16e-04 2.69e+01  -1.7 2.49e-02   1.1 1.00e+00 1.00e+00h  1
 619  1.0561035e+01 1.89e-04 8.45e+00  -1.7 1.22e-02   0.6 1.00e+00 1.00e+00h  1
iter    objective    inf_pr   inf_du lg(mu)  ||d||  lg(rg) alpha_du alpha_pr  ls
 620  1.0553048e+01 3.92e-03 2.60e+00  -1.7 3.04e-02   0.1 1.00e+00 1.00e+00h  1
 621  1.0532898e+01 3.29e-02 1.25e+03  -1.7 2.60e-01  -0.4 9.86e-01 9.04e-01h  1
 622  1.0501180e+01 5.46e-02 4.54e+01  -1.7 1.49e-01  -0.8 1.00e+00 1.00e+00f  1
 623  1.0491569e+01 2.02e-03 3.16e+01  -1.7 9.31e-02   0.5 1.00e+00 1.00e+00h  1
 624  1.0487359e+01 4.94e-03 2.96e+01  -1.7 3.31e-02   0.0 1.00e+00 1.00e+00h  1
 625  1.0486254e+01 2.53e-03 1.77e+01  -1.7 3.67e-02   0.4 1.00e+00 1.00e+00h  1
 626  1.0486351e+01 5.67e-05 2.18e+00  -1.7 1.63e-02   0.9 1.00e+00 1.00e+00h  1
 627  1.0487024e+01 2.40e-04 3.87e+03  -1.7 4.61e-02   0.4 8.12e-01 2.27e-01h  3
 628  1.0487523e+01 2.36e-04 1.59e+01  -1.7 9.90e-03   0.8 1.00e+00 1.00e+00h  1
 629  1.0486081e+01 5.78e-04 2.14e+01  -1.7 2.41e-02   0.3 1.00e+00 1.00e+00h  1
iter    objective    inf_pr   inf_du lg(mu)  ||d||  lg(rg) alpha_du alpha_pr  ls
 630  1.0481742e+01 7.70e-02 3.39e+01  -1.7 1.25e-01  -0.1 1.00e+00 1.00e+00h  1
 631  1.0483542e+01 2.11e-02 3.64e+01  -1.7 1.76e-01  -0.6 1.00e+00 1.00e+00h  1
 632  1.0527570e+01 1.06e+00 3.70e+03  -1.7 6.45e-01  -1.1 4.66e-01 1.00e+00h  1
 633  1.0487759e+01 5.04e-02 4.87e+01  -1.7 1.33e-01  -0.7 1.00e+00 1.00e+00h  1
 634  1.0484282e+01 1.38e-03 2.39e+01  -1.7 4.17e-02   0.7 1.00e+00 1.00e+00h  1
 635  1.0617855e+01 8.08e-01 4.41e+03  -1.7 3.07e+00    -  1.86e-01 1.02e-01f  2
 636  1.0498277e+01 1.68e-01 1.26e+01  -1.7 5.58e-02   0.2 1.00e+00 1.00e+00h  1
 637  1.0504835e+01 2.46e-02 4.47e+01  -1.7 1.21e-01  -0.3 1.00e+00 1.00e+00h  1
 638  1.0639182e+01 9.06e-01 5.27e+03  -1.7 1.23e+00    -  4.27e-01 2.29e-01h  2
 639  1.0728824e+01 1.12e+00 1.17e+04  -1.7 1.06e+00    -  6.51e-01 2.16e-01h  2
iter    objective    inf_pr   inf_du lg(mu)  ||d||  lg(rg) alpha_du alpha_pr  ls
 640  1.0780144e+01 7.15e-01 5.47e+00  -1.7 3.93e-01    -  1.00e+00 1.00e+00h  1
 641  1.0695448e+01 4.96e-02 7.07e-01  -1.7 1.39e-01    -  1.00e+00 1.00e+00h  1
 642  9.7025169e+00 2.00e-01 1.37e+04  -2.5 6.13e-01    -  6.62e-01 8.82e-01f  1
 643  9.3874844e+00 6.24e-02 1.23e+03  -2.5 1.27e-01  -0.8 9.02e-01 8.88e-01h  1
 644  9.2742846e+00 2.29e-01 4.99e+02  -2.5 1.14e-01  -0.3 8.75e-01 1.00e+00h  1
 645  9.1802831e+00 1.24e-01 1.17e+03  -2.5 5.17e-01  -0.8 1.00e+00 4.54e-01h  1
 646  8.9226894e+00 2.23e-01 4.32e+02  -2.5 3.29e-01  -1.3 8.06e-01 9.79e-01h  1
 647  8.9016435e+00 9.64e-02 3.23e+02  -2.5 1.39e-01   0.0 7.08e-01 1.00e+00h  1
 648  8.8960479e+00 8.84e-02 1.14e+03  -2.5 3.08e-01  -0.4 8.81e-01 1.82e-01h  1
 649  8.8941183e+00 9.51e-02 1.16e+03  -2.5 1.39e+00   0.9 2.78e-02 3.56e-02h  2
iter    objective    inf_pr   inf_du lg(mu)  ||d||  lg(rg) alpha_du alpha_pr  ls
 650  8.9023391e+00 9.99e-02 1.35e+03  -2.5 1.91e-01   0.4 1.16e-01 3.97e-01h  1
 651  8.9231958e+00 1.99e-01 6.57e+02  -2.5 6.03e-01  -0.1 5.60e-01 1.00e+00f  1
 652  8.8776501e+00 4.87e-02 6.87e+01  -2.5 1.98e-01  -0.5 1.00e+00 1.00e+00h  1
 653  8.8590612e+00 4.10e-02 1.27e+03  -2.5 7.81e-01  -1.0 5.31e-01 2.65e-01h  1
 654  8.8236349e+00 6.81e-02 9.50e+01  -2.5 1.44e-01  -0.6 1.00e+00 1.00e+00h  1
 655  8.8012814e+00 5.53e-02 1.36e+03  -2.5 3.73e-01  -1.1 1.00e+00 2.26e-01h  2
 656  8.7979212e+00 6.10e-02 4.60e+03  -2.5 2.49e-01   1.2 6.17e-01 1.78e-01h  2
 657  8.7968909e+00 4.72e-02 6.90e+02  -2.5 1.60e-01   0.7 5.29e-01 2.78e-01h  2
 658  8.8114980e+00 5.72e-02 9.95e+02  -2.5 1.03e-01   1.1 8.08e-01 1.00e+00h  1
 659  8.8084721e+00 4.02e-02 1.08e+03  -2.5 9.97e-02   1.5 1.00e+00 1.00e+00h  1
iter    objective    inf_pr   inf_du lg(mu)  ||d||  lg(rg) alpha_du alpha_pr  ls
 660  8.8115968e+00 2.82e-03 1.31e+02  -2.5 2.35e-01   1.1 7.40e-01 1.00e+00h  1
 661  8.8097674e+00 4.20e-05 4.15e+00  -2.5 2.22e-02   0.6 1.00e+00 1.00e+00h  1
 662  8.8037428e+00 7.38e-04 1.11e+00  -2.5 1.36e-02   0.1 1.00e+00 1.00e+00h  1
 663  8.7876274e+00 1.02e-02 2.49e-01  -2.5 3.32e-02  -0.4 1.00e+00 1.00e+00h  1
 664  8.7547422e+00 4.72e-02 7.36e+00  -2.5 6.72e-02  -0.8 1.00e+00 1.00e+00h  1
 665  8.7003087e+00 5.01e-02 1.33e+01  -2.5 1.45e-01  -1.3 1.00e+00 1.00e+00h  1
 666  8.6340872e+00 2.45e-01 2.01e+03  -2.5 2.17e+00    -  2.96e-01 1.58e-01h  2
 667  8.6087482e+00 5.40e-02 6.27e+00  -2.5 1.41e-01  -0.9 1.00e+00 1.00e+00h  1
 668  8.6014471e+00 6.55e-02 1.38e+03  -2.5 1.07e-01  -0.5 1.00e+00 4.04e-01h  2
 669  8.6006060e+00 5.95e-02 9.57e+02  -2.5 2.01e-01  -1.0 4.52e-01 1.19e-01h  3
iter    objective    inf_pr   inf_du lg(mu)  ||d||  lg(rg) alpha_du alpha_pr  ls
 670  8.6007016e+00 5.92e-02 2.24e+03  -2.5 9.83e-01  -0.5 2.24e-01 9.15e-03h  4
 671  8.6008364e+00 5.87e-02 2.48e+03  -2.5 3.16e-01  -0.1 8.90e-01 9.77e-03h  6
 672  8.6007945e+00 5.87e-02 3.89e+03  -2.5 4.36e+00  -0.6 5.12e-02 5.28e-04h  8
 673  8.6007961e+00 5.86e-02 1.07e+04  -2.5 7.54e-01  -0.2 1.00e+00 1.66e-04h 12
 674  8.6007018e+00 5.86e-02 1.28e+04  -2.5 5.15e+00  -0.6 5.33e-02 1.08e-03h  8
 675  8.6006621e+00 5.85e-02 1.68e+04  -2.5 2.24e+00  -0.2 1.27e-01 3.60e-03h  7
 676  8.6032240e+00 5.98e-02 1.39e+04  -2.5 3.13e-01   1.1 1.86e-01 6.25e-02h  5
 677  8.6045383e+00 3.85e-03 1.22e+04  -2.5 3.98e-01   0.7 2.57e-01 1.00e+00h  1
 678  8.6050991e+00 5.53e-05 1.33e+01  -2.5 3.16e-02   1.1 1.00e+00 1.00e+00h  1
 679  8.6045885e+00 3.34e-06 5.10e-01  -2.5 7.31e-04   0.6 1.00e+00 1.00e+00h  1
iter    objective    inf_pr   inf_du lg(mu)  ||d||  lg(rg) alpha_du alpha_pr  ls
 680  8.6030235e+00 3.09e-05 3.93e-02  -2.5 1.91e-03   0.1 1.00e+00 1.00e+00h  1
 681  8.5989116e+00 2.68e-04 3.53e-02  -2.5 5.11e-03  -0.4 1.00e+00 1.00e+00h  1
 682  8.5887952e+00 2.22e-03 1.10e-01  -2.5 1.47e-02  -0.8 1.00e+00 1.00e+00h  1
 683  8.5853875e+00 2.81e-04 2.63e-01  -2.5 9.60e-03  -0.4 1.00e+00 1.00e+00h  1
 684  8.5841815e+00 3.87e-05 1.77e-02  -2.5 1.81e-03   0.0 1.00e+00 1.00e+00h  1
 685  8.4603513e+00 7.89e-03 2.41e+03  -3.8 4.06e-02  -0.5 6.72e-01 9.01e-01f  1
 686  8.4620607e+00 8.45e-04 6.91e+02  -3.8 8.93e-03   2.7 9.10e-01 1.00e+00h  1
 687  8.4619143e+00 3.18e-05 9.76e+01  -3.8 4.20e-03   2.2 1.00e+00 1.00e+00h  1
 688  8.4605267e+00 1.68e-06 1.11e-01  -3.8 4.64e-04   1.7 1.00e+00 1.00e+00h  1
 689  8.4564110e+00 1.48e-05 2.39e-02  -3.8 1.35e-03   1.2 1.00e+00 1.00e+00h  1
iter    objective    inf_pr   inf_du lg(mu)  ||d||  lg(rg) alpha_du alpha_pr  ls
 690  8.4445991e+00 1.21e-04 2.43e-02  -3.8 3.61e-03   0.8 1.00e+00 1.00e+00h  1
 691  8.4185294e+00 5.48e-04 9.08e+01  -3.8 8.66e-03   0.3 1.00e+00 8.43e-01h  1
 692  8.3674113e+00 2.52e-03 4.19e+02  -3.8 3.00e-02  -0.2 1.00e+00 7.40e-01f  1
 693  8.3308712e+00 4.41e-03 3.09e+03  -3.8 2.25e-01  -0.7 1.00e+00 2.25e-01h  1
 694  8.3004724e+00 3.73e-01 4.21e+03  -3.8 5.84e-01  -0.2 2.50e-01 3.69e-01h  1
 695  8.2780593e+00 7.03e-02 1.44e+03  -3.8 7.63e-01  -0.7 6.41e-03 1.69e-01h  1
 696  8.2637001e+00 5.19e-02 5.76e+03  -3.8 1.73e-01  -0.3 8.15e-01 2.74e-01h  1
 697  8.2348234e+00 4.09e-02 3.62e+03  -3.8 1.27e-01  -0.8 3.37e-01 2.29e-01h  1
 698  8.1924386e+00 1.82e-02 4.75e+01  -3.8 5.15e-02  -0.3 1.00e+00 1.00e+00h  1
 699  8.1935641e+00 1.86e-02 5.77e+01  -3.8 2.77e-01   1.0 2.16e-02 2.53e-02h  5
iter    objective    inf_pr   inf_du lg(mu)  ||d||  lg(rg) alpha_du alpha_pr  ls
 700  8.1803277e+00 3.86e-02 1.28e+03  -3.8 2.48e-01   0.5 1.00e+00 1.00e+00h  1
 701  8.1654903e+00 2.52e-03 3.51e+02  -3.8 2.79e-01   0.0 4.93e-01 1.00e+00h  1
 702  8.1396736e+00 1.72e-03 1.66e+03  -3.8 8.04e-02  -0.4 1.00e+00 5.31e-01h  1
 703  8.1369643e+00 1.71e-03 3.84e+03  -3.8 6.12e+00  -0.9 1.14e-01 9.71e-03h  1
 704  8.1045860e+00 2.01e-03 2.09e+03  -3.8 5.90e-02  -0.5 5.76e-01 7.68e-01h  1
 705  8.0894746e+00 1.00e-03 1.20e+00  -3.8 3.01e-02  -0.1 1.00e+00 1.00e+00f  1
 706  8.0827834e+00 1.44e-03 1.69e+00  -3.8 1.58e-02   0.4 1.00e+00 1.00e+00h  1
 707  8.0811690e+00 2.46e-05 3.81e+00  -3.8 1.61e-02   0.8 1.00e+00 1.00e+00h  1
 708  8.0753422e+00 7.85e-05 3.98e+00  -3.8 6.73e-03   0.3 1.00e+00 1.00e+00h  1
 709  8.0577552e+00 2.44e-03 3.42e+00  -3.8 2.43e-02  -0.2 1.00e+00 1.00e+00h  1
iter    objective    inf_pr   inf_du lg(mu)  ||d||  lg(rg) alpha_du alpha_pr  ls
 710  8.0525672e+00 1.41e-04 5.87e-01  -3.8 1.24e-02   0.3 1.00e+00 1.00e+00h  1
 711  8.0460192e+00 1.58e-04 1.25e+03  -3.8 2.06e-02  -0.2 1.00e+00 3.78e-01h  1
 712  8.0018936e+00 5.83e-03 3.09e+02  -3.8 6.03e-02  -0.7 8.97e-01 1.00e+00f  1
 713  7.9901959e+00 2.10e-03 7.62e+02  -3.8 3.66e-02  -0.3 1.00e+00 7.25e-01h  1
 714  7.9650026e+00 4.11e-03 7.59e+02  -3.8 1.01e-01  -0.7 1.00e+00 5.96e-01h  1
 715  7.9505011e+00 9.25e-04 4.76e+00  -3.8 3.14e-02  -0.3 1.00e+00 1.00e+00h  1
 716  7.9413758e+00 1.07e-03 2.26e+03  -3.8 9.58e-02  -0.8 1.00e+00 2.18e-01h  1
 717  7.9260780e+00 1.03e-03 2.69e+04  -3.8 3.33e-02  -0.4 1.13e-01 1.00e+00h  1
 718  7.9200685e+00 4.10e-04 4.10e-01  -3.8 1.63e-02   0.1 1.00e+00 1.00e+00h  1
 719  7.9174726e+00 2.97e-04 9.71e-02  -3.8 6.75e-03   0.5 1.00e+00 1.00e+00h  1
iter    objective    inf_pr   inf_du lg(mu)  ||d||  lg(rg) alpha_du alpha_pr  ls
 720  7.9163299e+00 1.23e-04 2.59e+00  -3.8 2.51e-03   0.9 1.00e+00 1.00e+00h  1
 721  7.9138152e+00 1.11e-04 5.82e-01  -3.8 4.20e-03   0.4 1.00e+00 1.00e+00h  1
 722  7.9068062e+00 3.65e-04 1.92e-01  -3.8 1.27e-02  -0.0 1.00e+00 1.00e+00h  1
 723  7.8888835e+00 1.68e-03 3.16e-01  -3.8 2.84e-02  -0.5 1.00e+00 1.00e+00h  1
 724  7.8750951e+00 2.26e-03 7.87e+02  -3.8 2.09e-01  -1.0 1.00e+00 2.75e-01h  1
 725  7.8451383e+00 7.62e-03 7.49e+02  -3.8 3.87e-01  -1.5 5.05e-01 2.46e-01h  1
 726  7.8085159e+00 1.05e-02 3.92e+02  -3.8 8.66e-02  -1.1 2.95e-01 8.18e-01h  1
 727  7.7926471e+00 2.15e-03 5.64e+00  -3.8 4.33e-02  -0.6 1.00e+00 1.00e+00h  1
 728  7.7860370e+00 5.11e-04 1.39e+00  -3.8 2.08e-02  -0.2 1.00e+00 1.00e+00h  1
 729  7.7830512e+00 4.63e-04 6.39e-01  -3.8 1.06e-02   0.2 1.00e+00 1.00e+00h  1
iter    objective    inf_pr   inf_du lg(mu)  ||d||  lg(rg) alpha_du alpha_pr  ls
 730  7.7815067e+00 4.19e-04 6.30e+00  -3.8 5.03e-03   0.6 1.00e+00 1.00e+00h  1
 731  7.7792174e+00 5.90e-05 2.06e-01  -3.8 9.93e-03   0.2 1.00e+00 1.00e+00h  1
 732  7.7722946e+00 4.75e-04 9.01e-01  -3.8 1.28e-02  -0.3 1.00e+00 1.00e+00h  1
 733  7.7559942e+00 2.68e-03 7.26e+01  -3.8 4.20e-02  -0.8 1.00e+00 8.61e-01h  1
 734  7.7346882e+00 7.77e-03 3.81e+02  -3.8 1.43e-01  -1.3 1.00e+00 4.52e-01h  1
 735  7.7078467e+00 2.34e-02 1.23e+03  -3.8 3.83e-01  -1.7 9.72e-01 2.33e-01h  1
 736  7.6655957e+00 4.31e-02 3.81e+02  -3.8 1.58e-01  -1.3 8.33e-01 1.00e+00h  1
 737  7.6632053e+00 3.69e-02 5.48e+03  -3.8 7.82e-02   0.0 1.00e+00 1.45e-01h  2
 738  7.6600001e+00 2.72e-03 4.24e+02  -3.8 2.57e-02  -0.5 9.41e-01 1.00e+00h  1
 739  7.6553869e+00 7.27e-03 3.67e+02  -3.8 6.43e-02  -0.0 6.93e-01 8.77e-01h  1
iter    objective    inf_pr   inf_du lg(mu)  ||d||  lg(rg) alpha_du alpha_pr  ls
 740  7.6510912e+00 1.39e-03 1.04e+01  -3.8 7.95e-02  -0.5 1.00e+00 1.00e+00f  1
 741  7.6357109e+00 8.17e-03 9.69e-01  -3.8 3.91e-02  -1.0 1.00e+00 1.00e+00h  1
 742  7.6082370e+00 3.65e-02 2.49e+02  -3.8 1.07e-01  -1.5 1.00e+00 6.95e-01h  1
 743  7.5950732e+00 8.36e-03 2.73e+00  -3.8 4.51e-02  -1.0 9.87e-01 1.00e+00h  1
 744  7.5785159e+00 2.54e-02 4.09e+02  -3.8 3.57e-01  -1.5 1.00e+00 4.57e-01h  1
 745  7.5776452e+00 3.05e-02 2.78e+02  -3.8 4.58e-01  -1.1 3.65e-01 3.16e-01h  1
 746  7.5615345e+00 3.13e-02 1.22e+02  -3.8 1.63e-01  -1.6 3.54e-01 4.17e-01h  1
 747  7.5435856e+00 2.03e-02 3.19e+01  -3.8 9.69e-02  -1.1 1.00e+00 1.00e+00h  1
 748  7.5438678e+00 2.03e-02 1.29e+03  -3.8 3.69e-01   1.1 3.31e-02 4.13e-03h  4
 749  7.5420504e+00 1.96e-02 1.69e+03  -3.8 1.47e-01   1.5 2.70e-02 1.64e-01h  1
iter    objective    inf_pr   inf_du lg(mu)  ||d||  lg(rg) alpha_du alpha_pr  ls
 750  7.5431562e+00 9.87e-04 2.10e+02  -3.8 1.52e-01   1.0 1.00e+00 1.00e+00f  1
 751  7.5428664e+00 5.00e-06 6.63e+00  -3.8 2.25e-02   0.6 1.00e+00 1.00e+00h  1
 752  7.5420325e+00 6.15e-05 1.43e+00  -3.8 2.34e-03   0.1 1.00e+00 1.00e+00h  1
 753  7.5393575e+00 6.56e-04 9.28e-01  -3.8 1.59e-02  -0.4 1.00e+00 1.00e+00h  1
 754  7.5330901e+00 4.26e-03 1.94e-01  -3.8 3.52e-02  -0.9 1.00e+00 1.00e+00h  1
 755  7.5157861e+00 3.57e-02 6.91e-01  -3.8 9.03e-02  -1.3 1.00e+00 1.00e+00h  1
 756  7.5146598e+00 3.53e-02 3.78e+03  -3.8 3.27e+00  -0.9 1.52e-01 1.15e-02h  2
 757  7.5158158e+00 2.37e-02 9.87e+02  -3.8 1.14e-01  -0.5 4.97e-01 3.31e-01h  1
 758  7.5070097e+00 6.43e-03 3.86e+00  -3.8 3.46e-02  -1.0 1.00e+00 1.00e+00h  1
 759  7.5071133e+00 6.43e-03 1.56e+03  -3.8 3.67e-01   0.4 4.91e-02 2.19e-03h  4
iter    objective    inf_pr   inf_du lg(mu)  ||d||  lg(rg) alpha_du alpha_pr  ls
 760  7.5076171e+00 6.42e-03 2.59e+03  -3.8 9.03e-02   0.8 2.98e-01 3.12e-02h  6
 761  7.5070437e+00 6.41e-03 1.92e+03  -3.8 1.11e-01   0.3 8.22e-01 2.66e-02h  2
 762  7.5072093e+00 6.40e-03 1.69e+03  -3.8 1.90e-01   0.7 8.02e-02 5.04e-03h  6
 763  7.5066442e+00 6.45e-03 1.36e+03  -3.8 1.23e-01   1.2 7.07e-02 2.42e-02h  2
 764  7.5074733e+00 6.25e-04 6.64e+02  -3.8 8.80e-02   0.7 6.29e-01 1.00e+00h  1
 765  7.5070093e+00 2.16e-05 2.53e+01  -3.8 1.51e-02   0.2 9.14e-01 1.00e+00h  1
 766  7.5055664e+00 2.24e-04 1.45e+00  -3.8 5.96e-03  -0.3 1.00e+00 1.00e+00h  1
 767  7.4999763e+00 2.29e-02 2.69e+03  -3.8 9.61e-02  -0.7 1.00e+00 3.63e-01h  1
 768  7.4915683e+00 1.15e-02 1.89e+03  -3.8 7.68e-02  -1.2 6.40e-01 1.00e+00h  1
 769  7.4892748e+00 1.89e-03 1.21e+03  -3.8 2.34e-02  -0.8 6.01e-01 1.00e+00h  1
iter    objective    inf_pr   inf_du lg(mu)  ||d||  lg(rg) alpha_du alpha_pr  ls
 770  7.4883269e+00 1.75e-03 1.53e+03  -3.8 1.49e-01  -1.3 3.26e-01 7.69e-02h  2
 771  7.4728412e+00 3.83e-02 6.99e+02  -3.8 1.79e-01  -1.8 6.53e-01 5.88e-01h  1
 772  7.4507193e+00 3.73e-02 3.30e+02  -3.8 3.68e-01  -2.2 4.82e-01 5.43e-01h  1
 773  7.4502483e+00 3.46e-03 1.07e+03  -3.8 5.44e-02   0.9 2.11e-01 1.00e+00h  1
 774  7.4505931e+00 6.94e-04 3.42e+00  -3.8 1.70e-02   0.4 1.00e+00 1.00e+00h  1
 775  7.4496233e+00 4.36e-05 4.90e-01  -3.8 6.81e-03  -0.1 1.00e+00 1.00e+00h  1
 776  7.4479201e+00 1.90e-04 1.17e-01  -3.8 8.21e-03  -0.5 1.00e+00 1.00e+00h  1
 777  7.4448063e+00 4.35e-04 5.65e-02  -3.8 2.20e-02  -1.0 1.00e+00 1.00e+00h  1
 778  7.4403204e+00 5.75e-03 2.23e+02  -3.8 1.87e-01  -1.5 1.00e+00 5.39e-01h  1
 779  7.4273001e+00 2.28e-01 3.82e+02  -3.8 3.24e+00    -  7.00e-02 1.55e-01h  1
iter    objective    inf_pr   inf_du lg(mu)  ||d||  lg(rg) alpha_du alpha_pr  ls
 780  7.4235513e+00 2.51e-01 3.04e+02  -3.8 4.09e+00    -  1.73e-01 7.65e-02h  1
 781  7.4232249e+00 2.51e-01 1.62e+02  -3.8 3.52e+00  -1.1 1.62e-03 5.95e-03h  2
 782  7.4229835e+00 2.50e-01 4.19e+03  -3.8 1.16e+00   0.3 9.50e-02 3.42e-03h  2
 783  7.4224439e+00 2.51e-01 1.43e+04  -3.8 5.35e+00   0.7 1.98e-02 1.51e-03h  2
 784  7.4223126e+00 2.47e-01 1.40e+04  -3.8 9.65e-01   0.2 1.48e-02 1.70e-02h  2
 785  7.4232183e+00 2.44e-01 1.83e+04  -3.8 9.70e-01   1.6 8.04e-03 1.76e-02h  1
 786  7.4208698e+00 1.49e-01 1.62e+04  -3.8 5.00e-01   1.1 1.04e-02 3.91e-01h  1
 787  7.4182337e+00 3.42e-03 1.71e+03  -3.8 3.26e-01   0.6 8.89e-01 1.00e+00h  1
 788  7.4177805e+00 1.06e-05 2.58e+00  -3.8 2.51e-03   0.1 1.00e+00 1.00e+00h  1
 789  7.4163780e+00 1.25e-03 5.21e-01  -3.8 1.33e-02  -0.4 1.00e+00 1.00e+00h  1
iter    objective    inf_pr   inf_du lg(mu)  ||d||  lg(rg) alpha_du alpha_pr  ls
 790  7.4161718e+00 1.65e-02 3.52e+02  -3.8 2.71e-01  -0.8 3.69e-01 2.09e-01h  2
 791  7.4135011e+00 7.29e-03 9.47e-01  -3.8 6.92e-02  -1.3 1.00e+00 1.00e+00h  1
 792  7.4120321e+00 4.64e-03 2.03e+00  -3.8 3.03e-02  -0.9 1.00e+00 1.00e+00h  1
 793  7.4111254e+00 1.05e-03 2.05e-01  -3.8 5.35e-02  -1.4 1.00e+00 1.00e+00h  1
 794  7.4060514e+00 4.63e-02 2.36e+01  -3.8 6.59e-01    -  7.10e-01 6.54e-01h  1
 795  7.4025368e+00 1.29e-02 5.52e+01  -3.8 2.37e-01    -  5.66e-01 1.00e+00h  1
 796  7.4026838e+00 8.12e-04 8.75e-01  -3.8 5.06e-02  -0.9 1.00e+00 1.00e+00h  1
 797  7.4024931e+00 7.80e-05 1.37e-01  -3.8 1.22e-02  -1.4 1.00e+00 1.00e+00h  1
 798  7.4025240e+00 3.48e-05 4.06e-02  -3.8 4.21e-03  -1.0 1.00e+00 1.00e+00h  1
 799  7.4024503e+00 7.07e-04 6.71e+00  -3.8 2.07e-02  -1.5 8.32e-01 1.00e+00H  1
iter    objective    inf_pr   inf_du lg(mu)  ||d||  lg(rg) alpha_du alpha_pr  ls
 800  7.4024334e+00 6.37e-08 9.43e-01  -3.8 3.61e-04   0.8 1.00e+00 1.00e+00h  1
 801  7.4024382e+00 6.63e-04 2.97e+01  -3.8 8.26e+00    -  6.05e-03 4.70e-03h  2
 802  7.4024634e+00 7.28e-07 1.22e+00  -3.8 4.69e-04   0.3 1.00e+00 1.00e+00h  1
 803  7.4024725e+00 5.85e-07 1.08e-01  -3.8 4.44e-04  -0.2 1.00e+00 1.00e+00h  1
 804  7.4024830e+00 4.26e-06 3.71e-03  -3.8 1.36e-03  -0.7 1.00e+00 1.00e+00h  1
 805  7.4024842e+00 3.69e-05 1.54e-02  -3.8 4.24e-03  -1.1 1.00e+00 1.00e+00h  1
 806  7.4024741e+00 2.75e-04 6.16e-02  -3.8 1.29e-02  -1.6 1.00e+00 1.00e+00h  1
 807  7.4024649e+00 9.22e-04 1.31e+02  -3.8 1.43e-01    -  1.00e+00 2.31e-01h  3
 808  7.4024917e+00 7.46e-04 1.25e-01  -3.8 3.72e-02  -2.1 1.00e+00 1.00e+00h  1
 809  7.4024955e+00 5.71e-04 6.01e-02  -3.8 1.51e-02  -1.7 1.00e+00 1.00e+00h  1
iter    objective    inf_pr   inf_du lg(mu)  ||d||  lg(rg) alpha_du alpha_pr  ls
 810  7.4025456e+00 1.90e-03 6.32e-02  -3.8 3.59e-02  -2.1 1.00e+00 1.00e+00h  1
 811  7.4025770e+00 1.53e-03 3.76e-02  -3.8 8.79e-02    -  1.00e+00 1.00e+00h  1
 812  7.4025780e+00 2.38e-05 8.39e-03  -3.8 4.63e-03  -1.7 1.00e+00 1.00e+00h  1
 813  7.4025913e+00 6.83e-06 4.82e-03  -3.8 2.21e-03  -1.3 1.00e+00 1.00e+00h  1
 814  7.4025985e+00 1.62e-06 1.20e-03  -3.8 1.04e-03  -0.9 1.00e+00 1.00e+00h  1
 815  7.3813678e+00 3.00e-03 7.70e+01  -5.7 5.91e-02  -1.3 5.40e-01 5.04e-01f  1
 816  7.3722881e+00 2.69e-03 8.25e+02  -5.7 1.04e-01  -1.8 5.85e-01 2.44e-01h  1
 817  7.3601855e+00 3.74e-03 5.46e+02  -5.7 2.90e-01  -2.3 2.61e-01 2.84e-01h  1
 818  7.3530121e+00 3.42e-03 7.99e+02  -5.7 1.58e-01  -1.9 5.08e-01 2.94e-01f  1
 819  7.3493219e+00 2.74e-03 2.31e+02  -5.7 7.54e-02  -1.4 1.02e-02 2.62e-01h  1
iter    objective    inf_pr   inf_du lg(mu)  ||d||  lg(rg) alpha_du alpha_pr  ls
 820  7.3486435e+00 2.65e-03 2.77e+02  -5.7 3.39e-01  -1.9 7.20e-02 3.58e-02h  1
 821  7.3463648e+00 6.16e-03 6.21e+02  -5.7 1.28e+00  -2.4 2.05e-01 8.72e-02h  1
 822  7.3456235e+00 6.06e-03 1.90e+03  -5.7 2.99e-01  -2.0 5.76e-01 4.73e-02h  1
 823  7.3429964e+00 5.28e-03 1.82e+03  -5.7 7.83e-01  -2.5 3.20e-01 1.25e-01h  1
 824  7.3393502e+00 3.80e-03 1.63e+03  -5.7 1.12e-01  -2.0 7.13e-01 2.84e-01h  1
 825  7.3390133e+00 3.73e-03 1.58e+03  -5.7 1.37e+00  -2.5 8.88e-02 1.79e-02h  1
 826  7.3383673e+00 3.46e-03 1.46e+03  -5.7 5.57e-01  -2.1 8.35e-03 7.20e-02h  1
 827  7.3383746e+00 3.28e-03 3.98e+04  -5.7 1.11e-01   2.9 1.51e-04 5.22e-02f  1
 828  7.3383890e+00 2.93e-03 3.58e+04  -5.7 1.63e-02   5.1 1.75e-03 1.07e-01h  1
 829  7.3384141e+00 2.34e-03 2.93e+04  -5.7 1.49e-02   4.6 1.56e-01 2.01e-01h  1
iter    objective    inf_pr   inf_du lg(mu)  ||d||  lg(rg) alpha_du alpha_pr  ls
 830  7.3384319e+00 1.90e-03 3.16e+04  -5.7 2.81e-02   4.1 1.58e-02 1.89e-01h  1
 831  7.3384344e+00 1.86e-03 3.09e+04  -5.7 1.00e-02   4.6 4.81e-01 2.09e-02h  1
 832  7.3384558e+00 1.52e-03 2.78e+04  -5.7 1.01e-02   4.1 4.04e-01 1.86e-01h  1
 833  7.3384601e+00 1.45e-03 2.66e+04  -5.7 8.04e-03   4.5 1.00e+00 4.17e-02h  1
 834  7.3385003e+00 8.94e-04 1.72e+04  -5.7 7.92e-03   4.0 1.00e+00 3.86e-01h  1
 835  7.3385363e+00 3.47e-04 4.72e+03  -5.7 5.01e-03   3.6 3.50e-01 6.11e-01h  1
 836  7.3385166e+00 5.59e-06 9.27e+02  -5.7 3.05e-03   3.1 5.25e-01 1.00e+00f  1
 837  7.3384601e+00 2.85e-06 4.72e+02  -5.7 8.78e-05   2.6 9.99e-01 4.91e-01h  1
 838  7.3384267e+00 4.97e-09 1.72e+00  -5.7 5.93e-05   3.0 1.00e+00 1.00e+00f  1
 839  7.3383245e+00 2.21e-08 6.34e-02  -5.7 6.49e-05   2.6 1.00e+00 1.00e+00h  1
iter    objective    inf_pr   inf_du lg(mu)  ||d||  lg(rg) alpha_du alpha_pr  ls
 840  7.3380918e+00 1.52e-07 2.38e-02  -5.7 1.99e-04   2.1 1.00e+00 1.00e+00h  1
 841  7.3378707e+00 1.93e-07 2.60e+01  -5.7 5.88e-04   1.6 1.00e+00 4.69e-01h  1
 842  7.3376907e+00 2.25e-07 6.23e+01  -5.7 6.40e-04   1.1 1.00e+00 2.16e-01f  1
 843  7.3368918e+00 2.89e-06 4.79e+01  -5.7 1.36e-03   0.6 1.00e+00 5.61e-01f  1
 844  7.3361777e+00 1.61e-05 6.84e+01  -5.7 2.93e-03   0.2 1.00e+00 4.31e-01f  1
 845  7.3353811e+00 7.44e-05 7.73e+01  -5.7 7.87e-03  -0.3 8.48e-01 3.14e-01f  1
 846  7.3342136e+00 3.45e-04 5.20e+01  -5.7 2.34e-02  -0.8 3.98e-01 2.59e-01f  1
 847  7.3329151e+00 7.55e-04 5.00e+01  -5.7 5.72e-02  -1.3 8.50e-02 1.61e-01f  1
 848  7.3320969e+00 8.75e-04 4.54e+01  -5.7 1.48e-01  -1.7 8.39e-02 5.76e-02f  1
 849  7.3308369e+00 1.17e-03 3.35e+01  -5.7 5.32e-02  -1.3 2.49e-01 1.83e-01f  1
iter    objective    inf_pr   inf_du lg(mu)  ||d||  lg(rg) alpha_du alpha_pr  ls
 850  7.3295892e+00 1.45e-03 3.25e+01  -5.7 1.97e-01  -1.8 3.76e-02 1.16e-01f  1
 851  7.3292466e+00 8.96e-04 2.64e+01  -5.7 3.20e-02  -0.5 1.85e-01 4.03e-01f  1
 852  7.3273626e+00 1.64e-03 4.48e+01  -5.7 2.06e-02  -0.9 3.32e-01 7.91e-01f  1
 853  7.3258868e+00 2.07e-03 5.05e+01  -5.7 3.99e-02  -1.4 7.73e-02 3.52e-01f  1
 854  7.3257914e+00 1.91e-03 5.14e+01  -5.7 2.02e-01  -1.0 1.15e-02 9.30e-02f  1
 855  7.3251311e+00 2.92e-04 4.90e+01  -5.7 8.74e-03  -0.6 2.79e-01 1.00e+00f  1
 856  7.3236152e+00 1.61e-03 1.40e+01  -5.7 2.72e-02  -1.0 7.21e-01 8.18e-01h  1
 857  7.3222210e+00 2.24e-03 1.55e+01  -5.7 4.49e-02  -1.5 9.91e-02 3.88e-01f  1
 858  7.3220341e+00 2.12e-03 1.81e+01  -5.7 1.91e-01  -1.1 6.24e-04 1.16e-01f  1
 859  7.3219036e+00 2.04e-03 1.95e+01  -5.7 5.02e-01  -0.7 7.52e-03 6.30e-02f  1
iter    objective    inf_pr   inf_du lg(mu)  ||d||  lg(rg) alpha_du alpha_pr  ls
 860  7.3217639e+00 6.23e-04 2.21e+00  -5.7 6.01e-03  -0.2 1.00e+00 8.95e-01f  1
 861  7.3211795e+00 5.85e-04 8.17e+00  -5.7 2.23e-02  -0.7 6.72e-01 1.00e+00f  1
 862  7.3204704e+00 1.01e-03 1.65e+01  -5.7 2.62e-02  -1.2 6.85e-01 4.54e-01h  1
 863  7.3185984e+00 3.29e-03 3.48e+01  -5.7 4.27e-02  -1.7 7.90e-02 6.44e-01f  1
 864  7.3187512e+00 2.49e-03 4.92e+01  -5.7 4.10e-02   0.6 4.64e-02 2.71e-01h  1
 865  7.3187193e+00 2.47e-03 4.87e+01  -5.7 1.44e-01   0.1 4.65e-03 1.01e-02h  1
 866  7.3187989e+00 2.37e-03 4.62e+01  -5.7 8.09e-02   0.5 7.07e-02 4.15e-02h  1
 867  7.3187974e+00 2.24e-03 4.36e+01  -5.7 1.42e-03   0.9 5.62e-01 5.59e-02h  1
 868  7.3187816e+00 1.50e-05 2.91e+00  -5.7 1.75e-03   0.5 1.00e+00 1.00e+00f  1
 869  7.3186377e+00 2.05e-05 1.32e+00  -5.7 3.09e-03  -0.0 1.00e+00 8.17e-01h  1
iter    objective    inf_pr   inf_du lg(mu)  ||d||  lg(rg) alpha_du alpha_pr  ls
 870  7.3184008e+00 8.89e-05 2.17e-02  -5.7 4.06e-03  -0.5 1.00e+00 1.00e+00f  1
 871  7.3177580e+00 6.75e-04 1.45e-02  -5.7 1.15e-02  -1.0 1.00e+00 1.00e+00h  1
 872  7.3169782e+00 1.34e-03 1.10e+01  -5.7 4.14e-02  -1.4 1.00e+00 4.83e-01h  1
 873  7.3156642e+00 3.69e-03 1.31e+01  -5.7 8.20e-02  -1.9 1.81e-01 3.71e-01f  1
 874  7.3151489e+00 2.92e-03 5.79e+00  -5.7 9.68e-02  -1.5 4.66e-01 3.47e-01h  1
 875  7.3148731e+00 2.83e-03 2.31e+02  -5.7 6.50e-01  -2.0 2.73e-01 6.94e-02h  1
 876  7.3142943e+00 3.27e-03 3.95e+02  -5.7 2.64e-01  -2.5 2.55e-01 9.02e-02h  1
 877  7.3131756e+00 2.91e-03 1.81e+02  -5.7 7.85e-02  -2.0 2.44e-01 4.76e-01h  1
 878  7.3126855e+00 3.55e-03 2.07e+02  -5.7 5.93e-02  -1.6 5.19e-01 3.44e-01f  1
 879  7.3123763e+00 2.91e-03 5.40e+02  -5.7 8.43e-02  -2.1 3.23e-01 1.83e-01h  1
iter    objective    inf_pr   inf_du lg(mu)  ||d||  lg(rg) alpha_du alpha_pr  ls
 880  7.3121360e+00 3.40e-03 7.58e+02  -5.7 1.27e-01  -1.7 6.88e-02 1.29e-01f  1
 881  7.3113567e+00 3.63e-03 8.51e+03  -5.7 8.81e-02  -2.1 7.83e-02 3.53e-01f  1
 882  7.3109293e+00 2.47e-03 4.18e+03  -5.7 4.10e-02  -1.7 4.76e-01 5.07e-01f  1
 883  7.3108127e+00 2.88e-03 4.13e+03  -5.7 5.79e+00  -2.2 4.88e-02 1.22e-02h  1
 884  7.3101286e+00 3.73e-03 5.38e+02  -5.7 4.11e-02  -1.8 1.33e-01 8.75e-01h  1
 885  7.3100956e+00 2.71e-05 6.73e+00  -5.7 2.53e-02  -0.4 8.85e-01 1.00e+00f  1
 886  7.3099693e+00 1.00e-04 4.44e-02  -5.7 6.33e-03  -0.9 1.00e+00 1.00e+00h  1
 887  7.3096401e+00 7.40e-04 1.78e+00  -5.7 1.85e-02  -1.4 1.00e+00 9.52e-01h  1
 888  7.3092212e+00 1.93e-03 2.51e+01  -5.7 4.85e-02  -1.9 7.98e-01 5.36e-01f  1
 889  7.3086693e+00 4.13e-03 8.92e+00  -5.7 1.75e-01  -2.3 2.28e-01 2.89e-01f  1
iter    objective    inf_pr   inf_du lg(mu)  ||d||  lg(rg) alpha_du alpha_pr  ls
 890  7.3082414e+00 4.48e-03 3.94e+01  -5.7 6.05e-02  -1.9 5.42e-02 6.01e-01f  1
 891  7.3080045e+00 4.39e-03 2.86e+01  -5.7 4.82e-01  -2.4 2.98e-01 1.17e-01f  1
 892  7.3074250e+00 3.94e-03 3.42e+01  -5.7 6.08e-02  -2.0 3.29e-01 9.57e-01f  1
 893  7.3074146e+00 1.90e-03 2.52e+01  -5.7 2.73e-02   0.3 3.07e-01 5.25e-01f  1
 894  7.3074082e+00 1.81e-03 3.40e+01  -5.7 5.59e-03  -0.2 1.00e+00 4.60e-02h  1
 895  7.3073534e+00 3.73e-05 7.35e+00  -5.7 3.51e-03  -0.7 5.47e-01 1.00e+00f  1
 896  7.3072622e+00 8.88e-05 1.02e+01  -5.7 9.90e-03  -1.2 1.00e+00 8.17e-01h  1
 897  7.3069945e+00 9.52e-04 2.21e+00  -5.7 2.89e-02  -1.6 8.20e-01 1.00e+00f  1
 898  7.3068395e+00 1.42e-03 4.31e+01  -5.7 3.26e-01  -2.1 9.86e-01 1.56e-01h  1
 899  7.3063401e+00 4.92e-03 8.68e+01  -5.7 4.15e-01  -2.6 4.37e-01 2.68e-01h  1
iter    objective    inf_pr   inf_du lg(mu)  ||d||  lg(rg) alpha_du alpha_pr  ls
 900  7.3062084e+00 8.47e-03 4.10e+02  -5.7 5.15e-01  -2.2 1.81e-01 8.94e-02h  1
 901  7.3059368e+00 6.85e-03 5.60e+02  -5.7 1.71e-01  -2.6 9.03e-01 2.11e-01h  1
 902  7.3056929e+00 4.90e-03 2.63e+02  -5.7 1.02e-01  -2.2 3.96e-01 4.76e-01f  1
 903  7.3055051e+00 6.12e-03 6.72e+02  -5.7 1.93e-01  -2.7 7.10e-01 2.25e-01h  1
 904  7.3053860e+00 8.18e-03 7.05e+02  -5.7 1.26e+00  -3.2 6.04e-02 3.79e-02h  1
 905  7.3053860e+00 8.18e-03 7.51e+02  -5.7 1.18e+00  -1.8 8.74e-02 7.82e-05H  1
 906  7.3051628e+00 4.52e-03 3.52e+02  -5.7 6.95e-02  -2.3 6.30e-01 5.65e-01f  1
 907  7.3049183e+00 5.41e-03 1.36e+04  -5.7 1.24e-01  -2.8 9.43e-02 6.19e-01h  1
 908  7.3048074e+00 3.99e-04 9.76e+01  -5.7 1.03e-02  -1.5 6.15e-01 1.00e+00f  1
 909  7.3046362e+00 9.56e-03 1.89e-01  -5.7 6.06e-02  -1.9 1.00e+00 1.00e+00h  1
iter    objective    inf_pr   inf_du lg(mu)  ||d||  lg(rg) alpha_du alpha_pr  ls
 910  7.3044993e+00 6.06e-03 8.03e+00  -5.7 6.13e-02  -2.4 4.21e-02 4.51e-01h  1
 911  7.3043398e+00 1.50e-02 4.59e+00  -5.7 2.64e-01  -2.9 3.84e-01 3.72e-01f  1
 912  7.3042906e+00 1.53e-02 3.83e+01  -5.7 7.39e+00  -3.4 7.59e-03 2.85e-03h  1
 913  7.3042614e+00 1.49e-02 3.55e+01  -5.7 4.66e+00  -3.9 5.86e-02 2.66e-02h  1
 914  7.3041618e+00 1.31e-02 3.16e+01  -5.7 3.06e-01  -3.4 1.04e-01 1.46e-01h  1
 915  7.3038148e+00 2.03e-02 1.10e+01  -5.7 3.66e-01  -3.0 5.79e-01 8.27e-01f  1
 916  7.3037008e+00 1.61e-02 1.02e+02  -5.7 6.45e-01  -3.5 1.01e-01 7.26e-02h  1
 917  7.3033966e+00 1.16e-03 2.06e+03  -5.7 4.66e-02  -1.2 1.53e-01 1.00e+00h  1
 918  7.3033485e+00 1.08e-04 1.95e-01  -5.7 6.51e-03  -0.8 1.00e+00 1.00e+00h  1
 919  7.3032730e+00 4.06e-04 4.63e+00  -5.7 1.43e-02  -1.3 4.51e-01 1.00e+00h  1
iter    objective    inf_pr   inf_du lg(mu)  ||d||  lg(rg) alpha_du alpha_pr  ls
 920  7.3031076e+00 2.57e-03 6.65e+00  -5.7 3.09e-02  -1.8 3.37e-01 1.00e+00h  1
 921  7.3028171e+00 1.20e-02 1.47e+01  -5.7 1.27e-01  -2.3 2.10e-01 5.84e-01h  1
 922  7.3025464e+00 5.20e-03 1.66e+01  -5.7 5.11e-02  -1.8 6.27e-01 8.45e-01f  1
 923  7.3023504e+00 6.82e-03 7.81e+00  -5.7 1.51e-01  -2.3 4.68e-01 2.50e-01f  1
 924  7.3020929e+00 2.06e-02 2.06e+01  -5.7 1.44e-01  -2.8 2.32e-01 1.00e+00f  1
 925  7.3017235e+00 4.29e-03 6.89e+00  -5.7 5.23e-02  -1.4 1.00e+00 7.81e-01h  1
 926  7.3012220e+00 1.42e-02 2.88e+01  -5.7 9.02e-02  -1.9 2.91e-01 1.00e+00h  1
 927  7.3011567e+00 5.05e-03 9.15e+00  -5.7 9.22e-02  -2.4 6.71e-01 7.32e-01h  1
 928  7.3011449e+00 1.74e-03 8.61e+00  -5.7 1.40e-01  -2.9 3.43e-01 6.88e-01F  1
 929  7.3011044e+00 7.36e-05 2.14e+03  -5.7 8.86e-02  -0.6 8.38e-01 1.00e+00f  1
iter    objective    inf_pr   inf_du lg(mu)  ||d||  lg(rg) alpha_du alpha_pr  ls
 930  7.3009539e+00 5.57e-04 2.81e+03  -5.7 2.49e-02  -1.1 7.14e-01 1.00e+00h  1
 931  7.3005992e+00 3.93e-03 7.22e-02  -5.7 4.54e-02  -1.6 1.00e+00 1.00e+00h  1
 932  7.2999568e+00 1.95e-02 3.75e+01  -5.7 1.29e-01  -2.1 2.58e-01 7.50e-01h  1
 933  7.3004547e+00 1.39e-02 4.91e+01  -5.7 1.18e-01  -1.7 3.94e-01 1.00e+00h  1
 934  7.3000522e+00 1.81e-02 4.66e+01  -5.7 8.77e-01  -2.1 5.80e-02 6.28e-02h  1
 935  7.2998094e+00 1.65e-02 8.24e+01  -5.7 5.74e-01  -2.6 3.43e-01 2.04e-01f  1
 936  7.2994887e+00 1.59e-02 1.25e+02  -5.7 4.31e-01  -3.1 4.37e-01 1.68e-01h  1
 937  7.2992011e+00 1.16e-02 4.96e+01  -5.7 1.84e-01  -2.7 4.09e-01 3.56e-01h  1
 938  7.2989501e+00 9.06e-03 3.38e+01  -5.7 3.27e-01  -3.1 3.07e-01 3.14e-01h  1
 939  7.2988963e+00 8.65e-03 3.11e+01  -5.7 2.48e+00  -3.6 8.71e-02 4.73e-02h  1
iter    objective    inf_pr   inf_du lg(mu)  ||d||  lg(rg) alpha_du alpha_pr  ls
 940  7.2987518e+00 7.39e-03 2.57e+01  -5.7 8.60e-01  -4.1 1.76e-01 1.82e-01h  1
 941  7.2986174e+00 6.31e-03 7.09e+01  -5.7 3.63e-01    -  4.84e-01 1.89e-01h  1
 942  7.2983602e+00 5.11e-03 7.74e+01  -5.7 2.89e-01    -  6.83e-01 4.05e-01h  1
 943  7.2982857e+00 5.22e-03 7.44e+01  -5.7 8.30e-01    -  1.67e-02 2.23e-02h  1
 944r 7.2982857e+00 5.22e-03 9.99e+02  -1.7 0.00e+00    -  0.00e+00 2.60e-07R 13
 945r 7.2995873e+00 8.64e-03 9.99e+02  -1.7 1.45e+03    -  2.53e-04 1.13e-04f  1
 946r 7.3056436e+00 7.18e-02 9.98e+02  -1.7 8.41e+02    -  4.45e-04 6.26e-04f  1
 947r 7.3178085e+00 8.30e-02 9.97e+02  -1.7 2.33e+02    -  1.43e-03 1.68e-03f  1
 948r 7.3381614e+00 8.27e-02 9.95e+02  -1.7 2.71e+01  -2.0 1.83e-03 3.34e-03f  1
 949r 7.3661542e+00 8.22e-02 9.82e+02  -1.7 1.12e+01  -1.6 1.30e-02 6.00e-03f  1
iter    objective    inf_pr   inf_du lg(mu)  ||d||  lg(rg) alpha_du alpha_pr  ls
 950r 7.4335869e+00 8.04e-02 9.52e+02  -1.7 6.30e+00  -1.1 3.03e-02 2.22e-02f  1
 951r 7.5416488e+00 2.19e-01 8.96e+02  -1.7 1.68e+00  -0.7 5.95e-02 6.56e-02f  1
 952r 7.6785301e+00 1.59e-01 5.44e+02  -1.7 6.57e-01  -0.3 7.94e-01 1.93e-01f  1
 953r 7.9052145e+00 3.52e+00 1.04e+03  -1.7 4.25e-01   0.1 1.83e-01 1.00e+00f  1
 954r 7.9253314e+00 1.56e+00 1.16e+03  -1.7 2.42e-01   0.6 8.40e-01 4.77e-01h  1
 955r 7.9284882e+00 3.47e-01 6.07e+03  -1.7 2.27e-01   1.0 3.73e-02 1.00e+00h  1
 956r 7.9328288e+00 1.47e-01 6.05e+03  -1.7 3.48e-01   1.4 1.00e+00 8.89e-01h  1
 957r 7.9773765e+00 2.04e-02 1.82e+03  -1.7 2.21e-01   0.9 4.50e-01 1.00e+00f  1
 958r 8.0587778e+00 1.57e-02 1.95e+02  -1.7 1.96e-01   0.5 1.00e+00 1.00e+00h  1
 959r 8.0884158e+00 9.26e-04 4.54e+01  -1.7 2.34e-02   0.9 1.00e+00 1.00e+00h  1
iter    objective    inf_pr   inf_du lg(mu)  ||d||  lg(rg) alpha_du alpha_pr  ls
 960r 8.1770291e+00 3.81e-01 5.56e+02  -1.7 2.13e-01   0.4 4.57e-01 1.00e+00f  1
 961r 8.1885448e+00 8.14e-02 2.92e+02  -1.7 6.41e-02   0.8 1.00e+00 1.00e+00h  1
 962r 8.1968503e+00 2.38e-02 7.50e+02  -1.7 1.58e-01   1.3 1.00e+00 1.00e+00h  1
 963r 8.2042394e+00 8.32e-03 9.89e+02  -1.7 8.57e-02   1.7 1.00e+00 1.00e+00h  1
 964r 8.2164565e+00 4.19e-04 5.87e+01  -1.7 6.36e-02   1.2 1.00e+00 1.00e+00h  1
 965r 8.2515704e+00 3.06e-02 1.18e+02  -1.7 3.63e-02   0.7 1.00e+00 1.00e+00f  1
 966r 8.3507197e+00 2.59e-01 1.01e+02  -1.7 1.20e-01   0.2 7.41e-01 1.00e+00h  1
 967r 8.4830210e+00 7.35e-01 9.35e+01  -1.7 3.97e+00    -  9.86e-02 2.16e-01h  1
 968r 8.4764949e+00 1.19e-01 3.77e+02  -1.7 1.38e-01   0.7 1.00e+00 1.00e+00h  1
 969r 8.4759633e+00 4.88e-02 1.53e+03  -1.7 1.77e-01   1.1 8.90e-01 9.31e-01h  1
iter    objective    inf_pr   inf_du lg(mu)  ||d||  lg(rg) alpha_du alpha_pr  ls
 970r 8.4867352e+00 9.67e-03 7.30e+02  -1.7 1.21e-01   1.5 2.65e-01 1.00e+00f  1
 971r 8.4978363e+00 3.48e-04 5.79e+01  -1.7 8.39e-02   1.0 1.00e+00 1.00e+00h  1
 972r 8.5283987e+00 2.48e-03 4.96e+01  -1.7 3.79e-02   0.6 1.00e+00 1.00e+00h  1
 973r 8.5430391e+00 2.20e-03 5.61e+01  -1.7 1.80e-02   1.0 1.00e+00 1.00e+00h  1
 974r 8.5472136e+00 4.63e-05 3.71e+00  -1.7 1.13e-02   1.4 1.00e+00 1.00e+00h  1
 975r 8.5603881e+00 3.68e-04 1.01e+01  -1.7 1.09e-02   0.9 1.00e+00 1.00e+00h  1
 976r 8.5961002e+00 1.60e-03 6.42e+01  -1.7 2.53e-02   0.5 1.00e+00 1.00e+00h  1
 977r 8.6770025e+00 3.87e-03 6.36e+01  -1.7 6.94e-02  -0.0 1.00e+00 1.00e+00h  1
 978r 8.6857123e+00 2.28e-02 6.25e+01  -1.7 1.18e+01  -0.5 2.27e-02 1.67e-02h  2
 979r 8.6884588e+00 2.00e-02 2.26e+02  -1.7 3.36e-02   0.8 1.00e+00 1.00e+00h  1
iter    objective    inf_pr   inf_du lg(mu)  ||d||  lg(rg) alpha_du alpha_pr  ls
 980r 8.7228532e+00 4.04e-03 2.11e+01  -1.7 8.52e-02   0.4 1.00e+00 1.00e+00h  1
 981r 8.7956032e+00 2.85e-03 2.47e+01  -1.7 7.14e-02  -0.1 1.00e+00 1.00e+00h  1
 982r 8.9495730e+00 4.08e-01 5.90e+01  -1.7 2.50e-01  -0.6 6.94e-01 1.00e+00h  1
 983r 8.9645847e+00 4.62e-02 3.56e+01  -1.7 8.96e-02  -0.2 1.00e+00 1.00e+00h  1
 984r 8.9882954e+00 4.23e-02 7.90e+01  -1.7 5.09e-02   0.3 1.00e+00 1.00e+00h  1
 985r 9.0137980e+00 1.96e-02 4.68e+01  -1.7 1.14e-01  -0.2 1.00e+00 1.00e+00h  1
 986r 9.0102094e+00 3.80e-03 3.59e+02  -1.7 1.11e-01   1.1 1.00e+00 1.00e+00h  1
 987r 9.0133928e+00 2.91e-04 3.01e+01  -1.7 3.31e-02   1.5 1.00e+00 1.00e+00h  1
 988r 9.0155815e+00 1.29e-05 1.84e+01  -1.7 1.95e-03   1.1 1.00e+00 1.00e+00h  1
 989r 9.0248977e+00 1.66e-03 7.99e+00  -1.7 1.33e-02   0.6 1.00e+00 1.00e+00h  1
iter    objective    inf_pr   inf_du lg(mu)  ||d||  lg(rg) alpha_du alpha_pr  ls
 990r 9.0276548e+00 3.17e-05 2.97e+00  -1.7 1.77e-02   1.0 1.00e+00 1.00e+00h  1
 991r 9.0356924e+00 4.87e-04 9.86e+00  -1.7 1.25e-02   0.5 1.00e+00 1.00e+00h  1
 992r 9.0512171e+00 2.28e-02 7.26e+01  -1.7 1.98e-01   0.1 6.81e-01 5.00e-01h  2
 993r 9.0602651e+00 2.30e-02 6.52e+01  -1.7 2.97e+00  -0.4 8.74e-02 4.16e-02h  3
 994r 9.0614744e+00 2.03e-02 7.24e+01  -1.7 1.40e-01   0.0 1.00e+00 1.93e-01h  3
 995r 9.0537862e+00 1.58e-02 1.30e+03  -1.7 6.76e-02   1.3 1.00e+00 1.00e+00h  1
 996r 9.0595519e+00 9.94e-04 2.11e+02  -1.7 1.11e-01   0.9 1.00e+00 1.00e+00h  1
 997r 9.0611849e+00 3.64e-05 2.43e+01  -1.7 6.91e-03   1.3 1.00e+00 1.00e+00h  1
 998r 9.0649153e+00 1.65e-04 9.56e+00  -1.7 9.49e-03   0.8 1.00e+00 1.00e+00h  1
 999r 9.0750080e+00 6.88e-04 1.73e+01  -1.7 2.29e-02   0.3 1.00e+00 1.00e+00h  1
iter    objective    inf_pr   inf_du lg(mu)  ||d||  lg(rg) alpha_du alpha_pr  ls
1000r 9.0804542e+00 1.72e-03 6.54e+00  -1.7 1.03e-02   0.8 1.00e+00 1.00e+00h  1
1001r 9.0977643e+00 1.89e-02 1.24e+02  -1.7 1.01e-01   0.3 1.00e+00 1.00e+00h  1
1002r 9.1956946e+00 2.71e-02 1.70e+02  -1.7 3.62e-01    -  5.29e-01 1.00e+00H  1
1003r 9.1953246e+00 4.74e-05 4.16e+02  -1.7 1.64e-03   2.5 1.00e+00 1.00e+00h  1
1004r 9.1953631e+00 4.36e-06 1.30e+00  -1.7 8.79e-04   2.0 1.00e+00 1.00e+00h  1
1005r 9.1954295e+00 4.38e-06 4.57e-01  -1.7 1.16e-03   1.6 1.00e+00 1.00e+00h  1
1006r 9.1842788e+00 3.80e-05 7.88e+00  -2.5 2.04e-03   1.1 9.59e-01 1.00e+00f  1
1007r 8.6387315e+00 8.02e-02 2.04e+00  -2.5 2.42e-01    -  1.00e+00 1.00e+00f  1
1008r 8.6335349e+00 1.53e-03 1.13e+00  -2.5 1.59e-02   0.6 1.00e+00 1.00e+00h  1
1009r 8.6332845e+00 1.54e-05 2.74e-01  -2.5 2.55e-03   0.1 1.00e+00 1.00e+00h  1
iter    objective    inf_pr   inf_du lg(mu)  ||d||  lg(rg) alpha_du alpha_pr  ls
1010r 8.6321542e+00 1.39e-04 4.45e-01  -2.5 9.18e-03  -0.3 1.00e+00 1.00e+00h  1
1011r 8.6320312e+00 2.37e-04 1.49e+00  -2.5 8.97e-03   0.1 1.00e+00 1.00e+00h  1
1012r 8.6325923e+00 9.45e-04 1.42e+01  -2.5 1.07e-01  -0.4 1.88e-01 1.88e-01h  2
1013r 8.6301085e+00 2.30e-03 4.53e+00  -2.5 4.25e-01    -  6.74e-01 2.45e-01h  2
1014r 8.6216713e+00 1.62e-02 1.11e+01  -2.5 2.50e-01    -  8.89e-01 1.00e+00h  1
1015r 8.6214811e+00 1.44e-05 8.39e-01  -2.5 8.12e-04   1.8 1.00e+00 1.00e+00h  1
1016r 8.6215058e+00 1.17e-06 9.49e-02  -2.5 6.46e-04   1.4 1.00e+00 1.00e+00h  1
1017r 8.1877955e+00 6.06e-02 2.65e+01  -3.7 2.62e-01    -  5.88e-01 9.09e-01f  1
1018r 8.1912813e+00 4.24e-04 7.62e+01  -3.7 2.17e-02   1.8 9.21e-01 1.00e+00h  1
1019r 8.1912202e+00 2.34e-07 1.32e+00  -3.7 7.76e-04   1.3 1.00e+00 1.00e+00h  1
iter    objective    inf_pr   inf_du lg(mu)  ||d||  lg(rg) alpha_du alpha_pr  ls
1020r 8.1910511e+00 2.01e-07 1.16e-02  -3.7 3.42e-04   0.8 1.00e+00 1.00e+00h  1
1021r 8.1905368e+00 1.59e-06 4.39e-03  -3.7 8.94e-04   0.4 1.00e+00 1.00e+00h  1
1022r 8.1855098e+00 1.24e-05 2.85e+01  -5.6 2.67e-03  -0.1 9.38e-01 7.89e-01f  1
1023r 8.1837451e+00 5.02e-06 8.14e+01  -5.6 9.51e-04  -0.6 9.30e-01 7.05e-01f  1
1024r 8.1771765e+00 2.17e-05 1.08e+00  -5.6 2.82e-03  -1.1 9.96e-01 1.00e+00f  1
1025r 8.1581115e+00 1.77e-04 1.63e-03  -5.6 7.78e-03  -1.6 1.00e+00 1.00e+00h  1
1026r 8.1061480e+00 1.43e-03 6.54e-03  -5.6 1.90e-02  -2.0 1.00e+00 1.00e+00h  1
1027r 7.9875992e+00 8.44e-03 8.08e-02  -5.6 4.84e-02  -2.5 1.00e+00 1.00e+00h  1
1028r 7.9496316e+00 2.18e-03 1.54e+01  -5.6 1.75e-02  -2.1 3.16e-01 1.00e+00h  1
1029r 7.9498548e+00 2.14e-03 5.76e+00  -5.6 1.12e-02   0.1 1.00e+00 1.00e+00h  1
iter    objective    inf_pr   inf_du lg(mu)  ||d||  lg(rg) alpha_du alpha_pr  ls
1030r 7.9493086e+00 3.59e-04 7.81e-02  -5.6 2.65e-03  -0.3 1.00e+00 1.00e+00h  1
1031r 7.9474196e+00 5.40e-06 9.81e-02  -5.6 2.18e-03  -0.8 1.00e+00 1.00e+00h  1
1032r 7.9418676e+00 2.17e-05 3.42e-02  -5.6 3.65e-03  -1.3 1.00e+00 1.00e+00h  1
1033r 7.9261309e+00 1.97e-04 6.24e-03  -5.6 7.46e-03  -1.8 1.00e+00 1.00e+00h  1
1034r 7.8855574e+00 1.69e-03 5.12e-03  -5.6 2.17e-02  -2.2 1.00e+00 1.00e+00h  1
1035r 7.8248262e+00 6.89e-03 9.50e+00  -5.6 6.63e-02  -2.7 1.00e+00 7.25e-01h  1
1036r 7.8216274e+00 8.01e-05 1.97e-01  -5.6 2.52e-02  -1.4 1.00e+00 1.00e+00h  1
1037r 7.8102530e+00 2.45e-04 1.60e-02  -5.6 6.43e-03  -1.9 1.00e+00 1.00e+00h  1
1038r 7.7807134e+00 1.97e-03 2.63e-03  -5.6 1.92e-02  -2.3 1.00e+00 1.00e+00h  1
1039r 7.7233251e+00 4.39e-02 3.19e-01  -5.6 7.45e-02  -2.8 1.00e+00 9.66e-01h  1
iter    objective    inf_pr   inf_du lg(mu)  ||d||  lg(rg) alpha_du alpha_pr  ls
1040r 7.6196154e+00 5.54e-02 8.30e+00  -5.6 4.58e-01    -  8.31e-01 6.06e-01h  1
1041r 7.6003187e+00 1.54e-02 2.08e-02  -5.6 1.09e-01  -3.3 1.00e+00 1.00e+00h  1
1042r 7.5832016e+00 2.31e-03 1.37e-02  -5.6 8.63e-02  -3.8 1.00e+00 1.00e+00h  1
1043r 7.5825854e+00 4.71e-04 1.19e-02  -5.6 6.68e-03  -2.4 1.00e+00 1.00e+00h  1
1044r 7.5795099e+00 4.43e-04 1.32e+01  -5.6 2.71e-01    -  4.36e-01 1.72e-01h  2
1045r 7.5770036e+00 7.48e-04 2.39e+01  -5.6 2.58e-01    -  6.67e-01 1.76e-01h  2
1046r 7.5717753e+00 1.55e-03 5.08e+00  -5.6 2.63e-01    -  8.45e-01 4.94e-01h  2
1047r 7.5662144e+00 5.29e-03 6.49e-03  -5.6 1.66e-01    -  1.00e+00 1.00e+00h  1
1048r 7.5655752e+00 7.82e-04 6.00e-02  -5.6 1.34e-01    -  1.00e+00 1.00e+00h  1
1049r 7.5658111e+00 2.26e-04 1.43e-02  -5.6 2.62e-02    -  1.00e+00 1.00e+00h  1
iter    objective    inf_pr   inf_du lg(mu)  ||d||  lg(rg) alpha_du alpha_pr  ls
1050r 7.5656967e+00 4.62e-05 1.81e-03  -5.6 3.96e-03  -2.9 1.00e+00 1.00e+00h  1
1051r 7.5656159e+00 6.95e-05 1.75e+01  -5.6 2.91e-01  -3.4 1.03e-01 1.08e-02h  4
1052r 7.5654913e+00 8.80e-05 7.42e-03  -5.6 8.39e-03  -3.0 1.00e+00 1.00e+00h  1
1053r 7.5653955e+00 1.87e-04 2.26e-02  -5.6 8.97e-02    -  1.00e+00 1.00e+00H  1
1054r 7.5653629e+00 1.15e-05 1.11e-03  -5.6 4.71e-03    -  1.00e+00 1.00e+00h  1
1055r 7.5653527e+00 7.50e-07 4.62e-05  -5.6 2.43e-03    -  1.00e+00 1.00e+00h  1
1056r 7.5103123e+00 9.94e-03 1.29e+00  -7.0 2.53e-01    -  4.84e-01 4.61e-01f  1
1057r 7.5098920e+00 9.66e-03 7.19e+00  -7.0 4.51e-01  -3.4 5.05e-02 2.82e-02h  1
1058r 7.4879692e+00 1.72e-02 6.19e+01  -7.0 8.37e-01    -  1.51e-01 9.81e-01h  1
1059r 7.4880853e+00 1.22e-02 5.98e+01  -7.0 3.22e-02  -0.3 8.02e-02 2.89e-01f  1
iter    objective    inf_pr   inf_du lg(mu)  ||d||  lg(rg) alpha_du alpha_pr  ls
1060r 7.4882842e+00 4.73e-03 2.32e+02  -7.0 1.42e-02   0.1 2.88e-02 6.13e-01f  1
1061r 7.4883783e+00 6.44e-04 3.13e+01  -7.0 6.17e-03  -0.4 8.68e-01 8.64e-01f  1
1062r 7.4883364e+00 4.59e-05 2.68e-01  -7.0 1.38e-03  -0.8 1.00e+00 1.00e+00f  1
1063r 7.4881810e+00 5.28e-08 1.09e-02  -7.0 5.69e-04  -1.3 1.00e+00 1.00e+00h  1
1064r 7.4877018e+00 2.01e-06 2.72e-03  -7.0 2.55e-03  -1.8 1.00e+00 1.00e+00h  1
1065r 7.4862947e+00 5.17e-06 2.07e-03  -7.0 2.75e-03  -2.3 1.00e+00 1.00e+00h  1
1066r 7.4824956e+00 3.94e-05 7.02e-04  -7.0 5.56e-03  -2.8 1.00e+00 1.00e+00h  1
1067r 7.4740309e+00 1.71e-04 2.65e-04  -7.0 1.09e-02  -3.2 1.00e+00 1.00e+00h  1
1068r 7.4608274e+00 7.18e-04 5.26e-04  -7.0 2.14e-02  -3.7 1.00e+00 1.00e+00h  1
1069r 7.4475385e+00 8.55e-04 8.12e-04  -7.0 3.02e-02  -4.2 1.00e+00 1.00e+00h  1
iter    objective    inf_pr   inf_du lg(mu)  ||d||  lg(rg) alpha_du alpha_pr  ls
1070r 7.4275580e+00 5.88e-02 5.18e-01  -7.0 1.04e+00    -  3.56e-01 6.01e-01h  1
1071r 7.4254085e+00 3.50e-03 3.41e-04  -7.0 3.94e-01  -4.7 1.00e+00 1.00e+00h  1
1072r 7.4228290e+00 6.84e-04 2.21e-02  -7.0 6.47e-02  -5.1 9.52e-01 1.00e+00h  1
1073r 7.4220602e+00 4.99e-05 1.13e-05  -7.0 2.10e-02  -4.7 1.00e+00 1.00e+00h  1
1074r 7.4211699e+00 7.16e-04 1.50e-05  -7.0 4.48e-02  -5.2 1.00e+00 1.00e+00h  1
1075r 7.4209918e+00 1.16e-04 2.60e-05  -7.0 1.48e-02  -4.8 1.00e+00 1.00e+00h  1
1076r 7.4208184e+00 1.27e-02 3.52e-01  -7.0 3.92e-01    -  8.39e-01 5.00e-01h  2
1077r 7.4205739e+00 5.60e-04 9.65e-06  -7.0 1.02e-01    -  1.00e+00 1.00e+00h  1
1078r 7.4205178e+00 1.81e-04 1.09e-06  -7.0 3.58e-02    -  1.00e+00 1.00e+00h  1
1079r 7.4205163e+00 5.39e-07 7.91e-09  -7.0 1.14e-03    -  1.00e+00 1.00e+00h  1
iter    objective    inf_pr   inf_du lg(mu)  ||d||  lg(rg) alpha_du alpha_pr  ls
1080r 7.4205163e+00 2.81e-12 1.02e-12  -7.0 6.57e-06    -  1.00e+00 1.00e+00h  1
1081  7.4205067e+00 6.74e-08 3.04e+02  -5.7 5.45e+00    -  1.05e-01 5.37e-05f 11
1082  7.4204992e+00 1.18e-07 2.75e+02  -5.7 6.64e+00    -  1.21e-01 4.06e-05f 11
1083  7.4204933e+00 1.36e-07 2.70e+02  -5.7 4.12e+00    -  1.35e-01 3.41e-05f 12
1084  7.4204855e+00 1.46e-07 2.93e+02  -5.7 4.22e+00    -  1.00e-01 4.77e-05f 11
1085  7.4204781e+00 1.51e-07 3.08e+02  -5.7 2.03e+00    -  6.65e-02 4.64e-05f 12
1086  7.4124150e+00 4.05e-03 3.07e+02  -5.7 4.35e+00    -  1.12e-01 5.15e-02f  1
1087  7.3947936e+00 1.44e-02 2.64e+02  -5.7 2.98e+00    -  1.10e-01 1.27e-01h  1
1088  7.3892272e+00 1.74e-02 3.21e+02  -5.7 5.63e+00    -  2.79e-01 4.54e-02h  1
1089  7.3702991e+00 2.42e-01 2.10e+02  -5.7 1.88e+00    -  4.68e-03 1.85e-01h  1
iter    objective    inf_pr   inf_du lg(mu)  ||d||  lg(rg) alpha_du alpha_pr  ls
1090  7.3684215e+00 2.55e-01 4.09e+02  -5.7 1.42e+00    -  4.74e-01 2.39e-02h  1
1091  7.3559021e+00 2.28e-01 2.95e+02  -5.7 6.89e-01    -  7.08e-02 1.73e-01h  1
1092  7.3418246e+00 1.73e-01 2.13e+02  -5.7 4.76e-01    -  1.31e-01 2.37e-01h  1
1093  7.3307414e+00 1.33e-01 1.87e+02  -5.7 6.30e-01    -  2.29e-01 2.39e-01h  1
1094  7.3295444e+00 1.30e-01 1.81e+02  -5.7 5.30e+00    -  3.64e-02 2.23e-02h  1
1095  7.3117899e+00 2.17e-01 2.06e+02  -5.7 8.41e-01    -  3.70e-01 5.18e-01h  1
1096  7.3092516e+00 2.27e-01 2.12e+02  -5.7 2.11e+00    -  3.16e-01 1.35e-01h  1
1097  7.3086524e+00 2.66e-01 2.02e+02  -5.7 1.22e+00    -  8.76e-02 4.03e-02h  1
1098  7.3018391e+00 1.10e-01 2.82e+02  -5.7 9.02e-01    -  6.76e-02 5.06e-01h  1
1099  7.3011340e+00 1.15e-01 2.20e+02  -5.7 5.56e-01    -  4.02e-01 9.69e-02h  1
iter    objective    inf_pr   inf_du lg(mu)  ||d||  lg(rg) alpha_du alpha_pr  ls
1100  7.2985597e+00 7.09e-02 5.77e+02  -5.7 1.47e-01    -  7.93e-01 4.11e-01h  1
1101  7.2972288e+00 4.67e-02 5.83e+02  -5.7 1.17e-01    -  5.55e-01 3.30e-01h  1
1102  7.2960290e+00 2.64e-02 1.79e+03  -5.7 1.39e-01    -  1.84e-01 4.08e-01h  1
1103  7.2959374e+00 2.03e-02 9.98e+03  -5.7 5.94e-02  -0.1 8.61e-04 2.10e-01h  1
1104  7.2959443e+00 1.95e-02 7.88e+03  -5.7 4.25e-03   3.1 1.86e-01 3.03e-02h  1
1105  7.2959577e+00 1.83e-02 7.09e+03  -5.7 4.26e-03   3.5 1.91e-01 5.59e-02h  1
1106  7.2959940e+00 1.49e-02 5.94e+03  -5.7 4.07e-03   3.0 1.83e-01 1.59e-01h  1
1107  7.2960001e+00 1.45e-02 5.83e+03  -5.7 4.13e-02   2.6 3.89e-02 1.89e-02h  1
1108  7.2960120e+00 1.37e-02 5.43e+03  -5.7 3.96e-03   3.0 6.90e-01 4.85e-02h  1
1109  7.2961525e+00 7.17e-03 3.31e+03  -5.7 1.62e-02   2.5 2.17e-01 3.87e-01h  1
iter    objective    inf_pr   inf_du lg(mu)  ||d||  lg(rg) alpha_du alpha_pr  ls
1110  7.2962026e+00 3.55e-03 2.17e+03  -5.7 2.44e-03   2.9 1.00e+00 3.51e-01h  1
1111  7.2962537e+00 1.90e-06 1.23e+02  -5.7 1.70e-03   2.5 1.00e+00 1.00e+00h  1
1112  7.2961247e+00 3.36e-07 2.09e+01  -5.7 1.70e-04   2.0 1.00e+00 8.30e-01h  1
1113  7.2959724e+00 7.39e-07 2.73e+01  -5.7 8.26e-04   1.5 1.00e+00 5.43e-01f  1
1114  7.2958084e+00 1.07e-06 4.81e+01  -5.7 1.15e-03   1.0 7.63e-01 3.24e-01f  1
1115  7.2954975e+00 3.75e-06 4.61e+01  -5.7 2.86e-03   0.5 9.08e-01 4.33e-01f  1
1116  7.2954173e+00 3.74e-06 8.15e+01  -5.7 4.22e-03   0.1 8.74e-01 1.14e-01f  1
1117  7.2951662e+00 1.16e-05 7.41e+01  -5.7 5.90e-03  -0.4 1.00e+00 4.48e-01f  1
1118  7.2949240e+00 1.05e-04 6.44e+01  -5.7 2.44e-02  -0.9 1.00e+00 5.51e-01f  1
1119  7.2947040e+00 2.92e-04 7.58e+01  -5.7 4.13e-02  -1.4 1.00e+00 3.90e-01f  1
iter    objective    inf_pr   inf_du lg(mu)  ||d||  lg(rg) alpha_du alpha_pr  ls
1120  7.2940499e+00 5.60e-03 4.10e+01  -5.7 1.04e-01  -1.8 5.39e-01 6.62e-01f  1
1121  7.2935773e+00 8.30e-03 2.73e+01  -5.7 2.52e-01  -2.3 3.91e-01 2.78e-01f  1
1122  7.2928679e+00 2.10e-02 2.24e+01  -5.7 4.47e-01  -2.8 6.39e-02 3.21e-01f  1
1123  7.2933415e+00 1.26e-02 2.03e+01  -5.7 1.70e-01  -3.3 7.30e-02 8.55e-01h  1
1124  7.2932387e+00 1.93e-02 2.80e+04  -5.7 8.75e-02  -1.0 7.22e-04 1.00e+00f  1
1125  7.2930009e+00 1.55e-02 9.92e+03  -5.7 6.18e-02  -1.5 1.00e+00 6.46e-01h  1
1126  7.2924182e+00 7.63e-03 6.40e+00  -5.7 1.39e-01  -2.0 1.00e+00 1.00e+00f  1
1127  7.2918196e+00 1.78e-02 2.27e+01  -5.7 6.46e-01  -2.5 4.21e-02 1.67e-01h  1
1128  7.2917813e+00 1.78e-02 3.96e+03  -5.7 1.84e+01  -2.9 1.36e-02 4.62e-04h  1
1129  7.2912422e+00 2.42e-02 3.77e+03  -5.7 7.71e-01  -2.5 2.60e-01 1.55e-01f  1
iter    objective    inf_pr   inf_du lg(mu)  ||d||  lg(rg) alpha_du alpha_pr  ls
1130  7.2911422e+00 1.09e-02 1.60e+03  -5.7 1.86e-01  -3.0 4.89e-01 5.98e-01h  1
1131  7.2905613e+00 5.70e-03 2.15e+05  -5.7 7.24e-02  -1.7 2.22e-02 1.00e+00f  1
1132  7.2903189e+00 1.48e-03 2.08e+04  -5.7 2.92e-02  -1.2 1.00e+00 9.03e-01h  1
1133  7.2898125e+00 6.34e-03 4.23e+00  -5.7 7.77e-02  -1.7 8.72e-01 1.00e+00h  1
1134  7.2896746e+00 6.12e-03 7.25e+01  -5.7 2.23e-01  -2.2 2.34e-01 9.83e-02h  1
1135  7.2890340e+00 1.81e-02 7.10e+01  -5.7 7.85e-01  -2.7 6.16e-02 1.58e-01h  1
1136  7.2888889e+00 1.85e-02 7.05e+01  -5.7 7.67e+00  -3.2 1.73e-02 5.13e-03h  1
1137  7.2885789e+00 1.22e-02 5.47e+01  -5.7 1.45e-01  -2.7 2.50e-01 4.21e-01f  1
1138  7.2885552e+00 1.17e-02 4.81e+01  -5.7 2.21e-01  -1.4 7.96e-02 4.17e-02h  1
1139  7.2883779e+00 2.23e-04 3.24e-01  -5.7 1.30e-02  -1.0 1.00e+00 1.00e+00f  1
iter    objective    inf_pr   inf_du lg(mu)  ||d||  lg(rg) alpha_du alpha_pr  ls
1140  7.2880236e+00 3.43e-03 3.41e+00  -5.7 1.14e+00    -  7.48e-02 5.50e-02h  1
1141  7.2876451e+00 7.67e-03 8.24e+00  -5.7 5.38e-01    -  2.30e-01 1.57e-01h  1
1142  7.2876595e+00 7.20e-03 9.28e+00  -5.7 8.36e-02  -1.5 1.22e-01 6.19e-02f  5
1143  7.2870804e+00 1.07e-02 6.79e+00  -5.7 1.31e-01  -1.9 5.37e-01 6.67e-01h  1
1144  7.2865401e+00 1.35e-02 7.40e+00  -5.7 2.04e-01  -2.4 2.42e-01 6.23e-01f  1
1145  7.2863522e+00 1.05e-02 5.59e+00  -5.7 1.53e-01  -2.0 2.72e-01 2.63e-01f  1
1146  7.2861238e+00 9.97e-03 3.21e+01  -5.7 2.61e-01  -2.5 2.87e-01 1.65e-01f  1
1147  7.2857046e+00 1.44e-02 2.22e+01  -5.7 5.99e-01  -2.9 2.38e-01 1.70e-01h  1
1148  7.2855658e+00 1.45e-02 1.73e+01  -5.7 9.27e-01  -2.5 1.47e-01 2.86e-02h  1
1149  7.2851887e+00 6.96e-03 1.20e+01  -5.7 1.31e-01  -3.0 5.00e-01 7.42e-01f  1
iter    objective    inf_pr   inf_du lg(mu)  ||d||  lg(rg) alpha_du alpha_pr  ls
1150  7.2851314e+00 7.40e-03 2.00e+01  -5.7 1.27e+01  -3.5 3.20e-02 4.91e-03h  1
1151  7.2850627e+00 7.16e-03 1.91e+01  -5.7 3.17e-01  -3.0 4.51e-02 4.63e-02h  1
1152  7.2847564e+00 8.02e-03 1.63e+01  -5.7 3.93e-01  -3.5 1.56e-01 1.87e-01f  1
1153  7.2844914e+00 1.06e-03 6.00e+00  -5.7 3.40e-02  -1.3 8.25e-01 1.00e+00h  1
1154  7.2844445e+00 1.02e-03 3.83e+01  -5.7 7.41e-02  -1.8 9.85e-01 8.01e-02h  1
1155  7.2838573e+00 1.27e-02 3.65e+01  -5.7 4.35e-01  -2.2 7.91e-02 2.53e-01f  1
1156  7.2835559e+00 1.18e-02 2.89e+01  -5.7 2.74e-01  -2.7 1.76e-01 2.95e-01h  1
1157  7.2833206e+00 1.11e-02 8.52e+00  -5.7 2.46e-01  -2.3 6.21e-01 1.84e-01f  1
1158  7.2829478e+00 1.54e-02 7.01e+00  -5.7 6.36e-01  -2.8 1.76e-01 1.71e-01h  1
1159  7.2828652e+00 1.16e-02 1.83e+01  -5.7 1.19e-01  -3.2 1.00e+00 2.52e-01h  1
iter    objective    inf_pr   inf_du lg(mu)  ||d||  lg(rg) alpha_du alpha_pr  ls
1160  7.2828181e+00 1.09e-02 1.69e+01  -5.7 2.37e+00  -3.7 7.94e-02 6.39e-02h  1
1161  7.2826782e+00 8.83e-03 1.37e+01  -5.7 2.39e-01  -4.2 3.93e-01 2.19e-01h  1
1162  7.2823581e+00 7.11e-03 9.03e+00  -5.7 1.72e-01    -  1.00e+00 6.39e-01h  1
1163  7.2819607e+00 5.20e-03 2.66e+00  -5.7 1.69e-01    -  3.43e-01 1.00e+00h  1
1164  7.2817881e+00 2.71e-03 9.07e+00  -5.7 6.56e-02  -1.1 2.07e-01 5.08e-01h  1
1165  7.2817724e+00 1.71e-03 3.97e+00  -5.7 6.18e-03  -0.6 7.24e-01 3.71e-01f  1
1166  7.2817590e+00 1.69e-03 2.12e+01  -5.7 3.93e-01    -  3.81e-01 1.11e-02h  1
1167  7.2814825e+00 3.39e-03 1.25e+01  -5.7 1.66e-01    -  1.00e+00 4.23e-01f  1
1168  7.2813702e+00 3.62e-03 1.72e+01  -5.7 6.41e-01    -  4.62e-01 4.48e-02h  1
1169  7.2813095e+00 1.65e-04 1.24e+01  -5.7 2.85e-02    -  7.40e-02 1.00e+00h  1
iter    objective    inf_pr   inf_du lg(mu)  ||d||  lg(rg) alpha_du alpha_pr  ls
1170  7.2809972e+00 4.58e-03 4.09e-01  -5.7 1.08e-01    -  1.00e+00 1.00e+00h  1
1171  7.2807724e+00 6.76e-03 6.68e-01  -5.7 1.61e+00    -  4.93e-02 4.22e-02h  1
1172  7.2804260e+00 1.33e-02 5.50e+00  -5.7 1.55e+01    -  1.27e-02 7.49e-03h  1
1173  7.2804110e+00 8.81e-03 6.79e+00  -5.7 1.34e-01    -  2.71e-02 3.39e-01h  1
1174  7.2806228e+00 2.88e-03 1.45e+01  -5.7 7.85e-02    -  1.78e-01 1.00e+00h  1
1175  7.2806070e+00 1.18e-03 1.09e+01  -5.7 1.26e-03   0.7 2.82e-01 5.90e-01h  1
1176  7.2806050e+00 4.11e-07 3.14e-01  -5.7 3.84e-04   1.1 1.00e+00 1.00e+00f  1
1177  7.2804691e+00 1.98e-04 2.62e+01  -5.7 2.20e-01    -  4.13e-01 7.46e-02h  1
1178  7.2802421e+00 1.07e-03 2.07e+01  -5.7 2.28e-01    -  2.07e-01 1.79e-01f  1
1179  7.2800844e+00 1.56e-03 3.10e+01  -5.7 2.63e-01    -  1.00e+00 1.41e-01h  1
iter    objective    inf_pr   inf_du lg(mu)  ||d||  lg(rg) alpha_du alpha_pr  ls
1180  7.2798148e+00 3.66e-03 3.13e+01  -5.7 2.87e-01    -  1.00e+00 2.69e-01f  1
1181  7.2796133e+00 1.69e-03 3.33e+01  -5.7 5.82e-02    -  2.81e-01 1.00e+00h  1
1182  7.2795984e+00 7.68e-07 2.44e+01  -5.7 9.92e-04   0.6 5.86e-01 1.00e+00h  1
1183  7.2795946e+00 3.72e-07 6.97e-03  -5.7 6.20e-04   0.2 1.00e+00 1.00e+00h  1
1184  7.2795864e+00 1.76e-06 2.59e-03  -5.7 1.23e-03  -0.3 1.00e+00 1.00e+00h  1
1185  7.2795715e+00 9.43e-06 1.14e-02  -5.7 3.78e-03  -0.8 1.00e+00 1.00e+00h  1
1186  7.2794146e+00 9.25e-04 6.03e+00  -5.7 2.19e+00    -  7.62e-02 3.12e-02h  1
1187  7.2791076e+00 5.07e-03 7.90e+00  -5.7 4.40e+00    -  3.36e-02 2.29e-02h  1
1188  7.2787057e+00 1.59e-02 6.55e+00  -5.7 6.27e+00    -  3.13e-03 2.57e-02h  1
1189  7.2786835e+00 1.36e-02 6.00e+00  -5.7 1.29e-01    -  7.06e-02 1.46e-01h  1
iter    objective    inf_pr   inf_du lg(mu)  ||d||  lg(rg) alpha_du alpha_pr  ls
1190  7.2786752e+00 1.28e-02 5.06e+00  -5.7 1.41e-01  -1.3 1.75e-01 6.13e-02f  1
1191  7.2785777e+00 1.30e-02 1.53e+01  -5.7 9.46e-01    -  2.97e-01 4.63e-02h  1
1192  7.2782227e+00 6.35e-03 7.29e+00  -5.7 1.26e-01    -  4.92e-02 7.83e-01h  1
1193  7.2780972e+00 1.84e-03 7.55e+00  -5.7 3.52e-02  -1.7 5.50e-01 7.65e-01f  1
1194  7.2778489e+00 6.07e-03 6.87e+00  -5.7 1.42e+00    -  9.72e-02 7.33e-02f  1
1195  7.2775743e+00 1.73e-02 6.50e+00  -5.7 1.50e+00    -  1.01e-01 1.18e-01f  1
1196  7.2775489e+00 6.00e-03 3.58e+00  -5.7 1.24e-01    -  4.50e-01 7.11e-01f  1
1197  7.2774915e+00 3.41e-03 3.16e+00  -5.7 1.16e-01  -1.3 3.95e-01 4.33e-01f  1
1198  7.2773997e+00 3.60e-03 1.22e+01  -5.7 5.01e-01    -  2.65e-01 6.74e-02f  1
1199  7.2771357e+00 8.20e-03 1.67e+01  -5.7 4.55e-01    -  4.04e-01 2.73e-01f  1
iter    objective    inf_pr   inf_du lg(mu)  ||d||  lg(rg) alpha_du alpha_pr  ls
1200  7.2769669e+00 3.22e-03 1.15e+00  -5.7 9.89e-02    -  9.33e-01 9.43e-01h  1
1201  7.2769202e+00 2.75e-03 3.84e+00  -5.7 1.17e-01    -  1.44e-01 4.18e-01f  1
1202  7.2768850e+00 8.06e-04 8.94e-01  -5.7 2.18e-02  -1.8 8.97e-01 7.43e-01f  1
1203  7.2768819e+00 8.09e-04 3.55e+00  -5.7 2.77e+00    -  1.94e-02 1.08e-03h  2
1204  7.2768807e+00 8.09e-04 3.08e+00  -5.7 6.85e-01  -2.3 4.68e-04 6.08e-03h  2
1205  7.2768090e+00 5.53e-03 6.43e+00  -5.7 3.33e-01    -  5.60e-01 3.57e-01h  1
1206  7.2768158e+00 2.12e-03 2.83e+00  -5.7 6.40e-02    -  5.31e-01 7.73e-01f  1
1207  7.2768081e+00 1.72e-04 6.74e-01  -5.7 3.79e-03  -0.9 7.49e-01 9.21e-01h  1
1208  7.2767209e+00 7.52e-03 7.15e+00  -5.7 3.80e-01    -  7.03e-01 3.86e-01f  1
1209  7.2767065e+00 3.84e-03 1.10e+00  -5.7 4.74e-02    -  8.74e-01 4.97e-01f  1
iter    objective    inf_pr   inf_du lg(mu)  ||d||  lg(rg) alpha_du alpha_pr  ls
1210  7.2766913e+00 1.05e-03 1.69e-01  -5.7 5.22e-02    -  1.00e+00 1.00e+00f  1
1211  7.2766906e+00 2.67e-05 3.82e-03  -5.7 8.23e-03    -  1.00e+00 1.00e+00h  1
1212  7.2766906e+00 6.12e-09 1.69e-06  -5.7 1.80e-04    -  1.00e+00 1.00e+00h  1
1213  7.2761655e+00 5.36e-04 6.48e+00  -7.0 1.99e-01    -  7.15e-01 6.78e-01f  1
1214  7.2760634e+00 3.71e-04 4.89e+01  -7.0 4.26e-01    -  7.62e-01 4.22e-01h  1
1215  7.2759537e+00 1.42e-04 8.71e+00  -7.0 1.05e-01    -  1.00e+00 8.07e-01h  1
1216  7.2759426e+00 7.27e-05 2.55e+02  -7.0 2.21e-02  -1.4 3.07e-02 4.88e-01h  1
1217  7.2759289e+00 1.72e-06 1.47e+01  -7.0 1.14e-02    -  5.82e-01 1.00e+00f  1
1218  7.2759268e+00 7.40e-06 2.04e-01  -7.0 7.76e-02    -  1.00e+00 9.92e-01h  1
1219  7.2759275e+00 5.96e-07 1.40e-03  -7.0 2.95e-02    -  1.00e+00 1.00e+00f  1
iter    objective    inf_pr   inf_du lg(mu)  ||d||  lg(rg) alpha_du alpha_pr  ls
1220  7.2759262e+00 7.53e-08 2.74e-01  -7.0 3.71e-02    -  1.00e+00 8.62e-01H  1
1221  7.2759268e+00 4.24e-08 8.32e+01  -7.0 1.62e-02    -  1.41e-01 1.00e+00f  1
1222  7.2759266e+00 4.42e-08 3.01e-03  -7.0 4.72e-03    -  1.00e+00 1.00e+00h  1
1223  7.2759262e+00 5.52e-09 3.24e-01  -7.0 1.37e-02    -  1.00e+00 8.48e-01H  1
1224  7.2759263e+00 1.01e-08 5.50e-05  -7.0 3.20e-03    -  1.00e+00 1.00e+00f  1
1225  7.2759263e+00 2.43e-11 2.22e-06  -7.0 2.80e-04    -  1.00e+00 1.00e+00h  1
1226  7.2759263e+00 1.40e-14 3.19e-09  -7.0 6.98e-06    -  1.00e+00 1.00e+00h  1

Number of Iterations....: 1226

                                   (scaled)                 (unscaled)
Objective...............:   7.2759262916041036e+00    7.2759262916041036e+00
Dual infeasibility......:   3.1850106714352566e-09    3.1850106714352566e-09
Constraint violation....:   1.3983605939849042e-14    1.3983605939849042e-14
Variable bound violation:   5.3631121462818612e-09    5.3631121462818612e-09
Complementarity.........:   9.0910091209220100e-08    9.0910091209220100e-08
Overall NLP error.......:   9.0910091209220100e-08    9.0910091209220100e-08


Number of objective function evaluations             = 1542
Number of objective gradient evaluations             = 1045
Number of equality constraint evaluations            = 1542
Number of inequality constraint evaluations          = 1542
Number of equality constraint Jacobian evaluations   = 1239
Number of inequality constraint Jacobian evaluations = 1239
Number of Lagrangian Hessian evaluations             = 1226
Total seconds in IPOPT                               = 78.220

EXIT: Optimal Solution Found.
