#x_m,y_m,w_tr
-0.873446,0.702772,1.540145
-0.947811,0.754026,1.510511
-1.024261,0.800249,1.540145
-1.098627,0.851504,1.566795
-1.172993,0.902758,1.483861
-1.247359,0.954012,1.510511
-1.318511,1.013024,1.540145
-1.389492,1.072450,1.483861
-1.460473,1.131875,1.566795
-1.529199,1.196746,1.540145
-1.598947,1.259149,1.510511
-1.669928,1.318575,1.483861
-1.740909,1.378000,1.540145
-1.813083,1.434545,1.540145
-1.887449,1.485800,1.540145
-1.961815,1.537054,1.540145
-2.036180,1.588308,1.510511
-2.108395,1.644756,1.483861
-2.182761,1.696010,1.566795
-2.257127,1.747264,1.540145
-2.330299,1.801399,1.510511
-2.403771,1.854812,1.540145
-2.478137,1.906066,1.566795
-2.552503,1.957320,1.540145
-2.626868,2.008575,1.510511
-2.697850,2.068000,1.540145
-2.768831,2.127425,1.483861
-2.839812,2.186851,1.566795
-2.908303,2.252289,1.540145
-2.978285,2.314125,1.510511
-3.049266,2.373551,1.483861
-3.122462,2.427629,1.540145
-3.196828,2.478883,1.540145
-3.271194,2.530138,1.540145
-3.345559,2.581392,1.510511
-3.419925,2.632646,1.510511
-3.491905,2.689661,1.483861
-3.562886,2.749087,1.566795
-3.634549,2.806865,1.540145
-3.705531,2.866291,1.510511
-3.776512,2.925716,1.540145
-3.849432,2.980460,1.566795
-3.923798,3.031715,1.540145
-3.998163,3.082969,1.510511
-4.073510,3.131855,1.540145
-4.148364,3.181932,1.483861
-4.222729,3.233186,1.566795
-4.297095,3.284440,1.540145
-4.369522,3.340376,1.510511
-4.443740,3.391988,1.540145
-4.518105,3.443242,1.540145
-4.591490,3.496865,1.540145
-4.662471,3.556290,1.483861
-4.733452,3.615716,1.510511
-4.804434,3.675141,1.540145
-4.875415,3.734567,1.540145
-4.946544,3.793635,1.566795
-5.017525,3.853060,1.540145
-5.088506,3.912486,1.510511
-5.162448,3.964763,1.540145
-5.236814,4.016017,1.566795
-5.311180,4.067272,1.540145
-5.385545,4.118526,1.510511
-5.457743,4.175015,1.540145
-5.532109,4.226270,1.566795
-5.606474,4.277524,1.483861
-5.677879,4.335926,1.540145
-5.748860,4.395352,1.510511
-5.819842,4.454777,1.540145
-5.890823,4.514202,1.540145
-5.960588,4.576564,1.540145
-6.029296,4.641477,1.540145
-6.100277,4.700902,1.510511
-6.172199,4.758057,1.540145
-6.246565,4.809311,1.483861
-6.320930,4.860566,1.566795
-6.395296,4.911820,1.540145
-6.469662,4.963074,1.510511
-6.546112,5.009297,1.540145
-6.620478,5.060552,1.566795
-6.693903,5.114076,1.540145
-6.764884,5.173502,1.510511
-6.835865,5.232927,1.540145
-6.906846,5.292353,1.566795
-6.977827,5.351778,1.566795
-7.045613,5.418919,1.540145
-7.116301,5.479052,1.510511
-7.190666,5.530307,1.483861
-7.265032,5.581561,1.540145
-7.339398,5.632815,1.540145
-7.413764,5.684070,1.540145
-7.488129,5.735324,1.510511
-7.563671,5.783740,1.540145
-7.638330,5.834287,1.457211
-7.709311,5.893712,1.483861
-7.780292,5.953138,1.540145
-7.851273,6.012563,1.510511
-7.925639,6.063817,1.540145
-8.000005,6.115072,1.566795
-8.073195,6.169164,1.540145
-8.144176,6.228590,1.510511
-8.211086,6.289702,1.540145
-8.268339,6.354813,1.540145
-8.322978,6.421008,1.540145
-8.369089,6.497504,1.566795
-8.405543,6.578000,1.483861
-8.440455,6.659135,1.510511
-8.469151,6.742845,1.483435
-8.492263,6.828868,1.456359
-8.515374,6.914891,1.429283
-8.531443,7.003831,1.539719
-8.539012,7.092989,1.512643
-8.539012,7.179012,1.512643
-8.530898,7.268396,1.512643
-8.519342,7.359205,1.512643
-8.501242,7.447304,1.402206
-8.478131,7.533327,1.429282
-8.455019,7.619350,1.483435
-8.428279,7.703870,1.400927
-8.405167,7.789893,1.483861
-8.374853,7.872932,1.510511
-8.332686,7.946668,1.540145
-8.286218,8.016248,1.540145
-8.239995,8.085928,1.540145
-8.187397,8.152968,1.540145
-8.132758,8.219163,1.540145
-8.072402,8.282989,1.540145
-8.009592,8.345799,1.540145
-7.948979,8.413913,1.540145
-7.889553,8.484894,1.593445
-7.822530,8.547313,1.566795
-7.751549,8.606738,1.540145
-7.680568,8.666164,1.540145
-7.607837,8.721365,1.540145
-7.533472,8.772619,1.566795
-7.457527,8.820063,1.483861
-7.377583,8.857850,1.510511
-7.299156,8.899299,1.483435
-7.221406,8.942382,1.510511
-7.142419,8.982482,1.483435
-7.061183,9.017149,1.510511
-6.980048,9.052061,1.483435
-6.898812,9.086728,1.593445
-6.819871,9.126936,1.593445
-6.740612,9.166378,1.510511
-6.659477,9.201290,1.593445
-6.578240,9.235957,1.510511
-6.498956,9.275338,1.593445
-6.420040,9.315606,1.510511
-6.340585,9.354574,1.593445
-6.261840,9.395256,1.510511
-6.182214,9.433810,1.593445
-6.103640,9.474905,1.593445
-6.022404,9.509572,1.510511
-5.941269,9.544484,1.593445
-5.860032,9.579151,1.510511
-5.778897,9.614063,1.593445
-5.697661,9.648731,1.510511
-5.616526,9.683643,1.593445
-5.535290,9.718310,1.510511
-5.454053,9.752977,1.510511
-5.372918,9.787889,1.593445
-5.291682,9.822556,1.510511
-5.210547,9.857468,1.593445
-5.129311,9.892135,1.510511
-5.048176,9.927048,1.593445
-4.966939,9.961715,1.510511
-4.887344,10.000345,1.593445
-4.808739,10.041364,1.593445
-4.728973,10.079581,1.510511
-4.650539,10.121013,1.593445
-4.569303,10.155681,1.510511
-4.488168,10.190593,1.593445
-4.406931,10.225260,1.510511
-4.325796,10.260172,1.593445
-4.244560,10.294839,1.510511
-4.163425,10.329751,1.593445
-4.082189,10.364418,1.510511
-4.000952,10.399085,1.510511
-3.919817,10.433997,1.593445
-3.838581,10.468665,1.510511
-3.757446,10.503577,1.593445
-3.676210,10.538244,1.510511
-3.595075,10.573156,1.593445
-3.513838,10.607823,1.510511
-3.434104,10.646116,1.593445
-3.355638,10.687472,1.510511
-3.275732,10.725352,1.593445
-3.197438,10.767122,1.593445
-3.117361,10.804588,1.510511
-3.039238,10.846771,1.593445
-2.958002,10.881438,1.510511
-2.876867,10.916350,1.593445
-2.795630,10.951018,1.510511
-2.714495,10.985930,1.593445
-2.633259,11.020597,1.510511
-2.552124,11.055509,1.593445
-2.470888,11.090176,1.510511
-2.390741,11.127474,1.593445
-2.312687,11.169825,1.593445
-2.231451,11.204493,1.510511
-2.150316,11.239405,1.593445
-2.069080,11.274072,1.510511
-1.987945,11.308984,1.593445
-1.906708,11.343651,1.510511
-1.825573,11.378563,1.593445
-1.744337,11.413230,1.510511
-1.664120,11.450359,1.593445
-1.586137,11.492880,1.510511
-1.505749,11.529595,1.593445
-1.427937,11.572529,1.593445
-1.346700,11.607196,1.510511
-1.265566,11.642108,1.593445
-1.184329,11.676775,1.510511
-1.103194,11.711688,1.593445
-1.021958,11.746355,1.510511
-0.940823,11.781267,1.593445
-0.859586,11.815934,1.510511
-0.779129,11.852481,1.593445
-0.701378,11.895564,1.593445
-0.620749,11.931697,1.510511
-0.542999,11.974780,1.593445
-0.461763,12.009448,1.510511
-0.380628,12.044360,1.593445
-0.299391,12.079027,1.510511
-0.218256,12.113939,1.593445
-0.137028,12.148625,1.510511
-0.055893,12.183537,1.593445
0.025242,12.218450,1.510511
0.105941,12.254414,1.593445
0.183691,12.297498,1.593445
0.264561,12.333049,1.510511
0.342312,12.376132,1.593445
0.423548,12.410799,1.510511
0.504683,12.445711,1.593445
0.585842,12.480566,1.510511
0.666977,12.515478,1.593445
0.748111,12.550390,1.510511
0.829246,12.585302,1.593445
0.910381,12.620215,1.510511
0.991321,12.655597,1.593445
1.069072,12.698680,1.593445
1.150308,12.733347,1.510511
1.231443,12.768260,1.593445
1.312578,12.803172,1.510511
1.393713,12.838084,1.593445
1.474848,12.872996,1.510511
1.555983,12.907908,1.593445
1.637118,12.942820,1.510511
1.718128,12.978034,1.593445
1.795878,13.021117,1.510511
1.877013,13.056029,1.593445
1.954763,13.099112,1.593445
2.035782,13.134305,1.510511
2.116917,13.169217,1.593445
2.198052,13.204129,1.510511
2.279187,13.239041,1.593445
2.360322,13.273953,1.510511
2.441457,13.308865,1.593445
2.522592,13.343777,1.510511
2.603828,13.378444,1.593445
2.681578,13.421527,1.593445
2.762527,13.456888,1.510511
2.840278,13.499972,1.593445
2.921056,13.535746,1.510511
3.002190,13.570658,1.593445
3.083325,13.605570,1.510511
3.164475,13.640447,1.593445
3.245610,13.675359,1.510511
3.326846,13.710026,1.593445
3.407981,13.744938,1.510511
3.489218,13.779605,1.593445
3.566968,13.822689,1.593445
3.647676,13.858632,1.510511
3.725426,13.901715,1.593445
3.805963,13.938071,1.510511
3.887182,13.972780,1.593445
3.968317,14.007692,1.510511
4.049554,14.042359,1.593445
4.130688,14.077271,1.510511
4.211925,14.111938,1.593445
4.293060,14.146850,1.510511
4.374296,14.181517,1.510511
4.455431,14.216429,1.593445
4.536566,14.251341,1.510511
4.617802,14.286008,1.593445
4.698937,14.320921,1.510511
4.780174,14.355588,1.593445
4.861309,14.390500,1.510511
4.942545,14.425167,1.593445
5.020295,14.468250,1.510511
5.100864,14.504530,1.593445
5.178667,14.547486,1.593445
5.259064,14.584180,1.593445
5.337038,14.626722,1.593445
5.417264,14.663829,1.510511
5.498500,14.698496,1.593445
5.579635,14.733408,1.510511
5.660872,14.768075,1.593445
5.742007,14.802988,1.510511
5.823243,14.837655,1.593445
5.904378,14.872567,1.510511
5.985614,14.907234,1.593445
6.063659,14.949607,1.510511
6.143814,14.986883,1.593445
6.222030,15.028843,1.510511
6.302014,15.066533,1.593445
6.380401,15.108079,1.593445
6.460215,15.146182,1.510511
6.541451,15.180849,1.593445
6.622586,15.215761,1.510511
6.703822,15.250429,1.593445
6.784957,15.285341,1.510511
6.866194,15.320008,1.593445
6.947329,15.354920,1.510511
7.028565,15.389587,1.593445
7.107022,15.430965,1.510511
7.186765,15.469236,1.593445
7.265393,15.510201,1.510511
7.344965,15.548886,1.593445
7.423764,15.589437,1.593445
7.503165,15.628535,1.510511
7.584402,15.663202,1.593445
7.665537,15.698114,1.510511
7.746773,15.732782,1.593445
7.827908,15.767694,1.510511
7.909144,15.802361,1.593445
7.990279,15.837273,1.510511
8.071516,15.871940,1.593445
8.150385,15.912322,1.593445
8.229716,15.951589,1.510511
8.310952,15.986257,1.593445
8.392087,16.021169,1.510511
8.473323,16.055836,1.593445
8.554458,16.090748,1.510511
8.635695,16.125415,1.593445
8.716830,16.160327,1.593445
8.798066,16.194994,1.510511
8.879303,16.229661,1.593445
8.960437,16.264573,1.510511
9.041674,16.299241,1.593445
9.125550,16.327534,1.593445
9.208216,16.358750,1.510511
9.291921,16.387457,1.593445
9.377944,16.410568,1.593445
9.460167,16.442856,1.510511
9.544316,16.470491,1.593445
9.630339,16.493602,1.593445
9.716361,16.516714,1.510511
9.805741,16.531721,1.593445
9.894460,16.548325,1.593872
9.980483,16.571436,1.566795
10.070306,16.585371,1.510511
10.161116,16.596927,1.483435
10.251925,16.608483,1.566795
10.342735,16.620039,1.539719
10.433544,16.631594,1.512643
10.526445,16.638102,1.512643
10.619814,16.643479,1.512643
10.710623,16.655034,1.512643
10.801433,16.666590,1.512643
10.892242,16.678146,1.512643
10.979765,16.681767,1.650156
11.065788,16.681767,1.650156
11.151811,16.681767,1.650156
11.240061,16.676391,1.512643
11.330870,16.664835,1.512643
11.421680,16.653280,1.512643
11.512489,16.641724,1.512643
11.603778,16.631325,1.512643
11.694587,16.619769,1.512643
11.785397,16.608214,1.539719
11.876206,16.596658,1.456359
11.966534,16.583939,1.483435
12.052861,16.561563,1.510511
12.138574,16.537702,1.593445
12.223093,16.510961,1.483435
12.308977,16.487513,1.510511
12.390861,16.454409,1.593445
12.472097,16.419742,1.483435
12.549847,16.376658,1.510511
12.627598,16.333575,1.483861
12.704358,16.288102,1.566795
12.782109,16.245019,1.510511
12.856474,16.193765,1.540145
12.932277,16.145979,1.540145
13.006675,16.094802,1.540145
13.081040,16.043548,1.483861
13.154250,15.991814,1.540145
13.218050,15.931394,1.540145
13.281168,15.869327,1.540145
13.347362,15.814688,1.540145
13.411791,15.756444,1.540145
13.466430,15.690249,1.540145
13.521069,15.624055,1.540145
13.576864,15.558339,1.540145
13.639674,15.495529,1.540145
13.696402,15.429585,1.540145
13.747657,15.355219,1.566795
13.799240,15.280989,1.483861
13.860099,15.213470,1.510511
13.922909,15.150660,1.540145
13.985719,15.087850,1.540145
14.047380,15.024564,1.540145
14.107793,14.960761,1.540145
14.169868,14.897646,1.540145
14.224507,14.831451,1.510511
14.277845,14.762117,1.540145
14.332484,14.695923,1.566795
14.387123,14.629728,1.540145
14.434740,14.560625,1.510511
14.489379,14.494430,1.540145
14.544753,14.428540,1.540145
14.600311,14.362726,1.540145
14.654816,14.296209,1.540145
14.708903,14.228682,1.566795
14.763542,14.162488,1.483861
14.826352,14.099678,1.540145
14.884636,14.034993,1.540145
14.939275,13.968798,1.540145
14.997054,13.903904,1.540145
15.051693,13.837710,1.540145
15.105031,13.768375,1.457211
15.159670,13.702181,1.540145
15.211023,13.634625,1.540145
15.262017,13.566921,1.510511
15.316656,13.500726,1.540145
15.375408,13.436235,1.540145
15.438218,13.373425,1.483861
15.499496,13.306916,1.566795
15.552090,13.233105,1.540145
15.606629,13.160100,1.540145
15.666055,13.089119,1.540145
15.725480,13.018138,1.540145
15.782286,12.946071,1.566795
15.833540,12.871706,1.540145
15.882588,12.796426,1.540145
15.932503,12.721505,1.510511
15.983757,12.647139,1.540145
16.035012,12.572774,1.540145
16.086266,12.498408,1.540145
16.140140,12.425127,1.483861
16.199566,12.354146,1.510511
16.257344,12.282483,1.540145
16.316770,12.211502,1.566795
16.376195,12.140521,1.483861
16.435620,12.069539,1.540145
16.495046,11.998558,1.540145
16.546300,11.924193,1.540145
16.597555,11.849827,1.540145
16.652662,11.777057,1.566795
16.712088,11.706076,1.483861
16.771513,11.635095,1.510511
16.827751,11.562793,1.540145
16.879005,11.488428,1.457211
16.938431,11.417446,1.483861
16.997856,11.346465,1.540145
17.057282,11.275484,1.510511
17.108536,11.201118,1.540145
17.159790,11.126753,1.540145
17.214232,11.053707,1.540145
17.273658,10.982726,1.483861
17.333083,10.911745,1.510511
17.389987,10.839719,1.540145
17.441241,10.765353,1.457211
17.500666,10.694372,1.566795
17.560092,10.623391,1.540145
17.619517,10.552410,1.510511
17.678943,10.481429,1.540145
17.732300,10.407934,1.566795
17.786077,10.334613,1.540145
17.839848,10.261290,1.510511
17.891102,10.186924,1.540145
17.942357,10.112558,1.566795
17.993611,10.038192,1.483861
18.044865,9.963827,1.510511
18.102187,9.891974,1.510511
18.153442,9.817609,1.540145
18.210350,9.745585,1.566795
18.269776,9.674604,1.540145
18.329201,9.603623,1.510511
18.388626,9.532641,1.540145
18.444962,9.460381,1.566795
18.496217,9.386015,1.483861
18.555642,9.315034,1.510511
18.614291,9.243731,1.510511
18.665545,9.169365,1.483861
18.716799,9.094999,1.566795
18.768054,9.020633,1.540145
18.822398,8.947547,1.510511
18.881823,8.876566,1.540145
18.936926,8.803794,1.566795
18.988957,8.729750,1.540145
19.048382,8.658769,1.510511
19.107808,8.587788,1.540145
19.167122,8.516761,1.483861
19.218376,8.442395,1.566795
19.269631,8.368029,1.540145
19.325208,8.295454,1.510511
19.377178,8.221385,1.540145
19.428432,8.147019,1.566795
19.479687,8.072654,1.540145
19.531052,7.998334,1.510511
19.590478,7.927353,1.540145
19.649903,7.856371,1.540145
19.709329,7.785390,1.540145
19.768038,7.714113,1.566795
19.827464,7.643131,1.540145
19.878718,7.568766,1.510511
19.929972,7.494400,1.540145
19.984611,7.428205,1.566795
20.039250,7.362011,1.540145
20.086027,7.292560,1.510511
20.140666,7.226365,1.540145
20.187857,7.157085,1.540145
20.242496,7.090891,1.540145
20.297135,7.024696,1.566795
20.343254,6.948203,1.483861
20.386337,6.870453,1.510511
20.437282,6.795959,1.457211
20.488536,6.721593,1.483861
20.547239,6.650312,1.540145
20.606664,6.579331,1.510511
20.657918,6.504966,1.566795
20.714308,6.432727,1.566795
20.773734,6.361746,1.510511
20.826790,6.288127,1.540145
20.878045,6.213761,1.566795
20.929299,6.139395,1.510511
20.976497,6.063349,1.510511
21.027751,5.988983,1.566795
21.079006,5.914618,1.483861
21.128517,5.839530,1.510511
21.177968,5.764417,1.483861
21.227893,5.689501,1.566795
21.270976,5.611750,1.510511
21.318115,5.535680,1.510511
21.369370,5.461314,1.566795
21.420624,5.386949,1.510511
21.466847,5.310499,1.510511
21.518101,5.236133,1.566795
21.570685,5.162318,1.483861
21.630111,5.091337,1.510511
21.686973,5.019294,1.566795
21.738227,4.944928,1.540145
21.789482,4.870563,1.540145
21.847511,4.799003,1.510511
21.906936,4.728022,1.483861
21.966362,4.657041,1.566795
22.019678,4.583529,1.540145
22.073496,4.510225,1.540145
22.132921,4.439244,1.540145
22.192347,4.368263,1.540145
22.251772,4.297282,1.566795
22.311198,4.226301,1.457211
22.362452,4.151935,1.540145
22.419815,4.080100,1.540145
22.482625,4.017290,1.540145
22.545436,3.954479,1.540145
22.600074,3.888285,1.540145
22.654713,3.822090,1.540145
22.712737,3.764067,1.540145
22.778931,3.709428,1.540145
22.845126,3.654789,1.540145
22.907936,3.591979,1.540145
22.970746,3.529169,1.540145
23.041727,3.469743,1.566795
23.112876,3.410723,1.540145
23.183857,3.351297,1.540145
23.254839,3.291872,1.540145
23.329204,3.240618,1.510511
23.403570,3.189363,1.540145
23.477936,3.138109,1.566795
23.552302,3.086855,1.540145
23.628751,3.040632,1.510511
23.703117,2.989377,1.566795
23.777483,2.938123,1.483861
23.849758,2.881821,1.510511
23.924124,2.830567,1.566795
23.999612,2.782023,1.566795
24.077362,2.738940,1.510511
24.152861,2.690420,1.510511
24.227391,2.639563,1.566795
24.305142,2.596480,1.510511
24.381598,2.550273,1.566795
24.459349,2.507190,1.510511
24.535976,2.461397,1.510511
24.614164,2.419370,1.510511
24.695299,2.384457,1.510511
24.776535,2.349790,1.510511
24.858552,2.317006,1.593445
24.943071,2.290265,1.510511
25.024916,2.257068,1.593445
25.110761,2.233527,1.510511
25.194844,2.205730,1.483435
25.277133,2.173604,1.593445
25.361386,2.146221,1.510511
25.442622,2.111554,1.593445
25.525356,2.080500,1.593445
25.609165,2.052045,1.510511
25.690401,2.017378,1.593445
25.773579,1.987396,1.593445
25.856944,1.957869,1.510511
25.939950,1.927473,1.593445
26.025973,1.904362,1.510511
26.108894,1.873763,1.593445
26.192344,1.844439,1.593445
26.278367,1.821328,1.510511
26.360844,1.789657,1.593445
26.444738,1.761405,1.593445
26.530761,1.738294,1.510511
26.616179,1.713722,1.593445
26.700698,1.686981,1.593445
26.786721,1.663869,1.510511
26.871695,1.638225,1.483435
26.956477,1.612118,1.593445
27.042500,1.589006,1.510511
27.127030,1.562290,1.483435
27.208871,1.529084,1.593445
27.294713,1.505534,1.510511
27.380736,1.482423,1.483435
27.465255,1.455682,1.593445
27.551278,1.432570,1.566795
27.637301,1.409459,1.510511
27.721821,1.382718,1.593872
27.807844,1.359607,1.566795
27.893866,1.336495,1.510511
27.979889,1.313384,1.483435
28.068465,1.296435,1.593872
28.159274,1.284879,1.566795
28.250084,1.273323,1.539719
28.341372,1.262925,1.510511
28.432182,1.251369,1.483435
28.522991,1.239813,1.456359
28.613801,1.228258,1.539719
28.704418,1.216238,1.512643
28.791036,1.194562,1.512643
28.877058,1.171450,1.512643
28.965599,1.154416,1.512643
29.056408,1.142861,1.593872
29.147218,1.131305,1.620948
29.238027,1.119749,1.620948
29.329029,1.108657,1.593872
29.424030,1.107222,1.539719
29.519626,1.107222,1.512643
29.615222,1.107222,1.512643
29.710818,1.107222,1.512643
29.806414,1.107222,1.512643
29.902010,1.107222,1.512643
29.997606,1.107222,1.512643
30.093202,1.107222,1.512643
30.188798,1.107222,1.512643
30.284394,1.107222,1.512643
30.379990,1.107222,1.512643
30.475586,1.107222,1.512643
30.571182,1.107222,1.512643
30.666778,1.107222,1.512643
30.762374,1.107222,1.512643
30.857970,1.107222,1.512643
30.953566,1.107222,1.512643
31.049162,1.107222,1.512643
31.143508,1.110241,1.512643
31.234317,1.121796,1.512643
31.325127,1.133352,1.512643
31.415936,1.144908,1.512643
31.506746,1.156463,1.402206
31.597555,1.168019,1.429282
31.688209,1.179951,1.483435
31.776113,1.198521,1.510511
31.866922,1.210076,1.566795
31.957132,1.223080,1.593872
32.043342,1.245740,1.483435
32.129365,1.268852,1.510511
32.214344,1.294483,1.593445
32.295736,1.328774,1.483435
32.381128,1.353409,1.510511
32.465663,1.380112,1.593445
32.547499,1.413331,1.483435
32.633335,1.436894,1.510511
32.717426,1.464669,1.593445
32.799707,1.496817,1.510511
32.883969,1.524178,1.593445
32.964231,1.561197,1.510511
33.042169,1.603828,1.593445
33.123405,1.638495,1.483435
33.203224,1.676585,1.510511
33.281605,1.718144,1.483435
33.361595,1.755821,1.510511
33.439806,1.797794,1.483435
33.520941,1.832706,1.510511
33.602177,1.867373,1.510511
33.682509,1.904223,1.510511
33.760377,1.947022,1.510511
33.840881,1.983459,1.510511
33.918631,2.026542,1.510511
33.999306,2.062565,1.510511
34.077056,2.105648,1.510511
34.158292,2.140315,1.510511
34.239427,2.175227,1.510511
34.320445,2.210423,1.510511
34.398195,2.253506,1.510511
34.479378,2.288303,1.510511
34.560513,2.323215,1.510511
34.641648,2.358127,1.483435
34.719008,2.402153,1.593445
34.796463,2.445948,1.510511
34.874214,2.489031,1.593445
34.954882,2.525069,1.510511
35.035970,2.560096,1.593445
35.113720,2.603179,1.510511
35.194833,2.638145,1.593445
35.275968,2.673057,1.510511
35.357204,2.707724,1.593445
35.438339,2.742636,1.510511
35.519575,2.777303,1.510511
35.600710,2.812215,1.593445
35.681845,2.847127,1.510511
35.763002,2.881986,1.593445
35.844137,2.916898,1.510511
35.925374,2.951565,1.593445
36.006509,2.986477,1.593445
36.087745,3.021144,1.510511
36.168880,3.056056,1.593445
36.250015,3.090968,1.510511
36.331150,3.125880,1.593445
36.412285,3.160793,1.510511
36.493512,3.195483,1.510511
36.574647,3.230395,1.593445
36.655883,3.265062,1.510511
36.733633,3.308145,1.593445
36.814435,3.343861,1.510511
36.892185,3.386944,1.593445
36.972816,3.423074,1.510511
37.050566,3.466157,1.566795
37.128317,3.509241,1.510511
37.204766,3.555464,1.510511
37.282517,3.598547,1.510511
37.358967,3.644770,1.510511
37.436717,3.687853,1.566795
37.511587,3.737889,1.510511
37.586746,3.787229,1.510511
37.664496,3.830312,1.483861
37.740324,3.878036,1.566795
37.814690,3.929291,1.540145
37.887305,3.984772,1.540145
37.950926,4.047246,1.540145
38.013736,4.110056,1.540145
38.078631,4.167835,1.540145
38.141441,4.230645,1.540145
38.204251,4.293455,1.540145
38.267061,4.356265,1.540145
38.327136,4.420207,1.540145
38.389135,4.483354,1.540145
38.451945,4.546164,1.540145
38.511456,4.616095,1.510511
38.562710,4.690460,1.483861
38.613956,4.764830,1.566795
38.657039,4.842580,1.510511
38.702857,4.919198,1.510511
38.754111,4.993563,1.566795
38.798013,5.070975,1.483861
38.841518,5.148550,1.510511
38.885834,5.225790,1.510511
38.928925,5.303537,1.510511
38.973654,5.380606,1.510511
39.016738,5.458356,1.510511
39.053709,5.538638,1.510511
39.088376,5.619874,1.510511
39.123288,5.701009,1.483435
39.157955,5.782246,1.510511
39.192867,5.863381,1.483435
39.227535,5.944617,1.593445
39.262447,6.025752,1.510511
39.297114,6.106988,1.593445
39.331781,6.188225,1.510511
39.366693,6.269360,1.483435
39.401360,6.350596,1.593445
39.428101,6.435115,1.510511
39.461612,6.516831,1.593445
39.488353,6.601350,1.510511
39.521451,6.683237,1.483435
39.556118,6.764473,1.593445
39.582859,6.848993,1.510511
39.617029,6.930435,1.593445
39.650953,7.011979,1.593445
39.677694,7.096499,1.510511
39.712031,7.177872,1.593445
39.736712,7.263244,1.510511
39.763369,7.347799,1.483435
39.796635,7.429616,1.593445
39.820244,7.515433,1.510511
39.847973,7.599543,1.483435
39.880166,7.681804,1.593445
39.903278,7.767827,1.510511
39.932079,7.851493,1.483435
39.963200,7.934198,1.593445
39.986312,8.020221,1.510511
40.016185,8.103443,1.483435
40.046234,8.186592,1.510511
40.069346,8.272615,1.483435
40.100291,8.355393,1.593445
40.129268,8.438986,1.510511
40.152380,8.525009,1.483435
40.176225,8.610728,1.456359
40.202966,8.695247,1.566795
40.226078,8.781270,1.510511
40.250996,8.866545,1.483435
40.277737,8.951065,1.593872
40.300848,9.037088,1.566795
40.323960,9.123110,1.510511
40.346336,9.209438,1.593872
40.359057,9.299765,1.593872
40.370612,9.390574,1.566795
40.381011,9.481863,1.510511
40.391410,9.573152,1.483435
40.402966,9.663961,1.456359
40.414521,9.754770,1.429282
40.426077,9.845580,1.539719
40.437633,9.936389,1.512643
40.449188,10.027199,1.512643
40.460095,10.118277,1.512643
40.461344,10.213356,1.512643
40.461344,10.308952,1.512643
40.461344,10.404548,1.512643
40.461344,10.500144,1.512643
40.461344,10.595740,1.512643
40.461344,10.691336,1.512643
40.461344,10.786932,1.512643
40.461344,10.882528,1.512643
40.456653,10.976180,1.512643
40.445098,11.066990,1.512643
40.433542,11.157799,1.512643
40.421986,11.248609,1.512643
40.410430,11.339418,1.402206
40.398875,11.430228,1.456359
40.385270,11.520189,1.483435
40.366850,11.608155,1.510511
40.355294,11.698964,1.566795
40.340618,11.788481,1.593872
40.317507,11.874504,1.483435
40.294395,11.960527,1.510511
40.267091,12.044813,1.593445
40.234473,12.126898,1.483435
40.211361,12.212921,1.510511
40.182985,12.296763,1.593445
40.151439,12.379292,1.483435
40.128327,12.465315,1.510511
40.098879,12.548713,1.593445
40.068405,12.631686,1.510511
40.039370,12.715256,1.593445
40.004703,12.796492,1.510511
39.969791,12.877627,1.593445
39.935124,12.958864,1.510511
39.895361,13.037989,1.510511
39.855474,13.117064,1.593445
39.816125,13.196361,1.483435
39.775825,13.275264,1.510511
39.736889,13.354732,1.483435
39.696176,13.433464,1.510511
39.657653,13.513103,1.483861
39.616526,13.591664,1.566795
39.578417,13.671475,1.510511
39.536877,13.749864,1.510511
39.499181,13.829846,1.510511
39.456098,13.907597,1.510511
39.410645,13.984365,1.510511
39.367562,14.062116,1.483435
39.322522,14.139056,1.510511
39.279439,14.216806,1.483861
39.234813,14.293917,1.566795
39.183559,14.368283,1.510511
39.138465,14.445201,1.510511
39.095382,14.522951,1.510511
39.049875,14.599697,1.510511
39.006792,14.677448,1.566795
38.955537,14.751813,1.510511
38.907718,14.827602,1.510511
38.864635,14.905352,1.510511
38.818412,14.981802,1.510511
38.775328,15.059552,1.483861
38.726498,15.134922,1.566795
38.675952,15.209581,1.510511
38.632869,15.287332,1.483861
38.586646,15.363782,1.566795
38.543563,15.441532,1.510511
38.497459,15.518031,1.566795
38.446204,15.592397,1.510511
38.402589,15.669927,1.510511
38.358797,15.747384,1.566795
38.307543,15.821749,1.510511
38.261320,15.898199,1.566795
38.210066,15.972565,1.510511
38.163724,16.048966,1.510511
38.120641,16.126716,1.566795
38.069919,16.201302,1.510511
38.021265,16.276745,1.510511
37.978182,16.354495,1.483435
37.931959,16.430945,1.510511
37.888876,16.508695,1.483861
37.840880,16.584411,1.566795
37.789625,16.658777,1.510511
37.746542,16.736527,1.483435
37.700859,16.813200,1.510511
37.657775,16.890951,1.483861
37.612506,16.967795,1.566795
37.561251,17.042161,1.510511
37.516802,17.119345,1.510511
37.473718,17.197096,1.510511
37.428855,17.274109,1.510511
37.385772,17.351859,1.566795
37.334518,17.426225,1.510511
37.287342,17.502280,1.510511
37.244259,17.580030,1.510511
37.198036,17.656480,1.510511
37.154953,17.734230,1.566795
37.105478,17.809333,1.566795
37.055576,17.884259,1.510511
37.012493,17.962010,1.483435
36.966270,18.038460,1.510511
36.923187,18.116210,1.483435
36.876964,18.192660,1.510511
36.833881,18.270410,1.483861
36.790798,18.348160,1.510511
36.746362,18.425351,1.510511
36.702977,18.502976,1.510511
36.658955,18.580337,1.510511
36.615157,18.657792,1.483861
36.571548,18.735324,1.566795
36.520294,18.809690,1.510511
36.474183,18.886186,1.510511
36.431100,18.963937,1.510511
36.384877,19.040386,1.510511
36.341794,19.118137,1.566795
36.291255,19.192799,1.510511
36.242417,19.268166,1.510511
36.199334,19.345916,1.483435
36.153111,19.422366,1.510511
36.110028,19.500116,1.483861
36.062215,19.575907,1.566795
36.010961,19.650273,1.510511
35.967878,19.728024,1.483435
35.922377,19.804773,1.510511
35.879294,19.882523,1.483861
35.834207,19.959443,1.566795
35.782953,20.033809,1.510511
35.738320,20.110918,1.510511
35.695237,20.188668,1.510511
35.650191,20.265605,1.510511
35.607107,20.343356,1.566795
35.555853,20.417721,1.510511
35.508494,20.493701,1.510511
35.465411,20.571451,1.510511
35.419188,20.647901,1.510511
35.376105,20.725651,1.566795
35.326814,20.800830,1.566795
35.276729,20.875680,1.510511
35.233646,20.953431,1.483435
35.187423,21.029880,1.510511
35.144339,21.107631,1.483861
35.097774,21.183939,1.566795
35.046520,21.258305,1.510511
35.003366,21.336025,1.510511
34.959113,21.413291,1.510511
34.915545,21.490841,1.483861
34.871706,21.568278,1.566795
34.820452,21.642644,1.510511
34.774571,21.719236,1.510511
34.731488,21.796986,1.510511
34.685265,21.873436,1.510511
34.642182,21.951186,1.510511
34.595959,22.027636,1.483861
34.552876,22.105386,1.510511
34.509793,22.183137,1.510511
34.463570,22.259587,1.510511
34.420487,22.337337,1.483435
34.374264,22.413787,1.510511
34.331181,22.491537,1.483861
34.284958,22.567987,1.566795
34.241874,22.645737,1.510511
34.198791,22.723488,1.510511
34.153474,22.800313,1.510511
34.110391,22.878063,1.483435
34.065487,22.955059,1.510511
34.022404,23.032810,1.483861
33.977914,23.109977,1.566795
33.926659,23.184343,1.510511
33.881430,23.261204,1.510511
33.838347,23.338955,1.510511
33.792704,23.415645,1.510511
33.749621,23.493395,1.566795
33.703564,23.569914,1.510511
33.660481,23.647664,1.510511
33.622182,23.727396,1.510511
33.581245,23.806035,1.510511
33.542533,23.885596,1.510511
33.502009,23.964407,1.510511
33.462883,24.043796,1.510511
33.428216,24.125033,1.510511
33.393304,24.206168,1.483435
33.358637,24.287404,1.510511
33.330240,24.371238,1.483435
33.307128,24.457260,1.400927
33.288558,24.545165,1.483435
33.266031,24.631430,1.456359
33.242920,24.717452,1.429283
33.226737,24.806345,1.402206
33.215181,24.897155,1.512643
33.203625,24.987964,1.512643
33.192070,25.078774,1.512643
33.181829,25.170128,1.512643
33.182888,25.264801,1.539719
33.194187,25.355716,1.566795
33.205743,25.446526,1.593872
33.220014,25.536211,1.620948
33.243942,25.621895,1.510511
33.277526,25.703580,1.593445
33.320767,25.781265,1.566795
33.372021,25.855631,1.649730
33.425254,25.925221,1.649730
33.491887,25.981261,1.649730
33.569462,26.024768,1.566795
33.647212,26.067851,1.593445
33.728000,26.103601,1.510511
33.812788,26.129695,1.483435
33.901575,26.146131,1.593872
33.992385,26.157687,1.566795
34.083194,26.169243,1.539719
34.171274,26.187388,1.512643
34.259178,26.196577,1.512643
34.345201,26.196577,1.512643
34.431224,26.196577,1.512643
34.517247,26.196577,1.512643
34.603270,26.196577,1.512643
34.689293,26.196577,1.512643
34.778045,26.189987,1.512643
34.870798,26.183122,1.512643
34.966394,26.183122,1.539719
35.061990,26.183122,1.566795
35.157586,26.183122,1.593872
35.253182,26.183122,1.566795
35.348778,26.183122,1.539719
35.442603,26.178846,1.512643
35.533412,26.167291,1.512643
35.624221,26.155735,1.512643
35.715031,26.144179,1.510511
35.805840,26.132624,1.593872
35.896589,26.120920,1.566795
35.983337,26.099560,1.539719
36.071131,26.080724,1.512643
36.161940,26.069169,1.512643
36.251629,26.054908,1.566795
36.337652,26.031796,1.593872
36.423675,26.008685,1.593872
36.509759,25.985721,1.566795
36.597663,25.967151,1.512643
36.683686,25.944040,1.539719
36.769709,25.920929,1.566795
36.856853,25.900522,1.593872
36.947662,25.888967,1.510511
37.034617,25.868105,1.566795
37.120640,25.844994,1.593872
37.205160,25.818253,1.483435
37.291182,25.795141,1.510511
37.373693,25.763551,1.593445
37.454930,25.728884,1.510511
37.532825,25.686152,1.593445
37.613130,25.649235,1.483435
37.694366,25.614568,1.510511
37.775501,25.579655,1.510511
37.853740,25.537750,1.510511
37.933701,25.500006,1.510511
38.012111,25.458514,1.566795
38.091901,25.420357,1.483861
38.170482,25.379278,1.510511
38.240551,25.326675,1.566795
38.306746,25.272036,1.566795
38.372941,25.217397,1.540145
38.437835,25.159618,1.540145
38.504029,25.104979,1.540145
38.566398,25.044675,1.540145
38.621037,24.978481,1.540145
38.680756,24.915527,1.540145
38.746951,24.860888,1.540145
38.812187,24.805852,1.540145
38.869299,24.745629,1.540145
38.923938,24.679435,1.540145
38.980363,24.613980,1.540145
39.046557,24.559341,1.540145
39.112184,24.503330,1.540145
39.167104,24.437252,1.540145
39.222702,24.371454,1.540145
39.288609,24.316120,1.540145
39.354803,24.261481,1.540145
39.413936,24.203917,1.540145
39.468575,24.137722,1.540145
39.523214,24.071528,1.540145
39.585742,24.008601,1.540145
39.645701,23.944610,1.566795
39.697244,23.870940,1.540145
39.749507,23.799011,1.540145
39.811208,23.735742,1.540145
39.871995,23.672094,1.540145
39.926634,23.605899,1.540145
39.981940,23.541314,1.540145
40.042814,23.484471,1.540145
40.107812,23.429337,1.540145
40.164826,23.368876,1.540145
40.219789,23.303465,1.540145
40.279836,23.246279,1.540145
40.345661,23.191487,1.540145
40.403018,23.131854,1.540145
40.457657,23.065659,1.540145
40.513492,22.999960,1.540145
40.579497,22.944864,1.540145
40.645368,22.889442,1.540145
40.700878,22.823608,1.540145
40.755886,22.757566,1.540145
40.818696,22.694756,1.540145
40.881506,22.631946,1.540145
40.941228,22.567857,1.540145
40.992672,22.493949,1.566795
41.043926,22.419583,1.483861
41.101705,22.347920,1.510511
41.152959,22.273554,1.483861
41.203851,22.199038,1.566795
41.246935,22.121288,1.510511
41.293106,22.044817,1.510511
41.344360,21.970451,1.566795
41.387908,21.892893,1.483861
41.431767,21.815464,1.510511
41.475729,21.738078,1.510511
41.519174,21.660478,1.510511
41.563550,21.583262,1.510511
41.598462,21.502128,1.510511
41.633374,21.420993,1.483435
41.668041,21.339756,1.510511
41.702953,21.258621,1.483435
41.737620,21.177385,1.593445
41.772532,21.096250,1.510511
41.807199,21.015014,1.593445
41.842111,20.933879,1.510511
41.877023,20.852744,1.593445
41.911716,20.771518,1.593445
41.946628,20.690383,1.510511
41.981295,20.609146,1.593445
42.008036,20.524627,1.510511
42.041901,20.443058,1.593445
42.076129,20.361640,1.593445
42.102870,20.277121,1.510511
42.137513,20.195874,1.593445
42.162498,20.110627,1.510511
42.188850,20.025947,1.483435
42.222421,19.944256,1.593445
42.249162,19.859736,1.510511
42.283829,19.778500,1.593445
42.316327,19.696365,1.593445
42.343338,19.611958,1.510511
42.378005,19.530721,1.593445
42.409431,19.448142,1.593445
42.437514,19.364179,1.510511
42.469354,19.281771,1.593445
42.497023,19.197636,1.593445
42.531690,19.116400,1.510511
42.566602,19.035265,1.593445
42.601269,18.954028,1.510511
42.639667,18.874337,1.510511
42.680919,18.795828,1.593445
42.715586,18.714592,1.483435
42.750498,18.633457,1.510511
42.788069,18.553423,1.483861
42.831152,18.475673,1.566795
42.876481,18.398853,1.510511
42.927735,18.324487,1.566795
42.973958,18.248037,1.566795
43.028529,18.175045,1.540145
43.090626,18.110514,1.540145
43.153436,18.047704,1.540145
43.216246,17.984894,1.540145
43.280770,17.926221,1.540145
43.346965,17.871582,1.540145
43.421565,17.823509,1.457211
43.499315,17.780426,1.483861
43.575765,17.734203,1.400927
43.655502,17.695916,1.510511
43.736637,17.661004,1.483435
43.817873,17.626336,1.593445
43.901438,17.597292,1.483435
43.984416,17.566827,1.593445
44.067810,17.537369,1.510511
44.153833,17.514258,1.483435
44.239856,17.491147,1.456359
44.328480,17.474316,1.566795
44.417954,17.459535,1.510511
44.503977,17.436424,1.483435
44.593045,17.420666,1.456359
44.683855,17.409110,1.429282
44.774664,17.397554,1.539719
44.865474,17.385999,1.512643
44.952657,17.365689,1.512643
45.040016,17.345803,1.512643
45.130826,17.334247,1.512643
45.221635,17.322691,1.620948
45.312444,17.311136,1.620948
45.403254,17.299580,1.593872
45.494063,17.288024,1.566795
45.588499,17.285222,1.539719
45.684095,17.285222,1.512643
45.779691,17.285222,1.512643
45.875287,17.285222,1.512643
45.970883,17.285222,1.512643
46.066479,17.285222,1.512643
46.162075,17.285222,1.512643
46.257671,17.285222,1.512643
46.353267,17.285222,1.512643
46.446947,17.280598,1.512643
46.537757,17.269042,1.512643
46.628566,17.257487,1.512643
46.719376,17.245931,1.512643
46.810185,17.234375,1.620948
46.900995,17.222819,1.650156
46.991804,17.211264,1.650156
47.084529,17.204332,1.650156
47.180125,17.204332,1.650156
47.275721,17.204332,1.648024
47.368035,17.196408,1.620948
47.458844,17.184853,1.566795
47.549654,17.173297,1.539719
47.640463,17.161741,1.512643
47.731273,17.150186,1.512643
47.822082,17.138630,1.512643
47.912891,17.127074,1.512643
48.006983,17.123442,1.539719
48.102579,17.123442,1.566795
48.198175,17.123442,1.620948
48.293771,17.123442,1.593872
48.389367,17.123442,1.566795
48.484963,17.123442,1.539719
48.580559,17.123442,1.512643
48.672429,17.132436,1.512643
48.763239,17.143992,1.512643
48.854048,17.155548,1.512643
48.944858,17.167103,1.402206
49.034267,17.182040,1.429282
49.120290,17.205151,1.456359
49.206313,17.228263,1.483435
49.296061,17.242380,1.510511
49.384411,17.259874,1.429282
49.470434,17.282985,1.456359
49.554168,17.311621,1.483435
49.635303,17.346533,1.400927
49.716540,17.381201,1.483861
49.796446,17.419080,1.457211
49.871039,17.467159,1.540145
49.937233,17.521798,1.540145
50.000855,17.580849,1.540145
50.055494,17.647044,1.540145
50.109647,17.713439,1.540145
50.153428,17.785562,1.566795
50.188341,17.866697,1.483861
50.223008,17.947933,1.510511
50.254876,18.030329,1.483435
50.277988,18.116352,1.456359
50.298714,18.203362,1.510511
50.310270,18.294172,1.483435
50.330811,18.381259,1.429282
50.350466,18.468714,1.402206
50.362021,18.559524,1.375130
50.371691,18.649552,1.512643
50.371703,18.735580,1.512643
50.371703,18.821603,1.512643
50.371703,18.907626,1.512643
50.362718,18.997371,1.375130
50.351162,19.088180,1.375130
50.332191,19.175918,1.402206
50.310966,19.262723,1.429282
50.299398,19.353527,1.483435
50.287526,19.444205,1.400927
50.265998,19.530884,1.483435
50.242887,19.616907,1.510511
50.210216,19.698970,1.566795
50.182964,19.783278,1.510511
50.150707,19.865513,1.510511
50.108793,19.943748,1.510511
50.062887,20.020328,1.510511
50.019803,20.098079,1.510511
49.973580,20.174529,1.510511
49.930497,20.252279,1.566795
49.879754,20.326856,1.510511
49.831121,20.402308,1.510511
49.788038,20.480058,1.483861
49.739607,20.555594,1.566795
49.688662,20.630087,1.510511
49.640645,20.705794,1.483435
49.589390,20.780160,1.510511
49.546307,20.857910,1.483861
49.500603,20.934575,1.566795
49.449348,21.008940,1.510511
49.405333,21.086305,1.510511
49.361941,21.163927,1.510511
49.310687,21.238293,1.483861
49.264359,21.314699,1.566795
49.213105,21.389065,1.510511
49.166364,21.465300,1.510511
49.123280,21.543051,1.566795
49.072958,21.617802,1.510511
49.023904,21.693080,1.510511
48.980821,21.770830,1.483861
48.932811,21.846540,1.566795
48.881557,21.920905,1.510511
48.833961,21.996786,1.566795
48.782706,22.071152,1.510511
48.739623,22.148902,1.483861
48.694339,22.225741,1.566795
48.643085,22.300107,1.510511
48.591831,22.374473,1.510511
48.545496,22.450876,1.566795
48.494241,22.525242,1.510511
48.447493,22.601474,1.510511
48.396239,22.675840,1.566795
48.344984,22.750206,1.510511
48.295923,22.825480,1.510511
48.252840,22.903230,1.483861
48.204837,22.978943,1.566795
48.153583,23.053309,1.510511
48.105994,23.129193,1.510511
48.054740,23.203558,1.566795
48.003485,23.277924,1.510511
47.957263,23.354374,1.510511
47.906008,23.428740,1.566795
47.854754,23.503106,1.510511
47.808412,23.579506,1.510511
47.757157,23.653872,1.566795
47.705903,23.728237,1.483861
47.657248,23.803680,1.510511
47.606940,23.878438,1.566795
47.555686,23.952803,1.566795
47.504432,24.027169,1.510511
47.448265,24.099500,1.483861
47.396884,24.173814,1.566795
47.345630,24.248179,1.540145
47.291776,24.321468,1.510511
47.238083,24.394824,1.540145
47.186828,24.469190,1.566795
47.135574,24.543555,1.483861
47.087739,24.619337,1.510511
47.036611,24.693756,1.566795
46.985357,24.768121,1.483861
46.934103,24.842487,1.510511
46.877116,24.914479,1.483861
46.825862,24.988844,1.566795
46.774608,25.063210,1.540145
46.719934,25.136160,1.510511
46.667060,25.209854,1.540145
46.615806,25.284220,1.566795
46.564552,25.358586,1.540145
46.513297,25.432952,1.510511
46.453872,25.503933,1.540145
46.394446,25.574914,1.483861
46.335021,25.645895,1.566795
46.277215,25.717547,1.540145
46.217790,25.788528,1.510511
46.158364,25.859510,1.483861
46.104825,25.932929,1.566795
46.053570,26.007294,1.540145
46.002316,26.081660,1.510511
45.951062,26.156026,1.540145
45.893311,26.227701,1.566795
45.842056,26.302066,1.566795
45.790802,26.376432,1.540145
45.733662,26.448360,1.510511
45.674236,26.519341,1.483861
45.614811,26.590322,1.566795
45.560606,26.663466,1.540145
45.507677,26.737138,1.510511
45.453058,26.810110,1.540145
45.401804,26.884476,1.540145
45.350550,26.958842,1.540145
45.299295,27.033207,1.483861
45.248041,27.107573,1.540145
45.191566,27.179777,1.510511
45.132141,27.250758,1.540145
45.067909,27.319748,1.566795
45.000312,27.387344,1.540145
44.935371,27.456041,1.540145
44.875946,27.527022,1.540145
44.818762,27.598932,1.540145
44.767508,27.673298,1.483861
44.716253,27.747663,1.566795
44.664999,27.822029,1.540145
44.613745,27.896395,1.540145
44.559835,27.969661,1.540145
44.500409,28.040642,1.540145
44.438742,28.110694,1.566795
44.371145,28.178291,1.540145
44.303549,28.245888,1.540145
44.235952,28.313484,1.540145
44.176204,28.384332,1.510511
44.124950,28.458697,1.483861
44.073695,28.533063,1.540145
44.022441,28.607429,1.540145
43.968278,28.674773,1.540145
43.913640,28.740968,1.510511
43.865608,28.809900,1.510511
43.819386,28.879580,1.540145
43.764747,28.945775,1.540145
43.706927,29.004290,1.540145
43.648903,29.062313,1.540145
43.593788,29.127358,1.540145
43.544516,29.195776,1.510511
43.498293,29.265457,1.540145
43.443732,29.331683,1.540145
43.386426,29.391439,1.540145
43.331584,29.457142,1.457211
43.282970,29.525833,1.540145
43.236503,29.595412,1.510511
43.184668,29.662768,1.540145
43.126889,29.727662,1.540145
43.072250,29.793857,1.540145
43.020278,29.866490,1.483861
42.969024,29.940856,1.540145
42.911744,30.012726,1.510511
42.852319,30.083707,1.540145
42.792893,30.154688,1.566795
42.735115,30.226352,1.540145
42.675689,30.297333,1.510511
42.616264,30.368314,1.540145
42.559886,30.440557,1.540145
42.508631,30.514923,1.540145
42.457377,30.589289,1.540145
42.406123,30.663655,1.510511
42.349508,30.735800,1.483861
42.298254,30.810166,1.540145
42.247000,30.884532,1.540145
42.200777,30.960982,1.483861
42.157694,31.038732,1.510511
42.114611,31.116482,1.566795
42.080678,31.198023,1.483861
42.056402,31.283564,1.400927
42.029661,31.368083,1.483435
42.004972,31.453453,1.456359
41.981861,31.539476,1.400927
41.960142,31.626076,1.345922
41.948081,31.716675,1.456359
41.936525,31.807485,1.402206
41.924969,31.898294,1.375130
41.920158,31.989583,1.402206
41.931714,32.080393,1.429282
41.943269,32.171202,1.456359
41.958691,32.260410,1.345922
41.981802,32.346433,1.400927
42.004914,32.432456,1.483435
42.032963,32.516434,1.510511
42.067875,32.597569,1.483861
42.104154,32.677193,1.566795
42.154089,32.743162,1.540145
42.212112,32.801185,1.540145
42.273019,32.856183,1.540145
42.346050,32.901220,1.566795
42.424545,32.942506,1.566795
42.507040,32.974134,1.510511
42.593063,32.997246,1.483435
42.676495,33.026612,1.593872
42.759434,33.057168,1.566795
42.845457,33.080280,1.510511
42.929977,33.107020,1.593872
43.016000,33.130132,1.566795
43.102023,33.153243,1.539719
43.188045,33.176355,1.512643
43.275950,33.194925,1.566795
43.362050,33.217850,1.593872
43.448073,33.240961,1.593872
43.537130,33.256746,1.566795
43.627940,33.268302,1.512643
43.718749,33.279858,1.512643
43.809559,33.291413,1.512643
43.901078,33.301256,1.566795
43.995751,33.303484,1.593872
44.086560,33.315039,1.620948
44.177370,33.326595,1.593872
44.268179,33.338151,1.566795
44.358989,33.349706,1.512643
44.449798,33.361262,1.512643
44.540608,33.372818,1.512643
44.632263,33.382332,1.539719
44.727859,33.382332,1.566795
44.821858,33.386188,1.593872
44.912667,33.397743,1.593872
45.003477,33.409299,1.566795
45.094286,33.420855,1.539719
45.185095,33.432411,1.512643
45.275905,33.443966,1.512643
45.366714,33.455522,1.539719
45.458003,33.465921,1.566795
45.548813,33.477476,1.593872
45.639622,33.489032,1.620948
45.730431,33.500588,1.593872
45.821241,33.512144,1.512643
45.912050,33.523699,1.512643
46.002860,33.535255,1.512643
46.094787,33.544112,1.539719
46.189129,33.547139,1.566795
46.279939,33.558695,1.593872
46.370748,33.570251,1.593872
46.461558,33.581806,1.566795
46.552367,33.593362,1.512643
46.643176,33.604918,1.512643
46.733986,33.616473,1.539719
46.825275,33.626872,1.566795
46.916096,33.638399,1.593872
47.006906,33.649955,1.620948
47.097715,33.661510,1.593872
47.188524,33.673066,1.512643
47.279334,33.684622,1.512643
47.370143,33.696177,1.512643
47.461432,33.706576,1.539719
47.552721,33.716975,1.566795
47.643530,33.728531,1.593872
47.734340,33.740086,1.593872
47.825149,33.751642,1.510511
47.915959,33.763198,1.512643
48.006768,33.774753,1.512643
48.097873,33.785596,1.512643
48.192546,33.787824,1.566795
48.283711,33.798522,1.593872
48.374520,33.810078,1.593872
48.465330,33.821633,1.566795
48.556139,33.833189,1.512643
48.646949,33.844745,1.512643
48.737758,33.856301,1.512643
48.828999,33.866815,1.539719
48.920288,33.877213,1.593872
49.011097,33.888769,1.620948
49.101907,33.900325,1.593872
49.192716,33.911880,1.512643
49.283526,33.923436,1.512643
49.374335,33.934992,1.512643
49.465144,33.946548,1.512643
49.559818,33.948775,1.539719
49.651326,33.958645,1.593872
49.742135,33.970201,1.593872
49.832944,33.981756,1.566795
49.923754,33.993312,1.512643
50.014563,34.004868,1.512643
50.105373,34.016424,1.512643
50.196271,34.027766,1.539719
50.287559,34.038165,1.566795
50.378369,34.049721,1.620948
50.469178,34.061276,1.593872
50.559988,34.072832,1.512643
50.650797,34.084388,1.512643
50.741607,34.095943,1.512643
50.832416,34.107499,1.512643
50.923705,34.117898,1.539719
51.014514,34.129454,1.566795
51.105324,34.141009,1.593872
51.196133,34.152565,1.510511
51.286943,34.164121,1.512643
51.377752,34.175676,1.512643
51.468561,34.187232,1.512643
51.562501,34.191232,1.539719
51.654831,34.199116,1.566795
51.745640,34.210672,1.593872
51.836450,34.222228,1.566795
51.927259,34.233784,1.512643
52.018069,34.245339,1.512643
52.108878,34.256895,1.512643
52.199688,34.268451,1.512643
52.290976,34.278849,1.539719
52.381786,34.290405,1.566795
52.472595,34.301961,1.593872
52.563405,34.313516,1.510511
52.654214,34.325072,1.512643
52.745024,34.336628,1.512643
52.835833,34.348184,1.512643
52.929429,34.353012,1.539719
53.022102,34.360068,1.566795
53.112912,34.371624,1.593872
53.203721,34.383179,1.566795
53.294531,34.394735,1.512643
53.385340,34.406291,1.512643
53.476150,34.417846,1.512643
53.565131,34.433815,1.539719
53.654077,34.449871,1.566795
53.744886,34.461427,1.593872
53.835696,34.472982,1.620948
53.926505,34.484538,1.510511
54.017314,34.496094,1.512643
54.108124,34.507650,1.512643
54.199413,34.518048,1.539719
54.290222,34.529604,1.566795
54.381031,34.541160,1.593872
54.471841,34.552715,1.593872
54.562650,34.564271,1.510511
54.653460,34.575827,1.512643
54.744269,34.587383,1.512643
54.835558,34.597781,1.539719
54.926367,34.609337,1.566795
55.017177,34.620893,1.593872
55.107986,34.632448,1.593872
55.198796,34.644004,1.510511
55.289605,34.655560,1.512643
55.380415,34.667116,1.512643
55.471703,34.677514,1.539719
55.562909,34.688113,1.566795
55.653719,34.699669,1.593872
55.744528,34.711225,1.593872
55.835338,34.722780,1.510511
55.926147,34.734336,1.512643
56.016957,34.745892,1.512643
56.108156,34.756505,1.512643
56.199445,34.766904,1.566795
56.290254,34.778460,1.593872
56.381064,34.790015,1.593872
56.471873,34.801571,1.510511
56.562683,34.813127,1.512643
56.653492,34.824683,1.512643
56.744302,34.836238,1.512643
56.835590,34.846637,1.539719
56.926400,34.858193,1.593872
57.017209,34.869748,1.593872
57.108019,34.881304,1.510511
57.198828,34.892860,1.512643
57.289638,34.904416,1.512643
57.380447,34.915971,1.512643
57.471736,34.926370,1.539719
57.562545,34.937926,1.566795
57.653355,34.949481,1.593872
57.744164,34.961037,1.510511
57.834974,34.972593,1.512643
57.925783,34.984149,1.512643
58.016593,34.995704,1.512643
58.107881,35.006103,1.539719
58.198691,35.017659,1.566795
58.289500,35.029214,1.593872
58.380310,35.040770,1.510511
58.471119,35.052326,1.512643
58.561929,35.063881,1.512643
58.652738,35.075437,1.512643
58.744027,35.085836,1.539719
58.834836,35.097392,1.566795
58.925646,35.108947,1.593872
59.016455,35.120503,1.593872
59.107265,35.132059,1.512643
59.198074,35.143614,1.512643
59.288883,35.155170,1.512643
59.380172,35.165569,1.539719
59.470982,35.177125,1.566795
59.561791,35.188680,1.593872
59.652601,35.200236,1.593872
59.743410,35.211792,1.510511
59.834219,35.223347,1.512643
59.925029,35.234903,1.512643
60.016318,35.245302,1.539719
60.107127,35.256858,1.566795
60.197937,35.268413,1.593872
60.288746,35.279969,1.593872
60.379555,35.291525,1.510511
60.470365,35.303080,1.512643
60.561174,35.314636,1.512643
60.652463,35.325035,1.539719
60.743503,35.336034,1.566795
60.834312,35.347590,1.593872
60.925122,35.359146,1.593872
61.015931,35.370701,1.510511
61.106741,35.382257,1.512643
61.197550,35.393813,1.512643
61.288839,35.404212,1.512643
61.380128,35.414610,1.566795
61.470937,35.426166,1.593872
61.561747,35.437722,1.593872
61.652556,35.449277,1.510511
61.743365,35.460833,1.512643
61.834175,35.472389,1.512643
61.925061,35.483759,1.512643
62.016350,35.494158,1.539719
62.107159,35.505713,1.593872
62.197969,35.517269,1.593872
62.288778,35.528825,1.510511
62.379588,35.540380,1.512643
62.470397,35.551936,1.512643
62.561207,35.563492,1.512643
62.652495,35.573891,1.539719
62.743305,35.585446,1.566795
62.834114,35.597002,1.593872
62.924924,35.608558,1.510511
63.015733,35.620113,1.512643
63.106543,35.631669,1.512643
63.197352,35.643225,1.512643
63.288641,35.653624,1.539719
63.379450,35.665179,1.566795
63.470260,35.676735,1.593872
63.561069,35.688291,1.510511
63.651879,35.699846,1.512643
63.742688,35.711402,1.512643
63.833498,35.722958,1.512643
63.924786,35.733356,1.539719
64.015596,35.744912,1.566795
64.106405,35.756468,1.593872
64.197215,35.768024,1.593872
64.288024,35.779579,1.512643
64.378834,35.791135,1.512643
64.469643,35.802691,1.512643
64.560932,35.813089,1.539719
64.651741,35.824645,1.566795
64.742551,35.836201,1.593872
64.833360,35.847757,1.593872
64.924170,35.859312,1.510511
65.014979,35.870868,1.512643
65.105202,35.883839,1.512643
65.193107,35.902408,1.539719
65.283916,35.913964,1.566795
65.374726,35.925520,1.593872
65.465535,35.937076,1.483435
65.556344,35.948631,1.510511
65.647154,35.960187,1.512643
65.738443,35.970586,1.512643
65.829731,35.980984,1.566795
65.920541,35.992540,1.593872
66.011350,36.004096,1.593872
66.102160,36.015652,1.510511
66.192969,36.027207,1.512643
66.283779,36.038763,1.512643
66.371683,36.057333,1.512643
66.461812,36.070530,1.539719
66.552622,36.082085,1.593872
66.643431,36.093641,1.483435
66.734241,36.105197,1.510511
66.825050,36.116753,1.512643
66.915860,36.128308,1.512643
67.007148,36.138707,1.539719
67.097958,36.150263,1.566795
67.188767,36.161818,1.593872
67.279577,36.173374,1.510511
67.370386,36.184930,1.512643
67.460373,36.198472,1.512643
67.546396,36.221584,1.512643
67.634951,36.238580,1.539719
67.725761,36.250136,1.566795
67.816570,36.261692,1.456359
67.907380,36.273248,1.483435
67.998189,36.284803,1.510511
68.089478,36.295202,1.512643
68.180730,36.305688,1.539719
68.271540,36.317244,1.566795
68.362349,36.328800,1.593872
68.453159,36.340356,1.483435
68.543968,36.351911,1.510511
68.634777,36.363467,1.512643
68.722682,36.382037,1.512643
68.813048,36.394662,1.539719
68.903858,36.406218,1.593872
68.994667,36.417773,1.483435
69.085477,36.429329,1.510511
69.176286,36.440885,1.512643
69.264941,36.457642,1.539719
69.354213,36.472909,1.566795
69.445022,36.484465,1.593872
69.535832,36.496021,1.593872
69.626641,36.507576,1.512643
69.717006,36.520205,1.512643
69.803371,36.542491,1.539719
69.891549,36.560401,1.566795
69.982358,36.571957,1.593872
70.073167,36.583513,1.483435
70.163977,36.595068,1.510511
70.254786,36.606624,1.512643
70.342690,36.625194,1.512643
70.433158,36.637575,1.566795
70.523967,36.649131,1.593872
70.614777,36.660687,1.483435
70.705586,36.672242,1.510511
70.796396,36.683798,1.512643
70.884950,36.700799,1.539719
70.974323,36.715823,1.566795
71.065132,36.727378,1.593872
71.155942,36.738934,1.593872
71.246751,36.750490,1.512643
71.337015,36.763363,1.512643
71.423279,36.785892,1.539719
71.511557,36.803558,1.566795
71.602367,36.815114,1.593872
71.693176,36.826670,1.483435
71.783986,36.838225,1.510511
71.874795,36.849781,1.512643
71.962699,36.868351,1.539719
72.053268,36.880489,1.593872
72.144077,36.892045,1.593872
72.234887,36.903600,1.510511
72.325696,36.915156,1.512643
72.414765,36.930915,1.512643
72.500788,36.954026,1.539719
72.590261,36.968806,1.566795
72.681071,36.980362,1.593872
72.771880,36.991918,1.483435
72.862690,37.003474,1.512643
72.952853,37.016590,1.539719
73.040757,37.035160,1.566795
73.131566,37.046715,1.593872
73.222376,37.058271,1.593872
73.313185,37.069827,1.510511
73.403995,37.081382,1.512643
73.491868,37.100027,1.539719
73.578537,37.121578,1.566795
73.669206,37.133473,1.593872
73.760016,37.145028,1.510511
73.850825,37.156584,1.512643
73.940408,37.171101,1.539719
74.026431,37.194212,1.566795
74.115390,37.210234,1.593872
74.206200,37.221790,1.593872
74.297009,37.233346,1.510511
74.387819,37.244902,1.512643
74.475112,37.264947,1.539719
74.562361,37.285097,1.593872
74.653171,37.296653,1.593872
74.743980,37.308209,1.510511
74.834789,37.319764,1.512643
74.923792,37.335682,1.539719
75.009815,37.358793,1.566795
75.099355,37.373415,1.593872
75.190164,37.384971,1.593872
75.280974,37.396526,1.510511
75.371686,37.408315,1.539719
75.458399,37.429761,1.566795
75.546229,37.448511,1.593872
75.637038,37.460067,1.593872
75.727848,37.471623,1.510511
75.818657,37.483178,1.512643
75.907080,37.500496,1.539719
75.993199,37.523374,1.566795
76.083319,37.536595,1.593872
76.174128,37.548151,1.593872
76.264938,37.559707,1.512643
76.355071,37.572896,1.539719
76.441203,37.595743,1.566795
76.529613,37.613092,1.593872
76.620422,37.624648,1.593872
76.711232,37.636204,1.510511
76.802041,37.647759,1.512643
76.889884,37.666478,1.539719
76.976584,37.687955,1.566795
77.067283,37.699776,1.566795
77.158093,37.711332,1.510511
77.248902,37.722887,1.512643
77.338455,37.737478,1.539719
77.424478,37.760589,1.566795
77.513467,37.776538,1.593872
77.604277,37.788094,1.566795
77.695086,37.799649,1.510511
77.785896,37.811205,1.539719
77.873158,37.831324,1.593872
77.960438,37.851401,1.593872
78.051248,37.862957,1.566795
78.142057,37.874512,1.512643
78.231645,37.889017,1.539719
78.317668,37.912129,1.566795
78.403691,37.935240,1.593872
78.493260,37.949789,1.593872
78.584070,37.961344,1.510511
78.674879,37.972900,1.512643
78.762177,37.992934,1.539719
78.849422,38.013096,1.593872
78.940231,38.024651,1.566795
79.031041,38.036207,1.510511
79.121850,38.047763,1.539719
79.210858,38.063669,1.566795
79.296881,38.086780,1.593872
79.386415,38.101413,1.593872
79.477225,38.112969,1.566795
79.568034,38.124525,1.512643
79.655367,38.144474,1.566795
79.741390,38.167585,1.593872
79.829215,38.186346,1.566795
79.920024,38.197902,1.510511
80.010834,38.209458,1.539719
80.099877,38.225279,1.566795
80.185900,38.248390,1.593872
80.275399,38.263108,1.593872
80.366208,38.274664,1.566795
80.457018,38.286220,1.512643
80.544386,38.306084,1.566795
80.630409,38.329195,1.593872
80.718198,38.348041,1.566795
80.809008,38.359597,1.510511
80.899817,38.371153,1.539719
80.988895,38.386888,1.566795
81.074918,38.410000,1.593872
81.164383,38.424803,1.566795
81.255192,38.436359,1.539719
81.346001,38.447915,1.539719
81.433405,38.467693,1.593872
81.519428,38.490805,1.593872
81.607182,38.509736,1.566795
81.697992,38.521292,1.512643
81.787720,38.535457,1.539719
81.873743,38.558569,1.566795
81.959766,38.581680,1.593872
82.049195,38.596569,1.566795
82.140004,38.608124,1.510511
82.230814,38.619680,1.539719
82.318253,38.639374,1.566795
82.405356,38.659876,1.566795
82.496166,38.671431,1.539719
82.586975,38.682987,1.539719
82.676739,38.697067,1.566795
82.762762,38.720179,1.593872
82.848785,38.743290,1.566795
82.938179,38.758264,1.539719
83.028988,38.769819,1.539719
83.117077,38.787942,1.566795
83.203100,38.811054,1.593872
83.290169,38.831641,1.566795
83.380978,38.843197,1.539719
83.471393,38.855706,1.566795
83.557807,38.877872,1.593872
83.643830,38.900984,1.566795
83.732573,38.917528,1.539719
83.823383,38.929083,1.539719
83.912122,38.945636,1.566795
83.998145,38.968747,1.593872
84.084563,38.990905,1.566795
84.174981,39.003406,1.539719
84.265791,39.014962,1.566795
84.352856,39.035557,1.593872
84.438879,39.058669,1.566795
84.526971,39.076783,1.539719
84.617781,39.088339,1.539719
84.707171,39.103321,1.566795
84.793194,39.126433,1.593872
84.879217,39.149544,1.566795
84.968984,39.163616,1.539719
85.059794,39.175171,1.539719
85.147509,39.194196,1.566795
85.233532,39.217308,1.593872
85.320974,39.236993,1.539719
85.411784,39.248549,1.566795
85.501824,39.261960,1.593872
85.587865,39.285028,1.593872
85.673888,39.308140,1.566795
85.763005,39.323782,1.539719
85.851986,39.339751,1.566795
85.938009,39.362862,1.593872
86.024032,39.385974,1.593872
86.110824,39.407229,1.566795
86.201615,39.418828,1.539719
86.288922,39.438840,1.593872
86.374945,39.461952,1.566795
86.462796,39.480650,1.539719
86.553605,39.492206,1.539719
86.643237,39.506604,1.566795
86.729260,39.529715,1.593872
86.815283,39.552827,1.566795
86.904809,39.567482,1.539719
86.995618,39.579038,1.566795
87.083576,39.597479,1.593872
87.169599,39.620591,1.593872
87.256799,39.640859,1.510511
87.347608,39.652415,1.566795
87.434506,39.673414,1.593872
87.520529,39.696526,1.566795
87.606552,39.719637,1.539719
87.695427,39.735863,1.539719
87.784650,39.751248,1.566795
87.870673,39.774359,1.593872
87.956696,39.797471,1.566795
88.046631,39.811139,1.539719
88.134795,39.829082,1.566795
88.220817,39.852193,1.593872
88.306840,39.875305,1.593872
88.394450,39.894586,1.539719
88.484939,39.906916,1.566795
88.571428,39.928902,1.593872
88.657451,39.952013,1.566795
88.746119,39.968737,1.539719
88.836929,39.980293,1.539719
88.925743,39.996666,1.566795
89.011766,40.019777,1.593872
89.098109,40.042115,1.566795
89.188453,40.054796,1.539719
89.279262,40.066352,1.593872
89.366402,40.086767,1.593872
89.452425,40.109879,1.566795
89.540443,40.128173,1.510511
89.630523,40.141490,1.566795
89.716603,40.164463,1.593872
89.802626,40.187574,1.566795
89.888649,40.210686,1.539719
89.978342,40.224937,1.566795
90.066747,40.242297,1.593872
90.152770,40.265408,1.593872
90.239522,40.286759,1.566795
90.330274,40.298453,1.566795
90.417621,40.318370,1.593872
90.503644,40.341481,1.593872
90.589666,40.364593,1.566795
90.678093,40.381900,1.539719
90.767765,40.396204,1.566795
90.853788,40.419315,1.593872
90.939811,40.442427,1.566795
91.029297,40.457177,1.539719
91.120106,40.468733,1.566795
91.208103,40.487079,1.593872
91.294126,40.510190,1.593872
91.381287,40.530554,1.566795
91.472096,40.542110,1.566795
91.559034,40.563014,1.593872
91.645057,40.586125,1.566795
91.731079,40.609237,1.539719
91.819915,40.625557,1.539719
91.909178,40.640848,1.566795
91.995201,40.663959,1.593872
92.081224,40.687071,1.566795
92.171119,40.700834,1.510511
92.259322,40.718682,1.566795
92.345345,40.741793,1.593872
92.431368,40.764905,1.566795
92.518937,40.784281,1.566795
92.606081,40.804687,1.593872
92.692104,40.827798,1.593872
92.778127,40.850910,1.566795
92.866031,40.869479,1.566795
92.952116,40.892442,1.593872
93.038139,40.915554,1.593872
93.124162,40.938665,1.566795
93.212066,40.957235,1.539719
93.298089,40.980346,1.566795
93.384111,41.003458,1.593872
93.470860,41.024819,1.566795
93.561607,41.036523,1.510511
93.648958,41.056430,1.593872
93.734981,41.079541,1.566795
93.822788,41.098345,1.510511
93.913079,41.111152,1.566795
93.999370,41.133617,1.593872
94.085393,41.156728,1.566795
94.171416,41.179840,1.539719
94.259320,41.198409,1.566795
94.345343,41.221521,1.593872
94.431366,41.244632,1.593872
94.517907,41.266492,1.566795
94.605811,41.285062,1.566795
94.691834,41.308173,1.593872
94.777857,41.331284,1.593872
94.865458,41.350586,1.566795
94.952571,41.371067,1.593872
95.038594,41.394178,1.593872
95.124617,41.417289,1.566795
95.212521,41.435859,1.566795
95.298574,41.458897,1.593872
95.384597,41.482009,1.593872
95.470620,41.505120,1.566795
95.558524,41.523690,1.566795
95.644547,41.546801,1.593872
95.730570,41.569913,1.593872
95.817349,41.591199,1.566795
95.905253,41.609768,1.566795
95.991276,41.632880,1.593872
96.077299,41.655991,1.566795
96.165137,41.674720,1.566795
96.252013,41.695773,1.593872
96.338036,41.718885,1.593872
96.424058,41.741996,1.566795
96.511963,41.760566,1.539719
96.597986,41.783678,1.566795
96.684008,41.806789,1.593872
96.770031,41.829900,1.566795
96.857935,41.848470,1.510511
96.943958,41.871582,1.566795
97.029981,41.894693,1.593872
97.116998,41.915406,1.566795
97.204695,41.934475,1.510511
97.290718,41.957587,1.593872
97.376741,41.980698,1.566795
97.464645,41.999268,1.510511
97.551283,42.020895,1.566795
97.637306,42.044007,1.593872
97.723328,42.067118,1.566795
97.811233,42.085688,1.510511
97.897256,42.108799,1.566795
97.983278,42.131911,1.593872
98.069473,42.154607,1.566795
98.157377,42.173177,1.510511
98.243400,42.196289,1.566795
98.329423,42.219400,1.593872
98.416677,42.239539,1.566795
98.504137,42.259182,1.566795
98.590160,42.282294,1.593872
98.676183,42.305405,1.566795
98.764087,42.323975,1.510511
98.850487,42.346176,1.566795
98.936510,42.369287,1.593872
99.022533,42.392398,1.566795
99.110437,42.410968,1.510511
99.196460,42.434080,1.566795
99.282483,42.457191,1.593872
99.368915,42.479314,1.566795
99.456819,42.497884,1.510511
99.542842,42.520996,1.566795
99.628865,42.544107,1.593872
99.716357,42.563673,1.510511
99.803579,42.583889,1.566795
99.889602,42.607001,1.593872
99.975625,42.630112,1.566795
100.063529,42.648682,1.510511
100.149691,42.671456,1.566795
100.235714,42.694567,1.593872
100.321737,42.717679,1.566795
100.409641,42.736249,1.510511
100.495664,42.759360,1.566795
100.581687,42.782472,1.593872
100.668357,42.804021,1.566795
100.756261,42.822591,1.510511
100.842284,42.845702,1.566795
100.928307,42.868814,1.566795
101.016036,42.887806,1.510511
101.103020,42.908596,1.566795
101.189043,42.931708,1.593872
101.275066,42.954819,1.566795
101.362970,42.973389,1.510511
101.448993,42.996500,1.566795
101.535016,43.019612,1.593872
101.621039,43.042723,1.566795
101.708943,43.061293,1.510511
101.794966,43.084404,1.566795
101.880989,43.107516,1.593872
101.967897,43.128492,1.566795
102.055703,43.147298,1.510511
102.141726,43.170409,1.593872
102.227749,43.193521,1.566795
102.315653,43.212091,1.510511
102.402400,43.233454,1.566795
102.488423,43.256566,1.593872
102.574446,43.279677,1.566795
102.662350,43.298247,1.510511
102.748373,43.321358,1.593445
102.834396,43.344470,1.593872
102.918915,43.371211,1.566795
103.004214,43.396070,1.566795
103.090237,43.419181,1.593872
103.176260,43.442293,1.593872
103.260779,43.469034,1.510511
103.346802,43.492145,1.566795
103.432825,43.515257,1.593872
103.520414,43.534587,1.510511
103.607539,43.555039,1.566795
103.693562,43.578150,1.593872
103.779585,43.601262,1.566795
103.867489,43.619832,1.510511
103.953554,43.642840,1.566795
104.039577,43.665952,1.593872
104.124412,43.691932,1.566795
104.209333,43.717703,1.510511
104.295356,43.740815,1.566795
104.381379,43.763926,1.593872
104.465898,43.790667,1.483435
104.551879,43.813881,1.510511
104.637902,43.836992,1.593445
104.725113,43.857235,1.593445
104.812615,43.876775,1.566795
104.898638,43.899886,1.593872
104.984661,43.922998,1.566795
105.069181,43.949738,1.510511
105.155204,43.972850,1.566795
105.241227,43.995961,1.593872
105.326439,44.021029,1.483435
105.410982,44.047713,1.510511
105.497005,44.070824,1.593445
105.581774,44.096964,1.593445
105.666761,44.122576,1.510511
105.752784,44.145687,1.566795
105.838807,44.168799,1.593872
105.923327,44.195539,1.483435
106.009349,44.218651,1.510511
106.095372,44.241762,1.593445
106.182650,44.261845,1.593445
106.270086,44.281545,1.566795
106.356109,44.304656,1.593872
106.442132,44.327767,1.566795
106.526651,44.354508,1.510511
106.612674,44.377620,1.593445
106.698697,44.400731,1.593872
106.783844,44.425959,1.510511
106.868453,44.452483,1.566795
106.954476,44.475594,1.593872
107.039178,44.501894,1.593445
107.124232,44.527346,1.510511
107.210255,44.550457,1.566795
107.296278,44.573568,1.593872
107.380797,44.600309,1.483435
107.466820,44.623421,1.510511
107.552843,44.646532,1.593445
107.637363,44.673273,1.483435
107.723385,44.696385,1.593445
107.809408,44.719496,1.593872
107.892163,44.750497,1.510511
107.975780,44.779419,1.566795
108.061803,44.802530,1.593872
108.147498,44.826432,1.593445
108.232017,44.853173,1.510511
108.318040,44.876285,1.593445
108.403292,44.901259,1.593445
108.487811,44.928000,1.510511
108.573834,44.951111,1.566795
108.659857,44.974223,1.593872
108.744377,45.000964,1.483435
108.829940,45.025183,1.510511
108.915963,45.048295,1.593445
109.000483,45.075036,1.483435
109.086491,45.098183,1.510511
109.172514,45.121295,1.566795
109.258537,45.144406,1.566795
109.343056,45.171147,1.510511
109.429079,45.194259,1.593445
109.515102,45.217370,1.593445
109.599622,45.244111,1.510511
109.685644,45.267222,1.566795
109.771667,45.290334,1.593872
109.856852,45.315468,1.483435
109.941423,45.342085,1.510511
110.027446,45.365197,1.593445
110.112187,45.391403,1.593445
110.197202,45.416948,1.510511
110.283225,45.440060,1.566795
110.367522,45.467338,1.593872
110.449596,45.499982,1.483435
110.535619,45.523094,1.510511
110.621642,45.546205,1.593445
110.706162,45.572946,1.483435
110.792184,45.596057,1.510511
110.878207,45.619169,1.593445
110.962727,45.645910,1.510511
111.048750,45.669021,1.566795
111.134773,45.692133,1.593872
111.220507,45.715941,1.566795
111.305026,45.742682,1.510511
111.391049,45.765794,1.593445
111.476339,45.790674,1.593445
111.560859,45.817415,1.510511
111.646882,45.840526,1.566795
111.731728,45.866479,1.593872
111.813253,45.900449,1.483435
111.898778,45.924762,1.510511
111.984801,45.947874,1.593445
112.069321,45.974615,1.483435
112.155290,45.997856,1.510511
112.241313,46.020968,1.593445
112.325832,46.047709,1.483435
112.411855,46.070820,1.510511
112.497878,46.093931,1.593872
112.583901,46.117043,1.566795
112.668420,46.143784,1.510511
112.754443,46.166895,1.593445
112.840283,46.190450,1.593445
112.924802,46.217191,1.510511
113.010825,46.240303,1.566795
113.096220,46.264929,1.593872
113.177616,46.299213,1.483435
113.262591,46.324852,1.510511
113.348614,46.347963,1.593445
113.433134,46.374704,1.483435
113.518554,46.399271,1.510511
113.604577,46.422383,1.566795
113.689096,46.449124,1.456359
113.774960,46.472619,1.483435
113.860983,46.495730,1.510511
113.944431,46.525059,1.593445
114.027355,46.555653,1.483435
114.113378,46.578764,1.593445
114.199400,46.601876,1.593445
114.283920,46.628617,1.510511
114.369943,46.651728,1.593445
114.455887,46.675029,1.593445
114.540407,46.701770,1.510511
114.626430,46.724882,1.566795
114.711930,46.749255,1.593872
114.793430,46.783285,1.483435
114.878301,46.809178,1.510511
114.964324,46.832289,1.593445
115.048844,46.859030,1.483435
115.134158,46.883851,1.510511
115.220181,46.906962,1.593445
115.304701,46.933703,1.483435
115.390460,46.957452,1.510511
115.476483,46.980563,1.566795
115.560036,47.009638,1.593872
115.642854,47.040486,1.483435
115.728877,47.063597,1.510511
115.814900,47.086708,1.593445
115.899419,47.113449,1.510511
115.985442,47.136561,1.593445
116.071465,47.159672,1.593445
116.155985,47.186413,1.510511
116.242008,47.209525,1.593445
116.327613,47.233644,1.593445
116.409218,47.267421,1.510511
116.493984,47.293567,1.566795
116.579146,47.318759,1.593445
116.660382,47.353426,1.483435
116.745592,47.378500,1.510511
116.831615,47.401611,1.593445
116.916134,47.428352,1.483435
117.001788,47.452355,1.510511
117.086061,47.479690,1.593445
117.168159,47.512277,1.483435
117.254182,47.535388,1.510511
117.340205,47.558500,1.593445
117.423419,47.588393,1.483435
117.506577,47.618422,1.510511
117.589962,47.647902,1.593445
117.672948,47.678345,1.510511
117.758971,47.701456,1.593445
117.844994,47.724568,1.593445
117.927319,47.756605,1.510511
118.011365,47.784490,1.593445
118.097246,47.807943,1.593445
118.181766,47.834684,1.510511
118.267789,47.857795,1.593445
118.349842,47.890491,1.593445
118.431078,47.925158,1.510511
118.516012,47.950900,1.566795
118.601005,47.976496,1.593445
118.682383,48.010822,1.483435
118.767761,48.035492,1.510511
118.853784,48.058603,1.593445
118.941688,48.077173,1.483435
119.027711,48.100284,1.510511
119.113734,48.123396,1.593445
119.198253,48.150137,1.483435
119.284276,48.173248,1.510511
119.370299,48.196359,1.566795
119.453345,48.226658,1.510511
119.536670,48.256282,1.593445
119.622693,48.279393,1.593445
119.705295,48.310764,1.510511
119.789064,48.339316,1.593445
119.875087,48.362427,1.593445
119.957245,48.394870,1.510511
120.041459,48.422350,1.593445
120.123788,48.454379,1.593445
120.205024,48.489046,1.510511
120.289682,48.515454,1.593445
120.374951,48.540384,1.593445
120.456221,48.574970,1.510511
120.540741,48.601711,1.593445
120.622182,48.635883,1.483435
120.707112,48.661633,1.510511
120.793135,48.684745,1.593445
120.877517,48.711818,1.483435
120.959506,48.744667,1.510511
121.044026,48.771408,1.593445
121.125844,48.804671,1.483435
121.211662,48.828277,1.510511
121.295771,48.856009,1.593445
121.377007,48.890676,1.483435
121.459885,48.921381,1.510511
121.545908,48.944492,1.593445
121.630427,48.971233,1.483435
121.716450,48.994345,1.593445
121.802473,49.017456,1.593445
121.886993,49.044197,1.510511
121.973016,49.067309,1.593445
122.059039,49.090420,1.593445
122.141200,49.122854,1.510511
122.225410,49.150343,1.593445
122.311127,49.174191,1.593445
122.392845,49.207697,1.510511
122.477499,49.234114,1.593445
122.562772,49.259035,1.593445
122.644046,49.293612,1.510511
122.729143,49.318957,1.593445
122.813973,49.344950,1.593445
122.895515,49.378880,1.510511
122.980034,49.405621,1.593445
123.061270,49.440288,1.483435
123.143256,49.473146,1.510511
123.229242,49.496347,1.566795
123.313183,49.524484,1.456359
123.395613,49.556270,1.483435
123.481636,49.579381,1.510511
123.566156,49.606122,1.456359
123.652179,49.629233,1.483435
123.738202,49.652345,1.593445
123.821255,49.682625,1.483435
123.904573,49.712267,1.510511
123.990596,49.735379,1.593445
124.076590,49.758560,1.510511
124.161109,49.785301,1.510511
124.247132,49.808413,1.593445
124.332682,49.832666,1.566795
124.417201,49.859407,1.510511
124.503224,49.882519,1.593445
124.588330,49.907844,1.593445
124.669596,49.942441,1.510511
124.754115,49.969182,1.593445
124.835392,50.003751,1.593445
124.917102,50.037276,1.510511
125.002811,50.061144,1.593445
125.087029,50.088614,1.483435
125.169182,50.121067,1.510511
125.255205,50.144178,1.593445
125.339725,50.170919,1.483435
125.425707,50.194129,1.510511
125.511730,50.217240,1.593445
125.595060,50.246854,1.593445
125.678101,50.277163,1.510511
125.761602,50.306363,1.593445
125.842838,50.341030,1.510511
125.926324,50.370267,1.593445
126.009381,50.400539,1.593445
126.090617,50.435206,1.510511
126.174547,50.463371,1.593445
126.257160,50.494715,1.483435
126.340918,50.523294,1.510511
126.426941,50.546405,1.593445
126.509110,50.578821,1.483435
126.593312,50.606328,1.510511
126.679037,50.630159,1.593445
126.760762,50.663647,1.510511
126.845281,50.690388,1.593445
126.927178,50.723463,1.593445
127.008414,50.758130,1.510511
127.093504,50.783493,1.593445
127.178341,50.809468,1.593445
127.259876,50.843415,1.510511
127.345410,50.867706,1.593445
127.429930,50.894447,1.593445
127.515293,50.919151,1.510511
127.601316,50.942262,1.593445
127.685264,50.970381,1.593445
127.767687,51.002185,1.510511
127.853710,51.025296,1.593445
127.939733,51.048407,1.593445
128.024253,51.075148,1.510511
128.110275,51.098260,1.593872
128.196298,51.121371,1.566795
128.284396,51.139475,1.566795
128.374397,51.152982,1.593872
128.460420,51.176094,1.593872
128.546442,51.199205,1.566795
128.635599,51.214751,1.510511
128.726409,51.226307,1.566795
128.817218,51.237863,1.593872
128.908027,51.249418,1.566795
128.999645,51.259022,1.512643
129.095241,51.259022,1.512643
129.189277,51.262788,1.512643
129.280087,51.274344,1.512643
129.370896,51.285899,1.510511
129.459702,51.292617,1.483435
129.545725,51.292617,1.456359
129.631748,51.292617,1.429282
129.717771,51.292617,1.402206
129.805354,51.288851,1.402206
129.895869,51.276586,1.429282
129.982384,51.254663,1.456359
130.070411,51.236390,1.483435
130.160483,51.223052,1.510511
130.246554,51.200058,1.483435
130.332010,51.175578,1.510511
130.413466,51.141442,1.593445
130.491217,51.098359,1.566795
130.561740,51.052282,1.540145
130.619641,50.993962,1.649730
130.674280,50.927768,1.540145
130.720620,50.858135,1.566795
130.753919,50.776332,1.483861
130.780660,50.691813,1.510511
130.806201,50.606796,1.483435
130.829312,50.520773,1.456359
130.851883,50.434526,1.429282
130.864796,50.344279,1.539719
130.869210,50.256428,1.512643
130.869210,50.170405,1.512643
130.866111,50.083099,1.512643
130.854555,49.992289,1.375130
130.841471,49.902113,1.375130
130.818731,49.815936,1.402206
130.795619,49.729913,1.429282
130.779650,49.640932,1.456359
130.764008,49.551815,1.345922
130.740897,49.465792,1.400927
130.714113,49.381290,1.483861
130.679201,49.300155,1.457211
130.644289,49.219020,1.510511
130.608262,49.138347,1.483435
130.562579,49.061674,1.510511
130.519495,48.983924,1.483861
130.474225,48.907079,1.566795
130.422971,48.832713,1.510511
130.378522,48.755529,1.510511
130.335438,48.677779,1.510511
130.290575,48.600765,1.510511
130.247492,48.523015,1.566795
130.196238,48.448649,1.510511
130.149062,48.372594,1.510511
130.105979,48.294844,1.566795
130.056091,48.219912,1.483861
130.004836,48.145546,1.510511
129.947191,48.073828,1.483861
129.895937,47.999462,1.566795
129.844682,47.925096,1.540145
129.789349,47.852420,1.510511
129.737135,47.778452,1.540145
129.685881,47.704086,1.566795
129.634626,47.629721,1.510511
129.583372,47.555355,1.510511
129.523947,47.484374,1.566795
129.465621,47.412937,1.540145
129.414367,47.338571,1.540145
129.355902,47.267192,1.510511
129.296476,47.196211,1.483861
129.237051,47.125230,1.457211
129.184171,47.051537,1.540145
129.132916,46.977172,1.540145
129.080562,46.903262,1.510511
129.025369,46.830527,1.540145
128.974115,46.756162,1.566795
128.922860,46.681796,1.483861
128.871606,46.607430,1.510511
128.813806,46.535775,1.540145
128.754381,46.464794,1.540145
128.702734,46.390591,1.540145
128.647247,46.317979,1.566795
128.584771,46.254362,1.540145
128.521961,46.191552,1.510511
128.466102,46.125863,1.540145
128.411463,46.059668,1.510511
128.363363,45.990766,1.540145
128.309116,45.924408,1.566795
128.254477,45.858214,1.540145
128.202889,45.784654,1.510511
128.151635,45.710288,1.540145
128.093856,45.638625,1.510511
128.042602,45.564259,1.540145
127.984804,45.492615,1.566795
127.921994,45.429805,1.540145
127.859184,45.366995,1.540145
127.804545,45.300801,1.540145
127.749906,45.234606,1.510511
127.694840,45.168588,1.483861
127.638974,45.102902,1.566795
127.584341,45.036694,1.540145
127.533086,44.962328,1.540145
127.481832,44.887962,1.540145
127.422407,44.816981,1.540145
127.362981,44.746000,1.566795
127.303556,44.675019,1.566795
127.245357,44.603529,1.540145
127.185932,44.532548,1.540145
127.126506,44.461567,1.510511
127.073359,44.387985,1.540145
127.022105,44.313619,1.566795
126.970851,44.239254,1.540145
126.919596,44.164888,1.510511
126.860171,44.093907,1.540145
126.800745,44.022925,1.510511
126.741320,43.951944,1.540145
126.675616,43.883564,1.540145
126.608019,43.815967,1.540145
126.544550,43.746661,1.540145
126.485125,43.675680,1.510511
126.425699,43.604699,1.540145
126.366274,43.533718,1.540145
126.306848,43.462736,1.457211
126.255594,43.388371,1.540145
126.204340,43.314005,1.540145
126.148958,43.241349,1.540145
126.089533,43.170368,1.540145
126.035468,43.097166,1.540145
125.984214,43.022800,1.566795
125.932959,42.948434,1.483861
125.873534,42.877453,1.510511
125.814108,42.806472,1.540145
125.754683,42.735491,1.510511
125.695257,42.664510,1.540145
125.630471,42.595749,1.566795
125.567983,42.526037,1.540145
125.508558,42.455055,1.540145
125.449132,42.384074,1.540145
125.389707,42.313093,1.540145
125.330281,42.242112,1.483861
125.270856,42.171131,1.457211
125.211431,42.100150,1.540145
125.153652,42.028486,1.540145
125.094226,41.957505,1.510511
125.034801,41.886524,1.540145
124.975376,41.815543,1.566795
124.918494,41.743508,1.540145
124.867240,41.669142,1.540145
124.815985,41.594776,1.540145
124.758207,41.523113,1.510511
124.706952,41.448747,1.483861
124.655698,41.374382,1.540145
124.601059,41.308187,1.540145
124.543876,41.243046,1.540145
124.481066,41.180236,1.510511
124.425418,41.114459,1.540145
124.370548,41.048361,1.510511
124.314486,40.982755,1.540145
124.259847,40.916561,1.566795
124.208593,40.842195,1.540145
124.157338,40.767829,1.510511
124.106084,40.693463,1.540145
124.047668,40.622064,1.510511
123.988243,40.551083,1.540145
123.922069,40.482897,1.566795
123.854473,40.415300,1.540145
123.791473,40.345800,1.540145
123.732047,40.274819,1.510511
123.676805,40.202105,1.540145
123.625551,40.127739,1.566795
123.574297,40.053373,1.540145
123.523042,39.979007,1.540145
123.471788,39.904642,1.540145
123.415937,39.832180,1.540145
123.364241,39.757997,1.540145
123.308803,39.685364,1.566795
123.246347,39.621699,1.540145
123.183537,39.558889,1.510511
123.127629,39.493220,1.540145
123.072991,39.427025,1.510511
123.024840,39.358143,1.540145
122.970643,39.291765,1.566795
122.916004,39.225571,1.540145
122.864396,39.152060,1.510511
122.813141,39.077694,1.540145
122.754985,39.006188,1.510511
122.695559,38.935206,1.540145
122.637781,38.863543,1.540145
122.578355,38.792562,1.540145
122.515731,38.729303,1.540145
122.452921,38.666493,1.510511
122.397420,38.600655,1.540145
122.342781,38.534461,1.510511
122.288142,38.468266,1.540145
122.230363,38.403372,1.566795
122.175724,38.337177,1.540145
122.124284,38.263261,1.510511
122.073030,38.188895,1.540145
122.014467,38.117557,1.510511
121.955041,38.046575,1.483861
121.895616,37.975594,1.566795
121.837837,37.903931,1.540145
121.778412,37.832950,1.540145
121.718987,37.761969,1.540145
121.663891,37.689194,1.540145
121.612637,37.614828,1.566795
121.561383,37.540462,1.483861
121.510128,37.466097,1.510511
121.452231,37.394482,1.540145
121.392806,37.323501,1.540145
121.341256,37.249258,1.540145
121.285672,37.176685,1.566795
121.223155,37.113167,1.540145
121.160345,37.050357,1.510511
121.104584,36.984627,1.540145
121.049945,36.918432,1.510511
121.001942,36.849489,1.540145
120.947598,36.783172,1.540145
120.890382,36.723200,1.540145
120.835450,36.657714,1.483861
120.786619,36.589113,1.540145
120.733102,36.522454,1.510511
120.683858,36.454024,1.540145
120.630755,36.387194,1.540145
120.576116,36.320999,1.540145
120.524054,36.248582,1.483861
120.472800,36.174217,1.540145
120.415737,36.102257,1.540145
120.356312,36.031276,1.540145
120.291491,35.962529,1.540145
120.223895,35.894933,1.566795
120.159542,35.825993,1.540145
120.100117,35.755011,1.510511
120.040691,35.684030,1.540145
119.981266,35.613049,1.510511
119.921840,35.542068,1.483861
119.862415,35.471087,1.566795
119.802989,35.400106,1.540145
119.745211,35.328442,1.540145
119.685785,35.257461,1.510511
119.626360,35.186480,1.540145
119.566934,35.115499,1.566795
119.508188,35.044236,1.457211
119.456934,34.969871,1.540145
119.405679,34.895505,1.540145
119.349534,34.823165,1.510511
119.298132,34.748860,1.540145
119.246877,34.674495,1.566795
119.195623,34.600129,1.540145
119.143690,34.526044,1.510511
119.084264,34.455063,1.540145
119.026751,34.383290,1.540145
118.975497,34.308924,1.457211
118.915599,34.239380,1.540145
118.852789,34.176570,1.540145
118.791064,34.113311,1.540145
118.736425,34.047116,1.510511
118.682458,33.980643,1.540145
118.634078,33.911856,1.483861
118.579332,33.845920,1.540145
118.521929,33.786398,1.540145
118.467290,33.720203,1.540145
118.411566,33.654458,1.510511
118.356358,33.588499,1.540145
118.301048,33.522582,1.510511
118.238238,33.459772,1.540145
118.175535,33.396704,1.566795
118.119500,33.324319,1.540145
118.068245,33.249953,1.540145
118.016991,33.175587,1.540145
117.959212,33.103924,1.510511
117.907958,33.029558,1.483861
117.856429,32.955857,1.566795
117.801790,32.889662,1.540145
117.744011,32.824768,1.540145
117.689372,32.758573,1.540145
117.634733,32.692379,1.540145
117.587188,32.623246,1.483861
117.532549,32.557051,1.566795
117.474800,32.498363,1.540145
117.420161,32.432169,1.540145
117.373443,32.362693,1.540145
117.318804,32.296499,1.510511
117.272336,32.226920,1.540145
117.217697,32.160725,1.566795
117.159811,32.102370,1.540145
117.105172,32.036176,1.510511
117.050533,31.969981,1.540145
116.993250,31.904881,1.510511
116.938611,31.838687,1.483861
116.880915,31.773759,1.540145
116.826276,31.707564,1.540145
116.774885,31.633529,1.540145
116.723630,31.559164,1.510511
116.672376,31.484798,1.540145
116.615594,31.412722,1.510511
116.556169,31.341741,1.540145
116.491630,31.272878,1.566795
116.424033,31.205281,1.540145
116.359399,31.136457,1.540145
116.299974,31.065476,1.540145
116.243097,30.993439,1.540145
116.191843,30.919073,1.483861
116.140589,30.844708,1.566795
116.089334,30.770342,1.540145
116.038080,30.695976,1.540145
115.983863,30.622837,1.540145
115.924438,30.551856,1.540145
115.866659,30.480193,1.566795
115.807234,30.409212,1.540145
115.747808,30.338231,1.510511
115.688383,30.267249,1.540145
115.628957,30.196268,1.510511
115.569532,30.125287,1.540145
115.510106,30.054306,1.566795
115.452328,29.982643,1.540145
115.392902,29.911662,1.540145
115.333477,29.840680,1.540145
115.277582,29.768237,1.540145
115.226327,29.693871,1.540145
115.173782,29.622622,1.540145
115.119143,29.556427,1.540145
115.061364,29.491533,1.540145
115.006726,29.425339,1.510511
114.954376,29.358196,1.540145
114.904378,29.290079,1.540145
114.848962,29.225760,1.540145
114.792230,29.164620,1.540145
114.739053,29.097820,1.540145
114.689882,29.029360,1.510511
114.635243,28.963165,1.540145
114.578315,28.897919,1.510511
114.515505,28.835109,1.483861
114.460379,28.767562,1.566795
114.409125,28.693196,1.540145
114.356408,28.619436,1.510511
114.296983,28.548455,1.540145
114.237557,28.477474,1.540145
114.178929,28.406163,1.566795
114.127674,28.331797,1.566795
114.069513,28.260292,1.540145
114.010087,28.189311,1.510511
113.950662,28.118330,1.540145
113.897478,28.044763,1.566795
113.846224,27.970398,1.540145
113.794173,27.896362,1.510511
113.734747,27.825381,1.540145
113.677352,27.753559,1.540145
113.626098,27.679193,1.540145
113.574843,27.604827,1.540145
113.517347,27.533047,1.540145
113.454537,27.470237,1.540145
113.391727,27.407427,1.510511
113.337088,27.341232,1.540145
113.280419,27.275878,1.540145
113.214225,27.221239,1.540145
113.148030,27.166601,1.540145
113.089969,27.108593,1.540145
113.035330,27.042398,1.540145
112.977493,26.983923,1.540145
112.911299,26.929284,1.540145
112.842078,26.881952,1.540145
112.775883,26.827313,1.540145
112.709688,26.772674,1.566795
112.633292,26.726398,1.483861
112.552857,26.689794,1.510511
112.474920,26.647162,1.483435
112.394657,26.610145,1.510511
112.313421,26.575478,1.483435
112.232286,26.540566,1.593445
112.148194,26.512792,1.510511
112.062359,26.489228,1.483435
111.980523,26.456007,1.593445
111.895988,26.429305,1.510511
111.810596,26.404670,1.483435
111.729204,26.370377,1.593872
111.644225,26.344747,1.566795
111.558202,26.321636,1.510511
111.473682,26.294895,1.566795
111.388259,26.270336,1.593872
111.302236,26.247225,1.566795
111.215581,26.225638,1.510511
111.127677,26.207068,1.566795
111.041654,26.183957,1.593872
110.955631,26.160845,1.539719
110.867918,26.141816,1.566795
110.780918,26.121063,1.593872
110.694895,26.097952,1.593872
110.608872,26.074840,1.566795
110.520968,26.056270,1.539719
110.434945,26.033159,1.566795
110.348922,26.010047,1.593872
110.262899,25.986936,1.566795
110.173067,25.973021,1.510511
110.084801,25.955325,1.566795
109.998778,25.932214,1.593872
109.911886,25.911200,1.566795
109.821077,25.899644,1.566795
109.733870,25.879390,1.593872
109.647847,25.856279,1.593872
109.561824,25.833167,1.566795
109.473258,25.816197,1.539719
109.383726,25.801556,1.566795
109.297703,25.778445,1.593872
109.211680,25.755333,1.566795
109.122054,25.740920,1.539719
109.033582,25.723722,1.566795
108.947559,25.700611,1.593872
108.861536,25.677499,1.593872
108.774235,25.657473,1.566795
108.683438,25.645888,1.566795
108.596640,25.624647,1.593872
108.510617,25.601536,1.566795
108.422257,25.584067,1.510511
108.332519,25.569925,1.566795
108.246496,25.546813,1.593872
108.160473,25.523702,1.566795
108.074438,25.500619,1.539719
107.986534,25.482049,1.566795
107.900511,25.458938,1.593872
107.814488,25.435826,1.593872
107.727394,25.415301,1.566795
107.639775,25.396044,1.566795
107.553752,25.372933,1.593872
107.467729,25.349821,1.566795
107.379575,25.331854,1.510511
107.289631,25.318210,1.566795
107.203608,25.295099,1.593872
107.117585,25.271987,1.593872
107.028372,25.256577,1.566795
106.939487,25.240376,1.539719
106.853464,25.217265,1.566795
106.767441,25.194154,1.593872
106.680553,25.173130,1.566795
106.589744,25.161574,1.510511
106.502533,25.141330,1.593872
106.416510,25.118219,1.566795
106.328563,25.099752,1.539719
106.237754,25.088197,1.566795
106.148218,25.073566,1.593872
106.062195,25.050455,1.593872
105.976172,25.027344,1.566795
105.886550,25.012920,1.510511
105.798074,24.995732,1.566795
105.712051,24.972621,1.593872
105.626028,24.949510,1.566795
105.538731,24.929473,1.539719
105.451314,24.909727,1.593872
105.365291,24.886616,1.593872
105.279268,24.863505,1.566795
105.190912,24.846025,1.539719
105.101170,24.831893,1.566795
105.015147,24.808782,1.593872
104.929124,24.785671,1.566795
104.839709,24.770749,1.510511
104.751026,24.754060,1.566795
104.665003,24.730948,1.593872
104.578980,24.707837,1.566795
104.491890,24.687301,1.539719
104.404266,24.668054,1.593872
104.318243,24.644943,1.593872
104.232221,24.621832,1.566795
104.144316,24.603262,1.539719
104.057752,24.581457,1.566795
103.971729,24.558346,1.593872
103.885706,24.535235,1.566795
103.796498,24.519814,1.510511
103.707608,24.503623,1.566795
103.621585,24.480512,1.593872
103.535317,24.457993,1.593872
103.445049,24.445130,1.566795
103.354239,24.433574,1.539719
103.267025,24.413340,1.593872
103.181002,24.390229,1.566795
103.093059,24.371753,1.510511
103.002903,24.358618,1.566795
102.916748,24.335826,1.593872
102.830725,24.312715,1.566795
102.744702,24.289604,1.539719
102.655085,24.275170,1.566795
102.566604,24.257993,1.593872
102.480581,24.234881,1.593872
102.393904,24.213349,1.566795
102.306000,24.194779,1.539719
102.219977,24.171667,1.593872
102.133954,24.148556,1.566795
102.047931,24.125445,1.539719
101.960027,24.106875,1.566795
101.873665,24.084582,1.593872
101.787642,24.061470,1.593872
101.698846,24.045053,1.566795
101.609544,24.029859,1.539719
101.523521,24.006748,1.566795
101.437498,23.983637,1.593872
101.351027,23.961606,1.566795
101.260557,23.949231,1.510511
101.172929,23.929994,1.566795
101.086906,23.906883,1.593872
100.999376,23.887410,1.566795
100.908808,23.875272,1.539719
100.822240,23.853478,1.566795
100.736217,23.830366,1.593872
100.650194,23.807255,1.566795
100.560989,23.791824,1.510511
100.472095,23.775644,1.566795
100.386073,23.752532,1.593872
100.299809,23.730003,1.566795
100.209545,23.717130,1.510511
100.121710,23.698392,1.593445
100.035687,23.675280,1.566795
99.949664,23.652169,1.510511
99.861760,23.633599,1.593872
99.774985,23.612303,1.593872
99.688962,23.589192,1.566795
99.602940,23.566080,1.510511
99.513942,23.550152,1.593872
99.423132,23.538596,1.593872
99.332323,23.527040,1.566795
99.241479,23.515568,1.539719
99.150190,23.505169,1.512643
99.059380,23.493613,1.483435
98.968571,23.482058,1.456359
98.877762,23.470502,1.566795
98.786952,23.458946,1.539719
98.696143,23.447391,1.512643
98.605333,23.435835,1.512643
98.514044,23.440288,1.512643
98.423235,23.451844,1.512643
98.332426,23.463400,1.512643
98.241616,23.474955,1.402206
98.150807,23.486511,1.429282
98.061363,23.501365,1.456359
97.975340,23.524476,1.483435
97.886241,23.540161,1.510511
97.797242,23.556087,1.429282
97.711219,23.579199,1.456359
97.625196,23.602310,1.483435
97.541427,23.630863,1.510511
97.458825,23.662233,1.456359
97.374885,23.690372,1.483435
97.293649,23.725040,1.400927
97.212514,23.759952,1.483861
97.132402,23.797335,1.457211
97.056291,23.844374,1.540145
96.981925,23.895629,1.540145
96.917198,23.953810,1.540145
96.854388,24.016620,1.540145
96.792874,24.082560,1.540145
96.733448,24.153541,1.540145
96.678386,24.226329,1.540145
96.627131,24.300695,1.566795
96.579826,24.376696,1.483861
96.528572,24.451062,1.510511
96.477318,24.525428,1.510511
96.427700,24.600472,1.510511
96.384617,24.678222,1.483435
96.338394,24.754672,1.510511
96.295310,24.832422,1.483861
96.248278,24.908537,1.566795
96.197024,24.982902,1.510511
96.153941,25.060653,1.483435
96.109221,25.137725,1.510511
96.057967,25.212091,1.483861
96.011744,25.288541,1.566795
95.960489,25.362907,1.540145
95.909235,25.437272,1.510511
95.857981,25.511638,1.540145
95.798555,25.582619,1.540145
95.739130,25.653600,1.457211
95.679704,25.724582,1.540145
95.614024,25.792972,1.540145
95.546428,25.860569,1.540145
95.478831,25.928165,1.540145
95.411235,25.995762,1.540145
95.343638,26.063358,1.540145
95.276042,26.130955,1.540145
95.205105,26.190489,1.540145
95.134124,26.249914,1.540145
95.063143,26.309340,1.510511
94.989780,26.363015,1.540145
94.915414,26.414269,1.566795
94.841048,26.465524,1.483861
94.765259,26.513340,1.510511
94.688809,26.559563,1.510511
94.611059,26.602646,1.510511
94.531440,26.641220,1.566795
94.452687,26.681882,1.483861
94.373240,26.720870,1.510511
94.292105,26.755782,1.483435
94.210869,26.790449,1.593445
94.129633,26.825116,1.510511
94.048498,26.860028,1.483435
93.967261,26.894695,1.593445
93.883542,26.923367,1.510511
93.797519,26.946479,1.483435
93.709615,26.965048,1.593872
93.623236,26.987301,1.566795
93.537213,27.010412,1.510511
93.448434,27.026870,1.483435
93.357624,27.038426,1.593872
93.266815,27.049981,1.566795
93.176006,27.061537,1.539719
93.084765,27.072053,1.512643
92.990092,27.074281,1.512643
92.899063,27.085306,1.512643
92.808253,27.096861,1.512643
92.717444,27.108417,1.512643
92.626634,27.119973,1.648024
92.535825,27.131529,1.650156
92.445016,27.143084,1.650156
92.353727,27.153060,1.650156
92.262438,27.143723,1.650156
92.171629,27.132167,1.648024
92.080819,27.120611,1.620948
91.990010,27.109055,1.512643
91.899200,27.097500,1.512643
91.808391,27.085944,1.512643
91.717494,27.074600,1.512643
91.622821,27.072372,1.539719
91.531448,27.062176,1.566795
91.440639,27.050620,1.593872
91.349829,27.039064,1.593872
91.259020,27.027508,1.510511
91.170109,27.011370,1.539719
91.084086,26.988258,1.566795
90.997839,26.965687,1.593872
90.909935,26.947117,1.483435
90.823912,26.924005,1.510511
90.740060,26.895653,1.593445
90.658824,26.860985,1.483435
90.575689,26.830901,1.510511
90.492281,26.801476,1.593445
90.411045,26.766809,1.483435
90.329910,26.731897,1.510511
90.250331,26.693229,1.483435
90.171710,26.652248,1.510511
90.091959,26.613993,1.483861
90.015510,26.567770,1.566795
89.937759,26.524687,1.510511
89.863112,26.476662,1.510511
89.796918,26.422023,1.566795
89.730723,26.367384,1.540145
89.665399,26.310643,1.510511
89.602589,26.247833,1.540145
89.540478,26.183335,1.540145
89.481053,26.112353,1.540145
89.420352,26.041900,1.540145
89.352332,25.975326,1.540145
89.281351,25.915901,1.540145
89.210979,25.856223,1.540145
89.148169,25.793413,1.540145
89.085359,25.730603,1.540145
89.022549,25.667793,1.510511
88.959739,25.604983,1.540145
88.903407,25.538643,1.566795
88.852152,25.464277,1.510511
88.805929,25.387827,1.510511
88.754675,25.313461,1.566795
88.703421,25.239096,1.510511
88.652166,25.164730,1.510511
88.602341,25.089772,1.566795
88.553204,25.014530,1.566795
88.501949,24.940164,1.510511
88.445054,24.868134,1.483861
88.393800,24.793769,1.566795
88.342546,24.719403,1.510511
88.299463,24.641653,1.483861
88.254951,24.564494,1.566795
88.203696,24.490128,1.510511
88.152442,24.415763,1.510511
88.101188,24.341397,1.566795
88.044011,24.269484,1.540145
87.992756,24.195118,1.510511
87.935166,24.123377,1.510511
87.883912,24.049011,1.483861
87.832658,23.974646,1.566795
87.781403,23.900280,1.540145
87.730149,23.825914,1.540145
87.676646,23.752480,1.540145
87.622602,23.679270,1.540145
87.569512,23.605664,1.566795
87.510087,23.534683,1.483861
87.450661,23.463702,1.510511
87.391236,23.392721,1.540145
87.331810,23.321739,1.540145
87.269000,23.258929,1.540145
87.200809,23.198348,1.540145
87.137999,23.135538,1.540145
87.075189,23.072728,1.540145
87.009024,23.018018,1.540145
86.942829,22.963379,1.540145
86.884321,22.905556,1.540145
86.829682,22.839362,1.540145
86.775043,22.773167,1.540145
86.712233,22.710357,1.540145
86.649423,22.647547,1.540145
86.589316,22.578213,1.540145
86.526505,22.515403,1.540145
86.457171,22.455295,1.540145
86.394361,22.392485,1.540145
86.331551,22.329675,1.540145
86.268741,22.266865,1.540145
86.205931,22.204055,1.540145
86.141037,22.146276,1.540145
86.078227,22.083466,1.540145
86.020448,22.018572,1.540145
85.957638,21.955762,1.540145
85.894828,21.892952,1.540145
85.830411,21.834023,1.540145
85.764216,21.779384,1.540145
85.699322,21.721606,1.540145
85.633127,21.666967,1.540145
85.563793,21.613628,1.540145
85.497598,21.558990,1.566795
85.431404,21.504351,1.540145
85.366817,21.445831,1.540145
85.304007,21.383021,1.540145
85.239248,21.324914,1.540145
85.176438,21.262104,1.510511
85.110574,21.200559,1.483861
85.037030,21.147320,1.540145
84.962665,21.096066,1.540145
84.888299,21.044811,1.540145
84.813933,20.993557,1.510511
84.742952,20.934132,1.540145
84.671971,20.874706,1.510511
84.600990,20.815281,1.540145
84.529326,20.757502,1.566795
84.458345,20.698077,1.540145
84.387364,20.638651,1.510511
84.314096,20.584746,1.540145
84.239730,20.533492,1.566795
84.163249,20.487345,1.483861
84.085499,20.444262,1.510511
84.010993,20.393345,1.566795
83.935470,20.344886,1.483861
83.857720,20.301802,1.510511
83.781270,20.255579,1.510511
83.703519,20.212496,1.510511
83.627069,20.166273,1.510511
83.549319,20.123190,1.566795
83.471569,20.080107,1.483861
83.394976,20.034229,1.510511
83.316753,19.992286,1.510511
83.236605,19.954993,1.510511
83.158553,19.912637,1.510511
83.077317,19.877970,1.593445
82.994650,19.846756,1.510511
82.910131,19.820015,1.593445
82.824251,19.796558,1.510511
82.738228,19.773447,1.483435
82.651117,19.752961,1.456359
82.560308,19.741406,1.483435
82.469935,19.728795,1.456359
82.383563,19.706527,1.429282
82.295393,19.688599,1.402206
82.204583,19.677043,1.375130
82.115271,19.669100,1.512643
82.029248,19.669100,1.512643
81.943225,19.669100,1.512643
81.856765,19.670156,1.512643
81.766305,19.680868,1.402206
81.675495,19.692424,1.429282
81.588472,19.713121,1.483435
81.500953,19.732619,1.510511
81.410143,19.744175,1.566795
81.320180,19.757773,1.456359
81.234157,19.780885,1.483435
81.148134,19.803996,1.510511
81.063401,19.830222,1.593445
80.978378,19.855747,1.510511
80.893474,19.881560,1.593445
80.812238,19.916227,1.483435
80.730155,19.948852,1.510511
80.645695,19.975736,1.593445
80.564459,20.010403,1.510511
80.483324,20.045315,1.593445
80.402087,20.079982,1.483435
80.319732,20.111949,1.510511
80.235545,20.139491,1.593445
80.154308,20.174159,1.510511
80.073174,20.209071,1.593445
79.991937,20.243738,1.510511
79.910802,20.278650,1.593445
79.829566,20.313317,1.593445
79.748329,20.347984,1.510511
79.667194,20.382896,1.593445
79.585958,20.417563,1.510511
79.504823,20.452475,1.593445
79.423587,20.487143,1.510511
79.342452,20.522055,1.593445
79.261215,20.556722,1.593445
79.179979,20.591389,1.510511
79.098844,20.626301,1.593445
79.017608,20.660968,1.510511
78.936473,20.695880,1.593445
78.855236,20.730547,1.510511
78.774101,20.765459,1.593445
78.692865,20.800127,1.593445
78.613153,20.838474,1.510511
78.534665,20.879776,1.593445
78.453429,20.914443,1.510511
78.372294,20.949355,1.593445
78.291057,20.984022,1.510511
78.209922,21.018934,1.593445
78.128686,21.053602,1.510511
78.047551,21.088514,1.593445
77.966315,21.123181,1.510511
77.886533,21.161360,1.510511
77.808114,21.202830,1.593445
77.726878,21.237497,1.510511
77.645743,21.272409,1.593445
77.564507,21.307077,1.510511
77.483372,21.341989,1.593445
77.402135,21.376656,1.510511
77.321001,21.411568,1.593445
77.239764,21.446235,1.510511
77.159913,21.484246,1.593445
77.081564,21.525884,1.593445
77.000328,21.560552,1.510511
76.919193,21.595464,1.593445
76.837956,21.630131,1.510511
76.756821,21.665043,1.593445
76.675585,21.699710,1.510511
76.594450,21.734622,1.593445
76.513214,21.769289,1.510511
76.433292,21.807131,1.593445
76.355014,21.848939,1.510511
76.274921,21.886367,1.593445
76.196813,21.928588,1.510511
76.116550,21.965603,1.593445
76.038613,22.008237,1.593445
75.957377,22.042905,1.510511
75.876242,22.077817,1.593445
75.795006,22.112484,1.510511
75.713871,22.147396,1.566795
75.632634,22.182063,1.510511
75.551499,22.216975,1.510511
75.470263,22.251642,1.483435
75.389929,22.288488,1.593445
75.312063,22.331292,1.510511
75.231558,22.367724,1.593445
75.153807,22.410808,1.510511
75.073131,22.446827,1.593445
74.995381,22.489910,1.510511
74.914533,22.525516,1.593445
74.836783,22.568599,1.510511
74.755764,22.603791,1.593445
74.678014,22.646874,1.593445
74.596832,22.681675,1.510511
74.515698,22.716587,1.593445
74.434563,22.751499,1.510511
74.352937,22.785228,1.593445
74.268418,22.811969,1.593445
74.186964,22.846111,1.510511
74.101510,22.870596,1.593445
74.015487,22.893708,1.593445
73.928803,22.915222,1.510511
73.838119,22.927080,1.566795
73.750705,22.946833,1.593872
73.663576,22.967275,1.510511
73.572767,22.978831,1.483435
73.482412,22.991485,1.593872
73.396058,23.013796,1.566795
73.310035,23.036908,1.539719
73.224012,23.060019,1.512643
73.134593,23.074933,1.566795
73.043784,23.086489,1.593872
72.952974,23.098044,1.593872
72.861710,23.108502,1.566795
72.766446,23.109302,1.512643
72.672056,23.112215,1.512643
72.581247,23.123770,1.512643
72.490437,23.135326,1.512643
72.399628,23.146882,1.512643
72.308818,23.158437,1.620948
72.218009,23.169993,1.648024
72.127199,23.181549,1.650156
72.035183,23.190192,1.650156
71.939587,23.190192,1.650156
71.845949,23.185466,1.650156
71.755140,23.173910,1.650156
71.664330,23.162354,1.650156
71.573521,23.150798,1.648024
71.482711,23.139243,1.512643
71.391902,23.127687,1.512643
71.301093,23.116131,1.512643
71.208325,23.109302,1.512643
71.112729,23.109302,1.512643
71.019843,23.102761,1.539719
70.929033,23.091206,1.566795
70.838224,23.079650,1.593872
70.747414,23.068094,1.510511
70.656989,23.055612,1.539719
70.570563,23.033472,1.566795
70.484540,23.010361,1.593872
70.395808,22.993790,1.566795
70.304999,22.982234,1.510511
70.216248,22.965708,1.566795
70.130225,22.942597,1.593872
70.043818,22.920413,1.566795
69.955914,22.901843,1.510511
69.869891,22.878731,1.593445
69.783868,22.855620,1.510511
69.700792,22.825394,1.593445
69.617497,22.795697,1.593445
69.534249,22.765885,1.510511
69.453013,22.731218,1.593445
69.369274,22.702593,1.593445
69.286470,22.671709,1.510511
69.205234,22.637042,1.593445
69.124099,22.602130,1.510511
69.042863,22.567463,1.593445
68.961728,22.532551,1.510511
68.880491,22.497884,1.510511
68.801961,22.456685,1.593445
68.722291,22.418234,1.510511
68.643589,22.377449,1.593445
68.564091,22.338585,1.510511
68.485218,22.298213,1.566795
68.405891,22.258935,1.510511
68.326846,22.218977,1.510511
68.247691,22.179286,1.510511
68.168475,22.139741,1.510511
68.089491,22.099637,1.510511
68.010104,22.060505,1.510511
67.931291,22.019987,1.510511
67.851732,21.981269,1.510511
67.773091,21.940338,1.510511
67.693361,21.902033,1.510511
67.615610,21.858950,1.510511
67.539094,21.812888,1.566795
67.461344,21.769805,1.510511
67.384656,21.724157,1.510511
67.306905,21.681073,1.510511
67.230046,21.635838,1.510511
67.155681,21.584584,1.566795
67.081315,21.533330,1.483861
67.006949,21.482075,1.510511
66.934737,21.425622,1.566795
66.860371,21.374367,1.483861
66.789390,21.314942,1.510511
66.718136,21.256175,1.510511
66.643770,21.204921,1.483861
66.569405,21.153667,1.566795
66.495039,21.102412,1.540145
66.421904,21.048186,1.510511
66.350923,20.988761,1.540145
66.279942,20.929336,1.566795
66.208278,20.871557,1.540145
66.137297,20.812132,1.510511
66.068208,20.751922,1.540145
66.005398,20.689112,1.540145
65.941976,20.627781,1.540145
65.875781,20.573142,1.540145
65.810652,20.518062,1.540145
65.753583,20.457733,1.540145
65.698944,20.391538,1.540145
65.642413,20.326127,1.540145
65.579603,20.263317,1.540145
65.514709,20.205539,1.540145
65.451899,20.142728,1.540145
65.394120,20.077834,1.540145
65.331310,20.015024,1.540145
65.268500,19.952214,1.540145
65.205690,19.889404,1.540145
65.144765,19.825813,1.540145
65.092823,19.753109,1.540145
65.041569,19.678743,1.540145
64.984218,19.606902,1.540145
64.924792,19.535921,1.540145
64.865367,19.464940,1.510511
64.811372,19.391709,1.540145
64.758233,19.318124,1.566795
64.698807,19.247143,1.483861
64.642500,19.174870,1.510511
64.591246,19.100505,1.566795
64.539992,19.026139,1.566795
64.489543,18.951439,1.510511
64.441029,18.875939,1.483861
64.390167,18.801410,1.566795
64.347084,18.723660,1.510511
64.300882,18.647201,1.510511
64.259263,18.568844,1.510511
64.224351,18.487710,1.510511
64.189684,18.406473,1.510511
64.154772,18.325338,1.510511
64.120105,18.244102,1.510511
64.085193,18.162967,1.510511
64.050281,18.081832,1.483435
64.005733,18.004688,1.593445
63.962460,17.927016,1.510511
63.926497,17.846317,1.593445
63.883414,17.768566,1.510511
63.848747,17.687330,1.593445
63.813835,17.606195,1.593445
63.779391,17.524866,1.510511
63.754604,17.439537,1.593445
63.731493,17.353514,1.593445
63.704752,17.268995,1.510511
63.681037,17.183222,1.593445
63.657926,17.097199,1.593445
63.637182,17.010195,1.510511
63.625626,16.919386,1.593872
63.605102,16.832291,1.566795
63.581991,16.746268,1.539719
63.563805,16.658205,1.510511
63.550380,16.568170,1.593872
63.527298,16.482134,1.593872
63.504187,16.396112,1.566795
63.481076,16.310089,1.539719
63.466932,16.220351,1.539719
63.449464,16.131990,1.566795
63.426353,16.045967,1.593872
63.405111,15.959170,1.593872
63.393525,15.868373,1.512643
63.381969,15.777564,1.512643
63.370414,15.686754,1.512643
63.358858,15.595945,1.539719
63.348459,15.504656,1.566795
63.336903,15.413847,1.593872
63.325348,15.323037,1.593872
63.313792,15.232228,1.566795
63.302236,15.141418,1.512643
63.290681,15.050609,1.512643
63.279125,14.959799,1.539719
63.272324,14.867020,1.566795
63.267241,14.773530,1.593872
63.255685,14.682721,1.620948
63.244129,14.591911,1.593872
63.232574,14.501102,1.566795
63.221018,14.410292,1.512643
63.208506,14.319879,1.512643
63.186339,14.233465,1.512643
63.168311,14.145336,1.539719
63.156755,14.054527,1.566795
63.145199,13.963717,1.456359
63.133644,13.872908,1.483435
63.122088,13.782098,1.510511
63.111488,13.690893,1.512643
63.101089,13.599604,1.539719
63.089533,13.508795,1.566795
63.077978,13.417986,1.593872
63.066422,13.327176,1.483435
63.054866,13.236367,1.510511
63.037983,13.147764,1.539719
63.014872,13.061741,1.566795
63.001216,12.971801,1.593872
62.983261,12.883643,1.483435
62.960149,12.797620,1.510511
62.937038,12.711597,1.593872
62.906455,12.628668,1.483435
62.877115,12.545225,1.510511
62.854004,12.459203,1.593445
62.822349,12.376718,1.483435
62.794081,12.292831,1.510511
62.770970,12.206808,1.593445
62.738243,12.124768,1.483435
62.711047,12.040437,1.510511
62.678734,11.958226,1.566795
62.644067,11.876989,1.510511
62.609155,11.795854,1.510511
62.567599,11.717472,1.510511
62.516386,11.643089,1.510511
62.468223,11.567443,1.510511
62.422000,11.490993,1.483861
62.378917,11.413242,1.540145
62.328531,11.338517,1.540145
62.277277,11.264151,1.540145
62.226022,11.189785,1.540145
62.174768,11.115420,1.540145
62.117058,11.050456,1.540145
62.049672,10.989542,1.540145
61.986399,10.926923,1.540145
61.923589,10.864113,1.540145
61.860779,10.801303,1.540145
61.795734,10.743890,1.540145
61.729540,10.689251,1.540145
61.671692,10.624426,1.540145
61.617053,10.558231,1.540145
61.552813,10.499799,1.540145
61.486618,10.445160,1.540145
61.420423,10.390521,1.540145
61.356464,10.330486,1.540145
61.293506,10.268033,1.483861
61.222329,10.215458,1.566795
61.147963,10.164204,1.540145
61.072105,10.116551,1.510511
60.997739,10.065297,1.540145
60.923374,10.014043,1.566795
60.845989,9.970076,1.483861
60.768387,9.926636,1.510511
60.694021,9.875381,1.566795
60.617594,9.829103,1.483861
60.540552,9.784309,1.510511
60.462802,9.741226,1.483435
60.382547,9.704190,1.510511
60.304431,9.661990,1.483435
60.224347,9.624541,1.593445
60.140263,9.596748,1.510511
60.057804,9.565032,1.483435
59.976568,9.530365,1.510511
59.892048,9.503624,1.483435
59.810034,9.470835,1.593445
59.725677,9.443701,1.510511
59.643491,9.411326,1.483435
59.562255,9.376659,1.593445
59.477735,9.349918,1.510511
59.395993,9.316471,1.593445
59.314748,9.281824,1.593445
59.230229,9.255084,1.510511
59.148931,9.220565,1.593445
59.064412,9.193824,1.510511
58.982943,9.159718,1.483435
58.901425,9.125730,1.593445
58.816905,9.098989,1.510511
58.735669,9.064322,1.593445
58.654534,9.029410,1.593445
58.573359,8.994594,1.510511
58.492224,8.959682,1.593445
58.411089,8.924770,1.510511
58.330337,8.888934,1.510511
58.252587,8.845851,1.593445
58.171663,8.810429,1.510511
58.093913,8.767346,1.593445
58.012818,8.732337,1.510511
57.935067,8.689254,1.593445
57.853962,8.654270,1.483435
57.772827,8.619358,1.510511
57.691692,8.584446,1.483435
57.610558,8.549534,1.510511
57.529423,8.514622,1.510511
57.448288,8.479709,1.510511
57.367153,8.444797,1.510511
57.289373,8.401786,1.566795
57.215007,8.350532,1.483861
57.138758,8.303823,1.510511
57.064392,8.252569,1.566795
56.990027,8.201315,1.510511
56.919045,8.141889,1.540145
56.847926,8.082798,1.483861
56.773560,8.031544,1.566795
56.699194,7.980290,1.540145
56.634883,7.921105,1.540145
56.572073,7.858295,1.540145
56.509263,7.795485,1.540145
56.443443,7.739939,1.540145
56.377387,7.684966,1.540145
56.321428,7.619318,1.540145
56.266790,7.553124,1.540145
56.203980,7.490314,1.540145
56.141169,7.427503,1.540145
56.080999,7.363600,1.540145
56.029369,7.290141,1.566795
55.978115,7.215775,1.566795
55.920337,7.144111,1.510511
55.869082,7.069746,1.483861
55.817828,6.995380,1.566795
55.766574,6.921014,1.510511
55.720351,6.844564,1.510511
55.669096,6.770199,1.566795
55.625100,6.692827,1.510511
55.581689,6.615212,1.510511
55.537279,6.538011,1.510511
55.502367,6.456876,1.510511
55.467455,6.375741,1.483435
55.424872,6.297784,1.510511
55.387806,6.217541,1.483435
55.353138,6.136305,1.510511
55.318226,6.055170,1.483435
55.276470,5.976870,1.593445
55.230406,5.900354,1.510511
55.193998,5.819839,1.593445
55.159086,5.738704,1.510511
55.124419,5.657467,1.593445
55.082004,5.579440,1.510511
55.044770,5.499267,1.593445
55.009857,5.418132,1.593445
54.975190,5.336896,1.510511
54.940523,5.255660,1.593445
54.905611,5.174525,1.510511
54.870944,5.093288,1.593445
54.836032,5.012153,1.593445
54.801365,4.930917,1.510511
54.774032,4.846643,1.593445
54.741856,4.764374,1.510511
54.707189,4.683138,1.593445
54.672277,4.602003,1.593445
54.637609,4.520767,1.510511
54.610868,4.436247,1.593445
54.578034,4.354252,1.593445
54.543367,4.273015,1.510511
54.516626,4.188496,1.593445
54.482720,4.106944,1.483435
54.456703,4.022125,1.510511
54.431382,3.937017,1.593445
54.396781,3.855753,1.510511
54.370040,3.771234,1.593445
54.335475,3.689955,1.593445
54.301946,3.608247,1.510511
54.275205,3.523728,1.593445
54.240538,3.442491,1.483435
54.208081,3.360339,1.510511
54.181029,3.275949,1.593445
54.146117,3.194814,1.510511
54.111348,3.113620,1.593445
54.076680,3.032383,1.510511
54.041768,2.951248,1.593445
54.007101,2.870012,1.483435
53.969734,2.789894,1.510511
53.927452,2.711812,1.483435
53.892540,2.630677,1.510511
53.857873,2.549441,1.510511
53.821332,2.468980,1.510511
53.778249,2.391230,1.566795
53.742122,2.310598,1.510511
53.699039,2.232848,1.510511
53.663326,2.152044,1.510511
53.620243,2.074294,1.510511
53.576772,1.996704,1.510511
53.532422,1.919479,1.510511
53.489339,1.841728,1.510511
53.444576,1.764674,1.510511
53.401493,1.686923,1.566795
53.350238,1.612558,1.510511
53.298984,1.538192,1.510511
53.247730,1.463826,1.566795
53.189951,1.392163,1.457211
53.138697,1.317797,1.540145
53.080951,1.246120,1.540145
53.021526,1.175139,1.510511
52.962101,1.104158,1.540145
52.902675,1.033177,1.566795
52.843250,0.962195,1.540145
52.785471,0.890532,1.540145
52.726046,0.819551,1.540145
52.666620,0.748570,1.540145
52.607195,0.677589,1.540145
52.543888,0.615979,1.540145
52.477693,0.561340,1.510511
52.412285,0.506375,1.540145
52.352234,0.449191,1.540145
52.285885,0.394925,1.540145
52.216306,0.348457,1.483861
52.146727,0.301990,1.510511
52.081029,0.246151,1.510511
52.015023,0.191058,1.540145
51.948041,0.136745,1.566795
51.873676,0.085490,1.540145
51.799464,0.033863,1.510511
51.727031,-0.022057,1.566795
51.652665,-0.073311,1.566795
51.577019,-0.121474,1.510511
51.502465,-0.172274,1.540145
51.428099,-0.223528,1.540145
51.353411,-0.274003,1.566795
51.275661,-0.317087,1.510511
51.199362,-0.363675,1.510511
51.124996,-0.414930,1.566795
51.048547,-0.461152,1.483861
50.974181,-0.512407,1.510511
50.899815,-0.563661,1.510511
50.823365,-0.609884,1.510511
50.748999,-0.661138,1.566795
50.672398,-0.706995,1.483861
50.594648,-0.750079,1.510511
50.520262,-0.801285,1.566795
50.445896,-0.852539,1.483861
50.371040,-0.902608,1.510511
50.295696,-0.951502,1.510511
50.221011,-1.001984,1.566795
50.145496,-1.050465,1.510511
50.071130,-1.101719,1.510511
49.996764,-1.152974,1.566795
49.919037,-1.196112,1.483861
49.841778,-1.240381,1.510511
49.767412,-1.291635,1.510511
49.690962,-1.337858,1.510511
49.616596,-1.389112,1.566795
49.539998,-1.434976,1.483861
49.462248,-1.478060,1.510511
49.387859,-1.529259,1.566795
49.312219,-1.577436,1.483861
49.234468,-1.620519,1.510511
49.159122,-1.669406,1.510511
49.084439,-1.719895,1.510511
49.008921,-1.768368,1.483861
48.934410,-1.819272,1.566795
48.856660,-1.862355,1.510511
48.780184,-1.908515,1.510511
48.705818,-1.959770,1.566795
48.628265,-2.003329,1.483861
48.550832,-2.047177,1.510511
48.473450,-2.091149,1.510511
48.395845,-2.134584,1.510511
48.321479,-2.185838,1.566795
48.245055,-2.232123,1.483861
48.167305,-2.275206,1.510511
48.092742,-2.325985,1.483435
48.017276,-2.374583,1.510511
47.942542,-2.424948,1.566795
47.867247,-2.473959,1.566795
47.789496,-2.517042,1.510511
47.713804,-2.565094,1.510511
47.639439,-2.616349,1.566795
47.561688,-2.659432,1.510511
47.485038,-2.705172,1.510511
47.407288,-2.748255,1.510511
47.330467,-2.793581,1.510511
47.256101,-2.844836,1.566795
47.178893,-2.889229,1.483861
47.101143,-2.932312,1.510511
47.026777,-2.983566,1.566795
46.950527,-3.030272,1.510511
46.876162,-3.081527,1.566795
46.800083,-3.128646,1.483861
46.722333,-3.171729,1.510511
46.647424,-3.221673,1.566795
46.572304,-3.271105,1.566795
46.494553,-3.314189,1.510511
46.418104,-3.360412,1.510511
46.340353,-3.403495,1.510511
46.264316,-3.450713,1.510511
46.189950,-3.501967,1.566795
46.112200,-3.545050,1.510511
46.035204,-3.589956,1.510511
45.960838,-3.641210,1.566795
45.884388,-3.687433,1.483861
45.810023,-3.738687,1.510511
45.735657,-3.789942,1.510511
45.659581,-3.837068,1.510511
45.585216,-3.888323,1.566795
45.509312,-3.935863,1.483861
45.431561,-3.978946,1.510511
45.356478,-4.028470,1.510511
45.281532,-4.078322,1.566795
45.203782,-4.121406,1.510511
45.127741,-4.168616,1.510511
45.053375,-4.219871,1.510511
44.977164,-4.266668,1.510511
44.902798,-4.317922,1.566795
44.825047,-4.361006,1.510511
44.747878,-4.405490,1.510511
44.673512,-4.456745,1.566795
44.596653,-4.501979,1.483861
44.518902,-4.545063,1.510511
44.442215,-4.590711,1.483435
44.364464,-4.633794,1.510511
44.290099,-4.685049,1.566795
44.214369,-4.733010,1.483861
44.136618,-4.776093,1.510511
44.061361,-4.825195,1.510511
43.986589,-4.875469,1.566795
43.911161,-4.924158,1.510511
43.836795,-4.975412,1.510511
43.762430,-5.026667,1.510511
43.686043,-5.073043,1.510511
43.611678,-5.124298,1.566795
43.534035,-5.167641,1.510511
43.456691,-5.211705,1.510511
43.382325,-5.262959,1.566795
43.305640,-5.308615,1.483861
43.227890,-5.351698,1.510511
43.153524,-5.402952,1.483435
43.077797,-5.450920,1.510511
43.003324,-5.501915,1.566795
42.928958,-5.553169,1.566795
42.854189,-5.603450,1.510511
42.778758,-5.652132,1.483861
42.704160,-5.702826,1.566795
42.626410,-5.745909,1.510511
42.550021,-5.792279,1.510511
42.475655,-5.843533,1.566795
42.398015,-5.886883,1.483861
42.320668,-5.930940,1.510511
42.246302,-5.982194,1.510511
42.169852,-6.028417,1.510511
42.095487,-6.079672,1.566795
42.018976,-6.125748,1.483861
41.941226,-6.168831,1.510511
41.866749,-6.219818,1.566795
41.791197,-6.268207,1.483861
41.713446,-6.311291,1.510511
41.638012,-6.359965,1.510511
41.563417,-6.410667,1.510511
41.487812,-6.458928,1.483861
41.413446,-6.510182,1.566795
41.339080,-6.561437,1.510511
41.262630,-6.607659,1.510511
41.188265,-6.658914,1.566795
41.110799,-6.702685,1.510511
41.033278,-6.746321,1.510511
40.958912,-6.797575,1.566795
40.884546,-6.848829,1.483861
40.810181,-6.900084,1.510511
40.738517,-6.957862,1.540145
40.664152,-7.009117,1.540145
40.592885,-7.067854,1.566795
40.521904,-7.127280,1.510511
40.450923,-7.186705,1.483861
40.377118,-7.239313,1.566795
40.302752,-7.290567,1.540145
40.228955,-7.343194,1.510511
40.157974,-7.402620,1.540145
40.085913,-7.459439,1.566795
40.011548,-7.510694,1.540145
39.937182,-7.561948,1.540145
39.865640,-7.620020,1.510511
39.794659,-7.679445,1.483861
39.720343,-7.730820,1.566795
39.645977,-7.782074,1.540145
39.580328,-7.839098,1.540145
39.517518,-7.901908,1.540145
39.451716,-7.957494,1.540145
39.385521,-8.012133,1.540145
39.319327,-8.066772,1.540145
39.261378,-8.131496,1.540145
39.206739,-8.197691,1.540145
39.142600,-8.256224,1.540145
39.076405,-8.310863,1.540145
39.013203,-8.372726,1.540145
38.952578,-8.436441,1.540145
38.897939,-8.502635,1.540145
38.838389,-8.566796,1.540145
38.775579,-8.629606,1.510511
38.714632,-8.696914,1.483861
38.662836,-8.771055,1.566795
38.611582,-8.845421,1.540145
38.558143,-8.918882,1.510511
38.504035,-8.992065,1.540145
38.452780,-9.066431,1.566795
38.401526,-9.140797,1.483861
38.353277,-9.216407,1.510511
38.302563,-9.290997,1.566795
38.253900,-9.366436,1.566795
38.210817,-9.444187,1.510511
38.164594,-9.520637,1.510511
38.121511,-9.598387,1.510511
38.078428,-9.676137,1.510511
38.032340,-9.752643,1.510511
37.990607,-9.830953,1.483861
37.953104,-9.911014,1.566795
37.910021,-9.988765,1.510511
37.864760,-10.065613,1.566795
37.822200,-10.143580,1.510511
37.787288,-10.224715,1.510511
37.752486,-10.305896,1.483435
37.716223,-10.386471,1.593445
37.673140,-10.464221,1.510511
37.638228,-10.545356,1.593445
37.603316,-10.626491,1.510511
37.567880,-10.707409,1.593445
37.524797,-10.785160,1.593445
37.490130,-10.866396,1.510511
37.455218,-10.947531,1.593445
37.420306,-11.028666,1.510511
37.385394,-11.109801,1.593445
37.350482,-11.190936,1.593445
37.316583,-11.272491,1.510511
37.292341,-11.358045,1.593445
37.265245,-11.442418,1.483435
37.232419,-11.524416,1.510511
37.209249,-11.610415,1.593445
37.182508,-11.694935,1.483435
37.158924,-11.780762,1.510511
37.135813,-11.866785,1.593445
37.112702,-11.952808,1.593445
37.093575,-12.040481,1.566795
37.072919,-12.127522,1.593872
37.049808,-12.213545,1.566795
37.031753,-12.301662,1.510511
37.020197,-12.392471,1.566795
37.005156,-12.481837,1.593872
36.982044,-12.567860,1.566795
36.958933,-12.653883,1.539719
36.944921,-12.743675,1.512643
36.927322,-12.831981,1.566795
36.904210,-12.918004,1.593872
36.881099,-13.004027,1.593872
36.861474,-13.091494,1.512643
36.849918,-13.182303,1.512643
36.838362,-13.273113,1.539719
36.826806,-13.363922,1.566795
36.821294,-13.457235,1.593872
36.821294,-13.552831,1.620948
36.821294,-13.648427,1.593872
36.821294,-13.744023,1.539719
36.818637,-13.838518,1.512643
36.807081,-13.929328,1.512643
36.795525,-14.020137,1.512643
36.787699,-14.109402,1.512643
36.787699,-14.195425,1.512643
36.787699,-14.281447,1.512643
36.787699,-14.367470,1.512643
36.790357,-14.454594,1.512643
36.801913,-14.545404,1.512643
36.813468,-14.636213,1.512643
36.821294,-14.728567,1.539719
36.821294,-14.824163,1.566796
36.821294,-14.919759,1.593872
36.821294,-15.015355,1.620948
36.829809,-15.107424,1.593872
36.841365,-15.198234,1.539719
36.852920,-15.289043,1.512643
36.874063,-15.375882,1.539719
36.897174,-15.461905,1.566796
36.920286,-15.547928,1.593872
36.943397,-15.633951,1.483435
36.957994,-15.723500,1.510511
36.975008,-15.812049,1.566796
36.998120,-15.898072,1.593872
37.011644,-15.988066,1.593445
37.023200,-16.078875,1.510511
37.042772,-16.166364,1.593872
37.065883,-16.252387,1.566795
37.088995,-16.338410,1.510511
37.107565,-16.426314,1.593445
37.129694,-16.512744,1.593445
37.153309,-16.598558,1.510511
37.186581,-16.680373,1.593445
37.213232,-16.764929,1.593445
37.237919,-16.850300,1.510511
37.272262,-16.931670,1.593445
37.306012,-17.013286,1.593445
37.332753,-17.097806,1.510511
37.366917,-17.179251,1.593445
37.391424,-17.264696,1.593445
37.418255,-17.349178,1.510511
37.451346,-17.431067,1.593445
37.474781,-17.516956,1.510511
37.502684,-17.600994,1.483435
37.534704,-17.683327,1.593445
37.562193,-17.767537,1.510511
37.596860,-17.848773,1.593445
37.627808,-17.931550,1.593445
37.656369,-18.015316,1.510511
37.691037,-18.096552,1.593445
37.720912,-18.179773,1.593445
37.750546,-18.263094,1.510511
37.780835,-18.346144,1.593445
37.803946,-18.432167,1.483435
37.834652,-18.515045,1.593445
37.863869,-18.598538,1.510511
37.894161,-18.681587,1.483435
37.928828,-18.762823,1.593445
37.956973,-18.846761,1.510511
37.988337,-18.929366,1.483435
38.023004,-19.010602,1.593445
38.050077,-19.094984,1.510511
38.082513,-19.177145,1.593445
38.110000,-19.261356,1.593445
38.133851,-19.347072,1.510511
38.167359,-19.428789,1.593445
38.193774,-19.513443,1.510511
38.218697,-19.598716,1.483435
38.253277,-19.679988,1.593445
38.280018,-19.764508,1.510511
38.314184,-19.845952,1.483435
38.348111,-19.927494,1.593445
38.374852,-20.012014,1.510511
38.409519,-20.093250,1.593445
38.442375,-20.175237,1.593445
38.469116,-20.259757,1.510511
38.502385,-20.341572,1.593445
38.525997,-20.427388,1.593445
38.553722,-20.511499,1.510511
38.585919,-20.593759,1.593445
38.609031,-20.679782,1.510511
38.637828,-20.763450,1.483435
38.668953,-20.846153,1.593445
38.692065,-20.932176,1.510511
38.721934,-21.015400,1.483435
38.751987,-21.098547,1.510511
38.781443,-21.181942,1.483435
38.816111,-21.263179,1.593445
38.845092,-21.346770,1.510511
38.875620,-21.429721,1.483435
38.910287,-21.510958,1.593445
38.938196,-21.594993,1.510511
38.969796,-21.677500,1.593445
38.998118,-21.761365,1.510511
39.021230,-21.847387,1.483435
39.053902,-21.929450,1.593445
39.081152,-22.013759,1.510511
39.113411,-22.095993,1.483435
39.148078,-22.177229,1.593445
39.174819,-22.261749,1.510511
39.208150,-22.343539,1.593445
39.242817,-22.424775,1.593445
39.269558,-22.509295,1.510511
39.303960,-22.590641,1.593445
39.329480,-22.675666,1.593445
39.355298,-22.760568,1.510511
39.389403,-22.842037,1.593445
39.413851,-22.927506,1.510511
39.440741,-23.011964,1.483435
39.473773,-23.093878,1.593445
39.500514,-23.178397,1.510511
39.535181,-23.259633,1.593445
39.567142,-23.341991,1.593445
39.594690,-23.426176,1.510511
39.629358,-23.507412,1.593445
39.660246,-23.590214,1.593445
39.688867,-23.673955,1.510511
39.720169,-23.756585,1.593445
39.743280,-23.842608,1.593445
39.772973,-23.925905,1.510511
39.803203,-24.008979,1.593445
39.826314,-24.095002,1.483435
39.857079,-24.177855,1.593445
39.886237,-24.261373,1.510511
39.916588,-24.344398,1.483435
39.951255,-24.425634,1.593445
39.979341,-24.509596,1.510511
40.010764,-24.592177,1.483435
40.045431,-24.673413,1.593445
40.072445,-24.757819,1.510511
40.104940,-24.839956,1.593445
40.132368,-24.924191,1.593445
40.156278,-25.009883,1.510511
40.189845,-25.091575,1.593445
40.216200,-25.176254,1.593445
40.241183,-25.261502,1.510511
40.275822,-25.342750,1.593445
40.301105,-25.427873,1.510511
40.327159,-25.512677,1.483435
40.361028,-25.594244,1.593445
40.385240,-25.679812,1.510511
40.412366,-25.764172,1.483435
40.445162,-25.846183,1.593445
40.468302,-25.932194,1.510511
40.496500,-26.016110,1.483435
40.528224,-26.098565,1.593445
40.556009,-26.182652,1.510511
40.590676,-26.263889,1.593445
40.621329,-26.346788,1.593445
40.644440,-26.432811,1.510511
40.674782,-26.515839,1.593445
40.704363,-26.599182,1.510511
40.727474,-26.685205,1.483435
40.754215,-26.769725,1.593445
40.777326,-26.855748,1.510511
40.800438,-26.941771,1.483435
40.832924,-27.023910,1.593872
40.860360,-27.108142,1.566795
40.883472,-27.194165,1.510511
40.906583,-27.280188,1.593445
40.921392,-27.369650,1.593445
40.932948,-27.460459,1.510511
40.944503,-27.551269,1.483435
40.954902,-27.642557,1.456359
40.966458,-27.733367,1.402206
40.978013,-27.824176,1.375130
40.989569,-27.914986,1.512643
41.001125,-28.005795,1.512643
41.008591,-28.094911,1.512643
41.008591,-28.180934,1.539719
41.000373,-28.270360,1.566795
40.988818,-28.361170,1.593872
40.970615,-28.449226,1.483435
40.947503,-28.535249,1.510511
40.918158,-28.618690,1.593445
40.881451,-28.695490,1.566795
40.840963,-28.767547,1.649730
40.789195,-28.831682,1.649730
40.723771,-28.882161,1.649730
40.651337,-28.921737,1.566795
40.573625,-28.958066,1.593445
40.489806,-28.986500,1.510511
40.403783,-29.009611,1.483435
40.315350,-29.026903,1.593872
40.224540,-29.038458,1.566795
40.133731,-29.050014,1.539719
40.042921,-29.061570,1.512643
39.951632,-29.057527,1.512643
39.860823,-29.045972,1.512643
39.770014,-29.034416,1.512643
39.679204,-29.022860,1.375130
39.588395,-29.011304,1.402206
39.497585,-28.999749,1.429282
39.408672,-28.983615,1.456359
39.319658,-28.967724,1.483435
39.228849,-28.956168,1.510511
39.140380,-28.938963,1.456359
39.054357,-28.915851,1.483435
38.968334,-28.892740,1.510511
38.885095,-28.862906,1.593445
38.801963,-28.832817,1.510511
38.715940,-28.809706,1.593445
38.633145,-28.778800,1.510511
38.549568,-28.749783,1.593445
38.466603,-28.719291,1.510511
38.385366,-28.684624,1.510511
38.304231,-28.649712,1.510511
38.222995,-28.615045,1.510511
38.144473,-28.573824,1.510511
38.064795,-28.535395,1.510511
37.986102,-28.494588,1.510511
37.906595,-28.455746,1.510511
37.827730,-28.415352,1.510511
37.748395,-28.376097,1.510511
37.669359,-28.336117,1.510511
37.590194,-28.296447,1.510511
37.510987,-28.256881,1.510511
37.431994,-28.216798,1.510511
37.352616,-28.177645,1.510511
37.273794,-28.137148,1.510511
37.194245,-28.098409,1.510511
37.115594,-28.057499,1.510511
37.035873,-28.019173,1.510511
36.957394,-27.977850,1.510511
36.877502,-27.939937,1.510511
36.799194,-27.898200,1.510511
36.719130,-27.860701,1.510511
36.641380,-27.817618,1.510511
36.564530,-27.772362,1.510511
36.486780,-27.729278,1.483435
36.409758,-27.684436,1.510511
36.332008,-27.641352,1.483861
36.254815,-27.596923,1.566795
36.180449,-27.545669,1.510511
36.103613,-27.500378,1.510511
36.025863,-27.457295,1.510511
35.949198,-27.411591,1.510511
35.871448,-27.368508,1.566795
35.797082,-27.317254,1.540145
35.722716,-27.266000,1.510511
35.647796,-27.216084,1.540145
35.572516,-27.167037,1.540145
35.498150,-27.115783,1.566795
35.426083,-27.058978,1.540145
35.355102,-26.999552,1.510511
35.284121,-26.940127,1.540145
35.211117,-26.885586,1.566795
35.137305,-26.832993,1.540145
35.066324,-26.773567,1.510511
34.995343,-26.714142,1.540145
34.924362,-26.654717,1.483861
34.853381,-26.595291,1.457211
34.782400,-26.535866,1.540145
34.710736,-26.478087,1.540145
34.639755,-26.418662,1.510511
34.568774,-26.359236,1.540145
34.496045,-26.304030,1.566795
34.421679,-26.252776,1.540145
34.347314,-26.201521,1.510511
34.272158,-26.152174,1.540145
34.197113,-26.102559,1.483861
34.122748,-26.051304,1.566795
34.048382,-26.000050,1.540145
33.975764,-25.944576,1.510511
33.904783,-25.885151,1.540145
33.833801,-25.825726,1.566795
33.762138,-25.767947,1.540145
33.691157,-25.708522,1.510511
33.620176,-25.649096,1.540145
33.549195,-25.589671,1.483861
33.478213,-25.530245,1.457211
33.403848,-25.478991,1.540145
33.329482,-25.427737,1.540145
33.256588,-25.372929,1.510511
33.185607,-25.313503,1.540145
33.114626,-25.254078,1.566795
33.042448,-25.197540,1.540145
32.968083,-25.146286,1.510511
32.897101,-25.086860,1.540145
32.826120,-25.027435,1.483861
32.755139,-24.968009,1.457211
32.680773,-24.916755,1.540145
32.606408,-24.865501,1.510511
32.533238,-24.811359,1.483861
32.462257,-24.751933,1.566795
32.391276,-24.692508,1.540145
32.319374,-24.635304,1.510511
32.243473,-24.587758,1.540145
32.169107,-24.536503,1.540145
32.094741,-24.485249,1.457211
32.020375,-24.433995,1.540145
31.946010,-24.382740,1.540145
31.871644,-24.331486,1.510511
31.798199,-24.278010,1.540145
31.728753,-24.214877,1.566795
31.659725,-24.150735,1.540145
31.588744,-24.091310,1.510511
31.516503,-24.034926,1.540145
31.442137,-23.983672,1.483861
31.367771,-23.932418,1.566795
31.293406,-23.881163,1.540145
31.219040,-23.829909,1.510511
31.146105,-23.775199,1.540145
31.075124,-23.715774,1.566795
31.003461,-23.657995,1.540145
30.932480,-23.598570,1.510511
30.859728,-23.543420,1.540145
30.785362,-23.492165,1.540145
30.710996,-23.440911,1.540145
30.636631,-23.389657,1.540145
30.562265,-23.338402,1.540145
30.489841,-23.282459,1.510511
30.418860,-23.223034,1.540145
30.349650,-23.159333,1.566795
30.280387,-23.095760,1.540145
30.209406,-23.036334,1.510511
30.136929,-22.980518,1.540145
30.062564,-22.929264,1.566795
29.988198,-22.878010,1.566795
29.913832,-22.826755,1.540145
29.839466,-22.775501,1.510511
29.763382,-22.728395,1.540145
29.689017,-22.677140,1.566795
29.616146,-22.622277,1.540145
29.545165,-22.562851,1.510511
29.474184,-22.503426,1.540145
29.403202,-22.444000,1.566795
29.332221,-22.384575,1.540145
29.264625,-22.316978,1.540145
29.193644,-22.257553,1.540145
29.122662,-22.198127,1.510511
29.051681,-22.138702,1.483861
28.978012,-22.085766,1.566795
28.903646,-22.034512,1.540145
28.829280,-21.983258,1.510511
28.754915,-21.932003,1.540145
28.682990,-21.874856,1.566795
28.608624,-21.823601,1.540145
28.534258,-21.772347,1.540145
28.462581,-21.714603,1.510511
28.388215,-21.663349,1.540145
28.313849,-21.612094,1.566795
28.239484,-21.560840,1.540145
28.166061,-21.507308,1.510511
28.095080,-21.447882,1.540145
28.024099,-21.388457,1.566795
27.952450,-21.330644,1.540145
27.881469,-21.271218,1.510511
27.809991,-21.212992,1.510511
27.735625,-21.161737,1.483861
27.662045,-21.110158,1.540145
27.595850,-21.055519,1.540145
27.529502,-21.001252,1.540145
27.460590,-20.953172,1.510511
27.394396,-20.898533,1.540145
27.328698,-20.842695,1.483861
27.265888,-20.779885,1.566795
27.199883,-20.723217,1.540145
27.125517,-20.671962,1.510511
27.051305,-20.620336,1.540145
26.978873,-20.564415,1.566795
26.904507,-20.513161,1.540145
26.830141,-20.461906,1.510511
26.755775,-20.410652,1.510511
26.683819,-20.353581,1.483861
26.612838,-20.294156,1.566795
26.538937,-20.241780,1.540145
26.466022,-20.187022,1.510511
26.395041,-20.127596,1.540145
26.324060,-20.068171,1.540145
26.251903,-20.011584,1.540145
26.177537,-19.960330,1.540145
26.103172,-19.909075,1.510511
26.031726,-19.850771,1.510511
25.960745,-19.791345,1.483861
25.886379,-19.740091,1.566795
25.812013,-19.688837,1.540145
25.738823,-19.634744,1.510511
25.667842,-19.575319,1.540145
25.596861,-19.515893,1.566795
25.524980,-19.458640,1.540145
25.450614,-19.407386,1.510511
25.379633,-19.347961,1.510511
25.308652,-19.288535,1.483861
25.237671,-19.229110,1.457211
25.163534,-19.177302,1.540145
25.089168,-19.126048,1.510511
25.012718,-19.079825,1.540145
24.938353,-19.028570,1.566795
24.863987,-18.977316,1.540145
24.789621,-18.926062,1.510511
24.715255,-18.874807,1.540145
24.643592,-18.817029,1.540145
24.569226,-18.765775,1.540145
24.497845,-18.707316,1.566795
24.426864,-18.647891,1.540145
24.355882,-18.588465,1.510511
24.282193,-18.535578,1.540145
24.207827,-18.484324,1.566795
24.133914,-18.431976,1.483861
24.062933,-18.372551,1.510511
23.991952,-18.313125,1.540145
23.920794,-18.254127,1.483861
23.846428,-18.202873,1.566795
23.774770,-18.145080,1.540145
23.703789,-18.085655,1.510511
23.632808,-18.026229,1.540145
23.561827,-17.966804,1.566795
23.489200,-17.911352,1.540145
23.415011,-17.859670,1.510511
23.342555,-17.803805,1.540145
23.268190,-17.752551,1.540145
23.193824,-17.701296,1.540145
23.119458,-17.650042,1.540145
23.045092,-17.598788,1.540145
22.972373,-17.543560,1.510511
22.901391,-17.484134,1.540145
22.831885,-17.421149,1.566795
22.762918,-17.356860,1.540145
22.691937,-17.297434,1.510511
22.620956,-17.238009,1.540145
22.549975,-17.178584,1.483861
22.478994,-17.119158,1.457211
22.404628,-17.067904,1.540145
22.330262,-17.016649,1.510511
22.257266,-16.962087,1.483861
22.186285,-16.902662,1.566795
22.115304,-16.843236,1.540145
22.043229,-16.786453,1.510511
21.968863,-16.735199,1.540145
21.897882,-16.675773,1.483861
21.826900,-16.616348,1.457211
21.755919,-16.556922,1.457211
21.681588,-16.505584,1.540145
21.607223,-16.454330,1.510511
21.533951,-16.400433,1.483861
21.460578,-16.346783,1.566795
21.386212,-16.295528,1.540145
21.311847,-16.244274,1.510511
21.236047,-16.196482,1.540145
21.161646,-16.145311,1.566795
21.087281,-16.094057,1.483861
21.012915,-16.042803,1.540145
20.940941,-15.985774,1.510511
20.866575,-15.934519,1.540145
20.792210,-15.883265,1.566795
20.719278,-15.828549,1.540145
20.648297,-15.769123,1.510511
20.577315,-15.709698,1.540145
20.506334,-15.650272,1.566795
20.434981,-15.591744,1.540145
20.364000,-15.532319,1.540145
20.293019,-15.472893,1.540145
20.222038,-15.413468,1.510511
20.147672,-15.362213,1.540145
20.073306,-15.310959,1.566795
19.998941,-15.259705,1.540145
19.924947,-15.207553,1.510511
19.853965,-15.148128,1.540145
19.782984,-15.088702,1.566795
19.711907,-15.029508,1.540145
19.640926,-14.970083,1.540145
19.569945,-14.910657,1.510511
19.495579,-14.859403,1.483861
19.421213,-14.808149,1.566795
19.346848,-14.756894,1.540145
19.272482,-14.705640,1.510511
19.196032,-14.659417,1.540145
19.121666,-14.608163,1.566795
19.052150,-14.554900,1.483861
18.989340,-14.492090,1.540145
18.924693,-14.433716,1.510511
18.856045,-14.384998,1.540145
18.786466,-14.338531,1.540145
18.719067,-14.286800,1.540145
18.652872,-14.232161,1.483861
18.581828,-14.179531,1.540145
18.507462,-14.128276,1.510511
18.434934,-14.072586,1.540145
18.363271,-14.014807,1.566795
18.292289,-13.955382,1.540145
18.221308,-13.895957,1.510511
18.150327,-13.836531,1.540145
18.079346,-13.777106,1.566795
18.007761,-13.719138,1.540145
17.933395,-13.667884,1.510511
17.862164,-13.609061,1.510511
17.791183,-13.549635,1.483861
17.720202,-13.490210,1.457211
17.646362,-13.437687,1.540145
17.571996,-13.386433,1.510511
17.498234,-13.333721,1.540145
17.427253,-13.274295,1.540145
17.355157,-13.217561,1.540145
17.280791,-13.166307,1.540145
17.206426,-13.115052,1.540145
17.134919,-13.056895,1.510511
17.063938,-12.997470,1.483861
16.992957,-12.938044,1.566795
16.919392,-12.884856,1.540145
16.846141,-12.830911,1.510511
16.775160,-12.771485,1.540145
16.702553,-12.715984,1.566795
16.628187,-12.664730,1.540145
16.553822,-12.613475,1.510511
16.479456,-12.562221,1.510511
16.407673,-12.504730,1.483861
16.333308,-12.453475,1.566795
16.258942,-12.402221,1.540145
16.186202,-12.347042,1.510511
16.112298,-12.294674,1.540145
16.037932,-12.243419,1.566795
15.963566,-12.192165,1.540145
15.889200,-12.140911,1.510511
15.817041,-12.084330,1.540145
15.742675,-12.033076,1.540145
15.668309,-11.981822,1.457211
15.596866,-11.923511,1.540145
15.525885,-11.864085,1.540145
15.454904,-11.804660,1.510511
15.383923,-11.745234,1.540145
15.312260,-11.687456,1.566795
15.241278,-11.628030,1.540145
15.170297,-11.568605,1.510511
15.099316,-11.509179,1.540145
15.028335,-11.449754,1.483861
14.957354,-11.390329,1.566795
14.883043,-11.338941,1.540145
14.810538,-11.283195,1.510511
14.736399,-11.231394,1.540145
14.662033,-11.180139,1.566795
14.587667,-11.128885,1.540145
14.513302,-11.077631,1.510511
14.438936,-11.026376,1.540145
14.367899,-10.967084,1.540145
14.296918,-10.907659,1.540145
14.229095,-10.840609,1.540145
14.158445,-10.780384,1.540145
14.087464,-10.720959,1.510511
14.016483,-10.661534,1.483861
13.945502,-10.602108,1.566795
13.873211,-10.545843,1.540145
13.798845,-10.494589,1.510511
13.723342,-10.446082,1.540145
13.648645,-10.395626,1.483861
13.574279,-10.344372,1.566795
13.499914,-10.293118,1.540145
13.425548,-10.241863,1.510511
13.349107,-10.195619,1.540145
13.274741,-10.144365,1.566795
13.201513,-10.090364,1.540145
13.130532,-10.030938,1.510511
13.059551,-9.971513,1.540145
12.988570,-9.912087,1.540145
12.917513,-9.852844,1.540145
12.846532,-9.793419,1.540145
12.775551,-9.733993,1.540145
12.704569,-9.674568,1.510511
12.633588,-9.615142,1.540145
12.562607,-9.555717,1.566795
12.490082,-9.500020,1.540145
12.415791,-9.448583,1.510511
12.343437,-9.392472,1.540145
12.269072,-9.341218,1.566795
12.194706,-9.289964,1.566795
12.120340,-9.238709,1.540145
12.045974,-9.187455,1.510511
11.969768,-9.140644,1.540145
11.895402,-9.089389,1.566795
11.822410,-9.034820,1.540145
11.751429,-8.975395,1.510511
11.680447,-8.915969,1.540145
11.609466,-8.856544,1.566795
11.538485,-8.797119,1.540145
11.470888,-8.729522,1.540145
11.399907,-8.670097,1.510511
11.328926,-8.610671,1.483861
11.257945,-8.551246,1.457211
11.184398,-8.498015,1.540145
11.110032,-8.446761,1.540145
11.035666,-8.395506,1.510511
10.961301,-8.344252,1.540145
10.889498,-8.286810,1.566795
10.815132,-8.235556,1.540145
10.740766,-8.184301,1.540145
10.668967,-8.126852,1.510511
10.597985,-8.067427,1.483861
10.527004,-8.008001,1.566795
10.453733,-7.954105,1.540145
10.380189,-7.900867,1.510511
10.307088,-7.846557,1.540145
10.232723,-7.795303,1.566795
10.158357,-7.744049,1.540145
10.083991,-7.692794,1.510511
10.009251,-7.642444,1.510511
9.933791,-7.593832,1.540145
9.859425,-7.542577,1.540145
9.787178,-7.486208,1.540145
9.716197,-7.426782,1.483861
9.645216,-7.367357,1.510511
9.572392,-7.312381,1.540145
9.498400,-7.260223,1.566795
9.427419,-7.200797,1.483861
9.356438,-7.141372,1.510511
9.285457,-7.081946,1.510511
9.214476,-7.022521,1.540145
9.140183,-6.971091,1.566795
9.067660,-6.915387,1.540145
8.996679,-6.855962,1.510511
8.925698,-6.796536,1.540145
8.853149,-6.740895,1.566795
8.778783,-6.689641,1.540145
8.704418,-6.638386,1.510511
8.633364,-6.579136,1.510511
8.562383,-6.519711,1.483861
8.488017,-6.468456,1.566795
8.413651,-6.417202,1.540145
8.340853,-6.362164,1.540145
8.269872,-6.302738,1.540145
8.196812,-6.248330,1.540145
8.122446,-6.197076,1.566795
8.048081,-6.145822,1.483861
7.977100,-6.086396,1.510511
7.906118,-6.026971,1.510511
7.835137,-5.967545,1.483861
7.764156,-5.908120,1.566795
7.692493,-5.850341,1.540145
7.621512,-5.790916,1.510511
7.550530,-5.731490,1.540145
7.479549,-5.672065,1.566795
7.407552,-5.615092,1.540145
7.333186,-5.563838,1.510511
7.257976,-5.514623,1.510511
7.182986,-5.464875,1.483861
7.108620,-5.413621,1.566795
7.034255,-5.362366,1.540145
6.959889,-5.311112,1.510511
6.883439,-5.264889,1.540145
6.809073,-5.213635,1.540145
6.735552,-5.160341,1.540145
6.664571,-5.100916,1.483861
6.593590,-5.041491,1.510511
6.522609,-4.982065,1.540145
6.451627,-4.922640,1.540145
6.383746,-4.855730,1.566795
6.313154,-4.795365,1.540145
6.242173,-4.735940,1.510511
6.171192,-4.676515,1.540145
6.098173,-4.622009,1.566795
6.023807,-4.570754,1.540145
5.949441,-4.519500,1.510511
5.875076,-4.468246,1.540145
5.803706,-4.409759,1.483861
5.732724,-4.350334,1.457211
5.658359,-4.299079,1.540145
5.586031,-4.242906,1.510511
5.515049,-4.183480,1.483861
5.444068,-4.124055,1.540145
5.371325,-4.068883,1.540145
5.296959,-4.017629,1.540145
5.222594,-3.966374,1.510511
5.151613,-3.906949,1.540145
5.080631,-3.847523,1.483861
5.009650,-3.788098,1.566795
4.935438,-3.736472,1.540145
4.862834,-3.680964,1.510511
4.788794,-3.628925,1.540145
4.714428,-3.577671,1.566795
4.640062,-3.526416,1.540145
4.565697,-3.475162,1.510511
4.490016,-3.427082,1.540145
4.415496,-3.376199,1.566795
4.341131,-3.324945,1.483861
4.269824,-3.266304,1.540145
4.198843,-3.206879,1.510511
4.127862,-3.147453,1.540145
4.056881,-3.088028,1.566795
3.987215,-3.025428,1.540145
3.918408,-2.960754,1.540145
3.847426,-2.901328,1.540145
3.775406,-2.844412,1.540145
3.701040,-2.793157,1.483861
3.626675,-2.741903,1.566795
3.552309,-2.690649,1.540145
3.477943,-2.639394,1.510511
3.404788,-2.585218,1.540145
3.331299,-2.531847,1.566795
3.257972,-2.478084,1.540145
3.186991,-2.418659,1.510511
3.116010,-2.359233,1.540145
3.045029,-2.299808,1.566795
2.974047,-2.240382,1.457211
2.899682,-2.189128,1.540145
2.827824,-2.131819,1.510511
2.756843,-2.072393,1.483861
2.685861,-2.012968,1.566795
2.612648,-1.958931,1.540145
2.538282,-1.907677,1.510511
2.463917,-1.856423,1.540145
2.391661,-1.800074,1.540145
2.317295,-1.748819,1.540145
2.242930,-1.697565,1.540145
2.168564,-1.646311,1.540145
2.096430,-1.589667,1.510511
2.025449,-1.530242,1.540145
1.954468,-1.470817,1.566795
1.882805,-1.413038,1.540145
1.811824,-1.353613,1.510511
1.740842,-1.294187,1.540145
1.668863,-1.237172,1.566795
1.594497,-1.185918,1.457211
1.520131,-1.134664,1.540145
1.445725,-1.083507,1.510511
1.369931,-1.035701,1.483861
1.295565,-0.984447,1.566795
1.221199,-0.933192,1.540145
1.147832,-0.879527,1.510511
1.076851,-0.820102,1.540145
1.004360,-0.764320,1.540145
0.930035,-0.712968,1.457211
0.859054,-0.653543,1.483861
0.788073,-0.594117,1.540145
0.717092,-0.534692,1.510511
0.642726,-0.483437,1.540145
0.568360,-0.432183,1.566795
0.495504,-0.377285,1.540145
0.424523,-0.317859,1.510511
0.353542,-0.258434,1.540145
0.282560,-0.199008,1.566795
0.211579,-0.139583,1.540145
0.143983,-0.071986,1.540145
0.073002,-0.012561,1.510511
0.002020,0.046865,1.483861
-0.068961,0.106290,1.457211
-0.142644,0.159191,1.540145
-0.217010,0.210446,1.510511
-0.291376,0.261700,1.483861
-0.365742,0.312954,1.540145
-0.436723,0.372380,1.540145
-0.507875,0.431392,1.457211
-0.582241,0.482646,1.540145
-0.653904,0.540424,1.510511
-0.724885,0.599850,1.483861
-0.799080,0.651518,1.566795
-0.873446,0.702772,1.540145
