#s_m,x_m,y_m,psi_rad,kappa_radpm,vx_mps,ax_mps2
0.0000000,-1.1556278,0.2745897,2.4958354,0.0067607,8.4999348,0.0013953
0.1999994,-1.3154399,0.3948387,2.4972480,0.0073649,8.4999677,0.0000005
0.3999987,-1.4754288,0.5148517,2.4987860,0.0080130,8.4999677,0.0000004
0.5999981,-1.6356093,0.6346082,2.5004478,0.0086016,8.4999677,0.0000004
0.7999974,-1.7959949,0.7540892,2.5022175,0.0090881,8.4999677,0.0000003
0.9999968,-1.9565967,0.8732789,2.5040706,0.0094336,8.4999677,0.0000002
1.1999961,-2.1174222,0.9921660,2.5059751,0.0095974,8.4999677,0.0000000
1.3999955,-2.2784748,1.1107451,2.5078902,0.0095353,8.4999677,-0.0000002
1.5999948,-2.4397523,1.2290178,2.5097661,0.0092016,8.4999677,-0.0000005
1.7999942,-2.6012462,1.3469948,2.5115441,0.0085510,8.4999677,-0.0000007
1.9999935,-2.7629406,1.4646970,2.5131565,0.0075421,8.4999677,-0.0000008
2.1999929,-2.9248113,1.5821569,2.5145282,0.0061421,8.4999677,-0.0000005
2.3999922,-3.0868252,1.6994196,2.5155790,0.0043338,8.4999676,0.0000008
2.5999916,-3.2489398,1.8165438,2.5162278,0.0021264,8.4999677,0.0000030
2.7999910,-3.4111036,1.9336009,2.5163986,-0.0004374,8.4999677,0.0000043
2.9999903,-3.5732568,2.0506738,2.5160289,-0.0032658,8.4999678,0.0000042
3.1999897,-3.7353337,2.1678537,2.5150807,-0.0062067,8.4999679,0.0000035
3.3999890,-3.8972661,2.2852350,2.5135510,-0.0090683,8.4999680,0.0000014
3.5999884,-4.0589872,2.4029095,2.5114774,-0.0116382,8.4999681,-0.0000022
3.7999877,-4.2204368,2.5209587,2.5089411,-0.0136960,8.4999680,-0.0000071
3.9999871,-4.3815667,2.6394472,2.5060677,-0.0150241,8.4999678,-0.0000127
4.1999864,-4.5423354,2.7584090,2.5030199,-0.0154516,8.4999675,-0.0000170
4.3999858,-4.7027341,2.8778571,2.4999930,-0.0148010,8.4999671,-0.0000155
4.5999851,-4.8627799,2.9977748,2.4971712,-0.0133891,8.4999668,0.0000049
4.7999845,-5.0225081,3.1181128,2.4947794,-0.0104202,8.4999669,-6.9588942
4.9999838,-5.1819810,3.2387868,2.4929143,-0.0083497,8.3346199,-9.0683814
5.1999832,-5.3412480,3.3597310,2.4913358,-0.0076218,8.1140956,-9.2895047
5.3999826,-5.5003296,3.4809184,2.4898455,-0.0073245,7.8817991,-9.2603414
5.5999819,-5.6592315,3.6023420,2.4883290,-0.0080926,7.6432083,-9.1595122
5.7999813,-5.8179335,3.7240287,2.4864557,-0.0112733,7.3996513,-8.9464436
5.9999806,-5.9763571,3.8460810,2.4835989,-0.0184210,7.1537594,-8.5824673
6.1999800,-6.1343273,3.9687255,2.4788210,-0.0309510,6.9096525,-8.0437058
6.3999793,-6.2915317,4.0923529,2.4709442,-0.0495420,6.6727675,-7.3383446
6.5999787,-6.4475018,4.2175393,2.4587563,-0.0737525,6.4490695,-6.5128814
6.7999780,-6.6016104,4.3450216,2.4412676,-0.1014370,6.2438253,-5.6424073
6.9999774,-6.7530698,4.4755770,2.4181679,-0.1292390,6.0603959,-4.8115293
7.1999767,-6.9011417,4.6100188,2.3898146,-0.1548207,5.8994739,-4.0928470
7.3999761,-7.0450394,4.7490840,2.3556907,-0.1857181,5.7590502,-3.5113503
7.5999754,-7.1835888,4.8932722,2.3159306,-0.2123193,5.6357895,-3.1600606
7.7999748,-7.3159157,5.0431947,2.2711990,-0.2349054,5.5225088,-3.0121405
7.9999742,-7.4410952,5.1992247,2.2218617,-0.2587167,5.4123240,-2.9492493
8.1999735,-7.5580525,5.3615663,2.1674744,-0.2852818,5.3022217,-2.9463073
8.3999729,-7.6655510,5.5303330,2.1074619,-0.3145101,5.1898975,-2.9959800
8.5999722,-7.7621985,5.7055243,2.0413050,-0.3464067,5.0731300,-3.0983562
8.7999716,-7.8464429,5.8869641,1.9684812,-0.3809752,4.9494757,-3.2597057
8.9999709,-7.9165886,6.0742476,1.8885553,-0.4177919,4.8159559,-3.4951003
9.1999703,-7.9708469,6.2666893,1.8013105,-0.4555049,4.6685539,-3.8316882
9.3999696,-8.0074379,6.4633341,1.7069361,-0.4904039,4.5014137,-4.3117205
9.5999690,-8.0247392,6.6630738,1.6064937,-0.5126205,4.3055828,-4.9870189
9.7999683,-8.0215884,6.8644787,1.5040563,-0.4948083,4.0673384,-5.8895200
9.9999677,-7.9991180,7.0631136,1.4178978,-0.3075840,3.7666220,-7.4328163
10.1999670,-7.9679181,7.2590084,1.4481357,0.9375048,3.3487796,-2.5605922
10.3999664,-7.9639777,7.4542855,1.6071836,0.0115731,3.1921922,3.5330254
10.5999658,-7.9674233,7.6553781,1.5544785,-0.4182395,3.4063612,3.5768750
10.7999651,-7.9550804,7.8544355,1.4609329,-0.4888719,3.6102689,3.2284044
10.9999645,-7.9232161,8.0525537,1.3617895,-0.4865783,3.7848909,2.9439429
11.1999638,-7.8721368,8.2465168,1.2654783,-0.4658480,3.9373815,2.7050398
11.3999632,-7.8031658,8.4347089,1.1743784,-0.4388043,4.0724667,2.4990064
11.5999625,-7.7179397,8.6159983,1.0892050,-0.4099552,4.1933977,2.3181230
11.7999619,-7.6181663,8.7895948,1.0100092,-0.3814657,4.3025377,2.1577531
11.9999612,-7.5055007,8.9549894,0.9364809,-0.3547276,4.4016962,1.9937817
12.1999606,-7.3815122,9.1118462,0.8681486,-0.3299372,4.4913739,1.8651148
12.3999599,-7.2473885,9.2602366,0.8042442,-0.3096328,4.5736728,1.7596583
12.5999593,-7.1042860,9.4000792,0.7441649,-0.2904593,4.6499832,1.7706475
12.7999586,-6.9532859,9.5313852,0.6880966,-0.2679488,4.7255265,1.9259237
12.9999580,-6.7955183,9.6543657,0.6370044,-0.2415927,4.8063466,2.2160809
13.1999574,-6.6321294,9.7695002,0.5916567,-0.2133191,4.8976930,2.6033136
13.3999567,-6.4639952,9.8775525,0.5516298,-0.1862939,5.0028711,3.0323805
13.5999561,-6.2919098,9.9793108,0.5174192,-0.1558222,5.1226621,3.4885580
13.7999554,-6.1166541,10.0756973,0.4892323,-0.1258003,5.2570986,3.8967153
13.9999548,-5.9389932,10.1676427,0.4668304,-0.0982555,5.4033108,4.2492351
14.1999541,-5.7595632,10.2560592,0.4496381,-0.0742076,5.5583681,4.5480876
14.3999535,-5.5788447,10.3417870,0.4368806,-0.0543177,5.7196753,4.7908989
14.5999528,-5.3972115,10.4255356,0.4277083,-0.0384161,5.8848142,4.9842731
14.7999522,-5.2149467,10.5078782,0.4213599,-0.0259612,6.0518378,5.1359035
14.9999515,-5.0322624,10.5892670,0.4171942,-0.0164797,6.2192520,5.2514163
15.1999509,-4.8493146,10.6700478,0.4146489,-0.0096408,6.3858951,5.3346556
15.3999502,-4.6662131,10.7504708,0.4132216,-0.0052101,6.5508405,5.3882609
15.5999496,-4.4830278,10.8306983,0.4124496,-0.0029062,6.7133306,5.4172446
15.7999489,-4.2997945,10.9108154,0.4119680,-0.0020229,6.8728232,5.4338890
15.9999483,-4.1165276,10.9908573,0.4116089,-0.0015736,7.0291712,5.4497062
16.1999477,-3.9332343,11.0708418,0.4113363,-0.0011658,7.1825569,5.4648221
16.3999470,-3.7499209,11.1507840,0.4111365,-0.0008367,7.3331470,5.4792394
16.5999464,-3.5665925,11.2306959,0.4109990,-0.0005418,7.4810917,5.4929559
16.7999457,-3.3832537,11.3105886,0.4109163,-0.0002883,7.6265267,5.5059701
16.9999451,-3.1999086,11.3904712,0.4108804,-0.0000727,7.7695746,5.5182749
17.1999444,-3.0165606,11.4703517,0.4108836,0.0001031,7.9103472,5.5298323
17.3999438,-2.8332127,11.5502365,0.4109193,0.0002470,8.0489452,5.5402039
17.5999431,-2.6498669,11.6301302,0.4109701,0.0002468,8.1854501,5.5450438
17.7999425,-2.4665230,11.7100320,0.4109905,-0.0000573,8.3198319,5.3833324
17.9999418,-2.2831763,11.7899307,0.4109208,-0.0006481,8.4482501,2.1913156
18.1999412,-2.0998179,11.8698054,0.4107172,-0.0013964,8.4999678,-0.0000030
18.3999405,-1.9164359,11.9496286,0.4103523,-0.0022550,8.4999677,-0.0000019
18.5999399,-1.7330171,12.0293695,0.4098149,-0.0031128,8.4999677,-0.0000018
18.7999393,-1.5495484,12.1089970,0.4091168,-0.0038571,8.4999676,-0.0000019
18.9999386,-1.3660182,12.1884837,0.4082838,-0.0044587,8.4999676,-0.0000019
19.1999380,-1.1824175,12.2678074,0.4073459,-0.0049001,8.4999676,-0.0000020
19.3999373,-0.9987392,12.3469520,0.4063372,-0.0051698,8.4999675,-0.0000019
19.5999367,-0.8149803,12.4259067,0.4052901,-0.0051676,8.4999675,-0.0000015
19.7999360,-0.6311525,12.5046694,0.4043251,-0.0045919,8.4999674,-0.0000009
19.9999354,-0.4472568,12.5832593,0.4034148,-0.0045265,8.4999674,-0.0000003
20.1999347,-0.2632811,12.6616863,0.4025165,-0.0042992,8.4999674,-0.0000001
20.3999341,-0.0792381,12.7399571,0.4017348,-0.0034937,8.4999674,0.0000000
20.5999334,0.1048573,12.8180987,0.4011269,-0.0025386,8.4999674,0.0000001
20.7999328,0.2889923,12.8961472,0.4007305,-0.0013840,8.4999674,0.0000001
20.9999321,0.4731483,12.9741449,0.4005829,-0.0000490,8.4999674,0.0000002
21.1999315,0.6573050,13.0521411,0.4007202,0.0014639,8.4999674,0.0000003
21.3999309,0.8414389,13.1301915,0.4011771,0.0031459,8.4999674,0.0000004
21.5999302,1.0255240,13.2083583,0.4019866,0.0049861,8.4999674,0.0000005
21.7999296,1.2095315,13.2867090,0.4031787,0.0069692,8.4999674,0.0000007
21.9999289,1.3934303,13.3653166,0.4047804,0.0090755,8.4999674,0.0000009
22.1999283,1.5771868,13.4442584,0.4068138,0.0112792,8.4999675,0.0000012
22.3999276,1.7607655,13.5236149,0.4092952,0.0135480,8.4999675,0.0000014
22.5999270,1.9441293,13.6034689,0.4122338,0.0158419,8.4999675,0.0000017
22.7999263,2.1272399,13.6839036,0.4156299,0.0181130,8.4999676,0.0000020
22.9999257,2.3100585,13.7650011,0.4194732,0.0203046,8.4999676,0.0000021
23.1999250,2.4925469,13.8468400,0.4237413,0.0223508,8.4999677,0.0000022
23.3999244,2.6746681,13.9294931,0.4283975,0.0241760,8.4999677,0.0000020
23.5999237,2.8563881,14.0130248,0.4333890,0.0256937,8.4999678,0.0000015
23.7999231,3.0376767,14.0974875,0.4386444,0.0268052,8.4999678,0.0000006
23.9999225,3.2185103,14.1829185,0.4440715,0.0274000,8.4999678,-0.0000007
24.1999218,3.3988733,14.2693363,0.4495548,0.0273576,8.4999678,-0.0000024
24.3999212,3.5787611,14.3567361,0.4549544,0.0265510,8.4999677,-0.0000045
24.5999205,3.7581828,14.4450855,0.4601050,0.0248527,8.4999676,-0.0000067
24.7999199,3.9371635,14.5343209,0.4648163,0.0221416,8.4999675,-0.0000087
24.9999192,4.1157480,14.6243430,0.4688757,0.0183135,8.4999673,-0.0000099
25.1999186,4.2940020,14.7150134,0.4720534,0.0133016,8.4999670,-0.0000091
25.3999179,4.4720150,14.8061529,0.4741093,0.0070733,8.4999668,-0.0000036
25.5999173,4.6498989,14.8975396,0.4748027,-0.0003429,8.4999667,0.0000114
25.7999166,4.8277907,14.9889109,0.4738956,-0.0089668,8.4999670,0.0000422
25.9999160,5.0058460,15.0799623,0.4711963,-0.0180990,8.4999680,0.0000914
26.1999153,5.1842082,15.1703560,0.4666156,-0.0279345,8.4999702,0.0001447
26.3999147,5.3630799,15.2597510,0.4599079,-0.0399317,8.4999736,0.0001420
26.5999141,5.5427004,15.3477367,0.4506617,-0.0521810,8.4999769,0.0000688
26.7999134,5.7232419,15.4338510,0.4390876,-0.0633319,8.4999785,-0.0000446
26.9999128,5.9048579,15.5176724,0.4253789,-0.0734071,8.4999775,-0.0002123
27.1999121,6.0876888,15.5988222,0.4097845,-0.0821419,8.4999725,-0.0005620
27.3999115,6.2718269,15.6769600,0.3925958,-0.0894314,8.4999593,-0.0016012
27.5999108,6.4573295,15.7517941,0.3740898,-0.0954276,8.4999216,-0.0127663
27.7999102,6.6442180,15.8230762,0.3545109,-0.1003119,8.4996212,-0.1308532
27.9999095,6.8324799,15.8905930,0.3340405,-0.1044423,8.4965416,-0.0980168
28.1999089,7.0221028,15.9541634,0.3127747,-0.1082651,8.4942341,0.1092385
28.3999082,7.2130719,16.0136214,0.2907928,-0.1114883,8.4968057,0.0873040
28.5999076,7.4053306,16.0688117,0.2682135,-0.1141620,8.4988605,0.0353211
28.7999069,7.5988066,16.1195991,0.2451209,-0.1166772,8.4996916,0.0103665
28.9999063,7.7934177,16.1658572,0.2215265,-0.1191492,8.4999356,0.0025306
29.1999057,7.9890734,16.2074625,0.1974410,-0.1215809,8.4999951,-0.0030871
29.3999050,8.1856764,16.2442949,0.1728731,-0.1239819,8.4999225,-0.0088878
29.5999044,8.3831223,16.2762381,0.1478313,-0.1263143,8.4997133,-0.0132047
29.7999037,8.5813006,16.3031811,0.1223424,-0.1284705,8.4994026,-0.0189241
29.9999031,8.7800949,16.3250227,0.0964536,-0.1303563,8.4989573,-0.0281663
30.1999024,8.9793838,16.3416754,0.0702248,-0.1319081,8.4982945,-0.0417727
30.3999018,9.1790420,16.3530680,0.0437309,-0.1330319,8.4973113,-0.0594900
30.5999011,9.3789415,16.3591490,0.0170673,-0.1336002,8.4959110,-0.0803323
30.7999005,9.5789519,16.3598914,6.2735431,-0.1334444,8.4940197,-0.1029360
30.9998998,9.7789396,16.3552999,6.2469494,-0.1323541,8.4915956,-0.1258293
31.1998992,9.9787676,16.3454192,6.2206802,-0.1300797,8.4886315,-0.1475994
31.3998985,10.1782934,16.3303453,6.1950004,-0.1263433,8.4851532,-0.1669745
31.5998979,10.3773699,16.3102389,6.1702359,-0.1208662,8.4812167,-0.1828529
31.7998973,10.5758512,16.2853376,6.1467676,-0.1134279,8.4769036,-0.1943139
31.9998966,10.7736074,16.2559640,6.1250038,-0.1039904,8.4723179,-0.2006472
32.1998960,10.9705584,16.2225194,6.1053173,-0.0928664,8.4675800,-0.2012130
32.3998953,11.1668939,16.1854185,6.0879086,-0.0813071,8.4628261,-0.1949769
32.5998947,11.3628628,16.1450543,6.0724356,-0.0754874,8.4582171,-0.1842479
32.7998940,11.5578788,16.1017870,6.0573057,-0.0745888,8.4538593,-0.1697647
32.9998934,11.7524132,16.0555637,6.0423687,-0.0773735,8.4498421,-0.1507531
33.1998927,11.9462144,16.0063108,6.0259086,-0.0875594,8.4462731,-0.1270600
33.3998921,12.1389053,15.9537272,6.0072897,-0.0987036,8.4432640,-0.1014263
33.5998914,12.3306725,15.8973141,5.9865422,-0.1086777,8.4408611,-0.0724781
33.7998908,12.5212983,15.8367131,5.9639498,-0.1169221,8.4391436,-0.0407572
33.9998901,12.7105305,15.7716507,5.9398875,-0.1232686,8.4381776,-0.0070664
34.1998895,12.8981232,15.7019387,5.9147382,-0.1278214,8.4380102,0.0276057
34.3998889,13.0838580,15.6274642,5.8888478,-0.1308029,8.4386644,0.0621358
34.5998882,13.2675488,15.5481760,5.8625082,-0.1324731,8.4401370,0.0952863
34.7998876,13.4490399,15.4640724,5.8359546,-0.1330878,8.4423946,0.1257158
34.9998869,13.6282001,15.3751902,5.8093702,-0.1328799,8.4453722,0.1520073
35.1998863,13.8049176,15.2815959,5.7828939,-0.1320524,8.4489712,0.1727348
35.3998856,13.9790950,15.1833787,5.7566277,-0.1307779,8.4530591,0.1865737
35.5998850,14.1506459,15.0806446,5.7306433,-0.1291998,8.4574723,0.1924453
35.7998843,14.3194930,14.9735115,5.7049884,-0.1274346,8.4620220,0.1896709
35.9998837,14.4855660,14.8621050,5.6796909,-0.1255738,8.4665036,0.1781042
36.1998830,14.6488005,14.7465555,5.6547635,-0.1236867,8.4707099,0.1582262
36.3998824,14.8091375,14.6269952,5.6302078,-0.1218231,8.4744449,0.1312022
36.5998817,14.9665220,14.5035561,5.6060170,-0.1200156,8.4775407,0.0989304
36.7998811,15.1209031,14.3763690,5.5821794,-0.1182823,8.4798743,0.0641260
36.9998805,15.2722334,14.2455623,5.5586806,-0.1166285,8.4813866,0.0305064
37.1998798,15.4204689,14.1112616,5.5355064,-0.1150478,8.4821059,0.0031673
37.3998792,15.5655694,13.9735895,5.5126450,-0.1135180,8.4821806,-0.0107048
37.5998785,15.7074988,13.8326661,5.4900913,-0.1119978,8.4819282,-0.0005230
37.7998779,15.8462263,13.6886098,5.4678504,-0.1104148,8.4819159,0.0500893
37.9998772,15.9817292,13.5415395,5.4459587,-0.1085713,8.4830969,0.1853956
38.1998766,16.1140319,13.3915390,5.4244719,-0.1063380,8.4874667,0.4581416
38.3998759,16.2431381,13.2387503,5.4036204,-0.1020378,8.4982555,0.0714878
38.5998753,16.3691086,13.0833639,5.3838371,-0.0954509,8.4999378,0.0013940
38.7998746,16.4920991,12.9256035,5.3656179,-0.0862195,8.4999706,0.0000232
38.9998740,16.6123591,12.7657584,5.3496553,-0.0721880,8.4999711,-0.0000379
39.1998733,16.7302822,12.6042245,5.3368714,-0.0552538,8.4999702,-0.0000389
39.3998727,16.8464048,12.4414099,5.3275589,-0.0381972,8.4999693,-0.0000236
39.5998721,16.9612858,12.2777011,5.3215088,-0.0229688,8.4999687,-0.0000164
39.7998714,17.0754102,12.1134639,5.3182302,-0.0107706,8.4999684,-0.0000111
39.9998708,17.1891750,11.9489817,5.3170535,-0.0017613,8.4999681,-0.0000073
40.1998701,17.3028787,11.7844576,5.3174064,0.0047191,8.4999679,-0.0000047
40.3998695,17.4167347,11.6200400,5.3188483,0.0092815,8.4999678,-0.0000030
40.5998688,17.5308938,11.4558328,5.3210472,0.0123951,8.4999677,-0.0000018
40.7998682,17.6454580,11.2919080,5.3237497,0.0143909,8.4999677,-0.0000010
40.9998675,17.7604923,11.1283126,5.3267580,0.0155041,8.4999677,-0.0000006
41.1998669,17.8760324,10.9650736,5.3299142,0.0159074,8.4999677,-0.0000003
41.3998662,17.9920905,10.8022022,5.3330904,0.0157344,8.4999677,-0.0000001
41.5998656,18.1086599,10.6396962,5.3361829,0.0150936,8.4999677,-0.0000001
41.7998649,18.2257188,10.4775423,5.3391076,0.0140774,8.4999677,-0.0000001
41.9998643,18.3432333,10.3157182,5.3417977,0.0127661,8.4999676,-0.0000001
42.1998636,18.4611601,10.1541944,5.3442017,0.0112315,8.4999676,-0.0000001
42.3998630,18.5794492,9.9929357,5.3462814,0.0095378,8.4999676,-0.0000002
42.5998624,18.6980455,9.8319029,5.3480110,0.0077428,8.4999676,-0.0000003
42.7998617,18.8168908,9.6710539,5.3493755,0.0058987,8.4999676,-0.0000003
42.9998611,18.9359257,9.5103452,5.3503700,0.0040526,8.4999676,-0.0000004
43.1998604,19.0550910,9.3497330,5.3509985,0.0022478,8.4999676,-0.0000004
43.3998598,19.1743287,9.1891743,5.3512734,0.0005238,8.4999676,-0.0000004
43.5998591,19.2935835,9.0286281,5.3512145,-0.0010824,8.4999676,-0.0000004
43.7998585,19.4128041,8.8680560,5.3508491,-0.0025355,8.4999676,-0.0000004
43.9998578,19.5319439,8.7074233,5.3502112,-0.0038016,8.4999676,-0.0000005
44.1998572,19.6509624,8.5466999,5.3493417,-0.0048475,8.4999676,-0.0000005
44.3998565,19.7698259,8.3858611,5.3482879,-0.0056400,8.4999676,-0.0000005
44.5998559,19.8885091,8.2248882,5.3471039,-0.0061466,8.4999675,-0.0000006
44.7998552,20.0069955,8.0637698,5.3458505,-0.0063316,8.4999675,-0.0000007
44.9998546,20.1252792,7.9025014,5.3445944,-0.0061739,8.4999675,-0.0000009
45.1998540,20.2433650,7.7410879,5.3434107,-0.0055983,8.4999675,-0.0000012
45.3998533,20.3612701,7.5795426,5.3423611,-0.0048886,8.4999675,-0.0000017
45.5998527,20.4790234,7.4178763,5.3414837,-0.0038338,8.4999674,-0.0000023
45.7998520,20.5966606,7.2561185,5.3409298,-0.0015256,8.4999674,-0.0000027
45.9998514,20.7142449,7.0943290,5.3408662,0.0008705,8.4999673,-0.0000028
46.1998507,20.8318582,6.9325625,5.3413174,0.0037048,8.4999672,-0.0000027
46.3998501,20.9495934,6.7708844,5.3423889,0.0070725,8.4999672,-0.0000022
46.5998494,21.0675589,6.6093748,5.3441899,0.0110038,8.4999671,-0.0000013
46.7998488,21.1858815,6.4481267,5.3468352,0.0155163,8.4999671,0.0000003
46.9998481,21.3047059,6.2872483,5.3504419,0.0206198,8.4999671,0.0000029
47.1998475,21.4241948,6.1268629,5.3551282,0.0263128,8.4999672,0.0000070
47.3998468,21.5445279,5.9671101,5.3610100,0.0325731,8.4999673,0.0000128
47.5998462,21.6659008,5.8081462,5.3681976,0.0393669,8.4999676,0.0000204
47.7998456,21.7885227,5.6501441,5.3767894,0.0466051,8.4999681,0.0000297
47.9998449,21.9126137,5.4932938,5.3868837,0.0544114,8.4999688,0.0000374
48.1998443,22.0384046,5.3378044,5.3985741,0.0625309,8.4999697,0.0000365
48.3998436,22.1661289,5.1839004,5.4118820,0.0705426,8.4999706,0.0000236
48.5998430,22.2960098,5.0318134,5.4267659,0.0782806,8.4999711,-0.0000013
48.7998423,22.4282528,4.8817777,5.4431495,0.0855238,8.4999711,-0.0000364
48.9998417,22.5630388,4.7340245,5.4609159,0.0921024,8.4999702,-0.0000781
49.1998410,22.7005190,4.5887773,5.4799207,0.0979128,8.4999684,-0.0001196
49.3998404,22.8408120,4.4462481,5.5000056,0.1029170,8.4999656,-0.0001503
49.5998397,22.9840036,4.3066345,5.5210105,0.1071327,8.4999620,-0.0001577
49.7998391,23.1301503,4.1701169,5.5427833,0.1106135,8.4999583,-0.0001306
49.9998384,23.2792901,4.0368511,5.5651872,0.1134214,8.4999552,-0.0000651
50.1998378,23.4314128,3.9069989,5.5880965,0.1156495,8.4999537,0.0000207
50.3998372,23.5864972,3.7806972,5.6114067,0.1174160,8.4999542,0.0001303
50.5998365,23.7445037,3.6580702,5.6350324,0.1187890,8.4999573,0.0001503
50.7998359,23.9053777,3.5392306,5.6588968,0.1197967,8.4999608,0.0001170
50.9998352,24.0690509,3.4242792,5.6829320,0.1204938,8.4999636,0.0002855
51.1998346,24.2354445,3.3133057,5.7070791,0.1209121,8.4999703,0.0004262
51.3998339,24.4044688,3.2063902,5.7312836,0.1210703,8.4999803,-0.0024866
51.5998333,24.5760313,3.1035982,5.7554967,0.1210902,8.4999218,-0.0022046
51.7998326,24.7500152,3.0050024,5.7797549,0.1217310,8.4998699,0.0027073
51.9998320,24.9263201,2.9106801,5.8040826,0.1208201,8.4999336,0.0012872
52.1998313,25.1048733,2.8206318,5.8280352,0.1191255,8.4999639,0.0000638
52.3998307,25.2855340,2.7348560,5.8517359,0.1177644,8.4999654,0.0000272
52.5998300,25.4681624,2.6533573,5.8750963,0.1157409,8.4999661,0.0000136
52.7998294,25.6526289,2.5761030,5.8979609,0.1127778,8.4999664,0.0000056
52.9998288,25.8387908,2.5030220,5.9201005,0.1085159,8.4999665,0.0000002
53.1998281,26.0264933,2.4339881,5.9412132,0.1024914,8.4999665,-0.0000030
53.3998275,26.2155673,2.3688075,5.9609456,0.0946765,8.4999664,-0.0000046
53.5998268,26.4058388,2.3072133,5.9789811,0.0856133,8.4999663,-0.0000049
53.7998262,26.5971356,2.2488849,5.9951698,0.0764362,8.4999662,-0.0000042
53.9998255,26.7893016,2.1934899,6.0096156,0.0684220,8.4999661,-0.0000027
54.1998249,26.9822085,2.1407337,6.0226470,0.0624199,8.4999661,-0.0000009
54.3998242,27.1757607,2.0903937,6.0347034,0.0586708,8.4999660,0.0000008
54.5998236,27.3698932,2.0423315,6.0462245,0.0569840,8.4999660,0.0000016
54.7998229,27.5645645,1.9964874,6.0575880,0.0569824,8.4999661,0.0000008
54.9998223,27.7597499,1.9528670,6.0690903,0.0582638,8.4999661,-0.0000023
55.1998216,27.9554346,1.9115257,6.0809508,0.0604740,8.4999661,-0.0000079
55.3998210,28.1516091,1.8725558,6.0933234,0.0633140,8.4999659,-0.0000135
55.5998204,28.3482647,1.8360744,6.1063078,0.0665452,8.4999655,-0.0000013
55.7998197,28.5453795,1.8022161,6.1199581,0.0699531,8.4999655,0.0000197
55.9998191,28.7429313,1.7711217,6.1342900,0.0733703,8.4999660,0.0000207
56.1998184,28.9409205,1.7429289,6.1493055,0.0767922,8.4999665,0.0000212
56.3998178,29.1393217,1.7177799,6.1650072,0.0802259,8.4999670,0.0000195
56.5998171,29.3381031,1.6958168,6.1813927,0.0836180,8.4999674,0.0000147
56.7998165,29.5372260,1.6771805,6.1984470,0.0868988,8.4999678,0.0000066
56.9998158,29.7366444,1.6620069,6.2161417,0.0900039,8.4999679,-0.0000045
57.1998152,29.9363050,1.6504246,6.2344353,0.0928695,8.4999678,-0.0000176
57.3998145,30.1361474,1.6425519,6.2532733,0.0954276,8.4999674,-0.0000315
57.5998139,30.3361045,1.6384939,6.2725878,0.0976162,8.4999667,-0.0000446
57.7998132,30.5361032,1.6383396,0.0091137,0.0993803,8.4999656,-0.0000553
57.9998126,30.7360660,1.6421596,0.0291319,0.1006716,8.4999643,-0.0000606
58.1998120,30.9359115,1.6500039,0.0493575,0.1014424,8.4999629,-0.0000533
58.3998113,31.1355569,1.6619001,0.0696812,0.1016379,8.4999616,-0.0000041
58.5998107,31.3349193,1.6778510,0.0899819,0.1011987,8.4999615,0.0000575
58.7998100,31.5339181,1.6978323,0.1101286,0.1001025,8.4999629,0.0000596
58.9998094,31.7324770,1.7217924,0.1299901,0.0983471,8.4999643,0.0000400
59.1998087,31.9305264,1.7496520,0.1494339,0.0959293,8.4999652,0.0000291
59.3998081,32.1280048,1.7813050,0.1683317,0.0929155,8.4999659,0.0000206
59.5998074,32.3248610,1.8166213,0.1865790,0.0894727,8.4999664,0.0000146
59.7998068,32.5210536,1.8554543,0.2041150,0.0858690,8.4999667,0.0000109
59.9998061,32.7165501,1.8976514,0.2209413,0.0824515,8.4999670,0.0000096
60.1998055,32.9113238,1.9430681,0.2371322,0.0795866,8.4999672,0.0000104
60.3998048,33.1053491,1.9915817,0.2528317,0.0775884,8.4999675,0.0000132
60.5998042,33.2985974,2.0431033,0.2682363,0.0766629,8.4999678,0.0000175
60.7998036,33.4910321,2.0975851,0.2835715,0.0768969,8.4999682,0.0000223
60.9998029,33.6826051,2.1550233,0.2990669,0.0782414,8.4999687,0.0000269
61.1998023,33.8732548,2.2154555,0.3149398,0.0806587,8.4999694,0.0000306
61.3998016,34.0629037,2.2789584,0.3313968,0.0840580,8.4999701,0.0000237
61.5998010,34.2514576,2.3456421,0.3485972,0.0880141,8.4999706,0.0000073
61.7998003,34.4388080,2.4156349,0.3666153,0.0921920,8.4999708,-0.0000161
61.9997997,34.6248358,2.4890699,0.3854746,0.0964038,8.4999704,-0.0000443
62.1997990,34.8094132,2.5660767,0.4051589,0.1004158,8.4999694,-0.0000738
62.3997984,34.9924073,2.6467728,0.4256119,0.1040809,8.4999676,-0.0000995
62.5997977,35.1736826,2.7312583,0.4467553,0.1073159,8.4999653,-0.0001152
62.7997971,35.3531036,2.8196124,0.4684992,0.1100912,8.4999626,-0.0001161
62.9997964,35.5305366,2.9118930,0.4907523,0.1124153,8.4999599,-0.0001000
63.1997958,35.7058510,3.0081368,0.5134270,0.1143144,8.4999575,-0.0000674
63.3997952,35.8789202,3.1083612,0.5364431,0.1158388,8.4999559,-0.0000470
63.5997945,36.0496220,3.2125660,0.5597328,0.1170593,8.4999548,-0.0000374
63.7997939,36.2178383,3.3207367,0.5832398,0.1180174,8.4999539,-0.0000231
63.9997932,36.3834561,3.4328462,0.6069152,0.1187469,8.4999534,0.0000071
64.1997926,36.5463667,3.5488565,0.6307179,0.1192892,8.4999536,0.0001035
64.3997919,36.7064641,3.6687192,0.6546158,0.1196937,8.4999560,0.0004314
64.5997913,36.8636469,3.7923791,0.6785835,0.1200025,8.4999662,0.0009025
64.7997906,37.0178164,3.9197757,0.7026251,0.1203806,8.4999874,-0.0000204
64.9997900,37.1688771,4.0508462,0.7266989,0.1203718,8.4999869,-0.0014524
65.1997893,37.3167400,4.1855167,0.7507829,0.1204857,8.4999527,-0.0013638
65.3997887,37.4613156,4.3237113,0.7748954,0.1206415,8.4999206,-0.0004948
65.5997880,37.6025158,4.4653541,0.7990358,0.1207619,8.4999090,0.0003523
65.7997874,37.7402547,4.6103662,0.8231988,0.1208657,8.4999173,0.0008207
65.9997868,37.8744489,4.7586659,0.8473824,0.1209647,8.4999366,0.0007933
66.1997861,38.0050167,4.9101690,0.8715867,0.1210684,8.4999553,0.0003541
66.3997855,38.1318782,5.0647895,0.8958122,0.1211698,8.4999636,-0.0000819
66.5997848,38.2549558,5.2224391,0.9200572,0.1212626,8.4999617,-0.0002661
66.7997842,38.3741739,5.3830273,0.9443207,0.1213531,8.4999554,-0.0002740
66.9997835,38.4894592,5.5464613,0.9686022,0.1214386,8.4999490,-0.0001683
67.1997829,38.6007406,5.7126463,0.9928994,0.1215076,8.4999450,-0.0000303
67.3997822,38.7079498,5.8814851,1.0172078,0.1215510,8.4999443,0.0000753
67.5997816,38.8110218,6.0528782,1.0415215,0.1215622,8.4999461,0.0001221
67.7997809,38.9098949,6.2267235,1.0658333,0.1215359,8.4999489,0.0001190
67.9997803,39.0045114,6.4029168,1.0901349,0.1214678,8.4999517,0.0000907
68.1997796,39.0948178,6.5813515,1.1144175,0.1213542,8.4999539,0.0000600
68.3997790,39.1807647,6.7619193,1.1386713,0.1211917,8.4999553,0.0000390
68.5997784,39.2623078,6.9445100,1.1628862,0.1209775,8.4999562,0.0000294
68.7997777,39.3394073,7.1290124,1.1870517,0.1207104,8.4999569,0.0000274
68.9997771,39.4120421,7.3153501,1.2111620,0.1203900,8.4999575,0.0000281
69.1997764,39.4801800,7.5034118,1.2352076,0.1200244,8.4999582,0.0000278
69.3997758,39.5437808,7.6930455,1.2591751,0.1196234,8.4999589,0.0000258
69.5997751,39.6028234,7.8841358,1.2830580,0.1191989,8.4999595,0.0000225
69.7997745,39.6572912,8.0765682,1.3068529,0.1187642,8.4999600,0.0000188
69.9997738,39.7071710,8.2702298,1.3305602,0.1183469,8.4999604,0.0000153
70.1997732,39.7524527,8.4650111,1.3541851,0.1179390,8.4999608,0.0000128
70.3997725,39.7931270,8.6608022,1.3777406,0.1176738,8.4999611,0.0000122
70.5997719,39.8291853,8.8575036,1.4012344,0.1172656,8.4999614,0.0000145
70.7997712,39.8606085,9.0549990,1.4248428,0.1188299,8.4999617,0.0000204
70.9997706,39.8873303,9.2531459,1.4486576,0.1190358,8.4999622,0.0000260
71.1997699,39.9093336,9.4518823,1.4723765,0.1185305,8.4999628,0.0000241
71.3997693,39.9266174,9.6511012,1.4961615,0.1193576,8.4999634,0.0000065
71.5997687,39.9391430,9.8506864,1.5201029,0.1200834,8.4999635,-0.0000296
71.7997680,39.9468733,10.0505314,1.5441879,0.1207545,8.4999628,-0.0000744
71.9997674,39.9497759,10.2505171,1.5683976,0.1213115,8.4999611,-0.0001009
72.1997667,39.9478259,10.4505243,1.5927082,0.1217481,8.4999587,-0.0000789
72.3997661,39.9410065,10.6504310,1.6170936,0.1220554,8.4999569,-0.0000160
72.5997654,39.9293094,10.8501145,1.6415273,0.1222358,8.4999565,-0.0000024
72.7997648,39.9127346,11.0494523,1.6659838,0.1222972,8.4999564,-0.0001712
72.9997641,39.8912906,11.2483184,1.6904387,0.1222415,8.4999524,-0.0003112
73.1997635,39.8649990,11.4465552,1.7148641,0.1220625,8.4999451,-0.0001086
73.3997628,39.8338765,11.6440985,1.7392464,0.1217985,8.4999425,0.0003045
73.5997622,39.7979517,11.8408310,1.7635712,0.1214758,8.4999497,0.0006663
73.7997615,39.7572581,12.0366372,1.7878281,0.1211122,8.4999654,0.0006931
73.9997609,39.7118337,12.2314038,1.8120104,0.1207237,8.4999817,0.0001246
74.1997603,39.6617200,12.4250197,1.8361139,0.1203199,8.4999846,-0.0019125
74.3997596,39.6069618,12.6173756,1.8601367,0.1199114,8.4999396,-0.0056693
74.5997590,39.5476064,12.8083644,1.8840757,0.1194739,8.4998062,-0.0080051
74.7997583,39.4837047,12.9978815,1.9079208,0.1189676,8.4996178,-0.0040700
74.9997577,39.4153125,13.1858253,1.9316555,0.1183611,8.4995221,0.0083844
75.1997570,39.3424914,13.3720981,1.9552528,0.1175790,8.4997194,0.0102562
75.3997564,39.2653116,13.5566075,1.9786661,0.1165150,8.4999607,0.0001435
75.5997557,39.1838550,13.7392690,2.0018309,0.1150763,8.4999641,0.0000609
75.7997551,39.0982186,13.9200083,2.0246539,0.1130624,8.4999655,0.0000370
75.9997544,39.0085214,14.0987667,2.0469840,0.1101032,8.4999664,0.0000225
76.1997538,38.9149160,14.2755098,2.0685795,0.1056574,8.4999669,0.0000128
76.3997531,38.8176061,14.4502407,2.0890683,0.0989909,8.4999672,0.0000062
76.5997525,38.7168688,14.6230185,2.1079316,0.0894151,8.4999673,0.0000019
76.7997519,38.6130710,14.7939759,2.1245774,0.0769395,8.4999674,-0.0000006
76.9997512,38.5066622,14.9633196,2.1385753,0.0630704,8.4999674,-0.0000018
77.1997506,38.3981261,15.1313040,2.1498353,0.0495812,8.4999673,-0.0000021
77.3997499,38.2879251,15.2981998,2.1585015,0.0372333,8.4999673,-0.0000018
77.5997493,38.1764701,15.4642629,2.1649831,0.0277017,8.4999672,-0.0000013
77.7997486,38.0640877,15.6296996,2.1697620,0.0201911,8.4999672,-0.0000008
77.9997480,37.9510305,15.7946761,2.1732072,0.0143424,8.4999672,-0.0000002
78.1997473,37.8374954,15.9593238,2.1756033,0.0096851,8.4999672,0.0000002
78.3997467,37.7236378,16.1237486,2.1771565,0.0058999,8.4999672,0.0000006
78.5997460,37.6095838,16.2880369,2.1780167,0.0027461,8.4999672,0.0000010
78.7997454,37.4954379,16.4522611,2.1782936,0.0000587,8.4999672,0.0000013
78.9997447,37.3812887,16.6164829,2.1780685,-0.0022794,8.4999673,0.0000016
79.1997441,37.2672135,16.7807559,2.1774029,-0.0043512,8.4999673,0.0000019
79.3997435,37.1532806,16.9451276,2.1763439,-0.0062175,8.4999673,0.0000021
79.5997428,37.0395516,17.1096404,2.1749280,-0.0079231,8.4999674,0.0000023
79.7997422,36.9260830,17.2743331,2.1731841,-0.0095006,8.4999674,0.0000025
79.9997415,36.8129271,17.4392409,2.1711354,-0.0109728,8.4999675,0.0000027
80.1997409,36.7001330,17.6043966,2.1688015,-0.0123536,8.4999676,0.0000028
80.3997402,36.5877470,17.7698304,2.1661999,-0.0136481,8.4999676,0.0000029
80.5997396,36.4758127,17.9355703,2.1633482,-0.0148528,8.4999677,0.0000029
80.7997389,36.3643708,18.1016420,2.1602654,-0.0159554,8.4999678,0.0000029
80.9997383,36.2534590,18.2680683,2.1569739,-0.0169341,8.4999678,0.0000028
81.1997376,36.1431111,18.4348691,2.1535015,-0.0177577,8.4999679,0.0000026
81.3997370,36.0333558,18.6020605,2.1498830,-0.0183855,8.4999680,0.0000022
81.5997363,35.9242153,18.7696540,2.1461625,-0.0187676,8.4999680,0.0000017
81.7997357,35.8157040,18.9376555,2.1423947,-0.0188460,8.4999681,0.0000008
81.9997351,35.7078258,19.1060641,2.1386467,-0.0185572,8.4999681,-0.0000002
82.1997344,35.6005725,19.2748712,2.1349985,-0.0178361,8.4999681,-0.0000013
82.3997338,35.4939209,19.4440587,2.1315428,-0.0166240,8.4999680,-0.0000023
82.5997331,35.3878312,19.6135989,2.1283825,-0.0148804,8.4999680,-0.0000025
82.7997325,35.2822456,19.7834525,2.1256248,-0.0126008,8.4999679,-0.0000006
82.9997318,35.1770866,19.9535715,2.1233750,-0.0098451,8.4999679,0.0000071
83.1997312,35.0722641,20.1238933,2.1217052,-0.0068166,8.4999681,-1.0073966
83.3997305,34.9676690,20.2943648,2.1206497,-0.0042061,8.4762315,-5.8439826
83.5997299,34.8632106,20.4649530,2.1198543,-0.0033312,8.3372006,-10.0066215
83.7997292,34.7588678,20.6355901,2.1194806,-0.0007984,8.0935949,-10.0034991
83.9997286,34.6545734,20.8062283,2.1193486,-0.0009447,7.8425055,-9.9283675
84.1997279,34.5503179,20.9768980,2.1188791,-0.0043217,7.5850879,-9.7213830
84.3997273,34.4462244,21.1476695,2.1172860,-0.0123466,7.3242759,-9.3392320
84.5997267,34.3425752,21.3187139,2.1134548,-0.0267325,7.0646540,-8.7467080
84.7997260,34.2398711,21.4903291,2.1059989,-0.0484117,6.8125373,-7.9508340
84.9997254,34.1388629,21.6629477,2.0935246,-0.0765928,6.5749784,-7.0133977
85.1997247,34.0405316,21.8371037,2.0749906,-0.1086997,6.3580651,-6.0267860
85.3997241,33.9460129,22.0133586,2.0499892,-0.1410802,6.1655726,-5.0863761
85.5997234,33.8564881,22.1922021,2.0188572,-0.1699548,5.9983115,-4.2695552
85.7997228,33.7730767,22.3739369,1.9825624,-0.1926251,5.8542228,-3.6549605
85.9997221,33.6967058,22.5587115,1.9423675,-0.2087849,5.7279966,-3.2310346
86.1997215,33.6280974,22.7464642,1.8996139,-0.2180531,5.6140480,-2.9910246
86.3997208,33.5677441,22.9369879,1.8552855,-0.2252014,5.5064625,-2.8535062
86.5997202,33.5160340,23.1299583,1.8097975,-0.2294243,5.4018266,-2.7712383
86.7997195,33.4732385,23.3250979,1.7631720,-0.2401710,5.2982298,-2.7353340
86.9997189,33.4398367,23.5219652,1.7144941,-0.2422554,5.1939492,-2.7357268
87.1997183,33.4159597,23.7203295,1.6667159,-0.2428238,5.0875162,-2.7648609
87.3997176,33.4017174,23.9204082,1.6163686,-0.2675409,4.9776381,-2.8267894
87.5997170,33.3984410,24.1208440,1.5553868,-0.3433485,4.8627326,-3.0221880
87.7997163,33.4087079,24.3209409,1.4820515,-0.3941187,4.7368024,-3.2338294
87.9997157,33.4349655,24.5209813,1.3971430,-0.4430437,4.5982355,-3.5117306
88.1997150,33.4793701,24.7184392,1.3004728,-0.4894813,4.4428687,-3.9060823
88.3997144,33.5435154,24.9105746,1.1948306,-0.5278047,4.2634088,-4.5484324
88.5997137,33.6249736,25.0881563,1.0677787,-1.2567566,4.0444143,-6.1122768
88.7997131,33.6984391,25.2647874,1.2118707,-0.4326331,3.7299309,-5.7297013
88.9997124,33.7803789,25.4525241,1.0996920,-0.6388814,3.4088871,-4.8456452
89.1997118,33.8822047,25.6245698,0.9725893,-0.6399200,3.1116329,-0.2054514
89.3997111,34.0044883,25.7830373,0.8583860,-0.5200539,3.0983994,0.4049469
89.5997105,34.1425444,25.9278949,0.7628887,-0.4469598,3.1244291,3.2931828
89.7997099,34.2928733,26.0597276,0.6786096,-0.3983888,3.3285622,3.1697286
89.9997092,34.4533960,26.1789387,0.5988423,-0.4000062,3.5138602,3.0416842
90.1997086,34.6228672,26.2849825,0.5197723,-0.3899636,3.6829178,2.9105706
90.3997079,34.8000953,26.3774894,0.4426006,-0.3823716,3.8377217,2.7779671
90.5997073,34.9838751,26.4561908,0.3668633,-0.3751784,3.9798607,2.6450841
90.7997066,35.1730500,26.5208974,0.2925056,-0.3685386,4.1106351,2.5130204
90.9997060,35.3664890,26.5714989,0.2194231,-0.3622031,4.2311377,2.3828001
91.1997053,35.5630963,26.6079656,0.1475785,-0.3560196,4.3423085,2.2553099
91.3997047,35.7618100,26.6303484,0.0769580,-0.3498714,4.4449707,2.1312807
91.5997040,35.9616092,26.6387775,0.0075710,-0.3436760,4.5398539,2.0112956
91.7997034,36.1615188,26.6334593,6.2226238,-0.3373928,4.6276116,1.8957992
91.9997027,36.3606157,26.6146704,6.1557686,-0.3310139,4.7088328,1.7851133
92.1997021,36.5580336,26.5827505,6.0902113,-0.3245650,4.7840516,1.6794507
92.3997015,36.7529655,26.5380925,6.0259522,-0.3181427,4.8537540,1.5746250
92.5997008,36.9446547,26.4811373,5.9630094,-0.3115164,4.9182086,1.5027227
92.7997002,37.1324168,26.4123844,5.9016698,-0.3019904,4.9789419,1.5383777
92.9996995,37.3157000,26.3324403,5.8425590,-0.2886906,5.0403583,1.6594391
93.1996989,37.4940762,26.2420588,5.7864060,-0.2721885,5.1057796,1.8429447
93.3996982,37.6672815,26.1421035,5.7337925,-0.2533164,5.1774666,2.0604719
93.5996976,37.8352122,26.0334976,5.6850987,-0.2333427,5.2564576,2.2874393
93.7996969,37.9978995,25.9171679,5.6404194,-0.2135387,5.3427820,2.5079675
93.9996963,38.1554730,25.7939927,5.5996128,-0.1948023,5.4358535,2.7150322
94.1996956,38.3081245,25.6647714,5.5624045,-0.1775728,5.5348453,2.9074665
94.3996950,38.4560807,25.5302137,5.5284751,-0.1619526,5.6389268,3.0864771
94.5996943,38.5995853,25.3909420,5.4975048,-0.1478906,5.7473544,3.2604954
94.7996937,38.7389238,25.2474594,5.4691832,-0.1353691,5.8597164,3.4168290
94.9996931,38.8743406,25.1002310,5.4432296,-0.1242363,5.9751990,3.5605872
95.1996924,39.0060577,24.9496743,5.4193834,-0.1143592,6.0932121,3.6960804
95.3996918,39.1342950,24.7961399,5.3974006,-0.1056455,6.2133454,3.8241186
95.5996911,39.2592561,24.6399294,5.3770557,-0.0979983,6.3352430,3.9455973
95.7996905,39.3811271,24.4813016,5.3581421,-0.0913417,6.4586018,4.0615630
95.9996898,39.5000750,24.3204772,5.3404695,-0.0855548,6.5831723,4.1732485
96.1996892,39.6162491,24.1576443,5.3238727,-0.0806249,6.7087593,4.2822047
96.3996885,39.7297809,23.9929592,5.3081966,-0.0759392,6.8352270,4.3902517
96.5996879,39.8407962,23.8265734,5.2935173,-0.0708230,6.9625012,4.4977073
96.7996872,39.9494297,23.6586538,5.2798639,-0.0659434,7.0905218,4.6011315
96.9996866,40.0558303,23.4893319,5.2671612,-0.0605300,7.2191375,4.6972563
97.1996859,40.1601799,23.3187352,5.2557743,-0.0534050,7.3481183,4.7880017
97.3996853,40.2626999,23.1470396,5.2458207,-0.0461142,7.4773015,4.8772804
97.5996847,40.3636284,22.9744163,5.2373613,-0.0385134,7.6066381,4.9700015
97.7996840,40.4632191,22.8010340,5.2304417,-0.0307061,7.7362095,5.0718870
97.9996834,40.5617381,22.6270558,5.2251025,-0.0227157,7.8662371,5.1885291
98.1996827,40.6594635,22.4526383,5.2213722,-0.0146130,7.9970676,5.3238004
98.3996821,40.7566823,22.2779309,5.2192643,-0.0064898,8.1291207,5.4774589
98.5996814,40.8536852,22.1030770,5.2187675,0.0014796,8.2627829,5.6418070
98.7996808,40.9507584,21.9282161,5.2198342,0.0091204,8.3982317,4.2978587
98.9996801,41.0481420,21.7535448,5.2223889,0.0163458,8.4999667,0.0000754
99.1996795,41.1460587,21.5792614,5.2263766,0.0235087,8.4999685,0.0000910
99.3996788,41.2447916,21.4054490,5.2318249,0.0307396,8.4999706,0.0000860
99.5996782,41.3445921,21.2322316,5.2385448,0.0362797,8.4999726,0.0000511
99.7996775,41.4456472,21.0597333,5.2462254,0.0388666,8.4999738,-0.0000075
99.9996769,41.5480308,20.8879636,5.2534085,0.0357964,8.4999737,-0.0000904
100.1996762,41.6517965,20.7168235,5.2619081,0.0486678,8.4999715,-0.0002007
100.3996756,41.7572532,20.5466420,5.2727512,0.0595211,8.4999668,-0.0003619
100.5996750,41.8645917,20.3779225,5.2855422,0.0684563,8.4999583,-0.0444860
100.7996743,41.9741907,20.2107128,5.2998371,0.0745157,8.4989115,-3.4768769
100.9996737,42.0863589,20.0450462,5.3155937,0.0835913,8.4166947,-3.9248884
101.1996730,42.2013471,19.8812087,5.3335615,0.0969400,8.3229082,-3.5914702
101.3996724,42.3195196,19.7196031,5.3544605,0.1112170,8.2361530,-3.3275432
101.5996717,42.4412576,19.5606830,5.3781433,0.1248258,8.1549496,-3.1262707
101.7996711,42.5668975,19.4049039,5.4045052,0.1379563,8.0779143,-2.9771567
101.9996704,42.6967496,19.2527047,5.4333687,0.1500296,8.0038641,-2.8750269
102.1996698,42.8310975,19.1044794,5.4644320,0.1600334,7.9316980,-2.8322356
102.3996691,42.9701836,18.9605424,5.4970943,0.1654923,7.8599582,-2.9151445
102.5996685,43.1140984,18.8211139,5.5300603,0.1612577,7.7854280,-3.1526001
102.7996678,43.2625093,18.6862641,5.5605426,0.1419884,7.7040154,-3.4470589
102.9996672,43.4139056,18.5562929,5.5857141,0.1007056,7.6140025,-3.7784642
103.1996666,43.5671151,18.4296479,5.5951653,-0.0088928,7.5140970,-4.0489306
103.3996659,43.7210930,18.3026204,5.5911717,-0.0213998,7.4055443,-4.1960644
103.5996653,43.8748618,18.1749027,5.5905897,0.0238344,7.2913418,-4.2695002
103.7996646,44.0286938,18.0484598,5.6019100,0.0885400,7.1732748,-4.2700866
103.9996640,44.1854861,17.9240808,5.6248836,0.1385550,7.0532150,-4.2501648
104.1996633,44.3459377,17.8038201,5.6562125,0.1717491,6.9316507,-4.2217258
104.3996627,44.5103073,17.6891788,5.6927878,0.1922120,6.8087515,-4.1907440
104.5996620,44.6787130,17.5810515,5.7324095,0.2038045,6.6845198,-4.1595537
104.7996614,44.8512330,17.4799121,5.7736553,0.2093624,6.5588862,-4.1302162
104.9996607,45.0277389,17.3860840,5.8155669,0.2106794,6.4317111,-4.1035474
105.1996601,45.2080300,17.2997424,5.8574898,0.2091182,6.3028163,-4.0807884
105.3996594,45.3917962,17.2209819,5.8989212,0.2052864,6.1719676,-4.0630946
105.5996588,45.5786612,17.1498153,5.9394994,0.2002768,6.0388700,-4.0512553
105.7996582,45.7682574,17.0861724,5.9789089,0.1932546,5.9031732,-4.0485604
105.9996575,45.9601353,17.0299087,6.0166209,0.1821998,5.7643764,-4.0540560
106.1996569,46.1538719,16.9806934,6.0519732,0.1751581,5.6219586,-4.0678844
106.3996562,46.3493361,16.9382735,6.0869969,0.1760354,5.4753328,-4.0939463
106.5996556,46.5463270,16.9027499,6.1227006,0.1802831,5.3236920,-4.1382364
106.7996549,46.7444536,16.8743524,6.1590509,0.1836567,5.1658888,-4.2260014
106.9996543,46.9432797,16.8533450,6.1973083,0.1993195,4.9996012,-3.2067030
107.1996536,47.1428613,16.8403113,6.2394690,0.2236021,4.8696340,-2.5055812
107.3996530,47.3428941,16.8362136,0.0035704,0.2485180,4.7656170,-1.9747767
107.5996523,47.5428883,16.8420730,0.0558688,0.2743327,4.6820079,-1.5515621
107.7996517,47.7422087,16.8589037,0.1135574,0.3024035,4.6152546,-1.1927953
107.9996510,47.9400420,16.8877479,0.1770366,0.3329405,4.5632728,-0.8621316
108.1996504,48.1354239,16.9296690,0.2467934,0.3665644,4.5253295,-0.4839530
108.3996498,48.3275733,16.9858676,0.3234077,0.4005502,4.5038901,-0.1873847
108.5996491,48.5146536,17.0572773,0.4069224,0.4339377,4.4955614,0.0878504
108.7996485,48.6948806,17.1446766,0.4970290,0.4637592,4.4994680,0.2711135
108.9996478,48.8662675,17.2484690,0.5926345,0.4853605,4.5115028,0.3046129
109.1996472,49.0267509,17.3684464,0.6914395,0.4933319,4.5249865,0.2270015
109.3996465,49.1742848,17.5033473,0.7890969,0.4713564,4.5350086,0.0902269
109.5996459,49.3079053,17.6505741,0.8751368,0.3715865,4.5389859,-0.1469544
109.7996452,49.4316899,17.8084173,0.9259544,0.0499835,4.5325061,-0.5133269
109.9996446,49.5518619,17.9658483,0.9092341,-0.0364103,4.5097984,-0.4747244
110.1996439,49.6728377,18.1236766,0.9351319,0.2799194,4.4886961,0.4986306
110.3996433,49.7868986,18.2897117,1.0063476,0.3960264,4.5108585,1.4910766
110.5996426,49.8865141,18.4616500,1.0848820,0.3900474,4.5764913,1.8066024
110.7996420,49.9730232,18.6419318,1.1614217,0.3752704,4.6547730,1.8297632
110.9996414,50.0458277,18.8284562,1.2354815,0.3632482,4.7327386,1.7461937
111.1996407,50.1048526,19.0197607,1.3071283,0.3510449,4.8059640,1.6376369
111.3996401,50.1502637,19.2146871,1.3762492,0.3384188,4.8736375,1.5302798
111.5996394,50.1823513,19.4122159,1.4428380,0.3260946,4.9360361,1.4310768
111.7996388,50.2014672,19.6114145,1.5070271,0.3147015,4.9936841,1.3411096
111.9996381,50.2079887,19.8114222,1.5690456,0.3046692,5.0471104,1.2597819
112.1996375,50.2022954,20.0114518,1.6291825,0.2961821,5.0967867,1.1863270
112.3996368,50.1847537,20.2107622,1.6877719,0.2894909,5.1431278,1.1391710
112.5996362,50.1557033,20.4086939,1.7450907,0.2832927,5.1872373,1.1884796
112.7996355,50.1155034,20.6046049,1.8010811,0.2768383,5.2328597,1.3732603
112.9996349,50.0645879,20.7979807,1.8549288,0.2620517,5.2850850,1.6984352
113.1996342,50.0036112,20.9884915,1.9055944,0.2441706,5.3489714,2.0728821
113.3996336,49.9334306,21.1757849,1.9522831,0.2220924,5.4259234,2.4544422
113.5996330,49.8550081,21.3597729,1.9943482,0.1982587,5.5156522,2.8111315
113.7996323,49.7693528,21.5405027,2.0316399,0.1749372,5.6166599,3.1319716
113.9996317,49.6774255,21.7181239,2.0644084,0.1532749,5.7270981,3.4161656
114.1996310,49.5800946,21.8928432,2.0930442,0.1337042,5.8451787,3.6647189
114.3996304,49.4781242,22.0648969,2.1179885,0.1163731,5.9692543,3.8787399
114.5996297,49.3721748,22.2345294,2.1396941,0.1012611,6.0978265,4.0607302
114.7996291,49.2628094,22.4019795,2.1585931,0.0882266,6.2295887,4.2138966
114.9996284,49.1505042,22.5674708,2.1750839,0.0771111,6.3634368,4.3408303
115.1996278,49.0356571,22.7312082,2.1895350,0.0677444,6.4984348,4.4445149
115.3996271,48.9186011,22.8933692,2.2022748,0.0599575,6.6338115,4.5283201
115.5996265,48.7995996,23.0541209,2.2135987,0.0533403,6.7689569,4.5966154
115.7996258,48.6789107,23.2135643,2.2236294,0.0465081,6.9034352,4.6521460
115.9996252,48.5568070,23.3718156,2.2320355,0.0397315,7.0369219,4.6835514
116.1996246,48.4333883,23.5291116,2.2402144,0.0414047,7.1687994,4.6932400
116.3996239,48.3086335,23.6854419,2.2484187,0.0406117,7.2985597,4.6910119
116.5996233,48.1826250,23.8407407,2.2564444,0.0397882,7.4259930,4.6717697
116.7996226,48.0553789,23.9950350,2.2643834,0.0397281,7.5507665,4.6343785
116.9996220,47.9269098,24.1483118,2.2723764,0.0403175,7.6725367,4.5787913
117.1996213,47.7972069,24.3005474,2.2805480,0.0414954,7.7909775,4.5057097
117.3996207,47.6662435,24.4517009,2.2890052,0.0431467,7.9057959,4.4172188
117.5996200,47.5339794,24.6017186,2.2978288,0.0451228,8.0167631,4.3175043
117.7996194,47.4003660,24.7505367,2.3070643,0.0472236,8.1237606,4.2134949
117.9996187,47.2653525,24.8980870,2.3167133,0.0491979,8.2268390,4.1150916
118.1996181,47.1288940,25.0443033,2.3267175,0.0507567,8.3262783,4.0340933
118.3996174,46.9909587,25.1891290,2.3369782,0.0516085,8.4226209,3.2710880
118.5996168,46.8515391,25.3325272,2.3472731,0.0517714,8.4999396,0.0011386
118.7996162,46.7106349,25.4744665,2.3578812,0.0542795,8.4999664,0.0000048
118.9996155,46.5681980,25.6148690,2.3689657,0.0562174,8.4999665,0.0000131
119.1996149,46.4241987,25.7536706,2.3801589,0.0554717,8.4999668,0.0000192
119.3996142,46.2786751,25.8908742,2.3909754,0.0525400,8.4999673,0.0000198
119.5996136,46.1317242,26.0265474,2.4010257,0.0478891,8.4999678,0.0000179
119.7996129,45.9834866,26.1608109,2.4100199,0.0420366,8.4999682,0.0000149
119.9996123,45.8341303,26.2938249,2.4177742,0.0355180,8.4999685,0.0000113
120.1996116,45.6838352,26.4257739,2.4242131,0.0288805,8.4999688,0.0000073
120.3996110,45.5327747,26.5568545,2.4293603,0.0225937,8.4999690,0.0000031
120.5996103,45.3811189,26.6872495,2.4333154,0.0169715,8.4999690,-0.0000015
120.7996097,45.2290172,26.8171262,2.4362272,0.0121801,8.4999690,-0.0000060
120.9996090,45.0765967,26.9466290,2.4382515,0.0081024,8.4999689,-2.4529178
121.1996084,44.9239659,27.0758829,2.4394964,0.0043650,8.4420558,-9.2268841
121.3996078,44.7712208,27.2049998,2.4400602,0.0013340,8.2205575,-9.9484990
121.5996071,44.6184480,27.3340810,2.4398925,-0.0031896,7.9748466,-9.7318409
121.7996065,44.4657706,27.4632747,2.4384441,-0.0117457,7.7269305,-9.3274221
121.9996058,44.3134195,27.5928466,2.4346859,-0.0265076,7.4816106,-8.6954432
122.1996052,44.1617732,27.7232467,2.4273716,-0.0472793,7.2454352,-7.8294421
122.3996045,44.0113946,27.8550798,2.4153965,-0.0728811,7.0259921,-6.7779134
122.5996039,43.8630055,27.9891175,2.3973342,-0.1082113,6.8303300,-5.6538379
122.7996032,43.7175302,28.1263391,2.3723152,-0.1417262,6.6627232,-4.6156873
122.9996026,43.5759687,28.2676116,2.3412161,-0.1688879,6.5226997,-3.7723578
123.1996019,43.4392361,28.4135547,2.3053475,-0.1893513,6.4059873,-3.1689081
123.3996013,43.3081016,28.5645342,2.2661539,-0.2022279,6.3062758,-2.7951372
123.5996006,43.1831508,28.7206767,2.2249726,-0.2092584,6.2169979,-2.6110899
123.7996000,43.0648273,28.8819150,2.1826187,-0.2140836,6.1324245,-2.7860176
123.9995994,42.9535156,29.0480310,2.1396704,-0.2150722,6.0408796,-3.0258382
124.1995987,42.8494967,29.2187832,2.0959504,-0.2226465,5.9398565,-3.2630750
124.3995981,42.7531249,29.3938980,2.0521734,-0.2135109,5.8289510,-3.4851141
124.5995974,42.6644353,29.5728803,2.0094330,-0.2150466,5.7081195,-3.6831260
124.7995968,42.5835064,29.7556048,1.9656396,-0.2256094,5.5775786,-3.8673911
124.9995961,42.5108030,29.9419871,1.9196090,-0.2325475,5.4371345,-4.0362036
125.1995955,42.4468284,30.1316383,1.8725101,-0.2374647,5.2865826,-4.1858002
125.3995948,42.3919474,30.3241257,1.8243741,-0.2432888,5.1257819,-4.3135423
125.5995942,42.3465254,30.5189926,1.7749751,-0.2505245,4.9546169,-4.3845628
125.7995935,42.3109455,30.7157816,1.7240580,-0.2606385,4.7743491,-4.2652385
125.9995929,42.2857235,30.9141599,1.6697471,-0.2819623,4.5922021,-3.2986835
126.1995922,42.2717908,31.1135699,1.6103444,-0.3121198,4.4462176,-2.3841468
126.3995916,42.2703714,31.3138023,1.5439355,-0.3564203,4.3376486,-1.6503254
126.5995909,42.2833360,31.5141811,1.4666524,-0.4128986,4.2608763,-1.0734008
126.7995903,42.3130148,31.7130018,1.3765006,-0.4767589,4.2101910,-0.6504251
126.9995897,42.3618971,31.9083606,1.2723442,-0.5462997,4.1791792,-0.4135816
127.1995890,42.4321803,32.0968481,1.1535554,-0.5942323,4.1593397,-0.4120475
127.3995884,42.5245503,32.2745408,1.0209424,-0.0774652,4.1394792,-0.3543785
127.5995877,42.5991972,32.4483393,1.1286597,-0.5441287,4.1223218,1.0104843
127.7995871,42.6952117,32.6242463,1.0145420,-0.5162116,4.1710586,2.0356903
127.9995864,42.8106905,32.7909582,0.9175374,-0.4401497,4.2675524,2.2059996
128.1995858,42.9400260,32.9458102,0.8334486,-0.3957396,4.3697140,2.1279899
128.3995851,43.0799361,33.0888692,0.7617683,-0.3304497,4.4660490,2.0077676
128.5995845,43.2295726,33.2226545,0.6981284,-0.3049185,4.5550739,1.9165730
128.7995838,43.3867369,33.3465624,0.6364295,-0.3204978,4.6384614,1.8207956
128.9995832,43.5511697,33.4600085,0.5715202,-0.3196823,4.7163164,1.7268434
129.1995825,43.7225357,33.5627596,0.5090059,-0.3114889,4.7889848,1.6369017
129.3995819,43.8999332,33.6546413,0.4468949,-0.3083433,4.8568646,1.6143750
129.5995813,44.0826904,33.7354659,0.3862578,-0.2970244,4.9228937,1.7807652
129.7995806,44.2699321,33.8053361,0.3287189,-0.2763865,4.9947158,2.1587566
129.9995800,44.4607738,33.8648015,0.2764423,-0.2447433,5.0804218,2.6836185
130.1995793,44.6543207,33.9148949,0.2313984,-0.2050562,5.1849908,3.2545830
130.3995787,44.8497851,33.9570295,0.1946445,-0.1628185,5.3090450,3.8006816
130.5995780,45.0465390,33.9927781,0.1661701,-0.1226855,5.4503419,4.2926674
130.7995774,45.2441260,34.0236790,0.1453118,-0.0868366,5.6056478,4.7165111
130.9995767,45.4422294,34.0511290,0.1310978,-0.0563662,5.7714717,5.0597396
131.1995761,45.6406354,34.0763250,0.1223637,-0.0321654,5.9442220,5.3120078
131.3995754,45.8392028,34.1002208,0.1177614,-0.0150372,6.1203408,5.4701419
131.5995748,46.0378438,34.1234945,0.1158591,-0.0050000,6.2965563,5.5457637
131.7995741,46.2365102,34.1465463,0.1153203,-0.0009615,6.4703106,5.5617526
131.9995735,46.4351824,34.1695458,0.1152133,-0.0002198,6.6400010,5.5569379
132.1995729,46.6338559,34.1925337,0.1151785,-0.0001314,6.8053201,5.5520910
132.3995722,46.8325301,34.2155162,0.1151590,-0.0000730,6.9665781,5.5472203
132.5995716,47.0312047,34.2384956,0.1151443,-0.0000729,7.1240502,5.5423240
132.7995709,47.2298796,34.2614721,0.1151303,-0.0000674,7.2779815,5.5373980
132.9995703,47.4285548,34.2844459,0.1151171,-0.0000641,7.4285911,5.5324365
133.1995696,47.6272303,34.3074171,0.1151047,-0.0000602,7.5760764,5.5274299
133.3995690,47.8259061,34.3303860,0.1150931,-0.0000564,7.7206152,5.5223622
133.5995683,48.0245822,34.3533527,0.1150821,-0.0000531,7.8623684,5.5172001
133.7995677,48.2232586,34.3763172,0.1150718,-0.0000496,8.0014817,5.5118221
133.9995670,48.4219352,34.3992797,0.1150626,-0.0000353,8.1380852,5.5053478
134.1995664,48.6206119,34.4222414,0.1150659,0.0000802,8.2722768,5.4180195
134.3995657,48.8192881,34.4452071,0.1151080,0.0003450,8.4022475,4.1292289
134.5995651,49.0179628,34.4681868,0.1152098,0.0006756,8.4999676,0.0000044
134.7995645,49.2166343,34.4911936,0.1153820,0.0010475,8.4999677,-0.0000006
134.9995638,49.4153010,34.5142420,0.1156296,0.0014253,8.4999677,-0.0000001
135.1995632,49.6139612,34.5373468,0.1159472,0.0017480,8.4999677,-0.0000001
135.3995625,49.8126133,34.5605207,0.1163228,0.0020050,8.4999677,-0.0000001
135.5995619,50.0112561,34.5837738,0.1167428,0.0021934,8.4999677,-0.0000001
135.7995612,50.2098888,34.6071137,0.1171941,0.0023175,8.4999677,-0.0000001
135.9995606,50.4085108,34.6305453,0.1176643,0.0023841,8.4999677,-0.0000001
136.1995599,50.6071215,34.6540713,0.1181430,0.0024016,8.4999677,-0.0000001
136.3995593,50.8057210,34.6776924,0.1186211,0.0023787,8.4999677,-0.0000001
136.5995586,51.0043092,34.7014078,0.1190913,0.0023236,8.4999677,-0.0000001
136.7995580,51.2028865,34.7252154,0.1195481,0.0022440,8.4999677,-0.0000001
136.9995573,51.4014531,34.7491119,0.1199871,0.0021467,8.4999677,-0.0000001
137.1995567,51.6000094,34.7730936,0.1204056,0.0020376,8.4999677,-0.0000001
137.3995561,51.7985560,34.7971562,0.1208015,0.0019216,8.4999677,-0.0000001
137.5995554,51.9970934,34.8212951,0.1211739,0.0018027,8.4999677,-0.0000001
137.7995548,52.1956220,34.8455055,0.1215226,0.0016837,8.4999677,-0.0000001
137.9995541,52.3941424,34.8697829,0.1218476,0.0015667,8.4999677,-0.0000001
138.1995535,52.5926552,34.8941224,0.1221496,0.0014532,8.4999677,-0.0000001
138.3995528,52.7911610,34.9185196,0.1224293,0.0013437,8.4999677,-0.0000001
138.5995522,52.9896601,34.9429703,0.1226875,0.0012385,8.4999677,-0.0000001
138.7995515,53.1881532,34.9674701,0.1229251,0.0011374,8.4999677,-0.0000001
138.9995509,53.3866407,34.9920151,0.1231428,0.0010400,8.4999677,-0.0000001
139.1995502,53.5851231,35.0166014,0.1233414,0.0009462,8.4999677,-0.0000001
139.3995496,53.7836008,35.0412253,0.1235216,0.0008563,8.4999677,-0.0000001
139.5995489,53.9820743,35.0658832,0.1236843,0.0007708,8.4999677,-0.0000001
139.7995483,54.1805440,35.0905717,0.1238304,0.0006902,8.4999677,-0.0000001
139.9995477,54.3790103,35.1152877,0.1239609,0.0006151,8.4999677,-0.0000001
140.1995470,54.5774735,35.1400281,0.1240770,0.0005460,8.4999677,-0.0000001
140.3995464,54.7759340,35.1647902,0.1241798,0.0004831,8.4999677,-0.0000001
140.5995457,54.9743922,35.1895715,0.1242708,0.0004265,8.4999677,-0.0000001
140.7995451,55.1728482,35.2143698,0.1243510,0.0003763,8.4999677,-0.0000001
140.9995444,55.3713023,35.2391830,0.1244218,0.0003323,8.4999677,-0.0000001
141.1995438,55.5697547,35.2640095,0.1244845,0.0002946,8.4999677,-0.0000001
141.3995431,55.7682058,35.2888476,0.1245401,0.0002620,8.4999677,-0.0000001
141.5995425,55.9666554,35.3136964,0.1245916,0.0002553,8.4999677,-0.0000001
141.7995418,56.1651036,35.3385550,0.1246396,0.0002224,8.4999677,-0.0000000
141.9995412,56.3635508,35.3634226,0.1246811,0.0001936,8.4999676,-0.0000000
142.1995405,56.5619972,35.3882979,0.1247183,0.0001791,8.4999676,-0.0000000
142.3995399,56.7604427,35.4131803,0.1247529,0.0001676,8.4999676,-0.0000000
142.5995393,56.9588874,35.4380694,0.1247856,0.0001592,8.4999676,-0.0000000
142.7995386,57.1573312,35.4629649,0.1248168,0.0001533,8.4999676,-0.0000000
142.9995380,57.3557743,35.4878664,0.1248471,0.0001495,8.4999676,-0.0000000
143.1995373,57.5542166,35.5127739,0.1248767,0.0001474,8.4999676,-0.0000000
143.3995367,57.7526583,35.5376872,0.1249061,0.0001467,8.4999676,-0.0000000
143.5995360,57.9510991,35.5626063,0.1249355,0.0001471,8.4999676,-0.0000000
143.7995354,58.1495393,35.5875313,0.1249650,0.0001484,8.4999676,-0.0000000
143.9995347,58.3479787,35.6124622,0.1249949,0.0001505,8.4999676,-0.0000000
144.1995341,58.5464173,35.6373991,0.1250253,0.0001531,8.4999676,-0.0000000
144.3995334,58.7448552,35.6623420,0.1250562,0.0001563,8.4999676,-0.0000000
144.5995328,58.9432923,35.6872912,0.1250878,0.0001600,8.4999676,-0.0000000
144.7995321,59.1417287,35.7122467,0.1251202,0.0001642,8.4999676,-0.0000000
144.9995315,59.3401642,35.7372087,0.1251535,0.0001690,8.4999676,-0.0000000
145.1995309,59.5385988,35.7621774,0.1251879,0.0001746,8.4999676,-0.0000000
145.3995302,59.7370326,35.7871531,0.1252234,0.0001809,8.4999676,-0.0000000
145.5995296,59.9354655,35.8121359,0.1252603,0.0001883,8.4999676,-0.0000000
145.7995289,60.1338974,35.8371262,0.1252988,0.0001967,8.4999676,-0.0000000
145.9995283,60.3323283,35.8621244,0.1253391,0.0002064,8.4999676,-0.0000000
146.1995276,60.5307583,35.8871307,0.1253815,0.0002177,8.4999676,-0.0000000
146.3995270,60.7291871,35.9121457,0.1254263,0.0002306,8.4999676,-0.0000000
146.5995263,60.9276147,35.9371698,0.1254739,0.0002456,8.4999676,-0.0000000
146.7995257,61.1260412,35.9622037,0.1255247,0.0002628,8.4999676,-0.0000000
146.9995250,61.3244663,35.9872480,0.1255792,0.0002825,8.4999676,-0.0000000
147.1995244,61.5228900,36.0123036,0.1256379,0.0003052,8.4999676,-0.0000000
147.3995237,61.7213122,36.0373712,0.1257015,0.0003310,8.4999676,-0.0000000
147.5995231,61.9197327,36.0624521,0.1257706,0.0003604,8.4999676,-0.0000000
147.7995225,62.1181514,36.0875472,0.1258459,0.0003936,8.4999676,-0.0000000
147.9995218,62.3165681,36.1126580,0.1259283,0.0004310,8.4999676,-0.0000000
148.1995212,62.5149827,36.1377859,0.1260186,0.0004727,8.4999676,-0.0000000
148.3995205,62.7133949,36.1629325,0.1261177,0.0005190,8.4999676,-0.0000000
148.5995199,62.9118044,36.1880998,0.1262265,0.0005699,8.4999676,-0.0000000
148.7995192,63.1102111,36.2132897,0.1263460,0.0006254,8.4999676,-0.0000000
148.9995186,63.3086147,36.2385044,0.1264770,0.0006856,8.4999676,-0.0000000
149.1995179,63.5070147,36.2637464,0.1266205,0.0007504,8.4999676,-0.0000000
149.3995173,63.7054110,36.2890181,0.1267774,0.0008195,8.4999676,-0.0000000
149.5995166,63.9038032,36.3143224,0.1269486,0.0008929,8.4999676,-0.0000000
149.7995160,64.1021908,36.3396621,0.1271349,0.0009703,8.4999676,-0.0000000
149.9995153,64.3005735,36.3650404,0.1273370,0.0010515,8.4999676,-0.0000000
150.1995147,64.4989508,36.3904603,0.1275557,0.0011367,8.4999676,-0.0000000
150.3995141,64.6973224,36.4159254,0.1277919,0.0012259,8.4999676,-0.0000000
150.5995134,64.8956877,36.4414391,0.1280464,0.0013198,8.4999676,-0.0000000
150.7995128,65.0940463,36.4670052,0.1283202,0.0014197,8.4999676,-0.0000000
150.9995121,65.2923976,36.4926276,0.1286148,0.0015279,8.4999676,-0.0000000
151.1995115,65.4907410,36.5183107,0.1289321,0.0016475,8.4999676,-0.0000000
151.3995108,65.6890760,36.5440592,0.1292748,0.0017818,8.4999676,-0.0000000
151.5995102,65.8874018,36.5698784,0.1296460,0.0019337,8.4999676,-0.0000000
151.7995095,66.0857175,36.5957744,0.1300495,0.0021060,8.4999676,-0.0000000
151.9995089,66.2840224,36.6217540,0.1304898,0.0023006,8.4999676,-0.0000000
152.1995082,66.4823152,36.6478249,0.1309712,0.0025184,8.4999676,-0.0000000
152.3995076,66.6805949,36.6739957,0.1314986,0.0027595,8.4999676,-0.0000000
152.5995069,66.8788601,36.7002760,0.1320764,0.0030225,8.4999676,-0.0000000
152.7995063,67.0771094,36.7266762,0.1327087,0.0033049,8.4999676,-0.0000000
152.9995057,67.2753412,36.7532075,0.1333992,0.0036023,8.4999676,-0.0000000
153.1995050,67.4735538,36.7798816,0.1341502,0.0039091,8.4999676,-0.0000000
153.3995044,67.6717455,36.8067106,0.1349628,0.0042178,8.4999676,-0.0000000
153.5995037,67.8699145,36.8337068,0.1358368,0.0045196,8.4999676,-0.0000000
153.7995031,68.0680590,36.8608821,0.1367696,0.0048042,8.4999676,-0.0000001
153.9995024,68.2661773,36.8882477,0.1377566,0.0050603,8.4999676,-0.0000001
154.1995018,68.4642679,36.9158137,0.1387912,0.0052761,8.4999676,-0.0000002
154.3995011,68.6623293,36.9435885,0.1398641,0.0054429,8.4999676,-0.0000002
154.5995005,68.8603601,36.9715788,0.1409653,0.0055586,8.4999676,-0.0000000
154.7994998,69.0583596,36.9997889,0.1420823,0.0055923,8.4999676,0.0000000
154.9994992,69.2563276,37.0282204,0.1431990,0.0055656,8.4999676,0.0000000
155.1994985,69.4542640,37.0568721,0.1443057,0.0054907,8.4999676,0.0000000
155.3994979,69.6521689,37.0857411,0.1453930,0.0053744,8.4999676,0.0000000
155.5994972,69.8500426,37.1148227,0.1464539,0.0052292,8.4999676,0.0000000
155.7994966,70.0478857,37.1441112,0.1474838,0.0050676,8.4999676,0.0000000
155.9994960,70.2456991,37.1736002,0.1484807,0.0049011,8.4999676,0.0000000
156.1994953,70.4434835,37.2032831,0.1494446,0.0047394,8.4999676,0.0000000
156.3994947,70.6412397,37.2331535,0.1503772,0.0045898,8.4999676,0.0000000
156.5994940,70.8389683,37.2632055,0.1512816,0.0044577,8.4999676,0.0000000
156.7994934,71.0366701,37.2934337,0.1521615,0.0043457,8.4999676,0.0000000
156.9994927,71.2343455,37.3238339,0.1530210,0.0042544,8.4999676,0.0000000
157.1994921,71.4319950,37.3544023,0.1538643,0.0041820,8.4999676,0.0000000
157.3994914,71.6296188,37.3851360,0.1546947,0.0041246,8.4999676,-0.0000000
157.5994908,71.8272172,37.4160327,0.1555146,0.0040763,8.4999676,-0.0000000
157.7994901,72.0247903,37.4470906,0.1563252,0.0040299,8.4999676,-0.0000001
157.9994895,72.2223384,37.4783076,0.1571261,0.0039774,8.4999676,-0.0000001
158.1994888,72.4198616,37.5096818,0.1579153,0.0039104,8.4999676,-0.0000001
158.3994882,72.6173601,37.5412103,0.1586890,0.0038221,8.4999676,-0.0000000
158.5994876,72.8148346,37.5728898,0.1594427,0.0037081,8.4999676,0.0000000
158.7994869,73.0122855,37.6047156,0.1601709,0.0035684,8.4999676,0.0000000
158.9994863,73.2097136,37.6366823,0.1608689,0.0034074,8.4999676,0.0000000
159.1994856,73.4071199,37.6687836,0.1615330,0.0032314,8.4999676,0.0000000
159.3994850,73.6045054,37.7010123,0.1621611,0.0030480,8.4999676,0.0000000
159.5994843,73.8018713,37.7333614,0.1627523,0.0028651,8.4999676,0.0000000
159.7994837,73.9992185,37.7658237,0.1633076,0.0026905,8.4999676,0.0000000
159.9994830,74.1965483,37.7983921,0.1638294,0.0025308,8.4999676,0.0000000
160.1994824,74.3938616,37.8310605,0.1643211,0.0023918,8.4999676,0.0000000
160.3994817,74.5911591,37.8638232,0.1647875,0.0022784,8.4999676,0.0000000
160.5994811,74.7884418,37.8966760,0.1652341,0.0021942,8.4999676,0.0000000
160.7994804,74.9857099,37.9296154,0.1656669,0.0021415,8.4999676,0.0000000
160.9994798,75.1829640,37.9626394,0.1660925,0.0021218,8.4999676,0.0000000
161.1994792,75.3802040,37.9957471,0.1665175,0.0021353,8.4999676,0.0000000
161.3994785,75.5774298,38.0289391,0.1669484,0.0021811,8.4999676,0.0000000
161.5994779,75.7746411,38.0622172,0.1673915,0.0022569,8.4999676,0.0000000
161.7994772,75.9718374,38.0955844,0.1678526,0.0023596,8.4999676,0.0000000
161.9994766,76.1690179,38.1290447,0.1683365,0.0024849,8.4999676,0.0000000
162.1994759,76.3661817,38.1626030,0.1688474,0.0026274,8.4999676,0.0000000
162.3994753,76.5633279,38.1962650,0.1693880,0.0027806,8.4999676,0.0000000
162.5994746,76.7604553,38.2300365,0.1699598,0.0029371,8.4999676,-0.0000000
162.7994740,76.9575629,38.2639239,0.1705626,0.0030890,8.4999676,-0.0000000
162.9994733,77.1546494,38.2979329,0.1711946,0.0032283,8.4999676,-0.0000001
163.1994727,77.3517140,38.3320692,0.1718527,0.0033472,8.4999676,-0.0000001
163.3994720,77.5487557,38.3663374,0.1725321,0.0034397,8.4999676,-0.0000000
163.5994714,77.7457738,38.4007410,0.1732270,0.0035021,8.4999676,0.0000000
163.7994708,77.9427678,38.4352825,0.1739314,0.0035351,8.4999676,0.0000000
163.9994701,78.1397373,38.4699633,0.1746397,0.0035433,8.4999676,0.0000000
164.1994695,78.3366822,38.5047836,0.1753478,0.0035336,8.4999676,0.0000000
164.3994688,78.5336024,38.5397431,0.1760527,0.0035135,8.4999676,0.0000000
164.5994682,78.7304980,38.5748409,0.1767531,0.0034909,8.4999676,0.0000000
164.7994675,78.9273690,38.6100763,0.1774493,0.0034728,8.4999676,0.0000000
164.9994669,79.1242156,38.6454483,0.1781428,0.0034653,8.4999676,0.0000000
165.1994662,79.3210375,38.6809568,0.1788362,0.0034728,8.4999676,0.0000000
165.3994656,79.5178348,38.7166021,0.1795329,0.0034984,8.4999676,0.0000000
165.5994649,79.7146070,38.7523850,0.1802366,0.0035431,8.4999676,0.0000000
165.7994643,79.9113539,38.7883075,0.1809511,0.0036067,8.4999676,0.0000000
165.9994636,80.1080747,38.8243718,0.1816801,0.0036870,8.4999676,0.0000000
166.1994630,80.3047689,38.8605813,0.1824266,0.0037801,8.4999676,0.0000000
166.3994624,80.5014357,38.8969394,0.1831925,0.0038809,8.4999676,0.0000000
166.5994617,80.6980742,38.9334502,0.1839789,0.0039829,8.4999676,-0.0000000
166.7994611,80.8946836,38.9701176,0.1847853,0.0040785,8.4999676,-0.0000000
166.9994604,81.0912630,39.0069454,0.1856095,0.0041597,8.4999676,-0.0000001
167.1994598,81.2878117,39.0439366,0.1864480,0.0042188,8.4999676,-0.0000001
167.3994591,81.4843291,39.0810936,0.1872956,0.0042492,8.4999676,-0.0000000
167.5994585,81.6808149,39.1184175,0.1881459,0.0042465,8.4999676,0.0000000
167.7994578,81.8772689,39.1559082,0.1889925,0.0042108,8.4999676,0.0000000
167.9994572,82.0736913,39.1935643,0.1898288,0.0041457,8.4999676,0.0000000
168.1994565,82.2700824,39.2313833,0.1906496,0.0040571,8.4999676,0.0000000
168.3994559,82.4664428,39.2693615,0.1914508,0.0039516,8.4999676,0.0000000
168.5994552,82.6627731,39.3074949,0.1922297,0.0038359,8.4999676,0.0000000
168.7994546,82.8590740,39.3457789,0.1929849,0.0037159,8.4999676,0.0000000
168.9994540,83.0553465,39.3842088,0.1937161,0.0035966,8.4999676,0.0000000
169.1994533,83.2515913,39.4227798,0.1944238,0.0034818,8.4999676,0.0000000
169.3994527,83.4478092,39.4614875,0.1951092,0.0033739,8.4999676,0.0000000
169.5994520,83.6440009,39.5003277,0.1957738,0.0032743,8.4999676,0.0000000
169.7994514,83.8401671,39.5392963,0.1964193,0.0031828,8.4999676,-0.0000000
169.9994507,84.0363085,39.5783898,0.1970472,0.0030981,8.4999676,-0.0000000
170.1994501,84.2324256,39.6176048,0.1976588,0.0030180,8.4999676,-0.0000000
170.3994494,84.4285190,39.6569382,0.1982545,0.0029396,8.4999676,-0.0000000
170.5994488,84.6245892,39.6963868,0.1988345,0.0028599,8.4999676,-0.0000000
170.7994481,84.8206369,39.7359476,0.1993983,0.0027766,8.4999676,0.0000000
170.9994475,85.0166625,39.7756173,0.1999449,0.0026887,8.4999676,0.0000000
171.1994468,85.2126668,39.8153923,0.2004736,0.0025978,8.4999676,0.0000000
171.3994462,85.4086504,39.8552692,0.2009841,0.0025080,8.4999676,0.0000000
171.5994456,85.6046140,39.8952444,0.2014771,0.0024245,8.4999676,0.0000000
171.7994449,85.8005582,39.9353146,0.2019545,0.0023534,8.4999676,0.0000000
171.9994443,85.9964834,39.9754771,0.2024194,0.0023004,8.4999676,0.0000000
172.1994436,86.1923902,40.0157298,0.2028759,0.0022709,8.4999676,0.0000000
172.3994430,86.3882787,40.0560715,0.2033292,0.0022694,8.4999676,0.0000000
172.5994423,86.5841488,40.0965021,0.2037852,0.0022995,8.4999676,0.0000000
172.7994417,86.7800003,40.1370229,0.2042507,0.0023636,8.4999676,0.0000000
172.9994410,86.9758326,40.1776363,0.2047325,0.0024631,8.4999676,0.0000000
173.1994404,87.1716448,40.2183462,0.2052377,0.0025977,8.4999676,0.0000000
173.3994397,87.3674359,40.2591579,0.2057732,0.0027661,8.4999676,0.0000000
173.5994391,87.5632043,40.3000780,0.2063456,0.0029653,8.4999676,0.0000000
173.7994384,87.7589485,40.3411142,0.2069607,0.0031910,8.4999676,0.0000000
173.9994378,87.9546664,40.3822754,0.2076230,0.0034371,8.4999676,0.0000000
174.1994372,88.1503560,40.4235711,0.2083361,0.0036961,8.4999676,0.0000000
174.3994365,88.3460149,40.4650114,0.2091016,0.0039588,8.4999676,0.0000000
174.5994359,88.5416410,40.5066067,0.2099193,0.0042146,8.4999676,-0.0000000
174.7994352,88.7372320,40.5483668,0.2107866,0.0044521,8.4999676,-0.0000001
174.9994346,88.9327858,40.5903010,0.2116986,0.0046589,8.4999676,-0.0000001
175.1994339,89.1283004,40.6324173,0.2126480,0.0048238,8.4999676,-0.0000001
175.3994333,89.3237742,40.6747221,0.2136255,0.0049373,8.4999676,-0.0000000
175.5994326,89.5192063,40.7172199,0.2146201,0.0049938,8.4999676,0.0000000
175.7994320,89.7145958,40.7599127,0.2156202,0.0049941,8.4999676,0.0000000
175.9994313,89.9099426,40.8028006,0.2166153,0.0049455,8.4999676,0.0000000
176.1994307,90.1052469,40.8458816,0.2175965,0.0048590,8.4999676,0.0000000
176.3994300,90.3005092,40.8891524,0.2185576,0.0047473,8.4999676,0.0000000
176.5994294,90.4957304,40.9326085,0.2194948,0.0046234,8.4999676,0.0000000
176.7994288,90.6909113,40.9762451,0.2204070,0.0044996,8.4999676,0.0000000
176.9994281,90.8860528,41.0200573,0.2212952,0.0043865,8.4999676,0.0000000
177.1994275,91.0811559,41.0640408,0.2221626,0.0042932,8.4999676,0.0000000
177.3994268,91.2762211,41.1081918,0.2230138,0.0042263,8.4999676,0.0000000
177.5994262,91.4712489,41.1525077,0.2238546,0.0041903,8.4999676,0.0000000
177.7994255,91.6662394,41.1969871,0.2246915,0.0041874,8.4999676,0.0000000
177.9994249,91.8611927,41.2416299,0.2255312,0.0042176,8.4999676,0.0000000
178.1994242,92.0561082,41.2864371,0.2263801,0.0042785,8.4999676,0.0000000
178.3994236,92.2509852,41.3314111,0.2272439,0.0043654,8.4999676,0.0000000
178.5994229,92.4458230,41.3765553,0.2281272,0.0044717,8.4999676,0.0000000
178.7994223,92.6406202,41.4218738,0.2290331,0.0045883,8.4999676,0.0000000
178.9994216,92.8353758,41.4673709,0.2299625,0.0047045,8.4999676,-0.0000000
179.1994210,93.0300885,41.5130513,0.2309143,0.0048080,8.4999676,-0.0000001
179.3994204,93.2247573,41.5589189,0.2318845,0.0048857,8.4999676,-0.0000001
179.5994197,93.4193811,41.6049766,0.2328666,0.0049248,8.4999676,-0.0000001
179.7994191,93.6139594,41.6512259,0.2338519,0.0049141,8.4999676,-0.0000000
179.9994184,93.8084923,41.6976663,0.2348294,0.0048458,8.4999676,0.0000000
180.1994178,94.0029800,41.7442951,0.2357873,0.0047184,8.4999676,0.0000000
180.3994171,94.1974238,41.7911074,0.2367140,0.0045365,8.4999676,0.0000000
180.5994165,94.3918249,41.8380959,0.2375995,0.0043085,8.4999676,0.0000000
180.7994158,94.5861856,41.8852519,0.2384356,0.0040449,8.4999676,0.0000000
180.9994152,94.7805080,41.9325651,0.2392162,0.0037567,8.4999676,0.0000000
181.1994145,94.9747948,41.9800243,0.2399375,0.0034545,8.4999676,0.0000000
181.3994139,95.1690488,42.0276176,0.2405978,0.0031480,8.4999676,0.0000000
181.5994132,95.3632728,42.0753333,0.2411969,0.0028458,8.4999676,0.0000000
181.7994126,95.5574696,42.1231595,0.2417366,0.0025548,8.4999676,0.0000000
181.9994119,95.7516419,42.1710850,0.2422197,0.0022807,8.4999676,-0.0000000
182.1994113,95.9457924,42.2190990,0.2426500,0.0020280,8.4999676,-0.0000000
182.3994107,96.1399233,42.2671919,0.2430321,0.0017996,8.4999676,-0.0000000
182.5994100,96.3340369,42.3153546,0.2433712,0.0015976,8.4999676,-0.0000000
182.7994094,96.5281351,42.3635794,0.2436725,0.0014230,8.4999676,-0.0000000
182.9994087,96.7222195,42.4118595,0.2439417,0.0012756,8.4999676,-0.0000000
183.1994081,96.9162916,42.4601892,0.2441841,0.0011547,8.4999676,-0.0000000
183.3994074,97.1103525,42.5085637,0.2444049,0.0010589,8.4999676,-0.0000000
183.5994068,97.3044032,42.5569794,0.2446088,0.0009859,8.4999676,-0.0000000
183.7994061,97.4984443,42.6054333,0.2448002,0.0009330,8.4999676,-0.0000000
183.9994055,97.6924764,42.6539235,0.2449829,0.0008972,8.4999676,-0.0000000
184.1994048,97.8864997,42.7024485,0.2451598,0.0008747,8.4999676,-0.0000000
184.3994042,98.0805146,42.7510075,0.2453333,0.0008618,8.4999676,-0.0000000
184.5994035,98.2745210,42.7995999,0.2455048,0.0008544,8.4999676,-0.0000000
184.7994029,98.4685192,42.8482255,0.2456751,0.0008486,8.4999676,-0.0000000
184.9994023,98.6625091,42.8968840,0.2458441,0.0008406,8.4999676,-0.0000000
185.1994016,98.8564909,42.9455751,0.2460111,0.0008274,8.4999676,0.0000000
185.3994010,99.0504645,42.9942983,0.2461748,0.0008072,8.4999676,0.0000000
185.5994003,99.2444303,43.0430528,0.2463336,0.0007798,8.4999676,0.0000000
185.7993997,99.4383885,43.0918376,0.2464864,0.0007470,8.4999676,0.0000000
185.9993990,99.6323395,43.1406513,0.2466323,0.0007117,8.4999676,0.0000000
186.1993984,99.8262834,43.1894926,0.2467712,0.0006779,8.4999676,0.0000000
186.3993977,100.0202208,43.2383602,0.2469037,0.0006497,8.4999676,0.0000000
186.5993971,100.2141517,43.2872531,0.2470315,0.0006318,8.4999676,0.0000000
186.7993964,100.4080765,43.3361704,0.2471572,0.0006289,8.4999676,0.0000000
186.9993958,100.6019952,43.3851122,0.2472841,0.0006453,8.4999676,0.0000000
187.1993951,100.7959075,43.4340791,0.2474165,0.0006856,8.4999676,0.0000000
187.3993945,100.9898130,43.4830726,0.2475597,0.0007538,8.4999676,0.0000000
187.5993939,101.1837112,43.5320954,0.2477197,0.0008537,8.4999676,0.0000000
187.7993932,101.3776010,43.5811514,0.2479030,0.0009890,8.4999676,0.0000000
187.9993926,101.5714811,43.6302457,0.2481172,0.0011626,8.4999676,0.0000000
188.1993919,101.7653497,43.6793853,0.2483702,0.0013774,8.4999676,0.0000000
188.3993913,101.9592048,43.7285783,0.2486705,0.0016354,8.4999676,0.0000000
188.5993906,102.1530437,43.7778348,0.2490267,0.0019382,8.4999676,0.0000000
188.7993900,102.3468636,43.8271665,0.2494481,0.0022867,8.4999676,0.0000000
188.9993893,102.5406608,43.8765870,0.2499438,0.0026808,8.4999676,0.0000000
189.1993887,102.7344315,43.9261114,0.2505228,0.0031192,8.4999676,0.0000001
189.3993880,102.9281712,43.9757568,0.2511937,0.0035991,8.4999676,0.0000001
189.5993874,103.1218751,44.0255417,0.2519644,0.0041160,8.4999676,0.0000001
189.7993867,103.3155380,44.0754862,0.2528418,0.0046633,8.4999676,0.0000001
189.9993861,103.5091542,44.1256112,0.2538310,0.0052324,8.4999676,0.0000001
190.1993855,103.7027178,44.1759389,0.2549354,0.0058120,8.4999676,0.0000001
190.3993848,103.8962228,44.2264915,0.2561557,0.0063882,8.4999676,0.0000001
190.5993842,104.0896630,44.2772913,0.2574897,0.0069445,8.4999676,0.0000000
190.7993835,104.2830325,44.3283596,0.2589315,0.0074620,8.4999676,-0.0000001
190.9993829,104.4763256,44.3797164,0.2604714,0.0079194,8.4999676,-0.0000002
191.1993822,104.6695372,44.4313791,0.2620950,0.0082947,8.4999676,-0.0000004
191.3993816,104.8626628,44.4833620,0.2637838,0.0085662,8.4999676,-0.0000005
191.5993809,105.0556991,44.5356755,0.2655150,0.0087152,8.4999676,-0.0000002
191.7993803,105.2486440,44.5883251,0.2672626,0.0087289,8.4999676,0.0000001
191.9993796,105.4414968,44.6413112,0.2689990,0.0086050,8.4999676,0.0000001
192.1993790,105.6342582,44.6946288,0.2706975,0.0083532,8.4999676,0.0000001
192.3993783,105.8269304,44.7482681,0.2723340,0.0079904,8.4999676,0.0000001
192.5993777,106.0195166,44.8022151,0.2738885,0.0075372,8.4999676,0.0000001
192.7993771,106.2120213,44.8564522,0.2753450,0.0070154,8.4999676,0.0000001
192.9993764,106.4044498,44.9109593,0.2766919,0.0064466,8.4999676,0.0000001
193.1993758,106.5968079,44.9657143,0.2779219,0.0058502,8.4999676,0.0000001
193.3993751,106.7891018,45.0206943,0.2790313,0.0052434,8.4999676,0.0000000
193.5993745,106.9813379,45.0758760,0.2800194,0.0046409,8.4999676,0.0000000
193.7993738,107.1735228,45.1312360,0.2808885,0.0040549,8.4999676,0.0000000
193.9993732,107.3656626,45.1867520,0.2816428,0.0034949,8.4999676,0.0000000
194.1993725,107.5577636,45.2424023,0.2822883,0.0029684,8.4999676,-0.0000000
194.3993719,107.7498315,45.2981668,0.2828323,0.0024811,8.4999676,-0.0000000
194.5993712,107.9418716,45.3540267,0.2832831,0.0020368,8.4999676,-0.0000000
194.7993706,108.1338890,45.4099648,0.2836496,0.0016380,8.4999676,-0.0000000
194.9993699,108.3258880,45.4659660,0.2839409,0.0012859,8.4999676,-0.0000000
195.1993693,108.5178725,45.5220167,0.2841666,0.0009808,8.4999676,-0.0000000
195.3993687,108.7098460,45.5781051,0.2843359,0.0007224,8.4999676,-0.0000000
195.5993680,108.9018114,45.6342214,0.2844582,0.0005097,8.4999676,-0.0000000
195.7993674,109.0937710,45.6903573,0.2845424,0.0003413,8.4999676,-0.0000000
195.9993667,109.2857268,45.7465064,0.2845972,0.0002155,8.4999676,-0.0000000
196.1993661,109.4776801,45.8026640,0.2846310,0.0001308,8.4999676,-0.0000000
196.3993654,109.6696319,45.8588266,0.2846518,0.0000850,8.4999676,-0.0000000
196.5993648,109.8615827,45.9149926,0.2846672,0.0000765,8.4999676,-0.0000000
196.7993641,110.0535326,45.9711616,0.2846845,0.0001032,8.4999676,-0.0000000
196.9993635,110.2454814,46.0273346,0.2847104,0.0001631,8.4999676,-0.0000000
197.1993628,110.4374283,46.0835140,0.2847516,0.0002544,8.4999676,0.0000000
197.3993622,110.6293723,46.1397033,0.2848139,0.0003748,8.4999676,0.0000000
197.5993615,110.8213121,46.1959069,0.2849031,0.0005225,8.4999676,0.0000000
197.7993609,111.0132460,46.2521308,0.2850244,0.0006950,8.4999676,0.0000000
197.9993603,111.2051721,46.3083813,0.2851825,0.0008901,8.4999676,0.0000000
198.1993596,111.3970881,46.3646661,0.2853817,0.0011050,8.4999676,0.0000000
198.3993590,111.5889917,46.4209933,0.2856256,0.0013365,8.4999676,0.0000000
198.5993583,111.7808802,46.4773719,0.2859171,0.0015810,8.4999676,0.0000000
198.7993577,111.9727509,46.5338111,0.2862585,0.0018344,8.4999676,0.0000000
198.9993570,112.1646008,46.5903208,0.2866512,0.0020917,8.4999676,0.0000000
199.1993564,112.3564271,46.6469107,0.2870952,0.0023477,8.4999676,0.0000000
199.3993557,112.5482268,46.7035906,0.2875898,0.0025963,8.4999676,-0.0000000
199.5993551,112.7399970,46.7603702,0.2881329,0.0028309,8.4999676,-0.0000000
199.7993544,112.9317351,46.8172582,0.2887210,0.0030452,8.4999676,-0.0000000
199.9993538,113.1234385,46.8742629,0.2893494,0.0032330,8.4999676,-0.0000000
200.1993531,113.3151051,46.9313915,0.2900123,0.0033896,8.4999676,0.0000000
200.3993525,113.5067329,46.9886499,0.2907031,0.0035124,8.4999676,0.0000000
200.5993519,113.6983205,47.0460428,0.2914151,0.0036019,8.4999676,0.0000000
200.7993512,113.8898667,47.1035736,0.2921419,0.0036604,8.4999676,0.0000000
200.9993506,114.0813707,47.1612446,0.2928775,0.0036910,8.4999676,0.0000000
201.1993499,114.2728322,47.2190568,0.2936167,0.0036970,8.4999676,0.0000000
201.3993493,114.4642508,47.2770105,0.2943549,0.0036810,8.4999676,-0.0000000
201.5993486,114.6556268,47.3351051,0.2950878,0.0036450,8.4999676,-0.0000000
201.7993480,114.8469604,47.3933391,0.2958117,0.0035905,8.4999676,-0.0000000
201.9993473,115.0382521,47.4517105,0.2965229,0.0035183,8.4999676,-0.0000000
202.1993467,115.2295028,47.5102163,0.2972179,0.0034294,8.4999676,0.0000000
202.3993460,115.4207132,47.5688533,0.2978936,0.0033257,8.4999676,0.0000000
202.5993454,115.6118847,47.6276174,0.2985474,0.0032104,8.4999676,0.0000000
202.7993447,115.8030183,47.6865043,0.2991772,0.0030873,8.4999676,0.0000000
202.9993441,115.9941156,47.7455091,0.2997820,0.0029601,8.4999676,0.0000000
203.1993435,116.1851779,47.8046270,0.3003612,0.0028323,8.4999676,0.0000000
203.3993428,116.3762067,47.8638532,0.3009150,0.0027067,8.4999676,0.0000000
203.5993422,116.5672035,47.9231827,0.3014441,0.0025855,8.4999676,0.0000000
203.7993415,116.7581695,47.9826111,0.3019496,0.0024705,8.4999676,0.0000000
203.9993409,116.9491061,48.0421338,0.3024328,0.0023631,8.4999676,0.0000000
204.1993402,117.1400145,48.1017468,0.3028954,0.0022642,8.4999676,0.0000000
204.3993396,117.3308959,48.1614463,0.3033391,0.0021743,8.4999676,0.0000000
204.5993389,117.5217513,48.2212287,0.3037657,0.0020931,8.4999676,0.0000000
204.7993383,117.7125817,48.2810911,0.3041769,0.0020200,8.4999676,0.0000000
204.9993376,117.9033879,48.3410307,0.3045742,0.0019538,8.4999676,0.0000000
205.1993370,118.0941706,48.4010448,0.3049588,0.0018925,8.4999676,0.0000000
205.3993363,118.2849306,48.4611311,0.3053314,0.0018339,8.4999676,-0.0000000
205.5993357,118.4756686,48.5212873,0.3056924,0.0017753,8.4999676,-0.0000000
205.7993351,118.6663851,48.5815113,0.3060414,0.0017140,8.4999676,-0.0000000
205.9993344,118.8570811,48.6418007,0.3063777,0.0016480,8.4999676,-0.0000000
206.1993338,119.0477571,48.7021528,0.3067002,0.0015767,8.4999676,0.0000000
206.3993331,119.2384141,48.7625651,0.3070080,0.0015015,8.4999676,0.0000000
206.5993325,119.4290530,48.8230347,0.3073008,0.0014275,8.4999676,0.0000000
206.7993318,119.6196745,48.8835586,0.3075795,0.0013632,8.4999676,0.0000000
206.9993312,119.8102795,48.9441346,0.3078478,0.0013192,8.4999676,0.0000000
207.1993305,120.0008686,49.0047610,0.3081073,0.0012811,8.4999676,0.0000000
207.3993299,120.1914423,49.0654364,0.3083631,0.0012818,8.4999676,0.0000000
207.5993292,120.3820003,49.1261607,0.3086231,0.0013245,8.4999676,0.0000000
207.7993286,120.5725422,49.1869358,0.3088963,0.0014146,8.4999676,0.0000000
207.9993279,120.7630668,49.2477649,0.3091930,0.0015594,8.4999676,0.0000000
208.1993273,120.9535724,49.3086537,0.3095246,0.0017651,8.4999676,0.0000000
208.3993267,121.1440563,49.3696100,0.3099040,0.0020370,8.4999676,0.0000000
208.5993260,121.3345153,49.4306442,0.3103447,0.0023791,8.4999676,0.0000000
208.7993254,121.5249452,49.4917693,0.3108612,0.0027945,8.4999676,0.0000001
208.9993247,121.7153407,49.5530012,0.3114682,0.0032842,8.4999676,0.0000001
209.1993241,121.9056959,49.6143584,0.3121806,0.0038480,8.4999676,0.0000001
209.3993234,122.0960038,49.6758623,0.3130129,0.0044830,8.4999676,0.0000001
209.5993228,122.2862562,49.7375372,0.3139789,0.0051843,8.4999676,0.0000002
209.7993221,122.4764446,49.7994095,0.3150912,0.0059439,8.4999676,0.0000002
209.9993215,122.6665592,49.8615081,0.3163603,0.0067508,8.4999676,0.0000003
210.1993208,122.8565897,49.9238634,0.3177942,0.0075901,8.4999676,0.0000003
210.3993202,123.0465253,49.9865072,0.3193976,0.0084429,8.4999676,0.0000004
210.5993195,123.2363549,50.0494717,0.3211708,0.0092859,8.4999677,0.0000004
210.7993189,123.4260673,50.1127883,0.3231091,0.0100903,8.4999677,0.0000004
210.9993182,123.6156515,50.1764875,0.3252015,0.0108222,8.4999677,0.0000003
211.1993176,123.8050976,50.2405963,0.3274294,0.0114415,8.4999677,0.0000002
211.3993170,123.9943968,50.3051378,0.3297659,0.0119021,8.4999677,0.0000001
211.5993163,124.1835421,50.3701289,0.3321739,0.0121504,8.4999677,-0.0000002
211.7993157,124.3725292,50.4355783,0.3346057,0.0121310,8.4999677,-0.0000006
211.9993150,124.5613576,50.5014845,0.3369984,0.0117645,8.4999677,0.0000004
212.1993144,124.7500309,50.5678335,0.3392875,0.0110368,8.4999677,-0.7350416
212.3993137,124.9385585,50.6345954,0.3413489,0.0095965,8.4826549,-6.3664499
212.5993131,125.1269574,50.7017197,0.3431413,0.0084228,8.3311982,-9.6570727
212.7993124,125.3152417,50.7691649,0.3447833,0.0079255,8.0960513,-9.7145593
212.9993118,125.5034199,50.8369059,0.3462593,0.0065970,7.8524032,-9.8240926
213.1993111,125.6915118,50.9048865,0.3472592,0.0030538,7.5980663,-9.9215732
213.3993105,125.8795664,50.9729696,0.3472437,-0.0039723,7.3322571,-9.6198284
213.5993098,126.0676877,51.0408784,0.3451769,-0.0176235,7.0649894,-9.0894930
213.7993092,126.2560381,51.1080861,0.3396104,-0.0391506,6.8028149,-8.3010481
213.9993086,126.4448769,51.1737698,0.3288942,-0.0697099,6.5542262,-7.2952497
214.1993079,126.6346485,51.2367715,0.3108208,-0.1106608,6.3277003,-6.2129447
214.3993073,126.8257935,51.2955705,0.2847282,-0.1497497,6.1281825,-5.2089331
214.5993066,127.0186033,51.3486322,0.2512150,-0.1843937,5.9557581,-4.3708349
214.7993060,127.2132471,51.3945791,0.2114792,-0.2119609,5.8071272,-3.7366269
214.9993053,127.4096808,51.4322730,0.1670296,-0.2316164,5.6769781,-3.3094727
215.1993047,127.6076851,51.4608719,0.1194605,-0.2435045,5.5591632,-3.0817053
215.3993040,127.8066684,51.4798002,0.0699566,-0.2513825,5.4471660,-2.9570326
215.5993034,128.0062987,51.4886965,0.0188022,-0.2604887,5.3374908,-2.8872795
215.7993027,128.2061023,51.4872067,6.2492780,-0.2664537,5.2281833,-2.8614968
215.9993021,128.4054508,51.4751143,6.1959629,-0.2655374,5.1175488,-2.8705137
216.1993014,128.6041745,51.4523876,6.1419432,-0.2859090,5.0041087,-2.9204253
216.3993008,128.8017408,51.4182051,6.0805214,-0.3231075,4.8859940,-3.0173887
216.5993002,128.9965943,51.3712853,6.0119480,-0.3590330,4.7608808,-3.1701888
216.7992995,129.1870300,51.3106766,5.9369053,-0.3950072,4.6257880,-3.4334727
216.9992989,129.3723541,51.2352412,5.8551947,-0.4295602,4.4748776,-3.7689759
217.1992982,129.5510152,51.1440823,5.7669173,-0.4534438,4.3031319,-4.1646074
217.3992976,129.7201254,51.0373913,5.6724682,-0.4969543,4.1050099,-4.7083173
217.5992969,129.8772731,50.9148663,5.5684653,-0.5263541,3.8688223,-5.3422827
217.7992963,130.0216073,50.7763463,5.4713062,-0.4710166,3.5820217,-5.8620772
217.9992956,130.1516100,50.6245157,5.3661554,-0.5803503,3.2382181,-4.5773799
218.1992950,130.2637460,50.4582612,5.2447597,-0.5828020,2.9419569,1.5933529
218.3992943,130.3561975,50.2822657,5.1576686,-0.2616807,3.0483519,3.9122488
218.5992937,130.4404845,50.1028791,5.1465473,-0.2770903,3.2950484,3.5647488
218.7992930,130.5160584,49.9204098,5.0605188,-0.4457238,3.5047452,3.1867221
218.9992924,130.5763776,49.7277345,4.9700624,-0.4662685,3.6821086,2.9122051
219.1992918,130.6184638,49.5319409,4.8793549,-0.4426323,3.8370303,2.7071464
219.3992911,130.6430948,49.3326800,4.7926459,-0.4152548,3.9756329,2.5444733
219.5992905,130.6509333,49.1316615,4.7113170,-0.3815218,4.1016390,2.4053305
219.7992898,130.6432710,48.9311546,4.6382532,-0.3432507,4.2172944,2.2807531
219.9992892,130.6219729,48.7325750,4.5740762,-0.3131064,4.3241034,2.1662675
220.1992885,130.5881405,48.5359419,4.5092304,-0.3322031,4.4231634,2.0499210
220.3992879,130.5414314,48.3416876,4.4440146,-0.3197761,4.5149020,1.9362382
220.5992872,130.4822718,48.1505474,4.3807056,-0.3119732,4.5998731,1.9996245
220.7992866,130.4113824,47.9635415,4.3200249,-0.2934065,4.6860090,2.2400004
220.9992859,130.3296968,47.7810364,4.2640263,-0.2652564,4.7806566,2.6126574
221.1992853,130.2384757,47.6031164,4.2144130,-0.2299349,4.8887357,3.0526294
221.3992846,130.1391765,47.4295656,4.1722483,-0.1914844,5.0120639,3.5045713
221.5992840,130.0332961,47.2599321,4.1377714,-0.1537344,5.1500106,3.9324850
221.7992834,129.9222364,47.0936265,4.1105626,-0.1192522,5.3005281,4.3132012
221.9992827,129.8072270,46.9300147,4.0897905,-0.0897188,5.4608491,4.6295634
222.1992821,129.6892870,46.7684949,4.0743629,-0.0659711,5.6278497,4.8773116
222.3992814,129.5692164,46.6085487,4.0631274,-0.0476156,5.7985869,5.0668387
222.5992808,129.4476217,46.4497569,4.0551025,-0.0335971,5.9707905,5.2111970
222.7992801,129.3249584,46.2917891,4.0495222,-0.0229808,6.1428667,5.3201346
222.9992795,129.2015673,46.1343897,4.0457791,-0.0150674,6.3137040,5.4009100
223.1992788,129.0777001,45.9773654,4.0433910,-0.0093081,6.4825315,5.4589345
223.3992782,128.9535390,45.8205740,4.0419719,-0.0052802,6.6488181,5.4982305
223.5992775,128.8292110,45.6639156,4.0412108,-0.0026483,6.8121999,5.5217883
223.7992769,128.7047987,45.5073244,4.0408567,-0.0011528,6.9724297,5.5319823
223.9992762,128.5803493,45.3507629,4.0407062,-0.0005259,7.1293451,5.5318141
224.1992756,128.4558826,45.1942152,4.0406149,-0.0005219,7.2828758,5.5227870
224.3992750,128.3313988,45.0376811,4.0404697,-0.0010707,7.4329932,5.5036380
224.5992743,128.2068808,44.8811742,4.0401589,-0.0021561,7.5796329,5.4740278
224.7992737,128.0822944,44.7247215,4.0395834,-0.0036969,7.7227223,5.4341684
224.9992730,127.9575918,44.5683613,4.0386605,-0.0056026,7.8621943,5.3848249
225.1992724,127.8327136,44.4121412,4.0373284,-0.0077565,7.9980012,5.3276840
225.3992717,127.7075930,44.2561151,4.0355512,-0.0100130,8.1301346,5.2657278
225.5992711,127.5821601,44.1003398,4.0333257,-0.0121991,8.2586545,5.2032557
225.7992704,127.4563478,43.9448707,4.0306847,-0.0141107,8.3837145,3.9394456
225.9992698,127.3300979,43.7897568,4.0276963,-0.0158676,8.4771718,0.9675192
226.1992691,127.2033557,43.6350449,4.0243183,-0.0179162,8.4999676,-0.0000012
226.3992685,127.0760601,43.4807880,4.0205375,-0.0197055,8.4999676,0.0000021
226.5992678,126.9481591,43.3270326,4.0164865,-0.0205875,8.4999676,0.0000039
226.7992672,126.8196279,43.1738036,4.0123586,-0.0205360,8.4999677,0.0000024
226.9992666,126.6904697,43.0211026,4.0083133,-0.0198099,8.4999678,0.0000002
227.1992659,126.5607085,42.8689136,4.0044633,-0.0186219,8.4999678,0.0000003
227.3992653,126.4303820,42.7172084,4.0008830,-0.0171423,8.4999678,0.0000002
227.5992646,126.2995365,42.5659504,3.9976172,-0.0154977,8.4999678,0.0000000
227.7992640,126.1682229,42.4150986,3.9946888,-0.0137832,8.4999678,-0.0000001
227.9992633,126.0364940,42.2646093,3.9921046,-0.0120671,8.4999678,-0.0000002
228.1992627,125.9044022,42.1144383,3.9898595,-0.0103985,8.4999678,-0.0000003
228.3992620,125.7719982,41.9645426,3.9879404,-0.0088122,8.4999678,-0.0000003
228.5992614,125.6393300,41.8148805,3.9863283,-0.0073317,8.4999677,-0.0000003
228.7992607,125.5064422,41.6654134,3.9850005,-0.0059717,8.4999677,-0.0000004
228.9992601,125.3733758,41.5161054,3.9839318,-0.0047406,8.4999677,-0.0000004
229.1992594,125.2401675,41.3669238,3.9830961,-0.0036413,8.4999677,-0.0000004
229.3992588,125.1068504,41.2178396,3.9824671,-0.0026731,8.4999677,-0.0000004
229.5992582,124.9734534,41.0688269,3.9820190,-0.0018320,8.4999677,-0.0000004
229.7992575,124.8400014,40.9198633,3.9817267,-0.0011121,8.4999677,-0.0000003
229.9992569,124.7065162,40.7709296,3.9815670,-0.0005057,8.4999677,-0.0000003
230.1992562,124.5730156,40.6220097,3.9815178,-0.0000042,8.4999677,-0.0000003
230.3992556,124.4395147,40.4730901,3.9815593,0.0004019,8.4999677,-0.0000003
230.5992549,124.3060256,40.3241599,3.9816731,0.0007222,8.4999677,-0.0000003
230.7992543,124.1725578,40.1752106,3.9818433,0.0009663,8.4999677,-0.0000003
230.9992536,124.0391187,40.0262356,3.9820554,0.0011439,8.4999677,-0.0000002
231.1992530,123.9057136,39.8772303,3.9822972,0.0012640,8.4999676,-0.0000002
231.3992523,123.7723460,39.7281913,3.9825579,0.0013353,8.4999676,-0.0000002
231.5992517,123.6390182,39.5791168,3.9828286,0.0013658,8.4999676,-0.0000002
231.7992510,123.5057310,39.4300060,3.9831020,0.0013629,8.4999676,-0.0000002
231.9992504,123.3724844,39.2808589,3.9833721,0.0013333,8.4999676,-0.0000001
232.1992498,123.2392775,39.1316764,3.9836340,0.0012830,8.4999676,-0.0000001
232.3992491,123.1061089,38.9824597,3.9838842,0.0012175,8.4999676,-0.0000001
232.5992485,122.9729767,38.8332106,3.9841206,0.0011409,8.4999676,-0.0000001
232.7992478,122.8398783,38.6839311,3.9843396,0.0010725,8.4999676,0.0000000
232.9992472,122.7068133,38.5346240,3.9845567,0.0011008,8.4999676,0.0000001
233.1992465,122.5737816,38.3852881,3.9847785,0.0010503,8.4999676,0.0000002
233.3992459,122.4407788,38.2359230,3.9849573,0.0007786,8.4999676,0.0000003
233.5992452,122.3077992,38.0865362,3.9851029,0.0006774,8.4999676,0.0000003
233.7992446,122.1748401,37.9371316,3.9852284,0.0005788,8.4999676,0.0000003
233.9992439,122.0418982,37.7877115,3.9853347,0.0004848,8.4999676,0.0000003
234.1992433,121.9089708,37.6382785,3.9854225,0.0003942,8.4999677,0.0000002
234.3992426,121.7760552,37.4888350,3.9854926,0.0003077,8.4999677,0.0000002
234.5992420,121.6431488,37.3393833,3.9855459,0.0002255,8.4999677,0.0000002
234.7992414,121.5102491,37.1899257,3.9855831,0.0001477,8.4999677,0.0000002
234.9992407,121.3773539,37.0404640,3.9856053,0.0000744,8.4999677,0.0000002
235.1992401,121.2444609,36.8910004,3.9856132,0.0000055,8.4999677,0.0000002
235.3992394,121.1115680,36.7415366,3.9856078,-0.0000590,8.4999677,0.0000002
235.5992388,120.9786734,36.5920744,3.9855899,-0.0001189,8.4999677,0.0000002
235.7992381,120.8457753,36.4426153,3.9855605,-0.0001742,8.4999677,0.0000002
235.9992375,120.7128720,36.2931609,3.9855205,-0.0002247,8.4999677,0.0000002
236.1992368,120.5799620,36.1437124,3.9854710,-0.0002699,8.4999677,0.0000001
236.3992362,120.4470439,35.9942711,3.9854130,-0.0003094,8.4999677,0.0000001
236.5992355,120.3141166,35.8448380,3.9853477,-0.0003422,8.4999677,0.0000001
236.7992349,120.1811791,35.6954140,3.9852766,-0.0003677,8.4999677,0.0000001
236.9992342,120.0482307,35.5459998,3.9852013,-0.0003845,8.4999677,0.0000001
237.1992336,119.9152709,35.3965958,3.9851236,-0.0003913,8.4999677,0.0000001
237.3992330,119.7822994,35.2472021,3.9850457,-0.0003866,8.4999677,0.0000001
237.5992323,119.6493164,35.0978188,3.9849700,-0.0003684,8.4999677,0.0000001
237.7992317,119.5163225,34.9484452,3.9848995,-0.0003348,8.4999677,0.0000000
237.9992310,119.3833186,34.7990805,3.9848375,-0.0002836,8.4999677,0.0000000
238.1992304,119.2503064,34.6497232,3.9847878,-0.0002123,8.4999677,0.0000000
238.3992297,119.1172880,34.5003716,3.9847545,-0.0001186,8.4999677,-0.0000000
238.5992291,118.9842661,34.3510231,3.9847425,0.0000002,8.4999677,-0.0000000
238.7992284,118.8512444,34.2016745,3.9847570,0.0001467,8.4999677,-0.0000000
238.9992278,118.7182272,34.0523219,3.9848039,0.0003233,8.4999677,-0.0000001
239.1992271,118.5852199,33.9029607,3.9848893,0.0005322,8.4999677,-0.0000001
239.3992265,118.4522286,33.7535851,3.9850199,0.0007756,8.4999677,-0.0000001
239.5992258,118.3192607,33.6041889,3.9852029,0.0010549,8.4999677,-0.0000001
239.7992252,118.1863245,33.4547644,3.9854455,0.0013713,8.4999677,-0.0000001
239.9992245,118.0534295,33.3053034,3.9857550,0.0017249,8.4999677,-0.0000001
240.1992239,117.9205863,33.1557963,3.9861390,0.0021151,8.4999677,-0.0000001
240.3992233,117.7878062,33.0062327,3.9866045,0.0025403,8.4999677,-0.0000001
240.5992226,117.6551023,32.8566015,3.9871582,0.0029968,8.4999677,-0.0000001
240.7992220,117.5224881,32.7068906,3.9878058,0.0034800,8.4999677,-0.0000001
240.9992213,117.3899783,32.5570874,3.9885520,0.0039828,8.4999677,-0.0000001
241.1992207,117.2575879,32.4071786,3.9893999,0.0044964,8.4999677,-0.0000001
241.3992200,117.1253324,32.2571509,3.9903505,0.0050093,8.4999677,-0.0000001
241.5992194,116.9932272,32.1069908,3.9914021,0.0055071,8.4999677,-0.0000001
241.7992187,116.8612873,31.9566854,3.9925502,0.0059726,8.4999677,-0.0000001
241.9992181,116.7295268,31.8062227,3.9937863,0.0063852,8.4999677,-0.0000002
242.1992174,116.5979582,31.6555922,3.9950972,0.0067204,8.4999677,-0.0000002
242.3992168,116.4665918,31.5047854,3.9964648,0.0069503,8.4999677,-0.0000003
242.5992161,116.3354346,31.3537967,3.9978649,0.0070427,8.4999677,-0.0000003
242.7992155,116.2044894,31.2026240,3.9992664,0.0069615,8.4999677,-0.0000005
242.9992149,116.0737540,31.0512700,4.0006305,0.0066664,8.4999676,-0.0000006
243.1992142,115.9432195,30.8997428,4.0019102,0.0061134,8.4999676,-0.0000008
243.3992136,115.8128691,30.7480572,4.0030490,0.0052550,8.4999676,-0.0000010
243.5992129,115.6826768,30.5962359,4.0039810,0.0040406,8.4999676,-0.0000012
243.7992123,115.5526055,30.4443109,4.0046296,0.0024181,8.4999676,-0.0000013
243.9992116,115.4226059,30.2923247,4.0049079,0.0003343,8.4999675,-0.0000015
244.1992110,115.2926143,30.1403316,4.0047184,-0.0022630,8.4999675,-0.0000015
244.3992103,115.1625516,29.9883993,4.0039534,-0.0054233,8.4999675,-0.0000012
244.5992097,115.0323218,29.8366104,4.0024957,-0.0091917,8.4999674,-0.0000005
244.7992090,114.9018105,29.6850635,4.0002199,-0.0136058,8.4999674,0.0000008
244.9992084,114.7708845,29.5338749,3.9969938,-0.0186943,8.4999674,0.0000032
245.1992077,114.6393914,29.3831792,3.9926818,-0.0244632,8.4999675,0.0000071
245.3992071,114.5071599,29.2331317,3.9871467,-0.0309222,8.4999677,0.0000130
245.5992065,114.3740003,29.0839065,3.9802622,-0.0379548,8.4999680,0.0000210
245.7992058,114.2397101,28.9357003,3.9719048,-0.0456313,8.4999685,0.0000306
245.9992052,114.1040845,28.7887120,3.9622868,-0.0504850,8.4999692,0.0000399
246.1992045,113.9669549,28.6431214,3.9511807,-0.0608673,8.4999701,0.0000409
246.3992039,113.8280688,28.4992150,3.9379452,-0.0715752,8.4999711,0.0000290
246.5992032,113.6871487,28.3572976,3.9228166,-0.0797607,8.4999718,0.0000028
246.7992026,113.5439727,28.2176331,3.9060670,-0.0877920,8.4999719,-0.0000359
246.9992019,113.3983659,28.0804932,3.8878053,-0.0948261,8.4999710,-0.0000836
247.1992013,113.2501822,27.9461288,3.8682291,-0.1008667,8.4999690,-0.0001323
247.3992006,113.0993164,27.8147717,3.8475555,-0.1057259,8.4999659,-0.0001688
247.5992000,112.9457071,27.6866279,3.8260235,-0.1093846,8.4999620,-0.0001756
247.7991993,112.7893362,27.5618748,3.8038742,-0.1118664,8.4999578,-0.0001387
247.9991987,112.6302261,27.4406579,3.7813374,-0.1132745,8.4999546,-0.0000539
248.1991981,112.4684332,27.3230900,3.7586163,-0.1137836,8.4999533,0.0000886
248.3991974,112.3040378,27.2092527,3.7358671,-0.1136853,8.4999554,0.0001869
248.5991968,112.1371258,27.0991983,3.7131783,-0.1132817,8.4999598,0.0001376
248.7991961,111.9677808,26.9929636,3.6905447,-0.1132203,8.4999630,0.0000294
248.9991955,111.7960469,26.8905743,3.6678860,-0.1133619,8.4999637,-0.0000205
249.1991948,111.6220511,26.7921604,3.6445827,-0.1203044,8.4999632,0.0000527
249.3991942,111.4458967,26.6980624,3.6196045,-0.1261941,8.4999645,0.0000457
249.5991935,111.2673193,26.6083246,3.5951246,-0.1200140,8.4999655,0.0000309
249.7991929,111.0865108,26.5228556,3.5712640,-0.1181719,8.4999663,0.0000206
249.9991922,110.9037207,26.4416725,3.5480060,-0.1134293,8.4999667,0.0000136
250.1991916,110.7191073,26.3646411,3.5260496,-0.1049742,8.4999671,0.0000091
250.3991909,110.5329139,26.2914978,3.5061813,-0.0924917,8.4999673,0.0000066
250.5991903,110.3453948,26.2218086,3.4891676,-0.0767932,8.4999674,0.0000053
250.7991897,110.1568231,26.1550086,3.4754761,-0.0599759,8.4999676,0.0000046
250.9991890,109.9674568,26.0904783,3.4650877,-0.0443160,8.4999677,0.0000043
251.1991884,109.7775186,26.0276330,3.4576111,-0.0310087,8.4999678,0.0000041
251.3991877,109.5871899,25.9659717,3.4525456,-0.0201429,8.4999679,0.0000037
251.5991871,109.3966142,25.9050828,3.4494382,-0.0112412,8.4999680,0.0000031
251.7991864,109.2059105,25.8446290,3.4479639,-0.0038441,8.4999680,0.0000023
251.9991858,109.0151728,25.7843308,3.4478091,0.0025491,8.4999681,0.0000012
252.1991851,108.8244865,25.7239359,3.4490879,0.0099723,8.4999681,0.0000000
252.3991845,108.6339520,25.6631808,3.4516259,0.0148261,8.4999681,-0.0000007
252.5991838,108.4436051,25.6019019,3.4544091,0.0131717,8.4999681,-0.0000009
252.7991832,108.2534199,25.5401007,3.4572104,0.0148402,8.4999681,-0.0000008
252.9991825,108.0634070,25.4777351,3.4602920,0.0159803,8.4999681,-0.0000007
253.1991819,107.8735708,25.4147556,3.4635892,0.0169910,8.4999680,-0.0000007
253.3991813,107.6839549,25.3511348,3.4670642,0.0177515,8.4999680,-0.0000007
253.5991806,107.4945699,25.2868438,3.4706700,0.0182972,8.4999680,-0.0000007
253.7991800,107.3054240,25.2218626,3.4743613,0.0186037,8.4999680,-0.0000008
253.9991793,107.1165228,25.1561801,3.4780879,0.0186495,8.4999680,-0.0000010
254.1991787,106.9278684,25.0897956,3.4817941,0.0183984,8.4999680,-0.0000012
254.3991780,106.7394594,25.0227194,3.4854156,0.0178049,8.4999679,-0.0000016
254.5991774,106.5512793,24.9549713,3.4888785,0.0168066,8.4999679,-0.0000021
254.7991767,106.3633279,24.8865939,3.4920963,0.0153425,8.4999678,-0.0000026
254.9991761,106.1755880,24.8176434,3.4949688,0.0133415,8.4999678,-0.0000033
255.1991754,105.9880337,24.7481960,3.4973817,0.0107294,8.4999677,-0.0000040
255.3991748,105.8006298,24.6783500,3.4992057,0.0074335,8.4999676,-0.0000046
255.5991741,105.6133309,24.6082294,3.5002976,0.0033875,8.4999675,-0.0000050
255.7991735,105.4260804,24.5379857,3.5005019,-0.0014622,8.4999674,-0.0000047
255.9991729,105.2388101,24.4678003,3.4996540,-0.0071520,8.4999673,-0.0000031
256.1991722,105.0514401,24.3978862,3.4975842,-0.0136952,8.4999672,0.0000009
256.3991716,104.8638801,24.3284884,3.4941228,-0.0210723,8.4999672,0.0000092
256.5991709,104.6760301,24.2598843,3.4891089,-0.0292176,8.4999674,0.0000238
256.7991703,104.4877836,24.1923810,3.4823989,-0.0379896,8.4999680,0.0000466
256.9991696,104.2990312,24.1263112,3.4738909,-0.0472365,8.4999691,0.0000764
257.1991690,104.1096649,24.0620288,3.4634840,-0.0568903,8.4999709,0.0000983
257.3991683,103.9195820,23.9999050,3.4511481,-0.0663368,8.4999732,0.0000895
257.5991677,103.7286947,23.9403067,3.4370068,-0.0748656,8.4999753,0.0000460
257.7991670,103.5369394,23.8835701,3.4212806,-0.0821070,8.4999764,-0.0000459
257.9991664,103.3442797,23.8299858,3.4042603,-0.0877615,8.4999753,-0.0002232
258.1991657,103.1507112,23.7797868,3.3862797,-0.0917128,8.4999701,-0.0005207
258.3991651,102.9562433,23.7331390,3.3676787,-0.0940337,8.4999578,-0.0010140
258.5991645,102.7609572,23.6901581,3.3487595,-0.0943546,8.4999339,-0.0017432
258.7991638,102.5648991,23.6508567,3.3301735,-0.0929359,8.4998929,-0.0019889
258.9991632,102.3680323,23.6152091,3.3111388,-0.0971303,8.4998461,-0.0001002
259.1991625,102.1704630,23.5833862,3.2913148,-0.1009753,8.4998438,0.0026827
259.3991619,101.9723088,23.5555576,3.2708243,-0.1039282,8.4999069,0.0034177
259.5991612,101.7737822,23.5318739,3.2497215,-0.1073132,8.4999873,-0.0607630
259.7991606,101.5747536,23.5124503,3.2279143,-0.1108767,8.4985575,-0.1289830
259.9991599,101.3752886,23.4974413,3.2053547,-0.1147319,8.4955215,-0.1920457
260.1991593,101.1754923,23.4870134,3.1819893,-0.1187886,8.4909992,-0.2503543
260.3991586,100.9754863,23.4813386,3.1577892,-0.1229750,8.4851003,-0.3054110
260.5991580,100.7754061,23.4805895,3.1327406,-0.1272169,8.4778985,-0.3583303
260.7991573,100.5753982,23.4849353,3.1068508,-0.1314053,8.4694410,-0.4100155
260.9991567,100.3756162,23.4945361,3.0801543,-0.1353887,8.4597533,-0.4612967
261.1991561,100.1762152,23.5095375,3.0527216,-0.1389429,8.4488406,-0.5130320
261.3991554,99.9773445,23.5300627,3.0246732,-0.1417408,8.4366875,-0.5661517
261.5991548,99.7791412,23.5562024,2.9962031,-0.1432818,8.4232556,-0.6215692
261.7991541,99.5817264,23.5879989,2.9676045,-0.1429663,8.4084843,-0.6796520
261.9991535,99.3852066,23.6254212,2.9393476,-0.1395220,8.3923029,-0.7374381
262.1991528,99.1896888,23.6683246,2.9120119,-0.1339472,8.3747104,-0.7791457
262.3991522,98.9953818,23.7164769,2.8854444,-0.1292242,8.3560826,-0.7831278
262.5991515,98.8025241,23.7695183,2.8616653,-0.1089735,8.3373177,-0.7648928
262.7991509,98.6110006,23.8267155,2.8415962,-0.0946197,8.3189489,-0.7410913
262.9991502,98.4206936,23.8875025,2.8234743,-0.0874209,8.3011129,-0.7151646
263.1991496,98.2314443,23.9516315,2.8063270,-0.0851182,8.2838644,-0.6837190
263.3991489,98.0432510,24.0190248,2.7889890,-0.0888160,8.2673408,-0.6522514
263.5991483,97.8563439,24.0897417,2.7705453,-0.0962785,8.2515467,-0.6190547
263.7991477,97.6707613,24.1640721,2.7504187,-0.1053902,8.2365286,-0.5835633
263.9991470,97.4866617,24.2423464,2.7284219,-0.1145044,8.2223463,-0.5483201
264.1991464,97.3042942,24.3248631,2.7046712,-0.1225800,8.2089982,-0.5179897
264.3991457,97.1241757,24.4117386,2.6794827,-0.1290468,8.1963684,-0.5031210
264.5991451,96.9464689,24.5031667,2.6532054,-0.1335780,8.1840826,-0.5135678
264.7991444,96.7712033,24.5993324,2.6262276,-0.1360286,8.1715226,-0.5674354
264.9991438,96.5985755,24.7002478,2.5989282,-0.1360804,8.1576227,-0.6116912
265.1991431,96.4287281,24.8058317,2.5719508,-0.1349100,8.1426121,-0.1794422
265.3991425,96.2617864,24.9159697,2.5449573,-0.1301877,8.1382035,-1.9973544
265.5991418,96.0977153,25.0303983,2.5211354,-0.1003786,8.0889688,-7.6641399
265.7991412,95.9359065,25.1480848,2.5060138,-0.0520836,7.8972002,-8.9370605
265.9991405,95.7753415,25.2674624,2.5000848,-0.0041839,7.6675262,-7.8408660
266.1991399,95.6148664,25.3869470,2.5049117,0.0501697,7.4602025,-6.0896816
266.3991392,95.4532196,25.5048389,2.5194763,0.0927235,7.2951187,-4.9086548
266.5991386,95.2894479,25.6197454,2.5410857,0.1220223,7.1592808,-4.1457940
266.7991380,95.1229560,25.7306359,2.5677047,0.1436947,7.0425130,-3.6277090
266.9991373,94.9533813,25.8367017,2.5981898,0.1612061,6.9387254,-3.2431909
267.1991367,94.7805030,25.9372556,2.6318756,0.1761556,6.8446065,-2.8773662
267.3991360,94.6041879,26.0316771,2.6684702,0.1904893,6.7600070,-1.7342063
267.5991354,94.4243541,26.1193568,2.7079000,0.2040126,6.7085032,-0.5140480
267.7991347,94.2410006,26.1997217,2.7493370,0.2097693,6.6931604,-0.5355628
267.9991341,94.0543307,26.2724023,2.7912254,0.2081298,6.6771380,-0.5367857
268.1991334,93.8648151,26.3372508,2.8323857,0.2021250,6.6610403,-0.5277906
268.3991328,93.6732315,26.3942841,2.8717395,0.1903304,6.6451744,-0.5105685
268.5991321,93.4802962,26.4438118,2.9088470,0.1869316,6.6297900,-0.4823865
268.7991315,93.2852665,26.4861149,2.9473147,0.1927038,6.6152220,-0.4438943
268.9991308,93.0887051,26.5209919,2.9846452,0.1928853,6.6017880,-0.4001385
269.1991302,92.8901627,26.5483725,3.0248982,0.2066994,6.5896548,-0.3524312
269.3991296,92.6915994,26.5674453,3.0670340,0.2144523,6.5789496,-0.3104289
269.5991289,92.4919682,26.5780352,3.1102410,0.2168820,6.5695058,-0.2680633
269.7991283,92.2918665,26.5799619,3.1536643,0.2163672,6.5613399,-0.2252393
269.9991276,92.0918154,26.5732209,3.1968017,0.2142109,6.5544707,-0.1816323
270.1991270,91.8922542,26.5579118,3.2393959,0.2112708,6.5489261,-0.1367609
270.3991263,91.6935576,26.5341874,3.2813417,0.2080599,6.5447482,-0.0900953
270.5991257,91.4960598,26.5022243,3.3226244,0.2049186,6.5419945,-0.0411711
270.7991250,91.3000703,26.4622079,3.3632651,0.2018522,6.5407357,0.0104328
270.9991244,91.1058859,26.4143283,3.4033175,0.1991980,6.5410547,0.0676634
271.1991237,90.9137446,26.3587659,3.4427435,0.1957252,6.5431232,0.1305846
271.3991231,90.7239060,26.2957134,3.4817590,0.1948505,6.5471135,0.2003998
271.5991224,90.5367075,26.2253263,3.5206960,0.1941865,6.5532324,0.2776112
271.7991218,90.3523994,26.1477291,3.5594392,0.1933026,6.5616994,0.3625438
271.9991212,90.1712457,26.0630733,3.5980433,0.1927872,6.5727404,0.4564989
272.1991205,89.9934963,25.9715035,3.6365226,0.1920605,6.5866164,0.5628905
272.3991199,89.8193918,25.8731777,3.6748193,0.1909158,6.6036861,0.6886116
272.5991192,89.6491590,25.7682767,3.7128264,0.1890486,6.6245086,0.8450314
272.7991186,89.4830015,25.6570130,3.7503559,0.1859916,6.6499719,1.0477910
272.9991179,89.3210842,25.5396440,3.7871088,0.1811298,6.6814101,1.3137754
273.1991173,89.1635110,25.4164866,3.8226496,0.1737616,6.7206212,1.6536123
273.3991166,89.0102991,25.2879306,3.8564090,0.1633059,6.7696523,2.0612594
273.5991160,88.8613539,25.1544442,3.8877481,0.1496835,6.8302777,2.5098344
273.7991153,88.7164598,25.0165636,3.9160967,0.1336135,6.9033777,2.9633408
273.9991147,88.5752948,24.8748630,3.9410944,0.1163567,6.9887020,3.4066456
274.1991140,88.4374869,24.7299413,3.9626211,0.0990184,7.0855211,3.8083184
274.3991134,88.3025787,24.5823207,3.9807280,0.0821689,7.1922133,4.1793593
274.5991128,88.1701124,24.4324977,3.9955291,0.0659573,7.3075078,4.5245536
274.7991121,88.0396327,24.2809355,4.0071562,0.0504294,7.4303086,4.8429591
274.9991115,87.9106878,24.1280604,4.0157511,0.0356365,7.5595412,5.1321186
275.1991108,87.7828359,23.9742662,4.0214624,0.0215853,7.6941214,5.3905708
275.3991102,87.6556496,23.8199181,4.0244315,0.0081462,7.8329896,5.5334460
275.5991095,87.5287143,23.6653615,4.0247284,-0.0053473,7.9730231,5.2063071
275.7991089,87.4016094,23.5109433,4.0221994,-0.0201830,8.1025683,4.7491090
275.9991082,87.2738767,23.3570435,4.0165328,-0.0365335,8.2189568,4.1647815
276.1991076,87.1450215,23.2040822,4.0075571,-0.0530446,8.3196850,3.5002555
276.3991069,87.0145542,23.0524934,3.9954026,-0.0681473,8.4034074,2.7280842
276.5991063,86.8820405,22.9026899,3.9804860,-0.0806853,8.4680863,1.2842271
276.7991056,86.7471347,22.7550367,3.9633226,-0.0908302,8.4983631,-0.5392385
276.9991050,86.6095722,22.6098558,3.9442263,-0.1000193,8.4856632,-0.4140386
277.1991044,86.4691366,22.4674518,3.9234029,-0.1079177,8.4758991,0.5448611
277.3991037,86.3256741,22.3280972,3.9013866,-0.1121871,8.4887460,0.3150182
277.5991031,86.1791251,22.1919904,3.8786416,-0.1151850,8.4961648,0.1445754
277.7991024,86.0294951,22.0592900,3.8555281,-0.1160042,8.4995674,0.0173167
277.9991018,85.8768328,21.9300969,3.8322859,-0.1165467,8.4999749,-0.0756691
278.1991011,85.7211892,21.8044924,3.8088396,-0.1180481,8.4981942,-0.1486579
278.3991005,85.5626173,21.6825898,3.7850902,-0.1194796,8.4946949,-0.2059821
278.5990998,85.4011717,21.5645060,3.7610495,-0.1209484,8.4898439,-0.2514423
278.7990992,85.2369127,21.4503585,3.7367118,-0.1224106,8.4839185,-0.2878015
278.9990985,85.0699061,21.3402651,3.7120813,-0.1238568,8.4771312,-0.3169960
279.1990979,84.9002236,21.2343427,3.6871644,-0.1252518,8.4696490,-0.3403714
279.3990972,84.7279435,21.1327058,3.6619773,-0.1265443,8.4616078,-0.3588581
279.5990966,84.5531519,21.0354647,3.6365480,-0.1276645,8.4531215,-0.3730932
279.7990960,84.3759440,20.9427225,3.6109206,-0.1285219,8.4442896,-0.3834997
279.9990953,84.1964257,20.8545718,3.5851602,-0.1290049,8.4352017,-0.3903371
280.1990947,84.0147155,20.7710898,3.5593561,-0.1289797,8.4259417,-0.3937329
280.3990940,83.8309444,20.6923320,3.5336267,-0.1283032,8.4165908,-0.3937103
280.5990934,83.6452569,20.6183265,3.5081189,-0.1268059,8.4072300,-0.3897931
280.7990927,83.4575978,20.5489911,3.4829844,-0.1244745,8.3979521,-0.3821146
280.9990921,83.2682448,20.4843503,3.4581789,-0.1237398,8.3888471,-0.3707424
281.1990914,83.0774896,20.4244577,3.4335354,-0.1212968,8.3800035,-0.3548966
281.3990908,82.8853678,20.3691970,3.4099962,-0.1157885,8.3715291,-0.3355293
281.5990901,82.6919957,20.3184019,3.3869756,-0.1147528,8.3635094,-0.3139099
281.7990895,82.4974918,20.2720526,3.3640712,-0.1146539,8.3559994,-0.2911866
281.9990888,82.3019184,20.2301646,3.3410661,-0.1154470,8.3490270,-0.2665071
282.1990882,82.1054368,20.1928090,3.3178311,-0.1168578,8.3426404,-0.2388650
282.3990876,81.9082437,20.1600762,3.2942842,-0.1186914,8.3369121,-0.2105782
282.5990869,81.7103100,20.1320295,3.2703586,-0.1206618,8.3318589,-0.1797936
282.7990863,81.5117310,20.1087621,3.2460393,-0.1225998,8.3275419,-0.1465243
282.9990856,81.3126159,20.0903660,3.2213430,-0.1243701,8.3240222,-0.1110894
283.1990850,81.1130854,20.0769251,3.1963128,-0.1259295,8.3213526,-0.0741015
283.3990843,80.9132664,20.0685114,3.1709967,-0.1271059,8.3195715,-0.0364755
283.5990837,80.7132912,20.0651802,3.1454532,-0.1285258,8.3186945,0.0005377
283.7990830,80.5132974,20.0669909,3.1195615,-0.1304340,8.3187075,0.0352808
283.9990824,80.3134172,20.0740138,3.0933726,-0.1308565,8.3195557,0.0656488
284.1990817,80.1137810,20.0862671,3.0671990,-0.1311380,8.3211337,0.0892008
284.3990811,79.9145291,20.1037532,3.0409027,-0.1316335,8.3232774,0.1033730
284.5990804,79.7158028,20.1264798,3.0145476,-0.1317458,8.3257609,0.1057623
284.7990798,79.5177400,20.1544362,2.9881990,-0.1315520,8.3283011,0.0944686
284.9990792,79.3204777,20.1875960,2.9619158,-0.1311018,8.3305694,0.0684204
285.1990785,79.1241507,20.2259185,2.9357431,-0.1304562,8.3322119,0.0276205
285.3990779,78.9288910,20.2693518,2.9097173,-0.1296529,8.3328749,-0.0267216
285.5990772,78.7348262,20.3178342,2.8838679,-0.1287162,8.3322335,-0.0921474
285.7990766,78.5420795,20.3712956,2.8582216,-0.1276528,8.3300214,-0.1649241
285.9990759,78.3507682,20.4296582,2.8328047,-0.1264566,8.3260607,-0.2399074
286.1990753,78.1610030,20.4928370,2.8076460,-0.1251095,8.3202959,-0.3101014
286.3990746,77.9728872,20.5607392,2.7827784,-0.1235806,8.3128385,-0.3655938
286.5990740,77.7865153,20.6332643,2.7582435,-0.1218173,8.3040380,-0.3905719
286.7990733,77.6019622,20.7103058,2.7340972,-0.1197060,8.2946259,-0.3498500
286.9990727,77.4192813,20.7917493,2.7104274,-0.1169934,8.2861860,-0.1828324
287.1990720,77.2385526,20.8774388,2.6874074,-0.1131129,8.2817719,0.2606052
287.3990714,77.0598039,20.9671819,2.6654151,-0.1064684,8.2880630,1.3565230
287.5990708,76.8829905,21.0606755,2.6455149,-0.0911538,8.3207329,3.3596843
287.7990701,76.7078607,21.1572884,2.6308861,-0.0502616,8.4010990,3.3331775
287.9990695,76.5336993,21.2556483,2.6257573,-0.0003321,8.4800785,0.8448105
288.1990688,76.3595656,21.3540612,2.6298123,0.0373081,8.4999797,-0.0000074
288.3990682,76.1847166,21.4511927,2.6400633,0.0630955,8.4999795,-0.0003024
288.5990675,76.0086664,21.5461224,2.6546462,0.0811974,8.4999724,-0.0016458
288.7990669,75.8311058,21.6381890,2.6722540,0.0937378,8.4999337,-0.3662372
288.9990662,75.6518562,21.7269145,2.6919722,0.1027961,8.4913119,-0.4381283
289.1990656,75.4708252,21.8119367,2.7132952,0.1101367,8.4809862,0.1840219
289.3990649,75.2879731,21.8929540,2.7358874,0.1151826,8.4853247,0.3125607
289.5990643,75.1033132,21.9697403,2.7592275,0.1177516,8.4926886,0.1820567
289.7990636,74.9169072,22.0421552,2.7829308,0.1191753,8.4969749,0.0918241
289.9990630,74.7288464,22.1101029,2.8068559,0.1200106,8.4991359,0.0337356
290.1990624,74.5392218,22.1735142,2.8309292,0.1208754,8.4999297,0.0028707
290.3990617,74.3481461,22.2323000,2.8554412,0.1242227,8.4999973,-0.0085244
290.5990611,74.1555866,22.2863883,2.8799430,0.1206151,8.4997967,-0.0103522
290.7990604,73.9617732,22.3357942,2.9040356,0.1203635,8.4995531,-0.0078889
290.9990598,73.7668447,22.3805161,2.9280960,0.1202493,8.4993675,-0.0048247
291.1990591,73.5709028,22.4205362,2.9521398,0.1201996,8.4992540,-0.0031149
291.3990585,73.3740609,22.4558345,2.9761682,0.1201262,8.4991807,-0.0032541
291.5990578,73.1764286,22.4863944,3.0001859,0.1200937,8.4991041,-0.0048807
291.7990572,72.9781170,22.5121999,3.0242024,0.1201100,8.4989892,-0.0074052
291.9990565,72.7792378,22.5332354,3.0482295,0.1201851,8.4988150,-0.0104655
292.1990559,72.5799031,22.5494853,3.0722794,0.1203196,8.4985687,-0.0139396
292.3990552,72.3802267,22.5609343,3.0963617,0.1204829,8.4982406,-0.0169222
292.5990546,72.1803552,22.5675680,3.1204732,0.1206367,8.4978424,-0.0176832
292.7990540,71.9803869,22.5693780,3.1446139,0.1207891,8.4974262,-0.0163622
292.9990533,71.7804310,22.5663575,3.1687859,0.1209488,8.4970411,-0.0131033
293.1990527,71.5806032,22.5585017,3.1929896,0.1211004,8.4967327,-0.0083133
293.3990520,71.3810199,22.5458089,3.2172223,0.1212318,8.4965370,-0.0026003
293.5990514,71.1817984,22.5282809,3.2414792,0.1213346,8.4964758,0.0033575
293.7990507,70.9830565,22.5059237,3.2657541,0.1214054,8.4965548,0.0089191
293.9990501,70.7849119,22.4787473,3.2900405,0.1214440,8.4967647,0.0135527
294.1990494,70.5874824,22.4467660,3.3143318,0.1214520,8.4970837,0.0168794
294.3990488,70.3908852,22.4099983,3.3386219,0.1214325,8.4974810,0.0186941
294.5990481,70.1952369,22.3684667,3.3629056,0.1213886,8.4979210,0.0189696
294.7990475,70.0006533,22.3221974,3.3871779,0.1213232,8.4983674,0.0178448
294.9990468,69.8072489,22.2712206,3.4114349,0.1212395,8.4987874,0.0154927
295.1990462,69.6151584,22.2155759,3.4356700,0.1211343,8.4991520,0.0124608
295.3990455,69.4244759,22.1552961,3.4598825,0.1210147,8.4994452,0.0092073
295.5990449,69.2353052,22.0904189,3.4840703,0.1208825,8.4996618,0.0061162
295.7990443,69.0477556,22.0209870,3.5082325,0.1207426,8.4998058,0.0035200
295.9990436,68.8619355,21.9470463,3.5323642,0.1205968,8.4998886,0.0016235
296.1990430,68.6779501,21.8686448,3.5564670,0.1202835,8.4999268,0.0004681
296.3990423,68.4958906,21.7858357,3.5804510,0.1197183,8.4999378,-0.0000668
296.5990417,68.3158626,21.6986858,3.6044237,0.1200094,8.4999362,-0.0001881
296.7990410,68.1379851,21.6072434,3.6284596,0.1202369,8.4999318,-0.0000975
296.9990404,67.9623577,21.5115504,3.6525082,0.1202408,8.4999295,0.0000528
297.1990397,67.7890816,21.4116607,3.6765676,0.1203201,8.4999307,0.0001729
297.3990391,67.6182601,21.3076304,3.7006434,0.1204113,8.4999348,0.0002286
297.5990384,67.4499939,21.1995164,3.7247405,0.1205284,8.4999402,0.0002223
297.7990378,67.2843839,21.0873781,3.7488620,0.1206579,8.4999454,0.0001723
297.9990371,67.1215297,20.9712769,3.7730101,0.1207950,8.4999495,0.0000971
298.1990365,66.9615298,20.8512765,3.7971851,0.1209312,8.4999518,0.0000122
298.3990359,66.8044814,20.7274434,3.8213859,0.1210584,8.4999521,-0.0000630
298.5990352,66.6504801,20.5998470,3.8456097,0.1211681,8.4999506,-0.0000980
298.7990346,66.4996196,20.4685597,3.8698518,0.1212520,8.4999483,-0.0000566
298.9990339,66.3519910,20.3336570,3.8941064,0.1213037,8.4999469,0.0000707
299.1990333,66.2076828,20.1952179,3.9183662,0.1213190,8.4999486,0.0002255
299.3990326,66.0667803,20.0533243,3.9426241,0.1212973,8.4999539,0.0003152
299.5990320,65.9293331,19.9080256,3.9668790,0.1212392,8.4999613,0.0003605
299.7990313,65.7954412,19.7594278,3.9911218,0.1211585,8.4999698,0.0004337
299.9990307,65.6651941,19.6076348,4.0153462,0.1210634,8.4999800,0.0000911
300.1990300,65.5386661,19.4527400,4.0395488,0.1209556,8.4999821,-0.0017507
300.3990294,65.4159281,19.2948381,4.0637272,0.1208366,8.4999410,-0.0044321
300.5990287,65.2970471,19.1340247,4.0878775,0.1206831,8.4998367,-0.0039904
300.7990281,65.1820858,18.9703962,4.1119898,0.1204641,8.4997428,0.0045511
300.9990275,65.0711010,18.8040494,4.1360477,0.1201257,8.4998499,0.0041546
301.1990268,64.9641419,18.6350831,4.1600219,0.1196039,8.4999476,0.0005435
301.3990262,64.8612482,18.4635979,4.1838698,0.1188232,8.4999604,0.0000751
301.5990255,64.7624578,18.2897168,4.2075302,0.1176846,8.4999622,0.0000428
301.7990249,64.6677980,18.1135866,4.2308827,0.1157990,8.4999632,0.0000274
301.9990242,64.5772440,17.9353226,4.2537836,0.1127966,8.4999638,0.0000191
302.1990236,64.4907288,17.7550675,4.2758686,0.1083690,8.4999643,0.0000166
302.3990229,64.4081772,17.5730653,4.2971302,0.1043171,8.4999647,0.0000178
302.5990223,64.3294261,17.3894028,4.3171292,0.0928932,8.4999651,0.0000185
302.7990216,64.2540348,17.2041720,4.3340300,0.0766289,8.4999655,0.0000175
302.9990210,64.1814838,17.0177671,4.3479414,0.0627042,8.4999659,0.0000159
303.1990203,64.1112847,16.8304757,4.3592061,0.0501596,8.4999663,0.0000144
303.3990197,64.0429705,16.6424791,4.3681254,0.0394071,8.4999666,0.0000131
303.5990191,63.9761437,16.4539458,4.3750728,0.0303460,8.4999670,0.0000118
303.7990184,63.9104629,16.2650007,4.3803407,0.0225181,8.4999672,0.0000105
303.9990178,63.8456327,16.0757511,4.3841325,0.0154884,8.4999675,0.0000091
304.1990171,63.7813874,15.8862909,4.3865690,0.0088998,8.4999677,0.0000079
304.3990165,63.7174780,15.6967091,4.3877100,0.0024962,8.4999679,0.0000068
304.5990158,63.6536633,15.5070941,4.3875718,-0.0039070,8.4999680,0.0000059
304.7990152,63.5897026,15.3175365,4.3861396,-0.0104424,8.4999682,0.0000055
304.9990145,63.5253512,15.1281310,4.3833765,-0.0172084,8.4999683,0.0000056
305.1990139,63.4603569,14.9389776,4.3792302,-0.0242787,8.4999684,0.0000066
305.3990132,63.3944416,14.7501380,4.3736358,-0.0317085,8.4999686,0.0000089
305.5990126,63.3273180,14.5616904,4.3665210,-0.0394977,8.4999688,0.0000123
305.7990119,63.2586996,14.3737606,4.3578115,-0.0476423,8.4999691,0.0000171
305.9990113,63.1882886,14.1864844,4.3474364,-0.0561175,8.4999695,0.0000230
306.1990107,63.1157770,14.0000094,4.3353247,-0.0649923,8.4999700,0.0000270
306.3990100,63.0408463,13.8144968,4.3214054,-0.0740650,8.4999707,0.0000246
306.5990094,62.9631753,13.6301205,4.3056752,-0.0829556,8.4999713,0.0000122
306.7990087,62.8824553,13.4470637,4.2882090,-0.0913357,8.4999715,-0.0000118
306.9990081,62.7984041,13.2655165,4.2691427,-0.0988284,8.4999713,-0.0000472
307.1990074,62.7107823,13.0856725,4.2487057,-0.1049351,8.4999702,-0.0000924
307.3990068,62.6194142,12.9077239,4.2272333,-0.1090986,8.4999680,-0.0001424
307.5990061,62.5242128,12.7318556,4.2051852,-0.1106756,8.4999646,-0.0001873
307.7990055,62.4252071,12.5582338,4.1831619,-0.1089550,8.4999602,-0.0002131
307.9990048,62.3225653,12.3869828,4.1619104,-0.1031958,8.4999552,-0.0001998
308.1990042,62.2161542,12.2174436,4.1422071,-0.0929841,8.4999505,-0.0001388
308.3990035,62.1065937,12.0498708,4.1249376,-0.0794269,8.4999472,-0.0000800
308.5990029,61.9946190,11.8843971,4.1104305,-0.0669434,8.4999454,0.0000139
308.7990023,61.8805140,11.7206657,4.0967995,-0.0719423,8.4999457,0.0002254
308.9990016,61.7641386,11.5586062,4.0823859,-0.0752660,8.4999510,0.0004236
309.1990010,61.6450261,11.3979537,4.0658576,-0.0913375,8.4999610,0.0010652
309.3990003,61.5227572,11.2391798,4.0459231,-0.1071377,8.4999860,-0.0019606
309.5989997,61.3974981,11.0835205,4.0232563,-0.1190128,8.4999399,-0.0226372
309.7989990,61.2686060,10.9309007,3.9986362,-0.1267891,8.4994072,-0.0306513
309.9989984,61.1357823,10.7814624,3.9727839,-0.1311405,8.4986859,-0.0168079
310.1989977,60.9990312,10.6354928,3.9463287,-0.1327516,8.4982904,0.0318354
310.3989971,60.8584292,10.4931792,3.9197717,-0.1320777,8.4990396,0.0386109
310.5989964,60.7141083,10.3546216,3.8935576,-0.1293430,8.4999481,0.0007242
310.7989958,60.5662486,10.2198430,3.8680753,-0.1247726,8.4999652,0.0000564
310.9989951,60.4150711,10.0887975,3.8436964,-0.1181693,8.4999665,0.0000343
311.1989945,60.2608407,9.9613630,3.8208903,-0.1088664,8.4999673,0.0000202
311.3989939,60.1038772,9.8373179,3.8002808,-0.0960801,8.4999678,0.0000108
311.5989932,59.9445671,9.7163113,3.7826340,-0.0795175,8.4999680,0.0000048
311.7989926,59.7833619,9.5978523,3.7686341,-0.0603040,8.4999681,0.0000012
311.9989919,59.6207472,9.4813496,3.7585431,-0.0409087,8.4999682,-0.0000007
312.1989913,59.4571909,9.3661948,3.7521306,-0.0235081,8.4999681,-0.0000015
312.3989906,59.2931038,9.2518327,3.7489138,-0.0087452,8.4999681,-0.0000017
312.5989900,59.1288124,9.1377722,3.7484096,0.0037195,8.4999681,-0.0000012
312.7989893,58.9645778,9.0235821,3.7502484,0.0146376,8.4999680,-0.0000001
312.9989887,58.8006615,8.9089063,3.7541798,0.0246015,8.4999680,0.0000018
313.1989880,58.6373018,8.7934216,3.7600454,0.0339673,8.4999681,0.0000045
313.3989874,58.4747270,8.6768280,3.7677477,0.0429602,8.4999682,0.0000079
313.5989867,58.3131614,8.5588423,3.7772280,0.0517431,8.4999684,0.0000108
313.7989861,58.1528302,8.4391935,3.7884446,0.0602686,8.4999686,0.0000107
313.9989855,57.9939600,8.3176254,3.8013271,0.0683291,8.4999689,0.0000052
314.1989848,57.8367762,8.1939051,3.8157575,0.0756988,8.4999690,-0.0000080
314.3989842,57.6814985,8.0678321,3.8315693,0.0821011,8.4999688,-0.0000297
314.5989835,57.5283358,7.9392496,3.8485311,0.0871802,8.4999681,-0.0000591
314.7989829,57.3774745,7.8080540,3.8663381,0.0906110,8.4999667,-0.0000927
314.9989822,57.2290702,7.6742078,3.8846147,0.0919293,8.4999645,-0.0001217
315.1989816,57.0831380,7.5376577,3.9029393,0.0913078,8.4999617,-0.0001108
315.3989809,56.9395284,7.3982482,3.9214420,0.0939705,8.4999591,-0.0000168
315.5989803,56.7988139,7.2564253,3.9403507,0.0923785,8.4999587,0.0000515
315.7989796,56.6606858,7.1120122,3.9578929,0.0862182,8.4999599,0.0000643
315.9989790,56.5249838,6.9651304,3.9751966,0.0868032,8.4999614,0.0000619
316.1989783,56.3917931,6.8158527,3.9925712,0.0868940,8.4999629,0.0000516
316.3989777,56.2611893,6.6642577,4.0098690,0.0858005,8.4999641,0.0000408
316.5989771,56.1333611,6.5106460,4.0267309,0.0827192,8.4999650,0.0000325
316.7989764,56.0080476,6.3549024,4.0427868,0.0776198,8.4999658,0.0000257
316.9989758,55.8851321,6.1971982,4.0576590,0.0708665,8.4999664,0.0000203
317.1989751,55.7644411,6.0377416,4.0710717,0.0631037,8.4999669,0.0000163
317.3989745,55.6457585,5.8767559,4.0828905,0.0550384,8.4999673,0.0000131
317.5989738,55.5288481,5.7144605,4.0931123,0.0472209,8.4999676,0.0000106
317.7989732,55.4134720,5.5510590,4.1018214,0.0399557,8.4999678,0.0000086
317.9989725,55.2994036,5.3867339,4.1091409,0.0333351,8.4999680,0.0000067
318.1989719,55.1864323,5.2216464,4.1151981,0.0273232,8.4999682,0.0000050
318.3989712,55.0743642,5.0559399,4.1201061,0.0218275,8.4999683,0.0000034
318.5989706,54.9630207,4.8897431,4.1239577,0.0167430,8.4999684,0.0000019
318.7989699,54.8522352,4.7231738,4.1268250,0.0119715,8.4999684,0.0000003
318.9989693,54.7418509,4.5563413,4.1287618,0.0074277,8.4999684,-0.0000012
319.1989687,54.6317178,4.3893490,4.1298064,0.0030402,8.4999684,-0.0000027
319.3989680,54.5216906,4.2222958,4.1299838,-0.0012514,8.4999683,-0.0000042
319.5989674,54.4116265,4.0552774,4.1293084,-0.0054970,8.4999682,-0.0000056
319.7989667,54.3013836,3.8883874,4.1277852,-0.0097383,8.4999681,-0.0000069
319.9989661,54.1908199,3.7217184,4.1254118,-0.0140084,8.4999680,-0.0000080
320.1989654,54.0797917,3.5553630,4.1221801,-0.0183320,8.4999678,-0.0000089
320.3989648,53.9681542,3.3894152,4.1180775,-0.0227248,8.4999676,-0.0000093
320.5989641,53.8557605,3.2239718,4.1130894,-0.0271910,8.4999673,-0.0000091
320.7989635,53.7424637,3.0591342,4.1072002,-0.0317300,8.4999671,-0.0000080
320.9989628,53.6281166,2.8950093,4.1003984,-0.0363141,8.4999669,-0.0000058
321.1989622,53.5125763,2.7317137,4.0926685,-0.0409672,8.4999668,-0.0000023
321.3989615,53.3956979,2.5693635,4.0840166,-0.0458425,8.4999667,0.0000034
321.5989609,53.2773529,2.4081279,4.0741687,-0.0534367,8.4999668,0.0000106
321.7989603,53.1573673,2.2482729,4.0626207,-0.0597430,8.4999671,0.0000147
321.9989596,53.0354842,2.0898347,4.0506492,-0.0617043,8.4999674,0.0000108
322.1989590,52.9116073,1.9328640,4.0377221,-0.0676607,8.4999677,-0.0000025
322.3989583,52.7856185,1.7775827,4.0236017,-0.0735649,8.4999676,-0.0000228
322.5989577,52.6573477,1.6241549,4.0083344,-0.0790175,8.4999671,-0.0000469
322.7989570,52.5266577,1.4727569,3.9920485,-0.0837124,8.4999660,-0.0000690
322.9989564,52.3934423,1.3235524,3.9749183,-0.0874479,8.4999643,-0.0000739
323.1989557,52.2576522,1.1767086,3.9571568,-0.0900563,8.4999626,-0.0000147
323.3989551,52.1192758,1.0323623,3.9390029,-0.0913946,8.4999623,0.0000404
323.5989544,51.9782838,0.8905595,3.9207081,-0.0914011,8.4999632,0.0000376
323.7989538,51.8347217,0.7513480,3.9025470,-0.0899903,8.4999641,0.0000341
323.9989531,51.6886756,0.6147341,3.8848131,-0.0870811,8.4999649,0.0000278
324.1989525,51.5402707,0.4806770,3.8678062,-0.0826963,8.4999656,0.0000211
324.3989518,51.3896673,0.3490869,3.8518137,-0.0769401,8.4999661,0.0000157
324.5989512,51.2370553,0.2198254,3.8370930,-0.0700359,8.4999664,0.0000114
324.7989506,51.0826463,0.0927112,3.8238382,-0.0623774,8.4999667,0.0000083
324.9989499,50.9266618,-0.0324683,3.8121540,-0.0544376,8.4999669,0.0000060
325.1989493,50.7693218,-0.1559428,3.8020514,-0.0466541,8.4999670,0.0000045
325.3989486,50.6108345,-0.2779438,3.7934638,-0.0393472,8.4999671,0.0000036
325.5989480,50.4513902,-0.3986932,3.7862752,-0.0326944,8.4999672,0.0000030
325.7989473,50.2911579,-0.5183969,3.7803463,-0.0267552,8.4999673,0.0000026
325.9989467,50.1302856,-0.6372408,3.7755348,-0.0215141,8.4999674,0.0000024
326.1989460,49.9689019,-0.7553909,3.7717056,-0.0169183,8.4999674,0.0000023
326.3989454,49.8071180,-0.8729938,3.7687361,-0.0129030,8.4999675,0.0000022
326.5989447,49.6450299,-0.9901783,3.7665166,-0.0094045,8.4999675,0.0000021
326.7989441,49.4827207,-1.1070573,3.7649497,-0.0063672,8.4999676,0.0000020
326.9989434,49.3202619,-1.2237292,3.7639479,-0.0037405,8.4999676,0.0000019
327.1989428,49.1577155,-1.3402789,3.7634336,-0.0014921,8.4999677,0.0000018
327.3989422,48.9951333,-1.4567799,3.7633330,0.0004319,8.4999677,0.0000016
327.5989415,48.8325624,-1.5732933,3.7635901,0.0020083,8.4999677,0.0000013
327.7989409,48.6700362,-1.6898727,3.7641248,0.0035970,8.4999678,0.0000009
327.9989402,48.5075896,-1.8065745,3.7650640,0.0053879,8.4999678,0.0000003
328.1989396,48.3452761,-1.9234409,3.7661818,0.0055431,8.4999678,-0.0000001
328.3989389,48.1831033,-2.0404762,3.7672310,0.0051345,8.4999678,-0.0000002
328.5989383,48.0210518,-2.1576797,3.7682785,0.0052972,8.4999678,-0.0000002
328.7989376,47.8591231,-2.2750551,3.7693380,0.0052754,8.4999678,-0.0000001
328.9989370,47.6973184,-2.3926010,3.7703818,0.0051405,8.4999678,-0.0000001
329.1989363,47.5356340,-2.5103132,3.7713876,0.0048990,8.4999678,-0.0000001
329.3989357,47.3740649,-2.6281836,3.7723358,0.0045675,8.4999678,-0.0000001
329.5989350,47.2126033,-2.7462014,3.7732099,0.0041597,8.4999678,-0.0000001
329.7989344,47.0512399,-2.8643533,3.7739957,0.0036875,8.4999678,-0.0000001
329.9989338,46.8899636,-2.9826240,3.7746816,0.0031615,8.4999678,-0.0000001
330.1989331,46.7287621,-3.1009966,3.7752576,0.0025905,8.4999678,-0.0000001
330.3989325,46.5676221,-3.2194524,3.7757155,0.0019822,8.4999678,-0.0000001
330.5989318,46.4065291,-3.3379720,3.7760486,0.0013429,8.4999678,-0.0000000
330.7989312,46.2454680,-3.4565347,3.7762512,0.0006782,8.4999678,-0.0000000
330.9989305,46.0844231,-3.5751191,3.7763187,-0.0000071,8.4999678,-0.0000000
331.1989299,45.9233781,-3.6937032,3.7762475,-0.0007081,8.4999678,-0.0000000
331.3989292,45.7623164,-3.8122644,3.7760349,-0.0014202,8.4999678,0.0000000
331.5989286,45.6012211,-3.9307798,3.7756792,-0.0021381,8.4999678,0.0000000
331.7989279,45.4400752,-4.0492262,3.7751797,-0.0028559,8.4999678,0.0000000
331.9989273,45.2788617,-4.1675806,3.7745373,-0.0035664,8.4999678,0.0000001
332.1989266,45.1175639,-4.2858200,3.7737541,-0.0042612,8.4999678,0.0000001
332.3989260,44.9561654,-4.4039219,3.7728343,-0.0049298,8.4999678,0.0000001
332.5989254,44.7946506,-4.5218647,3.7717843,-0.0055600,8.4999678,0.0000001
332.7989247,44.6330048,-4.6396280,3.7706132,-0.0061374,8.4999678,0.0000001
332.9989241,44.4712147,-4.7571928,3.7693331,-0.0066452,8.4999678,0.0000001
333.1989234,44.3092685,-4.8745427,3.7679598,-0.0070644,8.4999678,0.0000001
333.3989228,44.1471567,-4.9916639,3.7665131,-0.0073737,8.4999678,0.0000001
333.5989221,43.9848725,-5.1085461,3.7650173,-0.0075486,8.4999678,0.0000000
333.7989215,43.8224118,-5.2251837,3.7635017,-0.0075685,8.4999678,-0.0000001
333.9989208,43.6597750,-5.3415755,3.7620000,-0.0073844,8.4999678,-0.0000002
334.1989202,43.4969670,-5.4577268,3.7605495,-0.0072459,8.4999678,-0.0000006
334.3989195,43.3339804,-5.5736488,3.7590902,-0.0072248,8.4999678,-0.0000013
334.5989189,43.1708128,-5.6893466,3.7577099,-0.0059953,8.4999677,-0.0000020
334.7989182,43.0075129,-5.8048494,3.7567846,-0.0035011,8.4999677,-0.0000025
334.9989176,42.8441369,-5.9202318,3.7562650,-0.0015633,8.4999676,-0.0000029
335.1989170,42.6807246,-6.0355651,3.7561918,0.0009012,8.4999676,-0.0000031
335.3989163,42.5173360,-6.1509270,3.7566470,0.0037390,8.4999675,-0.0000032
335.5989157,42.3540359,-6.2664112,3.7577175,0.0070451,8.4999674,-0.0000030
335.7989150,42.1909015,-6.3821253,3.7594966,0.0108227,8.4999673,-0.0000025
335.9989144,42.0280208,-6.4981925,3.7620819,0.0151021,8.4999673,-0.0000014
336.1989137,41.8654945,-6.6147515,3.7655755,0.0198995,8.4999672,0.0000004
336.3989131,41.7034362,-6.7319571,3.7700821,0.0252262,8.4999673,0.0000033
336.5989124,41.5419740,-6.8499798,3.7757071,0.0310794,8.4999673,0.0000077
336.7989118,41.3812508,-6.9690050,3.7825540,0.0374402,8.4999675,0.0000135
336.9989111,41.2214249,-7.0892318,3.7907197,0.0442673,8.4999678,0.0000208
337.1989105,41.0626707,-7.2108705,3.8002948,0.0515409,8.4999683,0.0000288
337.3989098,40.9051794,-7.3341416,3.8113765,0.0593203,8.4999690,0.0000319
337.5989092,40.7491604,-7.4592735,3.8240280,0.0672276,8.4999697,0.0000256
337.7989086,40.5948347,-7.5864919,3.8382418,0.0749373,8.4999703,0.0000075
337.9989079,40.4424290,-7.7160090,3.8539676,0.0823262,8.4999705,-0.0000213
338.1989073,40.2921714,-7.8480173,3.8711181,0.0891563,8.4999700,-0.0000586
338.3989066,40.1442860,-7.9826833,3.8895674,0.0952817,8.4999686,-0.0000998
338.5989060,39.9989884,-8.1201423,3.9091651,0.1006045,8.4999663,-0.0001368
338.7989053,39.8564817,-8.2604961,3.9297467,0.1050866,8.4999631,-0.0001584
338.9989047,39.7169534,-8.4038124,3.9511440,0.1087380,8.4999594,-0.0001524
339.1989040,39.5805743,-8.5501265,3.9731944,0.1116013,8.4999558,-0.0001077
339.3989034,39.4474965,-8.6994434,3.9957441,0.1137313,8.4999532,-0.0000317
339.5989027,39.3178538,-8.8517414,4.0186534,0.1152316,8.4999525,0.0000884
339.7989021,39.1917618,-9.0069765,4.0418090,0.1162220,8.4999546,0.0001936
339.9989014,39.0693204,-9.1650875,4.0651147,0.1167701,8.4999591,0.0001465
340.1989008,38.9506123,-9.3260014,4.0884883,0.1169450,8.4999626,0.0000842
340.3989002,38.8357085,-9.4896330,4.1118748,0.1169422,8.4999645,0.0000532
340.5988995,38.7246634,-9.6559059,4.1352720,0.1171713,8.4999658,0.0000329
340.7988989,38.6175497,-9.8247588,4.1589983,0.1197441,8.4999666,0.0000211
340.9988982,38.5144927,-9.9961032,4.1827058,0.1175114,8.4999671,0.0000135
341.1988976,38.4154922,-10.1698448,4.2062223,0.1177890,8.4999674,0.0000076
341.3988969,38.3206113,-10.3458701,4.2298260,0.1182987,8.4999676,0.0000029
341.5988963,38.2299143,-10.5241030,4.2535357,0.1188075,8.4999676,-0.0000008
341.7988956,38.1434715,-10.7044521,4.2773413,0.1192464,8.4999676,-0.0000041
341.9988950,38.0613486,-10.8868230,4.3012308,0.1196251,8.4999675,-0.0000074
342.1988943,37.9836081,-11.0711161,4.3251909,0.1199402,8.4999673,-0.0000106
342.3988937,37.9103078,-11.2572282,4.3492085,0.1201940,8.4999671,-0.0000140
342.5988930,37.8415011,-11.4450527,4.3732706,0.1203904,8.4999668,-0.0000174
342.7988924,37.7772536,-11.6344272,4.3973586,0.1205236,8.4999664,-0.0000205
342.9988918,37.7175898,-11.8252894,4.4214677,0.1206033,8.4999659,-0.0000230
343.1988911,37.6625434,-12.0175429,4.4455898,0.1206373,8.4999653,-0.0000248
343.3988905,37.6121489,-12.2110751,4.4697162,0.1206306,8.4999648,-0.0000250
343.5988898,37.5664363,-12.4057723,4.4938389,0.1205885,8.4999642,-0.0000228
343.7988892,37.5254314,-12.6015196,4.5179512,0.1205167,8.4999636,-0.0000165
343.9988885,37.4891557,-12.7982018,4.5420476,0.1204220,8.4999632,-0.0000051
344.1988879,37.4576271,-12.9957032,4.5661239,0.1203121,8.4999631,0.0000075
344.3988872,37.4308599,-13.1939080,4.5901780,0.1201969,8.4999633,0.0000084
344.5988866,37.4088652,-13.3927003,4.6142097,0.1200880,8.4999635,0.0000017
344.7988859,37.3916516,-13.5919645,4.6382215,0.1199996,8.4999635,0.0000644
344.9988853,37.3792256,-13.7915851,4.6622190,0.1199470,8.4999650,0.0002996
345.1988846,37.3715924,-13.9914466,4.6862108,0.1199453,8.4999721,0.0005391
345.3988840,37.3687563,-14.1914337,4.7102076,0.1199958,8.4999848,-0.0000866
345.5988834,37.3707209,-14.3914310,4.7342194,0.1200969,8.4999827,-0.0031076
345.7988827,37.3774891,-14.5913229,4.7582561,0.1202444,8.4999096,-0.0074525
345.9988821,37.3890628,-14.7909933,4.7823244,0.1204061,8.4997343,-0.0093677
346.1988814,37.4054413,-14.9903259,4.8064216,0.1205250,8.4995138,-0.0031463
346.3988808,37.4266195,-15.1892032,4.8305348,0.1205662,8.4994398,0.0164416
346.5988801,37.4525860,-15.3875104,4.8546339,0.1203628,8.4998267,0.0056152
346.7988795,37.4833181,-15.5851294,4.8786923,0.1202454,8.4999588,0.0002121
346.9988788,37.5187858,-15.7819368,4.9026433,0.1190183,8.4999638,0.0000547
347.1988782,37.5589216,-15.9778412,4.9262017,0.1164290,8.4999651,0.0000327
347.3988775,37.6036036,-16.1727643,4.9491215,0.1126831,8.4999659,0.0000190
347.5988769,37.6526561,-16.3666442,4.9710602,0.1065386,8.4999663,0.0000099
347.7988762,37.7058135,-16.5594519,4.9914436,0.0970173,8.4999665,0.0000043
347.9988756,37.7626825,-16.7511935,5.0095535,0.0837458,8.4999666,0.0000009
348.1988750,37.8227422,-16.9419566,5.0247257,0.0678762,8.4999667,-0.0000008
348.3988743,37.8853830,-17.1318848,5.0366720,0.0518970,8.4999666,-0.0000014
348.5988737,37.9499957,-17.3211482,5.0456037,0.0380118,8.4999666,-0.0000012
348.7988730,38.0160512,-17.5099105,5.0520466,0.0270646,8.4999666,-0.0000006
348.9988724,38.0831327,-17.6983095,5.0565829,0.0188629,8.4999666,0.0000002
349.1988717,38.1509286,-17.8864530,5.0597094,0.0128429,8.4999666,0.0000009
349.3988711,38.2192110,-18.0744224,5.0618058,0.0084467,8.4999666,0.0000015
349.5988704,38.2878139,-18.2622779,5.0631507,0.0052382,8.4999666,0.0000020
349.7988698,38.3566163,-18.4500639,5.0639480,0.0029048,8.4999667,0.0000024
349.9988691,38.4255303,-18.6378125,5.0643491,0.0012281,8.4999667,0.0000027
350.1988685,38.4944927,-18.8255465,5.0644685,0.0000546,8.4999668,0.0000030
350.3988678,38.5634589,-19.0132817,5.0643949,-0.0007264,8.4999669,0.0000032
350.5988672,38.6323993,-19.2010280,5.0641978,-0.0011975,8.4999669,0.0000033
350.7988665,38.7012958,-19.3887911,5.0639324,-0.0014230,8.4999670,0.0000033
350.9988659,38.7701395,-19.5765735,5.0636423,-0.0014544,8.4999671,0.0000033
351.1988653,38.8389289,-19.7643748,5.0633618,-0.0013343,8.4999672,0.0000032
351.3988646,38.9076680,-19.9521928,5.0631174,-0.0010986,8.4999672,0.0000031
351.5988640,38.9763656,-20.1400239,5.0629290,-0.0007778,8.4999673,0.0000030
351.7988633,39.0450334,-20.3278635,5.0628109,-0.0003981,8.4999674,0.0000028
351.9988627,39.1136857,-20.5157063,5.0627726,0.0000170,8.4999675,0.0000027
352.1988620,39.1823379,-20.7035468,5.0628191,0.0004495,8.4999675,0.0000025
352.3988614,39.2510063,-20.8913794,5.0629519,0.0008761,8.4999676,0.0000023
352.5988607,39.3197071,-21.0791983,5.0631695,0.0012990,8.4999676,0.0000021
352.7988601,39.3884562,-21.2669990,5.0634660,0.0016538,8.4999677,0.0000020
352.9988594,39.4572674,-21.4547756,5.0638392,0.0021026,8.4999677,0.0000020
353.1988588,39.5261565,-21.6425215,5.0643009,0.0024924,8.4999678,0.0000020
353.3988581,39.5951419,-21.8302455,5.0647964,0.0022961,8.4999678,0.0000020
353.5988575,39.6642192,-22.0179526,5.0652229,0.0020236,8.4999679,0.0000019
353.7988569,39.7333741,-22.2056359,5.0656082,0.0018215,8.4999679,0.0000017
353.9988562,39.8025981,-22.3932958,5.0659501,0.0015869,8.4999680,0.0000016
354.1988556,39.8718820,-22.5809351,5.0662416,0.0013184,8.4999680,0.0000015
354.3988549,39.9412151,-22.7685553,5.0664762,0.0010181,8.4999680,0.0000014
354.5988543,40.0105854,-22.9561590,5.0666473,0.0006866,8.4999681,0.0000014
354.7988536,40.0799800,-23.1437491,5.0667492,0.0003220,8.4999681,0.0000016
354.9988530,40.1493845,-23.3313293,5.0667734,-0.0000740,8.4999681,-0.0000147
355.1988523,40.2187839,-23.5189042,5.0667212,-0.0004804,8.4999678,-0.6680988
355.3988517,40.2881617,-23.7064793,5.0665607,-0.0010959,8.4842332,-9.4094077
355.5988510,40.3574983,-23.8940621,5.0663234,-0.0012754,8.2594469,-9.4914513
355.7988504,40.4267977,-24.0816843,5.0660876,-0.0010814,8.0263251,-9.5555815
355.9988497,40.4960554,-24.2693269,5.0658457,-0.0013645,7.7845793,-9.6437208
356.1988491,40.5652591,-24.4569884,5.0654965,-0.0021848,7.5327418,-9.6325156
356.3988485,40.6343681,-24.6446824,5.0647429,-0.0058069,7.2724965,-9.4762004
356.5988478,40.7032391,-24.8324617,5.0627727,-0.0149780,7.0070491,-9.1252051
356.7988472,40.7715234,-25.0204547,5.0582214,-0.0323096,6.7415626,-8.5385745
356.9988465,40.8385679,-25.2088956,5.0492569,-0.0596200,6.4833053,-7.7319859
357.1988459,40.9033421,-25.3981314,5.0338643,-0.0963283,6.2402294,-6.7907428
357.3988452,40.9644471,-25.5885825,5.0104186,-0.1390838,6.0186523,-5.8391338
357.5988446,41.0202253,-25.7806532,4.9781489,-0.1833379,5.8213855,-4.9877074
357.7988439,41.0689234,-25.9746266,4.9371914,-0.2250154,5.6474288,-4.3088255
357.9988433,41.1088483,-26.1705787,4.8883653,-0.2616642,5.4927159,-3.8446511
358.1988426,41.1384766,-26.3683364,4.8328709,-0.2910338,5.3508945,-3.6261702
358.3988420,41.1565537,-26.5674734,4.7721237,-0.3163445,5.2135985,-3.5751520
358.5988413,41.1620014,-26.7673453,4.7062874,-0.3423096,5.0745988,-3.6092450
358.7988407,41.1537622,-26.9671113,4.6351581,-0.3690432,4.9303001,-3.7223917
358.9988401,41.1308137,-27.1657135,4.5586162,-0.3967859,4.7769140,-3.9164127
359.1988394,41.0921939,-27.3618584,4.4763593,-0.4263856,4.6100269,-4.2016300
359.3988388,41.0370129,-27.5539766,4.3879618,-0.4582798,4.4239915,-4.5940602
359.5988381,40.9644793,-27.7402284,4.2928467,-0.4950221,4.2111855,-5.1160764
359.7988375,40.8739564,-27.9183311,4.1904886,-0.5245240,3.9607649,-5.7939897
359.9988368,40.7651116,-28.0861411,4.0815139,-0.5818673,3.6565107,-6.7268493
360.1988362,40.6371362,-28.2402845,3.9529983,-0.7158051,3.2679259,-7.0029710
360.3988355,40.4881666,-28.3748592,3.7974689,-0.7981151,2.8068061,-3.8983735
360.5988349,40.3194973,-28.4841079,3.6388275,-0.7233426,2.5137255,-2.0213039
360.7988342,40.1367070,-28.5678922,3.5144317,-0.4080916,2.3474022,2.4947307
360.9988336,39.9623385,-28.6495246,3.8058310,2.0458728,2.5511146,4.4797777
361.1988329,39.8079665,-28.7682246,3.7186255,-0.8294687,2.8809879,3.5584324
361.3988323,39.6305173,-28.8652305,3.5729341,-0.6128096,3.1182462,3.1626037
361.5988317,39.4419225,-28.9387144,3.4559188,-0.5326350,3.3148902,2.9033864
361.7988310,39.2470336,-28.9910843,3.3540087,-0.4722114,3.4856632,2.6781182
361.9988304,39.0489798,-29.0245751,3.2662902,-0.4095828,3.6360819,2.4128287
362.1988297,38.8499766,-29.0416815,3.1902718,-0.3543628,3.7664599,2.3028483
362.3988291,38.6494054,-29.0445970,3.1234267,-0.3116235,3.8868183,2.2020423
362.5988284,38.4494073,-29.0349613,3.0646257,-0.2762379,3.9985210,2.0940758
362.7988278,38.2506676,-29.0143334,3.0127943,-0.2437483,4.1019261,2.0126131
362.9988271,38.0523125,-28.9837309,2.9641450,-0.2440367,4.1989095,1.9752498
363.1988265,37.8563914,-28.9436159,2.9149874,-0.2478828,4.2919620,2.0050191
363.3988258,37.6630004,-28.8939380,2.8653263,-0.2468710,4.3843977,2.1467573
363.5988252,37.4723908,-28.8348536,2.8170382,-0.2363356,4.4812546,2.4142643
363.7988245,37.2845658,-28.7667863,2.7713221,-0.2204976,4.5877386,2.7856516
363.9988239,37.0994740,-28.6903394,2.7292123,-0.1992239,4.7076112,3.1472106
364.1988233,36.9177176,-28.6066416,2.6916435,-0.1760028,4.8394714,3.5050941
364.3988226,36.7390969,-28.5166376,2.6587998,-0.1528890,4.9822200,3.8405359
364.5988220,36.5633481,-28.4212384,2.6304822,-0.1310940,5.1340749,4.1470209
364.7988213,36.3901765,-28.3212787,2.6063544,-0.1109991,5.2931586,4.4238096
364.9988207,36.2192704,-28.2175057,2.5860578,-0.0927674,5.4577511,4.6701610
365.1988200,36.0503178,-28.1105811,2.5691981,-0.0765825,5.6262870,4.8853939
365.3988194,35.8830199,-28.0010797,2.5553543,-0.0625589,5.7973491,5.0691337
365.5988187,35.7171034,-27.8894912,2.5440892,-0.0507420,5.9696652,5.2214320
365.7988181,35.5523275,-27.7762222,2.5349659,-0.0410845,6.1421063,5.3427976
365.9988174,35.3884905,-27.6616022,2.5275655,-0.0334354,6.3136821,5.4340329
366.1988168,35.2254244,-27.5458872,2.5215087,-0.0276187,6.4835320,5.4971465
366.3988161,35.0630022,-27.4292738,2.5164782,-0.0226863,6.6509427,5.5348183
366.5988155,34.9011428,-27.3119480,2.5124227,-0.0181080,6.8153473,5.5469947
366.7988149,34.7396986,-27.1940231,2.5090942,-0.0162455,6.9762275,5.5407390
366.9988142,34.5785797,-27.0755320,2.5059151,-0.0151036,7.1333049,5.5268689
367.1988136,34.4178111,-26.9565477,2.5030492,-0.0137231,7.2866164,5.5068772
367.3988129,34.2573750,-26.8371253,2.5003976,-0.0128863,7.4362304,5.4807653
367.5988123,34.0972463,-26.7172879,2.4978716,-0.0124540,7.5822043,5.4500237
367.7988116,33.9374179,-26.5970521,2.4954003,-0.0123080,7.7246245,5.4164566
367.9988110,33.7778863,-26.4764231,2.4929400,-0.0123178,7.8636124,5.3823886
368.1988103,33.6186528,-26.3554018,2.4904729,-0.0123500,7.9993342,5.3507307
368.3988097,33.4597188,-26.2339882,2.4880085,-0.0122635,8.1320129,5.3248624
368.5988090,33.3010830,-26.1121860,2.4855842,-0.0119274,8.2619351,5.3078331
368.7988084,33.1427376,-25.9900069,2.4832634,-0.0112019,8.3894397,3.8524628
368.9988077,32.9846662,-25.8674741,2.4811190,-0.0101994,8.4807829,0.8144298
369.1988071,32.8268458,-25.7446186,2.4791671,-0.0093755,8.4999676,0.0000052
369.3988065,32.6692555,-25.6214683,2.4773895,-0.0083289,8.4999677,0.0000034
369.5988058,32.5118696,-25.4980571,2.4758722,-0.0067326,8.4999678,0.0000000
369.7988052,32.3546495,-25.3744347,2.4747116,-0.0048342,8.4999678,-0.0000007
369.9988045,32.1975491,-25.2506602,2.4739391,-0.0028912,8.4999678,-0.0000007
370.1988039,32.0405206,-25.1267946,2.4735463,-0.0010673,8.4999678,-0.0000007
370.3988032,31.8835188,-25.0028949,2.4734986,0.0005444,8.4999677,-0.0000006
370.5988026,31.7265038,-24.8790117,2.4737487,0.0019030,8.4999677,-0.0000006
370.7988019,31.5694421,-24.7551877,2.4742445,0.0030007,8.4999677,-0.0000005
370.9988013,31.4123063,-24.6314574,2.4749348,0.0038484,8.4999677,-0.0000004
371.1988006,31.2550755,-24.5078476,2.4757713,0.0044672,8.4999677,-0.0000003
371.3988000,31.0977345,-24.3843780,2.4767107,0.0048829,8.4999677,-0.0000003
371.5987993,30.9402731,-24.2610616,2.4777152,0.0051230,8.4999677,-0.0000002
371.7987987,30.7826855,-24.1379064,2.4787522,0.0052145,8.4999677,-0.0000002
371.9987981,30.6249696,-24.0149153,2.4797948,0.0051831,8.4999677,-0.0000002
372.1987974,30.4671263,-23.8920876,2.4808206,0.0050527,8.4999677,-0.0000002
372.3987968,30.3091589,-23.7694193,2.4818120,0.0048444,8.4999677,-0.0000002
372.5987961,30.1510729,-23.6469040,2.4827555,0.0045776,8.4999676,-0.0000002
372.7987955,29.9928744,-23.5245332,2.4836414,0.0042743,8.4999676,-0.0000001
372.9987948,29.8345723,-23.4022985,2.4844669,0.0039974,8.4999676,-0.0000001
373.1987942,29.6761758,-23.2801927,2.4852358,0.0036376,8.4999676,-0.0000000
373.3987935,29.5176908,-23.1582023,2.4859188,0.0032118,8.4999676,0.0000000
373.5987929,29.3591263,-23.0363129,2.4865230,0.0028363,8.4999676,0.0000000
373.7987922,29.2004930,-22.9145137,2.4870542,0.0024796,8.4999676,0.0000000
373.9987916,29.0417992,-22.7927932,2.4875156,0.0021383,8.4999676,0.0000000
374.1987909,28.8830534,-22.6711407,2.4879105,0.0018171,8.4999676,0.0000000
374.3987903,28.7242633,-22.5495458,2.4882435,0.0015188,8.4999676,0.0000000
374.5987897,28.5654364,-22.4279992,2.4885193,0.0012457,8.4999676,0.0000000
374.7987890,28.4065791,-22.3064922,2.4887431,0.0009986,8.4999676,0.0000000
374.9987884,28.2476975,-22.1850170,2.4889201,0.0007781,8.4999676,0.0000000
375.1987877,28.0887970,-22.0635666,2.4890556,0.0005839,8.4999676,0.0000000
375.3987871,27.9298823,-21.9421347,2.4891549,0.0004150,8.4999676,0.0000000
375.5987864,27.7709575,-21.8207161,2.4892229,0.0002704,8.4999676,0.0000000
375.7987858,27.6120260,-21.6993061,2.4892643,0.0001486,8.4999676,0.0000000
375.9987851,27.4530910,-21.5779009,2.4892834,0.0000478,8.4999676,0.0000000
376.1987845,27.2941548,-21.4564972,2.4892844,-0.0000338,8.4999676,0.0000000
376.3987838,27.1352193,-21.3350924,2.4892708,-0.0000980,8.4999676,0.0000000
376.5987832,26.9762862,-21.2136846,2.4892460,-0.0001469,8.4999676,0.0000000
376.7987825,26.8173567,-21.0922721,2.4892128,-0.0001822,8.4999676,0.0000000
376.9987819,26.6584316,-20.9708538,2.4891738,-0.0002058,8.4999676,0.0000000
377.1987813,26.4995114,-20.8494290,2.4891310,-0.0002195,8.4999676,0.0000000
377.3987806,26.3405966,-20.7279972,2.4890864,-0.0002248,8.4999676,0.0000000
377.5987800,26.1816872,-20.6065583,2.4890415,-0.0002233,8.4999676,0.0000000
377.7987793,26.0227832,-20.4851123,2.4889974,-0.0002162,8.4999676,0.0000000
377.9987787,25.8638845,-20.3636595,2.4889552,-0.0002049,8.4999676,0.0000000
378.1987780,25.7049907,-20.2422001,2.4889157,-0.0001903,8.4999676,0.0000000
378.3987774,25.5461015,-20.1207347,2.4888793,-0.0001735,8.4999676,0.0000000
378.5987767,25.3872166,-19.9992638,2.4888464,-0.0001552,8.4999676,0.0000000
378.7987761,25.2283354,-19.8777879,2.4888172,-0.0001361,8.4999677,0.0000000
378.9987754,25.0694575,-19.7563077,2.4887919,-0.0001169,8.4999677,0.0000000
379.1987748,24.9105825,-19.6348238,2.4887705,-0.0000979,8.4999677,0.0000000
379.3987741,24.7517099,-19.5133368,2.4887527,-0.0000795,8.4999677,0.0000000
379.5987735,24.5928391,-19.3918473,2.4887386,-0.0000620,8.4999677,0.0000000
379.7987728,24.4339699,-19.2703558,2.4887279,-0.0000456,8.4999677,0.0000000
379.9987722,24.2751018,-19.1488628,2.4887203,-0.0000304,8.4999677,0.0000000
380.1987716,24.1162344,-19.0273689,2.4887157,-0.0000165,8.4999677,0.0000000
380.3987709,23.9573675,-18.9058744,2.4887137,-0.0000039,8.4999677,0.0000000
380.5987703,23.7985006,-18.7843798,2.4887140,0.0000074,8.4999677,0.0000000
380.7987696,23.6396335,-18.6628855,2.4887166,0.0000174,8.4999677,0.0000000
380.9987690,23.4807661,-18.5413917,2.4887209,0.0000262,8.4999677,0.0000000
381.1987683,23.3218979,-18.4198987,2.4887270,0.0000338,8.4999677,0.0000000
381.3987677,23.1630290,-18.2984068,2.4887344,0.0000403,8.4999677,0.0000000
381.5987670,23.0041591,-18.1769162,2.4887430,0.0000458,8.4999677,0.0000000
381.7987664,22.8452881,-18.0554270,2.4887527,0.0000504,8.4999677,0.0000000
381.9987657,22.6864158,-17.9339395,2.4887631,0.0000541,8.4999677,0.0000000
382.1987651,22.5275423,-17.8124536,2.4887743,0.0000571,8.4999677,0.0000000
382.3987644,22.3686674,-17.6909696,2.4887859,0.0000593,8.4999677,0.0000000
382.5987638,22.2097910,-17.5694875,2.4887980,0.0000609,8.4999677,0.0000000
382.7987632,22.0509131,-17.4480073,2.4888103,0.0000620,8.4999677,0.0000000
382.9987625,21.8920338,-17.3265290,2.4888227,0.0000625,8.4999677,0.0000000
383.1987619,21.7331529,-17.2050528,2.4888352,0.0000625,8.4999677,0.0000000
383.3987612,21.5742705,-17.0835785,2.4888477,0.0000622,8.4999677,0.0000000
383.5987606,21.4153866,-16.9621062,2.4888601,0.0000614,8.4999677,0.0000000
383.7987599,21.2565012,-16.8406359,2.4888723,0.0000604,8.4999677,0.0000000
383.9987593,21.0976143,-16.7191674,2.4888842,0.0000591,8.4999677,0.0000000
384.1987586,20.9387260,-16.5977009,2.4888959,0.0000576,8.4999677,0.0000000
384.3987580,20.7798363,-16.4762362,2.4889073,0.0000560,8.4999677,0.0000000
384.5987573,20.6209452,-16.3547732,2.4889183,0.0000543,8.4999677,0.0000000
384.7987567,20.4620529,-16.2333120,2.4889290,0.0000525,8.4999677,0.0000000
384.9987560,20.3031592,-16.1118525,2.4889393,0.0000508,8.4999677,0.0000000
385.1987554,20.1442643,-15.9903945,2.4889493,0.0000491,8.4999677,0.0000000
385.3987548,19.9853682,-15.8689382,2.4889589,0.0000474,8.4999677,0.0000000
385.5987541,19.8264710,-15.7474833,2.4889683,0.0000460,8.4999677,0.0000000
385.7987535,19.6675727,-15.6260299,2.4889773,0.0000425,8.4999677,0.0000000
385.9987528,19.5086731,-15.5045777,2.4889850,0.0000346,8.4999677,0.0000000
386.1987522,19.3497724,-15.3831264,2.4889914,0.0000338,8.4999677,-0.0000000
386.3987515,19.1908709,-15.2616762,2.4889991,0.0000405,8.4999677,-0.0000000
386.5987509,19.0319686,-15.1402274,2.4890071,0.0000391,8.4999677,-0.0000000
386.7987502,18.8730652,-15.0187798,2.4890148,0.0000384,8.4999677,-0.0000000
386.9987496,18.7141610,-14.8973334,2.4890224,0.0000376,8.4999677,-0.0000000
387.1987489,18.5552558,-14.7758882,2.4890299,0.0000369,8.4999677,-0.0000000
387.3987483,18.3963497,-14.6544441,2.4890372,0.0000364,8.4999677,-0.0000000
387.5987476,18.2374427,-14.5330013,2.4890444,0.0000360,8.4999677,-0.0000000
387.7987470,18.0785349,-14.4115595,2.4890516,0.0000356,8.4999677,-0.0000000
387.9987464,17.9196262,-14.2901189,2.4890587,0.0000353,8.4999677,-0.0000000
388.1987457,17.7607166,-14.1686795,2.4890657,0.0000351,8.4999677,-0.0000000
388.3987451,17.6018062,-14.0472411,2.4890727,0.0000349,8.4999677,-0.0000000
388.5987444,17.4428949,-13.9258039,2.4890797,0.0000348,8.4999677,-0.0000000
388.7987438,17.2839828,-13.8043677,2.4890866,0.0000346,8.4999677,-0.0000000
388.9987431,17.1250698,-13.6829327,2.4890935,0.0000345,8.4999677,-0.0000000
389.1987425,16.9661561,-13.5614987,2.4891004,0.0000343,8.4999677,-0.0000000
389.3987418,16.8072414,-13.4400659,2.4891073,0.0000342,8.4999677,-0.0000000
389.5987412,16.6483260,-13.3186341,2.4891141,0.0000340,8.4999677,-0.0000000
389.7987405,16.4894097,-13.1972034,2.4891209,0.0000338,8.4999677,-0.0000000
389.9987399,16.3304926,-13.0757738,2.4891276,0.0000336,8.4999677,-0.0000000
390.1987392,16.1715747,-12.9543452,2.4891343,0.0000334,8.4999677,-0.0000000
390.3987386,16.0126559,-12.8329178,2.4891410,0.0000333,8.4999677,-0.0000000
390.5987380,15.8537364,-12.7114913,2.4891476,0.0000331,8.4999677,-0.0000000
390.7987373,15.6948161,-12.5900660,2.4891543,0.0000330,8.4999677,-0.0000000
390.9987367,15.5358949,-12.4686416,2.4891608,0.0000329,8.4999677,-0.0000000
391.1987360,15.3769730,-12.3472184,2.4891674,0.0000329,8.4999677,-0.0000000
391.3987354,15.2180502,-12.2257961,2.4891740,0.0000328,8.4999677,-0.0000000
391.5987347,15.0591267,-12.1043750,2.4891806,0.0000329,8.4999677,-0.0000000
391.7987341,14.9002024,-11.9829548,2.4891871,0.0000330,8.4999677,-0.0000000
391.9987334,14.7412773,-11.8615357,2.4891937,0.0000331,8.4999677,-0.0000000
392.1987328,14.5823513,-11.7401177,2.4892004,0.0000333,8.4999677,-0.0000000
392.3987321,14.4234246,-11.6187007,2.4892071,0.0000335,8.4999677,-0.0000000
392.5987315,14.2644970,-11.4972848,2.4892138,0.0000337,8.4999677,-0.0000000
392.7987308,14.1055687,-11.3758700,2.4892205,0.0000339,8.4999677,-0.0000000
392.9987302,13.9466395,-11.2544562,2.4892273,0.0000342,8.4999677,-0.0000000
393.1987296,13.7877095,-11.1330436,2.4892342,0.0000344,8.4999677,-0.0000000
393.3987289,13.6287787,-11.0116320,2.4892411,0.0000347,8.4999677,-0.0000000
393.5987283,13.4698470,-10.8902215,2.4892481,0.0000350,8.4999677,-0.0000000
393.7987276,13.3109144,-10.7688122,2.4892551,0.0000352,8.4999677,-0.0000000
393.9987270,13.1519811,-10.6474040,2.4892622,0.0000354,8.4999677,-0.0000000
394.1987263,12.9930468,-10.5259969,2.4892693,0.0000357,8.4999677,-0.0000000
394.3987257,12.8341117,-10.4045909,2.4892764,0.0000359,8.4999677,-0.0000000
394.5987250,12.6751758,-10.2831861,2.4892836,0.0000361,8.4999677,-0.0000000
394.7987244,12.5162389,-10.1617824,2.4892909,0.0000363,8.4999677,-0.0000000
394.9987237,12.3573012,-10.0403799,2.4892982,0.0000366,8.4999677,-0.0000000
395.1987231,12.1983626,-9.9189786,2.4893055,0.0000368,8.4999677,-0.0000000
395.3987224,12.0394231,-9.7975784,2.4893129,0.0000370,8.4999677,-0.0000000
395.5987218,11.8804828,-9.6761794,2.4893203,0.0000372,8.4999677,-0.0000000
395.7987212,11.7215415,-9.5547816,2.4893278,0.0000375,8.4999677,-0.0000000
395.9987205,11.5625993,-9.4333850,2.4893353,0.0000377,8.4999677,-0.0000000
396.1987199,11.4036562,-9.3119896,2.4893428,0.0000378,8.4999677,-0.0000000
396.3987192,11.2447122,-9.1905954,2.4893504,0.0000380,8.4999677,-0.0000000
396.5987186,11.0857673,-9.0692024,2.4893580,0.0000382,8.4999677,-0.0000000
396.7987179,10.9268214,-8.9478106,2.4893657,0.0000383,8.4999677,-0.0000000
396.9987173,10.7678746,-8.8264201,2.4893734,0.0000384,8.4999677,-0.0000000
397.1987166,10.6089269,-8.7050307,2.4893810,0.0000385,8.4999677,-0.0000000
397.3987160,10.4499783,-8.5836426,2.4893887,0.0000385,8.4999677,-0.0000000
397.5987153,10.2910288,-8.4622558,2.4893965,0.0000386,8.4999677,-0.0000000
397.7987147,10.1320783,-8.3408701,2.4894042,0.0000388,8.4999677,-0.0000000
397.9987140,9.9731269,-8.2194857,2.4894120,0.0000389,8.4999677,-0.0000000
398.1987134,9.8141745,-8.0981026,2.4894198,0.0000392,8.4999677,-0.0000000
398.3987128,9.6552212,-7.9767207,2.4894276,0.0000395,8.4999677,-0.0000000
398.5987121,9.4962668,-7.8553400,2.4894356,0.0000400,8.4999677,-0.0000000
398.7987115,9.3373115,-7.7339605,2.4894437,0.0000406,8.4999677,-0.0000000
398.9987108,9.1783552,-7.6125824,2.4894518,0.0000413,8.4999677,-0.0000000
399.1987102,9.0193979,-7.4912055,2.4894602,0.0000422,8.4999677,-0.0000000
399.3987095,8.8604395,-7.3698300,2.4894688,0.0000433,8.4999677,-0.0000000
399.5987089,8.7014801,-7.2484559,2.4894775,0.0000445,8.4999677,-0.0000000
399.7987082,8.5425196,-7.1270832,2.4894866,0.0000459,8.4999677,-0.0000000
399.9987076,8.3835580,-7.0057119,2.4894959,0.0000475,8.4999677,-0.0000000
400.1987069,8.2245952,-6.8843422,2.4895056,0.0000491,8.4999677,-0.0000000
400.3987063,8.0656313,-6.7629740,2.4895156,0.0000509,8.4999677,-0.0000000
400.5987056,7.9066661,-6.6416074,2.4895260,0.0000528,8.4999677,-0.0000000
400.7987050,7.7476996,-6.5202425,2.4895367,0.0000548,8.4999677,-0.0000000
400.9987044,7.5887318,-6.3988794,2.4895479,0.0000568,8.4999677,-0.0000000
401.1987037,7.4297626,-6.2775180,2.4895594,0.0000587,8.4999677,-0.0000000
401.3987031,7.2707920,-6.1561585,2.4895713,0.0000605,8.4999677,-0.0000000
401.5987024,7.1118199,-6.0348010,2.4895836,0.0000622,8.4999677,-0.0000000
401.7987018,6.9528463,-5.9134454,2.4895962,0.0000636,8.4999677,-0.0000000
401.9987011,6.7938711,-5.7920918,2.4896090,0.0000647,8.4999677,-0.0000000
402.1987005,6.6348944,-5.6707403,2.4896220,0.0000654,8.4999677,-0.0000000
402.3986998,6.4759161,-5.5493909,2.4896351,0.0000654,8.4999677,-0.0000000
402.5986992,6.3169362,-5.4280435,2.4896482,0.0000648,8.4999677,-0.0000000
402.7986985,6.1579548,-5.3066982,2.4896610,0.0000634,8.4999677,-0.0000000
402.9986979,5.9989718,-5.1853549,2.4896734,0.0000609,8.4999677,-0.0000000
403.1986972,5.8399873,-5.0640136,2.4896852,0.0000572,8.4999677,-0.0000000
403.3986966,5.6810015,-4.9426740,2.4896962,0.0000522,8.4999677,-0.0000000
403.5986960,5.5220143,-4.8213361,2.4897060,0.0000456,8.4999677,-0.0000000
403.7986953,5.3630261,-4.6999997,2.4897143,0.0000373,8.4999677,-0.0000000
403.9986947,5.2040370,-4.5786644,2.4897208,0.0000270,8.4999677,-0.0000000
404.1986940,5.0450473,-4.4573300,2.4897249,0.0000146,8.4999677,-0.0000000
404.3986934,4.8860572,-4.3359961,2.4897264,-0.0000000,8.4999677,-0.0000000
404.5986927,4.7270671,-4.2146621,2.4897247,-0.0000171,8.4999677,-0.0000000
404.7986921,4.5680774,-4.0933276,2.4897194,-0.0000367,8.4999677,-0.0000000
404.9986914,4.4090886,-3.9719919,2.4897099,-0.0000589,8.4999677,-0.0000000
405.1986908,4.2501013,-3.8506544,2.4896956,-0.0000837,8.4999677,-0.0000000
405.3986901,4.0911160,-3.7293141,2.4896762,-0.0001110,8.4999677,-0.0000000
405.5986895,3.9321334,-3.6079704,2.4896510,-0.0001408,8.4999676,-0.0000000
405.7986888,3.7731543,-3.4866221,2.4896197,-0.0001727,8.4999676,-0.0000000
405.9986882,3.6141793,-3.3652684,2.4895818,-0.0002065,8.4999676,-0.0000000
406.1986875,3.4552094,-3.2439081,2.4895370,-0.0002416,8.4999676,-0.0000000
406.3986869,3.2962453,-3.1225401,2.4894851,-0.0002775,8.4999676,-0.0000000
406.5986863,3.1372880,-3.0011633,2.4894260,-0.0003133,8.4999676,-0.0000000
406.7986856,2.9783383,-2.8797765,2.4893599,-0.0003480,8.4999676,-0.0000000
406.9986850,2.8193970,-2.7583787,2.4892870,-0.0003805,8.4999676,-0.0000000
407.1986843,2.6604650,-2.6369688,2.4892080,-0.0004092,8.4999676,-0.0000000
407.3986837,2.5015429,-2.5155459,2.4891237,-0.0004325,8.4999676,-0.0000000
407.5986830,2.3426312,-2.3941093,2.4890355,-0.0004485,8.4999676,-0.0000000
407.7986824,2.1837305,-2.2726585,2.4889451,-0.0004549,8.4999676,-0.0000000
407.9986817,2.0248408,-2.1511933,2.4888545,-0.0004491,8.4999676,-0.0000000
408.1986811,1.8659620,-2.0297139,2.4887666,-0.0004285,8.4999676,-0.0000000
408.3986804,1.7070935,-1.9082209,2.4886845,-0.0003899,8.4999676,-0.0000000
408.5986798,1.5482345,-1.7867157,2.4886123,-0.0003301,8.4999676,-0.0000000
408.7986791,1.3893834,-1.6652000,2.4885544,-0.0002456,8.4999676,-0.0000000
408.9986785,1.2305382,-1.5436766,2.4885163,-0.0001327,8.4999676,-0.0000000
409.1986779,1.0716962,-1.4221492,2.4885039,0.0000123,8.4999676,-0.0000000
409.3986772,0.9128538,-1.3006223,2.4885241,0.0001933,8.4999676,-0.0000000
409.5986766,0.7540066,-1.1791017,2.4885845,0.0004140,8.4999676,-0.0000000
409.7986759,0.5951492,-1.0575944,2.4886933,0.0006779,8.4999676,-0.0000000
409.9986753,0.4362752,-0.9361089,2.4888595,0.0009882,8.4999676,-0.0000000
410.1986746,0.2773771,-0.8146549,2.4890927,0.0013474,8.4999676,-0.0000000
410.3986740,0.1184461,-0.6932441,2.4894028,0.0017576,8.4999676,0.0000000
410.5986733,-0.0405277,-0.5718893,2.4898002,0.0022197,8.4999676,0.0000000
410.7986727,-0.1995556,-0.4506053,2.4902952,0.0027334,8.4999676,0.0000000
410.9986720,-0.3586498,-0.3294086,2.4908979,0.0032970,8.4999676,0.0000001
411.1986714,-0.5178240,-0.2083170,2.4916181,0.0039068,8.4999676,0.0000001
411.3986707,-0.6770930,-0.0873500,2.4924643,0.0045573,8.4999676,0.0000001
411.5986701,-0.8364722,0.0334716,2.4934438,0.0052389,8.4999677,0.0000000
411.7986695,-0.9959780,0.1541260,2.4945635,0.0059591,8.4999677,-0.0013947
411.9986688,-1.1556278,0.2745897,2.4958354,0.0067607,8.4999348,0.0013953
