# s_m; t_s; v_mps; beta_rad; omega_z_radps; n_m; xi_rad
0.0; 0.000; 8.50; -0.00072; 0.02359; 0.74660; -0.00236
0.2; 0.024; 8.50; -0.00059; 0.01807; 0.74644; 0.00206
0.4; 0.048; 8.50; -0.00047; 0.01319; 0.74718; 0.00623
0.6; 0.072; 8.50; -0.00037; 0.00889; 0.74875; 0.01008
0.8; 0.095; 8.50; -0.00027; 0.00514; 0.75109; 0.01360
1.0; 0.119; 8.50; -0.00019; 0.00189; 0.75413; 0.01682
1.2; 0.143; 8.50; -0.00012; -0.00090; 0.75780; 0.01974
1.4; 0.167; 8.50; -0.00006; -0.00328; 0.76204; 0.02239
1.6; 0.191; 8.50; -0.00000; -0.00531; 0.76680; 0.02476
1.8; 0.214; 8.50; 0.00005; -0.00703; 0.77202; 0.02687
2.0; 0.238; 8.50; 0.00009; -0.00849; 0.77764; 0.02874
2.2; 0.262; 8.50; 0.00012; -0.00972; 0.78362; 0.03035
2.4; 0.285; 8.50; 0.00015; -0.01077; 0.78990; 0.03173
2.6; 0.309; 8.50; 0.00017; -0.01167; 0.79643; 0.03287
2.8; 0.333; 8.50; 0.00020; -0.01244; 0.80317; 0.03378
3.0; 0.356; 8.50; 0.00021; -0.01310; 0.81007; 0.03446
3.2; 0.380; 8.50; 0.00023; -0.01365; 0.81708; 0.03493
3.4; 0.404; 8.50; 0.00024; -0.01410; 0.82416; 0.03517
3.6; 0.427; 8.50; 0.00025; -0.01445; 0.83127; 0.03519
3.8; 0.451; 8.50; 0.00026; -0.01467; 0.83835; 0.03500
4.0; 0.474; 8.50; 0.00027; -0.01474; 0.84537; 0.03461
4.2; 0.498; 8.50; 0.00027; -0.01464; 0.85228; 0.03400
4.4; 0.521; 8.50; 0.00027; -0.01431; 0.85905; 0.03320
4.6; 0.545; 8.50; 0.00027; -0.01371; 0.86563; 0.03220
4.8; 0.568; 8.50; 0.00027; -0.01278; 0.87199; 0.03102
5.0; 0.592; 8.50; 0.00025; -0.01145; 0.87808; 0.02965
5.2; 0.615; 8.50; 0.00024; -0.00966; 0.88388; 0.02812
5.4; 0.638; 8.50; 0.00021; -0.00733; 0.88935; 0.02643
5.6; 0.662; 8.50; 0.00018; -0.00436; 0.89445; 0.02459
5.8; 0.685; 8.50; 0.00013; -0.00069; 0.89917; 0.02263
6.0; 0.708; 8.50; 0.00008; 0.00378; 0.90347; 0.02055
6.2; 0.732; 8.50; 0.00001; 0.00914; 0.90733; 0.01838
6.4; 0.755; 8.50; -0.00007; 0.01546; 0.91074; 0.01614
6.6; 0.778; 8.50; -0.00017; 0.02281; 0.91368; 0.01385
6.8; 0.801; 8.50; -0.00029; 0.03126; 0.91614; 0.01153
7.0; 0.825; 8.50; -0.00043; 0.04086; 0.91811; 0.00921
7.2; 0.848; 8.50; -0.00058; 0.05162; 0.91960; 0.00691
7.4; 0.871; 8.50; -0.00076; 0.06357; 0.92061; 0.00466
7.6; 0.894; 8.50; -0.00096; 0.07666; 0.92115; 0.00249
7.8; 0.917; 8.50; -0.00118; 0.09085; 0.92122; 0.00041
8.0; 0.940; 8.50; -0.00143; 0.10604; 0.92085; -0.00155
8.2; 0.963; 8.50; -0.00169; 0.12209; 0.92007; -0.00337
8.4; 0.986; 8.50; -0.00197; 0.13885; 0.91889; -0.00504
8.6; 1.009; 8.50; -0.00227; 0.15610; 0.91734; -0.00654
8.8; 1.032; 8.50; -0.00259; 0.17363; 0.91546; -0.00787
9.0; 1.055; 8.50; -0.00292; 0.19120; 0.91328; -0.00903
9.2; 1.078; 8.50; -0.00325; 0.20861; 0.91082; -0.01002
9.4; 1.101; 8.50; -0.00359; 0.22567; 0.90812; -0.01085
9.6; 1.124; 8.50; -0.00393; 0.24225; 0.90522; -0.01153
9.8; 1.147; 8.50; -0.00427; 0.25820; 0.90213; -0.01209
10.0; 1.170; 8.50; -0.00460; 0.27348; 0.89888; -0.01252
10.2; 1.192; 8.50; -0.00493; 0.28818; 0.89549; -0.01286
10.4; 1.215; 8.50; -0.00524; 0.30237; 0.89199; -0.01311
10.6; 1.238; 8.50; -0.00555; 0.31607; 0.88839; -0.01329
10.8; 1.261; 8.50; -0.00586; 0.32931; 0.88471; -0.01341
11.0; 1.283; 8.50; -0.00615; 0.34219; 0.88095; -0.01348
11.2; 1.306; 8.50; -0.00644; 0.35465; 0.87713; -0.01351
11.4; 1.329; 8.50; -0.00673; 0.36649; 0.87326; -0.01351
11.6; 1.352; 8.50; -0.00701; 0.37737; 0.86933; -0.01350
11.8; 1.374; 8.50; -0.00727; 0.38674; 0.86536; -0.01351
12.0; 1.397; 8.50; -0.00752; 0.39388; 0.86134; -0.01359
12.2; 1.419; 8.50; -0.00773; 0.39789; 0.85724; -0.01380
12.4; 1.442; 8.50; -0.00789; 0.39778; 0.85306; -0.01421
12.6; 1.465; 8.50; -0.00798; 0.39271; 0.84874; -0.01494
12.8; 1.487; 8.50; -0.00799; 0.38221; 0.84424; -0.01608
13.0; 1.510; 8.50; -0.00789; 0.36599; 0.83949; -0.01771
13.2; 1.532; 8.50; -0.00767; 0.34472; 0.83440; -0.01980
13.4; 1.555; 8.50; -0.00734; 0.31989; 0.82892; -0.02237
13.6; 1.577; 8.50; -0.00692; 0.29261; 0.82297; -0.02544
13.8; 1.600; 8.50; -0.00642; 0.26379; 0.81646; -0.02905
14.0; 1.623; 8.50; -0.00587; 0.23420; 0.80930; -0.03322
14.2; 1.645; 8.50; -0.00529; 0.20447; 0.80138; -0.03797
14.4; 1.668; 8.50; -0.00470; 0.17513; 0.79260; -0.04329
14.6; 1.691; 8.50; -0.00411; 0.14662; 0.78285; -0.04915
14.8; 1.713; 8.50; -0.00353; 0.11924; 0.77202; -0.05555
15.0; 1.736; 8.50; -0.00296; 0.09322; 0.76000; -0.06246
15.2; 1.759; 8.50; -0.00243; 0.06873; 0.74669; -0.06983
15.4; 1.782; 8.50; -0.00192; 0.04587; 0.73199; -0.07763
15.6; 1.804; 8.50; -0.00145; 0.02470; 0.71582; -0.08584
15.8; 1.827; 8.50; -0.00101; 0.00526; 0.69807; -0.09440
16.0; 1.850; 8.50; -0.00060; -0.01241; 0.67868; -0.10329
16.2; 1.873; 8.50; -0.00022; -0.02830; 0.65757; -0.11245
16.4; 1.896; 8.50; 0.00012; -0.04237; 0.63468; -0.12186
16.6; 1.919; 8.50; 0.00043; -0.05458; 0.60994; -0.13147
16.8; 1.943; 8.50; 0.00070; -0.06486; 0.58329; -0.14124
17.0; 1.966; 8.50; 0.00094; -0.07311; 0.55470; -0.15112
17.2; 1.989; 8.50; 0.00114; -0.07921; 0.52413; -0.16107
17.4; 2.012; 8.50; 0.00130; -0.08296; 0.49154; -0.17103
17.6; 2.036; 8.50; 0.00142; -0.08417; 0.45693; -0.18095
17.8; 2.059; 8.50; 0.00150; -0.08255; 0.42026; -0.19077
18.0; 2.083; 8.50; 0.00152; -0.07782; 0.38156; -0.20042
18.2; 2.107; 8.50; 0.00150; -0.06961; 0.34084; -0.20981
18.4; 2.130; 8.50; 0.00141; -0.05754; 0.29813; -0.21886
18.6; 2.154; 8.50; 0.00125; -0.04119; 0.25348; -0.22747
18.8; 2.178; 8.50; 0.00102; -0.02014; 0.20697; -0.23553
19.0; 2.202; 8.50; 0.00071; 0.00606; 0.15869; -0.24291
19.2; 2.226; 8.50; 0.00031; 0.03784; 0.10878; -0.24948
19.4; 2.251; 8.50; -0.00019; 0.07558; 0.05738; -0.25510
19.6; 2.275; 8.50; -0.00079; 0.11967; 0.00468; -0.25961
19.8; 2.299; 8.50; -0.00151; 0.17039; -0.04909; -0.26285
20.0; 2.324; 8.50; -0.00236; 0.22798; -0.10366; -0.26464
20.2; 2.348; 8.50; -0.00335; 0.29247; -0.15875; -0.26482
20.4; 2.373; 8.50; -0.00450; 0.36362; -0.21402; -0.26322
20.6; 2.397; 8.50; -0.00582; 0.44090; -0.26909; -0.25969
20.8; 2.422; 8.50; -0.00735; 0.52397; -0.32358; -0.25409
21.0; 2.447; 8.50; -0.00913; 0.61674; -0.37705; -0.24622
21.2; 2.471; 8.50; -0.01124; 0.70735; -0.42908; -0.23604
21.4; 2.496; 8.50; -0.01364; 0.79238; -0.47923; -0.22367
21.6; 2.520; 8.50; -0.01629; 0.86968; -0.52711; -0.20929
21.8; 2.545; 8.50; -0.01917; 0.93649; -0.57238; -0.19313
22.0; 2.569; 8.50; -0.02220; 0.99051; -0.61472; -0.17550
22.2; 2.594; 8.50; -0.02530; 1.03027; -0.65389; -0.15674
22.4; 2.618; 8.50; -0.02834; 1.05510; -0.68971; -0.13718
22.6; 2.642; 8.50; -0.03118; 1.06470; -0.72201; -0.11721
22.8; 2.667; 8.50; -0.03366; 1.05866; -0.75072; -0.09719
23.0; 2.691; 8.50; -0.03558; 1.03591; -0.77577; -0.07749
23.2; 2.715; 8.50; -0.03672; 0.99421; -0.79714; -0.05855
23.4; 2.739; 8.50; -0.03683; 0.93106; -0.81486; -0.04083
23.6; 2.763; 8.50; -0.03566; 0.84449; -0.82900; -0.02487
23.8; 2.787; 8.50; -0.03303; 0.73439; -0.83971; -0.01123
24.0; 2.812; 8.39; -0.03283; 0.84624; -0.84730; 0.00292
24.2; 2.836; 8.27; -0.03407; 0.85840; -0.85195; 0.01867
24.4; 2.861; 8.15; -0.03499; 0.84740; -0.85356; 0.03476
24.6; 2.886; 8.03; -0.03528; 0.83419; -0.85200; 0.05095
24.8; 2.912; 7.91; -0.03498; 0.82506; -0.84711; 0.06729
25.0; 2.938; 7.79; -0.03427; 0.82270; -0.83875; 0.08391
25.2; 2.964; 7.66; -0.03330; 0.82868; -0.82676; 0.10102
25.4; 2.991; 7.53; -0.03225; 0.84388; -0.81100; 0.11862
25.6; 3.019; 7.40; -0.03126; 0.86848; -0.79131; 0.13649
25.8; 3.047; 7.27; -0.03046; 0.90197; -0.76762; 0.15437
26.0; 3.076; 7.13; -0.02992; 0.94320; -0.73990; 0.17231
26.2; 3.106; 7.00; -0.02970; 0.99055; -0.70814; 0.19054
26.4; 3.136; 6.87; -0.02980; 1.04215; -0.67228; 0.20929
26.6; 3.168; 6.73; -0.03023; 1.09618; -0.63223; 0.22872
26.8; 3.200; 6.61; -0.03095; 1.15104; -0.58789; 0.24897
27.0; 3.233; 6.48; -0.03195; 1.20549; -0.53912; 0.27012
27.2; 3.267; 6.36; -0.03320; 1.25864; -0.48580; 0.29221
27.4; 3.301; 6.24; -0.03468; 1.30985; -0.42778; 0.31527
27.6; 3.336; 6.13; -0.03638; 1.35860; -0.36496; 0.33930
27.8; 3.373; 6.02; -0.03828; 1.40425; -0.29724; 0.36427
28.0; 3.409; 5.91; -0.04037; 1.44571; -0.22455; 0.39013
28.2; 3.447; 5.81; -0.04261; 1.48161; -0.14685; 0.41678
28.4; 3.485; 5.70; -0.04518; 1.51914; -0.06417; 0.44428
28.6; 3.524; 5.59; -0.04856; 1.57076; 0.02344; 0.47309
28.8; 3.563; 5.51; -0.05054; 1.57078; 0.11603; 0.50191
29.0; 3.602; 5.46; -0.05017; 1.57078; 0.21325; 0.52736
29.2; 3.642; 5.44; -0.04811; 1.57078; 0.31312; 0.54463
29.4; 3.679; 5.42; -0.04561; 1.57078; 0.41149; 0.54832
29.6; 3.715; 5.40; -0.04310; 1.57078; 0.50260; 0.53308
29.8; 3.746; 5.38; -0.04068; 1.57077; 0.58013; 0.49300
30.0; 3.773; 5.36; -0.03849; 1.57077; 0.63883; 0.42196
30.2; 3.794; 5.35; -0.03661; 1.57075; 0.67676; 0.31681
30.4; 3.812; 5.34; -0.03498; 1.57073; 0.69694; 0.18555
30.6; 3.828; 5.33; -0.03338; 1.57075; 0.70412; 0.05010
30.8; 3.846; 5.32; -0.03154; 1.57077; 0.69975; -0.06777
31.0; 3.868; 5.31; -0.02931; 1.57077; 0.68295; -0.15931
31.2; 3.893; 5.30; -0.02667; 1.57078; 0.65361; -0.22534
31.4; 3.921; 5.30; -0.02370; 1.57078; 0.61311; -0.26958
31.6; 3.952; 5.29; -0.02056; 1.57078; 0.56389; -0.29640
31.8; 3.985; 5.29; -0.01744; 1.57078; 0.50874; -0.31063
32.0; 4.019; 5.30; -0.01457; 1.57078; 0.45012; -0.31747
32.2; 4.054; 5.31; -0.01213; 1.57077; 0.38952; -0.32098
32.4; 4.089; 5.32; -0.01021; 1.57077; 0.32751; -0.32265
32.6; 4.126; 5.34; -0.00883; 1.57076; 0.26433; -0.32230
32.8; 4.163; 5.36; -0.00797; 1.57076; 0.20034; -0.31944
33.0; 4.200; 5.38; -0.00755; 1.57069; 0.13606; -0.31373
33.2; 4.238; 5.40; -0.00744; 1.56069; 0.07216; -0.30514
33.4; 4.277; 5.43; -0.00729; 1.53359; 0.00933; -0.29414
33.6; 4.315; 5.46; -0.00675; 1.49009; -0.05173; -0.28138
33.8; 4.354; 5.50; -0.00570; 1.43210; -0.11042; -0.26760
34.0; 4.392; 5.55; -0.00426; 1.36358; -0.16631; -0.25347
34.2; 4.431; 5.61; -0.00277; 1.29054; -0.21919; -0.23948
34.4; 4.469; 5.68; -0.00157; 1.21797; -0.26901; -0.22589
34.6; 4.506; 5.76; -0.00082; 1.14737; -0.31586; -0.21279
34.8; 4.543; 5.85; -0.00051; 1.07788; -0.35990; -0.20026
35.0; 4.579; 5.95; -0.00049; 1.00861; -0.40129; -0.18836
35.2; 4.615; 6.05; -0.00066; 0.93952; -0.44017; -0.17717
35.4; 4.649; 6.16; -0.00092; 0.87122; -0.47673; -0.16672
35.6; 4.684; 6.28; -0.00121; 0.80448; -0.51112; -0.15701
35.8; 4.717; 6.39; -0.00151; 0.74001; -0.54349; -0.14800
36.0; 4.749; 6.51; -0.00179; 0.67835; -0.57397; -0.13961
36.2; 4.781; 6.63; -0.00203; 0.61983; -0.60269; -0.13175
36.4; 4.812; 6.76; -0.00224; 0.56464; -0.62975; -0.12432
36.6; 4.843; 6.89; -0.00241; 0.51282; -0.65522; -0.11719
36.8; 4.872; 7.01; -0.00254; 0.46436; -0.67915; -0.11027
37.0; 4.901; 7.14; -0.00263; 0.41916; -0.70157; -0.10342
37.2; 4.930; 7.27; -0.00267; 0.37714; -0.72249; -0.09654
37.4; 4.957; 7.40; -0.00268; 0.33823; -0.74190; -0.08950
37.6; 4.984; 7.52; -0.00266; 0.30239; -0.75974; -0.08219
37.8; 5.011; 7.65; -0.00261; 0.26967; -0.77599; -0.07465
38.0; 5.037; 7.78; -0.00254; 0.24019; -0.79067; -0.06720
38.2; 5.062; 7.90; -0.00244; 0.21415; -0.80385; -0.06023
38.4; 5.087; 8.03; -0.00234; 0.19184; -0.81569; -0.05392
38.6; 5.112; 8.15; -0.00224; 0.17338; -0.82631; -0.04818
38.8; 5.136; 8.27; -0.00215; 0.15853; -0.83581; -0.04293
39.0; 5.160; 8.40; -0.00207; 0.14651; -0.84429; -0.03806
39.2; 5.184; 8.50; -0.00205; 0.13922; -0.85181; -0.03348
39.4; 5.207; 8.50; -0.00232; 0.14976; -0.85846; -0.02885
39.6; 5.230; 8.50; -0.00256; 0.13914; -0.86423; -0.02430
39.8; 5.254; 8.50; -0.00259; 0.12289; -0.86916; -0.02010
40.0; 5.277; 8.50; -0.00247; 0.10495; -0.87329; -0.01633
40.2; 5.301; 8.50; -0.00224; 0.08689; -0.87667; -0.01300
40.4; 5.324; 8.50; -0.00197; 0.06961; -0.87939; -0.01010
40.6; 5.348; 8.50; -0.00167; 0.05371; -0.88151; -0.00761
40.8; 5.371; 8.50; -0.00137; 0.03949; -0.88311; -0.00549
41.0; 5.394; 8.50; -0.00108; 0.02703; -0.88426; -0.00370
41.2; 5.418; 8.50; -0.00082; 0.01630; -0.88503; -0.00220
41.4; 5.441; 8.50; -0.00058; 0.00723; -0.88548; -0.00095
41.6; 5.465; 8.50; -0.00038; -0.00029; -0.88566; 0.00008
41.8; 5.488; 8.50; -0.00020; -0.00638; -0.88561; 0.00094
42.0; 5.512; 8.50; -0.00005; -0.01118; -0.88538; 0.00164
42.2; 5.535; 8.50; 0.00007; -0.01483; -0.88499; 0.00223
42.4; 5.558; 8.50; 0.00016; -0.01746; -0.88447; 0.00272
42.6; 5.582; 8.50; 0.00024; -0.01921; -0.88385; 0.00313
42.8; 5.605; 8.50; 0.00030; -0.02022; -0.88314; 0.00349
43.0; 5.629; 8.50; 0.00033; -0.02060; -0.88235; 0.00381
43.2; 5.652; 8.50; 0.00036; -0.02047; -0.88149; 0.00410
43.4; 5.676; 8.50; 0.00037; -0.01992; -0.88057; 0.00438
43.6; 5.699; 8.50; 0.00037; -0.01906; -0.87960; 0.00464
43.8; 5.723; 8.50; 0.00037; -0.01795; -0.87857; 0.00491
44.0; 5.746; 8.50; 0.00035; -0.01667; -0.87749; 0.00517
44.2; 5.769; 8.50; 0.00033; -0.01529; -0.87636; 0.00545
44.4; 5.793; 8.50; 0.00031; -0.01384; -0.87519; 0.00573
44.6; 5.816; 8.50; 0.00029; -0.01239; -0.87395; 0.00601
44.8; 5.840; 8.50; 0.00026; -0.01095; -0.87267; 0.00631
45.0; 5.863; 8.50; 0.00024; -0.00955; -0.87133; 0.00661
45.2; 5.887; 8.50; 0.00021; -0.00823; -0.86994; 0.00691
45.4; 5.910; 8.50; 0.00018; -0.00699; -0.86849; 0.00722
45.6; 5.934; 8.50; 0.00016; -0.00585; -0.86698; 0.00753
45.8; 5.957; 8.50; 0.00014; -0.00481; -0.86542; 0.00783
46.0; 5.981; 8.50; 0.00012; -0.00387; -0.86380; 0.00814
46.2; 6.004; 8.50; 0.00010; -0.00304; -0.86212; 0.00843
46.4; 6.028; 8.50; 0.00008; -0.00231; -0.86039; 0.00872
46.6; 6.051; 8.50; 0.00006; -0.00168; -0.85861; 0.00899
46.8; 6.075; 8.50; 0.00005; -0.00114; -0.85678; 0.00925
47.0; 6.098; 8.50; 0.00004; -0.00069; -0.85489; 0.00950
47.2; 6.122; 8.50; 0.00003; -0.00033; -0.85297; 0.00972
47.4; 6.145; 8.50; 0.00002; -0.00003; -0.85100; 0.00993
47.6; 6.169; 8.50; 0.00001; 0.00020; -0.84899; 0.01011
47.8; 6.192; 8.50; 0.00000; 0.00037; -0.84695; 0.01027
48.0; 6.216; 8.50; -0.00000; 0.00049; -0.84489; 0.01041
48.2; 6.239; 8.50; -0.00001; 0.00057; -0.84280; 0.01052
48.4; 6.263; 8.50; -0.00001; 0.00061; -0.84068; 0.01060
48.6; 6.286; 8.50; -0.00001; 0.00063; -0.83856; 0.01066
48.8; 6.310; 8.50; -0.00001; 0.00061; -0.83643; 0.01069
49.0; 6.333; 8.50; -0.00001; 0.00058; -0.83429; 0.01068
49.2; 6.357; 8.50; -0.00001; 0.00053; -0.83216; 0.01065
49.4; 6.381; 8.50; -0.00001; 0.00047; -0.83003; 0.01060
49.6; 6.404; 8.50; -0.00001; 0.00040; -0.82793; 0.01051
49.8; 6.428; 8.50; -0.00001; 0.00033; -0.82584; 0.01039
50.0; 6.451; 8.50; -0.00001; 0.00026; -0.82377; 0.01024
50.2; 6.475; 8.50; -0.00001; 0.00018; -0.82174; 0.01006
50.4; 6.498; 8.50; -0.00000; 0.00011; -0.81975; 0.00987
50.6; 6.522; 8.50; -0.00000; 0.00004; -0.81779; 0.00966
50.8; 6.545; 8.50; -0.00000; -0.00002; -0.81588; 0.00946
51.0; 6.569; 8.50; -0.00000; -0.00008; -0.81401; 0.00925
51.2; 6.592; 8.50; 0.00000; -0.00014; -0.81218; 0.00904
51.4; 6.616; 8.50; 0.00000; -0.00019; -0.81039; 0.00884
51.6; 6.640; 8.50; 0.00000; -0.00024; -0.80864; 0.00864
51.8; 6.663; 8.50; 0.00000; -0.00027; -0.80693; 0.00843
52.0; 6.687; 8.50; 0.00000; -0.00031; -0.80526; 0.00823
52.2; 6.710; 8.50; 0.00000; -0.00034; -0.80363; 0.00803
52.4; 6.734; 8.50; 0.00001; -0.00036; -0.80204; 0.00784
52.6; 6.757; 8.50; 0.00001; -0.00038; -0.80049; 0.00764
52.8; 6.781; 8.50; 0.00001; -0.00040; -0.79898; 0.00744
53.0; 6.804; 8.50; 0.00001; -0.00041; -0.79751; 0.00725
53.2; 6.828; 8.50; 0.00001; -0.00042; -0.79608; 0.00706
53.4; 6.851; 8.50; 0.00001; -0.00042; -0.79468; 0.00687
53.6; 6.875; 8.50; 0.00001; -0.00043; -0.79332; 0.00668
53.8; 6.899; 8.50; 0.00001; -0.00043; -0.79200; 0.00650
54.0; 6.922; 8.50; 0.00001; -0.00043; -0.79072; 0.00632
54.2; 6.946; 8.50; 0.00001; -0.00043; -0.78947; 0.00614
54.4; 6.969; 8.50; 0.00001; -0.00042; -0.78826; 0.00596
54.6; 6.993; 8.50; 0.00001; -0.00042; -0.78708; 0.00578
54.8; 7.016; 8.50; 0.00001; -0.00041; -0.78594; 0.00561
55.0; 7.040; 8.50; 0.00001; -0.00041; -0.78483; 0.00543
55.2; 7.063; 8.50; 0.00001; -0.00040; -0.78376; 0.00526
55.4; 7.087; 8.50; 0.00001; -0.00040; -0.78272; 0.00510
55.6; 7.110; 8.50; 0.00001; -0.00039; -0.78172; 0.00493
55.8; 7.134; 8.50; 0.00001; -0.00039; -0.78075; 0.00477
56.0; 7.158; 8.50; 0.00001; -0.00038; -0.77981; 0.00461
56.2; 7.181; 8.50; 0.00001; -0.00038; -0.77890; 0.00445
56.4; 7.205; 8.50; 0.00001; -0.00037; -0.77802; 0.00429
56.6; 7.228; 8.50; 0.00001; -0.00037; -0.77718; 0.00414
56.8; 7.252; 8.50; 0.00001; -0.00037; -0.77636; 0.00399
57.0; 7.275; 8.50; 0.00001; -0.00036; -0.77558; 0.00384
57.2; 7.299; 8.50; 0.00001; -0.00036; -0.77483; 0.00369
57.4; 7.322; 8.50; 0.00001; -0.00036; -0.77410; 0.00354
57.6; 7.346; 8.50; 0.00001; -0.00036; -0.77341; 0.00340
57.8; 7.369; 8.50; 0.00001; -0.00035; -0.77274; 0.00326
58.0; 7.393; 8.50; 0.00001; -0.00035; -0.77210; 0.00312
58.2; 7.417; 8.50; 0.00001; -0.00035; -0.77149; 0.00298
58.4; 7.440; 8.50; 0.00001; -0.00035; -0.77091; 0.00284
58.6; 7.464; 8.50; 0.00001; -0.00035; -0.77035; 0.00271
58.8; 7.487; 8.50; 0.00001; -0.00035; -0.76982; 0.00258
59.0; 7.511; 8.50; 0.00001; -0.00035; -0.76931; 0.00245
59.2; 7.534; 8.50; 0.00001; -0.00035; -0.76883; 0.00232
59.4; 7.558; 8.50; 0.00001; -0.00035; -0.76838; 0.00220
59.6; 7.581; 8.50; 0.00001; -0.00034; -0.76795; 0.00208
59.8; 7.605; 8.50; 0.00001; -0.00034; -0.76755; 0.00196
60.0; 7.628; 8.50; 0.00001; -0.00034; -0.76716; 0.00184
60.2; 7.652; 8.50; 0.00001; -0.00034; -0.76681; 0.00172
60.4; 7.675; 8.50; 0.00001; -0.00034; -0.76647; 0.00161
60.6; 7.699; 8.50; 0.00001; -0.00034; -0.76616; 0.00150
60.8; 7.723; 8.50; 0.00001; -0.00034; -0.76587; 0.00138
61.0; 7.746; 8.50; 0.00001; -0.00034; -0.76560; 0.00128
61.2; 7.770; 8.50; 0.00001; -0.00033; -0.76536; 0.00117
61.4; 7.793; 8.50; 0.00001; -0.00033; -0.76513; 0.00107
61.6; 7.817; 8.50; 0.00001; -0.00033; -0.76493; 0.00097
61.8; 7.840; 8.50; 0.00001; -0.00033; -0.76474; 0.00087
62.0; 7.864; 8.50; 0.00001; -0.00033; -0.76458; 0.00077
62.2; 7.887; 8.50; 0.00001; -0.00032; -0.76443; 0.00067
62.4; 7.911; 8.50; 0.00001; -0.00032; -0.76431; 0.00058
62.6; 7.934; 8.50; 0.00001; -0.00032; -0.76420; 0.00049
62.8; 7.958; 8.50; 0.00001; -0.00032; -0.76411; 0.00040
63.0; 7.981; 8.50; 0.00001; -0.00032; -0.76404; 0.00031
63.2; 8.005; 8.50; 0.00001; -0.00031; -0.76398; 0.00023
63.4; 8.029; 8.50; 0.00001; -0.00031; -0.76394; 0.00014
63.6; 8.052; 8.50; 0.00001; -0.00031; -0.76392; 0.00006
63.8; 8.076; 8.50; 0.00001; -0.00031; -0.76392; -0.00001
64.0; 8.099; 8.50; 0.00001; -0.00031; -0.76393; -0.00009
64.2; 8.123; 8.50; 0.00001; -0.00030; -0.76395; -0.00017
64.4; 8.146; 8.50; 0.00001; -0.00030; -0.76399; -0.00024
64.6; 8.170; 8.50; 0.00001; -0.00030; -0.76404; -0.00031
64.8; 8.193; 8.50; 0.00001; -0.00030; -0.76411; -0.00038
65.0; 8.217; 8.50; 0.00001; -0.00030; -0.76419; -0.00044
65.2; 8.240; 8.50; 0.00001; -0.00030; -0.76429; -0.00051
65.4; 8.264; 8.50; 0.00001; -0.00030; -0.76439; -0.00057
65.6; 8.287; 8.50; 0.00001; -0.00030; -0.76451; -0.00063
65.8; 8.311; 8.50; 0.00001; -0.00029; -0.76464; -0.00069
66.0; 8.334; 8.50; 0.00001; -0.00029; -0.76478; -0.00074
66.2; 8.358; 8.50; 0.00001; -0.00029; -0.76493; -0.00080
66.4; 8.382; 8.50; 0.00001; -0.00029; -0.76510; -0.00085
66.6; 8.405; 8.50; 0.00001; -0.00029; -0.76527; -0.00090
66.8; 8.429; 8.50; 0.00001; -0.00029; -0.76545; -0.00094
67.0; 8.452; 8.50; 0.00001; -0.00029; -0.76565; -0.00099
67.2; 8.476; 8.50; 0.00001; -0.00028; -0.76585; -0.00103
67.4; 8.499; 8.50; 0.00001; -0.00028; -0.76606; -0.00107
67.6; 8.523; 8.50; 0.00001; -0.00028; -0.76628; -0.00111
67.8; 8.546; 8.50; 0.00001; -0.00028; -0.76650; -0.00115
68.0; 8.570; 8.50; 0.00001; -0.00028; -0.76673; -0.00118
68.2; 8.593; 8.50; 0.00001; -0.00028; -0.76697; -0.00122
68.4; 8.617; 8.50; 0.00001; -0.00027; -0.76722; -0.00125
68.6; 8.640; 8.50; 0.00001; -0.00027; -0.76747; -0.00128
68.8; 8.664; 8.50; 0.00001; -0.00027; -0.76773; -0.00130
69.0; 8.687; 8.50; 0.00001; -0.00027; -0.76799; -0.00133
69.2; 8.711; 8.50; 0.00001; -0.00027; -0.76826; -0.00135
69.4; 8.735; 8.50; 0.00001; -0.00027; -0.76853; -0.00137
69.6; 8.758; 8.50; 0.00001; -0.00026; -0.76880; -0.00139
69.8; 8.782; 8.50; 0.00001; -0.00026; -0.76908; -0.00141
70.0; 8.805; 8.50; 0.00000; -0.00026; -0.76936; -0.00142
70.2; 8.829; 8.50; 0.00000; -0.00026; -0.76965; -0.00143
70.4; 8.852; 8.50; 0.00000; -0.00026; -0.76993; -0.00144
70.6; 8.876; 8.50; 0.00000; -0.00025; -0.77022; -0.00145
70.8; 8.899; 8.50; 0.00000; -0.00025; -0.77051; -0.00146
71.0; 8.923; 8.50; 0.00000; -0.00025; -0.77080; -0.00146
71.2; 8.946; 8.50; 0.00000; -0.00025; -0.77109; -0.00146
71.4; 8.970; 8.50; 0.00000; -0.00025; -0.77139; -0.00146
71.6; 8.993; 8.50; 0.00000; -0.00025; -0.77168; -0.00146
71.8; 9.017; 8.50; 0.00000; -0.00025; -0.77197; -0.00145
72.0; 9.040; 8.50; 0.00000; -0.00025; -0.77226; -0.00145
72.2; 9.064; 8.50; 0.00000; -0.00024; -0.77254; -0.00144
72.4; 9.087; 8.50; 0.00000; -0.00024; -0.77283; -0.00143
72.6; 9.111; 8.50; 0.00000; -0.00024; -0.77311; -0.00142
72.8; 9.135; 8.50; 0.00000; -0.00024; -0.77340; -0.00140
73.0; 9.158; 8.50; 0.00000; -0.00024; -0.77367; -0.00139
73.2; 9.182; 8.50; 0.00000; -0.00024; -0.77395; -0.00137
73.4; 9.205; 8.50; 0.00000; -0.00024; -0.77422; -0.00135
73.6; 9.229; 8.50; 0.00000; -0.00024; -0.77448; -0.00132
73.8; 9.252; 8.50; 0.00000; -0.00024; -0.77474; -0.00130
74.0; 9.276; 8.50; 0.00000; -0.00024; -0.77500; -0.00127
74.2; 9.299; 8.50; 0.00000; -0.00024; -0.77525; -0.00124
74.4; 9.323; 8.50; 0.00000; -0.00024; -0.77549; -0.00121
74.6; 9.346; 8.50; 0.00000; -0.00023; -0.77573; -0.00118
74.8; 9.370; 8.50; 0.00000; -0.00023; -0.77596; -0.00114
75.0; 9.393; 8.50; 0.00000; -0.00023; -0.77619; -0.00110
75.2; 9.417; 8.50; 0.00000; -0.00023; -0.77640; -0.00107
75.4; 9.440; 8.50; 0.00000; -0.00023; -0.77661; -0.00102
75.6; 9.464; 8.50; 0.00000; -0.00023; -0.77681; -0.00098
75.8; 9.487; 8.50; 0.00000; -0.00023; -0.77700; -0.00094
76.0; 9.511; 8.50; 0.00000; -0.00023; -0.77718; -0.00089
76.2; 9.534; 8.50; 0.00000; -0.00023; -0.77735; -0.00084
76.4; 9.558; 8.50; 0.00000; -0.00023; -0.77752; -0.00079
76.6; 9.582; 8.50; 0.00000; -0.00023; -0.77767; -0.00073
76.8; 9.605; 8.50; 0.00000; -0.00023; -0.77781; -0.00068
77.0; 9.629; 8.50; 0.00000; -0.00023; -0.77794; -0.00062
77.2; 9.652; 8.50; 0.00000; -0.00023; -0.77805; -0.00056
77.4; 9.676; 8.50; 0.00000; -0.00023; -0.77816; -0.00050
77.6; 9.699; 8.50; 0.00000; -0.00023; -0.77825; -0.00043
77.8; 9.723; 8.50; 0.00000; -0.00023; -0.77833; -0.00037
78.0; 9.746; 8.50; 0.00000; -0.00023; -0.77840; -0.00030
78.2; 9.770; 8.50; 0.00000; -0.00023; -0.77845; -0.00023
78.4; 9.793; 8.50; 0.00000; -0.00022; -0.77849; -0.00016
78.6; 9.817; 8.50; 0.00000; -0.00022; -0.77851; -0.00008
78.8; 9.840; 8.50; 0.00000; -0.00022; -0.77852; -0.00001
79.0; 9.864; 8.50; 0.00000; -0.00022; -0.77851; 0.00007
79.2; 9.887; 8.50; 0.00000; -0.00022; -0.77849; 0.00015
79.4; 9.911; 8.50; 0.00000; -0.00022; -0.77845; 0.00023
79.6; 9.934; 8.50; 0.00000; -0.00022; -0.77839; 0.00032
79.8; 9.958; 8.50; 0.00000; -0.00022; -0.77832; 0.00040
80.0; 9.981; 8.50; 0.00000; -0.00022; -0.77823; 0.00049
80.2; 10.005; 8.50; 0.00000; -0.00021; -0.77812; 0.00058
80.4; 10.028; 8.50; 0.00000; -0.00021; -0.77800; 0.00067
80.6; 10.052; 8.50; 0.00000; -0.00021; -0.77785; 0.00077
80.8; 10.075; 8.50; 0.00000; -0.00021; -0.77769; 0.00087
81.0; 10.099; 8.50; 0.00000; -0.00021; -0.77750; 0.00097
81.2; 10.123; 8.50; 0.00000; -0.00021; -0.77730; 0.00107
81.4; 10.146; 8.50; 0.00000; -0.00021; -0.77708; 0.00117
81.6; 10.170; 8.50; 0.00000; -0.00020; -0.77683; 0.00127
81.8; 10.193; 8.50; 0.00000; -0.00020; -0.77656; 0.00138
82.0; 10.217; 8.50; 0.00000; -0.00020; -0.77628; 0.00149
82.2; 10.240; 8.50; 0.00000; -0.00020; -0.77597; 0.00160
82.4; 10.264; 8.50; 0.00000; -0.00020; -0.77563; 0.00172
82.6; 10.287; 8.50; 0.00000; -0.00020; -0.77528; 0.00183
82.8; 10.311; 8.50; 0.00000; -0.00020; -0.77490; 0.00195
83.0; 10.334; 8.50; 0.00000; -0.00020; -0.77450; 0.00207
83.2; 10.358; 8.50; 0.00000; -0.00020; -0.77407; 0.00219
83.4; 10.381; 8.50; 0.00000; -0.00020; -0.77362; 0.00231
83.6; 10.405; 8.50; 0.00000; -0.00020; -0.77315; 0.00244
83.8; 10.428; 8.50; 0.00000; -0.00020; -0.77265; 0.00257
84.0; 10.452; 8.50; 0.00000; -0.00020; -0.77212; 0.00270
84.2; 10.475; 8.50; 0.00000; -0.00020; -0.77157; 0.00283
84.4; 10.499; 8.50; 0.00000; -0.00020; -0.77099; 0.00296
84.6; 10.522; 8.50; 0.00000; -0.00020; -0.77038; 0.00310
84.8; 10.546; 8.50; 0.00000; -0.00020; -0.76975; 0.00324
85.0; 10.569; 8.50; 0.00000; -0.00020; -0.76908; 0.00338
85.2; 10.593; 8.50; 0.00000; -0.00021; -0.76839; 0.00352
85.4; 10.616; 8.50; 0.00000; -0.00021; -0.76768; 0.00366
85.6; 10.640; 8.50; 0.00000; -0.00021; -0.76693; 0.00381
85.8; 10.663; 8.50; 0.00000; -0.00022; -0.76615; 0.00396
86.0; 10.687; 8.50; 0.00000; -0.00022; -0.76535; 0.00411
86.2; 10.710; 8.50; 0.00000; -0.00023; -0.76451; 0.00426
86.4; 10.734; 8.50; 0.00000; -0.00024; -0.76364; 0.00441
86.6; 10.757; 8.50; 0.00000; -0.00025; -0.76274; 0.00457
86.8; 10.781; 8.50; 0.00000; -0.00026; -0.76182; 0.00472
87.0; 10.805; 8.50; 0.00000; -0.00027; -0.76085; 0.00488
87.2; 10.828; 8.50; 0.00000; -0.00028; -0.75986; 0.00504
87.4; 10.852; 8.50; 0.00001; -0.00029; -0.75884; 0.00521
87.6; 10.875; 8.50; 0.00001; -0.00030; -0.75778; 0.00537
87.8; 10.899; 8.50; 0.00001; -0.00031; -0.75669; 0.00554
88.0; 10.922; 8.50; 0.00001; -0.00032; -0.75556; 0.00570
88.2; 10.946; 8.50; 0.00001; -0.00033; -0.75441; 0.00587
88.4; 10.969; 8.50; 0.00001; -0.00034; -0.75321; 0.00605
88.6; 10.993; 8.50; 0.00001; -0.00034; -0.75199; 0.00622
88.8; 11.016; 8.50; 0.00001; -0.00035; -0.75073; 0.00639
89.0; 11.040; 8.50; 0.00001; -0.00035; -0.74943; 0.00657
89.2; 11.063; 8.50; 0.00001; -0.00034; -0.74810; 0.00675
89.4; 11.087; 8.50; 0.00001; -0.00033; -0.74673; 0.00693
89.6; 11.110; 8.50; 0.00001; -0.00031; -0.74532; 0.00712
89.8; 11.134; 8.50; 0.00001; -0.00029; -0.74388; 0.00731
90.0; 11.157; 8.50; 0.00001; -0.00026; -0.74240; 0.00750
90.2; 11.181; 8.50; 0.00001; -0.00022; -0.74088; 0.00769
90.4; 11.204; 8.50; 0.00000; -0.00016; -0.73932; 0.00788
90.6; 11.228; 8.50; 0.00000; -0.00010; -0.73773; 0.00808
90.8; 11.251; 8.50; 0.00000; -0.00002; -0.73609; 0.00829
91.0; 11.275; 8.50; 0.00000; 0.00007; -0.73441; 0.00849
91.2; 11.298; 8.50; 0.00000; 0.00018; -0.73269; 0.00871
91.4; 11.322; 8.50; -0.00000; 0.00030; -0.73093; 0.00892
91.6; 11.345; 8.50; -0.00000; 0.00044; -0.72913; 0.00915
91.8; 11.369; 8.50; -0.00001; 0.00060; -0.72728; 0.00937
92.0; 11.392; 8.50; -0.00001; 0.00078; -0.72538; 0.00961
92.2; 11.416; 8.50; -0.00001; 0.00096; -0.72344; 0.00985
92.4; 11.439; 8.50; -0.00001; 0.00117; -0.72145; 0.01009
92.6; 11.463; 8.50; -0.00002; 0.00138; -0.71941; 0.01035
92.8; 11.486; 8.50; -0.00002; 0.00161; -0.71732; 0.01061
93.0; 11.510; 8.50; -0.00003; 0.00183; -0.71518; 0.01088
93.2; 11.533; 8.50; -0.00003; 0.00206; -0.71298; 0.01115
93.4; 11.557; 8.50; -0.00003; 0.00229; -0.71073; 0.01144
93.6; 11.580; 8.50; -0.00004; 0.00249; -0.70843; 0.01173
93.8; 11.604; 8.50; -0.00004; 0.00268; -0.70606; 0.01202
94.0; 11.627; 8.50; -0.00005; 0.00283; -0.70364; 0.01233
94.2; 11.651; 8.50; -0.00005; 0.00294; -0.70115; 0.01263
94.4; 11.675; 8.50; -0.00005; 0.00298; -0.69861; 0.01295
94.6; 11.698; 8.50; -0.00005; 0.00296; -0.69600; 0.01326
94.8; 11.722; 8.50; -0.00005; 0.00283; -0.69333; 0.01357
95.0; 11.745; 8.50; -0.00005; 0.00260; -0.69060; 0.01388
95.2; 11.769; 8.50; -0.00005; 0.00224; -0.68780; 0.01419
95.4; 11.792; 8.50; -0.00005; 0.00172; -0.68495; 0.01449
95.6; 11.816; 8.50; -0.00004; 0.00103; -0.68203; 0.01477
95.8; 11.839; 8.50; -0.00003; 0.00014; -0.67906; 0.01504
96.0; 11.863; 8.50; -0.00002; -0.00098; -0.67603; 0.01529
96.2; 11.886; 8.50; -0.00000; -0.00234; -0.67296; 0.01551
96.4; 11.910; 8.50; 0.00002; -0.00396; -0.66984; 0.01569
96.6; 11.933; 8.50; 0.00005; -0.00587; -0.66668; 0.01584
96.8; 11.957; 8.50; 0.00008; -0.00809; -0.66349; 0.01593
97.0; 11.980; 8.50; 0.00011; -0.01062; -0.66029; 0.01598
97.2; 12.004; 8.50; 0.00015; -0.01347; -0.65707; 0.01596
97.4; 12.027; 8.50; 0.00020; -0.01664; -0.65385; 0.01587
97.6; 12.051; 8.50; 0.00025; -0.02012; -0.65065; 0.01570
97.8; 12.074; 8.50; 0.00031; -0.02389; -0.64748; 0.01545
98.0; 12.098; 8.50; 0.00038; -0.02792; -0.64436; 0.01511
98.2; 12.121; 8.50; 0.00045; -0.03215; -0.64130; 0.01468
98.4; 12.145; 8.50; 0.00052; -0.03653; -0.63832; 0.01414
98.6; 12.168; 8.50; 0.00060; -0.04095; -0.63545; 0.01351
98.8; 12.192; 8.50; 0.00068; -0.04533; -0.63269; 0.01277
99.0; 12.215; 8.50; 0.00076; -0.04952; -0.63008; 0.01194
99.2; 12.239; 8.50; 0.00084; -0.05336; -0.62763; 0.01101
99.4; 12.262; 8.50; 0.00092; -0.05667; -0.62535; 0.01000
99.6; 12.286; 8.50; 0.00099; -0.05923; -0.62327; 0.00893
99.8; 12.309; 8.50; 0.00105; -0.06078; -0.62139; 0.00781
100.0; 12.333; 8.50; 0.00109; -0.06104; -0.61973; 0.00666
100.2; 12.356; 8.50; 0.00112; -0.05970; -0.61830; 0.00540
100.4; 12.380; 8.50; 0.00112; -0.05639; -0.61714; 0.00394
100.6; 12.403; 8.50; 0.00109; -0.05074; -0.61629; 0.00222
100.8; 12.427; 8.50; 0.00103; -0.04233; -0.61582; 0.00026
101.0; 12.451; 8.50; 0.00092; -0.03074; -0.61579; -0.00187
101.2; 12.474; 8.50; 0.00076; -0.01551; -0.61621; -0.00407
101.4; 12.498; 8.50; 0.00054; 0.00378; -0.61711; -0.00627
101.6; 12.522; 8.50; 0.00025; 0.02760; -0.61850; -0.00834
101.8; 12.545; 8.50; -0.00012; 0.05634; -0.62036; -0.01019
102.0; 12.569; 8.50; -0.00057; 0.09039; -0.62264; -0.01169
102.2; 12.593; 8.50; -0.00111; 0.13010; -0.62527; -0.01269
102.4; 12.617; 8.50; -0.00175; 0.17572; -0.62817; -0.01307
102.6; 12.641; 8.50; -0.00251; 0.22745; -0.63122; -0.01267
102.8; 12.665; 8.50; -0.00339; 0.28532; -0.63426; -0.01134
103.0; 12.689; 8.50; -0.00442; 0.34915; -0.63713; -0.00895
103.2; 12.713; 8.50; -0.00559; 0.41853; -0.63961; -0.00533
103.4; 12.737; 8.50; -0.00694; 0.49294; -0.64148; -0.00038
103.6; 12.761; 8.50; -0.00850; 0.57375; -0.64248; 0.00606
103.8; 12.785; 8.50; -0.01031; 0.65946; -0.64235; 0.01412
104.0; 12.809; 8.50; -0.01240; 0.74089; -0.64081; 0.02379
104.2; 12.833; 8.50; -0.01475; 0.81683; -0.63758; 0.03496
104.4; 12.857; 8.50; -0.01732; 0.88552; -0.63243; 0.04748
104.6; 12.881; 8.50; -0.02007; 0.94516; -0.62512; 0.06116
104.8; 12.905; 8.50; -0.02296; 0.99453; -0.61548; 0.07578
105.0; 12.930; 8.50; -0.02592; 1.03329; -0.60334; 0.09110
105.2; 12.954; 8.50; -0.02889; 1.06192; -0.58860; 0.10688
105.4; 12.978; 8.50; -0.03179; 1.08149; -0.57116; 0.12291
105.6; 13.002; 8.50; -0.03456; 1.09332; -0.55098; 0.13899
105.8; 13.027; 8.50; -0.03713; 1.09872; -0.52803; 0.15496
106.0; 13.051; 8.50; -0.03947; 1.10032; -0.50228; 0.17072
106.2; 13.076; 8.50; -0.04157; 1.09959; -0.47376; 0.18621
106.4; 13.100; 8.50; -0.04344; 1.09717; -0.44246; 0.20137
106.6; 13.124; 8.50; -0.04511; 1.09471; -0.40841; 0.21615
106.8; 13.149; 8.50; -0.04666; 1.09632; -0.37167; 0.23050
107.0; 13.174; 8.49; -0.04819; 1.09854; -0.33232; 0.24436
107.2; 13.198; 8.49; -0.04969; 1.09787; -0.29048; 0.25761
107.4; 13.223; 8.48; -0.05108; 1.09073; -0.24628; 0.27007
107.6; 13.247; 8.47; -0.05220; 1.07288; -0.19991; 0.28149
107.8; 13.272; 8.47; -0.05276; 1.03819; -0.15156; 0.29145
108.0; 13.296; 8.46; -0.05234; 0.97703; -0.10146; 0.29936
108.2; 13.321; 8.46; -0.05026; 0.87456; -0.04992; 0.30431
108.4; 13.346; 8.38; -0.04990; 0.97257; 0.00263; 0.30843
108.6; 13.370; 8.29; -0.05116; 0.99883; 0.05572; 0.31299
108.8; 13.395; 8.21; -0.05257; 1.00284; 0.10913; 0.31688
109.0; 13.420; 8.12; -0.05373; 1.00187; 0.16263; 0.31971
109.2; 13.445; 8.04; -0.05455; 1.00120; 0.21600; 0.32135
109.4; 13.471; 7.95; -0.05506; 1.00238; 0.26902; 0.32170
109.6; 13.496; 7.87; -0.05532; 1.00579; 0.32142; 0.32071
109.8; 13.521; 7.79; -0.05539; 1.01144; 0.37292; 0.31832
110.0; 13.546; 7.70; -0.05531; 1.01919; 0.42325; 0.31449
110.2; 13.571; 7.62; -0.05514; 1.02886; 0.47210; 0.30915
110.4; 13.596; 7.54; -0.05491; 1.04032; 0.51917; 0.30224
110.6; 13.621; 7.46; -0.05466; 1.05347; 0.56417; 0.29374
110.8; 13.646; 7.38; -0.05441; 1.06835; 0.60681; 0.28360
111.0; 13.670; 7.30; -0.05421; 1.08513; 0.64683; 0.27183
111.2; 13.695; 7.23; -0.05408; 1.10417; 0.68398; 0.25846
111.4; 13.719; 7.15; -0.05407; 1.12606; 0.71805; 0.24357
111.6; 13.743; 7.08; -0.05420; 1.15164; 0.74887; 0.22729
111.8; 13.767; 7.01; -0.05457; 1.18214; 0.77631; 0.20985
112.0; 13.790; 6.94; -0.05524; 1.21925; 0.80029; 0.19154
112.2; 13.814; 6.88; -0.05637; 1.26618; 0.82077; 0.17276
112.4; 13.837; 6.81; -0.05830; 1.33421; 0.83775; 0.15415
112.6; 13.861; 6.80; -0.05894; 1.28454; 0.85135; 0.13476
112.8; 13.884; 6.78; -0.05848; 1.26927; 0.86168; 0.11407
113.0; 13.907; 6.76; -0.05765; 1.26576; 0.86882; 0.09325
113.2; 13.930; 6.75; -0.05668; 1.26614; 0.87292; 0.07366
113.4; 13.954; 6.73; -0.05564; 1.26773; 0.87431; 0.05656
113.6; 13.978; 6.72; -0.05453; 1.26976; 0.87337; 0.04249
113.8; 14.002; 6.70; -0.05337; 1.27212; 0.87055; 0.03141
114.0; 14.027; 6.69; -0.05216; 1.27484; 0.86630; 0.02308
114.2; 14.052; 6.67; -0.05091; 1.27789; 0.86102; 0.01728
114.4; 14.077; 6.66; -0.04963; 1.28121; 0.85512; 0.01376
114.6; 14.103; 6.65; -0.04835; 1.28484; 0.84895; 0.01228
114.8; 14.129; 6.63; -0.04707; 1.28890; 0.84287; 0.01263
115.0; 14.155; 6.62; -0.04582; 1.29344; 0.83716; 0.01459
115.2; 14.181; 6.61; -0.04463; 1.29772; 0.83210; 0.01795
115.4; 14.208; 6.60; -0.04348; 1.30081; 0.82791; 0.02247
115.6; 14.235; 6.59; -0.04237; 1.30280; 0.82479; 0.02793
115.8; 14.261; 6.59; -0.04127; 1.30391; 0.82288; 0.03412
116.0; 14.288; 6.58; -0.04018; 1.30434; 0.82230; 0.04083
116.2; 14.315; 6.57; -0.03909; 1.30419; 0.82314; 0.04787
116.4; 14.342; 6.57; -0.03801; 1.30354; 0.82542; 0.05503
116.6; 14.369; 6.57; -0.03692; 1.30242; 0.82916; 0.06214
116.8; 14.396; 6.56; -0.03584; 1.30085; 0.83433; 0.06899
117.0; 14.423; 6.56; -0.03477; 1.29867; 0.84084; 0.07541
117.2; 14.449; 6.56; -0.03371; 1.29574; 0.84859; 0.08118
117.4; 14.476; 6.57; -0.03266; 1.29205; 0.85743; 0.08609
117.6; 14.503; 6.57; -0.03163; 1.28766; 0.86717; 0.08993
117.8; 14.529; 6.58; -0.03060; 1.28258; 0.87758; 0.09247
118.0; 14.555; 6.58; -0.02959; 1.27686; 0.88840; 0.09349
118.2; 14.581; 6.59; -0.02859; 1.27054; 0.89932; 0.09274
118.4; 14.606; 6.60; -0.02762; 1.26371; 0.91000; 0.08999
118.6; 14.632; 6.61; -0.02669; 1.25646; 0.92008; 0.08497
118.8; 14.657; 6.62; -0.02579; 1.24892; 0.92916; 0.07745
119.0; 14.681; 6.63; -0.02494; 1.24120; 0.93681; 0.06718
119.2; 14.705; 6.65; -0.02414; 1.23339; 0.94261; 0.05393
119.4; 14.729; 6.67; -0.02340; 1.22549; 0.94611; 0.03763
119.6; 14.752; 6.68; -0.02271; 1.21739; 0.94695; 0.01883
119.8; 14.775; 6.70; -0.02208; 1.20887; 0.94485; -0.00122
120.0; 14.798; 6.72; -0.02149; 1.19966; 0.93973; -0.02128
120.2; 14.821; 6.74; -0.02093; 1.18950; 0.93157; -0.04067
120.4; 14.845; 6.76; -0.02039; 1.17810; 0.92043; -0.05901
120.6; 14.868; 6.79; -0.01987; 1.16508; 0.90642; -0.07603
120.8; 14.892; 6.81; -0.01933; 1.15002; 0.88966; -0.09152
121.0; 14.916; 6.84; -0.01877; 1.13246; 0.87032; -0.10536
121.2; 14.941; 6.87; -0.01816; 1.11197; 0.84861; -0.11747
121.4; 14.965; 6.90; -0.01750; 1.08814; 0.82473; -0.12787
121.6; 14.990; 6.94; -0.01676; 1.06088; 0.79895; -0.13663
121.8; 15.016; 6.98; -0.01596; 1.03064; 0.77151; -0.14385
122.0; 15.041; 7.02; -0.01510; 0.99812; 0.74266; -0.14966
122.2; 15.067; 7.07; -0.01421; 0.96412; 0.71263; -0.15418
122.4; 15.093; 7.12; -0.01334; 0.92945; 0.68166; -0.15754
122.6; 15.119; 7.18; -0.01253; 0.89481; 0.64996; -0.15986
122.8; 15.145; 7.24; -0.01179; 0.86075; 0.61772; -0.16124
123.0; 15.171; 7.31; -0.01114; 0.82775; 0.58511; -0.16177
123.2; 15.197; 7.38; -0.01059; 0.79620; 0.55231; -0.16151
123.4; 15.223; 7.45; -0.01014; 0.76657; 0.51946; -0.16052
123.6; 15.248; 7.53; -0.00979; 0.73943; 0.48671; -0.15883
123.8; 15.274; 7.60; -0.00951; 0.71550; 0.45422; -0.15645
124.0; 15.300; 7.68; -0.00933; 0.69569; 0.42213; -0.15336
124.2; 15.325; 7.76; -0.00923; 0.68110; 0.39059; -0.14950
124.4; 15.351; 7.84; -0.00923; 0.67298; 0.35978; -0.14478
124.6; 15.376; 7.92; -0.00935; 0.67268; 0.32988; -0.13907
124.8; 15.401; 8.00; -0.00962; 0.68154; 0.30110; -0.13219
125.0; 15.426; 8.07; -0.01006; 0.70063; 0.27368; -0.12394
125.2; 15.450; 8.14; -0.01073; 0.73043; 0.24789; -0.11411
125.4; 15.475; 8.21; -0.01167; 0.77040; 0.22405; -0.10252
125.6; 15.499; 8.27; -0.01293; 0.81865; 0.20246; -0.08922
125.8; 15.523; 8.33; -0.01454; 0.87186; 0.18338; -0.07445
126.0; 15.547; 8.37; -0.01651; 0.92568; 0.16702; -0.05842
126.2; 15.571; 8.41; -0.01882; 0.97558; 0.15354; -0.04126
126.4; 15.595; 8.45; -0.02140; 1.01764; 0.14310; -0.02309
126.6; 15.618; 8.48; -0.02416; 1.04913; 0.13584; -0.00413
126.8; 15.642; 8.50; -0.02697; 1.06866; 0.13185; 0.01539
127.0; 15.665; 8.50; -0.03033; 1.12396; 0.13123; 0.03584
127.2; 15.688; 8.50; -0.03402; 1.14434; 0.13408; 0.05719
127.4; 15.712; 8.50; -0.03754; 1.14610; 0.14049; 0.07887
127.6; 15.735; 8.50; -0.04064; 1.13605; 0.15057; 0.10054
127.8; 15.759; 8.50; -0.04320; 1.11576; 0.16440; 0.12196
128.0; 15.782; 8.50; -0.04509; 1.08367; 0.18202; 0.14290
128.2; 15.806; 8.50; -0.04612; 1.03605; 0.20347; 0.16305
128.4; 15.830; 8.50; -0.04601; 0.96613; 0.22876; 0.18196
128.6; 15.853; 8.50; -0.04439; 0.86532; 0.25786; 0.19901
128.8; 15.877; 8.50; -0.04082; 0.72419; 0.29068; 0.21336
129.0; 15.901; 8.50; -0.03501; 0.53943; 0.32701; 0.22398
129.2; 15.925; 8.50; -0.02726; 0.32626; 0.36644; 0.22992
129.4; 15.948; 8.50; -0.01888; 0.12143; 0.40825; 0.23090
129.6; 15.972; 8.50; -0.01147; -0.04702; 0.45143; 0.22751
129.8; 15.996; 8.50; -0.00574; -0.18166; 0.49487; 0.22063
130.0; 16.020; 8.50; -0.00147; -0.29667; 0.53759; 0.21094
130.2; 16.044; 8.50; 0.00185; -0.40248; 0.57881; 0.19877
130.4; 16.067; 8.50; 0.00466; -0.50597; 0.61788; 0.18428
130.6; 16.091; 8.50; 0.00728; -0.60786; 0.65430; 0.16754
130.8; 16.115; 8.50; 0.00991; -0.70349; 0.68762; 0.14867
131.0; 16.138; 8.50; 0.01263; -0.79229; 0.71744; 0.12785
131.2; 16.162; 8.50; 0.01550; -0.87281; 0.74345; 0.10525
131.4; 16.185; 8.50; 0.01852; -0.94320; 0.76536; 0.08111
131.6; 16.209; 8.50; 0.02170; -1.00193; 0.78294; 0.05566
131.8; 16.232; 8.50; 0.02498; -1.04819; 0.79600; 0.02922
132.0; 16.255; 8.50; 0.02829; -1.08192; 0.80441; 0.00221
132.2; 16.279; 8.50; 0.03155; -1.10358; 0.80812; -0.02475
132.4; 16.302; 8.50; 0.03467; -1.11376; 0.80715; -0.05110
132.6; 16.326; 8.50; 0.03753; -1.11277; 0.80158; -0.07645
132.8; 16.350; 8.50; 0.04000; -1.10034; 0.79153; -0.10055
133.0; 16.373; 8.50; 0.04192; -1.07555; 0.77713; -0.12312
133.2; 16.397; 8.50; 0.04310; -1.03609; 0.75855; -0.14384
133.4; 16.422; 8.50; 0.04330; -0.97814; 0.73599; -0.16229
133.6; 16.446; 8.50; 0.04221; -0.89687; 0.70970; -0.17793
133.8; 16.470; 8.50; 0.03951; -0.78793; 0.68000; -0.19009
134.0; 16.495; 8.42; 0.03812; -0.84281; 0.64738; -0.20068
134.2; 16.520; 8.31; 0.03854; -0.87792; 0.61235; -0.21125
134.4; 16.546; 8.20; 0.03917; -0.87216; 0.57517; -0.22110
134.6; 16.572; 8.08; 0.03929; -0.85864; 0.53604; -0.22966
134.8; 16.598; 7.97; 0.03885; -0.84690; 0.49513; -0.23685
135.0; 16.625; 7.85; 0.03794; -0.84042; 0.45265; -0.24269
135.2; 16.652; 7.72; 0.03671; -0.84117; 0.40880; -0.24730
135.4; 16.680; 7.60; 0.03534; -0.85047; 0.36383; -0.25086
135.6; 16.708; 7.47; 0.03400; -0.86907; 0.31796; -0.25357
135.8; 16.737; 7.33; 0.03281; -0.89699; 0.27140; -0.25566
136.0; 16.766; 7.20; 0.03190; -0.93354; 0.22436; -0.25737
136.2; 16.796; 7.07; 0.03133; -0.97735; 0.17699; -0.25892
136.4; 16.826; 6.94; 0.03113; -1.02665; 0.12944; -0.26051
136.6; 16.856; 6.81; 0.03130; -1.07952; 0.08180; -0.26229
136.8; 16.887; 6.69; 0.03184; -1.13414; 0.03415; -0.26437
137.0; 16.918; 6.57; 0.03272; -1.18892; -0.01348; -0.26684
137.2; 16.949; 6.46; 0.03392; -1.24256; -0.06105; -0.26976
137.4; 16.981; 6.35; 0.03541; -1.29400; -0.10857; -0.27318
137.6; 17.012; 6.25; 0.03717; -1.34227; -0.15605; -0.27714
137.8; 17.045; 6.15; 0.03918; -1.38634; -0.20352; -0.28170
138.0; 17.077; 6.06; 0.04140; -1.42484; -0.25105; -0.28697
138.2; 17.109; 5.97; 0.04377; -1.45597; -0.29873; -0.29299
138.4; 17.142; 5.88; 0.04630; -1.48140; -0.34664; -0.29951
138.6; 17.174; 5.78; 0.04912; -1.50608; -0.39472; -0.30613
138.8; 17.207; 5.69; 0.05229; -1.53305; -0.44282; -0.31248
139.0; 17.240; 5.58; 0.05597; -1.57074; -0.49069; -0.31837
139.2; 17.273; 5.50; 0.05873; -1.57078; -0.53809; -0.32279
139.4; 17.306; 5.44; 0.05978; -1.57078; -0.58477; -0.32458
139.6; 17.338; 5.40; 0.05925; -1.57078; -0.63036; -0.32298
139.8; 17.369; 5.38; 0.05749; -1.57078; -0.67434; -0.31724
140.0; 17.400; 5.37; 0.05500; -1.57078; -0.71603; -0.30671
140.2; 17.429; 5.35; 0.05237; -1.57078; -0.75465; -0.29092
140.4; 17.458; 5.34; 0.04970; -1.57078; -0.78945; -0.26958
140.6; 17.485; 5.33; 0.04702; -1.57078; -0.81977; -0.24262
140.8; 17.512; 5.31; 0.04435; -1.57078; -0.84513; -0.21021
141.0; 17.537; 5.30; 0.04169; -1.57078; -0.86521; -0.17288
141.2; 17.562; 5.28; 0.03904; -1.57078; -0.87986; -0.13157
141.4; 17.586; 5.27; 0.03634; -1.57078; -0.88914; -0.08848
141.6; 17.611; 5.25; 0.03344; -1.57078; -0.89337; -0.04762
141.8; 17.636; 5.24; 0.03030; -1.57078; -0.89307; -0.01291
142.0; 17.663; 5.23; 0.02693; -1.57078; -0.88892; 0.01413
142.2; 17.690; 5.23; 0.02339; -1.57078; -0.88175; 0.03388
142.4; 17.719; 5.22; 0.01982; -1.57078; -0.87243; 0.04726
142.6; 17.748; 5.22; 0.01639; -1.57078; -0.86175; 0.05526
142.8; 17.778; 5.23; 0.01326; -1.57078; -0.85045; 0.05886
143.0; 17.809; 5.24; 0.01058; -1.57078; -0.83911; 0.05901
143.2; 17.840; 5.25; 0.00845; -1.57078; -0.82821; 0.05660
143.4; 17.871; 5.27; 0.00688; -1.57078; -0.81804; 0.05248
143.6; 17.902; 5.29; 0.00583; -1.57078; -0.80878; 0.04745
143.8; 17.933; 5.31; 0.00524; -1.57077; -0.80047; 0.04230
144.0; 17.964; 5.33; 0.00501; -1.57076; -0.79304; 0.03781
144.2; 17.995; 5.35; 0.00506; -1.57075; -0.78628; 0.03477
144.4; 18.025; 5.37; 0.00531; -1.57073; -0.77986; 0.03374
144.6; 18.056; 5.40; 0.00570; -1.56680; -0.77343; 0.03463
144.8; 18.086; 5.42; 0.00610; -1.55121; -0.76667; 0.03690
145.0; 18.116; 5.44; 0.00630; -1.52468; -0.75940; 0.04011
145.2; 18.145; 5.46; 0.00616; -1.48894; -0.75152; 0.04400
145.4; 18.175; 5.49; 0.00564; -1.44542; -0.74296; 0.04840
145.6; 18.205; 5.53; 0.00481; -1.39561; -0.73369; 0.05316
145.8; 18.235; 5.57; 0.00380; -1.34148; -0.72368; 0.05814
146.0; 18.266; 5.62; 0.00276; -1.28526; -0.71291; 0.06319
146.2; 18.296; 5.67; 0.00187; -1.22876; -0.70133; 0.06818
146.4; 18.326; 5.74; 0.00121; -1.17280; -0.68891; 0.07298
146.6; 18.356; 5.81; 0.00082; -1.11734; -0.67563; 0.07749
146.8; 18.386; 5.88; 0.00065; -1.06203; -0.66149; 0.08167
147.0; 18.416; 5.96; 0.00067; -1.00673; -0.64649; 0.08553
147.2; 18.446; 6.05; 0.00080; -0.95160; -0.63065; 0.08908
147.4; 18.476; 6.14; 0.00100; -0.89708; -0.61400; 0.09235
147.6; 18.506; 6.23; 0.00125; -0.84373; -0.59657; 0.09538
147.8; 18.535; 6.33; 0.00151; -0.79212; -0.57839; 0.09819
148.0; 18.564; 6.43; 0.00178; -0.74279; -0.55950; 0.10078
148.2; 18.594; 6.54; 0.00204; -0.69621; -0.53995; 0.10316
148.4; 18.622; 6.65; 0.00228; -0.65278; -0.51978; 0.10530
148.6; 18.651; 6.75; 0.00251; -0.61287; -0.49905; 0.10717
148.8; 18.679; 6.87; 0.00272; -0.57680; -0.47781; 0.10874
149.0; 18.707; 6.98; 0.00292; -0.54490; -0.45615; 0.10994
149.2; 18.735; 7.09; 0.00310; -0.51750; -0.43414; 0.11070
149.4; 18.762; 7.20; 0.00328; -0.49500; -0.41190; 0.11095
149.6; 18.789; 7.32; 0.00346; -0.47781; -0.38954; 0.11059
149.8; 18.816; 7.43; 0.00365; -0.46645; -0.36720; 0.10951
150.0; 18.842; 7.54; 0.00387; -0.46147; -0.34504; 0.10756
150.2; 18.868; 7.65; 0.00413; -0.46351; -0.32326; 0.10463
150.4; 18.894; 7.76; 0.00445; -0.47314; -0.30204; 0.10068
150.6; 18.919; 7.86; 0.00486; -0.49083; -0.28160; 0.09587
150.8; 18.945; 7.96; 0.00538; -0.51673; -0.26208; 0.09032
151.0; 18.969; 8.05; 0.00604; -0.55045; -0.24362; 0.08400
151.2; 18.994; 8.14; 0.00686; -0.59079; -0.22634; 0.07675
151.4; 19.018; 8.23; 0.00787; -0.63549; -0.21042; 0.06846
151.6; 19.043; 8.30; 0.00906; -0.68115; -0.19604; 0.05907
151.8; 19.066; 8.37; 0.01041; -0.72349; -0.18337; 0.04862
152.0; 19.090; 8.44; 0.01187; -0.75793; -0.17259; 0.03725
152.2; 19.114; 8.50; 0.01335; -0.78056; -0.16386; 0.02520
152.4; 19.137; 8.50; 0.01586; -0.88240; -0.15728; 0.01145
152.6; 19.160; 8.50; 0.01884; -0.91525; -0.15305; -0.00391
152.8; 19.184; 8.50; 0.02140; -0.91750; -0.15139; -0.01982
153.0; 19.207; 8.50; 0.02329; -0.90054; -0.15245; -0.03572
153.2; 19.231; 8.50; 0.02442; -0.86723; -0.15635; -0.05123
153.4; 19.254; 8.50; 0.02473; -0.82099; -0.16313; -0.06601
153.6; 19.278; 8.50; 0.02424; -0.76455; -0.17278; -0.07979
153.8; 19.301; 8.50; 0.02301; -0.69929; -0.18524; -0.09236
154.0; 19.325; 8.50; 0.02116; -0.62790; -0.20039; -0.10355
154.2; 19.348; 8.50; 0.01889; -0.55424; -0.21804; -0.11324
154.4; 19.372; 8.50; 0.01643; -0.48243; -0.23797; -0.12144
154.6; 19.395; 8.50; 0.01400; -0.41577; -0.25990; -0.12824
154.8; 19.419; 8.50; 0.01175; -0.35599; -0.28355; -0.13377
155.0; 19.442; 8.50; 0.00979; -0.30336; -0.30862; -0.13821
155.2; 19.466; 8.50; 0.00813; -0.25714; -0.33485; -0.14171
155.4; 19.490; 8.50; 0.00674; -0.21616; -0.36202; -0.14441
155.6; 19.513; 8.50; 0.00558; -0.17907; -0.38993; -0.14642
155.8; 19.537; 8.50; 0.00460; -0.14456; -0.41840; -0.14782
156.0; 19.561; 8.50; 0.00375; -0.11132; -0.44729; -0.14863
156.2; 19.584; 8.50; 0.00299; -0.07811; -0.47645; -0.14889
156.4; 19.608; 8.50; 0.00228; -0.04374; -0.50576; -0.14857
156.6; 19.632; 8.50; 0.00160; -0.00704; -0.53509; -0.14762
156.8; 19.655; 8.50; 0.00091; 0.03308; -0.56431; -0.14598
157.0; 19.679; 8.50; 0.00019; 0.07767; -0.59328; -0.14355
157.2; 19.703; 8.50; -0.00059; 0.12771; -0.62183; -0.14021
157.4; 19.727; 8.50; -0.00145; 0.18409; -0.64977; -0.13581
157.6; 19.750; 8.50; -0.00242; 0.24754; -0.67690; -0.13019
157.8; 19.774; 8.50; -0.00352; 0.31847; -0.70298; -0.12319
158.0; 19.798; 8.50; -0.00479; 0.39687; -0.72774; -0.11463
158.2; 19.821; 8.50; -0.00626; 0.48222; -0.75089; -0.10434
158.4; 19.845; 8.50; -0.00798; 0.57644; -0.77209; -0.09213
158.6; 19.869; 8.50; -0.01000; 0.67730; -0.79102; -0.07783
158.8; 19.893; 8.50; -0.01241; 0.77145; -0.80731; -0.06148
159.0; 19.916; 8.50; -0.01511; 0.85636; -0.82063; -0.04327
159.2; 19.940; 8.50; -0.01806; 0.92746; -0.83071; -0.02347
159.4; 19.964; 8.50; -0.02116; 0.98007; -0.83728; -0.00245
159.6; 19.987; 8.50; -0.02422; 1.01065; -0.84017; 0.01930
159.8; 20.011; 8.50; -0.02703; 1.01636; -0.83924; 0.04127
160.0; 20.035; 8.50; -0.02929; 0.99434; -0.83443; 0.06283
160.2; 20.059; 8.50; -0.03064; 0.94192; -0.82572; 0.08331
160.4; 20.083; 8.43; -0.03308; 1.00694; -0.81323; 0.10400
160.6; 20.107; 8.34; -0.03709; 1.06659; -0.79703; 0.12618
160.8; 20.131; 8.24; -0.04130; 1.07578; -0.77706; 0.14924
161.0; 20.156; 8.15; -0.04496; 1.07100; -0.75313; 0.17253
161.2; 20.181; 8.06; -0.04793; 1.06367; -0.72507; 0.19589
161.4; 20.207; 7.98; -0.05026; 1.05787; -0.69271; 0.21931
161.6; 20.233; 7.89; -0.05207; 1.05538; -0.65589; 0.24289
161.8; 20.259; 7.80; -0.05344; 1.05724; -0.61442; 0.26673
162.0; 20.286; 7.72; -0.05451; 1.06430; -0.56813; 0.29099
162.2; 20.313; 7.63; -0.05540; 1.07761; -0.51681; 0.31585
162.4; 20.341; 7.55; -0.05626; 1.09863; -0.46025; 0.34153
162.6; 20.369; 7.46; -0.05728; 1.12959; -0.39819; 0.36832
162.8; 20.398; 7.38; -0.05871; 1.17420; -0.33034; 0.39631
163.0; 20.427; 7.30; -0.06105; 1.24488; -0.25641; 0.42526
163.2; 20.457; 7.26; -0.06238; 1.21752; -0.17633; 0.45286
163.4; 20.487; 7.24; -0.06219; 1.19251; -0.09041; 0.47685
163.6; 20.518; 7.22; -0.06133; 1.18774; 0.00054; 0.49698
163.8; 20.548; 7.20; -0.06026; 1.18794; 0.09534; 0.51301
164.0; 20.579; 7.18; -0.05909; 1.18916; 0.19248; 0.52430
164.2; 20.609; 7.16; -0.05785; 1.19060; 0.29013; 0.52991
164.4; 20.638; 7.14; -0.05656; 1.19208; 0.38608; 0.52867
164.6; 20.667; 7.12; -0.05523; 1.19339; 0.47783; 0.51918
164.8; 20.694; 7.11; -0.05390; 1.19429; 0.56267; 0.49986
165.0; 20.719; 7.10; -0.05259; 1.19478; 0.63798; 0.46898
165.2; 20.742; 7.08; -0.05134; 1.19516; 0.70151; 0.42489
165.4; 20.763; 7.08; -0.05018; 1.19594; 0.75173; 0.36620
165.6; 20.782; 7.07; -0.04913; 1.19763; 0.78812; 0.29219
165.8; 20.798; 7.06; -0.04821; 1.20049; 0.81117; 0.20318
166.0; 20.813; 7.06; -0.04741; 1.20440; 0.82205; 0.10099
166.2; 20.826; 7.05; -0.04671; 1.20884; 0.82199; -0.01000
166.4; 20.840; 7.05; -0.04606; 1.21334; 0.81114; -0.12107
166.6; 20.855; 7.04; -0.04539; 1.21749; 0.78772; -0.22111
166.8; 20.873; 7.04; -0.04469; 1.22049; 0.74923; -0.30276
167.0; 20.894; 7.03; -0.04393; 1.22157; 0.69461; -0.36474
167.2; 20.918; 7.03; -0.04309; 1.22062; 0.62470; -0.40884
167.4; 20.944; 7.02; -0.04213; 1.21806; 0.54175; -0.43757
167.6; 20.972; 7.02; -0.04105; 1.21442; 0.44883; -0.45351
167.8; 21.002; 7.02; -0.03984; 1.21006; 0.34928; -0.45904
168.0; 21.033; 7.02; -0.03853; 1.20512; 0.24628; -0.45621
168.2; 21.064; 7.02; -0.03713; 1.19960; 0.14262; -0.44673
168.4; 21.096; 7.02; -0.03569; 1.19345; 0.04060; -0.43194
168.6; 21.127; 7.03; -0.03424; 1.18664; -0.05798; -0.41289
168.8; 21.159; 7.04; -0.03280; 1.17911; -0.15173; -0.39037
169.0; 21.190; 7.05; -0.03139; 1.17076; -0.23962; -0.36497
169.2; 21.221; 7.07; -0.03004; 1.16126; -0.32088; -0.33720
169.4; 21.252; 7.08; -0.02873; 1.14989; -0.39513; -0.30795
169.6; 21.282; 7.10; -0.02746; 1.13540; -0.46236; -0.27836
169.8; 21.311; 7.12; -0.02616; 1.11598; -0.52281; -0.24931
170.0; 21.341; 7.15; -0.02478; 1.08941; -0.57678; -0.22121
170.2; 21.370; 7.18; -0.02322; 1.05337; -0.62454; -0.19425
170.4; 21.398; 7.22; -0.02142; 1.00609; -0.66639; -0.16871
170.6; 21.427; 7.26; -0.01934; 0.94725; -0.70265; -0.14488
170.8; 21.455; 7.31; -0.01706; 0.87876; -0.73370; -0.12303
171.0; 21.483; 7.38; -0.01471; 0.80442; -0.75997; -0.10333
171.2; 21.510; 7.45; -0.01250; 0.72834; -0.78194; -0.08582
171.4; 21.537; 7.53; -0.01057; 0.65330; -0.80012; -0.07046
171.6; 21.564; 7.62; -0.00898; 0.58049; -0.81501; -0.05713
171.8; 21.591; 7.72; -0.00770; 0.51061; -0.82709; -0.04571
172.0; 21.617; 7.82; -0.00667; 0.44481; -0.83679; -0.03603
172.2; 21.642; 7.93; -0.00583; 0.38498; -0.84450; -0.02789
172.4; 21.668; 8.04; -0.00513; 0.33336; -0.85053; -0.02104
172.6; 21.692; 8.16; -0.00454; 0.29175; -0.85515; -0.01522
172.8; 21.717; 8.27; -0.00408; 0.26076; -0.85856; -0.01011
173.0; 21.741; 8.39; -0.00373; 0.23810; -0.86091; -0.00546
173.2; 21.765; 8.50; -0.00349; 0.21947; -0.86229; -0.00111
173.4; 21.789; 8.50; -0.00383; 0.24226; -0.86278; 0.00364
173.6; 21.812; 8.50; -0.00421; 0.23020; -0.86236; 0.00868
173.8; 21.836; 8.50; -0.00431; 0.20961; -0.86099; 0.01359
174.0; 21.859; 8.50; -0.00418; 0.18657; -0.85866; 0.01825
174.2; 21.883; 8.50; -0.00390; 0.16307; -0.85538; 0.02264
174.4; 21.906; 8.50; -0.00354; 0.14010; -0.85119; 0.02677
174.6; 21.930; 8.50; -0.00314; 0.11826; -0.84614; 0.03065
174.8; 21.953; 8.50; -0.00273; 0.09791; -0.84025; 0.03431
175.0; 21.976; 8.50; -0.00233; 0.07928; -0.83359; 0.03780
175.2; 22.000; 8.50; -0.00195; 0.06247; -0.82617; 0.04112
175.4; 22.023; 8.50; -0.00159; 0.04752; -0.81804; 0.04424
175.6; 22.047; 8.50; -0.00127; 0.03439; -0.80926; 0.04707
175.8; 22.070; 8.50; -0.00099; 0.02304; -0.79988; 0.04958
176.0; 22.093; 8.50; -0.00073; 0.01337; -0.78998; 0.05177
176.2; 22.117; 8.50; -0.00051; 0.00527; -0.77961; 0.05368
176.4; 22.140; 8.50; -0.00032; -0.00139; -0.76885; 0.05536
176.6; 22.164; 8.50; -0.00016; -0.00673; -0.75773; 0.05682
176.8; 22.187; 8.50; -0.00003; -0.01089; -0.74631; 0.05811
177.0; 22.210; 8.50; 0.00008; -0.01401; -0.73461; 0.05925
177.2; 22.234; 8.50; 0.00016; -0.01622; -0.72268; 0.06026
177.4; 22.257; 8.50; 0.00023; -0.01765; -0.71054; 0.06117
177.6; 22.281; 8.50; 0.00028; -0.01841; -0.69821; 0.06198
177.8; 22.304; 8.50; 0.00031; -0.01863; -0.68571; 0.06272
178.0; 22.328; 8.50; 0.00033; -0.01839; -0.67307; 0.06339
178.2; 22.351; 8.50; 0.00034; -0.01779; -0.66029; 0.06401
178.4; 22.375; 8.50; 0.00034; -0.01692; -0.64739; 0.06458
178.6; 22.398; 8.50; 0.00033; -0.01584; -0.63437; 0.06511
178.8; 22.422; 8.50; 0.00031; -0.01462; -0.62125; 0.06561
179.0; 22.445; 8.50; 0.00030; -0.01332; -0.60803; 0.06608
179.2; 22.469; 8.50; 0.00027; -0.01198; -0.59472; 0.06651
179.4; 22.492; 8.50; 0.00025; -0.01063; -0.58133; 0.06692
179.6; 22.516; 8.50; 0.00023; -0.00931; -0.56787; 0.06729
179.8; 22.540; 8.50; 0.00020; -0.00805; -0.55433; 0.06763
180.0; 22.563; 8.50; 0.00018; -0.00685; -0.54073; 0.06795
180.2; 22.587; 8.50; 0.00016; -0.00573; -0.52707; 0.06823
180.4; 22.610; 8.50; 0.00013; -0.00471; -0.51336; 0.06847
180.6; 22.634; 8.50; 0.00011; -0.00378; -0.49961; 0.06868
180.8; 22.657; 8.50; 0.00009; -0.00296; -0.48583; 0.06885
181.0; 22.681; 8.50; 0.00008; -0.00223; -0.47201; 0.06897
181.2; 22.704; 8.50; 0.00006; -0.00159; -0.45817; 0.06906
181.4; 22.728; 8.50; 0.00005; -0.00105; -0.44433; 0.06910
181.6; 22.752; 8.50; 0.00003; -0.00059; -0.43048; 0.06909
181.8; 22.775; 8.50; 0.00002; -0.00022; -0.41663; 0.06903
182.0; 22.799; 8.50; 0.00001; 0.00009; -0.40281; 0.06893
182.2; 22.822; 8.50; 0.00001; 0.00032; -0.38901; 0.06877
182.4; 22.846; 8.50; 0.00000; 0.00050; -0.37525; 0.06855
182.6; 22.870; 8.50; -0.00000; 0.00063; -0.36154; 0.06828
182.8; 22.893; 8.50; -0.00001; 0.00072; -0.34788; 0.06796
183.0; 22.917; 8.50; -0.00001; 0.00077; -0.33430; 0.06757
183.2; 22.940; 8.50; -0.00001; 0.00078; -0.32080; 0.06713
183.4; 22.964; 8.50; -0.00001; 0.00077; -0.30740; 0.06663
183.6; 22.988; 8.50; -0.00001; 0.00075; -0.29410; 0.06608
183.8; 23.011; 8.50; -0.00001; 0.00071; -0.28091; 0.06546
184.0; 23.035; 8.50; -0.00001; 0.00066; -0.26786; 0.06478
184.2; 23.058; 8.50; -0.00001; 0.00060; -0.25495; 0.06404
184.4; 23.082; 8.50; -0.00001; 0.00055; -0.24219; 0.06324
184.6; 23.106; 8.50; -0.00001; 0.00050; -0.22960; 0.06237
184.8; 23.129; 8.50; -0.00001; 0.00045; -0.21720; 0.06145
185.0; 23.153; 8.50; -0.00001; 0.00041; -0.20498; 0.06046
185.2; 23.176; 8.50; -0.00001; 0.00039; -0.19296; 0.05941
185.4; 23.200; 8.50; -0.00001; 0.00038; -0.18117; 0.05830
185.6; 23.224; 8.50; -0.00001; 0.00038; -0.16960; 0.05713
185.8; 23.247; 8.50; -0.00001; 0.00040; -0.15827; 0.05590
186.0; 23.271; 8.50; -0.00001; 0.00044; -0.14720; 0.05460
186.2; 23.294; 8.50; -0.00001; 0.00050; -0.13640; 0.05324
186.4; 23.318; 8.50; -0.00001; 0.00059; -0.12587; 0.05182
186.6; 23.342; 8.50; -0.00001; 0.00069; -0.11564; 0.05034
186.8; 23.365; 8.50; -0.00001; 0.00081; -0.10571; 0.04879
187.0; 23.389; 8.50; -0.00001; 0.00096; -0.09610; 0.04718
187.2; 23.412; 8.50; -0.00002; 0.00112; -0.08682; 0.04551
187.4; 23.436; 8.50; -0.00002; 0.00130; -0.07788; 0.04378
187.6; 23.459; 8.50; -0.00002; 0.00150; -0.06929; 0.04200
187.8; 23.483; 8.50; -0.00002; 0.00171; -0.06107; 0.04021
188.0; 23.507; 8.50; -0.00003; 0.00192; -0.05319; 0.03854
188.2; 23.530; 8.50; -0.00003; 0.00214; -0.04563; 0.03707
188.4; 23.554; 8.50; -0.00004; 0.00236; -0.03835; 0.03584
188.6; 23.577; 8.50; -0.00004; 0.00256; -0.03128; 0.03486
188.8; 23.601; 8.50; -0.00004; 0.00274; -0.02440; 0.03411
189.0; 23.624; 8.50; -0.00005; 0.00289; -0.01763; 0.03361
189.2; 23.648; 8.50; -0.00005; 0.00299; -0.01095; 0.03335
189.4; 23.671; 8.50; -0.00005; 0.00304; -0.00429; 0.03334
189.6; 23.695; 8.50; -0.00006; 0.00301; 0.00239; 0.03357
189.8; 23.718; 8.50; -0.00006; 0.00289; 0.00913; 0.03404
190.0; 23.742; 8.50; -0.00006; 0.00267; 0.01600; 0.03474
190.2; 23.766; 8.50; -0.00005; 0.00231; 0.02303; 0.03569
190.4; 23.789; 8.50; -0.00005; 0.00180; 0.03028; 0.03686
190.6; 23.813; 8.50; -0.00004; 0.00112; 0.03778; 0.03827
190.8; 23.836; 8.50; -0.00003; 0.00024; 0.04559; 0.03989
191.0; 23.860; 8.50; -0.00002; -0.00085; 0.05376; 0.04173
191.2; 23.883; 8.50; -0.00000; -0.00219; 0.06231; 0.04378
191.4; 23.907; 8.50; 0.00002; -0.00379; 0.07130; 0.04603
191.6; 23.930; 8.50; 0.00004; -0.00568; 0.08077; 0.04848
191.8; 23.954; 8.50; 0.00007; -0.00786; 0.09076; 0.05111
192.0; 23.978; 8.50; 0.00011; -0.01035; 0.10130; 0.05392
192.2; 24.001; 8.50; 0.00015; -0.01316; 0.11244; 0.05689
192.4; 24.025; 8.50; 0.00020; -0.01629; 0.12420; 0.06001
192.6; 24.049; 8.50; 0.00025; -0.01972; 0.13661; 0.06328
192.8; 24.072; 8.50; 0.00031; -0.02343; 0.14972; 0.06669
193.0; 24.096; 8.50; 0.00037; -0.02740; 0.16354; 0.07022
193.2; 24.120; 8.50; 0.00044; -0.03156; 0.17810; 0.07386
193.4; 24.143; 8.50; 0.00051; -0.03586; 0.19344; 0.07761
193.6; 24.167; 8.50; 0.00059; -0.04021; 0.20957; 0.08147
193.8; 24.191; 8.50; 0.00067; -0.04449; 0.22651; 0.08542
194.0; 24.214; 8.50; 0.00075; -0.04858; 0.24429; 0.08945
194.2; 24.238; 8.50; 0.00083; -0.05230; 0.26291; 0.09344
194.4; 24.262; 8.50; 0.00090; -0.05548; 0.28233; 0.09706
194.6; 24.286; 8.50; 0.00097; -0.05787; 0.30242; 0.09994
194.8; 24.310; 8.50; 0.00103; -0.05924; 0.32300; 0.10193
195.0; 24.333; 8.50; 0.00107; -0.05928; 0.34388; 0.10301
195.2; 24.357; 8.50; 0.00109; -0.05768; 0.36487; 0.10325
195.4; 24.381; 8.50; 0.00109; -0.05408; 0.38580; 0.10268
195.6; 24.404; 8.50; 0.00105; -0.04812; 0.40650; 0.10137
195.8; 24.428; 8.50; 0.00098; -0.03939; 0.42683; 0.09939
196.0; 24.452; 8.50; 0.00087; -0.02748; 0.44663; 0.09680
196.2; 24.475; 8.50; 0.00070; -0.01198; 0.46579; 0.09368
196.4; 24.498; 8.50; 0.00048; 0.00754; 0.48419; 0.09012
196.6; 24.522; 8.50; 0.00019; 0.03147; 0.50176; 0.08621
196.8; 24.545; 8.50; -0.00017; 0.06017; 0.51841; 0.08205
197.0; 24.568; 8.50; -0.00062; 0.09397; 0.53409; 0.07774
197.2; 24.591; 8.50; -0.00115; 0.13314; 0.54878; 0.07339
197.4; 24.615; 8.50; -0.00177; 0.17790; 0.56246; 0.06911
197.6; 24.638; 8.50; -0.00251; 0.22835; 0.57514; 0.06499
197.8; 24.660; 8.50; -0.00335; 0.28446; 0.58684; 0.06116
198.0; 24.683; 8.50; -0.00433; 0.34603; 0.59763; 0.05772
198.2; 24.706; 8.50; -0.00544; 0.41263; 0.60755; 0.05475
198.4; 24.729; 8.50; -0.00671; 0.48374; 0.61668; 0.05233
198.6; 24.751; 8.50; -0.00815; 0.56002; 0.62512; 0.05055
198.8; 24.774; 8.50; -0.00980; 0.64186; 0.63296; 0.04950
199.0; 24.796; 8.50; -0.01172; 0.72037; 0.64029; 0.04915
199.2; 24.818; 8.50; -0.01385; 0.79412; 0.64720; 0.04940
199.4; 24.840; 8.50; -0.01618; 0.86169; 0.65375; 0.05009
199.6; 24.863; 8.50; -0.01868; 0.92155; 0.65997; 0.05106
199.8; 24.885; 8.50; -0.02131; 0.97250; 0.66588; 0.05213
200.0; 24.906; 8.50; -0.02403; 1.01395; 0.67146; 0.05310
200.2; 24.928; 8.50; -0.02678; 1.04598; 0.67667; 0.05394
200.4; 24.950; 8.50; -0.02949; 1.06918; 0.68152; 0.05481
200.6; 24.972; 8.50; -0.03212; 1.08442; 0.68605; 0.05592
200.8; 24.994; 8.50; -0.03461; 1.09262; 0.69033; 0.05726
201.0; 25.015; 8.50; -0.03690; 1.09472; 0.69443; 0.05870
201.2; 25.037; 8.50; -0.03895; 1.09260; 0.69839; 0.06012
201.4; 25.059; 8.50; -0.04074; 1.08730; 0.70224; 0.06142
201.6; 25.080; 8.50; -0.04225; 1.07956; 0.70601; 0.06251
201.8; 25.102; 8.50; -0.04348; 1.07016; 0.70970; 0.06334
202.0; 25.124; 8.50; -0.04443; 1.05992; 0.71331; 0.06385
202.2; 25.145; 8.50; -0.04511; 1.04974; 0.71684; 0.06403
202.4; 25.167; 8.50; -0.04555; 1.04051; 0.72026; 0.06386
202.6; 25.188; 8.50; -0.04578; 1.03301; 0.72355; 0.06335
202.8; 25.210; 8.50; -0.04587; 1.02832; 0.72669; 0.06253
203.0; 25.232; 8.50; -0.04586; 1.02620; 0.72965; 0.06144
203.2; 25.253; 8.50; -0.04582; 1.02583; 0.73238; 0.06010
203.4; 25.275; 8.50; -0.04577; 1.02640; 0.73485; 0.05852
203.6; 25.296; 8.50; -0.04575; 1.02732; 0.73702; 0.05671
203.8; 25.317; 8.50; -0.04574; 1.02810; 0.73883; 0.05463
204.0; 25.339; 8.50; -0.04574; 1.02850; 0.74024; 0.05228
204.2; 25.360; 8.50; -0.04575; 1.02865; 0.74119; 0.04962
204.4; 25.382; 8.50; -0.04577; 1.02860; 0.74163; 0.04665
204.6; 25.403; 8.50; -0.04578; 1.02836; 0.74149; 0.04334
204.8; 25.424; 8.50; -0.04578; 1.02802; 0.74073; 0.03969
205.0; 25.446; 8.50; -0.04578; 1.02765; 0.73927; 0.03567
205.2; 25.467; 8.50; -0.04577; 1.02729; 0.73705; 0.03129
205.4; 25.488; 8.50; -0.04576; 1.02705; 0.73402; 0.02654
205.6; 25.509; 8.50; -0.04574; 1.02706; 0.73010; 0.02143
205.8; 25.530; 8.50; -0.04572; 1.02753; 0.72523; 0.01596
206.0; 25.552; 8.50; -0.04572; 1.02852; 0.71935; 0.01014
206.2; 25.573; 8.50; -0.04574; 1.02997; 0.71239; 0.00400
206.4; 25.594; 8.50; -0.04578; 1.03179; 0.70430; -0.00244
206.6; 25.615; 8.50; -0.04586; 1.03266; 0.69501; -0.00907
206.8; 25.637; 8.50; -0.04594; 1.03041; 0.68449; -0.01553
207.0; 25.658; 8.50; -0.04595; 1.02240; 0.67279; -0.02138
207.2; 25.679; 8.50; -0.04578; 1.00557; 0.66005; -0.02639
207.4; 25.701; 8.50; -0.04530; 0.98029; 0.64643; -0.03066
207.6; 25.723; 8.50; -0.04435; 0.94232; 0.63214; -0.03438
207.8; 25.745; 8.50; -0.04273; 0.88890; 0.61733; -0.03785
208.0; 25.767; 8.50; -0.04026; 0.81754; 0.60216; -0.04147
208.2; 25.789; 8.50; -0.03679; 0.72717; 0.58674; -0.04567
208.4; 25.811; 8.50; -0.03229; 0.62034; 0.57110; -0.05088
208.6; 25.833; 8.50; -0.02703; 0.50548; 0.55521; -0.05742
208.8; 25.856; 8.50; -0.02153; 0.39564; 0.53890; -0.06540
209.0; 25.878; 8.50; -0.01642; 0.30208; 0.52189; -0.07459
209.2; 25.901; 8.50; -0.01215; 0.22852; 0.50385; -0.08461
209.4; 25.924; 8.50; -0.00886; 0.17238; 0.48447; -0.09508
209.6; 25.947; 8.50; -0.00643; 0.12928; 0.46350; -0.10568
209.8; 25.970; 8.50; -0.00467; 0.09555; 0.44079; -0.11619
210.0; 25.993; 8.50; -0.00338; 0.06872; 0.41624; -0.12647
210.2; 26.016; 8.50; -0.00244; 0.04719; 0.38982; -0.13640
210.4; 26.039; 8.50; -0.00173; 0.02991; 0.36153; -0.14590
210.6; 26.063; 8.50; -0.00120; 0.01618; 0.33142; -0.15492
210.8; 26.086; 8.50; -0.00079; 0.00548; 0.29955; -0.16339
211.0; 26.110; 8.50; -0.00047; -0.00257; 0.26600; -0.17128
211.2; 26.133; 8.50; -0.00023; -0.00828; 0.23089; -0.17855
211.4; 26.157; 8.50; -0.00005; -0.01192; 0.19432; -0.18516
211.6; 26.181; 8.50; 0.00008; -0.01372; 0.15643; -0.19108
211.8; 26.205; 8.50; 0.00016; -0.01391; 0.11734; -0.19629
212.0; 26.229; 8.50; 0.00021; -0.01267; 0.07722; -0.20075
212.2; 26.253; 8.50; 0.00022; -0.01020; 0.03621; -0.20445
212.4; 26.277; 8.50; 0.00021; -0.00668; -0.00553; -0.20737
212.6; 26.301; 8.50; 0.00017; -0.00230; -0.04781; -0.20948
212.8; 26.325; 8.50; 0.00011; 0.00278; -0.09047; -0.21076
213.0; 26.349; 8.50; 0.00003; 0.00837; -0.13332; -0.21121
213.2; 26.373; 8.50; -0.00006; 0.01431; -0.17617; -0.21083
213.4; 26.397; 8.50; -0.00016; 0.02040; -0.21885; -0.20965
213.6; 26.421; 8.50; -0.00027; 0.02646; -0.26119; -0.20769
213.8; 26.445; 8.50; -0.00038; 0.03228; -0.30301; -0.20497
214.0; 26.469; 8.50; -0.00049; 0.03764; -0.34415; -0.20148
214.2; 26.493; 8.50; -0.00059; 0.04229; -0.38444; -0.19723
214.4; 26.517; 8.50; -0.00069; 0.04600; -0.42372; -0.19223
214.6; 26.540; 8.50; -0.00077; 0.04847; -0.46182; -0.18651
214.8; 26.564; 8.50; -0.00084; 0.04940; -0.49861; -0.18009
215.0; 26.588; 8.50; -0.00088; 0.04848; -0.53393; -0.17300
215.2; 26.611; 8.50; -0.00089; 0.04536; -0.56765; -0.16527
215.4; 26.634; 8.50; -0.00088; 0.03969; -0.59964; -0.15695
215.6; 26.658; 8.50; -0.00082; 0.03109; -0.62981; -0.14810
215.8; 26.681; 8.50; -0.00071; 0.01919; -0.65804; -0.13877
216.0; 26.704; 8.50; -0.00055; 0.00363; -0.68426; -0.12904
216.2; 26.727; 8.50; -0.00033; -0.01597; -0.70839; -0.11897
216.4; 26.749; 8.50; -0.00005; -0.03992; -0.73039; -0.10865
216.6; 26.772; 8.50; 0.00031; -0.06854; -0.75023; -0.09817
216.8; 26.794; 8.50; 0.00074; -0.10207; -0.76788; -0.08763
217.0; 26.817; 8.50; 0.00126; -0.14075; -0.78336; -0.07712
217.2; 26.839; 8.50; 0.00188; -0.18469; -0.79667; -0.06674
217.4; 26.861; 8.50; 0.00259; -0.23396; -0.80787; -0.05662
217.6; 26.883; 8.50; 0.00341; -0.28847; -0.81701; -0.04684
217.8; 26.905; 8.50; 0.00435; -0.34800; -0.82416; -0.03752
218.0; 26.927; 8.50; 0.00542; -0.41213; -0.82941; -0.02876
218.2; 26.949; 8.50; 0.00663; -0.48037; -0.83288; -0.02066
218.4; 26.971; 8.50; 0.00801; -0.55316; -0.83466; -0.01331
218.6; 26.992; 8.50; 0.00957; -0.63126; -0.83489; -0.00683
218.8; 27.014; 8.50; 0.01137; -0.70682; -0.83371; -0.00126
219.0; 27.035; 8.50; 0.01338; -0.77810; -0.83125; 0.00346
219.2; 27.057; 8.50; 0.01558; -0.84388; -0.82761; 0.00740
219.4; 27.078; 8.50; 0.01794; -0.90278; -0.82292; 0.01064
219.6; 27.100; 8.50; 0.02042; -0.95370; -0.81727; 0.01312
219.8; 27.121; 8.50; 0.02301; -0.99603; -0.81078; 0.01451
220.0; 27.142; 8.50; 0.02565; -1.02967; -0.80367; 0.01447
220.2; 27.164; 8.50; 0.02829; -1.05497; -0.79619; 0.01291
220.4; 27.186; 8.50; 0.03087; -1.07260; -0.78861; 0.00996
220.6; 27.207; 8.50; 0.03335; -1.08334; -0.78119; 0.00579
220.8; 27.229; 8.50; 0.03565; -1.08774; -0.77418; 0.00056
221.0; 27.251; 8.50; 0.03774; -1.08634; -0.76778; -0.00556
221.2; 27.273; 8.50; 0.03956; -1.08004; -0.76221; -0.01244
221.4; 27.295; 8.50; 0.04107; -1.06876; -0.75767; -0.01993
221.6; 27.318; 8.50; 0.04221; -1.05176; -0.75431; -0.02790
221.8; 27.340; 8.50; 0.04290; -1.02777; -0.75231; -0.03617
222.0; 27.362; 8.50; 0.04306; -0.99495; -0.75180; -0.04455
222.2; 27.384; 8.50; 0.04254; -0.95081; -0.75290; -0.05276
222.4; 27.407; 8.50; 0.04122; -0.89248; -0.75571; -0.06051
222.6; 27.429; 8.50; 0.03892; -0.81730; -0.76026; -0.06741
222.8; 27.452; 8.50; 0.03557; -0.72424; -0.76657; -0.07304
223.0; 27.474; 8.50; 0.03119; -0.61605; -0.77455; -0.07698
223.2; 27.497; 8.50; 0.02607; -0.50125; -0.78404; -0.07895
223.4; 27.519; 8.50; 0.02075; -0.39252; -0.79474; -0.07891
223.6; 27.542; 8.50; 0.01585; -0.30018; -0.80627; -0.07710
223.8; 27.565; 8.50; 0.01178; -0.22724; -0.81820; -0.07393
224.0; 27.588; 8.50; 0.00864; -0.17108; -0.83013; -0.06978
224.2; 27.610; 8.50; 0.00630; -0.12764; -0.84174; -0.06499
224.4; 27.633; 8.50; 0.00459; -0.09358; -0.85278; -0.05979
224.6; 27.656; 8.50; 0.00334; -0.06667; -0.86309; -0.05436
224.8; 27.679; 8.50; 0.00241; -0.04545; -0.87256; -0.04882
225.0; 27.702; 8.50; 0.00171; -0.02899; -0.88112; -0.04330
225.2; 27.725; 8.50; 0.00119; -0.01667; -0.88875; -0.03789
225.4; 27.748; 8.50; 0.00080; -0.00806; -0.89544; -0.03267
225.6; 27.771; 8.50; 0.00051; -0.00283; -0.90120; -0.02766
225.8; 27.794; 8.50; 0.00030; -0.00072; -0.90606; -0.02280
226.0; 27.817; 8.50; 0.00017; -0.00152; -0.91001; -0.01805
226.2; 27.840; 8.50; 0.00011; -0.00502; -0.91306; -0.01341
226.4; 27.863; 8.50; 0.00010; -0.01103; -0.91523; -0.00893
226.6; 27.886; 8.50; 0.00015; -0.01936; -0.91653; -0.00469
226.8; 27.909; 8.50; 0.00025; -0.02983; -0.91703; -0.00075
227.0; 27.932; 8.50; 0.00039; -0.04223; -0.91676; 0.00284
227.2; 27.955; 8.50; 0.00058; -0.05634; -0.91579; 0.00602
227.4; 27.978; 8.50; 0.00080; -0.07190; -0.91420; 0.00876
227.6; 28.001; 8.50; 0.00105; -0.08864; -0.91208; 0.01100
227.8; 28.024; 8.50; 0.00134; -0.10623; -0.90950; 0.01273
228.0; 28.047; 8.50; 0.00164; -0.12429; -0.90659; 0.01392
228.2; 28.070; 8.50; 0.00197; -0.14238; -0.90343; 0.01456
228.4; 28.094; 8.50; 0.00230; -0.15998; -0.90013; 0.01464
228.6; 28.117; 8.50; 0.00264; -0.17650; -0.89680; 0.01418
228.8; 28.140; 8.50; 0.00297; -0.19124; -0.89354; 0.01321
229.0; 28.163; 8.50; 0.00329; -0.20338; -0.89046; 0.01177
229.2; 28.186; 8.50; 0.00356; -0.21197; -0.88763; 0.00994
229.4; 28.210; 8.50; 0.00380; -0.21592; -0.88515; 0.00780
229.6; 28.233; 8.50; 0.00396; -0.21399; -0.88307; 0.00549
229.8; 28.256; 8.50; 0.00403; -0.20484; -0.88142; 0.00315
230.0; 28.279; 8.50; 0.00398; -0.18706; -0.88021; 0.00098
230.2; 28.303; 8.50; 0.00380; -0.15928; -0.87943; -0.00081
230.4; 28.326; 8.50; 0.00344; -0.12022; -0.87899; -0.00197
230.6; 28.349; 8.50; 0.00290; -0.06888; -0.87877; -0.00221
230.8; 28.373; 8.50; 0.00216; -0.00456; -0.87862; -0.00123
231.0; 28.396; 8.50; 0.00119; 0.07333; -0.87829; 0.00127
231.2; 28.419; 8.50; -0.00000; 0.16532; -0.87750; 0.00564
231.4; 28.443; 8.50; -0.00146; 0.27135; -0.87588; 0.01220
231.6; 28.466; 8.50; -0.00321; 0.39010; -0.87303; 0.02127
231.8; 28.490; 8.50; -0.00530; 0.52211; -0.86848; 0.03314
232.0; 28.513; 8.50; -0.00784; 0.66390; -0.86171; 0.04801
232.2; 28.537; 8.50; -0.01091; 0.79504; -0.85224; 0.06562
232.4; 28.560; 8.50; -0.01446; 0.91007; -0.83965; 0.08539
232.6; 28.584; 8.50; -0.01841; 1.00238; -0.82360; 0.10674
232.8; 28.608; 8.50; -0.02262; 1.06915; -0.80387; 0.12909
233.0; 28.632; 8.50; -0.02689; 1.11148; -0.78032; 0.15189
233.2; 28.656; 8.50; -0.03104; 1.13322; -0.75286; 0.17464
233.4; 28.680; 8.50; -0.03487; 1.13820; -0.72147; 0.19691
233.6; 28.705; 8.50; -0.03824; 1.12992; -0.68617; 0.21832
233.8; 28.729; 8.50; -0.04103; 1.11618; -0.64703; 0.23863
234.0; 28.754; 8.50; -0.04326; 1.09993; -0.60416; 0.25772
234.2; 28.779; 8.50; -0.04494; 1.08379; -0.55768; 0.27549
234.4; 28.804; 8.50; -0.04622; 1.07445; -0.50778; 0.29199
234.6; 28.829; 8.50; -0.04725; 1.07073; -0.45465; 0.30727
234.8; 28.854; 8.49; -0.04816; 1.07028; -0.39853; 0.32136
235.0; 28.879; 8.49; -0.04903; 1.07116; -0.33969; 0.33421
235.2; 28.904; 8.48; -0.04989; 1.07214; -0.27845; 0.34572
235.4; 28.929; 8.48; -0.05072; 1.07257; -0.21516; 0.35576
235.6; 28.954; 8.47; -0.05151; 1.07223; -0.15024; 0.36415
235.8; 28.980; 8.46; -0.05226; 1.07110; -0.08414; 0.37071
236.0; 29.005; 8.45; -0.05293; 1.06933; -0.01737; 0.37525
236.2; 29.029; 8.45; -0.05352; 1.06710; 0.04951; 0.37754
236.4; 29.054; 8.44; -0.05401; 1.06459; 0.11592; 0.37738
236.6; 29.079; 8.43; -0.05441; 1.06196; 0.18120; 0.37454
236.8; 29.103; 8.42; -0.05471; 1.05930; 0.24469; 0.36879
237.0; 29.127; 8.41; -0.05492; 1.05670; 0.30570; 0.35991
237.2; 29.150; 8.40; -0.05503; 1.05420; 0.36357; 0.34771
237.4; 29.173; 8.39; -0.05506; 1.05181; 0.41763; 0.33201
237.6; 29.195; 8.38; -0.05502; 1.04951; 0.46726; 0.31266
237.8; 29.217; 8.37; -0.05490; 1.04729; 0.51192; 0.28962
238.0; 29.238; 8.37; -0.05472; 1.04512; 0.55120; 0.26319
238.2; 29.259; 8.36; -0.05448; 1.04300; 0.58491; 0.23443
238.4; 29.280; 8.35; -0.05418; 1.04091; 0.61316; 0.20470
238.6; 29.300; 8.34; -0.05383; 1.03889; 0.63614; 0.17493
238.8; 29.320; 8.34; -0.05343; 1.03702; 0.65406; 0.14557
239.0; 29.341; 8.33; -0.05298; 1.03549; 0.66713; 0.11689
239.2; 29.361; 8.33; -0.05249; 1.03452; 0.67554; 0.08914
239.4; 29.381; 8.32; -0.05198; 1.03435; 0.67948; 0.06254
239.6; 29.401; 8.31; -0.05146; 1.03502; 0.67916; 0.03729
239.8; 29.421; 8.31; -0.05094; 1.03569; 0.67476; 0.01353
240.0; 29.442; 8.31; -0.05043; 1.03543; 0.66649; -0.00865
240.2; 29.463; 8.30; -0.04990; 1.03425; 0.65455; -0.02919
240.4; 29.484; 8.30; -0.04935; 1.03239; 0.63915; -0.04807
240.6; 29.505; 8.29; -0.04875; 1.03012; 0.62052; -0.06529
240.8; 29.527; 8.29; -0.04811; 1.02762; 0.59888; -0.08085
241.0; 29.548; 8.29; -0.04743; 1.02500; 0.57447; -0.09480
241.2; 29.570; 8.29; -0.04670; 1.02232; 0.54754; -0.10717
241.4; 29.593; 8.29; -0.04594; 1.01963; 0.51833; -0.11803
241.6; 29.615; 8.29; -0.04514; 1.01699; 0.48710; -0.12743
241.8; 29.638; 8.29; -0.04433; 1.01452; 0.45408; -0.13545
242.0; 29.661; 8.29; -0.04350; 1.01242; 0.41952; -0.14216
242.2; 29.684; 8.30; -0.04268; 1.01098; 0.38366; -0.14764
242.4; 29.707; 8.30; -0.04189; 1.01062; 0.34673; -0.15194
242.6; 29.731; 8.31; -0.04116; 1.01185; 0.30895; -0.15512
242.8; 29.754; 8.31; -0.04053; 1.01527; 0.27052; -0.15720
243.0; 29.778; 8.32; -0.04005; 1.02141; 0.23166; -0.15822
243.2; 29.802; 8.32; -0.03977; 1.03070; 0.19254; -0.15818
243.4; 29.826; 8.33; -0.03974; 1.04331; 0.15335; -0.15708
243.6; 29.850; 8.33; -0.04002; 1.05904; 0.11427; -0.15490
243.8; 29.874; 8.34; -0.04064; 1.07725; 0.07547; -0.15164
244.0; 29.898; 8.34; -0.04164; 1.09682; 0.03710; -0.14732
244.2; 29.923; 8.34; -0.04302; 1.11613; -0.00067; -0.14198
244.4; 29.947; 8.34; -0.04475; 1.13303; -0.03771; -0.13560
244.6; 29.972; 8.34; -0.04675; 1.14455; -0.07382; -0.12791
244.8; 29.996; 8.33; -0.04890; 1.14637; -0.10869; -0.11844
245.0; 30.021; 8.32; -0.05092; 1.13165; -0.14190; -0.10710
245.2; 30.045; 8.32; -0.05239; 1.08891; -0.17301; -0.09436
245.4; 30.070; 8.31; -0.05254; 0.99819; -0.20162; -0.08124
245.6; 30.095; 8.31; -0.05013; 0.82528; -0.22740; -0.06940
245.8; 30.119; 8.33; -0.04326; 0.52054; -0.25017; -0.06157
246.0; 30.143; 8.39; -0.03064; 0.07552; -0.27004; -0.06137
246.2; 30.167; 8.50; -0.01615; -0.31072; -0.28787; -0.06980
246.4; 30.191; 8.50; -0.00598; -0.52283; -0.30539; -0.08294
246.6; 30.215; 8.50; 0.00145; -0.72361; -0.32407; -0.09904
246.8; 30.238; 8.50; 0.00771; -0.88732; -0.34481; -0.11737
247.0; 30.262; 8.50; 0.01352; -1.00947; -0.36808; -0.13692
247.2; 30.285; 8.50; 0.01909; -1.09153; -0.39408; -0.15670
247.4; 30.309; 8.49; 0.02464; -1.15583; -0.42277; -0.17597
247.6; 30.332; 8.48; 0.03025; -1.20406; -0.45393; -0.19426
247.8; 30.355; 8.49; 0.03489; -1.16743; -0.48729; -0.21019
248.0; 30.378; 8.49; 0.03839; -1.14312; -0.52241; -0.22283
248.2; 30.401; 8.50; 0.04112; -1.12020; -0.55874; -0.23215
248.4; 30.424; 8.50; 0.04319; -1.09678; -0.59568; -0.23795
248.6; 30.446; 8.50; 0.04465; -1.07398; -0.63256; -0.24002
248.8; 30.468; 8.50; 0.04556; -1.05315; -0.66867; -0.23816
249.0; 30.490; 8.50; 0.04602; -1.03689; -0.70332; -0.23220
249.2; 30.511; 8.50; 0.04615; -1.02721; -0.73577; -0.22203
249.4; 30.532; 8.50; 0.04610; -1.02269; -0.76534; -0.20758
249.6; 30.552; 8.50; 0.04598; -1.02145; -0.79136; -0.18875
249.8; 30.572; 8.50; 0.04585; -1.02201; -0.81324; -0.16549
250.0; 30.591; 8.50; 0.04575; -1.02343; -0.83044; -0.13782
250.2; 30.609; 8.50; 0.04567; -1.02523; -0.84251; -0.10588
250.4; 30.627; 8.50; 0.04563; -1.02719; -0.84910; -0.07029
250.6; 30.645; 8.50; 0.04562; -1.02915; -0.85001; -0.03274
250.8; 30.663; 8.50; 0.04565; -1.03059; -0.84518; 0.00441
251.0; 30.682; 8.50; 0.04570; -1.03105; -0.83466; 0.03947
251.2; 30.700; 8.50; 0.04575; -1.03068; -0.81860; 0.07177
251.4; 30.719; 8.50; 0.04580; -1.02982; -0.79722; 0.10110
251.6; 30.739; 8.50; 0.04583; -1.02881; -0.77075; 0.12734
251.8; 30.759; 8.50; 0.04583; -1.02791; -0.73949; 0.15043
252.0; 30.779; 8.50; 0.04583; -1.02727; -0.70379; 0.17040
252.2; 30.800; 8.50; 0.04581; -1.02695; -0.66404; 0.18732
252.4; 30.822; 8.50; 0.04578; -1.02692; -0.62069; 0.20128
252.6; 30.843; 8.50; 0.04576; -1.02711; -0.57420; 0.21243
252.8; 30.866; 8.50; 0.04574; -1.02744; -0.52507; 0.22092
253.0; 30.888; 8.50; 0.04573; -1.02779; -0.47379; 0.22692
253.2; 30.911; 8.50; 0.04573; -1.02810; -0.42087; 0.23062
253.4; 30.934; 8.50; 0.04573; -1.02830; -0.36680; 0.23218
253.6; 30.958; 8.50; 0.04574; -1.02838; -0.31205; 0.23179
253.8; 30.982; 8.50; 0.04575; -1.02836; -0.25707; 0.22961
254.0; 31.006; 8.50; 0.04576; -1.02827; -0.20229; 0.22580
254.2; 31.030; 8.50; 0.04576; -1.02819; -0.14808; 0.22050
254.4; 31.054; 8.50; 0.04577; -1.02814; -0.09482; 0.21384
254.6; 31.078; 8.50; 0.04577; -1.02812; -0.04282; 0.20596
254.8; 31.102; 8.50; 0.04577; -1.02810; 0.00760; 0.19696
255.0; 31.126; 8.50; 0.04577; -1.02801; 0.05619; 0.18693
255.2; 31.151; 8.50; 0.04577; -1.02778; 0.10271; 0.17598
255.4; 31.175; 8.50; 0.04577; -1.02744; 0.14694; 0.16419
255.6; 31.199; 8.50; 0.04575; -1.02718; 0.18869; 0.15163
255.8; 31.223; 8.50; 0.04574; -1.02728; 0.22778; 0.13835
256.0; 31.248; 8.50; 0.04573; -1.02803; 0.26408; 0.12441
256.2; 31.272; 8.50; 0.04574; -1.02946; 0.29742; 0.10983
256.4; 31.296; 8.50; 0.04578; -1.03173; 0.32770; 0.09464
256.6; 31.320; 8.50; 0.04587; -1.03335; 0.35480; 0.07886
256.8; 31.344; 8.50; 0.04597; -1.03128; 0.37861; 0.06259
257.0; 31.368; 8.50; 0.04599; -1.02173; 0.39905; 0.04596
257.2; 31.392; 8.50; 0.04574; -1.00048; 0.41605; 0.02921
257.4; 31.416; 8.50; 0.04506; -0.96806; 0.42953; 0.01256
257.6; 31.440; 8.50; 0.04373; -0.91855; 0.43944; -0.00369
257.8; 31.464; 8.50; 0.04149; -0.84855; 0.44576; -0.01916
258.0; 31.488; 8.50; 0.03812; -0.75567; 0.44850; -0.03336
258.2; 31.511; 8.50; 0.03353; -0.64129; 0.44774; -0.04580
258.4; 31.535; 8.50; 0.02795; -0.51401; 0.44365; -0.05611
258.6; 31.559; 8.50; 0.02197; -0.38959; 0.43654; -0.06418
258.8; 31.582; 8.50; 0.01639; -0.28278; 0.42684; -0.07033
259.0; 31.606; 8.50; 0.01177; -0.19859; 0.41506; -0.07507
259.2; 31.630; 8.50; 0.00825; -0.13367; 0.40162; -0.07892
259.4; 31.653; 8.50; 0.00567; -0.08253; 0.38687; -0.08231
259.6; 31.677; 8.50; 0.00380; -0.04092; 0.37105; -0.08551
259.8; 31.700; 8.50; 0.00241; -0.00613; 0.35429; -0.08871
260.0; 31.724; 8.50; 0.00136; 0.02344; 0.33666; -0.09205
260.2; 31.747; 8.50; 0.00053; 0.04874; 0.31817; -0.09563
260.4; 31.770; 8.50; -0.00014; 0.07029; 0.29880; -0.09953
260.6; 31.794; 8.50; -0.00068; 0.08837; 0.27850; -0.10381
260.8; 31.817; 8.50; -0.00114; 0.10306; 0.25721; -0.10852
261.0; 31.841; 8.50; -0.00151; 0.11431; 0.23485; -0.11371
261.2; 31.864; 8.50; -0.00181; 0.12199; 0.21133; -0.11942
261.4; 31.888; 8.50; -0.00204; 0.12584; 0.18654; -0.12570
261.6; 31.911; 8.50; -0.00220; 0.12552; 0.16037; -0.13260
261.8; 31.935; 8.50; -0.00228; 0.12063; 0.13269; -0.14016
262.0; 31.959; 8.50; -0.00228; 0.11069; 0.10336; -0.14844
262.2; 31.982; 8.50; -0.00219; 0.09516; 0.07223; -0.15752
262.4; 32.006; 8.50; -0.00200; 0.07348; 0.03913; -0.16748
262.6; 32.030; 8.50; -0.00171; 0.04509; 0.00387; -0.17842
262.8; 32.054; 8.50; -0.00129; 0.00940; -0.03377; -0.19027
263.0; 32.078; 8.50; -0.00075; -0.03410; -0.07390; -0.20236
263.2; 32.102; 8.50; -0.00008; -0.08589; -0.11640; -0.21340
263.4; 32.126; 8.50; 0.00075; -0.14638; -0.16086; -0.22249
263.6; 32.150; 8.50; 0.00173; -0.21587; -0.20674; -0.22955
263.8; 32.175; 8.50; 0.00289; -0.29436; -0.25354; -0.23486
264.0; 32.199; 8.50; 0.00424; -0.38140; -0.30078; -0.23862
264.2; 32.222; 8.50; 0.00582; -0.47604; -0.34802; -0.24093
264.4; 32.246; 8.50; 0.00765; -0.58020; -0.39482; -0.24180
264.6; 32.270; 8.50; 0.00983; -0.69046; -0.44070; -0.24111
264.8; 32.293; 8.50; 0.01238; -0.79357; -0.48515; -0.23840
265.0; 32.315; 8.50; 0.01525; -0.88735; -0.52752; -0.23298
265.2; 32.337; 8.50; 0.01838; -0.96814; -0.56709; -0.22399
265.4; 32.359; 8.50; 0.02170; -1.03282; -0.60302; -0.21045
265.6; 32.380; 8.50; 0.02508; -1.07957; -0.63442; -0.19126
265.8; 32.400; 8.50; 0.02839; -1.10763; -0.66034; -0.16536
266.0; 32.419; 8.50; 0.03147; -1.11662; -0.67991; -0.13178
266.2; 32.438; 8.50; 0.03415; -1.10593; -0.69231; -0.08989
266.4; 32.456; 8.50; 0.03630; -1.07392; -0.69698; -0.04081
266.6; 32.473; 8.50; 0.03774; -1.01681; -0.69361; 0.01115
266.8; 32.491; 8.50; 0.03817; -0.92750; -0.68212; 0.06063
267.0; 32.510; 8.50; 0.03713; -0.79600; -0.66271; 0.10482
267.2; 32.530; 8.50; 0.03405; -0.61231; -0.63584; 0.14374
267.4; 32.551; 8.50; 0.02859; -0.37568; -0.60216; 0.17858
267.6; 32.572; 8.50; 0.02114; -0.10964; -0.56227; 0.21074
267.8; 32.595; 8.50; 0.01315; 0.14533; -0.51657; 0.24110
268.0; 32.618; 8.50; 0.00598; 0.36995; -0.46522; 0.26979
268.2; 32.641; 8.50; -0.00007; 0.56196; -0.40830; 0.29657
268.4; 32.666; 8.50; -0.00536; 0.72405; -0.34605; 0.32110
268.6; 32.690; 8.50; -0.01029; 0.85811; -0.27900; 0.34296
268.8; 32.715; 8.50; -0.01512; 0.96312; -0.20791; 0.36156
269.0; 32.741; 8.50; -0.01989; 1.03926; -0.13385; 0.37616
269.2; 32.766; 8.50; -0.02453; 1.08915; -0.05813; 0.38596
269.4; 32.791; 8.50; -0.02890; 1.11716; 0.01776; 0.39070
269.6; 32.816; 8.50; -0.03288; 1.12812; 0.09251; 0.39105
269.8; 32.841; 8.50; -0.03637; 1.12535; 0.16518; 0.38790
270.0; 32.865; 8.50; -0.03927; 1.11541; 0.23510; 0.38146
270.2; 32.889; 8.50; -0.04159; 1.10085; 0.30159; 0.37139
270.4; 32.912; 8.50; -0.04335; 1.08385; 0.36397; 0.35725
270.6; 32.934; 8.50; -0.04459; 1.06643; 0.42150; 0.33865
270.8; 32.956; 8.50; -0.04537; 1.05044; 0.47347; 0.31526
271.0; 32.978; 8.50; -0.04579; 1.03730; 0.51922; 0.28682
271.2; 32.998; 8.50; -0.04594; 1.02898; 0.55815; 0.25316
271.4; 33.018; 8.50; -0.04594; 1.02501; 0.58976; 0.21422
271.6; 33.037; 8.50; -0.04588; 1.02415; 0.61364; 0.17005
271.8; 33.056; 8.50; -0.04581; 1.02494; 0.62947; 0.12088
272.0; 33.074; 8.50; -0.04576; 1.02619; 0.63698; 0.06711
272.2; 33.092; 8.50; -0.04573; 1.02737; 0.63591; 0.00963
272.4; 33.110; 8.50; -0.04572; 1.02824; 0.62598; -0.04918
272.6; 33.128; 8.50; -0.04573; 1.02872; 0.60687; -0.10501
272.8; 33.147; 8.50; -0.04574; 1.02881; 0.57852; -0.15381
273.0; 33.167; 8.50; -0.04576; 1.02856; 0.54132; -0.19393
273.2; 33.188; 8.50; -0.04577; 1.02809; 0.49615; -0.22543
273.4; 33.210; 8.50; -0.04577; 1.02756; 0.44415; -0.24883
273.6; 33.233; 8.50; -0.04576; 1.02719; 0.38670; -0.26482
273.8; 33.256; 8.50; -0.04574; 1.02725; 0.32523; -0.27410
274.0; 33.280; 8.50; -0.04573; 1.02796; 0.26124; -0.27737
274.2; 33.304; 8.50; -0.04574; 1.02932; 0.19616; -0.27526
274.4; 33.328; 8.50; -0.04578; 1.03138; 0.13134; -0.26830
274.6; 33.353; 8.50; -0.04586; 1.03275; 0.06799; -0.25697
274.8; 33.377; 8.50; -0.04595; 1.03050; 0.00721; -0.24171
275.0; 33.402; 8.50; -0.04595; 1.02095; -0.05003; -0.22292
275.2; 33.426; 8.50; -0.04569; 1.00058; -0.10288; -0.20110
275.4; 33.450; 8.50; -0.04501; 0.96943; -0.15069; -0.17716
275.6; 33.474; 8.50; -0.04372; 0.92249; -0.19311; -0.15263
275.8; 33.498; 8.50; -0.04156; 0.85690; -0.23013; -0.12909
276.0; 33.522; 8.50; -0.03836; 0.77064; -0.26194; -0.10746
276.2; 33.546; 8.50; -0.03404; 0.66483; -0.28882; -0.08827
276.4; 33.569; 8.50; -0.02876; 0.54672; -0.31110; -0.07187
276.6; 33.593; 8.50; -0.02305; 0.42994; -0.32925; -0.05837
276.8; 33.616; 8.50; -0.01761; 0.32837; -0.34385; -0.04757
277.0; 33.640; 8.50; -0.01302; 0.24816; -0.35549; -0.03900
277.2; 33.663; 8.50; -0.00947; 0.18737; -0.36480; -0.03215
277.4; 33.687; 8.50; -0.00686; 0.14114; -0.37226; -0.02664
277.6; 33.710; 8.50; -0.00498; 0.10521; -0.37828; -0.02216
277.8; 33.734; 8.50; -0.00362; 0.07669; -0.38318; -0.01851
278.0; 33.757; 8.50; -0.00263; 0.05370; -0.38719; -0.01555
278.2; 33.781; 8.50; -0.00189; 0.03505; -0.39049; -0.01316
278.4; 33.804; 8.50; -0.00133; 0.01992; -0.39324; -0.01124
278.6; 33.828; 8.50; -0.00089; 0.00773; -0.39554; -0.00974
278.8; 33.851; 8.50; -0.00055; -0.00198; -0.39751; -0.00857
279.0; 33.875; 8.50; -0.00028; -0.00958; -0.39921; -0.00770
279.2; 33.898; 8.50; -0.00007; -0.01536; -0.40072; -0.00708
279.4; 33.921; 8.50; 0.00010; -0.01961; -0.40208; -0.00667
279.6; 33.945; 8.50; 0.00022; -0.02258; -0.40336; -0.00644
279.8; 33.968; 8.50; 0.00032; -0.02449; -0.40458; -0.00636
280.0; 33.992; 8.50; 0.00038; -0.02555; -0.40578; -0.00641
280.2; 34.016; 8.50; 0.00043; -0.02595; -0.40700; -0.00658
280.4; 34.039; 8.50; 0.00046; -0.02588; -0.40825; -0.00685
280.6; 34.063; 8.50; 0.00047; -0.02549; -0.40956; -0.00721
280.8; 34.086; 8.50; 0.00047; -0.02492; -0.41095; -0.00767
281.0; 34.110; 8.50; 0.00047; -0.02430; -0.41244; -0.00822
281.2; 34.133; 8.50; 0.00047; -0.02375; -0.41405; -0.00885
281.4; 34.157; 8.50; 0.00046; -0.02337; -0.41580; -0.00958
281.6; 34.180; 8.50; 0.00045; -0.02323; -0.41771; -0.01041
281.8; 34.204; 8.50; 0.00044; -0.02341; -0.41980; -0.01134
282.0; 34.227; 8.50; 0.00044; -0.02397; -0.42208; -0.01238
282.2; 34.251; 8.50; 0.00045; -0.02493; -0.42459; -0.01355
282.4; 34.274; 8.50; 0.00046; -0.02632; -0.42734; -0.01485
282.6; 34.298; 8.50; 0.00048; -0.02815; -0.43036; -0.01630
282.8; 34.322; 8.50; 0.00050; -0.03040; -0.43369; -0.01790
283.0; 34.345; 8.50; 0.00054; -0.03305; -0.43735; -0.01967
283.2; 34.369; 8.50; 0.00058; -0.03605; -0.44138; -0.02161
283.4; 34.392; 8.50; 0.00062; -0.03932; -0.44580; -0.02372
283.6; 34.416; 8.50; 0.00068; -0.04278; -0.45066; -0.02602
283.8; 34.440; 8.50; 0.00074; -0.04630; -0.45598; -0.02851
284.0; 34.463; 8.50; 0.00080; -0.04975; -0.46182; -0.03118
284.2; 34.487; 8.50; 0.00087; -0.05294; -0.46820; -0.03404
284.4; 34.510; 8.50; 0.00093; -0.05567; -0.47516; -0.03706
284.6; 34.534; 8.50; 0.00098; -0.05771; -0.48273; -0.04025
284.8; 34.558; 8.50; 0.00103; -0.05880; -0.49095; -0.04357
285.0; 34.581; 8.50; 0.00107; -0.05862; -0.49985; -0.04699
285.2; 34.605; 8.50; 0.00108; -0.05685; -0.50944; -0.05049
285.4; 34.629; 8.50; 0.00108; -0.05312; -0.51974; -0.05402
285.6; 34.653; 8.50; 0.00104; -0.04703; -0.53076; -0.05753
285.8; 34.676; 8.50; 0.00097; -0.03817; -0.54249; -0.06095
286.0; 34.700; 8.50; 0.00085; -0.02608; -0.55493; -0.06420
286.2; 34.724; 8.50; 0.00068; -0.01034; -0.56803; -0.06722
286.4; 34.748; 8.50; 0.00045; 0.00952; -0.58176; -0.06989
286.6; 34.771; 8.50; 0.00015; 0.03393; -0.59604; -0.07211
286.8; 34.795; 8.50; -0.00023; 0.06330; -0.61080; -0.07378
287.0; 34.819; 8.50; -0.00069; 0.09799; -0.62591; -0.07475
287.2; 34.843; 8.50; -0.00124; 0.13833; -0.64125; -0.07490
287.4; 34.867; 8.50; -0.00190; 0.18458; -0.65666; -0.07409
287.6; 34.890; 8.50; -0.00267; 0.23688; -0.67194; -0.07218
287.8; 34.914; 8.50; -0.00357; 0.29524; -0.68689; -0.06907
288.0; 34.938; 8.50; -0.00460; 0.35946; -0.70131; -0.06477
288.2; 34.962; 8.50; -0.00579; 0.42909; -0.71498; -0.05931
288.4; 34.986; 8.50; -0.00716; 0.50366; -0.72770; -0.05265
288.6; 35.010; 8.50; -0.00874; 0.58528; -0.73926; -0.04467
288.8; 35.034; 8.50; -0.01058; 0.66977; -0.74942; -0.03524
289.0; 35.058; 8.50; -0.01270; 0.74980; -0.75793; -0.02441
289.2; 35.082; 8.50; -0.01506; 0.82413; -0.76456; -0.01229
289.4; 35.107; 8.50; -0.01764; 0.89093; -0.76910; 0.00095
289.6; 35.131; 8.50; -0.02038; 0.94840; -0.77137; 0.01513
289.8; 35.155; 8.50; -0.02325; 0.99541; -0.77123; 0.02999
290.0; 35.180; 8.50; -0.02618; 1.03164; -0.76855; 0.04529
290.2; 35.204; 8.50; -0.02908; 1.05761; -0.76328; 0.06077
290.4; 35.229; 8.50; -0.03188; 1.07432; -0.75537; 0.07621
290.6; 35.253; 8.50; -0.03450; 1.08292; -0.74482; 0.09138
290.8; 35.278; 8.50; -0.03689; 1.08463; -0.73163; 0.10611
291.0; 35.302; 8.50; -0.03899; 1.08238; -0.71587; 0.12027
291.2; 35.327; 8.50; -0.04078; 1.07753; -0.69758; 0.13377
291.4; 35.352; 8.50; -0.04228; 1.07137; -0.67685; 0.14655
291.6; 35.377; 8.50; -0.04349; 1.06535; -0.65376; 0.15859
291.8; 35.402; 8.50; -0.04448; 1.06070; -0.62842; 0.16991
292.0; 35.426; 8.50; -0.04528; 1.05816; -0.60093; 0.18055
292.2; 35.451; 8.50; -0.04602; 1.06216; -0.57140; 0.19061
292.4; 35.476; 8.50; -0.04684; 1.07051; -0.53996; 0.20021
292.6; 35.501; 8.49; -0.04782; 1.08049; -0.50673; 0.20944
292.8; 35.526; 8.49; -0.04898; 1.09004; -0.47184; 0.21830
293.0; 35.551; 8.48; -0.05031; 1.09793; -0.43542; 0.22679
293.2; 35.576; 8.48; -0.05176; 1.10361; -0.39760; 0.23486
293.4; 35.601; 8.47; -0.05329; 1.10698; -0.35851; 0.24247
293.6; 35.626; 8.46; -0.05483; 1.10826; -0.31829; 0.24959
293.8; 35.651; 8.44; -0.05635; 1.10780; -0.27706; 0.25620
294.0; 35.676; 8.43; -0.05781; 1.10598; -0.23494; 0.26227
294.2; 35.700; 8.42; -0.05918; 1.10317; -0.19205; 0.26785
294.4; 35.725; 8.40; -0.06044; 1.09970; -0.14849; 0.27305
294.6; 35.750; 8.39; -0.06157; 1.09584; -0.10430; 0.27802
294.8; 35.775; 8.37; -0.06258; 1.09182; -0.05953; 0.28284
295.0; 35.799; 8.35; -0.06345; 1.08785; -0.01417; 0.28747
295.2; 35.824; 8.33; -0.06419; 1.08423; 0.03174; 0.29186
295.4; 35.848; 8.32; -0.06481; 1.08149; 0.07815; 0.29595
295.6; 35.873; 8.30; -0.06534; 1.07996; 0.12502; 0.29968
295.8; 35.897; 8.28; -0.06577; 1.07817; 0.17225; 0.30298
296.0; 35.922; 8.26; -0.06608; 1.07575; 0.21976; 0.30577
296.2; 35.946; 8.24; -0.06627; 1.07335; 0.26743; 0.30795
296.4; 35.970; 8.22; -0.06635; 1.07120; 0.31513; 0.30945
296.6; 35.994; 8.21; -0.06632; 1.06931; 0.36272; 0.31016
296.8; 36.018; 8.19; -0.06619; 1.06765; 0.41002; 0.31002
297.0; 36.042; 8.17; -0.06597; 1.06624; 0.45685; 0.30892
297.2; 36.065; 8.15; -0.06567; 1.06508; 0.50301; 0.30677
297.4; 36.089; 8.14; -0.06529; 1.06423; 0.54827; 0.30349
297.6; 36.112; 8.12; -0.06484; 1.06370; 0.59241; 0.29896
297.8; 36.135; 8.11; -0.06433; 1.06352; 0.63519; 0.29311
298.0; 36.157; 8.09; -0.06376; 1.06369; 0.67634; 0.28583
298.2; 36.180; 8.07; -0.06316; 1.06416; 0.71562; 0.27704
298.4; 36.202; 8.06; -0.06251; 1.06489; 0.75277; 0.26664
298.6; 36.224; 8.05; -0.06184; 1.06581; 0.78753; 0.25456
298.8; 36.246; 8.03; -0.06115; 1.06685; 0.81964; 0.24072
299.0; 36.267; 8.02; -0.06045; 1.06795; 0.84888; 0.22508
299.2; 36.288; 8.01; -0.05973; 1.06903; 0.87500; 0.20760
299.4; 36.308; 8.00; -0.05901; 1.07007; 0.89780; 0.18826
299.6; 36.329; 7.98; -0.05828; 1.07102; 0.91709; 0.16709
299.8; 36.349; 7.97; -0.05754; 1.07188; 0.93269; 0.14412
300.0; 36.368; 7.96; -0.05680; 1.07268; 0.94445; 0.11947
300.2; 36.388; 7.95; -0.05606; 1.07346; 0.95225; 0.09344
300.4; 36.407; 7.95; -0.05531; 1.07432; 0.95604; 0.06686
300.6; 36.427; 7.94; -0.05455; 1.07538; 0.95586; 0.04086
300.8; 36.447; 7.93; -0.05378; 1.07681; 0.95183; 0.01622
301.0; 36.467; 7.92; -0.05302; 1.07877; 0.94412; -0.00679
301.2; 36.487; 7.92; -0.05227; 1.08129; 0.93290; -0.02809
301.4; 36.507; 7.91; -0.05155; 1.08365; 0.91835; -0.04764
301.6; 36.528; 7.90; -0.05085; 1.08505; 0.90066; -0.06545
301.8; 36.549; 7.90; -0.05016; 1.08547; 0.88004; -0.08156
302.0; 36.570; 7.89; -0.04946; 1.08515; 0.85668; -0.09603
302.2; 36.592; 7.89; -0.04875; 1.08432; 0.83080; -0.10893
302.4; 36.614; 7.88; -0.04800; 1.08318; 0.80263; -0.12034
302.6; 36.636; 7.88; -0.04723; 1.08182; 0.77237; -0.13035
302.8; 36.659; 7.88; -0.04643; 1.08029; 0.74024; -0.13906
303.0; 36.682; 7.87; -0.04561; 1.07859; 0.70645; -0.14655
303.2; 36.705; 7.87; -0.04477; 1.07671; 0.67120; -0.15294
303.4; 36.728; 7.87; -0.04391; 1.07461; 0.63469; -0.15833
303.6; 36.752; 7.87; -0.04303; 1.07223; 0.59709; -0.16282
303.8; 36.776; 7.87; -0.04215; 1.06954; 0.55857; -0.16652
304.0; 36.800; 7.88; -0.04125; 1.06648; 0.51928; -0.16954
304.2; 36.824; 7.88; -0.04035; 1.06301; 0.47934; -0.17198
304.4; 36.848; 7.89; -0.03945; 1.05906; 0.43886; -0.17396
304.6; 36.872; 7.89; -0.03854; 1.05458; 0.39794; -0.17557
304.8; 36.897; 7.90; -0.03762; 1.04949; 0.35664; -0.17692
305.0; 36.922; 7.91; -0.03670; 1.04369; 0.31501; -0.17812
305.2; 36.947; 7.92; -0.03577; 1.03708; 0.27309; -0.17928
305.4; 36.972; 7.93; -0.03483; 1.02954; 0.23086; -0.18049
305.6; 36.997; 7.95; -0.03387; 1.02093; 0.18832; -0.18189
305.8; 37.022; 7.96; -0.03289; 1.01118; 0.14542; -0.18357
306.0; 37.047; 7.98; -0.03189; 1.00024; 0.10209; -0.18564
306.2; 37.072; 8.00; -0.03086; 0.98820; 0.05822; -0.18823
306.4; 37.098; 8.02; -0.02980; 0.97535; 0.01371; -0.19144
306.6; 37.123; 8.05; -0.02874; 0.96222; -0.03162; -0.19530
306.8; 37.149; 8.07; -0.02769; 0.94965; -0.07789; -0.19958
307.0; 37.175; 8.10; -0.02669; 0.93877; -0.12515; -0.20368
307.2; 37.201; 8.13; -0.02580; 0.93087; -0.17329; -0.20698
307.4; 37.227; 8.17; -0.02506; 0.92720; -0.22210; -0.20911
307.6; 37.252; 8.20; -0.02455; 0.92869; -0.27131; -0.20989
307.8; 37.278; 8.23; -0.02432; 0.93570; -0.32065; -0.20913
308.0; 37.304; 8.27; -0.02440; 0.94780; -0.36976; -0.20667
308.2; 37.330; 8.30; -0.02481; 0.96372; -0.41831; -0.20241
308.4; 37.356; 8.33; -0.02554; 0.98139; -0.46592; -0.19628
308.6; 37.381; 8.36; -0.02653; 0.99804; -0.51220; -0.18829
308.8; 37.407; 8.38; -0.02772; 1.01044; -0.55678; -0.17853
309.0; 37.432; 8.41; -0.02897; 1.01487; -0.59929; -0.16719
309.2; 37.457; 8.43; -0.03010; 1.00714; -0.63938; -0.15455
309.4; 37.482; 8.45; -0.03088; 0.98228; -0.67678; -0.14100
309.6; 37.507; 8.47; -0.03100; 0.93447; -0.71123; -0.12709
309.8; 37.531; 8.50; -0.03010; 0.85769; -0.74256; -0.11346
310.0; 37.556; 8.50; -0.02897; 0.82234; -0.77069; -0.09983
310.2; 37.580; 8.50; -0.02738; 0.74016; -0.79560; -0.08639
310.4; 37.604; 8.50; -0.02482; 0.63328; -0.81728; -0.07395
310.6; 37.628; 8.50; -0.02139; 0.51565; -0.83583; -0.06291
310.8; 37.652; 8.50; -0.01751; 0.40095; -0.85144; -0.05332
311.0; 37.675; 8.50; -0.01372; 0.29960; -0.86438; -0.04495
311.2; 37.699; 8.50; -0.01038; 0.21548; -0.87494; -0.03739
311.4; 37.722; 8.50; -0.00765; 0.14783; -0.88339; -0.03022
311.6; 37.745; 8.50; -0.00550; 0.09405; -0.88990; -0.02306
311.8; 37.768; 8.50; -0.00384; 0.05159; -0.89459; -0.01561
312.0; 37.791; 8.50; -0.00257; 0.01841; -0.89746; -0.00760
312.2; 37.813; 8.50; -0.00158; -0.00704; -0.89849; 0.00116
312.4; 37.836; 8.50; -0.00083; -0.02594; -0.89759; 0.01085
312.6; 37.858; 8.50; -0.00025; -0.03927; -0.89463; 0.02161
312.8; 37.880; 8.50; 0.00018; -0.04783; -0.88946; 0.03357
313.0; 37.902; 8.50; 0.00049; -0.05234; -0.88188; 0.04679
313.2; 37.924; 8.50; 0.00071; -0.05344; -0.87172; 0.06102
313.4; 37.946; 8.50; 0.00084; -0.05170; -0.85882; 0.07540
313.6; 37.968; 8.50; 0.00090; -0.04764; -0.84318; 0.08890
313.8; 37.991; 8.50; 0.00090; -0.04173; -0.82498; 0.10098
314.0; 38.013; 8.50; 0.00085; -0.03446; -0.80444; 0.11157
314.2; 38.036; 8.50; 0.00076; -0.02630; -0.78183; 0.12071
314.4; 38.059; 8.50; 0.00064; -0.01771; -0.75741; 0.12843
314.6; 38.082; 8.50; 0.00050; -0.00915; -0.73146; 0.13472
314.8; 38.105; 8.50; 0.00035; -0.00110; -0.70424; 0.13959
315.0; 38.129; 8.50; 0.00020; 0.00598; -0.67603; 0.14301
315.2; 38.153; 8.50; 0.00005; 0.01162; -0.64715; 0.14495
315.4; 38.176; 8.50; -0.00007; 0.01535; -0.61790; 0.14535
315.6; 38.200; 8.50; -0.00017; 0.01667; -0.58860; 0.14413
315.8; 38.224; 8.50; -0.00024; 0.01509; -0.55961; 0.14120
316.0; 38.248; 8.50; -0.00026; 0.01011; -0.53131; 0.13644
316.2; 38.272; 8.50; -0.00022; 0.00123; -0.50408; 0.12971
316.4; 38.297; 8.50; -0.00012; -0.01202; -0.47835; 0.12087
316.6; 38.321; 8.50; 0.00005; -0.03014; -0.45459; 0.10985
316.8; 38.345; 8.50; 0.00031; -0.05353; -0.43323; 0.09702
317.0; 38.369; 8.50; 0.00065; -0.08259; -0.41460; 0.08314
317.2; 38.394; 8.50; 0.00109; -0.11762; -0.39883; 0.06885
317.4; 38.418; 8.50; 0.00164; -0.15888; -0.38596; 0.05430
317.6; 38.442; 8.50; 0.00230; -0.20654; -0.37599; 0.03944
317.8; 38.466; 8.50; 0.00309; -0.26063; -0.36897; 0.02419
318.0; 38.490; 8.50; 0.00402; -0.32100; -0.36494; 0.00846
318.2; 38.513; 8.50; 0.00509; -0.38726; -0.36395; -0.00787
318.4; 38.537; 8.50; 0.00634; -0.45881; -0.36612; -0.02489
318.6; 38.561; 8.50; 0.00777; -0.53553; -0.37152; -0.04271
318.8; 38.585; 8.50; 0.00942; -0.62015; -0.38031; -0.06150
319.0; 38.609; 8.50; 0.01137; -0.70277; -0.39262; -0.08131
319.2; 38.632; 8.50; 0.01356; -0.78067; -0.40859; -0.10209
319.4; 38.656; 8.50; 0.01599; -0.85231; -0.42837; -0.12375
319.6; 38.680; 8.50; 0.01861; -0.91586; -0.45206; -0.14601
319.8; 38.704; 8.50; 0.02139; -0.96974; -0.47963; -0.16807
320.0; 38.727; 8.50; 0.02426; -1.01314; -0.51081; -0.18874
320.2; 38.751; 8.50; 0.02715; -1.04612; -0.54510; -0.20707
320.4; 38.774; 8.50; 0.02998; -1.06944; -0.58186; -0.22258
320.6; 38.797; 8.50; 0.03269; -1.08422; -0.62041; -0.23495
320.8; 38.820; 8.50; 0.03520; -1.09155; -0.66000; -0.24374
321.0; 38.842; 8.50; 0.03747; -1.09289; -0.69978; -0.24847
321.2; 38.864; 8.50; 0.03945; -1.09041; -0.73882; -0.24853
321.4; 38.886; 8.50; 0.04113; -1.08502; -0.77610; -0.24325
321.6; 38.907; 8.50; 0.04251; -1.07754; -0.81053; -0.23186
321.8; 38.927; 8.50; 0.04361; -1.06881; -0.84098; -0.21346
322.0; 38.946; 8.50; 0.04443; -1.05966; -0.86634; -0.18712
322.2; 38.964; 8.50; 0.04502; -1.05086; -0.88560; -0.15183
322.4; 38.981; 8.50; 0.04540; -1.04305; -0.89788; -0.10673
322.6; 38.997; 8.50; 0.04564; -1.03664; -0.90260; -0.05191
322.8; 39.012; 8.50; 0.04577; -1.03169; -0.89946; 0.00951
323.0; 39.027; 8.50; 0.04582; -1.02817; -0.88814; 0.07170
323.2; 39.043; 8.50; 0.04582; -1.02622; -0.86817; 0.12956
323.4; 39.060; 8.50; 0.04579; -1.02592; -0.83922; 0.18058
323.6; 39.079; 8.50; 0.04576; -1.02716; -0.80129; 0.22370
323.8; 39.098; 8.50; 0.04575; -1.02949; -0.75470; 0.25845
324.0; 39.118; 8.50; 0.04579; -1.03206; -0.70021; 0.28478
324.2; 39.140; 8.50; 0.04587; -1.03313; -0.63898; 0.30294
324.4; 39.162; 8.50; 0.04596; -1.03010; -0.57248; 0.31345
324.6; 39.186; 8.50; 0.04595; -1.01947; -0.50238; 0.31697
324.8; 39.210; 8.50; 0.04566; -0.99779; -0.43045; 0.31427
325.0; 39.234; 8.50; 0.04492; -0.96444; -0.35841; 0.30615
325.2; 39.259; 8.50; 0.04348; -0.91389; -0.28788; 0.29339
325.4; 39.283; 8.50; 0.04107; -0.84280; -0.22032; 0.27683
325.6; 39.308; 8.50; 0.03751; -0.74937; -0.15699; 0.25759
325.8; 39.332; 8.50; 0.03276; -0.63635; -0.09876; 0.23760
326.0; 39.357; 8.50; 0.02714; -0.51396; -0.04586; 0.21909
326.2; 39.381; 8.50; 0.02129; -0.39805; 0.00209; 0.20330
326.4; 39.405; 8.50; 0.01598; -0.30139; 0.04577; 0.19018
326.6; 39.429; 8.50; 0.01167; -0.22706; 0.08589; 0.17919
326.8; 39.453; 8.50; 0.00844; -0.17113; 0.12310; 0.16980
327.0; 39.477; 8.50; 0.00610; -0.12842; 0.15790; 0.16163
327.2; 39.501; 8.50; 0.00443; -0.09499; 0.19070; 0.15440
327.4; 39.524; 8.50; 0.00322; -0.06827; 0.22178; 0.14792
327.6; 39.548; 8.50; 0.00233; -0.04664; 0.25138; 0.14206
327.8; 39.572; 8.50; 0.00166; -0.02905; 0.27966; 0.13669
328.0; 39.595; 8.50; 0.00115; -0.01477; 0.30677; 0.13174
328.2; 39.619; 8.50; 0.00075; -0.00328; 0.33280; 0.12714
328.4; 39.642; 8.50; 0.00043; 0.00583; 0.35785; 0.12281
328.6; 39.666; 8.50; 0.00018; 0.01291; 0.38199; 0.11872
328.8; 39.689; 8.50; -0.00001; 0.01825; 0.40527; 0.11482
329.0; 39.713; 8.50; -0.00017; 0.02211; 0.42773; 0.11107
329.2; 39.736; 8.50; -0.00028; 0.02472; 0.44942; 0.10744
329.4; 39.760; 8.50; -0.00037; 0.02630; 0.47037; 0.10390
329.6; 39.783; 8.50; -0.00042; 0.02706; 0.49059; 0.10043
329.8; 39.806; 8.50; -0.00046; 0.02715; 0.51011; 0.09702
330.0; 39.830; 8.50; -0.00049; 0.02675; 0.52894; 0.09365
330.2; 39.853; 8.50; -0.00049; 0.02601; 0.54709; 0.09032
330.4; 39.877; 8.50; -0.00049; 0.02504; 0.56458; 0.08701
330.6; 39.900; 8.50; -0.00048; 0.02397; 0.58141; 0.08373
330.8; 39.923; 8.50; -0.00047; 0.02289; 0.59759; 0.08047
331.0; 39.947; 8.50; -0.00045; 0.02189; 0.61312; 0.07724
331.2; 39.970; 8.50; -0.00043; 0.02104; 0.62801; 0.07403
331.4; 39.993; 8.50; -0.00042; 0.02040; 0.64227; 0.07086
331.6; 40.017; 8.50; -0.00040; 0.02000; 0.65591; 0.06772
331.8; 40.040; 8.50; -0.00039; 0.01989; 0.66893; 0.06463
332.0; 40.063; 8.50; -0.00038; 0.02008; 0.68134; 0.06159
332.2; 40.086; 8.50; -0.00038; 0.02058; 0.69315; 0.05860
332.4; 40.110; 8.50; -0.00038; 0.02139; 0.70438; 0.05568
332.6; 40.133; 8.50; -0.00039; 0.02247; 0.71504; 0.05284
332.8; 40.156; 8.50; -0.00041; 0.02382; 0.72513; 0.05007
333.0; 40.180; 8.50; -0.00043; 0.02538; 0.73469; 0.04739
333.2; 40.203; 8.50; -0.00045; 0.02709; 0.74372; 0.04479
333.4; 40.226; 8.50; -0.00048; 0.02889; 0.75223; 0.04229
333.6; 40.249; 8.50; -0.00051; 0.03069; 0.76026; 0.03987
333.8; 40.273; 8.50; -0.00054; 0.03241; 0.76781; 0.03755
334.0; 40.296; 8.50; -0.00057; 0.03394; 0.77490; 0.03532
334.2; 40.319; 8.50; -0.00060; 0.03518; 0.78156; 0.03316
334.4; 40.342; 8.50; -0.00063; 0.03602; 0.78779; 0.03108
334.6; 40.366; 8.50; -0.00065; 0.03637; 0.79361; 0.02906
334.8; 40.389; 8.50; -0.00067; 0.03616; 0.79903; 0.02709
335.0; 40.412; 8.50; -0.00067; 0.03536; 0.80406; 0.02516
335.2; 40.436; 8.50; -0.00067; 0.03402; 0.80872; 0.02325
335.4; 40.459; 8.50; -0.00066; 0.03224; 0.81300; 0.02135
335.6; 40.482; 8.50; -0.00063; 0.03013; 0.81691; 0.01946
335.8; 40.505; 8.50; -0.00060; 0.02779; 0.82045; 0.01756
336.0; 40.529; 8.50; -0.00057; 0.02531; 0.82362; 0.01566
336.2; 40.552; 8.50; -0.00053; 0.02277; 0.82642; 0.01374
336.4; 40.575; 8.50; -0.00048; 0.02023; 0.82885; 0.01182
336.6; 40.599; 8.50; -0.00044; 0.01774; 0.83091; 0.00989
336.8; 40.622; 8.50; -0.00039; 0.01536; 0.83260; 0.00795
337.0; 40.645; 8.50; -0.00034; 0.01310; 0.83391; 0.00601
337.2; 40.669; 8.50; -0.00030; 0.01100; 0.83484; 0.00407
337.4; 40.692; 8.50; -0.00026; 0.00907; 0.83540; 0.00213
337.6; 40.715; 8.50; -0.00022; 0.00731; 0.83558; 0.00019
337.8; 40.738; 8.50; -0.00018; 0.00574; 0.83539; -0.00173
338.0; 40.762; 8.50; -0.00015; 0.00435; 0.83483; -0.00364
338.2; 40.785; 8.50; -0.00012; 0.00314; 0.83389; -0.00553
338.4; 40.808; 8.50; -0.00009; 0.00210; 0.83259; -0.00740
338.6; 40.832; 8.50; -0.00007; 0.00121; 0.83092; -0.00924
338.8; 40.855; 8.50; -0.00005; 0.00048; 0.82889; -0.01105
339.0; 40.879; 8.50; -0.00003; -0.00012; 0.82652; -0.01282
339.2; 40.902; 8.50; -0.00001; -0.00060; 0.82379; -0.01457
339.4; 40.925; 8.50; -0.00000; -0.00097; 0.82073; -0.01627
339.6; 40.949; 8.50; 0.00001; -0.00125; 0.81733; -0.01793
339.8; 40.972; 8.50; 0.00001; -0.00144; 0.81361; -0.01955
340.0; 40.995; 8.50; 0.00002; -0.00156; 0.80957; -0.02112
340.2; 41.019; 8.50; 0.00002; -0.00162; 0.80522; -0.02265
340.4; 41.042; 8.50; 0.00003; -0.00162; 0.80057; -0.02412
340.6; 41.066; 8.50; 0.00003; -0.00159; 0.79564; -0.02556
340.8; 41.089; 8.50; 0.00003; -0.00153; 0.79042; -0.02694
341.0; 41.112; 8.50; 0.00003; -0.00144; 0.78493; -0.02827
341.2; 41.136; 8.50; 0.00003; -0.00134; 0.77918; -0.02955
341.4; 41.159; 8.50; 0.00003; -0.00122; 0.77318; -0.03078
341.6; 41.183; 8.50; 0.00003; -0.00110; 0.76693; -0.03196
341.8; 41.206; 8.50; 0.00002; -0.00097; 0.76046; -0.03309
342.0; 41.230; 8.50; 0.00002; -0.00084; 0.75376; -0.03417
342.2; 41.253; 8.50; 0.00002; -0.00072; 0.74685; -0.03520
342.4; 41.277; 8.50; 0.00002; -0.00061; 0.73974; -0.03618
342.6; 41.300; 8.50; 0.00001; -0.00050; 0.73243; -0.03711
342.8; 41.323; 8.50; 0.00001; -0.00040; 0.72494; -0.03799
343.0; 41.347; 8.50; 0.00001; -0.00031; 0.71728; -0.03881
343.2; 41.370; 8.50; 0.00001; -0.00022; 0.70946; -0.03959
343.4; 41.394; 8.50; 0.00001; -0.00015; 0.70149; -0.04032
343.6; 41.417; 8.50; 0.00000; -0.00009; 0.69337; -0.04100
343.8; 41.441; 8.50; 0.00000; -0.00004; 0.68512; -0.04164
344.0; 41.464; 8.50; 0.00000; 0.00000; 0.67674; -0.04222
344.2; 41.488; 8.50; 0.00000; 0.00004; 0.66826; -0.04275
344.4; 41.511; 8.50; 0.00000; 0.00006; 0.65967; -0.04324
344.6; 41.535; 8.50; -0.00000; 0.00008; 0.65098; -0.04368
344.8; 41.558; 8.50; -0.00000; 0.00009; 0.64221; -0.04407
345.0; 41.582; 8.50; -0.00000; 0.00010; 0.63336; -0.04442
345.2; 41.606; 8.50; -0.00000; 0.00010; 0.62445; -0.04471
345.4; 41.629; 8.50; -0.00000; 0.00009; 0.61548; -0.04496
345.6; 41.653; 8.50; -0.00000; 0.00009; 0.60647; -0.04517
345.8; 41.676; 8.50; -0.00000; 0.00007; 0.59742; -0.04532
346.0; 41.700; 8.50; -0.00000; 0.00006; 0.58834; -0.04543
346.2; 41.723; 8.50; -0.00000; 0.00004; 0.57924; -0.04549
346.4; 41.747; 8.50; -0.00000; 0.00003; 0.57013; -0.04550
346.6; 41.770; 8.50; -0.00000; 0.00001; 0.56103; -0.04547
346.8; 41.794; 8.50; -0.00000; -0.00000; 0.55193; -0.04539
347.0; 41.817; 8.50; -0.00000; -0.00002; 0.54285; -0.04526
347.2; 41.841; 8.50; 0.00000; -0.00003; 0.53381; -0.04509
347.4; 41.865; 8.50; 0.00000; -0.00004; 0.52480; -0.04487
347.6; 41.888; 8.50; 0.00000; -0.00004; 0.51584; -0.04460
347.8; 41.912; 8.50; 0.00000; -0.00004; 0.50694; -0.04428
348.0; 41.935; 8.50; 0.00000; -0.00003; 0.49810; -0.04392
348.2; 41.959; 8.50; 0.00000; -0.00001; 0.48935; -0.04350
348.4; 41.982; 8.50; 0.00000; 0.00001; 0.48068; -0.04304
348.6; 42.006; 8.50; 0.00000; 0.00005; 0.47210; -0.04253
348.8; 42.030; 8.50; -0.00000; 0.00010; 0.46364; -0.04197
349.0; 42.053; 8.50; -0.00000; 0.00016; 0.45529; -0.04136
349.2; 42.077; 8.50; -0.00000; 0.00024; 0.44706; -0.04070
349.4; 42.100; 8.50; -0.00000; 0.00033; 0.43898; -0.03999
349.6; 42.124; 8.50; -0.00000; 0.00043; 0.43103; -0.03923
349.8; 42.148; 8.50; -0.00001; 0.00055; 0.42325; -0.03842
350.0; 42.171; 8.50; -0.00001; 0.00069; 0.41563; -0.03756
350.2; 42.195; 8.50; -0.00001; 0.00085; 0.40819; -0.03665
350.4; 42.218; 8.50; -0.00001; 0.00102; 0.40094; -0.03568
350.6; 42.242; 8.50; -0.00002; 0.00121; 0.39388; -0.03467
350.8; 42.266; 8.50; -0.00002; 0.00141; 0.38703; -0.03365
351.0; 42.289; 8.50; -0.00002; 0.00163; 0.38038; -0.03264
351.2; 42.313; 8.50; -0.00003; 0.00185; 0.37394; -0.03164
351.4; 42.336; 8.50; -0.00003; 0.00208; 0.36769; -0.03067
351.6; 42.360; 8.50; -0.00003; 0.00230; 0.36163; -0.02971
351.8; 42.383; 8.50; -0.00004; 0.00252; 0.35577; -0.02878
352.0; 42.407; 8.50; -0.00004; 0.00272; 0.35008; -0.02787
352.2; 42.431; 8.50; -0.00005; 0.00290; 0.34458; -0.02698
352.4; 42.454; 8.50; -0.00005; 0.00304; 0.33926; -0.02611
352.6; 42.478; 8.50; -0.00005; 0.00314; 0.33410; -0.02527
352.8; 42.501; 8.50; -0.00006; 0.00317; 0.32911; -0.02445
353.0; 42.525; 8.50; -0.00006; 0.00312; 0.32428; -0.02366
353.2; 42.548; 8.50; -0.00006; 0.00298; 0.31961; -0.02290
353.4; 42.572; 8.50; -0.00006; 0.00272; 0.31508; -0.02217
353.6; 42.596; 8.50; -0.00005; 0.00233; 0.31070; -0.02148
353.8; 42.619; 8.50; -0.00005; 0.00178; 0.30646; -0.02083
354.0; 42.643; 8.50; -0.00004; 0.00105; 0.30234; -0.02021
354.2; 42.666; 8.50; -0.00003; 0.00011; 0.29834; -0.01965
354.4; 42.690; 8.50; -0.00002; -0.00105; 0.29446; -0.01913
354.6; 42.713; 8.50; -0.00000; -0.00246; 0.29067; -0.01868
354.8; 42.737; 8.50; 0.00002; -0.00415; 0.28697; -0.01829
355.0; 42.760; 8.50; 0.00005; -0.00612; 0.28335; -0.01797
355.2; 42.784; 8.50; 0.00008; -0.00840; 0.27979; -0.01773
355.4; 42.807; 8.50; 0.00012; -0.01099; 0.27628; -0.01757
355.6; 42.831; 8.50; 0.00016; -0.01390; 0.27280; -0.01751
355.8; 42.855; 8.50; 0.00021; -0.01713; 0.26933; -0.01755
356.0; 42.878; 8.50; 0.00026; -0.02067; 0.26585; -0.01769
356.2; 42.902; 8.50; 0.00032; -0.02449; 0.26234; -0.01795
356.4; 42.925; 8.50; 0.00039; -0.02856; 0.25879; -0.01833
356.6; 42.949; 8.50; 0.00046; -0.03282; 0.25515; -0.01884
356.8; 42.972; 8.50; 0.00053; -0.03720; 0.25142; -0.01947
357.0; 42.996; 8.50; 0.00061; -0.04161; 0.24756; -0.02024
357.2; 43.019; 8.50; 0.00069; -0.04595; 0.24356; -0.02114
357.4; 43.043; 8.50; 0.00077; -0.05006; 0.23937; -0.02216
357.6; 43.066; 8.50; 0.00085; -0.05379; 0.23499; -0.02330
357.8; 43.090; 8.50; 0.00093; -0.05694; 0.23039; -0.02454
358.0; 43.113; 8.50; 0.00100; -0.05928; 0.22554; -0.02588
358.2; 43.137; 8.50; 0.00105; -0.06055; 0.22042; -0.02728
358.4; 43.161; 8.50; 0.00109; -0.06047; 0.21504; -0.02872
358.6; 43.184; 8.50; 0.00111; -0.05870; 0.20937; -0.03016
358.8; 43.208; 8.50; 0.00111; -0.05489; 0.20342; -0.03155
359.0; 43.231; 8.50; 0.00107; -0.04865; 0.19720; -0.03285
359.2; 43.255; 8.50; 0.00100; -0.03958; 0.19072; -0.03398
359.4; 43.278; 8.50; 0.00088; -0.02724; 0.18402; -0.03488
359.6; 43.302; 8.50; 0.00071; -0.01120; 0.17714; -0.03547
359.8; 43.325; 8.50; 0.00047; 0.00897; 0.17014; -0.03564
360.0; 43.349; 8.50; 0.00017; 0.03370; 0.16311; -0.03530
360.2; 43.372; 8.50; -0.00021; 0.06337; 0.15614; -0.03433
360.4; 43.396; 8.50; -0.00067; 0.09835; 0.14935; -0.03261
360.6; 43.419; 8.50; -0.00123; 0.13895; 0.14289; -0.03002
360.8; 43.443; 8.50; -0.00189; 0.18540; 0.13693; -0.02641
361.0; 43.467; 8.50; -0.00266; 0.23784; 0.13166; -0.02165
361.2; 43.490; 8.50; -0.00355; 0.29626; 0.12731; -0.01560
361.4; 43.514; 8.50; -0.00458; 0.36043; 0.12411; -0.00812
361.6; 43.537; 8.50; -0.00577; 0.42990; 0.12234; 0.00091
361.8; 43.561; 8.50; -0.00713; 0.50421; 0.12229; 0.01161
362.0; 43.584; 8.50; -0.00869; 0.58531; 0.12427; 0.02412
362.2; 43.608; 8.50; -0.01050; 0.66944; 0.12860; 0.03855
362.4; 43.631; 8.50; -0.01259; 0.74925; 0.13561; 0.05485
362.6; 43.655; 8.50; -0.01492; 0.82355; 0.14563; 0.07293
362.8; 43.678; 8.50; -0.01746; 0.89060; 0.15894; 0.09262
363.0; 43.702; 8.50; -0.02017; 0.94869; 0.17581; 0.11351
363.2; 43.726; 8.50; -0.02302; 0.99666; 0.19636; 0.13471
363.4; 43.749; 8.50; -0.02593; 1.03416; 0.22049; 0.15514
363.6; 43.773; 8.50; -0.02883; 1.06157; 0.24795; 0.17408
363.8; 43.796; 8.50; -0.03165; 1.07981; 0.27837; 0.19115
364.0; 43.820; 8.50; -0.03431; 1.09001; 0.31131; 0.20607
364.2; 43.843; 8.50; -0.03675; 1.09315; 0.34631; 0.21856
364.4; 43.866; 8.50; -0.03892; 1.09143; 0.38284; 0.22836
364.6; 43.890; 8.50; -0.04080; 1.08623; 0.42032; 0.23524
364.8; 43.912; 8.50; -0.04235; 1.07839; 0.45815; 0.23897
365.0; 43.935; 8.50; -0.04360; 1.06883; 0.49568; 0.23934
365.2; 43.957; 8.50; -0.04454; 1.05848; 0.53225; 0.23617
365.4; 43.979; 8.50; -0.04519; 1.04834; 0.56720; 0.22931
365.6; 44.001; 8.50; -0.04559; 1.03934; 0.59986; 0.21866
365.8; 44.022; 8.50; -0.04580; 1.03225; 0.62962; 0.20417
366.0; 44.043; 8.50; -0.04587; 1.02803; 0.65591; 0.18588
366.2; 44.063; 8.50; -0.04586; 1.02624; 0.67820; 0.16391
366.4; 44.083; 8.50; -0.04582; 1.02598; 0.69610; 0.13870
366.6; 44.103; 8.50; -0.04578; 1.02644; 0.70938; 0.11168
366.8; 44.123; 8.50; -0.04576; 1.02707; 0.71814; 0.08514
367.0; 44.142; 8.50; -0.04574; 1.02763; 0.72267; 0.06089
367.2; 44.162; 8.50; -0.04574; 1.02808; 0.72339; 0.03957
367.4; 44.182; 8.50; -0.04574; 1.02850; 0.72071; 0.02123
367.6; 44.203; 8.50; -0.04575; 1.02871; 0.71506; 0.00582
367.8; 44.224; 8.50; -0.04576; 1.02855; 0.70688; -0.00674
368.0; 44.245; 8.50; -0.04577; 1.02826; 0.69661; -0.01656
368.2; 44.266; 8.50; -0.04578; 1.02806; 0.68469; -0.02377
368.4; 44.287; 8.50; -0.04578; 1.02801; 0.67155; -0.02852
368.6; 44.309; 8.50; -0.04578; 1.02805; 0.65763; -0.03094
368.8; 44.331; 8.50; -0.04578; 1.02803; 0.64333; -0.03117
369.0; 44.353; 8.50; -0.04578; 1.02779; 0.62908; -0.02935
369.2; 44.375; 8.50; -0.04577; 1.02728; 0.61524; -0.02561
369.4; 44.397; 8.50; -0.04575; 1.02662; 0.60220; -0.02011
369.6; 44.420; 8.50; -0.04573; 1.02617; 0.59029; -0.01317
369.8; 44.442; 8.50; -0.04569; 1.02650; 0.57977; -0.00517
370.0; 44.465; 8.50; -0.04567; 1.02804; 0.57085; 0.00363
370.2; 44.488; 8.50; -0.04569; 1.03085; 0.56367; 0.01321
370.4; 44.510; 8.50; -0.04577; 1.03559; 0.55839; 0.02360
370.6; 44.533; 8.50; -0.04595; 1.04072; 0.55517; 0.03485
370.8; 44.556; 8.50; -0.04622; 1.04237; 0.55415; 0.04695
371.0; 44.579; 8.50; -0.04647; 1.03543; 0.55550; 0.05977
371.2; 44.601; 8.50; -0.04650; 1.01335; 0.55936; 0.07305
371.4; 44.624; 8.50; -0.04595; 0.96731; 0.56587; 0.08634
371.6; 44.647; 8.50; -0.04449; 0.89719; 0.57513; 0.09911
371.8; 44.670; 8.50; -0.04175; 0.79483; 0.58722; 0.11071
372.0; 44.693; 8.50; -0.03733; 0.65076; 0.60212; 0.12026
372.2; 44.717; 8.50; -0.03109; 0.46852; 0.61970; 0.12681
372.4; 44.740; 8.50; -0.02358; 0.26942; 0.63963; 0.12964
372.6; 44.763; 8.50; -0.01604; 0.08497; 0.66131; 0.12870
372.8; 44.787; 8.50; -0.00961; -0.06959; 0.68391; 0.12456
373.0; 44.810; 8.50; -0.00462; -0.20024; 0.70661; 0.11784
373.2; 44.833; 8.50; -0.00076; -0.31774; 0.72868; 0.10897
373.4; 44.857; 8.50; 0.00240; -0.42998; 0.74952; 0.09816
373.6; 44.880; 8.50; 0.00522; -0.54116; 0.76864; 0.08547
373.8; 44.904; 8.50; 0.00796; -0.64549; 0.78564; 0.07099
374.0; 44.928; 8.50; 0.01075; -0.74227; 0.80017; 0.05488
374.2; 44.951; 8.50; 0.01366; -0.83027; 0.81191; 0.03732
374.4; 44.975; 8.50; 0.01672; -0.90771; 0.82062; 0.01852
374.6; 44.999; 8.50; 0.01993; -0.97307; 0.82608; -0.00127
374.8; 45.023; 8.50; 0.02326; -1.02563; 0.82813; -0.02177
375.0; 45.047; 8.50; 0.02664; -1.06557; 0.82665; -0.04272
375.2; 45.071; 8.50; 0.03001; -1.09392; 0.82156; -0.06384
375.4; 45.095; 8.50; 0.03328; -1.11219; 0.81282; -0.08490
375.6; 45.119; 8.50; 0.03639; -1.12204; 0.80042; -0.10565
375.8; 45.143; 8.50; 0.03928; -1.12510; 0.78437; -0.12588
376.0; 45.168; 8.50; 0.04190; -1.12316; 0.76472; -0.14541
376.2; 45.192; 8.50; 0.04421; -1.11673; 0.74156; -0.16410
376.4; 45.216; 8.50; 0.04628; -1.11197; 0.71497; -0.18190
376.6; 45.241; 8.49; 0.04815; -1.10608; 0.68509; -0.19879
376.8; 45.266; 8.49; 0.04978; -1.09507; 0.65206; -0.21468
377.0; 45.291; 8.48; 0.05104; -1.07394; 0.61605; -0.22932
377.2; 45.316; 8.48; 0.05167; -1.03576; 0.57724; -0.24235
377.4; 45.341; 8.47; 0.05120; -0.96994; 0.53588; -0.25315
377.6; 45.366; 8.47; 0.04896; -0.86186; 0.49223; -0.26077
377.8; 45.391; 8.38; 0.04855; -0.96480; 0.44676; -0.26759
378.0; 45.416; 8.29; 0.04983; -0.98974; 0.39991; -0.27495
378.2; 45.442; 8.20; 0.05122; -0.99295; 0.35191; -0.28170
378.4; 45.468; 8.11; 0.05230; -0.99211; 0.30292; -0.28752
378.6; 45.495; 8.02; 0.05302; -0.99228; 0.25312; -0.29231
378.8; 45.521; 7.93; 0.05344; -0.99482; 0.20270; -0.29606
379.0; 45.548; 7.84; 0.05360; -1.00004; 0.15186; -0.29879
379.2; 45.575; 7.75; 0.05358; -1.00786; 0.10081; -0.30050
379.4; 45.602; 7.66; 0.05344; -1.01808; 0.04978; -0.30122
379.6; 45.629; 7.57; 0.05321; -1.03050; -0.00101; -0.30097
379.8; 45.656; 7.48; 0.05296; -1.04496; -0.05133; -0.29978
380.0; 45.683; 7.39; 0.05271; -1.06138; -0.10095; -0.29768
380.2; 45.711; 7.30; 0.05250; -1.07984; -0.14966; -0.29474
380.4; 45.739; 7.21; 0.05237; -1.10064; -0.19728; -0.29103
380.6; 45.766; 7.13; 0.05235; -1.12435; -0.24364; -0.28667
380.8; 45.794; 7.04; 0.05250; -1.15194; -0.28858; -0.28181
381.0; 45.821; 6.96; 0.05289; -1.18483; -0.33202; -0.27668
381.2; 45.849; 6.88; 0.05364; -1.22515; -0.37389; -0.27158
381.4; 45.877; 6.80; 0.05493; -1.27648; -0.41418; -0.26688
381.6; 45.904; 6.73; 0.05722; -1.35363; -0.45294; -0.26329
381.8; 45.932; 6.71; 0.05792; -1.30004; -0.49033; -0.25935
382.0; 45.959; 6.69; 0.05730; -1.28701; -0.52655; -0.25424
382.2; 45.986; 6.67; 0.05633; -1.28501; -0.56167; -0.24889
382.4; 46.013; 6.65; 0.05522; -1.28576; -0.59575; -0.24353
382.6; 46.040; 6.63; 0.05404; -1.28714; -0.62879; -0.23800
382.8; 46.067; 6.62; 0.05280; -1.28889; -0.66073; -0.23198
383.0; 46.093; 6.60; 0.05149; -1.29105; -0.69147; -0.22519
383.2; 46.119; 6.59; 0.05016; -1.29353; -0.72082; -0.21730
383.4; 46.145; 6.57; 0.04880; -1.29615; -0.74859; -0.20803
383.6; 46.171; 6.56; 0.04744; -1.29875; -0.77451; -0.19708
383.8; 46.196; 6.55; 0.04609; -1.30134; -0.79829; -0.18417
384.0; 46.221; 6.54; 0.04477; -1.30405; -0.81963; -0.16903
384.2; 46.246; 6.53; 0.04348; -1.30713; -0.83821; -0.15146
384.4; 46.270; 6.52; 0.04226; -1.31066; -0.85369; -0.13127
384.6; 46.293; 6.51; 0.04111; -1.31385; -0.86576; -0.10837
384.8; 46.317; 6.51; 0.04003; -1.31583; -0.87413; -0.08286
385.0; 46.340; 6.50; 0.03900; -1.31669; -0.87860; -0.05572
385.2; 46.363; 6.50; 0.03799; -1.31664; -0.87915; -0.02884
385.4; 46.386; 6.49; 0.03698; -1.31578; -0.87593; -0.00382
385.6; 46.410; 6.49; 0.03595; -1.31417; -0.86916; 0.01882
385.8; 46.433; 6.49; 0.03491; -1.31187; -0.85911; 0.03919
386.0; 46.458; 6.49; 0.03385; -1.30890; -0.84605; 0.05747
386.2; 46.482; 6.49; 0.03277; -1.30524; -0.83022; 0.07394
386.4; 46.507; 6.49; 0.03167; -1.30085; -0.81183; 0.08886
386.6; 46.533; 6.50; 0.03056; -1.29568; -0.79106; 0.10255
386.8; 46.558; 6.50; 0.02944; -1.28967; -0.76808; 0.11534
387.0; 46.584; 6.51; 0.02831; -1.28273; -0.74297; 0.12756
387.2; 46.610; 6.52; 0.02719; -1.27477; -0.71580; 0.13957
387.4; 46.636; 6.53; 0.02607; -1.26567; -0.68654; 0.15172
387.6; 46.662; 6.54; 0.02496; -1.25525; -0.65513; 0.16439
387.8; 46.689; 6.56; 0.02386; -1.24326; -0.62142; 0.17786
388.0; 46.716; 6.58; 0.02276; -1.22934; -0.58517; 0.19199
388.2; 46.743; 6.60; 0.02166; -1.21301; -0.54616; 0.20601
388.4; 46.770; 6.62; 0.02054; -1.19378; -0.50429; 0.21910
388.6; 46.798; 6.65; 0.01940; -1.17122; -0.45963; 0.23083
388.8; 46.826; 6.68; 0.01822; -1.14510; -0.41238; 0.24104
389.0; 46.854; 6.72; 0.01702; -1.11540; -0.36276; 0.24970
389.2; 46.883; 6.76; 0.01581; -1.08241; -0.31106; 0.25684
389.4; 46.912; 6.81; 0.01462; -1.04673; -0.25755; 0.26252
389.6; 46.941; 6.86; 0.01348; -1.00919; -0.20255; 0.26684
389.8; 46.971; 6.92; 0.01245; -0.97063; -0.14634; 0.26992
390.0; 47.000; 6.98; 0.01153; -0.93182; -0.08920; 0.27185
390.2; 47.030; 7.05; 0.01076; -0.89340; -0.03141; 0.27273
390.4; 47.059; 7.12; 0.01012; -0.85592; 0.02678; 0.27266
390.6; 47.088; 7.20; 0.00961; -0.81994; 0.08513; 0.27169
390.8; 47.117; 7.28; 0.00921; -0.78606; 0.14341; 0.26988
391.0; 47.146; 7.37; 0.00891; -0.75495; 0.20138; 0.26724
391.2; 47.175; 7.45; 0.00870; -0.72737; 0.25882; 0.26377
391.4; 47.203; 7.54; 0.00856; -0.70412; 0.31550; 0.25946
391.6; 47.231; 7.63; 0.00852; -0.68599; 0.37121; 0.25429
391.8; 47.259; 7.72; 0.00855; -0.67371; 0.42573; 0.24823
392.0; 47.286; 7.81; 0.00869; -0.66784; 0.47883; 0.24117
392.2; 47.313; 7.89; 0.00893; -0.66865; 0.53028; 0.23296
392.4; 47.339; 7.98; 0.00929; -0.67586; 0.57980; 0.22345
392.6; 47.366; 8.06; 0.00978; -0.68848; 0.62709; 0.21251
392.8; 47.391; 8.13; 0.01040; -0.70455; 0.67186; 0.20006
393.0; 47.417; 8.21; 0.01113; -0.72112; 0.71382; 0.18608
393.2; 47.442; 8.28; 0.01192; -0.73430; 0.75266; 0.17062
393.4; 47.466; 8.34; 0.01272; -0.73962; 0.78814; 0.15385
393.6; 47.490; 8.41; 0.01340; -0.73254; 0.82002; 0.13603
393.8; 47.514; 8.47; 0.01386; -0.70923; 0.84814; 0.11748
394.0; 47.538; 8.50; 0.01465; -0.72353; 0.87236; 0.09780
394.2; 47.561; 8.50; 0.01583; -0.72443; 0.89258; 0.07676
394.4; 47.584; 8.50; 0.01655; -0.67239; 0.90869; 0.05534
394.6; 47.607; 8.50; 0.01635; -0.59142; 0.92068; 0.03494
394.8; 47.630; 8.50; 0.01524; -0.49915; 0.92875; 0.01653
395.0; 47.652; 8.50; 0.01346; -0.40280; 0.93318; 0.00055
395.2; 47.675; 8.50; 0.01132; -0.30883; 0.93436; -0.01292
395.4; 47.698; 8.50; 0.00910; -0.22240; 0.93272; -0.02401
395.6; 47.721; 8.50; 0.00700; -0.14636; 0.92871; -0.03291
395.8; 47.744; 8.50; 0.00512; -0.08175; 0.92274; -0.03987
396.0; 47.768; 8.50; 0.00351; -0.02827; 0.91522; -0.04514
396.2; 47.791; 8.50; 0.00216; 0.01514; 0.90650; -0.04896
396.4; 47.814; 8.50; 0.00105; 0.04960; 0.89689; -0.05154
396.6; 47.837; 8.50; 0.00015; 0.07618; 0.88667; -0.05306
396.8; 47.860; 8.50; -0.00058; 0.09588; 0.87605; -0.05369
397.0; 47.884; 8.50; -0.00114; 0.10962; 0.86524; -0.05358
397.2; 47.907; 8.50; -0.00157; 0.11828; 0.85440; -0.05284
397.4; 47.930; 8.50; -0.00187; 0.12265; 0.84366; -0.05158
397.6; 47.954; 8.50; -0.00208; 0.12347; 0.83316; -0.04989
397.8; 47.977; 8.50; -0.00220; 0.12141; 0.82297; -0.04784
398.0; 48.001; 8.50; -0.00224; 0.11706; 0.81320; -0.04549
398.2; 48.024; 8.50; -0.00223; 0.11097; 0.80391; -0.04289
398.4; 48.048; 8.50; -0.00217; 0.10361; 0.79515; -0.04007
398.6; 48.072; 8.50; -0.00207; 0.09539; 0.78698; -0.03706
398.8; 48.095; 8.50; -0.00195; 0.08665; 0.77944; -0.03387
399.0; 48.119; 8.50; -0.00180; 0.07770; 0.77258; -0.03052
399.2; 48.143; 8.50; -0.00165; 0.06876; 0.76644; -0.02700
399.4; 48.166; 8.50; -0.00148; 0.06004; 0.76104; -0.02332
399.6; 48.190; 8.50; -0.00132; 0.05167; 0.75643; -0.01948
399.8; 48.214; 8.50; -0.00116; 0.04378; 0.75265; -0.01545
400.0; 48.238; 8.50; -0.00100; 0.03644; 0.74972; -0.01125
400.2; 48.262; 8.50; -0.00085; 0.02969; 0.74770; -0.00686
400.4; 48.286; 8.50; -0.00072; 0.02359; 0.74660; -0.00236
