# s_m; t_s; f_x_fl_N; f_y_fl_N; f_z_fl_N; f_x_fr_N; f_y_fr_N; f_z_fr_N;f_x_rl_N; f_y_rl_N; f_z_rl_N; f_x_rr_N;f_y_rr_N; f_z_rr_N;
0.0; 0.000; -5.9; 0.2; 8.4; -5.9; 0.2; 8.6; 6.2; 0.2; 8.4; 6.2; 0.3; 8.6
0.2; 0.024; -6.4; 0.2; 8.4; -6.4; 0.2; 8.6; 6.6; 0.2; 8.4; 6.6; 0.2; 8.6
0.4; 0.048; -6.2; 0.1; 8.4; -6.2; 0.1; 8.6; 6.4; 0.2; 8.4; 6.4; 0.2; 8.6
0.6; 0.072; -6.1; 0.1; 8.5; -6.1; 0.1; 8.6; 6.4; 0.1; 8.5; 6.4; 0.1; 8.6
0.8; 0.095; -6.1; 0.1; 8.5; -6.1; 0.1; 8.5; 6.4; 0.1; 8.5; 6.4; 0.1; 8.5
1.0; 0.119; -6.1; 0.0; 8.5; -6.1; 0.0; 8.5; 6.4; 0.0; 8.5; 6.4; 0.0; 8.5
1.2; 0.143; -6.1; 0.0; 8.5; -6.1; 0.0; 8.5; 6.4; 0.0; 8.5; 6.4; 0.0; 8.5
1.4; 0.167; -6.1; -0.0; 8.5; -6.1; -0.0; 8.5; 6.4; -0.0; 8.5; 6.4; -0.0; 8.5
1.6; 0.191; -6.1; -0.0; 8.5; -6.1; -0.0; 8.5; 6.4; -0.0; 8.5; 6.4; -0.0; 8.5
1.8; 0.214; -6.1; -0.0; 8.5; -6.1; -0.0; 8.5; 6.4; -0.0; 8.5; 6.4; -0.0; 8.5
2.0; 0.238; -6.1; -0.0; 8.5; -6.1; -0.0; 8.5; 6.4; -0.1; 8.5; 6.4; -0.1; 8.5
2.2; 0.262; -6.1; -0.1; 8.5; -6.1; -0.1; 8.5; 6.4; -0.1; 8.5; 6.4; -0.1; 8.5
2.4; 0.285; -6.1; -0.1; 8.5; -6.1; -0.1; 8.5; 6.4; -0.1; 8.5; 6.4; -0.1; 8.5
2.6; 0.309; -6.1; -0.1; 8.5; -6.1; -0.1; 8.5; 6.4; -0.1; 8.5; 6.4; -0.1; 8.5
2.8; 0.333; -6.1; -0.1; 8.6; -6.1; -0.1; 8.5; 6.4; -0.1; 8.6; 6.4; -0.1; 8.5
3.0; 0.356; -6.1; -0.1; 8.6; -6.1; -0.1; 8.5; 6.4; -0.1; 8.6; 6.4; -0.1; 8.5
3.2; 0.380; -6.1; -0.1; 8.6; -6.1; -0.1; 8.5; 6.4; -0.1; 8.6; 6.4; -0.1; 8.5
3.4; 0.404; -6.1; -0.1; 8.6; -6.1; -0.1; 8.5; 6.4; -0.1; 8.6; 6.4; -0.1; 8.5
3.6; 0.427; -6.1; -0.1; 8.6; -6.1; -0.1; 8.5; 6.4; -0.1; 8.6; 6.4; -0.1; 8.5
3.8; 0.451; -6.1; -0.1; 8.6; -6.1; -0.1; 8.5; 6.4; -0.1; 8.6; 6.4; -0.1; 8.5
4.0; 0.474; -6.1; -0.1; 8.6; -6.1; -0.1; 8.5; 6.4; -0.1; 8.6; 6.4; -0.1; 8.5
4.2; 0.498; -6.1; -0.1; 8.6; -6.1; -0.1; 8.5; 6.4; -0.1; 8.6; 6.4; -0.1; 8.5
4.4; 0.521; -6.1; -0.1; 8.6; -6.1; -0.1; 8.5; 6.4; -0.1; 8.6; 6.4; -0.1; 8.5
4.6; 0.545; -6.1; -0.1; 8.6; -6.1; -0.1; 8.5; 6.4; -0.1; 8.6; 6.4; -0.1; 8.5
4.8; 0.568; -6.1; -0.1; 8.6; -6.1; -0.1; 8.5; 6.4; -0.1; 8.6; 6.4; -0.1; 8.5
5.0; 0.592; -6.1; -0.1; 8.6; -6.1; -0.1; 8.5; 6.4; -0.1; 8.6; 6.4; -0.1; 8.5
5.2; 0.615; -6.1; -0.1; 8.5; -6.1; -0.1; 8.5; 6.4; -0.1; 8.5; 6.4; -0.1; 8.5
5.4; 0.638; -6.1; -0.1; 8.5; -6.1; -0.1; 8.5; 6.4; -0.1; 8.5; 6.4; -0.1; 8.5
5.6; 0.662; -6.1; -0.0; 8.5; -6.1; -0.0; 8.5; 6.4; -0.1; 8.5; 6.4; -0.1; 8.5
5.8; 0.685; -6.1; -0.0; 8.5; -6.1; -0.0; 8.5; 6.4; -0.0; 8.5; 6.4; -0.0; 8.5
6.0; 0.708; -6.1; 0.0; 8.5; -6.1; 0.0; 8.5; 6.4; -0.0; 8.5; 6.4; -0.0; 8.5
6.2; 0.732; -6.2; 0.0; 8.5; -6.2; 0.0; 8.5; 6.4; 0.0; 8.5; 6.4; 0.0; 8.5
6.4; 0.755; -6.2; 0.1; 8.5; -6.2; 0.1; 8.5; 6.4; 0.1; 8.5; 6.4; 0.1; 8.5
6.6; 0.778; -6.2; 0.1; 8.4; -6.2; 0.1; 8.6; 6.4; 0.1; 8.4; 6.4; 0.1; 8.6
6.8; 0.801; -6.2; 0.2; 8.4; -6.2; 0.2; 8.6; 6.4; 0.2; 8.4; 6.4; 0.2; 8.6
7.0; 0.825; -6.2; 0.2; 8.4; -6.2; 0.2; 8.6; 6.5; 0.3; 8.4; 6.5; 0.3; 8.6
7.2; 0.848; -6.2; 0.3; 8.4; -6.2; 0.3; 8.7; 6.5; 0.3; 8.4; 6.5; 0.3; 8.7
7.4; 0.871; -6.2; 0.4; 8.3; -6.2; 0.4; 8.7; 6.5; 0.4; 8.3; 6.5; 0.4; 8.7
7.6; 0.894; -6.2; 0.5; 8.3; -6.2; 0.5; 8.8; 6.5; 0.5; 8.3; 6.5; 0.5; 8.8
7.8; 0.917; -6.2; 0.5; 8.2; -6.2; 0.6; 8.8; 6.5; 0.6; 8.2; 6.5; 0.6; 8.8
8.0; 0.940; -6.2; 0.6; 8.2; -6.2; 0.7; 8.8; 6.4; 0.7; 8.2; 6.4; 0.8; 8.9
8.2; 0.963; -6.1; 0.7; 8.1; -6.1; 0.8; 8.9; 6.4; 0.8; 8.1; 6.4; 0.9; 8.9
8.4; 0.986; -6.1; 0.8; 8.1; -6.1; 0.9; 9.0; 6.3; 0.9; 8.1; 6.3; 1.0; 9.0
8.6; 1.009; -6.0; 0.9; 8.0; -6.0; 1.0; 9.0; 6.3; 1.1; 8.0; 6.3; 1.2; 9.0
8.8; 1.032; -5.9; 1.0; 7.9; -5.9; 1.2; 9.1; 6.2; 1.2; 7.9; 6.2; 1.3; 9.1
9.0; 1.055; -5.8; 1.1; 7.9; -5.8; 1.3; 9.1; 6.1; 1.3; 7.9; 6.1; 1.5; 9.1
9.2; 1.078; -5.8; 1.2; 7.8; -5.8; 1.4; 9.2; 6.0; 1.4; 7.8; 6.0; 1.7; 9.2
9.4; 1.101; -5.7; 1.3; 7.7; -5.7; 1.6; 9.3; 6.0; 1.5; 7.8; 6.0; 1.8; 9.3
9.6; 1.124; -5.6; 1.4; 7.7; -5.6; 1.7; 9.3; 5.9; 1.6; 7.7; 5.9; 2.0; 9.3
9.8; 1.147; -5.5; 1.5; 7.6; -5.5; 1.8; 9.4; 5.8; 1.8; 7.6; 5.8; 2.1; 9.4
10.0; 1.170; -5.5; 1.6; 7.6; -5.5; 2.0; 9.4; 5.8; 1.9; 7.6; 5.8; 2.3; 9.5
10.2; 1.192; -5.4; 1.7; 7.5; -5.4; 2.1; 9.5; 5.7; 1.9; 7.5; 5.7; 2.4; 9.5
10.4; 1.215; -5.4; 1.7; 7.5; -5.4; 2.2; 9.5; 5.7; 2.0; 7.5; 5.7; 2.6; 9.6
10.6; 1.238; -5.3; 1.8; 7.4; -5.3; 2.3; 9.6; 5.6; 2.1; 7.4; 5.6; 2.7; 9.6
10.8; 1.261; -5.3; 1.9; 7.4; -5.3; 2.5; 9.6; 5.6; 2.2; 7.4; 5.6; 2.9; 9.7
11.0; 1.283; -5.2; 1.9; 7.3; -5.2; 2.6; 9.7; 5.5; 2.3; 7.3; 5.5; 3.0; 9.7
11.2; 1.306; -5.0; 2.0; 7.3; -5.0; 2.7; 9.7; 5.3; 2.4; 7.3; 5.3; 3.1; 9.8
11.4; 1.329; -4.7; 2.0; 7.2; -4.7; 2.8; 9.8; 5.0; 2.4; 7.2; 5.0; 3.3; 9.8
11.6; 1.352; -4.3; 2.1; 7.2; -4.3; 2.9; 9.8; 4.7; 2.5; 7.2; 4.7; 3.4; 9.8
11.8; 1.374; -3.9; 2.1; 7.1; -3.9; 3.0; 9.9; 4.2; 2.6; 7.2; 4.2; 3.5; 9.9
12.0; 1.397; -3.3; 2.2; 7.1; -3.3; 3.0; 9.9; 3.7; 2.6; 7.1; 3.7; 3.6; 9.9
12.2; 1.419; -2.9; 2.2; 7.1; -2.9; 3.1; 9.9; 3.2; 2.6; 7.1; 3.2; 3.7; 9.9
12.4; 1.442; -2.6; 2.2; 7.1; -2.6; 3.1; 9.9; 2.9; 2.7; 7.1; 2.9; 3.7; 9.9
12.6; 1.465; -2.5; 2.2; 7.1; -2.5; 3.1; 9.9; 2.8; 2.7; 7.1; 2.8; 3.7; 9.9
12.8; 1.487; -2.7; 2.1; 7.1; -2.7; 3.0; 9.9; 3.0; 2.6; 7.1; 3.0; 3.7; 9.9
13.0; 1.510; -3.3; 2.1; 7.1; -3.3; 2.9; 9.9; 3.6; 2.6; 7.2; 3.6; 3.6; 9.9
13.2; 1.532; -4.1; 2.0; 7.2; -4.1; 2.8; 9.8; 4.4; 2.5; 7.2; 4.4; 3.4; 9.8
13.4; 1.555; -4.7; 1.9; 7.3; -4.7; 2.6; 9.7; 5.0; 2.4; 7.3; 5.0; 3.2; 9.8
13.6; 1.577; -5.1; 1.8; 7.4; -5.1; 2.4; 9.6; 5.4; 2.3; 7.4; 5.4; 3.0; 9.7
13.8; 1.600; -5.4; 1.7; 7.5; -5.4; 2.2; 9.6; 5.7; 2.1; 7.5; 5.7; 2.7; 9.6
14.0; 1.623; -5.6; 1.5; 7.6; -5.6; 1.9; 9.5; 5.9; 1.9; 7.6; 5.9; 2.4; 9.5
14.2; 1.645; -5.8; 1.4; 7.7; -5.8; 1.7; 9.4; 6.1; 1.8; 7.7; 6.1; 2.1; 9.4
14.4; 1.668; -5.9; 1.2; 7.8; -5.9; 1.5; 9.2; 6.2; 1.6; 7.8; 6.2; 1.8; 9.3
14.6; 1.691; -6.0; 1.1; 7.9; -6.0; 1.2; 9.1; 6.3; 1.4; 7.9; 6.3; 1.6; 9.1
14.8; 1.713; -6.1; 0.9; 8.0; -6.1; 1.0; 9.0; 6.4; 1.2; 8.0; 6.4; 1.3; 9.0
15.0; 1.736; -6.1; 0.7; 8.1; -6.1; 0.8; 8.9; 6.4; 1.0; 8.1; 6.4; 1.1; 8.9
15.2; 1.759; -6.1; 0.6; 8.2; -6.1; 0.6; 8.9; 6.4; 0.8; 8.2; 6.4; 0.8; 8.9
15.4; 1.782; -6.1; 0.4; 8.3; -6.1; 0.4; 8.8; 6.4; 0.6; 8.3; 6.4; 0.6; 8.8
15.6; 1.804; -6.1; 0.3; 8.3; -6.1; 0.3; 8.7; 6.4; 0.4; 8.3; 6.4; 0.4; 8.7
15.8; 1.827; -6.1; 0.1; 8.4; -6.1; 0.1; 8.6; 6.4; 0.2; 8.4; 6.4; 0.2; 8.6
16.0; 1.850; -6.1; 0.0; 8.5; -6.1; 0.0; 8.5; 6.4; 0.1; 8.5; 6.4; 0.1; 8.5
16.2; 1.873; -6.1; -0.1; 8.6; -6.1; -0.1; 8.5; 6.3; -0.1; 8.6; 6.3; -0.1; 8.5
16.4; 1.896; -6.0; -0.2; 8.6; -6.0; -0.2; 8.4; 6.3; -0.2; 8.6; 6.3; -0.2; 8.4
16.6; 1.919; -6.0; -0.3; 8.7; -6.0; -0.3; 8.4; 6.3; -0.3; 8.7; 6.3; -0.3; 8.4
16.8; 1.943; -6.0; -0.4; 8.7; -6.0; -0.4; 8.3; 6.2; -0.4; 8.7; 6.2; -0.4; 8.3
17.0; 1.966; -5.9; -0.5; 8.7; -5.9; -0.4; 8.3; 6.2; -0.5; 8.7; 6.2; -0.5; 8.3
17.2; 1.989; -5.9; -0.5; 8.8; -5.9; -0.5; 8.3; 6.2; -0.6; 8.8; 6.2; -0.6; 8.3
17.4; 2.012; -5.9; -0.5; 8.8; -5.9; -0.5; 8.2; 6.1; -0.6; 8.8; 6.1; -0.6; 8.2
17.6; 2.036; -5.8; -0.6; 8.8; -5.8; -0.5; 8.2; 6.1; -0.7; 8.8; 6.1; -0.6; 8.2
17.8; 2.059; -5.8; -0.6; 8.8; -5.8; -0.5; 8.2; 6.1; -0.7; 8.8; 6.1; -0.6; 8.2
18.0; 2.083; -5.8; -0.5; 8.8; -5.8; -0.5; 8.2; 6.1; -0.7; 8.8; 6.1; -0.6; 8.2
18.2; 2.107; -5.8; -0.5; 8.8; -5.8; -0.5; 8.2; 6.1; -0.6; 8.8; 6.1; -0.6; 8.2
18.4; 2.130; -5.9; -0.4; 8.7; -5.9; -0.4; 8.3; 6.2; -0.6; 8.7; 6.2; -0.5; 8.3
18.6; 2.154; -6.0; -0.3; 8.7; -6.0; -0.3; 8.3; 6.2; -0.4; 8.7; 6.2; -0.4; 8.3
18.8; 2.178; -6.1; -0.2; 8.6; -6.1; -0.2; 8.4; 6.4; -0.3; 8.6; 6.4; -0.3; 8.4
19.0; 2.202; -6.2; -0.0; 8.6; -6.2; -0.0; 8.5; 6.5; -0.1; 8.6; 6.5; -0.1; 8.5
19.2; 2.226; -6.4; 0.2; 8.5; -6.4; 0.2; 8.6; 6.7; 0.1; 8.5; 6.7; 0.1; 8.6
19.4; 2.251; -6.6; 0.4; 8.3; -6.6; 0.4; 8.7; 6.9; 0.3; 8.3; 6.9; 0.4; 8.7
19.6; 2.275; -6.8; 0.6; 8.2; -6.8; 0.7; 8.8; 7.1; 0.6; 8.2; 7.1; 0.7; 8.8
19.8; 2.299; -6.8; 0.9; 8.0; -6.8; 1.0; 9.0; 7.1; 1.0; 8.0; 7.1; 1.1; 9.0
20.0; 2.324; -6.8; 1.2; 7.8; -6.8; 1.5; 9.2; 7.1; 1.3; 7.8; 7.1; 1.5; 9.2
20.2; 2.348; -6.6; 1.6; 7.6; -6.6; 1.9; 9.4; 6.9; 1.7; 7.6; 6.9; 2.1; 9.4
20.4; 2.373; -6.3; 1.9; 7.4; -6.3; 2.5; 9.6; 6.6; 2.1; 7.4; 6.6; 2.7; 9.6
20.6; 2.397; -5.8; 2.2; 7.1; -5.8; 3.1; 9.9; 6.2; 2.5; 7.2; 6.2; 3.4; 9.9
20.8; 2.422; -4.9; 2.6; 6.9; -4.9; 3.8; 10.1; 5.2; 2.9; 6.9; 5.2; 4.2; 10.2
21.0; 2.447; -1.4; 2.8; 6.6; -1.4; 4.5; 10.4; 1.8; 3.3; 6.6; 1.8; 5.1; 10.5
21.2; 2.471; -0.4; 3.1; 6.3; -0.4; 5.3; 10.7; 0.8; 3.6; 6.3; 0.8; 6.0; 10.8
21.4; 2.496; -0.2; 3.3; 6.0; -0.2; 6.1; 11.0; 0.7; 3.9; 6.1; 0.7; 7.0; 11.0
21.6; 2.520; -0.2; 3.5; 5.7; -0.2; 6.8; 11.2; 0.7; 4.1; 5.8; 0.7; 7.8; 11.3
21.8; 2.545; -0.1; 3.6; 5.5; -0.1; 7.5; 11.4; 0.8; 4.3; 5.6; 0.8; 8.6; 11.5
22.0; 2.569; -0.1; 3.7; 5.3; -0.1; 8.0; 11.6; 0.8; 4.4; 5.4; 0.8; 9.4; 11.7
22.2; 2.594; -0.1; 3.7; 5.2; -0.1; 8.5; 11.7; 0.9; 4.5; 5.3; 0.9; 10.0; 11.9
22.4; 2.618; -0.1; 3.8; 5.0; -0.1; 8.8; 11.8; 1.0; 4.6; 5.2; 1.0; 10.4; 12.0
22.6; 2.642; -0.2; 3.8; 4.9; -0.2; 9.0; 11.9; 1.0; 4.6; 5.1; 1.0; 10.8; 12.1
22.8; 2.667; -0.2; 3.8; 4.9; -0.2; 9.1; 11.9; 1.1; 4.7; 5.1; 1.1; 11.0; 12.1
23.0; 2.691; -0.2; 3.8; 4.9; -0.2; 9.1; 12.0; 1.2; 4.7; 5.1; 1.2; 11.2; 12.1
23.2; 2.715; -0.5; 3.7; 4.9; -0.5; 9.0; 11.9; 1.4; 4.7; 5.1; 1.4; 11.2; 12.1
23.4; 2.739; -0.9; 3.7; 4.9; -0.9; 8.8; 11.9; 1.8; 4.7; 5.1; 1.8; 11.0; 12.1
23.6; 2.763; -1.3; 3.6; 5.1; -1.3; 8.3; 11.8; 2.1; 4.7; 5.2; 2.1; 10.7; 12.0
23.8; 2.787; -1.8; 3.5; 5.2; -1.8; 7.7; 11.6; 2.6; 4.7; 5.4; 2.6; 10.1; 11.8
24.0; 2.812; -5.5; 3.9; 6.7; -5.5; 7.3; 12.6; -2.0; 3.9; 4.4; -2.0; 9.0; 10.3
24.2; 2.836; -5.6; 3.8; 6.7; -5.6; 7.1; 12.6; -1.9; 3.9; 4.4; -1.9; 9.1; 10.3
24.4; 2.861; -5.6; 3.8; 6.7; -5.6; 7.0; 12.6; -1.9; 4.0; 4.4; -1.9; 9.2; 10.3
24.6; 2.886; -5.6; 3.8; 6.7; -5.6; 7.0; 12.6; -1.9; 4.0; 4.4; -1.9; 9.2; 10.3
24.8; 2.912; -5.6; 3.7; 6.8; -5.6; 6.9; 12.6; -1.9; 4.0; 4.4; -1.9; 9.2; 10.3
25.0; 2.938; -5.7; 3.7; 6.8; -5.7; 6.9; 12.6; -1.9; 4.0; 4.4; -1.9; 9.1; 10.2
25.2; 2.964; -5.7; 3.7; 6.8; -5.7; 6.8; 12.6; -2.0; 4.0; 4.4; -2.0; 9.1; 10.2
25.4; 2.991; -5.7; 3.7; 6.8; -5.7; 6.9; 12.6; -2.0; 4.0; 4.4; -2.0; 9.0; 10.2
25.6; 3.019; -5.7; 3.8; 6.8; -5.7; 6.9; 12.6; -2.0; 4.0; 4.4; -2.0; 9.0; 10.2
25.8; 3.047; -5.6; 3.8; 6.8; -5.6; 7.0; 12.6; -2.0; 4.0; 4.4; -2.0; 9.1; 10.2
26.0; 3.076; -5.5; 3.8; 6.7; -5.5; 7.2; 12.6; -1.9; 4.0; 4.4; -1.9; 9.2; 10.3
26.2; 3.106; -5.4; 3.9; 6.6; -5.4; 7.3; 12.6; -1.8; 4.0; 4.4; -1.8; 9.4; 10.4
26.4; 3.136; -5.2; 3.9; 6.5; -5.2; 7.6; 12.6; -1.7; 4.0; 4.4; -1.7; 9.6; 10.5
26.6; 3.168; -5.0; 4.0; 6.4; -5.0; 7.8; 12.7; -1.5; 4.1; 4.4; -1.5; 9.8; 10.6
26.8; 3.200; -4.8; 4.0; 6.3; -4.8; 8.1; 12.7; -1.4; 4.1; 4.3; -1.4; 10.1; 10.7
27.0; 3.233; -4.6; 4.0; 6.1; -4.6; 8.3; 12.7; -1.2; 4.2; 4.3; -1.2; 10.3; 10.9
27.2; 3.267; -4.4; 4.1; 6.0; -4.4; 8.6; 12.7; -1.0; 4.2; 4.3; -1.0; 10.6; 11.0
27.4; 3.301; -4.3; 4.1; 5.9; -4.3; 8.8; 12.7; -0.8; 4.2; 4.3; -0.8; 10.8; 11.1
27.6; 3.336; -4.1; 4.1; 5.8; -4.1; 9.0; 12.7; -0.6; 4.3; 4.3; -0.6; 11.0; 11.2
27.8; 3.373; -4.0; 4.1; 5.7; -4.0; 9.1; 12.7; -0.4; 4.3; 4.3; -0.4; 11.2; 11.3
28.0; 3.409; -3.8; 4.1; 5.6; -3.8; 9.3; 12.7; -0.3; 4.3; 4.3; -0.3; 11.3; 11.4
28.2; 3.447; -3.7; 4.1; 5.5; -3.7; 9.4; 12.7; -0.1; 4.3; 4.3; -0.1; 11.5; 11.5
28.4; 3.485; -3.7; 4.1; 5.5; -3.7; 9.4; 12.7; -0.1; 4.3; 4.3; -0.1; 11.5; 11.5
28.6; 3.524; -3.7; 4.1; 5.6; -3.7; 9.4; 12.7; -0.3; 4.3; 4.3; -0.3; 11.4; 11.5
28.8; 3.563; -2.8; 4.0; 5.2; -2.8; 9.6; 12.5; 0.4; 4.5; 4.5; 0.4; 11.8; 11.8
29.0; 3.602; -1.4; 3.9; 4.9; -1.4; 9.8; 12.4; 0.4; 4.6; 4.6; 0.4; 12.1; 12.1
29.2; 3.642; -0.1; 3.8; 4.7; -0.1; 9.9; 12.3; 0.2; 4.7; 4.7; 0.2; 12.3; 12.3
29.4; 3.679; -0.1; 3.8; 4.7; -0.1; 10.0; 12.3; 0.3; 4.7; 4.7; 0.3; 12.3; 12.3
29.6; 3.715; -0.1; 3.8; 4.7; -0.1; 10.0; 12.3; 0.2; 4.7; 4.7; 0.2; 12.3; 12.3
29.8; 3.746; -0.1; 3.8; 4.7; -0.1; 10.0; 12.3; 0.1; 4.7; 4.7; 0.1; 12.3; 12.3
30.0; 3.773; -0.1; 3.8; 4.7; -0.1; 10.0; 12.3; 0.1; 4.7; 4.7; 0.1; 12.3; 12.3
30.2; 3.794; -0.1; 3.8; 4.7; -0.1; 10.0; 12.3; 0.1; 4.7; 4.7; 0.1; 12.3; 12.3
30.4; 3.812; -0.1; 3.8; 4.7; -0.1; 10.0; 12.3; 0.2; 4.7; 4.7; 0.2; 12.3; 12.3
30.6; 3.828; -0.1; 3.8; 4.7; -0.1; 10.1; 12.3; 0.2; 4.7; 4.7; 0.2; 12.2; 12.3
30.8; 3.846; -0.1; 3.8; 4.7; -0.1; 10.1; 12.3; 0.3; 4.7; 4.7; 0.3; 12.2; 12.3
31.0; 3.868; -0.1; 3.8; 4.7; -0.1; 10.1; 12.3; 0.4; 4.7; 4.8; 0.4; 12.2; 12.3
31.2; 3.893; -0.1; 3.8; 4.7; -0.1; 10.1; 12.2; 0.5; 4.7; 4.8; 0.5; 12.2; 12.3
31.4; 3.921; -0.1; 3.8; 4.7; -0.1; 10.0; 12.2; 0.7; 4.8; 4.8; 0.7; 12.1; 12.4
31.6; 3.952; -0.1; 3.7; 4.7; -0.1; 10.0; 12.2; 0.9; 4.8; 4.9; 0.9; 12.0; 12.4
31.8; 3.985; -0.1; 3.7; 4.6; -0.1; 10.0; 12.1; 1.1; 4.8; 4.9; 1.1; 11.9; 12.4
32.0; 4.019; -0.1; 3.7; 4.6; -0.1; 9.9; 12.1; 1.3; 4.8; 5.0; 1.3; 11.8; 12.4
32.2; 4.054; -0.1; 3.7; 4.6; -0.1; 9.9; 12.0; 1.5; 4.8; 5.0; 1.5; 11.7; 12.4
32.4; 4.089; -0.1; 3.7; 4.6; -0.1; 9.8; 12.0; 1.6; 4.8; 5.1; 1.6; 11.5; 12.4
32.6; 4.126; -0.1; 3.7; 4.6; -0.1; 9.8; 11.9; 1.7; 4.8; 5.1; 1.7; 11.4; 12.4
32.8; 4.163; -0.1; 3.7; 4.6; -0.1; 9.7; 11.9; 1.8; 4.8; 5.1; 1.8; 11.3; 12.4
33.0; 4.200; -0.1; 3.7; 4.6; -0.1; 9.7; 11.9; 1.9; 4.8; 5.1; 1.9; 11.3; 12.4
33.2; 4.238; -0.1; 3.7; 4.6; -0.1; 9.7; 11.9; 1.9; 4.8; 5.2; 1.9; 11.2; 12.4
33.4; 4.277; -0.1; 3.6; 4.7; -0.1; 9.5; 11.8; 2.0; 4.8; 5.2; 2.0; 11.1; 12.4
33.6; 4.315; -0.1; 3.6; 4.7; -0.1; 9.3; 11.7; 2.2; 4.8; 5.3; 2.2; 10.9; 12.3
33.8; 4.354; -0.1; 3.6; 4.7; -0.1; 9.1; 11.6; 2.5; 4.8; 5.4; 2.5; 10.6; 12.3
34.0; 4.392; -0.1; 3.5; 4.8; -0.1; 8.7; 11.4; 2.9; 4.8; 5.6; 2.9; 10.2; 12.3
34.2; 4.431; -0.1; 3.4; 4.8; -0.1; 8.2; 11.2; 3.4; 4.7; 5.8; 3.4; 9.6; 12.2
34.4; 4.469; -0.1; 3.4; 4.9; -0.1; 7.7; 11.0; 3.9; 4.6; 6.0; 3.9; 9.0; 12.1
34.6; 4.506; -0.1; 3.3; 5.0; -0.1; 7.3; 10.8; 4.4; 4.5; 6.3; 4.4; 8.4; 12.0
34.8; 4.543; -0.1; 3.2; 5.1; -0.1; 6.8; 10.5; 4.8; 4.4; 6.5; 4.8; 7.8; 11.9
35.0; 4.579; -0.1; 3.1; 5.2; -0.1; 6.4; 10.3; 5.2; 4.2; 6.7; 5.2; 7.3; 11.8
35.2; 4.615; -0.1; 3.0; 5.3; -0.1; 5.9; 10.2; 5.5; 4.1; 6.9; 5.5; 6.8; 11.7
35.4; 4.649; -0.1; 2.9; 5.4; -0.1; 5.5; 10.0; 5.9; 3.9; 7.1; 5.9; 6.3; 11.7
35.6; 4.684; -0.1; 2.8; 5.5; -0.1; 5.1; 9.8; 6.2; 3.8; 7.2; 6.2; 5.9; 11.6
35.8; 4.717; -0.1; 2.7; 5.5; -0.1; 4.7; 9.6; 6.5; 3.6; 7.4; 6.5; 5.5; 11.5
36.0; 4.749; -0.1; 2.6; 5.6; -0.1; 4.3; 9.4; 6.8; 3.4; 7.6; 6.8; 5.0; 11.4
36.2; 4.781; -0.1; 2.4; 5.7; -0.1; 4.0; 9.2; 7.1; 3.3; 7.8; 7.1; 4.6; 11.3
36.4; 4.812; -0.1; 2.3; 5.8; -0.1; 3.6; 9.1; 7.3; 3.1; 7.9; 7.3; 4.3; 11.2
36.6; 4.843; -0.1; 2.2; 5.9; -0.1; 3.3; 8.9; 7.6; 2.9; 8.1; 7.6; 3.9; 11.1
36.8; 4.872; -0.1; 2.0; 6.0; -0.1; 3.0; 8.8; 7.8; 2.7; 8.2; 7.8; 3.6; 11.0
37.0; 4.901; -0.1; 1.9; 6.1; -0.1; 2.7; 8.6; 8.0; 2.5; 8.4; 8.0; 3.3; 11.0
37.2; 4.930; -0.1; 1.8; 6.1; -0.1; 2.5; 8.5; 8.2; 2.4; 8.5; 8.2; 3.0; 10.9
37.4; 4.957; -0.1; 1.7; 6.2; -0.1; 2.2; 8.4; 8.4; 2.2; 8.6; 8.4; 2.7; 10.8
37.6; 4.984; -0.1; 1.5; 6.3; -0.1; 2.0; 8.3; 8.5; 2.0; 8.8; 8.5; 2.4; 10.7
37.8; 5.011; -0.1; 1.4; 6.3; -0.1; 1.8; 8.1; 8.7; 1.9; 8.9; 8.7; 2.2; 10.7
38.0; 5.037; -0.1; 1.3; 6.4; -0.1; 1.6; 8.0; 8.8; 1.7; 9.0; 8.8; 2.0; 10.6
38.2; 5.062; -0.1; 1.2; 6.5; -0.1; 1.5; 8.0; 8.9; 1.6; 9.1; 8.9; 1.8; 10.6
38.4; 5.087; -0.1; 1.1; 6.5; -0.1; 1.3; 7.9; 9.0; 1.4; 9.1; 9.0; 1.6; 10.5
38.6; 5.112; -0.1; 1.0; 6.6; -0.1; 1.2; 7.8; 9.1; 1.3; 9.2; 9.1; 1.5; 10.5
38.8; 5.136; -0.1; 1.0; 6.6; -0.1; 1.1; 7.7; 9.2; 1.2; 9.3; 9.2; 1.4; 10.4
39.0; 5.160; -0.1; 0.9; 6.6; -0.1; 1.0; 7.7; 9.2; 1.1; 9.3; 9.2; 1.3; 10.4
39.2; 5.184; -0.9; 0.9; 6.8; -0.9; 1.0; 7.9; 8.8; 1.1; 9.2; 8.8; 1.2; 10.2
39.4; 5.207; -5.7; 0.9; 8.0; -5.7; 1.0; 9.0; 5.9; 1.0; 8.0; 5.9; 1.2; 9.0
39.6; 5.230; -5.9; 0.9; 8.0; -5.9; 1.0; 9.0; 6.2; 1.1; 8.0; 6.2; 1.2; 9.0
39.8; 5.254; -6.1; 0.8; 8.0; -6.1; 0.9; 9.0; 6.3; 1.0; 8.0; 6.3; 1.1; 9.0
40.0; 5.277; -6.1; 0.7; 8.1; -6.1; 0.8; 8.9; 6.4; 0.9; 8.1; 6.4; 1.0; 8.9
40.2; 5.301; -6.2; 0.6; 8.1; -6.2; 0.7; 8.9; 6.4; 0.8; 8.1; 6.4; 0.9; 8.9
40.4; 5.324; -6.2; 0.5; 8.2; -6.2; 0.6; 8.8; 6.5; 0.7; 8.2; 6.5; 0.7; 8.8
40.6; 5.348; -6.2; 0.4; 8.3; -6.2; 0.5; 8.8; 6.5; 0.6; 8.3; 6.5; 0.6; 8.8
40.8; 5.371; -6.2; 0.3; 8.3; -6.2; 0.3; 8.7; 6.4; 0.4; 8.3; 6.4; 0.5; 8.7
41.0; 5.394; -6.2; 0.2; 8.4; -6.2; 0.3; 8.7; 6.4; 0.3; 8.4; 6.4; 0.3; 8.7
41.2; 5.418; -6.1; 0.2; 8.4; -6.1; 0.2; 8.6; 6.4; 0.2; 8.4; 6.4; 0.2; 8.6
41.4; 5.441; -6.1; 0.1; 8.4; -6.1; 0.1; 8.6; 6.4; 0.2; 8.4; 6.4; 0.2; 8.6
41.6; 5.465; -6.1; 0.0; 8.5; -6.1; 0.0; 8.5; 6.4; 0.1; 8.5; 6.4; 0.1; 8.5
41.8; 5.488; -6.1; -0.0; 8.5; -6.1; -0.0; 8.5; 6.4; 0.0; 8.5; 6.4; 0.0; 8.5
42.0; 5.512; -6.1; -0.0; 8.5; -6.1; -0.0; 8.5; 6.4; -0.0; 8.5; 6.4; -0.0; 8.5
42.2; 5.535; -6.1; -0.1; 8.5; -6.1; -0.1; 8.5; 6.4; -0.1; 8.5; 6.4; -0.1; 8.5
42.4; 5.558; -6.1; -0.1; 8.6; -6.1; -0.1; 8.5; 6.4; -0.1; 8.6; 6.4; -0.1; 8.5
42.6; 5.582; -6.1; -0.1; 8.6; -6.1; -0.1; 8.5; 6.4; -0.1; 8.6; 6.4; -0.1; 8.5
42.8; 5.605; -6.1; -0.1; 8.6; -6.1; -0.1; 8.4; 6.4; -0.1; 8.6; 6.4; -0.1; 8.4
43.0; 5.629; -6.1; -0.1; 8.6; -6.1; -0.1; 8.4; 6.4; -0.2; 8.6; 6.4; -0.2; 8.4
43.2; 5.652; -6.1; -0.1; 8.6; -6.1; -0.1; 8.4; 6.4; -0.2; 8.6; 6.4; -0.2; 8.4
43.4; 5.676; -6.1; -0.1; 8.6; -6.1; -0.1; 8.4; 6.4; -0.2; 8.6; 6.4; -0.2; 8.4
43.6; 5.699; -6.1; -0.1; 8.6; -6.1; -0.1; 8.4; 6.4; -0.2; 8.6; 6.4; -0.2; 8.4
43.8; 5.723; -6.1; -0.1; 8.6; -6.1; -0.1; 8.4; 6.4; -0.2; 8.6; 6.4; -0.2; 8.4
44.0; 5.746; -6.1; -0.1; 8.6; -6.1; -0.1; 8.4; 6.4; -0.1; 8.6; 6.4; -0.1; 8.4
44.2; 5.769; -6.1; -0.1; 8.6; -6.1; -0.1; 8.5; 6.4; -0.1; 8.6; 6.4; -0.1; 8.5
44.4; 5.793; -6.1; -0.1; 8.6; -6.1; -0.1; 8.5; 6.4; -0.1; 8.6; 6.4; -0.1; 8.5
44.6; 5.816; -6.1; -0.1; 8.6; -6.1; -0.1; 8.5; 6.4; -0.1; 8.6; 6.4; -0.1; 8.5
44.8; 5.840; -6.1; -0.1; 8.6; -6.1; -0.1; 8.5; 6.4; -0.1; 8.6; 6.4; -0.1; 8.5
45.0; 5.863; -6.1; -0.1; 8.5; -6.1; -0.1; 8.5; 6.4; -0.1; 8.5; 6.4; -0.1; 8.5
45.2; 5.887; -6.1; -0.1; 8.5; -6.1; -0.1; 8.5; 6.4; -0.1; 8.5; 6.4; -0.1; 8.5
45.4; 5.910; -6.1; -0.1; 8.5; -6.1; -0.1; 8.5; 6.4; -0.1; 8.5; 6.4; -0.1; 8.5
45.6; 5.934; -6.1; -0.0; 8.5; -6.1; -0.0; 8.5; 6.4; -0.1; 8.5; 6.4; -0.1; 8.5
45.8; 5.957; -6.1; -0.0; 8.5; -6.1; -0.0; 8.5; 6.4; -0.0; 8.5; 6.4; -0.0; 8.5
46.0; 5.981; -6.1; -0.0; 8.5; -6.1; -0.0; 8.5; 6.4; -0.0; 8.5; 6.4; -0.0; 8.5
46.2; 6.004; -6.1; -0.0; 8.5; -6.1; -0.0; 8.5; 6.4; -0.0; 8.5; 6.4; -0.0; 8.5
46.4; 6.028; -6.1; -0.0; 8.5; -6.1; -0.0; 8.5; 6.4; -0.0; 8.5; 6.4; -0.0; 8.5
46.6; 6.051; -6.1; -0.0; 8.5; -6.1; -0.0; 8.5; 6.4; -0.0; 8.5; 6.4; -0.0; 8.5
46.8; 6.075; -6.1; -0.0; 8.5; -6.1; -0.0; 8.5; 6.4; -0.0; 8.5; 6.4; -0.0; 8.5
47.0; 6.098; -6.1; -0.0; 8.5; -6.1; -0.0; 8.5; 6.4; -0.0; 8.5; 6.4; -0.0; 8.5
47.2; 6.122; -6.1; -0.0; 8.5; -6.1; -0.0; 8.5; 6.4; -0.0; 8.5; 6.4; -0.0; 8.5
47.4; 6.145; -6.1; -0.0; 8.5; -6.1; -0.0; 8.5; 6.4; -0.0; 8.5; 6.4; -0.0; 8.5
47.6; 6.169; -6.1; -0.0; 8.5; -6.1; -0.0; 8.5; 6.4; -0.0; 8.5; 6.4; -0.0; 8.5
47.8; 6.192; -6.1; 0.0; 8.5; -6.1; 0.0; 8.5; 6.4; 0.0; 8.5; 6.4; 0.0; 8.5
48.0; 6.216; -6.1; 0.0; 8.5; -6.1; 0.0; 8.5; 6.4; 0.0; 8.5; 6.4; 0.0; 8.5
48.2; 6.239; -6.1; 0.0; 8.5; -6.1; 0.0; 8.5; 6.4; 0.0; 8.5; 6.4; 0.0; 8.5
48.4; 6.263; -6.1; 0.0; 8.5; -6.1; 0.0; 8.5; 6.4; 0.0; 8.5; 6.4; 0.0; 8.5
48.6; 6.286; -6.1; 0.0; 8.5; -6.1; 0.0; 8.5; 6.4; 0.0; 8.5; 6.4; 0.0; 8.5
48.8; 6.310; -6.1; 0.0; 8.5; -6.1; 0.0; 8.5; 6.4; 0.0; 8.5; 6.4; 0.0; 8.5
49.0; 6.333; -6.1; 0.0; 8.5; -6.1; 0.0; 8.5; 6.4; 0.0; 8.5; 6.4; 0.0; 8.5
49.2; 6.357; -6.1; 0.0; 8.5; -6.1; 0.0; 8.5; 6.4; 0.0; 8.5; 6.4; 0.0; 8.5
49.4; 6.381; -6.1; 0.0; 8.5; -6.1; 0.0; 8.5; 6.4; 0.0; 8.5; 6.4; 0.0; 8.5
49.6; 6.404; -6.1; 0.0; 8.5; -6.1; 0.0; 8.5; 6.4; 0.0; 8.5; 6.4; 0.0; 8.5
49.8; 6.428; -6.1; 0.0; 8.5; -6.1; 0.0; 8.5; 6.4; 0.0; 8.5; 6.4; 0.0; 8.5
50.0; 6.451; -6.1; 0.0; 8.5; -6.1; 0.0; 8.5; 6.4; 0.0; 8.5; 6.4; 0.0; 8.5
50.2; 6.475; -6.1; 0.0; 8.5; -6.1; 0.0; 8.5; 6.4; 0.0; 8.5; 6.4; 0.0; 8.5
50.4; 6.498; -6.1; 0.0; 8.5; -6.1; 0.0; 8.5; 6.4; 0.0; 8.5; 6.4; 0.0; 8.5
50.6; 6.522; -6.1; 0.0; 8.5; -6.1; 0.0; 8.5; 6.4; 0.0; 8.5; 6.4; 0.0; 8.5
50.8; 6.545; -6.1; 0.0; 8.5; -6.1; 0.0; 8.5; 6.4; 0.0; 8.5; 6.4; 0.0; 8.5
51.0; 6.569; -6.1; -0.0; 8.5; -6.1; -0.0; 8.5; 6.4; -0.0; 8.5; 6.4; -0.0; 8.5
51.2; 6.592; -6.1; -0.0; 8.5; -6.1; -0.0; 8.5; 6.4; -0.0; 8.5; 6.4; -0.0; 8.5
51.4; 6.616; -6.1; -0.0; 8.5; -6.1; -0.0; 8.5; 6.4; -0.0; 8.5; 6.4; -0.0; 8.5
51.6; 6.640; -6.1; -0.0; 8.5; -6.1; -0.0; 8.5; 6.4; -0.0; 8.5; 6.4; -0.0; 8.5
51.8; 6.663; -6.1; -0.0; 8.5; -6.1; -0.0; 8.5; 6.4; -0.0; 8.5; 6.4; -0.0; 8.5
52.0; 6.687; -6.1; -0.0; 8.5; -6.1; -0.0; 8.5; 6.4; -0.0; 8.5; 6.4; -0.0; 8.5
52.2; 6.710; -6.1; -0.0; 8.5; -6.1; -0.0; 8.5; 6.4; -0.0; 8.5; 6.4; -0.0; 8.5
52.4; 6.734; -6.1; -0.0; 8.5; -6.1; -0.0; 8.5; 6.4; -0.0; 8.5; 6.4; -0.0; 8.5
52.6; 6.757; -6.1; -0.0; 8.5; -6.1; -0.0; 8.5; 6.4; -0.0; 8.5; 6.4; -0.0; 8.5
52.8; 6.781; -6.1; -0.0; 8.5; -6.1; -0.0; 8.5; 6.4; -0.0; 8.5; 6.4; -0.0; 8.5
53.0; 6.804; -6.1; -0.0; 8.5; -6.1; -0.0; 8.5; 6.4; -0.0; 8.5; 6.4; -0.0; 8.5
53.2; 6.828; -6.1; -0.0; 8.5; -6.1; -0.0; 8.5; 6.4; -0.0; 8.5; 6.4; -0.0; 8.5
53.4; 6.851; -6.1; -0.0; 8.5; -6.1; -0.0; 8.5; 6.4; -0.0; 8.5; 6.4; -0.0; 8.5
53.6; 6.875; -6.1; -0.0; 8.5; -6.1; -0.0; 8.5; 6.4; -0.0; 8.5; 6.4; -0.0; 8.5
53.8; 6.899; -6.1; -0.0; 8.5; -6.1; -0.0; 8.5; 6.4; -0.0; 8.5; 6.4; -0.0; 8.5
54.0; 6.922; -6.1; -0.0; 8.5; -6.1; -0.0; 8.5; 6.4; -0.0; 8.5; 6.4; -0.0; 8.5
54.2; 6.946; -6.1; -0.0; 8.5; -6.1; -0.0; 8.5; 6.4; -0.0; 8.5; 6.4; -0.0; 8.5
54.4; 6.969; -6.1; -0.0; 8.5; -6.1; -0.0; 8.5; 6.4; -0.0; 8.5; 6.4; -0.0; 8.5
54.6; 6.993; -6.1; -0.0; 8.5; -6.1; -0.0; 8.5; 6.4; -0.0; 8.5; 6.4; -0.0; 8.5
54.8; 7.016; -6.1; -0.0; 8.5; -6.1; -0.0; 8.5; 6.4; -0.0; 8.5; 6.4; -0.0; 8.5
55.0; 7.040; -6.1; -0.0; 8.5; -6.1; -0.0; 8.5; 6.4; -0.0; 8.5; 6.4; -0.0; 8.5
55.2; 7.063; -6.1; -0.0; 8.5; -6.1; -0.0; 8.5; 6.4; -0.0; 8.5; 6.4; -0.0; 8.5
55.4; 7.087; -6.1; -0.0; 8.5; -6.1; -0.0; 8.5; 6.4; -0.0; 8.5; 6.4; -0.0; 8.5
55.6; 7.110; -6.1; -0.0; 8.5; -6.1; -0.0; 8.5; 6.4; -0.0; 8.5; 6.4; -0.0; 8.5
55.8; 7.134; -6.1; -0.0; 8.5; -6.1; -0.0; 8.5; 6.4; -0.0; 8.5; 6.4; -0.0; 8.5
56.0; 7.158; -6.1; -0.0; 8.5; -6.1; -0.0; 8.5; 6.4; -0.0; 8.5; 6.4; -0.0; 8.5
56.2; 7.181; -6.1; -0.0; 8.5; -6.1; -0.0; 8.5; 6.4; -0.0; 8.5; 6.4; -0.0; 8.5
56.4; 7.205; -6.1; -0.0; 8.5; -6.1; -0.0; 8.5; 6.4; -0.0; 8.5; 6.4; -0.0; 8.5
56.6; 7.228; -6.1; -0.0; 8.5; -6.1; -0.0; 8.5; 6.4; -0.0; 8.5; 6.4; -0.0; 8.5
56.8; 7.252; -6.1; -0.0; 8.5; -6.1; -0.0; 8.5; 6.4; -0.0; 8.5; 6.4; -0.0; 8.5
57.0; 7.275; -6.1; -0.0; 8.5; -6.1; -0.0; 8.5; 6.4; -0.0; 8.5; 6.4; -0.0; 8.5
57.2; 7.299; -6.1; -0.0; 8.5; -6.1; -0.0; 8.5; 6.4; -0.0; 8.5; 6.4; -0.0; 8.5
57.4; 7.322; -6.1; -0.0; 8.5; -6.1; -0.0; 8.5; 6.4; -0.0; 8.5; 6.4; -0.0; 8.5
57.6; 7.346; -6.1; -0.0; 8.5; -6.1; -0.0; 8.5; 6.4; -0.0; 8.5; 6.4; -0.0; 8.5
57.8; 7.369; -6.1; -0.0; 8.5; -6.1; -0.0; 8.5; 6.4; -0.0; 8.5; 6.4; -0.0; 8.5
58.0; 7.393; -6.1; -0.0; 8.5; -6.1; -0.0; 8.5; 6.4; -0.0; 8.5; 6.4; -0.0; 8.5
58.2; 7.417; -6.1; -0.0; 8.5; -6.1; -0.0; 8.5; 6.4; -0.0; 8.5; 6.4; -0.0; 8.5
58.4; 7.440; -6.1; -0.0; 8.5; -6.1; -0.0; 8.5; 6.4; -0.0; 8.5; 6.4; -0.0; 8.5
58.6; 7.464; -6.1; -0.0; 8.5; -6.1; -0.0; 8.5; 6.4; -0.0; 8.5; 6.4; -0.0; 8.5
58.8; 7.487; -6.1; -0.0; 8.5; -6.1; -0.0; 8.5; 6.4; -0.0; 8.5; 6.4; -0.0; 8.5
59.0; 7.511; -6.1; -0.0; 8.5; -6.1; -0.0; 8.5; 6.4; -0.0; 8.5; 6.4; -0.0; 8.5
59.2; 7.534; -6.1; -0.0; 8.5; -6.1; -0.0; 8.5; 6.4; -0.0; 8.5; 6.4; -0.0; 8.5
59.4; 7.558; -6.1; -0.0; 8.5; -6.1; -0.0; 8.5; 6.4; -0.0; 8.5; 6.4; -0.0; 8.5
59.6; 7.581; -6.1; -0.0; 8.5; -6.1; -0.0; 8.5; 6.4; -0.0; 8.5; 6.4; -0.0; 8.5
59.8; 7.605; -6.1; -0.0; 8.5; -6.1; -0.0; 8.5; 6.4; -0.0; 8.5; 6.4; -0.0; 8.5
60.0; 7.628; -6.1; -0.0; 8.5; -6.1; -0.0; 8.5; 6.4; -0.0; 8.5; 6.4; -0.0; 8.5
60.2; 7.652; -6.1; -0.0; 8.5; -6.1; -0.0; 8.5; 6.4; -0.0; 8.5; 6.4; -0.0; 8.5
60.4; 7.675; -6.1; -0.0; 8.5; -6.1; -0.0; 8.5; 6.4; -0.0; 8.5; 6.4; -0.0; 8.5
60.6; 7.699; -6.1; -0.0; 8.5; -6.1; -0.0; 8.5; 6.4; -0.0; 8.5; 6.4; -0.0; 8.5
60.8; 7.723; -6.1; -0.0; 8.5; -6.1; -0.0; 8.5; 6.4; -0.0; 8.5; 6.4; -0.0; 8.5
61.0; 7.746; -6.1; -0.0; 8.5; -6.1; -0.0; 8.5; 6.4; -0.0; 8.5; 6.4; -0.0; 8.5
61.2; 7.770; -6.1; -0.0; 8.5; -6.1; -0.0; 8.5; 6.4; -0.0; 8.5; 6.4; -0.0; 8.5
61.4; 7.793; -6.1; -0.0; 8.5; -6.1; -0.0; 8.5; 6.4; -0.0; 8.5; 6.4; -0.0; 8.5
61.6; 7.817; -6.1; -0.0; 8.5; -6.1; -0.0; 8.5; 6.4; -0.0; 8.5; 6.4; -0.0; 8.5
61.8; 7.840; -6.1; -0.0; 8.5; -6.1; -0.0; 8.5; 6.4; -0.0; 8.5; 6.4; -0.0; 8.5
62.0; 7.864; -6.1; -0.0; 8.5; -6.1; -0.0; 8.5; 6.4; -0.0; 8.5; 6.4; -0.0; 8.5
62.2; 7.887; -6.1; -0.0; 8.5; -6.1; -0.0; 8.5; 6.4; -0.0; 8.5; 6.4; -0.0; 8.5
62.4; 7.911; -6.1; -0.0; 8.5; -6.1; -0.0; 8.5; 6.4; -0.0; 8.5; 6.4; -0.0; 8.5
62.6; 7.934; -6.1; -0.0; 8.5; -6.1; -0.0; 8.5; 6.4; -0.0; 8.5; 6.4; -0.0; 8.5
62.8; 7.958; -6.1; -0.0; 8.5; -6.1; -0.0; 8.5; 6.4; -0.0; 8.5; 6.4; -0.0; 8.5
63.0; 7.981; -6.1; -0.0; 8.5; -6.1; -0.0; 8.5; 6.4; -0.0; 8.5; 6.4; -0.0; 8.5
63.2; 8.005; -6.1; -0.0; 8.5; -6.1; -0.0; 8.5; 6.4; -0.0; 8.5; 6.4; -0.0; 8.5
63.4; 8.029; -6.1; -0.0; 8.5; -6.1; -0.0; 8.5; 6.4; -0.0; 8.5; 6.4; -0.0; 8.5
63.6; 8.052; -6.1; -0.0; 8.5; -6.1; -0.0; 8.5; 6.4; -0.0; 8.5; 6.4; -0.0; 8.5
63.8; 8.076; -6.1; -0.0; 8.5; -6.1; -0.0; 8.5; 6.4; -0.0; 8.5; 6.4; -0.0; 8.5
64.0; 8.099; -6.1; -0.0; 8.5; -6.1; -0.0; 8.5; 6.4; -0.0; 8.5; 6.4; -0.0; 8.5
64.2; 8.123; -6.1; -0.0; 8.5; -6.1; -0.0; 8.5; 6.4; -0.0; 8.5; 6.4; -0.0; 8.5
64.4; 8.146; -6.1; -0.0; 8.5; -6.1; -0.0; 8.5; 6.4; -0.0; 8.5; 6.4; -0.0; 8.5
64.6; 8.170; -6.1; -0.0; 8.5; -6.1; -0.0; 8.5; 6.4; -0.0; 8.5; 6.4; -0.0; 8.5
64.8; 8.193; -6.1; -0.0; 8.5; -6.1; -0.0; 8.5; 6.4; -0.0; 8.5; 6.4; -0.0; 8.5
65.0; 8.217; -6.1; -0.0; 8.5; -6.1; -0.0; 8.5; 6.4; -0.0; 8.5; 6.4; -0.0; 8.5
65.2; 8.240; -6.1; -0.0; 8.5; -6.1; -0.0; 8.5; 6.4; -0.0; 8.5; 6.4; -0.0; 8.5
65.4; 8.264; -6.1; -0.0; 8.5; -6.1; -0.0; 8.5; 6.4; -0.0; 8.5; 6.4; -0.0; 8.5
65.6; 8.287; -6.1; -0.0; 8.5; -6.1; -0.0; 8.5; 6.4; -0.0; 8.5; 6.4; -0.0; 8.5
65.8; 8.311; -6.1; -0.0; 8.5; -6.1; -0.0; 8.5; 6.4; -0.0; 8.5; 6.4; -0.0; 8.5
66.0; 8.334; -6.1; -0.0; 8.5; -6.1; -0.0; 8.5; 6.4; -0.0; 8.5; 6.4; -0.0; 8.5
66.2; 8.358; -6.1; -0.0; 8.5; -6.1; -0.0; 8.5; 6.4; -0.0; 8.5; 6.4; -0.0; 8.5
66.4; 8.382; -6.1; -0.0; 8.5; -6.1; -0.0; 8.5; 6.4; -0.0; 8.5; 6.4; -0.0; 8.5
66.6; 8.405; -6.1; -0.0; 8.5; -6.1; -0.0; 8.5; 6.4; -0.0; 8.5; 6.4; -0.0; 8.5
66.8; 8.429; -6.1; -0.0; 8.5; -6.1; -0.0; 8.5; 6.4; -0.0; 8.5; 6.4; -0.0; 8.5
67.0; 8.452; -6.1; -0.0; 8.5; -6.1; -0.0; 8.5; 6.4; -0.0; 8.5; 6.4; -0.0; 8.5
67.2; 8.476; -6.1; -0.0; 8.5; -6.1; -0.0; 8.5; 6.4; -0.0; 8.5; 6.4; -0.0; 8.5
67.4; 8.499; -6.1; -0.0; 8.5; -6.1; -0.0; 8.5; 6.4; -0.0; 8.5; 6.4; -0.0; 8.5
67.6; 8.523; -6.1; -0.0; 8.5; -6.1; -0.0; 8.5; 6.4; -0.0; 8.5; 6.4; -0.0; 8.5
67.8; 8.546; -6.1; -0.0; 8.5; -6.1; -0.0; 8.5; 6.4; -0.0; 8.5; 6.4; -0.0; 8.5
68.0; 8.570; -6.1; -0.0; 8.5; -6.1; -0.0; 8.5; 6.4; -0.0; 8.5; 6.4; -0.0; 8.5
68.2; 8.593; -6.1; -0.0; 8.5; -6.1; -0.0; 8.5; 6.4; -0.0; 8.5; 6.4; -0.0; 8.5
68.4; 8.617; -6.1; -0.0; 8.5; -6.1; -0.0; 8.5; 6.4; -0.0; 8.5; 6.4; -0.0; 8.5
68.6; 8.640; -6.1; -0.0; 8.5; -6.1; -0.0; 8.5; 6.4; -0.0; 8.5; 6.4; -0.0; 8.5
68.8; 8.664; -6.1; -0.0; 8.5; -6.1; -0.0; 8.5; 6.4; -0.0; 8.5; 6.4; -0.0; 8.5
69.0; 8.687; -6.1; -0.0; 8.5; -6.1; -0.0; 8.5; 6.4; -0.0; 8.5; 6.4; -0.0; 8.5
69.2; 8.711; -6.1; -0.0; 8.5; -6.1; -0.0; 8.5; 6.4; -0.0; 8.5; 6.4; -0.0; 8.5
69.4; 8.735; -6.1; -0.0; 8.5; -6.1; -0.0; 8.5; 6.4; -0.0; 8.5; 6.4; -0.0; 8.5
69.6; 8.758; -6.1; -0.0; 8.5; -6.1; -0.0; 8.5; 6.4; -0.0; 8.5; 6.4; -0.0; 8.5
69.8; 8.782; -6.1; -0.0; 8.5; -6.1; -0.0; 8.5; 6.4; -0.0; 8.5; 6.4; -0.0; 8.5
70.0; 8.805; -6.1; -0.0; 8.5; -6.1; -0.0; 8.5; 6.4; -0.0; 8.5; 6.4; -0.0; 8.5
70.2; 8.829; -6.1; -0.0; 8.5; -6.1; -0.0; 8.5; 6.4; -0.0; 8.5; 6.4; -0.0; 8.5
70.4; 8.852; -6.1; -0.0; 8.5; -6.1; -0.0; 8.5; 6.4; -0.0; 8.5; 6.4; -0.0; 8.5
70.6; 8.876; -6.1; -0.0; 8.5; -6.1; -0.0; 8.5; 6.4; -0.0; 8.5; 6.4; -0.0; 8.5
70.8; 8.899; -6.1; -0.0; 8.5; -6.1; -0.0; 8.5; 6.4; -0.0; 8.5; 6.4; -0.0; 8.5
71.0; 8.923; -6.1; -0.0; 8.5; -6.1; -0.0; 8.5; 6.4; -0.0; 8.5; 6.4; -0.0; 8.5
71.2; 8.946; -6.1; -0.0; 8.5; -6.1; -0.0; 8.5; 6.4; -0.0; 8.5; 6.4; -0.0; 8.5
71.4; 8.970; -6.1; -0.0; 8.5; -6.1; -0.0; 8.5; 6.4; -0.0; 8.5; 6.4; -0.0; 8.5
71.6; 8.993; -6.1; -0.0; 8.5; -6.1; -0.0; 8.5; 6.4; -0.0; 8.5; 6.4; -0.0; 8.5
71.8; 9.017; -6.1; -0.0; 8.5; -6.1; -0.0; 8.5; 6.4; -0.0; 8.5; 6.4; -0.0; 8.5
72.0; 9.040; -6.1; -0.0; 8.5; -6.1; -0.0; 8.5; 6.4; -0.0; 8.5; 6.4; -0.0; 8.5
72.2; 9.064; -6.1; -0.0; 8.5; -6.1; -0.0; 8.5; 6.4; -0.0; 8.5; 6.4; -0.0; 8.5
72.4; 9.087; -6.1; -0.0; 8.5; -6.1; -0.0; 8.5; 6.4; -0.0; 8.5; 6.4; -0.0; 8.5
72.6; 9.111; -6.1; -0.0; 8.5; -6.1; -0.0; 8.5; 6.4; -0.0; 8.5; 6.4; -0.0; 8.5
72.8; 9.135; -6.1; -0.0; 8.5; -6.1; -0.0; 8.5; 6.4; -0.0; 8.5; 6.4; -0.0; 8.5
73.0; 9.158; -6.1; -0.0; 8.5; -6.1; -0.0; 8.5; 6.4; -0.0; 8.5; 6.4; -0.0; 8.5
73.2; 9.182; -6.1; -0.0; 8.5; -6.1; -0.0; 8.5; 6.4; -0.0; 8.5; 6.4; -0.0; 8.5
73.4; 9.205; -6.1; -0.0; 8.5; -6.1; -0.0; 8.5; 6.4; -0.0; 8.5; 6.4; -0.0; 8.5
73.6; 9.229; -6.1; -0.0; 8.5; -6.1; -0.0; 8.5; 6.4; -0.0; 8.5; 6.4; -0.0; 8.5
73.8; 9.252; -6.1; -0.0; 8.5; -6.1; -0.0; 8.5; 6.4; -0.0; 8.5; 6.4; -0.0; 8.5
74.0; 9.276; -6.1; -0.0; 8.5; -6.1; -0.0; 8.5; 6.4; -0.0; 8.5; 6.4; -0.0; 8.5
74.2; 9.299; -6.1; -0.0; 8.5; -6.1; -0.0; 8.5; 6.4; -0.0; 8.5; 6.4; -0.0; 8.5
74.4; 9.323; -6.1; -0.0; 8.5; -6.1; -0.0; 8.5; 6.4; -0.0; 8.5; 6.4; -0.0; 8.5
74.6; 9.346; -6.1; -0.0; 8.5; -6.1; -0.0; 8.5; 6.4; -0.0; 8.5; 6.4; -0.0; 8.5
74.8; 9.370; -6.1; -0.0; 8.5; -6.1; -0.0; 8.5; 6.4; -0.0; 8.5; 6.4; -0.0; 8.5
75.0; 9.393; -6.1; -0.0; 8.5; -6.1; -0.0; 8.5; 6.4; -0.0; 8.5; 6.4; -0.0; 8.5
75.2; 9.417; -6.1; -0.0; 8.5; -6.1; -0.0; 8.5; 6.4; -0.0; 8.5; 6.4; -0.0; 8.5
75.4; 9.440; -6.1; -0.0; 8.5; -6.1; -0.0; 8.5; 6.4; -0.0; 8.5; 6.4; -0.0; 8.5
75.6; 9.464; -6.1; -0.0; 8.5; -6.1; -0.0; 8.5; 6.4; -0.0; 8.5; 6.4; -0.0; 8.5
75.8; 9.487; -6.1; -0.0; 8.5; -6.1; -0.0; 8.5; 6.4; -0.0; 8.5; 6.4; -0.0; 8.5
76.0; 9.511; -6.1; -0.0; 8.5; -6.1; -0.0; 8.5; 6.4; -0.0; 8.5; 6.4; -0.0; 8.5
76.2; 9.534; -6.1; -0.0; 8.5; -6.1; -0.0; 8.5; 6.4; -0.0; 8.5; 6.4; -0.0; 8.5
76.4; 9.558; -6.1; -0.0; 8.5; -6.1; -0.0; 8.5; 6.4; -0.0; 8.5; 6.4; -0.0; 8.5
76.6; 9.582; -6.1; -0.0; 8.5; -6.1; -0.0; 8.5; 6.4; -0.0; 8.5; 6.4; -0.0; 8.5
76.8; 9.605; -6.1; -0.0; 8.5; -6.1; -0.0; 8.5; 6.4; -0.0; 8.5; 6.4; -0.0; 8.5
77.0; 9.629; -6.1; -0.0; 8.5; -6.1; -0.0; 8.5; 6.4; -0.0; 8.5; 6.4; -0.0; 8.5
77.2; 9.652; -6.1; -0.0; 8.5; -6.1; -0.0; 8.5; 6.4; -0.0; 8.5; 6.4; -0.0; 8.5
77.4; 9.676; -6.1; -0.0; 8.5; -6.1; -0.0; 8.5; 6.4; -0.0; 8.5; 6.4; -0.0; 8.5
77.6; 9.699; -6.1; -0.0; 8.5; -6.1; -0.0; 8.5; 6.4; -0.0; 8.5; 6.4; -0.0; 8.5
77.8; 9.723; -6.1; -0.0; 8.5; -6.1; -0.0; 8.5; 6.4; -0.0; 8.5; 6.4; -0.0; 8.5
78.0; 9.746; -6.1; -0.0; 8.5; -6.1; -0.0; 8.5; 6.4; -0.0; 8.5; 6.4; -0.0; 8.5
78.2; 9.770; -6.1; -0.0; 8.5; -6.1; -0.0; 8.5; 6.4; -0.0; 8.5; 6.4; -0.0; 8.5
78.4; 9.793; -6.1; -0.0; 8.5; -6.1; -0.0; 8.5; 6.4; -0.0; 8.5; 6.4; -0.0; 8.5
78.6; 9.817; -6.1; -0.0; 8.5; -6.1; -0.0; 8.5; 6.4; -0.0; 8.5; 6.4; -0.0; 8.5
78.8; 9.840; -6.1; -0.0; 8.5; -6.1; -0.0; 8.5; 6.4; -0.0; 8.5; 6.4; -0.0; 8.5
79.0; 9.864; -6.1; -0.0; 8.5; -6.1; -0.0; 8.5; 6.4; -0.0; 8.5; 6.4; -0.0; 8.5
79.2; 9.887; -6.1; -0.0; 8.5; -6.1; -0.0; 8.5; 6.4; -0.0; 8.5; 6.4; -0.0; 8.5
79.4; 9.911; -6.1; -0.0; 8.5; -6.1; -0.0; 8.5; 6.4; -0.0; 8.5; 6.4; -0.0; 8.5
79.6; 9.934; -6.1; -0.0; 8.5; -6.1; -0.0; 8.5; 6.4; -0.0; 8.5; 6.4; -0.0; 8.5
79.8; 9.958; -6.1; -0.0; 8.5; -6.1; -0.0; 8.5; 6.4; -0.0; 8.5; 6.4; -0.0; 8.5
80.0; 9.981; -6.1; -0.0; 8.5; -6.1; -0.0; 8.5; 6.4; -0.0; 8.5; 6.4; -0.0; 8.5
80.2; 10.005; -6.1; -0.0; 8.5; -6.1; -0.0; 8.5; 6.4; -0.0; 8.5; 6.4; -0.0; 8.5
80.4; 10.028; -6.1; -0.0; 8.5; -6.1; -0.0; 8.5; 6.4; -0.0; 8.5; 6.4; -0.0; 8.5
80.6; 10.052; -6.1; -0.0; 8.5; -6.1; -0.0; 8.5; 6.4; -0.0; 8.5; 6.4; -0.0; 8.5
80.8; 10.075; -6.1; -0.0; 8.5; -6.1; -0.0; 8.5; 6.4; -0.0; 8.5; 6.4; -0.0; 8.5
81.0; 10.099; -6.1; -0.0; 8.5; -6.1; -0.0; 8.5; 6.4; -0.0; 8.5; 6.4; -0.0; 8.5
81.2; 10.123; -6.1; -0.0; 8.5; -6.1; -0.0; 8.5; 6.4; -0.0; 8.5; 6.4; -0.0; 8.5
81.4; 10.146; -6.1; -0.0; 8.5; -6.1; -0.0; 8.5; 6.4; -0.0; 8.5; 6.4; -0.0; 8.5
81.6; 10.170; -6.1; -0.0; 8.5; -6.1; -0.0; 8.5; 6.4; -0.0; 8.5; 6.4; -0.0; 8.5
81.8; 10.193; -6.1; -0.0; 8.5; -6.1; -0.0; 8.5; 6.4; -0.0; 8.5; 6.4; -0.0; 8.5
82.0; 10.217; -6.1; -0.0; 8.5; -6.1; -0.0; 8.5; 6.4; -0.0; 8.5; 6.4; -0.0; 8.5
82.2; 10.240; -6.1; -0.0; 8.5; -6.1; -0.0; 8.5; 6.4; -0.0; 8.5; 6.4; -0.0; 8.5
82.4; 10.264; -6.1; -0.0; 8.5; -6.1; -0.0; 8.5; 6.4; -0.0; 8.5; 6.4; -0.0; 8.5
82.6; 10.287; -6.1; -0.0; 8.5; -6.1; -0.0; 8.5; 6.4; -0.0; 8.5; 6.4; -0.0; 8.5
82.8; 10.311; -6.1; -0.0; 8.5; -6.1; -0.0; 8.5; 6.4; -0.0; 8.5; 6.4; -0.0; 8.5
83.0; 10.334; -6.1; -0.0; 8.5; -6.1; -0.0; 8.5; 6.4; -0.0; 8.5; 6.4; -0.0; 8.5
83.2; 10.358; -6.1; -0.0; 8.5; -6.1; -0.0; 8.5; 6.4; -0.0; 8.5; 6.4; -0.0; 8.5
83.4; 10.381; -6.1; -0.0; 8.5; -6.1; -0.0; 8.5; 6.4; -0.0; 8.5; 6.4; -0.0; 8.5
83.6; 10.405; -6.1; -0.0; 8.5; -6.1; -0.0; 8.5; 6.4; -0.0; 8.5; 6.4; -0.0; 8.5
83.8; 10.428; -6.1; -0.0; 8.5; -6.1; -0.0; 8.5; 6.4; -0.0; 8.5; 6.4; -0.0; 8.5
84.0; 10.452; -6.1; -0.0; 8.5; -6.1; -0.0; 8.5; 6.4; -0.0; 8.5; 6.4; -0.0; 8.5
84.2; 10.475; -6.1; -0.0; 8.5; -6.1; -0.0; 8.5; 6.4; -0.0; 8.5; 6.4; -0.0; 8.5
84.4; 10.499; -6.1; -0.0; 8.5; -6.1; -0.0; 8.5; 6.4; -0.0; 8.5; 6.4; -0.0; 8.5
84.6; 10.522; -6.1; -0.0; 8.5; -6.1; -0.0; 8.5; 6.4; -0.0; 8.5; 6.4; -0.0; 8.5
84.8; 10.546; -6.1; -0.0; 8.5; -6.1; -0.0; 8.5; 6.4; -0.0; 8.5; 6.4; -0.0; 8.5
85.0; 10.569; -6.1; -0.0; 8.5; -6.1; -0.0; 8.5; 6.4; -0.0; 8.5; 6.4; -0.0; 8.5
85.2; 10.593; -6.1; -0.0; 8.5; -6.1; -0.0; 8.5; 6.4; -0.0; 8.5; 6.4; -0.0; 8.5
85.4; 10.616; -6.1; -0.0; 8.5; -6.1; -0.0; 8.5; 6.4; -0.0; 8.5; 6.4; -0.0; 8.5
85.6; 10.640; -6.1; -0.0; 8.5; -6.1; -0.0; 8.5; 6.4; -0.0; 8.5; 6.4; -0.0; 8.5
85.8; 10.663; -6.1; -0.0; 8.5; -6.1; -0.0; 8.5; 6.4; -0.0; 8.5; 6.4; -0.0; 8.5
86.0; 10.687; -6.1; -0.0; 8.5; -6.1; -0.0; 8.5; 6.4; -0.0; 8.5; 6.4; -0.0; 8.5
86.2; 10.710; -6.1; -0.0; 8.5; -6.1; -0.0; 8.5; 6.4; -0.0; 8.5; 6.4; -0.0; 8.5
86.4; 10.734; -6.1; -0.0; 8.5; -6.1; -0.0; 8.5; 6.4; -0.0; 8.5; 6.4; -0.0; 8.5
86.6; 10.757; -6.1; -0.0; 8.5; -6.1; -0.0; 8.5; 6.4; -0.0; 8.5; 6.4; -0.0; 8.5
86.8; 10.781; -6.1; -0.0; 8.5; -6.1; -0.0; 8.5; 6.4; -0.0; 8.5; 6.4; -0.0; 8.5
87.0; 10.805; -6.1; -0.0; 8.5; -6.1; -0.0; 8.5; 6.4; -0.0; 8.5; 6.4; -0.0; 8.5
87.2; 10.828; -6.1; -0.0; 8.5; -6.1; -0.0; 8.5; 6.4; -0.0; 8.5; 6.4; -0.0; 8.5
87.4; 10.852; -6.1; -0.0; 8.5; -6.1; -0.0; 8.5; 6.4; -0.0; 8.5; 6.4; -0.0; 8.5
87.6; 10.875; -6.1; -0.0; 8.5; -6.1; -0.0; 8.5; 6.4; -0.0; 8.5; 6.4; -0.0; 8.5
87.8; 10.899; -6.1; -0.0; 8.5; -6.1; -0.0; 8.5; 6.4; -0.0; 8.5; 6.4; -0.0; 8.5
88.0; 10.922; -6.1; -0.0; 8.5; -6.1; -0.0; 8.5; 6.4; -0.0; 8.5; 6.4; -0.0; 8.5
88.2; 10.946; -6.1; -0.0; 8.5; -6.1; -0.0; 8.5; 6.4; -0.0; 8.5; 6.4; -0.0; 8.5
88.4; 10.969; -6.1; -0.0; 8.5; -6.1; -0.0; 8.5; 6.4; -0.0; 8.5; 6.4; -0.0; 8.5
88.6; 10.993; -6.1; -0.0; 8.5; -6.1; -0.0; 8.5; 6.4; -0.0; 8.5; 6.4; -0.0; 8.5
88.8; 11.016; -6.1; -0.0; 8.5; -6.1; -0.0; 8.5; 6.4; -0.0; 8.5; 6.4; -0.0; 8.5
89.0; 11.040; -6.1; -0.0; 8.5; -6.1; -0.0; 8.5; 6.4; -0.0; 8.5; 6.4; -0.0; 8.5
89.2; 11.063; -6.1; -0.0; 8.5; -6.1; -0.0; 8.5; 6.4; -0.0; 8.5; 6.4; -0.0; 8.5
89.4; 11.087; -6.1; -0.0; 8.5; -6.1; -0.0; 8.5; 6.4; -0.0; 8.5; 6.4; -0.0; 8.5
89.6; 11.110; -6.1; -0.0; 8.5; -6.1; -0.0; 8.5; 6.4; -0.0; 8.5; 6.4; -0.0; 8.5
89.8; 11.134; -6.1; -0.0; 8.5; -6.1; -0.0; 8.5; 6.4; -0.0; 8.5; 6.4; -0.0; 8.5
90.0; 11.157; -6.1; -0.0; 8.5; -6.1; -0.0; 8.5; 6.4; -0.0; 8.5; 6.4; -0.0; 8.5
90.2; 11.181; -6.1; -0.0; 8.5; -6.1; -0.0; 8.5; 6.4; -0.0; 8.5; 6.4; -0.0; 8.5
90.4; 11.204; -6.1; -0.0; 8.5; -6.1; -0.0; 8.5; 6.4; -0.0; 8.5; 6.4; -0.0; 8.5
90.6; 11.228; -6.1; -0.0; 8.5; -6.1; -0.0; 8.5; 6.4; -0.0; 8.5; 6.4; -0.0; 8.5
90.8; 11.251; -6.1; -0.0; 8.5; -6.1; -0.0; 8.5; 6.4; -0.0; 8.5; 6.4; -0.0; 8.5
91.0; 11.275; -6.1; 0.0; 8.5; -6.1; 0.0; 8.5; 6.4; -0.0; 8.5; 6.4; -0.0; 8.5
91.2; 11.298; -6.1; 0.0; 8.5; -6.1; 0.0; 8.5; 6.4; 0.0; 8.5; 6.4; 0.0; 8.5
91.4; 11.322; -6.1; 0.0; 8.5; -6.1; 0.0; 8.5; 6.4; 0.0; 8.5; 6.4; 0.0; 8.5
91.6; 11.345; -6.1; 0.0; 8.5; -6.1; 0.0; 8.5; 6.4; 0.0; 8.5; 6.4; 0.0; 8.5
91.8; 11.369; -6.1; 0.0; 8.5; -6.1; 0.0; 8.5; 6.4; 0.0; 8.5; 6.4; 0.0; 8.5
92.0; 11.392; -6.1; 0.0; 8.5; -6.1; 0.0; 8.5; 6.4; 0.0; 8.5; 6.4; 0.0; 8.5
92.2; 11.416; -6.1; 0.0; 8.5; -6.1; 0.0; 8.5; 6.4; 0.0; 8.5; 6.4; 0.0; 8.5
92.4; 11.439; -6.1; 0.0; 8.5; -6.1; 0.0; 8.5; 6.4; 0.0; 8.5; 6.4; 0.0; 8.5
92.6; 11.463; -6.1; 0.0; 8.5; -6.1; 0.0; 8.5; 6.4; 0.0; 8.5; 6.4; 0.0; 8.5
92.8; 11.486; -6.1; 0.0; 8.5; -6.1; 0.0; 8.5; 6.4; 0.0; 8.5; 6.4; 0.0; 8.5
93.0; 11.510; -6.1; 0.0; 8.5; -6.1; 0.0; 8.5; 6.4; 0.0; 8.5; 6.4; 0.0; 8.5
93.2; 11.533; -6.1; 0.0; 8.5; -6.1; 0.0; 8.5; 6.4; 0.0; 8.5; 6.4; 0.0; 8.5
93.4; 11.557; -6.1; 0.0; 8.5; -6.1; 0.0; 8.5; 6.4; 0.0; 8.5; 6.4; 0.0; 8.5
93.6; 11.580; -6.1; 0.0; 8.5; -6.1; 0.0; 8.5; 6.4; 0.0; 8.5; 6.4; 0.0; 8.5
93.8; 11.604; -6.1; 0.0; 8.5; -6.1; 0.0; 8.5; 6.4; 0.0; 8.5; 6.4; 0.0; 8.5
94.0; 11.627; -6.1; 0.0; 8.5; -6.1; 0.0; 8.5; 6.4; 0.0; 8.5; 6.4; 0.0; 8.5
94.2; 11.651; -6.1; 0.0; 8.5; -6.1; 0.0; 8.5; 6.4; 0.0; 8.5; 6.4; 0.0; 8.5
94.4; 11.675; -6.1; 0.0; 8.5; -6.1; 0.0; 8.5; 6.4; 0.0; 8.5; 6.4; 0.0; 8.5
94.6; 11.698; -6.1; 0.0; 8.5; -6.1; 0.0; 8.5; 6.4; 0.0; 8.5; 6.4; 0.0; 8.5
94.8; 11.722; -6.1; 0.0; 8.5; -6.1; 0.0; 8.5; 6.4; 0.0; 8.5; 6.4; 0.0; 8.5
95.0; 11.745; -6.1; 0.0; 8.5; -6.1; 0.0; 8.5; 6.4; 0.0; 8.5; 6.4; 0.0; 8.5
95.2; 11.769; -6.1; 0.0; 8.5; -6.1; 0.0; 8.5; 6.4; 0.0; 8.5; 6.4; 0.0; 8.5
95.4; 11.792; -6.1; 0.0; 8.5; -6.1; 0.0; 8.5; 6.4; 0.0; 8.5; 6.4; 0.0; 8.5
95.6; 11.816; -6.1; 0.0; 8.5; -6.1; 0.0; 8.5; 6.4; 0.0; 8.5; 6.4; 0.0; 8.5
95.8; 11.839; -6.1; 0.0; 8.5; -6.1; 0.0; 8.5; 6.4; 0.0; 8.5; 6.4; 0.0; 8.5
96.0; 11.863; -6.1; -0.0; 8.5; -6.1; -0.0; 8.5; 6.4; -0.0; 8.5; 6.4; -0.0; 8.5
96.2; 11.886; -6.1; -0.0; 8.5; -6.1; -0.0; 8.5; 6.4; -0.0; 8.5; 6.4; -0.0; 8.5
96.4; 11.910; -6.1; -0.0; 8.5; -6.1; -0.0; 8.5; 6.4; -0.0; 8.5; 6.4; -0.0; 8.5
96.6; 11.933; -6.1; -0.0; 8.5; -6.1; -0.0; 8.5; 6.4; -0.0; 8.5; 6.4; -0.0; 8.5
96.8; 11.957; -6.1; -0.0; 8.5; -6.1; -0.0; 8.5; 6.4; -0.0; 8.5; 6.4; -0.0; 8.5
97.0; 11.980; -6.1; -0.1; 8.5; -6.1; -0.1; 8.5; 6.4; -0.1; 8.5; 6.4; -0.1; 8.5
97.2; 12.004; -6.1; -0.1; 8.6; -6.1; -0.1; 8.5; 6.4; -0.1; 8.6; 6.4; -0.1; 8.5
97.4; 12.027; -6.1; -0.1; 8.6; -6.1; -0.1; 8.5; 6.4; -0.1; 8.6; 6.4; -0.1; 8.5
97.6; 12.051; -6.1; -0.1; 8.6; -6.1; -0.1; 8.4; 6.4; -0.1; 8.6; 6.4; -0.1; 8.4
97.8; 12.074; -6.1; -0.1; 8.6; -6.1; -0.1; 8.4; 6.4; -0.2; 8.6; 6.4; -0.2; 8.4
98.0; 12.098; -6.1; -0.2; 8.6; -6.1; -0.2; 8.4; 6.4; -0.2; 8.6; 6.4; -0.2; 8.4
98.2; 12.121; -6.1; -0.2; 8.6; -6.1; -0.2; 8.4; 6.4; -0.2; 8.6; 6.4; -0.2; 8.4
98.4; 12.145; -6.1; -0.2; 8.6; -6.1; -0.2; 8.4; 6.4; -0.3; 8.6; 6.4; -0.3; 8.4
98.6; 12.168; -6.1; -0.3; 8.6; -6.1; -0.3; 8.4; 6.4; -0.3; 8.6; 6.4; -0.3; 8.4
98.8; 12.192; -6.1; -0.3; 8.7; -6.1; -0.3; 8.4; 6.4; -0.3; 8.7; 6.4; -0.3; 8.4
99.0; 12.215; -6.1; -0.3; 8.7; -6.1; -0.3; 8.3; 6.4; -0.4; 8.7; 6.4; -0.4; 8.3
99.2; 12.239; -6.1; -0.4; 8.7; -6.1; -0.3; 8.3; 6.4; -0.4; 8.7; 6.4; -0.4; 8.3
99.4; 12.262; -6.1; -0.4; 8.7; -6.1; -0.4; 8.3; 6.3; -0.4; 8.7; 6.3; -0.4; 8.3
99.6; 12.286; -6.0; -0.4; 8.7; -6.0; -0.4; 8.3; 6.3; -0.5; 8.7; 6.3; -0.4; 8.3
99.8; 12.309; -6.0; -0.4; 8.7; -6.0; -0.4; 8.3; 6.3; -0.5; 8.7; 6.3; -0.5; 8.3
100.0; 12.333; -6.0; -0.4; 8.7; -6.0; -0.4; 8.3; 6.3; -0.5; 8.7; 6.3; -0.5; 8.3
100.2; 12.356; -6.0; -0.4; 8.7; -6.0; -0.4; 8.3; 6.3; -0.5; 8.7; 6.3; -0.5; 8.3
100.4; 12.380; -6.0; -0.4; 8.7; -6.0; -0.4; 8.3; 6.3; -0.5; 8.7; 6.3; -0.5; 8.3
100.6; 12.403; -6.0; -0.4; 8.7; -6.0; -0.3; 8.3; 6.3; -0.5; 8.7; 6.3; -0.4; 8.3
100.8; 12.427; -6.0; -0.3; 8.7; -6.0; -0.3; 8.3; 6.3; -0.4; 8.7; 6.3; -0.4; 8.3
101.0; 12.451; -6.0; -0.2; 8.6; -6.0; -0.2; 8.4; 6.3; -0.3; 8.6; 6.3; -0.3; 8.4
101.2; 12.474; -6.1; -0.2; 8.6; -6.1; -0.1; 8.4; 6.4; -0.2; 8.6; 6.4; -0.2; 8.4
101.4; 12.498; -6.2; -0.0; 8.5; -6.2; -0.0; 8.5; 6.5; -0.1; 8.5; 6.5; -0.1; 8.5
101.6; 12.522; -6.3; 0.1; 8.5; -6.3; 0.1; 8.6; 6.6; 0.1; 8.5; 6.6; 0.1; 8.6
101.8; 12.545; -6.5; 0.3; 8.4; -6.5; 0.3; 8.6; 6.7; 0.3; 8.4; 6.7; 0.3; 8.6
102.0; 12.569; -6.6; 0.5; 8.3; -6.6; 0.5; 8.7; 6.9; 0.5; 8.3; 6.9; 0.5; 8.7
102.2; 12.593; -6.7; 0.7; 8.1; -6.7; 0.8; 8.9; 7.0; 0.7; 8.1; 7.0; 0.8; 8.9
102.4; 12.617; -6.8; 1.0; 8.0; -6.8; 1.1; 9.0; 7.0; 1.0; 8.0; 7.0; 1.2; 9.0
102.6; 12.641; -6.7; 1.3; 7.8; -6.7; 1.5; 9.2; 7.0; 1.3; 7.8; 7.0; 1.6; 9.2
102.8; 12.665; -6.6; 1.6; 7.6; -6.6; 1.9; 9.4; 6.9; 1.7; 7.6; 6.9; 2.1; 9.4
103.0; 12.689; -6.3; 1.9; 7.4; -6.3; 2.4; 9.6; 6.6; 2.0; 7.4; 6.6; 2.6; 9.6
103.2; 12.713; -5.9; 2.2; 7.2; -5.9; 3.0; 9.8; 6.3; 2.4; 7.2; 6.3; 3.2; 9.8
103.4; 12.737; -5.3; 2.5; 6.9; -5.3; 3.6; 10.0; 5.6; 2.8; 7.0; 5.6; 4.0; 10.1
103.6; 12.761; -3.3; 2.7; 6.7; -3.3; 4.2; 10.3; 3.7; 3.1; 6.7; 3.7; 4.7; 10.3
103.8; 12.785; -0.8; 3.0; 6.4; -0.8; 4.9; 10.6; 1.2; 3.4; 6.5; 1.2; 5.6; 10.6
104.0; 12.809; -0.3; 3.2; 6.1; -0.3; 5.6; 10.8; 0.8; 3.7; 6.2; 0.8; 6.4; 10.9
104.2; 12.833; -0.2; 3.4; 5.9; -0.2; 6.3; 11.1; 0.7; 4.0; 6.0; 0.7; 7.3; 11.1
104.4; 12.857; -0.2; 3.5; 5.7; -0.2; 7.0; 11.3; 0.8; 4.2; 5.8; 0.8; 8.1; 11.4
104.6; 12.881; -0.2; 3.6; 5.5; -0.2; 7.6; 11.5; 0.8; 4.3; 5.6; 0.8; 8.8; 11.6
104.8; 12.905; -0.2; 3.7; 5.3; -0.2; 8.1; 11.6; 0.9; 4.4; 5.4; 0.9; 9.5; 11.7
105.0; 12.930; -0.2; 3.7; 5.1; -0.2; 8.6; 11.7; 0.9; 4.5; 5.3; 0.9; 10.0; 11.9
105.2; 12.954; -0.2; 3.8; 5.0; -0.2; 8.9; 11.8; 1.0; 4.6; 5.2; 1.0; 10.5; 12.0
105.4; 12.978; -0.2; 3.8; 4.9; -0.2; 9.2; 11.9; 1.1; 4.6; 5.1; 1.1; 10.9; 12.1
105.6; 13.002; -0.3; 3.8; 4.8; -0.3; 9.4; 12.0; 1.2; 4.7; 5.0; 1.2; 11.2; 12.2
105.8; 13.027; -0.5; 3.8; 4.8; -0.5; 9.6; 12.0; 1.4; 4.7; 5.0; 1.4; 11.4; 12.2
106.0; 13.051; -0.4; 3.8; 4.7; -0.4; 9.7; 12.1; 1.4; 4.7; 4.9; 1.4; 11.6; 12.3
106.2; 13.076; -0.3; 3.8; 4.7; -0.3; 9.8; 12.1; 1.3; 4.7; 4.9; 1.3; 11.8; 12.3
106.4; 13.100; -0.2; 3.8; 4.7; -0.2; 9.8; 12.1; 1.2; 4.7; 4.9; 1.2; 11.9; 12.4
106.6; 13.124; -0.1; 3.8; 4.6; -0.1; 9.9; 12.1; 1.1; 4.7; 4.9; 1.1; 12.0; 12.4
106.8; 13.149; -0.1; 3.8; 4.7; -0.1; 9.9; 12.2; 1.0; 4.7; 4.8; 1.0; 12.0; 12.4
107.0; 13.174; -0.1; 3.8; 4.7; -0.1; 10.0; 12.2; 0.9; 4.7; 4.8; 0.9; 12.1; 12.4
107.2; 13.198; -0.1; 3.8; 4.7; -0.1; 10.0; 12.2; 0.8; 4.7; 4.8; 0.8; 12.1; 12.4
107.4; 13.223; -0.1; 3.8; 4.7; -0.1; 9.9; 12.2; 0.8; 4.7; 4.8; 0.8; 12.1; 12.3
107.6; 13.247; -0.1; 3.8; 4.7; -0.1; 9.9; 12.2; 0.7; 4.7; 4.8; 0.7; 12.1; 12.3
107.8; 13.272; -0.1; 3.8; 4.7; -0.1; 9.7; 12.2; 0.7; 4.8; 4.8; 0.7; 12.1; 12.3
108.0; 13.296; -0.1; 3.7; 4.7; -0.1; 9.5; 12.1; 0.8; 4.8; 4.9; 0.8; 12.0; 12.3
108.2; 13.321; -0.1; 3.6; 4.8; -0.1; 9.1; 12.0; 1.1; 4.9; 5.0; 1.1; 11.9; 12.2
108.4; 13.346; -4.2; 4.1; 5.9; -4.2; 8.8; 12.7; -0.8; 4.2; 4.3; -0.8; 10.9; 11.2
108.6; 13.370; -4.3; 4.0; 5.9; -4.3; 8.5; 12.7; -0.8; 4.2; 4.3; -0.8; 10.9; 11.1
108.8; 13.395; -4.3; 4.0; 5.9; -4.3; 8.5; 12.7; -0.7; 4.3; 4.3; -0.7; 10.9; 11.1
109.0; 13.420; -4.3; 4.0; 5.9; -4.3; 8.5; 12.7; -0.6; 4.3; 4.3; -0.6; 11.0; 11.1
109.2; 13.445; -4.3; 4.0; 5.9; -4.3; 8.5; 12.7; -0.6; 4.3; 4.3; -0.6; 11.0; 11.2
109.4; 13.471; -4.3; 4.0; 5.8; -4.3; 8.5; 12.7; -0.5; 4.3; 4.3; -0.5; 11.1; 11.2
109.6; 13.496; -4.3; 4.0; 5.8; -4.3; 8.5; 12.7; -0.5; 4.3; 4.3; -0.5; 11.1; 11.2
109.8; 13.521; -4.2; 4.0; 5.8; -4.2; 8.5; 12.7; -0.5; 4.3; 4.3; -0.5; 11.1; 11.2
110.0; 13.546; -4.2; 4.0; 5.8; -4.2; 8.5; 12.7; -0.5; 4.3; 4.3; -0.5; 11.1; 11.2
110.2; 13.571; -4.2; 4.0; 5.8; -4.2; 8.5; 12.7; -0.5; 4.3; 4.3; -0.5; 11.1; 11.2
110.4; 13.596; -4.2; 4.0; 5.8; -4.2; 8.6; 12.7; -0.4; 4.3; 4.3; -0.4; 11.1; 11.2
110.6; 13.621; -4.2; 4.0; 5.8; -4.2; 8.6; 12.7; -0.4; 4.3; 4.3; -0.4; 11.1; 11.2
110.8; 13.646; -4.2; 4.0; 5.8; -4.2; 8.6; 12.7; -0.4; 4.3; 4.3; -0.4; 11.2; 11.2
111.0; 13.670; -4.1; 4.0; 5.8; -4.1; 8.7; 12.7; -0.4; 4.3; 4.3; -0.4; 11.2; 11.3
111.2; 13.695; -4.1; 4.0; 5.7; -4.1; 8.7; 12.7; -0.4; 4.3; 4.3; -0.4; 11.2; 11.3
111.4; 13.719; -4.0; 4.0; 5.7; -4.0; 8.8; 12.7; -0.3; 4.3; 4.3; -0.3; 11.2; 11.3
111.6; 13.743; -4.0; 4.0; 5.7; -4.0; 8.9; 12.7; -0.3; 4.3; 4.3; -0.3; 11.3; 11.3
111.8; 13.767; -3.9; 4.1; 5.6; -3.9; 9.0; 12.7; -0.2; 4.3; 4.3; -0.2; 11.3; 11.4
112.0; 13.790; -3.8; 4.1; 5.6; -3.8; 9.1; 12.7; -0.1; 4.3; 4.3; -0.1; 11.4; 11.4
112.2; 13.814; -3.7; 4.1; 5.5; -3.7; 9.3; 12.7; -0.1; 4.3; 4.3; -0.1; 11.5; 11.5
112.4; 13.837; -3.5; 4.2; 5.5; -3.5; 9.5; 12.7; -0.1; 4.3; 4.3; -0.1; 11.5; 11.6
112.6; 13.861; -0.1; 3.8; 4.8; -0.1; 9.6; 12.3; 0.1; 4.7; 4.7; 0.1; 12.2; 12.2
112.8; 13.884; -0.1; 3.9; 4.8; -0.1; 9.8; 12.3; 0.1; 4.7; 4.7; 0.1; 12.2; 12.3
113.0; 13.907; -0.1; 3.9; 4.8; -0.1; 9.9; 12.3; 0.1; 4.7; 4.7; 0.1; 12.3; 12.3
113.2; 13.930; -0.1; 3.9; 4.8; -0.1; 9.9; 12.3; 0.1; 4.7; 4.7; 0.1; 12.3; 12.3
113.4; 13.954; -0.1; 3.9; 4.8; -0.1; 9.9; 12.3; 0.1; 4.7; 4.7; 0.1; 12.2; 12.3
113.6; 13.978; -0.1; 3.9; 4.8; -0.1; 9.9; 12.3; 0.1; 4.7; 4.7; 0.1; 12.2; 12.3
113.8; 14.002; -0.1; 3.9; 4.7; -0.1; 9.9; 12.3; 0.1; 4.7; 4.7; 0.1; 12.2; 12.3
114.0; 14.027; -0.1; 3.9; 4.7; -0.1; 9.9; 12.3; 0.2; 4.7; 4.7; 0.2; 12.2; 12.3
114.2; 14.052; -0.1; 3.9; 4.7; -0.1; 9.9; 12.3; 0.2; 4.7; 4.7; 0.2; 12.2; 12.3
114.4; 14.077; -0.1; 3.9; 4.7; -0.1; 9.9; 12.3; 0.3; 4.7; 4.7; 0.3; 12.2; 12.3
114.6; 14.103; -0.1; 3.9; 4.7; -0.1; 9.9; 12.3; 0.3; 4.7; 4.7; 0.3; 12.2; 12.3
114.8; 14.129; -0.1; 3.8; 4.7; -0.1; 10.0; 12.3; 0.4; 4.7; 4.7; 0.4; 12.2; 12.3
115.0; 14.155; -0.1; 3.8; 4.7; -0.1; 10.0; 12.3; 0.4; 4.7; 4.7; 0.4; 12.2; 12.3
115.2; 14.181; -0.1; 3.8; 4.7; -0.1; 10.0; 12.3; 0.5; 4.7; 4.8; 0.5; 12.2; 12.3
115.4; 14.208; -0.1; 3.8; 4.7; -0.1; 10.0; 12.3; 0.5; 4.7; 4.8; 0.5; 12.2; 12.3
115.6; 14.235; -0.1; 3.8; 4.7; -0.1; 10.0; 12.2; 0.6; 4.7; 4.8; 0.6; 12.2; 12.3
115.8; 14.261; -0.1; 3.8; 4.7; -0.1; 10.0; 12.2; 0.7; 4.7; 4.8; 0.7; 12.2; 12.3
116.0; 14.288; -0.1; 3.8; 4.7; -0.1; 10.0; 12.2; 0.7; 4.7; 4.8; 0.7; 12.1; 12.4
116.2; 14.315; -0.1; 3.8; 4.7; -0.1; 10.0; 12.2; 0.8; 4.8; 4.8; 0.8; 12.1; 12.4
116.4; 14.342; -0.1; 3.8; 4.7; -0.1; 9.9; 12.2; 0.8; 4.8; 4.8; 0.8; 12.1; 12.4
116.6; 14.369; -0.1; 3.8; 4.7; -0.1; 9.9; 12.2; 0.9; 4.8; 4.8; 0.9; 12.1; 12.4
116.8; 14.396; -0.1; 3.8; 4.6; -0.1; 9.9; 12.2; 1.0; 4.8; 4.9; 1.0; 12.0; 12.4
117.0; 14.423; -0.1; 3.8; 4.6; -0.1; 9.9; 12.1; 1.0; 4.8; 4.9; 1.0; 12.0; 12.4
117.2; 14.449; -0.1; 3.8; 4.6; -0.1; 9.9; 12.1; 1.1; 4.8; 4.9; 1.1; 11.9; 12.4
117.4; 14.476; -0.1; 3.8; 4.6; -0.1; 9.8; 12.1; 1.2; 4.8; 4.9; 1.2; 11.9; 12.4
117.6; 14.503; -0.1; 3.8; 4.6; -0.1; 9.8; 12.1; 1.3; 4.8; 4.9; 1.3; 11.8; 12.4
117.8; 14.529; -0.1; 3.8; 4.6; -0.1; 9.8; 12.0; 1.4; 4.8; 5.0; 1.4; 11.8; 12.4
118.0; 14.555; -0.1; 3.8; 4.6; -0.1; 9.7; 12.0; 1.4; 4.8; 5.0; 1.4; 11.7; 12.4
118.2; 14.581; -0.1; 3.7; 4.6; -0.1; 9.7; 12.0; 1.5; 4.8; 5.0; 1.5; 11.6; 12.4
118.4; 14.606; -0.1; 3.7; 4.6; -0.1; 9.6; 12.0; 1.6; 4.8; 5.1; 1.6; 11.6; 12.4
118.6; 14.632; -0.1; 3.7; 4.6; -0.1; 9.6; 11.9; 1.7; 4.8; 5.1; 1.7; 11.5; 12.4
118.8; 14.657; -0.1; 3.7; 4.7; -0.1; 9.5; 11.9; 1.8; 4.8; 5.1; 1.8; 11.4; 12.4
119.0; 14.681; -0.1; 3.7; 4.7; -0.1; 9.5; 11.9; 1.9; 4.8; 5.2; 1.9; 11.3; 12.4
119.2; 14.705; -0.1; 3.7; 4.7; -0.1; 9.4; 11.8; 2.0; 4.8; 5.2; 2.0; 11.2; 12.4
119.4; 14.729; -0.1; 3.7; 4.7; -0.1; 9.4; 11.8; 2.1; 4.8; 5.2; 2.1; 11.2; 12.4
119.6; 14.752; -0.1; 3.7; 4.7; -0.1; 9.3; 11.8; 2.2; 4.8; 5.2; 2.2; 11.1; 12.3
119.8; 14.775; -0.1; 3.7; 4.7; -0.1; 9.2; 11.7; 2.3; 4.8; 5.3; 2.3; 11.0; 12.3
120.0; 14.798; -0.1; 3.7; 4.7; -0.1; 9.2; 11.7; 2.3; 4.8; 5.3; 2.3; 10.9; 12.3
120.2; 14.821; -0.1; 3.6; 4.7; -0.1; 9.1; 11.7; 2.4; 4.8; 5.4; 2.4; 10.8; 12.3
120.4; 14.845; -0.1; 3.6; 4.7; -0.1; 9.0; 11.6; 2.5; 4.8; 5.4; 2.5; 10.7; 12.3
120.6; 14.868; -0.1; 3.6; 4.7; -0.1; 8.9; 11.6; 2.6; 4.8; 5.4; 2.6; 10.6; 12.3
120.8; 14.892; -0.1; 3.6; 4.7; -0.1; 8.8; 11.5; 2.7; 4.8; 5.5; 2.7; 10.5; 12.3
121.0; 14.916; -0.1; 3.6; 4.8; -0.1; 8.7; 11.5; 2.8; 4.7; 5.5; 2.8; 10.4; 12.3
121.2; 14.941; -0.1; 3.6; 4.8; -0.1; 8.6; 11.4; 3.0; 4.7; 5.6; 3.0; 10.2; 12.2
121.4; 14.965; -0.1; 3.5; 4.8; -0.1; 8.4; 11.4; 3.1; 4.7; 5.7; 3.1; 10.0; 12.2
121.6; 14.990; -0.1; 3.5; 4.8; -0.1; 8.2; 11.3; 3.3; 4.7; 5.7; 3.3; 9.8; 12.2
121.8; 15.016; -0.1; 3.5; 4.9; -0.1; 8.0; 11.2; 3.5; 4.7; 5.8; 3.5; 9.5; 12.2
122.0; 15.041; -0.1; 3.4; 4.9; -0.1; 7.8; 11.1; 3.7; 4.6; 5.9; 3.7; 9.3; 12.1
122.2; 15.067; -0.1; 3.4; 4.9; -0.1; 7.5; 11.0; 4.0; 4.6; 6.1; 4.0; 9.0; 12.1
122.4; 15.093; -0.1; 3.3; 5.0; -0.1; 7.3; 10.8; 4.2; 4.5; 6.2; 4.2; 8.6; 12.0
122.6; 15.119; -0.1; 3.3; 5.0; -0.1; 7.0; 10.7; 4.5; 4.4; 6.3; 4.5; 8.3; 12.0
122.8; 15.145; -0.1; 3.2; 5.1; -0.1; 6.7; 10.6; 4.7; 4.4; 6.4; 4.7; 7.9; 11.9
123.0; 15.171; -0.1; 3.2; 5.2; -0.1; 6.5; 10.5; 5.0; 4.3; 6.6; 5.0; 7.6; 11.9
123.2; 15.197; -0.1; 3.1; 5.2; -0.1; 6.2; 10.3; 5.2; 4.2; 6.7; 5.2; 7.3; 11.8
123.4; 15.223; -0.1; 3.1; 5.3; -0.1; 6.0; 10.2; 5.4; 4.1; 6.8; 5.4; 7.0; 11.8
123.6; 15.248; -0.1; 3.0; 5.3; -0.1; 5.8; 10.1; 5.6; 4.1; 6.9; 5.6; 6.8; 11.7
123.8; 15.274; -0.1; 3.0; 5.3; -0.1; 5.6; 10.0; 5.7; 4.0; 7.0; 5.7; 6.6; 11.7
124.0; 15.300; -0.1; 2.9; 5.4; -0.1; 5.4; 10.0; 5.9; 3.9; 7.1; 5.9; 6.4; 11.6
124.2; 15.325; -0.1; 2.9; 5.4; -0.1; 5.3; 9.9; 6.0; 3.9; 7.1; 6.0; 6.2; 11.6
124.4; 15.351; -0.1; 2.9; 5.4; -0.1; 5.3; 9.9; 6.0; 3.8; 7.1; 6.0; 6.2; 11.6
124.6; 15.376; -0.1; 2.9; 5.4; -0.1; 5.3; 9.9; 6.0; 3.8; 7.1; 6.0; 6.2; 11.6
124.8; 15.401; -0.1; 2.9; 5.4; -0.1; 5.4; 9.9; 5.9; 3.9; 7.1; 5.9; 6.2; 11.6
125.0; 15.426; -0.1; 3.0; 5.4; -0.1; 5.6; 10.0; 5.8; 3.9; 7.0; 5.8; 6.4; 11.7
125.2; 15.450; -0.1; 3.1; 5.3; -0.1; 5.8; 10.1; 5.6; 4.0; 6.9; 5.6; 6.7; 11.7
125.4; 15.475; -0.1; 3.2; 5.2; -0.1; 6.2; 10.3; 5.4; 4.1; 6.7; 5.4; 7.1; 11.8
125.6; 15.499; -0.1; 3.3; 5.1; -0.1; 6.6; 10.5; 5.0; 4.2; 6.5; 5.0; 7.5; 11.9
125.8; 15.523; -0.1; 3.4; 5.0; -0.1; 7.1; 10.7; 4.6; 4.3; 6.3; 4.6; 8.1; 12.0
126.0; 15.547; -0.1; 3.5; 5.0; -0.1; 7.6; 10.9; 4.2; 4.4; 6.1; 4.2; 8.6; 12.1
126.2; 15.571; -0.1; 3.5; 4.9; -0.1; 8.1; 11.1; 3.8; 4.5; 5.9; 3.8; 9.2; 12.1
126.4; 15.595; -0.1; 3.6; 4.8; -0.1; 8.5; 11.3; 3.4; 4.6; 5.7; 3.4; 9.7; 12.2
126.6; 15.618; -0.1; 3.7; 4.7; -0.1; 8.8; 11.5; 3.0; 4.7; 5.5; 3.0; 10.2; 12.3
126.8; 15.642; -0.1; 3.7; 4.7; -0.1; 9.1; 11.6; 2.7; 4.7; 5.4; 2.7; 10.6; 12.3
127.0; 15.665; -0.2; 3.8; 4.9; -0.2; 9.4; 11.9; 1.0; 4.6; 5.1; 1.0; 10.9; 12.1
127.2; 15.688; -0.2; 3.8; 4.8; -0.2; 9.5; 12.0; 1.1; 4.7; 5.0; 1.1; 11.2; 12.2
127.4; 15.712; -0.3; 3.8; 4.7; -0.3; 9.7; 12.1; 1.2; 4.7; 5.0; 1.2; 11.5; 12.3
127.6; 15.735; -0.3; 3.8; 4.7; -0.3; 9.7; 12.1; 1.3; 4.7; 4.9; 1.3; 11.7; 12.3
127.8; 15.759; -0.2; 3.8; 4.7; -0.2; 9.8; 12.1; 1.2; 4.8; 4.9; 1.2; 11.9; 12.3
128.0; 15.782; -0.1; 3.8; 4.7; -0.1; 9.7; 12.1; 1.2; 4.8; 4.9; 1.2; 11.9; 12.3
128.2; 15.806; -0.1; 3.7; 4.7; -0.1; 9.6; 12.1; 1.2; 4.8; 4.9; 1.2; 11.9; 12.3
128.4; 15.830; -0.2; 3.7; 4.8; -0.2; 9.3; 12.0; 1.2; 4.8; 5.0; 1.2; 11.8; 12.3
128.6; 15.853; -0.4; 3.6; 4.9; -0.4; 8.8; 11.9; 1.4; 4.8; 5.1; 1.4; 11.5; 12.2
128.8; 15.877; -0.9; 3.5; 5.1; -0.9; 8.1; 11.8; 1.8; 4.8; 5.2; 1.8; 10.9; 12.0
129.0; 15.901; -1.7; 3.3; 5.4; -1.7; 6.9; 11.5; 2.5; 4.7; 5.6; 2.5; 9.8; 11.6
129.2; 15.925; -3.0; 2.9; 6.0; -3.0; 5.2; 10.9; 3.6; 4.3; 6.1; 3.6; 7.8; 11.0
129.4; 15.948; -4.5; 2.2; 6.8; -4.5; 3.2; 10.2; 5.0; 3.4; 6.8; 5.0; 5.0; 10.2
129.6; 15.972; -5.7; 1.1; 7.6; -5.7; 1.4; 9.4; 6.0; 2.0; 7.7; 6.0; 2.4; 9.4
129.8; 15.996; -6.1; -0.0; 8.4; -6.1; -0.0; 8.6; 6.4; 0.5; 8.4; 6.4; 0.5; 8.6
130.0; 16.020; -5.9; -1.2; 9.0; -5.9; -1.0; 8.0; 6.2; -1.0; 9.0; 6.2; -0.9; 8.0
130.2; 16.044; -5.0; -2.2; 9.5; -5.0; -1.8; 7.5; 5.3; -2.2; 9.5; 5.3; -1.8; 7.5
130.4; 16.067; -2.9; -3.2; 9.9; -2.9; -2.3; 7.1; 3.2; -3.4; 9.9; 3.2; -2.5; 7.1
130.6; 16.091; -0.8; -4.1; 10.3; -0.8; -2.7; 6.7; 1.2; -4.6; 10.3; 1.2; -3.1; 6.7
130.8; 16.115; -0.3; -5.0; 10.6; -0.3; -3.0; 6.4; 0.8; -5.7; 10.7; 0.8; -3.5; 6.4
131.0; 16.138; -0.2; -5.9; 10.9; -0.2; -3.3; 6.0; 0.7; -6.7; 11.0; 0.7; -3.8; 6.1
131.2; 16.162; -0.2; -6.7; 11.2; -0.2; -3.5; 5.8; 0.7; -7.7; 11.3; 0.7; -4.1; 5.9
131.4; 16.185; -0.1; -7.4; 11.4; -0.1; -3.6; 5.5; 0.8; -8.6; 11.5; 0.8; -4.3; 5.6
131.6; 16.209; -0.1; -8.0; 11.6; -0.1; -3.7; 5.3; 0.8; -9.3; 11.7; 0.8; -4.4; 5.4
131.8; 16.232; -0.1; -8.5; 11.7; -0.1; -3.8; 5.1; 0.9; -10.0; 11.9; 0.9; -4.5; 5.3
132.0; 16.255; -0.1; -8.9; 11.8; -0.1; -3.8; 5.0; 1.0; -10.5; 12.0; 1.0; -4.6; 5.2
132.2; 16.279; -0.1; -9.2; 11.9; -0.1; -3.8; 4.9; 1.0; -10.9; 12.1; 1.0; -4.6; 5.1
132.4; 16.302; -0.2; -9.4; 12.0; -0.2; -3.8; 4.8; 1.1; -11.2; 12.2; 1.1; -4.7; 5.0
132.6; 16.326; -0.2; -9.6; 12.0; -0.2; -3.8; 4.8; 1.2; -11.5; 12.3; 1.2; -4.7; 5.0
132.8; 16.350; -0.2; -9.6; 12.1; -0.2; -3.8; 4.7; 1.2; -11.6; 12.3; 1.2; -4.7; 5.0
133.0; 16.373; -0.3; -9.6; 12.1; -0.3; -3.8; 4.7; 1.3; -11.7; 12.3; 1.3; -4.7; 4.9
133.2; 16.397; -0.3; -9.5; 12.1; -0.3; -3.8; 4.7; 1.3; -11.7; 12.3; 1.3; -4.8; 5.0
133.4; 16.422; -0.4; -9.3; 12.0; -0.4; -3.7; 4.8; 1.4; -11.7; 12.2; 1.4; -4.8; 5.0
133.6; 16.446; -0.6; -8.9; 11.9; -0.6; -3.7; 4.9; 1.5; -11.4; 12.2; 1.5; -4.8; 5.1
133.8; 16.470; -1.0; -8.3; 11.8; -1.0; -3.6; 5.0; 1.9; -11.0; 12.0; 1.9; -4.8; 5.2
134.0; 16.495; -4.5; -7.9; 12.5; -4.5; -3.9; 6.1; -0.3; -10.0; 10.9; -0.3; -4.2; 4.5
134.2; 16.520; -5.2; -7.5; 12.7; -5.2; -3.9; 6.5; -1.6; -9.7; 10.5; -1.6; -4.0; 4.3
134.4; 16.546; -5.2; -7.4; 12.7; -5.2; -3.9; 6.5; -1.6; -9.7; 10.5; -1.6; -4.1; 4.4
134.6; 16.572; -5.3; -7.3; 12.7; -5.3; -3.8; 6.5; -1.6; -9.7; 10.5; -1.6; -4.1; 4.4
134.8; 16.598; -5.3; -7.2; 12.6; -5.3; -3.8; 6.6; -1.6; -9.7; 10.5; -1.6; -4.1; 4.4
135.0; 16.625; -5.4; -7.2; 12.6; -5.4; -3.8; 6.6; -1.7; -9.6; 10.4; -1.7; -4.1; 4.4
135.2; 16.652; -5.4; -7.1; 12.6; -5.4; -3.8; 6.6; -1.7; -9.5; 10.4; -1.7; -4.0; 4.4
135.4; 16.680; -5.5; -7.1; 12.6; -5.5; -3.8; 6.7; -1.8; -9.4; 10.4; -1.8; -4.0; 4.4
135.6; 16.708; -5.5; -7.1; 12.6; -5.5; -3.8; 6.7; -1.8; -9.3; 10.3; -1.8; -4.0; 4.4
135.8; 16.737; -5.5; -7.1; 12.6; -5.5; -3.8; 6.7; -1.8; -9.3; 10.3; -1.8; -4.0; 4.4
136.0; 16.766; -5.4; -7.2; 12.6; -5.4; -3.8; 6.6; -1.8; -9.4; 10.4; -1.8; -4.0; 4.4
136.2; 16.796; -5.3; -7.4; 12.6; -5.3; -3.9; 6.6; -1.7; -9.5; 10.4; -1.7; -4.0; 4.4
136.4; 16.826; -5.2; -7.6; 12.6; -5.2; -3.9; 6.5; -1.6; -9.6; 10.5; -1.6; -4.0; 4.4
136.6; 16.856; -5.0; -7.8; 12.7; -5.0; -4.0; 6.4; -1.5; -9.9; 10.6; -1.5; -4.1; 4.4
136.8; 16.887; -4.8; -8.1; 12.7; -4.8; -4.0; 6.3; -1.4; -10.1; 10.8; -1.4; -4.1; 4.3
137.0; 16.918; -4.6; -8.3; 12.7; -4.6; -4.0; 6.1; -1.2; -10.3; 10.9; -1.2; -4.2; 4.3
137.2; 16.949; -4.4; -8.6; 12.7; -4.4; -4.1; 6.0; -1.0; -10.6; 11.0; -1.0; -4.2; 4.3
137.4; 16.981; -4.3; -8.8; 12.7; -4.3; -4.1; 5.9; -0.8; -10.8; 11.1; -0.8; -4.2; 4.3
137.6; 17.012; -4.1; -9.0; 12.7; -4.1; -4.1; 5.8; -0.7; -11.0; 11.2; -0.7; -4.3; 4.3
137.8; 17.045; -3.9; -9.2; 12.7; -3.9; -4.1; 5.7; -0.5; -11.2; 11.3; -0.5; -4.3; 4.3
138.0; 17.077; -3.8; -9.3; 12.7; -3.8; -4.1; 5.6; -0.3; -11.3; 11.4; -0.3; -4.3; 4.3
138.2; 17.109; -3.7; -9.4; 12.7; -3.7; -4.1; 5.5; -0.1; -11.4; 11.5; -0.1; -4.3; 4.3
138.4; 17.142; -3.7; -9.4; 12.7; -3.7; -4.1; 5.5; -0.1; -11.5; 11.5; -0.1; -4.3; 4.3
138.6; 17.174; -3.7; -9.3; 12.7; -3.7; -4.1; 5.6; -0.2; -11.5; 11.5; -0.2; -4.3; 4.3
138.8; 17.207; -3.8; -9.3; 12.7; -3.8; -4.1; 5.6; -0.4; -11.4; 11.4; -0.4; -4.3; 4.3
139.0; 17.240; -3.9; -9.2; 12.7; -3.9; -4.1; 5.7; -0.6; -11.3; 11.4; -0.6; -4.2; 4.3
139.2; 17.273; -3.6; -9.3; 12.6; -3.6; -4.1; 5.4; 0.4; -11.5; 11.6; 0.4; -4.4; 4.4
139.4; 17.306; -2.7; -9.5; 12.5; -2.7; -4.0; 5.2; 0.8; -11.7; 11.8; 0.8; -4.5; 4.6
139.6; 17.338; -1.6; -9.6; 12.4; -1.6; -3.9; 5.0; 0.8; -12.0; 12.1; 0.8; -4.6; 4.7
139.8; 17.369; -0.7; -9.8; 12.3; -0.7; -3.9; 4.8; 0.7; -12.2; 12.2; 0.7; -4.7; 4.7
140.0; 17.400; -0.1; -9.9; 12.2; -0.1; -3.8; 4.7; 0.6; -12.3; 12.4; 0.6; -4.7; 4.8
140.2; 17.429; -0.1; -10.0; 12.3; -0.1; -3.8; 4.7; 0.6; -12.3; 12.4; 0.6; -4.7; 4.8
140.4; 17.458; -0.1; -10.0; 12.3; -0.1; -3.8; 4.7; 0.5; -12.3; 12.3; 0.5; -4.7; 4.8
140.6; 17.485; -0.1; -10.0; 12.3; -0.1; -3.8; 4.7; 0.4; -12.3; 12.3; 0.4; -4.7; 4.7
140.8; 17.512; -0.1; -10.0; 12.3; -0.1; -3.8; 4.7; 0.3; -12.3; 12.3; 0.3; -4.7; 4.7
141.0; 17.537; -0.1; -10.0; 12.3; -0.1; -3.8; 4.7; 0.2; -12.3; 12.3; 0.2; -4.7; 4.7
141.2; 17.562; -0.1; -10.0; 12.3; -0.1; -3.8; 4.7; 0.1; -12.3; 12.3; 0.1; -4.7; 4.7
141.4; 17.586; -0.1; -10.0; 12.3; -0.1; -3.8; 4.7; 0.1; -12.2; 12.3; 0.1; -4.7; 4.7
141.6; 17.611; -0.1; -10.0; 12.3; -0.1; -3.8; 4.7; 0.2; -12.2; 12.3; 0.2; -4.7; 4.7
141.8; 17.636; -0.1; -10.0; 12.3; -0.1; -3.8; 4.7; 0.3; -12.2; 12.3; 0.3; -4.7; 4.7
142.0; 17.663; -0.1; -10.0; 12.2; -0.1; -3.8; 4.7; 0.5; -12.2; 12.3; 0.5; -4.7; 4.8
142.2; 17.690; -0.1; -10.0; 12.2; -0.1; -3.8; 4.7; 0.7; -12.1; 12.3; 0.7; -4.8; 4.8
142.4; 17.719; -0.1; -10.0; 12.2; -0.1; -3.7; 4.7; 0.9; -12.0; 12.4; 0.9; -4.8; 4.9
142.6; 17.748; -0.1; -10.0; 12.1; -0.1; -3.7; 4.6; 1.1; -11.9; 12.4; 1.1; -4.8; 4.9
142.8; 17.778; -0.1; -9.9; 12.1; -0.1; -3.7; 4.6; 1.3; -11.8; 12.4; 1.3; -4.8; 5.0
143.0; 17.809; -0.1; -9.8; 12.0; -0.1; -3.7; 4.6; 1.5; -11.6; 12.4; 1.5; -4.8; 5.0
143.2; 17.840; -0.1; -9.8; 11.9; -0.1; -3.7; 4.6; 1.7; -11.4; 12.4; 1.7; -4.8; 5.1
143.4; 17.871; -0.1; -9.7; 11.9; -0.1; -3.7; 4.6; 1.8; -11.3; 12.4; 1.8; -4.8; 5.1
143.6; 17.902; -0.1; -9.7; 11.9; -0.1; -3.7; 4.6; 1.9; -11.2; 12.4; 1.9; -4.8; 5.2
143.8; 17.933; -0.1; -9.6; 11.8; -0.1; -3.6; 4.6; 2.0; -11.2; 12.4; 2.0; -4.8; 5.2
144.0; 17.964; -0.1; -9.6; 11.8; -0.1; -3.6; 4.7; 2.0; -11.1; 12.4; 2.0; -4.8; 5.2
144.2; 17.995; -0.1; -9.6; 11.8; -0.1; -3.6; 4.7; 2.1; -11.1; 12.4; 2.1; -4.8; 5.2
144.4; 18.025; -0.1; -9.6; 11.8; -0.1; -3.7; 4.6; 2.0; -11.1; 12.4; 2.0; -4.8; 5.2
144.6; 18.056; -0.1; -9.6; 11.8; -0.1; -3.7; 4.7; 2.0; -11.1; 12.4; 2.0; -4.8; 5.2
144.8; 18.086; -0.1; -9.5; 11.8; -0.1; -3.6; 4.7; 2.1; -11.1; 12.4; 2.1; -4.8; 5.2
145.0; 18.116; -0.1; -9.4; 11.8; -0.1; -3.6; 4.7; 2.1; -11.0; 12.3; 2.1; -4.8; 5.3
145.2; 18.145; -0.1; -9.3; 11.7; -0.1; -3.6; 4.7; 2.3; -10.9; 12.3; 2.3; -4.8; 5.3
145.4; 18.175; -0.1; -9.1; 11.6; -0.1; -3.6; 4.7; 2.5; -10.7; 12.3; 2.5; -4.8; 5.4
145.6; 18.205; -0.1; -8.8; 11.5; -0.1; -3.5; 4.7; 2.8; -10.4; 12.3; 2.8; -4.8; 5.5
145.8; 18.235; -0.1; -8.5; 11.4; -0.1; -3.5; 4.8; 3.1; -10.0; 12.2; 3.1; -4.7; 5.7
146.0; 18.266; -0.1; -8.2; 11.2; -0.1; -3.4; 4.8; 3.5; -9.5; 12.2; 3.5; -4.7; 5.8
146.2; 18.296; -0.1; -7.8; 11.0; -0.1; -3.4; 4.9; 3.8; -9.1; 12.1; 3.8; -4.6; 6.0
146.4; 18.326; -0.1; -7.4; 10.8; -0.1; -3.3; 5.0; 4.2; -8.6; 12.0; 4.2; -4.5; 6.2
146.6; 18.356; -0.1; -7.1; 10.7; -0.1; -3.2; 5.0; 4.5; -8.2; 12.0; 4.5; -4.4; 6.3
146.8; 18.386; -0.1; -6.7; 10.5; -0.1; -3.2; 5.1; 4.9; -7.7; 11.9; 4.9; -4.3; 6.5
147.0; 18.416; -0.1; -6.3; 10.3; -0.1; -3.1; 5.2; 5.2; -7.3; 11.8; 5.2; -4.2; 6.7
147.2; 18.446; -0.1; -6.0; 10.2; -0.1; -3.0; 5.3; 5.4; -6.9; 11.8; 5.4; -4.1; 6.8
147.4; 18.476; -0.1; -5.7; 10.0; -0.1; -2.9; 5.3; 5.7; -6.6; 11.7; 5.7; -4.0; 7.0
147.6; 18.506; -0.1; -5.3; 9.9; -0.1; -2.9; 5.4; 6.0; -6.2; 11.6; 6.0; -3.9; 7.1
147.8; 18.535; -0.1; -5.0; 9.7; -0.1; -2.8; 5.5; 6.2; -5.8; 11.6; 6.2; -3.8; 7.3
148.0; 18.564; -0.1; -4.7; 9.6; -0.1; -2.7; 5.5; 6.5; -5.5; 11.5; 6.5; -3.6; 7.4
148.2; 18.594; -0.1; -4.5; 9.5; -0.1; -2.6; 5.6; 6.7; -5.2; 11.4; 6.7; -3.5; 7.5
148.4; 18.622; -0.1; -4.2; 9.4; -0.1; -2.5; 5.7; 6.9; -4.9; 11.4; 6.9; -3.4; 7.7
148.6; 18.651; -0.1; -4.0; 9.2; -0.1; -2.4; 5.7; 7.1; -4.7; 11.3; 7.1; -3.3; 7.8
148.8; 18.679; -0.1; -3.8; 9.1; -0.1; -2.4; 5.8; 7.2; -4.4; 11.2; 7.2; -3.1; 7.9
149.0; 18.707; -0.1; -3.6; 9.1; -0.1; -2.3; 5.8; 7.4; -4.2; 11.2; 7.4; -3.0; 8.0
149.2; 18.735; -0.1; -3.4; 9.0; -0.1; -2.2; 5.9; 7.5; -4.0; 11.2; 7.5; -2.9; 8.0
149.4; 18.762; -0.1; -3.3; 8.9; -0.1; -2.2; 5.9; 7.6; -3.9; 11.1; 7.6; -2.9; 8.1
149.6; 18.789; -0.1; -3.2; 8.9; -0.1; -2.1; 5.9; 7.6; -3.8; 11.1; 7.6; -2.8; 8.1
149.8; 18.816; -0.1; -3.2; 8.9; -0.1; -2.1; 5.9; 7.7; -3.7; 11.1; 7.7; -2.8; 8.2
150.0; 18.842; -0.1; -3.2; 8.8; -0.1; -2.1; 5.9; 7.7; -3.7; 11.1; 7.7; -2.8; 8.2
150.2; 18.868; -0.1; -3.2; 8.9; -0.1; -2.2; 5.9; 7.7; -3.8; 11.1; 7.7; -2.8; 8.1
150.4; 18.894; -0.1; -3.3; 8.9; -0.1; -2.2; 5.9; 7.6; -3.9; 11.1; 7.6; -2.9; 8.1
150.6; 18.919; -0.1; -3.5; 9.0; -0.1; -2.3; 5.9; 7.5; -4.0; 11.2; 7.5; -2.9; 8.0
150.8; 18.945; -0.1; -3.8; 9.1; -0.1; -2.4; 5.8; 7.3; -4.3; 11.2; 7.3; -3.1; 7.9
151.0; 18.969; -0.1; -4.1; 9.3; -0.1; -2.5; 5.7; 7.1; -4.6; 11.3; 7.1; -3.2; 7.8
151.2; 18.994; -0.1; -4.4; 9.4; -0.1; -2.6; 5.6; 6.8; -5.0; 11.4; 6.8; -3.4; 7.6
151.4; 19.018; -0.1; -4.9; 9.6; -0.1; -2.8; 5.5; 6.5; -5.5; 11.5; 6.5; -3.6; 7.4
151.6; 19.043; -0.1; -5.3; 9.8; -0.1; -2.9; 5.4; 6.1; -6.0; 11.6; 6.1; -3.8; 7.2
151.8; 19.066; -0.1; -5.7; 10.1; -0.1; -3.0; 5.3; 5.8; -6.5; 11.7; 5.8; -3.9; 7.0
152.0; 19.090; -0.1; -6.1; 10.2; -0.1; -3.1; 5.3; 5.4; -7.0; 11.8; 5.4; -4.1; 6.8
152.2; 19.114; -0.1; -6.4; 10.4; -0.1; -3.2; 5.2; 5.1; -7.4; 11.8; 5.1; -4.2; 6.6
152.4; 19.137; -0.2; -6.9; 11.2; -0.2; -3.5; 5.7; 0.7; -7.8; 11.3; 0.7; -4.1; 5.8
152.6; 19.160; -0.2; -7.2; 11.4; -0.2; -3.5; 5.6; 0.8; -8.5; 11.5; 0.8; -4.3; 5.7
152.8; 19.184; -0.3; -7.5; 11.4; -0.3; -3.6; 5.5; 0.9; -9.0; 11.6; 0.9; -4.4; 5.6
153.0; 19.207; -0.6; -7.6; 11.5; -0.6; -3.6; 5.4; 1.3; -9.2; 11.6; 1.3; -4.4; 5.5
153.2; 19.231; -1.4; -7.6; 11.5; -1.4; -3.6; 5.4; 2.1; -9.3; 11.6; 2.1; -4.5; 5.5
153.4; 19.254; -2.2; -7.4; 11.5; -2.2; -3.5; 5.4; 2.9; -9.2; 11.6; 2.9; -4.5; 5.6
153.6; 19.278; -2.5; -7.1; 11.4; -2.5; -3.5; 5.5; 3.2; -8.9; 11.5; 3.2; -4.4; 5.6
153.8; 19.301; -2.9; -6.7; 11.3; -2.9; -3.4; 5.7; 3.5; -8.4; 11.4; 3.5; -4.3; 5.8
154.0; 19.325; -3.3; -6.1; 11.1; -3.3; -3.2; 5.8; 3.9; -7.8; 11.2; 3.9; -4.2; 5.9
154.2; 19.348; -3.8; -5.5; 10.9; -3.8; -3.1; 6.1; 4.3; -7.0; 10.9; 4.3; -4.0; 6.2
154.4; 19.372; -4.3; -4.8; 10.6; -4.3; -2.9; 6.3; 4.8; -6.2; 10.7; 4.8; -3.7; 6.4
154.6; 19.395; -4.8; -4.1; 10.4; -4.8; -2.6; 6.6; 5.2; -5.3; 10.4; 5.2; -3.4; 6.6
154.8; 19.419; -5.2; -3.5; 10.1; -5.2; -2.4; 6.9; 5.6; -4.5; 10.2; 5.6; -3.0; 6.9
155.0; 19.442; -5.5; -2.9; 9.9; -5.5; -2.1; 7.1; 5.8; -3.7; 9.9; 5.8; -2.7; 7.1
155.2; 19.466; -5.7; -2.4; 9.7; -5.7; -1.8; 7.3; 6.0; -3.1; 9.7; 6.0; -2.3; 7.3
155.4; 19.490; -5.8; -2.0; 9.5; -5.8; -1.6; 7.5; 6.1; -2.5; 9.5; 6.1; -2.0; 7.5
155.6; 19.513; -5.8; -1.6; 9.3; -5.8; -1.3; 7.7; 6.1; -2.1; 9.3; 6.1; -1.7; 7.7
155.8; 19.537; -5.9; -1.3; 9.2; -5.9; -1.1; 7.8; 6.1; -1.7; 9.2; 6.1; -1.4; 7.8
156.0; 19.561; -5.9; -1.0; 9.0; -5.9; -0.9; 8.0; 6.2; -1.3; 9.0; 6.2; -1.2; 8.0
156.2; 19.584; -5.9; -0.7; 8.9; -5.9; -0.7; 8.1; 6.2; -1.0; 8.9; 6.2; -0.9; 8.1
156.4; 19.608; -6.0; -0.5; 8.8; -6.0; -0.4; 8.2; 6.3; -0.7; 8.8; 6.3; -0.6; 8.2
156.6; 19.632; -6.2; -0.2; 8.7; -6.2; -0.2; 8.4; 6.5; -0.4; 8.7; 6.5; -0.4; 8.4
156.8; 19.655; -6.4; 0.1; 8.5; -6.4; 0.1; 8.5; 6.7; -0.1; 8.5; 6.7; -0.1; 8.5
157.0; 19.679; -6.6; 0.3; 8.4; -6.6; 0.4; 8.7; 6.9; 0.3; 8.4; 6.9; 0.3; 8.7
157.2; 19.703; -6.8; 0.7; 8.2; -6.8; 0.7; 8.8; 7.1; 0.6; 8.2; 7.1; 0.7; 8.8
157.4; 19.727; -6.9; 1.0; 8.0; -6.9; 1.1; 9.0; 7.2; 1.0; 8.0; 7.2; 1.1; 9.0
157.6; 19.750; -6.8; 1.3; 7.8; -6.8; 1.6; 9.2; 7.1; 1.4; 7.8; 7.1; 1.6; 9.2
157.8; 19.774; -6.6; 1.7; 7.6; -6.6; 2.1; 9.5; 6.9; 1.8; 7.6; 6.9; 2.3; 9.5
158.0; 19.798; -6.3; 2.0; 7.3; -6.3; 2.7; 9.7; 6.6; 2.2; 7.3; 6.6; 2.9; 9.7
158.2; 19.821; -5.7; 2.4; 7.0; -5.7; 3.4; 10.0; 6.0; 2.7; 7.0; 6.0; 3.7; 10.0
158.4; 19.845; -3.4; 2.7; 6.7; -3.4; 4.2; 10.3; 3.8; 3.1; 6.7; 3.8; 4.6; 10.3
158.6; 19.869; -0.4; 3.0; 6.4; -0.4; 5.0; 10.6; 0.9; 3.4; 6.4; 0.9; 5.6; 10.6
158.8; 19.893; -0.2; 3.2; 6.1; -0.2; 5.8; 10.9; 0.7; 3.8; 6.2; 0.7; 6.6; 10.9
159.0; 19.916; -0.1; 3.4; 5.8; -0.1; 6.6; 11.1; 0.7; 4.0; 5.9; 0.7; 7.5; 11.2
159.2; 19.940; -0.1; 3.6; 5.6; -0.1; 7.3; 11.4; 0.8; 4.2; 5.7; 0.8; 8.4; 11.5
159.4; 19.964; -0.1; 3.7; 5.4; -0.1; 7.9; 11.5; 0.8; 4.4; 5.5; 0.8; 9.1; 11.7
159.6; 19.987; -0.1; 3.7; 5.2; -0.1; 8.2; 11.7; 0.9; 4.5; 5.4; 0.9; 9.7; 11.8
159.8; 20.011; -0.1; 3.7; 5.1; -0.1; 8.5; 11.7; 0.9; 4.6; 5.3; 0.9; 10.1; 11.9
160.0; 20.035; -0.1; 3.7; 5.1; -0.1; 8.5; 11.8; 0.9; 4.6; 5.2; 0.9; 10.4; 11.9
160.2; 20.059; -0.2; 3.6; 5.1; -0.2; 8.3; 11.8; 1.0; 4.6; 5.3; 1.0; 10.4; 11.9
160.4; 20.083; -3.5; 4.0; 5.9; -3.5; 8.3; 12.4; -0.5; 4.2; 4.6; -0.5; 10.0; 11.1
160.6; 20.107; -4.7; 4.1; 6.2; -4.7; 8.3; 12.7; -1.5; 4.0; 4.3; -1.5; 10.1; 10.8
160.8; 20.131; -4.6; 4.1; 6.1; -4.6; 8.3; 12.7; -1.2; 4.1; 4.3; -1.2; 10.4; 10.9
161.0; 20.156; -4.5; 4.0; 6.0; -4.5; 8.4; 12.7; -1.0; 4.2; 4.3; -1.0; 10.6; 11.0
161.2; 20.181; -4.4; 4.0; 5.9; -4.4; 8.5; 12.7; -0.8; 4.2; 4.3; -0.8; 10.8; 11.1
161.4; 20.207; -4.3; 4.0; 5.9; -4.3; 8.5; 12.7; -0.7; 4.2; 4.3; -0.7; 10.9; 11.1
161.6; 20.233; -4.3; 4.0; 5.9; -4.3; 8.6; 12.7; -0.6; 4.3; 4.3; -0.6; 11.0; 11.2
161.8; 20.259; -4.2; 4.0; 5.8; -4.2; 8.6; 12.7; -0.5; 4.3; 4.3; -0.5; 11.1; 11.2
162.0; 20.286; -4.2; 4.0; 5.8; -4.2; 8.7; 12.7; -0.5; 4.3; 4.3; -0.5; 11.1; 11.2
162.2; 20.313; -4.1; 4.0; 5.7; -4.1; 8.7; 12.7; -0.4; 4.3; 4.3; -0.4; 11.2; 11.3
162.4; 20.341; -4.0; 4.0; 5.7; -4.0; 8.8; 12.7; -0.3; 4.3; 4.3; -0.3; 11.3; 11.3
162.6; 20.369; -3.9; 4.1; 5.6; -3.9; 8.9; 12.7; -0.2; 4.3; 4.3; -0.2; 11.3; 11.4
162.8; 20.398; -3.8; 4.1; 5.6; -3.8; 9.1; 12.7; -0.1; 4.3; 4.3; -0.1; 11.4; 11.5
163.0; 20.427; -3.6; 4.1; 5.5; -3.6; 9.4; 12.7; -0.1; 4.3; 4.3; -0.1; 11.5; 11.5
163.2; 20.457; -0.9; 3.9; 4.9; -0.9; 9.6; 12.4; 0.1; 4.6; 4.6; 0.1; 12.1; 12.1
163.4; 20.487; -0.1; 3.9; 4.8; -0.1; 9.8; 12.3; 0.1; 4.7; 4.7; 0.1; 12.2; 12.2
163.6; 20.518; -0.1; 3.9; 4.8; -0.1; 9.8; 12.3; 0.1; 4.7; 4.7; 0.1; 12.2; 12.3
163.8; 20.548; -0.1; 3.9; 4.8; -0.1; 9.8; 12.3; 0.1; 4.7; 4.7; 0.1; 12.2; 12.3
164.0; 20.579; -0.1; 3.9; 4.8; -0.1; 9.8; 12.3; 0.1; 4.7; 4.7; 0.1; 12.2; 12.3
164.2; 20.609; -0.1; 3.9; 4.8; -0.1; 9.9; 12.3; 0.1; 4.7; 4.7; 0.1; 12.2; 12.3
164.4; 20.638; -0.1; 3.9; 4.8; -0.1; 9.9; 12.3; 0.2; 4.7; 4.7; 0.2; 12.2; 12.3
164.6; 20.667; -0.1; 3.9; 4.7; -0.1; 9.9; 12.3; 0.2; 4.7; 4.7; 0.2; 12.2; 12.3
164.8; 20.694; -0.1; 3.9; 4.7; -0.1; 9.9; 12.3; 0.3; 4.7; 4.7; 0.3; 12.2; 12.3
165.0; 20.719; -0.1; 3.8; 4.7; -0.1; 9.9; 12.3; 0.3; 4.7; 4.7; 0.3; 12.2; 12.3
165.2; 20.742; -0.1; 3.8; 4.7; -0.1; 9.9; 12.3; 0.4; 4.7; 4.7; 0.4; 12.2; 12.3
165.4; 20.763; -0.1; 3.8; 4.7; -0.1; 9.9; 12.3; 0.5; 4.7; 4.8; 0.5; 12.2; 12.3
165.6; 20.782; -0.1; 3.8; 4.7; -0.1; 9.9; 12.3; 0.5; 4.7; 4.8; 0.5; 12.2; 12.3
165.8; 20.798; -0.1; 3.8; 4.7; -0.1; 10.0; 12.3; 0.5; 4.7; 4.8; 0.5; 12.2; 12.3
166.0; 20.813; -0.1; 3.8; 4.7; -0.1; 10.0; 12.3; 0.6; 4.7; 4.8; 0.6; 12.2; 12.3
166.2; 20.826; -0.1; 3.8; 4.7; -0.1; 10.0; 12.3; 0.6; 4.7; 4.8; 0.6; 12.2; 12.3
166.4; 20.840; -0.1; 3.8; 4.7; -0.1; 10.0; 12.2; 0.6; 4.7; 4.8; 0.6; 12.2; 12.3
166.6; 20.855; -0.1; 3.8; 4.7; -0.1; 10.0; 12.2; 0.7; 4.7; 4.8; 0.7; 12.2; 12.4
166.8; 20.873; -0.1; 3.8; 4.7; -0.1; 10.0; 12.2; 0.7; 4.7; 4.8; 0.7; 12.2; 12.4
167.0; 20.894; -0.1; 3.8; 4.7; -0.1; 9.9; 12.2; 0.7; 4.7; 4.8; 0.7; 12.1; 12.4
167.2; 20.918; -0.1; 3.8; 4.7; -0.1; 9.9; 12.2; 0.8; 4.8; 4.8; 0.8; 12.1; 12.4
167.4; 20.944; -0.1; 3.8; 4.7; -0.1; 9.9; 12.2; 0.9; 4.8; 4.8; 0.9; 12.1; 12.4
167.6; 20.972; -0.1; 3.8; 4.7; -0.1; 9.9; 12.2; 0.9; 4.8; 4.9; 0.9; 12.1; 12.4
167.8; 21.002; -0.1; 3.8; 4.7; -0.1; 9.9; 12.1; 1.0; 4.8; 4.9; 1.0; 12.0; 12.4
168.0; 21.033; -0.1; 3.8; 4.7; -0.1; 9.8; 12.1; 1.1; 4.8; 4.9; 1.1; 12.0; 12.4
168.2; 21.064; -0.1; 3.8; 4.7; -0.1; 9.8; 12.1; 1.2; 4.8; 4.9; 1.2; 11.9; 12.4
168.4; 21.096; -0.1; 3.8; 4.6; -0.1; 9.7; 12.1; 1.3; 4.8; 5.0; 1.3; 11.8; 12.4
168.6; 21.127; -0.1; 3.8; 4.6; -0.1; 9.7; 12.0; 1.4; 4.8; 5.0; 1.4; 11.7; 12.4
168.8; 21.159; -0.1; 3.7; 4.7; -0.1; 9.6; 12.0; 1.5; 4.8; 5.0; 1.5; 11.7; 12.4
169.0; 21.190; -0.1; 3.7; 4.7; -0.1; 9.6; 11.9; 1.7; 4.8; 5.1; 1.7; 11.6; 12.4
169.2; 21.221; -0.1; 3.7; 4.7; -0.1; 9.5; 11.9; 1.8; 4.8; 5.1; 1.8; 11.4; 12.4
169.4; 21.252; -0.1; 3.7; 4.7; -0.1; 9.4; 11.9; 1.9; 4.8; 5.2; 1.9; 11.3; 12.4
169.6; 21.282; -0.1; 3.7; 4.7; -0.1; 9.3; 11.8; 2.1; 4.8; 5.2; 2.1; 11.2; 12.3
169.8; 21.311; -0.1; 3.7; 4.7; -0.1; 9.2; 11.7; 2.3; 4.8; 5.3; 2.3; 11.0; 12.3
170.0; 21.341; -0.1; 3.6; 4.7; -0.1; 9.0; 11.7; 2.5; 4.8; 5.4; 2.5; 10.8; 12.3
170.2; 21.370; -0.1; 3.6; 4.7; -0.1; 8.7; 11.5; 2.7; 4.8; 5.5; 2.7; 10.5; 12.3
170.4; 21.398; -0.1; 3.5; 4.8; -0.1; 8.4; 11.4; 3.0; 4.7; 5.6; 3.0; 10.1; 12.2
170.6; 21.427; -0.1; 3.5; 4.9; -0.1; 8.0; 11.2; 3.5; 4.7; 5.8; 3.5; 9.6; 12.2
170.8; 21.455; -0.1; 3.4; 5.0; -0.1; 7.4; 11.0; 4.0; 4.6; 6.1; 4.0; 9.0; 12.1
171.0; 21.483; -0.1; 3.2; 5.1; -0.1; 6.8; 10.7; 4.6; 4.4; 6.4; 4.6; 8.2; 11.9
171.2; 21.510; -0.1; 3.1; 5.2; -0.1; 6.1; 10.3; 5.2; 4.2; 6.7; 5.2; 7.4; 11.8
171.4; 21.537; -0.1; 2.9; 5.4; -0.1; 5.4; 10.0; 5.8; 4.0; 7.0; 5.8; 6.5; 11.7
171.6; 21.564; -0.1; 2.7; 5.5; -0.1; 4.7; 9.7; 6.4; 3.7; 7.4; 6.4; 5.7; 11.5
171.8; 21.591; -0.1; 2.5; 5.7; -0.1; 4.1; 9.4; 6.9; 3.4; 7.7; 6.9; 5.0; 11.3
172.0; 21.617; -0.1; 2.3; 5.8; -0.1; 3.5; 9.1; 7.3; 3.1; 8.0; 7.3; 4.3; 11.2
172.2; 21.642; -0.1; 2.0; 6.0; -0.1; 3.0; 8.8; 7.7; 2.8; 8.2; 7.7; 3.7; 11.0
172.4; 21.668; -0.1; 1.8; 6.1; -0.1; 2.6; 8.6; 8.1; 2.5; 8.4; 8.1; 3.2; 10.9
172.6; 21.692; -0.1; 1.7; 6.2; -0.1; 2.3; 8.4; 8.3; 2.2; 8.6; 8.3; 2.8; 10.8
172.8; 21.717; -0.1; 1.5; 6.3; -0.1; 2.0; 8.3; 8.5; 2.0; 8.8; 8.5; 2.4; 10.7
173.0; 21.741; -0.1; 1.4; 6.4; -0.1; 1.8; 8.2; 8.7; 1.8; 8.9; 8.7; 2.2; 10.7
173.2; 21.765; -0.1; 1.3; 6.4; -0.1; 1.7; 8.1; 8.8; 1.7; 9.0; 8.8; 2.0; 10.6
173.4; 21.789; -5.5; 1.4; 7.7; -5.5; 1.7; 9.3; 5.8; 1.6; 7.7; 5.8; 2.0; 9.3
173.6; 21.812; -5.8; 1.4; 7.7; -5.8; 1.6; 9.3; 6.1; 1.7; 7.7; 6.1; 2.0; 9.3
173.8; 21.836; -5.9; 1.3; 7.7; -5.9; 1.6; 9.3; 6.2; 1.6; 7.7; 6.2; 1.9; 9.3
174.0; 21.859; -6.0; 1.2; 7.8; -6.0; 1.4; 9.2; 6.3; 1.5; 7.8; 6.3; 1.8; 9.2
174.2; 21.883; -6.1; 1.1; 7.9; -6.1; 1.3; 9.2; 6.4; 1.4; 7.9; 6.4; 1.6; 9.2
174.4; 21.906; -6.1; 1.0; 7.9; -6.1; 1.1; 9.1; 6.4; 1.2; 7.9; 6.4; 1.4; 9.1
174.6; 21.930; -6.2; 0.8; 8.0; -6.2; 1.0; 9.0; 6.4; 1.1; 8.0; 6.4; 1.2; 9.0
174.8; 21.953; -6.2; 0.7; 8.1; -6.2; 0.8; 8.9; 6.5; 0.9; 8.1; 6.5; 1.0; 8.9
175.0; 21.976; -6.2; 0.6; 8.2; -6.2; 0.7; 8.9; 6.5; 0.8; 8.2; 6.5; 0.9; 8.9
175.2; 22.000; -6.2; 0.5; 8.2; -6.2; 0.5; 8.8; 6.5; 0.6; 8.2; 6.5; 0.7; 8.8
175.4; 22.023; -6.2; 0.4; 8.3; -6.2; 0.4; 8.7; 6.4; 0.5; 8.3; 6.4; 0.5; 8.7
175.6; 22.047; -6.2; 0.3; 8.3; -6.2; 0.3; 8.7; 6.4; 0.4; 8.3; 6.4; 0.4; 8.7
175.8; 22.070; -6.2; 0.2; 8.4; -6.2; 0.2; 8.6; 6.4; 0.3; 8.4; 6.4; 0.3; 8.6
176.0; 22.093; -6.1; 0.1; 8.4; -6.1; 0.1; 8.6; 6.4; 0.2; 8.4; 6.4; 0.2; 8.6
176.2; 22.117; -6.1; 0.1; 8.5; -6.1; 0.1; 8.6; 6.4; 0.1; 8.5; 6.4; 0.1; 8.6
176.4; 22.140; -6.1; 0.0; 8.5; -6.1; 0.0; 8.5; 6.4; 0.1; 8.5; 6.4; 0.1; 8.5
176.6; 22.164; -6.1; -0.0; 8.5; -6.1; -0.0; 8.5; 6.4; 0.0; 8.5; 6.4; 0.0; 8.5
176.8; 22.187; -6.1; -0.0; 8.5; -6.1; -0.0; 8.5; 6.4; -0.0; 8.5; 6.4; -0.0; 8.5
177.0; 22.210; -6.1; -0.1; 8.5; -6.1; -0.1; 8.5; 6.4; -0.1; 8.5; 6.4; -0.1; 8.5
177.2; 22.234; -6.1; -0.1; 8.6; -6.1; -0.1; 8.5; 6.4; -0.1; 8.6; 6.4; -0.1; 8.5
177.4; 22.257; -6.1; -0.1; 8.6; -6.1; -0.1; 8.5; 6.4; -0.1; 8.6; 6.4; -0.1; 8.5
177.6; 22.281; -6.1; -0.1; 8.6; -6.1; -0.1; 8.4; 6.4; -0.1; 8.6; 6.4; -0.1; 8.4
177.8; 22.304; -6.1; -0.1; 8.6; -6.1; -0.1; 8.4; 6.4; -0.1; 8.6; 6.4; -0.1; 8.4
178.0; 22.328; -6.1; -0.1; 8.6; -6.1; -0.1; 8.4; 6.4; -0.1; 8.6; 6.4; -0.1; 8.4
178.2; 22.351; -6.1; -0.1; 8.6; -6.1; -0.1; 8.4; 6.4; -0.1; 8.6; 6.4; -0.1; 8.4
178.4; 22.375; -6.1; -0.1; 8.6; -6.1; -0.1; 8.4; 6.4; -0.1; 8.6; 6.4; -0.1; 8.4
178.6; 22.398; -6.1; -0.1; 8.6; -6.1; -0.1; 8.5; 6.4; -0.1; 8.6; 6.4; -0.1; 8.5
178.8; 22.422; -6.1; -0.1; 8.6; -6.1; -0.1; 8.5; 6.4; -0.1; 8.6; 6.4; -0.1; 8.5
179.0; 22.445; -6.1; -0.1; 8.6; -6.1; -0.1; 8.5; 6.4; -0.1; 8.6; 6.4; -0.1; 8.5
179.2; 22.469; -6.1; -0.1; 8.6; -6.1; -0.1; 8.5; 6.4; -0.1; 8.6; 6.4; -0.1; 8.5
179.4; 22.492; -6.1; -0.1; 8.6; -6.1; -0.1; 8.5; 6.4; -0.1; 8.6; 6.4; -0.1; 8.5
179.6; 22.516; -6.1; -0.1; 8.5; -6.1; -0.1; 8.5; 6.4; -0.1; 8.5; 6.4; -0.1; 8.5
179.8; 22.540; -6.1; -0.1; 8.5; -6.1; -0.1; 8.5; 6.4; -0.1; 8.5; 6.4; -0.1; 8.5
180.0; 22.563; -6.1; -0.1; 8.5; -6.1; -0.1; 8.5; 6.4; -0.1; 8.5; 6.4; -0.1; 8.5
180.2; 22.587; -6.1; -0.0; 8.5; -6.1; -0.0; 8.5; 6.4; -0.1; 8.5; 6.4; -0.1; 8.5
180.4; 22.610; -6.1; -0.0; 8.5; -6.1; -0.0; 8.5; 6.4; -0.0; 8.5; 6.4; -0.0; 8.5
180.6; 22.634; -6.1; -0.0; 8.5; -6.1; -0.0; 8.5; 6.4; -0.0; 8.5; 6.4; -0.0; 8.5
180.8; 22.657; -6.1; -0.0; 8.5; -6.1; -0.0; 8.5; 6.4; -0.0; 8.5; 6.4; -0.0; 8.5
181.0; 22.681; -6.1; -0.0; 8.5; -6.1; -0.0; 8.5; 6.4; -0.0; 8.5; 6.4; -0.0; 8.5
181.2; 22.704; -6.1; -0.0; 8.5; -6.1; -0.0; 8.5; 6.4; -0.0; 8.5; 6.4; -0.0; 8.5
181.4; 22.728; -6.1; -0.0; 8.5; -6.1; -0.0; 8.5; 6.4; -0.0; 8.5; 6.4; -0.0; 8.5
181.6; 22.752; -6.1; -0.0; 8.5; -6.1; -0.0; 8.5; 6.4; -0.0; 8.5; 6.4; -0.0; 8.5
181.8; 22.775; -6.1; -0.0; 8.5; -6.1; -0.0; 8.5; 6.4; -0.0; 8.5; 6.4; -0.0; 8.5
182.0; 22.799; -6.1; -0.0; 8.5; -6.1; -0.0; 8.5; 6.4; -0.0; 8.5; 6.4; -0.0; 8.5
182.2; 22.822; -6.1; 0.0; 8.5; -6.1; 0.0; 8.5; 6.4; -0.0; 8.5; 6.4; -0.0; 8.5
182.4; 22.846; -6.1; 0.0; 8.5; -6.1; 0.0; 8.5; 6.4; 0.0; 8.5; 6.4; 0.0; 8.5
182.6; 22.870; -6.1; 0.0; 8.5; -6.1; 0.0; 8.5; 6.4; 0.0; 8.5; 6.4; 0.0; 8.5
182.8; 22.893; -6.1; 0.0; 8.5; -6.1; 0.0; 8.5; 6.4; 0.0; 8.5; 6.4; 0.0; 8.5
183.0; 22.917; -6.1; 0.0; 8.5; -6.1; 0.0; 8.5; 6.4; 0.0; 8.5; 6.4; 0.0; 8.5
183.2; 22.940; -6.1; 0.0; 8.5; -6.1; 0.0; 8.5; 6.4; 0.0; 8.5; 6.4; 0.0; 8.5
183.4; 22.964; -6.1; 0.0; 8.5; -6.1; 0.0; 8.5; 6.4; 0.0; 8.5; 6.4; 0.0; 8.5
183.6; 22.988; -6.1; 0.0; 8.5; -6.1; 0.0; 8.5; 6.4; 0.0; 8.5; 6.4; 0.0; 8.5
183.8; 23.011; -6.1; 0.0; 8.5; -6.1; 0.0; 8.5; 6.4; 0.0; 8.5; 6.4; 0.0; 8.5
184.0; 23.035; -6.1; 0.0; 8.5; -6.1; 0.0; 8.5; 6.4; 0.0; 8.5; 6.4; 0.0; 8.5
184.2; 23.058; -6.1; 0.0; 8.5; -6.1; 0.0; 8.5; 6.4; 0.0; 8.5; 6.4; 0.0; 8.5
184.4; 23.082; -6.1; 0.0; 8.5; -6.1; 0.0; 8.5; 6.4; 0.0; 8.5; 6.4; 0.0; 8.5
184.6; 23.106; -6.1; 0.0; 8.5; -6.1; 0.0; 8.5; 6.4; 0.0; 8.5; 6.4; 0.0; 8.5
184.8; 23.129; -6.1; 0.0; 8.5; -6.1; 0.0; 8.5; 6.4; 0.0; 8.5; 6.4; 0.0; 8.5
185.0; 23.153; -6.1; 0.0; 8.5; -6.1; 0.0; 8.5; 6.4; 0.0; 8.5; 6.4; 0.0; 8.5
185.2; 23.176; -6.1; 0.0; 8.5; -6.1; 0.0; 8.5; 6.4; 0.0; 8.5; 6.4; 0.0; 8.5
185.4; 23.200; -6.1; 0.0; 8.5; -6.1; 0.0; 8.5; 6.4; 0.0; 8.5; 6.4; 0.0; 8.5
185.6; 23.224; -6.1; 0.0; 8.5; -6.1; 0.0; 8.5; 6.4; 0.0; 8.5; 6.4; 0.0; 8.5
185.8; 23.247; -6.1; 0.0; 8.5; -6.1; 0.0; 8.5; 6.4; 0.0; 8.5; 6.4; 0.0; 8.5
186.0; 23.271; -6.1; 0.0; 8.5; -6.1; 0.0; 8.5; 6.4; 0.0; 8.5; 6.4; 0.0; 8.5
186.2; 23.294; -6.1; 0.0; 8.5; -6.1; 0.0; 8.5; 6.4; 0.0; 8.5; 6.4; 0.0; 8.5
186.4; 23.318; -6.1; 0.0; 8.5; -6.1; 0.0; 8.5; 6.4; 0.0; 8.5; 6.4; 0.0; 8.5
186.6; 23.342; -6.1; 0.0; 8.5; -6.1; 0.0; 8.5; 6.4; 0.0; 8.5; 6.4; 0.0; 8.5
186.8; 23.365; -6.1; 0.0; 8.5; -6.1; 0.0; 8.5; 6.4; 0.0; 8.5; 6.4; 0.0; 8.5
187.0; 23.389; -6.1; 0.0; 8.5; -6.1; 0.0; 8.5; 6.4; 0.0; 8.5; 6.4; 0.0; 8.5
187.2; 23.412; -6.1; 0.0; 8.5; -6.1; 0.0; 8.5; 6.4; 0.0; 8.5; 6.4; 0.0; 8.5
187.4; 23.436; -6.1; 0.0; 8.5; -6.1; 0.0; 8.5; 6.4; 0.0; 8.5; 6.4; 0.0; 8.5
187.6; 23.459; -6.1; 0.0; 8.5; -6.1; 0.0; 8.5; 6.4; 0.0; 8.5; 6.4; 0.0; 8.5
187.8; 23.483; -6.1; 0.0; 8.5; -6.1; 0.0; 8.5; 6.4; 0.0; 8.5; 6.4; 0.0; 8.5
188.0; 23.507; -6.1; 0.0; 8.5; -6.1; 0.0; 8.5; 6.4; 0.0; 8.5; 6.4; 0.0; 8.5
188.2; 23.530; -6.1; 0.0; 8.5; -6.1; 0.0; 8.5; 6.4; 0.0; 8.5; 6.4; 0.0; 8.5
188.4; 23.554; -6.1; 0.0; 8.5; -6.1; 0.0; 8.5; 6.4; 0.0; 8.5; 6.4; 0.0; 8.5
188.6; 23.577; -6.1; 0.0; 8.5; -6.1; 0.0; 8.5; 6.4; 0.0; 8.5; 6.4; 0.0; 8.5
188.8; 23.601; -6.1; 0.0; 8.5; -6.1; 0.0; 8.5; 6.4; 0.0; 8.5; 6.4; 0.0; 8.5
189.0; 23.624; -6.1; 0.0; 8.5; -6.1; 0.0; 8.5; 6.4; 0.0; 8.5; 6.4; 0.0; 8.5
189.2; 23.648; -6.1; 0.0; 8.5; -6.1; 0.0; 8.5; 6.4; 0.0; 8.5; 6.4; 0.0; 8.5
189.4; 23.671; -6.1; 0.0; 8.5; -6.1; 0.0; 8.5; 6.4; 0.0; 8.5; 6.4; 0.0; 8.5
189.6; 23.695; -6.1; 0.0; 8.5; -6.1; 0.0; 8.5; 6.4; 0.0; 8.5; 6.4; 0.0; 8.5
189.8; 23.718; -6.1; 0.0; 8.5; -6.1; 0.0; 8.5; 6.4; 0.0; 8.5; 6.4; 0.0; 8.5
190.0; 23.742; -6.1; 0.0; 8.5; -6.1; 0.0; 8.5; 6.4; 0.0; 8.5; 6.4; 0.0; 8.5
190.2; 23.766; -6.1; 0.0; 8.5; -6.1; 0.0; 8.5; 6.4; 0.0; 8.5; 6.4; 0.0; 8.5
190.4; 23.789; -6.1; 0.0; 8.5; -6.1; 0.0; 8.5; 6.4; 0.0; 8.5; 6.4; 0.0; 8.5
190.6; 23.813; -6.1; 0.0; 8.5; -6.1; 0.0; 8.5; 6.4; 0.0; 8.5; 6.4; 0.0; 8.5
190.8; 23.836; -6.1; 0.0; 8.5; -6.1; 0.0; 8.5; 6.4; 0.0; 8.5; 6.4; 0.0; 8.5
191.0; 23.860; -6.1; -0.0; 8.5; -6.1; -0.0; 8.5; 6.4; 0.0; 8.5; 6.4; 0.0; 8.5
191.2; 23.883; -6.1; -0.0; 8.5; -6.1; -0.0; 8.5; 6.4; -0.0; 8.5; 6.4; -0.0; 8.5
191.4; 23.907; -6.1; -0.0; 8.5; -6.1; -0.0; 8.5; 6.4; -0.0; 8.5; 6.4; -0.0; 8.5
191.6; 23.930; -6.1; -0.0; 8.5; -6.1; -0.0; 8.5; 6.4; -0.0; 8.5; 6.4; -0.0; 8.5
191.8; 23.954; -6.1; -0.0; 8.5; -6.1; -0.0; 8.5; 6.4; -0.0; 8.5; 6.4; -0.0; 8.5
192.0; 23.978; -6.1; -0.1; 8.5; -6.1; -0.1; 8.5; 6.4; -0.1; 8.5; 6.4; -0.1; 8.5
192.2; 24.001; -6.1; -0.1; 8.6; -6.1; -0.1; 8.5; 6.4; -0.1; 8.6; 6.4; -0.1; 8.5
192.4; 24.025; -6.1; -0.1; 8.6; -6.1; -0.1; 8.5; 6.4; -0.1; 8.6; 6.4; -0.1; 8.5
192.6; 24.049; -6.1; -0.1; 8.6; -6.1; -0.1; 8.4; 6.4; -0.1; 8.6; 6.4; -0.1; 8.4
192.8; 24.072; -6.1; -0.1; 8.6; -6.1; -0.1; 8.4; 6.4; -0.2; 8.6; 6.4; -0.2; 8.4
193.0; 24.096; -6.1; -0.2; 8.6; -6.1; -0.2; 8.4; 6.4; -0.2; 8.6; 6.4; -0.2; 8.4
193.2; 24.120; -6.1; -0.2; 8.6; -6.1; -0.2; 8.4; 6.4; -0.2; 8.6; 6.4; -0.2; 8.4
193.4; 24.143; -6.1; -0.2; 8.6; -6.1; -0.2; 8.4; 6.4; -0.3; 8.6; 6.4; -0.3; 8.4
193.6; 24.167; -6.1; -0.3; 8.6; -6.1; -0.3; 8.4; 6.4; -0.3; 8.6; 6.4; -0.3; 8.4
193.8; 24.191; -6.1; -0.3; 8.7; -6.1; -0.3; 8.4; 6.4; -0.3; 8.7; 6.4; -0.3; 8.4
194.0; 24.214; -6.1; -0.3; 8.7; -6.1; -0.3; 8.3; 6.4; -0.4; 8.7; 6.4; -0.4; 8.3
194.2; 24.238; -6.1; -0.3; 8.7; -6.1; -0.3; 8.3; 6.4; -0.4; 8.7; 6.4; -0.4; 8.3
194.4; 24.262; -6.1; -0.4; 8.7; -6.1; -0.4; 8.3; 6.3; -0.4; 8.7; 6.3; -0.4; 8.3
194.6; 24.286; -6.0; -0.4; 8.7; -6.0; -0.4; 8.3; 6.3; -0.5; 8.7; 6.3; -0.4; 8.3
194.8; 24.310; -6.0; -0.4; 8.7; -6.0; -0.4; 8.3; 6.3; -0.5; 8.7; 6.3; -0.5; 8.3
195.0; 24.333; -6.0; -0.4; 8.7; -6.0; -0.4; 8.3; 6.3; -0.5; 8.7; 6.3; -0.5; 8.3
195.2; 24.357; -6.0; -0.4; 8.7; -6.0; -0.4; 8.3; 6.3; -0.5; 8.7; 6.3; -0.5; 8.3
195.4; 24.381; -6.0; -0.4; 8.7; -6.0; -0.4; 8.3; 6.3; -0.5; 8.7; 6.3; -0.4; 8.3
195.6; 24.404; -6.0; -0.3; 8.7; -6.0; -0.3; 8.3; 6.3; -0.4; 8.7; 6.3; -0.4; 8.3
195.8; 24.428; -6.0; -0.3; 8.7; -6.0; -0.3; 8.3; 6.3; -0.4; 8.7; 6.3; -0.4; 8.3
196.0; 24.452; -6.1; -0.2; 8.6; -6.1; -0.2; 8.4; 6.3; -0.3; 8.6; 6.3; -0.3; 8.4
196.2; 24.475; -6.1; -0.1; 8.6; -6.1; -0.1; 8.4; 6.4; -0.2; 8.6; 6.4; -0.2; 8.4
196.4; 24.498; -6.2; -0.0; 8.5; -6.2; -0.0; 8.5; 6.5; -0.1; 8.5; 6.5; -0.1; 8.5
196.6; 24.522; -6.3; 0.1; 8.5; -6.3; 0.1; 8.6; 6.6; 0.1; 8.5; 6.6; 0.1; 8.6
196.8; 24.545; -6.5; 0.3; 8.4; -6.5; 0.3; 8.7; 6.7; 0.3; 8.4; 6.7; 0.3; 8.7
197.0; 24.568; -6.6; 0.5; 8.3; -6.6; 0.5; 8.8; 6.9; 0.5; 8.3; 6.9; 0.5; 8.8
197.2; 24.591; -6.7; 0.7; 8.1; -6.7; 0.8; 8.9; 7.0; 0.8; 8.1; 7.0; 0.8; 8.9
197.4; 24.615; -6.7; 1.0; 8.0; -6.7; 1.1; 9.0; 7.0; 1.0; 8.0; 7.0; 1.2; 9.0
197.6; 24.638; -6.7; 1.3; 7.8; -6.7; 1.5; 9.2; 7.0; 1.4; 7.8; 7.0; 1.6; 9.2
197.8; 24.660; -6.5; 1.5; 7.6; -6.5; 1.9; 9.4; 6.8; 1.7; 7.6; 6.8; 2.0; 9.4
198.0; 24.683; -6.3; 1.8; 7.4; -6.3; 2.4; 9.6; 6.6; 2.0; 7.4; 6.6; 2.6; 9.6
198.2; 24.706; -5.9; 2.1; 7.2; -5.9; 2.9; 9.8; 6.2; 2.4; 7.2; 6.2; 3.2; 9.8
198.4; 24.729; -5.3; 2.4; 7.0; -5.3; 3.5; 10.0; 5.7; 2.7; 7.0; 5.7; 3.8; 10.0
198.6; 24.751; -3.7; 2.7; 6.7; -3.7; 4.1; 10.3; 4.1; 3.0; 6.8; 4.1; 4.6; 10.3
198.8; 24.774; -1.0; 2.9; 6.5; -1.0; 4.8; 10.5; 1.5; 3.4; 6.5; 1.5; 5.4; 10.5
199.0; 24.796; -0.4; 3.1; 6.2; -0.4; 5.4; 10.7; 0.9; 3.7; 6.3; 0.9; 6.2; 10.8
199.2; 24.818; -0.2; 3.3; 6.0; -0.2; 6.1; 11.0; 0.8; 3.9; 6.0; 0.8; 7.0; 11.0
199.4; 24.840; -0.2; 3.5; 5.7; -0.2; 6.8; 11.2; 0.8; 4.1; 5.8; 0.8; 7.8; 11.3
199.6; 24.863; -0.2; 3.6; 5.5; -0.2; 7.3; 11.4; 0.8; 4.2; 5.6; 0.8; 8.5; 11.5
199.8; 24.885; -0.2; 3.7; 5.4; -0.2; 7.9; 11.5; 0.8; 4.4; 5.5; 0.8; 9.2; 11.7
200.0; 24.906; -0.2; 3.7; 5.2; -0.2; 8.3; 11.7; 0.9; 4.5; 5.4; 0.9; 9.7; 11.8
200.2; 24.928; -0.2; 3.8; 5.1; -0.2; 8.7; 11.8; 1.0; 4.5; 5.2; 1.0; 10.2; 11.9
200.4; 24.950; -0.2; 3.8; 5.0; -0.2; 9.0; 11.9; 1.0; 4.6; 5.2; 1.0; 10.6; 12.0
200.6; 24.972; -0.2; 3.8; 4.9; -0.2; 9.2; 11.9; 1.1; 4.6; 5.1; 1.1; 10.9; 12.1
200.8; 24.994; -0.3; 3.8; 4.8; -0.3; 9.4; 12.0; 1.2; 4.7; 5.0; 1.2; 11.2; 12.2
201.0; 25.015; -0.5; 3.8; 4.8; -0.5; 9.5; 12.0; 1.4; 4.7; 5.0; 1.4; 11.4; 12.2
201.2; 25.037; -0.5; 3.8; 4.7; -0.5; 9.6; 12.1; 1.4; 4.7; 5.0; 1.4; 11.6; 12.3
201.4; 25.059; -0.4; 3.8; 4.7; -0.4; 9.7; 12.1; 1.4; 4.7; 4.9; 1.4; 11.7; 12.3
201.6; 25.080; -0.3; 3.8; 4.7; -0.3; 9.7; 12.1; 1.3; 4.7; 4.9; 1.3; 11.8; 12.3
201.8; 25.102; -0.2; 3.8; 4.7; -0.2; 9.7; 12.1; 1.2; 4.7; 4.9; 1.2; 11.8; 12.3
202.0; 25.124; -0.2; 3.8; 4.7; -0.2; 9.7; 12.1; 1.2; 4.8; 4.9; 1.2; 11.9; 12.3
202.2; 25.145; -0.1; 3.8; 4.7; -0.1; 9.8; 12.1; 1.2; 4.8; 4.9; 1.2; 11.9; 12.4
202.4; 25.167; -0.1; 3.8; 4.7; -0.1; 9.8; 12.1; 1.2; 4.8; 4.9; 1.2; 11.9; 12.4
202.6; 25.188; -0.1; 3.8; 4.7; -0.1; 9.8; 12.1; 1.2; 4.8; 4.9; 1.2; 11.9; 12.4
202.8; 25.210; -0.1; 3.8; 4.7; -0.1; 9.8; 12.1; 1.2; 4.8; 4.9; 1.2; 11.9; 12.4
203.0; 25.232; -0.1; 3.8; 4.7; -0.1; 9.8; 12.1; 1.2; 4.8; 4.9; 1.2; 11.9; 12.4
203.2; 25.253; -0.1; 3.8; 4.7; -0.1; 9.8; 12.1; 1.2; 4.8; 4.9; 1.2; 11.9; 12.4
203.4; 25.275; -0.1; 3.8; 4.7; -0.1; 9.8; 12.1; 1.2; 4.8; 4.9; 1.2; 11.9; 12.4
203.6; 25.296; -0.1; 3.8; 4.7; -0.1; 9.8; 12.1; 1.2; 4.8; 4.9; 1.2; 11.9; 12.4
203.8; 25.317; -0.1; 3.8; 4.7; -0.1; 9.8; 12.1; 1.2; 4.8; 4.9; 1.2; 11.9; 12.4
204.0; 25.339; -0.1; 3.8; 4.7; -0.1; 9.8; 12.1; 1.2; 4.8; 4.9; 1.2; 11.9; 12.4
204.2; 25.360; -0.1; 3.8; 4.7; -0.1; 9.8; 12.1; 1.2; 4.8; 4.9; 1.2; 11.9; 12.4
204.4; 25.382; -0.1; 3.8; 4.7; -0.1; 9.8; 12.1; 1.2; 4.8; 4.9; 1.2; 11.9; 12.4
204.6; 25.403; -0.1; 3.8; 4.7; -0.1; 9.8; 12.1; 1.2; 4.8; 4.9; 1.2; 11.9; 12.4
204.8; 25.424; -0.1; 3.8; 4.7; -0.1; 9.8; 12.1; 1.2; 4.8; 4.9; 1.2; 11.9; 12.4
205.0; 25.446; -0.1; 3.8; 4.7; -0.1; 9.8; 12.1; 1.2; 4.8; 4.9; 1.2; 11.9; 12.4
205.2; 25.467; -0.1; 3.8; 4.7; -0.1; 9.8; 12.1; 1.2; 4.8; 4.9; 1.2; 11.9; 12.4
205.4; 25.488; -0.1; 3.8; 4.7; -0.1; 9.8; 12.1; 1.2; 4.8; 4.9; 1.2; 11.9; 12.4
205.6; 25.509; -0.1; 3.8; 4.7; -0.1; 9.8; 12.1; 1.2; 4.8; 4.9; 1.2; 11.9; 12.4
205.8; 25.530; -0.1; 3.8; 4.7; -0.1; 9.8; 12.1; 1.2; 4.8; 4.9; 1.2; 11.9; 12.4
206.0; 25.552; -0.1; 3.8; 4.7; -0.1; 9.8; 12.1; 1.2; 4.8; 4.9; 1.2; 11.9; 12.4
206.2; 25.573; -0.1; 3.8; 4.7; -0.1; 9.8; 12.1; 1.2; 4.8; 4.9; 1.2; 11.9; 12.4
206.4; 25.594; -0.1; 3.8; 4.7; -0.1; 9.8; 12.1; 1.2; 4.8; 4.9; 1.2; 11.9; 12.4
206.6; 25.615; -0.1; 3.8; 4.7; -0.1; 9.8; 12.1; 1.2; 4.8; 4.9; 1.2; 11.9; 12.4
206.8; 25.637; -0.1; 3.8; 4.7; -0.1; 9.8; 12.1; 1.2; 4.8; 4.9; 1.2; 11.9; 12.4
207.0; 25.658; -0.1; 3.8; 4.7; -0.1; 9.8; 12.1; 1.2; 4.8; 4.9; 1.2; 11.9; 12.4
207.2; 25.679; -0.1; 3.8; 4.7; -0.1; 9.7; 12.1; 1.2; 4.8; 4.9; 1.2; 11.9; 12.3
207.4; 25.701; -0.2; 3.8; 4.7; -0.2; 9.5; 12.1; 1.2; 4.8; 5.0; 1.2; 11.8; 12.3
207.6; 25.723; -0.3; 3.7; 4.8; -0.3; 9.3; 12.0; 1.3; 4.8; 5.0; 1.3; 11.7; 12.3
207.8; 25.745; -0.5; 3.7; 4.8; -0.5; 9.0; 12.0; 1.4; 4.8; 5.1; 1.4; 11.5; 12.2
208.0; 25.767; -0.7; 3.6; 4.9; -0.7; 8.6; 11.9; 1.7; 4.8; 5.1; 1.7; 11.1; 12.1
208.2; 25.789; -1.2; 3.5; 5.1; -1.2; 8.0; 11.7; 2.1; 4.7; 5.3; 2.1; 10.6; 11.9
208.4; 25.811; -1.8; 3.4; 5.4; -1.8; 7.2; 11.5; 2.6; 4.6; 5.5; 2.6; 9.7; 11.7
208.6; 25.833; -2.7; 3.2; 5.7; -2.7; 6.2; 11.2; 3.3; 4.4; 5.8; 3.3; 8.4; 11.3
208.8; 25.856; -3.6; 2.9; 6.1; -3.6; 5.1; 10.8; 4.2; 4.0; 6.2; 4.2; 6.9; 10.9
209.0; 25.878; -4.5; 2.5; 6.6; -4.5; 3.9; 10.4; 5.0; 3.4; 6.7; 5.0; 5.3; 10.4
209.2; 25.901; -5.2; 2.1; 7.1; -5.2; 2.9; 9.9; 5.6; 2.8; 7.1; 5.6; 3.9; 10.0
209.4; 25.924; -5.7; 1.7; 7.4; -5.7; 2.1; 9.6; 6.0; 2.2; 7.4; 6.0; 2.9; 9.6
209.6; 25.947; -5.9; 1.3; 7.7; -5.9; 1.5; 9.3; 6.2; 1.7; 7.7; 6.2; 2.1; 9.3
209.8; 25.970; -6.1; 1.0; 7.9; -6.1; 1.1; 9.1; 6.4; 1.3; 7.9; 6.4; 1.5; 9.1
210.0; 25.993; -6.1; 0.7; 8.1; -6.1; 0.8; 8.9; 6.4; 1.0; 8.1; 6.4; 1.0; 8.9
210.2; 26.016; -6.2; 0.5; 8.2; -6.2; 0.5; 8.8; 6.4; 0.7; 8.2; 6.4; 0.7; 8.8
210.4; 26.039; -6.2; 0.3; 8.3; -6.2; 0.4; 8.7; 6.4; 0.5; 8.3; 6.4; 0.5; 8.7
210.6; 26.063; -6.1; 0.2; 8.4; -6.1; 0.2; 8.6; 6.4; 0.3; 8.4; 6.4; 0.3; 8.6
210.8; 26.086; -6.1; 0.1; 8.4; -6.1; 0.1; 8.6; 6.4; 0.2; 8.4; 6.4; 0.2; 8.6
211.0; 26.110; -6.1; 0.0; 8.5; -6.1; 0.1; 8.5; 6.4; 0.1; 8.5; 6.4; 0.1; 8.5
211.2; 26.133; -6.1; -0.0; 8.5; -6.1; -0.0; 8.5; 6.4; 0.0; 8.5; 6.4; 0.0; 8.5
211.4; 26.157; -6.1; -0.0; 8.5; -6.1; -0.0; 8.5; 6.4; -0.0; 8.5; 6.4; -0.0; 8.5
211.6; 26.181; -6.1; -0.1; 8.5; -6.1; -0.1; 8.5; 6.4; -0.1; 8.5; 6.4; -0.1; 8.5
211.8; 26.205; -6.1; -0.1; 8.6; -6.1; -0.1; 8.5; 6.4; -0.1; 8.6; 6.4; -0.1; 8.5
212.0; 26.229; -6.1; -0.1; 8.6; -6.1; -0.1; 8.5; 6.4; -0.1; 8.6; 6.4; -0.1; 8.5
212.2; 26.253; -6.1; -0.1; 8.5; -6.1; -0.1; 8.5; 6.4; -0.1; 8.5; 6.4; -0.1; 8.5
212.4; 26.277; -6.1; -0.1; 8.5; -6.1; -0.1; 8.5; 6.4; -0.1; 8.5; 6.4; -0.1; 8.5
212.6; 26.301; -6.1; -0.0; 8.5; -6.1; -0.0; 8.5; 6.4; -0.0; 8.5; 6.4; -0.0; 8.5
212.8; 26.325; -6.1; 0.0; 8.5; -6.1; 0.0; 8.5; 6.4; -0.0; 8.5; 6.4; -0.0; 8.5
213.0; 26.349; -6.1; 0.0; 8.5; -6.1; 0.0; 8.5; 6.4; 0.0; 8.5; 6.4; 0.0; 8.5
213.2; 26.373; -6.1; 0.1; 8.5; -6.1; 0.1; 8.5; 6.4; 0.1; 8.5; 6.4; 0.1; 8.5
213.4; 26.397; -6.1; 0.1; 8.5; -6.1; 0.1; 8.6; 6.4; 0.1; 8.5; 6.4; 0.1; 8.6
213.6; 26.421; -6.1; 0.2; 8.4; -6.1; 0.2; 8.6; 6.4; 0.2; 8.4; 6.4; 0.2; 8.6
213.8; 26.445; -6.1; 0.2; 8.4; -6.1; 0.2; 8.6; 6.4; 0.2; 8.4; 6.4; 0.2; 8.6
214.0; 26.469; -6.1; 0.2; 8.4; -6.1; 0.2; 8.6; 6.4; 0.3; 8.4; 6.4; 0.3; 8.6
214.2; 26.493; -6.1; 0.3; 8.4; -6.1; 0.3; 8.6; 6.4; 0.3; 8.4; 6.4; 0.3; 8.6
214.4; 26.517; -6.1; 0.3; 8.4; -6.1; 0.3; 8.7; 6.3; 0.3; 8.4; 6.3; 0.3; 8.7
214.6; 26.540; -6.0; 0.3; 8.3; -6.0; 0.3; 8.7; 6.3; 0.4; 8.3; 6.3; 0.4; 8.7
214.8; 26.564; -6.0; 0.3; 8.3; -6.0; 0.3; 8.7; 6.3; 0.4; 8.3; 6.3; 0.4; 8.7
215.0; 26.588; -6.0; 0.3; 8.3; -6.0; 0.3; 8.7; 6.3; 0.4; 8.3; 6.3; 0.4; 8.7
215.2; 26.611; -6.0; 0.3; 8.3; -6.0; 0.3; 8.7; 6.3; 0.4; 8.3; 6.3; 0.4; 8.7
215.4; 26.634; -6.0; 0.3; 8.4; -6.0; 0.3; 8.7; 6.3; 0.3; 8.4; 6.3; 0.4; 8.7
215.6; 26.658; -6.0; 0.2; 8.4; -6.0; 0.2; 8.6; 6.3; 0.3; 8.4; 6.3; 0.3; 8.6
215.8; 26.681; -6.1; 0.2; 8.4; -6.1; 0.2; 8.6; 6.4; 0.2; 8.4; 6.4; 0.2; 8.6
216.0; 26.704; -6.2; 0.1; 8.5; -6.2; 0.1; 8.6; 6.4; 0.1; 8.5; 6.4; 0.1; 8.6
216.2; 26.727; -6.3; -0.0; 8.5; -6.3; -0.0; 8.5; 6.5; 0.0; 8.5; 6.5; 0.0; 8.5
216.4; 26.749; -6.4; -0.2; 8.6; -6.4; -0.2; 8.4; 6.6; -0.2; 8.6; 6.6; -0.2; 8.4
216.6; 26.772; -6.5; -0.4; 8.7; -6.5; -0.4; 8.3; 6.8; -0.4; 8.7; 6.8; -0.3; 8.3
216.8; 26.794; -6.6; -0.6; 8.8; -6.6; -0.6; 8.2; 6.9; -0.6; 8.8; 6.9; -0.6; 8.2
217.0; 26.817; -6.7; -0.9; 8.9; -6.7; -0.8; 8.1; 7.0; -0.9; 8.9; 7.0; -0.8; 8.1
217.2; 26.839; -6.7; -1.2; 9.1; -6.7; -1.0; 8.0; 7.0; -1.2; 9.1; 7.0; -1.1; 8.0
217.4; 26.861; -6.6; -1.5; 9.2; -6.6; -1.3; 7.8; 6.9; -1.6; 9.2; 6.9; -1.4; 7.8
217.6; 26.883; -6.5; -1.9; 9.4; -6.5; -1.6; 7.6; 6.8; -2.1; 9.4; 6.8; -1.7; 7.6
217.8; 26.905; -6.2; -2.4; 9.6; -6.2; -1.9; 7.4; 6.6; -2.6; 9.6; 6.6; -2.0; 7.4
218.0; 26.927; -5.9; -2.9; 9.8; -5.9; -2.1; 7.2; 6.2; -3.2; 9.8; 6.2; -2.4; 7.2
218.2; 26.949; -5.3; -3.5; 10.0; -5.3; -2.4; 7.0; 5.6; -3.8; 10.0; 5.6; -2.7; 7.0
218.4; 26.971; -3.9; -4.1; 10.2; -3.9; -2.7; 6.8; 4.2; -4.5; 10.3; 4.2; -3.0; 6.8
218.6; 26.992; -1.2; -4.7; 10.5; -1.2; -2.9; 6.5; 1.7; -5.3; 10.5; 1.7; -3.3; 6.5
218.8; 27.014; -0.5; -5.3; 10.7; -0.5; -3.1; 6.3; 0.9; -6.1; 10.8; 0.9; -3.6; 6.3
219.0; 27.035; -0.3; -6.0; 10.9; -0.3; -3.3; 6.0; 0.8; -6.8; 11.0; 0.8; -3.8; 6.1
219.2; 27.057; -0.2; -6.6; 11.1; -0.2; -3.4; 5.8; 0.8; -7.6; 11.2; 0.8; -4.0; 5.9
219.4; 27.078; -0.2; -7.2; 11.3; -0.2; -3.5; 5.6; 0.8; -8.3; 11.4; 0.8; -4.2; 5.7
219.6; 27.100; -0.2; -7.7; 11.5; -0.2; -3.6; 5.4; 0.8; -8.9; 11.6; 0.8; -4.3; 5.5
219.8; 27.121; -0.2; -8.1; 11.6; -0.2; -3.7; 5.3; 0.9; -9.5; 11.7; 0.9; -4.4; 5.4
220.0; 27.142; -0.2; -8.5; 11.7; -0.2; -3.7; 5.1; 0.9; -10.0; 11.9; 0.9; -4.5; 5.3
220.2; 27.164; -0.2; -8.8; 11.8; -0.2; -3.8; 5.0; 1.0; -10.4; 12.0; 1.0; -4.6; 5.2
220.4; 27.186; -0.2; -9.1; 11.9; -0.2; -3.8; 4.9; 1.1; -10.8; 12.1; 1.1; -4.6; 5.1
220.6; 27.207; -0.2; -9.3; 12.0; -0.2; -3.8; 4.9; 1.1; -11.1; 12.1; 1.1; -4.7; 5.1
220.8; 27.229; -0.3; -9.4; 12.0; -0.3; -3.8; 4.8; 1.3; -11.3; 12.2; 1.3; -4.7; 5.0
221.0; 27.251; -0.4; -9.5; 12.0; -0.4; -3.8; 4.8; 1.4; -11.5; 12.2; 1.4; -4.7; 5.0
221.2; 27.273; -0.4; -9.6; 12.1; -0.4; -3.8; 4.7; 1.4; -11.6; 12.3; 1.4; -4.7; 5.0
221.4; 27.295; -0.3; -9.6; 12.1; -0.3; -3.8; 4.7; 1.3; -11.7; 12.3; 1.3; -4.7; 5.0
221.6; 27.318; -0.3; -9.6; 12.1; -0.3; -3.8; 4.7; 1.3; -11.7; 12.3; 1.3; -4.7; 4.9
221.8; 27.340; -0.3; -9.5; 12.1; -0.3; -3.8; 4.7; 1.3; -11.7; 12.3; 1.3; -4.8; 5.0
222.0; 27.362; -0.3; -9.4; 12.0; -0.3; -3.7; 4.8; 1.3; -11.7; 12.3; 1.3; -4.8; 5.0
222.2; 27.384; -0.4; -9.2; 12.0; -0.4; -3.7; 4.8; 1.4; -11.6; 12.2; 1.4; -4.8; 5.0
222.4; 27.407; -0.6; -8.9; 11.9; -0.6; -3.7; 4.9; 1.6; -11.4; 12.2; 1.6; -4.8; 5.1
222.6; 27.429; -0.9; -8.5; 11.8; -0.9; -3.6; 5.0; 1.8; -11.0; 12.0; 1.8; -4.8; 5.2
222.8; 27.452; -1.4; -7.9; 11.7; -1.4; -3.5; 5.2; 2.2; -10.4; 11.9; 2.2; -4.7; 5.3
223.0; 27.474; -2.0; -7.1; 11.5; -2.0; -3.4; 5.4; 2.7; -9.5; 11.6; 2.7; -4.6; 5.6
223.2; 27.497; -2.8; -6.1; 11.1; -2.8; -3.2; 5.8; 3.5; -8.3; 11.3; 3.5; -4.3; 5.9
223.4; 27.519; -3.8; -5.0; 10.7; -3.8; -2.9; 6.2; 4.3; -6.7; 10.8; 4.3; -3.9; 6.3
223.6; 27.542; -4.6; -3.8; 10.3; -4.6; -2.5; 6.7; 5.1; -5.2; 10.4; 5.1; -3.4; 6.7
223.8; 27.565; -5.3; -2.9; 9.9; -5.3; -2.0; 7.1; 5.7; -3.8; 9.9; 5.7; -2.8; 7.1
224.0; 27.588; -5.7; -2.1; 9.6; -5.7; -1.6; 7.4; 6.1; -2.8; 9.6; 6.1; -2.2; 7.5
224.2; 27.610; -6.0; -1.5; 9.3; -6.0; -1.3; 7.7; 6.3; -2.0; 9.3; 6.3; -1.7; 7.7
224.4; 27.633; -6.1; -1.1; 9.1; -6.1; -0.9; 7.9; 6.4; -1.4; 9.1; 6.4; -1.3; 7.9
224.6; 27.656; -6.2; -0.8; 8.9; -6.2; -0.7; 8.1; 6.4; -1.0; 8.9; 6.4; -0.9; 8.1
224.8; 27.679; -6.2; -0.5; 8.8; -6.2; -0.5; 8.2; 6.4; -0.7; 8.8; 6.4; -0.7; 8.2
225.0; 27.702; -6.2; -0.4; 8.7; -6.2; -0.3; 8.3; 6.4; -0.5; 8.7; 6.4; -0.5; 8.3
225.2; 27.725; -6.1; -0.2; 8.6; -6.1; -0.2; 8.4; 6.4; -0.3; 8.6; 6.4; -0.3; 8.4
225.4; 27.748; -6.1; -0.1; 8.6; -6.1; -0.1; 8.4; 6.4; -0.2; 8.6; 6.4; -0.2; 8.4
225.6; 27.771; -6.1; -0.1; 8.6; -6.1; -0.1; 8.5; 6.4; -0.1; 8.6; 6.4; -0.1; 8.5
225.8; 27.794; -6.1; -0.0; 8.5; -6.1; -0.0; 8.5; 6.4; -0.1; 8.5; 6.4; -0.1; 8.5
226.0; 27.817; -6.1; -0.0; 8.5; -6.1; -0.0; 8.5; 6.4; -0.0; 8.5; 6.4; -0.0; 8.5
226.2; 27.840; -6.2; -0.0; 8.5; -6.2; -0.0; 8.5; 6.4; -0.0; 8.5; 6.4; -0.0; 8.5
226.4; 27.863; -6.2; -0.1; 8.5; -6.2; -0.1; 8.5; 6.4; -0.1; 8.5; 6.4; -0.1; 8.5
226.6; 27.886; -6.2; -0.1; 8.6; -6.2; -0.1; 8.5; 6.5; -0.1; 8.6; 6.5; -0.1; 8.5
226.8; 27.909; -6.2; -0.2; 8.6; -6.2; -0.2; 8.4; 6.5; -0.2; 8.6; 6.5; -0.2; 8.4
227.0; 27.932; -6.2; -0.3; 8.6; -6.2; -0.2; 8.4; 6.5; -0.3; 8.6; 6.5; -0.3; 8.4
227.2; 27.955; -6.2; -0.3; 8.7; -6.2; -0.3; 8.3; 6.5; -0.4; 8.7; 6.5; -0.3; 8.3
227.4; 27.978; -6.2; -0.4; 8.7; -6.2; -0.4; 8.3; 6.5; -0.5; 8.7; 6.5; -0.5; 8.3
227.6; 28.001; -6.2; -0.6; 8.8; -6.2; -0.5; 8.2; 6.4; -0.6; 8.8; 6.4; -0.6; 8.2
227.8; 28.024; -6.1; -0.7; 8.8; -6.1; -0.6; 8.2; 6.4; -0.7; 8.8; 6.4; -0.7; 8.2
228.0; 28.047; -6.0; -0.8; 8.9; -6.0; -0.7; 8.1; 6.3; -0.9; 8.9; 6.3; -0.8; 8.1
228.2; 28.070; -5.9; -0.9; 9.0; -5.9; -0.8; 8.1; 6.2; -1.1; 9.0; 6.2; -1.0; 8.1
228.4; 28.094; -5.7; -1.1; 9.0; -5.7; -0.9; 8.0; 6.0; -1.2; 9.0; 6.0; -1.1; 8.0
228.6; 28.117; -5.5; -1.2; 9.1; -5.5; -1.0; 7.9; 5.8; -1.4; 9.1; 5.8; -1.2; 7.9
228.8; 28.140; -5.2; -1.3; 9.1; -5.2; -1.1; 7.9; 5.5; -1.5; 9.2; 5.5; -1.3; 7.9
229.0; 28.163; -4.9; -1.4; 9.2; -4.9; -1.2; 7.8; 5.2; -1.6; 9.2; 5.2; -1.4; 7.8
229.2; 28.186; -4.5; -1.5; 9.2; -4.5; -1.3; 7.8; 4.8; -1.8; 9.2; 4.8; -1.5; 7.8
229.4; 28.210; -4.1; -1.5; 9.3; -4.1; -1.3; 7.8; 4.4; -1.8; 9.3; 4.4; -1.5; 7.8
229.6; 28.233; -3.8; -1.5; 9.3; -3.8; -1.3; 7.7; 4.1; -1.9; 9.3; 4.1; -1.6; 7.8
229.8; 28.256; -3.6; -1.5; 9.3; -3.6; -1.3; 7.8; 3.9; -1.8; 9.3; 3.9; -1.5; 7.8
230.0; 28.279; -3.6; -1.4; 9.2; -3.6; -1.2; 7.8; 3.9; -1.7; 9.2; 3.9; -1.5; 7.8
230.2; 28.303; -3.9; -1.2; 9.1; -3.9; -1.1; 7.9; 4.2; -1.6; 9.1; 4.2; -1.3; 7.9
230.4; 28.326; -4.5; -1.0; 9.0; -4.5; -0.9; 8.0; 4.8; -1.3; 9.0; 4.8; -1.1; 8.0
230.6; 28.349; -5.4; -0.6; 8.9; -5.4; -0.6; 8.1; 5.7; -0.9; 8.9; 5.7; -0.9; 8.1
230.8; 28.373; -6.5; -0.2; 8.7; -6.5; -0.2; 8.3; 6.8; -0.5; 8.7; 6.8; -0.5; 8.3
231.0; 28.396; -7.2; 0.2; 8.4; -7.2; 0.3; 8.6; 7.4; 0.0; 8.4; 7.4; 0.0; 8.6
231.2; 28.419; -7.4; 0.8; 8.2; -7.4; 0.9; 8.9; 7.6; 0.7; 8.2; 7.6; 0.7; 8.9
231.4; 28.443; -7.1; 1.4; 7.8; -7.1; 1.6; 9.2; 7.4; 1.3; 7.8; 7.4; 1.5; 9.2
231.6; 28.466; -6.5; 1.9; 7.4; -6.5; 2.5; 9.6; 6.8; 2.0; 7.4; 6.8; 2.5; 9.6
231.8; 28.490; -4.0; 2.5; 7.0; -4.0; 3.5; 10.0; 4.3; 2.6; 7.0; 4.3; 3.7; 10.0
232.0; 28.513; -0.2; 2.9; 6.6; -0.2; 4.6; 10.4; 0.6; 3.2; 6.6; 0.6; 5.0; 10.5
232.2; 28.537; -0.1; 3.2; 6.1; -0.1; 5.7; 10.8; 0.6; 3.7; 6.2; 0.6; 6.4; 10.9
232.4; 28.560; -0.1; 3.5; 5.8; -0.1; 6.8; 11.2; 0.7; 4.0; 5.8; 0.7; 7.6; 11.3
232.6; 28.584; -0.1; 3.7; 5.5; -0.1; 7.7; 11.5; 0.8; 4.3; 5.6; 0.8; 8.8; 11.6
232.8; 28.608; -0.1; 3.8; 5.2; -0.1; 8.4; 11.7; 0.8; 4.4; 5.3; 0.8; 9.7; 11.8
233.0; 28.632; -0.1; 3.8; 5.0; -0.1; 8.9; 11.8; 0.9; 4.5; 5.2; 0.9; 10.4; 12.0
233.2; 28.656; -0.1; 3.8; 4.9; -0.1; 9.3; 11.9; 1.0; 4.6; 5.1; 1.0; 10.9; 12.1
233.4; 28.680; -0.2; 3.8; 4.8; -0.2; 9.5; 12.0; 1.2; 4.7; 5.0; 1.2; 11.3; 12.2
233.6; 28.705; -0.5; 3.8; 4.7; -0.5; 9.6; 12.1; 1.5; 4.7; 5.0; 1.5; 11.6; 12.3
233.8; 28.729; -0.3; 3.8; 4.7; -0.3; 9.7; 12.1; 1.3; 4.7; 4.9; 1.3; 11.7; 12.3
234.0; 28.754; -0.2; 3.8; 4.7; -0.2; 9.8; 12.1; 1.2; 4.7; 4.9; 1.2; 11.9; 12.3
234.2; 28.779; -0.1; 3.8; 4.7; -0.1; 9.8; 12.1; 1.2; 4.8; 4.9; 1.2; 11.9; 12.4
234.4; 28.804; -0.1; 3.8; 4.7; -0.1; 9.8; 12.1; 1.1; 4.8; 4.9; 1.1; 12.0; 12.4
234.6; 28.829; -0.1; 3.8; 4.7; -0.1; 9.9; 12.2; 1.0; 4.7; 4.9; 1.0; 12.0; 12.4
234.8; 28.854; -0.1; 3.8; 4.7; -0.1; 9.9; 12.2; 1.0; 4.7; 4.8; 1.0; 12.0; 12.4
235.0; 28.879; -0.1; 3.8; 4.7; -0.1; 9.9; 12.2; 0.9; 4.7; 4.8; 0.9; 12.1; 12.4
235.2; 28.904; -0.1; 3.8; 4.7; -0.1; 9.9; 12.2; 0.9; 4.7; 4.8; 0.9; 12.1; 12.4
235.4; 28.929; -0.1; 3.8; 4.7; -0.1; 10.0; 12.2; 0.8; 4.7; 4.8; 0.8; 12.1; 12.4
235.6; 28.954; -0.1; 3.8; 4.7; -0.1; 10.0; 12.2; 0.8; 4.7; 4.8; 0.8; 12.1; 12.3
235.8; 28.980; -0.1; 3.8; 4.7; -0.1; 10.0; 12.2; 0.7; 4.7; 4.8; 0.7; 12.1; 12.3
236.0; 29.005; -0.1; 3.8; 4.7; -0.1; 9.9; 12.2; 0.7; 4.7; 4.8; 0.7; 12.2; 12.3
236.2; 29.029; -0.1; 3.8; 4.7; -0.1; 9.9; 12.2; 0.7; 4.7; 4.8; 0.7; 12.2; 12.3
236.4; 29.054; -0.1; 3.8; 4.7; -0.1; 9.9; 12.2; 0.6; 4.7; 4.8; 0.6; 12.2; 12.3
236.6; 29.079; -0.1; 3.8; 4.7; -0.1; 9.9; 12.3; 0.6; 4.7; 4.8; 0.6; 12.2; 12.3
236.8; 29.103; -0.1; 3.8; 4.7; -0.1; 9.9; 12.3; 0.6; 4.7; 4.8; 0.6; 12.2; 12.3
237.0; 29.127; -0.1; 3.8; 4.7; -0.1; 9.9; 12.3; 0.6; 4.7; 4.8; 0.6; 12.2; 12.3
237.2; 29.150; -0.1; 3.8; 4.7; -0.1; 9.9; 12.3; 0.6; 4.7; 4.8; 0.6; 12.2; 12.3
237.4; 29.173; -0.1; 3.8; 4.7; -0.1; 9.9; 12.3; 0.6; 4.7; 4.8; 0.6; 12.2; 12.3
237.6; 29.195; -0.1; 3.8; 4.7; -0.1; 9.9; 12.3; 0.6; 4.7; 4.8; 0.6; 12.2; 12.3
237.8; 29.217; -0.1; 3.8; 4.7; -0.1; 9.9; 12.3; 0.6; 4.7; 4.8; 0.6; 12.2; 12.3
238.0; 29.238; -0.1; 3.8; 4.7; -0.1; 9.9; 12.2; 0.6; 4.7; 4.8; 0.6; 12.2; 12.3
238.2; 29.259; -0.1; 3.8; 4.7; -0.1; 9.9; 12.2; 0.6; 4.7; 4.8; 0.6; 12.2; 12.3
238.4; 29.280; -0.1; 3.8; 4.7; -0.1; 9.9; 12.2; 0.6; 4.7; 4.8; 0.6; 12.2; 12.3
238.6; 29.300; -0.1; 3.8; 4.7; -0.1; 9.9; 12.2; 0.7; 4.7; 4.8; 0.7; 12.2; 12.3
238.8; 29.320; -0.1; 3.8; 4.7; -0.1; 9.9; 12.2; 0.7; 4.7; 4.8; 0.7; 12.2; 12.3
239.0; 29.341; -0.1; 3.8; 4.7; -0.1; 9.9; 12.2; 0.7; 4.7; 4.8; 0.7; 12.1; 12.3
239.2; 29.361; -0.1; 3.8; 4.7; -0.1; 9.9; 12.2; 0.7; 4.7; 4.8; 0.7; 12.1; 12.3
239.4; 29.381; -0.1; 3.8; 4.7; -0.1; 9.9; 12.2; 0.8; 4.7; 4.8; 0.8; 12.1; 12.3
239.6; 29.401; -0.1; 3.8; 4.7; -0.1; 9.9; 12.2; 0.8; 4.7; 4.8; 0.8; 12.1; 12.3
239.8; 29.421; -0.1; 3.8; 4.7; -0.1; 9.9; 12.2; 0.8; 4.7; 4.8; 0.8; 12.1; 12.3
240.0; 29.442; -0.1; 3.8; 4.7; -0.1; 9.9; 12.2; 0.9; 4.7; 4.8; 0.9; 12.1; 12.3
240.2; 29.463; -0.1; 3.8; 4.7; -0.1; 9.9; 12.2; 0.9; 4.8; 4.8; 0.9; 12.1; 12.3
240.4; 29.484; -0.1; 3.8; 4.7; -0.1; 9.8; 12.2; 0.9; 4.8; 4.8; 0.9; 12.1; 12.3
240.6; 29.505; -0.1; 3.8; 4.7; -0.1; 9.8; 12.2; 1.0; 4.8; 4.9; 1.0; 12.0; 12.3
240.8; 29.527; -0.1; 3.8; 4.7; -0.1; 9.8; 12.2; 1.0; 4.8; 4.9; 1.0; 12.0; 12.4
241.0; 29.548; -0.1; 3.8; 4.7; -0.1; 9.8; 12.1; 1.1; 4.8; 4.9; 1.1; 12.0; 12.4
241.2; 29.570; -0.1; 3.8; 4.7; -0.1; 9.8; 12.1; 1.1; 4.8; 4.9; 1.1; 12.0; 12.4
241.4; 29.593; -0.1; 3.8; 4.7; -0.1; 9.8; 12.1; 1.2; 4.8; 4.9; 1.2; 11.9; 12.4
241.6; 29.615; -0.1; 3.8; 4.7; -0.1; 9.8; 12.1; 1.2; 4.8; 4.9; 1.2; 11.9; 12.4
241.8; 29.638; -0.1; 3.8; 4.7; -0.1; 9.7; 12.1; 1.3; 4.8; 4.9; 1.3; 11.9; 12.4
242.0; 29.661; -0.1; 3.8; 4.7; -0.1; 9.7; 12.1; 1.3; 4.8; 5.0; 1.3; 11.8; 12.4
242.2; 29.684; -0.1; 3.8; 4.7; -0.1; 9.7; 12.1; 1.4; 4.8; 5.0; 1.4; 11.8; 12.4
242.4; 29.707; -0.1; 3.8; 4.7; -0.1; 9.7; 12.0; 1.4; 4.8; 5.0; 1.4; 11.7; 12.4
242.6; 29.731; -0.1; 3.8; 4.7; -0.1; 9.7; 12.0; 1.5; 4.8; 5.0; 1.5; 11.7; 12.4
242.8; 29.754; -0.1; 3.8; 4.7; -0.1; 9.7; 12.0; 1.5; 4.8; 5.0; 1.5; 11.7; 12.4
243.0; 29.778; -0.1; 3.8; 4.7; -0.1; 9.7; 12.0; 1.6; 4.8; 5.0; 1.6; 11.7; 12.4
243.2; 29.802; -0.1; 3.8; 4.6; -0.1; 9.7; 12.0; 1.6; 4.8; 5.0; 1.6; 11.7; 12.4
243.4; 29.826; -0.1; 3.8; 4.6; -0.1; 9.7; 12.0; 1.6; 4.8; 5.0; 1.6; 11.7; 12.4
243.6; 29.850; -0.1; 3.8; 4.6; -0.1; 9.8; 12.0; 1.5; 4.7; 5.0; 1.5; 11.7; 12.4
243.8; 29.874; -0.1; 3.8; 4.6; -0.1; 9.9; 12.1; 1.4; 4.7; 5.0; 1.4; 11.8; 12.4
244.0; 29.898; -0.1; 3.8; 4.6; -0.1; 9.9; 12.1; 1.3; 4.7; 4.9; 1.3; 11.8; 12.4
244.2; 29.923; -0.1; 3.8; 4.6; -0.1; 10.0; 12.1; 1.2; 4.7; 4.9; 1.2; 11.9; 12.4
244.4; 29.947; -0.1; 3.9; 4.6; -0.1; 10.0; 12.2; 1.1; 4.7; 4.8; 1.1; 12.0; 12.4
244.6; 29.972; -0.1; 3.9; 4.6; -0.1; 10.1; 12.2; 0.9; 4.7; 4.8; 0.9; 12.1; 12.4
244.8; 29.996; -0.1; 3.9; 4.7; -0.1; 10.0; 12.2; 0.8; 4.7; 4.8; 0.8; 12.1; 12.4
245.0; 30.021; -0.1; 3.8; 4.7; -0.1; 9.9; 12.2; 0.7; 4.7; 4.8; 0.7; 12.2; 12.3
245.2; 30.045; -0.1; 3.8; 4.7; -0.1; 9.7; 12.2; 0.7; 4.8; 4.8; 0.7; 12.1; 12.3
245.4; 30.070; -0.1; 3.7; 4.8; -0.1; 9.3; 12.1; 0.8; 4.8; 4.9; 0.8; 12.1; 12.3
245.6; 30.095; -0.1; 3.5; 4.8; -0.1; 8.6; 11.9; 1.2; 4.9; 5.1; 1.2; 11.8; 12.2
245.8; 30.119; -0.1; 3.2; 5.0; -0.1; 7.2; 11.5; 2.3; 5.1; 5.6; 2.3; 10.9; 12.0
246.0; 30.143; -0.1; 2.4; 5.4; -0.1; 4.6; 10.2; 4.9; 4.6; 6.8; 4.9; 7.9; 11.6
246.2; 30.167; -0.1; 0.9; 6.4; -0.1; 1.2; 8.1; 8.6; 2.2; 8.9; 8.6; 2.7; 10.6
246.4; 30.191; -0.3; -1.4; 9.0; -0.3; -1.2; 8.0; 0.6; -0.9; 9.1; 0.6; -0.8; 8.0
246.6; 30.215; -0.1; -3.7; 10.0; -0.1; -2.5; 7.0; 0.5; -3.7; 10.1; 0.5; -2.6; 7.0
246.8; 30.238; -0.1; -5.6; 10.8; -0.1; -3.2; 6.2; 0.6; -6.0; 10.8; 0.6; -3.6; 6.3
247.0; 30.262; -0.1; -7.1; 11.2; -0.1; -3.6; 5.7; 0.7; -7.8; 11.3; 0.7; -4.1; 5.8
247.2; 30.285; -0.1; -8.1; 11.6; -0.1; -3.7; 5.3; 0.8; -9.2; 11.7; 0.8; -4.3; 5.5
247.4; 30.309; -0.1; -8.8; 11.9; -0.1; -3.8; 5.2; 0.3; -10.1; 11.9; 0.3; -4.5; 5.2
247.6; 30.332; -0.1; -9.3; 12.1; -0.1; -3.9; 5.1; 0.0; -10.8; 12.0; 0.0; -4.5; 4.9
247.8; 30.355; -0.1; -9.5; 11.9; -0.1; -3.7; 4.7; 1.8; -11.5; 12.3; 1.8; -4.8; 5.1
248.0; 30.378; -0.1; -9.7; 12.0; -0.1; -3.8; 4.7; 1.5; -11.7; 12.4; 1.5; -4.8; 5.0
248.2; 30.401; -0.1; -9.7; 12.1; -0.1; -3.8; 4.7; 1.4; -11.8; 12.4; 1.4; -4.8; 5.0
248.4; 30.424; -0.1; -9.7; 12.1; -0.1; -3.8; 4.7; 1.3; -11.9; 12.4; 1.3; -4.8; 4.9
248.6; 30.446; -0.1; -9.7; 12.1; -0.1; -3.8; 4.7; 1.2; -11.9; 12.3; 1.2; -4.8; 4.9
248.8; 30.468; -0.1; -9.7; 12.1; -0.1; -3.8; 4.7; 1.2; -11.9; 12.3; 1.2; -4.8; 4.9
249.0; 30.490; -0.1; -9.7; 12.1; -0.1; -3.8; 4.7; 1.2; -11.9; 12.3; 1.2; -4.8; 4.9
249.2; 30.511; -0.1; -9.8; 12.1; -0.1; -3.8; 4.7; 1.2; -11.9; 12.4; 1.2; -4.8; 4.9
249.4; 30.532; -0.1; -9.8; 12.1; -0.1; -3.8; 4.7; 1.2; -11.9; 12.4; 1.2; -4.8; 4.9
249.6; 30.552; -0.1; -9.8; 12.1; -0.1; -3.8; 4.7; 1.2; -11.9; 12.4; 1.2; -4.8; 4.9
249.8; 30.572; -0.1; -9.8; 12.1; -0.1; -3.8; 4.7; 1.2; -11.9; 12.4; 1.2; -4.8; 4.9
250.0; 30.591; -0.1; -9.8; 12.1; -0.1; -3.8; 4.7; 1.2; -11.9; 12.4; 1.2; -4.8; 4.9
250.2; 30.609; -0.1; -9.8; 12.1; -0.1; -3.8; 4.7; 1.2; -11.9; 12.4; 1.2; -4.8; 4.9
250.4; 30.627; -0.1; -9.8; 12.1; -0.1; -3.8; 4.7; 1.2; -11.9; 12.4; 1.2; -4.8; 4.9
250.6; 30.645; -0.1; -9.8; 12.1; -0.1; -3.8; 4.7; 1.2; -11.9; 12.4; 1.2; -4.8; 4.9
250.8; 30.663; -0.1; -9.8; 12.1; -0.1; -3.8; 4.7; 1.2; -11.9; 12.4; 1.2; -4.8; 4.9
251.0; 30.682; -0.1; -9.8; 12.1; -0.1; -3.8; 4.7; 1.2; -11.9; 12.4; 1.2; -4.8; 4.9
251.2; 30.700; -0.1; -9.8; 12.1; -0.1; -3.8; 4.7; 1.2; -11.9; 12.4; 1.2; -4.8; 4.9
251.4; 30.719; -0.1; -9.8; 12.1; -0.1; -3.8; 4.7; 1.2; -11.9; 12.4; 1.2; -4.8; 4.9
251.6; 30.739; -0.1; -9.8; 12.1; -0.1; -3.8; 4.7; 1.2; -11.9; 12.4; 1.2; -4.8; 4.9
251.8; 30.759; -0.1; -9.8; 12.1; -0.1; -3.8; 4.7; 1.2; -11.9; 12.4; 1.2; -4.8; 4.9
252.0; 30.779; -0.1; -9.8; 12.1; -0.1; -3.8; 4.7; 1.2; -11.9; 12.4; 1.2; -4.8; 4.9
252.2; 30.800; -0.1; -9.8; 12.1; -0.1; -3.8; 4.7; 1.2; -11.9; 12.4; 1.2; -4.8; 4.9
252.4; 30.822; -0.1; -9.8; 12.1; -0.1; -3.8; 4.7; 1.2; -11.9; 12.4; 1.2; -4.8; 4.9
252.6; 30.843; -0.1; -9.8; 12.1; -0.1; -3.8; 4.7; 1.2; -11.9; 12.4; 1.2; -4.8; 4.9
252.8; 30.866; -0.1; -9.8; 12.1; -0.1; -3.8; 4.7; 1.2; -11.9; 12.4; 1.2; -4.8; 4.9
253.0; 30.888; -0.1; -9.8; 12.1; -0.1; -3.8; 4.7; 1.2; -11.9; 12.4; 1.2; -4.8; 4.9
253.2; 30.911; -0.1; -9.8; 12.1; -0.1; -3.8; 4.7; 1.2; -11.9; 12.4; 1.2; -4.8; 4.9
253.4; 30.934; -0.1; -9.8; 12.1; -0.1; -3.8; 4.7; 1.2; -11.9; 12.4; 1.2; -4.8; 4.9
253.6; 30.958; -0.1; -9.8; 12.1; -0.1; -3.8; 4.7; 1.2; -11.9; 12.4; 1.2; -4.8; 4.9
253.8; 30.982; -0.1; -9.8; 12.1; -0.1; -3.8; 4.7; 1.2; -11.9; 12.4; 1.2; -4.8; 4.9
254.0; 31.006; -0.1; -9.8; 12.1; -0.1; -3.8; 4.7; 1.2; -11.9; 12.4; 1.2; -4.8; 4.9
254.2; 31.030; -0.1; -9.8; 12.1; -0.1; -3.8; 4.7; 1.2; -11.9; 12.4; 1.2; -4.8; 4.9
254.4; 31.054; -0.1; -9.8; 12.1; -0.1; -3.8; 4.7; 1.2; -11.9; 12.4; 1.2; -4.8; 4.9
254.6; 31.078; -0.1; -9.8; 12.1; -0.1; -3.8; 4.7; 1.2; -11.9; 12.4; 1.2; -4.8; 4.9
254.8; 31.102; -0.1; -9.8; 12.1; -0.1; -3.8; 4.7; 1.2; -11.9; 12.4; 1.2; -4.8; 4.9
255.0; 31.126; -0.1; -9.8; 12.1; -0.1; -3.8; 4.7; 1.2; -11.9; 12.4; 1.2; -4.8; 4.9
255.2; 31.151; -0.1; -9.8; 12.1; -0.1; -3.8; 4.7; 1.2; -11.9; 12.4; 1.2; -4.8; 4.9
255.4; 31.175; -0.1; -9.8; 12.1; -0.1; -3.8; 4.7; 1.2; -11.9; 12.4; 1.2; -4.8; 4.9
255.6; 31.199; -0.1; -9.8; 12.1; -0.1; -3.8; 4.7; 1.2; -11.9; 12.4; 1.2; -4.8; 4.9
255.8; 31.223; -0.1; -9.8; 12.1; -0.1; -3.8; 4.7; 1.2; -11.9; 12.4; 1.2; -4.8; 4.9
256.0; 31.248; -0.1; -9.8; 12.1; -0.1; -3.8; 4.7; 1.2; -11.9; 12.4; 1.2; -4.8; 4.9
256.2; 31.272; -0.1; -9.8; 12.1; -0.1; -3.8; 4.7; 1.2; -11.9; 12.4; 1.2; -4.8; 4.9
256.4; 31.296; -0.1; -9.8; 12.1; -0.1; -3.8; 4.7; 1.2; -11.9; 12.4; 1.2; -4.8; 4.9
256.6; 31.320; -0.1; -9.8; 12.1; -0.1; -3.8; 4.7; 1.2; -11.9; 12.4; 1.2; -4.8; 4.9
256.8; 31.344; -0.1; -9.8; 12.1; -0.1; -3.8; 4.7; 1.2; -11.9; 12.4; 1.2; -4.8; 4.9
257.0; 31.368; -0.1; -9.7; 12.1; -0.1; -3.8; 4.7; 1.2; -11.9; 12.4; 1.2; -4.8; 4.9
257.2; 31.392; -0.1; -9.6; 12.1; -0.1; -3.8; 4.7; 1.2; -11.9; 12.3; 1.2; -4.8; 4.9
257.4; 31.416; -0.2; -9.5; 12.1; -0.2; -3.7; 4.7; 1.2; -11.8; 12.3; 1.2; -4.8; 5.0
257.6; 31.440; -0.3; -9.2; 12.0; -0.3; -3.7; 4.8; 1.3; -11.6; 12.2; 1.3; -4.8; 5.0
257.8; 31.464; -0.6; -8.8; 11.9; -0.6; -3.6; 4.9; 1.5; -11.3; 12.1; 1.5; -4.8; 5.1
258.0; 31.488; -1.0; -8.2; 11.8; -1.0; -3.6; 5.1; 1.9; -10.8; 12.0; 1.9; -4.8; 5.2
258.2; 31.511; -1.6; -7.4; 11.6; -1.6; -3.4; 5.3; 2.4; -9.9; 11.7; 2.4; -4.7; 5.5
258.4; 31.535; -2.5; -6.3; 11.2; -2.5; -3.2; 5.7; 3.2; -8.6; 11.4; 3.2; -4.4; 5.8
258.6; 31.559; -3.5; -5.1; 10.8; -3.5; -2.9; 6.1; 4.1; -7.0; 10.9; 4.1; -4.0; 6.2
258.8; 31.582; -4.5; -3.8; 10.3; -4.5; -2.5; 6.7; 5.0; -5.2; 10.4; 5.0; -3.4; 6.7
259.0; 31.606; -5.3; -2.7; 9.9; -5.3; -2.0; 7.1; 5.6; -3.7; 9.9; 5.6; -2.7; 7.2
259.2; 31.630; -5.7; -1.8; 9.5; -5.7; -1.5; 7.5; 6.0; -2.5; 9.5; 6.0; -2.0; 7.6
259.4; 31.653; -6.0; -1.2; 9.2; -6.0; -1.0; 7.9; 6.3; -1.6; 9.2; 6.3; -1.4; 7.9
259.6; 31.677; -6.1; -0.7; 8.9; -6.1; -0.6; 8.1; 6.3; -1.0; 8.9; 6.3; -0.9; 8.1
259.8; 31.700; -6.1; -0.3; 8.7; -6.1; -0.3; 8.3; 6.3; -0.6; 8.7; 6.3; -0.5; 8.3
260.0; 31.724; -6.0; -0.1; 8.6; -6.0; -0.1; 8.4; 6.3; -0.2; 8.6; 6.3; -0.2; 8.4
260.2; 31.747; -5.9; 0.1; 8.5; -5.9; 0.2; 8.6; 6.2; 0.1; 8.5; 6.2; 0.1; 8.6
260.4; 31.770; -5.9; 0.3; 8.4; -5.9; 0.3; 8.7; 6.1; 0.3; 8.4; 6.1; 0.3; 8.7
260.6; 31.794; -5.8; 0.5; 8.3; -5.8; 0.5; 8.7; 6.1; 0.5; 8.3; 6.1; 0.5; 8.7
260.8; 31.817; -5.7; 0.6; 8.2; -5.7; 0.6; 8.8; 6.0; 0.6; 8.2; 6.0; 0.7; 8.8
261.0; 31.841; -5.6; 0.7; 8.1; -5.6; 0.7; 8.9; 5.9; 0.8; 8.2; 5.9; 0.8; 8.9
261.2; 31.864; -5.5; 0.7; 8.1; -5.5; 0.8; 8.9; 5.8; 0.8; 8.1; 5.8; 0.9; 8.9
261.4; 31.888; -5.4; 0.8; 8.1; -5.4; 0.8; 8.9; 5.7; 0.9; 8.1; 5.7; 1.0; 8.9
261.6; 31.911; -5.4; 0.8; 8.1; -5.4; 0.9; 8.9; 5.7; 0.9; 8.1; 5.7; 1.0; 9.0
261.8; 31.935; -5.4; 0.8; 8.1; -5.4; 0.8; 8.9; 5.6; 0.9; 8.1; 5.6; 1.0; 8.9
262.0; 31.959; -5.4; 0.7; 8.1; -5.4; 0.8; 8.9; 5.7; 0.9; 8.1; 5.7; 1.0; 8.9
262.2; 31.982; -5.5; 0.6; 8.1; -5.5; 0.7; 8.9; 5.7; 0.8; 8.1; 5.7; 0.9; 8.9
262.4; 32.006; -5.6; 0.5; 8.2; -5.6; 0.6; 8.8; 5.9; 0.7; 8.2; 5.9; 0.8; 8.8
262.6; 32.030; -5.9; 0.4; 8.3; -5.9; 0.4; 8.7; 6.2; 0.5; 8.3; 6.2; 0.6; 8.7
262.8; 32.054; -6.2; 0.2; 8.4; -6.2; 0.2; 8.6; 6.5; 0.3; 8.4; 6.5; 0.3; 8.6
263.0; 32.078; -6.6; -0.1; 8.5; -6.6; -0.1; 8.5; 6.8; 0.0; 8.5; 6.8; 0.0; 8.5
263.2; 32.102; -6.9; -0.4; 8.7; -6.9; -0.4; 8.3; 7.1; -0.3; 8.7; 7.1; -0.3; 8.3
263.4; 32.126; -7.0; -0.8; 8.9; -7.0; -0.8; 8.1; 7.3; -0.8; 8.9; 7.3; -0.7; 8.1
263.6; 32.150; -7.0; -1.3; 9.1; -7.0; -1.1; 7.9; 7.3; -1.3; 9.1; 7.3; -1.2; 7.9
263.8; 32.175; -6.8; -1.9; 9.4; -6.8; -1.6; 7.7; 7.1; -2.0; 9.4; 7.1; -1.6; 7.7
264.0; 32.199; -6.4; -2.6; 9.6; -6.4; -2.0; 7.4; 6.7; -2.7; 9.6; 6.7; -2.1; 7.4
264.2; 32.222; -5.8; -3.3; 9.9; -5.8; -2.4; 7.1; 6.1; -3.6; 10.0; 6.1; -2.6; 7.1
264.4; 32.246; -3.3; -4.2; 10.3; -3.3; -2.7; 6.7; 3.7; -4.6; 10.3; 3.7; -3.0; 6.8
264.6; 32.270; -0.4; -5.0; 10.6; -0.4; -3.0; 6.4; 0.8; -5.6; 10.6; 0.8; -3.4; 6.4
264.8; 32.293; -0.2; -5.9; 10.9; -0.2; -3.3; 6.1; 0.7; -6.7; 11.0; 0.7; -3.8; 6.1
265.0; 32.315; -0.1; -6.8; 11.2; -0.1; -3.5; 5.8; 0.7; -7.7; 11.3; 0.7; -4.1; 5.8
265.2; 32.337; -0.1; -7.6; 11.4; -0.1; -3.6; 5.5; 0.8; -8.6; 11.5; 0.8; -4.3; 5.6
265.4; 32.359; -0.1; -8.2; 11.6; -0.1; -3.7; 5.3; 0.8; -9.4; 11.7; 0.8; -4.4; 5.4
265.6; 32.380; -0.1; -8.7; 11.8; -0.1; -3.8; 5.1; 0.9; -10.1; 11.9; 0.9; -4.5; 5.3
265.8; 32.400; -0.1; -9.0; 11.9; -0.1; -3.8; 5.0; 1.0; -10.6; 12.0; 1.0; -4.6; 5.2
266.0; 32.419; -0.1; -9.2; 11.9; -0.1; -3.8; 4.9; 1.0; -10.9; 12.1; 1.0; -4.6; 5.1
266.2; 32.438; -0.1; -9.2; 12.0; -0.1; -3.8; 4.9; 1.0; -11.2; 12.2; 1.0; -4.7; 5.1
266.4; 32.456; -0.2; -9.1; 12.0; -0.2; -3.7; 4.9; 1.1; -11.3; 12.2; 1.1; -4.7; 5.1
266.6; 32.473; -0.2; -8.9; 11.9; -0.2; -3.7; 4.9; 1.1; -11.3; 12.1; 1.1; -4.8; 5.1
266.8; 32.491; -0.3; -8.5; 11.9; -0.3; -3.6; 5.0; 1.2; -11.1; 12.0; 1.2; -4.8; 5.2
267.0; 32.510; -0.5; -7.8; 11.7; -0.5; -3.5; 5.1; 1.3; -10.7; 11.9; 1.3; -4.8; 5.3
267.2; 32.530; -1.2; -6.8; 11.5; -1.2; -3.2; 5.4; 2.0; -9.8; 11.6; 2.0; -4.7; 5.5
267.4; 32.551; -2.8; -5.3; 11.0; -2.8; -2.9; 5.9; 3.4; -8.2; 11.1; 3.4; -4.4; 6.0
267.6; 32.572; -4.5; -3.2; 10.3; -4.5; -2.1; 6.7; 5.0; -5.5; 10.3; 5.0; -3.6; 6.8
267.8; 32.595; -4.4; -1.0; 9.3; -4.4; -0.8; 7.7; 4.7; -2.4; 9.3; 4.7; -2.0; 7.7
268.0; 32.618; -1.5; 0.8; 8.2; -1.5; 0.9; 8.8; 1.8; 0.2; 8.3; 1.8; 0.3; 8.8
268.2; 32.641; -0.2; 2.0; 7.4; -0.2; 2.7; 9.6; 0.5; 2.0; 7.4; 0.5; 2.6; 9.7
268.4; 32.666; -0.1; 2.8; 6.7; -0.1; 4.4; 10.3; 0.5; 3.1; 6.7; 0.5; 4.7; 10.4
268.6; 32.690; -0.1; 3.3; 6.1; -0.1; 5.9; 10.9; 0.6; 3.7; 6.2; 0.6; 6.5; 10.9
268.8; 32.715; -0.1; 3.5; 5.7; -0.1; 7.1; 11.3; 0.7; 4.1; 5.8; 0.7; 8.0; 11.3
269.0; 32.741; -0.1; 3.7; 5.4; -0.1; 8.0; 11.5; 0.8; 4.4; 5.5; 0.8; 9.1; 11.7
269.2; 32.766; -0.1; 3.8; 5.1; -0.1; 8.6; 11.7; 0.9; 4.5; 5.3; 0.9; 10.0; 11.9
269.4; 32.791; -0.1; 3.8; 5.0; -0.1; 9.1; 11.9; 1.0; 4.6; 5.1; 1.0; 10.6; 12.1
269.6; 32.816; -0.2; 3.8; 4.9; -0.2; 9.3; 12.0; 1.1; 4.7; 5.0; 1.1; 11.1; 12.2
269.8; 32.841; -0.6; 3.8; 4.8; -0.6; 9.5; 12.0; 1.5; 4.7; 5.0; 1.5; 11.4; 12.2
270.0; 32.865; -0.5; 3.8; 4.7; -0.5; 9.6; 12.1; 1.5; 4.7; 5.0; 1.5; 11.6; 12.3
270.2; 32.889; -0.3; 3.8; 4.7; -0.3; 9.7; 12.1; 1.3; 4.7; 4.9; 1.3; 11.7; 12.3
270.4; 32.912; -0.2; 3.8; 4.7; -0.2; 9.7; 12.1; 1.2; 4.8; 4.9; 1.2; 11.8; 12.3
270.6; 32.934; -0.1; 3.8; 4.7; -0.1; 9.7; 12.1; 1.2; 4.8; 4.9; 1.2; 11.9; 12.3
270.8; 32.956; -0.1; 3.8; 4.7; -0.1; 9.7; 12.1; 1.2; 4.8; 4.9; 1.2; 11.9; 12.3
271.0; 32.978; -0.1; 3.8; 4.7; -0.1; 9.7; 12.1; 1.2; 4.8; 4.9; 1.2; 11.9; 12.4
271.2; 32.998; -0.1; 3.8; 4.7; -0.1; 9.8; 12.1; 1.2; 4.8; 4.9; 1.2; 11.9; 12.4
271.4; 33.018; -0.1; 3.8; 4.7; -0.1; 9.8; 12.1; 1.2; 4.8; 4.9; 1.2; 11.9; 12.4
271.6; 33.037; -0.1; 3.8; 4.7; -0.1; 9.8; 12.1; 1.2; 4.8; 4.9; 1.2; 11.9; 12.4
271.8; 33.056; -0.1; 3.8; 4.7; -0.1; 9.8; 12.1; 1.2; 4.8; 4.9; 1.2; 11.9; 12.4
272.0; 33.074; -0.1; 3.8; 4.7; -0.1; 9.8; 12.1; 1.2; 4.8; 4.9; 1.2; 11.9; 12.4
272.2; 33.092; -0.1; 3.8; 4.7; -0.1; 9.8; 12.1; 1.2; 4.8; 4.9; 1.2; 11.9; 12.4
272.4; 33.110; -0.1; 3.8; 4.7; -0.1; 9.8; 12.1; 1.2; 4.8; 4.9; 1.2; 11.9; 12.4
272.6; 33.128; -0.1; 3.8; 4.7; -0.1; 9.8; 12.1; 1.2; 4.8; 4.9; 1.2; 11.9; 12.4
272.8; 33.147; -0.1; 3.8; 4.7; -0.1; 9.8; 12.1; 1.2; 4.8; 4.9; 1.2; 11.9; 12.4
273.0; 33.167; -0.1; 3.8; 4.7; -0.1; 9.8; 12.1; 1.2; 4.8; 4.9; 1.2; 11.9; 12.4
273.2; 33.188; -0.1; 3.8; 4.7; -0.1; 9.8; 12.1; 1.2; 4.8; 4.9; 1.2; 11.9; 12.4
273.4; 33.210; -0.1; 3.8; 4.7; -0.1; 9.8; 12.1; 1.2; 4.8; 4.9; 1.2; 11.9; 12.4
273.6; 33.233; -0.1; 3.8; 4.7; -0.1; 9.8; 12.1; 1.2; 4.8; 4.9; 1.2; 11.9; 12.4
273.8; 33.256; -0.1; 3.8; 4.7; -0.1; 9.8; 12.1; 1.2; 4.8; 4.9; 1.2; 11.9; 12.4
274.0; 33.280; -0.1; 3.8; 4.7; -0.1; 9.8; 12.1; 1.2; 4.8; 4.9; 1.2; 11.9; 12.4
274.2; 33.304; -0.1; 3.8; 4.7; -0.1; 9.8; 12.1; 1.2; 4.8; 4.9; 1.2; 11.9; 12.4
274.4; 33.328; -0.1; 3.8; 4.7; -0.1; 9.8; 12.1; 1.2; 4.8; 4.9; 1.2; 11.9; 12.4
274.6; 33.353; -0.1; 3.8; 4.7; -0.1; 9.8; 12.1; 1.2; 4.8; 4.9; 1.2; 11.9; 12.4
274.8; 33.377; -0.1; 3.8; 4.7; -0.1; 9.8; 12.1; 1.2; 4.8; 4.9; 1.2; 11.9; 12.4
275.0; 33.402; -0.1; 3.8; 4.7; -0.1; 9.7; 12.1; 1.2; 4.8; 4.9; 1.2; 11.9; 12.4
275.2; 33.426; -0.1; 3.8; 4.7; -0.1; 9.6; 12.1; 1.2; 4.8; 4.9; 1.2; 11.9; 12.3
275.4; 33.450; -0.2; 3.7; 4.7; -0.2; 9.5; 12.1; 1.2; 4.8; 5.0; 1.2; 11.8; 12.3
275.6; 33.474; -0.3; 3.7; 4.8; -0.3; 9.2; 12.0; 1.3; 4.8; 5.0; 1.3; 11.6; 12.2
275.8; 33.498; -0.6; 3.7; 4.9; -0.6; 8.8; 11.9; 1.5; 4.8; 5.1; 1.5; 11.3; 12.1
276.0; 33.522; -1.0; 3.6; 5.0; -1.0; 8.3; 11.8; 1.9; 4.8; 5.2; 1.9; 10.8; 12.0
276.2; 33.546; -1.6; 3.5; 5.3; -1.6; 7.6; 11.6; 2.4; 4.7; 5.4; 2.4; 10.1; 11.8
276.4; 33.569; -2.4; 3.3; 5.6; -2.4; 6.6; 11.3; 3.1; 4.5; 5.7; 3.1; 8.9; 11.4
276.6; 33.593; -3.4; 3.0; 6.0; -3.4; 5.4; 10.9; 3.9; 4.1; 6.1; 3.9; 7.4; 11.0
276.8; 33.616; -4.3; 2.6; 6.5; -4.3; 4.2; 10.5; 4.8; 3.6; 6.6; 4.8; 5.7; 10.5
277.0; 33.640; -5.1; 2.2; 6.9; -5.1; 3.2; 10.0; 5.5; 3.0; 7.0; 5.5; 4.2; 10.1
277.2; 33.663; -5.6; 1.8; 7.3; -5.6; 2.3; 9.7; 5.9; 2.3; 7.4; 5.9; 3.1; 9.7
277.4; 33.687; -5.9; 1.4; 7.6; -5.9; 1.7; 9.4; 6.2; 1.8; 7.7; 6.2; 2.2; 9.4
277.6; 33.710; -6.1; 1.0; 7.9; -6.1; 1.2; 9.1; 6.4; 1.4; 7.9; 6.4; 1.6; 9.1
277.8; 33.734; -6.1; 0.8; 8.0; -6.1; 0.9; 9.0; 6.4; 1.0; 8.0; 6.4; 1.1; 9.0
278.0; 33.757; -6.2; 0.6; 8.2; -6.2; 0.6; 8.8; 6.4; 0.7; 8.2; 6.4; 0.8; 8.8
278.2; 33.781; -6.2; 0.4; 8.3; -6.2; 0.4; 8.7; 6.4; 0.5; 8.3; 6.4; 0.6; 8.7
278.4; 33.804; -6.1; 0.3; 8.4; -6.1; 0.3; 8.7; 6.4; 0.4; 8.4; 6.4; 0.4; 8.7
278.6; 33.828; -6.1; 0.1; 8.4; -6.1; 0.1; 8.6; 6.4; 0.2; 8.4; 6.4; 0.2; 8.6
278.8; 33.851; -6.1; 0.1; 8.5; -6.1; 0.1; 8.6; 6.4; 0.1; 8.5; 6.4; 0.1; 8.6
279.0; 33.875; -6.1; -0.0; 8.5; -6.1; -0.0; 8.5; 6.4; 0.0; 8.5; 6.4; 0.0; 8.5
279.2; 33.898; -6.1; -0.1; 8.5; -6.1; -0.1; 8.5; 6.4; -0.0; 8.5; 6.4; -0.0; 8.5
279.4; 33.921; -6.1; -0.1; 8.6; -6.1; -0.1; 8.5; 6.4; -0.1; 8.6; 6.4; -0.1; 8.5
279.6; 33.945; -6.1; -0.1; 8.6; -6.1; -0.1; 8.4; 6.4; -0.1; 8.6; 6.4; -0.1; 8.4
279.8; 33.968; -6.1; -0.1; 8.6; -6.1; -0.1; 8.4; 6.4; -0.2; 8.6; 6.4; -0.2; 8.4
280.0; 33.992; -6.1; -0.2; 8.6; -6.1; -0.2; 8.4; 6.4; -0.2; 8.6; 6.4; -0.2; 8.4
280.2; 34.016; -6.1; -0.2; 8.6; -6.1; -0.2; 8.4; 6.4; -0.2; 8.6; 6.4; -0.2; 8.4
280.4; 34.039; -6.1; -0.2; 8.6; -6.1; -0.2; 8.4; 6.4; -0.2; 8.6; 6.4; -0.2; 8.4
280.6; 34.063; -6.1; -0.2; 8.6; -6.1; -0.2; 8.4; 6.4; -0.2; 8.6; 6.4; -0.2; 8.4
280.8; 34.086; -6.1; -0.2; 8.6; -6.1; -0.2; 8.4; 6.4; -0.2; 8.6; 6.4; -0.2; 8.4
281.0; 34.110; -6.1; -0.2; 8.6; -6.1; -0.2; 8.4; 6.4; -0.2; 8.6; 6.4; -0.2; 8.4
281.2; 34.133; -6.1; -0.2; 8.6; -6.1; -0.2; 8.4; 6.4; -0.2; 8.6; 6.4; -0.2; 8.4
281.4; 34.157; -6.1; -0.2; 8.6; -6.1; -0.2; 8.4; 6.4; -0.2; 8.6; 6.4; -0.2; 8.4
281.6; 34.180; -6.1; -0.2; 8.6; -6.1; -0.2; 8.4; 6.4; -0.2; 8.6; 6.4; -0.2; 8.4
281.8; 34.204; -6.1; -0.2; 8.6; -6.1; -0.2; 8.4; 6.4; -0.2; 8.6; 6.4; -0.2; 8.4
282.0; 34.227; -6.1; -0.2; 8.6; -6.1; -0.2; 8.4; 6.4; -0.2; 8.6; 6.4; -0.2; 8.4
282.2; 34.251; -6.1; -0.2; 8.6; -6.1; -0.2; 8.4; 6.4; -0.2; 8.6; 6.4; -0.2; 8.4
282.4; 34.274; -6.1; -0.2; 8.6; -6.1; -0.2; 8.4; 6.4; -0.2; 8.6; 6.4; -0.2; 8.4
282.6; 34.298; -6.1; -0.2; 8.6; -6.1; -0.2; 8.4; 6.4; -0.2; 8.6; 6.4; -0.2; 8.4
282.8; 34.322; -6.1; -0.2; 8.6; -6.1; -0.2; 8.4; 6.4; -0.2; 8.6; 6.4; -0.2; 8.4
283.0; 34.345; -6.1; -0.2; 8.6; -6.1; -0.2; 8.4; 6.4; -0.3; 8.6; 6.4; -0.2; 8.4
283.2; 34.369; -6.1; -0.2; 8.6; -6.1; -0.2; 8.4; 6.4; -0.3; 8.6; 6.4; -0.3; 8.4
283.4; 34.392; -6.1; -0.3; 8.6; -6.1; -0.3; 8.4; 6.4; -0.3; 8.6; 6.4; -0.3; 8.4
283.6; 34.416; -6.1; -0.3; 8.7; -6.1; -0.3; 8.4; 6.4; -0.3; 8.7; 6.4; -0.3; 8.4
283.8; 34.440; -6.1; -0.3; 8.7; -6.1; -0.3; 8.4; 6.4; -0.4; 8.7; 6.4; -0.3; 8.4
284.0; 34.463; -6.1; -0.3; 8.7; -6.1; -0.3; 8.3; 6.4; -0.4; 8.7; 6.4; -0.4; 8.3
284.2; 34.487; -6.1; -0.4; 8.7; -6.1; -0.3; 8.3; 6.4; -0.4; 8.7; 6.4; -0.4; 8.3
284.4; 34.510; -6.1; -0.4; 8.7; -6.1; -0.4; 8.3; 6.3; -0.4; 8.7; 6.3; -0.4; 8.3
284.6; 34.534; -6.1; -0.4; 8.7; -6.1; -0.4; 8.3; 6.3; -0.5; 8.7; 6.3; -0.4; 8.3
284.8; 34.558; -6.0; -0.4; 8.7; -6.0; -0.4; 8.3; 6.3; -0.5; 8.7; 6.3; -0.5; 8.3
285.0; 34.581; -6.0; -0.4; 8.7; -6.0; -0.4; 8.3; 6.3; -0.5; 8.7; 6.3; -0.5; 8.3
285.2; 34.605; -6.0; -0.4; 8.7; -6.0; -0.4; 8.3; 6.3; -0.5; 8.7; 6.3; -0.5; 8.3
285.4; 34.629; -6.0; -0.4; 8.7; -6.0; -0.4; 8.3; 6.3; -0.5; 8.7; 6.3; -0.4; 8.3
285.6; 34.653; -6.0; -0.3; 8.7; -6.0; -0.3; 8.3; 6.3; -0.4; 8.7; 6.3; -0.4; 8.3
285.8; 34.676; -6.0; -0.3; 8.7; -6.0; -0.3; 8.4; 6.3; -0.4; 8.7; 6.3; -0.4; 8.4
286.0; 34.700; -6.1; -0.2; 8.6; -6.1; -0.2; 8.4; 6.3; -0.3; 8.6; 6.3; -0.3; 8.4
286.2; 34.724; -6.1; -0.1; 8.6; -6.1; -0.1; 8.4; 6.4; -0.2; 8.6; 6.4; -0.2; 8.4
286.4; 34.748; -6.2; 0.0; 8.5; -6.2; 0.0; 8.5; 6.5; -0.1; 8.5; 6.5; -0.1; 8.5
286.6; 34.771; -6.4; 0.2; 8.4; -6.4; 0.2; 8.6; 6.6; 0.1; 8.4; 6.6; 0.1; 8.6
286.8; 34.795; -6.5; 0.3; 8.4; -6.5; 0.3; 8.7; 6.8; 0.3; 8.4; 6.8; 0.3; 8.7
287.0; 34.819; -6.6; 0.5; 8.2; -6.6; 0.6; 8.8; 6.9; 0.5; 8.2; 6.9; 0.6; 8.8
287.2; 34.843; -6.7; 0.8; 8.1; -6.7; 0.8; 8.9; 7.0; 0.8; 8.1; 7.0; 0.9; 8.9
287.4; 34.867; -6.8; 1.0; 8.0; -6.8; 1.2; 9.1; 7.0; 1.1; 8.0; 7.0; 1.2; 9.1
287.6; 34.890; -6.7; 1.3; 7.8; -6.7; 1.5; 9.2; 7.0; 1.4; 7.8; 7.0; 1.7; 9.2
287.8; 34.914; -6.5; 1.6; 7.6; -6.5; 2.0; 9.4; 6.8; 1.7; 7.6; 6.8; 2.1; 9.4
288.0; 34.938; -6.3; 1.9; 7.4; -6.3; 2.5; 9.6; 6.6; 2.1; 7.4; 6.6; 2.7; 9.6
288.2; 34.962; -5.8; 2.2; 7.2; -5.8; 3.0; 9.8; 6.2; 2.5; 7.2; 6.2; 3.4; 9.9
288.4; 34.986; -5.1; 2.5; 6.9; -5.1; 3.7; 10.1; 5.5; 2.8; 6.9; 5.5; 4.1; 10.1
288.6; 35.010; -2.7; 2.8; 6.6; -2.7; 4.3; 10.3; 3.1; 3.2; 6.7; 3.1; 4.8; 10.4
288.8; 35.034; -0.6; 3.0; 6.4; -0.6; 5.0; 10.6; 1.1; 3.5; 6.4; 1.1; 5.7; 10.6
289.0; 35.058; -0.3; 3.2; 6.1; -0.3; 5.7; 10.8; 0.8; 3.8; 6.2; 0.8; 6.6; 10.9
289.2; 35.082; -0.2; 3.4; 5.9; -0.2; 6.4; 11.1; 0.7; 4.0; 5.9; 0.7; 7.4; 11.2
289.4; 35.107; -0.2; 3.5; 5.6; -0.2; 7.1; 11.3; 0.8; 4.2; 5.7; 0.8; 8.2; 11.4
289.6; 35.131; -0.2; 3.6; 5.4; -0.2; 7.6; 11.5; 0.8; 4.3; 5.6; 0.8; 8.9; 11.6
289.8; 35.155; -0.2; 3.7; 5.3; -0.2; 8.2; 11.6; 0.9; 4.4; 5.4; 0.9; 9.5; 11.8
290.0; 35.180; -0.2; 3.7; 5.1; -0.2; 8.6; 11.7; 0.9; 4.5; 5.3; 0.9; 10.1; 11.9
290.2; 35.204; -0.2; 3.8; 5.0; -0.2; 8.9; 11.8; 1.0; 4.6; 5.2; 1.0; 10.5; 12.0
290.4; 35.229; -0.2; 3.8; 4.9; -0.2; 9.2; 11.9; 1.1; 4.6; 5.1; 1.1; 10.9; 12.1
290.6; 35.253; -0.3; 3.8; 4.8; -0.3; 9.3; 12.0; 1.2; 4.7; 5.0; 1.2; 11.2; 12.2
290.8; 35.278; -0.6; 3.8; 4.8; -0.6; 9.5; 12.0; 1.5; 4.7; 5.0; 1.5; 11.4; 12.2
291.0; 35.302; -0.5; 3.8; 4.8; -0.5; 9.6; 12.1; 1.5; 4.7; 5.0; 1.5; 11.5; 12.3
291.2; 35.327; -0.4; 3.8; 4.7; -0.4; 9.7; 12.1; 1.4; 4.7; 4.9; 1.4; 11.7; 12.3
291.4; 35.352; -0.3; 3.8; 4.7; -0.3; 9.7; 12.1; 1.3; 4.7; 4.9; 1.3; 11.8; 12.3
291.6; 35.377; -0.2; 3.8; 4.7; -0.2; 9.8; 12.1; 1.3; 4.7; 4.9; 1.3; 11.8; 12.3
291.8; 35.402; -0.1; 3.8; 4.7; -0.1; 9.8; 12.1; 1.2; 4.7; 4.9; 1.2; 11.9; 12.4
292.0; 35.426; -0.1; 3.8; 4.7; -0.1; 9.8; 12.1; 1.2; 4.8; 4.9; 1.2; 11.9; 12.4
292.2; 35.451; -0.1; 3.8; 4.7; -0.1; 9.9; 12.1; 1.1; 4.7; 4.9; 1.1; 12.0; 12.4
292.4; 35.476; -0.1; 3.8; 4.6; -0.1; 9.9; 12.2; 1.1; 4.7; 4.9; 1.1; 12.0; 12.4
292.6; 35.501; -0.1; 3.8; 4.6; -0.1; 10.0; 12.2; 1.0; 4.7; 4.8; 1.0; 12.0; 12.4
292.8; 35.526; -0.1; 3.9; 4.7; -0.1; 10.0; 12.2; 0.9; 4.7; 4.8; 0.9; 12.1; 12.4
293.0; 35.551; -0.1; 3.9; 4.7; -0.1; 10.0; 12.2; 0.8; 4.7; 4.8; 0.8; 12.1; 12.4
293.2; 35.576; -0.1; 3.9; 4.7; -0.1; 10.0; 12.2; 0.7; 4.7; 4.8; 0.7; 12.2; 12.4
293.4; 35.601; -0.1; 3.9; 4.7; -0.1; 10.0; 12.3; 0.6; 4.7; 4.8; 0.6; 12.2; 12.3
293.6; 35.626; -0.1; 3.9; 4.7; -0.1; 10.0; 12.3; 0.5; 4.7; 4.7; 0.5; 12.2; 12.3
293.8; 35.651; -0.1; 3.9; 4.7; -0.1; 10.0; 12.3; 0.5; 4.7; 4.7; 0.5; 12.2; 12.3
294.0; 35.676; -0.1; 3.9; 4.7; -0.1; 10.0; 12.3; 0.4; 4.7; 4.7; 0.4; 12.2; 12.3
294.2; 35.700; -0.1; 3.9; 4.7; -0.1; 10.0; 12.3; 0.3; 4.7; 4.7; 0.3; 12.2; 12.3
294.4; 35.725; -0.1; 3.9; 4.7; -0.1; 10.0; 12.3; 0.3; 4.7; 4.7; 0.3; 12.2; 12.3
294.6; 35.750; -0.1; 3.9; 4.7; -0.1; 9.9; 12.3; 0.2; 4.7; 4.7; 0.2; 12.2; 12.3
294.8; 35.775; -0.1; 3.9; 4.8; -0.1; 9.9; 12.3; 0.2; 4.7; 4.7; 0.2; 12.2; 12.3
295.0; 35.799; -0.1; 3.9; 4.8; -0.1; 9.9; 12.3; 0.1; 4.7; 4.7; 0.1; 12.2; 12.3
295.2; 35.824; -0.1; 3.9; 4.8; -0.1; 9.9; 12.3; 0.1; 4.7; 4.7; 0.1; 12.2; 12.2
295.4; 35.848; -0.1; 3.9; 4.8; -0.1; 9.9; 12.3; 0.1; 4.7; 4.7; 0.1; 12.2; 12.2
295.6; 35.873; -0.2; 3.9; 4.8; -0.2; 9.9; 12.3; 0.1; 4.7; 4.7; 0.1; 12.2; 12.2
295.8; 35.897; -0.1; 3.9; 4.8; -0.1; 9.9; 12.3; 0.1; 4.7; 4.7; 0.1; 12.2; 12.2
296.0; 35.922; -0.1; 3.9; 4.8; -0.1; 9.9; 12.3; 0.1; 4.7; 4.7; 0.1; 12.2; 12.2
296.2; 35.946; -0.1; 3.9; 4.8; -0.1; 9.9; 12.3; 0.1; 4.7; 4.7; 0.1; 12.2; 12.2
296.4; 35.970; -0.1; 3.9; 4.8; -0.1; 9.8; 12.3; 0.1; 4.7; 4.7; 0.1; 12.2; 12.2
296.6; 35.994; -0.1; 3.9; 4.8; -0.1; 9.8; 12.3; 0.1; 4.7; 4.7; 0.1; 12.2; 12.2
296.8; 36.018; -0.1; 3.9; 4.8; -0.1; 9.8; 12.3; 0.1; 4.7; 4.7; 0.1; 12.2; 12.2
297.0; 36.042; -0.1; 3.9; 4.8; -0.1; 9.8; 12.3; 0.1; 4.7; 4.7; 0.1; 12.2; 12.2
297.2; 36.065; -0.1; 3.9; 4.8; -0.1; 9.8; 12.3; 0.1; 4.7; 4.7; 0.1; 12.2; 12.2
297.4; 36.089; -0.1; 3.9; 4.8; -0.1; 9.8; 12.3; 0.1; 4.7; 4.7; 0.1; 12.2; 12.2
297.6; 36.112; -0.1; 3.9; 4.8; -0.1; 9.8; 12.3; 0.1; 4.7; 4.7; 0.1; 12.2; 12.2
297.8; 36.135; -0.1; 3.9; 4.8; -0.1; 9.8; 12.3; 0.1; 4.7; 4.7; 0.1; 12.2; 12.2
298.0; 36.157; -0.1; 3.9; 4.8; -0.1; 9.8; 12.3; 0.1; 4.7; 4.7; 0.1; 12.2; 12.3
298.2; 36.180; -0.1; 3.9; 4.8; -0.1; 9.8; 12.3; 0.2; 4.7; 4.7; 0.2; 12.2; 12.3
298.4; 36.202; -0.1; 3.9; 4.8; -0.1; 9.9; 12.3; 0.2; 4.7; 4.7; 0.2; 12.2; 12.3
298.6; 36.224; -0.1; 3.9; 4.8; -0.1; 9.9; 12.3; 0.2; 4.7; 4.7; 0.2; 12.2; 12.3
298.8; 36.246; -0.1; 3.9; 4.8; -0.1; 9.9; 12.3; 0.2; 4.7; 4.7; 0.2; 12.2; 12.3
299.0; 36.267; -0.1; 3.9; 4.7; -0.1; 9.9; 12.3; 0.3; 4.7; 4.7; 0.3; 12.2; 12.3
299.2; 36.288; -0.1; 3.9; 4.7; -0.1; 9.9; 12.3; 0.3; 4.7; 4.7; 0.3; 12.2; 12.3
299.4; 36.308; -0.1; 3.9; 4.7; -0.1; 9.9; 12.3; 0.3; 4.7; 4.7; 0.3; 12.2; 12.3
299.6; 36.329; -0.1; 3.9; 4.7; -0.1; 9.9; 12.3; 0.3; 4.7; 4.7; 0.3; 12.2; 12.3
299.8; 36.349; -0.1; 3.9; 4.7; -0.1; 9.9; 12.3; 0.4; 4.7; 4.7; 0.4; 12.2; 12.3
300.0; 36.368; -0.1; 3.9; 4.7; -0.1; 9.9; 12.3; 0.4; 4.7; 4.7; 0.4; 12.2; 12.3
300.2; 36.388; -0.1; 3.8; 4.7; -0.1; 9.9; 12.3; 0.5; 4.7; 4.7; 0.5; 12.2; 12.3
300.4; 36.407; -0.1; 3.8; 4.7; -0.1; 9.9; 12.3; 0.5; 4.7; 4.8; 0.5; 12.2; 12.3
300.6; 36.427; -0.1; 3.8; 4.7; -0.1; 9.9; 12.3; 0.5; 4.7; 4.8; 0.5; 12.2; 12.3
300.8; 36.447; -0.1; 3.8; 4.7; -0.1; 9.9; 12.3; 0.6; 4.7; 4.8; 0.6; 12.2; 12.3
301.0; 36.467; -0.1; 3.8; 4.7; -0.1; 9.9; 12.2; 0.6; 4.7; 4.8; 0.6; 12.2; 12.3
301.2; 36.487; -0.1; 3.8; 4.7; -0.1; 9.9; 12.2; 0.6; 4.7; 4.8; 0.6; 12.2; 12.3
301.4; 36.507; -0.1; 3.8; 4.7; -0.1; 9.9; 12.2; 0.7; 4.7; 4.8; 0.7; 12.2; 12.3
301.6; 36.528; -0.1; 3.8; 4.7; -0.1; 9.9; 12.2; 0.7; 4.7; 4.8; 0.7; 12.2; 12.3
301.8; 36.549; -0.1; 3.8; 4.7; -0.1; 9.9; 12.2; 0.7; 4.7; 4.8; 0.7; 12.1; 12.3
302.0; 36.570; -0.1; 3.8; 4.7; -0.1; 9.9; 12.2; 0.8; 4.7; 4.8; 0.8; 12.1; 12.3
302.2; 36.592; -0.1; 3.8; 4.7; -0.1; 9.9; 12.2; 0.8; 4.7; 4.8; 0.8; 12.1; 12.3
302.4; 36.614; -0.1; 3.8; 4.7; -0.1; 9.9; 12.2; 0.9; 4.8; 4.8; 0.9; 12.1; 12.3
302.6; 36.636; -0.1; 3.8; 4.7; -0.1; 9.9; 12.2; 0.9; 4.8; 4.8; 0.9; 12.1; 12.4
302.8; 36.659; -0.1; 3.8; 4.7; -0.1; 9.8; 12.2; 1.0; 4.8; 4.9; 1.0; 12.0; 12.4
303.0; 36.682; -0.1; 3.8; 4.7; -0.1; 9.8; 12.2; 1.0; 4.8; 4.9; 1.0; 12.0; 12.4
303.2; 36.705; -0.1; 3.8; 4.7; -0.1; 9.8; 12.1; 1.1; 4.8; 4.9; 1.1; 12.0; 12.4
303.4; 36.728; -0.1; 3.8; 4.7; -0.1; 9.8; 12.1; 1.1; 4.8; 4.9; 1.1; 11.9; 12.4
303.6; 36.752; -0.1; 3.8; 4.7; -0.1; 9.8; 12.1; 1.2; 4.8; 4.9; 1.2; 11.9; 12.4
303.8; 36.776; -0.1; 3.8; 4.7; -0.1; 9.7; 12.1; 1.3; 4.8; 4.9; 1.3; 11.9; 12.4
304.0; 36.800; -0.1; 3.8; 4.7; -0.1; 9.7; 12.1; 1.3; 4.8; 5.0; 1.3; 11.8; 12.4
304.2; 36.824; -0.1; 3.8; 4.7; -0.1; 9.7; 12.0; 1.4; 4.8; 5.0; 1.4; 11.8; 12.4
304.4; 36.848; -0.1; 3.8; 4.7; -0.1; 9.7; 12.0; 1.5; 4.8; 5.0; 1.5; 11.7; 12.4
304.6; 36.872; -0.1; 3.8; 4.7; -0.1; 9.6; 12.0; 1.5; 4.8; 5.0; 1.5; 11.7; 12.4
304.8; 36.897; -0.1; 3.7; 4.7; -0.1; 9.6; 12.0; 1.6; 4.8; 5.0; 1.6; 11.6; 12.4
305.0; 36.922; -0.1; 3.7; 4.7; -0.1; 9.5; 11.9; 1.7; 4.8; 5.1; 1.7; 11.5; 12.4
305.2; 36.947; -0.1; 3.7; 4.7; -0.1; 9.5; 11.9; 1.8; 4.8; 5.1; 1.8; 11.5; 12.4
305.4; 36.972; -0.1; 3.7; 4.7; -0.1; 9.4; 11.9; 1.9; 4.8; 5.1; 1.9; 11.4; 12.3
305.6; 36.997; -0.1; 3.7; 4.7; -0.1; 9.3; 11.8; 2.0; 4.8; 5.2; 2.0; 11.3; 12.3
305.8; 37.022; -0.1; 3.7; 4.7; -0.1; 9.3; 11.8; 2.1; 4.8; 5.2; 2.1; 11.2; 12.3
306.0; 37.047; -0.1; 3.7; 4.7; -0.1; 9.2; 11.8; 2.2; 4.8; 5.3; 2.2; 11.1; 12.3
306.2; 37.072; -0.1; 3.7; 4.7; -0.1; 9.1; 11.7; 2.3; 4.8; 5.3; 2.3; 10.9; 12.3
306.4; 37.098; -0.1; 3.6; 4.7; -0.1; 9.0; 11.7; 2.5; 4.8; 5.4; 2.5; 10.8; 12.3
306.6; 37.123; -0.1; 3.6; 4.7; -0.1; 8.9; 11.6; 2.6; 4.8; 5.4; 2.6; 10.7; 12.3
306.8; 37.149; -0.1; 3.6; 4.8; -0.1; 8.8; 11.5; 2.7; 4.7; 5.5; 2.7; 10.5; 12.3
307.0; 37.175; -0.1; 3.6; 4.8; -0.1; 8.6; 11.5; 2.9; 4.7; 5.5; 2.9; 10.3; 12.3
307.2; 37.201; -0.1; 3.6; 4.8; -0.1; 8.6; 11.4; 3.0; 4.7; 5.6; 3.0; 10.2; 12.2
307.4; 37.227; -0.1; 3.6; 4.8; -0.1; 8.5; 11.4; 3.1; 4.7; 5.6; 3.1; 10.1; 12.2
307.6; 37.252; -0.1; 3.6; 4.8; -0.1; 8.5; 11.4; 3.2; 4.7; 5.6; 3.2; 10.0; 12.2
307.8; 37.278; -0.1; 3.6; 4.8; -0.1; 8.5; 11.4; 3.2; 4.7; 5.6; 3.2; 10.0; 12.2
308.0; 37.304; -0.1; 3.6; 4.8; -0.1; 8.5; 11.4; 3.1; 4.7; 5.6; 3.1; 10.0; 12.2
308.2; 37.330; -0.1; 3.6; 4.8; -0.1; 8.6; 11.4; 3.1; 4.7; 5.6; 3.1; 10.1; 12.2
308.4; 37.356; -0.1; 3.6; 4.8; -0.1; 8.7; 11.5; 3.0; 4.7; 5.5; 3.0; 10.2; 12.3
308.6; 37.381; -0.1; 3.7; 4.7; -0.1; 8.9; 11.5; 2.8; 4.7; 5.5; 2.8; 10.4; 12.3
308.8; 37.407; -0.1; 3.7; 4.7; -0.1; 9.0; 11.6; 2.7; 4.7; 5.4; 2.7; 10.6; 12.3
309.0; 37.432; -0.1; 3.7; 4.7; -0.1; 9.0; 11.6; 2.5; 4.7; 5.4; 2.5; 10.7; 12.3
309.2; 37.457; -0.1; 3.7; 4.7; -0.1; 9.1; 11.7; 2.5; 4.7; 5.3; 2.5; 10.8; 12.3
309.4; 37.482; -0.1; 3.6; 4.7; -0.1; 9.0; 11.7; 2.4; 4.8; 5.4; 2.4; 10.8; 12.3
309.6; 37.507; -0.1; 3.6; 4.8; -0.1; 8.7; 11.6; 2.5; 4.8; 5.4; 2.5; 10.7; 12.3
309.8; 37.531; -0.1; 3.5; 4.8; -0.1; 8.3; 11.5; 2.8; 4.8; 5.5; 2.8; 10.4; 12.2
310.0; 37.556; -0.9; 3.6; 5.2; -0.9; 7.9; 11.6; 1.7; 4.6; 5.4; 1.7; 9.8; 11.8
310.2; 37.580; -2.2; 3.5; 5.4; -2.2; 7.3; 11.5; 3.0; 4.5; 5.6; 3.0; 9.3; 11.6
310.4; 37.604; -2.9; 3.3; 5.7; -2.9; 6.5; 11.2; 3.6; 4.4; 5.8; 3.6; 8.5; 11.4
310.6; 37.628; -3.7; 3.1; 6.0; -3.7; 5.5; 10.9; 4.3; 4.1; 6.1; 4.3; 7.4; 11.0
310.8; 37.652; -4.6; 2.7; 6.4; -4.6; 4.5; 10.6; 5.0; 3.7; 6.5; 5.0; 6.0; 10.6
311.0; 37.675; -5.3; 2.3; 6.8; -5.3; 3.5; 10.2; 5.7; 3.2; 6.9; 5.7; 4.7; 10.2
311.2; 37.699; -5.8; 1.9; 7.2; -5.8; 2.5; 9.8; 6.2; 2.6; 7.2; 6.2; 3.4; 9.8
311.4; 37.722; -6.1; 1.4; 7.6; -6.1; 1.8; 9.4; 6.4; 2.0; 7.6; 6.4; 2.4; 9.4
311.6; 37.745; -6.2; 1.0; 7.9; -6.2; 1.2; 9.2; 6.5; 1.4; 7.9; 6.5; 1.7; 9.2
311.8; 37.768; -6.1; 0.7; 8.1; -6.1; 0.8; 8.9; 6.4; 1.0; 8.1; 6.4; 1.1; 8.9
312.0; 37.791; -6.1; 0.4; 8.3; -6.1; 0.4; 8.8; 6.3; 0.6; 8.3; 6.3; 0.6; 8.8
312.2; 37.813; -6.0; 0.2; 8.4; -6.0; 0.2; 8.6; 6.3; 0.3; 8.4; 6.3; 0.3; 8.6
312.4; 37.836; -5.9; -0.0; 8.5; -5.9; -0.0; 8.5; 6.2; 0.1; 8.5; 6.2; 0.1; 8.5
312.6; 37.858; -5.9; -0.1; 8.6; -5.9; -0.1; 8.5; 6.2; -0.1; 8.6; 6.2; -0.1; 8.5
312.8; 37.880; -5.9; -0.2; 8.6; -5.9; -0.2; 8.4; 6.2; -0.2; 8.6; 6.2; -0.2; 8.4
313.0; 37.902; -6.0; -0.3; 8.7; -6.0; -0.3; 8.4; 6.2; -0.3; 8.7; 6.2; -0.3; 8.4
313.2; 37.924; -6.0; -0.3; 8.7; -6.0; -0.3; 8.3; 6.3; -0.4; 8.7; 6.3; -0.4; 8.3
313.4; 37.946; -6.0; -0.3; 8.7; -6.0; -0.3; 8.3; 6.3; -0.4; 8.7; 6.3; -0.4; 8.3
313.6; 37.968; -6.1; -0.3; 8.7; -6.1; -0.3; 8.3; 6.3; -0.4; 8.7; 6.3; -0.4; 8.3
313.8; 37.991; -6.1; -0.3; 8.7; -6.1; -0.3; 8.4; 6.4; -0.4; 8.7; 6.4; -0.4; 8.4
314.0; 38.013; -6.1; -0.3; 8.6; -6.1; -0.2; 8.4; 6.4; -0.3; 8.7; 6.4; -0.3; 8.4
314.2; 38.036; -6.1; -0.2; 8.6; -6.1; -0.2; 8.4; 6.4; -0.3; 8.6; 6.4; -0.3; 8.4
314.4; 38.059; -6.1; -0.2; 8.6; -6.1; -0.2; 8.4; 6.4; -0.2; 8.6; 6.4; -0.2; 8.4
314.6; 38.082; -6.1; -0.1; 8.6; -6.1; -0.1; 8.5; 6.4; -0.1; 8.6; 6.4; -0.1; 8.5
314.8; 38.105; -6.1; -0.0; 8.5; -6.1; -0.0; 8.5; 6.4; -0.1; 8.5; 6.4; -0.1; 8.5
315.0; 38.129; -6.1; 0.0; 8.5; -6.1; 0.0; 8.5; 6.4; -0.0; 8.5; 6.4; -0.0; 8.5
315.2; 38.153; -6.1; 0.0; 8.5; -6.1; 0.0; 8.5; 6.4; 0.0; 8.5; 6.4; 0.0; 8.5
315.4; 38.176; -6.1; 0.1; 8.5; -6.1; 0.1; 8.5; 6.4; 0.1; 8.5; 6.4; 0.1; 8.5
315.6; 38.200; -6.1; 0.1; 8.5; -6.1; 0.1; 8.6; 6.4; 0.1; 8.5; 6.4; 0.1; 8.6
315.8; 38.224; -6.1; 0.1; 8.5; -6.1; 0.1; 8.6; 6.4; 0.1; 8.5; 6.4; 0.1; 8.6
316.0; 38.248; -6.1; 0.1; 8.5; -6.1; 0.1; 8.6; 6.4; 0.1; 8.5; 6.4; 0.1; 8.6
316.2; 38.272; -6.2; 0.0; 8.5; -6.2; 0.0; 8.5; 6.4; 0.1; 8.5; 6.4; 0.1; 8.5
316.4; 38.297; -6.2; -0.1; 8.5; -6.2; -0.1; 8.5; 6.5; -0.0; 8.5; 6.5; -0.0; 8.5
316.6; 38.321; -6.3; -0.2; 8.6; -6.3; -0.2; 8.4; 6.6; -0.1; 8.6; 6.6; -0.1; 8.4
316.8; 38.345; -6.5; -0.3; 8.7; -6.5; -0.3; 8.4; 6.7; -0.3; 8.7; 6.7; -0.3; 8.4
317.0; 38.369; -6.6; -0.5; 8.7; -6.6; -0.5; 8.3; 6.9; -0.5; 8.7; 6.9; -0.5; 8.3
317.2; 38.394; -6.7; -0.7; 8.8; -6.7; -0.7; 8.2; 7.0; -0.7; 8.8; 7.0; -0.7; 8.2
317.4; 38.418; -6.8; -1.0; 9.0; -6.8; -0.9; 8.0; 7.1; -1.1; 9.0; 7.1; -0.9; 8.0
317.6; 38.442; -6.8; -1.3; 9.1; -6.8; -1.2; 7.9; 7.0; -1.4; 9.1; 7.0; -1.2; 7.9
317.8; 38.466; -6.7; -1.7; 9.3; -6.7; -1.4; 7.7; 6.9; -1.9; 9.3; 6.9; -1.6; 7.7
318.0; 38.490; -6.4; -2.2; 9.5; -6.4; -1.7; 7.5; 6.7; -2.4; 9.5; 6.7; -1.9; 7.5
318.2; 38.513; -6.1; -2.7; 9.7; -6.1; -2.0; 7.3; 6.4; -3.0; 9.7; 6.4; -2.3; 7.3
318.4; 38.537; -5.6; -3.3; 9.9; -5.6; -2.3; 7.1; 6.0; -3.6; 10.0; 6.0; -2.6; 7.1
318.6; 38.561; -4.5; -3.9; 10.2; -4.5; -2.6; 6.8; 4.9; -4.4; 10.2; 4.9; -3.0; 6.8
318.8; 38.585; -1.4; -4.6; 10.4; -1.4; -2.9; 6.5; 1.8; -5.2; 10.5; 1.8; -3.3; 6.6
319.0; 38.609; -0.4; -5.3; 10.7; -0.4; -3.1; 6.3; 0.9; -6.0; 10.8; 0.9; -3.6; 6.3
319.2; 38.632; -0.2; -6.0; 10.9; -0.2; -3.3; 6.0; 0.7; -6.9; 11.0; 0.7; -3.9; 6.1
319.4; 38.656; -0.2; -6.7; 11.2; -0.2; -3.4; 5.8; 0.7; -7.7; 11.2; 0.7; -4.1; 5.9
319.6; 38.680; -0.2; -7.3; 11.4; -0.2; -3.6; 5.6; 0.8; -8.5; 11.5; 0.8; -4.2; 5.7
319.8; 38.704; -0.2; -7.9; 11.5; -0.2; -3.7; 5.4; 0.8; -9.2; 11.7; 0.8; -4.4; 5.5
320.0; 38.727; -0.2; -8.3; 11.7; -0.2; -3.7; 5.2; 0.9; -9.8; 11.8; 0.9; -4.5; 5.3
320.2; 38.751; -0.2; -8.7; 11.8; -0.2; -3.8; 5.1; 1.0; -10.3; 11.9; 1.0; -4.5; 5.2
320.4; 38.774; -0.2; -9.0; 11.9; -0.2; -3.8; 5.0; 1.0; -10.7; 12.1; 1.0; -4.6; 5.1
320.6; 38.797; -0.2; -9.2; 11.9; -0.2; -3.8; 4.9; 1.1; -11.0; 12.1; 1.1; -4.6; 5.1
320.8; 38.820; -0.4; -9.4; 12.0; -0.4; -3.8; 4.8; 1.3; -11.2; 12.2; 1.3; -4.7; 5.0
321.0; 38.842; -0.5; -9.5; 12.0; -0.5; -3.8; 4.8; 1.5; -11.4; 12.2; 1.5; -4.7; 5.0
321.2; 38.864; -0.4; -9.6; 12.1; -0.4; -3.8; 4.7; 1.4; -11.6; 12.3; 1.4; -4.7; 5.0
321.4; 38.886; -0.3; -9.7; 12.1; -0.3; -3.8; 4.7; 1.4; -11.7; 12.3; 1.4; -4.7; 4.9
321.6; 38.907; -0.3; -9.7; 12.1; -0.3; -3.8; 4.7; 1.3; -11.8; 12.3; 1.3; -4.7; 4.9
321.8; 38.927; -0.2; -9.7; 12.1; -0.2; -3.8; 4.7; 1.2; -11.8; 12.3; 1.2; -4.8; 4.9
322.0; 38.946; -0.2; -9.7; 12.1; -0.2; -3.8; 4.7; 1.2; -11.9; 12.3; 1.2; -4.8; 4.9
322.2; 38.964; -0.1; -9.7; 12.1; -0.1; -3.8; 4.7; 1.2; -11.9; 12.3; 1.2; -4.8; 4.9
322.4; 38.981; -0.1; -9.7; 12.1; -0.1; -3.8; 4.7; 1.2; -11.9; 12.4; 1.2; -4.8; 4.9
322.6; 38.997; -0.1; -9.8; 12.1; -0.1; -3.8; 4.7; 1.2; -11.9; 12.4; 1.2; -4.8; 4.9
322.8; 39.012; -0.1; -9.8; 12.1; -0.1; -3.8; 4.7; 1.2; -11.9; 12.4; 1.2; -4.8; 4.9
323.0; 39.027; -0.1; -9.8; 12.1; -0.1; -3.8; 4.7; 1.2; -11.9; 12.4; 1.2; -4.8; 4.9
323.2; 39.043; -0.1; -9.8; 12.1; -0.1; -3.8; 4.7; 1.2; -11.9; 12.4; 1.2; -4.8; 4.9
323.4; 39.060; -0.1; -9.8; 12.1; -0.1; -3.8; 4.7; 1.2; -11.9; 12.4; 1.2; -4.8; 4.9
323.6; 39.079; -0.1; -9.8; 12.1; -0.1; -3.8; 4.7; 1.2; -11.9; 12.4; 1.2; -4.8; 4.9
323.8; 39.098; -0.1; -9.8; 12.1; -0.1; -3.8; 4.7; 1.2; -11.9; 12.4; 1.2; -4.8; 4.9
324.0; 39.118; -0.1; -9.8; 12.1; -0.1; -3.8; 4.7; 1.2; -11.9; 12.4; 1.2; -4.8; 4.9
324.2; 39.140; -0.1; -9.8; 12.1; -0.1; -3.8; 4.7; 1.2; -11.9; 12.4; 1.2; -4.8; 4.9
324.4; 39.162; -0.1; -9.8; 12.1; -0.1; -3.8; 4.7; 1.2; -11.9; 12.4; 1.2; -4.8; 4.9
324.6; 39.186; -0.1; -9.7; 12.1; -0.1; -3.8; 4.7; 1.2; -11.9; 12.4; 1.2; -4.8; 4.9
324.8; 39.210; -0.1; -9.6; 12.1; -0.1; -3.8; 4.7; 1.2; -11.9; 12.3; 1.2; -4.8; 4.9
325.0; 39.234; -0.2; -9.4; 12.1; -0.2; -3.7; 4.7; 1.3; -11.8; 12.3; 1.3; -4.8; 5.0
325.2; 39.259; -0.4; -9.2; 12.0; -0.4; -3.7; 4.8; 1.4; -11.6; 12.2; 1.4; -4.8; 5.0
325.4; 39.283; -0.6; -8.8; 11.9; -0.6; -3.6; 4.9; 1.6; -11.3; 12.1; 1.6; -4.8; 5.1
325.6; 39.308; -1.1; -8.2; 11.8; -1.1; -3.6; 5.1; 2.0; -10.7; 11.9; 2.0; -4.7; 5.3
325.8; 39.332; -1.8; -7.4; 11.5; -1.8; -3.4; 5.3; 2.5; -9.8; 11.7; 2.5; -4.6; 5.5
326.0; 39.357; -2.7; -6.3; 11.2; -2.7; -3.2; 5.7; 3.3; -8.5; 11.3; 3.3; -4.4; 5.8
326.2; 39.381; -3.7; -5.1; 10.8; -3.7; -2.9; 6.2; 4.2; -6.9; 10.9; 4.2; -4.0; 6.2
326.4; 39.405; -4.6; -3.9; 10.3; -4.6; -2.5; 6.6; 5.0; -5.2; 10.4; 5.0; -3.4; 6.7
326.6; 39.429; -5.3; -2.8; 9.9; -5.3; -2.0; 7.1; 5.7; -3.8; 9.9; 5.7; -2.7; 7.1
326.8; 39.453; -5.7; -2.1; 9.6; -5.7; -1.6; 7.5; 6.1; -2.7; 9.6; 6.1; -2.1; 7.5
327.0; 39.477; -6.0; -1.5; 9.3; -6.0; -1.2; 7.7; 6.3; -2.0; 9.3; 6.3; -1.6; 7.7
327.2; 39.501; -6.1; -1.1; 9.1; -6.1; -0.9; 7.9; 6.4; -1.4; 9.1; 6.4; -1.2; 7.9
327.4; 39.524; -6.1; -0.8; 8.9; -6.1; -0.7; 8.1; 6.4; -1.0; 8.9; 6.4; -0.9; 8.1
327.6; 39.548; -6.2; -0.5; 8.8; -6.2; -0.5; 8.2; 6.4; -0.7; 8.8; 6.4; -0.7; 8.2
327.8; 39.572; -6.2; -0.3; 8.7; -6.2; -0.3; 8.3; 6.4; -0.5; 8.7; 6.4; -0.5; 8.3
328.0; 39.595; -6.1; -0.2; 8.6; -6.1; -0.2; 8.4; 6.4; -0.3; 8.6; 6.4; -0.3; 8.4
328.2; 39.619; -6.1; -0.1; 8.6; -6.1; -0.1; 8.4; 6.4; -0.2; 8.6; 6.4; -0.2; 8.4
328.4; 39.642; -6.1; -0.0; 8.5; -6.1; -0.0; 8.5; 6.4; -0.1; 8.5; 6.4; -0.1; 8.5
328.6; 39.666; -6.1; 0.0; 8.5; -6.1; 0.0; 8.5; 6.4; 0.0; 8.5; 6.4; 0.0; 8.5
328.8; 39.689; -6.1; 0.1; 8.5; -6.1; 0.1; 8.5; 6.4; 0.1; 8.5; 6.4; 0.1; 8.5
329.0; 39.713; -6.1; 0.1; 8.5; -6.1; 0.1; 8.6; 6.4; 0.1; 8.5; 6.4; 0.1; 8.6
329.2; 39.736; -6.1; 0.1; 8.4; -6.1; 0.1; 8.6; 6.4; 0.2; 8.4; 6.4; 0.2; 8.6
329.4; 39.760; -6.1; 0.2; 8.4; -6.1; 0.2; 8.6; 6.4; 0.2; 8.4; 6.4; 0.2; 8.6
329.6; 39.783; -6.1; 0.2; 8.4; -6.1; 0.2; 8.6; 6.4; 0.2; 8.4; 6.4; 0.2; 8.6
329.8; 39.806; -6.1; 0.2; 8.4; -6.1; 0.2; 8.6; 6.4; 0.2; 8.4; 6.4; 0.2; 8.6
330.0; 39.830; -6.1; 0.2; 8.4; -6.1; 0.2; 8.6; 6.4; 0.2; 8.4; 6.4; 0.2; 8.6
330.2; 39.853; -6.1; 0.2; 8.4; -6.1; 0.2; 8.6; 6.4; 0.2; 8.4; 6.4; 0.2; 8.6
330.4; 39.877; -6.1; 0.2; 8.4; -6.1; 0.2; 8.6; 6.4; 0.2; 8.4; 6.4; 0.2; 8.6
330.6; 39.900; -6.1; 0.2; 8.4; -6.1; 0.2; 8.6; 6.4; 0.2; 8.4; 6.4; 0.2; 8.6
330.8; 39.923; -6.1; 0.2; 8.4; -6.1; 0.2; 8.6; 6.4; 0.2; 8.4; 6.4; 0.2; 8.6
331.0; 39.947; -6.1; 0.2; 8.4; -6.1; 0.2; 8.6; 6.4; 0.2; 8.4; 6.4; 0.2; 8.6
331.2; 39.970; -6.1; 0.1; 8.4; -6.1; 0.1; 8.6; 6.4; 0.2; 8.4; 6.4; 0.2; 8.6
331.4; 39.993; -6.1; 0.1; 8.4; -6.1; 0.1; 8.6; 6.4; 0.2; 8.4; 6.4; 0.2; 8.6
331.6; 40.017; -6.1; 0.1; 8.4; -6.1; 0.1; 8.6; 6.4; 0.2; 8.4; 6.4; 0.2; 8.6
331.8; 40.040; -6.1; 0.1; 8.4; -6.1; 0.1; 8.6; 6.4; 0.2; 8.4; 6.4; 0.2; 8.6
332.0; 40.063; -6.1; 0.1; 8.4; -6.1; 0.1; 8.6; 6.4; 0.2; 8.4; 6.4; 0.2; 8.6
332.2; 40.086; -6.1; 0.1; 8.4; -6.1; 0.1; 8.6; 6.4; 0.2; 8.4; 6.4; 0.2; 8.6
332.4; 40.110; -6.1; 0.1; 8.4; -6.1; 0.1; 8.6; 6.4; 0.2; 8.4; 6.4; 0.2; 8.6
332.6; 40.133; -6.1; 0.1; 8.4; -6.1; 0.2; 8.6; 6.4; 0.2; 8.4; 6.4; 0.2; 8.6
332.8; 40.156; -6.1; 0.2; 8.4; -6.1; 0.2; 8.6; 6.4; 0.2; 8.4; 6.4; 0.2; 8.6
333.0; 40.180; -6.1; 0.2; 8.4; -6.1; 0.2; 8.6; 6.4; 0.2; 8.4; 6.4; 0.2; 8.6
333.2; 40.203; -6.1; 0.2; 8.4; -6.1; 0.2; 8.6; 6.4; 0.2; 8.4; 6.4; 0.2; 8.6
333.4; 40.226; -6.1; 0.2; 8.4; -6.1; 0.2; 8.6; 6.4; 0.2; 8.4; 6.4; 0.2; 8.6
333.6; 40.249; -6.1; 0.2; 8.4; -6.1; 0.2; 8.6; 6.4; 0.2; 8.4; 6.4; 0.2; 8.6
333.8; 40.273; -6.1; 0.2; 8.4; -6.1; 0.2; 8.6; 6.4; 0.2; 8.4; 6.4; 0.3; 8.6
334.0; 40.296; -6.1; 0.2; 8.4; -6.1; 0.2; 8.6; 6.4; 0.3; 8.4; 6.4; 0.3; 8.6
334.2; 40.319; -6.1; 0.2; 8.4; -6.1; 0.2; 8.6; 6.4; 0.3; 8.4; 6.4; 0.3; 8.6
334.4; 40.342; -6.1; 0.2; 8.4; -6.1; 0.2; 8.6; 6.4; 0.3; 8.4; 6.4; 0.3; 8.6
334.6; 40.366; -6.1; 0.2; 8.4; -6.1; 0.2; 8.6; 6.4; 0.3; 8.4; 6.4; 0.3; 8.6
334.8; 40.389; -6.1; 0.2; 8.4; -6.1; 0.2; 8.6; 6.4; 0.3; 8.4; 6.4; 0.3; 8.6
335.0; 40.412; -6.1; 0.2; 8.4; -6.1; 0.2; 8.6; 6.4; 0.3; 8.4; 6.4; 0.3; 8.6
335.2; 40.436; -6.1; 0.2; 8.4; -6.1; 0.2; 8.6; 6.4; 0.3; 8.4; 6.4; 0.3; 8.6
335.4; 40.459; -6.1; 0.2; 8.4; -6.1; 0.2; 8.6; 6.4; 0.3; 8.4; 6.4; 0.3; 8.6
335.6; 40.482; -6.1; 0.2; 8.4; -6.1; 0.2; 8.6; 6.4; 0.3; 8.4; 6.4; 0.3; 8.6
335.8; 40.505; -6.1; 0.2; 8.4; -6.1; 0.2; 8.6; 6.4; 0.2; 8.4; 6.4; 0.2; 8.6
336.0; 40.529; -6.1; 0.2; 8.4; -6.1; 0.2; 8.6; 6.4; 0.2; 8.4; 6.4; 0.2; 8.6
336.2; 40.552; -6.1; 0.2; 8.4; -6.1; 0.2; 8.6; 6.4; 0.2; 8.4; 6.4; 0.2; 8.6
336.4; 40.575; -6.1; 0.1; 8.4; -6.1; 0.2; 8.6; 6.4; 0.2; 8.4; 6.4; 0.2; 8.6
336.6; 40.599; -6.1; 0.1; 8.4; -6.1; 0.1; 8.6; 6.4; 0.2; 8.4; 6.4; 0.2; 8.6
336.8; 40.622; -6.1; 0.1; 8.4; -6.1; 0.1; 8.6; 6.4; 0.1; 8.4; 6.4; 0.1; 8.6
337.0; 40.645; -6.1; 0.1; 8.5; -6.1; 0.1; 8.6; 6.4; 0.1; 8.5; 6.4; 0.1; 8.6
337.2; 40.669; -6.1; 0.1; 8.5; -6.1; 0.1; 8.6; 6.4; 0.1; 8.5; 6.4; 0.1; 8.6
337.4; 40.692; -6.1; 0.1; 8.5; -6.1; 0.1; 8.6; 6.4; 0.1; 8.5; 6.4; 0.1; 8.6
337.6; 40.715; -6.1; 0.1; 8.5; -6.1; 0.1; 8.5; 6.4; 0.1; 8.5; 6.4; 0.1; 8.5
337.8; 40.738; -6.1; 0.0; 8.5; -6.1; 0.0; 8.5; 6.4; 0.1; 8.5; 6.4; 0.1; 8.5
338.0; 40.762; -6.1; 0.0; 8.5; -6.1; 0.0; 8.5; 6.4; 0.0; 8.5; 6.4; 0.0; 8.5
338.2; 40.785; -6.1; 0.0; 8.5; -6.1; 0.0; 8.5; 6.4; 0.0; 8.5; 6.4; 0.0; 8.5
338.4; 40.808; -6.1; 0.0; 8.5; -6.1; 0.0; 8.5; 6.4; 0.0; 8.5; 6.4; 0.0; 8.5
338.6; 40.832; -6.1; 0.0; 8.5; -6.1; 0.0; 8.5; 6.4; 0.0; 8.5; 6.4; 0.0; 8.5
338.8; 40.855; -6.1; 0.0; 8.5; -6.1; 0.0; 8.5; 6.4; 0.0; 8.5; 6.4; 0.0; 8.5
339.0; 40.879; -6.1; 0.0; 8.5; -6.1; 0.0; 8.5; 6.4; 0.0; 8.5; 6.4; 0.0; 8.5
339.2; 40.902; -6.1; -0.0; 8.5; -6.1; -0.0; 8.5; 6.4; 0.0; 8.5; 6.4; 0.0; 8.5
339.4; 40.925; -6.1; -0.0; 8.5; -6.1; -0.0; 8.5; 6.4; -0.0; 8.5; 6.4; -0.0; 8.5
339.6; 40.949; -6.1; -0.0; 8.5; -6.1; -0.0; 8.5; 6.4; -0.0; 8.5; 6.4; -0.0; 8.5
339.8; 40.972; -6.1; -0.0; 8.5; -6.1; -0.0; 8.5; 6.4; -0.0; 8.5; 6.4; -0.0; 8.5
340.0; 40.995; -6.1; -0.0; 8.5; -6.1; -0.0; 8.5; 6.4; -0.0; 8.5; 6.4; -0.0; 8.5
340.2; 41.019; -6.1; -0.0; 8.5; -6.1; -0.0; 8.5; 6.4; -0.0; 8.5; 6.4; -0.0; 8.5
340.4; 41.042; -6.1; -0.0; 8.5; -6.1; -0.0; 8.5; 6.4; -0.0; 8.5; 6.4; -0.0; 8.5
340.6; 41.066; -6.1; -0.0; 8.5; -6.1; -0.0; 8.5; 6.4; -0.0; 8.5; 6.4; -0.0; 8.5
340.8; 41.089; -6.1; -0.0; 8.5; -6.1; -0.0; 8.5; 6.4; -0.0; 8.5; 6.4; -0.0; 8.5
341.0; 41.112; -6.1; -0.0; 8.5; -6.1; -0.0; 8.5; 6.4; -0.0; 8.5; 6.4; -0.0; 8.5
341.2; 41.136; -6.1; -0.0; 8.5; -6.1; -0.0; 8.5; 6.4; -0.0; 8.5; 6.4; -0.0; 8.5
341.4; 41.159; -6.1; -0.0; 8.5; -6.1; -0.0; 8.5; 6.4; -0.0; 8.5; 6.4; -0.0; 8.5
341.6; 41.183; -6.1; -0.0; 8.5; -6.1; -0.0; 8.5; 6.4; -0.0; 8.5; 6.4; -0.0; 8.5
341.8; 41.206; -6.1; -0.0; 8.5; -6.1; -0.0; 8.5; 6.4; -0.0; 8.5; 6.4; -0.0; 8.5
342.0; 41.230; -6.1; -0.0; 8.5; -6.1; -0.0; 8.5; 6.4; -0.0; 8.5; 6.4; -0.0; 8.5
342.2; 41.253; -6.1; -0.0; 8.5; -6.1; -0.0; 8.5; 6.4; -0.0; 8.5; 6.4; -0.0; 8.5
342.4; 41.277; -6.1; -0.0; 8.5; -6.1; -0.0; 8.5; 6.4; -0.0; 8.5; 6.4; -0.0; 8.5
342.6; 41.300; -6.1; -0.0; 8.5; -6.1; -0.0; 8.5; 6.4; -0.0; 8.5; 6.4; -0.0; 8.5
342.8; 41.323; -6.1; -0.0; 8.5; -6.1; -0.0; 8.5; 6.4; -0.0; 8.5; 6.4; -0.0; 8.5
343.0; 41.347; -6.1; -0.0; 8.5; -6.1; -0.0; 8.5; 6.4; -0.0; 8.5; 6.4; -0.0; 8.5
343.2; 41.370; -6.1; -0.0; 8.5; -6.1; -0.0; 8.5; 6.4; -0.0; 8.5; 6.4; -0.0; 8.5
343.4; 41.394; -6.1; -0.0; 8.5; -6.1; -0.0; 8.5; 6.4; -0.0; 8.5; 6.4; -0.0; 8.5
343.6; 41.417; -6.1; -0.0; 8.5; -6.1; -0.0; 8.5; 6.4; -0.0; 8.5; 6.4; -0.0; 8.5
343.8; 41.441; -6.1; -0.0; 8.5; -6.1; -0.0; 8.5; 6.4; -0.0; 8.5; 6.4; -0.0; 8.5
344.0; 41.464; -6.1; -0.0; 8.5; -6.1; -0.0; 8.5; 6.4; -0.0; 8.5; 6.4; -0.0; 8.5
344.2; 41.488; -6.1; 0.0; 8.5; -6.1; 0.0; 8.5; 6.4; -0.0; 8.5; 6.4; -0.0; 8.5
344.4; 41.511; -6.1; 0.0; 8.5; -6.1; 0.0; 8.5; 6.4; 0.0; 8.5; 6.4; 0.0; 8.5
344.6; 41.535; -6.1; 0.0; 8.5; -6.1; 0.0; 8.5; 6.4; 0.0; 8.5; 6.4; 0.0; 8.5
344.8; 41.558; -6.1; 0.0; 8.5; -6.1; 0.0; 8.5; 6.4; 0.0; 8.5; 6.4; 0.0; 8.5
345.0; 41.582; -6.1; 0.0; 8.5; -6.1; 0.0; 8.5; 6.4; 0.0; 8.5; 6.4; 0.0; 8.5
345.2; 41.606; -6.1; 0.0; 8.5; -6.1; 0.0; 8.5; 6.4; 0.0; 8.5; 6.4; 0.0; 8.5
345.4; 41.629; -6.1; 0.0; 8.5; -6.1; 0.0; 8.5; 6.4; 0.0; 8.5; 6.4; 0.0; 8.5
345.6; 41.653; -6.1; 0.0; 8.5; -6.1; 0.0; 8.5; 6.4; 0.0; 8.5; 6.4; 0.0; 8.5
345.8; 41.676; -6.1; 0.0; 8.5; -6.1; 0.0; 8.5; 6.4; 0.0; 8.5; 6.4; 0.0; 8.5
346.0; 41.700; -6.1; 0.0; 8.5; -6.1; 0.0; 8.5; 6.4; 0.0; 8.5; 6.4; 0.0; 8.5
346.2; 41.723; -6.1; 0.0; 8.5; -6.1; 0.0; 8.5; 6.4; 0.0; 8.5; 6.4; 0.0; 8.5
346.4; 41.747; -6.1; 0.0; 8.5; -6.1; 0.0; 8.5; 6.4; 0.0; 8.5; 6.4; 0.0; 8.5
346.6; 41.770; -6.1; 0.0; 8.5; -6.1; 0.0; 8.5; 6.4; 0.0; 8.5; 6.4; 0.0; 8.5
346.8; 41.794; -6.1; 0.0; 8.5; -6.1; 0.0; 8.5; 6.4; 0.0; 8.5; 6.4; 0.0; 8.5
347.0; 41.817; -6.1; -0.0; 8.5; -6.1; -0.0; 8.5; 6.4; -0.0; 8.5; 6.4; -0.0; 8.5
347.2; 41.841; -6.1; -0.0; 8.5; -6.1; -0.0; 8.5; 6.4; -0.0; 8.5; 6.4; -0.0; 8.5
347.4; 41.865; -6.1; -0.0; 8.5; -6.1; -0.0; 8.5; 6.4; -0.0; 8.5; 6.4; -0.0; 8.5
347.6; 41.888; -6.1; -0.0; 8.5; -6.1; -0.0; 8.5; 6.4; -0.0; 8.5; 6.4; -0.0; 8.5
347.8; 41.912; -6.1; -0.0; 8.5; -6.1; -0.0; 8.5; 6.4; -0.0; 8.5; 6.4; -0.0; 8.5
348.0; 41.935; -6.1; -0.0; 8.5; -6.1; -0.0; 8.5; 6.4; -0.0; 8.5; 6.4; -0.0; 8.5
348.2; 41.959; -6.1; -0.0; 8.5; -6.1; -0.0; 8.5; 6.4; -0.0; 8.5; 6.4; -0.0; 8.5
348.4; 41.982; -6.1; 0.0; 8.5; -6.1; 0.0; 8.5; 6.4; -0.0; 8.5; 6.4; -0.0; 8.5
348.6; 42.006; -6.1; 0.0; 8.5; -6.1; 0.0; 8.5; 6.4; 0.0; 8.5; 6.4; 0.0; 8.5
348.8; 42.030; -6.1; 0.0; 8.5; -6.1; 0.0; 8.5; 6.4; 0.0; 8.5; 6.4; 0.0; 8.5
349.0; 42.053; -6.1; 0.0; 8.5; -6.1; 0.0; 8.5; 6.4; 0.0; 8.5; 6.4; 0.0; 8.5
349.2; 42.077; -6.1; 0.0; 8.5; -6.1; 0.0; 8.5; 6.4; 0.0; 8.5; 6.4; 0.0; 8.5
349.4; 42.100; -6.1; 0.0; 8.5; -6.1; 0.0; 8.5; 6.4; 0.0; 8.5; 6.4; 0.0; 8.5
349.6; 42.124; -6.1; 0.0; 8.5; -6.1; 0.0; 8.5; 6.4; 0.0; 8.5; 6.4; 0.0; 8.5
349.8; 42.148; -6.1; 0.0; 8.5; -6.1; 0.0; 8.5; 6.4; 0.0; 8.5; 6.4; 0.0; 8.5
350.0; 42.171; -6.1; 0.0; 8.5; -6.1; 0.0; 8.5; 6.4; 0.0; 8.5; 6.4; 0.0; 8.5
350.2; 42.195; -6.1; 0.0; 8.5; -6.1; 0.0; 8.5; 6.4; 0.0; 8.5; 6.4; 0.0; 8.5
350.4; 42.218; -6.1; 0.0; 8.5; -6.1; 0.0; 8.5; 6.4; 0.0; 8.5; 6.4; 0.0; 8.5
350.6; 42.242; -6.1; 0.0; 8.5; -6.1; 0.0; 8.5; 6.4; 0.0; 8.5; 6.4; 0.0; 8.5
350.8; 42.266; -6.1; 0.0; 8.5; -6.1; 0.0; 8.5; 6.4; 0.0; 8.5; 6.4; 0.0; 8.5
351.0; 42.289; -6.1; 0.0; 8.5; -6.1; 0.0; 8.5; 6.4; 0.0; 8.5; 6.4; 0.0; 8.5
351.2; 42.313; -6.1; 0.0; 8.5; -6.1; 0.0; 8.5; 6.4; 0.0; 8.5; 6.4; 0.0; 8.5
351.4; 42.336; -6.1; 0.0; 8.5; -6.1; 0.0; 8.5; 6.4; 0.0; 8.5; 6.4; 0.0; 8.5
351.6; 42.360; -6.1; 0.0; 8.5; -6.1; 0.0; 8.5; 6.4; 0.0; 8.5; 6.4; 0.0; 8.5
351.8; 42.383; -6.1; 0.0; 8.5; -6.1; 0.0; 8.5; 6.4; 0.0; 8.5; 6.4; 0.0; 8.5
352.0; 42.407; -6.1; 0.0; 8.5; -6.1; 0.0; 8.5; 6.4; 0.0; 8.5; 6.4; 0.0; 8.5
352.2; 42.431; -6.1; 0.0; 8.5; -6.1; 0.0; 8.5; 6.4; 0.0; 8.5; 6.4; 0.0; 8.5
352.4; 42.454; -6.1; 0.0; 8.5; -6.1; 0.0; 8.5; 6.4; 0.0; 8.5; 6.4; 0.0; 8.5
352.6; 42.478; -6.1; 0.0; 8.5; -6.1; 0.0; 8.5; 6.4; 0.0; 8.5; 6.4; 0.0; 8.5
352.8; 42.501; -6.1; 0.0; 8.5; -6.1; 0.0; 8.5; 6.4; 0.0; 8.5; 6.4; 0.0; 8.5
353.0; 42.525; -6.1; 0.0; 8.5; -6.1; 0.0; 8.5; 6.4; 0.0; 8.5; 6.4; 0.0; 8.5
353.2; 42.548; -6.1; 0.0; 8.5; -6.1; 0.0; 8.5; 6.4; 0.0; 8.5; 6.4; 0.0; 8.5
353.4; 42.572; -6.1; 0.0; 8.5; -6.1; 0.0; 8.5; 6.4; 0.0; 8.5; 6.4; 0.0; 8.5
353.6; 42.596; -6.1; 0.0; 8.5; -6.1; 0.0; 8.5; 6.4; 0.0; 8.5; 6.4; 0.0; 8.5
353.8; 42.619; -6.1; 0.0; 8.5; -6.1; 0.0; 8.5; 6.4; 0.0; 8.5; 6.4; 0.0; 8.5
354.0; 42.643; -6.1; 0.0; 8.5; -6.1; 0.0; 8.5; 6.4; 0.0; 8.5; 6.4; 0.0; 8.5
354.2; 42.666; -6.1; 0.0; 8.5; -6.1; 0.0; 8.5; 6.4; 0.0; 8.5; 6.4; 0.0; 8.5
354.4; 42.690; -6.1; -0.0; 8.5; -6.1; -0.0; 8.5; 6.4; -0.0; 8.5; 6.4; -0.0; 8.5
354.6; 42.713; -6.1; -0.0; 8.5; -6.1; -0.0; 8.5; 6.4; -0.0; 8.5; 6.4; -0.0; 8.5
354.8; 42.737; -6.1; -0.0; 8.5; -6.1; -0.0; 8.5; 6.4; -0.0; 8.5; 6.4; -0.0; 8.5
355.0; 42.760; -6.1; -0.0; 8.5; -6.1; -0.0; 8.5; 6.4; -0.0; 8.5; 6.4; -0.0; 8.5
355.2; 42.784; -6.1; -0.0; 8.5; -6.1; -0.0; 8.5; 6.4; -0.1; 8.5; 6.4; -0.1; 8.5
355.4; 42.807; -6.1; -0.1; 8.5; -6.1; -0.1; 8.5; 6.4; -0.1; 8.5; 6.4; -0.1; 8.5
355.6; 42.831; -6.1; -0.1; 8.6; -6.1; -0.1; 8.5; 6.4; -0.1; 8.6; 6.4; -0.1; 8.5
355.8; 42.855; -6.1; -0.1; 8.6; -6.1; -0.1; 8.5; 6.4; -0.1; 8.6; 6.4; -0.1; 8.5
356.0; 42.878; -6.1; -0.1; 8.6; -6.1; -0.1; 8.4; 6.4; -0.1; 8.6; 6.4; -0.1; 8.4
356.2; 42.902; -6.1; -0.2; 8.6; -6.1; -0.2; 8.4; 6.4; -0.2; 8.6; 6.4; -0.2; 8.4
356.4; 42.925; -6.1; -0.2; 8.6; -6.1; -0.2; 8.4; 6.4; -0.2; 8.6; 6.4; -0.2; 8.4
356.6; 42.949; -6.1; -0.2; 8.6; -6.1; -0.2; 8.4; 6.4; -0.2; 8.6; 6.4; -0.2; 8.4
356.8; 42.972; -6.1; -0.2; 8.6; -6.1; -0.2; 8.4; 6.4; -0.3; 8.6; 6.4; -0.3; 8.4
357.0; 42.996; -6.1; -0.3; 8.6; -6.1; -0.3; 8.4; 6.4; -0.3; 8.6; 6.4; -0.3; 8.4
357.2; 43.019; -6.1; -0.3; 8.7; -6.1; -0.3; 8.4; 6.4; -0.3; 8.7; 6.4; -0.3; 8.4
357.4; 43.043; -6.1; -0.3; 8.7; -6.1; -0.3; 8.3; 6.4; -0.4; 8.7; 6.4; -0.4; 8.3
357.6; 43.066; -6.1; -0.4; 8.7; -6.1; -0.3; 8.3; 6.4; -0.4; 8.7; 6.4; -0.4; 8.3
357.8; 43.090; -6.1; -0.4; 8.7; -6.1; -0.4; 8.3; 6.3; -0.4; 8.7; 6.3; -0.4; 8.3
358.0; 43.113; -6.0; -0.4; 8.7; -6.0; -0.4; 8.3; 6.3; -0.5; 8.7; 6.3; -0.4; 8.3
358.2; 43.137; -6.0; -0.4; 8.7; -6.0; -0.4; 8.3; 6.3; -0.5; 8.7; 6.3; -0.5; 8.3
358.4; 43.161; -6.0; -0.4; 8.7; -6.0; -0.4; 8.3; 6.3; -0.5; 8.7; 6.3; -0.5; 8.3
358.6; 43.184; -6.0; -0.4; 8.7; -6.0; -0.4; 8.3; 6.3; -0.5; 8.7; 6.3; -0.5; 8.3
358.8; 43.208; -6.0; -0.4; 8.7; -6.0; -0.4; 8.3; 6.3; -0.5; 8.7; 6.3; -0.5; 8.3
359.0; 43.231; -6.0; -0.4; 8.7; -6.0; -0.3; 8.3; 6.3; -0.4; 8.7; 6.3; -0.4; 8.3
359.2; 43.255; -6.0; -0.3; 8.7; -6.0; -0.3; 8.3; 6.3; -0.4; 8.7; 6.3; -0.4; 8.3
359.4; 43.278; -6.1; -0.2; 8.6; -6.1; -0.2; 8.4; 6.3; -0.3; 8.6; 6.3; -0.3; 8.4
359.6; 43.302; -6.1; -0.1; 8.6; -6.1; -0.1; 8.4; 6.4; -0.2; 8.6; 6.4; -0.2; 8.4
359.8; 43.325; -6.2; -0.0; 8.5; -6.2; -0.0; 8.5; 6.5; -0.1; 8.5; 6.5; -0.1; 8.5
360.0; 43.349; -6.4; 0.1; 8.5; -6.4; 0.2; 8.6; 6.6; 0.1; 8.5; 6.6; 0.1; 8.6
360.2; 43.372; -6.5; 0.3; 8.4; -6.5; 0.3; 8.7; 6.8; 0.3; 8.4; 6.8; 0.3; 8.7
360.4; 43.396; -6.6; 0.5; 8.2; -6.6; 0.6; 8.8; 6.9; 0.5; 8.2; 6.9; 0.6; 8.8
360.6; 43.419; -6.7; 0.8; 8.1; -6.7; 0.8; 8.9; 7.0; 0.8; 8.1; 7.0; 0.9; 8.9
360.8; 43.443; -6.8; 1.0; 8.0; -6.8; 1.2; 9.1; 7.0; 1.1; 8.0; 7.0; 1.2; 9.1
361.0; 43.467; -6.7; 1.3; 7.8; -6.7; 1.6; 9.2; 7.0; 1.4; 7.8; 7.0; 1.7; 9.2
361.2; 43.490; -6.5; 1.6; 7.6; -6.5; 2.0; 9.4; 6.8; 1.7; 7.6; 6.8; 2.2; 9.4
361.4; 43.514; -6.2; 1.9; 7.4; -6.2; 2.5; 9.6; 6.6; 2.1; 7.4; 6.6; 2.7; 9.6
361.6; 43.537; -5.8; 2.2; 7.2; -5.8; 3.0; 9.8; 6.2; 2.5; 7.2; 6.2; 3.3; 9.9
361.8; 43.561; -5.1; 2.5; 6.9; -5.1; 3.7; 10.1; 5.5; 2.8; 6.9; 5.5; 4.1; 10.1
362.0; 43.584; -2.8; 2.8; 6.7; -2.8; 4.3; 10.3; 3.2; 3.2; 6.7; 3.2; 4.8; 10.4
362.2; 43.608; -0.7; 3.0; 6.4; -0.7; 5.0; 10.6; 1.1; 3.5; 6.4; 1.1; 5.7; 10.6
362.4; 43.631; -0.3; 3.2; 6.1; -0.3; 5.7; 10.8; 0.8; 3.8; 6.2; 0.8; 6.5; 10.9
362.6; 43.655; -0.2; 3.4; 5.9; -0.2; 6.4; 11.1; 0.7; 4.0; 6.0; 0.7; 7.4; 11.2
362.8; 43.678; -0.2; 3.5; 5.6; -0.2; 7.0; 11.3; 0.8; 4.2; 5.7; 0.8; 8.2; 11.4
363.0; 43.702; -0.2; 3.6; 5.4; -0.2; 7.6; 11.5; 0.8; 4.3; 5.6; 0.8; 8.9; 11.6
363.2; 43.726; -0.2; 3.7; 5.3; -0.2; 8.1; 11.6; 0.9; 4.4; 5.4; 0.9; 9.5; 11.8
363.4; 43.749; -0.2; 3.7; 5.1; -0.2; 8.6; 11.7; 0.9; 4.5; 5.3; 0.9; 10.1; 11.9
363.6; 43.773; -0.2; 3.8; 5.0; -0.2; 8.9; 11.8; 1.0; 4.6; 5.2; 1.0; 10.5; 12.0
363.8; 43.796; -0.2; 3.8; 4.9; -0.2; 9.2; 11.9; 1.1; 4.6; 5.1; 1.1; 10.9; 12.1
364.0; 43.820; -0.3; 3.8; 4.8; -0.3; 9.4; 12.0; 1.2; 4.7; 5.0; 1.2; 11.2; 12.2
364.2; 43.843; -0.5; 3.8; 4.8; -0.5; 9.5; 12.0; 1.4; 4.7; 5.0; 1.4; 11.4; 12.2
364.4; 43.866; -0.5; 3.8; 4.7; -0.5; 9.6; 12.1; 1.4; 4.7; 5.0; 1.4; 11.6; 12.3
364.6; 43.890; -0.4; 3.8; 4.7; -0.4; 9.7; 12.1; 1.4; 4.7; 4.9; 1.4; 11.7; 12.3
364.8; 43.912; -0.3; 3.8; 4.7; -0.3; 9.7; 12.1; 1.3; 4.7; 4.9; 1.3; 11.8; 12.3
365.0; 43.935; -0.2; 3.8; 4.7; -0.2; 9.7; 12.1; 1.2; 4.7; 4.9; 1.2; 11.8; 12.3
365.2; 43.957; -0.2; 3.8; 4.7; -0.2; 9.8; 12.1; 1.2; 4.8; 4.9; 1.2; 11.9; 12.3
365.4; 43.979; -0.1; 3.8; 4.7; -0.1; 9.8; 12.1; 1.2; 4.8; 4.9; 1.2; 11.9; 12.4
365.6; 44.001; -0.1; 3.8; 4.7; -0.1; 9.8; 12.1; 1.2; 4.8; 4.9; 1.2; 11.9; 12.4
365.8; 44.022; -0.1; 3.8; 4.7; -0.1; 9.8; 12.1; 1.2; 4.8; 4.9; 1.2; 11.9; 12.4
366.0; 44.043; -0.1; 3.8; 4.7; -0.1; 9.8; 12.1; 1.2; 4.8; 4.9; 1.2; 11.9; 12.4
366.2; 44.063; -0.1; 3.8; 4.7; -0.1; 9.8; 12.1; 1.2; 4.8; 4.9; 1.2; 11.9; 12.4
366.4; 44.083; -0.1; 3.8; 4.7; -0.1; 9.8; 12.1; 1.2; 4.8; 4.9; 1.2; 11.9; 12.4
366.6; 44.103; -0.1; 3.8; 4.7; -0.1; 9.8; 12.1; 1.2; 4.8; 4.9; 1.2; 11.9; 12.4
366.8; 44.123; -0.1; 3.8; 4.7; -0.1; 9.8; 12.1; 1.2; 4.8; 4.9; 1.2; 11.9; 12.4
367.0; 44.142; -0.1; 3.8; 4.7; -0.1; 9.8; 12.1; 1.2; 4.8; 4.9; 1.2; 11.9; 12.4
367.2; 44.162; -0.1; 3.8; 4.7; -0.1; 9.8; 12.1; 1.2; 4.8; 4.9; 1.2; 11.9; 12.4
367.4; 44.182; -0.1; 3.8; 4.7; -0.1; 9.8; 12.1; 1.2; 4.8; 4.9; 1.2; 11.9; 12.4
367.6; 44.203; -0.1; 3.8; 4.7; -0.1; 9.8; 12.1; 1.2; 4.8; 4.9; 1.2; 11.9; 12.4
367.8; 44.224; -0.1; 3.8; 4.7; -0.1; 9.8; 12.1; 1.2; 4.8; 4.9; 1.2; 11.9; 12.4
368.0; 44.245; -0.1; 3.8; 4.7; -0.1; 9.8; 12.1; 1.2; 4.8; 4.9; 1.2; 11.9; 12.4
368.2; 44.266; -0.1; 3.8; 4.7; -0.1; 9.8; 12.1; 1.2; 4.8; 4.9; 1.2; 11.9; 12.4
368.4; 44.287; -0.1; 3.8; 4.7; -0.1; 9.8; 12.1; 1.2; 4.8; 4.9; 1.2; 11.9; 12.4
368.6; 44.309; -0.1; 3.8; 4.7; -0.1; 9.8; 12.1; 1.2; 4.8; 4.9; 1.2; 11.9; 12.4
368.8; 44.331; -0.1; 3.8; 4.7; -0.1; 9.8; 12.1; 1.2; 4.8; 4.9; 1.2; 11.9; 12.4
369.0; 44.353; -0.1; 3.8; 4.7; -0.1; 9.8; 12.1; 1.2; 4.8; 4.9; 1.2; 11.9; 12.4
369.2; 44.375; -0.1; 3.8; 4.7; -0.1; 9.8; 12.1; 1.2; 4.8; 4.9; 1.2; 11.9; 12.4
369.4; 44.397; -0.1; 3.8; 4.7; -0.1; 9.8; 12.1; 1.2; 4.8; 4.9; 1.2; 11.9; 12.4
369.6; 44.420; -0.1; 3.8; 4.7; -0.1; 9.8; 12.1; 1.2; 4.8; 4.9; 1.2; 11.9; 12.4
369.8; 44.442; -0.1; 3.8; 4.7; -0.1; 9.8; 12.1; 1.2; 4.8; 4.9; 1.2; 11.9; 12.4
370.0; 44.465; -0.1; 3.8; 4.7; -0.1; 9.8; 12.1; 1.2; 4.8; 4.9; 1.2; 11.9; 12.4
370.2; 44.488; -0.1; 3.8; 4.7; -0.1; 9.8; 12.1; 1.2; 4.8; 4.9; 1.2; 11.9; 12.4
370.4; 44.510; -0.1; 3.8; 4.7; -0.1; 9.9; 12.1; 1.2; 4.7; 4.9; 1.2; 11.9; 12.4
370.6; 44.533; -0.1; 3.8; 4.7; -0.1; 9.9; 12.1; 1.2; 4.7; 4.9; 1.2; 11.9; 12.4
370.8; 44.556; -0.1; 3.8; 4.7; -0.1; 9.9; 12.1; 1.1; 4.8; 4.9; 1.1; 12.0; 12.4
371.0; 44.579; -0.1; 3.8; 4.7; -0.1; 9.8; 12.1; 1.1; 4.8; 4.9; 1.1; 12.0; 12.4
371.2; 44.601; -0.1; 3.8; 4.7; -0.1; 9.7; 12.1; 1.2; 4.8; 4.9; 1.2; 11.9; 12.3
371.4; 44.624; -0.1; 3.7; 4.7; -0.1; 9.4; 12.0; 1.3; 4.8; 5.0; 1.3; 11.8; 12.3
371.6; 44.647; -0.2; 3.7; 4.8; -0.2; 9.1; 12.0; 1.3; 4.8; 5.0; 1.3; 11.6; 12.2
371.8; 44.670; -0.5; 3.6; 5.0; -0.5; 8.5; 11.9; 1.4; 4.8; 5.2; 1.4; 11.2; 12.1
372.0; 44.693; -1.0; 3.4; 5.2; -1.0; 7.6; 11.6; 1.9; 4.8; 5.4; 1.9; 10.4; 11.8
372.2; 44.717; -2.1; 3.2; 5.6; -2.1; 6.3; 11.3; 2.8; 4.6; 5.7; 2.8; 9.0; 11.4
372.4; 44.740; -3.6; 2.7; 6.2; -3.6; 4.5; 10.7; 4.1; 4.0; 6.3; 4.1; 6.8; 10.8
372.6; 44.763; -5.1; 1.9; 7.0; -5.1; 2.7; 9.9; 5.5; 3.0; 7.1; 5.5; 4.2; 10.0
372.8; 44.787; -6.1; 0.8; 7.8; -6.1; 1.0; 9.2; 6.4; 1.6; 7.9; 6.4; 1.9; 9.2
373.0; 44.810; -6.4; -0.3; 8.5; -6.4; -0.3; 8.5; 6.6; 0.2; 8.5; 6.6; 0.2; 8.5
373.2; 44.833; -5.7; -1.4; 9.1; -5.7; -1.2; 7.9; 6.0; -1.2; 9.1; 6.0; -1.1; 7.9
373.4; 44.857; -3.9; -2.5; 9.6; -3.9; -1.9; 7.4; 4.2; -2.5; 9.6; 4.2; -2.0; 7.4
373.6; 44.880; -1.1; -3.5; 10.0; -1.1; -2.4; 7.0; 1.4; -3.8; 10.0; 1.4; -2.7; 7.0
373.8; 44.904; -0.4; -4.4; 10.4; -0.4; -2.8; 6.6; 0.8; -4.9; 10.4; 0.8; -3.2; 6.6
374.0; 44.928; -0.2; -5.4; 10.7; -0.2; -3.1; 6.2; 0.7; -6.1; 10.8; 0.7; -3.6; 6.3
374.2; 44.951; -0.2; -6.2; 11.0; -0.2; -3.4; 5.9; 0.7; -7.1; 11.1; 0.7; -3.9; 6.0
374.4; 44.975; -0.2; -7.0; 11.3; -0.2; -3.5; 5.7; 0.7; -8.1; 11.4; 0.7; -4.2; 5.8
374.6; 44.999; -0.1; -7.7; 11.5; -0.1; -3.6; 5.4; 0.8; -8.9; 11.6; 0.8; -4.3; 5.5
374.8; 45.023; -0.1; -8.3; 11.7; -0.1; -3.7; 5.2; 0.9; -9.6; 11.8; 0.9; -4.4; 5.4
375.0; 45.047; -0.1; -8.7; 11.8; -0.1; -3.8; 5.1; 0.9; -10.2; 11.9; 0.9; -4.5; 5.2
375.2; 45.071; -0.2; -9.1; 11.9; -0.2; -3.8; 4.9; 1.0; -10.7; 12.1; 1.0; -4.6; 5.1
375.4; 45.095; -0.2; -9.4; 12.0; -0.2; -3.8; 4.9; 1.1; -11.1; 12.2; 1.1; -4.6; 5.0
375.6; 45.119; -0.2; -9.6; 12.0; -0.2; -3.8; 4.8; 1.2; -11.4; 12.2; 1.2; -4.7; 5.0
375.8; 45.143; -0.3; -9.7; 12.1; -0.3; -3.8; 4.7; 1.3; -11.6; 12.3; 1.3; -4.7; 4.9
376.0; 45.168; -0.2; -9.8; 12.1; -0.2; -3.8; 4.7; 1.2; -11.8; 12.3; 1.2; -4.7; 4.9
376.2; 45.192; -0.1; -9.9; 12.1; -0.1; -3.8; 4.6; 1.2; -11.9; 12.4; 1.2; -4.7; 4.9
376.4; 45.216; -0.1; -9.9; 12.2; -0.1; -3.8; 4.7; 1.0; -12.0; 12.4; 1.0; -4.7; 4.9
376.6; 45.241; -0.1; -9.9; 12.2; -0.1; -3.8; 4.7; 0.9; -12.1; 12.4; 0.9; -4.7; 4.8
376.8; 45.266; -0.1; -9.9; 12.2; -0.1; -3.8; 4.7; 0.8; -12.1; 12.3; 0.8; -4.7; 4.8
377.0; 45.291; -0.1; -9.8; 12.2; -0.1; -3.8; 4.7; 0.8; -12.1; 12.3; 0.8; -4.7; 4.8
377.2; 45.316; -0.1; -9.7; 12.2; -0.1; -3.8; 4.7; 0.8; -12.1; 12.3; 0.8; -4.8; 4.8
377.4; 45.341; -0.1; -9.4; 12.1; -0.1; -3.7; 4.7; 0.9; -12.0; 12.3; 0.9; -4.8; 4.9
377.6; 45.366; -0.1; -9.0; 12.0; -0.1; -3.6; 4.8; 1.2; -11.8; 12.2; 1.2; -4.9; 5.0
377.8; 45.391; -4.3; -8.7; 12.8; -4.3; -4.1; 5.9; -0.9; -10.8; 11.1; -0.9; -4.2; 4.3
378.0; 45.416; -4.4; -8.5; 12.7; -4.4; -4.0; 6.0; -0.8; -10.8; 11.1; -0.8; -4.2; 4.3
378.2; 45.442; -4.4; -8.4; 12.7; -4.4; -4.0; 5.9; -0.8; -10.9; 11.1; -0.8; -4.2; 4.3
378.4; 45.468; -4.4; -8.4; 12.7; -4.4; -4.0; 5.9; -0.7; -10.9; 11.1; -0.7; -4.3; 4.3
378.6; 45.495; -4.4; -8.4; 12.7; -4.4; -4.0; 5.9; -0.6; -11.0; 11.1; -0.6; -4.3; 4.3
378.8; 45.521; -4.3; -8.4; 12.7; -4.3; -4.0; 5.9; -0.6; -11.0; 11.1; -0.6; -4.3; 4.3
379.0; 45.548; -4.3; -8.4; 12.7; -4.3; -4.0; 5.9; -0.6; -11.0; 11.1; -0.6; -4.3; 4.3
379.2; 45.575; -4.3; -8.5; 12.7; -4.3; -4.0; 5.9; -0.6; -11.0; 11.2; -0.6; -4.3; 4.3
379.4; 45.602; -4.3; -8.5; 12.7; -4.3; -4.0; 5.9; -0.5; -11.0; 11.2; -0.5; -4.3; 4.3
379.6; 45.629; -4.3; -8.5; 12.7; -4.3; -4.0; 5.8; -0.5; -11.1; 11.2; -0.5; -4.3; 4.3
379.8; 45.656; -4.2; -8.5; 12.7; -4.2; -4.0; 5.8; -0.5; -11.1; 11.2; -0.5; -4.3; 4.3
380.0; 45.683; -4.2; -8.6; 12.7; -4.2; -4.0; 5.8; -0.5; -11.1; 11.2; -0.5; -4.3; 4.3
380.2; 45.711; -4.2; -8.6; 12.7; -4.2; -4.0; 5.8; -0.5; -11.1; 11.2; -0.5; -4.3; 4.3
380.4; 45.739; -4.1; -8.7; 12.7; -4.1; -4.0; 5.8; -0.4; -11.2; 11.2; -0.4; -4.3; 4.3
380.6; 45.766; -4.1; -8.7; 12.7; -4.1; -4.0; 5.7; -0.4; -11.2; 11.3; -0.4; -4.3; 4.3
380.8; 45.794; -4.0; -8.8; 12.7; -4.0; -4.0; 5.7; -0.3; -11.2; 11.3; -0.3; -4.3; 4.3
381.0; 45.821; -4.0; -8.9; 12.7; -4.0; -4.1; 5.7; -0.3; -11.3; 11.4; -0.3; -4.3; 4.3
381.2; 45.849; -3.8; -9.1; 12.7; -3.8; -4.1; 5.6; -0.2; -11.4; 11.4; -0.2; -4.3; 4.3
381.4; 45.877; -3.7; -9.3; 12.7; -3.7; -4.1; 5.5; -0.1; -11.5; 11.5; -0.1; -4.3; 4.3
381.6; 45.904; -3.5; -9.5; 12.7; -3.5; -4.2; 5.5; -0.1; -11.5; 11.6; -0.1; -4.3; 4.3
381.8; 45.932; -0.1; -9.7; 12.3; -0.1; -3.8; 4.8; 0.1; -12.2; 12.2; 0.1; -4.7; 4.7
382.0; 45.959; -0.1; -9.8; 12.3; -0.1; -3.9; 4.8; 0.1; -12.3; 12.3; 0.1; -4.7; 4.7
382.2; 45.986; -0.1; -9.9; 12.3; -0.1; -3.9; 4.8; 0.1; -12.3; 12.3; 0.1; -4.7; 4.7
382.4; 46.013; -0.1; -9.9; 12.3; -0.1; -3.9; 4.8; 0.1; -12.2; 12.3; 0.1; -4.7; 4.7
382.6; 46.040; -0.1; -9.9; 12.3; -0.1; -3.9; 4.8; 0.1; -12.2; 12.3; 0.1; -4.7; 4.7
382.8; 46.067; -0.1; -9.9; 12.3; -0.1; -3.9; 4.8; 0.1; -12.2; 12.3; 0.1; -4.7; 4.7
383.0; 46.093; -0.1; -9.9; 12.3; -0.1; -3.9; 4.7; 0.2; -12.2; 12.3; 0.2; -4.7; 4.7
383.2; 46.119; -0.1; -9.9; 12.3; -0.1; -3.9; 4.7; 0.2; -12.2; 12.3; 0.2; -4.7; 4.7
383.4; 46.145; -0.1; -9.9; 12.3; -0.1; -3.9; 4.7; 0.3; -12.2; 12.3; 0.3; -4.7; 4.7
383.6; 46.171; -0.1; -9.9; 12.3; -0.1; -3.8; 4.7; 0.3; -12.2; 12.3; 0.3; -4.7; 4.7
383.8; 46.196; -0.1; -10.0; 12.3; -0.1; -3.8; 4.7; 0.4; -12.2; 12.3; 0.4; -4.7; 4.7
384.0; 46.221; -0.1; -10.0; 12.3; -0.1; -3.8; 4.7; 0.5; -12.2; 12.3; 0.5; -4.7; 4.8
384.2; 46.246; -0.1; -10.0; 12.3; -0.1; -3.8; 4.7; 0.5; -12.2; 12.3; 0.5; -4.7; 4.8
384.4; 46.270; -0.1; -10.0; 12.2; -0.1; -3.8; 4.7; 0.6; -12.2; 12.3; 0.6; -4.7; 4.8
384.6; 46.293; -0.1; -10.0; 12.2; -0.1; -3.8; 4.7; 0.6; -12.2; 12.3; 0.6; -4.7; 4.8
384.8; 46.317; -0.1; -10.0; 12.2; -0.1; -3.8; 4.7; 0.7; -12.2; 12.4; 0.7; -4.7; 4.8
385.0; 46.340; -0.1; -10.0; 12.2; -0.1; -3.8; 4.7; 0.7; -12.1; 12.4; 0.7; -4.7; 4.8
385.2; 46.363; -0.1; -10.0; 12.2; -0.1; -3.8; 4.7; 0.8; -12.1; 12.4; 0.8; -4.8; 4.8
385.4; 46.386; -0.1; -9.9; 12.2; -0.1; -3.8; 4.7; 0.9; -12.1; 12.4; 0.9; -4.8; 4.8
385.6; 46.410; -0.1; -9.9; 12.2; -0.1; -3.8; 4.7; 0.9; -12.0; 12.4; 0.9; -4.8; 4.9
385.8; 46.433; -0.1; -9.9; 12.2; -0.1; -3.8; 4.6; 1.0; -12.0; 12.4; 1.0; -4.8; 4.9
386.0; 46.458; -0.1; -9.9; 12.1; -0.1; -3.8; 4.6; 1.1; -12.0; 12.4; 1.1; -4.8; 4.9
386.2; 46.482; -0.1; -9.9; 12.1; -0.1; -3.8; 4.6; 1.1; -11.9; 12.4; 1.1; -4.8; 4.9
386.4; 46.507; -0.1; -9.8; 12.1; -0.1; -3.8; 4.6; 1.2; -11.9; 12.4; 1.2; -4.8; 4.9
386.6; 46.533; -0.1; -9.8; 12.1; -0.1; -3.8; 4.6; 1.3; -11.8; 12.4; 1.3; -4.8; 5.0
386.8; 46.558; -0.1; -9.7; 12.0; -0.1; -3.8; 4.6; 1.4; -11.7; 12.4; 1.4; -4.8; 5.0
387.0; 46.584; -0.1; -9.7; 12.0; -0.1; -3.7; 4.6; 1.5; -11.7; 12.4; 1.5; -4.8; 5.0
387.2; 46.610; -0.1; -9.6; 12.0; -0.1; -3.7; 4.6; 1.6; -11.6; 12.4; 1.6; -4.8; 5.1
387.4; 46.636; -0.1; -9.6; 11.9; -0.1; -3.7; 4.7; 1.7; -11.5; 12.4; 1.7; -4.8; 5.1
387.6; 46.662; -0.1; -9.5; 11.9; -0.1; -3.7; 4.7; 1.8; -11.4; 12.4; 1.8; -4.8; 5.1
387.8; 46.689; -0.1; -9.4; 11.8; -0.1; -3.7; 4.7; 2.0; -11.3; 12.4; 2.0; -4.8; 5.2
388.0; 46.716; -0.1; -9.3; 11.8; -0.1; -3.7; 4.7; 2.1; -11.1; 12.3; 2.1; -4.8; 5.2
388.2; 46.743; -0.1; -9.2; 11.7; -0.1; -3.7; 4.7; 2.2; -11.0; 12.3; 2.2; -4.8; 5.3
388.4; 46.770; -0.1; -9.1; 11.7; -0.1; -3.6; 4.7; 2.4; -10.8; 12.3; 2.4; -4.8; 5.3
388.6; 46.798; -0.1; -8.9; 11.6; -0.1; -3.6; 4.7; 2.6; -10.6; 12.3; 2.6; -4.8; 5.4
388.8; 46.826; -0.1; -8.7; 11.5; -0.1; -3.6; 4.7; 2.8; -10.4; 12.3; 2.8; -4.8; 5.5
389.0; 46.854; -0.1; -8.5; 11.4; -0.1; -3.5; 4.8; 3.0; -10.1; 12.2; 3.0; -4.7; 5.6
389.2; 46.883; -0.1; -8.3; 11.3; -0.1; -3.5; 4.8; 3.3; -9.8; 12.2; 3.3; -4.7; 5.7
389.4; 46.912; -0.1; -8.0; 11.2; -0.1; -3.5; 4.9; 3.5; -9.5; 12.2; 3.5; -4.7; 5.9
389.6; 46.941; -0.1; -7.7; 11.0; -0.1; -3.4; 4.9; 3.8; -9.1; 12.1; 3.8; -4.6; 6.0
389.8; 46.971; -0.1; -7.4; 10.9; -0.1; -3.4; 5.0; 4.1; -8.8; 12.1; 4.1; -4.5; 6.1
390.0; 47.000; -0.1; -7.1; 10.7; -0.1; -3.3; 5.0; 4.4; -8.4; 12.0; 4.4; -4.5; 6.3
390.2; 47.030; -0.1; -6.8; 10.6; -0.1; -3.2; 5.1; 4.7; -8.0; 11.9; 4.7; -4.4; 6.4
390.4; 47.059; -0.1; -6.5; 10.5; -0.1; -3.2; 5.1; 4.9; -7.6; 11.9; 4.9; -4.3; 6.6
390.6; 47.088; -0.1; -6.2; 10.3; -0.1; -3.1; 5.2; 5.2; -7.3; 11.8; 5.2; -4.2; 6.7
390.8; 47.117; -0.1; -6.0; 10.2; -0.1; -3.1; 5.3; 5.4; -7.0; 11.8; 5.4; -4.1; 6.8
391.0; 47.146; -0.1; -5.7; 10.1; -0.1; -3.0; 5.3; 5.6; -6.7; 11.7; 5.6; -4.0; 6.9
391.2; 47.175; -0.1; -5.5; 10.0; -0.1; -2.9; 5.4; 5.8; -6.5; 11.7; 5.8; -4.0; 7.0
391.4; 47.203; -0.1; -5.4; 9.9; -0.1; -2.9; 5.4; 5.9; -6.3; 11.6; 5.9; -3.9; 7.1
391.6; 47.231; -0.1; -5.3; 9.9; -0.1; -2.9; 5.4; 6.0; -6.2; 11.6; 6.0; -3.8; 7.1
391.8; 47.259; -0.1; -5.2; 9.8; -0.1; -2.9; 5.4; 6.1; -6.1; 11.6; 6.1; -3.8; 7.2
392.0; 47.286; -0.1; -5.2; 9.8; -0.1; -2.9; 5.4; 6.1; -6.0; 11.6; 6.1; -3.8; 7.2
392.2; 47.313; -0.1; -5.2; 9.8; -0.1; -2.9; 5.4; 6.1; -6.0; 11.6; 6.1; -3.8; 7.2
392.4; 47.339; -0.1; -5.3; 9.9; -0.1; -2.9; 5.4; 6.0; -6.1; 11.6; 6.0; -3.8; 7.1
392.6; 47.366; -0.1; -5.4; 10.0; -0.1; -2.9; 5.4; 5.9; -6.3; 11.6; 5.9; -3.9; 7.1
392.8; 47.391; -0.1; -5.6; 10.0; -0.1; -3.0; 5.3; 5.8; -6.5; 11.7; 5.8; -3.9; 7.0
393.0; 47.417; -0.1; -5.8; 10.1; -0.1; -3.0; 5.3; 5.6; -6.7; 11.7; 5.6; -4.0; 6.9
393.2; 47.442; -0.1; -6.0; 10.2; -0.1; -3.1; 5.3; 5.5; -6.9; 11.8; 5.5; -4.1; 6.8
393.4; 47.466; -0.1; -6.1; 10.3; -0.1; -3.1; 5.2; 5.3; -7.1; 11.8; 5.3; -4.1; 6.7
393.6; 47.490; -0.1; -6.1; 10.3; -0.1; -3.1; 5.2; 5.3; -7.2; 11.8; 5.3; -4.2; 6.7
393.8; 47.514; -0.1; -6.1; 10.3; -0.1; -3.1; 5.2; 5.3; -7.2; 11.8; 5.3; -4.2; 6.7
394.0; 47.538; -0.2; -6.0; 10.7; -0.2; -3.2; 5.7; 2.7; -7.1; 11.3; 2.7; -4.0; 6.3
394.2; 47.561; -0.3; -5.9; 11.0; -0.3; -3.2; 6.0; 0.8; -7.1; 11.0; 0.8; -4.0; 6.1
394.4; 47.584; -1.1; -5.6; 10.9; -1.1; -3.1; 6.0; 1.6; -7.0; 11.0; 1.6; -4.0; 6.1
394.6; 47.607; -3.6; -5.2; 10.8; -3.6; -3.0; 6.2; 4.1; -6.6; 10.8; 4.1; -3.9; 6.3
394.8; 47.630; -4.5; -4.6; 10.6; -4.5; -2.8; 6.4; 4.9; -6.0; 10.6; 4.9; -3.7; 6.5
395.0; 47.652; -5.1; -3.9; 10.3; -5.1; -2.5; 6.7; 5.5; -5.1; 10.3; 5.5; -3.3; 6.7
395.2; 47.675; -5.6; -3.1; 10.0; -5.6; -2.2; 7.0; 6.0; -4.1; 10.0; 6.0; -2.9; 7.0
395.4; 47.698; -6.0; -2.3; 9.7; -6.0; -1.8; 7.3; 6.4; -3.1; 9.7; 6.4; -2.4; 7.3
395.6; 47.721; -6.2; -1.6; 9.4; -6.2; -1.3; 7.6; 6.6; -2.3; 9.4; 6.6; -1.9; 7.6
395.8; 47.744; -6.2; -1.1; 9.1; -6.2; -0.9; 7.9; 6.5; -1.5; 9.1; 6.5; -1.3; 7.9
396.0; 47.768; -6.0; -0.6; 8.9; -6.0; -0.5; 8.2; 6.3; -0.9; 8.9; 6.3; -0.8; 8.2
396.2; 47.791; -5.8; -0.2; 8.7; -5.8; -0.2; 8.4; 6.0; -0.4; 8.7; 6.0; -0.4; 8.4
396.4; 47.814; -5.6; 0.1; 8.5; -5.6; 0.1; 8.5; 5.9; -0.0; 8.5; 5.9; -0.0; 8.5
396.6; 47.837; -5.5; 0.3; 8.4; -5.5; 0.3; 8.7; 5.8; 0.3; 8.4; 5.8; 0.3; 8.7
396.8; 47.860; -5.5; 0.5; 8.3; -5.5; 0.5; 8.8; 5.7; 0.5; 8.3; 5.7; 0.5; 8.8
397.0; 47.884; -5.5; 0.6; 8.2; -5.5; 0.6; 8.8; 5.8; 0.7; 8.2; 5.8; 0.7; 8.8
397.2; 47.907; -5.6; 0.7; 8.1; -5.6; 0.7; 8.9; 5.8; 0.8; 8.1; 5.8; 0.9; 8.9
397.4; 47.930; -5.6; 0.7; 8.1; -5.6; 0.8; 8.9; 5.9; 0.9; 8.1; 5.9; 0.9; 8.9
397.6; 47.954; -5.7; 0.8; 8.1; -5.7; 0.8; 8.9; 6.0; 0.9; 8.1; 6.0; 1.0; 8.9
397.8; 47.977; -5.8; 0.8; 8.1; -5.8; 0.8; 8.9; 6.1; 0.9; 8.1; 6.1; 1.0; 8.9
398.0; 48.001; -5.9; 0.8; 8.1; -5.9; 0.8; 8.9; 6.2; 0.9; 8.1; 6.2; 1.0; 8.9
398.2; 48.024; -5.9; 0.7; 8.1; -5.9; 0.8; 8.9; 6.2; 0.9; 8.1; 6.2; 1.0; 8.9
398.4; 48.048; -6.0; 0.7; 8.1; -6.0; 0.8; 8.9; 6.3; 0.8; 8.1; 6.3; 0.9; 8.9
398.6; 48.072; -6.0; 0.6; 8.1; -6.0; 0.7; 8.9; 6.3; 0.8; 8.1; 6.3; 0.9; 8.9
398.8; 48.095; -6.1; 0.6; 8.2; -6.1; 0.6; 8.8; 6.3; 0.7; 8.2; 6.3; 0.8; 8.8
399.0; 48.119; -6.1; 0.5; 8.2; -6.1; 0.6; 8.8; 6.4; 0.7; 8.2; 6.4; 0.7; 8.8
399.2; 48.143; -6.1; 0.5; 8.2; -6.1; 0.5; 8.8; 6.4; 0.6; 8.2; 6.4; 0.7; 8.8
399.4; 48.166; -6.1; 0.4; 8.3; -6.1; 0.5; 8.8; 6.4; 0.5; 8.3; 6.4; 0.6; 8.8
399.6; 48.190; -6.1; 0.4; 8.3; -6.1; 0.4; 8.7; 6.4; 0.5; 8.3; 6.4; 0.5; 8.7
399.8; 48.214; -6.1; 0.3; 8.3; -6.1; 0.3; 8.7; 6.4; 0.4; 8.3; 6.4; 0.4; 8.7
400.0; 48.238; -6.1; 0.3; 8.4; -6.1; 0.3; 8.7; 6.4; 0.4; 8.4; 6.4; 0.4; 8.7
400.2; 48.262; -6.1; 0.2; 8.4; -6.1; 0.2; 8.6; 6.4; 0.3; 8.4; 6.4; 0.3; 8.6
400.4; 48.286; -5.9; 0.2; 8.4; -5.9; 0.2; 8.6; 6.2; 0.2; 8.4; 6.2; 0.3; 8.6
