#s_m,x_m,y_m,psi_rad,kappa_radpm,vx_mps,ax_mps2
0.0000000,-11.7710031,-14.7499748,4.3306461,0.1208645,8.3325496,-0.8692606
0.1999715,-11.8432634,-14.9364253,4.3545918,0.1187115,8.3116622,-2.6128074
0.3999429,-11.9110729,-15.1245447,4.3782315,0.1178267,8.2485608,-2.5600853
0.5999144,-11.9743993,-15.3142240,4.4022744,0.1229438,8.1862609,-0.9129259
0.7998859,-12.0330476,-15.5054047,4.4273602,0.1279816,8.1639297,-0.7283346
0.9998573,-12.0868025,-15.6980228,4.4531733,0.1299683,8.1460700,-0.7131116
1.1998288,-12.1355348,-15.8919761,4.4793384,0.1317623,8.1285455,-0.7098650
1.3998003,-12.1791424,-16.0871478,4.5058476,0.1333629,8.1110633,-0.7093443
1.5997717,-12.2175303,-16.2834136,4.5326753,0.1349736,8.0935561,-0.7098118
1.7997432,-12.2506075,-16.4806424,4.5598287,0.1366183,8.0759994,-0.7101536
1.9997147,-12.2782843,-16.6786969,4.5873147,0.1383083,8.0583959,-0.7092187
2.1996861,-12.3004730,-16.8774330,4.6151400,0.1400291,8.0407772,-0.7059239
2.3996576,-12.3170889,-17.0766983,4.6433063,0.1417488,8.0232019,-0.6996361
2.5996290,-12.3280516,-17.2763314,4.6718057,0.1434147,8.0057451,-0.6903491
2.7996005,-12.3332888,-17.4761602,4.7006164,0.1449506,7.9884826,-0.6777285
2.9995720,-12.3327362,-17.6762258,4.7297289,0.1461673,7.9714993,-0.6633442
3.1995434,-12.3263359,-17.8762307,4.7590600,0.1469738,7.9548414,-0.6474167
3.3995149,-12.3140592,-18.0759645,4.7885058,0.1471934,7.9385497,-0.6302080
3.5994864,-12.2959113,-18.2752125,4.8179178,0.1465859,7.9226589,-0.6117889
3.7994578,-12.2719445,-18.4737388,4.8470870,0.1448442,7.9072020,-0.5921058
3.9994293,-12.2422744,-18.6712901,4.8757302,0.1415814,7.8922136,-0.5697989
4.1994008,-12.2070240,-18.8679863,4.9035300,0.1362788,7.8777629,-0.5438484
4.3993722,-12.1663373,-19.0641128,4.9300874,0.1284850,7.8639456,-0.5182518
4.5993437,-12.1207408,-19.2586683,4.9547573,0.1179797,7.8507559,-0.4878822
4.7993152,-12.0705826,-19.4520801,4.9770820,0.1051923,7.8383189,-0.4527908
4.9992866,-12.0163081,-19.6446167,4.9967774,0.0921432,7.8267588,-0.4183219
5.1992581,-11.9586057,-19.8357939,5.0137983,0.0802147,7.8160635,-0.3786918
5.3992296,-11.8977368,-20.0258667,5.0312334,0.0929017,7.8063688,-0.3405535
5.5992010,-11.8331917,-20.2153325,5.0504316,0.0997882,7.7976401,-0.2958165
5.7991725,-11.7650653,-20.4027479,5.0722510,0.1180790,7.7900502,-0.2565191
5.9991440,-11.6922835,-20.5891954,5.0973516,0.1324733,7.7834625,-0.2144883
6.1991154,-11.6144821,-20.7739145,5.1250759,0.1435852,7.7779499,-0.1656596
6.3990869,-11.5318013,-20.9554883,5.1545643,0.1514547,7.7736897,-0.1210292
6.5990583,-11.4435473,-21.1347434,5.1853846,0.1565543,7.7705757,-0.0748736
6.7990298,-11.3496627,-21.3112821,5.2170318,0.1595257,7.7686486,-0.0273985
6.9990013,-11.2501662,-21.4847897,5.2491166,0.1608702,7.7679433,0.0212346
7.1989727,-11.1451303,-21.6550204,5.2813451,0.1609762,7.7684899,0.0709348
7.3989442,-11.0346674,-21.8217806,5.3134968,0.1601409,7.7703157,0.1216919
7.5989157,-10.9189201,-21.9849144,5.3454063,0.1585923,7.7734468,0.1735725
7.7988871,-10.7980548,-22.1442937,5.3769491,0.1565058,7.7779107,0.2267061
7.9988586,-10.6722562,-22.2998127,5.4080311,0.1540164,7.7837372,0.2812623
8.1988301,-10.5417222,-22.4513843,5.4385813,0.1512287,7.7909597,0.3374206
8.3988015,-10.4066604,-22.5989388,5.4685464,0.1482241,7.7996155,0.3953329
8.5987730,-10.2672838,-22.7424227,5.4978879,0.1450676,7.8097447,0.4550812
8.7987445,-10.1238079,-22.8817975,5.5265790,0.1418123,7.8213886,0.5166314
8.9987159,-9.9764475,-23.0170386,5.5546033,0.1385033,7.8345863,0.5821442
9.1986874,-9.8254268,-23.1481246,5.5819522,0.1351549,7.8494310,0.6513574
9.3986589,-9.6709346,-23.2750718,5.6086318,0.1317909,7.8660074,0.7158828
9.5986303,-9.5131317,-23.3979191,5.6346598,0.1285371,7.8841857,0.7793748
9.7986018,-9.3522104,-23.5166786,5.6600536,0.1253905,7.9039288,0.8408833
9.9985733,-9.1883567,-23.6313673,5.6848411,0.1224908,7.9251748,0.8996919
10.1985447,-9.0217399,-23.7420083,5.7090618,0.1196204,7.9478438,0.9557287
10.3985162,-8.8525354,-23.8486234,5.7327020,0.1166939,7.9718541,1.0096271
10.5984876,-8.6809252,-23.9512385,5.7557671,0.1146668,7.9971402,1.0628162
10.7984591,-8.5070203,-24.0498814,5.7786427,0.1140317,8.0236723,1.1182526
10.9984306,-8.3309017,-24.1445408,5.8013391,0.1129120,8.0514939,1.1816133
11.1984020,-8.1526931,-24.2352010,5.8237654,0.1113823,8.0807878,1.2608277
11.3983735,-7.9725111,-24.3218709,5.8458605,0.1095873,8.1119289,1.3698546
11.5983450,-7.7904595,-24.4045823,5.8675317,0.1071506,8.1456280,1.5263614
11.7983164,-7.6066551,-24.4833895,5.8886323,0.1038301,8.1830136,1.7330599
11.9982879,-7.4212614,-24.5583671,5.9089571,0.0993180,8.2252561,2.0051574
12.1982594,-7.2344213,-24.6296523,5.9282429,0.0933499,8.2738616,2.3440207
12.3982308,-7.0462878,-24.6974422,5.9461723,0.0856502,8.3303217,2.7370874
12.5982023,-6.8570236,-24.7620027,5.9624238,0.0766501,8.3957691,3.1577669
12.7981738,-6.6667946,-24.8236595,5.9767052,0.0656564,8.4706473,1.2399067
12.9981452,-6.4757708,-24.8828071,5.9888293,0.0566538,8.4998681,0.0042684
13.1981167,-6.2840887,-24.9397830,5.9994882,0.0504298,8.4999685,0.0000195
13.3980882,-6.0918425,-24.9948234,6.0089916,0.0442780,8.4999690,-0.0000046
13.5980596,-5.8991173,-25.0481608,6.0171524,0.0372254,8.4999689,-0.0000038
13.7980311,-5.7060010,-25.1000626,6.0238639,0.0298996,8.4999688,-0.0000050
13.9980026,-5.5125782,-25.1508087,6.0291157,0.0227522,8.4999686,-0.0000052
14.1979740,-5.3189268,-25.2006734,6.0329891,0.0161669,8.4999685,-0.0000049
14.3979455,-5.1251152,-25.2499104,6.0356193,0.0103337,8.4999684,-0.0000044
14.5979170,-4.9312022,-25.2987451,6.0371663,0.0053224,8.4999683,-0.0000038
14.7978884,-4.7372370,-25.3473714,6.0377946,0.0011228,8.4999682,-0.0000032
14.9978599,-4.5432604,-25.3959521,6.0376617,-0.0023151,8.4999681,-0.0000026
15.1978313,-4.3493057,-25.4446206,6.0369131,-0.0050593,8.4999681,-0.0000022
15.3978028,-4.1553996,-25.4934833,6.0356800,-0.0071831,8.4999680,-0.0000017
15.5977743,-3.9615632,-25.5426227,6.0340788,-0.0087599,8.4999680,-0.0000014
15.7977457,-3.7678124,-25.5920997,6.0322115,-0.0098596,8.4999680,-0.0000012
15.9977172,-3.5741588,-25.6419571,6.0301668,-0.0105487,8.4999679,-0.0000010
16.1976887,-3.3806101,-25.6922214,6.0280202,-0.0108889,8.4999679,-0.0000009
16.3976601,-3.1871707,-25.7429058,6.0258356,-0.0109372,8.4999679,-0.0000008
16.5976316,-2.9938421,-25.7940121,6.0236659,-0.0107461,8.4999679,-0.0000008
16.7976031,-2.8006232,-25.8455329,6.0215541,-0.0103632,8.4999678,-0.0000008
16.9975745,-2.6075110,-25.8974532,6.0195342,-0.0098309,8.4999678,-0.0000009
17.1975460,-2.4145009,-25.9497525,6.0176322,-0.0091871,8.4999678,-0.0000010
17.3975175,-2.2215869,-26.0024060,6.0158670,-0.0084644,8.4999678,-0.0000011
17.5974889,-2.0287620,-26.0553857,6.0142514,-0.0076910,8.4999678,-0.0000011
17.7974604,-1.8360185,-26.1086619,6.0127934,-0.0068904,8.4999677,-0.0000012
17.9974319,-1.6433484,-26.1622036,6.0114963,-0.0060821,8.4999677,-0.0000013
18.1974033,-1.4507433,-26.2159797,6.0103601,-0.0052814,8.4999677,-0.0000014
18.3973748,-1.2581949,-26.2699594,6.0093820,-0.0045004,8.4999676,-0.0000015
18.5973463,-1.0656949,-26.3241127,6.0085573,-0.0037482,8.4999676,-0.0000016
18.7973177,-0.8732353,-26.3784105,6.0078796,-0.0030308,8.4999676,-0.0000017
18.9972892,-0.6808084,-26.4328252,6.0073415,-0.0023525,8.4999675,-0.0000018
19.1972606,-0.4884069,-26.4873308,6.0069349,-0.0017153,8.4999675,-0.0000019
19.3972321,-0.2960239,-26.5419027,6.0066516,-0.0011201,8.4999674,-0.0000019
19.5972036,-0.1036530,-26.5965180,6.0064832,-0.0005666,8.4999674,-0.0000020
19.7971750,0.0887119,-26.6511553,6.0064215,-0.0000537,8.4999673,-0.0000021
19.9971465,0.2810763,-26.7057950,6.0064584,0.0004199,8.4999673,-0.0000021
20.1971180,0.4734453,-26.7604187,6.0065864,0.0008557,8.4999672,-0.0000021
20.3970894,0.6658235,-26.8150096,6.0067979,0.0012550,8.4999672,-0.0000022
20.5970609,0.8582153,-26.8695523,6.0070857,0.0016185,8.4999671,-0.0000022
20.7970324,1.0506245,-26.9240328,6.0074426,0.0019461,8.4999671,-0.0000022
20.9970038,1.2430545,-26.9784385,6.0078615,0.0022369,8.4999670,-0.0000021
21.1969753,1.4355079,-27.0327580,6.0083347,0.0024883,8.4999670,-0.0000020
21.3969468,1.6279894,-27.0869821,6.0088536,0.0026763,8.4999669,-0.0000017
21.5969182,1.8204929,-27.1411016,6.0093945,0.0026379,8.4999669,-0.0000010
21.7968897,2.0130083,-27.1951158,6.0098963,0.0025754,8.4999669,-0.0000002
21.9968612,2.2055617,-27.2490322,6.0104556,0.0029108,8.4999669,0.0000003
22.1968326,2.3981581,-27.3028406,6.0110398,0.0028935,8.4999669,0.0000005
22.3968041,2.5907828,-27.3565370,6.0116054,0.0027408,8.4999669,0.0000005
22.5967756,2.7834375,-27.4101282,6.0121306,0.0024857,8.4999669,0.0000006
22.7967470,2.9761189,-27.4636239,6.0125933,0.0021101,8.4999669,0.0000006
22.9967185,3.1688229,-27.5170385,6.0129673,0.0015945,8.4999669,0.0000006
23.1966899,3.3615442,-27.5703921,6.0132226,0.0009185,8.4999669,0.0000007
23.3966614,3.5542755,-27.6237107,6.0133250,0.0000610,8.4999670,0.0000007
23.5966329,3.7470077,-27.6770274,6.0132361,-0.0009986,8.4999670,0.0000007
23.7966043,3.9397294,-27.7303832,6.0129133,-0.0022804,8.4999670,0.0000008
23.9965758,4.1324270,-27.7838275,6.0123104,-0.0038024,8.4999670,0.0000009
24.1965473,4.3250840,-27.8374190,6.0113775,-0.0055806,8.4999670,0.0000010
24.3965187,4.5176812,-27.8912262,6.0100621,-0.0076268,8.4999671,0.0000012
24.5964902,4.7101962,-27.9453280,6.0083098,-0.0099488,8.4999671,0.0000014
24.7964617,4.9026031,-27.9998136,6.0060650,-0.0125480,8.4999671,0.0000018
24.9964331,5.0948725,-28.0547828,6.0032727,-0.0154188,8.4999672,0.0000023
25.1964046,5.2869713,-28.1103455,5.9998800,-0.0185470,8.4999672,0.0000029
25.3963761,5.4788625,-28.1666212,5.9958378,-0.0219085,8.4999673,0.0000036
25.5963475,5.6705049,-28.2237378,5.9911027,-0.0254679,8.4999674,0.0000044
25.7963190,5.8618536,-28.2818304,5.9856401,-0.0291782,8.4999675,0.0000050
25.9962905,6.0528598,-28.3410388,5.9794255,-0.0329820,8.4999676,0.0000052
26.1962619,6.2434710,-28.4015057,5.9724472,-0.0368121,8.4999677,0.0000047
26.3962334,6.4336318,-28.4633738,5.9647082,-0.0405862,8.4999678,0.0000028
26.5962049,6.6232844,-28.5267820,5.9562318,-0.0441854,8.4999679,-0.0000013
26.7961763,6.8123686,-28.5918609,5.9470704,-0.0474334,8.4999679,-0.0000079
26.9961478,7.0008278,-28.6587273,5.9373095,-0.0501688,8.4999677,-0.0000164
27.1961192,7.1886080,-28.7274774,5.9270648,-0.0522565,8.4999673,-0.0000231
27.3960907,7.3756609,-28.7981819,5.9164774,-0.0535792,8.4999667,-0.0000129
27.5960622,7.5619471,-28.8708822,5.9057098,-0.0540410,8.4999664,0.0000048
27.7960336,7.7474384,-28.9455870,5.8949420,-0.0535685,8.4999666,0.0000056
27.9960051,7.9321206,-29.0222704,5.8843606,-0.0521767,8.4999667,0.0000059
28.1959766,8.1159942,-29.1008731,5.8741389,-0.0499775,8.4999668,0.0000055
28.3959480,8.2990744,-29.1813068,5.8644244,-0.0471154,8.4999670,0.0000049
28.5959195,8.4813898,-29.2634600,5.8553347,-0.0437455,8.4999671,0.0000040
28.7958910,8.6629804,-29.3472037,5.8469553,-0.0400295,8.4999672,0.0000032
28.9958624,8.8438955,-29.4323976,5.8393401,-0.0361226,8.4999672,0.0000024
29.1958339,9.0241907,-29.5188961,5.8325132,-0.0321622,8.4999673,0.0000017
29.3958054,9.2039261,-29.6065525,5.8264738,-0.0282637,8.4999673,0.0000012
29.5957768,9.3831631,-29.6952238,5.8212000,-0.0245177,8.4999674,0.0000007
29.7957483,9.5619630,-29.7847735,5.8166544,-0.0209912,8.4999674,0.0000004
29.9957198,9.7403852,-29.8750737,5.8127881,-0.0177297,8.4999674,0.0000002
30.1956912,9.9184858,-29.9660066,5.8095453,-0.0147608,8.4999674,-0.0000000
30.3956627,10.0963167,-30.0574657,5.8068658,-0.0120979,8.4999674,-0.0000001
30.5956342,10.2739255,-30.1493554,5.8046880,-0.0097435,8.4999674,-0.0000001
30.7956056,10.4513545,-30.2415917,5.8029507,-0.0076922,8.4999674,-0.0000001
30.9955771,10.6286410,-30.3341015,5.8015942,-0.0059326,8.4999674,-0.0000001
31.1955486,10.8058173,-30.4268222,5.8005616,-0.0044494,8.4999674,-0.0000001
31.3955200,10.9829107,-30.5197010,5.7997996,-0.0032238,8.4999674,-0.0000001
31.5954915,11.1599438,-30.6126945,5.7992585,-0.0022354,8.4999674,-0.0000000
31.7954629,11.3369352,-30.7057675,5.7988932,-0.0014618,8.4999674,0.0000000
31.9954344,11.5138990,-30.7988926,5.7986629,-0.0008799,8.4999674,0.0000001
32.1954059,11.6908463,-30.8920493,5.7985317,-0.0004660,8.4999674,0.0000001
32.3953773,11.8677848,-30.9852227,5.7984684,-0.0001961,8.4999674,0.0000001
32.5953488,12.0447195,-31.0784033,5.7984465,-0.0000463,8.4999674,0.0000002
32.7953203,12.2216533,-31.1715857,5.7984444,0.0000070,8.4999674,0.0000002
32.9952917,12.3985871,-31.2647681,5.7984451,-0.0000133,8.4999674,0.0000002
33.1952632,12.5755206,-31.3579510,5.7984362,-0.0000851,8.4999674,0.0000002
33.3952347,12.7524526,-31.4511370,5.7984093,-0.0001881,8.4999674,0.0000002
33.5952061,12.9293810,-31.5443297,5.7983601,-0.0003043,8.4999674,0.0000003
33.7951776,13.1063039,-31.6375332,5.7982876,-0.0004188,8.4999674,0.0000003
33.9951491,13.2832189,-31.7307515,5.7981932,-0.0005213,8.4999674,0.0000003
34.1951205,13.4601243,-31.8239883,5.7980801,-0.0006062,8.4999674,0.0000003
34.3950920,13.6370184,-31.9172464,5.7979519,-0.0006711,8.4999674,0.0000003
34.5950635,13.8139000,-32.0105283,5.7978127,-0.0007159,8.4999674,0.0000003
34.7950349,13.9907683,-32.1038355,5.7976666,-0.0007419,8.4999674,0.0000003
34.9950064,14.1676228,-32.1971689,5.7975169,-0.0007512,8.4999675,0.0000003
35.1949779,14.3444633,-32.2905288,5.7973669,-0.0007462,8.4999675,0.0000003
35.3949493,14.5212899,-32.3839151,5.7972191,-0.0007293,8.4999675,0.0000003
35.5949208,14.6981029,-32.4773272,5.7970757,-0.0007029,8.4999675,0.0000003
35.7948922,14.8749028,-32.5707641,5.7969384,-0.0006691,8.4999675,0.0000003
35.9948637,15.0516903,-32.6642247,5.7968084,-0.0006300,8.4999675,0.0000003
36.1948352,15.2284659,-32.7577076,5.7966866,-0.0005873,8.4999675,0.0000003
36.3948066,15.4052306,-32.8512112,5.7965736,-0.0005425,8.4999675,0.0000003
36.5947781,15.5819852,-32.9447340,5.7964697,-0.0004968,8.4999675,0.0000003
36.7947496,15.7587304,-33.0382744,5.7963749,-0.0004513,8.4999675,0.0000003
36.9947210,15.9354673,-33.1318307,5.7962892,-0.0004068,8.4999675,0.0000003
37.1946925,16.1121965,-33.2254014,5.7962122,-0.0003639,8.4999675,0.0000003
37.3946640,16.2889190,-33.3189850,5.7961435,-0.0003232,8.4999675,0.0000003
37.5946354,16.4656354,-33.4125800,5.7960828,-0.0002850,8.4999676,0.0000003
37.7946069,16.6423464,-33.5061851,5.7960294,-0.0002495,8.4999676,0.0000003
37.9945784,16.8190528,-33.5997990,5.7959828,-0.0002169,8.4999676,0.0000003
38.1945498,16.9957552,-33.6934206,5.7959425,-0.0001871,8.4999676,0.0000003
38.3945213,17.1724540,-33.7870488,5.7959078,-0.0001602,8.4999676,0.0000003
38.5944928,17.3491498,-33.8806827,5.7958783,-0.0001361,8.4999676,0.0000003
38.7944642,17.5258431,-33.9743214,5.7958532,-0.0001146,8.4999676,0.0000003
38.9944357,17.7025343,-34.0679641,5.7958323,-0.0000956,8.4999676,0.0000003
39.1944072,17.8792236,-34.1616103,5.7958149,-0.0000789,8.4999676,0.0000003
39.3943786,18.0559115,-34.2552592,5.7958006,-0.0000644,8.4999676,0.0000003
39.5943501,18.2325981,-34.3489104,5.7957890,-0.0000517,8.4999676,0.0000003
39.7943215,18.4092838,-34.4425634,5.7957798,-0.0000407,8.4999676,0.0000003
39.9942930,18.5859687,-34.5362179,5.7957726,-0.0000313,8.4999676,0.0000003
40.1942645,18.7626531,-34.6298735,5.7957672,-0.0000232,8.4999676,0.0000003
40.3942359,18.9393369,-34.7235299,5.7957632,-0.0000163,8.4999677,0.0000003
40.5942074,19.1160205,-34.8171869,5.7957606,-0.0000105,8.4999677,0.0000003
40.7941789,19.2927039,-34.9108442,5.7957590,-0.0000055,8.4999677,0.0000003
40.9941503,19.4693871,-35.0045018,5.7957583,-0.0000013,8.4999677,0.0000003
41.1941218,19.6460703,-35.0981593,5.7957584,0.0000022,8.4999677,0.0000003
41.3940933,19.8227535,-35.1918168,5.7957592,0.0000051,8.4999677,0.0000003
41.5940647,19.9994368,-35.2854741,5.7957604,0.0000076,8.4999677,0.0000003
41.7940362,20.1761203,-35.3791312,5.7957622,0.0000095,8.4999677,0.0000003
41.9940077,20.3528039,-35.4727879,5.7957642,0.0000111,8.4999677,0.0000003
42.1939791,20.5294877,-35.5664442,5.7957666,0.0000123,8.4999677,0.0000003
42.3939506,20.7061717,-35.6601000,5.7957691,0.0000132,8.4999677,0.0000003
42.5939221,20.8828560,-35.7537554,5.7957718,0.0000137,8.4999677,0.0000003
42.7938935,21.0595405,-35.8474103,5.7957745,0.0000137,8.4999677,0.0000002
42.9938650,21.2362252,-35.9410647,5.7957775,0.0000146,8.4999677,0.0000002
43.1938365,21.4129101,-36.0347186,5.7957797,0.0000158,8.4999677,0.0000002
43.3938079,21.5895964,-36.1283721,5.7957889,0.0000718,8.4999677,0.0000001
43.5937794,21.7662843,-36.2220235,5.7958052,0.0000788,8.4999677,-0.0000000
43.7937509,21.9429721,-36.3156718,5.7958124,0.0000022,8.4999677,-0.0000001
43.9937223,22.1196597,-36.4093194,5.7958127,0.0000008,8.4999677,-0.0000001
44.1936938,22.2963476,-36.5029672,5.7958123,-0.0000049,8.4999677,-0.0000001
44.3936652,22.4730354,-36.5966151,5.7958110,-0.0000086,8.4999677,-0.0000001
44.5936367,22.6497230,-36.6902633,5.7958088,-0.0000125,8.4999677,-0.0000001
44.7936082,22.8264104,-36.7839120,5.7958060,-0.0000161,8.4999677,-0.0000001
44.9935796,23.0030975,-36.8775613,5.7958024,-0.0000195,8.4999677,-0.0000001
45.1935511,23.1797842,-36.9712112,5.7957982,-0.0000227,8.4999677,-0.0000001
45.3935226,23.3564706,-37.0648620,5.7957934,-0.0000256,8.4999677,-0.0000001
45.5934940,23.5331564,-37.1585136,5.7957880,-0.0000284,8.4999677,-0.0000001
45.7934655,23.7098418,-37.2521663,5.7957820,-0.0000309,8.4999677,-0.0000001
45.9934370,23.8865265,-37.3458200,5.7957756,-0.0000333,8.4999677,-0.0000001
46.1934084,24.0632107,-37.4394750,5.7957687,-0.0000356,8.4999677,-0.0000001
46.3933799,24.2398942,-37.5331312,5.7957614,-0.0000376,8.4999677,-0.0000001
46.5933514,24.4165770,-37.6267887,5.7957537,-0.0000396,8.4999677,-0.0000001
46.7933228,24.5932590,-37.7204477,5.7957456,-0.0000413,8.4999677,-0.0000001
46.9932943,24.7699403,-37.8141081,5.7957372,-0.0000429,8.4999677,-0.0000001
47.1932658,24.9466208,-37.9077700,5.7957284,-0.0000444,8.4999677,-0.0000001
47.3932372,25.1233005,-38.0014335,5.7957194,-0.0000457,8.4999677,-0.0000001
47.5932087,25.2999794,-38.0950986,5.7957102,-0.0000468,8.4999677,-0.0000001
47.7931802,25.4766573,-38.1887653,5.7957007,-0.0000478,8.4999677,-0.0000001
47.9931516,25.6533344,-38.2824338,5.7956911,-0.0000487,8.4999677,-0.0000001
48.1931231,25.8300105,-38.3761040,5.7956813,-0.0000493,8.4999677,-0.0000001
48.3930945,26.0066858,-38.4697759,5.7956714,-0.0000498,8.4999677,-0.0000001
48.5930660,26.1833601,-38.5634496,5.7956614,-0.0000501,8.4999677,-0.0000001
48.7930375,26.3600335,-38.6571250,5.7956513,-0.0000503,8.4999677,-0.0000001
48.9930089,26.5367059,-38.7508023,5.7956413,-0.0000503,8.4999677,-0.0000001
49.1929804,26.7133774,-38.8444813,5.7956312,-0.0000501,8.4999677,-0.0000001
49.3929519,26.8900480,-38.9381621,5.7956212,-0.0000498,8.4999677,-0.0000001
49.5929233,27.0667176,-39.0318446,5.7956113,-0.0000493,8.4999677,-0.0000001
49.7928948,27.2433863,-39.1255289,5.7956015,-0.0000486,8.4999677,-0.0000001
49.9928663,27.4200542,-39.2192149,5.7955919,-0.0000478,8.4999677,-0.0000001
50.1928377,27.5967211,-39.3129026,5.7955824,-0.0000469,8.4999677,-0.0000001
50.3928092,27.7733871,-39.4065919,5.7955731,-0.0000459,8.4999677,-0.0000001
50.5927807,27.9500523,-39.5002829,5.7955641,-0.0000448,8.4999677,-0.0000001
50.7927521,28.1267166,-39.5939754,5.7955552,-0.0000438,8.4999677,-0.0000001
50.9927236,28.3033801,-39.6876695,5.7955465,-0.0000427,8.4999677,-0.0000001
51.1926951,28.4800429,-39.7813652,5.7955381,-0.0000418,8.4999677,-0.0000001
51.3926665,28.6567048,-39.8750622,5.7955298,-0.0000410,8.4999677,-0.0000001
51.5926380,28.8333660,-39.9687608,5.7955217,-0.0000405,8.4999677,-0.0000001
51.7926095,29.0100264,-40.0624608,5.7955136,-0.0000404,8.4999677,-0.0000001
51.9925809,29.1866860,-40.1561622,5.7955055,-0.0000407,8.4999677,-0.0000001
52.1925524,29.3633449,-40.2498650,5.7954972,-0.0000417,8.4999677,-0.0000001
52.3925238,29.5400030,-40.3435693,5.7954887,-0.0000434,8.4999677,-0.0000001
52.5924953,29.7166603,-40.4372752,5.7954798,-0.0000460,8.4999677,-0.0000001
52.7924668,29.8933167,-40.5309827,5.7954702,-0.0000498,8.4999677,-0.0000001
52.9924382,30.0699721,-40.6246919,5.7954598,-0.0000547,8.4999677,-0.0000001
53.1924097,30.2466266,-40.7184031,5.7954482,-0.0000611,8.4999677,-0.0000001
53.3923812,30.4232799,-40.8121165,5.7954352,-0.0000692,8.4999677,-0.0000001
53.5923526,30.5999319,-40.9058323,5.7954203,-0.0000791,8.4999677,-0.0000001
53.7923241,30.7765824,-40.9995509,5.7954033,-0.0000911,8.4999677,-0.0000001
53.9922956,30.9532312,-41.0932728,5.7953837,-0.0001054,8.4999677,-0.0000001
54.1922670,31.1298780,-41.1869984,5.7953609,-0.0001221,8.4999677,-0.0000001
54.3922385,31.3065225,-41.2807283,5.7953346,-0.0001415,8.4999677,-0.0000001
54.5922100,31.4831643,-41.3744632,5.7953041,-0.0001638,8.4999677,-0.0000001
54.7921814,31.6598031,-41.4682039,5.7952688,-0.0001889,8.4999677,-0.0000001
54.9921529,31.8364383,-41.5619513,5.7952283,-0.0002171,8.4999677,-0.0000001
55.1921244,32.0130694,-41.6557064,5.7951818,-0.0002482,8.4999677,-0.0000001
55.3920958,32.1896959,-41.7494703,5.7951287,-0.0002821,8.4999677,-0.0000001
55.5920673,32.3663171,-41.8432441,5.7950687,-0.0003186,8.4999677,-0.0000001
55.7920388,32.5429323,-41.9370293,5.7950011,-0.0003574,8.4999676,-0.0000001
55.9920102,32.7195407,-42.0308270,5.7949256,-0.0003980,8.4999676,-0.0000001
56.1919817,32.8961418,-42.1246388,5.7948418,-0.0004396,8.4999676,-0.0000001
56.3919532,33.0727345,-42.2184661,5.7947498,-0.0004814,8.4999676,-0.0000001
56.5919246,33.2493183,-42.3123105,5.7946494,-0.0005224,8.4999676,-0.0000001
56.7918961,33.4258922,-42.4061732,5.7945410,-0.0005614,8.4999676,-0.0000001
56.9918675,33.6024556,-42.5000558,5.7944252,-0.0005970,8.4999676,-0.0000001
57.1918390,33.7790078,-42.5939594,5.7943027,-0.0006278,8.4999676,-0.0000001
57.3918105,33.9555482,-42.6878851,5.7941746,-0.0006523,8.4999676,-0.0000001
57.5917819,34.1320764,-42.7818339,5.7940424,-0.0006693,8.4999676,-0.0000001
57.7917534,34.3085920,-42.8758062,5.7939077,-0.0006778,8.4999676,-0.0000001
57.9917249,34.4850950,-42.9698024,5.7937721,-0.0006776,8.4999676,-0.0000001
58.1916963,34.6615852,-43.0638225,5.7936373,-0.0006697,8.4999676,-0.0000001
58.3916678,34.8380628,-43.1578662,5.7935047,-0.0006566,8.4999676,-0.0000001
58.5916393,35.0145280,-43.2519331,5.7933749,-0.0006420,8.4999676,-0.0000001
58.7916107,35.1909812,-43.3460226,5.7932477,-0.0006301,8.4999676,-0.0000001
58.9915822,35.3674226,-43.4401344,5.7931223,-0.0006254,8.4999676,-0.0000001
59.1915537,35.5438521,-43.5342683,5.7929966,-0.0006326,8.4999676,-0.0000001
59.3915251,35.7202696,-43.6284246,5.7928679,-0.0006562,8.4999676,-0.0000001
59.5914966,35.8966748,-43.7226042,5.7927325,-0.0007004,8.4999676,-0.0000001
59.7914681,36.0730667,-43.8168085,5.7925857,-0.0007693,8.4999676,-0.0000001
59.9914395,36.2494441,-43.9110401,5.7924224,-0.0008666,8.4999676,-0.0000001
60.1914110,36.4258050,-44.0053025,5.7922365,-0.0009952,8.4999676,-0.0000001
60.3913825,36.6021471,-44.0996000,5.7920215,-0.0011580,8.4999676,-0.0000001
60.5913539,36.7784673,-44.1939386,5.7917704,-0.0013568,8.4999676,-0.0000001
60.7913254,36.9547618,-44.2883252,5.7914757,-0.0015929,8.4999676,-0.0000001
60.9912968,37.1310261,-44.3827681,5.7911301,-0.0018668,8.4999676,-0.0000001
61.1912683,37.3072551,-44.4772769,5.7907259,-0.0021779,8.4999676,-0.0000001
61.3912398,37.4834427,-44.5718627,5.7902560,-0.0025245,8.4999676,-0.0000000
61.5912112,37.6595826,-44.6665376,5.7897135,-0.0029034,8.4999676,-0.0000000
61.7911827,37.8356674,-44.7613148,5.7890923,-0.0033103,8.4999676,-0.0000000
61.9911542,38.0116893,-44.8562087,5.7883876,-0.0037390,8.4999676,-0.0000000
62.1911256,38.1876403,-44.9512343,5.7875957,-0.0041814,8.4999676,-0.0000000
62.3910971,38.3635116,-45.0464069,5.7867149,-0.0046276,8.4999676,-0.0000000
62.5910686,38.5392949,-45.1417422,5.7857456,-0.0050654,8.4999676,-0.0000000
62.7910400,38.7149816,-45.2372555,5.7846909,-0.0054806,8.4999676,-0.0000000
62.9910115,38.8905636,-45.3329610,5.7835570,-0.0058569,8.4999676,-0.0000001
63.1909830,39.0660335,-45.4288719,5.7823534,-0.0061760,8.4999676,-0.0000002
63.3909544,39.2413850,-45.5249991,5.7810935,-0.0064188,8.4999676,-0.0000003
63.5909259,39.4166133,-45.6213508,5.7797947,-0.0065656,8.4999676,-0.0000005
63.7908974,39.5917152,-45.7179319,5.7784778,-0.0065990,8.4999676,-0.0000006
63.9908688,39.7666899,-45.8147434,5.7771668,-0.0065062,8.4999676,-0.0000004
64.1908403,39.9415389,-45.9117818,5.7758876,-0.0062825,8.4999675,0.0000001
64.3908118,40.1162662,-46.0090391,5.7746655,-0.0059364,8.4999675,0.0000001
64.5907832,40.2908782,-46.1065034,5.7735223,-0.0054953,8.4999676,0.0000001
64.7907547,40.4653831,-46.2041591,5.7724730,-0.0049996,8.4999676,0.0000001
64.9907261,40.6397904,-46.3019892,5.7715236,-0.0044968,8.4999676,0.0000000
65.1906976,40.8141095,-46.3999764,5.7706700,-0.0040427,8.4999676,-0.0000000
65.3906691,40.9883491,-46.4981050,5.7698986,-0.0036759,8.4999676,-0.0000003
65.5906405,41.1625158,-46.5963628,5.7691785,-0.0035193,8.4999675,-0.0000011
65.7906120,41.3366156,-46.6947398,5.7685527,-0.0027429,8.4999675,-0.0000026
65.9905835,41.5106584,-46.7932177,5.7679866,-0.0029237,8.4999675,-0.0000042
66.1905549,41.6846400,-46.8918065,5.7672384,-0.0045732,8.4999674,-0.0000052
66.3905264,41.8585324,-46.9905493,5.7662305,-0.0055032,8.4999672,-0.0000055
66.5904979,42.0323132,-47.0894859,5.7649816,-0.0069994,8.4999671,-0.0000057
66.7904693,42.2059534,-47.1886674,5.7633942,-0.0088872,8.4999670,-0.0000057
66.9904408,42.3794207,-47.2881630,5.7613790,-0.0112828,8.4999668,-0.0000055
67.1904123,42.5526630,-47.3880533,5.7588340,-0.0141946,8.4999667,-0.0000052
67.3903837,42.7256211,-47.4884385,5.7556527,-0.0176567,8.4999666,-0.0000046
67.5903552,42.8982234,-47.5894372,5.7517235,-0.0216863,8.4999665,-0.0000037
67.7903267,43.0703858,-47.6911865,5.7469317,-0.0262931,8.4999664,-0.0000024
67.9902981,43.2420102,-47.7938423,5.7411624,-0.0314726,8.4999663,-0.0000000
68.1902696,43.4129842,-47.8975784,5.7343025,-0.0372054,8.4999663,0.0000059
68.3902411,43.5831801,-48.0025851,5.7262448,-0.0434533,8.4999665,0.0000147
68.5902125,43.7524551,-48.1090674,5.7168911,-0.0501667,8.4999668,0.0000235
68.7901840,43.9206507,-48.2172425,5.7061510,-0.0573480,8.4999674,0.0000316
68.9901554,44.0875913,-48.3273388,5.6939248,-0.0649539,8.4999681,0.0000330
69.1901269,44.2530842,-48.4395923,5.6801671,-0.0725852,8.4999689,0.0000232
69.3900984,44.4169265,-48.5542330,5.6649057,-0.0799717,8.4999694,0.0000013
69.5900698,44.5789107,-48.6714755,5.6482045,-0.0869370,8.4999695,-0.0000309
69.7900413,44.7388286,-48.7915118,5.6301708,-0.0932780,8.4999687,-0.0000696
69.9900128,44.8964773,-48.9145054,5.6109441,-0.0988721,8.4999671,-0.0001085
70.1899842,45.0516623,-49.0405874,5.5906814,-0.1036620,8.4999646,-0.0001387
70.3899557,45.2042015,-49.1698556,5.5695433,-0.1076641,8.4999613,-0.0001504
70.5899272,45.3539269,-49.3023765,5.5476842,-0.1109081,8.4999578,-0.0001344
70.7898986,45.5006979,-49.4382011,5.5252332,-0.1135432,8.4999546,-0.0000926
70.9898701,45.6443328,-49.5773062,5.5023014,-0.1161160,8.4999524,-0.0000473
71.1898416,45.7846648,-49.7196764,5.4787638,-0.1185798,8.4999513,-0.0000292
71.3898130,45.9216131,-49.8653502,5.4550969,-0.1183268,8.4999506,-0.0000137
71.5897845,46.0550992,-50.0142542,5.4313667,-0.1189916,8.4999503,0.0000101
71.7897560,46.1850028,-50.1662900,5.4075124,-0.1195193,8.4999505,0.0000757
71.9897274,46.3112395,-50.3213916,5.3835675,-0.1198884,8.4999523,0.0003052
72.1896989,46.4337221,-50.4794759,5.3595651,-0.1201172,8.4999595,0.0008175
72.3896704,46.5523723,-50.6404567,5.3355269,-0.1202595,8.4999787,0.0004708
72.5896418,46.6671162,-50.8042429,5.3114678,-0.1203452,8.4999898,-0.0008787
72.7896133,46.7778841,-50.9707406,5.2873949,-0.1204215,8.4999691,-0.0012199
72.9895848,46.8846090,-51.1398537,5.2633088,-0.1204962,8.4999404,-0.0004692
73.1895562,46.9872264,-51.3114841,5.2392126,-0.1205318,8.4999294,0.0002580
73.3895277,47.0856800,-51.4855404,5.2151100,-0.1205457,8.4999355,0.0004894
73.5894991,47.1799116,-51.6619226,5.1910033,-0.1205569,8.4999470,0.0003119
73.7894706,47.2698651,-51.8405276,5.1668921,-0.1205768,8.4999543,0.0000032
73.9894421,47.3554867,-52.0212511,5.1427744,-0.1206122,8.4999544,-0.0001770
74.1894135,47.4367245,-52.2039874,5.1186473,-0.1206650,8.4999502,-0.0001130
74.3893850,47.5135285,-52.3886297,5.0945078,-0.1207335,8.4999476,0.0000776
74.5893565,47.5858510,-52.5750698,5.0703536,-0.1208141,8.4999494,0.0000770
74.7893279,47.6536463,-52.7631981,5.0461837,-0.1208929,8.4999512,-0.0001527
74.9892994,47.7168716,-52.9529033,5.0220016,-0.1209459,8.4999476,-0.0002764
75.1892709,47.7754879,-53.1440725,4.9978148,-0.1209623,8.4999411,-0.0002551
75.3892423,47.8294602,-53.3365904,4.9736298,-0.1209580,8.4999351,-0.0001628
75.5892138,47.8787601,-53.5303497,4.9494556,-0.1208821,8.4999313,-0.0000620
75.7891853,47.9233814,-53.7253267,4.9252853,-0.1207644,8.4999298,-0.0000378
75.9891567,47.9632798,-53.9213164,4.9011537,-0.1208209,8.4999289,-0.0000910
76.1891282,47.9984186,-54.1181603,4.8768988,-0.1214938,8.4999268,-0.0001593
76.3890997,48.0287675,-54.3157672,4.8526927,-0.1206400,8.4999230,-0.0001294
76.5890711,48.0543441,-54.5140705,4.8286353,-0.1202628,8.4999200,0.0000990
76.7890426,48.0751451,-54.7129344,4.8045787,-0.1203578,8.4999223,0.0005132
76.9890141,48.0911551,-54.9122496,4.7804992,-0.1205022,8.4999344,0.0009026
77.1889855,48.1023581,-55.1119016,4.7563781,-0.1207242,8.4999556,0.0009110
77.3889570,48.1087370,-55.3117455,4.7322075,-0.1210268,8.4999771,0.0003351
77.5889284,48.1102781,-55.5116838,4.7079763,-0.1213481,8.4999849,-0.0018143
77.7888999,48.1069680,-55.7116049,4.6836807,-0.1216651,8.4999423,-0.0059108
77.9888714,48.0987958,-55.9113944,4.6593260,-0.1219140,8.4998032,-0.0086094
78.1888428,48.0857557,-56.1109358,4.6349335,-0.1220124,8.4996006,-0.0040832
78.3888143,48.0678508,-56.3101112,4.6105407,-0.1218941,8.4995046,0.0152547
78.5887858,48.0450963,-56.5088028,4.5862049,-0.1214101,8.4998635,0.0040932
78.7887572,48.0175252,-56.7068944,4.5620162,-0.1204241,8.4999598,0.0001292
78.9887287,47.9852061,-56.9042020,4.5380990,-0.1187484,8.4999628,0.0000604
79.1887002,47.9482167,-57.1006869,4.5146083,-0.1160514,8.4999642,0.0000372
79.3886716,47.9066817,-57.2962697,4.4917913,-0.1118233,8.4999651,0.0000229
79.5886431,47.8607881,-57.4908841,4.4700223,-0.1053253,8.4999656,0.0000134
79.7886146,47.8108107,-57.6844977,4.4498379,-0.0957576,8.4999660,0.0000073
79.9885860,47.7571394,-57.8771272,4.4319025,-0.0828582,8.4999661,0.0000036
80.1885575,47.7002857,-58.0688473,4.4168127,-0.0677106,8.4999662,0.0000016
80.3885290,47.6408390,-58.2597834,4.4048076,-0.0525696,8.4999663,0.0000008
80.5885004,47.5793826,-58.4500845,4.3956619,-0.0394433,8.4999663,0.0000007
80.7884719,47.5164197,-58.6398939,4.3888641,-0.0291142,8.4999663,0.0000010
80.9884434,47.4523457,-58.8293319,4.3838599,-0.0213833,8.4999663,0.0000015
81.1884148,47.3874564,-59.0184927,4.3801840,-0.0156890,8.4999664,0.0000020
81.3883863,47.3219691,-59.2074474,4.3774875,-0.0114782,8.4999664,0.0000023
81.5883577,47.2560447,-59.3962498,4.3755200,-0.0083232,8.4999665,0.0000026
81.7883292,47.1898035,-59.5849404,4.3741034,-0.0059227,8.4999665,0.0000029
81.9883007,47.1233369,-59.7735506,4.3731090,-0.0040714,8.4999666,0.0000031
82.1882721,47.0567153,-59.9621047,4.3724421,-0.0026299,8.4999667,0.0000032
82.3882436,46.9899936,-60.1506217,4.3720311,-0.0015020,8.4999667,0.0000033
82.5882151,46.9232146,-60.3391168,4.3718204,-0.0006193,8.4999668,0.0000033
82.7881865,46.8564118,-60.5276018,4.3717664,0.0000685,8.4999669,0.0000033
82.9881580,46.7896112,-60.7160861,4.3718340,0.0005999,8.4999670,0.0000033
83.1881295,46.7228329,-60.9045773,4.3719952,0.0010051,8.4999670,0.0000032
83.3881009,46.6560922,-61.0930809,4.3722270,0.0013086,8.4999671,0.0000032
83.5880724,46.5894006,-61.2816014,4.3725114,0.0015306,8.4999672,0.0000031
83.7880439,46.5227664,-61.4701422,4.3728336,0.0016879,8.4999673,0.0000030
83.9880153,46.4561955,-61.6587056,4.3731822,0.0017943,8.4999673,0.0000029
84.1879868,46.3896918,-61.8472934,4.3735481,0.0018616,8.4999674,0.0000027
84.3879583,46.3232580,-62.0359067,4.3739245,0.0018992,8.4999675,0.0000026
84.5879297,46.2568954,-62.2245461,4.3743061,0.0019148,8.4999675,0.0000025
84.7879012,46.1906046,-62.4132120,4.3746892,0.0019144,8.4999676,0.0000023
84.9878727,46.1243857,-62.6019043,4.3750710,0.0019028,8.4999676,0.0000022
85.1878441,46.0582381,-62.7906229,4.3754497,0.0018831,8.4999677,0.0000020
85.3878156,45.9921612,-62.9793674,4.3758239,0.0018579,8.4999677,0.0000019
85.5877871,45.9261541,-63.1681373,4.3761924,0.0018268,8.4999678,0.0000018
85.7877585,45.8602157,-63.3569322,4.3765545,0.0017945,8.4999678,0.0000016
85.9877300,45.7943450,-63.5457508,4.3769092,0.0017467,8.4999679,0.0000015
86.1877014,45.7285398,-63.7345939,4.3772549,0.0017231,8.4999679,0.0000013
86.3876729,45.6628006,-63.9234564,4.3775929,0.0016136,8.4999679,0.0000009
86.5876444,45.5971202,-64.1123493,4.3779276,0.0019765,8.4999679,0.0000003
86.7876158,45.5315101,-64.3012784,4.3783615,0.0019871,8.4999680,-0.0000003
86.9875873,45.4659798,-64.4902166,4.3786918,0.0013478,8.4999679,-0.0000006
87.1875588,45.4005052,-64.6791601,4.3789120,0.0009499,8.4999679,-0.0000007
87.3875302,45.3350661,-64.8681182,4.3790821,0.0007513,8.4999679,-0.0000007
87.5875017,45.2696555,-65.0570858,4.3792128,0.0005632,8.4999679,-0.0000006
87.7874732,45.2042662,-65.2460608,4.3793086,0.0004013,8.4999679,-0.0000006
87.9874446,45.1388921,-65.4350411,4.3793745,0.0002639,8.4999679,-0.0000006
88.1874161,45.0735279,-65.6240250,4.3794155,0.0001522,8.4999679,-0.0000006
88.3873876,45.0081696,-65.8130110,4.3794368,0.0000675,8.4999678,-0.0000005
88.5873590,44.9428138,-66.0019980,4.3794439,0.0000110,8.4999678,-0.0000005
88.7873305,44.8774584,-66.1909853,4.3794427,-0.0000158,8.4999678,-0.0000005
88.9873020,44.8121024,-66.3799725,4.3794392,-0.0000113,8.4999678,-0.0000005
89.1872734,44.7467461,-66.5689597,4.3794399,0.0000262,8.4999678,-0.0000005
89.3872449,44.6813907,-66.7579473,4.3794516,0.0000986,8.4999678,-0.0000004
89.5872164,44.6160392,-66.9469363,4.3794813,0.0002077,8.4999678,-0.0000004
89.7871878,44.5506955,-67.1359281,4.3795367,0.0003552,8.4999678,-0.0000004
89.9871593,44.4853654,-67.3249246,4.3796255,0.0005429,8.4999678,-0.0000004
90.1871307,44.4200558,-67.5139282,4.3797560,0.0007721,8.4999677,-0.0000003
90.3871022,44.3547755,-67.7029419,4.3799366,0.0010437,8.4999677,-0.0000003
90.5870737,44.2895347,-67.8919693,4.3801757,0.0013580,8.4999677,-0.0000003
90.7870451,44.2243454,-68.0810144,4.3804819,0.0017146,8.4999677,-0.0000002
90.9870166,44.1592209,-68.2700818,4.3808636,0.0021120,8.4999677,-0.0000002
91.1869881,44.0941764,-68.4591766,4.3813286,0.0025475,8.4999677,-0.0000002
91.3869595,44.0292283,-68.6483046,4.3818842,0.0030167,8.4999677,-0.0000001
91.5869310,43.9643944,-68.8374717,4.3825366,0.0035138,8.4999677,-0.0000001
91.7869025,43.8996934,-69.0266843,4.3832905,0.0040306,8.4999677,-0.0000001
91.9868739,43.8351450,-69.2159489,4.3841490,0.0045567,8.4999677,-0.0000000
92.1868454,43.7707691,-69.4052722,4.3851127,0.0050790,8.4999677,0.0000000
92.3868169,43.7065855,-69.5946608,4.3861793,0.0055816,8.4999677,0.0000001
92.5867883,43.6426133,-69.7841208,4.3873430,0.0060454,8.4999677,0.0000001
92.7867598,43.5788700,-69.9736580,4.3885939,0.0064478,8.4999677,0.0000001
92.9867313,43.5153710,-70.1632772,4.3899172,0.0067629,8.4999677,0.0000001
93.1867027,43.4521284,-70.3529820,4.3912926,0.0069610,8.4999677,0.0000001
93.3866742,43.3891495,-70.5427746,4.3926935,0.0070088,8.4999677,0.0000000
93.5866457,43.3264364,-70.7326552,4.3940860,0.0068694,8.4999677,-0.0000001
93.7866171,43.2639838,-70.9226217,4.3954290,0.0065025,8.4999677,-0.0000002
93.9865886,43.2017778,-71.1126692,4.3966726,0.0058650,8.4999677,-0.0000003
94.1865600,43.1397941,-71.3027895,4.3977582,0.0049115,8.4999677,-0.0000005
94.3865315,43.0779965,-71.4929704,4.3986179,0.0035950,8.4999677,-0.0000007
94.5865030,43.0163348,-71.6831957,4.3991745,0.0018685,8.4999677,-0.0000009
94.7864744,42.9547433,-71.8734438,4.3993414,-0.0003140,8.4999677,-0.0000010
94.9864459,42.8931390,-72.0636880,4.3990229,-0.0029954,8.4999676,-0.0000010
95.1864174,42.8314197,-72.2538952,4.3981154,-0.0062141,8.4999676,-0.0000008
95.3863888,42.7694631,-72.4440253,4.3965081,-0.0100018,8.4999676,-0.0000002
95.5863603,42.7071252,-72.6340310,4.3940848,-0.0143809,8.4999676,0.0000011
95.7863318,42.6442401,-72.8238564,4.3907258,-0.0193614,8.4999676,0.0000033
95.9863032,42.5806196,-73.0134365,4.3863111,-0.0249374,8.4999677,0.0000068
96.1862747,42.5160536,-73.2026966,4.3807240,-0.0310787,8.4999678,0.0000122
96.3862462,42.4503119,-73.3915513,4.3738560,-0.0377361,8.4999681,0.0000194
96.5862176,42.3831466,-73.5799038,4.3656121,-0.0448097,8.4999686,0.0000285
96.7861891,42.3142958,-73.7676460,4.3559127,-0.0523300,8.4999693,0.0000372
96.9861606,42.2434843,-73.9546564,4.3446706,-0.0601545,8.4999701,0.0000395
97.1861320,42.1704294,-74.1408004,4.3318634,-0.0678660,8.4999711,0.0000305
97.3861035,42.0948564,-74.3259350,4.3175500,-0.0751898,8.4999718,0.0000097
97.5860750,42.0165103,-74.5099111,4.3018247,-0.0819135,8.4999720,-0.0000213
97.7860464,41.9351629,-74.6925794,4.2848280,-0.0879255,8.4999715,-0.0000593
97.9860179,41.8506203,-74.8737874,4.2667366,-0.0924206,8.4999701,-0.0000986
98.1859893,41.7627432,-75.0534071,4.2479130,-0.0961585,8.4999678,-0.0001311
98.3859608,41.6714189,-75.2313193,4.2282343,-0.1007191,8.4999647,-0.0001469
98.5859323,41.5765246,-75.4073645,4.2076318,-0.1048972,8.4999613,-0.0001390
98.7859037,41.4779600,-75.5813808,4.1863299,-0.1080467,8.4999580,-0.0001048
98.9858752,41.3756581,-75.7532267,4.1644191,-0.1109590,8.4999555,-0.0000570
99.1858467,41.2695689,-75.9227595,4.1419572,-0.1135930,8.4999542,-0.0000274
99.3858181,41.1596568,-76.0898370,4.1189880,-0.1160458,8.4999535,-0.0000180
99.5857896,41.0458985,-76.2543171,4.0955465,-0.1183285,8.4999531,-0.0000014
99.7857611,40.9282816,-76.4160575,4.0716673,-0.1204396,8.4999531,0.0000380
99.9857325,40.8068049,-76.5749174,4.0473841,-0.1223809,8.4999540,0.0001787
100.1857040,40.6814776,-76.7307574,4.0227321,-0.1241365,8.4999582,0.0005633
100.3856755,40.5523194,-76.8834411,3.9977504,-0.1256753,8.4999714,0.0007940
100.5856469,40.4193617,-77.0328364,3.9724868,-0.1269440,8.4999901,-0.0003544
100.7856184,40.2826485,-77.1788168,3.9469985,-0.1278919,8.4999818,-0.0013801
100.9855899,40.1422380,-77.3212632,3.9213558,-0.1284336,8.4999493,-0.0008803
101.1855613,39.9982063,-77.4600663,3.8956535,-0.1284214,8.4999286,-0.0000563
101.3855328,39.8506519,-77.5951307,3.8700181,-0.1277062,8.4999273,0.0003760
101.5855043,39.6997016,-77.7263790,3.8446067,-0.1261461,8.4999361,0.0003617
101.7854757,39.5455146,-77.8537577,3.8196082,-0.1235926,8.4999446,0.0001824
101.9854472,39.3882855,-77.9772443,3.7952422,-0.1199061,8.4999489,0.0000926
102.1854187,39.2282420,-78.0968577,3.7717515,-0.1149888,8.4999511,0.0000799
102.3853901,39.0655452,-78.2127302,3.7493692,-0.1088825,8.4999530,-0.0001247
102.5853616,38.8999599,-78.3253084,3.7282393,-0.1020800,8.4999500,-0.0002659
102.7853330,38.7323143,-78.4343492,3.7085253,-0.0952294,8.4999438,-0.0002597
102.9853045,38.5627984,-78.5400702,3.6901146,-0.0895945,8.4999377,-0.0002365
103.1852760,38.3913747,-78.6427358,3.6722594,-0.0908132,8.4999321,-0.0001888
103.3852474,38.2182707,-78.7421431,3.6532726,-0.0973130,8.4999277,-0.0001884
103.5852189,38.0429941,-78.8383335,3.6335846,-0.1018420,8.4999232,-0.0002333
103.7851904,37.8654620,-78.9310954,3.6122714,-0.1108317,8.4999177,-0.0002359
103.9851618,37.6864792,-79.0196278,3.5893752,-0.1181275,8.4999122,-0.0000516
104.1851333,37.5053690,-79.1039613,3.5652150,-0.1233359,8.4999110,0.0003533
104.3851048,37.3221051,-79.1838675,3.5401889,-0.1266402,8.4999193,0.0008391
104.5850762,37.1368072,-79.2591391,3.5146525,-0.1283784,8.4999390,0.0010797
104.7850477,36.9496112,-79.3296402,3.4888934,-0.1288887,8.4999644,0.0008540
104.9850192,36.7606593,-79.3952936,3.4631320,-0.1284627,8.4999845,-0.0001021
105.1849906,36.5700935,-79.4560678,3.4375317,-0.1273504,8.4999821,-0.0032273
105.3849621,36.3780544,-79.5119656,3.4122091,-0.1257403,8.4999062,-0.0076365
105.5849336,36.1846808,-79.5630142,3.3872495,-0.1237524,8.4997265,-0.0099369
105.7849050,35.9901090,-79.6092603,3.3627181,-0.1214730,8.4994927,-0.0048304
105.9848765,35.7944731,-79.6507655,3.3386648,-0.1189778,8.4993791,0.0144369
106.1848480,35.5979042,-79.6876039,3.3151314,-0.1162478,8.4997188,0.0095664
106.3848194,35.4005296,-79.7198626,3.2921684,-0.1132597,8.4999438,0.0008559
106.5847909,35.2024727,-79.7476421,3.2698297,-0.1099890,8.4999640,0.0000700
106.7847623,35.0038511,-79.7710582,3.2481818,-0.1062882,8.4999656,0.0000427
106.9847338,34.8047769,-79.7902470,3.2273370,-0.1018673,8.4999666,0.0000269
107.1847053,34.6053549,-79.8053770,3.2074794,-0.0962871,8.4999672,0.0000167
107.3846767,34.4056818,-79.8166662,3.1888995,-0.0889685,8.4999676,0.0000100
107.5846482,34.2058434,-79.8244052,3.1720106,-0.0793971,8.4999679,0.0000058
107.7846197,34.0059128,-79.8289769,3.1572867,-0.0675901,8.4999680,0.0000034
107.9845911,33.8059439,-79.8308513,3.1450807,-0.0545353,8.4999681,0.0000022
108.1845626,33.6059757,-79.8305433,3.1354475,-0.0419449,8.4999681,0.0000016
108.3845341,33.4060245,-79.8285487,3.1281525,-0.0309984,8.4999682,0.0000009
108.5845055,33.2060644,-79.8253172,3.1230938,-0.0195960,8.4999682,-0.0000002
108.7844770,33.0060951,-79.8212516,3.1195207,-0.0166029,8.4999682,-0.0000011
108.9844485,32.8061488,-79.8165234,3.1164712,-0.0138453,8.4999682,-0.0000017
109.1844199,32.6062302,-79.8112409,3.1139656,-0.0112463,8.4999681,-0.0000021
109.3843914,32.4063251,-79.8055051,3.1119024,-0.0095769,8.4999681,-0.0000024
109.5843629,32.2064341,-79.7993845,3.1100889,-0.0087009,8.4999680,-0.0000028
109.7843343,32.0065562,-79.7929142,3.1083801,-0.0085396,8.4999679,-0.0000032
109.9843058,31.8066914,-79.7861011,3.1066355,-0.0090506,8.4999679,-0.0000037
110.1842773,31.6068410,-79.7789248,3.1047235,-0.0102158,8.4999678,-0.0000040
110.3842487,31.4070076,-79.7713388,3.1025129,-0.0120368,8.4999677,-0.0000041
110.5842202,31.2071951,-79.7632703,3.0998719,-0.0145210,8.4999676,-0.0000040
110.7841916,31.0074095,-79.7546202,3.0966669,-0.0176769,8.4999675,-0.0000034
110.9841631,30.8076589,-79.7452624,3.0927629,-0.0215062,8.4999674,-0.0000021
111.1841346,30.6079546,-79.7350441,3.0880262,-0.0259987,8.4999674,-0.0000001
111.3841060,30.4083118,-79.7237862,3.0823266,-0.0311242,8.4999674,0.0000030
111.5840775,30.2087502,-79.7112848,3.0755424,-0.0368326,8.4999674,0.0000070
111.7840490,30.0092951,-79.6973130,3.0675652,-0.0430406,8.4999676,0.0000117
111.9840204,29.8099788,-79.6816245,3.0582968,-0.0497517,8.4999679,0.0000158
112.1839919,29.6108414,-79.6639544,3.0476497,-0.0568164,8.4999683,0.0000142
112.3839634,29.4118481,-79.6440175,3.0355921,-0.0637773,8.4999686,0.0000041
112.5839348,29.2130938,-79.6215430,3.0221750,-0.0703347,8.4999687,-0.0000157
112.7839063,29.0146893,-79.5962791,3.0075027,-0.0762574,8.4999683,-0.0000438
112.9838778,28.8167116,-79.5679975,2.9917268,-0.0813162,8.4999673,-0.0000754
113.1838492,28.6192389,-79.5365059,2.9750395,-0.0853639,8.4999655,-0.0000985
113.3838207,28.4223569,-79.5016551,2.9576506,-0.0882855,8.4999632,-0.0000723
113.5837922,28.2261264,-79.4633381,2.9397924,-0.0902799,8.4999615,-0.0000043
113.7837636,28.0306412,-79.4214836,2.9214274,-0.0937070,8.4999614,0.0000180
113.9837351,27.8359622,-79.3759914,2.9026697,-0.0930248,8.4999618,0.0000272
114.1837066,27.6421975,-79.3269043,2.8843993,-0.0899638,8.4999625,0.0000303
114.3836780,27.4493177,-79.2743202,2.8665085,-0.0885148,8.4999632,0.0000323
114.5836495,27.2573852,-79.2183364,2.8491873,-0.0844981,8.4999639,0.0000279
114.7836210,27.0663989,-79.1591122,2.8327892,-0.0790919,8.4999646,0.0000205
114.9835924,26.8763568,-79.0968724,2.8176368,-0.0721427,8.4999651,0.0000153
115.1835639,26.6872183,-79.0318943,2.8039865,-0.0641608,8.4999654,0.0000115
115.3835353,26.4989205,-78.9644920,2.7919940,-0.0557010,8.4999657,0.0000089
115.5835068,26.3113810,-78.8949939,2.7816930,-0.0473485,8.4999659,0.0000072
115.7834783,26.1245076,-78.8237205,2.7730130,-0.0395445,8.4999661,0.0000062
115.9834497,25.9382064,-78.7509688,2.7658154,-0.0325315,8.4999662,0.0000056
116.1834212,25.7523873,-78.6770043,2.7599325,-0.0263797,8.4999664,0.0000052
116.3833927,25.5669737,-78.6020611,2.7551954,-0.0210537,8.4999665,0.0000051
116.5833641,25.3819069,-78.5263458,2.7514484,-0.0164718,8.4999666,0.0000050
116.7833356,25.1970859,-78.4500159,2.7485541,-0.0125224,8.4999667,0.0000049
116.9833071,25.0124529,-78.3732189,2.7463948,-0.0091150,8.4999668,0.0000049
117.1832785,24.8279573,-78.2960817,2.7448698,-0.0061717,8.4999669,0.0000049
117.3832500,24.6435548,-78.2187138,2.7438929,-0.0036274,8.4999671,0.0000049
117.5832215,24.4592068,-78.1412095,2.7433895,-0.0014288,8.4999672,0.0000049
117.7831929,24.2748798,-78.0636503,2.7432950,0.0004681,8.4999673,0.0000049
117.9831644,24.0905450,-77.9861065,2.7435525,0.0020992,8.4999674,0.0000048
118.1831359,23.9061916,-77.9086443,2.7441120,0.0034912,8.4999675,0.0000048
118.3831073,23.7217889,-77.8313114,2.7449284,0.0046670,8.4999676,0.0000047
118.5830788,23.5373133,-77.7541491,2.7459614,0.0056555,8.4999677,0.0000046
118.7830503,23.3527482,-77.6771934,2.7471730,0.0064474,8.4999679,0.0000040
118.9830217,23.1680873,-77.6004775,2.7485455,0.0072841,8.4999679,0.0000024
119.1829932,22.9832805,-77.5240214,2.7501680,0.0091046,8.4999680,0.0000004
119.3829646,22.7983104,-77.4478783,2.7519572,0.0082117,8.4999680,-0.0000013
119.5829361,22.6132506,-77.3720573,2.7535100,0.0075260,8.4999680,-0.0000020
119.7829076,22.4280936,-77.2965223,2.7549802,0.0072089,8.4999679,-0.0000022
119.9828790,22.2428229,-77.2212518,2.7563878,0.0068374,8.4999679,-0.0000023
120.1828505,22.0574523,-77.1462356,2.7577080,0.0063393,8.4999678,-0.0000023
120.3828220,21.8719867,-77.0714541,2.7589161,0.0057104,8.4999678,-0.0000024
120.5827934,21.6864366,-76.9968845,2.7599843,0.0049377,8.4999677,-0.0000024
120.7827649,21.5008135,-76.9224980,2.7608826,0.0040076,8.4999677,-0.0000025
120.9827364,21.3151312,-76.8482601,2.7615780,0.0029028,8.4999676,-0.0000025
121.1827078,21.1294063,-76.7741298,2.7620335,0.0016040,8.4999675,-0.0000026
121.3826793,20.9436580,-76.7000587,2.7622084,0.0000901,8.4999675,-0.0000026
121.5826508,20.7579087,-76.6259907,2.7620572,-0.0016611,8.4999674,-0.0000026
121.7826222,20.5721842,-76.5518605,2.7615304,-0.0036721,8.4999674,-0.0000026
121.9825937,20.3865146,-76.4775935,2.7605738,-0.0059650,8.4999673,-0.0000025
122.1825652,20.2009340,-76.4031046,2.7591288,-0.0085603,8.4999672,-0.0000024
122.3825366,20.0154815,-76.3282976,2.7571331,-0.0114763,8.4999672,-0.0000024
122.5825081,19.8302016,-76.2530646,2.7545210,-0.0147281,8.4999671,-0.0000025
122.7824796,19.6451446,-76.1772857,2.7512240,-0.0183269,8.4999671,-0.0000028
122.9824510,19.4603672,-76.1008286,2.7471719,-0.0222803,8.4999670,-0.0000023
123.1824225,19.2759330,-76.0235484,2.7422934,-0.0265923,8.4999669,0.0000001
123.3823939,19.0919132,-75.9452881,2.7365165,-0.0312631,8.4999669,0.0000031
123.5823654,18.9083875,-75.8658784,2.7297696,-0.0362926,8.4999670,0.0000064
123.7823369,18.7254442,-75.7851386,2.7219812,-0.0416773,8.4999672,0.0000105
123.9823083,18.5431818,-75.7028767,2.7130817,-0.0473966,8.4999674,0.0000150
124.1822798,18.3617091,-75.6188909,2.7030037,-0.0534706,8.4999678,0.0000193
124.3822513,18.1811470,-75.5329696,2.6916764,-0.0598801,8.4999682,0.0000203
124.5822227,18.0016286,-75.4448934,2.6790540,-0.0663679,8.4999687,0.0000156
124.7821942,17.8232967,-75.3544445,2.6651496,-0.0726767,8.4999691,0.0000036
124.9821657,17.6462996,-75.2614165,2.6500186,-0.0786326,8.4999692,-0.0000155
125.1821371,17.4707880,-75.1656212,2.6337534,-0.0840261,8.4999688,-0.0000409
125.3821086,17.2968914,-75.0668850,2.6164844,-0.0886525,8.4999678,-0.0000674
125.5820801,17.1247589,-74.9650795,2.5983764,-0.0923642,8.4999662,-0.0000861
125.7820515,16.9545361,-74.8601176,2.5796217,-0.0950633,8.4999642,-0.0000742
125.9820230,16.7863399,-74.7519440,2.5604331,-0.0966469,8.4999625,-0.0000086
126.1819945,16.6202664,-74.6405449,2.5410451,-0.0969972,8.4999623,0.0000349
126.3819659,16.4563856,-74.5259504,2.5217194,-0.0959665,8.4999631,0.0000306
126.5819374,16.2947348,-74.4082368,2.5027500,-0.0933735,8.4999638,0.0000264
126.7819089,16.1353106,-74.2875304,2.4844702,-0.0890431,8.4999644,0.0000204
126.9818803,15.9780611,-74.1640097,2.4672394,-0.0828921,8.4999649,0.0000132
127.1818518,15.8228804,-74.0379049,2.4514219,-0.0749682,8.4999652,0.0000069
127.3818233,15.6696069,-73.9094929,2.4373463,-0.0655936,8.4999654,0.0000024
127.5817947,15.5180301,-73.7790845,2.4252413,-0.0553911,8.4999654,-0.0000006
127.7817662,15.3679016,-73.6469999,2.4151899,-0.0451393,8.4999654,-0.0000025
127.9817376,15.2189657,-73.5135548,2.4071263,-0.0355926,8.4999654,-0.0000032
128.1817091,15.0709945,-73.3790569,2.4008720,-0.0271491,8.4999653,-0.0000032
128.3816806,14.9237654,-73.2437609,2.3961838,-0.0200030,8.4999652,-0.0000027
128.5816520,14.7770854,-73.1078790,2.3927932,-0.0142020,8.4999652,-0.0000018
128.7816235,14.6307952,-72.9715805,2.3904307,-0.0097344,8.4999651,-0.0000007
128.9815950,14.4847686,-72.8349922,2.3888339,-0.0064891,8.4999651,0.0000005
129.1815664,14.3389180,-72.6982090,2.3877557,-0.0046186,8.4999651,0.0000022
129.3815379,14.1931798,-72.5612769,2.3869619,-0.0033491,8.4999652,0.0000055
129.5815094,14.0475308,-72.4242332,2.3862559,-0.0040984,8.4999653,0.0000114
129.7814808,13.9020305,-72.2870749,2.3849471,-0.0094612,8.4999656,0.0000170
129.9814523,13.7567214,-72.1496421,2.3832397,-0.0070329,8.4999660,0.0000187
130.1814238,13.6116084,-72.0119895,2.3819321,-0.0061424,8.4999664,0.0000171
130.3813952,13.4667018,-71.8741716,2.3805338,-0.0078491,8.4999668,0.0000148
130.5813667,13.3220296,-71.7361455,2.3788184,-0.0092944,8.4999672,0.0000127
130.7813382,13.1776255,-71.5978559,2.3767525,-0.0113724,8.4999674,0.0000111
130.9813096,13.0335375,-71.4592359,2.3742308,-0.0138646,8.4999677,0.0000102
131.1812811,12.8898287,-71.3202075,2.3711598,-0.0168972,8.4999679,0.0000103
131.3812526,12.7465813,-71.1806818,2.3674306,-0.0204737,8.4999682,0.0000118
131.5812240,12.6038969,-71.0405588,2.3629307,-0.0246343,8.4999685,0.0000150
131.7811955,12.4618970,-70.8997249,2.3575457,-0.0293273,8.4999688,0.0000202
131.9811669,12.3207249,-70.7580578,2.3511635,-0.0346540,8.4999693,0.0000274
132.1811384,12.1805368,-70.6154135,2.3436674,-0.0403537,8.4999699,0.0000352
132.3811099,12.0415194,-70.4716550,2.3349666,-0.0471224,8.4999708,0.0000385
132.5810813,11.9038705,-70.3266032,2.3248763,-0.0524771,8.4999717,0.0000322
132.7810528,11.7676890,-70.1800569,2.3141406,-0.0551040,8.4999724,0.0000147
132.9810243,11.6331280,-70.0320035,2.3026320,-0.0622899,8.4999728,-0.0000129
133.1809957,11.5005248,-69.8823530,2.2885920,-0.0769016,8.4999725,-0.0000487
133.3809672,11.3702306,-69.7307216,2.2724689,-0.0843601,8.4999713,-0.0000899
133.5809387,11.2425005,-69.5768974,2.2548308,-0.0920703,8.4999692,-0.0001310
133.7809101,11.1176220,-69.4207564,2.2357474,-0.0988782,8.4999661,-0.0001624
133.9808816,10.9958497,-69.2621788,2.2153557,-0.1052580,8.4999623,-0.0001714
134.1808531,10.8774010,-69.1010320,2.1937590,-0.1109005,8.4999583,-0.0001510
134.3808245,10.7625535,-68.9373096,2.1711030,-0.1158567,8.4999547,-0.0000981
134.5807960,10.6515326,-68.7709912,2.1475426,-0.1199617,8.4999524,-0.0000583
134.7807675,10.5445438,-68.6020946,2.1232635,-0.1231140,8.4999510,-0.0000534
134.9807389,10.4416805,-68.4305326,2.0984745,-0.1248689,8.4999498,-0.0000408
135.1807104,10.3430745,-68.2563694,2.0734454,-0.1251722,8.4999488,-0.0000034
135.3806819,10.2488289,-68.0797585,2.0486013,-0.1230533,8.4999488,0.0001680
135.5806533,10.1589823,-67.9009113,2.0240664,-0.1235255,8.4999527,0.0007475
135.7806248,10.0737515,-67.7202545,1.9991802,-0.1225181,8.4999703,0.0008056
135.9805962,9.9929855,-67.5377239,1.9759873,-0.1099086,8.4999892,-0.0011619
136.1805677,9.9161822,-67.3531794,1.9543044,-0.1096996,8.4999619,-0.0020965
136.3805392,9.8434189,-67.1669970,1.9324536,-0.1091577,8.4999126,-0.0007908
136.5805106,9.7747493,-66.9792774,1.9104597,-0.1109426,8.4998940,0.0006267
136.7804821,9.7102410,-66.7900307,1.8881010,-0.1129070,8.4999087,0.0011044
136.9804536,9.6499926,-66.5992849,1.8652957,-0.1151177,8.4999347,0.0006426
137.1804250,9.5941516,-66.4072002,1.8420488,-0.1172473,8.4999498,-0.0000262
137.3803965,9.5428829,-66.2140654,1.8184246,-0.1191155,8.4999492,-0.0003879
137.5803680,9.4962102,-66.0197025,1.7944585,-0.1205915,8.4999401,-0.0003218
137.7803394,9.4542239,-65.8242180,1.7702312,-0.1216535,8.4999325,0.0001389
137.9803109,9.4169971,-65.6277315,1.7458261,-0.1223199,8.4999358,0.0006940
138.1802824,9.3845833,-65.4303694,1.7213212,-0.1226342,8.4999521,0.0009164
138.3802538,9.3570178,-65.2322606,1.6967839,-0.1226534,8.4999737,0.0005840
138.5802253,9.3343195,-65.0335336,1.6722694,-0.1224332,8.4999874,-0.0009404
138.7801968,9.3164936,-64.8343149,1.6478205,-0.1220357,8.4999653,-0.0048651
138.9801682,9.3035345,-64.6347285,1.6234695,-0.1214913,8.4998508,-0.0090248
139.1801397,9.2954270,-64.4348956,1.5992456,-0.1207998,8.4996385,-0.0089962
139.3801112,9.2921472,-64.2349507,1.5751794,-0.1199582,8.4994268,0.0019007
139.5800826,9.2936616,-64.0350004,1.5512976,-0.1189648,8.4994716,0.0204601
139.7800541,9.2999292,-63.8351363,1.5276376,-0.1177153,8.4999529,0.0004287
139.9800255,9.3108968,-63.6354708,1.5042558,-0.1161599,8.4999630,0.0000780
140.1799970,9.3264963,-63.4361106,1.4812229,-0.1141869,8.4999648,0.0000475
140.3799685,9.3466394,-63.2371573,1.4586535,-0.1114584,8.4999660,0.0000299
140.5799399,9.3712038,-63.0386963,1.4367839,-0.1070225,8.4999667,0.0000178
140.7799114,9.3999980,-62.8407944,1.4160643,-0.1002731,8.4999671,0.0000092
140.9798829,9.4327505,-62.6435195,1.3967146,-0.0928653,8.4999673,0.0000036
141.1798543,9.4691349,-62.4468902,1.3793354,-0.0807149,8.4999674,0.0000003
141.3798258,9.5086793,-62.2508672,1.3646040,-0.0665904,8.4999674,-0.0000014
141.5797973,9.5508292,-62.0553878,1.3527220,-0.0524277,8.4999674,-0.0000023
141.7797687,9.5950343,-61.8603620,1.3434945,-0.0401394,8.4999673,-0.0000025
141.9797402,9.6408140,-61.6657000,1.3364752,-0.0303495,8.4999672,-0.0000023
142.1797117,9.6877840,-61.4713221,1.3311771,-0.0228865,8.4999672,-0.0000020
142.3796831,9.7356505,-61.2771633,1.3271817,-0.0172750,8.4999671,-0.0000017
142.5796546,9.7841927,-61.0831729,1.3241654,-0.0130542,8.4999671,-0.0000014
142.7796261,9.8332447,-60.8893113,1.3218869,-0.0098638,8.4999671,-0.0000011
142.9795975,9.8826816,-60.6955479,1.3201668,-0.0074465,8.4999670,-0.0000009
143.1795690,9.9324087,-60.5018594,1.3188690,-0.0056236,8.4999670,-0.0000007
143.3795405,9.9823548,-60.3082277,1.3178875,-0.0042695,8.4999670,-0.0000005
143.5795119,10.0324672,-60.1146393,1.3171379,-0.0032932,8.4999670,-0.0000003
143.7794834,10.0827077,-59.9210846,1.3165518,-0.0026252,8.4999670,-0.0000001
143.9794549,10.1330504,-59.7275567,1.3160733,-0.0022089,8.4999670,0.0000000
144.1794263,10.1834789,-59.5340513,1.3156569,-0.0019954,8.4999670,0.0000001
144.3793978,10.2339849,-59.3405663,1.3152664,-0.0019411,8.4999670,0.0000002
144.5793692,10.2845663,-59.1471011,1.3148741,-0.0020059,8.4999670,0.0000003
144.7793407,10.3352254,-58.9536561,1.3144597,-0.0021540,8.4999670,0.0000004
144.9793122,10.3859679,-58.7602329,1.3140099,-0.0023540,8.4999670,0.0000005
145.1792836,10.4368016,-58.5668335,1.3135168,-0.0025815,8.4999670,0.0000006
145.3792551,10.4877352,-58.3734601,1.3129769,-0.0028211,8.4999670,0.0000007
145.5792266,10.5387779,-58.1801153,1.3123883,-0.0030670,8.4999671,0.0000007
145.7791980,10.5899393,-57.9868016,1.3117500,-0.0033188,8.4999671,0.0000008
145.9791695,10.6412290,-57.7935216,1.3110605,-0.0035796,8.4999671,0.0000008
146.1791410,10.6926572,-57.6002781,1.3103177,-0.0038539,8.4999671,0.0000009
146.3791124,10.7442344,-57.4070740,1.3095183,-0.0041459,8.4999671,0.0000009
146.5790839,10.7959719,-57.2139125,1.3086584,-0.0044587,8.4999672,0.0000009
146.7790554,10.8478817,-57.0207969,1.3077338,-0.0047934,8.4999672,0.0000010
146.9790268,10.8999766,-56.8277310,1.3067402,-0.0051486,8.4999672,0.0000010
147.1789983,10.9522705,-56.6347186,1.3056738,-0.0055203,8.4999672,0.0000010
147.3789698,11.0047774,-56.4417639,1.3045319,-0.0059011,8.4999672,0.0000010
147.5789412,11.0575120,-56.2488711,1.3033139,-0.0062807,8.4999673,0.0000011
147.7789127,11.1104888,-56.0560445,1.3020211,-0.0066451,8.4999673,0.0000011
147.9788842,11.1637217,-55.8632885,1.3006585,-0.0069767,8.4999673,0.0000010
148.1788556,11.2172233,-55.6706068,1.2992347,-0.0072545,8.4999673,0.0000010
148.3788271,11.2710041,-55.4780028,1.2977628,-0.0074533,8.4999674,0.0000010
148.5787985,11.3250715,-55.2854792,1.2962615,-0.0075447,8.4999674,0.0000009
148.7787700,11.3794287,-55.0930372,1.2947555,-0.0074964,8.4999674,0.0000008
148.9787415,11.4340737,-54.9006769,1.2932762,-0.0072727,8.4999674,0.0000006
149.1787129,11.4889975,-54.7083962,1.2918626,-0.0068347,8.4999674,0.0000005
149.3786844,11.5441830,-54.5161906,1.2905616,-0.0061410,8.4999675,0.0000003
149.5786559,11.5996033,-54.3240528,1.2894288,-0.0051481,8.4999675,0.0000000
149.7786273,11.6552200,-54.1319719,1.2885282,-0.0038111,8.4999675,-0.0000002
149.9785988,11.7109815,-53.9399333,1.2879332,-0.0020855,8.4999675,-0.0000003
150.1785703,11.7668214,-53.7479177,1.2877258,0.0000721,8.4999674,-0.0000004
150.3785417,11.8226566,-53.5559010,1.2879963,0.0027030,8.4999674,-0.0000004
150.5785132,11.8783861,-53.3638541,1.2888429,0.0058401,8.4999674,-0.0000000
150.7784847,11.9338894,-53.1717417,1.2903704,0.0095235,8.4999674,0.0000007
150.9784561,11.9890246,-52.9795246,1.2926879,0.0137411,8.4999674,0.0000022
151.1784276,12.0436295,-52.7871553,1.2959100,0.0186017,8.4999675,0.0000050
151.3783991,12.0975181,-52.5945842,1.3001385,0.0237139,8.4999676,0.0000098
151.5783705,12.1504856,-52.4017832,1.3054091,0.0290390,8.4999678,0.0000164
151.7783420,12.2023262,-52.2086802,1.3118739,0.0361099,8.4999682,0.0000244
151.9783135,12.2527793,-52.0151803,1.3198439,0.0435470,8.4999688,0.0000337
152.1782849,12.3015464,-51.8212416,1.3293084,0.0512056,8.4999696,0.0000418
152.3782564,12.3483238,-51.6268169,1.3403383,0.0591938,8.4999706,0.0000431
152.5782278,12.3927974,-51.4318500,1.3529789,0.0671883,8.4999716,0.0000336
152.7781993,12.4346480,-51.2363031,1.3671963,0.0749354,8.4999724,0.0000129
152.9781708,12.4735646,-51.0401502,1.3829287,0.0822722,8.4999727,-0.0000172
153.1781422,12.5092499,-50.8433827,1.4000736,0.0890206,8.4999723,-0.0000540
153.3781137,12.5414280,-50.6460104,1.4185008,0.0950746,8.4999710,-0.0000922
153.5780852,12.5698491,-50.4480612,1.4380643,0.1003848,8.4999688,-0.0001243
153.7780566,12.5942922,-50.2495810,1.4586138,0.1049550,8.4999659,-0.0001408
153.9780281,12.6145659,-50.0506318,1.4800041,0.1088271,8.4999626,-0.0001342
154.1779996,12.6305070,-49.8512898,1.5021012,0.1120653,8.4999595,-0.0001025
154.3779710,12.6419792,-49.6516432,1.5247845,0.1147369,8.4999570,-0.0000507
154.5779425,12.6488703,-49.4517901,1.5479475,0.1169168,8.4999558,-0.0000244
154.7779140,12.6510902,-49.2518364,1.5715014,0.1187002,8.4999553,-0.0000155
154.9778854,12.6485672,-49.0518819,1.5953729,0.1201013,8.4999549,-0.0000008
155.1778569,12.6412455,-48.8520379,1.6194956,0.1211757,8.4999549,0.0000360
155.3778284,12.6290853,-48.6524248,1.6438095,0.1219782,8.4999557,0.0001780
155.5777998,12.6120608,-48.4531639,1.6682628,0.1225416,8.4999599,0.0006573
155.7777713,12.5901589,-48.2543774,1.6928098,0.1228942,8.4999754,0.0005933
155.9777428,12.5633786,-48.0561881,1.7174092,0.1230504,8.4999893,-0.0005816
156.1777142,12.5317296,-47.8587180,1.7420242,0.1230496,8.4999757,-0.0012307
156.3776857,12.4952311,-47.6620880,1.7666251,0.1229068,8.4999467,-0.0007439
156.5776572,12.4539112,-47.4664170,1.7911807,0.1225778,8.4999292,0.0000974
156.7776286,12.4078076,-47.2718195,1.8156535,0.1221259,8.4999315,0.0005972
156.9776001,12.3569676,-47.0784121,1.8400062,0.1211860,8.4999456,0.0006224
157.1775715,12.3014562,-46.8862868,1.8640535,0.1188828,8.4999602,0.0003478
157.3775430,12.2413672,-46.6954810,1.8877578,0.1199264,8.4999684,-0.0000199
157.5775145,12.1767010,-46.5061436,1.9121820,0.1234033,8.4999679,-0.0003630
157.7774859,12.1073861,-46.3184791,1.9370969,0.1253208,8.4999594,-0.0005932
157.9774574,12.0333977,-46.1326383,1.9623102,0.1264302,8.4999454,-0.0006021
158.1774289,11.9547634,-45.9487932,1.9876111,0.1261812,8.4999312,-0.0003282
158.3774003,11.8715871,-45.7671288,2.0126292,0.1238010,8.4999235,0.0001266
158.5773718,11.7840069,-45.5876759,2.0368373,0.1181509,8.4999265,0.0003355
158.7773433,11.6918383,-45.4095816,2.0595486,0.1076124,8.4999344,-0.0000560
158.9773147,11.5960715,-45.2338740,2.0795476,0.0912790,8.4999331,-0.0004520
159.1772862,11.4975025,-45.0605782,2.0956406,0.0693610,8.4999224,-0.0006143
159.3772577,11.3961628,-44.8880186,2.1072299,0.0488902,8.4999080,-0.0005315
159.5772291,11.2933501,-44.7168349,2.1154194,0.0294726,8.4998955,-0.0002180
159.7772006,11.1895347,-44.5472147,2.1268942,0.0902919,8.4998904,0.0001594
159.9771721,11.0823841,-44.3786906,2.1480048,0.1111817,8.4998941,0.0004457
160.1771435,10.9707698,-44.2115775,2.1720355,0.1304152,8.4999046,0.0005550
160.3771150,10.8554914,-44.0482755,2.1992960,0.1411223,8.4999177,0.0004570
160.5770865,10.7357254,-43.8883280,2.2278683,0.1443472,8.4999284,0.0002438
160.7770579,10.6112561,-43.7316966,2.2566747,0.1434781,8.4999341,0.0000110
160.9770294,10.4822948,-43.5786235,2.2850562,0.1403368,8.4999344,-0.0001403
161.1770008,10.3490985,-43.4292235,2.3126399,0.1359125,8.4999311,-0.0000993
161.3769723,10.2120497,-43.2836422,2.3392119,0.1306055,8.4999288,0.0001944
161.5769438,10.0712476,-43.1416715,2.3647104,0.1247935,8.4999333,0.0005793
161.7769152,9.9268599,-43.0031746,2.3891310,0.1193997,8.4999470,0.0007971
161.9768867,9.7791657,-42.8681138,2.4122222,0.1100677,8.4999657,0.0007137
162.1768582,9.6285733,-42.7364020,2.4336195,0.1061677,8.4999825,0.0001256
162.3768296,9.4753025,-42.6080002,2.4549935,0.1090514,8.4999855,-0.0019665
162.5768011,9.3192799,-42.4829780,2.4772018,0.1115094,8.4999392,-0.0056713
162.7767726,9.1605064,-42.3614555,2.4994266,0.1113381,8.4998058,-0.0087641
162.9767440,8.9990742,-42.2435057,2.5217901,0.1121885,8.4995996,-0.0070099
163.1767155,8.8350339,-42.1292017,2.5442483,0.1124920,8.4994347,0.0043952
163.3766870,8.6684633,-42.0186153,2.5667757,0.1127805,8.4995381,0.0177758
163.5766584,8.4994388,-41.9118095,2.5893222,0.1126843,8.4999563,0.0003564
163.7766299,8.3280482,-41.8088355,2.6118100,0.1121708,8.4999647,0.0000635
163.9766014,8.1543889,-41.7097271,2.6341371,0.1110440,8.4999662,0.0000371
164.1765728,7.9785706,-41.6144931,2.6561428,0.1089286,8.4999670,0.0000219
164.3765443,7.8007199,-41.5231026,2.6775752,0.1052866,8.4999675,0.0000122
164.5765158,7.6209872,-41.4354640,2.6980502,0.0993543,8.4999678,0.0000058
164.7764872,7.4395539,-41.3513958,2.7170255,0.0903234,8.4999680,0.0000018
164.9764587,7.2566378,-41.2705986,2.7338598,0.0779913,8.4999680,-0.0000005
165.1764301,7.0724859,-41.1926508,2.7480202,0.0635986,8.4999680,-0.0000016
165.3764016,6.8873546,-41.1170526,2.7593277,0.0494675,8.4999680,-0.0000019
165.5763731,6.7014796,-41.0433018,2.7680070,0.0373511,8.4999679,-0.0000019
165.7763445,6.5150530,-40.9709565,2.7745129,0.0277650,8.4999679,-0.0000016
165.9763160,6.3282226,-40.8996605,2.7793273,0.0204457,8.4999678,-0.0000012
166.1762875,6.1410986,-40.8291389,2.7828553,0.0148967,8.4999678,-0.0000009
166.3762589,5.9537627,-40.7591823,2.7854055,0.0106570,8.4999678,-0.0000007
166.5762304,5.7662764,-40.6896304,2.7872047,0.0073752,8.4999678,-0.0000005
166.7762019,5.5786864,-40.6203589,2.7884194,0.0048034,8.4999678,-0.0000004
166.9761733,5.3910289,-40.5512705,2.7891744,0.0027716,8.4999677,-0.0000003
167.1761448,5.2033325,-40.4822885,2.7895659,0.0011627,8.4999677,-0.0000002
167.3761163,5.0156195,-40.4133520,2.7896701,-0.0001055,8.4999677,-0.0000002
167.5760877,4.8279074,-40.3444131,2.7895491,-0.0010930,8.4999677,-0.0000001
167.7760592,4.6402099,-40.2754344,2.7892543,-0.0018460,8.4999677,-0.0000001
167.9760307,4.4525376,-40.2063875,2.7888288,-0.0024012,8.4999677,-0.0000001
168.1760021,4.2648980,-40.1372514,2.7883092,-0.0027896,8.4999677,-0.0000001
168.3759736,4.0772968,-40.0680115,2.7877261,-0.0030377,8.4999677,-0.0000000
168.5759451,3.8897374,-39.9986582,2.7871052,-0.0031689,8.4999677,-0.0000000
168.7759165,3.7022217,-39.9291866,2.7864678,-0.0032038,8.4999677,-0.0000000
168.9758880,3.5147503,-39.8595953,2.7858312,-0.0031610,8.4999677,-0.0000000
169.1758595,3.3273228,-39.7898859,2.7852094,-0.0030569,8.4999677,-0.0000000
169.3758309,3.1399376,-39.7200622,2.7846132,-0.0029059,8.4999677,-0.0000000
169.5758024,2.9525929,-39.6501297,2.7840506,-0.0027205,8.4999677,-0.0000000
169.7757738,2.7652863,-39.5800955,2.7835274,-0.0025119,8.4999677,-0.0000000
169.9757453,2.5780150,-39.5099674,2.7830473,-0.0022893,8.4999677,-0.0000000
170.1757168,2.3907758,-39.4397536,2.7826124,-0.0020606,8.4999677,-0.0000000
170.3756882,2.2035657,-39.3694626,2.7822232,-0.0018320,8.4999677,-0.0000000
170.5756597,2.0163814,-39.2991031,2.7818792,-0.0016087,8.4999677,-0.0000000
170.7756312,1.8292199,-39.2286834,2.7815790,-0.0013946,8.4999677,-0.0000000
170.9756026,1.6420781,-39.1582114,2.7813204,-0.0011926,8.4999677,-0.0000000
171.1755741,1.4549532,-39.0876947,2.7811008,-0.0010047,8.4999677,-0.0000000
171.3755456,1.2678425,-39.0171404,2.7809172,-0.0008324,8.4999677,-0.0000000
171.5755170,1.0807436,-38.9465549,2.7807665,-0.0006761,8.4999677,-0.0000000
171.7754885,0.8936543,-38.8759439,2.7806454,-0.0005361,8.4999677,-0.0000000
171.9754600,0.7065725,-38.8053129,2.7805507,-0.0004121,8.4999677,-0.0000000
172.1754314,0.5194966,-38.7346663,2.7804792,-0.0003034,8.4999677,-0.0000000
172.3754029,0.3324250,-38.6640083,2.7804281,-0.0002090,8.4999677,-0.0000000
172.5753744,0.1453563,-38.5933424,2.7803944,-0.0001286,8.4999677,-0.0000000
172.7753458,-0.0417107,-38.5226716,2.7803759,-0.0000575,8.4999677,-0.0000000
172.9753173,-0.2287770,-38.4519985,2.7803698,0.0000031,8.4999677,-0.0000001
173.1752888,-0.4158443,-38.3813257,2.7803857,0.0001447,8.4999677,-0.0000001
173.3752602,-0.6029138,-38.3106573,2.7804133,0.0001317,8.4999677,-0.0000002
173.5752317,-0.7899849,-38.2399939,2.7804378,0.0001159,8.4999677,-0.0000002
173.7752031,-0.9770578,-38.1693350,2.7804638,0.0001425,8.4999677,-0.0000002
173.9751746,-1.1641327,-38.0986814,2.7804936,0.0001552,8.4999677,-0.0000002
174.1751461,-1.3512098,-38.0280336,2.7805253,0.0001625,8.4999677,-0.0000002
174.3751175,-1.5382891,-37.9573919,2.7805579,0.0001634,8.4999677,-0.0000002
174.5750890,-1.7253707,-37.8867562,2.7805903,0.0001597,8.4999677,-0.0000002
174.7750605,-1.9124545,-37.8161265,2.7806214,0.0001519,8.4999677,-0.0000002
174.9750319,-2.0995399,-37.7455026,2.7806507,0.0001410,8.4999677,-0.0000002
175.1750034,-2.2866265,-37.6748844,2.7806776,0.0001277,8.4999677,-0.0000002
175.3749749,-2.4737150,-37.6042708,2.7807016,0.0001126,8.4999677,-0.0000002
175.5749463,-2.6608052,-37.5336614,2.7807225,0.0000963,8.4999677,-0.0000002
175.7749178,-2.8478970,-37.4630556,2.7807400,0.0000793,8.4999677,-0.0000002
175.9748893,-3.0349900,-37.3924526,2.7807542,0.0000620,8.4999677,-0.0000002
176.1748607,-3.2220840,-37.3218520,2.7807648,0.0000447,8.4999677,-0.0000002
176.3748322,-3.4091787,-37.2512529,2.7807721,0.0000278,8.4999676,-0.0000002
176.5748037,-3.5962740,-37.1806549,2.7807760,0.0000114,8.4999676,-0.0000002
176.7747751,-3.7833696,-37.1100572,2.7807767,-0.0000042,8.4999676,-0.0000002
176.9747466,-3.9704653,-37.0394593,2.7807744,-0.0000188,8.4999676,-0.0000002
177.1747181,-4.1575608,-36.9688607,2.7807693,-0.0000324,8.4999676,-0.0000002
177.3746895,-4.3446560,-36.8982608,2.7807615,-0.0000446,8.4999676,-0.0000002
177.5746610,-4.5317506,-36.8276592,2.7807515,-0.0000556,8.4999676,-0.0000001
177.7746324,-4.7188445,-36.7570556,2.7807394,-0.0000652,8.4999676,-0.0000001
177.9746039,-4.9059376,-36.6864494,2.7807255,-0.0000733,8.4999676,-0.0000001
178.1745754,-5.0930298,-36.6158405,2.7807102,-0.0000799,8.4999676,-0.0000001
178.3745468,-5.2801208,-36.5452286,2.7806937,-0.0000850,8.4999676,-0.0000001
178.5745183,-5.4672107,-36.4746135,2.7806763,-0.0000885,8.4999676,-0.0000001
178.7744898,-5.6542995,-36.4039950,2.7806583,-0.0000905,8.4999676,-0.0000001
178.9744612,-5.8413869,-36.3333732,2.7806402,-0.0000908,8.4999676,-0.0000001
179.1744327,-6.0284731,-36.2627480,2.7806221,-0.0000896,8.4999676,-0.0000001
179.3744042,-6.2155580,-36.1921194,2.7806044,-0.0000868,8.4999676,-0.0000001
179.5743756,-6.4026417,-36.1214876,2.7805875,-0.0000823,8.4999676,-0.0000001
179.7743471,-6.5897243,-36.0508527,2.7805716,-0.0000763,8.4999676,-0.0000001
179.9743186,-6.7768057,-35.9802150,2.7805571,-0.0000687,8.4999676,-0.0000001
180.1742900,-6.9638862,-35.9095747,2.7805442,-0.0000594,8.4999676,-0.0000001
180.3742615,-7.1509658,-35.8389322,2.7805334,-0.0000485,8.4999676,-0.0000001
180.5742330,-7.3380447,-35.7682879,2.7805249,-0.0000360,8.4999676,-0.0000001
180.7742044,-7.5251230,-35.6976422,2.7805191,-0.0000217,8.4999676,-0.0000001
180.9741759,-7.7122010,-35.6269958,2.7805163,-0.0000056,8.4999676,-0.0000000
181.1741474,-7.8992788,-35.5563492,2.7805170,0.0000123,8.4999676,-0.0000000
181.3741188,-8.0863568,-35.4857031,2.7805214,0.0000323,8.4999676,-0.0000000
181.5740903,-8.2734352,-35.4150582,2.7805300,0.0000546,8.4999676,0.0000000
181.7740617,-8.4605142,-35.3444154,2.7805433,0.0000793,8.4999676,0.0000000
181.9740332,-8.6475943,-35.2737756,2.7805619,0.0001068,8.4999676,0.0000000
182.1740047,-8.8346759,-35.2031398,2.7805862,0.0001376,8.4999676,0.0000001
182.3739761,-9.0217593,-35.1325092,2.7806171,0.0001720,8.4999676,0.0000001
182.5739476,-9.2088450,-35.0618851,2.7806553,0.0002108,8.4999676,0.0000001
182.7739191,-9.3959335,-34.9912689,2.7807017,0.0002547,8.4999676,0.0000001
182.9738905,-9.5830255,-34.9206624,2.7807575,0.0003046,8.4999676,0.0000002
183.1738620,-9.7701217,-34.8500673,2.7808240,0.0003616,8.4999676,0.0000002
183.3738335,-9.9572227,-34.7794859,2.7809026,0.0004268,8.4999676,0.0000002
183.5738049,-10.1443296,-34.7089205,2.7809953,0.0005026,8.4999676,0.0000002
183.7737764,-10.3314432,-34.6383741,2.7811041,0.0005876,8.4999676,0.0000003
183.9737479,-10.5185650,-34.5678498,2.7812318,0.0006945,8.4999676,0.0000003
184.1737193,-10.7056959,-34.4973516,2.7813806,0.0007886,8.4999676,0.0000004
184.3736908,-10.8928383,-34.4268834,2.7815559,0.0009905,8.4999676,0.0000005
184.5736623,-11.0799928,-34.3564501,2.7817282,0.0006066,8.4999676,0.0000008
184.7736337,-11.2671515,-34.2860425,2.7818206,0.0003736,8.4999677,0.0000009
184.9736052,-11.4543164,-34.2156523,2.7819401,0.0009339,8.4999677,0.0000010
185.1735767,-11.6414965,-34.1452921,2.7821282,0.0008472,8.4999677,0.0000008
185.3735481,-11.8286895,-34.0749634,2.7822798,0.0006715,8.4999677,0.0000007
185.5735196,-12.0158926,-34.0046595,2.7823958,0.0004879,8.4999677,0.0000005
185.7734911,-12.2031035,-33.9343735,2.7824764,0.0003182,8.4999678,0.0000003
185.9734625,-12.3903198,-33.8640994,2.7825255,0.0001740,8.4999678,0.0000001
186.1734340,-12.5775381,-33.7938322,2.7825495,0.0000683,8.4999678,-0.0000001
186.3734054,-12.7647565,-33.7235681,2.7825572,0.0000124,8.4999678,-0.0000002
186.5733769,-12.9519742,-33.6533052,2.7825596,0.0000174,8.4999678,-0.0000004
186.7733484,-13.1391915,-33.5830435,2.7825698,0.0000931,8.4999677,-0.0000005
186.9733198,-13.3264092,-33.5127860,2.7826029,0.0002481,8.4999677,-0.0000006
187.1732913,-13.5136297,-33.4425384,2.7826753,0.0004893,8.4999677,-0.0000007
187.3732628,-13.7008563,-33.3723098,2.7828049,0.0008216,8.4999677,-0.0000008
187.5732342,-13.8880938,-33.3021126,2.7830102,0.0012478,8.4999677,-0.0000008
187.7732057,-14.0753481,-33.2319626,2.7833100,0.0017677,8.4999677,-0.0000008
187.9731772,-14.2626265,-33.1618793,2.7837228,0.0023785,8.4999676,-0.0000008
188.1731486,-14.4499378,-33.0918856,2.7842664,0.0030742,8.4999676,-0.0000007
188.3731201,-14.6372916,-33.0220074,2.7849567,0.0038454,8.4999676,-0.0000006
188.5730916,-14.8246988,-32.9522735,2.7858078,0.0046793,8.4999676,-0.0000005
188.7730630,-15.0121710,-32.8827152,2.7868306,0.0055599,8.4999676,-0.0000004
188.9730345,-15.1997204,-32.8133653,2.7880326,0.0064676,8.4999676,-0.0000003
189.1730060,-15.3873598,-32.7442579,2.7894172,0.0073798,8.4999676,-0.0000001
189.3729774,-15.5751019,-32.6754271,2.7909825,0.0082724,8.4999676,0.0000000
189.5729489,-15.7629590,-32.6069062,2.7927227,0.0091146,8.4999676,0.0000002
189.7729204,-15.9509439,-32.5387265,2.7946249,0.0099874,8.4999676,0.0000004
189.9728918,-16.1390673,-32.4709225,2.7967453,0.0114713,8.4999676,0.0000006
190.1728633,-16.3273587,-32.4035495,2.7992704,0.0128957,8.4999676,0.0000008
190.3728347,-16.5158371,-32.3366377,2.8015575,0.0101909,8.4999676,0.0000007
190.5728062,-16.7044592,-32.2701143,2.8034601,0.0088104,8.4999676,0.0000004
190.7727777,-16.8931979,-32.2039216,2.8050539,0.0071194,8.4999676,0.0000001
190.9727491,-17.0820019,-32.1380045,2.8062616,0.0049733,8.4999676,-0.0000003
191.1727206,-17.2708361,-32.0722841,2.8069932,0.0023442,8.4999676,-0.0000005
191.3726921,-17.4597134,-32.0066451,2.8071577,-0.0007379,8.4999676,-0.0000006
191.5726635,-17.6485925,-31.9409723,2.8066634,-0.0042781,8.4999676,-0.0000005
191.7726350,-17.8374253,-31.8751330,2.8054173,-0.0082834,8.4999676,0.0000000
191.9726065,-18.0261561,-31.8089773,2.8033246,-0.0127629,8.4999676,0.0000011
192.1725779,-18.2147215,-31.7423377,2.8002886,-0.0177247,8.4999676,0.0000030
192.3725494,-18.4030502,-31.6750291,2.7962115,-0.0231739,8.4999677,0.0000059
192.5725209,-18.5910622,-31.6068484,2.7909948,-0.0291082,8.4999678,0.0000102
192.7724923,-18.7786680,-31.5375754,2.7845423,-0.0355159,8.4999681,0.0000160
192.9724638,-18.9657682,-31.4669737,2.7767615,-0.0423726,8.4999684,0.0000234
193.1724353,-19.1522523,-31.3947920,2.7675672,-0.0496673,8.4999690,0.0000317
193.3724067,-19.3379976,-31.3207647,2.7568594,-0.0574828,8.4999697,0.0000368
193.5723782,-19.5228671,-31.2446121,2.7445665,-0.0655439,8.4999706,0.0000327
193.7723497,-19.7067656,-31.1660270,2.7306711,-0.0735026,8.4999714,0.0000168
193.9723211,-19.8895107,-31.0847403,2.7151986,-0.0812758,8.4999718,-0.0000091
194.1722926,-20.0709109,-31.0004970,2.6982052,-0.0886584,8.4999716,-0.0000438
194.3722640,-20.2507879,-30.9130543,2.6797837,-0.0955001,8.4999705,-0.0000840
194.5722355,-20.4289599,-30.8221963,2.6600554,-0.1016778,8.4999685,-0.0001237
194.7722070,-20.6052443,-30.7277387,2.6391631,-0.1071051,8.4999656,-0.0001535
194.9721784,-20.7794604,-30.6295322,2.6172649,-0.1117175,8.4999620,-0.0001628
195.1721499,-20.9514335,-30.5274641,2.5945285,-0.1154981,8.4999582,-0.0001451
195.3721214,-21.1209923,-30.4214615,2.5711278,-0.1183391,8.4999548,-0.0000964
195.5720928,-21.2879875,-30.3114837,2.5472348,-0.1205992,8.4999525,-0.0000544
195.7720643,-21.4522478,-30.1975270,2.5227771,-0.1242607,8.4999512,-0.0000376
195.9720358,-21.6136051,-30.0795714,2.4979794,-0.1229125,8.4999504,-0.0000183
196.1720072,-21.7720180,-29.9576794,2.4735822,-0.1212151,8.4999499,0.0000199
196.3719787,-21.9275425,-29.8318776,2.4493301,-0.1211809,8.4999504,0.0001500
196.5719502,-22.0799588,-29.7023588,2.4251599,-0.1204909,8.4999539,0.0005793
196.7719216,-22.2291919,-29.5692197,2.4011171,-0.1199304,8.4999675,0.0008209
196.9718931,-22.3751717,-29.4325572,2.3772003,-0.1193103,8.4999869,-0.0004201
197.1718646,-22.5178359,-29.2924657,2.3534034,-0.1187685,8.4999770,-0.0014303
197.3718360,-22.6571232,-29.1490372,2.3297059,-0.1183298,8.4999433,-0.0008620
197.5718075,-22.7929737,-29.0023595,2.3060854,-0.1179768,8.4999230,0.0001830
197.7717790,-22.9253272,-28.8525175,2.2825237,-0.1177060,8.4999274,0.0007583
197.9717504,-23.0541520,-28.6995590,2.2589943,-0.1175880,8.4999452,0.0006148
198.1717219,-23.1793349,-28.5436247,2.2354827,-0.1175797,8.4999597,0.0001712
198.3716934,-23.3008106,-28.3847989,2.2119655,-0.1176754,8.4999637,-0.0002693
198.5716648,-23.4185152,-28.2231602,2.1884199,-0.1178657,8.4999573,-0.0004947
198.7716363,-23.5323816,-28.0587873,2.1648266,-0.1181326,8.4999457,-0.0003801
198.9716077,-23.6423406,-27.8917600,2.1411707,-0.1184569,8.4999368,0.0000221
199.1715792,-23.7483080,-27.7221813,2.1174444,-0.1188339,8.4999373,0.0002643
199.3715507,-23.8502033,-27.5501539,2.0936423,-0.1192453,8.4999435,-0.0000022
199.5715221,-23.9479714,-27.3757409,2.0697590,-0.1196407,8.4999434,-0.0003006
199.7714936,-24.0415442,-27.1990306,2.0457993,-0.1200023,8.4999364,-0.0003588
199.9714651,-24.1308554,-27.0201154,2.0217681,-0.1203423,8.4999279,-0.0002698
200.1714365,-24.2158410,-26.8390915,1.9976695,-0.1206584,8.4999216,-0.0001036
200.3714080,-24.2964391,-26.6560585,1.9735095,-0.1209400,8.4999191,0.0000398
200.5713795,-24.3725850,-26.4711351,1.9492984,-0.1211781,8.4999201,0.0000710
200.7713509,-24.4442090,-26.2844717,1.9250515,-0.1213629,8.4999218,-0.0000056
200.9713224,-24.5112865,-26.0961156,1.9007707,-0.1214988,8.4999216,-0.0000913
201.1712939,-24.5737718,-25.9061765,1.8764659,-0.1215879,8.4999195,-0.0000612
201.3712653,-24.6316238,-25.7147659,1.8521462,-0.1216344,8.4999180,0.0001752
201.5712368,-24.6848053,-25.5219975,1.8278200,-0.1216439,8.4999222,0.0005804
201.7712083,-24.7332837,-25.3279865,1.8034944,-0.1216243,8.4999358,0.0009277
201.9711797,-24.7770303,-25.1328490,1.7791746,-0.1215846,8.4999576,0.0009056
202.1711512,-24.8160204,-24.9367019,1.7548642,-0.1215314,8.4999789,0.0002982
202.3711227,-24.8502325,-24.7396630,1.7305661,-0.1214671,8.4999860,-0.0018472
202.5710941,-24.8796478,-24.5418593,1.7062839,-0.1213900,8.4999425,-0.0059804
202.7710656,-24.9042504,-24.3434285,1.6820256,-0.1212544,8.4998018,-0.0085649
202.9710370,-24.9240364,-24.1444541,1.6578020,-0.1210202,8.4996003,-0.0048759
203.1710085,-24.9390029,-23.9450545,1.6336366,-0.1206463,8.4994856,0.0080375
203.3709800,-24.9491556,-23.7453481,1.6095635,-0.1200540,8.4996747,0.0120071
203.5709514,-24.9545122,-23.5454523,1.5856402,-0.1191191,8.4999572,0.0002368
203.7709229,-24.9551067,-23.3454830,1.5619430,-0.1177587,8.4999627,0.0000663
203.9708944,-24.9509933,-23.1455532,1.5385721,-0.1157810,8.4999643,0.0000386
204.1708658,-24.9422536,-22.9457705,1.5156837,-0.1128452,8.4999652,0.0000223
204.3708373,-24.9290107,-22.7462345,1.4935142,-0.1084828,8.4999657,0.0000115
204.5708088,-24.9114467,-22.5470316,1.4724079,-0.1021078,8.4999660,0.0000043
204.7707802,-24.8898251,-22.3482280,1.4528224,-0.0932481,8.4999661,-0.0000006
204.9707517,-24.8645069,-22.1498623,1.4352551,-0.0820588,8.4999661,-0.0000036
205.1707232,-24.8359404,-21.9519407,1.4200661,-0.0697347,8.4999660,-0.0000053
205.3706946,-24.8046132,-21.7544408,1.4072961,-0.0580850,8.4999659,-0.0000059
205.5706661,-24.7709836,-21.5573240,1.3966501,-0.0485261,8.4999657,-0.0000057
205.7706376,-24.7354248,-21.3605334,1.3876443,-0.0416722,8.4999656,-0.0000048
205.9706090,-24.6982136,-21.1640454,1.3797691,-0.0372972,8.4999655,-0.0000034
206.1705805,-24.6595290,-20.9678476,1.3725546,-0.0350520,8.4999654,-0.0000015
206.3705520,-24.6194674,-20.7719370,1.3656548,-0.0341593,8.4999654,0.0000007
206.5705234,-24.5780652,-20.5763059,1.3588165,-0.0345260,8.4999654,0.0000031
206.7704949,-24.5353100,-20.3809655,1.3517683,-0.0361708,8.4999655,0.0000056
206.9704663,-24.4911417,-20.1859414,1.3443029,-0.0386935,8.4999656,0.0000083
207.1704378,-24.4454641,-19.9912640,1.3362539,-0.0419675,8.4999658,0.0000108
207.3704093,-24.3981531,-19.7969756,1.3274889,-0.0458199,8.4999661,0.0000127
207.5703807,-24.3490625,-19.6031270,1.3179041,-0.0501419,8.4999664,0.0000130
207.7703522,-24.2980296,-19.4097782,1.3074191,-0.0547724,8.4999667,0.0000097
207.9703237,-24.2448816,-19.2169977,1.2960007,-0.0594138,8.4999669,0.0000019
208.1702951,-24.1894474,-19.0248599,1.2836755,-0.0638125,8.4999669,-0.0000107
208.3702666,-24.1315672,-18.8334428,1.2705135,-0.0677755,8.4999667,-0.0000277
208.5702381,-24.0711013,-18.6428268,1.2566230,-0.0711069,8.4999660,-0.0000469
208.7702095,-24.0079405,-18.4531024,1.2421488,-0.0736098,8.4999649,-0.0000536
208.9701810,-23.9419981,-18.2643257,1.2272605,-0.0752007,8.4999637,-0.0000186
209.1701525,-23.8732282,-18.0765593,1.2121500,-0.0757862,8.4999632,0.0000191
209.3701239,-23.8016239,-17.8898541,1.1970259,-0.0752936,8.4999637,0.0000196
209.5700954,-23.7272197,-17.7042458,1.1821097,-0.0736831,8.4999641,0.0000192
209.7700669,-23.6500909,-17.5197518,1.1676209,-0.0710345,8.4999646,0.0000164
209.9700383,-23.5703507,-17.3363703,1.1537493,-0.0675344,8.4999650,0.0000131
210.1700098,-23.4881422,-17.1540808,1.1406473,-0.0633759,8.4999653,0.0000101
210.3699813,-23.4036305,-16.9728468,1.1284244,-0.0588059,8.4999655,0.0000076
210.5699527,-23.3169932,-16.7926185,1.1171342,-0.0541115,8.4999657,0.0000055
210.7699242,-23.2284103,-16.6133377,1.1067741,-0.0495621,8.4999658,0.0000039
210.9698956,-23.1380540,-16.4349437,1.0972909,-0.0453872,8.4999659,0.0000028
211.1698671,-23.0460809,-16.2573772,1.0885906,-0.0417610,8.4999660,0.0000021
211.3698386,-22.9526266,-16.0805854,1.0805502,-0.0388004,8.4999660,0.0000018
211.5698100,-22.8578015,-15.9045245,1.0730288,-0.0365714,8.4999661,0.0000019
211.7697815,-22.7616893,-15.7291625,1.0658766,-0.0350994,8.4999661,0.0000022
211.9697530,-22.6643463,-15.5544802,1.0589421,-0.0343792,8.4999662,0.0000027
212.1697244,-22.5658024,-15.3804722,1.0520774,-0.0343821,8.4999662,0.0000034
212.3696959,-22.4660620,-15.2071470,1.0451426,-0.0350607,8.4999663,0.0000043
212.5696674,-22.3651065,-15.0345266,1.0380087,-0.0363518,8.4999664,0.0000051
212.7696388,-22.2628968,-14.8626459,1.0305612,-0.0381779,8.4999665,0.0000056
212.9696103,-22.1593759,-14.6915518,1.0227023,-0.0404497,8.4999667,0.0000054
213.1695818,-22.0544730,-14.5213021,1.0143527,-0.0430711,8.4999668,0.0000040
213.3695532,-21.9481068,-14.3519637,1.0054528,-0.0459454,8.4999669,0.0000006
213.5695247,-21.8401909,-14.1836138,0.9959638,-0.0489606,8.4999669,-0.0000057
213.7694962,-21.7306316,-14.0163280,0.9858735,-0.0519511,8.4999668,-0.0000147
213.9694676,-21.6193410,-13.8501882,0.9752036,-0.0547474,8.4999664,-0.0000221
214.1694391,-21.5062394,-13.6852754,0.9640044,-0.0572317,8.4999659,-0.0000112
214.3694106,-21.3912592,-13.5216663,0.9523477,-0.0593069,8.4999656,0.0000073
214.5693820,-21.2743485,-13.3594305,0.9403250,-0.0608880,8.4999658,0.0000081
214.7693535,-21.1554726,-13.1986288,0.9280322,-0.0620149,8.4999660,0.0000086
214.9693250,-21.0346127,-13.0393124,0.9155495,-0.0627919,8.4999662,0.0000085
215.1692964,-20.9117627,-12.8815252,0.9029390,-0.0633008,8.4999664,0.0000080
215.3692679,-20.7869255,-12.7253050,0.8902464,-0.0636217,8.4999666,0.0000071
215.5692393,-20.6601112,-12.5706851,0.8775020,-0.0638263,8.4999668,0.0000060
215.7692108,-20.5313337,-12.4176961,0.8647234,-0.0639686,8.4999669,0.0000044
215.9691823,-20.4006096,-12.2663666,0.8519196,-0.0640823,8.4999670,0.0000022
216.1691537,-20.2679569,-12.1167246,0.8390944,-0.0641802,8.4999671,-0.0000009
216.3691252,-20.1333944,-11.9687971,0.8262518,-0.0642465,8.4999670,-0.0000052
216.5690967,-19.9969426,-11.8226104,0.8134024,-0.0642407,8.4999669,-0.0000107
216.7690681,-19.8586256,-11.6781901,0.8005655,-0.0640880,8.4999667,-0.0000162
216.9690396,-19.7184719,-11.5355560,0.7877867,-0.0636456,8.4999663,-0.0000142
217.1690111,-19.5765148,-11.3947167,0.7751297,-0.0628559,8.4999659,0.0000003
217.3689825,-19.4327992,-11.2556723,0.7626696,-0.0616559,8.4999660,0.0000090
217.5689540,-19.2873809,-11.1184098,0.7504935,-0.0600318,8.4999662,0.0000072
217.7689255,-19.1403259,-10.9829024,0.7386788,-0.0580608,8.4999663,0.0000059
217.9688969,-18.9917078,-10.8491111,0.7272868,-0.0558230,8.4999665,0.0000047
218.1688684,-18.8416058,-10.7169869,0.7163622,-0.0534105,8.4999666,0.0000035
218.3688399,-18.6901013,-10.5864732,0.7059298,-0.0509214,8.4999667,0.0000023
218.5688113,-18.5372757,-10.4575090,0.6959961,-0.0484401,8.4999667,0.0000011
218.7687828,-18.3832079,-10.3300312,0.6865525,-0.0460326,8.4999667,-0.0000002
218.9687543,-18.2279730,-10.2039772,0.6775790,-0.0437428,8.4999667,-0.0000017
219.1687257,-18.0716410,-10.0792861,0.6690496,-0.0415932,8.4999667,-0.0000030
219.3686972,-17.9142770,-9.9558998,0.6609351,-0.0395897,8.4999666,-0.0000015
219.5686686,-17.7559407,-9.8337635,0.6532068,-0.0377259,8.4999666,0.0000019
219.7686401,-17.5966869,-9.7128253,0.6458377,-0.0359932,8.4999666,0.0000019
219.9686116,-17.4365663,-9.5930367,0.6388013,-0.0343958,8.4999667,0.0000015
220.1685830,-17.2756247,-9.4743527,0.6320694,-0.0329442,8.4999667,0.0000011
220.3685545,-17.1139040,-9.3567320,0.6256119,-0.0316468,8.4999667,0.0000007
220.5685260,-16.9514412,-9.2401376,0.6193975,-0.0305111,8.4999668,0.0000002
220.7684974,-16.7882699,-9.1245376,0.6133946,-0.0295329,8.4999668,-0.0000006
220.9684689,-16.6244185,-9.0099042,0.6075735,-0.0286965,8.4999668,-0.0000015
221.1684404,-16.4599119,-8.8962135,0.6019075,-0.0279825,8.4999667,-0.0000021
221.3684118,-16.2947716,-8.7834456,0.5963742,-0.0273703,8.4999667,-0.0000004
221.5683833,-16.1290165,-8.6715836,0.5909549,-0.0268424,8.4999667,0.0000017
221.7683548,-15.9626633,-8.5606132,0.5856336,-0.0263945,8.4999667,0.0000015
221.9683262,-15.7957266,-8.4505226,0.5803929,-0.0260426,8.4999667,0.0000015
222.1682977,-15.6282186,-8.3413031,0.5752112,-0.0258100,8.4999668,0.0000015
222.3682692,-15.4601489,-8.2329498,0.5700624,-0.0257206,8.4999668,0.0000016
222.5682406,-15.2915238,-8.1254626,0.5649156,-0.0257947,8.4999668,0.0000017
222.7682121,-15.1223462,-8.0188468,0.5597367,-0.0260442,8.4999669,0.0000018
222.9681836,-14.9526153,-7.9131137,0.5544902,-0.0264694,8.4999669,0.0000018
223.1681550,-14.7823268,-7.8082807,0.5491420,-0.0270579,8.4999670,0.0000019
223.3681265,-14.6114733,-7.7043707,0.5436617,-0.0277834,8.4999670,0.0000017
223.5680979,-14.4400449,-7.6014115,0.5380254,-0.0286056,8.4999671,0.0000014
223.7680694,-14.2680300,-7.4994346,0.5322191,-0.0294707,8.4999671,0.0000005
223.9680409,-14.0954171,-7.3984730,0.5262405,-0.0303119,8.4999671,-0.0000009
224.1680123,-13.9221953,-7.2985592,0.5201020,-0.0310518,8.4999671,-0.0000031
224.3679838,-13.7483565,-7.1997225,0.5138324,-0.0316054,8.4999670,-0.0000056
224.5679553,-13.5738967,-7.1019859,0.5074775,-0.0318902,8.4999669,-0.0000045
224.7679267,-13.3988175,-7.0053629,0.5010987,-0.0318333,8.4999668,0.0000007
224.9678982,-13.2231271,-6.9098553,0.4947698,-0.0313880,8.4999668,0.0000021
225.1678697,-13.0468411,-6.8154514,0.4885692,-0.0305590,8.4999668,0.0000021
225.3678411,-12.8699820,-6.7221254,0.4825698,-0.0293877,8.4999669,0.0000020
225.5678126,-12.6925777,-6.6298396,0.4768345,-0.0279309,8.4999669,0.0000018
225.7677841,-12.5146611,-6.5385453,0.4714137,-0.0262556,8.4999670,0.0000015
225.9677555,-12.3362677,-6.4481859,0.4663442,-0.0244290,8.4999670,0.0000012
226.1677270,-12.1574352,-6.3586987,0.4616498,-0.0225137,8.4999670,0.0000010
226.3676985,-11.9782017,-6.2700174,0.4573424,-0.0205642,8.4999671,0.0000007
226.5676699,-11.7986049,-6.1820739,0.4534241,-0.0186265,8.4999671,0.0000008
226.7676414,-11.6186817,-6.0948002,0.4498886,-0.0167378,8.4999671,0.0000009
226.9676129,-11.4384672,-6.0081297,0.4467229,-0.0149287,8.4999671,0.0000008
227.1675843,-11.2579945,-5.9219980,0.4439085,-0.0132247,8.4999671,0.0000007
227.3675558,-11.0772944,-5.8363446,0.4414223,-0.0116463,8.4999671,0.0000006
227.5675273,-10.8963950,-5.7511131,0.4392374,-0.0102084,8.4999672,0.0000006
227.7674987,-10.7153232,-5.6662526,0.4373249,-0.0089223,8.4999672,0.0000005
227.9674702,-10.5341001,-5.5817164,0.4356543,-0.0077910,8.4999672,0.0000005
228.1674416,-10.3527450,-5.4974634,0.4341945,-0.0068138,8.4999672,0.0000005
228.3674131,-10.1712749,-5.4134583,0.4329154,-0.0059862,8.4999672,0.0000005
228.5673846,-9.9897039,-5.3296712,0.4317876,-0.0053002,8.4999672,0.0000005
228.7673560,-9.8080438,-5.2460773,0.4307840,-0.0047445,8.4999672,0.0000006
228.9673275,-9.6263041,-5.1626563,0.4298798,-0.0043058,8.4999673,0.0000006
229.1672990,-9.4444923,-5.0793922,0.4290531,-0.0039687,8.4999673,0.0000006
229.3672704,-9.2626143,-4.9962729,0.4282852,-0.0037168,8.4999673,0.0000006
229.5672419,-9.0806743,-4.9132890,0.4275607,-0.0035334,8.4999673,0.0000006
229.7672134,-8.8986756,-4.8304339,0.4268676,-0.0034016,8.4999673,0.0000006
229.9671848,-8.7166204,-4.7477028,0.4261972,-0.0033059,8.4999673,0.0000007
230.1671563,-8.5345104,-4.6650921,0.4255435,-0.0032329,8.4999673,0.0000007
230.3671278,-8.3523470,-4.5825992,0.4249031,-0.0031725,8.4999674,0.0000006
230.5670992,-8.1701312,-4.5002219,0.4242742,-0.0031170,8.4999674,0.0000007
230.7670707,-7.9878640,-4.4179582,0.4236565,-0.0030606,8.4999674,0.0000007
230.9670422,-7.8055465,-4.3358060,0.4230506,-0.0029991,8.4999674,0.0000007
231.1670136,-7.6231797,-4.2537630,0.4224577,-0.0029296,8.4999674,0.0000006
231.3669851,-7.4407649,-4.1718269,0.4218797,-0.0028503,8.4999674,0.0000006
231.5669566,-7.2583034,-4.0899947,0.4213187,-0.0027596,8.4999674,0.0000006
231.7669280,-7.0757967,-4.0082631,0.4207770,-0.0026568,8.4999675,0.0000006
231.9668995,-6.8932467,-3.9266285,0.4202572,-0.0025413,8.4999675,0.0000006
232.1668709,-6.7106552,-3.8450865,0.4197617,-0.0024129,8.4999675,0.0000006
232.3668424,-6.5280244,-3.7636326,0.4192932,-0.0022716,8.4999675,0.0000006
232.5668139,-6.3453566,-3.6822616,0.4188542,-0.0021185,8.4999675,0.0000006
232.7667853,-6.1626544,-3.6009680,0.4184469,-0.0019554,8.4999675,0.0000006
232.9667568,-5.9799205,-3.5197457,0.4180729,-0.0017851,8.4999675,0.0000006
233.1667283,-5.7971576,-3.4385887,0.4177333,-0.0016106,8.4999676,0.0000006
233.3666997,-5.6143685,-3.3574905,0.4174289,-0.0014348,8.4999676,0.0000006
233.5666712,-5.4315562,-3.2764448,0.4171594,-0.0012606,8.4999676,0.0000006
233.7666427,-5.2487235,-3.1954452,0.4169243,-0.0010904,8.4999676,0.0000006
233.9666141,-5.0658732,-3.1144855,0.4167227,-0.0009262,8.4999676,0.0000006
234.1665856,-4.8830079,-3.0335598,0.4165532,-0.0007696,8.4999676,0.0000005
234.3665571,-4.7001301,-2.9526622,0.4164141,-0.0006221,8.4999676,0.0000005
234.5665285,-4.5172423,-2.8717875,0.4163034,-0.0004846,8.4999677,0.0000005
234.7665000,-4.3343468,-2.7909307,0.4162192,-0.0003580,8.4999677,0.0000005
234.9664715,-4.1514457,-2.7100870,0.4161591,-0.0002429,8.4999677,0.0000005
235.1664429,-3.9685405,-2.6292523,0.4161209,-0.0001396,8.4999677,0.0000005
235.3664144,-3.7856330,-2.5484228,0.4161021,-0.0000486,8.4999677,0.0000005
235.5663859,-3.6027246,-2.4675951,0.4161003,0.0000300,8.4999677,0.0000005
235.7663573,-3.4198166,-2.3867663,0.4161129,0.0000957,8.4999677,0.0000005
235.9663288,-3.2369101,-2.3059341,0.4161374,0.0001484,8.4999677,0.0000005
236.1663002,-3.0540059,-2.2250965,0.4161710,0.0001876,8.4999677,0.0000005
236.3662717,-2.8711047,-2.1442521,0.4162111,0.0002128,8.4999678,0.0000005
236.5662432,-2.6882069,-2.0634000,0.4162549,0.0002237,8.4999678,0.0000005
236.7662146,-2.5053126,-1.9825397,0.4162993,0.0002195,8.4999678,0.0000005
236.9661861,-2.3224218,-1.9016715,0.4163414,0.0001996,8.4999678,0.0000005
237.1661576,-2.1395342,-1.8207960,0.4163778,0.0001631,8.4999678,0.0000004
237.3661290,-1.9566491,-1.7399147,0.4164052,0.0001091,8.4999678,0.0000004
237.5661005,-1.7737658,-1.6590294,0.4164200,0.0000369,8.4999678,0.0000004
237.7660720,-1.5908830,-1.5781428,0.4164185,-0.0000548,8.4999678,0.0000005
237.9660434,-1.4079993,-1.4972584,0.4163967,-0.0001659,8.4999678,0.0000005
238.1660149,-1.2251130,-1.4163801,0.4163503,-0.0003012,8.4999679,0.0000005
238.3659864,-1.0422214,-1.3355127,0.4162755,-0.0004481,8.4999679,0.0000004
238.5659578,-0.8593236,-1.2546623,0.4161670,-0.0006453,8.4999679,0.0000003
238.7659293,-0.6764139,-1.1738338,0.4160363,-0.0006206,8.4999679,-0.0000000
238.9659008,-0.4934883,-1.0930269,0.4158956,-0.0008416,8.4999679,-0.0000003
239.1658722,-0.3105514,-1.0122524,0.4156875,-0.0012663,8.4999679,-0.0000005
239.3658437,-0.1275991,-0.9315256,0.4154025,-0.0015487,8.4999679,-0.0000006
239.5658152,0.0553783,-0.8508556,0.4150663,-0.0018205,8.4999678,-0.0000006
239.7657866,0.2383852,-0.7702521,0.4146740,-0.0021040,8.4999678,-0.0000006
239.9657581,0.4214259,-0.6897258,0.4142241,-0.0023971,8.4999678,-0.0000006
240.1657296,0.6045052,-0.6092872,0.4137149,-0.0026967,8.4999678,-0.0000005
240.3657010,0.7876278,-0.5289474,0.4131455,-0.0029984,8.4999678,-0.0000005
240.5656725,0.9707986,-0.4487173,0.4125160,-0.0032969,8.4999678,-0.0000005
240.7656439,1.1540221,-0.3686081,0.4118277,-0.0035857,8.4999678,-0.0000006
240.9656154,1.3373031,-0.2886301,0.4110832,-0.0038565,8.4999678,-0.0000006
241.1655869,1.5206455,-0.2087935,0.4102872,-0.0040999,8.4999677,-0.0000006
241.3655583,1.7040534,-0.1291071,0.4094462,-0.0043049,8.4999677,-0.0000006
241.5655298,1.8875297,-0.0495784,0.4085689,-0.0044599,8.4999677,-0.0000007
241.7655013,2.0710767,0.0297868,0.4076668,-0.0045528,8.4999677,-0.0000008
241.9654727,2.2546959,0.1089851,0.4067532,-0.0045725,8.4999677,-0.0000007
242.1654442,2.4383872,0.1880158,0.4058437,-0.0045104,8.4999677,-0.0000006
242.3654157,2.6221497,0.2668810,0.4049552,-0.0043623,8.4999676,-0.0000006
242.5653871,2.8059808,0.3455862,0.4041048,-0.0041312,8.4999676,-0.0000006
242.7653586,2.9898767,0.4241397,0.4033081,-0.0038261,8.4999676,-0.0000006
242.9653301,3.1738326,0.5025527,0.4025789,-0.0034589,8.4999676,-0.0000007
243.1653015,3.3578426,0.5808386,0.4019281,-0.0030437,8.4999676,-0.0000007
243.3652730,3.5419001,0.6590127,0.4013639,-0.0025953,8.4999676,-0.0000007
243.5652445,3.7259982,0.7370912,0.4008914,-0.0021283,8.4999676,-0.0000007
243.7652159,3.9101295,0.8150914,0.4005129,-0.0016569,8.4999675,-0.0000007
243.9651874,4.0942866,0.8930306,0.4002279,-0.0011947,8.4999675,-0.0000007
244.1651589,4.2784624,0.9709256,0.4000333,-0.0007546,8.4999675,-0.0000008
244.3651303,4.4626500,1.0487927,0.3999232,-0.0003492,8.4999675,-0.0000008
244.5651018,4.6468432,1.1266467,0.3998897,0.0000097,8.4999675,-0.0000008
244.7650732,4.8310363,1.2045008,0.3999220,0.0003101,8.4999675,-0.0000008
244.9650447,5.0152248,1.2823660,0.4000075,0.0005405,8.4999674,-0.0000008
245.1650162,5.1994051,1.3602507,0.4001309,0.0006891,8.4999674,-0.0000008
245.3649876,5.3835749,1.4381602,0.4002745,0.0007441,8.4999674,-0.0000008
245.5649591,5.5677335,1.5160967,0.4004186,0.0006937,8.4999674,-0.0000008
245.7649306,5.7518816,1.5940580,0.4005407,0.0005259,8.4999674,-0.0000008
245.9649020,5.9360221,1.6720380,0.4006162,0.0002272,8.4999673,-0.0000008
246.1648735,6.1201593,1.7500255,0.4006179,-0.0002135,8.4999673,-0.0000008
246.3648450,6.3043001,1.8280043,0.4005164,-0.0008073,8.4999673,-0.0000008
246.5648164,6.4884537,1.9059523,0.4002800,-0.0015647,8.4999673,-0.0000008
246.7647879,6.6726320,1.9838418,0.3998752,-0.0024953,8.4999673,-0.0000007
246.9647594,6.8568494,2.0616385,0.3992663,-0.0036069,8.4999672,-0.0000007
247.1647308,7.0411231,2.1393013,0.3984167,-0.0049050,8.4999672,-0.0000006
247.3647023,7.2254732,2.2167824,0.3972888,-0.0063924,8.4999672,-0.0000004
247.5646738,7.4099224,2.2940269,0.3958448,-0.0080679,8.4999672,-0.0000002
247.7646452,7.5944963,2.3709730,0.3940475,-0.0099263,8.4999672,-0.0000000
247.9646167,7.7792228,2.4475517,0.3918614,-0.0119568,8.4999672,0.0000002
248.1645882,7.9641320,2.5236879,0.3892534,-0.0141431,8.4999672,0.0000005
248.3645596,8.1492560,2.5993003,0.3861948,-0.0164618,8.4999672,0.0000007
248.5645311,8.3346280,2.6743024,0.3826619,-0.0188823,8.4999672,0.0000009
248.7645025,8.5202820,2.7486038,0.3786379,-0.0213666,8.4999673,0.0000009
248.9644740,8.7062516,2.8221112,0.3741148,-0.0238686,8.4999673,0.0000005
249.1644455,8.8925700,2.8947302,0.3690937,-0.0263351,8.4999673,-0.0000005
249.3644169,9.0792678,2.9663671,0.3635886,-0.0287036,8.4999673,-0.0000024
249.5643884,9.2663741,3.0369319,0.3576243,-0.0308813,8.4999672,-0.0000054
249.7643599,9.4539167,3.1063427,0.3512615,-0.0327510,8.4999671,-0.0000076
249.9643313,9.6419111,3.1745242,0.3445269,-0.0345434,8.4999669,-0.0000045
250.1643028,9.8303688,3.2414056,0.3374702,-0.0359603,8.4999668,0.0000004
250.3642743,10.0193023,3.3069314,0.3301714,-0.0369793,8.4999668,0.0000007
250.5642457,10.2087151,3.3710593,0.3227009,-0.0376839,8.4999668,0.0000008
250.7642172,10.3986054,3.4337587,0.3151180,-0.0381106,8.4999669,0.0000008
250.9641887,10.5889679,3.4950100,0.3074738,-0.0383054,8.4999669,0.0000007
251.1641601,10.7797939,3.5548018,0.2998100,-0.0383118,8.4999669,0.0000003
251.3641316,10.9710723,3.6131303,0.2921608,-0.0381648,8.4999669,-0.0000002
251.5641031,11.1627902,3.6699977,0.2845542,-0.0378870,8.4999669,-0.0000009
251.7640745,11.3549335,3.7254113,0.2770153,-0.0374876,8.4999669,-0.0000020
251.9640460,11.5474867,3.7793832,0.2695686,-0.0369618,8.4999668,-0.0000034
252.1640175,11.7404336,3.8319309,0.2622408,-0.0362922,8.4999667,-0.0000053
252.3639889,11.9337568,3.8830772,0.2550633,-0.0354526,8.4999666,-0.0000073
252.5639604,12.1274376,3.9328522,0.2480729,-0.0344146,8.4999664,-0.0000074
252.7639318,12.3214563,3.9812936,0.2413116,-0.0331581,8.4999663,-0.0000027
252.9639033,12.5157917,4.0284479,0.2348240,-0.0316800,8.4999662,0.0000011
253.1638748,12.7104217,4.0743705,0.2286522,-0.0300133,8.4999662,0.0000005
253.3638462,12.9053234,4.1191244,0.2228272,-0.0282321,8.4999662,0.0000002
253.5638177,13.1004743,4.1627772,0.2173626,-0.0264327,8.4999663,-0.0000003
253.7637892,13.2958527,4.2053977,0.2122515,-0.0247249,8.4999662,-0.0000007
253.9637606,13.4914388,4.2470511,0.2074638,-0.0232255,8.4999662,-0.0000011
254.1637321,13.6872155,4.2877950,0.2029463,-0.0220510,8.4999662,-0.0000014
254.3637036,13.8831693,4.3276744,0.1986225,-0.0213134,8.4999662,-0.0000016
254.5636750,14.0792905,4.3667171,0.1943943,-0.0211183,8.4999661,-0.0000017
254.7636465,14.2755741,4.4049298,0.1901430,-0.0215626,8.4999661,-0.0000016
254.9636180,14.4720201,4.4422944,0.1857317,-0.0227322,8.4999660,-0.0000009
255.1635894,14.6686334,4.4787637,0.1810075,-0.0246994,8.4999660,0.0000004
255.3635609,14.8654241,4.5142594,0.1758046,-0.0275193,8.4999660,0.0000028
255.5635324,15.0624071,4.5486693,0.1699484,-0.0312248,8.4999661,0.0000066
255.7635038,15.2596011,4.5818458,0.1632602,-0.0358212,8.4999663,0.0000121
255.9634753,15.4570278,4.6136061,0.1555643,-0.0412777,8.4999665,0.0000197
256.1634468,15.6547100,4.6437325,0.1466947,-0.0475272,8.4999670,0.0000289
256.3634182,15.8526696,4.6719758,0.1365036,-0.0544617,8.4999677,0.0000394
256.5633897,16.0509262,4.6980573,0.1248438,-0.0621996,8.4999686,0.0000430
256.7633612,16.2495036,4.7216706,0.1116019,-0.0702320,8.4999696,0.0000326
256.9633326,16.4483916,4.7424938,0.0967724,-0.0780562,8.4999704,0.0000081
257.1633041,16.6475788,4.7602114,0.0804085,-0.0855251,8.4999706,-0.0000277
257.3632755,16.8470380,4.7745221,0.0626112,-0.0923447,8.4999699,-0.0000713
257.5632470,17.0467255,4.7851496,0.0435264,-0.0983630,8.4999683,-0.0001157
257.7632185,17.2465814,4.7918496,0.0233236,-0.1035054,8.4999655,-0.0001504
257.9631899,17.4465313,4.7944138,0.0021795,-0.1077754,8.4999620,-0.0001632
258.1631614,17.6464885,4.7926701,6.2634496,-0.1112304,8.4999582,-0.0001462
258.3631329,17.8463562,4.7864810,6.2409186,-0.1139553,8.4999547,-0.0000973
258.5631043,18.0460303,4.7757408,6.2179087,-0.1160463,8.4999524,-0.0000499
258.7630758,18.2454011,4.7603714,6.1945354,-0.1176271,8.4999513,-0.0000295
258.9630473,18.4443557,4.7403181,6.1708891,-0.1188002,8.4999506,-0.0000132
259.1630187,18.6427788,4.7155454,6.1470445,-0.1196270,8.4999502,0.0000155
259.3629902,18.8405543,4.6860343,6.1230639,-0.1201768,8.4999506,0.0001009
259.5629617,19.0375660,4.6517797,6.0989960,-0.1205118,8.4999530,0.0004209
259.7629331,19.2336966,4.6127881,6.0748779,-0.1206843,8.4999629,0.0010000
259.9629046,19.4288199,4.5690778,6.0507393,-0.1207344,8.4999864,0.0000326
260.1628761,19.6228290,4.5206705,6.0265965,-0.1207426,8.4999872,-0.0013602
260.3628475,19.8156149,4.4675930,6.0024503,-0.1206982,8.4999552,-0.0011339
260.5628190,20.0070752,4.4098753,5.9783328,-0.1205290,8.4999285,-0.0002069
260.7627905,20.1970939,4.3475574,5.9542305,-0.1205078,8.4999236,0.0004834
260.9627619,20.3855576,4.2806778,5.9301310,-0.1204944,8.4999350,0.0006617
261.1627334,20.5723565,4.2092756,5.9060305,-0.1205118,8.4999506,0.0004686
261.3627048,20.7573804,4.1333920,5.8819234,-0.1205608,8.4999616,0.0001603
261.5626763,20.9405203,4.0530695,5.8578028,-0.1206464,8.4999654,-0.0000853
261.7626478,21.1216669,3.9683526,5.8336621,-0.1207640,8.4999634,-0.0001988
261.9626192,21.3007117,3.8792871,5.8094961,-0.1209051,8.4999587,-0.0001851
262.1625907,21.4775463,3.7859211,5.7853018,-0.1210582,8.4999543,-0.0001112
262.3625622,21.6520630,3.6883052,5.7610783,-0.1212116,8.4999517,-0.0000982
262.5625336,21.8241547,3.5864933,5.7368272,-0.1213549,8.4999494,-0.0002660
262.7625051,21.9937158,3.4805425,5.7125529,-0.1214721,8.4999432,-0.0004946
262.9624766,22.1606755,3.3704915,5.6882581,-0.1215334,8.4999315,-0.0005083
263.1624480,22.3249465,3.2563919,5.6639513,-0.1215315,8.4999196,-0.0002975
263.3624195,22.4863929,3.1383359,5.6396490,-0.1214747,8.4999126,-0.0000052
263.5623910,22.6449173,3.0163979,5.6153643,-0.1213540,8.4999124,0.0000749
263.7623624,22.8004256,2.8906572,5.5911120,-0.1211568,8.4999142,-0.0001512
263.9623339,22.9528281,2.7611978,5.5669109,-0.1208604,8.4999106,-0.0003495
264.1623054,23.1020410,2.6281086,5.5427828,-0.1204599,8.4999024,-0.0003810
264.3622768,23.2479869,2.4914824,5.5187474,-0.1199699,8.4998935,-0.0002764
264.5622483,23.3905964,2.3514134,5.4948207,-0.1193993,8.4998870,-0.0000369
264.7622198,23.5299208,2.2078772,5.4709960,-0.1187875,8.4998861,0.0002047
264.9621912,23.6657710,2.0610981,5.4473018,-0.1181554,8.4998909,0.0003929
265.1621627,23.7980920,1.9111771,5.4237385,-0.1175539,8.4999002,0.0004798
265.3621341,23.9268358,1.7582086,5.4002933,-0.1170136,8.4999114,0.0004477
265.5621056,24.0519608,1.6022744,5.3769117,-0.1170494,8.4999220,0.0002990
265.7620771,24.1733767,1.4434574,5.3531884,-0.1199495,8.4999290,0.0000646
265.9620485,24.2909323,1.2818438,5.3294039,-0.1181985,8.4999305,-0.0001392
266.1620200,24.4046622,1.1174408,5.3057170,-0.1190156,8.4999273,-0.0002351
266.3619915,24.5144670,0.9503505,5.2818073,-0.1201399,8.4999217,-0.0001261
266.5619629,24.6202543,0.7806270,5.2576763,-0.1211556,8.4999188,0.0002240
266.7619344,24.7219169,0.6083596,5.2333574,-0.1219673,8.4999240,0.0006983
266.9619059,24.8193594,0.4336423,5.2088949,-0.1225636,8.4999405,0.0009926
267.1618773,24.9124630,0.2566420,5.1843454,-0.1229256,8.4999638,0.0008113
267.3618488,25.0011477,0.0774928,5.1597589,-0.1230494,8.4999829,-0.0000859
267.5618203,25.0854109,-0.1038068,5.1351637,-0.1229672,8.4999809,-0.0028412
267.7617917,25.1652001,-0.2871405,5.1105996,-0.1226977,8.4999140,-0.0070134
267.9617632,25.2404734,-0.4723891,5.0861062,-0.1222239,8.4997490,-0.0088662
268.1617347,25.3112005,-0.6594306,5.0617279,-0.1215238,8.4995404,-0.0028893
268.3617061,25.3773638,-0.8481412,5.0375119,-0.1205785,8.4994725,0.0103013
268.5616776,25.4389591,-1.0383957,5.0135125,-0.1193202,8.4997148,0.0104199
268.7616491,25.4959982,-1.2300676,4.9898033,-0.1176572,8.4999600,0.0001612
268.9616205,25.5485125,-1.4230293,4.9664722,-0.1155047,8.4999638,0.0000607
269.1615920,25.5965565,-1.6171529,4.9436337,-0.1126497,8.4999652,0.0000376
269.3615635,25.6402167,-1.8123094,4.9214633,-0.1087089,8.4999661,0.0000235
269.5615349,25.6796263,-2.0083688,4.9002279,-0.1031348,8.4999666,0.0000142
269.7615064,25.7149871,-2.2051992,4.8803200,-0.0952618,8.4999670,0.0000081
269.9614778,25.7465962,-2.4026679,4.8622570,-0.0846520,8.4999671,0.0000043
270.1614493,25.7748616,-2.6006436,4.8465768,-0.0717198,8.4999672,0.0000021
270.3614208,25.8002865,-2.7990065,4.8336180,-0.0579315,8.4999673,0.0000009
270.5613922,25.8234096,-2.9976479,4.8233604,-0.0450953,8.4999673,0.0000002
270.7613637,25.8447378,-3.1964976,4.8154908,-0.0339395,8.4999673,-0.0000003
270.9613352,25.8647133,-3.3955030,4.8096722,-0.0251303,8.4999673,-0.0000008
271.1613066,25.8836794,-3.5945885,4.8052624,-0.0192690,8.4999673,-0.0000010
271.3612781,25.9018738,-3.7937260,4.8019025,-0.0145278,8.4999673,-0.0000009
271.5612496,25.9194879,-3.9929175,4.7994040,-0.0106683,8.4999672,-0.0000007
271.7612210,25.9366749,-4.1921466,4.7975851,-0.0076625,8.4999672,-0.0000004
271.9611925,25.9535551,-4.3914017,4.7963035,-0.0052639,8.4999672,-0.0000003
272.1611640,25.9702243,-4.5906747,4.7954510,-0.0033448,8.4999672,-0.0000001
272.3611354,25.9867592,-4.7899590,4.7949429,-0.0018032,8.4999672,0.0000001
272.5611069,26.0032214,-4.9892494,4.7947109,-0.0005706,8.4999672,0.0000002
272.7610784,26.0196601,-5.1885418,4.7946989,0.0004048,8.4999672,0.0000003
272.9610498,26.0361144,-5.3878331,4.7948594,0.0011626,8.4999672,0.0000004
273.1610213,26.0526145,-5.5871207,4.7951524,0.0017352,8.4999672,0.0000005
273.3609928,26.0691834,-5.7864026,4.7955436,0.0021499,8.4999672,0.0000006
273.5609642,26.0858375,-5.9856776,4.7960039,0.0024304,8.4999673,0.0000007
273.7609357,26.1025882,-6.1849446,4.7965086,0.0025981,8.4999673,0.0000008
273.9609071,26.1194422,-6.3842029,4.7970372,0.0026723,8.4999673,0.0000008
274.1608786,26.1364024,-6.5834523,4.7975727,0.0026706,8.4999673,0.0000009
274.3608501,26.1534689,-6.7826927,4.7981016,0.0026089,8.4999673,0.0000009
274.5608215,26.1706392,-6.9819243,4.7986133,0.0025019,8.4999674,0.0000010
274.7607930,26.1879091,-7.1811473,4.7991002,0.0023628,8.4999674,0.0000010
274.9607645,26.2052730,-7.3803623,4.7995570,0.0022038,8.4999674,0.0000010
275.1607359,26.2227248,-7.5795696,4.7999810,0.0020356,8.4999674,0.0000010
275.3607074,26.2402576,-7.7787699,4.8003711,0.0018681,8.4999675,0.0000011
275.5606789,26.2578649,-7.9779636,4.8007285,0.0017100,8.4999675,0.0000011
275.7606503,26.2755403,-8.1771514,4.8010559,0.0015692,8.4999675,0.0000011
275.9606218,26.2932783,-8.3763337,4.8013574,0.0014528,8.4999675,0.0000011
276.1605933,26.3110742,-8.5755108,4.8016386,0.0013669,8.4999676,0.0000011
276.3605647,26.3289246,-8.7746832,4.8019061,0.0013173,8.4999676,0.0000011
276.5605362,26.3468276,-8.9738508,4.8021676,0.0013087,8.4999676,0.0000011
276.7605077,26.3647828,-9.1730138,4.8024319,0.0013454,8.4999676,0.0000011
276.9604791,26.3827917,-9.3721720,4.8027083,0.0014309,8.4999677,0.0000011
277.1604506,26.4008577,-9.5713251,4.8030070,0.0015683,8.4999677,0.0000011
277.3604221,26.4189862,-9.7704725,4.8033384,0.0017595,8.4999677,0.0000011
277.5603935,26.4371849,-9.9696135,4.8037136,0.0020060,8.4999677,0.0000011
277.7603650,26.4554636,-10.1687472,4.8041436,0.0023080,8.4999678,0.0000011
277.9603364,26.4738343,-10.3678725,4.8046395,0.0026647,8.4999678,0.0000011
278.1603079,26.4923113,-10.5669879,4.8052121,0.0030740,8.4999678,0.0000011
278.3602794,26.5109107,-10.7660920,4.8058715,0.0035322,8.4999678,0.0000011
278.5602508,26.5296508,-10.9651829,4.8066270,0.0040338,8.4999679,0.0000011
278.7602223,26.5485515,-11.1642586,4.8074866,0.0045712,8.4999679,0.0000011
278.9601938,26.5676343,-11.3633169,4.8084566,0.0051346,8.4999679,0.0000011
279.1601652,26.5869215,-11.5623556,4.8095409,0.0057113,8.4999679,0.0000011
279.3601367,26.6064360,-11.7613722,4.8107407,0.0062856,8.4999680,0.0000011
279.5601082,26.6262006,-11.9603641,4.8120537,0.0068386,8.4999680,0.0000011
279.7600796,26.6462373,-12.1593288,4.8134735,0.0073474,8.4999680,0.0000011
279.9600511,26.6665661,-12.3582641,4.8149887,0.0077855,8.4999680,0.0000010
280.1600226,26.6872045,-12.5571675,4.8165822,0.0081220,8.4999681,0.0000009
280.3599940,26.7081657,-12.7560374,4.8182302,0.0083216,8.4999681,0.0000008
280.5599655,26.7294575,-12.9548723,4.8199015,0.0083442,8.4999681,0.0000007
280.7599370,26.7510807,-13.1536717,4.8215564,0.0081456,8.4999681,0.0000004
280.9599084,26.7730273,-13.3524359,4.8231458,0.0076763,8.4999681,0.0000001
281.1598799,26.7952785,-13.5511666,4.8246104,0.0068856,8.4999681,-0.0000002
281.3598514,26.8178027,-13.7498669,4.8258804,0.0057086,8.4999681,-0.0000005
281.5598228,26.8405532,-13.9485425,4.8268749,0.0041697,8.4999681,-0.0000008
281.7597943,26.8634685,-14.1471962,4.8275315,0.0022933,8.4999681,-0.0000010
281.9597658,26.8864726,-14.3458320,4.8277492,-0.0004892,8.4999681,-0.0000009
282.1597372,26.9094558,-14.5444719,4.8272890,-0.0041259,8.4999680,-0.0000007
282.3597087,26.9322751,-14.7431345,4.8260827,-0.0081341,8.4999680,-0.0000001
282.5596801,26.9547699,-14.9418337,4.8239989,-0.0128780,8.4999680,0.0000012
282.7596516,26.9767520,-15.1405912,4.8208975,-0.0183244,8.4999681,0.0000038
282.9596231,26.9980044,-15.3394285,4.8166344,-0.0244902,8.4999681,0.0000082
283.1595945,27.0182817,-15.5383679,4.8110686,-0.0313438,8.4999683,0.0000153
283.3595660,27.0373107,-15.7374307,4.8040675,-0.0388229,8.4999687,0.0000254
283.5595375,27.0547928,-15.9366352,4.7955151,-0.0468347,8.4999693,0.0000388
283.7595089,27.0704077,-16.1359943,4.7853115,-0.0553602,8.4999702,0.0000513
283.9594804,27.0838140,-16.3355133,4.7733551,-0.0642224,8.4999714,0.0000538
284.1594519,27.0946571,-16.5351865,4.7596360,-0.0728728,8.4999727,0.0000406
284.3594233,27.1025907,-16.7349950,4.7442417,-0.0809427,8.4999736,0.0000124
284.5593948,27.1072909,-16.9349040,4.7273064,-0.0882157,8.4999739,-0.0000283
284.7593663,27.1084664,-17.1348634,4.7090196,-0.0944331,8.4999733,-0.0000772
284.9593377,27.1058689,-17.3348086,4.6896060,-0.0994808,8.4999714,-0.0001280
285.1593092,27.0992977,-17.5346625,4.6693046,-0.1033270,8.4999684,-0.0001757
285.3592807,27.0886020,-17.7343388,4.6483527,-0.1060117,8.4999643,-0.0002141
285.5592521,27.0736791,-17.9337455,4.6269750,-0.1076121,8.4999593,-0.0002183
285.7592236,27.0544719,-18.1327881,4.6053797,-0.1082048,8.4999541,-0.0001704
285.9591951,27.0309654,-18.3313730,4.5837651,-0.1078269,8.4999501,-0.0001048
286.1591665,27.0031854,-18.5294109,4.5623213,-0.1064667,8.4999477,-0.0000538
286.3591380,26.9712004,-18.7268203,4.5412864,-0.1038626,8.4999464,-0.0025089
286.5591094,26.9351222,-18.9235318,4.5208098,-0.1007244,8.4998874,-0.0784707
286.7590809,26.8951276,-19.1194630,4.5015368,-0.0920782,8.4980410,-4.3861465
286.9590524,26.8515232,-19.3145829,4.4837042,-0.0863826,8.3941940,-4.4602159
287.1590238,26.8045117,-19.5089152,4.4662695,-0.0887427,8.2872590,-4.4132404
287.3589953,26.7540763,-19.7023680,4.4484342,-0.0891709,8.1800744,-4.3867694
287.5589668,26.7002004,-19.8948594,4.4304521,-0.0912980,8.0721224,-4.3814900
287.7589382,26.6428007,-20.0863861,4.4118145,-0.0958074,7.9628395,-4.3940381
287.9589097,26.5817207,-20.2768454,4.3921288,-0.1007275,7.8517163,-4.4160353
288.1588812,26.5168102,-20.4660491,4.3715138,-0.1054037,7.7384292,-4.4369033
288.3588526,26.4479231,-20.6538432,4.3499290,-0.1105292,7.6229115,-4.4471249
288.5588241,26.3749018,-20.8400600,4.3272447,-0.1163993,7.5053436,-4.4393923
288.7587956,26.2975730,-21.0245014,4.3033155,-0.1230355,7.3861139,-4.4080491
288.9587670,26.2157439,-21.2069457,4.2779728,-0.1306125,7.2657905,-4.3472709
289.1587385,26.1291562,-21.3872295,4.2510157,-0.1391550,7.1451418,-4.2538884
289.3587100,26.0375664,-21.5650634,4.2222490,-0.1486594,7.0250792,-4.1365018
289.5586814,25.9407206,-21.7401060,4.1914847,-0.1590509,6.9063285,-3.9995865
289.7586529,25.8383513,-21.9119791,4.1585553,-0.1701919,6.7895337,-3.8480722
289.9586244,25.7301902,-22.0802606,4.1233287,-0.1818794,6.6752347,-3.6871366
290.1585958,25.6159802,-22.2444854,4.0857220,-0.1938415,6.5638490,-3.5220102
290.3585673,25.4954901,-22.4041490,4.0457162,-0.2057263,6.4556573,-3.3580206
290.5585387,25.3685306,-22.5587143,4.0033716,-0.2170870,6.3507869,-3.2010361
290.7585102,25.2349734,-22.7076230,3.9588479,-0.2273518,6.2491809,-3.0587126
290.9584817,25.0947736,-22.8503110,3.9124330,-0.2358108,6.1505245,-2.9464829
291.1584531,24.9479981,-22.9862296,3.8645790,-0.2414767,6.0539679,-2.9417587
291.3584246,24.7948643,-23.1148775,3.8159893,-0.2431105,5.9560046,-3.0913452
291.5583961,24.6357825,-23.2358476,3.7675694,-0.2404556,5.8512930,-3.3007891
291.7583675,24.4713485,-23.3488645,3.7201359,-0.2342101,5.7373777,-3.5471019
291.9583390,24.3013932,-23.4543340,3.6742019,-0.2250550,5.6123849,-3.4909194
292.1583105,24.1267343,-23.5520832,3.6295194,-0.2239863,5.4865924,-2.6691399
292.3582819,23.9484461,-23.6416173,3.5841727,-0.2313849,5.3884313,-1.6962875
292.5582534,23.7659608,-23.7228550,3.5359233,-0.2551856,5.3251079,-0.9309022
292.7582249,23.5796935,-23.7946260,3.4817405,-0.2866197,5.2900346,-0.4523384
292.9581963,23.3892039,-23.8558492,3.4228647,-0.3014919,5.2729078,-0.3565860
293.1581678,23.1956989,-23.9053888,3.3610601,-0.3151283,5.2593671,-0.4162621
293.3581393,22.9990977,-23.9427311,3.2973569,-0.3208390,5.2435161,-0.4827244
293.5581107,22.8004668,-23.9673793,3.2326383,-0.3255510,5.2250741,-0.5641950
293.7580822,22.6007549,-23.9790630,3.1673278,-0.3277040,5.2034367,-0.6099356
293.9580537,22.4006151,-23.9776375,3.1015182,-0.3296205,5.1799434,-0.5261245
294.1580251,22.2011558,-23.9630229,3.0353604,-0.3307228,5.1595924,-0.3513329
294.3579966,22.0034338,-23.9353211,2.9695829,-0.3269633,5.1459577,-0.1054777
294.5579680,21.8071582,-23.8946622,2.9055853,-0.3113560,5.1418572,0.1231614
294.7579395,21.6145519,-23.8421302,2.8462003,-0.2777426,5.1466449,0.3883586
294.9579110,21.4253639,-23.7790550,2.7941485,-0.2685787,5.1617124,0.6024962
295.1578824,21.2398672,-23.7058401,2.7363208,-0.2960120,5.1850013,0.7498481
295.3578539,21.0585664,-23.6216738,2.6776376,-0.2961242,5.2138407,0.8283326
295.5578254,20.8831088,-23.5271171,2.6163908,-0.3133898,5.2455144,0.8505851
295.7577968,20.7133257,-23.4214405,2.5531876,-0.3168602,5.2778411,0.8418571
295.9577683,20.5504340,-23.3051063,2.4896896,-0.3152928,5.3096423,0.8142681
296.1577398,20.3951839,-23.1786863,2.4268555,-0.3104881,5.3402212,0.7768424
296.3577112,20.2481002,-23.0428454,2.3651817,-0.3036991,5.3692322,0.7550060
296.5576827,20.1095670,-22.8983135,2.3050949,-0.2949694,5.3972784,0.7803905
296.7576542,19.9798411,-22.7458811,2.2470055,-0.2845559,5.4261152,0.8652019
296.9576256,19.8590437,-22.5863623,2.1912209,-0.2723500,5.4579078,1.0154696
297.1575971,19.7471544,-22.4205884,2.1382874,-0.2571521,5.4949874,1.2308252
297.3575686,19.6439603,-22.2493792,2.0887818,-0.2387679,5.5395981,1.5172802
297.5575400,19.5490753,-22.0733370,2.0417737,-0.2309546,5.5941016,1.8007830
297.7575115,19.4623931,-21.8931199,1.9969388,-0.2169930,5.6581077,2.0671250
297.9574830,19.3836154,-21.7093199,1.9549709,-0.2026774,5.7306993,2.3114231
298.1574544,19.3123544,-21.5224870,1.9158546,-0.1886218,5.8107962,2.5340734
298.3574259,19.2481914,-21.3331015,1.8795024,-0.1751055,5.8973585,2.7390491
298.5573974,19.1906989,-21.1415863,1.8457956,-0.1621894,5.9895159,2.9298918
298.7573688,19.1394474,-20.9483069,1.8146114,-0.1498806,6.0865499,3.1083901
298.9573403,19.0940113,-20.7535774,1.7858264,-0.1382097,6.1878323,3.2748363
299.1573117,19.0539741,-20.5576654,1.7593068,-0.1272372,6.2927749,3.4287194
299.3572832,19.0189348,-20.3607969,1.7349057,-0.1170287,6.4008053,3.5692832
299.5572547,18.9885128,-20.1631613,1.7124639,-0.1076382,6.5113607,3.6958131
299.7572261,18.9623530,-19.9649158,1.6918134,-0.0991007,6.6238910,3.8077199
299.9571976,18.9401286,-19.7661902,1.6727813,-0.0914327,6.7378634,3.9045098
300.1571691,18.9215435,-19.5670910,1.6551932,-0.0846364,6.8527647,3.9857069
300.3571405,18.9063334,-19.3677057,1.6388752,-0.0787059,6.9681015,4.0507606
300.5571120,18.8942663,-19.1681058,1.6236552,-0.0736318,7.0833969,4.0989531
300.7570835,18.8851428,-18.9683500,1.6093628,-0.0694056,7.1981845,4.1293166
300.9570549,18.8787966,-18.7684870,1.5958292,-0.0660222,7.3120004,4.1405688
301.1570264,18.8750938,-18.5685578,1.5828861,-0.0634806,7.4243748,4.1310871
301.3569979,18.8739339,-18.3685978,1.5703651,-0.0617825,7.5348219,4.0989498
301.5569693,18.8752496,-18.1686384,1.5580980,-0.0609268,7.6428324,4.0421014
301.7569408,18.8790065,-17.9687093,1.5459175,-0.0609023,7.7478705,3.9567115
301.9569123,18.8852035,-17.7688309,1.5336611,-0.0616811,7.8493283,3.8458722
302.1568837,18.8938699,-17.5690454,1.5211789,-0.0631674,7.9467028,3.7089000
302.3568552,18.9050627,-17.3693871,1.5083415,-0.0652412,8.0394921,3.5498637
302.5568267,18.9188609,-17.1698940,1.4950608,-0.0675783,8.1273105,3.3769941
302.7567981,18.9353557,-16.9706061,1.4812809,-0.0702656,8.2099806,3.2053171
302.9567696,18.9546395,-16.7715716,1.4671037,-0.0714240,8.2876851,3.0515164
303.1567410,18.9767652,-16.5728364,1.4527014,-0.0724680,8.3609902,2.9354925
303.3567125,19.0017748,-16.3744396,1.4380405,-0.0741386,8.4309066,2.8772260
303.5566840,19.0297029,-16.1764302,1.4233661,-0.0725806,8.4988772,0.0461746
303.7566554,19.0605135,-15.9788499,1.4088314,-0.0727861,8.4999635,0.0000050
303.9566269,19.0941963,-15.7817407,1.3942563,-0.0729678,8.4999636,0.0000160
304.1565984,19.1307303,-15.5851422,1.3799765,-0.0697675,8.4999640,0.0000359
304.3565698,19.1699813,-15.3890701,1.3666978,-0.0629400,8.4999649,0.0000431
304.5565413,19.2116732,-15.1935034,1.3551805,-0.0521020,8.4999659,0.0000419
304.7565128,19.2553805,-14.9983763,1.3461876,-0.0376571,8.4999669,0.0000418
304.9564842,19.3005435,-14.8035776,1.3403396,-0.0206554,8.4999679,0.0000466
305.1564557,19.3465065,-14.6089607,1.3380214,-0.0024270,8.4999690,0.0000583
305.3564272,19.3925652,-14.4143604,1.3393690,0.0158976,8.4999703,0.0000690
305.5563986,19.4380100,-14.2196106,1.3443060,0.0333101,8.4999719,0.0000655
305.7563701,19.4821624,-14.0245605,1.3525847,0.0491787,8.4999735,0.0000428
305.9563416,19.5243995,-13.8290860,1.3638641,0.0632350,8.4999745,-0.0000035
306.1563130,19.5641655,-13.6330952,1.3777652,0.0753217,8.4999744,-0.0000741
306.3562845,19.6009782,-13.4365312,1.3938863,0.0854115,8.4999727,-0.0001671
306.5562560,19.6344307,-13.2393713,1.4118336,0.0936029,8.4999687,-0.0002722
306.7562274,19.6641888,-13.0416238,1.4312432,0.1000901,8.4999623,-0.0003549
306.9561989,19.6899849,-12.8433240,1.4517975,0.1051243,8.4999540,-0.0003553
307.1561703,19.7116082,-12.6445286,1.4732322,0.1089723,8.4999456,-0.0002240
307.3561418,19.7288959,-12.4453114,1.4953350,0.1118662,8.4999404,-0.0000386
307.5561133,19.7417242,-12.2457587,1.5179359,0.1140276,8.4999394,0.0000559
307.7560847,19.7500003,-12.0459663,1.5409126,0.1156680,8.4999408,0.0000746
307.9560562,19.7536542,-11.8460365,1.5641751,0.1169085,8.4999425,0.0001229
308.1560277,19.7526342,-11.6460760,1.5876511,0.1178320,8.4999454,0.0003010
308.3559991,19.7469038,-11.4461950,1.6112878,0.1185339,8.4999525,0.0007685
308.5559706,19.7364381,-11.2465057,1.6350478,0.1190757,8.4999706,0.0008442
308.7559421,19.7212212,-11.0471221,1.6589033,0.1195039,8.4999904,-0.0006451
308.9559135,19.7012446,-10.8481586,1.6828383,0.1198783,8.4999753,-0.0013354
309.1558850,19.6765046,-10.6497308,1.7068455,0.1202231,8.4999438,0.0003346
309.3558565,19.6470020,-10.4519548,1.7309171,0.1205232,8.4999517,0.0013794
309.5558279,19.6127419,-10.2549469,1.7550447,0.1207876,8.4999842,-0.0008601
309.7557994,19.5737339,-10.0588237,1.7792237,0.1210432,8.4999639,-0.0090374
309.9557709,19.5299904,-9.8637017,1.8034560,0.1213187,8.4997513,-0.0251689
310.1557423,19.4815265,-9.6696981,1.8277441,0.1215984,8.4991591,-0.0489075
310.3557138,19.4283601,-9.4769299,1.8520864,0.1218642,8.4980084,-0.0792585
310.5556853,19.3705123,-9.2855142,1.8764813,0.1221244,8.4961431,-0.1145958
310.7556567,19.3080077,-9.0955681,1.9009279,0.1223821,8.4934454,-0.1530231
310.9556282,19.2408739,-8.9072081,1.9254257,0.1226378,8.4898419,-0.1926975
311.1555997,19.1691414,-8.7205509,1.9499740,0.1228891,8.4853018,-0.2320305
311.3555711,19.0928443,-8.5357124,1.9745718,0.1231332,8.4798318,-0.2702803
311.5555426,19.0120197,-8.3528081,1.9992172,0.1233660,8.4734557,-0.3055608
311.7555140,18.9267081,-8.1719532,2.0239079,0.1235854,8.4662414,-0.3375616
311.9554855,18.8369538,-7.9932616,2.0486410,0.1237895,8.4582645,-0.3660917
312.1554570,18.7428044,-7.8168463,2.0734134,0.1239765,8.4496049,-0.3909902
312.3554284,18.6443109,-7.6428191,2.0982214,0.1241443,8.4403465,-0.4122301
312.5553999,18.5415282,-7.4712903,2.1230610,0.1242913,8.4305742,-0.4298775
312.7553714,18.4345146,-7.3023688,2.1479278,0.1244156,8.4203714,-0.4440598
312.9553428,18.3233321,-7.1361618,2.1728172,0.1245154,8.4098190,-0.4549416
313.1553143,18.2080462,-6.9727743,2.1977241,0.1245889,8.3989943,-0.4627070
313.3552858,18.0887260,-6.8123095,2.2226430,0.1246341,8.3879705,-0.4675464
313.5552572,17.9654442,-6.6548680,2.2475680,0.1246489,8.3768166,-0.4696472
313.7552287,17.8382769,-6.5005481,2.2724929,0.1246323,8.3655977,-0.4691857
313.9552002,17.7073037,-6.3494454,2.2974112,0.1245802,8.3543747,-0.4663197
314.1551716,17.5726071,-6.2016518,2.3223147,0.1244831,8.3432054,-0.4611904
314.3551431,17.4342738,-6.0572571,2.3472032,0.1244557,8.3321441,-0.4538300
314.5551146,17.2923991,-5.9163464,2.3719092,0.1219419,8.3212451,-0.4442324
314.7550860,17.1470844,-5.7789018,2.3960957,0.1206990,8.3105627,-0.4330815
314.9550575,16.9984116,-5.6449614,2.4206829,0.1270050,8.3001352,-0.4209917
315.1550290,16.8463863,-5.5148377,2.4467875,0.1320489,8.2899862,-0.4076984
315.3550004,16.6909854,-5.3887904,2.4735648,0.1359371,8.2801459,-0.3929910
315.5549719,16.5322263,-5.2670280,2.5011908,0.1396171,8.2706494,-0.3767011
315.7549433,16.3701849,-5.1497879,2.5293823,0.1419026,8.2615363,-0.3587023
315.9549148,16.2050254,-5.0372808,2.5577816,0.1417535,8.2528493,-0.3390083
316.1548863,16.0370239,-4.9296475,2.5856575,0.1370684,8.2446309,-0.3153528
316.3548577,15.8650440,-4.8259560,2.6119427,0.1232462,8.2369785,-0.2942868
316.5548292,15.6910909,-4.7267965,2.6341377,0.0955501,8.2298309,-0.2733186
316.7548007,15.5164336,-4.6315238,2.6487059,0.0468637,8.2231871,-0.2460984
316.9547721,15.3395997,-4.5371816,2.6522361,-0.0135697,8.2172003,-0.2182059
317.1547436,15.1644329,-4.4431994,2.6454526,-0.0127845,8.2118883,-0.1827851
317.3547151,14.9879813,-4.3485455,2.6564392,0.0931914,8.2074361,-0.1355558
317.5546865,14.8114554,-4.2577494,2.6774513,0.1229763,8.2041326,-0.0950865
317.7546580,14.6316209,-4.1707650,2.7056474,0.1518472,8.2018146,-0.0537011
317.9546295,14.4487819,-4.0890346,2.7370765,0.1601567,8.2005052,-0.0110766
318.1546009,14.2634065,-4.0131967,2.7694635,0.1612369,8.2002351,0.0324041
318.3545724,14.0756726,-3.9433886,2.8016025,0.1581954,8.2010252,0.0765435
318.5545439,13.8857927,-3.8795670,2.8329129,0.1531744,8.2028915,0.1213655
318.7545153,13.6940431,-3.8216128,2.8630636,0.1469879,8.2058496,0.1670698
318.9544868,13.5007475,-3.7693550,2.8918361,0.1402906,8.2099200,0.2139539
319.1544583,13.3062108,-3.7225814,2.9192254,0.1333150,8.2151297,0.2631630
319.3544297,13.1106740,-3.6810219,2.9447571,0.1226985,8.2215330,0.3193780
319.5544012,12.9139575,-3.6442101,2.9680051,0.1095528,8.2292976,0.3701248
319.7543726,12.7165702,-3.6118358,2.9903300,0.1160636,8.2382867,0.4206375
319.9543441,12.5185595,-3.5840233,3.0137165,0.1157913,8.2484907,0.4702642
320.1543156,12.3199511,-3.5608047,3.0366677,0.1142268,8.2598836,0.5175763
320.3542870,12.1208853,-3.5421293,3.0594039,0.1132626,8.2724046,0.5607414
320.5542585,11.9214506,-3.5279657,3.0819512,0.1123394,8.2859485,0.5978557
320.7542300,11.7217487,-3.5182841,3.1043219,0.1115161,8.3003645,0.6271471
320.9542014,11.5218786,-3.5130567,3.1265441,0.1108370,8.3154599,0.6472350
321.1541729,11.3219384,-3.5122593,3.1486463,0.1103081,8.3310102,0.6574964
321.3541444,11.1220255,-3.5158717,3.1706609,0.1099432,8.3467773,0.6584162
321.5541158,10.9222364,-3.5238778,3.1926196,0.1097302,8.3625367,0.6518916
321.7540873,10.7226674,-3.5362658,3.2145502,0.1096399,8.3781108,0.6414806
321.9540588,10.5234143,-3.5530263,3.2364719,0.1096190,8.3934079,0.6326397
322.1540302,10.3245733,-3.5741504,3.2583909,0.1095902,8.4084669,0.6330497
322.3540017,10.1262397,-3.5996267,3.2802939,0.1094442,8.4235087,0.6531670
322.5539732,9.9285082,-3.6294366,3.3021446,0.1090502,8.4390005,0.7071258
322.7539446,9.7314706,-3.6635488,3.3238632,0.1081400,8.4557400,0.8154872
322.9539161,9.5352153,-3.7019108,3.3453467,0.1067189,8.4750037,1.0083870
323.1538876,9.3398257,-3.7444366,3.3663244,0.1030787,8.4987637,0.0510623
323.3538590,9.1453538,-3.7909794,3.3865548,0.0992577,8.4999651,0.0000965
323.5538305,8.9518433,-3.8413752,3.4060567,0.0958372,8.4999674,0.0000255
323.7538020,8.7593302,-3.8954639,3.4247655,0.0910997,8.4999680,0.0000173
323.9537734,8.5678291,-3.9530454,3.4423722,0.0847385,8.4999684,0.0000113
324.1537449,8.3773255,-4.0138598,3.4585475,0.0767258,8.4999686,0.0000068
324.3537163,8.1877718,-4.0775887,3.4729931,0.0675166,8.4999688,0.0000036
324.5536878,7.9990925,-4.1438717,3.4855329,0.0578220,8.4999689,0.0000015
324.7536593,7.8111893,-4.2123345,3.4961476,0.0484935,8.4999689,-0.0000000
324.9536307,7.6239620,-4.2826165,3.5049615,0.0397932,8.4999689,-0.0000012
325.1536022,7.4372976,-4.3543898,3.5121392,0.0325524,8.4999689,-0.0000023
325.3535737,7.2510909,-4.4273843,3.5180423,0.0265977,8.4999688,-0.0000032
325.5535451,7.0652856,-4.5013643,3.5227851,0.0207586,8.4999687,-0.0000037
325.7535166,6.8798120,-4.5761060,3.5263613,0.0154145,8.4999687,-0.0000038
325.9534881,6.6945735,-4.6514197,3.5290120,0.0112956,8.4999686,-0.0000037
326.1534595,6.5095047,-4.7271533,3.5309134,0.0078543,8.4999685,-0.0000035
326.3534310,6.3245565,-4.8031778,3.5321795,0.0049338,8.4999684,-0.0000033
326.5534025,6.1396835,-4.8793858,3.5329126,0.0025002,8.4999683,-0.0000030
326.7533739,5.9548487,-4.9556871,3.5332020,0.0004838,8.4999683,-0.0000028
326.9533454,5.7700213,-5.0320071,3.5331270,-0.0011573,8.4999682,-0.0000025
327.1533169,5.5851761,-5.1082853,3.5327580,-0.0024664,8.4999681,-0.0000023
327.3532883,5.4002933,-5.1844731,3.5321576,-0.0034805,8.4999681,-0.0000020
327.5532598,5.2153574,-5.2605329,3.5313811,-0.0042346,8.4999680,-0.0000018
327.7532313,5.0303571,-5.3364367,3.5304773,-0.0047613,8.4999680,-0.0000016
327.9532027,4.8452845,-5.4121649,3.5294883,-0.0050913,8.4999679,-0.0000014
328.1531742,4.6601349,-5.4877050,3.5284508,-0.0052534,8.4999679,-0.0000012
328.3531456,4.4749060,-5.5630510,3.5273955,-0.0052743,8.4999679,-0.0000010
328.5531171,4.2895977,-5.6382020,3.5263481,-0.0051787,8.4999679,-0.0000009
328.7530886,4.1042115,-5.7131612,3.5253297,-0.0049891,8.4999678,-0.0000008
328.9530600,3.9187506,-5.7879357,3.5243570,-0.0047260,8.4999678,-0.0000006
329.1530315,3.7332191,-5.8625350,3.5234428,-0.0044073,8.4999678,-0.0000005
329.3530030,3.5476217,-5.9369710,3.5225966,-0.0040492,8.4999678,-0.0000004
329.5529744,3.3619639,-6.0112568,3.5218248,-0.0036654,8.4999678,-0.0000004
329.7529459,3.1762516,-6.0854066,3.5211314,-0.0032679,8.4999678,-0.0000003
329.9529174,2.9904907,-6.1594350,3.5205181,-0.0028667,8.4999678,-0.0000002
330.1528888,2.8046871,-6.2333571,3.5199847,-0.0024704,8.4999678,-0.0000002
330.3528603,2.6188469,-6.3071875,3.5195296,-0.0020858,8.4999678,-0.0000002
330.5528318,2.4329756,-6.3809403,3.5191497,-0.0017186,8.4999678,-0.0000001
330.7528032,2.2470788,-6.4546294,3.5188411,-0.0013735,8.4999678,-0.0000001
330.9527747,2.0611616,-6.5282674,3.5185991,-0.0010540,8.4999677,-0.0000001
331.1527462,1.8752286,-6.6018663,3.5184181,-0.0007632,8.4999677,-0.0000001
331.3527176,1.6892842,-6.6754368,3.5182922,-0.0005035,8.4999677,-0.0000001
331.5526891,1.5033321,-6.7489886,3.5182150,-0.0002767,8.4999677,-0.0000001
331.7526606,1.3173759,-6.8225301,3.5181797,-0.0000845,8.4999677,-0.0000001
331.9526320,1.1314182,-6.8960684,3.5181793,0.0000716,8.4999677,-0.0000001
332.1526035,0.9454614,-6.9696094,3.5182064,0.0001904,8.4999677,-0.0000002
332.3525749,0.7595073,-7.0431575,3.5182534,0.0002706,8.4999677,-0.0000002
332.5525464,0.5735571,-7.1167155,3.5183125,0.0003111,8.4999677,-0.0000002
332.7525179,0.3876114,-7.1902851,3.5183756,0.0003105,8.4999677,-0.0000002
332.9524893,0.2016701,-7.2638662,3.5184344,0.0002677,8.4999677,-0.0000003
333.1524608,0.0157328,-7.3374571,3.5184804,0.0001817,8.4999677,-0.0000003
333.3524323,-0.1702019,-7.4110548,3.5185047,0.0000515,8.4999677,-0.0000003
333.5524037,-0.3561360,-7.4846542,3.5184985,-0.0001239,8.4999677,-0.0000004
333.7523752,-0.5420718,-7.5582490,3.5184527,-0.0003448,8.4999677,-0.0000004
333.9523467,-0.7280127,-7.6318308,3.5183581,-0.0006114,8.4999677,-0.0000004
334.1523181,-0.9139626,-7.7053898,3.5182057,-0.0009232,8.4999677,-0.0000004
334.3522896,-1.0999261,-7.7789143,3.5179865,-0.0012790,8.4999677,-0.0000004
334.5522611,-1.2859083,-7.8523912,3.5176919,-0.0016768,8.4999676,-0.0000005
334.7522325,-1.4719151,-7.9258056,3.5173138,-0.0021136,8.4999676,-0.0000005
334.9522040,-1.6579528,-7.9991413,3.5168448,-0.0025849,8.4999676,-0.0000005
335.1521755,-1.8440284,-8.0723807,3.5162785,-0.0030850,8.4999676,-0.0000005
335.3521469,-2.0301489,-8.1455052,3.5156099,-0.0036065,8.4999676,-0.0000005
335.5521184,-2.2163224,-8.2184956,3.5148357,-0.0041393,8.4999676,-0.0000005
335.7520899,-2.4025551,-8.2913313,3.5139542,-0.0046786,8.4999676,-0.0000004
335.9520613,-2.5888584,-8.3639938,3.5129644,-0.0052229,8.4999676,-0.0000002
336.1520328,-2.7752318,-8.4364581,3.5118320,-0.0063144,8.4999676,0.0000003
336.3520042,-2.9616854,-8.5086849,3.5104890,-0.0066955,8.4999676,0.0000008
336.5519757,-3.1482454,-8.5806665,3.5091763,-0.0064870,8.4999676,0.0000010
336.7519472,-3.3349090,-8.6524095,3.5078822,-0.0065196,8.4999676,0.0000011
336.9519186,-3.5216653,-8.7239089,3.5065701,-0.0065496,8.4999676,0.0000011
337.1518901,-3.7085149,-8.7951639,3.5052715,-0.0063969,8.4999677,0.0000011
337.3518616,-3.8954559,-8.8661802,3.5040207,-0.0060571,8.4999677,0.0000010
337.5518330,-4.0824827,-8.9369704,3.5028598,-0.0054911,8.4999677,0.0000009
337.7518045,-4.2695871,-9.0075556,3.5018368,-0.0046676,8.4999677,0.0000008
337.9517760,-4.4567572,-9.0779666,3.5010072,-0.0035490,8.4999678,0.0000006
338.1517474,-4.6439771,-9.1482452,3.5004339,-0.0020968,8.4999678,0.0000005
338.3517189,-4.8312262,-9.2184460,3.5001876,-0.0002707,8.4999678,0.0000004
338.5516904,-5.0184787,-9.2886374,3.5003476,0.0019702,8.4999678,0.0000005
338.7516618,-5.2057030,-9.3589035,3.5010010,0.0046659,8.4999678,0.0000006
338.9516333,-5.3928610,-9.4293455,3.5022431,0.0078549,8.4999678,0.0000011
339.1516048,-5.5799073,-9.5000827,3.5041762,0.0115720,8.4999678,0.0000020
339.3515762,-5.7667883,-9.5712543,3.5069095,0.0158468,8.4999679,0.0000035
339.5515477,-5.9534415,-9.6430197,3.5105571,0.0207001,8.4999680,0.0000059
339.7515192,-6.1397944,-9.7155595,3.5152358,0.0261407,8.4999681,0.0000097
339.9514906,-6.3257637,-9.7890749,3.5210622,0.0321570,8.4999683,0.0000151
340.1514621,-6.5112542,-9.8637874,3.5281491,0.0387280,8.4999687,0.0000225
340.3514336,-6.6961587,-9.9399367,3.5365974,0.0457706,8.4999692,0.0000315
340.5514050,-6.8803576,-10.0177788,3.5465122,0.0534159,8.4999700,0.0000394
340.7513765,-7.0637142,-10.0975859,3.5579920,0.0614264,8.4999709,0.0000390
340.9513479,-7.2460770,-10.1796389,3.5710717,0.0693831,8.4999718,0.0000275
341.1513194,-7.4272842,-10.2642130,3.5857216,0.0771028,8.4999725,0.0000050
341.3512909,-7.6071664,-10.3515691,3.6018751,0.0843778,8.4999726,-0.0000271
341.5512623,-7.7855494,-10.4419456,3.6194258,0.0910302,8.4999719,-0.0000653
341.7512338,-7.9622581,-10.5355521,3.6382367,0.0969481,8.4999704,-0.0001039
341.9512053,-8.1371193,-10.6325646,3.6581549,0.1020835,8.4999680,-0.0001338
342.1511767,-8.3099640,-10.7331245,3.6790230,0.1064434,8.4999648,-0.0001452
342.3511482,-8.4806295,-10.8373391,3.7006897,0.1100768,8.4999614,-0.0001313
342.5511197,-8.6489601,-10.9452839,3.7230159,0.1130519,8.4999583,-0.0000889
342.7510911,-8.8148078,-11.0570054,3.7458770,0.1154444,8.4999562,-0.0000458
342.9510626,-8.9780327,-11.1725250,3.7691657,0.1173586,8.4999551,-0.0000222
343.1510341,-9.1385019,-11.2918426,3.7927971,0.1188900,8.4999546,-0.0000013
343.3510055,-9.2960895,-11.4149410,3.8167010,0.1200962,8.4999546,0.0000433
343.5509770,-9.4506758,-11.5417878,3.8408171,0.1210319,8.4999556,0.0002196
343.7509485,-9.6021470,-11.6723383,3.8650982,0.1217629,8.4999608,0.0007123
343.9509199,-9.7503948,-11.8065376,3.8895082,0.1223190,8.4999775,-0.0079956
344.1508914,-9.8953159,-11.9443223,3.9140115,0.1227226,8.4997894,-0.0389722
344.3508629,-10.0368121,-12.0856214,3.9385871,0.1230513,8.4988725,-0.0808344
344.5508343,-10.1747887,-12.2303587,3.9632220,0.1233030,8.4969703,-0.1276609
344.7508058,-10.3091548,-12.3784533,3.9878945,0.1234374,8.4939653,-0.1795333
344.9507772,-10.4398247,-12.5298186,4.0125843,0.1234824,8.4897376,-0.2353534
345.1507487,-10.5667174,-12.6843636,4.0372752,0.1234536,8.4841921,-0.2933660
345.3507202,-10.6897565,-12.8419932,4.0619539,0.1233651,8.4772747,-0.3516487
345.5506916,-10.8088699,-13.0026094,4.0866097,0.1232273,8.4689756,-0.4084152
345.7506631,-10.9239897,-13.1661114,4.1112337,0.1230496,8.4593265,-0.4621382
345.9506346,-11.0350519,-13.3323960,4.1358190,0.1228409,8.4483948,-0.5115423
346.1506060,-11.1419965,-13.5013582,4.1603603,0.1226092,8.4362781,-0.5555124
346.3505775,-11.2447668,-13.6728914,4.1848537,0.1223608,8.4231001,-0.5929544
346.5505490,-11.3433097,-13.8468878,4.2092964,0.1220985,8.4090110,-0.6226375
346.7505204,-11.4375756,-14.0232386,4.2336855,0.1218204,8.3941913,-0.6430566
346.9504919,-11.5275183,-14.2018339,4.2580166,0.1215128,8.3788580,-0.6523559
347.1504634,-11.6130955,-14.3825627,4.2822827,0.1211644,8.3632742,-0.6366368
347.3504348,-11.6942695,-14.5653133,4.3064777,0.1208053,8.3480380,-0.6459772
347.5504063,-11.7710031,-14.7499748,4.3306461,0.1208645,8.3325496,-0.8692606
