#x_m,y_m,w_tr
-11.955238,-14.632511,2.056155
-11.986024,-14.677597,2.056155
-12.014103,-14.723804,2.039666
-12.039833,-14.770984,2.056155
-12.070619,-14.816071,2.023176
-12.100527,-14.861520,2.039666
-12.130792,-14.906822,2.039402
-12.161220,-14.952056,2.056155
-12.186951,-14.999237,2.039666
-12.215388,-15.045296,2.056155
-12.241118,-15.092476,2.056155
-12.266848,-15.139656,2.039666
-12.293457,-15.186472,2.056155
-12.320391,-15.233153,2.039402
-12.346479,-15.280185,2.056155
-12.373935,-15.326651,2.039402
-12.399665,-15.373831,2.056155
-12.427641,-15.420081,2.039402
-12.453372,-15.467261,2.056155
-12.476813,-15.515390,2.039666
-12.501339,-15.563069,2.039666
-12.525301,-15.610981,2.056155
-12.549305,-15.658876,2.056155
-12.573788,-15.706573,2.039402
-12.597272,-15.754684,2.056155
-12.622276,-15.802165,2.039402
-12.643726,-15.851118,2.056155
-12.664400,-15.900392,2.039402
-12.685850,-15.949345,2.056155
-12.706525,-15.998620,2.056155
-12.727975,-16.047573,2.039402
-12.748649,-16.096847,2.056155
-12.770050,-16.145821,2.039402
-12.792238,-16.194468,2.056155
-12.817968,-16.241648,2.039402
-12.839418,-16.290602,2.056155
-12.860092,-16.339876,2.039402
-12.881238,-16.388955,2.056155
-12.901430,-16.438429,2.056155
-12.915779,-16.490324,2.039402
-12.931398,-16.541692,2.056155
-12.946267,-16.593371,2.039402
-12.960567,-16.645286,2.022649
-12.973864,-16.697616,1.988351
-12.981318,-16.752367,2.039402
-12.988468,-16.807243,2.022649
-13.000300,-16.860180,2.005895
-13.012544,-16.912946,1.954317
-13.019694,-16.967823,1.937564
-13.026844,-17.022699,2.005895
-13.033994,-17.077576,1.989142
-13.042610,-17.131845,1.972389
-13.056910,-17.183759,1.955636
-13.066527,-17.237614,1.938883
-13.073677,-17.292490,1.922130
-13.080827,-17.347366,1.990461
-13.087977,-17.402243,1.973708
-13.095127,-17.457119,1.956955
-13.105690,-17.510582,1.956955
-13.112840,-17.565458,1.956955
-13.119990,-17.620335,1.956955
-13.127140,-17.675211,2.042040
-13.134290,-17.730087,2.042040
-13.141440,-17.784964,2.042040
-13.148590,-17.839840,2.042040
-13.147626,-17.895397,2.042040
-13.140476,-17.950273,2.042040
-13.133326,-18.005150,2.042040
-13.126176,-18.060026,2.042040
-13.119026,-18.114903,1.973708
-13.111876,-18.169779,1.990461
-13.104726,-18.224655,2.007215
-13.100811,-18.280872,2.023968
-13.100811,-18.338710,2.040721
-13.100811,-18.396548,2.042040
-13.100811,-18.454386,2.042040
-13.096072,-18.510261,2.058793
-13.088922,-18.565137,2.092300
-13.081772,-18.620013,2.109053
-13.074622,-18.674890,2.040721
-13.067472,-18.729766,2.042040
-13.060322,-18.784643,2.058793
-13.053172,-18.839519,2.075546
-13.050761,-18.896358,2.092300
-13.046878,-18.952588,2.109053
-13.039728,-19.007464,2.125806
-13.032578,-19.062341,2.109053
-13.025428,-19.117217,2.090981
-13.013343,-19.170049,2.107734
-12.999043,-19.221964,2.124487
-12.984743,-19.273879,2.124487
-12.969124,-19.325247,2.074227
-12.954824,-19.377162,2.090981
-12.940524,-19.429077,2.107734
-12.926224,-19.480991,2.124487
-12.915661,-19.534454,2.056155
-12.901471,-19.586414,2.074227
-12.887171,-19.638329,2.090981
-12.878072,-19.692398,2.107734
-12.868671,-19.746342,2.039402
-12.854371,-19.798257,2.056155
-12.838341,-19.849455,2.090981
-12.818089,-19.898904,2.022649
-12.803680,-19.950774,2.039402
-12.789380,-20.002689,2.056155
-12.772297,-20.053451,2.005896
-12.753098,-20.103336,2.022649
-12.736536,-20.154314,2.039402
-12.716816,-20.203984,1.988351
-12.700775,-20.255177,2.039402
-12.679325,-20.304130,2.056155
-12.657875,-20.353083,2.022649
-12.637201,-20.402358,2.039402
-12.615751,-20.451311,1.988351
-12.595076,-20.500585,2.039402
-12.573626,-20.549538,1.988351
-12.552952,-20.598813,2.039402
-12.531844,-20.647907,2.056155
-12.509949,-20.696676,2.039402
-12.484219,-20.743856,2.056155
-12.462769,-20.792810,2.039402
-12.437038,-20.839990,2.056155
-12.411129,-20.887096,2.039666
-12.383495,-20.933487,2.056155
-12.357765,-20.980668,2.056155
-12.329610,-21.026843,2.039666
-12.303879,-21.074024,2.056155
-12.273169,-21.119141,2.074491
-12.242383,-21.164227,2.074491
-12.211597,-21.209313,2.058002
-12.177660,-21.253093,2.056155
-12.141818,-21.296085,2.090980
-12.103345,-21.337987,2.090980
-12.063863,-21.379471,2.074491
-12.028021,-21.422463,2.041512
-11.992179,-21.465455,2.058002
-11.956337,-21.508447,2.041512
-11.920495,-21.551439,2.025023
-11.884653,-21.594430,2.090980
-11.848812,-21.637422,2.092827
-11.811555,-21.679828,2.092827
-11.770657,-21.720725,2.092827
-11.729759,-21.761623,2.092827
-11.688862,-21.802521,2.092827
-11.646544,-21.839991,2.092827
-11.603553,-21.875833,2.090980
-11.560561,-21.911675,2.025023
-11.517569,-21.947517,2.041512
-11.474577,-21.983358,2.058002
-11.431585,-22.019200,2.041512
-11.388593,-22.055042,2.074491
-11.347021,-22.094311,2.090980
-11.305208,-22.132997,2.074491
-11.262216,-22.168839,2.056155
-11.218524,-22.202990,2.058002
-11.173438,-22.233776,2.074491
-11.128352,-22.264562,2.074491
-11.083266,-22.295348,2.056155
-11.038180,-22.326134,2.039666
-10.992188,-22.354734,2.056155
-10.947102,-22.385520,2.074491
-10.901111,-22.414120,2.039666
-10.856025,-22.444906,2.056155
-10.809548,-22.472336,2.056155
-10.762368,-22.498066,2.039666
-10.715188,-22.523797,2.056155
-10.669197,-22.552397,2.023176
-10.621058,-22.575812,2.039666
-10.573389,-22.600363,2.039666
-10.526209,-22.626094,2.056155
-10.480217,-22.654694,2.039402
-10.433037,-22.680424,2.056155
-10.385857,-22.706154,2.039402
-10.337215,-22.728356,2.056155
-10.290994,-22.756401,2.039402
-10.243814,-22.782131,2.056155
-10.196634,-22.807861,2.039402
-10.147680,-22.829311,2.056155
-10.100500,-22.855041,2.039402
-10.051561,-22.876526,2.056155
-10.004381,-22.902256,2.039402
-9.955658,-22.924262,2.056155
-9.906609,-22.945480,2.039402
-9.857335,-22.966155,2.022649
-9.808382,-22.987605,2.056155
-9.757128,-23.003502,2.039402
-9.707518,-23.023366,2.056155
-9.656481,-23.039783,2.039402
-9.604566,-23.054083,2.022649
-9.555066,-23.074214,2.056155
-9.503919,-23.090365,2.039402
-9.454203,-23.109975,1.988351
-9.405250,-23.131425,2.039402
-9.355976,-23.152099,2.022649
-9.307022,-23.173549,2.056155
-9.258069,-23.194999,2.039402
-9.208795,-23.215673,2.022649
-9.159842,-23.237123,2.056155
-9.110567,-23.257798,2.039402
-9.061614,-23.279248,2.107470
-9.010678,-23.295909,2.056155
-8.958763,-23.310209,2.039402
-8.909162,-23.330096,2.107470
-8.858115,-23.346491,2.056155
-8.806201,-23.360791,2.039402
-8.752738,-23.371354,2.107470
-8.700612,-23.385143,2.090980
-8.648697,-23.399443,2.056155
-8.597222,-23.414805,2.039402
-8.545854,-23.430424,2.107470
-8.493939,-23.444724,2.056155
-8.442024,-23.459024,2.039402
-8.390656,-23.474642,2.107734
-8.338952,-23.489453,2.090980
-8.287038,-23.503753,2.056155
-8.235669,-23.519372,2.107470
-8.183856,-23.533917,2.107734
-8.131941,-23.548217,2.090980
-8.080026,-23.562517,2.056155
-8.028658,-23.578136,2.107734
-7.976743,-23.592436,2.107470
-7.924828,-23.606736,2.056155
-7.873460,-23.622354,2.090980
-7.821545,-23.636654,2.107734
-7.769630,-23.650954,2.056155
-7.717716,-23.665254,2.039402
-7.664379,-23.676121,2.107734
-7.611797,-23.688809,2.090980
-7.559882,-23.703109,2.056155
-7.506435,-23.713710,2.039402
-7.453963,-23.726665,2.107470
-7.402048,-23.740965,2.056155
-7.350228,-23.755493,2.039402
-7.300828,-23.775864,2.107734
-7.249580,-23.791775,2.090980
-7.197666,-23.806075,2.056155
-7.146281,-23.821656,2.107470
-7.094913,-23.837274,2.107734
-7.042998,-23.851574,2.090980
-6.990989,-23.865646,2.056155
-6.937526,-23.876209,2.107734
-6.885611,-23.890509,2.107470
-6.833696,-23.904809,2.056155
-6.782328,-23.920427,2.090980
-6.730424,-23.934754,2.107734
-6.678509,-23.949054,2.090980
-6.626595,-23.963354,2.056155
-6.575226,-23.978973,2.107470
-6.523311,-23.993273,2.107734
-6.471397,-24.007573,2.090980
-6.418405,-24.019273,2.107734
-6.365478,-24.031128,2.107470
-6.313563,-24.045428,2.056155
-6.261648,-24.059728,2.039402
-6.210280,-24.075346,2.107734
-6.158365,-24.089646,2.090980
-6.106450,-24.103946,2.056155
-6.054610,-24.118427,2.039402
-6.003242,-24.134046,2.107470
-5.951327,-24.148346,2.056155
-5.899597,-24.163092,2.039402
-5.848229,-24.178711,2.107734
-5.796314,-24.193011,2.090980
-5.744399,-24.207311,2.056155
-5.693031,-24.222930,2.107470
-5.641583,-24.238356,2.107470
-5.589668,-24.252656,2.056155
-5.538299,-24.268275,2.039402
-5.486741,-24.283436,2.107734
-5.434826,-24.297736,2.090980
-5.382912,-24.312036,2.056155
-5.331543,-24.327654,2.107470
-5.279628,-24.341954,2.107470
-5.227713,-24.356254,2.056155
-5.176345,-24.371873,2.090980
-5.124430,-24.386173,2.107734
-5.072515,-24.400473,2.090980
-5.020601,-24.414773,2.056155
-4.969232,-24.430391,2.107470
-4.917317,-24.444691,2.056155
-4.865403,-24.458991,2.039402
-4.814034,-24.474610,2.107734
-4.762119,-24.488910,2.090980
-4.710205,-24.503210,2.056155
-4.658290,-24.517510,2.039402
-4.606921,-24.533128,2.107470
-4.555007,-24.547428,2.056155
-4.503092,-24.561728,2.039402
-4.451723,-24.577347,2.107734
-4.399808,-24.591647,2.090980
-4.347894,-24.605947,2.056155
-4.296365,-24.621178,2.107470
-4.244996,-24.636797,2.107470
-4.193081,-24.651097,2.056155
-4.141662,-24.666594,2.039402
-4.090294,-24.682212,2.107734
-4.038379,-24.696512,2.090980
-3.987070,-24.712275,2.056155
-3.937732,-24.732794,2.107470
-3.885973,-24.747471,2.107470
-3.834058,-24.761771,2.056155
-3.782689,-24.777389,2.090980
-3.730820,-24.791800,2.107734
-3.678906,-24.806100,2.090980
-3.627537,-24.821718,2.056155
-3.575622,-24.836018,2.107470
-3.523708,-24.850318,2.107470
-3.471793,-24.864618,2.056155
-3.420424,-24.880237,2.090980
-3.368510,-24.894537,2.107470
-3.316595,-24.908837,2.056155
-3.265226,-24.924455,2.107470
-3.213312,-24.938755,2.090980
-3.161397,-24.953055,2.056155
-3.109482,-24.967355,2.039402
-3.058114,-24.982974,2.107470
-3.006199,-24.997274,2.056155
-2.954284,-25.011574,2.039402
-2.900821,-25.022137,2.107734
-2.848515,-25.035492,2.090980
-2.796601,-25.049792,2.056155
-2.744946,-25.064721,2.039402
-2.693578,-25.080339,2.107470
-2.641663,-25.094639,2.056155
-2.589748,-25.108939,2.039402
-2.538380,-25.124558,2.107734
-2.486856,-25.139803,2.090980
-2.434941,-25.154103,2.056155
-2.383573,-25.169721,2.039402
-2.331939,-25.184700,2.107734
-2.280024,-25.199000,2.090980
-2.228110,-25.213300,2.056155
-2.176741,-25.228918,2.107734
-2.124826,-25.243218,2.107470
-2.072912,-25.257518,2.056155
-2.021543,-25.273137,2.090980
-1.969628,-25.287437,2.107734
-1.917714,-25.301737,2.090980
-1.865799,-25.316037,2.056155
-1.814430,-25.331655,2.107734
-1.762516,-25.345955,2.090980
-1.710601,-25.360255,2.056155
-1.657333,-25.371290,2.107734
-1.602588,-25.378755,2.107470
-1.550262,-25.392063,2.056155
-1.498347,-25.406363,2.039402
-1.446979,-25.421981,2.107734
-1.395064,-25.436281,2.090980
-1.343149,-25.450581,2.056155
-1.291585,-25.465729,2.039402
-1.242311,-25.486403,2.107734
-1.190807,-25.501695,2.090980
-1.138892,-25.515995,2.056155
-1.085430,-25.526558,2.107734
-1.033515,-25.540858,2.107734
-0.981600,-25.555158,2.090980
-0.929334,-25.568611,2.056155
-0.875872,-25.579173,2.107734
-0.823957,-25.593473,2.107470
-0.772042,-25.607773,2.056155
-0.719341,-25.620174,2.039402
-0.666123,-25.631329,2.107734
-0.614208,-25.645629,2.090980
-0.562294,-25.659929,2.039402
-0.509156,-25.671276,2.107734
-0.456375,-25.683484,2.090980
-0.404460,-25.697784,2.056155
-0.352545,-25.712084,2.039402
-0.299082,-25.722647,2.107734
-0.246737,-25.735907,2.090980
-0.194822,-25.750207,2.056155
-0.143129,-25.765041,2.039402
-0.091760,-25.780660,2.107734
-0.039845,-25.794960,2.090980
0.012069,-25.809260,2.056155
0.063438,-25.824878,2.107734
0.114922,-25.840218,2.107734
0.166837,-25.854518,2.090980
0.218973,-25.868284,2.056155
0.272435,-25.878847,2.107734
0.324350,-25.893147,2.107734
0.376265,-25.907447,2.090980
0.428837,-25.920160,2.056155
0.482184,-25.931002,2.107734
0.534099,-25.945302,2.107470
0.586013,-25.959602,2.056155
0.639021,-25.971263,2.107734
0.691933,-25.983157,2.090980
0.743847,-25.997457,2.056155
0.795762,-26.011757,2.039402
0.849206,-26.022365,2.107734
0.901681,-26.035312,2.090980
0.953596,-26.049612,2.056155
1.005511,-26.063912,2.039402
1.058973,-26.074475,2.107734
1.111012,-26.088475,2.090980
1.162927,-26.102775,2.056155
1.214315,-26.118348,2.039402
1.265683,-26.133967,2.107734
1.317598,-26.148267,2.090980
1.369513,-26.162567,2.056155
1.420881,-26.178185,2.107734
1.472672,-26.192785,2.107734
1.524586,-26.207085,2.090980
1.577028,-26.220112,2.056155
1.630491,-26.230675,2.107734
1.682406,-26.244975,2.107734
1.734321,-26.259275,2.090980
1.787199,-26.271249,2.056155
1.840240,-26.282830,2.107734
1.892154,-26.297130,2.090980
1.944069,-26.311430,2.056155
1.997383,-26.322352,2.107734
2.049988,-26.334986,2.107470
2.101903,-26.349286,2.056155
2.153818,-26.363586,2.039402
2.207280,-26.374148,2.107734
2.259449,-26.387835,2.090980
2.311364,-26.402135,2.056155
2.363279,-26.416435,2.039402
2.416742,-26.426997,2.107734
2.468656,-26.441297,2.090980
2.520571,-26.455597,2.056155
2.571940,-26.471216,2.039402
2.623600,-26.486130,2.107734
2.675515,-26.500430,2.090980
2.727430,-26.514730,2.056155
2.778798,-26.530348,2.107734
2.830713,-26.544648,2.107734
2.882628,-26.558948,2.090980
2.933996,-26.574567,2.090980
2.985911,-26.588867,2.107734
3.037826,-26.603167,2.107470
3.089741,-26.617467,2.056155
3.141109,-26.633085,2.107734
3.193024,-26.647385,2.090980
3.244939,-26.661685,2.056155
3.298233,-26.672655,2.107470
3.350858,-26.685241,2.107734
3.402772,-26.699541,2.090980
3.454687,-26.713841,2.056155
3.508150,-26.724404,2.107734
3.560339,-26.738042,2.107470
3.612253,-26.752342,2.056155
3.663790,-26.767555,2.039402
3.715159,-26.783173,2.107734
3.767073,-26.797473,2.090980
3.818988,-26.811773,2.056155
3.870357,-26.827392,2.107470
3.921998,-26.842353,2.107470
3.973912,-26.856653,2.056155
4.025281,-26.872271,2.090980
4.077032,-26.886967,2.107734
4.128947,-26.901267,2.090980
4.180861,-26.915567,2.056155
4.232230,-26.931185,2.107470
4.284145,-26.945485,2.107470
4.336060,-26.959785,2.056155
4.387428,-26.975404,2.090980
4.439343,-26.989704,2.107734
4.491258,-27.004004,2.090980
4.541592,-27.022119,2.056155
4.591905,-27.040286,2.107470
4.643820,-27.054586,2.056155
4.695735,-27.068886,2.039402
4.747103,-27.084504,2.107734
4.799018,-27.098804,2.090980
4.850933,-27.113104,2.056155
4.902301,-27.128723,2.107470
4.954216,-27.143023,2.107470
5.006131,-27.157323,2.056155
5.057903,-27.171967,2.039402
5.109272,-27.187585,2.107470
5.161186,-27.201885,2.056155
5.212848,-27.216795,2.039402
5.264217,-27.232414,2.107470
5.316132,-27.246714,2.090980
5.367684,-27.261890,2.056155
5.416958,-27.282564,2.107470
5.468474,-27.297828,2.107470
5.520388,-27.312128,2.056155
5.571757,-27.327746,2.090980
5.623383,-27.342744,2.107734
5.675297,-27.357044,2.090980
5.726666,-27.372662,2.056155
5.778402,-27.387394,2.107470
5.830317,-27.401694,2.107470
5.881212,-27.418454,2.056155
5.930964,-27.437976,2.090980
5.982879,-27.452276,2.107470
6.034794,-27.466576,2.056155
6.086162,-27.482194,2.056155
6.138077,-27.496494,2.107470
6.189992,-27.510794,2.090980
6.241360,-27.526413,2.056155
6.293275,-27.540713,2.107470
6.345190,-27.555013,2.056155
6.395429,-27.573358,2.090980
6.445837,-27.591295,2.107470
6.497752,-27.605595,2.056155
6.547881,-27.624206,2.056155
6.598400,-27.641877,2.107470
6.650314,-27.656177,2.090980
6.700333,-27.675053,2.056155
6.750962,-27.692459,2.107470
6.802877,-27.706759,2.107470
6.852786,-27.725901,2.056155
6.903524,-27.743040,2.090980
6.955439,-27.757340,2.107470
7.005238,-27.776749,2.039402
7.056087,-27.793622,2.056155
7.108001,-27.807922,2.107470
7.157690,-27.827597,2.039402
7.208649,-27.844204,2.056155
7.260564,-27.858504,2.107470
7.310142,-27.878445,2.039402
7.361211,-27.894786,2.056155
7.413099,-27.909150,2.056155
7.462568,-27.929356,2.056155
7.513747,-27.945432,2.107470
7.565525,-27.960062,2.056155
7.614883,-27.980534,2.056155
7.666173,-27.996343,2.107470
7.715746,-28.016295,2.056155
7.764726,-28.037681,2.056155
7.816095,-28.053300,2.056155
7.865558,-28.073517,2.056155
7.914648,-28.094637,2.056155
7.963922,-28.115312,2.039402
8.012875,-28.136762,2.056155
8.062150,-28.157436,2.056155
8.111103,-28.178886,2.056155
8.158283,-28.204616,2.056155
8.206726,-28.227299,2.056155
8.254091,-28.252583,2.056155
8.302317,-28.275787,2.039402
8.349898,-28.300550,2.056155
8.397909,-28.324274,2.039402
8.446862,-28.345724,2.056155
8.496137,-28.366399,2.056155
8.545090,-28.387849,2.039402
8.594364,-28.408523,2.056155
8.643317,-28.429973,2.039402
8.692592,-28.450647,2.056155
8.741545,-28.472097,2.056155
8.789662,-28.495565,2.056155
8.837137,-28.520585,2.056155
8.885470,-28.543531,2.056155
8.932728,-28.569073,2.056155
8.981277,-28.591498,2.056155
9.028457,-28.617229,2.056155
9.077222,-28.639133,2.056155
9.124402,-28.664864,2.056155
9.173355,-28.686314,2.039402
9.220536,-28.712044,2.056155
9.269489,-28.733494,2.039402
9.316669,-28.759224,2.056155
9.365485,-28.781006,2.039402
9.414626,-28.802001,2.056155
9.463901,-28.822675,2.039402
9.512854,-28.844125,2.056155
9.562128,-28.864800,2.039402
9.611081,-28.886250,2.056155
9.660356,-28.906924,2.039402
9.709309,-28.928374,2.056155
9.756622,-28.953784,2.039402
9.804900,-28.976862,2.056155
9.852429,-29.001751,2.039402
9.900492,-29.025349,2.056155
9.948237,-29.049717,2.039402
9.996084,-29.073837,2.039402
10.044044,-29.097684,2.056155
10.091676,-29.122325,2.039402
10.139851,-29.145651,2.056155
10.187267,-29.170812,2.039402
10.235659,-29.193618,2.056155
10.282859,-29.219300,2.039402
10.331466,-29.241585,2.056155
10.378647,-29.267315,2.039402
10.427470,-29.289079,2.056155
10.474650,-29.314809,2.039402
10.523603,-29.336259,2.056155
10.570783,-29.361990,2.039402
10.619736,-29.383440,2.056155
10.666916,-29.409170,2.039402
10.715674,-29.431093,2.056155
10.762854,-29.456823,2.039402
10.810034,-29.482553,2.056155
10.856026,-29.511153,2.039402
10.903206,-29.536883,2.056155
10.949197,-29.565483,2.039402
10.996378,-29.591213,2.039402
11.042369,-29.619813,2.056155
11.089549,-29.645544,2.039402
11.136902,-29.670857,2.056155
11.185855,-29.692307,2.039666
11.235130,-29.712981,2.056155
11.283800,-29.735114,2.056155
11.330980,-29.760844,2.039666
11.379866,-29.782456,2.056155
11.427046,-29.808187,2.039402
11.475999,-29.829637,2.056155
11.522681,-29.856570,2.039402
11.569497,-29.883180,2.056155
11.616677,-29.908910,2.039402
11.663857,-29.934640,2.056155
11.709916,-29.963078,2.039402
11.758395,-29.985674,2.056155
11.805723,-30.011045,2.039402
11.852904,-30.036775,2.056155
11.898895,-30.065375,2.056155
11.946075,-30.091106,2.039402
11.993581,-30.116050,2.056155
12.041883,-30.139073,2.039666
12.087874,-30.167673,2.039666
12.135490,-30.192351,2.056155
12.184764,-30.213025,2.039402
12.233498,-30.235006,2.056155
12.280678,-30.260737,2.039402
12.329627,-30.282197,2.056155
12.376807,-30.307927,2.039402
12.423877,-30.333922,2.056155
12.469869,-30.362522,2.039402
12.514955,-30.393308,2.056155
12.561166,-30.421377,2.039402
12.608346,-30.447107,2.056155
12.654342,-30.475697,2.039666
12.701522,-30.501427,2.039666
12.749396,-30.525482,2.039666
12.798350,-30.546932,2.056155
12.847624,-30.567606,2.039402
12.895773,-30.590998,2.056155
12.943216,-30.616094,2.039402
12.991580,-30.638965,2.056155
13.038761,-30.664695,2.039402
13.085247,-30.692101,2.056155
13.131238,-30.720701,2.039402
13.178418,-30.746431,2.056155
13.225599,-30.772161,2.039402
13.272516,-30.798525,2.056155
13.319096,-30.825705,2.023176
13.366276,-30.851435,2.039666
13.414735,-30.874079,1.988351
13.462084,-30.899402,2.039402
13.507170,-30.930188,2.056155
13.552777,-30.959716,2.039402
13.599957,-30.985446,2.039402
13.645948,-31.014046,2.056155
13.693129,-31.039776,2.039402
13.739120,-31.068376,2.056155
13.786300,-31.094107,2.039402
13.833481,-31.119837,2.056155
13.882234,-31.141769,2.039666
13.929414,-31.167499,2.056155
13.978367,-31.188949,2.056155
14.025548,-31.214679,2.039666
14.074501,-31.236129,2.056155
14.121681,-31.261859,2.039402
14.168861,-31.287590,2.056155
14.215052,-31.315708,2.039402
14.262232,-31.341438,2.056155
14.308224,-31.370038,2.039402
14.356619,-31.392834,2.056155
14.404031,-31.418005,2.039402
14.451212,-31.443735,2.039402
14.498850,-31.468359,2.056155
14.547803,-31.489809,2.039666
14.597077,-31.510484,2.039666
14.645462,-31.533305,2.056155
14.691454,-31.561905,2.039402
14.738634,-31.587636,2.056155
14.785814,-31.613366,2.039402
14.832536,-31.640202,2.056155
14.878528,-31.668802,2.039402
14.925629,-31.694723,2.056155
14.972809,-31.720453,2.039402
15.019963,-31.746247,2.056155
15.066307,-31.773996,2.039402
15.113487,-31.799727,2.056155
15.161709,-31.822941,2.023176
15.209294,-31.847693,2.039666
15.255286,-31.876293,1.988351
15.302466,-31.902024,2.056155
15.349646,-31.927754,2.039402
15.395638,-31.956354,2.056155
15.442818,-31.982084,2.039402
15.488956,-32.010330,2.056155
15.536136,-32.036060,2.039402
15.582490,-32.063786,2.056155
15.629634,-32.089604,2.039402
15.678908,-32.110278,2.056155
15.728113,-32.131120,2.039666
15.775293,-32.156850,2.056155
15.824100,-32.178654,2.056155
15.871280,-32.204384,2.039666
15.919871,-32.226708,1.988351
15.967088,-32.252351,2.039402
16.012174,-32.283137,2.056155
16.057913,-32.312345,2.039402
16.106073,-32.335711,2.056155
16.153721,-32.360312,2.039402
16.200901,-32.386042,2.039402
16.246892,-32.414642,2.056155
16.294620,-32.439050,2.039402
16.343895,-32.459724,2.056155
16.392516,-32.481976,2.039666
16.438717,-32.510071,2.056155
16.486013,-32.535520,2.056155
16.535288,-32.556194,2.039666
16.584340,-32.577404,1.988351
16.630972,-32.604457,2.039402
16.677838,-32.630948,2.056155
16.725018,-32.656678,2.039402
16.772198,-32.682408,2.056155
16.818189,-32.711008,2.039402
16.863275,-32.741794,2.056155
16.909168,-32.770634,2.039402
16.956348,-32.796364,2.056155
17.002339,-32.824964,2.056155
17.049519,-32.850694,2.039666
17.097074,-32.875520,2.056155
17.146028,-32.896970,2.056155
17.195302,-32.917644,2.039666
17.243770,-32.940265,2.056155
17.290950,-32.965995,2.039402
17.337540,-32.993151,2.056155
17.384448,-33.019539,2.039402
17.431253,-33.046174,2.056155
17.477245,-33.074774,2.039402
17.522331,-33.105560,2.056155
17.568807,-33.132989,2.039402
17.615987,-33.158719,2.056155
17.664342,-33.181613,2.039402
17.711795,-33.206686,2.056155
17.759934,-33.230101,2.039666
17.808887,-33.251551,2.039666
17.858161,-33.272225,1.988351
17.906045,-33.296257,2.039402
17.953753,-33.320713,2.039402
18.001853,-33.344223,2.056155
18.049345,-33.369201,2.039402
18.097660,-33.392190,2.056155
18.143556,-33.421022,2.039402
18.188642,-33.451808,2.056155
18.235702,-33.477827,2.039402
18.284449,-33.499775,2.056155
18.331629,-33.525505,2.039402
18.378498,-33.551988,2.056155
18.425127,-33.579049,2.039666
18.474176,-33.600267,2.056155
18.523451,-33.620941,2.023176
18.570750,-33.646383,2.039666
18.616948,-33.674485,1.988351
18.664128,-33.700215,2.039402
18.711309,-33.725945,1.988351
18.757300,-33.754545,2.039402
18.802611,-33.784788,2.039402
18.847836,-33.815239,2.056155
18.895481,-33.839847,2.039402
18.943643,-33.863206,2.056155
18.990824,-33.888936,2.039402
19.038004,-33.914666,2.056155
19.086957,-33.936116,2.039402
19.136231,-33.956790,2.056155
19.185367,-33.977800,2.023176
19.232082,-34.004652,2.039666
19.278864,-34.031343,2.056155
19.328066,-34.052192,2.039402
19.377341,-34.072867,1.988351
19.424488,-34.098677,2.039402
19.470838,-34.126410,1.988351
19.518019,-34.152140,2.039402
19.565199,-34.177871,1.988351
19.611190,-34.206471,2.039402
19.656349,-34.237082,2.039402
19.701726,-34.267164,2.056155
19.748906,-34.292894,2.039402
19.794898,-34.321494,2.056155
19.842480,-34.346255,2.039402
19.891754,-34.366929,2.056155
19.940521,-34.388828,2.039666
19.987701,-34.414558,2.056155
20.036655,-34.436008,2.056155
20.083835,-34.461739,2.039666
20.132788,-34.483189,2.056155
20.179566,-34.509888,2.039402
20.226285,-34.536732,2.056155
20.273466,-34.562462,2.039402
20.322063,-34.584771,2.056155
20.369273,-34.610429,2.039402
20.416453,-34.636159,2.056155
20.462445,-34.664759,2.039402
20.510611,-34.688109,2.056155
20.558252,-34.712726,2.039402
20.605432,-34.738456,2.039402
20.651424,-34.767056,2.056155
20.699159,-34.791448,2.039666
20.748433,-34.812122,2.056155
20.797047,-34.834390,2.056155
20.843242,-34.862501,2.039666
20.890422,-34.888231,2.056155
20.937602,-34.913961,2.039402
20.986555,-34.935411,2.056155
21.033181,-34.962480,2.039402
21.078267,-34.993266,2.056155
21.124597,-35.021048,2.039402
21.171777,-35.046778,2.056155
21.217892,-35.075081,2.039402
21.265072,-35.100811,2.056155
21.311064,-35.129411,2.039402
21.359382,-35.152393,2.056155
21.408657,-35.173067,2.056155
21.456687,-35.196745,2.039402
21.504248,-35.221555,2.056155
21.553202,-35.243005,2.039666
21.602476,-35.263679,2.039666
21.650938,-35.286316,2.056155
21.696979,-35.314795,2.039402
21.744159,-35.340525,2.056155
21.791340,-35.366255,2.039402
21.840233,-35.387850,2.056155
21.886705,-35.415288,2.039402
21.931791,-35.446074,2.056155
21.978275,-35.473487,2.039402
22.025455,-35.499217,2.056155
22.071722,-35.527152,2.039402
22.118902,-35.552882,2.056155
22.164954,-35.581337,2.039402
22.212134,-35.607067,2.056155
22.260064,-35.630987,2.039666
22.309017,-35.652437,2.039666
22.358292,-35.673111,2.056155
22.406385,-35.696637,2.056155
22.453883,-35.721599,2.039666
22.502192,-35.744604,2.056155
22.549475,-35.770086,2.039402
22.598000,-35.792571,2.056155
22.644104,-35.820898,2.039402
22.691284,-35.846629,2.056155
22.738464,-35.872359,2.039402
22.787418,-35.893809,2.056155
22.834598,-35.919539,2.039402
22.881675,-35.945517,2.056155
22.928095,-35.973082,2.039402
22.976935,-35.994805,2.056155
23.024116,-36.020535,2.039402
23.071296,-36.046266,2.056155
23.117287,-36.074866,2.039402
23.164467,-36.100596,2.056155
23.212335,-36.124668,2.023176
23.260275,-36.148563,2.039666
23.306266,-36.177163,2.039666
23.354244,-36.200969,2.056155
23.403518,-36.221643,2.039402
23.451890,-36.244497,2.056155
23.499110,-36.270131,2.039402
23.547697,-36.292463,2.056155
23.594877,-36.318194,2.039402
23.643681,-36.340006,2.056155
23.690064,-36.367660,2.039402
23.735150,-36.398446,2.056155
23.781723,-36.425643,2.039402
23.828863,-36.451469,2.056155
23.875220,-36.479186,2.039402
23.922400,-36.504916,2.056155
23.968542,-36.533154,2.039402
24.015722,-36.558885,2.056155
24.063742,-36.582587,2.039666
24.112695,-36.604037,2.056155
24.161969,-36.624712,2.023176
24.209973,-36.648455,2.056155
24.257561,-36.673200,2.039666
24.305780,-36.696422,2.056155
24.353153,-36.721687,2.039402
24.401588,-36.744389,2.056155
24.447602,-36.772933,2.039402
24.494782,-36.798663,2.056155
24.541963,-36.824393,2.039402
24.588734,-36.851109,2.056155
24.635460,-36.877937,2.039402
24.682448,-36.904132,2.056155
24.728958,-36.931480,2.039402
24.776138,-36.957211,2.056155
24.822432,-36.985080,2.039402
24.869612,-37.010810,2.056155
24.917785,-37.034144,2.039402
24.966738,-37.055594,2.056155
25.016012,-37.076268,2.023176
25.063863,-37.100380,2.039666
25.111604,-37.124756,2.039666
25.160557,-37.146206,2.056155
25.209832,-37.166880,2.039402
25.258114,-37.189951,2.056155
25.304105,-37.218551,2.039402
25.351285,-37.244281,2.056155
25.398465,-37.270011,2.039402
25.447179,-37.292040,2.056155
25.493472,-37.319912,2.039402
25.538558,-37.350698,2.056155
25.585221,-37.377677,2.039402
25.632271,-37.403720,2.056155
25.678718,-37.431221,2.039402
25.725898,-37.456951,2.056155
25.772130,-37.484972,2.039402
25.820781,-37.507151,2.056155
25.870055,-37.527825,2.039402
25.917753,-37.552306,2.056155
25.965647,-37.576313,2.023176
26.013561,-37.600273,2.039666
26.061239,-37.624800,2.039666
26.109368,-37.648240,2.056155
26.155360,-37.676840,2.039402
26.202540,-37.702570,2.056155
26.249787,-37.728139,2.039402
26.298347,-37.750537,2.056155
26.345527,-37.776267,2.039402
26.394304,-37.798144,2.056155
26.441484,-37.823874,2.039402
26.488382,-37.850286,2.056155
26.534981,-37.877418,2.039402
26.583934,-37.898868,2.056155
26.631115,-37.924598,2.039402
26.678295,-37.950328,2.056155
26.724463,-37.978501,2.039402
26.771643,-38.004231,2.056155
26.819690,-38.027869,2.039402
26.867451,-38.052198,2.056155
26.913442,-38.080798,2.056155
26.961599,-38.104170,2.039666
27.010874,-38.124845,2.039666
27.059066,-38.148132,2.056155
27.106465,-38.173332,2.039402
27.154873,-38.196099,2.056155
27.202057,-38.221820,2.039402
27.250681,-38.244066,2.056155
27.296884,-38.272154,2.039402
27.344064,-38.297884,2.056155
27.391244,-38.323614,2.039402
27.440198,-38.345064,2.056155
27.487378,-38.370795,2.039402
27.534554,-38.396534,2.056155
27.580875,-38.424338,2.039402
27.628056,-38.450068,2.056155
27.674161,-38.478393,2.039402
27.721341,-38.504123,2.056155
27.767333,-38.532723,2.039402
27.814513,-38.558454,2.039402
27.862281,-38.582764,2.056155
27.910320,-38.606421,2.039402
27.957873,-38.631252,2.039666
28.006826,-38.652702,2.039666
28.056100,-38.673376,2.039402
28.104571,-38.695991,2.056155
28.151751,-38.721721,2.039402
28.200438,-38.743815,2.056155
28.247618,-38.769545,2.039402
28.296520,-38.791119,2.056155
28.343002,-38.818534,2.039402
28.390017,-38.844662,2.056155
28.437198,-38.870392,2.039402
28.484378,-38.896122,2.056155
28.530636,-38.924079,2.039402
28.579314,-38.946192,2.056155
28.626494,-38.971922,2.039402
28.673675,-38.997652,2.056155
28.719666,-39.026252,2.039402
28.766846,-39.051983,2.056155
28.814552,-39.076445,2.056155
28.863505,-39.097895,2.039402
28.911281,-39.122186,2.039666
28.958461,-39.147916,2.039402
29.005735,-39.173421,2.039402
29.054688,-39.194871,2.039666
29.103963,-39.215545,2.039402
29.152712,-39.237487,2.056155
29.199041,-39.265272,2.039402
29.246209,-39.291030,2.056155
29.293390,-39.316761,2.039402
29.340476,-39.342717,2.056155
29.386468,-39.371317,2.039402
29.433204,-39.398117,2.056155
29.480385,-39.423848,2.039402
29.527565,-39.449578,2.056155
29.573556,-39.478178,2.039402
29.620737,-39.503908,2.056155
29.668595,-39.528002,2.039402
29.717548,-39.549452,2.056155
29.765171,-39.574112,2.056155
29.812351,-39.599842,2.039402
29.859778,-39.624977,2.039666
29.908159,-39.647809,2.039402
29.955370,-39.673465,2.039402
30.003966,-39.695776,2.039666
30.050143,-39.723929,2.039402
30.097464,-39.749319,2.056155
30.146738,-39.769994,2.039402
30.195766,-39.791263,2.056155
30.242946,-39.816993,2.039402
30.291900,-39.838443,2.056155
30.339080,-39.864173,2.039402
30.387848,-39.886070,2.056155
30.434887,-39.912140,2.039402
30.479973,-39.942926,2.056155
30.525890,-39.971707,2.039402
30.573070,-39.997437,2.056155
30.619062,-40.026037,2.039402
30.666242,-40.051767,2.039402
30.712233,-40.080367,2.056155
30.759413,-40.106097,2.039402
30.806777,-40.131385,2.056155
30.855730,-40.152835,2.039402
30.905005,-40.173509,2.039666
30.953664,-40.195668,2.039402
31.000844,-40.221398,2.039402
31.049797,-40.242848,2.039666
31.099072,-40.263523,2.039402
31.148163,-40.284640,1.988351
31.194833,-40.311600,2.039402
31.241660,-40.338183,2.056155
31.288840,-40.363914,2.039402
31.336021,-40.389644,2.056155
31.382012,-40.418244,2.039402
31.427098,-40.449030,2.056155
31.472952,-40.477962,2.039402
31.521226,-40.501053,2.056155
31.568759,-40.525929,2.056155
31.615939,-40.551660,2.039402
31.663456,-40.576578,2.056155
31.712409,-40.598028,2.039402
31.761683,-40.618702,2.056155
31.810190,-40.641230,2.039402
31.856277,-40.669600,2.039666
31.903688,-40.694774,2.039402
31.952962,-40.715448,2.039402
32.001900,-40.736934,2.039666
32.048418,-40.764263,2.039402
32.095398,-40.790478,2.056155
32.142578,-40.816208,2.039402
32.191436,-40.837888,2.056155
32.238385,-40.864175,2.039402
32.283471,-40.894961,2.056155
32.329478,-40.923525,2.039402
32.376658,-40.949255,2.056155
32.422650,-40.977855,2.039402
32.469830,-41.003585,2.056155
32.515821,-41.032185,2.056155
32.563001,-41.057915,2.039402
32.610455,-41.082985,2.056155
32.659408,-41.104435,2.039402
32.708682,-41.125110,2.056155
32.757252,-41.147486,2.039402
32.804432,-41.173216,2.039666
32.853218,-41.195071,2.039402
32.900398,-41.220801,2.039402
32.949351,-41.242251,2.039666
32.995932,-41.269428,2.039402
33.042848,-41.295795,2.056155
33.090029,-41.321525,2.039402
33.138824,-41.343356,2.056155
33.186004,-41.369087,2.039402
33.233184,-41.394817,2.056155
33.279176,-41.423417,2.039402
33.327539,-41.446290,2.056155
33.374983,-41.471384,2.039402
33.422163,-41.497114,2.056155
33.468155,-41.525714,2.056155
33.516087,-41.549629,2.039402
33.565361,-41.570303,2.056155
33.613778,-41.593048,2.039402
33.659775,-41.621635,2.056155
33.707276,-41.646591,2.039402
33.756550,-41.667266,2.039666
33.805398,-41.688969,2.039402
33.851826,-41.716514,2.039402
33.898896,-41.742512,2.039666
33.946076,-41.768242,2.039402
33.995024,-41.789705,2.056155
34.041883,-41.816209,2.039402
34.088521,-41.843249,2.056155
34.135702,-41.868979,2.039402
34.184218,-41.891483,2.056155
34.231509,-41.916946,2.039402
34.278689,-41.942676,2.056155
34.324681,-41.971276,2.039402
34.372766,-41.994822,2.056155
34.420488,-42.019243,2.056155
34.467668,-42.044973,2.039402
34.513660,-42.073573,2.056155
34.561313,-42.098161,2.039402
34.610588,-42.118835,2.056155
34.659283,-42.140907,2.039402
34.705559,-42.168821,2.039666
34.752781,-42.194450,2.039666
34.802055,-42.215125,2.039402
34.851182,-42.236155,1.988351
34.897889,-42.263028,2.039402
34.944680,-42.289699,2.056155
34.991860,-42.315429,2.039402
35.040529,-42.337564,2.056155
35.087667,-42.363396,2.039402
35.132753,-42.394182,2.056155
35.178571,-42.423201,2.039402
35.225751,-42.448932,2.056155
35.271743,-42.477532,2.056155
35.319765,-42.501229,2.039402
35.367550,-42.525498,2.056155
35.414730,-42.551229,2.039402
35.461995,-42.576755,2.056155
35.510538,-42.599196,2.039402
35.557718,-42.624926,2.056155
35.606476,-42.646846,2.039666
35.652815,-42.674608,2.039666
35.699974,-42.700389,2.056155
35.747154,-42.726120,2.039402
35.796107,-42.747570,2.056155
35.843287,-42.773300,2.039402
35.892109,-42.795066,2.056155
35.939290,-42.820797,2.039402
35.987896,-42.843084,2.056155
36.035097,-42.868763,2.039402
36.082277,-42.894494,2.056155
36.128269,-42.923094,2.039402
36.176443,-42.946423,2.056155
36.224076,-42.971061,2.039402
36.271256,-42.996791,2.039402
36.317248,-43.025391,2.056155
36.364428,-43.051121,2.039666
36.411630,-43.076799,2.056155
36.460583,-43.098249,2.056155
36.508863,-43.121325,2.039666
36.556043,-43.147055,2.056155
36.603223,-43.172785,2.039402
36.652176,-43.194235,2.056155
36.699356,-43.219965,2.039402
36.746515,-43.245748,2.056155
36.792506,-43.274348,2.039402
36.837592,-43.305134,2.056155
36.883716,-43.333415,2.039402
36.932259,-43.355855,2.056155
36.979523,-43.381382,2.039402
37.026703,-43.407113,2.056155
37.074489,-43.431380,2.039402
37.122511,-43.455079,2.039666
37.170081,-43.479868,2.056155
37.218318,-43.503046,2.056155
37.264310,-43.531646,2.039666
37.311490,-43.557377,2.056155
37.358670,-43.583107,2.039402
37.405245,-43.610300,2.056155
37.452168,-43.636650,2.039402
37.498958,-43.663322,2.056155
37.545665,-43.690194,2.039402
37.594618,-43.711644,2.056155
37.641799,-43.737374,2.039402
37.688979,-43.763104,2.056155
37.737349,-43.785961,2.039402
37.786302,-43.807411,2.056155
37.835576,-43.828086,2.023176
37.883229,-43.852675,2.039666
37.929221,-43.881275,1.988351
37.976401,-43.907005,2.039402
38.023581,-43.932735,2.039402
38.069573,-43.961335,2.056155
38.115237,-43.990725,2.039402
38.160323,-44.021511,2.056155
38.207503,-44.047241,2.039402
38.253925,-44.074803,2.056155
38.301001,-44.100785,2.039402
38.348181,-44.126515,2.056155
38.397134,-44.147965,2.039666
38.446409,-44.168639,2.056155
38.495683,-44.189314,2.023176
38.542863,-44.215044,2.039666
38.591386,-44.237532,1.988351
38.638671,-44.263011,2.039402
38.685851,-44.288741,1.988351
38.731842,-44.317341,2.039402
38.776928,-44.348127,2.056155
38.822384,-44.378020,2.056155
38.870260,-44.402071,2.039402
38.918192,-44.425987,2.056155
38.965372,-44.451717,2.039402
39.012552,-44.477447,2.056155
39.061241,-44.499535,2.039666
39.108421,-44.525266,2.039666
39.157326,-44.546833,2.056155
39.203810,-44.574242,2.039402
39.248896,-44.605028,2.056155
39.295368,-44.632470,2.039402
39.344259,-44.654068,2.056155
39.391439,-44.679799,2.039402
39.438619,-44.705529,2.056155
39.484659,-44.734012,2.039402
39.533120,-44.756652,2.056155
39.582394,-44.777326,2.039402
39.630283,-44.801346,2.056155
39.676274,-44.829946,2.056155
39.723455,-44.855676,2.056155
39.770635,-44.881406,2.039666
39.816861,-44.909439,2.056155
39.862761,-44.938259,2.039402
39.907847,-44.969045,2.056155
39.954903,-44.995076,2.039402
40.003655,-45.017012,2.056155
40.050835,-45.042742,2.039402
40.098015,-45.068473,2.056155
40.146734,-45.090489,2.039666
40.195778,-45.111719,2.039666
40.245052,-45.132394,1.988351
40.292357,-45.157823,2.039402
40.338550,-45.185937,1.988351
40.385730,-45.211667,2.039402
40.432910,-45.237397,1.988351
40.478902,-45.265997,2.039402
40.524218,-45.296228,2.039402
40.569438,-45.326691,2.056155
40.616618,-45.352421,2.039402
40.662691,-45.380823,2.056155
40.709871,-45.406554,2.039666
40.757052,-45.432284,2.039666
40.805976,-45.453802,2.056155
40.853157,-45.479532,2.039402
40.900203,-45.505585,2.056155
40.946654,-45.533076,2.039402
40.993834,-45.558806,2.056155
41.040070,-45.586817,2.039402
41.088725,-45.608985,2.056155
41.135905,-45.634716,2.023176
41.183086,-45.660446,2.039666
41.230984,-45.684443,1.988351
41.278893,-45.708413,2.039402
41.326073,-45.734143,2.039402
41.372104,-45.762648,2.056155
41.418096,-45.791248,2.039402
41.465276,-45.816978,2.056155
41.512456,-45.842708,2.039402
41.558918,-45.870172,2.056155
41.605953,-45.896252,2.039666
41.653134,-45.921982,2.039666
41.702048,-45.943527,2.056155
41.748941,-45.969949,2.039402
41.794027,-46.000735,2.056155
41.840089,-46.029164,2.039402
41.888572,-46.051750,2.056155
41.935897,-46.077131,2.039402
41.983077,-46.102861,2.056155
42.029069,-46.131461,2.056155
42.076249,-46.157191,2.056155
42.123429,-46.182922,2.039666
42.169633,-46.211009,2.056155
42.215511,-46.239883,2.039402
42.260597,-46.270669,2.056155
42.307675,-46.296646,2.039402
42.354310,-46.323692,2.056155
42.401172,-46.350189,2.039666
42.448353,-46.375919,2.056155
42.497093,-46.397882,2.056155
42.544274,-46.423612,2.039666
42.591454,-46.449343,2.056155
42.637445,-46.477943,2.039402
42.684625,-46.503673,2.056155
42.730617,-46.532273,2.039402
42.777797,-46.558003,2.039666
42.823789,-46.586603,2.056155
42.870969,-46.612333,2.056155
42.918305,-46.637686,2.039666
42.966776,-46.660300,2.056155
43.013956,-46.686030,2.039402
43.060549,-46.713179,2.056155
43.107454,-46.739574,2.039402
43.154262,-46.766202,2.056155
43.200952,-46.793117,2.039666
43.247976,-46.819224,2.039666
43.294449,-46.846661,2.056155
43.341629,-46.872391,2.039402
43.388809,-46.898121,2.056155
43.434801,-46.926721,2.039402
43.481981,-46.952451,2.056155
43.527973,-46.981051,2.056155
43.575153,-47.006782,2.039666
43.620946,-47.035861,2.039666
43.666032,-47.066647,2.056155
43.713195,-47.092419,2.039402
43.759745,-47.119670,2.056155
43.806692,-47.145962,2.039666
43.853458,-47.172693,2.056155
43.898544,-47.203479,2.056155
43.944734,-47.231599,2.039666
43.991915,-47.257329,2.056155
44.037018,-47.288074,2.023176
44.082450,-47.318023,2.039666
44.127769,-47.348247,2.023176
44.172855,-47.379033,2.056155
44.217941,-47.409819,2.039666
44.263933,-47.438419,2.056155
44.309019,-47.469205,2.056155
44.354105,-47.499991,2.039666
44.400096,-47.528591,2.056155
44.445182,-47.559377,2.056155
44.490268,-47.590163,2.039666
44.535849,-47.619754,2.056155
44.581020,-47.650336,2.023176
44.626106,-47.681122,2.056155
44.671192,-47.711908,2.039666
44.715025,-47.745717,2.023176
44.759634,-47.777657,2.074491
44.804720,-47.808443,2.056155
44.850711,-47.837043,2.056155
44.895797,-47.867829,2.090980
44.940883,-47.898615,2.074491
44.985969,-47.929401,2.056155
45.031055,-47.960187,2.056155
45.074525,-47.994875,2.039666
45.117517,-48.030717,2.090980
45.160547,-48.066467,2.074491
45.203538,-48.102309,2.058002
45.246530,-48.138151,2.058002
45.289522,-48.173993,2.074491
45.332514,-48.209834,2.025023
45.375506,-48.245676,2.025023
45.418497,-48.281518,2.092827
45.461527,-48.317268,2.090980
45.504519,-48.353110,2.074491
45.547511,-48.388952,2.058002
45.590503,-48.424793,2.074491
45.633495,-48.460635,2.090980
45.676486,-48.496477,2.025023
45.719478,-48.532319,2.092827
45.760993,-48.571726,2.092827
45.801891,-48.612623,2.092827
45.842789,-48.653521,2.092827
45.883686,-48.694419,2.092827
45.924584,-48.735316,2.092827
45.965482,-48.776214,2.092827
46.006379,-48.817112,2.092827
46.047277,-48.858009,2.092827
46.088175,-48.898907,2.092827
46.129072,-48.939805,2.092827
46.169970,-48.980702,2.092827
46.210867,-49.021600,2.092827
46.251765,-49.062497,2.092827
46.291703,-49.103793,2.092827
46.327545,-49.146784,2.041512
46.363569,-49.189337,2.092827
46.401505,-49.227273,2.090980
46.439441,-49.265209,2.074491
46.472321,-49.305240,2.090980
46.505201,-49.345270,2.092827
46.539041,-49.384903,2.041512
46.576977,-49.422839,2.092827
46.614731,-49.461213,2.092827
46.650573,-49.504205,2.092827
46.686415,-49.547197,2.092827
46.727312,-49.588095,2.092827
46.768210,-49.628992,2.092827
46.809108,-49.669890,2.090980
46.848075,-49.711587,2.074491
46.883917,-49.754579,2.058002
46.919759,-49.797571,2.074491
46.955499,-49.840605,2.041512
46.986285,-49.885691,2.025023
47.017071,-49.930777,2.092827
47.047857,-49.975863,2.090980
47.080573,-50.020149,2.041512
47.116415,-50.063141,2.058002
47.152257,-50.106133,2.074491
47.188200,-50.149083,2.090980
47.229098,-50.189980,2.090980
47.265267,-50.232836,2.074491
47.301109,-50.275828,2.056155
47.336951,-50.318820,2.039666
47.369892,-50.363013,2.074491
47.400678,-50.408099,2.074491
47.431464,-50.453185,2.039666
47.461178,-50.498715,2.056155
47.491637,-50.543937,2.039666
47.522423,-50.589023,2.074491
47.553209,-50.634109,2.056155
47.581839,-50.680088,2.039666
47.612625,-50.725174,2.056155
47.638846,-50.772151,2.039666
47.665648,-50.818887,2.056155
47.692389,-50.865648,2.056155
47.718120,-50.912829,2.039666
47.740326,-50.961469,2.056155
47.766056,-51.008649,2.023176
47.791786,-51.055829,2.039666
47.820386,-51.101820,1.988351
47.846116,-51.149001,2.039402
47.874716,-51.194992,2.039402
47.900447,-51.242172,2.056155
47.929047,-51.288164,2.039402
47.954777,-51.335344,2.056155
47.980374,-51.382579,2.039402
48.002744,-51.431151,2.056155
48.028474,-51.478332,2.039402
48.050323,-51.527119,2.056155
48.076053,-51.574300,2.039402
48.097503,-51.623253,2.056155
48.123234,-51.670433,2.039402
48.144684,-51.719386,2.056155
48.165358,-51.768660,2.039402
48.186032,-51.817935,2.056155
48.207083,-51.867053,2.039402
48.227757,-51.916328,2.022649
48.249207,-51.965281,2.056155
48.264936,-52.016604,2.039402
48.284968,-52.066144,1.988351
48.306274,-52.115157,2.039402
48.321893,-52.166525,2.022649
48.342191,-52.215956,2.056155
48.358174,-52.267173,2.039402
48.377952,-52.316819,2.022649
48.399402,-52.365772,2.056155
48.415120,-52.417100,2.039402
48.435163,-52.466635,1.988351
48.456457,-52.515653,2.039402
48.472076,-52.567021,2.022649
48.492385,-52.616447,2.090980
48.508358,-52.667669,2.056155
48.522658,-52.719584,2.039402
48.536958,-52.771499,2.107470
48.547520,-52.824961,2.056155
48.561820,-52.876876,2.039402
48.575954,-52.928860,2.022649
48.586517,-52.982323,2.090980
48.600817,-53.034237,2.056155
48.615117,-53.086152,2.039402
48.631954,-53.137016,2.022649
48.651398,-53.186800,2.090980
48.665698,-53.238714,2.056155
48.679998,-53.290629,2.039402
48.692027,-53.343485,2.107734
48.699177,-53.398361,2.090980
48.706435,-53.453193,2.056155
48.716997,-53.506656,2.039402
48.724147,-53.561532,2.022649
48.731297,-53.616408,2.005895
48.738447,-53.671285,2.074227
48.747545,-53.725354,2.057474
48.761845,-53.777269,2.040721
48.776037,-53.829229,2.023968
48.784386,-53.883608,2.007215
48.791536,-53.938485,2.075546
48.798686,-53.993361,2.058793
48.805836,-54.048237,2.042040
48.811039,-54.103920,2.023968
48.812130,-54.161306,2.007215
48.819063,-54.216272,1.990461
48.826213,-54.271149,1.973708
48.833363,-54.326025,1.956955
48.840513,-54.380901,2.042040
48.847663,-54.435778,2.042040
48.854813,-54.490654,2.042040
48.860872,-54.545983,2.040721
48.861089,-54.603731,2.007215
48.861089,-54.661569,1.990461
48.861089,-54.719407,1.973708
48.863684,-54.776170,1.956955
48.870834,-54.831046,1.956955
48.877984,-54.885923,1.956955
48.885134,-54.940799,1.956955
48.892284,-54.995676,2.042040
48.899434,-55.050552,2.042040
48.906584,-55.105428,2.042040
48.911139,-55.161379,2.042040
48.911139,-55.219217,2.042040
48.911139,-55.277055,2.042040
48.911139,-55.334893,2.042040
48.911139,-55.392731,2.042040
48.911139,-55.450569,2.042040
48.911139,-55.508407,2.042040
48.909736,-55.565664,2.042040
48.902586,-55.620541,2.042040
48.895436,-55.675417,2.042040
48.888286,-55.730293,2.042040
48.881136,-55.785170,1.956955
48.873986,-55.840046,1.956955
48.866836,-55.894922,1.956955
48.861089,-55.950380,1.956955
48.861089,-56.008218,1.990461
48.861089,-56.066056,2.007215
48.861089,-56.123894,2.023968
48.861089,-56.181732,2.040721
48.857395,-56.238040,2.042040
48.850245,-56.292916,2.042040
48.843095,-56.347793,2.042040
48.835945,-56.402669,1.973708
48.828795,-56.457546,1.990461
48.821645,-56.512422,2.007215
48.814495,-56.567298,2.023968
48.811039,-56.623705,2.040721
48.811039,-56.681543,2.042040
48.807415,-56.737879,2.042040
48.800265,-56.792756,2.058793
48.793115,-56.847632,2.075546
48.785965,-56.902509,2.023968
48.774138,-56.955448,2.040721
48.759838,-57.007363,2.057474
48.745538,-57.059277,2.074227
48.734862,-57.112693,2.005895
48.727712,-57.167570,2.022649
48.720562,-57.222446,2.039402
48.711166,-57.276392,2.056155
48.701542,-57.330243,2.074227
48.694392,-57.385120,2.090980
48.687242,-57.439996,2.107734
48.680092,-57.494873,2.039402
48.668856,-57.548056,2.056155
48.654556,-57.599971,2.074227
48.642503,-57.652817,2.107734
48.631001,-57.705890,2.039402
48.616701,-57.757805,2.056155
48.602401,-57.809720,2.090980
48.588101,-57.861634,2.107734
48.572482,-57.913003,2.039402
48.558182,-57.964918,2.056155
48.543882,-58.016833,2.090980
48.533319,-58.070295,2.022649
48.519712,-58.122497,2.039402
48.505412,-58.174412,2.056155
48.491112,-58.226326,2.107470
48.480549,-58.279789,2.039402
48.466249,-58.331704,2.056155
48.451949,-58.383619,2.090980
48.438264,-58.435788,2.107470
48.427701,-58.489251,2.039402
48.413401,-58.541166,2.056155
48.399101,-58.593080,2.107470
48.383483,-58.644449,2.039402
48.369183,-58.696364,2.056155
48.354883,-58.748278,2.107470
48.337331,-58.798846,2.056155
48.318601,-58.848926,2.056155
48.301570,-58.899709,2.107470
48.280120,-58.948663,2.039402
48.261656,-58.998852,2.056155
48.244359,-59.049526,2.107470
48.222909,-59.098479,2.039402
48.204711,-59.148779,2.056155
48.187148,-59.199342,2.107470
48.168429,-59.249426,2.039402
48.151387,-59.300205,2.056155
48.129937,-59.349159,2.022649
48.111484,-59.399353,2.039402
48.094176,-59.450022,2.056155
48.072726,-59.498975,2.039402
48.052051,-59.548249,2.056155
48.030601,-59.597202,2.022649
48.011893,-59.647291,2.039402
47.997593,-59.699206,2.056155
47.979753,-59.749655,2.022649
47.961311,-59.799854,2.039402
47.943992,-59.850518,2.056155
47.925030,-59.900501,2.039402
47.910730,-59.952416,2.056155
47.893144,-60.002970,2.107470
47.871694,-60.051923,2.039402
47.851020,-60.101197,2.056155
47.829570,-60.150151,2.039402
47.811139,-60.200354,2.056155
47.793809,-60.251014,2.107470
47.772359,-60.299967,2.039402
47.751685,-60.349241,2.056155
47.730235,-60.398194,2.039402
47.711549,-60.448293,2.056155
47.694474,-60.499058,2.107470
47.673024,-60.548011,2.039402
47.652349,-60.597285,2.056155
47.630899,-60.646238,2.039402
47.610225,-60.695513,2.056155
47.588775,-60.744466,2.107470
47.567325,-60.793419,2.039402
47.546650,-60.842693,2.056155
47.525200,-60.891646,2.039402
47.504526,-60.940921,2.056155
47.483076,-60.989874,2.022649
47.463360,-61.039545,2.039402
47.447315,-61.090737,2.056155
47.425865,-61.139690,2.039402
47.405190,-61.188965,2.056155
47.383824,-61.237952,2.022649
47.363853,-61.287518,2.039402
47.348063,-61.338815,2.056155
47.326613,-61.387769,2.039402
47.305938,-61.437043,2.056155
47.284826,-61.486136,2.056155
47.264601,-61.535596,2.039402
47.248982,-61.586965,2.056155
47.227604,-61.635948,2.039402
47.206930,-61.685222,2.056155
47.186073,-61.734421,2.056155
47.165592,-61.783776,2.039402
47.149974,-61.835144,2.056155
47.128851,-61.884233,2.039402
47.108176,-61.933507,2.056155
47.087502,-61.982782,2.056155
47.066766,-62.032031,2.056155
47.051148,-62.083399,2.107470
47.030280,-62.132593,2.039402
47.009605,-62.181868,2.056155
46.988931,-62.231142,2.056155
46.967941,-62.280286,2.056155
46.947266,-62.329560,2.107470
46.925816,-62.378513,2.039402
46.905092,-62.427767,2.056155
46.884417,-62.477041,2.056155
46.863172,-62.526079,2.056155
46.842498,-62.575354,2.056155
46.821048,-62.624307,2.039402
46.805124,-62.675549,2.056155
46.785287,-62.725170,2.056155
46.763837,-62.774123,2.056155
46.743162,-62.823397,2.056155
46.721712,-62.872351,2.039402
46.705534,-62.923487,2.056155
46.685951,-62.973214,2.056155
46.664501,-63.022167,2.056155
46.643827,-63.071441,2.056155
46.622377,-63.120394,2.039402
46.605944,-63.171426,2.056155
46.586616,-63.221258,2.056155
46.565166,-63.270211,2.056155
46.544491,-63.319485,2.056155
46.523041,-63.368438,2.056155
46.506353,-63.419364,2.107470
46.487280,-63.469302,2.056155
46.465830,-63.518255,2.056155
46.445156,-63.567529,2.056155
46.423706,-63.616482,2.056155
46.403032,-63.665757,2.107470
46.381582,-63.714710,2.039402
46.360132,-63.763663,2.056155
46.339457,-63.812937,2.056155
46.318007,-63.861890,2.056155
46.297333,-63.911165,2.107470
46.275883,-63.960118,2.039402
46.258164,-64.010617,2.056155
46.240122,-64.060981,2.056155
46.218672,-64.109934,2.056155
46.197997,-64.159208,2.056155
46.176547,-64.208162,2.022649
46.158574,-64.258555,2.039402
46.140786,-64.309025,2.056155
46.119336,-64.357978,2.039402
46.098662,-64.407252,2.056155
46.077212,-64.456205,2.022649
46.058984,-64.506493,2.039402
46.041451,-64.557069,2.056155
46.020001,-64.606022,2.039402
45.999326,-64.655296,2.056155
45.977876,-64.704249,2.022649
45.959393,-64.754431,2.039402
45.942115,-64.805113,2.056155
45.920665,-64.854066,2.039402
45.899991,-64.903340,2.056155
45.878541,-64.952293,2.039402
45.859803,-65.002370,2.056155
45.842780,-65.053156,2.107470
45.821330,-65.102110,2.039402
45.800655,-65.151384,2.056155
45.779205,-65.200337,2.039402
45.758531,-65.249611,2.056155
45.737081,-65.298565,2.107470
45.715631,-65.347518,2.039402
45.694957,-65.396792,2.056155
45.673507,-65.445745,2.039402
45.652832,-65.495020,2.056155
45.631382,-65.543973,2.022649
45.611614,-65.593622,2.039402
45.595621,-65.644836,2.056155
45.574171,-65.693789,2.039402
45.553497,-65.743063,2.056155
45.532182,-65.792073,2.022649
45.512159,-65.841617,2.039402
45.496421,-65.892936,2.056155
45.474971,-65.941889,2.039402
45.454297,-65.991163,2.056155
45.433237,-66.040278,2.056155
45.412959,-66.089717,2.039402
45.397341,-66.141085,2.056155
45.376015,-66.190090,2.039402
45.355340,-66.239364,2.056155
45.334536,-66.288585,2.056155
45.314003,-66.337918,2.039402
45.298384,-66.389286,2.056155
45.277313,-66.438396,2.039402
45.256639,-66.487671,2.056155
45.235965,-66.536945,2.056155
45.215177,-66.586173,2.056155
45.199558,-66.637541,2.107470
45.178742,-66.686757,2.039402
45.158068,-66.736031,2.056155
45.137394,-66.785306,2.056155
45.116351,-66.834428,2.056155
45.095677,-66.883702,2.107470
45.074227,-66.932655,2.039402
45.053450,-66.981887,2.056155
45.032776,-67.031162,2.056155
45.011479,-67.080178,2.056155
44.990804,-67.129452,2.056155
44.969354,-67.178405,2.039402
44.953379,-67.229626,2.056155
44.933593,-67.279269,2.056155
44.912143,-67.328222,2.056155
44.891469,-67.377496,2.056155
44.870019,-67.426449,2.039402
44.853788,-67.477564,2.056155
44.834258,-67.527313,2.056155
44.812808,-67.576266,2.056155
44.792133,-67.625540,2.056155
44.770683,-67.674493,2.056155
44.754198,-67.725503,2.107470
44.734922,-67.775356,2.056155
44.713472,-67.824310,2.056155
44.692798,-67.873584,2.056155
44.671348,-67.922537,2.056155
44.650673,-67.971811,2.056155
44.629223,-68.020765,2.039402
44.607773,-68.069718,2.056155
44.587099,-68.118992,2.056155
44.565649,-68.167945,2.056155
44.544975,-68.217220,2.056155
44.523525,-68.266173,2.039402
44.506009,-68.316755,2.056155
44.487764,-68.367036,2.056155
44.466314,-68.415989,2.056155
44.445639,-68.465263,2.056155
44.424189,-68.514217,2.056155
44.406419,-68.564694,2.107470
44.388428,-68.615080,2.056155
44.366978,-68.664033,2.056155
44.346304,-68.713307,2.056155
44.324854,-68.762260,2.039402
44.304179,-68.811535,2.056155
44.282729,-68.860488,2.056155
44.261279,-68.909441,2.039402
44.240605,-68.958715,2.056155
44.219155,-69.007669,2.039402
44.198481,-69.056943,2.056155
44.177031,-69.105896,2.039402
44.158230,-69.155946,2.056155
44.141269,-69.206759,2.056155
44.119819,-69.255712,2.039402
44.099145,-69.304987,2.056155
44.077695,-69.353940,2.039402
44.057021,-69.403214,2.056155
44.035571,-69.452167,2.056155
44.014121,-69.501121,2.056155
43.993446,-69.550395,2.107470
43.971996,-69.599348,2.039402
43.951322,-69.648622,2.056155
43.929872,-69.697576,2.039402
43.909198,-69.746850,2.056155
43.888212,-69.795995,2.056155
43.866762,-69.844949,2.039402
43.846088,-69.894223,2.056155
43.824836,-69.943258,2.039402
43.804162,-69.992533,2.056155
43.783431,-70.041784,2.056155
43.762824,-70.091086,2.056155
43.747206,-70.142455,2.107470
43.726209,-70.191596,2.039402
43.705535,-70.240870,2.056155
43.684860,-70.290144,2.056155
43.663999,-70.339341,2.056155
43.643324,-70.388615,2.056155
43.621874,-70.437569,2.039402
43.601200,-70.486843,2.056155
43.580525,-70.536117,2.039402
43.559409,-70.585208,2.056155
43.538734,-70.634483,2.056155
43.517284,-70.683436,2.056155
43.501489,-70.734731,2.056155
43.481523,-70.784299,2.039402
43.460152,-70.833285,2.056155
43.439477,-70.882559,2.056155
43.418027,-70.931512,2.056155
43.397353,-70.980787,2.056155
43.375903,-71.029740,2.056155
43.354453,-71.078693,2.056155
43.333778,-71.127967,2.039402
43.312328,-71.176920,2.056155
43.291654,-71.226195,2.056155
43.270204,-71.275148,2.056155
43.249530,-71.324422,2.056155
43.228080,-71.373375,2.056155
43.206630,-71.422329,2.056155
43.185955,-71.471603,2.039402
43.164505,-71.520556,2.056155
43.143831,-71.569830,2.056155
43.122381,-71.618784,2.056155
43.101706,-71.668058,2.056155
43.080256,-71.717011,2.056155
43.058806,-71.765964,2.056155
43.038132,-71.815238,2.056155
43.016682,-71.864192,2.039402
42.996008,-71.913466,2.056155
42.974558,-71.962419,2.039402
42.953883,-72.011693,2.056155
42.932433,-72.060647,2.056155
42.910983,-72.109600,2.056155
42.890309,-72.158874,2.056155
42.868859,-72.207827,2.039402
42.848185,-72.257102,2.056155
42.826735,-72.306055,2.039402
42.806060,-72.355329,2.056155
42.784610,-72.404282,2.056155
42.763160,-72.453235,2.056155
42.742486,-72.502510,2.056155
42.721036,-72.551463,2.039402
42.700361,-72.600737,2.056155
42.678952,-72.649707,2.039402
42.658277,-72.698981,2.056155
42.637388,-72.748167,2.056155
42.615938,-72.797120,2.056155
42.595264,-72.846394,2.056155
42.574109,-72.895470,2.039402
42.553435,-72.944744,2.056155
42.532760,-72.994018,2.056155
42.512057,-73.043281,2.056155
42.491382,-73.092555,2.056155
42.469932,-73.141508,2.056155
42.449258,-73.190783,2.056155
42.428584,-73.240057,2.039402
42.407625,-73.289214,2.056155
42.386951,-73.338488,2.056155
42.365501,-73.387441,2.056155
42.344826,-73.436716,2.056155
42.323376,-73.485669,2.056155
42.302163,-73.534720,2.056155
42.281489,-73.583994,2.039402
42.260039,-73.632947,2.107470
42.239364,-73.682222,2.056155
42.217914,-73.731175,2.056155
42.197240,-73.780449,2.056155
42.175790,-73.829402,2.056155
42.150599,-73.876806,2.056155
42.127302,-73.924994,2.056155
42.105852,-73.973947,2.107470
42.085178,-74.023222,2.056155
42.063728,-74.072175,2.056155
42.043054,-74.121449,2.056155
42.021604,-74.170402,2.056155
42.000929,-74.219677,2.056155
41.979479,-74.268630,2.056155
41.958029,-74.317583,2.056155
41.937355,-74.366857,2.107470
41.915905,-74.415810,2.039402
41.895230,-74.465085,2.056155
41.873780,-74.514038,2.039402
41.853106,-74.563312,2.056155
41.831656,-74.612265,2.056155
41.810206,-74.661219,2.056155
41.789532,-74.710493,2.107470
41.768082,-74.759446,2.039402
41.747407,-74.808720,2.056155
41.725957,-74.857674,2.039402
41.705283,-74.906948,2.056155
41.683833,-74.955901,2.056155
41.662383,-75.004854,2.056155
41.641708,-75.054129,2.056155
41.620258,-75.103082,2.039402
41.599584,-75.152356,2.056155
41.578282,-75.201370,2.039402
41.557608,-75.250645,2.056155
41.536826,-75.299875,2.056155
41.515376,-75.348828,2.056155
41.494702,-75.398102,2.056155
41.473654,-75.447222,2.039402
41.452980,-75.496497,2.056155
41.432306,-75.545771,2.056155
41.411495,-75.594989,2.056155
41.390820,-75.644263,2.056155
41.369370,-75.693216,2.056155
41.348696,-75.742491,2.056155
41.328021,-75.791765,2.039402
41.306955,-75.840877,2.056155
41.286281,-75.890152,2.056155
41.264831,-75.939105,2.056155
41.244157,-75.988379,2.056155
41.222707,-76.037332,2.056155
41.201386,-76.086339,2.107470
41.180711,-76.135613,2.056155
41.159261,-76.184566,2.056155
41.138587,-76.233841,2.056155
41.117137,-76.282794,2.056155
41.096463,-76.332068,2.056155
41.075013,-76.381021,2.039402
41.053563,-76.429974,2.056155
41.032888,-76.479249,2.056155
41.011438,-76.528202,2.056155
40.990764,-76.577476,2.056155
40.969314,-76.626429,2.056155
40.952018,-76.677103,2.056155
40.933553,-76.727293,2.039402
40.912103,-76.776246,2.056155
40.891428,-76.825520,2.056155
40.869978,-76.874473,2.056155
40.849304,-76.923748,2.056155
40.827854,-76.972701,2.056155
40.803801,-77.020576,2.056155
40.779366,-77.068292,2.056155
40.755834,-77.116383,2.039402
40.730879,-77.163884,2.056155
40.707867,-77.212190,2.039402
40.682391,-77.259476,2.056155
40.659900,-77.307998,2.039402
40.634170,-77.355178,2.056155
40.612200,-77.403916,2.039402
40.586469,-77.451096,2.056155
40.565019,-77.500049,2.039402
40.539289,-77.547229,2.056155
40.517839,-77.596182,2.039402
40.492109,-77.643363,2.056155
40.470393,-77.692205,2.039402
40.444662,-77.739385,2.056155
40.418932,-77.786566,2.039402
40.390332,-77.832557,2.056155
40.364602,-77.879737,2.039666
40.336002,-77.925729,2.056155
40.310272,-77.972909,2.023176
40.280528,-78.018427,2.056155
40.249742,-78.063513,2.039666
40.224012,-78.110693,2.023176
40.196096,-78.156968,2.074491
40.170366,-78.204148,2.056155
40.142971,-78.250639,2.056155
40.112185,-78.295725,2.090980
40.081399,-78.340811,2.039666
40.050613,-78.385897,2.056155
40.014771,-78.428889,2.074491
39.978929,-78.471880,2.074491
39.938032,-78.512778,2.090980
39.897134,-78.553676,2.092827
39.856236,-78.594573,2.092827
39.815339,-78.635471,2.092827
39.774441,-78.676369,2.092827
39.733543,-78.717266,2.092827
39.692646,-78.758164,2.092827
39.651748,-78.799061,2.092827
39.610851,-78.839959,2.092827
39.569691,-78.880224,2.090980
39.526699,-78.916066,2.041512
39.483661,-78.951796,2.056155
39.438575,-78.982582,2.039666
39.393489,-79.013368,2.074491
39.348403,-79.044154,2.074491
39.301608,-79.070814,2.039666
39.252655,-79.092264,2.056155
39.205474,-79.117994,2.023176
39.158340,-79.143836,2.039666
39.111977,-79.171537,1.988351
39.064797,-79.197268,2.023176
39.016554,-79.220434,1.971862
38.967601,-79.241884,1.988351
38.920362,-79.267471,1.954317
38.872010,-79.290372,1.988351
38.821237,-79.307430,1.954317
38.771146,-79.326133,2.022649
38.720590,-79.343711,1.988351
38.670283,-79.361894,1.954317
38.621330,-79.383344,2.022649
38.570663,-79.400657,1.988351
38.518748,-79.414957,1.954317
38.466834,-79.429257,2.022649
38.415465,-79.444875,2.005895
38.363550,-79.459175,1.988351
38.310027,-79.469593,1.954317
38.255537,-79.477675,2.022649
38.203467,-79.491599,2.005895
38.151552,-79.505899,1.989142
38.099637,-79.520199,1.972389
38.045353,-79.528777,2.039402
37.991624,-79.538698,2.022649
37.939709,-79.552998,2.005895
37.887409,-79.566367,1.989142
37.832688,-79.573892,1.972389
37.777811,-79.581042,2.040721
37.724845,-79.592803,2.007215
37.672930,-79.607103,1.990461
37.619867,-79.618632,1.973708
37.564991,-79.625782,2.042040
37.510115,-79.632932,2.042040
37.455238,-79.640082,2.042040
37.401265,-79.649412,2.042040
37.347441,-79.659102,2.042040
37.292564,-79.666252,2.042040
37.237688,-79.673402,2.040721
37.182812,-79.680552,2.109053
37.129601,-79.691722,2.092300
37.077686,-79.706022,2.075546
37.024868,-79.718141,2.058793
36.969991,-79.725291,2.109053
36.915115,-79.732441,2.125806
36.860239,-79.739591,2.127125
36.805362,-79.746741,2.127125
36.748821,-79.749871,2.127125
36.692293,-79.753035,2.125806
36.637417,-79.760185,2.109053
36.582540,-79.767335,2.092300
36.527664,-79.774485,2.075546
36.472788,-79.781635,2.075546
36.417911,-79.788785,2.092300
36.363035,-79.795935,2.109053
36.306848,-79.799921,2.125806
36.249010,-79.799921,2.127125
36.191172,-79.799921,2.127125
36.134942,-79.803802,2.127125
36.080065,-79.810952,2.125806
36.025189,-79.818102,2.109053
35.970313,-79.825252,2.058793
35.915436,-79.832402,2.075546
35.860560,-79.839552,2.092300
35.805683,-79.846702,2.109053
35.749200,-79.849971,2.125806
35.691362,-79.849971,2.127125
35.633524,-79.849971,2.127125
35.577590,-79.854569,2.125806
35.522714,-79.861719,2.092300
35.467837,-79.868869,2.075546
35.412961,-79.876019,2.075546
35.358085,-79.883169,2.092300
35.303208,-79.890319,2.109053
35.248332,-79.897469,2.125806
35.191551,-79.900021,2.127125
35.133713,-79.900021,2.127125
35.075875,-79.900021,2.125806
35.020239,-79.905336,2.092300
34.965362,-79.912486,2.075546
34.910486,-79.919636,2.058793
34.855609,-79.926786,2.092300
34.800733,-79.933936,2.109053
34.745857,-79.941086,2.125806
34.690980,-79.948236,2.127125
34.633902,-79.950071,2.125806
34.576064,-79.950071,2.109053
34.520399,-79.955316,2.075546
34.465523,-79.962466,2.058793
34.410646,-79.969616,2.042040
34.355770,-79.976766,2.092300
34.300894,-79.983916,2.109053
34.246017,-79.991066,2.125806
34.191141,-79.998216,2.127125
34.134092,-80.000121,2.125806
34.076254,-80.000121,2.109053
34.020560,-80.005297,2.075546
33.965683,-80.012447,2.058793
33.910807,-80.019597,2.042040
33.855931,-80.026747,2.109053
33.801054,-80.033897,2.125806
33.746178,-80.041047,2.127125
33.691302,-80.048197,2.125806
33.634281,-80.050171,2.109053
33.576443,-80.050171,2.092300
33.520720,-80.055277,2.058793
33.465844,-80.062427,2.042040
33.410968,-80.069577,2.042040
33.356091,-80.076727,2.125806
33.301215,-80.083877,2.127125
33.246339,-80.091027,2.127125
33.191462,-80.098177,2.125806
33.134471,-80.100221,2.109053
33.078393,-80.104471,2.092300
33.023517,-80.111621,2.075546
32.968640,-80.118771,2.042040
32.913764,-80.125921,2.109053
32.858888,-80.133071,2.125806
32.804011,-80.140221,2.127125
32.749135,-80.147371,2.125806
32.692498,-80.150271,2.109053
32.636066,-80.153664,2.092300
32.581189,-80.160814,2.075546
32.526313,-80.167964,2.058793
32.471437,-80.175114,2.042040
32.416560,-80.182264,2.125806
32.361684,-80.189414,2.127125
32.306808,-80.196564,2.125806
32.250526,-80.200321,2.109053
32.192688,-80.200321,2.092300
32.136226,-80.203645,2.075546
32.081350,-80.210795,2.058793
32.026474,-80.217945,2.042040
31.971597,-80.225095,2.042040
31.916721,-80.232245,2.127125
31.861845,-80.239395,2.127125
31.806968,-80.246545,2.125806
31.750715,-80.250371,2.109053
31.693899,-80.252838,2.092300
31.639023,-80.259988,2.075546
31.584146,-80.267138,2.058793
31.529270,-80.274288,2.042040
31.474394,-80.281438,2.109053
31.419517,-80.288588,2.125806
31.364641,-80.295738,2.125806
31.308743,-80.300421,2.109053
31.251572,-80.302032,2.092300
31.196695,-80.309182,2.075546
31.141819,-80.316332,2.058793
31.086943,-80.323482,2.042040
31.032066,-80.330632,2.109053
30.977190,-80.337782,2.125806
30.922314,-80.344932,2.127125
30.866770,-80.350471,2.109053
30.808932,-80.350471,2.092300
30.751094,-80.350471,2.075546
30.693256,-80.350471,2.058793
30.635418,-80.350471,2.042040
30.577580,-80.350471,2.042040
30.519742,-80.350471,2.042040
30.461904,-80.350471,2.042040
30.404066,-80.350471,2.042040
30.346228,-80.350471,2.040721
30.288390,-80.350471,2.023968
30.232029,-80.354037,2.007215
30.177153,-80.361187,1.990461
30.122276,-80.368337,1.973708
30.067400,-80.375487,1.956955
30.012524,-80.382637,2.042040
29.957647,-80.389787,2.042040
29.902771,-80.396937,2.042040
29.846417,-80.400521,2.042040
29.788579,-80.400521,2.042040
29.730741,-80.400521,2.042040
29.672903,-80.400521,2.042040
29.615066,-80.400521,2.042040
29.557228,-80.400521,2.042040
29.499390,-80.400521,2.042040
29.441552,-80.400521,2.042040
29.383714,-80.400521,2.042040
29.325876,-80.400521,2.042040
29.269998,-80.395787,2.042040
29.215122,-80.388637,2.042040
29.160246,-80.381487,2.042040
29.105369,-80.374337,1.956955
29.050493,-80.367187,1.956955
28.995617,-80.360037,1.956955
28.940740,-80.352887,1.956955
28.883903,-80.350471,1.956955
28.826065,-80.350471,1.973708
28.768227,-80.350471,1.990461
28.712647,-80.345020,2.023968
28.657771,-80.337870,2.040721
28.602894,-80.330720,2.042040
28.548018,-80.323570,1.956955
28.493141,-80.316420,1.956955
28.438265,-80.309270,1.956955
28.383389,-80.302120,1.973708
28.326254,-80.300421,1.990461
28.270320,-80.295826,2.007215
28.215443,-80.288676,2.040721
28.160567,-80.281526,2.057474
28.105691,-80.274376,1.989142
28.050814,-80.267226,2.005895
27.996509,-80.258698,2.022649
27.944594,-80.244398,2.039402
27.890776,-80.234693,2.056155
27.835900,-80.227543,2.074227
27.781023,-80.220393,2.005895
27.727480,-80.210025,2.022649
27.675565,-80.195725,2.039402
27.623079,-80.182803,2.056155
27.569646,-80.172170,2.005895
27.517731,-80.157870,2.022649
27.465816,-80.143570,2.039402
27.413902,-80.129270,2.090980
27.360654,-80.118187,2.022649
27.307983,-80.105714,2.039402
27.256068,-80.091414,2.056155
27.202710,-80.080598,2.107470
27.150149,-80.067859,2.039402
27.098234,-80.053559,2.056155
27.046324,-80.039247,2.090980
26.996835,-80.019092,2.022649
26.945677,-80.002965,2.039402
26.895972,-79.983331,2.056155
26.847018,-79.961881,2.039402
26.795750,-79.946020,2.056155
26.746155,-79.926120,2.107470
26.697197,-79.904682,2.039402
26.645828,-79.889064,2.056155
26.596343,-79.868898,2.022649
26.545181,-79.852782,2.039402
26.493386,-79.838192,2.056155
26.444011,-79.817761,2.039402
26.392738,-79.801911,2.056155
26.343148,-79.781999,2.056155
26.294185,-79.760573,2.039402
26.242816,-79.744954,2.056155
26.193336,-79.724777,2.039402
26.144263,-79.703617,2.056155
26.094989,-79.682942,2.056155
26.046036,-79.661492,2.039402
25.994758,-79.645653,2.056155
25.945172,-79.625731,2.056155
25.896205,-79.604316,2.056155
25.846931,-79.583641,2.056155
25.797977,-79.562191,2.039402
25.746806,-79.546097,2.056155
25.697114,-79.526430,2.056155
25.648161,-79.504980,2.056155
25.598887,-79.484306,2.056155
25.549934,-79.462856,2.056155
25.498867,-79.446507,2.107470
25.449070,-79.427095,2.056155
25.400117,-79.405645,2.056155
25.350843,-79.384970,2.056155
25.301890,-79.363520,2.056155
25.252615,-79.342846,2.056155
25.203662,-79.321396,2.039402
25.154709,-79.299946,2.056155
25.105435,-79.279272,2.056155
25.056482,-79.257822,2.056155
25.007207,-79.237147,2.056155
24.958254,-79.215697,2.039402
24.907615,-79.198318,2.056155
24.857391,-79.179936,2.056155
24.808438,-79.158486,2.056155
24.759163,-79.137812,2.056155
24.710210,-79.116362,2.056155
24.659676,-79.098728,2.107470
24.609347,-79.080601,2.056155
24.560394,-79.059151,2.056155
24.511120,-79.038476,2.056155
24.462166,-79.017026,2.039402
24.412892,-78.996352,2.056155
24.363939,-78.974902,2.056155
24.314986,-78.953452,2.039402
24.265711,-78.932777,2.056155
24.216758,-78.911327,2.039402
24.167484,-78.890653,2.056155
24.118531,-78.869203,2.039402
24.068424,-78.850539,2.056155
24.017668,-78.833442,2.107470
23.968714,-78.811992,2.039402
23.919440,-78.791318,2.056155
23.870487,-78.769868,2.039402
23.821213,-78.749193,2.056155
23.772259,-78.727743,2.056155
23.723306,-78.706293,2.039402
23.674032,-78.685619,2.056155
23.625079,-78.664169,2.039402
23.575804,-78.643494,2.056155
23.526851,-78.622044,2.022649
23.477171,-78.602350,2.039402
23.425988,-78.586283,2.056155
23.377035,-78.564833,2.039402
23.327761,-78.544159,2.056155
23.278782,-78.522771,2.039402
23.229207,-78.502821,2.056155
23.177919,-78.487010,2.107470
23.128965,-78.465560,2.039402
23.079691,-78.444885,2.056155
23.030607,-78.423752,2.056155
22.981332,-78.403078,2.056155
22.932058,-78.382404,2.107470
22.883105,-78.360954,2.039402
22.833830,-78.340279,2.056155
22.784640,-78.319401,2.039402
22.735366,-78.298726,2.056155
22.686092,-78.278052,2.056155
22.636944,-78.257072,2.039402
22.585575,-78.241453,2.056155
22.536280,-78.220830,2.039402
22.487022,-78.200116,2.056155
22.437748,-78.179441,2.056155
22.388705,-78.158206,2.039402
22.337337,-78.142588,2.056155
22.287936,-78.122219,2.039402
22.238784,-78.101250,2.056155
22.189509,-78.080576,2.056155
22.140556,-78.059126,2.039402
22.089199,-78.043478,2.056155
22.039693,-78.023365,2.056155
21.990646,-78.002141,2.056155
21.941372,-77.981466,2.056155
21.892419,-77.960016,2.039402
21.841167,-77.944114,2.056155
21.791555,-77.924255,2.056155
21.742602,-77.902805,2.056155
21.693328,-77.882131,2.056155
21.644375,-77.860681,2.056155
21.593229,-77.844524,2.107470
21.543511,-77.824920,2.056155
21.494558,-77.803470,2.056155
21.443303,-77.787579,2.056155
21.393695,-77.767709,2.039402
21.342655,-77.751297,2.056155
21.292832,-77.731948,2.056155
21.243879,-77.710498,2.056155
21.192729,-77.694352,2.056155
21.143015,-77.674736,2.039402
21.094062,-77.653286,2.056155
21.044788,-77.632612,2.056155
20.995835,-77.611162,2.056155
20.944790,-77.594761,2.107470
20.894972,-77.575401,2.056155
20.846018,-77.553951,2.056155
20.796744,-77.533277,2.056155
20.747791,-77.511827,2.056155
20.698517,-77.491152,2.107470
20.649563,-77.469702,2.039402
20.600610,-77.448252,2.056155
20.551336,-77.427578,2.056155
20.502383,-77.406128,2.039402
20.451549,-77.389217,2.056155
20.401520,-77.370367,2.039402
20.350902,-77.352936,2.056155
20.298987,-77.338636,2.056155
20.249067,-77.319519,2.039402
20.198340,-77.302354,2.056155
20.148204,-77.283758,2.056155
20.099251,-77.262308,2.056155
20.048413,-77.245409,2.107470
19.998388,-77.226547,2.056155
19.949435,-77.205097,2.056155
19.900160,-77.184422,2.056155
19.851207,-77.162972,2.056155
19.800475,-77.145818,2.107470
19.750344,-77.127211,2.056155
19.701391,-77.105761,2.056155
19.652116,-77.085087,2.056155
19.603163,-77.063637,2.039402
19.552536,-77.046228,2.056155
19.502300,-77.027876,2.056155
19.453347,-77.006426,2.056155
19.404073,-76.985751,2.056155
19.355119,-76.964301,2.039402
19.304598,-76.946638,2.056155
19.254256,-76.928540,2.056155
19.205303,-76.907090,2.056155
19.156029,-76.886416,2.056155
19.107076,-76.864966,2.039402
19.056660,-76.847047,2.056155
19.006212,-76.829205,2.056155
18.957259,-76.807755,2.039402
18.907985,-76.787081,2.056155
18.859032,-76.765631,2.039402
18.809757,-76.744956,2.056155
18.760804,-76.723506,2.056155
18.711851,-76.702056,2.039402
18.662577,-76.681382,2.056155
18.613624,-76.659932,2.039402
18.564349,-76.639257,2.056155
18.515396,-76.617807,2.039402
18.466122,-76.597133,2.056155
18.417169,-76.575683,2.056155
18.368714,-76.553029,2.056155
18.321534,-76.527298,2.056155
18.272864,-76.505165,2.039402
18.225684,-76.479434,2.056155
18.176798,-76.457822,2.039402
18.129618,-76.432091,2.056155
18.080665,-76.410641,2.039402
18.033485,-76.384911,2.056155
17.984574,-76.363358,2.039402
17.937394,-76.337628,2.056155
17.888700,-76.315554,2.039402
17.841519,-76.289824,2.056155
17.793040,-76.267229,2.039402
17.745712,-76.241857,2.056155
17.697449,-76.218742,2.039402
17.649904,-76.193890,2.056155
17.601857,-76.170254,2.039402
17.554097,-76.145923,2.056155
17.506917,-76.120193,1.988351
17.460925,-76.091593,2.039402
17.413309,-76.066915,1.988351
17.365118,-76.043626,2.039402
17.317717,-76.018428,1.988351
17.269310,-75.995659,2.039402
17.222126,-75.969940,1.988351
17.172851,-75.949266,2.039402
17.123687,-75.928325,2.056155
17.076943,-75.901543,2.039666
17.030190,-75.874782,2.039666
16.983230,-75.848520,2.056155
16.936692,-75.821238,2.039402
16.889516,-75.795497,2.056155
16.844430,-75.764711,2.039666
16.798650,-75.735601,2.056155
16.751470,-75.709871,2.056155
16.705478,-75.681271,2.056155
16.658298,-75.655541,2.039402
16.612569,-75.626306,2.056155
16.567483,-75.595520,2.039666
16.520303,-75.569790,2.023176
16.473817,-75.542384,2.056155
16.426806,-75.516247,2.039666
16.380104,-75.489361,2.056155
16.335018,-75.458575,2.056155
16.288764,-75.430610,2.039666
16.241584,-75.404880,2.056155
16.196498,-75.374094,2.023176
16.151000,-75.344300,2.039666
16.105746,-75.313921,2.056155
16.061132,-75.282939,2.056155
16.021101,-75.250059,2.090980
15.982240,-75.214358,2.056155
15.942209,-75.181478,2.056155
15.902179,-75.148598,2.074491
15.860466,-75.119781,2.023176
15.820436,-75.086901,2.074491
15.779934,-75.054216,2.056155
15.733421,-75.026874,2.056155
15.686241,-75.001144,2.074491
15.641155,-74.970358,2.023176
15.596069,-74.939572,2.039666
15.553077,-74.903730,2.058002
15.510085,-74.867889,2.041512
15.467093,-74.832047,2.074491
15.424064,-74.796297,2.090980
15.381072,-74.760455,2.090980
15.338080,-74.724613,2.041512
15.295088,-74.688771,2.058002
15.252096,-74.652929,2.074491
15.209104,-74.617088,2.041512
15.166113,-74.581246,2.090980
15.123083,-74.545496,2.092827
15.080091,-74.509654,2.092827
15.037099,-74.473812,2.025023
14.994107,-74.437970,2.041512
14.951115,-74.402129,2.058002
14.908124,-74.366287,2.058002
14.865132,-74.330445,2.074491
14.823643,-74.290975,2.090980
14.782745,-74.250077,2.092827
14.741847,-74.209180,2.092827
14.700950,-74.168282,2.092827
14.660052,-74.127384,2.092827
14.619155,-74.086487,2.092827
14.578257,-74.045589,2.092827
14.537359,-74.004692,2.092827
14.496462,-73.963794,2.092827
14.455564,-73.922896,2.092827
14.414666,-73.881999,2.092827
14.373769,-73.841101,2.092827
14.332871,-73.800203,2.092827
14.291973,-73.759306,2.092827
14.251076,-73.718408,2.092827
14.210178,-73.677510,2.092827
14.169280,-73.636613,2.092827
14.128383,-73.595715,2.092827
14.087485,-73.554818,2.092827
14.046588,-73.513920,2.092827
14.005690,-73.473022,2.092827
13.964792,-73.432125,2.092827
13.923895,-73.391227,2.092827
13.882997,-73.350329,2.092827
13.843040,-73.309042,2.092827
13.807198,-73.266050,2.025023
13.771182,-73.223478,2.092827
13.733246,-73.185542,2.092827
13.695310,-73.147606,2.090980
13.657374,-73.109670,2.058002
13.623872,-73.069898,2.074491
13.590052,-73.030257,2.058002
13.552116,-72.992321,2.090980
13.514353,-72.953965,2.092827
13.478511,-72.910973,2.092827
13.442670,-72.867982,2.092827
13.411884,-72.822896,2.092827
13.376664,-72.779646,2.092827
13.340822,-72.736654,2.090980
13.304980,-72.693663,2.041512
13.269138,-72.650671,2.058002
13.233297,-72.607679,2.074491
13.197455,-72.564687,2.090980
13.156557,-72.523789,2.090980
13.120277,-72.480979,2.092827
13.084435,-72.437987,2.092827
13.048593,-72.394996,2.090980
13.012751,-72.352004,2.041512
12.976910,-72.309012,2.058002
12.941068,-72.266020,2.074491
12.905226,-72.223028,2.074491
12.869476,-72.179998,2.090980
12.833634,-72.137007,2.092827
12.796057,-72.098203,2.090980
12.758121,-72.060267,2.041512
12.723853,-72.020812,2.074491
12.690973,-71.980782,2.058002
12.658093,-71.940752,2.074491
12.622343,-71.901910,2.090980
12.589462,-71.861880,2.090980
12.558317,-71.817661,2.090980
12.527531,-71.772575,2.074491
12.493077,-71.729008,2.058002
12.457236,-71.686017,2.058002
12.424633,-71.641683,2.074491
12.392007,-71.597359,2.090980
12.356165,-71.554367,2.025023
12.320323,-71.511375,2.041512
12.284482,-71.468384,2.058002
12.248640,-71.425392,2.041512
12.217436,-71.380479,2.074491
12.183411,-71.336734,2.090980
12.147569,-71.293743,2.074491
12.111728,-71.250751,2.041512
12.075886,-71.207759,2.058002
12.040239,-71.164686,2.074491
12.009453,-71.119600,2.074491
11.974029,-71.076435,2.090980
11.938187,-71.033444,2.074491
11.902345,-70.990452,2.041512
11.869405,-70.946258,2.058002
11.838619,-70.901172,2.074491
11.806652,-70.858548,2.023176
11.768716,-70.820612,2.090980
11.732640,-70.781905,2.074491
11.699760,-70.741875,2.056155
11.668219,-70.701290,2.074491
11.637493,-70.660368,2.090980
11.604613,-70.620337,2.090980
11.572719,-70.577926,2.090980
11.541933,-70.532840,2.074491
11.509286,-70.488525,2.058002
11.476183,-70.444399,2.074491
11.444058,-70.399867,2.090980
11.407297,-70.359093,2.025023
11.369361,-70.321157,2.090980
11.333123,-70.282518,2.074491
11.300242,-70.242488,2.058002
11.268538,-70.201971,2.074491
11.237975,-70.160981,2.090980
11.204824,-70.121606,2.090980
11.170768,-70.084414,2.090980
11.138023,-70.044328,2.074491
11.108501,-70.002906,2.058002
11.075621,-69.962876,2.074491
11.041564,-69.923333,2.041512
11.007777,-69.883679,2.090980
10.975169,-69.842993,2.090980
10.944383,-69.797907,2.074491
10.913462,-69.752877,2.058002
10.877620,-69.709885,2.074491
10.841778,-69.666893,2.041512
10.810992,-69.621807,2.090980
10.776057,-69.578440,2.090980
10.740215,-69.535448,2.074491
10.704374,-69.492456,2.041512
10.668532,-69.449464,2.058002
10.632690,-69.406472,2.074491
10.596848,-69.363480,2.090980
10.561006,-69.320489,2.090980
10.525164,-69.277497,2.090980
10.489323,-69.234505,2.074491
10.453481,-69.191513,2.041512
10.417639,-69.148521,2.058002
10.381797,-69.105530,2.074491
10.345955,-69.062538,2.090980
10.305058,-69.021640,2.090980
10.264160,-68.980742,2.092827
10.226379,-68.938554,2.090980
10.190538,-68.895562,2.074491
10.154696,-68.852570,2.041512
10.118854,-68.809578,2.058002
10.083012,-68.766586,2.041512
10.047170,-68.723595,2.025023
10.011329,-68.680603,2.090980
9.972370,-68.638902,2.092827
9.933373,-68.597217,2.090980
9.897532,-68.554225,2.041512
9.861690,-68.511233,2.058002
9.825848,-68.468241,2.058002
9.790006,-68.425250,2.041512
9.754164,-68.382258,2.090980
9.718322,-68.339266,2.090980
9.682572,-68.296236,2.074491
9.646731,-68.253244,2.058002
9.612361,-68.209642,2.058002
9.581575,-68.164556,2.041512
9.550789,-68.119470,2.074491
9.520003,-68.074384,2.090980
9.489217,-68.029298,2.056155
9.460617,-67.983307,2.056155
9.429831,-67.938221,2.074491
9.397573,-67.893745,2.023176
9.361731,-67.850753,2.039666
9.326933,-67.807329,2.056155
9.296147,-67.762243,2.074491
9.265361,-67.717157,2.074491
9.230395,-67.673802,2.056155
9.199611,-67.628715,2.039666
9.173881,-67.581535,2.056155
9.148151,-67.534355,2.039402
9.121377,-67.487607,2.056155
9.094607,-67.440857,2.056155
9.073680,-67.391688,2.039666
9.053006,-67.342413,1.988351
9.031556,-67.293460,2.039402
9.005825,-67.246280,1.988351
8.983857,-67.197542,2.039402
8.967730,-67.146383,2.022649
8.948095,-67.096678,1.988351
8.926645,-67.047725,2.039402
8.910785,-66.996457,1.988351
8.895940,-66.944768,2.039402
8.880322,-66.893399,2.022649
8.866022,-66.841485,2.005896
8.851722,-66.789570,1.988351
8.842756,-66.735445,2.039402
8.833222,-66.681557,2.022649
8.818922,-66.629642,2.005896
8.805167,-66.577501,1.989142
8.797254,-66.522941,1.972389
8.790104,-66.468065,2.039402
8.782954,-66.413188,2.022649
8.770794,-66.360387,1.989142
8.758878,-66.307485,1.972389
8.751728,-66.252608,1.955636
8.744578,-66.197732,2.023968
8.737428,-66.142856,2.007215
8.730278,-66.087979,1.990461
8.723128,-66.033103,1.973708
8.717621,-65.977546,1.956955
8.710471,-65.922670,1.956955
8.703321,-65.867793,1.956955
8.696171,-65.812917,1.956955
8.689021,-65.758041,2.042040
8.681871,-65.703164,2.042040
8.674721,-65.648288,2.042040
8.670939,-65.592017,2.042040
8.670939,-65.534179,2.042040
8.670939,-65.476341,2.042040
8.670939,-65.418503,2.042040
8.670939,-65.360665,2.042040
8.670939,-65.302827,2.042040
8.670939,-65.244989,2.042040
8.670939,-65.187151,2.042040
8.670939,-65.129313,2.042040
8.670939,-65.071475,2.042040
8.670939,-65.013637,2.042040
8.670939,-64.955799,2.042040
8.670939,-64.897961,2.058793
8.670939,-64.840123,2.075546
8.670939,-64.782285,2.092300
8.670939,-64.724447,2.109053
8.670939,-64.666609,2.125806
8.670939,-64.608771,2.127125
8.670939,-64.550933,2.127125
8.672443,-64.493718,2.125806
8.679593,-64.438842,2.109053
8.686743,-64.383965,2.092300
8.693893,-64.329089,2.075546
8.701043,-64.274212,2.058793
8.708193,-64.219336,2.075546
8.715343,-64.164460,2.092300
8.720989,-64.108960,2.125806
8.720989,-64.051122,2.127125
8.720989,-63.993284,2.127125
8.720989,-63.935446,2.125806
8.720989,-63.877608,2.109053
8.724783,-63.821342,2.092300
8.731933,-63.766466,2.075546
8.739083,-63.711589,2.058793
8.746233,-63.656713,2.092300
8.753383,-63.601837,2.109053
8.760533,-63.546960,2.125806
8.767683,-63.492084,2.127125
8.771039,-63.435636,2.127125
8.771039,-63.377798,2.125806
8.771039,-63.319960,2.109053
8.775550,-63.263991,2.092300
8.782700,-63.209114,2.075546
8.789850,-63.154238,2.042040
8.797000,-63.099361,2.092300
8.804150,-63.044485,2.109053
8.811300,-62.989609,2.125806
8.818450,-62.934732,2.127125
8.821089,-62.877987,2.127125
8.821089,-62.820149,2.127125
8.825531,-62.764151,2.127125
8.832681,-62.709275,2.125806
8.839831,-62.654398,2.092300
8.846981,-62.599522,2.042040
8.854131,-62.544646,2.058793
8.861281,-62.489769,2.075546
8.868431,-62.434893,2.092300
8.871139,-62.378177,2.109053
8.871139,-62.320339,2.125806
8.875511,-62.264312,2.127125
8.882661,-62.209435,2.127125
8.889811,-62.154559,2.109053
8.896961,-62.099683,2.042040
8.904111,-62.044806,2.042040
8.911261,-61.989930,2.058793
8.918411,-61.935054,2.075546
8.921189,-61.878366,2.092300
8.921189,-61.820528,2.109053
8.921189,-61.762690,2.125806
8.926278,-61.706960,2.127125
8.933428,-61.652084,2.109053
8.940578,-61.597207,2.092300
8.947728,-61.542331,2.075546
8.955964,-61.487905,2.092300
8.970043,-61.435898,2.109053
8.984343,-61.383984,2.125806
8.993554,-61.329961,2.127125
9.000704,-61.275084,2.042040
9.007854,-61.220208,2.058793
9.015004,-61.165332,2.075546
9.025566,-61.111869,2.092300
9.032938,-61.057084,2.109053
9.040088,-61.002208,2.125806
9.047238,-60.947331,2.058793
9.054388,-60.892455,2.075546
9.061538,-60.837579,2.092300
9.068688,-60.782702,2.109053
9.074195,-60.727145,2.125806
9.081345,-60.672269,2.124487
9.088495,-60.617393,2.107734
9.095645,-60.562516,2.090980
9.102795,-60.507640,2.092300
9.114640,-60.454708,2.124487
9.128940,-60.402794,2.107734
9.140384,-60.349696,2.090980
9.147534,-60.294820,2.090980
9.160432,-60.242324,2.107734
9.174732,-60.190409,2.124487
9.189032,-60.138495,2.107734
9.199595,-60.085032,2.074227
9.213545,-60.032972,2.090980
9.227845,-59.981058,2.107734
9.242145,-59.929143,2.107734
9.250697,-59.874847,2.056155
9.260645,-59.821130,2.090980
9.274945,-59.769215,2.107734
9.288287,-59.716903,2.124487
9.295786,-59.662172,2.107734
9.302936,-59.607295,2.074227
9.314723,-59.554340,2.107734
9.329023,-59.502425,2.107734
9.340525,-59.449351,2.090980
9.347675,-59.394475,2.090980
9.360515,-59.341955,2.107734
9.374815,-59.290040,2.107734
9.389115,-59.238126,2.090980
9.399678,-59.184663,2.090980
9.413570,-59.132579,2.107734
9.427870,-59.080665,2.107470
9.442170,-59.028750,2.056155
9.452732,-58.975287,2.090980
9.467032,-58.923372,2.107734
9.481332,-58.871458,2.090980
9.494733,-58.819170,2.056155
9.505296,-58.765707,2.107470
9.519596,-58.713793,2.107734
9.533896,-58.661878,2.090980
9.546243,-58.609155,2.056155
9.557451,-58.555959,2.107734
9.571751,-58.504044,2.107470
9.586051,-58.452129,2.039402
9.601669,-58.400761,2.107734
9.615969,-58.348846,2.090980
9.630269,-58.296931,2.056155
9.649159,-58.246918,2.107470
9.666551,-58.196284,2.107470
9.680851,-58.144369,2.056155
9.695151,-58.092454,2.039402
9.710770,-58.041086,2.107734
9.725070,-57.989171,2.090980
9.739435,-57.937283,2.056155
9.755054,-57.885915,2.107470
9.769354,-57.834000,2.107470
9.783985,-57.782223,2.056155
9.804459,-57.732865,2.090980
9.820267,-57.681575,2.107470
9.834567,-57.629660,2.056155
9.850185,-57.578292,2.056155
9.865728,-57.526891,2.107470
9.880028,-57.474977,2.090980
9.895646,-57.423608,2.056155
9.910922,-57.372098,2.107470
9.925222,-57.320183,2.107470
9.941438,-57.269062,2.056155
9.961504,-57.219535,2.090980
9.975804,-57.167621,2.107470
9.990104,-57.115706,2.056155
10.005723,-57.064337,2.056155
10.020023,-57.012423,2.107470
10.034323,-56.960508,2.090980
10.049941,-56.909139,2.056155
10.064241,-56.857225,2.107470
10.078541,-56.805310,2.107470
10.092841,-56.753395,2.056155
10.108460,-56.702027,2.090980
10.122760,-56.650112,2.056155
10.137060,-56.598197,2.039402
10.152679,-56.546829,2.107470
10.166979,-56.494914,2.090980
10.181279,-56.442999,2.056155
10.200397,-56.393080,2.090980
10.217560,-56.342351,2.107470
10.231860,-56.290437,2.056155
10.246189,-56.238534,2.039402
10.261808,-56.187165,2.107470
10.276108,-56.135251,2.090980
10.290703,-56.083458,2.056155
10.306321,-56.032090,2.107470
10.320621,-55.980175,2.107470
10.334921,-55.928260,2.056155
10.350540,-55.876891,2.090980
10.366118,-55.825506,2.107470
10.380418,-55.773592,2.056155
10.396037,-55.722223,2.039402
10.411350,-55.670728,2.107470
10.425650,-55.618813,2.090980
10.439950,-55.566898,2.056155
10.455568,-55.515530,2.107470
10.469868,-55.463615,2.107470
10.484168,-55.411700,2.056155
10.499787,-55.360332,2.090980
10.514087,-55.308417,2.107734
10.528387,-55.256502,2.090980
10.542687,-55.204587,2.056155
10.558305,-55.153219,2.107470
10.572605,-55.101304,2.107470
10.586905,-55.049389,2.039402
10.598273,-54.996260,2.107734
10.610461,-54.943470,2.090980
10.624761,-54.891556,2.056155
10.639061,-54.839641,2.039402
10.654679,-54.788272,2.107470
10.668979,-54.736357,2.056155
10.683279,-54.684443,2.039402
10.698093,-54.632741,2.107734
10.713711,-54.581372,2.090980
10.728011,-54.529457,2.056155
10.742311,-54.477543,2.039402
10.752874,-54.424080,2.107734
10.767174,-54.372165,2.090980
10.781474,-54.320250,2.056155
10.797092,-54.268882,2.039402
10.812187,-54.217296,2.107470
10.826487,-54.165381,2.056155
10.842884,-54.114335,2.039402
10.862768,-54.064734,2.107734
10.877068,-54.012819,2.090980
10.891368,-53.960904,2.056155
10.906987,-53.909536,2.107470
10.921287,-53.857621,2.107734
10.935587,-53.805706,2.090980
10.947789,-53.752922,2.056155
10.959142,-53.699787,2.107734
10.973442,-53.647872,2.056155
10.987742,-53.595958,2.039402
11.003361,-53.544589,2.107734
11.017661,-53.492674,2.090980
11.031961,-53.440760,2.056155
11.046261,-53.388845,2.039402
11.061879,-53.337476,2.107734
11.076179,-53.285561,2.090980
11.090479,-53.233647,2.056155
11.101042,-53.180184,2.107734
11.114767,-53.128031,2.107734
11.129067,-53.076116,2.090980
11.143367,-53.024201,2.056155
11.153929,-52.970739,2.107734
11.168229,-52.918824,2.107470
11.182529,-52.866909,2.056155
11.198148,-52.815541,2.039402
11.213024,-52.763864,2.107734
11.227324,-52.711949,2.090980
11.241624,-52.660035,2.056155
11.254139,-52.607381,2.107470
11.265179,-52.554116,2.107734
11.279479,-52.502201,2.090980
11.291728,-52.449437,2.056155
11.298878,-52.394561,2.107470
11.310971,-52.341731,2.056155
11.325271,-52.289817,2.039402
11.343992,-52.239733,2.022649
11.361553,-52.189169,2.090980
11.375853,-52.137254,2.056155
11.390153,-52.085340,2.039402
11.409927,-52.035692,2.107734
11.426434,-51.984692,2.090980
11.440734,-51.932777,2.056155
11.451297,-51.879315,2.107734
11.464974,-51.827142,2.107734
11.479274,-51.775227,2.090980
11.493574,-51.723312,2.056155
11.504137,-51.669849,2.107734
11.518437,-51.617935,2.107470
11.532737,-51.566020,2.056155
11.548355,-51.514651,2.039402
11.563279,-51.462995,2.107734
11.577579,-51.411080,2.090980
11.591879,-51.359165,2.056155
11.604442,-51.306531,2.107470
11.615434,-51.253246,2.107734
11.629734,-51.201331,2.090980
11.642031,-51.148587,2.056155
11.653289,-51.095412,2.107470
11.667589,-51.043498,2.056155
11.681889,-50.991583,2.039402
11.700563,-50.941480,2.107734
11.718171,-50.890935,2.090980
11.732471,-50.839021,2.056155
11.746771,-50.787106,2.039402
11.762390,-50.735737,2.107734
11.776690,-50.683823,2.090980
11.790990,-50.631908,2.056155
11.801552,-50.578445,2.107734
11.815182,-50.526253,2.107470
11.829482,-50.474338,2.056155
11.843782,-50.422423,2.039402
11.854345,-50.368960,2.107734
11.868645,-50.317046,2.090980
11.882945,-50.265131,2.056155
11.896608,-50.212952,2.039402
11.907170,-50.159490,2.107734
11.921470,-50.107575,2.090980
11.935770,-50.055660,2.056155
11.951389,-50.004292,2.107734
11.965689,-49.952377,2.107470
11.979989,-49.900462,2.056155
11.997563,-49.849903,2.039402
12.016271,-49.799814,2.107734
12.030571,-49.747900,2.090980
12.044871,-49.695985,2.056155
12.060489,-49.644616,2.107734
12.074789,-49.592702,2.090980
12.089089,-49.540787,2.056155
12.100115,-49.487516,2.107734
12.112645,-49.434868,2.107470
12.126945,-49.382953,2.056155
12.141245,-49.331038,2.039402
12.151807,-49.277576,2.107734
12.165389,-49.225363,2.090980
12.179689,-49.173449,2.056155
12.193989,-49.121534,2.039402
12.204552,-49.068071,2.107734
12.218852,-49.016157,2.090980
12.233152,-48.964242,2.056155
12.246863,-48.912083,2.039402
12.257425,-48.858620,2.107734
12.271725,-48.806705,2.090980
12.286025,-48.754791,2.056155
12.301644,-48.703422,2.107734
12.315944,-48.651507,2.107734
12.330244,-48.599593,2.090980
12.344544,-48.547678,2.056155
12.360163,-48.496309,2.107734
12.374463,-48.444395,2.107734
12.388763,-48.392480,2.056155
12.400102,-48.339339,2.107734
12.407262,-48.284467,2.107734
12.420265,-48.232014,2.090980
12.434565,-48.180100,2.074227
12.444851,-48.126523,2.056155
12.452001,-48.071646,2.124487
12.459151,-48.016770,2.107734
12.466301,-47.961893,2.090980
12.476864,-47.908431,2.074227
12.485312,-47.854092,2.056155
12.492462,-47.799215,2.039402
12.499612,-47.744339,2.022649
12.506762,-47.689463,2.074227
12.519174,-47.636766,2.057474
12.533474,-47.584851,2.040721
12.544351,-47.531519,2.023968
12.551501,-47.476642,2.092300
12.558651,-47.421766,2.075546
12.565801,-47.366890,2.058793
12.572951,-47.312013,2.042040
12.574839,-47.254957,2.040721
12.574839,-47.197119,2.023968
12.580031,-47.141432,1.990461
12.587181,-47.086556,1.973708
12.594331,-47.031679,1.956955
12.601481,-46.976803,2.042040
12.608631,-46.921927,2.040721
12.615781,-46.867050,2.023968
12.622931,-46.812174,2.007215
12.624889,-46.755147,1.990461
12.624889,-46.697309,1.973708
12.624889,-46.639471,1.956955
12.624889,-46.581633,1.956955
12.624889,-46.523795,1.956955
12.624889,-46.465957,1.956955
12.624889,-46.408119,1.956955
12.624889,-46.350281,1.956955
12.624889,-46.292443,1.956955
12.624370,-46.234819,1.956955
12.618010,-46.179616,1.956955
12.610860,-46.124740,1.956955
12.603710,-46.069863,1.973708
12.596560,-46.014987,1.905376
12.589410,-45.960111,1.922130
12.579115,-45.906537,1.938883
12.565334,-45.854407,1.955636
12.557394,-45.799858,1.956955
12.550244,-45.744981,1.973708
12.543094,-45.690105,1.922130
12.535944,-45.635229,1.938883
12.523024,-45.582742,1.955636
12.511868,-45.529525,1.972389
12.504718,-45.474649,1.989142
12.496588,-45.420179,1.920811
12.482615,-45.368128,1.937564
12.468315,-45.316214,1.954317
12.452768,-45.264815,1.988351
12.437150,-45.213447,1.937564
12.422850,-45.161532,1.954317
12.408550,-45.109617,1.988351
12.392931,-45.058249,1.937564
12.377313,-45.006880,1.954317
12.356179,-44.957796,1.988351
12.335504,-44.908522,1.971862
12.314830,-44.859247,2.023176
12.293380,-44.810294,1.988351
12.266137,-44.763740,2.039402
12.239836,-44.716797,1.988351
12.214106,-44.669616,2.039666
12.188376,-44.622436,2.023176
12.160247,-44.576250,2.074491
12.134517,-44.529070,2.058002
12.103781,-44.483963,2.056155
12.073823,-44.438534,2.074491
12.043608,-44.393211,2.025023
12.012694,-44.348433,2.090980
11.979814,-44.308403,2.092827
11.944277,-44.269473,2.092827
11.906341,-44.231537,2.058002
11.868405,-44.193601,2.092827
11.829641,-44.156008,2.092827
11.786649,-44.120166,2.092827
11.743784,-44.084017,2.092827
11.702887,-44.043119,2.092827
11.659945,-44.007156,2.092827
11.616953,-43.971314,2.092827
11.573962,-43.935473,2.090980
11.530970,-43.899631,2.041512
11.487233,-43.865588,2.058002
11.442147,-43.834802,2.074491
11.397061,-43.804016,2.023176
11.354019,-43.768295,2.056155
11.308933,-43.737509,2.039666
11.263847,-43.706723,2.056155
11.216667,-43.680993,2.056155
11.170231,-43.653464,2.039666
11.123169,-43.627449,2.056155
11.075989,-43.601719,2.039402
11.028809,-43.575989,2.056155
10.982503,-43.548146,2.039402
10.933778,-43.526146,2.056155
10.886598,-43.500416,2.039402
10.838088,-43.477895,2.056155
10.790791,-43.452449,2.039402
10.742497,-43.429407,2.056155
10.693222,-43.408733,2.039402
10.644269,-43.387283,2.056155
10.596540,-43.362879,2.039402
10.548677,-43.338795,2.039402
10.500732,-43.314912,2.056155
10.453086,-43.290308,2.039402
10.404925,-43.266945,2.107470
10.357494,-43.241820,2.056155
10.309118,-43.218978,2.056155
10.261902,-43.193332,2.056155
10.213310,-43.171011,2.056155
10.166130,-43.145281,2.056155
10.117177,-43.123831,2.056155
10.067902,-43.103156,2.056155
10.018879,-43.081877,2.056155
9.969604,-43.061202,2.107470
9.920365,-43.040443,2.056155
9.871091,-43.019769,2.056155
9.821816,-42.999094,2.056155
9.772863,-42.977644,2.056155
9.725683,-42.951914,2.056155
9.676800,-42.930294,2.056155
9.627592,-42.909461,2.056155
9.578318,-42.888786,2.039402
9.529325,-42.867432,2.056155
9.480050,-42.846757,2.056155
9.431097,-42.825307,2.056155
9.381823,-42.804633,2.056155
9.332870,-42.783183,2.056155
9.283917,-42.761733,2.056155
9.234642,-42.741059,2.039402
9.185689,-42.719609,2.056155
9.136415,-42.698934,2.056155
9.087462,-42.677484,2.056155
9.038187,-42.656810,2.056155
8.989234,-42.635360,2.056155
8.940281,-42.613910,2.107470
8.891007,-42.593236,2.056155
8.842054,-42.571786,2.056155
8.792779,-42.551111,2.056155
8.743826,-42.529661,2.056155
8.694552,-42.508987,2.056155
8.645599,-42.487537,2.039402
8.596645,-42.466087,2.039402
8.547371,-42.445412,2.056155
8.498418,-42.423962,2.039402
8.449144,-42.403288,2.056155
8.400190,-42.381838,2.039402
8.349957,-42.363479,2.056155
8.299327,-42.346077,2.107470
8.250374,-42.324627,2.039402
8.201100,-42.303953,2.056155
8.152147,-42.282503,2.039402
8.102872,-42.261828,2.056155
8.053919,-42.240378,2.107470
8.004966,-42.218928,2.039402
7.955692,-42.198254,2.056155
7.906738,-42.176804,2.039402
7.857464,-42.156129,2.056155
7.808511,-42.134679,2.022649
7.758705,-42.115290,2.039402
7.707648,-42.098918,2.056155
7.658695,-42.077468,2.039402
7.609420,-42.056794,2.056155
7.560467,-42.035344,2.022649
7.510766,-42.015699,2.039402
7.459604,-41.999583,2.056155
7.410651,-41.978133,2.039402
7.361376,-41.957458,2.056155
7.312418,-41.936020,2.039402
7.262823,-41.916121,2.056155
7.211555,-41.900259,2.107470
7.162602,-41.878809,2.039402
7.113328,-41.858135,2.056155
7.064264,-41.836952,2.039402
7.014990,-41.816277,2.056155
6.965715,-41.795603,2.107470
6.916762,-41.774153,2.039402
6.867488,-41.753478,2.056155
6.818319,-41.732550,2.039402
6.769044,-41.711875,2.056155
6.719770,-41.691201,2.107470
6.670601,-41.670271,2.039402
6.619233,-41.654653,2.056155
6.569958,-41.633979,2.039402
6.520684,-41.613305,2.056155
6.471409,-41.592630,2.107470
6.422346,-41.571445,2.039402
6.370978,-41.555827,2.056155
6.321598,-41.535408,2.039402
6.272424,-41.514489,2.056155
6.223150,-41.493815,2.056155
6.174193,-41.472375,2.039402
6.122824,-41.456756,2.056155
6.073338,-41.436593,2.039402
6.024271,-41.415419,2.056155
5.974996,-41.394744,2.056155
5.926043,-41.373294,2.039402
5.874771,-41.357442,2.056155
5.825180,-41.337533,2.056155
5.776218,-41.316105,2.056155
5.726944,-41.295430,2.056155
5.677990,-41.273980,2.039402
5.626824,-41.257874,2.056155
5.577127,-41.238219,2.056155
5.528174,-41.216769,2.056155
5.478900,-41.196095,2.056155
5.429947,-41.174645,2.039402
5.378886,-41.158283,2.056155
5.329083,-41.138884,2.056155
5.280130,-41.117434,2.056155
5.230856,-41.096759,2.056155
5.181903,-41.075309,2.039402
5.130947,-41.058693,2.056155
5.081039,-41.039548,2.056155
5.032086,-41.018098,2.056155
4.982812,-40.997424,2.056155
4.933859,-40.975974,2.039402
4.883009,-40.959103,2.056155
4.832996,-40.940213,2.056155
4.784042,-40.918763,2.056155
4.734768,-40.898088,2.056155
4.685815,-40.876638,2.039402
4.635071,-40.859512,2.056155
4.584952,-40.840877,2.056155
4.535999,-40.819427,2.056155
4.486724,-40.798753,2.056155
4.437771,-40.777303,2.039402
4.387133,-40.759922,2.056155
4.336908,-40.741542,2.056155
4.287955,-40.720092,2.056155
4.238680,-40.699418,2.056155
4.189727,-40.677968,2.039402
4.139194,-40.660332,2.056155
4.088864,-40.642206,2.056155
4.039911,-40.620756,2.056155
3.990636,-40.600082,2.056155
3.941683,-40.578632,2.022649
3.891256,-40.560741,2.039402
3.840820,-40.542871,2.056155
3.791867,-40.521421,2.039402
3.742593,-40.500747,2.056155
3.693639,-40.479297,2.022649
3.643318,-40.461151,2.039402
3.592776,-40.443535,2.056155
3.543823,-40.422085,2.039402
3.494549,-40.401411,2.056155
3.445596,-40.379961,2.022649
3.395379,-40.361561,2.039402
3.344732,-40.344200,2.056155
3.295779,-40.322750,2.039402
3.245453,-40.304616,2.056155
3.194916,-40.286989,2.056155
3.144805,-40.268334,2.039402
3.094053,-40.251228,2.056155
3.045100,-40.229778,2.039402
2.994879,-40.211389,2.056155
2.944236,-40.194017,2.056155
2.895283,-40.172567,2.039402
2.846009,-40.151892,2.056155
2.797056,-40.130442,2.039402
2.747781,-40.109768,2.056155
2.698828,-40.088318,2.107470
2.649875,-40.066868,2.039402
2.600601,-40.046194,2.056155
2.551648,-40.024744,2.039402
2.501638,-40.005845,2.056155
2.450784,-39.988983,2.107470
2.400990,-39.969563,2.039402
2.349921,-39.953221,2.056155
2.300968,-39.931771,2.039402
2.251064,-39.912618,2.056155
2.200105,-39.896010,2.107470
2.151152,-39.874560,2.039402
2.101877,-39.853886,2.056155
2.052924,-39.832436,2.039402
2.003125,-39.813027,2.056155
1.952061,-39.796675,2.107470
1.903108,-39.775225,2.039402
1.853833,-39.754550,2.056155
1.804880,-39.733100,2.039402
1.755187,-39.713437,2.056155
1.704017,-39.697339,2.107470
1.655064,-39.675889,2.039402
1.605790,-39.655215,2.056155
1.556824,-39.633796,2.039402
1.507236,-39.613877,2.056155
1.455960,-39.598035,2.107470
1.407007,-39.576585,2.039402
1.357733,-39.555910,2.056155
1.308662,-39.534746,2.056155
1.259180,-39.514573,2.056155
1.207811,-39.498954,2.107470
1.158850,-39.477524,2.039402
1.109575,-39.456849,2.056155
1.060398,-39.435940,2.056155
1.011022,-39.415512,2.056155
0.959653,-39.399893,2.107470
0.910587,-39.378717,2.039402
0.861312,-39.358043,2.056155
0.812038,-39.337369,2.056155
0.762767,-39.316686,2.056155
0.711398,-39.301067,2.107470
0.662226,-39.280146,2.039402
0.612952,-39.259472,2.056155
0.563677,-39.238798,2.056155
0.514512,-39.217860,2.056155
0.463143,-39.202241,2.107470
0.413866,-39.181575,2.039402
0.364591,-39.160901,2.056155
0.315317,-39.140227,2.056155
0.266257,-39.119034,2.039402
0.214888,-39.103416,2.056155
0.165505,-39.083005,2.039402
0.116335,-39.062078,2.056155
0.067061,-39.041403,2.056155
0.018107,-39.019956,2.039402
-0.033262,-39.004338,2.056155
-0.082751,-38.984181,2.056155
-0.131815,-38.963000,2.056155
-0.181090,-38.942325,2.056155
-0.230043,-38.920875,2.039402
-0.281312,-38.905016,2.056155
-0.330906,-38.885114,2.056155
-0.379865,-38.863678,2.056155
-0.429139,-38.843004,2.056155
-0.478092,-38.821554,2.039402
-0.529256,-38.805439,2.056155
-0.578956,-38.785793,2.056155
-0.627909,-38.764343,2.056155
-0.677183,-38.743668,2.056155
-0.726136,-38.722218,2.039402
-0.777194,-38.705849,2.056155
-0.827000,-38.686457,2.056155
-0.875953,-38.665007,2.056155
-0.925227,-38.644333,2.056155
-0.974180,-38.622883,2.039402
-1.025132,-38.606258,2.056155
-1.075043,-38.587122,2.056155
-1.123997,-38.565672,2.056155
-1.175059,-38.549313,2.056155
-1.224860,-38.529911,2.039402
-1.275706,-38.513031,2.056155
-1.325723,-38.494149,2.056155
-1.374676,-38.472699,2.056155
-1.425633,-38.456086,2.107470
-1.475539,-38.436938,2.056155
-1.524493,-38.415488,2.056155
-1.573767,-38.394814,2.056155
-1.622720,-38.373364,2.056155
-1.673571,-38.356496,2.107470
-1.723583,-38.337603,2.056155
-1.772536,-38.316153,2.056155
-1.821811,-38.295478,2.056155
-1.870764,-38.274028,2.056155
-1.921509,-38.256906,2.107470
-1.971627,-38.238267,2.056155
-2.020580,-38.216817,2.056155
-2.069855,-38.196143,2.056155
-2.118808,-38.174693,2.056155
-2.169448,-38.157315,2.107470
-2.219671,-38.138932,2.056155
-2.268624,-38.117482,2.056155
-2.317899,-38.096808,2.056155
-2.366852,-38.075358,2.056155
-2.417386,-38.057725,2.107470
-2.467715,-38.039596,2.056155
-2.516668,-38.018146,2.056155
-2.565942,-37.997472,2.056155
-2.614895,-37.976022,2.039402
-2.665324,-37.958135,2.056155
-2.715759,-37.940261,2.056155
-2.764712,-37.918811,2.039402
-2.813986,-37.898137,2.056155
-2.862939,-37.876687,2.039402
-2.913263,-37.858544,2.056155
-2.963803,-37.840925,2.107470
-3.012756,-37.819475,2.039402
-3.062030,-37.798801,2.056155
-3.110983,-37.777351,2.039402
-3.161201,-37.758954,2.056155
-3.211846,-37.741590,2.107470
-3.260800,-37.720140,2.039402
-3.310074,-37.699466,2.056155
-3.359027,-37.678016,2.039402
-3.408301,-37.657341,2.056155
-3.457255,-37.635891,2.107470
-3.506208,-37.614441,2.039402
-3.555482,-37.593767,2.056155
-3.604435,-37.572317,2.039402
-3.653710,-37.551642,2.056155
-3.702663,-37.530192,2.022649
-3.752454,-37.510765,2.039402
-3.803526,-37.494431,2.056155
-3.852479,-37.472981,2.022649
-3.902380,-37.453820,2.039402
-3.953342,-37.437220,2.056155
-4.003028,-37.417538,2.039402
-4.054206,-37.401459,2.056155
-4.103159,-37.380009,2.022649
-4.152954,-37.360593,2.039402
-4.204022,-37.344248,2.056155
-4.252975,-37.322798,2.039402
-4.302249,-37.302124,2.056155
-4.351203,-37.280674,2.039402
-4.400892,-37.261002,2.056155
-4.452066,-37.244913,2.107470
-4.501019,-37.223463,2.039402
-4.550293,-37.202788,2.056155
-4.599262,-37.181377,2.039402
-4.648847,-37.161451,2.056155
-4.700126,-37.145616,2.107470
-4.749079,-37.124166,2.039402
-4.798353,-37.103491,2.056155
-4.847428,-37.082335,2.056155
-4.896906,-37.062154,2.056155
-4.948275,-37.046535,2.107470
-4.997240,-37.025112,2.039402
-5.046514,-37.004438,2.056155
-5.095694,-36.983536,2.056155
-5.144968,-36.962862,2.056155
-5.194243,-36.942187,2.107470
-5.243196,-36.920737,2.039402
-5.292470,-36.900063,2.056155
-5.341745,-36.879389,2.039402
-5.391012,-36.858698,2.056155
-5.440287,-36.838024,2.107470
-5.489339,-36.816812,2.039402
-5.540707,-36.801194,2.056155
-5.590099,-36.780801,2.039402
-5.639261,-36.759856,2.056155
-5.688535,-36.739181,2.056155
-5.737488,-36.717731,2.039402
-5.788855,-36.702108,2.056155
-5.838351,-36.681970,2.056155
-5.887408,-36.660770,2.056155
-5.936682,-36.640096,2.056155
-5.985635,-36.618646,2.039402
-6.036896,-36.602767,2.056155
-6.086499,-36.582885,2.056155
-6.135452,-36.561435,2.056155
-6.184726,-36.540760,2.056155
-6.233679,-36.519310,2.039402
-6.284835,-36.503177,2.056155
-6.334543,-36.483549,2.056155
-6.383496,-36.462099,2.056155
-6.432770,-36.441425,2.056155
-6.481723,-36.419975,2.039402
-6.532773,-36.403586,2.056155
-6.582586,-36.384214,2.056155
-6.631539,-36.362764,2.056155
-6.680814,-36.342089,2.056155
-6.729767,-36.320639,2.039402
-6.780711,-36.303996,2.056155
-6.830630,-36.284878,2.056155
-6.879583,-36.263428,2.056155
-6.928858,-36.242754,2.056155
-6.977811,-36.221304,2.039402
-7.028649,-36.204406,2.056155
-7.078674,-36.185543,2.056155
-7.127627,-36.164093,2.056155
-7.176902,-36.143418,2.056155
-7.225855,-36.121968,2.056155
-7.276588,-36.104815,2.107470
-7.326718,-36.086207,2.056155
-7.375671,-36.064757,2.056155
-7.424945,-36.044083,2.056155
-7.473899,-36.022633,2.056155
-7.523173,-36.001958,2.107470
-7.572126,-35.980508,2.039402
-7.621079,-35.959058,2.056155
-7.670354,-35.938384,2.056155
-7.719307,-35.916934,2.039402
-7.769829,-35.899272,2.056155
-7.820170,-35.881173,2.107470
-7.870476,-35.862990,2.039402
-7.921033,-35.845412,2.056155
-7.969986,-35.823962,2.039402
-8.019261,-35.803287,2.056155
-8.068214,-35.781837,2.107470
-8.117167,-35.760387,2.039402
-8.166441,-35.739713,2.056155
-8.215394,-35.718263,2.039402
-8.264669,-35.697589,2.056155
-8.313622,-35.676139,2.022649
-8.363717,-35.657446,2.039402
-8.414485,-35.640378,2.056155
-8.463438,-35.618928,2.039402
-8.512713,-35.598253,2.056155
-8.561666,-35.576803,2.022649
-8.611655,-35.557855,2.039402
-8.662529,-35.541042,2.056155
-8.711482,-35.519592,2.039402
-8.760757,-35.498918,2.056155
-8.809710,-35.477468,2.022649
-8.859594,-35.458265,2.039402
-8.910573,-35.441707,2.056155
-8.959526,-35.420257,2.039402
-9.008800,-35.399582,2.056155
-9.057754,-35.378132,2.022649
-9.107532,-35.358675,2.039402
-9.158617,-35.342371,2.056155
-9.207570,-35.320921,2.039402
-9.256844,-35.300247,2.056155
-9.305797,-35.278797,2.022649
-9.355470,-35.259085,2.039402
-9.406661,-35.243036,2.056155
-9.455614,-35.221586,2.039402
-9.504888,-35.200911,2.056155
-9.553874,-35.179541,2.039402
-9.603442,-35.159574,2.056155
-9.654737,-35.143780,2.107470
-9.703691,-35.122330,2.039402
-9.752965,-35.101655,2.056155
-9.802057,-35.080540,2.056155
-9.851331,-35.059865,2.056155
-9.900605,-35.039191,2.107470
-9.949558,-35.017741,2.039402
-9.998833,-34.997067,2.056155
-10.048030,-34.976206,2.039402
-10.097304,-34.955531,2.056155
-10.146579,-34.934857,2.107470
-10.195719,-34.913859,2.039402
-10.247088,-34.898241,2.056155
-10.296391,-34.877635,2.039402
-10.345641,-34.856903,2.056155
-10.394916,-34.836229,2.107470
-10.443950,-34.814976,2.039402
-10.495319,-34.799358,2.056155
-10.544727,-34.779006,2.039402
-10.593872,-34.758020,2.056155
-10.643147,-34.737346,2.056155
-10.692100,-34.715896,2.039402
-10.743449,-34.700231,2.056155
-10.792963,-34.680134,2.056155
-10.842003,-34.658893,2.056155
-10.891277,-34.638219,2.056155
-10.940230,-34.616769,2.039402
-10.991474,-34.600849,2.056155
-11.041093,-34.581008,2.056155
-11.090047,-34.559558,2.056155
-11.139321,-34.538883,2.056155
-11.188274,-34.517433,2.039402
-11.239412,-34.501259,2.056155
-11.289137,-34.481672,2.056155
-11.338090,-34.460222,2.056155
-11.387365,-34.439548,2.056155
-11.436318,-34.418098,2.039402
-11.487351,-34.401668,2.056155
-11.537181,-34.382337,2.056155
-11.586134,-34.360887,2.056155
-11.635409,-34.340212,2.056155
-11.684362,-34.318762,2.039402
-11.735289,-34.302078,2.056155
-11.785225,-34.283001,2.056155
-11.834178,-34.261551,2.056155
-11.883453,-34.240877,2.056155
-11.932406,-34.219427,2.056155
-11.983227,-34.202488,2.107470
-12.033269,-34.183666,2.056155
-12.082222,-34.162216,2.056155
-12.131496,-34.141541,2.056155
-12.180450,-34.120091,2.056155
-12.231166,-34.102898,2.107470
-12.281313,-34.084330,2.056155
-12.330266,-34.062880,2.056155
-12.379540,-34.042206,2.056155
-12.428493,-34.020756,2.056155
-12.477768,-34.000082,2.107470
-12.526721,-33.978632,2.039402
-12.575674,-33.957182,2.056155
-12.624948,-33.936507,2.056155
-12.673902,-33.915057,2.039402
-12.723176,-33.894383,2.056155
-12.772129,-33.872933,2.022649
-12.822418,-33.854708,2.039402
-12.872992,-33.837172,2.056155
-12.921945,-33.815722,2.039402
-12.971220,-33.795047,2.056155
-13.020173,-33.773597,2.022649
-13.070357,-33.755118,2.039402
-13.121036,-33.737836,2.056155
-13.169989,-33.716386,2.039402
-13.219264,-33.695712,2.056155
-13.268217,-33.674262,2.022649
-13.318295,-33.655528,2.039402
-13.369080,-33.638501,2.056155
-13.418033,-33.617051,2.039402
-13.467308,-33.596376,2.056155
-13.516261,-33.574926,2.022649
-13.566233,-33.555938,2.039402
-13.617124,-33.539165,2.056155
-13.666077,-33.517715,2.039402
-13.715351,-33.497041,2.056155
-13.764304,-33.475591,2.022649
-13.814172,-33.456347,2.039402
-13.865168,-33.439830,2.056155
-13.914121,-33.418380,2.039402
-13.963395,-33.397705,2.056155
-14.012348,-33.376255,2.039402
-14.062110,-33.356757,2.056155
-14.113212,-33.340494,2.107470
-14.162165,-33.319044,2.039402
-14.211439,-33.298370,2.056155
-14.260392,-33.276920,2.039402
-14.310048,-33.257167,2.056155
-14.361255,-33.241159,2.107470
-14.410209,-33.219709,2.039402
-14.459483,-33.199034,2.056155
-14.508486,-33.177705,2.039402
-14.557760,-33.157031,2.056155
-14.606979,-33.136222,2.107470
-14.655932,-33.114772,2.039402
-14.705207,-33.094097,2.056155
-14.754315,-33.073023,2.039402
-14.803590,-33.052348,2.056155
-14.852864,-33.031674,2.107470
-14.902093,-33.010890,2.039402
-14.953462,-32.995272,2.056155
-15.002676,-32.974452,2.039402
-15.051950,-32.953777,2.056155
-15.101225,-32.933103,2.056155
-15.150348,-32.912064,2.039402
-15.201717,-32.896446,2.056155
-15.251036,-32.875881,2.039402
-15.300270,-32.855108,2.056155
-15.349544,-32.834434,2.056155
-15.398562,-32.813140,2.039402
-15.449931,-32.797522,2.056155
-15.499356,-32.777212,2.039402
-15.548484,-32.756184,2.056155
-15.597759,-32.735510,2.056155
-15.646712,-32.714060,2.039402
-15.698044,-32.698354,2.056155
-15.747575,-32.678299,2.056155
-15.796598,-32.657016,2.056155
-15.845872,-32.636342,2.056155
-15.894825,-32.614892,2.039402
-15.946052,-32.598931,2.056155
-15.995688,-32.579131,2.056155
-16.044641,-32.557681,2.056155
-16.093916,-32.537006,2.056155
-16.142869,-32.515556,2.039402
-16.193990,-32.499341,2.056155
-16.243732,-32.479795,2.056155
-16.292685,-32.458345,2.056155
-16.341960,-32.437671,2.056155
-16.390913,-32.416221,2.056155
-16.441929,-32.399751,2.107470
-16.491776,-32.380460,2.056155
-16.540729,-32.359010,2.056155
-16.590004,-32.338335,2.056155
-16.638957,-32.316885,2.056155
-16.689867,-32.300160,2.107470
-16.739820,-32.281124,2.056155
-16.788773,-32.259674,2.056155
-16.838047,-32.239000,2.056155
-16.887001,-32.217550,2.056155
-16.937805,-32.200570,2.107470
-16.987864,-32.181789,2.056155
-17.036817,-32.160339,2.056155
-17.086091,-32.139664,2.056155
-17.135044,-32.118214,2.056155
-17.185743,-32.100980,2.107470
-17.235908,-32.082453,2.056155
-17.284861,-32.061003,2.056155
-17.334135,-32.040329,2.056155
-17.383088,-32.018879,2.056155
-17.432363,-31.998205,2.107470
-17.481316,-31.976755,2.039402
-17.530269,-31.955305,2.056155
-17.579543,-31.934630,2.056155
-17.628496,-31.913180,2.039402
-17.678984,-31.895436,2.056155
-17.729360,-31.877419,2.107470
-17.779632,-31.859154,2.039402
-17.830223,-31.841658,2.056155
-17.879176,-31.820208,2.039402
-17.929558,-31.802209,2.056155
-17.980039,-31.784447,2.107470
-18.028992,-31.762997,2.039402
-18.078267,-31.742323,2.056155
-18.127220,-31.720873,2.039402
-18.177497,-31.702618,2.056155
-18.228083,-31.685111,2.107470
-18.277036,-31.663661,2.039402
-18.326311,-31.642987,2.056155
-18.375264,-31.621537,2.039402
-18.425435,-31.603028,2.056155
-18.476127,-31.585776,2.107470
-18.525080,-31.564326,2.039402
-18.574354,-31.543652,2.056155
-18.623308,-31.522202,2.039402
-18.673373,-31.503438,2.056155
-18.724171,-31.486441,2.107470
-18.773124,-31.464991,2.039402
-18.822398,-31.444316,2.056155
-18.871351,-31.422866,2.039402
-18.921312,-31.403847,2.056155
-18.972215,-31.387105,2.107470
-19.021168,-31.365655,2.039402
-19.070442,-31.344981,2.056155
-19.119395,-31.323531,2.039402
-19.169250,-31.304257,2.056155
-19.220259,-31.287770,2.107470
-19.269212,-31.266320,2.039402
-19.318486,-31.245645,2.056155
-19.367439,-31.224195,2.039402
-19.417188,-31.204667,2.056155
-19.468302,-31.188434,2.107470
-19.517256,-31.166984,2.039402
-19.566530,-31.146310,2.056155
-19.615483,-31.124860,2.039402
-19.665127,-31.105076,2.056155
-19.716346,-31.089099,2.107470
-19.765299,-31.067649,2.039402
-19.815053,-31.048131,2.056155
-19.866163,-31.031888,2.056155
-19.915701,-31.011849,2.039402
-19.967026,-30.996126,2.056155
-20.015979,-30.974676,2.039402
-20.065627,-30.954904,2.056155
-20.116842,-30.938915,2.056155
-20.165795,-30.917465,2.039402
-20.215070,-30.896791,2.056155
-20.264081,-30.875480,2.039402
-20.313623,-30.855453,2.056155
-20.364944,-30.839719,2.107470
-20.413897,-30.818269,2.039402
-20.463550,-30.798508,2.056155
-20.514760,-30.782508,2.056155
-20.564197,-30.762226,2.056155
-20.615566,-30.746608,2.107470
-20.664572,-30.725286,2.039402
-20.714119,-30.705270,2.056155
-20.765435,-30.689525,2.056155
-20.814331,-30.667937,2.039402
-20.861512,-30.642207,2.056155
-20.910465,-30.620757,2.039402
-20.959906,-30.600486,2.056155
-21.011275,-30.584868,2.107470
-21.060277,-30.563535,2.039402
-21.109551,-30.542860,2.056155
-21.158825,-30.522186,2.039402
-21.210194,-30.506567,2.056155
-21.259627,-30.486276,2.107470
-21.308580,-30.464826,2.039402
-21.357854,-30.444152,2.056155
-21.407129,-30.423477,2.039402
-21.456359,-30.402697,2.056155
-21.505634,-30.382023,2.107470
-21.554648,-30.360721,2.039402
-21.606017,-30.345103,2.056155
-21.655445,-30.324800,2.039402
-21.704570,-30.303765,2.056155
-21.753845,-30.283091,2.056155
-21.802798,-30.261641,2.056155
-21.852072,-30.240966,2.056155
-21.901025,-30.219516,2.039402
-21.948205,-30.193786,2.056155
-21.996683,-30.171189,2.039402
-22.044013,-30.145819,2.056155
-22.092275,-30.122701,2.039402
-22.139820,-30.097852,2.056155
-22.187867,-30.074213,2.039402
-22.235628,-30.049885,2.056155
-22.283458,-30.025725,2.056155
-22.331435,-30.001919,2.039402
-22.379050,-29.977238,2.056155
-22.427243,-29.953952,2.039402
-22.474642,-29.928750,2.056155
-22.523050,-29.905985,2.039402
-22.570230,-29.880255,2.056155
-22.616760,-29.852954,2.039666
-22.663728,-29.826711,2.056155
-22.710473,-29.799931,2.056155
-22.757225,-29.773168,2.039402
-22.804187,-29.746909,2.056155
-22.849273,-29.716123,2.039666
-22.895267,-29.687531,2.056155
-22.942448,-29.661800,2.056155
-22.988439,-29.633200,2.039666
-23.035619,-29.607470,2.039666
-23.081133,-29.577718,2.056155
-23.126219,-29.546932,2.074491
-23.173400,-29.521202,2.056155
-23.219671,-29.493277,2.056155
-23.264757,-29.462491,2.074491
-23.309150,-29.430032,2.023176
-23.352142,-29.394190,2.039666
-23.395134,-29.358349,2.056155
-23.438126,-29.322507,2.090980
-23.479023,-29.281609,2.090980
-23.521773,-29.245183,2.092827
-23.564765,-29.209341,2.092827
-23.603806,-29.171863,2.092827
-23.641742,-29.133927,2.041512
-23.681099,-29.099421,2.092827
-23.721129,-29.066541,2.092827
-23.758250,-29.032456,2.074491
-23.791372,-28.993010,2.090980
-23.824252,-28.952979,2.092827
-23.861083,-28.914586,2.092827
-23.899019,-28.876650,2.074491
-23.935534,-28.835284,2.092827
-23.971376,-28.792292,2.092827
-24.010127,-28.750505,2.092827
-24.049331,-28.708906,2.090980
-24.085173,-28.665914,2.025023
-24.121015,-28.622922,2.041512
-24.156857,-28.579930,2.058002
-24.192698,-28.536938,2.041512
-24.224140,-28.492124,2.074491
-24.254926,-28.447038,2.090980
-24.287406,-28.402653,2.056155
-24.320675,-28.358596,2.056155
-24.351461,-28.313510,2.074491
-24.382247,-28.268424,2.023176
-24.412289,-28.223030,2.039666
-24.442420,-28.177672,2.039402
-24.473206,-28.132586,2.056155
-24.503992,-28.087500,2.039666
-24.532592,-28.041509,2.039666
-24.563378,-27.996423,2.056155
-24.589926,-27.949582,2.039402
-24.616401,-27.902710,2.056155
-24.647187,-27.857624,2.039402
-24.675563,-27.811540,2.056155
-24.698097,-27.763036,2.039666
-24.723530,-27.715732,2.039666
-24.746585,-27.667444,2.056155
-24.771497,-27.619925,2.039402
-24.795073,-27.571852,2.056155
-24.815747,-27.522578,2.039402
-24.837197,-27.473625,2.039402
-24.858647,-27.424672,2.056155
-24.879322,-27.375397,2.039402
-24.900772,-27.326444,2.056155
-24.921446,-27.277170,2.039402
-24.942896,-27.228217,2.056155
-24.963570,-27.178942,2.039402
-24.985020,-27.129989,2.022649
-25.008115,-27.081717,2.056155
-25.033508,-27.034397,2.039402
-25.056082,-26.985910,2.056155
-25.081812,-26.938730,2.039402
-25.103865,-26.890026,2.056155
-25.129596,-26.842846,2.056155
-25.151046,-26.793893,2.056155
-25.171720,-26.744619,2.056155
-25.192732,-26.695484,2.056155
-25.213058,-26.646065,2.107470
-25.228676,-26.594697,2.056155
-25.249351,-26.545422,2.056155
-25.264355,-26.493799,2.056155
-25.280056,-26.442465,2.039402
-25.300637,-26.393152,2.107470
-25.315375,-26.341419,2.056155
-25.329675,-26.289504,2.039402
-25.345294,-26.238135,2.107470
-25.359766,-26.186292,2.056155
-25.375999,-26.135178,2.039402
-25.396048,-26.085644,2.107470
-25.410348,-26.033730,2.056155
-25.426847,-25.982726,2.039402
-25.448297,-25.933773,2.107470
-25.467293,-25.883803,2.090981
-25.481593,-25.831888,2.056155
-25.497212,-25.780520,2.107470
-25.511512,-25.728605,2.107734
-25.525812,-25.676690,2.090981
-25.537913,-25.623865,2.056155
-25.545063,-25.568988,2.107734
-25.552248,-25.514127,2.090981
-25.565275,-25.461685,2.056155
-25.576324,-25.408423,2.039402
-25.583775,-25.353672,2.022649
-25.597068,-25.301340,2.090981
-25.611368,-25.249425,2.074227
-25.625668,-25.197510,2.057474
-25.639933,-25.145581,2.124487
-25.648356,-25.091232,2.109053
-25.655506,-25.036355,2.092300
-25.662355,-24.981354,2.075546
-25.663361,-24.923933,2.058793
-25.668648,-24.868285,2.040721
-25.675798,-24.813409,2.023968
-25.682948,-24.758533,2.007215
-25.690098,-24.703656,2.075546
-25.697248,-24.648780,2.058793
-25.704398,-24.593904,2.042040
-25.711548,-24.539027,2.042040
-25.713411,-24.481961,2.042040
-25.713411,-24.424123,2.040721
-25.718629,-24.368446,2.007215
-25.725779,-24.313570,1.990461
-25.732929,-24.258693,1.973708
-25.740079,-24.203817,2.042040
-25.747229,-24.148941,2.042040
-25.754379,-24.094064,2.042040
-25.761529,-24.039188,2.042040
-25.763461,-23.982150,2.042040
-25.763461,-23.924312,2.042040
-25.763461,-23.866474,2.042040
-25.763461,-23.808636,2.042040
-25.765127,-23.751488,2.042040
-25.772277,-23.696612,2.042040
-25.778282,-23.642210,2.042040
-25.778445,-23.590227,2.042040
-25.778445,-23.538313,2.042040
-25.778445,-23.486398,2.042040
-25.778445,-23.434483,2.042040
-25.776780,-23.381879,2.042040
-25.769630,-23.327002,2.042040
-25.763624,-23.271652,2.042040
-25.763461,-23.213881,2.042040
-25.763461,-23.156043,2.042040
-25.763461,-23.098205,2.042040
-25.763461,-23.040367,2.042040
-25.763461,-22.982529,2.042040
-25.763461,-22.924691,2.042040
-25.763461,-22.866853,2.058793
-25.757666,-22.811416,2.075546
-25.750516,-22.756539,2.092300
-25.743366,-22.701663,2.109053
-25.736216,-22.646787,2.040721
-25.729066,-22.591910,2.042040
-25.721916,-22.537034,2.042040
-25.714766,-22.482157,2.042040
-25.713411,-22.424881,2.042040
-25.713411,-22.367043,2.058793
-25.713411,-22.309205,2.075546
-25.711955,-22.251970,2.092300
-25.704805,-22.197094,2.109053
-25.697655,-22.142217,2.125806
-25.690505,-22.087341,2.125806
-25.683355,-22.032464,2.042040
-25.676205,-21.977588,2.058793
-25.664972,-21.924403,2.075546
-25.652129,-21.871885,2.092300
-25.644979,-21.817008,2.109053
-25.637829,-21.762132,2.042040
-25.630679,-21.707256,2.058793
-25.623529,-21.652379,2.075546
-25.616379,-21.597503,2.092300
-25.610872,-21.541946,2.109053
-25.603722,-21.487070,2.125806
-25.596572,-21.432193,2.124487
-25.589422,-21.377317,2.107734
-25.582272,-21.322440,2.090980
-25.575122,-21.267564,2.107734
-25.562906,-21.214786,2.124487
-25.551046,-21.161861,2.107734
-25.543896,-21.106984,2.090980
-25.536470,-21.052222,2.107734
-25.523202,-20.999880,2.124487
-25.508902,-20.947965,2.124487
-25.494602,-20.896051,2.107734
-25.484039,-20.842588,2.090980
-25.469739,-20.790673,2.107734
-25.455439,-20.738758,2.124487
-25.441415,-20.686729,2.107734
-25.430852,-20.633267,2.074227
-25.416552,-20.581352,2.090980
-25.402252,-20.529437,2.107734
-25.389280,-20.476972,2.124487
-25.382130,-20.422096,2.056155
-25.370760,-20.368968,2.090980
-25.356460,-20.317053,2.107734
-25.344541,-20.264152,2.107734
-25.337391,-20.209276,2.074227
-25.330024,-20.154489,2.090980
-25.316814,-20.102123,2.107734
-25.302514,-20.050208,2.107734
-25.292435,-19.996545,2.090980
-25.284015,-19.942195,2.090980
-25.269753,-19.890264,2.107734
-25.255453,-19.838350,2.107734
-25.241370,-19.786345,2.090980
-25.233129,-19.731920,2.090980
-25.222870,-19.678332,2.107734
-25.208570,-19.626417,2.124487
-25.195540,-19.573976,2.107734
-25.188352,-19.519116,2.090980
-25.177041,-19.465963,2.107734
-25.162741,-19.414048,2.107734
-25.148441,-19.362134,2.090980
-25.137250,-19.308931,2.090980
-25.124885,-19.256214,2.107734
-25.110585,-19.204300,2.107470
-25.096285,-19.152385,2.056155
-25.085723,-19.098922,2.090980
-25.072306,-19.046642,2.107734
-25.058006,-18.994727,2.090980
-25.043015,-18.943098,2.056155
-25.027397,-18.891730,2.107470
-25.013097,-18.839815,2.107734
-24.997840,-18.788296,2.090980
-24.977166,-18.739022,2.090980
-24.961983,-18.687473,2.107734
-24.946461,-18.636064,2.107470
-24.925786,-18.586790,2.056155
-24.910168,-18.535421,2.090980
-24.889324,-18.486217,2.107470
-24.868830,-18.436868,2.039402
-24.854179,-18.385099,2.056155
-24.838125,-18.333911,2.107470
-24.817897,-18.284451,2.039402
-24.803512,-18.232572,2.056155
-24.789913,-18.180367,2.107470
-24.779350,-18.126904,2.039402
-24.765050,-18.074989,2.056155
-24.750750,-18.023074,2.107470
-24.735132,-17.971706,2.039402
-24.720832,-17.919791,2.056155
-24.703980,-17.868933,2.056155
-24.682530,-17.819980,2.039402
-24.661856,-17.770706,2.056155
-24.640406,-17.721753,2.056155
-24.618956,-17.672800,2.056155
-24.598281,-17.623525,2.056155
-24.575842,-17.574982,2.039402
-24.550111,-17.527802,2.056155
-24.528193,-17.479043,2.039402
-24.502462,-17.431863,2.056155
-24.481012,-17.382910,2.039402
-24.458828,-17.334261,2.056155
-24.433097,-17.287081,2.039402
-24.412423,-17.237806,2.056155
-24.391749,-17.188532,2.056155
-24.370768,-17.139385,2.039402
-24.350093,-17.090110,2.056155
-24.328643,-17.041157,2.039402
-24.302913,-16.993977,2.056155
-24.280890,-16.945261,2.039402
-24.259654,-16.896219,2.056155
-24.238980,-16.846945,2.039402
-24.217530,-16.797992,2.056155
-24.196855,-16.748717,2.039402
-24.175405,-16.699764,2.056155
-24.154731,-16.650490,2.039402
-24.133281,-16.601537,2.056155
-24.108112,-16.554124,2.039402
-24.084793,-16.505945,2.056155
-24.060146,-16.458316,2.039402
-24.036306,-16.410353,2.056155
-24.012179,-16.362509,2.056155
-23.987818,-16.314762,2.039402
-23.964212,-16.266702,2.056155
-23.938482,-16.219521,2.039402
-23.910340,-16.173340,2.056155
-23.884938,-16.126024,2.039402
-23.862373,-16.077532,2.056155
-23.836643,-16.030352,2.039402
-23.809543,-15.983739,2.056155
-23.783100,-15.936855,2.039402
-23.757370,-15.889674,2.056155
-23.735461,-15.840911,2.039402
-23.714011,-15.791958,2.056155
-23.688281,-15.744778,2.023176
-23.662550,-15.697598,2.039666
-23.639600,-15.649266,1.988351
-23.614584,-15.601790,2.039402
-23.591112,-15.553674,1.988351
-23.566617,-15.505983,2.039402
-23.536278,-15.460712,2.039402
-23.505923,-15.415447,2.056155
-23.480193,-15.368267,2.039402
-23.451683,-15.322238,2.056155
-23.425953,-15.275058,2.039666
-23.397963,-15.228813,2.056155
-23.372233,-15.181633,2.056155
-23.346503,-15.134453,2.039666
-23.320342,-15.087451,2.056155
-23.292959,-15.040956,2.039402
-23.271419,-14.992040,2.056155
-23.245689,-14.944859,2.039402
-23.219959,-14.897679,2.056155
-23.191535,-14.851615,2.023176
-23.165805,-14.804435,2.039666
-23.141916,-14.756492,1.988351
-23.117838,-14.708627,2.039402
-23.087918,-14.663183,2.039402
-23.057145,-14.618091,2.056155
-23.031414,-14.570911,2.039402
-23.003322,-14.524709,2.056155
-22.977592,-14.477529,2.039666
-22.950020,-14.431112,2.039666
-22.924048,-14.384032,2.056155
-22.898318,-14.336851,2.039402
-22.872575,-14.289677,2.056155
-22.844775,-14.243354,2.039402
-22.819045,-14.196174,2.056155
-22.788259,-14.151088,2.023176
-22.758630,-14.105522,2.039666
-22.728086,-14.060336,2.039402
-22.697936,-14.014986,2.056155
-22.672206,-13.967806,2.039666
-22.643490,-13.921863,2.056155
-22.612704,-13.876777,2.056155
-22.586569,-13.829764,2.039666
-22.559682,-13.783063,2.056155
-22.528896,-13.737977,2.056155
-22.500296,-13.691986,2.039666
-22.469510,-13.646900,2.056155
-22.438724,-13.601814,2.039402
-22.408932,-13.556316,2.056155
-22.378551,-13.511062,2.023176
-22.347765,-13.465976,2.056155
-22.316979,-13.420890,2.039666
-22.288379,-13.374899,2.056155
-22.257593,-13.329813,2.056155
-22.231295,-13.282868,2.039666
-22.204570,-13.236099,2.056155
-22.173784,-13.191013,2.056155
-22.145658,-13.144826,2.039666
-22.119928,-13.097645,2.056155
-22.089189,-13.052540,2.023176
-22.058403,-13.007454,2.039666
-22.023129,-12.964227,2.056155
-21.987287,-12.921235,2.056155
-21.955504,-12.876562,2.090980
-21.922058,-12.832578,2.056155
-21.886217,-12.789586,2.056155
-21.850375,-12.746594,2.074491
-21.815456,-12.703220,2.074491
-21.784670,-12.658134,2.074491
-21.753884,-12.613048,2.056155
-21.719039,-12.569643,2.039666
-21.683197,-12.526651,2.023176
-21.650986,-12.482156,2.074491
-21.620200,-12.437070,2.058002
-21.588490,-12.392366,2.074491
-21.554450,-12.348628,2.090980
-21.523664,-12.303542,2.090980
-21.492878,-12.258456,2.090980
-21.462092,-12.213370,2.074491
-21.427676,-12.169788,2.058002
-21.391834,-12.126796,2.074491
-21.355992,-12.083804,2.090980
-21.320242,-12.040774,2.090980
-21.284401,-11.997782,2.025023
-21.248559,-11.954790,2.041512
-21.212717,-11.911799,2.058002
-21.176875,-11.868807,2.041512
-21.141033,-11.825815,2.074491
-21.105191,-11.782823,2.090980
-21.067456,-11.740616,2.092827
-21.026558,-11.699718,2.092827
-20.985661,-11.658820,2.092827
-20.949819,-11.615829,2.092827
-20.913977,-11.572837,2.090980
-20.878135,-11.529845,2.074491
-20.842293,-11.486853,2.074491
-20.806452,-11.443861,2.090980
-20.770610,-11.400869,2.092827
-20.734768,-11.357878,2.092827
-20.693870,-11.316980,2.092827
-20.652973,-11.276082,2.092827
-20.612075,-11.235185,2.092827
-20.571177,-11.194287,2.092827
-20.530280,-11.153389,2.092827
-20.489382,-11.112492,2.092827
-20.448485,-11.071594,2.092827
-20.407587,-11.030697,2.092827
-20.366689,-10.989799,2.092827
-20.325792,-10.948901,2.092827
-20.284894,-10.908004,2.092827
-20.243996,-10.867106,2.092827
-20.203099,-10.826208,2.092827
-20.162201,-10.785311,2.092827
-20.120765,-10.745713,2.092827
-20.077773,-10.709871,2.025023
-20.035561,-10.673707,2.092827
-19.997625,-10.635771,2.092827
-19.959581,-10.598093,2.092827
-19.919551,-10.565213,2.058002
-19.879521,-10.532333,2.074491
-19.840029,-10.498153,2.074491
-19.802093,-10.460217,2.090980
-19.763378,-10.422603,2.092827
-19.720386,-10.386762,2.092827
-19.677501,-10.350661,2.092827
-19.636604,-10.309763,2.092827
-19.595706,-10.268866,2.092827
-19.553327,-10.231546,2.092827
-19.510335,-10.195704,2.092827
-19.467343,-10.159862,2.025023
-19.424351,-10.124021,2.041512
-19.381359,-10.088179,2.058002
-19.338367,-10.052337,2.058002
-19.295376,-10.016495,2.074491
-19.253866,-9.977075,2.090980
-19.211990,-9.938540,2.092827
-19.168998,-9.902698,2.092827
-19.126006,-9.866856,2.025023
-19.083014,-9.831015,2.090980
-19.040022,-9.795173,2.074491
-18.997031,-9.759331,2.058002
-18.954039,-9.723489,2.074491
-18.911009,-9.687739,2.090980
-18.868017,-9.651897,2.090980
-18.825025,-9.616055,2.025023
-18.782033,-9.580214,2.074491
-18.739042,-9.544372,2.058002
-18.696050,-9.508530,2.058002
-18.653058,-9.472688,2.074491
-18.610028,-9.436938,2.090980
-18.567036,-9.401096,2.074491
-18.524044,-9.365255,2.041512
-18.481053,-9.329413,2.058002
-18.438061,-9.293571,2.041512
-18.395069,-9.257729,2.074491
-18.352077,-9.221887,2.090980
-18.309047,-9.186137,2.074491
-18.266055,-9.150295,2.056155
-18.222187,-9.116571,2.058002
-18.177101,-9.085785,2.074491
-18.132015,-9.054999,2.074491
-18.086929,-9.024213,2.074491
-18.041843,-8.993427,2.056155
-17.995851,-8.964827,2.056155
-17.950765,-8.934041,2.074491
-17.906556,-8.901138,2.074491
-17.863564,-8.865296,2.039666
-17.820572,-8.829454,2.056155
-17.777423,-8.793993,2.074491
-17.732337,-8.763207,2.074491
-17.689249,-8.727597,2.074491
-17.644163,-8.696811,2.056155
-17.599077,-8.666025,2.056155
-17.553991,-8.635239,2.074491
-17.508905,-8.604453,2.023176
-17.463977,-8.573286,2.039666
-17.420463,-8.538703,2.056155
-17.375377,-8.507917,2.023176
-17.332080,-8.472814,2.074491
-17.286994,-8.442028,2.056155
-17.241908,-8.411242,2.056155
-17.196822,-8.380456,2.090980
-17.151736,-8.349670,2.056155
-17.105744,-8.321070,2.056155
-17.060658,-8.290284,2.074491
-17.015878,-8.258760,2.023176
-16.972216,-8.224535,2.039666
-16.927130,-8.193749,2.056155
-16.882044,-8.162963,2.056155
-16.836958,-8.132177,2.056155
-16.793299,-8.097945,2.039666
-16.748517,-8.066427,2.056155
-16.703431,-8.035641,2.056155
-16.657439,-8.007041,2.039666
-16.612353,-7.976255,2.056155
-16.567267,-7.945469,2.056155
-16.521363,-7.916658,2.039666
-16.474183,-7.890928,2.056155
-16.428794,-7.860874,2.023176
-16.383647,-7.830234,2.056155
-16.338042,-7.800701,2.039666
-16.292956,-7.769915,2.056155
-16.247870,-7.739129,2.056155
-16.201878,-7.710529,2.039666
-16.156792,-7.679743,2.056155
-16.111706,-7.648957,2.056155
-16.065715,-7.620357,2.039666
-16.020629,-7.589571,2.056155
-15.975543,-7.558785,2.039402
-15.930248,-7.528503,2.039666
-15.884791,-7.498612,2.023176
-15.839705,-7.467826,2.056155
-15.792525,-7.442096,2.039666
-15.746311,-7.414034,2.056155
-15.701225,-7.383248,2.056155
-15.654483,-7.356459,2.039666
-15.607512,-7.330225,2.056155
-15.562426,-7.299439,2.039666
-15.516441,-7.270822,2.056155
-15.471355,-7.240036,2.056155
-15.425586,-7.210899,2.039666
-15.378406,-7.185168,2.039402
-15.332882,-7.155441,2.056155
-15.287796,-7.124655,2.039666
-15.240615,-7.098924,2.023176
-15.194334,-7.071025,2.056155
-15.147154,-7.045295,2.039402
-15.100656,-7.017916,2.056155
-15.055570,-6.987130,2.039402
-15.009112,-6.959658,2.056155
-14.961931,-6.933928,2.039666
-14.915689,-6.905935,2.039666
-14.868508,-6.880204,2.056155
-14.822481,-6.851691,2.039402
-14.775301,-6.825960,2.056155
-14.727395,-6.801982,2.039666
-14.679494,-6.777994,2.039666
-14.632313,-6.752263,2.056155
-14.586290,-6.723740,2.056155
-14.539110,-6.698010,2.039402
-14.492871,-6.670007,2.056155
-14.445691,-6.644277,2.039402
-14.399236,-6.616796,2.056155
-14.352193,-6.590734,2.039402
-14.305013,-6.565004,2.056155
-14.257833,-6.539273,2.039666
-14.211547,-6.511383,2.039666
-14.162842,-6.489336,2.056155
-14.115661,-6.463606,2.039402
-14.068481,-6.437875,2.056155
-14.022490,-6.409275,2.039402
-13.975309,-6.383545,2.056155
-13.927577,-6.359149,2.056155
-13.879502,-6.335578,2.039402
-13.833847,-6.306165,2.056155
-13.788761,-6.275379,2.039402
-13.741460,-6.249941,1.988351
-13.692954,-6.227413,2.039666
-13.645774,-6.201682,2.039666
-13.599146,-6.174618,2.056155
-13.552276,-6.148139,2.039402
-13.503002,-6.127464,2.056155
-13.453727,-6.106790,2.039402
-13.406668,-6.080768,2.056155
-13.360230,-6.053247,2.039402
-13.313050,-6.027516,2.056155
-13.264733,-6.004530,2.039402
-13.217242,-5.979549,2.056155
-13.171235,-5.950987,2.039402
-13.124055,-5.925257,2.056155
-13.076170,-5.901229,2.056155
-13.028248,-5.877290,2.039402
-12.980578,-5.852741,2.056155
-12.932440,-5.829323,2.039402
-12.885260,-5.803592,2.056155
-12.839001,-5.775639,2.039666
-12.791762,-5.750049,2.023176
-12.743193,-5.727672,2.056155
-12.696013,-5.701942,2.039666
-12.649322,-5.675030,2.056155
-12.602515,-5.648398,2.039402
-12.555335,-5.622668,2.056155
-12.506650,-5.600572,2.039402
-12.459528,-5.574701,2.056155
-12.413152,-5.547028,2.039402
-12.365972,-5.521298,2.056155
-12.317718,-5.498160,2.039402
-12.270165,-5.473331,2.056155
-12.222127,-5.449672,2.039402
-12.174357,-5.425364,2.056155
-12.126535,-5.401185,2.056155
-12.078550,-5.377397,2.039402
-12.030943,-5.352697,2.056155
-11.981990,-5.331247,2.039402
-11.932716,-5.310573,2.056155
-11.883762,-5.289123,2.039402
-11.834488,-5.268448,2.056155
-11.785535,-5.246998,2.039402
-11.736261,-5.226324,2.056155
-11.687307,-5.204874,2.039402
-11.638785,-5.182383,2.056155
-11.591605,-5.156653,2.039402
-11.542868,-5.134683,2.056155
-11.495687,-5.108952,2.039402
-11.446734,-5.087502,2.039402
-11.399554,-5.061772,2.056155
-11.350601,-5.040322,2.039402
-11.303421,-5.014592,2.056155
-11.254578,-4.992875,2.039402
-11.205410,-4.971945,2.056155
-11.156135,-4.951271,2.039402
-11.107182,-4.929821,2.056155
-11.057908,-4.909147,2.039402
-11.008955,-4.887697,2.056155
-10.959680,-4.867022,2.039402
-10.912068,-4.842334,2.056155
-10.866077,-4.813734,2.039402
-10.817771,-4.790721,2.056155
-10.770269,-4.765767,2.039402
-10.722179,-4.742234,2.056155
-10.674462,-4.717801,2.056155
-10.626588,-4.693746,2.039402
-10.577313,-4.673072,2.056155
-10.528360,-4.651622,2.056155
-10.480211,-4.628230,2.056155
-10.432768,-4.603134,2.039666
-10.383815,-4.581684,2.056155
-10.334541,-4.561010,2.039402
-10.285588,-4.539560,2.056155
-10.236313,-4.518885,2.056155
-10.187517,-4.497056,2.056155
-10.140337,-4.471326,2.056155
-10.091384,-4.449876,2.039402
-10.042698,-4.427781,2.056155
-9.995518,-4.402050,2.039402
-9.946616,-4.380476,2.107470
-9.899436,-4.354746,2.056155
-9.850326,-4.333675,2.056155
-9.801052,-4.313001,2.056155
-9.752099,-4.291551,2.056155
-9.704918,-4.265820,2.056155
-9.656240,-4.243708,2.056155
-9.607235,-4.222383,2.056155
-9.557961,-4.201708,2.039402
-9.509007,-4.180258,2.056155
-9.459733,-4.159584,2.039402
-9.412173,-4.134771,2.056155
-9.364141,-4.111096,2.039402
-9.315188,-4.089646,2.056155
-9.267738,-4.064567,2.056155
-9.219596,-4.041158,2.056155
-9.171931,-4.016600,2.056155
-9.124005,-3.992671,2.039402
-9.073659,-3.974584,2.056155
-9.023141,-3.956910,2.056155
-8.974188,-3.935460,2.056155
-8.924914,-3.914785,2.056155
-8.875961,-3.893335,2.056155
-8.826686,-3.872661,2.056155
-8.777733,-3.851211,2.039402
-8.729531,-3.827949,2.056155
-8.682142,-3.802723,2.039402
-8.633723,-3.779982,2.056155
-8.586543,-3.754252,2.056155
-8.537909,-3.732032,2.056155
-8.490729,-3.706301,2.056155
-8.441776,-3.684851,2.056155
-8.392501,-3.664177,2.056155
-8.343436,-3.642998,2.056155
-8.294161,-3.622324,2.056155
-8.244887,-3.601650,2.039402
-8.195615,-3.580970,2.056155
-8.146341,-3.560295,2.056155
-8.097387,-3.538845,2.056155
-8.050207,-3.513115,2.056155
-8.001366,-3.491394,2.056155
-7.952200,-3.470459,2.056155
-7.902925,-3.449785,2.039402
-7.853972,-3.428335,2.056155
-7.804698,-3.407661,2.039402
-7.755745,-3.386211,2.056155
-7.706470,-3.365536,2.056155
-7.657517,-3.344086,2.056155
-7.610229,-3.318616,2.056155
-7.561926,-3.295599,2.056155
-7.512973,-3.274149,2.056155
-7.463698,-3.253474,2.039402
-7.414745,-3.232024,2.056155
-7.365471,-3.211350,2.039402
-7.316518,-3.189900,2.056155
-7.267243,-3.169225,2.056155
-7.218290,-3.147775,2.056155
-7.170465,-3.123602,2.056155
-7.122698,-3.099288,2.056155
-7.073745,-3.077838,2.056155
-7.024471,-3.057163,2.056155
-6.975518,-3.035713,2.056155
-6.926243,-3.015039,2.107470
-6.877290,-2.993589,2.039402
-6.828016,-2.972915,2.056155
-6.779063,-2.951465,2.056155
-6.730701,-2.928587,2.056155
-6.683471,-2.902977,2.056155
-6.634518,-2.881527,2.056155
-6.585243,-2.860853,2.056155
-6.536290,-2.839403,2.039402
-6.487016,-2.818728,2.056155
-6.438007,-2.797413,2.039402
-6.388733,-2.776739,2.056155
-6.339508,-2.755945,2.056155
-6.290555,-2.734495,2.056155
-6.241280,-2.713820,2.056155
-6.192166,-2.692760,2.056155
-6.142891,-2.672086,2.107470
-6.093617,-2.651412,2.056155
-6.044394,-2.630613,2.056155
-5.995119,-2.609939,2.056155
-5.946166,-2.588489,2.056155
-5.898986,-2.562759,2.056155
-5.850195,-2.540919,2.056155
-5.801077,-2.519865,2.107470
-5.751803,-2.499191,2.056155
-5.702850,-2.477741,2.056155
-5.653575,-2.457067,2.056155
-5.604622,-2.435617,2.056155
-5.555348,-2.414942,2.056155
-5.506395,-2.393492,2.056155
-5.457441,-2.372042,2.107470
-5.408167,-2.351368,2.056155
-5.359214,-2.329918,2.056155
-5.309940,-2.309243,2.056155
-5.260986,-2.287793,2.056155
-5.211712,-2.267119,2.056155
-5.162759,-2.245669,2.056155
-5.113806,-2.224219,2.107470
-5.064531,-2.203545,2.056155
-5.015578,-2.182095,2.056155
-4.966304,-2.161420,2.056155
-4.917351,-2.139970,2.056155
-4.868076,-2.119296,2.056155
-4.819123,-2.097846,2.056155
-4.770170,-2.076396,2.056155
-4.720896,-2.055722,2.107470
-4.671943,-2.034272,2.039402
-4.622668,-2.013597,2.056155
-4.573715,-1.992147,2.039402
-4.524441,-1.971473,2.056155
-4.475488,-1.950023,2.056155
-4.426535,-1.928573,2.056155
-4.377260,-1.907898,2.107470
-4.328307,-1.886448,2.039402
-4.279033,-1.865774,2.056155
-4.230080,-1.844324,2.039402
-4.180805,-1.823650,2.056155
-4.131852,-1.802200,2.056155
-4.082899,-1.780750,2.056155
-4.033625,-1.760075,2.107470
-3.984672,-1.738625,2.039402
-3.935397,-1.717951,2.056155
-3.886344,-1.696744,2.039402
-3.837069,-1.676069,2.056155
-3.787800,-1.655383,2.056155
-3.738847,-1.633933,2.056155
-3.689572,-1.613258,2.107470
-3.640413,-1.592306,2.039402
-3.591139,-1.571631,2.056155
-3.541864,-1.550957,2.056155
-3.492686,-1.530051,2.056155
-3.443412,-1.509377,2.056155
-3.394458,-1.487927,2.056155
-3.345184,-1.467252,2.107470
-3.295910,-1.446578,2.039402
-3.246837,-1.425417,2.056155
-3.197562,-1.404743,2.056155
-3.148609,-1.383293,2.056155
-3.099335,-1.362618,2.056155
-3.050382,-1.341168,2.056155
-3.001414,-1.319753,2.107470
-2.952140,-1.299078,2.056155
-2.903187,-1.277628,2.056155
-2.853912,-1.256954,2.056155
-2.804959,-1.235504,2.056155
-2.755685,-1.214829,2.056155
-2.706732,-1.193379,2.056155
-2.657779,-1.171929,2.056155
-2.608504,-1.151255,2.039402
-2.559551,-1.129805,2.107470
-2.510277,-1.109131,2.056155
-2.461324,-1.087681,2.056155
-2.412049,-1.067006,2.056155
-2.363096,-1.045556,2.056155
-2.315288,-1.021343,2.056155
-2.267505,-0.997069,2.056155
-2.219480,-0.973376,2.056155
-2.171913,-0.948581,2.056155
-2.122960,-0.927131,2.056155
-2.073685,-0.906457,2.107470
-2.024732,-0.885007,2.039402
-1.975458,-0.864332,2.056155
-1.926505,-0.842882,2.039402
-1.877230,-0.822208,2.056155
-1.828277,-0.800758,2.056155
-1.779324,-0.779308,2.056155
-1.730050,-0.758633,2.056155
-1.681273,-0.736758,2.056155
-1.634093,-0.711028,2.056155
-1.585139,-0.689578,2.056155
-1.535865,-0.668903,2.056155
-1.486657,-0.648070,2.039402
-1.437774,-0.626449,2.056155
-1.390594,-0.600719,2.056155
-1.341465,-0.579694,2.056155
-1.292190,-0.559020,2.056155
-1.243237,-0.537570,2.056155
-1.196057,-0.511840,2.056155
-1.147359,-0.489774,2.056155
-1.098335,-0.468494,2.056155
-1.049061,-0.447820,2.039402
-1.001736,-0.422440,2.056155
-0.953469,-0.399332,2.039402
-0.905928,-0.374473,2.107470
-0.857878,-0.350844,2.056155
-0.810121,-0.326506,2.056155
-0.764129,-0.297906,2.056155
-0.715969,-0.274543,2.039402
-0.666694,-0.253869,2.056155
-0.617741,-0.232419,2.039402
-0.567376,-0.214378,2.056155
-0.516878,-0.196658,2.056155
-0.466728,-0.178096,2.056155
-0.416014,-0.160897,2.056155
-0.367721,-0.137855,2.056155
-0.320423,-0.112409,2.056155
-0.271470,-0.090959,2.039402
-0.223286,-0.067651,2.056155
-0.175878,-0.042471,2.039402
-0.127479,-0.019684,2.056155
-0.080286,0.006016,2.022649
-0.030674,0.025874,2.039402
0.020577,0.041777,2.056155
0.069530,0.063227,2.039402
0.118805,0.083902,2.056155
0.167851,0.105127,2.039402
0.217125,0.125801,2.056155
0.266387,0.146505,2.039402
0.315341,0.167955,2.056155
0.364615,0.188629,2.056155
0.413767,0.209599,2.056155
0.463041,0.230274,2.056155
0.512316,0.250948,2.039402
0.561501,0.271837,2.056155
0.610776,0.292511,2.039402
0.659729,0.313961,2.056155
0.706909,0.339691,2.039402
0.755663,0.361621,2.056155
0.802844,0.387351,2.056155
0.851382,0.409802,2.056155
0.898651,0.435318,2.056155
0.946974,0.458290,2.056155
0.995927,0.479740,2.056155
1.045201,0.500414,2.039402
1.094154,0.521864,2.056155
1.143429,0.542539,2.056155
1.192382,0.563989,2.056155
1.241656,0.584663,2.056155
1.290609,0.606113,2.056155
1.339563,0.627563,2.056155
1.388837,0.648237,2.039402
1.437790,0.669687,2.056155
1.487064,0.690362,2.107470
1.536018,0.711812,2.039402
1.585292,0.732486,2.056155
1.634245,0.753936,2.056155
1.682372,0.777380,2.056155
1.729837,0.802424,2.056155
1.778790,0.823874,2.056155
1.828064,0.844548,2.107470
1.877017,0.865998,2.039402
1.926292,0.886673,2.056155
1.975245,0.908123,2.039402
2.024519,0.928797,2.056155
2.073509,0.950158,2.056155
2.122462,0.971608,2.039402
2.171737,0.992282,2.056155
2.220690,1.013732,2.039402
2.269964,1.034407,2.056155
2.319060,1.055513,2.056155
2.368518,1.075744,2.056155
2.419886,1.091363,2.056155
2.468872,1.112735,2.039402
2.518146,1.133410,2.056155
2.567347,1.154261,2.056155
2.616621,1.174935,2.056155
2.665896,1.195610,2.056155
2.714849,1.217060,2.056155
2.764123,1.237734,2.107470
2.813398,1.258408,2.039402
2.862644,1.279150,2.056155
2.911919,1.299824,2.056155
2.960950,1.321086,2.056155
3.010224,1.341760,2.056155
3.059177,1.363210,2.039402
3.108318,1.384206,2.056155
3.157593,1.404881,2.056155
3.206546,1.426331,2.056155
3.255820,1.447005,2.056155
3.304773,1.468455,2.056155
3.355903,1.484650,2.056155
3.405637,1.504216,2.039402
3.454590,1.525666,2.056155
3.503864,1.546341,2.056155
3.552817,1.567791,2.056155
3.602092,1.588465,2.056155
3.651045,1.609915,2.056155
3.699998,1.631365,2.107470
3.749272,1.652039,2.056155
3.798225,1.673489,2.056155
3.847500,1.694164,2.056155
3.896453,1.715614,2.056155
3.945727,1.736288,2.056155
3.994680,1.757738,2.039402
4.043633,1.779188,2.056155
4.092908,1.799862,2.056155
4.141861,1.821312,2.056155
4.191135,1.841987,2.056155
4.240088,1.863437,2.039402
4.290470,1.881438,2.056155
4.340952,1.899198,2.107470
4.389905,1.920648,2.039402
4.439179,1.941322,2.056155
4.488132,1.962772,2.039402
4.537407,1.983447,2.056155
4.586360,2.004897,2.056155
4.635313,2.026347,2.039402
4.684587,2.047021,2.056155
4.733540,2.068471,2.039402
4.782815,2.089145,2.056155
4.831768,2.110595,2.039402
4.881723,2.129627,2.056155
4.932631,2.146357,2.107470
4.981584,2.167807,2.039402
5.030859,2.188481,2.056155
5.079812,2.209931,2.039402
5.129086,2.230605,2.056155
5.178039,2.252055,2.056155
5.226992,2.273505,2.039402
5.276267,2.294180,2.056155
5.325220,2.315630,2.039402
5.374494,2.336304,2.056155
5.423520,2.357580,2.039402
5.473048,2.377642,2.056155
5.524383,2.393341,2.056155
5.573336,2.414791,2.039402
5.622610,2.435465,2.056155
5.671741,2.456486,2.056155
5.721016,2.477160,2.056155
5.770290,2.497835,2.056155
5.819243,2.519285,2.056155
5.868518,2.539959,2.056155
5.917754,2.560725,2.039402
5.967028,2.581400,2.056155
6.016303,2.602074,2.056155
6.065404,2.623166,2.056155
6.114678,2.643841,2.056155
6.163631,2.665291,2.056155
6.212843,2.686117,2.107470
6.262117,2.706792,2.056155
6.311113,2.728139,2.056155
6.360387,2.748813,2.056155
6.409340,2.770263,2.056155
6.458615,2.790938,2.056155
6.507568,2.812388,2.039402
6.556521,2.833838,2.056155
6.605795,2.854512,2.056155
6.654748,2.875962,2.056155
6.704023,2.896637,2.056155
6.752976,2.918087,2.056155
6.803855,2.934888,2.056155
6.853839,2.953848,2.039402
6.902792,2.975298,2.056155
6.952067,2.995972,2.056155
7.001020,3.017422,2.056155
7.050294,3.038096,2.056155
7.099247,3.059546,2.056155
7.148200,3.080996,2.056155
7.197475,3.101671,2.039402
7.246428,3.123121,2.056155
7.295702,3.143795,2.056155
7.344655,3.165245,2.056155
7.393930,3.185920,2.056155
7.442883,3.207370,2.056155
7.491836,3.228820,2.056155
7.541110,3.249494,2.107470
7.590064,3.270944,2.039402
7.639338,3.291618,2.056155
7.688291,3.313068,2.039402
7.737565,3.333743,2.056155
7.786519,3.355193,2.056155
7.835472,3.376643,2.039402
7.884746,3.397317,2.056155
7.933699,3.418767,2.039402
7.982974,3.439442,2.056155
8.031927,3.460892,2.022649
8.081736,3.480274,2.039402
8.132790,3.496653,2.056155
8.181743,3.518103,2.039402
8.231663,3.537220,2.056155
8.282606,3.553864,2.056155
8.332310,3.573501,2.039402
8.383470,3.589625,2.056155
8.432423,3.611075,2.039402
8.481697,3.631749,2.056155
8.530652,3.653194,2.056155
8.579605,3.674644,2.039402
8.628880,3.695319,2.056155
8.677833,3.716769,2.039402
8.727541,3.736395,2.056155
8.778696,3.752530,2.107470
8.828189,3.772677,2.039402
8.880101,3.786982,2.056155
8.931146,3.803382,2.056155
8.980749,3.823264,2.056155
9.032009,3.839144,2.107470
9.080963,3.860594,2.039402
9.130675,3.880209,2.056155
9.181826,3.896355,2.056155
9.230779,3.917805,2.039402
9.280053,3.938479,2.056155
9.329006,3.959929,2.039402
9.378614,3.979799,2.056155
9.429870,3.995690,2.107470
9.478823,4.017140,2.039402
9.528540,4.036745,2.056155
9.579686,4.052901,2.107470
9.629188,4.073026,2.039402
9.681103,4.087326,2.056155
9.732138,4.103749,2.107470
9.781750,4.123608,2.039402
9.833665,4.137908,2.056155
9.884590,4.154597,2.056155
9.934312,4.174190,2.056155
9.986227,4.188490,2.107470
10.038142,4.202790,2.056155
10.089510,4.218409,2.056155
10.141425,4.232709,2.107470
10.193340,4.247009,2.056155
10.244709,4.262627,2.056155
10.296623,4.276927,2.107470
10.348538,4.291227,2.039402
10.398807,4.309500,2.107470
10.449186,4.327509,2.056155
10.501100,4.341809,2.039402
10.551259,4.360348,2.107470
10.601748,4.378091,2.090980
10.653663,4.392391,2.056155
10.703711,4.411196,2.107470
10.754310,4.428673,2.107470
10.806225,4.442973,2.056155
10.856163,4.462044,2.090980
10.906872,4.479255,2.107470
10.958787,4.493555,2.056155
11.008616,4.512891,2.056155
11.059435,4.529837,2.107470
11.111349,4.544137,2.090980
11.161068,4.563739,2.056155
11.211997,4.580418,2.107470
11.263912,4.594718,2.107470
11.315614,4.609531,2.056155
11.366983,4.625150,2.090980
11.418897,4.639450,2.107734
11.470490,4.654529,2.090980
11.521858,4.670147,2.056155
11.573773,4.684447,2.107470
11.625688,4.698747,2.107734
11.677056,4.714366,2.056155
11.728642,4.729460,2.090980
11.780557,4.743760,2.107734
11.832794,4.757282,2.107470
11.886257,4.767844,2.056155
11.938171,4.782144,2.090980
11.990086,4.796444,2.107734
12.042759,4.808913,2.090980
12.096005,4.820000,2.056155
12.147920,4.834300,2.107470
12.199835,4.848600,2.090980
12.252944,4.860016,2.090980
12.307820,4.867166,2.107734
12.360304,4.880092,2.124487
12.412219,4.894392,2.107734
12.465764,4.904755,2.090980
12.520232,4.912891,2.107734
12.572280,4.926870,2.124487
12.624195,4.941170,2.107734
12.676110,4.955470,2.090980
12.730417,4.963994,2.090980
12.784123,4.973969,2.107734
12.836038,4.988269,2.107734
12.888361,5.001583,2.090980
12.943104,5.009054,2.074227
12.996374,5.020083,2.107734
13.048289,5.034383,2.124487
13.100203,5.048683,2.107734
13.153289,5.060157,2.107734
13.208165,5.067307,2.124487
13.260673,5.080175,2.107734
13.312588,5.094475,2.090980
13.366109,5.104896,2.074227
13.420601,5.112974,2.107734
13.472673,5.126894,2.124487
13.524588,5.141194,2.107734
13.576503,5.155494,2.090980
13.630786,5.164077,2.090980
13.685662,5.171227,2.107734
13.740538,5.178377,2.124487
13.795799,5.184599,2.109053
13.853480,5.184979,2.075546
13.910962,5.185837,2.058793
13.966025,5.192537,2.042040
14.020901,5.199687,2.040721
14.075777,5.206837,2.023968
14.130654,5.213987,2.092300
14.185530,5.221137,2.075546
14.240407,5.228287,2.058793
14.295638,5.234579,2.042040
14.353290,5.235029,2.040721
14.411128,5.235029,2.023968
14.468314,5.236604,2.007215
14.523190,5.243754,1.990461
14.578066,5.250904,1.973708
14.632943,5.258054,1.956955
14.687819,5.265204,2.042040
14.742696,5.272354,2.042040
14.797572,5.279504,2.042040
14.853101,5.285079,2.042040
14.910939,5.285079,2.042040
14.968777,5.285079,2.042040
15.026615,5.285079,2.042040
15.084453,5.285079,2.042040
15.140689,5.288944,2.042040
15.195566,5.296094,2.042040
15.250442,5.303244,2.042040
15.305319,5.310394,2.127125
15.360195,5.317544,2.127125
15.415071,5.324694,2.127125
15.469948,5.331844,2.127125
15.526425,5.335129,2.127125
15.584263,5.335129,2.127125
15.642101,5.335129,2.127125
15.699939,5.335129,2.127125
15.757777,5.335129,2.127125
15.815615,5.335129,2.127125
15.873453,5.335129,2.127125
15.931291,5.335129,2.127125
15.987696,5.338589,2.127125
16.042572,5.345739,2.127125
16.097449,5.352889,2.127125
16.152325,5.360039,2.127125
16.207201,5.367189,2.042040
16.262078,5.374339,2.042040
16.316954,5.381489,2.042040
16.373264,5.385179,2.042040
16.431102,5.385179,2.042040
16.488940,5.385179,2.042040
16.546778,5.385179,2.042040
16.604616,5.385179,2.042040
16.662454,5.385179,2.042040
16.720292,5.385179,2.042040
16.778130,5.385179,2.042040
16.835968,5.385179,2.042040
16.893806,5.385179,2.042040
16.951644,5.385179,2.042040
17.009482,5.385179,2.042040
17.067320,5.385179,2.042040
17.125158,5.385179,2.042040
17.182996,5.385179,2.042040
17.240834,5.385179,2.042040
17.298672,5.385179,2.042040
17.356510,5.385179,2.042040
17.414348,5.385179,2.042040
17.472186,5.385179,2.042040
17.530024,5.385179,2.042040
17.587862,5.385179,2.042040
17.645700,5.385179,2.042040
17.703538,5.385179,2.042040
17.761179,5.384704,2.075546
17.816400,5.378387,2.092300
17.871276,5.371237,2.109053
17.926153,5.364087,2.125806
17.981029,5.356937,2.042040
18.035906,5.349787,2.042040
18.090782,5.342637,2.042040
18.145855,5.335962,2.042040
18.203348,5.335129,2.042040
18.261186,5.335129,2.042040
18.319024,5.335129,2.042040
18.376862,5.335129,2.042040
18.434700,5.335129,2.042040
18.492538,5.335129,2.058793
18.550376,5.335129,2.075546
18.606091,5.330004,2.109053
18.660967,5.322854,2.125806
18.715844,5.315704,2.127125
18.770720,5.308554,2.042040
18.825597,5.301404,2.042040
18.880473,5.294254,2.042040
18.935349,5.287104,2.042040
18.992349,5.285079,2.042040
19.050187,5.285079,2.042040
19.108025,5.285079,2.075546
19.163443,5.279236,2.092300
19.218319,5.272086,2.109053
19.273195,5.264936,2.125806
19.327636,5.256734,2.042040
19.379656,5.242689,2.042040
19.431571,5.228389,2.058793
19.483485,5.214089,2.075546
19.537820,5.205631,2.007215
19.592697,5.198481,2.023968
19.647573,5.191331,2.040721
19.702885,5.185234,2.057474
19.758442,5.179727,2.090980
19.813319,5.172577,2.107734
19.868195,5.165427,2.124487
19.920786,5.152759,2.056155
19.972700,5.138459,2.074227
20.024615,5.124159,2.090980
20.076530,5.109859,2.022649
20.130620,5.100811,2.039402
20.184543,5.091359,2.056155
20.236458,5.077059,2.074227
20.290658,5.068277,2.090980
20.345535,5.061127,2.107734
20.399022,5.050623,2.039402
20.450936,5.036323,2.056155
20.502851,5.022023,2.090980
20.554220,5.006405,2.022649
20.606135,4.992105,2.039402
20.658049,4.977805,2.107470
20.708354,4.959619,2.039402
20.758697,4.941523,2.056155
20.810612,4.927223,2.107470
20.862526,4.912923,2.056155
20.913895,4.897304,2.056155
20.965810,4.883004,2.107470
21.015894,4.864286,2.056155
21.066457,4.846722,2.056155
21.118372,4.832422,2.107470
21.168347,4.813439,2.056155
21.217300,4.791989,2.056155
21.266574,4.771314,2.056155
21.315527,4.749864,2.056155
21.364801,4.729190,2.107470
21.413755,4.707740,2.039402
21.462708,4.686290,2.056155
21.511982,4.665615,2.056155
21.559858,4.641565,2.056155
21.607574,4.617128,2.056155
21.656527,4.595678,2.022649
21.705801,4.575003,2.039402
21.754754,4.553553,1.988351
21.802736,4.529757,2.039402
21.850346,4.505066,1.988351
21.899621,4.484391,2.039402
21.948574,4.462941,2.056155
21.996987,4.440187,2.039402
22.044167,4.414457,2.056155
22.092795,4.392223,2.039402
22.139975,4.366493,2.056155
22.188820,4.344780,2.039666
22.236000,4.319050,2.039666
22.282966,4.292802,2.056155
22.329497,4.265506,2.039402
22.376678,4.239776,2.056155
22.421764,4.208990,2.039666
22.467538,4.179866,2.056155
22.512624,4.149080,2.056155
22.557710,4.118294,2.056155
22.602796,4.087508,2.039666
22.648531,4.058288,2.023176
22.693617,4.027502,2.056155
22.738703,3.996716,2.039666
22.783100,3.964268,2.056155
22.827144,3.930966,2.074491
22.872230,3.900180,2.056155
22.917316,3.869394,2.056155
22.960308,3.833552,2.090980
23.003300,3.797711,2.023176
23.048386,3.766925,2.074491
23.093472,3.736139,2.058002
23.137506,3.702812,2.041512
23.180497,3.666970,2.074491
23.223489,3.631128,2.090980
23.266814,3.596091,2.074491
23.311900,3.565305,2.041512
23.354892,3.529463,2.058002
23.397884,3.493621,2.041512
23.440876,3.457779,2.025023
23.483868,3.421937,2.090980
23.526859,3.386096,2.092827
23.569518,3.349450,2.092827
23.610416,3.308552,2.092827
23.651313,3.267654,2.092827
23.692211,3.226757,2.092827
23.733109,3.185859,2.092827
23.774006,3.144961,2.092827
23.814904,3.104064,2.092827
23.855802,3.063166,2.092827
23.896699,3.022268,2.092827
23.937597,2.981371,2.092827
23.978494,2.940473,2.092827
24.018578,2.899238,2.092827
24.054420,2.856247,2.025023
24.090262,2.813255,2.092827
24.126104,2.770263,2.090980
24.161946,2.727271,2.074491
24.197787,2.684279,2.058002
24.233629,2.641288,2.074491
24.269379,2.598258,2.090980
24.305221,2.555266,2.025023
24.341063,2.512274,2.090980
24.376905,2.469282,2.074491
24.412747,2.426290,2.056155
24.444976,2.381802,2.058002
24.475762,2.336716,2.074491
24.507454,2.292005,2.023176
24.543295,2.249013,2.039666
24.578661,2.205824,2.056155
24.609447,2.160738,2.056155
24.640233,2.115652,2.074491
24.674631,2.072063,2.056155
24.710473,2.029071,2.039666
24.743131,1.984760,2.056155
24.773917,1.939674,2.056155
24.802517,1.893683,2.039666
24.833303,1.848597,2.056155
24.861947,1.802624,2.023176
24.887678,1.755443,2.039666
24.913408,1.708263,2.039666
24.942008,1.662272,2.056155
24.967738,1.615091,2.056155
24.996131,1.569014,2.039666
25.021861,1.521834,2.056155
25.049733,1.475541,2.039402
25.075463,1.428361,2.056155
25.101194,1.381181,2.039402
25.122644,1.332227,2.056155
25.148374,1.285047,2.023176
25.170031,1.236180,2.039666
25.195761,1.189000,1.988351
25.217939,1.140348,2.039402
25.239330,1.091371,2.022649
25.260005,1.042096,1.988351
25.281455,0.993143,2.039402
25.302129,0.943869,1.988351
25.323579,0.894916,2.039402
25.340169,0.843950,1.988351
25.359340,0.794052,1.954317
25.380790,0.745099,2.022649
25.401464,0.695825,1.988351
25.422914,0.646872,2.039402
25.439760,0.596011,2.022649
25.458676,0.546009,1.988351
25.480126,0.497055,2.039402
25.500800,0.447781,2.022649
25.522250,0.398828,2.056155
25.542924,0.349554,2.039402
25.564374,0.300600,2.107470
25.585824,0.251647,2.056155
25.606499,0.202373,2.039402
25.627949,0.153420,2.107470
25.645303,0.102770,2.056155
25.663710,0.052557,2.090981
25.681585,0.002123,2.107470
25.695885,-0.049792,2.056155
25.710185,-0.101707,2.039402
25.725804,-0.153075,2.107470
25.740104,-0.204990,2.056155
25.754404,-0.256905,2.039402
25.770022,-0.308273,2.107470
25.784322,-0.360188,2.090980
25.798622,-0.412103,2.056155
25.818613,-0.461660,2.090981
25.834904,-0.512750,2.107470
25.849204,-0.564665,2.056155
25.864405,-0.616207,2.056155
25.880024,-0.667575,2.107470
25.894324,-0.719490,2.090980
25.908624,-0.771405,2.056155
25.919187,-0.824867,2.107470
25.933487,-0.876782,2.107470
25.947787,-0.928697,2.056155
25.961186,-0.980985,2.039402
25.971748,-1.034448,2.107470
25.986048,-1.086362,2.056155
26.000348,-1.138277,2.039402
26.012695,-1.191001,2.022649
26.023904,-1.244196,2.090980
26.038204,-1.296111,2.056155
26.052504,-1.348026,2.022649
26.063797,-1.401185,2.090980
26.076059,-1.453945,2.056155
26.090359,-1.505859,2.039402
26.104659,-1.557774,2.022649
26.120278,-1.609143,2.090980
26.134578,-1.661057,2.056155
26.148878,-1.712972,2.039402
26.163765,-1.764644,2.107734
26.179384,-1.816012,2.090980
26.193684,-1.867927,2.074227
26.207984,-1.919842,2.056155
26.216906,-1.973984,2.124487
26.224056,-2.028860,2.107734
26.231206,-2.083736,2.090980
26.241769,-2.137199,2.074227
26.249639,-2.191777,2.056155
26.256789,-2.246654,2.039402
26.263939,-2.301530,2.090980
26.271089,-2.356406,2.074227
26.284079,-2.408864,2.057474
26.298379,-2.460779,2.040721
26.308678,-2.514350,2.023968
26.316878,-2.568792,2.092300
26.330920,-2.620813,2.075546
26.345220,-2.672728,2.058793
26.359520,-2.724643,2.042040
26.367981,-2.778977,2.125806
26.375131,-2.833853,2.109053
26.382281,-2.888729,2.092300
26.388381,-2.944040,2.075546
26.388639,-3.001772,2.042040
26.388639,-3.059610,2.042040
26.390405,-3.116716,2.042040
26.397555,-3.171592,2.040721
26.404705,-3.226469,2.023968
26.411855,-3.281345,2.007215
26.419005,-3.336221,2.075546
26.426155,-3.391098,2.058793
26.437698,-3.444154,2.042040
26.450232,-3.496801,2.042040
26.457382,-3.551677,2.042040
26.464532,-3.606554,2.125806
26.471682,-3.661430,2.109053
26.478832,-3.716307,2.092300
26.485982,-3.771183,2.075546
26.488739,-3.827879,2.058793
26.488739,-3.885717,2.042040
26.488739,-3.943555,2.042040
26.488739,-4.001393,2.042040
26.488739,-4.059231,2.042040
26.488739,-4.117069,2.042040
26.491153,-4.173907,2.042040
26.498303,-4.228783,2.042040
26.505453,-4.283660,2.042040
26.512603,-4.338536,2.040721
26.519753,-4.393412,2.109053
26.526903,-4.448289,2.092300
26.534053,-4.503165,2.058793
26.538789,-4.559041,2.042040
26.538789,-4.616879,2.042040
26.538789,-4.674717,2.042040
26.538789,-4.732555,2.042040
26.542707,-4.788770,2.042040
26.549857,-4.843647,2.042040
26.557007,-4.898523,2.042040
26.564157,-4.953400,2.127125
26.571307,-5.008276,2.127125
26.578457,-5.063152,2.127125
26.585607,-5.118029,2.127125
26.588839,-5.174528,2.127125
26.588839,-5.232366,2.127125
26.588839,-5.290204,2.125806
26.588839,-5.348042,2.109053
26.588839,-5.405880,2.075546
26.588839,-5.463718,2.058793
26.590778,-5.520753,2.042040
26.597928,-5.575629,2.042040
26.605078,-5.630505,2.042040
26.612228,-5.685382,2.042040
26.619378,-5.740258,2.109053
26.626528,-5.795134,2.125806
26.633678,-5.850011,2.127125
26.638889,-5.905690,2.127125
26.638889,-5.963528,2.127125
26.638889,-6.021366,2.127125
26.638889,-6.079204,2.127125
26.638889,-6.137042,2.127125
26.638889,-6.194880,2.127125
26.638889,-6.252718,2.127125
26.638889,-6.310556,2.127125
26.638889,-6.368394,2.127125
26.638889,-6.426232,2.127125
26.638889,-6.484070,2.127125
26.638889,-6.541908,2.127125
26.638889,-6.599746,2.125806
26.638889,-6.657584,2.092300
26.640087,-6.714926,2.075546
26.647128,-6.769847,2.058793
26.654278,-6.824724,2.042040
26.661428,-6.879600,2.042040
26.668578,-6.934476,2.075546
26.675728,-6.989353,2.092300
26.682878,-7.044229,2.109053
26.688830,-7.099602,2.125806
26.688939,-7.157395,2.127125
26.688939,-7.215233,2.127125
26.688939,-7.273071,2.127125
26.688939,-7.330909,2.127125
26.688939,-7.388747,2.127125
26.688939,-7.446585,2.127125
26.688939,-7.504423,2.127125
26.688939,-7.562261,2.127125
26.688939,-7.620099,2.127125
26.688939,-7.677937,2.127125
26.688939,-7.735775,2.127125
26.688939,-7.793613,2.127125
26.688939,-7.851451,2.127125
26.688939,-7.909289,2.109053
26.688939,-7.967127,2.092300
26.688939,-8.024965,2.075546
26.688939,-8.082803,2.058793
26.692543,-8.139148,2.042040
26.699693,-8.194024,2.042040
26.706843,-8.248900,2.042040
26.713993,-8.303777,2.109053
26.721143,-8.358653,2.125806
26.728293,-8.413530,2.127125
26.735443,-8.468406,2.127125
26.738989,-8.524775,2.127125
26.738989,-8.582613,2.127125
26.738989,-8.640451,2.127125
26.738989,-8.698289,2.127125
26.738989,-8.756127,2.127125
26.738989,-8.813965,2.127125
26.738989,-8.871803,2.127125
26.738989,-8.929641,2.127125
26.738989,-8.987479,2.127125
26.738989,-9.045317,2.127125
26.738989,-9.103155,2.127125
26.738989,-9.160993,2.127125
26.738989,-9.218831,2.127125
26.738989,-9.276669,2.125806
26.738989,-9.334507,2.109053
26.738989,-9.392345,2.092300
26.738989,-9.450183,2.075546
26.738989,-9.508021,2.042040
26.738989,-9.565859,2.042040
26.738989,-9.623697,2.042040
26.738989,-9.681535,2.042040
26.738989,-9.739373,2.042040
26.738989,-9.797211,2.042040
26.738989,-9.855049,2.042040
26.738989,-9.912887,2.042040
26.738989,-9.970725,2.042040
26.738989,-10.028563,2.042040
26.738989,-10.086401,2.042040
26.738989,-10.144239,2.042040
26.738989,-10.202077,2.042040
26.738989,-10.259915,2.042040
26.738989,-10.317753,2.042040
26.738989,-10.375591,2.042040
26.738989,-10.433429,2.042040
26.738989,-10.491267,2.042040
26.738989,-10.549105,2.042040
26.738989,-10.606943,2.042040
26.738989,-10.664781,2.042040
26.738989,-10.722619,2.042040
26.738989,-10.780457,2.042040
26.738989,-10.838295,2.042040
26.738989,-10.896133,2.058793
26.738989,-10.953971,2.075546
26.738989,-11.011809,2.109053
26.738989,-11.069647,2.125806
26.738989,-11.127485,2.127125
26.738989,-11.185323,2.127125
26.738989,-11.243161,2.127125
26.738989,-11.300999,2.127125
26.738989,-11.358837,2.127125
26.738138,-11.416323,2.127125
26.731445,-11.471389,2.127125
26.724295,-11.526265,2.127125
26.717145,-11.581141,2.127125
26.709995,-11.636018,2.042040
26.702845,-11.690894,2.042040
26.695695,-11.745770,2.042040
26.689396,-11.800999,2.042040
26.688939,-11.858648,2.042040
26.688939,-11.916486,2.042040
26.688939,-11.974324,2.058793
26.688939,-12.032162,2.075546
26.685798,-12.088699,2.092300
26.678648,-12.143575,2.109053
26.671498,-12.198451,2.125806
26.664348,-12.253328,2.127125
26.657198,-12.308204,2.042040
26.650048,-12.363080,2.042040
26.642898,-12.417957,2.042040
26.638889,-12.474134,2.042040
26.638889,-12.531972,2.042040
26.638889,-12.589810,2.042040
26.638889,-12.647648,2.042040
26.638889,-12.705486,2.042040
26.638889,-12.763324,2.075546
26.638889,-12.821162,2.092300
26.638889,-12.879000,2.109053
26.636153,-12.935705,2.125806
26.629003,-12.990581,2.127125
26.621853,-13.045458,2.127125
26.614703,-13.100334,2.127125
26.607553,-13.155211,2.042040
26.600403,-13.210087,2.042040
26.593253,-13.264963,2.042040
26.588839,-13.320973,2.042040
26.588839,-13.378811,2.058793
26.588839,-13.436649,2.075546
26.588839,-13.494487,2.092300
26.588839,-13.552325,2.109053
26.588839,-13.610163,2.127125
26.588082,-13.667687,2.127125
26.581482,-13.722792,2.127125
26.574332,-13.777668,2.125806
26.567182,-13.832544,2.109053
26.560032,-13.887421,2.042040
26.552882,-13.942297,2.042040
26.545732,-13.997173,2.058793
26.539339,-14.052363,2.075546
26.538789,-14.109973,2.109053
26.538789,-14.167811,2.125806
26.538789,-14.225649,2.127125
26.538789,-14.283487,2.127125
26.535741,-14.340063,2.125806
26.528591,-14.394939,2.109053
26.521441,-14.449816,2.092300
26.514291,-14.504692,2.075546
26.507141,-14.559568,2.058793
26.499991,-14.614445,2.092300
26.492841,-14.669321,2.109053
26.488739,-14.725460,2.125806
26.488739,-14.783298,2.127125
26.488739,-14.841136,2.127125
26.484974,-14.897414,2.125806
26.477824,-14.952291,2.109053
26.470674,-15.007167,2.092300
26.463524,-15.062044,2.058793
26.456374,-15.116920,2.075546
26.449224,-15.171796,2.092300
26.442074,-15.226673,2.109053
26.438689,-15.283108,2.125806
26.438689,-15.340946,2.127125
26.438689,-15.398784,2.127125
26.434207,-15.454766,2.125806
26.427057,-15.509642,2.109053
26.419907,-15.564519,2.075546
26.412757,-15.619395,2.058793
26.405607,-15.674271,2.075546
26.398457,-15.729148,2.092300
26.391307,-15.784024,2.109053
26.388639,-15.840757,2.125806
26.388639,-15.898595,2.127125
26.388639,-15.956433,2.127125
26.383440,-16.012118,2.109053
26.376290,-16.066994,2.092300
26.369140,-16.121870,2.075546
26.361990,-16.176747,2.058793
26.354840,-16.231623,2.075546
26.347690,-16.286499,2.092300
26.340540,-16.341376,2.109053
26.338589,-16.398405,2.125806
26.338589,-16.456243,2.127125
26.338589,-16.514081,2.125806
26.337729,-16.571563,2.109053
26.331026,-16.626625,2.092300
26.323876,-16.681501,2.075546
26.316726,-16.736378,2.058793
26.309576,-16.791254,2.075546
26.302426,-16.846130,2.092300
26.295276,-16.901007,2.109053
26.288986,-16.956239,2.125806
26.288539,-17.013892,2.127125
26.288539,-17.071730,2.125806
26.286962,-17.128915,2.109053
26.279812,-17.183791,2.092300
26.272662,-17.238668,2.075546
26.265512,-17.293544,2.058793
26.258362,-17.348420,2.075546
26.251212,-17.403297,2.092300
26.244062,-17.458173,2.109053
26.238489,-17.513703,2.127125
26.238489,-17.571541,2.127125
26.238489,-17.629379,2.125806
26.236195,-17.686266,2.109053
26.229045,-17.741143,2.092300
26.221895,-17.796019,2.075546
26.214745,-17.850895,2.058793
26.207595,-17.905772,2.075546
26.200445,-17.960648,2.092300
26.193295,-18.015525,2.125806
26.188439,-18.071351,2.127125
26.188439,-18.129189,2.127125
26.186214,-18.186106,2.125806
26.179064,-18.240982,2.109053
26.171914,-18.295858,2.092300
26.164764,-18.350735,2.075546
26.157614,-18.405611,2.058793
26.150464,-18.460488,2.075546
26.143314,-18.515364,2.109053
26.138389,-18.571162,2.125806
26.138389,-18.629000,2.127125
26.136234,-18.685945,2.127125
26.129084,-18.740822,2.125806
26.121934,-18.795698,2.109053
26.114784,-18.850574,2.092300
26.107634,-18.905451,2.058793
26.100484,-18.960327,2.075546
26.093334,-19.015203,2.109053
26.088339,-19.070972,2.125806
26.088339,-19.128810,2.127125
26.086254,-19.185785,2.127125
26.079104,-19.240661,2.125806
26.071954,-19.295537,2.109053
26.064804,-19.350414,2.092300
26.057654,-19.405290,2.042040
26.050504,-19.460166,2.058793
26.043354,-19.515043,2.092300
26.038289,-19.570783,2.109053
26.037060,-19.628112,2.125806
26.029989,-19.683021,2.127125
26.022839,-19.737897,2.125806
26.015689,-19.792774,2.109053
26.008539,-19.847650,2.042040
26.001389,-19.902526,2.058793
25.994239,-19.957403,2.075546
25.988317,-20.012788,2.092300
25.987866,-20.070439,2.125806
25.981651,-20.125703,2.127125
25.974501,-20.180579,2.127125
25.967351,-20.235456,2.125806
25.960201,-20.290332,2.042040
25.953051,-20.345208,2.042040
25.945901,-20.400085,2.058793
25.939124,-20.455115,2.075546
25.933617,-20.510672,2.092300
25.926467,-20.565549,2.109053
25.919317,-20.620425,2.127125
25.912167,-20.675301,2.042040
25.905017,-20.730178,2.042040
25.897867,-20.785054,2.042040
25.888575,-20.839043,2.058793
25.878847,-20.892852,2.075546
25.871697,-20.947728,2.092300
25.864547,-21.002604,2.109053
25.857397,-21.057481,2.040721
25.850247,-21.112357,2.042040
25.843097,-21.167233,2.042040
25.838089,-21.222997,2.042040
25.836803,-21.280302,2.058793
25.829675,-21.335188,2.075546
25.822525,-21.390064,2.092300
25.815375,-21.444941,2.109053
25.808225,-21.499817,2.040721
25.797950,-21.553399,2.042040
25.783650,-21.605314,2.042040
25.770635,-21.657761,2.058793
25.763464,-21.712628,2.075546
25.752136,-21.765774,2.007215
25.737836,-21.817689,2.040721
25.723536,-21.869604,2.057474
25.712361,-21.922813,1.989142
25.705036,-21.977617,2.005895
25.691869,-22.030001,2.022649
25.677569,-22.081916,2.039402
25.667007,-22.135378,2.056155
25.653574,-22.187652,1.989142
25.639274,-22.239567,2.005895
25.624974,-22.291482,2.022649
25.609355,-22.342850,1.954317
25.593922,-22.394296,1.988351
25.578650,-22.445808,2.022649
25.557975,-22.495082,1.954317
25.542808,-22.546638,1.988351
25.528508,-22.598553,2.022649
25.512183,-22.649629,1.954317
25.492226,-22.699200,1.988351
25.476422,-22.750492,2.022649
25.455945,-22.799848,1.954317
25.440326,-22.851216,1.988351
25.419200,-22.900304,2.039402
25.397287,-22.949065,1.988351
25.371557,-22.996245,2.039402
25.350107,-23.045198,1.988351
25.324377,-23.092379,2.039666
25.298450,-23.139477,2.023176
25.270834,-23.185876,2.074491
25.245103,-23.233056,2.056155
25.216966,-23.279239,2.056155
25.191236,-23.326420,2.074491
25.160508,-23.371530,2.074491
25.129722,-23.416616,2.074491
25.098936,-23.461702,2.058002
25.064980,-23.505475,2.056155
25.029139,-23.548467,2.090980
24.990648,-23.590361,2.092827
24.949751,-23.631259,2.092827
24.908853,-23.672157,2.092827
24.867955,-23.713054,2.092827
24.825127,-23.749291,2.092827
24.782135,-23.785133,2.090980
24.739144,-23.820975,2.074491
24.694979,-23.853985,2.058002
24.649893,-23.884771,2.074491
24.604806,-23.915557,2.023176
24.559720,-23.946343,2.039666
24.516565,-23.981789,2.074491
24.473573,-24.017631,2.056155
24.428829,-24.049241,2.074491
24.384916,-24.082860,2.056155
24.340387,-24.114991,2.039666
24.295301,-24.145777,2.056155
24.248893,-24.173372,2.056155
24.201713,-24.199103,2.039666
24.153427,-24.222164,2.056155
24.105906,-24.247070,2.023176
24.057836,-24.270651,2.039666
24.010098,-24.295037,1.988351
23.962244,-24.319139,1.988351
23.914291,-24.343003,2.039402
23.867111,-24.368734,1.988351
23.821036,-24.397133,2.039402
23.773613,-24.422277,2.056155
23.725229,-24.445100,2.039402
23.678021,-24.470765,2.056155
23.629068,-24.492215,2.039402
23.579115,-24.511250,2.022649
23.527746,-24.526869,2.056155
23.475915,-24.541369,2.039402
23.424789,-24.557574,1.988351
23.375267,-24.577651,2.039402
23.323353,-24.591951,1.988351
23.271438,-24.606251,1.954317
23.219523,-24.620551,2.022649
23.168154,-24.636170,1.988351
23.116240,-24.650470,1.954317
23.063536,-24.662865,1.937564
23.008660,-24.670015,1.989142
22.953783,-24.677165,1.972389
22.901220,-24.689899,1.954317
22.849305,-24.704199,1.937564
22.795839,-24.714754,1.920811
22.740963,-24.721904,1.989142
22.686087,-24.729054,1.972389
22.631210,-24.736204,1.955636
22.577640,-24.746508,1.938883
22.524177,-24.753378,1.922130
22.472263,-24.753378,1.905376
22.420348,-24.753378,1.888623
22.368433,-24.753378,1.871870
22.316518,-24.753378,1.888623
22.264604,-24.753378,1.905376
22.213235,-24.745753,1.922130
22.160556,-24.733299,1.938883
22.105679,-24.726149,1.972389
22.050803,-24.718999,1.904057
21.996121,-24.711380,1.920811
21.943859,-24.697918,1.937564
21.891944,-24.683618,1.954317
21.838177,-24.673790,1.972389
21.783931,-24.665119,1.904057
21.732016,-24.650819,1.920811
21.680101,-24.636519,1.937564
21.627992,-24.622688,1.954317
21.574530,-24.612125,1.920547
21.522615,-24.597825,1.937564
21.471551,-24.581471,1.954317
21.421967,-24.561543,1.920547
21.370687,-24.545710,1.954317
21.321734,-24.524260,1.988351
21.272781,-24.502810,1.971862
21.223507,-24.482136,2.023176
21.174757,-24.460195,2.006687
21.127577,-24.434464,2.056155
21.080706,-24.407988,2.039666
21.034079,-24.380921,2.090980
20.986993,-24.354965,2.074491
20.942326,-24.323167,2.041512
20.899334,-24.287325,2.058002
20.856342,-24.251484,2.074491
20.813350,-24.215642,2.025023
20.770358,-24.179800,2.090980
20.728907,-24.140239,2.092827
20.688009,-24.099342,2.092827
20.647112,-24.058444,2.090980
20.606214,-24.017546,2.074491
20.570372,-23.974555,2.074491
20.534530,-23.931563,2.058002
20.498689,-23.888571,2.041512
20.466749,-23.843963,2.074491
20.435963,-23.798877,2.090980
20.405177,-23.753791,2.056155
20.376465,-23.707846,2.056155
20.348540,-23.661574,2.056155
20.322810,-23.614394,2.023176
20.297080,-23.567214,2.039666
20.268480,-23.521223,2.039666
20.244569,-23.473289,2.056155
20.226501,-23.422935,2.039402
20.208808,-23.372426,1.988351
20.185273,-23.324336,2.039402
20.160320,-23.276834,1.988351
20.139646,-23.227559,2.039402
20.118196,-23.178606,2.022649
20.096746,-23.129653,2.056155
20.075296,-23.080700,2.039402
20.054622,-23.031426,2.056155
20.035257,-22.981609,2.039402
20.020957,-22.929694,2.022649
20.008221,-22.877131,2.005896
19.997402,-22.823775,2.056155
19.983102,-22.771860,2.039402
19.968802,-22.719946,2.022649
19.957119,-22.666947,2.056155
19.945246,-22.614026,2.039402
19.930946,-22.562112,2.022649
19.916646,-22.510197,2.005896
19.906016,-22.456762,2.074227
19.898866,-22.401886,2.057474
19.891716,-22.347009,2.040721
19.882274,-22.293083,2.023968
19.872696,-22.239212,2.007215
19.865546,-22.184335,1.990461
19.858396,-22.129459,1.973708
19.851246,-22.074583,2.042040
19.844096,-22.019706,2.042040
19.836946,-21.964830,2.042040
19.831439,-21.909273,2.040721
19.824947,-21.854124,2.023968
19.817797,-21.799248,2.007215
19.810647,-21.744371,1.990461
19.803497,-21.689495,2.058793
19.796347,-21.634619,2.042040
19.789197,-21.579742,2.042040
19.782696,-21.524597,2.042040
19.782039,-21.467031,2.042040
19.782039,-21.409193,2.042040
19.782039,-21.351355,2.042040
19.782039,-21.293517,2.042040
19.779099,-21.236897,2.042040
19.771949,-21.182021,2.042040
19.764799,-21.127145,2.042040
19.757649,-21.072268,2.042040
19.750499,-21.017392,2.127125
19.743349,-20.962515,2.127125
19.736199,-20.907639,2.127125
19.731989,-20.851545,2.127125
19.731989,-20.793707,2.127125
19.731989,-20.735869,2.127125
19.731989,-20.678031,2.127125
19.731989,-20.620193,2.127125
19.731989,-20.562355,2.127125
19.731989,-20.504517,2.127125
19.731989,-20.446679,2.127125
19.731989,-20.388841,2.127125
19.731989,-20.331003,2.127125
19.731989,-20.273165,2.127125
19.731989,-20.215327,2.127125
19.731989,-20.157489,2.127125
19.731989,-20.099651,2.127125
19.731989,-20.041813,2.127125
19.731989,-19.983975,2.127125
19.731989,-19.926137,2.127125
19.731989,-19.868299,2.127125
19.731989,-19.810461,2.127125
19.731989,-19.752623,2.127125
19.731989,-19.694785,2.127125
19.731989,-19.636947,2.127125
19.731989,-19.579109,2.127125
19.731989,-19.521271,2.127125
19.731989,-19.463433,2.127125
19.731989,-19.405595,2.127125
19.731989,-19.347757,2.127125
19.731989,-19.289919,2.127125
19.731989,-19.232081,2.127125
19.731989,-19.174243,2.127125
19.731989,-19.116405,2.127125
19.731989,-19.058567,2.127125
19.731989,-19.000729,2.127125
19.731989,-18.942891,2.127125
19.731989,-18.885053,2.127125
19.731989,-18.827215,2.127125
19.731989,-18.769377,2.127125
19.731989,-18.711539,2.127125
19.731989,-18.653701,2.127125
19.731989,-18.595863,2.127125
19.731989,-18.538025,2.127125
19.731989,-18.480187,2.127125
19.731989,-18.422349,2.127125
19.731989,-18.364511,2.127125
19.731989,-18.306673,2.127125
19.731989,-18.248835,2.127125
19.731989,-18.190997,2.127125
19.731989,-18.133159,2.127125
19.731989,-18.075321,2.127125
19.731989,-18.017483,2.127125
19.731989,-17.959645,2.127125
19.731989,-17.901807,2.127125
19.731989,-17.843969,2.127125
19.731989,-17.786131,2.127125
19.731989,-17.728293,2.127125
19.731989,-17.670455,2.127125
19.731989,-17.612617,2.127125
19.731989,-17.554779,2.127125
19.731989,-17.496941,2.127125
19.731989,-17.439103,2.127125
19.731989,-17.381265,2.127125
19.731989,-17.323427,2.127125
19.731989,-17.265589,2.127125
19.731989,-17.207751,2.127125
19.731989,-17.149913,2.127125
19.731989,-17.092075,2.127125
19.731989,-17.034237,2.127125
19.731989,-16.976399,2.127125
19.731989,-16.918561,2.127125
19.731989,-16.860723,2.127125
19.731989,-16.802885,2.127125
19.731989,-16.745047,2.127125
19.731989,-16.687209,2.127125
19.731989,-16.629371,2.127125
19.731989,-16.571533,2.127125
19.731989,-16.513695,2.127125
19.731989,-16.455857,2.127125
19.731989,-16.398019,2.127125
19.731989,-16.340181,2.127125
19.731989,-16.282343,2.127125
19.731989,-16.224505,2.127125
19.731989,-16.166667,2.127125
19.731989,-16.108829,2.127125
19.731989,-16.050991,2.127125
19.731989,-15.993153,2.127125
19.731989,-15.935315,2.127125
19.731989,-15.877477,2.127125
19.731989,-15.819639,2.127125
19.731989,-15.761801,2.127125
19.731989,-15.703963,2.127125
19.731989,-15.646125,2.127125
19.731989,-15.588287,2.127125
19.731989,-15.530449,2.127125
19.731989,-15.472611,2.127125
19.731989,-15.414773,2.127125
19.731989,-15.356935,2.127125
19.731989,-15.299097,2.127125
19.731989,-15.241259,2.127125
19.731989,-15.183421,2.127125
19.731989,-15.125583,2.127125
19.731989,-15.067745,2.127125
19.731989,-15.009907,2.127125
19.731989,-14.952069,2.127125
19.731989,-14.894232,2.127125
19.731989,-14.836394,2.127125
19.731989,-14.778556,2.127125
19.731989,-14.720718,2.127125
19.731989,-14.662880,2.127125
19.731989,-14.605042,2.127125
19.730889,-14.547659,2.127125
19.723948,-14.492696,2.127125
19.716798,-14.437820,2.127125
19.709648,-14.382943,2.127125
19.702498,-14.328067,2.042040
19.695348,-14.273191,2.042040
19.688198,-14.218314,2.042040
19.682147,-14.162983,2.042040
19.681939,-14.105231,2.042040
19.681939,-14.047393,2.042040
19.681939,-13.989555,2.042040
19.681939,-13.931717,2.042040
19.681939,-13.873879,2.042040
19.681939,-13.816041,2.042040
19.681939,-13.758203,2.042040
19.681939,-13.700365,2.042040
19.681939,-13.642527,2.042040
19.681939,-13.584689,2.042040
19.681939,-13.526851,2.042040
19.681939,-13.469013,2.042040
19.681939,-13.411175,2.042040
19.681939,-13.353337,2.042040
19.681939,-13.295499,2.042040
19.681939,-13.237661,2.042040
19.681939,-13.179823,2.042040
19.681939,-13.121985,2.042040
19.677647,-13.065925,2.042040
19.670497,-13.011048,2.058793
19.663347,-12.956172,2.092300
19.656197,-12.901296,2.023968
19.649047,-12.846419,2.040721
19.641897,-12.791543,2.042040
19.634747,-12.736667,2.042040
19.631889,-12.680013,2.042040
19.631889,-12.622175,2.042040
19.631889,-12.564337,2.042040
19.631889,-12.506499,2.042040
19.631889,-12.448661,2.042040
19.631889,-12.390823,2.042040
19.629575,-12.333943,2.042040
19.622425,-12.279066,2.058793
19.615275,-12.224190,2.075546
19.608125,-12.169314,2.092300
19.600975,-12.114437,2.023968
19.593825,-12.059561,2.040721
19.581736,-12.006730,2.042040
19.569749,-11.953858,2.042040
19.562599,-11.898981,2.042040
19.555449,-11.844105,1.973708
19.548299,-11.789228,1.990461
19.541149,-11.734352,2.007215
19.533999,-11.679476,2.023968
19.531789,-11.622553,2.040721
19.531789,-11.564715,2.042040
19.526919,-11.508895,2.058793
19.519769,-11.454018,2.092300
19.512619,-11.399142,2.109053
19.505389,-11.344298,2.040721
19.492317,-11.291875,2.042040
19.478017,-11.239960,2.058793
19.463717,-11.188046,2.075546
19.454286,-11.134114,2.007215
19.447136,-11.079238,2.023968
19.439986,-11.024361,2.040721
19.429424,-10.970898,2.057474
19.421046,-10.916531,2.074227
19.413896,-10.861654,2.090980
19.406746,-10.806778,2.107734
19.399596,-10.751901,2.056155
19.387114,-10.699234,2.074227
19.372814,-10.647319,2.090980
19.362007,-10.593957,2.107734
19.354315,-10.539306,2.039402
19.340780,-10.487074,2.056155
19.326480,-10.435159,2.090980
19.311372,-10.383579,2.107734
19.295754,-10.332210,2.039402
19.281454,-10.280296,2.056155
19.267154,-10.228381,2.090980
19.251535,-10.177012,2.022649
19.236470,-10.125415,2.039402
19.222170,-10.073500,2.056155
19.208678,-10.021251,2.090980
19.198115,-9.967788,2.022649
19.183815,-9.915873,2.039402
19.169515,-9.863958,2.056155
19.157075,-9.811273,2.107470
19.145960,-9.758039,2.039402
19.131660,-9.706125,2.056155
19.113914,-9.655637,2.107470
19.095378,-9.605477,2.039402
19.081078,-9.553562,2.107470
19.063067,-9.503185,2.056155
19.041617,-9.454232,2.056155
19.020942,-9.404957,2.056155
18.999492,-9.356004,2.022649
18.981487,-9.305624,2.039402
18.963731,-9.255141,2.056155
18.942281,-9.206188,2.022649
18.921607,-9.156913,2.039402
18.900157,-9.107960,1.988351
18.881897,-9.057686,2.022649
18.864396,-9.007097,2.039402
18.842946,-8.958144,1.988351
18.824952,-8.907759,2.039402
18.807185,-8.857281,2.056155
18.788670,-8.807112,2.039402
18.774370,-8.755197,2.056155
18.756337,-8.704828,2.107470
18.738088,-8.654549,2.039402
18.720576,-8.603965,2.056155
18.699126,-8.555012,2.039402
18.678451,-8.505738,2.056155
18.657001,-8.456785,2.056155
18.635551,-8.407831,2.039402
18.614877,-8.358557,2.056155
18.593427,-8.309604,2.039402
18.572753,-8.260330,2.056155
18.551303,-8.211376,2.039402
18.532544,-8.161308,2.056155
18.515541,-8.110513,2.107470
18.494091,-8.061560,2.039402
18.473417,-8.012286,2.056155
18.451967,-7.963333,2.039402
18.431293,-7.914058,2.056155
18.409843,-7.865105,2.056155
18.388393,-7.816152,2.039402
18.367718,-7.766878,2.056155
18.346268,-7.717924,2.039402
18.325594,-7.668650,2.056155
18.304144,-7.619697,2.039402
18.284355,-7.570056,2.056155
18.268383,-7.518834,2.107470
18.246933,-7.469881,2.039402
18.226258,-7.420606,2.056155
18.204964,-7.371589,2.039402
18.184290,-7.322314,2.056155
18.163517,-7.273081,2.107470
18.142067,-7.224128,2.039402
18.122289,-7.174482,2.056155
18.106306,-7.123264,2.056155
18.086007,-7.073834,2.039402
18.070389,-7.022466,2.056155
18.049714,-6.973191,2.039402
18.034737,-6.921557,2.056155
18.019009,-6.870234,2.107470
17.997559,-6.821281,2.039402
17.977792,-6.771630,2.056155
17.961798,-6.720417,2.056155
17.941510,-6.670983,2.039402
17.925892,-6.619614,2.056155
17.904576,-6.570606,2.039402
17.884554,-6.521061,2.056155
17.868815,-6.469742,2.107470
17.847365,-6.420789,2.039402
17.826690,-6.371515,2.056155
17.805629,-6.322401,2.056155
17.784954,-6.273126,2.039402
17.764280,-6.223852,2.056155
17.742830,-6.174899,2.039402
17.722156,-6.125625,2.056155
17.701349,-6.076405,2.022649
17.680818,-6.027071,2.039402
17.665199,-5.975703,2.056155
17.644525,-5.926428,2.039402
17.628906,-5.875060,2.056155
17.608355,-5.825734,2.056155
17.587569,-5.776506,2.056155
17.566894,-5.727232,2.056155
17.545444,-5.678279,2.039402
17.519714,-5.631099,2.056155
17.497887,-5.582302,2.039402
17.472156,-5.535122,2.056155
17.446426,-5.487942,2.039402
17.417826,-5.441950,2.056155
17.394957,-5.393585,2.039402
17.369859,-5.346143,2.056155
17.344129,-5.298962,2.039402
17.315529,-5.252971,2.039402
17.289799,-5.205791,1.988351
17.264581,-5.158398,2.039666
17.241832,-5.109983,2.023176
17.213241,-5.063988,2.056155
17.187511,-5.016808,2.039666
17.161780,-4.969628,2.056155
17.135017,-4.922875,2.074491
17.104231,-4.877789,2.058002
17.072933,-4.832916,2.056155
17.037091,-4.789924,2.090980
17.001333,-4.746897,2.092827
16.965491,-4.703906,2.092827
16.929649,-4.660914,2.092827
16.893807,-4.617922,2.092827
16.856268,-4.579028,2.041512
16.818332,-4.541092,2.058002
16.780396,-4.503156,2.092827
16.742377,-4.465254,2.092827
16.699385,-4.429412,2.092827
16.656393,-4.393570,2.041512
16.613402,-4.357728,2.092827
16.572107,-4.317789,2.092827
16.530016,-4.279773,2.090980
16.487024,-4.243932,2.074491
16.443054,-4.210451,2.041512
16.397968,-4.179665,2.058002
16.352882,-4.148879,2.056155
16.307796,-4.118093,2.056155
16.262710,-4.087307,2.039666
16.216718,-4.058707,2.039666
16.169538,-4.032976,2.056155
16.123336,-4.004885,2.039402
16.076041,-3.979433,2.056155
16.026766,-3.958759,2.023176
15.977492,-3.938084,2.039666
15.926123,-3.922466,1.988351
15.876854,-3.901779,1.954317
15.827570,-3.881128,2.022649
15.775866,-3.866319,1.988351
15.724613,-3.850423,1.954317
15.675218,-3.830037,2.022649
15.623404,-3.815494,1.988351
15.571264,-3.801738,1.954317
15.516704,-3.793825,2.022649
15.463251,-3.783239,2.005895
15.411336,-3.768939,1.988351
15.358760,-3.756235,1.954317
15.303884,-3.749085,1.937564
15.249008,-3.741935,1.989142
15.194222,-3.734566,1.972389
15.141857,-3.721354,1.955636
15.088519,-3.710490,1.938883
15.033642,-3.703340,1.922130
14.978766,-3.696190,1.990461
14.923890,-3.689040,1.973708
14.869013,-3.681890,1.956955
14.815551,-3.671327,1.956955
14.761125,-3.663089,1.956955
14.706248,-3.655939,1.956955
14.651372,-3.648789,2.042040
14.596496,-3.641639,2.042040
14.541619,-3.634489,2.042040
14.486743,-3.627339,2.042040
14.430362,-3.623821,2.042040
14.373674,-3.626597,2.042040
14.318798,-3.633747,2.042040
14.263921,-3.640897,2.042040
14.209045,-3.648047,2.042040
14.154168,-3.655197,1.956955
14.099292,-3.662347,1.973708
14.044416,-3.669497,1.990461
13.988390,-3.673871,2.007215
13.930552,-3.673871,2.023968
13.873835,-3.676577,2.040721
13.818958,-3.683727,2.042040
13.764082,-3.690877,2.058793
13.709205,-3.698027,2.075546
13.654329,-3.705177,2.007215
13.599453,-3.712327,2.040721
13.544576,-3.719477,2.057474
13.488579,-3.723921,2.074227
13.431507,-3.725771,2.090980
13.376631,-3.732921,2.107734
13.321755,-3.740071,2.124487
13.266878,-3.747221,2.107734
13.212002,-3.754371,2.074227
13.158654,-3.765210,2.090980
13.106739,-3.779510,2.107734
13.054058,-3.791960,2.124487
12.999181,-3.799110,2.090980
12.946269,-3.811002,2.107734
12.894354,-3.825302,2.124487
12.842440,-3.839602,2.107734
12.788997,-3.850213,2.074227
12.734426,-3.858101,2.090980
12.682276,-3.871832,2.107734
12.630361,-3.886132,2.107734
12.576482,-3.895691,2.090980
12.521606,-3.902841,2.090980
12.467798,-3.912569,2.107734
12.415883,-3.926869,2.124487
12.363662,-3.940430,2.107734
12.309021,-3.948149,2.090980
12.255649,-3.958929,2.107734
12.203734,-3.973229,2.124487
12.151819,-3.987529,2.107734
12.098837,-3.999252,2.090980
12.043961,-4.006402,2.107734
11.991350,-4.019021,2.107734
11.939435,-4.033321,2.090980
11.886017,-4.043991,2.074227
11.833516,-4.056877,2.107734
11.781601,-4.071177,2.124487
11.729687,-4.085477,2.107734
11.677772,-4.099777,2.074227
11.624309,-4.110339,2.090980
11.572394,-4.124639,2.107734
11.520480,-4.138939,2.107734
11.466189,-4.147504,2.090980
11.412466,-4.157439,2.090980
11.360552,-4.171739,2.107734
11.308637,-4.186039,2.124487
11.256004,-4.198606,2.107734
11.201128,-4.205756,2.090980
11.148167,-4.217531,2.124487
11.096253,-4.231831,2.107734
11.043184,-4.243346,2.090980
10.988308,-4.250496,2.090980
10.935783,-4.263323,2.107734
10.883868,-4.277623,2.107734
10.831953,-4.291923,2.090980
10.778491,-4.302486,2.090980
10.726402,-4.316366,2.107734
10.674487,-4.330666,2.124487
10.622572,-4.344966,2.107734
10.568306,-4.353588,2.090980
10.514559,-4.363465,2.107734
10.462644,-4.377765,2.124487
10.410362,-4.391178,2.107734
10.355660,-4.398748,2.090980
10.302349,-4.409677,2.090980
10.250434,-4.423977,2.107734
10.198519,-4.438277,2.107734
10.145475,-4.449850,2.090980
10.092600,-4.461832,2.107734
10.040686,-4.476132,2.107734
9.988771,-4.490432,2.090980
9.935291,-4.500953,2.090980
9.880758,-4.508932,2.107734
9.828645,-4.522753,2.124487
9.776730,-4.537053,2.107734
9.722814,-4.546521,2.090980
9.668717,-4.555553,2.090980
9.616802,-4.569853,2.107734
9.564887,-4.584153,2.107734
9.512629,-4.597624,2.090980
9.459166,-4.608187,2.090980
9.407252,-4.622487,2.107734
9.355337,-4.636787,2.107734
9.302643,-4.649205,2.090980
9.247766,-4.656355,2.090980
9.194867,-4.668279,2.107734
9.142953,-4.682579,2.090980
9.089822,-4.693944,2.074227
9.034946,-4.701094,2.107734
8.982483,-4.714071,2.124487
8.930568,-4.728371,2.107734
8.878653,-4.742671,2.090980
8.825191,-4.753233,2.090980
8.773164,-4.767262,2.107734
8.721249,-4.781562,2.107734
8.669334,-4.795862,2.090980
8.615871,-4.806425,2.090980
8.563957,-4.820725,2.107734
8.512042,-4.835025,2.107734
8.459698,-4.848289,2.090980
8.404934,-4.855710,2.090980
8.351685,-4.866788,2.107734
8.299770,-4.881088,2.107734
8.246990,-4.893299,2.090980
8.192114,-4.900449,2.107734
8.139300,-4.912580,2.124487
8.087386,-4.926880,2.107734
8.035471,-4.941180,2.090980
7.982008,-4.951743,2.090980
7.929631,-4.964926,2.107734
7.877716,-4.979226,2.107734
7.825801,-4.993526,2.090980
7.772339,-5.004089,2.090980
7.720397,-5.018325,2.107734
7.668483,-5.032625,2.107734
7.616489,-5.046734,2.090980
7.562075,-5.055001,2.090980
7.508476,-5.065234,2.107734
7.456561,-5.079534,2.107734
7.404131,-5.092590,2.090980
7.349281,-5.099804,2.074227
7.296118,-5.111089,2.107734
7.244203,-5.125389,2.107734
7.192288,-5.139689,2.090980
7.139097,-5.150907,2.090980
7.086369,-5.163245,2.107734
7.034454,-5.177545,2.107734
6.982540,-5.191845,2.090980
6.928912,-5.202009,2.090980
6.874526,-5.210344,2.107734
6.822561,-5.224522,2.124487
6.770646,-5.238822,2.107734
6.716583,-5.247934,2.090980
6.661706,-5.255084,2.090980
6.608083,-5.265258,2.107734
6.556168,-5.279558,2.107734
6.503762,-5.292673,2.090980
6.448937,-5.299945,2.074227
6.395749,-5.311172,2.107734
6.343834,-5.325472,2.124487
6.291919,-5.339772,2.090980
6.238752,-5.351048,2.090980
6.183906,-5.358272,2.107734
6.131480,-5.371338,2.124487
6.079566,-5.385638,2.107734
6.025962,-5.395861,2.090980
5.971552,-5.404138,2.107734
5.919563,-5.418257,2.124487
5.867648,-5.432557,2.107734
5.815703,-5.446783,2.090980
5.761337,-5.455166,2.090980
5.707689,-5.465282,2.107734
5.655775,-5.479582,2.124487
5.603393,-5.492756,2.107734
5.548592,-5.500087,2.090980
5.495380,-5.511255,2.090980
5.443465,-5.525555,2.107734
5.391551,-5.539855,2.107734
5.338407,-5.551189,2.090980
5.283537,-5.558355,2.107734
5.231087,-5.571363,2.124487
5.179173,-5.585663,2.107734
5.125593,-5.595944,2.090980
5.071159,-5.604162,2.090980
5.019145,-5.618222,2.107734
4.967231,-5.632522,2.124487
4.915310,-5.646807,2.107734
4.861847,-5.657370,2.090980
4.809932,-5.671670,2.107734
4.758017,-5.685970,2.124487
4.705660,-5.699202,2.107734
4.650883,-5.706592,2.074227
4.597647,-5.717701,2.090980
4.545732,-5.732001,2.107734
4.492939,-5.744181,2.107734
4.438063,-5.751331,2.090980
4.385263,-5.763493,2.107734
4.333348,-5.777793,2.107734
4.281433,-5.792093,2.090980
4.227970,-5.802656,2.090980
4.175606,-5.815871,2.107734
4.123692,-5.830171,2.107470
4.071979,-5.844960,2.056155
4.020611,-5.860579,2.090980
3.968696,-5.874879,2.107734
3.917094,-5.889933,2.090980
3.867819,-5.910607,2.056155
3.816354,-5.925992,2.107470
3.764862,-5.941313,2.107470
3.715588,-5.961987,2.056155
3.664012,-5.977106,2.090980
3.612097,-5.991406,2.107470
3.560729,-6.007025,2.039402
3.509043,-6.021877,2.056155
3.457771,-6.037730,2.107470
3.408395,-6.058159,2.039402
3.356600,-6.072746,2.056155
3.304685,-6.087046,2.107470
3.253849,-6.103951,2.039402
3.204037,-6.123328,2.056155
3.152123,-6.137628,2.107470
3.100754,-6.153247,2.039402
3.048839,-6.167547,2.056155
2.996924,-6.181847,2.107470
2.946309,-6.199284,2.056155
2.896277,-6.218129,2.056155
2.844362,-6.232429,2.107470
2.793857,-6.250131,2.056155
2.743715,-6.268711,2.056155
2.692994,-6.285893,2.107470
2.644041,-6.307343,2.039402
2.593788,-6.325656,2.056155
2.543177,-6.343104,2.056155
2.494224,-6.364554,2.056155
2.443862,-6.382601,2.107470
2.393361,-6.400315,2.056155
2.343214,-6.418883,2.056155
2.292498,-6.436076,2.056155
2.243545,-6.457526,2.039402
2.193288,-6.475828,2.056155
2.142681,-6.493287,2.056155
2.093728,-6.514737,2.056155
2.044454,-6.535411,2.056155
1.995501,-6.556861,2.039402
1.945349,-6.575418,2.056155
1.894637,-6.592622,2.056155
1.845684,-6.614072,2.056155
1.796410,-6.634747,2.056155
1.747457,-6.656197,2.056155
1.698182,-6.676871,2.107470
1.649229,-6.698321,2.056155
1.600832,-6.721113,2.056155
1.553638,-6.746809,2.056155
1.505025,-6.769080,2.056155
1.457844,-6.794810,2.056155
1.408891,-6.816260,2.056155
1.359617,-6.836934,2.107470
1.310572,-6.858164,2.039402
1.261298,-6.878838,2.056155
1.212038,-6.899547,2.056155
1.162763,-6.920221,2.056155
1.113489,-6.940896,2.056155
1.064536,-6.962346,2.056155
1.017356,-6.988076,2.056155
0.968494,-7.009747,2.056155
0.921314,-7.035477,2.056155
0.872668,-7.057668,2.039402
0.823696,-7.079073,2.056155
0.774421,-7.099747,2.056155
0.725468,-7.121197,2.056155
0.676194,-7.141871,2.056155
0.627241,-7.163321,2.056155
0.577966,-7.183996,2.056155
0.529013,-7.205446,2.056155
0.481531,-7.230446,2.056155
0.433422,-7.253933,2.056155
0.385723,-7.278413,2.056155
0.337830,-7.302421,2.056155
0.289916,-7.326380,2.039402
0.242238,-7.350909,2.056155
0.194108,-7.374346,2.039402
0.146646,-7.399396,2.056155
0.097693,-7.420846,2.039402
0.048419,-7.441521,2.056155
-0.000534,-7.462971,2.039402
-0.049809,-7.483645,2.056155
-0.098762,-7.505095,2.039402
-0.148036,-7.525770,2.056155
-0.197029,-7.547124,2.056155
-0.245695,-7.569265,2.056155
-0.292876,-7.594996,2.056155
-0.341758,-7.616616,2.056155
-0.388938,-7.642346,2.056155
-0.437891,-7.663796,2.039402
-0.487166,-7.684471,2.056155
-0.536440,-7.705145,2.039402
-0.583620,-7.730875,2.056155
-0.632318,-7.752942,2.039402
-0.681342,-7.774221,2.056155
-0.730616,-7.794895,2.039402
-0.779570,-7.816345,2.056155
-0.826750,-7.842076,2.039402
-0.875342,-7.864397,2.056155
-0.924616,-7.885071,2.056155
-0.973570,-7.906521,2.039402
-1.021000,-7.931646,2.056155
-1.069161,-7.955009,2.039402
-1.116808,-7.979613,2.056155
-1.164753,-8.003496,2.039402
-1.213706,-8.024946,2.039402
-1.262981,-8.045621,2.056155
-1.311934,-8.067071,2.039402
-1.361208,-8.087745,2.056155
-1.410161,-8.109195,2.039402
-1.459436,-8.129869,2.056155
-1.508389,-8.151319,2.039402
-1.556572,-8.174627,2.056155
-1.603980,-8.199807,2.039402
-1.652380,-8.222594,2.056155
-1.699572,-8.248295,2.039402
-1.748187,-8.270561,2.056155
-1.795367,-8.296291,2.039402
-1.844198,-8.318037,2.056155
-1.891378,-8.343767,2.039402
-1.940331,-8.365217,2.056155
-1.987511,-8.390947,2.039402
-2.036465,-8.412397,2.056155
-2.083645,-8.438128,2.039402
-2.132394,-8.460069,2.056155
-2.179575,-8.485799,2.039402
-2.228109,-8.508261,2.056155
-2.275382,-8.533766,2.039402
-2.323700,-8.556748,2.056155
-2.371190,-8.581733,2.039402
-2.419292,-8.605236,2.056155
-2.466997,-8.629700,2.039402
-2.514884,-8.653724,2.039402
-2.562804,-8.677667,2.056155
-2.610476,-8.702211,2.039402
-2.658612,-8.725633,2.056155
-2.706067,-8.750699,2.039402
-2.754419,-8.773600,2.056155
-2.801659,-8.799187,2.056155
-2.850227,-8.821567,2.056155
-2.897407,-8.847297,2.056155
-2.946190,-8.869157,2.039402
-2.993371,-8.894887,2.056155
-3.042324,-8.916337,2.039402
-3.089504,-8.942067,2.056155
-3.138457,-8.963517,2.039402
-3.187731,-8.984192,2.056155
-3.237006,-9.004866,2.039402
-3.286129,-9.025907,2.056155
-3.335403,-9.046581,2.039402
-3.384356,-9.068031,2.056155
-3.433630,-9.088705,2.039402
-3.482584,-9.110155,2.056155
-3.529764,-9.135886,2.039402
-3.578239,-9.158488,2.056155
-3.625571,-9.183852,2.039402
-3.673831,-9.206976,2.056155
-3.721379,-9.231819,2.039402
-3.769423,-9.255464,2.056155
-3.817186,-9.279786,2.039402
-3.865015,-9.303951,2.039402
-3.912994,-9.327753,2.056155
-3.960606,-9.352439,2.039402
-4.008801,-9.375720,2.056155
-4.056198,-9.400927,2.039402
-4.104608,-9.423687,2.056155
-4.151790,-9.449414,2.039402
-4.200416,-9.471654,2.056155
-4.247596,-9.497384,2.039402
-4.296438,-9.519103,2.056155
-4.343618,-9.544833,2.039402
-4.392571,-9.566283,2.056155
-4.439751,-9.592013,2.039402
-4.488704,-9.613463,2.056155
-4.535885,-9.639193,2.039402
-4.584623,-9.661161,2.056155
-4.631803,-9.686892,2.039402
-4.680326,-9.709380,2.056155
-4.727611,-9.734859,2.039402
-4.775918,-9.757868,2.056155
-4.823418,-9.782825,2.039402
-4.871510,-9.806356,2.056155
-4.919226,-9.830792,2.039402
-4.967102,-9.854843,2.039402
-5.015033,-9.878759,2.056155
-5.062693,-9.903331,2.056155
-5.110841,-9.926726,2.056155
-5.158285,-9.951819,2.056155
-5.206648,-9.974693,2.056155
-5.253877,-10.000306,2.056155
-5.302456,-10.022660,2.056155
-5.349636,-10.048390,2.056155
-5.398430,-10.070223,2.056155
-5.445611,-10.095953,2.056155
-5.494564,-10.117403,2.056155
-5.541744,-10.143133,2.056155
-5.590697,-10.164583,2.039402
-5.637877,-10.190314,2.056155
-5.686663,-10.212167,2.039402
-5.733843,-10.237898,2.056155
-5.782413,-10.260272,2.039402
-5.831366,-10.281722,2.056155
-5.880641,-10.302397,2.039402
-5.929594,-10.323847,2.056155
-5.978868,-10.344521,2.039402
-6.027821,-10.365971,2.056155
-6.077096,-10.386645,2.039402
-6.126049,-10.408095,2.056155
-6.173607,-10.432912,2.039402
-6.221641,-10.456583,2.056155
-6.269415,-10.480879,2.039402
-6.317232,-10.505071,2.039402
-6.365222,-10.528846,2.056155
-6.412824,-10.553558,2.039402
-6.461030,-10.576813,2.056155
-6.508416,-10.602046,2.039402
-6.556837,-10.624780,2.056155
-6.604017,-10.650510,2.039402
-6.650560,-10.677778,2.056155
-6.697515,-10.704053,2.039402
-6.744274,-10.730801,2.056155
-6.791013,-10.757597,2.039402
-6.837987,-10.783824,2.056155
-6.884510,-10.811140,2.039402
-6.933453,-10.832614,2.056155
-6.982728,-10.853289,2.023176
-7.031681,-10.874739,2.039666
-7.080955,-10.895413,1.988351
-7.128577,-10.920078,2.039402
-7.176547,-10.943901,1.988351
-7.224384,-10.968045,2.039402
-7.270376,-10.996645,1.988351
-7.317556,-11.022375,2.056155
-7.363547,-11.050975,2.039402
-7.410728,-11.076705,2.056155
-7.457908,-11.102435,2.039402
-7.504298,-11.130073,2.056155
-7.551405,-11.155979,2.039402
-7.598011,-11.183095,2.056155
-7.644903,-11.209522,2.039402
-7.691724,-11.236118,2.056155
-7.738400,-11.263066,2.039666
-7.785581,-11.288796,2.056155
-7.834135,-11.311209,2.056155
-7.881388,-11.336763,2.039666
-7.928568,-11.362493,2.056155
-7.974560,-11.391093,2.039402
-8.021740,-11.416823,2.056155
-8.067731,-11.445423,2.056155
-8.114912,-11.471153,2.039402
-8.160903,-11.499753,2.056155
-8.208083,-11.525484,2.039666
-8.255263,-11.551214,2.056155
-8.303921,-11.573378,2.056155
-8.351101,-11.599108,2.039666
-8.397880,-11.625807,2.056155
-8.444599,-11.652651,2.039402
-8.491593,-11.678829,2.056155
-8.538096,-11.706195,2.039402
-8.585276,-11.731925,2.056155
-8.631564,-11.759811,2.056155
-8.678744,-11.785541,2.039666
-8.725924,-11.811272,2.056155
-8.771915,-11.839872,2.039402
-8.819096,-11.865602,2.039666
-8.864859,-11.894752,2.056155
-8.909945,-11.925539,2.056155
-8.955924,-11.954168,2.039666
-9.001010,-11.984954,2.056155
-9.047987,-12.011175,2.039666
-9.094723,-12.037977,2.056155
-9.139809,-12.068763,2.056155
-9.186029,-12.096812,2.039666
-9.233209,-12.122543,2.056155
-9.278295,-12.153329,2.023176
-9.323758,-12.183206,2.039666
-9.369047,-12.213501,2.039402
-9.414133,-12.244287,2.056155
-9.459219,-12.275073,2.039666
-9.505210,-12.303673,2.056155
-9.550296,-12.334459,2.056155
-9.595382,-12.365245,2.039666
-9.641374,-12.393845,2.056155
-9.686460,-12.424631,2.056155
-9.731546,-12.455417,2.039666
-9.777156,-12.484937,2.056155
-9.822298,-12.515590,2.023176
-9.867692,-12.545631,2.074491
-9.914872,-12.571361,2.056155
-9.960546,-12.600279,2.056155
-10.000576,-12.633159,2.090980
-10.040607,-12.666039,2.056155
-10.082410,-12.694639,2.056155
-10.124534,-12.722463,2.074491
-10.166350,-12.751033,2.074491
-10.206380,-12.783913,2.074491
-10.246635,-12.816701,2.058002
-10.291721,-12.847487,2.056155
-10.337590,-12.876383,2.074491
-10.382472,-12.907659,2.023176
-10.425464,-12.943501,2.025023
-10.468456,-12.979343,2.074491
-10.511448,-13.015185,2.058002
-10.554440,-13.051027,2.058002
-10.597432,-13.086868,2.074491
-10.639641,-13.124600,2.090980
-10.680538,-13.165498,2.092827
-10.721436,-13.206395,2.092827
-10.762333,-13.247293,2.092827
-10.804847,-13.284289,2.092827
-10.847839,-13.320131,2.092827
-10.887450,-13.357373,2.058002
-10.925386,-13.395309,2.074491
-10.963322,-13.433245,2.092827
-11.001258,-13.471181,2.092827
-11.039194,-13.509117,2.092827
-11.075514,-13.550955,2.092827
-11.111356,-13.593947,2.092827
-11.150578,-13.635538,2.092827
-11.191476,-13.676436,2.092827
-11.232374,-13.717333,2.092827
-11.273271,-13.758231,2.092827
-11.314169,-13.799129,2.092827
-11.350981,-13.841719,2.092827
-11.386823,-13.884710,2.092827
-11.422665,-13.927702,2.025023
-11.458507,-13.970694,2.041512
-11.494349,-14.013686,2.058002
-11.530190,-14.056678,2.056155
-11.560976,-14.101764,2.074491
-11.595848,-14.145157,2.090980
-11.631690,-14.188149,2.074491
-11.663875,-14.232656,2.041512
-11.694661,-14.277742,2.058002
-11.725447,-14.322828,2.074491
-11.756233,-14.367914,2.023176
-11.792075,-14.410906,2.039666
-11.827917,-14.453897,2.039666
-11.858703,-14.498983,2.056155
-11.893145,-14.542555,2.056155
-11.924452,-14.587425,2.039666
-11.955238,-14.632511,2.056155
